2026-01-07 14:45:57,578 - INFO - 日志文件保存位置: G:\Navigation_Learn\GNSS\RTKLIB-b34k\batch_process\log\batch_process_20260107_144557.log
2026-01-07 14:45:57,579 - INFO - 批处理任务开始执行
2026-01-07 14:45:57,579 - INFO - 当前工作目录 (Data Root): G:\Navigation_Learn\GNSS\RTKLIB-b34k\data\GNSS_INS
2026-01-07 14:45:57,579 - INFO - 解算程序路径 (EXE Path):  G:\Navigation_Learn\GNSS\RTKLIB-b34k\build\Bin\GINSLIB.exe
2026-01-07 14:45:57,579 - INFO - ------------------------------------------------------------
2026-01-07 14:45:57,580 - INFO - 共 41 个数据任务，开始批处理...
2026-01-07 14:45:57,580 - INFO - 第 38 个任务: MG300_Uav_open_20220524_2
2026-01-07 14:45:57,580 - INFO - - 路径: G:\Navigation_Learn\GNSS\RTKLIB-b34k\data\GNSS_INS\MG300_Uav_open_20220524_2
2026-01-07 14:45:57,581 - INFO - - 配置: MG300_Uav_open_20220524_2.conf
2026-01-07 14:46:00,073 - INFO - [GINSLIB] processing : 2022/05/24 04:28:21 Q=0
2026-01-07 14:46:00,073 - INFO - [GINSLIB] processing : 2022/05/24 04:28:21 Q=5
2026-01-07 14:46:00,073 - INFO - [GINSLIB] processing : 2022/05/24 04:28:22 Q=5
2026-01-07 14:46:00,073 - INFO - [GINSLIB] processing : 2022/05/24 04:28:23 Q=5
2026-01-07 14:46:00,073 - INFO - [GINSLIB] processing : 2022/05/24 04:28:24 Q=5
2026-01-07 14:46:00,073 - INFO - [GINSLIB] processing : 2022/05/24 04:28:25 Q=5
2026-01-07 14:46:00,074 - INFO - [GINSLIB] processing : 2022/05/24 04:28:26 Q=5
2026-01-07 14:46:00,074 - INFO - [GINSLIB] processing : 2022/05/24 04:28:27 Q=5
2026-01-07 14:46:00,074 - INFO - [GINSLIB] processing : 2022/05/24 04:28:28 Q=5
2026-01-07 14:46:00,074 - INFO - [GINSLIB] processing : 2022/05/24 04:28:29 Q=5
2026-01-07 14:46:00,074 - INFO - [GINSLIB] processing : 2022/05/24 04:28:30 Q=5
2026-01-07 14:46:00,074 - INFO - [GINSLIB] processing : 2022/05/24 04:28:31 Q=5
2026-01-07 14:46:00,075 - INFO - [GINSLIB] processing : 2022/05/24 04:28:32 Q=5
2026-01-07 14:46:00,075 - INFO - [GINSLIB] processing : 2022/05/24 04:28:33 Q=5
2026-01-07 14:46:00,075 - INFO - [GINSLIB] processing : 2022/05/24 04:28:34 Q=5
2026-01-07 14:46:00,075 - INFO - [GINSLIB] processing : 2022/05/24 04:28:35 Q=5
2026-01-07 14:46:00,075 - INFO - [GINSLIB] processing : 2022/05/24 04:28:36 Q=5
2026-01-07 14:46:00,075 - INFO - [GINSLIB] processing : 2022/05/24 04:28:37 Q=5
2026-01-07 14:46:00,075 - INFO - [GINSLIB] processing : 2022/05/24 04:28:38 Q=5
2026-01-07 14:46:00,076 - INFO - [GINSLIB] processing : 2022/05/24 04:28:39 Q=5
2026-01-07 14:46:00,076 - INFO - [GINSLIB] processing : 2022/05/24 04:28:40 Q=5
2026-01-07 14:46:00,076 - INFO - [GINSLIB] processing : 2022/05/24 04:28:41 Q=5
2026-01-07 14:46:00,076 - INFO - [GINSLIB] processing : 2022/05/24 04:28:42 Q=5
2026-01-07 14:46:00,076 - INFO - [GINSLIB] processing : 2022/05/24 04:28:43 Q=5
2026-01-07 14:46:00,169 - INFO - [GINSLIB] processing : 2022/05/24 04:28:44 Q=5
2026-01-07 14:46:00,169 - INFO - [GINSLIB] processing : 2022/05/24 04:28:45 Q=5
2026-01-07 14:46:00,169 - INFO - [GINSLIB] processing : 2022/05/24 04:28:46 Q=5
2026-01-07 14:46:00,169 - INFO - [GINSLIB] processing : 2022/05/24 04:28:47 Q=5
2026-01-07 14:46:00,169 - INFO - [GINSLIB] processing : 2022/05/24 04:28:48 Q=5
2026-01-07 14:46:00,170 - INFO - [GINSLIB] processing : 2022/05/24 04:28:49 Q=5
2026-01-07 14:46:00,170 - INFO - [GINSLIB] processing : 2022/05/24 04:28:50 Q=5
2026-01-07 14:46:00,170 - INFO - [GINSLIB] processing : 2022/05/24 04:28:51 Q=5
2026-01-07 14:46:00,170 - INFO - [GINSLIB] processing : 2022/05/24 04:28:52 Q=5
2026-01-07 14:46:00,171 - INFO - [GINSLIB] processing : 2022/05/24 04:28:53 Q=5
2026-01-07 14:46:00,171 - INFO - [GINSLIB] processing : 2022/05/24 04:28:54 Q=5
2026-01-07 14:46:00,171 - INFO - [GINSLIB] processing : 2022/05/24 04:28:55 Q=5
2026-01-07 14:46:00,171 - INFO - [GINSLIB] processing : 2022/05/24 04:28:56 Q=5
2026-01-07 14:46:00,171 - INFO - [GINSLIB] processing : 2022/05/24 04:28:57 Q=5
2026-01-07 14:46:00,172 - INFO - [GINSLIB] processing : 2022/05/24 04:28:58 Q=5
2026-01-07 14:46:00,172 - INFO - [GINSLIB] processing : 2022/05/24 04:28:59 Q=5
2026-01-07 14:46:00,172 - INFO - [GINSLIB] processing : 2022/05/24 04:29:00 Q=5
2026-01-07 14:46:00,172 - INFO - [GINSLIB] processing : 2022/05/24 04:29:01 Q=5
2026-01-07 14:46:00,173 - INFO - [GINSLIB] processing : 2022/05/24 04:29:02 Q=5
2026-01-07 14:46:00,173 - INFO - [GINSLIB] processing : 2022/05/24 04:29:03 Q=5
2026-01-07 14:46:00,173 - INFO - [GINSLIB] processing : 2022/05/24 04:29:04 Q=5
2026-01-07 14:46:00,173 - INFO - [GINSLIB] processing : 2022/05/24 04:29:05 Q=5
2026-01-07 14:46:00,260 - INFO - [GINSLIB] processing : 2022/05/24 04:29:06 Q=5
2026-01-07 14:46:00,261 - INFO - [GINSLIB] processing : 2022/05/24 04:29:07 Q=5
2026-01-07 14:46:00,261 - INFO - [GINSLIB] processing : 2022/05/24 04:29:08 Q=5
2026-01-07 14:46:00,261 - INFO - [GINSLIB] processing : 2022/05/24 04:29:09 Q=5
2026-01-07 14:46:00,261 - INFO - [GINSLIB] processing : 2022/05/24 04:29:10 Q=5
2026-01-07 14:46:00,261 - INFO - [GINSLIB] processing : 2022/05/24 04:29:11 Q=5
2026-01-07 14:46:00,261 - INFO - [GINSLIB] processing : 2022/05/24 04:29:12 Q=5
2026-01-07 14:46:00,261 - INFO - [GINSLIB] processing : 2022/05/24 04:29:13 Q=5
2026-01-07 14:46:00,261 - INFO - [GINSLIB] processing : 2022/05/24 04:29:14 Q=5
2026-01-07 14:46:00,262 - INFO - [GINSLIB] processing : 2022/05/24 04:29:15 Q=5
2026-01-07 14:46:00,262 - INFO - [GINSLIB] processing : 2022/05/24 04:29:16 Q=5
2026-01-07 14:46:00,262 - INFO - [GINSLIB] processing : 2022/05/24 04:29:17 Q=5
2026-01-07 14:46:00,262 - INFO - [GINSLIB] processing : 2022/05/24 04:29:18 Q=5
2026-01-07 14:46:00,262 - INFO - [GINSLIB] processing : 2022/05/24 04:29:19 Q=5
2026-01-07 14:46:00,262 - INFO - [GINSLIB] processing : 2022/05/24 04:29:20 Q=5
2026-01-07 14:46:00,262 - INFO - [GINSLIB] processing : 2022/05/24 04:29:21 Q=5
2026-01-07 14:46:00,262 - INFO - [GINSLIB] processing : 2022/05/24 04:29:22 Q=5
2026-01-07 14:46:00,263 - INFO - [GINSLIB] processing : 2022/05/24 04:29:23 Q=5
2026-01-07 14:46:00,263 - INFO - [GINSLIB] processing : 2022/05/24 04:29:24 Q=5
2026-01-07 14:46:00,263 - INFO - [GINSLIB] processing : 2022/05/24 04:29:25 Q=5
2026-01-07 14:46:00,263 - INFO - [GINSLIB] processing : 2022/05/24 04:29:26 Q=5
2026-01-07 14:46:00,263 - INFO - [GINSLIB] processing : 2022/05/24 04:29:27 Q=5
2026-01-07 14:46:00,344 - INFO - [GINSLIB] processing : 2022/05/24 04:29:28 Q=5
2026-01-07 14:46:00,344 - INFO - [GINSLIB] processing : 2022/05/24 04:29:29 Q=5
2026-01-07 14:46:00,344 - INFO - [GINSLIB] processing : 2022/05/24 04:29:30 Q=5
2026-01-07 14:46:00,345 - INFO - [GINSLIB] processing : 2022/05/24 04:29:31 Q=5
2026-01-07 14:46:00,345 - INFO - [GINSLIB] processing : 2022/05/24 04:29:32 Q=5
2026-01-07 14:46:00,345 - INFO - [GINSLIB] processing : 2022/05/24 04:29:33 Q=5
2026-01-07 14:46:00,345 - INFO - [GINSLIB] processing : 2022/05/24 04:29:34 Q=5
2026-01-07 14:46:00,345 - INFO - [GINSLIB] processing : 2022/05/24 04:29:35 Q=5
2026-01-07 14:46:00,345 - INFO - [GINSLIB] processing : 2022/05/24 04:29:36 Q=5
2026-01-07 14:46:00,346 - INFO - [GINSLIB] processing : 2022/05/24 04:29:37 Q=5
2026-01-07 14:46:00,346 - INFO - [GINSLIB] processing : 2022/05/24 04:29:38 Q=5
2026-01-07 14:46:00,346 - INFO - [GINSLIB] processing : 2022/05/24 04:29:39 Q=5
2026-01-07 14:46:00,346 - INFO - [GINSLIB] processing : 2022/05/24 04:29:40 Q=5
2026-01-07 14:46:00,346 - INFO - [GINSLIB] processing : 2022/05/24 04:29:41 Q=5
2026-01-07 14:46:00,346 - INFO - [GINSLIB] processing : 2022/05/24 04:29:42 Q=5
2026-01-07 14:46:00,346 - INFO - [GINSLIB] processing : 2022/05/24 04:29:43 Q=5
2026-01-07 14:46:00,347 - INFO - [GINSLIB] processing : 2022/05/24 04:29:44 Q=5
2026-01-07 14:46:00,347 - INFO - [GINSLIB] processing : 2022/05/24 04:29:45 Q=5
2026-01-07 14:46:00,347 - INFO - [GINSLIB] processing : 2022/05/24 04:29:46 Q=5
2026-01-07 14:46:00,347 - INFO - [GINSLIB] processing : 2022/05/24 04:29:47 Q=5
2026-01-07 14:46:00,347 - INFO - [GINSLIB] processing : 2022/05/24 04:29:48 Q=5
2026-01-07 14:46:00,347 - INFO - [GINSLIB] processing : 2022/05/24 04:29:49 Q=5
2026-01-07 14:46:00,428 - INFO - [GINSLIB] processing : 2022/05/24 04:29:50 Q=5
2026-01-07 14:46:00,428 - INFO - [GINSLIB] processing : 2022/05/24 04:29:51 Q=5
2026-01-07 14:46:00,429 - INFO - [GINSLIB] processing : 2022/05/24 04:29:52 Q=5
2026-01-07 14:46:00,429 - INFO - [GINSLIB] processing : 2022/05/24 04:29:53 Q=5
2026-01-07 14:46:00,429 - INFO - [GINSLIB] processing : 2022/05/24 04:29:54 Q=5
2026-01-07 14:46:00,429 - INFO - [GINSLIB] processing : 2022/05/24 04:29:55 Q=5
2026-01-07 14:46:00,429 - INFO - [GINSLIB] processing : 2022/05/24 04:29:56 Q=5
2026-01-07 14:46:00,429 - INFO - [GINSLIB] processing : 2022/05/24 04:29:57 Q=5
2026-01-07 14:46:00,429 - INFO - [GINSLIB] processing : 2022/05/24 04:29:58 Q=5
2026-01-07 14:46:00,429 - INFO - [GINSLIB] processing : 2022/05/24 04:29:59 Q=5
2026-01-07 14:46:00,430 - INFO - [GINSLIB] processing : 2022/05/24 04:30:00 Q=5
2026-01-07 14:46:00,430 - INFO - [GINSLIB] processing : 2022/05/24 04:30:01 Q=5
2026-01-07 14:46:00,430 - INFO - [GINSLIB] processing : 2022/05/24 04:30:02 Q=5
2026-01-07 14:46:00,430 - INFO - [GINSLIB] processing : 2022/05/24 04:30:03 Q=5
2026-01-07 14:46:00,430 - INFO - [GINSLIB] processing : 2022/05/24 04:30:04 Q=5
2026-01-07 14:46:00,430 - INFO - [GINSLIB] processing : 2022/05/24 04:30:05 Q=5
2026-01-07 14:46:00,430 - INFO - [GINSLIB] processing : 2022/05/24 04:30:06 Q=5
2026-01-07 14:46:00,430 - INFO - [GINSLIB] processing : 2022/05/24 04:30:07 Q=5
2026-01-07 14:46:00,430 - INFO - [GINSLIB] processing : 2022/05/24 04:30:08 Q=5
2026-01-07 14:46:00,430 - INFO - [GINSLIB] processing : 2022/05/24 04:30:09 Q=5
2026-01-07 14:46:00,430 - INFO - [GINSLIB] processing : 2022/05/24 04:30:10 Q=5
2026-01-07 14:46:00,430 - INFO - [GINSLIB] processing : 2022/05/24 04:30:11 Q=5
2026-01-07 14:46:00,513 - INFO - [GINSLIB] processing : 2022/05/24 04:30:12 Q=5
2026-01-07 14:46:00,513 - INFO - [GINSLIB] processing : 2022/05/24 04:30:13 Q=5
2026-01-07 14:46:00,513 - INFO - [GINSLIB] processing : 2022/05/24 04:30:14 Q=5
2026-01-07 14:46:00,513 - INFO - [GINSLIB] processing : 2022/05/24 04:30:15 Q=5
2026-01-07 14:46:00,514 - INFO - [GINSLIB] processing : 2022/05/24 04:30:16 Q=5
2026-01-07 14:46:00,514 - INFO - [GINSLIB] processing : 2022/05/24 04:30:17 Q=5
2026-01-07 14:46:00,514 - INFO - [GINSLIB] processing : 2022/05/24 04:30:18 Q=5
2026-01-07 14:46:00,514 - INFO - [GINSLIB] processing : 2022/05/24 04:30:19 Q=5
2026-01-07 14:46:00,514 - INFO - [GINSLIB] processing : 2022/05/24 04:30:20 Q=5
2026-01-07 14:46:00,514 - INFO - [GINSLIB] processing : 2022/05/24 04:30:21 Q=5
2026-01-07 14:46:00,515 - INFO - [GINSLIB] processing : 2022/05/24 04:30:22 Q=5
2026-01-07 14:46:00,515 - INFO - [GINSLIB] processing : 2022/05/24 04:30:23 Q=5
2026-01-07 14:46:00,515 - INFO - [GINSLIB] processing : 2022/05/24 04:30:24 Q=5
2026-01-07 14:46:00,515 - INFO - [GINSLIB] processing : 2022/05/24 04:30:25 Q=5
2026-01-07 14:46:00,515 - INFO - [GINSLIB] processing : 2022/05/24 04:30:26 Q=5
2026-01-07 14:46:00,515 - INFO - [GINSLIB] processing : 2022/05/24 04:30:27 Q=5
2026-01-07 14:46:00,516 - INFO - [GINSLIB] processing : 2022/05/24 04:30:28 Q=5
2026-01-07 14:46:00,516 - INFO - [GINSLIB] processing : 2022/05/24 04:30:29 Q=5
2026-01-07 14:46:00,516 - INFO - [GINSLIB] processing : 2022/05/24 04:30:30 Q=5
2026-01-07 14:46:00,516 - INFO - [GINSLIB] processing : 2022/05/24 04:30:31 Q=5
2026-01-07 14:46:00,516 - INFO - [GINSLIB] processing : 2022/05/24 04:30:32 Q=5
2026-01-07 14:46:00,516 - INFO - [GINSLIB] processing : 2022/05/24 04:30:33 Q=5
2026-01-07 14:46:00,516 - INFO - [GINSLIB] processing : 2022/05/24 04:30:34 Q=5
2026-01-07 14:46:00,602 - INFO - [GINSLIB] processing : 2022/05/24 04:30:35 Q=5
2026-01-07 14:46:00,603 - INFO - [GINSLIB] processing : 2022/05/24 04:30:36 Q=5
2026-01-07 14:46:00,603 - INFO - [GINSLIB] processing : 2022/05/24 04:30:37 Q=5
2026-01-07 14:46:00,603 - INFO - [GINSLIB] processing : 2022/05/24 04:30:38 Q=5
2026-01-07 14:46:00,603 - INFO - [GINSLIB] processing : 2022/05/24 04:30:39 Q=5
2026-01-07 14:46:00,603 - INFO - [GINSLIB] processing : 2022/05/24 04:30:40 Q=5
2026-01-07 14:46:00,603 - INFO - [GINSLIB] processing : 2022/05/24 04:30:41 Q=5
2026-01-07 14:46:00,604 - INFO - [GINSLIB] processing : 2022/05/24 04:30:42 Q=5
2026-01-07 14:46:00,604 - INFO - [GINSLIB] processing : 2022/05/24 04:30:43 Q=5
2026-01-07 14:46:00,604 - INFO - [GINSLIB] processing : 2022/05/24 04:30:44 Q=5
2026-01-07 14:46:00,604 - INFO - [GINSLIB] processing : 2022/05/24 04:30:45 Q=5
2026-01-07 14:46:00,604 - INFO - [GINSLIB] processing : 2022/05/24 04:30:46 Q=5
2026-01-07 14:46:00,605 - INFO - [GINSLIB] processing : 2022/05/24 04:30:47 Q=5
2026-01-07 14:46:00,605 - INFO - [GINSLIB] processing : 2022/05/24 04:30:48 Q=5
2026-01-07 14:46:00,605 - INFO - [GINSLIB] processing : 2022/05/24 04:30:49 Q=5
2026-01-07 14:46:00,605 - INFO - [GINSLIB] processing : 2022/05/24 04:30:50 Q=5
2026-01-07 14:46:00,606 - INFO - [GINSLIB] processing : 2022/05/24 04:30:51 Q=5
2026-01-07 14:46:00,606 - INFO - [GINSLIB] processing : 2022/05/24 04:30:52 Q=5
2026-01-07 14:46:00,606 - INFO - [GINSLIB] processing : 2022/05/24 04:30:53 Q=5
2026-01-07 14:46:00,606 - INFO - [GINSLIB] processing : 2022/05/24 04:30:54 Q=5
2026-01-07 14:46:00,607 - INFO - [GINSLIB] processing : 2022/05/24 04:30:55 Q=5
2026-01-07 14:46:00,607 - INFO - [GINSLIB] processing : 2022/05/24 04:30:56 Q=5
2026-01-07 14:46:00,691 - INFO - [GINSLIB] processing : 2022/05/24 04:30:57 Q=5
2026-01-07 14:46:00,691 - INFO - [GINSLIB] processing : 2022/05/24 04:30:58 Q=5
2026-01-07 14:46:00,691 - INFO - [GINSLIB] processing : 2022/05/24 04:30:59 Q=5
2026-01-07 14:46:00,691 - INFO - [GINSLIB] processing : 2022/05/24 04:31:00 Q=5
2026-01-07 14:46:00,691 - INFO - [GINSLIB] processing : 2022/05/24 04:31:01 Q=5
2026-01-07 14:46:00,691 - INFO - [GINSLIB] processing : 2022/05/24 04:31:02 Q=5
2026-01-07 14:46:00,691 - INFO - [GINSLIB] processing : 2022/05/24 04:31:03 Q=5
2026-01-07 14:46:00,691 - INFO - [GINSLIB] processing : 2022/05/24 04:31:04 Q=5
2026-01-07 14:46:00,692 - INFO - [GINSLIB] processing : 2022/05/24 04:31:05 Q=5
2026-01-07 14:46:00,692 - INFO - [GINSLIB] processing : 2022/05/24 04:31:06 Q=5
2026-01-07 14:46:00,692 - INFO - [GINSLIB] processing : 2022/05/24 04:31:07 Q=5
2026-01-07 14:46:00,692 - INFO - [GINSLIB] processing : 2022/05/24 04:31:08 Q=5
2026-01-07 14:46:00,692 - INFO - [GINSLIB] processing : 2022/05/24 04:31:09 Q=5
2026-01-07 14:46:00,692 - INFO - [GINSLIB] processing : 2022/05/24 04:31:10 Q=5
2026-01-07 14:46:00,692 - INFO - [GINSLIB] processing : 2022/05/24 04:31:11 Q=5
2026-01-07 14:46:00,692 - INFO - [GINSLIB] processing : 2022/05/24 04:31:12 Q=5
2026-01-07 14:46:00,692 - INFO - [GINSLIB] processing : 2022/05/24 04:31:13 Q=5
2026-01-07 14:46:00,692 - INFO - [GINSLIB] processing : 2022/05/24 04:31:14 Q=5
2026-01-07 14:46:00,692 - INFO - [GINSLIB] processing : 2022/05/24 04:31:15 Q=5
2026-01-07 14:46:00,692 - INFO - [GINSLIB] processing : 2022/05/24 04:31:16 Q=5
2026-01-07 14:46:00,693 - INFO - [GINSLIB] processing : 2022/05/24 04:31:17 Q=5
2026-01-07 14:46:00,693 - INFO - [GINSLIB] processing : 2022/05/24 04:31:18 Q=5
2026-01-07 14:46:00,785 - INFO - [GINSLIB] processing : 2022/05/24 04:31:19 Q=5
2026-01-07 14:46:00,785 - INFO - [GINSLIB] processing : 2022/05/24 04:31:20 Q=5
2026-01-07 14:46:00,786 - INFO - [GINSLIB] processing : 2022/05/24 04:31:21 Q=5
2026-01-07 14:46:00,786 - INFO - [GINSLIB] processing : 2022/05/24 04:31:22 Q=5
2026-01-07 14:46:00,786 - INFO - [GINSLIB] processing : 2022/05/24 04:31:23 Q=5
2026-01-07 14:46:00,786 - INFO - [GINSLIB] processing : 2022/05/24 04:31:24 Q=5
2026-01-07 14:46:00,786 - INFO - [GINSLIB] processing : 2022/05/24 04:31:25 Q=5
2026-01-07 14:46:00,787 - INFO - [GINSLIB] processing : 2022/05/24 04:31:26 Q=5
2026-01-07 14:46:00,787 - INFO - [GINSLIB] processing : 2022/05/24 04:31:27 Q=5
2026-01-07 14:46:00,787 - INFO - [GINSLIB] processing : 2022/05/24 04:31:28 Q=5
2026-01-07 14:46:00,787 - INFO - [GINSLIB] processing : 2022/05/24 04:31:29 Q=5
2026-01-07 14:46:00,787 - INFO - [GINSLIB] processing : 2022/05/24 04:31:30 Q=5
2026-01-07 14:46:00,788 - INFO - [GINSLIB] processing : 2022/05/24 04:31:31 Q=5
2026-01-07 14:46:00,788 - INFO - [GINSLIB] processing : 2022/05/24 04:31:32 Q=5
2026-01-07 14:46:00,788 - INFO - [GINSLIB] processing : 2022/05/24 04:31:33 Q=5
2026-01-07 14:46:00,788 - INFO - [GINSLIB] processing : 2022/05/24 04:31:34 Q=5
2026-01-07 14:46:00,789 - INFO - [GINSLIB] processing : 2022/05/24 04:31:35 Q=5
2026-01-07 14:46:00,789 - INFO - [GINSLIB] processing : 2022/05/24 04:31:36 Q=5
2026-01-07 14:46:00,789 - INFO - [GINSLIB] processing : 2022/05/24 04:31:37 Q=5
2026-01-07 14:46:00,789 - INFO - [GINSLIB] processing : 2022/05/24 04:31:38 Q=5
2026-01-07 14:46:00,789 - INFO - [GINSLIB] processing : 2022/05/24 04:31:39 Q=5
2026-01-07 14:46:00,789 - INFO - [GINSLIB] processing : 2022/05/24 04:31:40 Q=5
2026-01-07 14:46:00,878 - INFO - [GINSLIB] processing : 2022/05/24 04:31:41 Q=5
2026-01-07 14:46:00,878 - INFO - [GINSLIB] processing : 2022/05/24 04:31:42 Q=5
2026-01-07 14:46:00,878 - INFO - [GINSLIB] processing : 2022/05/24 04:31:43 Q=5
2026-01-07 14:46:00,879 - INFO - [GINSLIB] processing : 2022/05/24 04:31:44 Q=5
2026-01-07 14:46:00,879 - INFO - [GINSLIB] processing : 2022/05/24 04:31:45 Q=5
2026-01-07 14:46:00,879 - INFO - [GINSLIB] processing : 2022/05/24 04:31:46 Q=5
2026-01-07 14:46:00,879 - INFO - [GINSLIB] processing : 2022/05/24 04:31:47 Q=5
2026-01-07 14:46:00,879 - INFO - [GINSLIB] processing : 2022/05/24 04:31:48 Q=5
2026-01-07 14:46:00,879 - INFO - [GINSLIB] processing : 2022/05/24 04:31:49 Q=5
2026-01-07 14:46:00,880 - INFO - [GINSLIB] processing : 2022/05/24 04:31:50 Q=5
2026-01-07 14:46:00,880 - INFO - [GINSLIB] processing : 2022/05/24 04:31:51 Q=5
2026-01-07 14:46:00,880 - INFO - [GINSLIB] processing : 2022/05/24 04:31:52 Q=5
2026-01-07 14:46:00,880 - INFO - [GINSLIB] processing : 2022/05/24 04:31:53 Q=5
2026-01-07 14:46:00,880 - INFO - [GINSLIB] processing : 2022/05/24 04:31:54 Q=5
2026-01-07 14:46:00,880 - INFO - [GINSLIB] processing : 2022/05/24 04:31:55 Q=5
2026-01-07 14:46:00,881 - INFO - [GINSLIB] processing : 2022/05/24 04:31:56 Q=5
2026-01-07 14:46:00,881 - INFO - [GINSLIB] processing : 2022/05/24 04:31:57 Q=5
2026-01-07 14:46:00,881 - INFO - [GINSLIB] processing : 2022/05/24 04:31:58 Q=5
2026-01-07 14:46:00,881 - INFO - [GINSLIB] processing : 2022/05/24 04:31:59 Q=5
2026-01-07 14:46:00,881 - INFO - [GINSLIB] processing : 2022/05/24 04:32:00 Q=5
2026-01-07 14:46:00,881 - INFO - [GINSLIB] processing : 2022/05/24 04:32:01 Q=5
2026-01-07 14:46:00,881 - INFO - [GINSLIB] processing : 2022/05/24 04:32:02 Q=5
2026-01-07 14:46:00,968 - INFO - [GINSLIB] processing : 2022/05/24 04:32:03 Q=5
2026-01-07 14:46:00,968 - INFO - [GINSLIB] processing : 2022/05/24 04:32:04 Q=5
2026-01-07 14:46:00,969 - INFO - [GINSLIB] processing : 2022/05/24 04:32:05 Q=5
2026-01-07 14:46:00,969 - INFO - [GINSLIB] processing : 2022/05/24 04:32:06 Q=5
2026-01-07 14:46:00,969 - INFO - [GINSLIB] processing : 2022/05/24 04:32:07 Q=5
2026-01-07 14:46:00,969 - INFO - [GINSLIB] processing : 2022/05/24 04:32:08 Q=5
2026-01-07 14:46:00,969 - INFO - [GINSLIB] processing : 2022/05/24 04:32:09 Q=5
2026-01-07 14:46:00,969 - INFO - [GINSLIB] processing : 2022/05/24 04:32:10 Q=5
2026-01-07 14:46:00,970 - INFO - [GINSLIB] processing : 2022/05/24 04:32:11 Q=5
2026-01-07 14:46:00,970 - INFO - [GINSLIB] processing : 2022/05/24 04:32:12 Q=5
2026-01-07 14:46:00,970 - INFO - [GINSLIB] processing : 2022/05/24 04:32:13 Q=5
2026-01-07 14:46:00,970 - INFO - [GINSLIB] processing : 2022/05/24 04:32:14 Q=5
2026-01-07 14:46:00,970 - INFO - [GINSLIB] processing : 2022/05/24 04:32:15 Q=5
2026-01-07 14:46:00,970 - INFO - [GINSLIB] processing : 2022/05/24 04:32:16 Q=5
2026-01-07 14:46:00,971 - INFO - [GINSLIB] processing : 2022/05/24 04:32:17 Q=5
2026-01-07 14:46:00,971 - INFO - [GINSLIB] processing : 2022/05/24 04:32:18 Q=5
2026-01-07 14:46:00,971 - INFO - [GINSLIB] processing : 2022/05/24 04:32:19 Q=5
2026-01-07 14:46:00,971 - INFO - [GINSLIB] processing : 2022/05/24 04:32:20 Q=5
2026-01-07 14:46:00,971 - INFO - [GINSLIB] processing : 2022/05/24 04:32:21 Q=5
2026-01-07 14:46:00,972 - INFO - [GINSLIB] processing : 2022/05/24 04:32:22 Q=5
2026-01-07 14:46:00,972 - INFO - [GINSLIB] processing : 2022/05/24 04:32:23 Q=5
2026-01-07 14:46:00,972 - INFO - [GINSLIB] processing : 2022/05/24 04:32:24 Q=5
2026-01-07 14:46:01,068 - INFO - [GINSLIB] processing : 2022/05/24 04:32:25 Q=5
2026-01-07 14:46:01,068 - INFO - [GINSLIB] processing : 2022/05/24 04:32:26 Q=5
2026-01-07 14:46:01,068 - INFO - [GINSLIB] processing : 2022/05/24 04:32:27 Q=5
2026-01-07 14:46:01,068 - INFO - [GINSLIB] processing : 2022/05/24 04:32:28 Q=5
2026-01-07 14:46:01,068 - INFO - [GINSLIB] processing : 2022/05/24 04:32:29 Q=5
2026-01-07 14:46:01,069 - INFO - [GINSLIB] processing : 2022/05/24 04:32:30 Q=5
2026-01-07 14:46:01,069 - INFO - [GINSLIB] processing : 2022/05/24 04:32:31 Q=5
2026-01-07 14:46:01,069 - INFO - [GINSLIB] processing : 2022/05/24 04:32:32 Q=5
2026-01-07 14:46:01,069 - INFO - [GINSLIB] processing : 2022/05/24 04:32:33 Q=5
2026-01-07 14:46:01,069 - INFO - [GINSLIB] processing : 2022/05/24 04:32:34 Q=5
2026-01-07 14:46:01,070 - INFO - [GINSLIB] processing : 2022/05/24 04:32:35 Q=5
2026-01-07 14:46:01,070 - INFO - [GINSLIB] processing : 2022/05/24 04:32:36 Q=5
2026-01-07 14:46:01,070 - INFO - [GINSLIB] processing : 2022/05/24 04:32:37 Q=5
2026-01-07 14:46:01,070 - INFO - [GINSLIB] processing : 2022/05/24 04:32:38 Q=5
2026-01-07 14:46:01,070 - INFO - [GINSLIB] processing : 2022/05/24 04:32:39 Q=5
2026-01-07 14:46:01,071 - INFO - [GINSLIB] processing : 2022/05/24 04:32:40 Q=5
2026-01-07 14:46:01,071 - INFO - [GINSLIB] processing : 2022/05/24 04:32:41 Q=5
2026-01-07 14:46:01,071 - INFO - [GINSLIB] processing : 2022/05/24 04:32:42 Q=5
2026-01-07 14:46:01,071 - INFO - [GINSLIB] processing : 2022/05/24 04:32:43 Q=5
2026-01-07 14:46:01,071 - INFO - [GINSLIB] processing : 2022/05/24 04:32:44 Q=5
2026-01-07 14:46:01,071 - INFO - [GINSLIB] processing : 2022/05/24 04:32:45 Q=5
2026-01-07 14:46:01,072 - INFO - [GINSLIB] processing : 2022/05/24 04:32:46 Q=5
2026-01-07 14:46:01,165 - INFO - [GINSLIB] processing : 2022/05/24 04:32:47 Q=5
2026-01-07 14:46:01,165 - INFO - [GINSLIB] processing : 2022/05/24 04:32:48 Q=5
2026-01-07 14:46:01,165 - INFO - [GINSLIB] processing : 2022/05/24 04:32:49 Q=5
2026-01-07 14:46:01,165 - INFO - [GINSLIB] processing : 2022/05/24 04:32:50 Q=5
2026-01-07 14:46:01,165 - INFO - [GINSLIB] processing : 2022/05/24 04:32:51 Q=5
2026-01-07 14:46:01,165 - INFO - [GINSLIB] processing : 2022/05/24 04:32:52 Q=5
2026-01-07 14:46:01,166 - INFO - [GINSLIB] processing : 2022/05/24 04:32:53 Q=5
2026-01-07 14:46:01,166 - INFO - [GINSLIB] processing : 2022/05/24 04:32:54 Q=5
2026-01-07 14:46:01,166 - INFO - [GINSLIB] processing : 2022/05/24 04:32:55 Q=5
2026-01-07 14:46:01,166 - INFO - [GINSLIB] processing : 2022/05/24 04:32:56 Q=5
2026-01-07 14:46:01,166 - INFO - [GINSLIB] processing : 2022/05/24 04:32:57 Q=5
2026-01-07 14:46:01,166 - INFO - [GINSLIB] processing : 2022/05/24 04:32:58 Q=5
2026-01-07 14:46:01,167 - INFO - [GINSLIB] processing : 2022/05/24 04:32:59 Q=5
2026-01-07 14:46:01,167 - INFO - [GINSLIB] processing : 2022/05/24 04:33:00 Q=5
2026-01-07 14:46:01,167 - INFO - [GINSLIB] processing : 2022/05/24 04:33:01 Q=5
2026-01-07 14:46:01,167 - INFO - [GINSLIB] processing : 2022/05/24 04:33:02 Q=5
2026-01-07 14:46:01,167 - INFO - [GINSLIB] processing : 2022/05/24 04:33:03 Q=5
2026-01-07 14:46:01,167 - INFO - [GINSLIB] processing : 2022/05/24 04:33:04 Q=5
2026-01-07 14:46:01,167 - INFO - [GINSLIB] processing : 2022/05/24 04:33:05 Q=5
2026-01-07 14:46:01,168 - INFO - [GINSLIB] processing : 2022/05/24 04:33:06 Q=5
2026-01-07 14:46:01,168 - INFO - [GINSLIB] processing : 2022/05/24 04:33:07 Q=5
2026-01-07 14:46:01,168 - INFO - [GINSLIB] processing : 2022/05/24 04:33:08 Q=5
2026-01-07 14:46:01,168 - INFO - [GINSLIB] processing : 2022/05/24 04:33:09 Q=5
2026-01-07 14:46:01,255 - INFO - [GINSLIB] processing : 2022/05/24 04:33:10 Q=5
2026-01-07 14:46:01,255 - INFO - [GINSLIB] processing : 2022/05/24 04:33:11 Q=5
2026-01-07 14:46:01,255 - INFO - [GINSLIB] processing : 2022/05/24 04:33:12 Q=5
2026-01-07 14:46:01,255 - INFO - [GINSLIB] processing : 2022/05/24 04:33:13 Q=5
2026-01-07 14:46:01,256 - INFO - [GINSLIB] processing : 2022/05/24 04:33:14 Q=5
2026-01-07 14:46:01,256 - INFO - [GINSLIB] processing : 2022/05/24 04:33:15 Q=5
2026-01-07 14:46:01,256 - INFO - [GINSLIB] processing : 2022/05/24 04:33:16 Q=5
2026-01-07 14:46:01,256 - INFO - [GINSLIB] processing : 2022/05/24 04:33:17 Q=5
2026-01-07 14:46:01,257 - INFO - [GINSLIB] processing : 2022/05/24 04:33:18 Q=5
2026-01-07 14:46:01,257 - INFO - [GINSLIB] processing : 2022/05/24 04:33:19 Q=5
2026-01-07 14:46:01,257 - INFO - [GINSLIB] processing : 2022/05/24 04:33:20 Q=5
2026-01-07 14:46:01,257 - INFO - [GINSLIB] processing : 2022/05/24 04:33:21 Q=5
2026-01-07 14:46:01,258 - INFO - [GINSLIB] processing : 2022/05/24 04:33:22 Q=5
2026-01-07 14:46:01,258 - INFO - [GINSLIB] processing : 2022/05/24 04:33:23 Q=5
2026-01-07 14:46:01,258 - INFO - [GINSLIB] processing : 2022/05/24 04:33:24 Q=5
2026-01-07 14:46:01,259 - INFO - [GINSLIB] processing : 2022/05/24 04:33:25 Q=5
2026-01-07 14:46:01,259 - INFO - [GINSLIB] processing : 2022/05/24 04:33:26 Q=5
2026-01-07 14:46:01,259 - INFO - [GINSLIB] processing : 2022/05/24 04:33:27 Q=5
2026-01-07 14:46:01,259 - INFO - [GINSLIB] processing : 2022/05/24 04:33:28 Q=5
2026-01-07 14:46:01,259 - INFO - [GINSLIB] processing : 2022/05/24 04:33:29 Q=5
2026-01-07 14:46:01,259 - INFO - [GINSLIB] processing : 2022/05/24 04:33:30 Q=5
2026-01-07 14:46:01,259 - INFO - [GINSLIB] processing : 2022/05/24 04:33:31 Q=5
2026-01-07 14:46:01,349 - INFO - [GINSLIB] processing : 2022/05/24 04:33:32 Q=5
2026-01-07 14:46:01,349 - INFO - [GINSLIB] processing : 2022/05/24 04:33:33 Q=5
2026-01-07 14:46:01,349 - INFO - [GINSLIB] processing : 2022/05/24 04:33:34 Q=5
2026-01-07 14:46:01,349 - INFO - [GINSLIB] processing : 2022/05/24 04:33:35 Q=5
2026-01-07 14:46:01,349 - INFO - [GINSLIB] processing : 2022/05/24 04:33:36 Q=5
2026-01-07 14:46:01,349 - INFO - [GINSLIB] processing : 2022/05/24 04:33:37 Q=5
2026-01-07 14:46:01,350 - INFO - [GINSLIB] processing : 2022/05/24 04:33:38 Q=5
2026-01-07 14:46:01,350 - INFO - [GINSLIB] processing : 2022/05/24 04:33:39 Q=5
2026-01-07 14:46:01,350 - INFO - [GINSLIB] processing : 2022/05/24 04:33:40 Q=5
2026-01-07 14:46:01,350 - INFO - [GINSLIB] processing : 2022/05/24 04:33:41 Q=5
2026-01-07 14:46:01,350 - INFO - [GINSLIB] processing : 2022/05/24 04:33:42 Q=5
2026-01-07 14:46:01,351 - INFO - [GINSLIB] processing : 2022/05/24 04:33:43 Q=5
2026-01-07 14:46:01,351 - INFO - [GINSLIB] processing : 2022/05/24 04:33:44 Q=5
2026-01-07 14:46:01,351 - INFO - [GINSLIB] processing : 2022/05/24 04:33:45 Q=5
2026-01-07 14:46:01,351 - INFO - [GINSLIB] processing : 2022/05/24 04:33:46 Q=5
2026-01-07 14:46:01,351 - INFO - [GINSLIB] processing : 2022/05/24 04:33:47 Q=5
2026-01-07 14:46:01,351 - INFO - [GINSLIB] processing : 2022/05/24 04:33:48 Q=5
2026-01-07 14:46:01,351 - INFO - [GINSLIB] processing : 2022/05/24 04:33:49 Q=5
2026-01-07 14:46:01,352 - INFO - [GINSLIB] processing : 2022/05/24 04:33:50 Q=5
2026-01-07 14:46:01,352 - INFO - [GINSLIB] processing : 2022/05/24 04:33:51 Q=5
2026-01-07 14:46:01,352 - INFO - [GINSLIB] processing : 2022/05/24 04:33:52 Q=5
2026-01-07 14:46:01,352 - INFO - [GINSLIB] processing : 2022/05/24 04:33:53 Q=5
2026-01-07 14:46:01,439 - INFO - [GINSLIB] processing : 2022/05/24 04:33:54 Q=5
2026-01-07 14:46:01,439 - INFO - [GINSLIB] processing : 2022/05/24 04:33:55 Q=5
2026-01-07 14:46:01,439 - INFO - [GINSLIB] processing : 2022/05/24 04:33:56 Q=5
2026-01-07 14:46:01,439 - INFO - [GINSLIB] processing : 2022/05/24 04:33:57 Q=5
2026-01-07 14:46:01,440 - INFO - [GINSLIB] processing : 2022/05/24 04:33:58 Q=5
2026-01-07 14:46:01,440 - INFO - [GINSLIB] processing : 2022/05/24 04:33:59 Q=5
2026-01-07 14:46:01,440 - INFO - [GINSLIB] processing : 2022/05/24 04:34:00 Q=5
2026-01-07 14:46:01,440 - INFO - [GINSLIB] processing : 2022/05/24 04:34:01 Q=5
2026-01-07 14:46:01,441 - INFO - [GINSLIB] processing : 2022/05/24 04:34:02 Q=5
2026-01-07 14:46:01,441 - INFO - [GINSLIB] processing : 2022/05/24 04:34:03 Q=5
2026-01-07 14:46:01,441 - INFO - [GINSLIB] processing : 2022/05/24 04:34:04 Q=5
2026-01-07 14:46:01,441 - INFO - [GINSLIB] processing : 2022/05/24 04:34:05 Q=5
2026-01-07 14:46:01,441 - INFO - [GINSLIB] processing : 2022/05/24 04:34:06 Q=5
2026-01-07 14:46:01,441 - INFO - [GINSLIB] processing : 2022/05/24 04:34:07 Q=5
2026-01-07 14:46:01,442 - INFO - [GINSLIB] processing : 2022/05/24 04:34:08 Q=5
2026-01-07 14:46:01,442 - INFO - [GINSLIB] processing : 2022/05/24 04:34:09 Q=5
2026-01-07 14:46:01,442 - INFO - [GINSLIB] processing : 2022/05/24 04:34:10 Q=5
2026-01-07 14:46:01,442 - INFO - [GINSLIB] processing : 2022/05/24 04:34:11 Q=5
2026-01-07 14:46:01,442 - INFO - [GINSLIB] processing : 2022/05/24 04:34:12 Q=5
2026-01-07 14:46:01,442 - INFO - [GINSLIB] processing : 2022/05/24 04:34:13 Q=5
2026-01-07 14:46:01,442 - INFO - [GINSLIB] processing : 2022/05/24 04:34:14 Q=5
2026-01-07 14:46:01,442 - INFO - [GINSLIB] processing : 2022/05/24 04:34:15 Q=5
2026-01-07 14:46:01,533 - INFO - [GINSLIB] processing : 2022/05/24 04:34:16 Q=5
2026-01-07 14:46:01,533 - INFO - [GINSLIB] processing : 2022/05/24 04:34:17 Q=5
2026-01-07 14:46:01,533 - INFO - [GINSLIB] processing : 2022/05/24 04:34:18 Q=5
2026-01-07 14:46:01,533 - INFO - [GINSLIB] processing : 2022/05/24 04:34:19 Q=5
2026-01-07 14:46:01,533 - INFO - [GINSLIB] processing : 2022/05/24 04:34:20 Q=5
2026-01-07 14:46:01,533 - INFO - [GINSLIB] processing : 2022/05/24 04:34:21 Q=5
2026-01-07 14:46:01,534 - INFO - [GINSLIB] processing : 2022/05/24 04:34:22 Q=5
2026-01-07 14:46:01,534 - INFO - [GINSLIB] processing : 2022/05/24 04:34:23 Q=5
2026-01-07 14:46:01,534 - INFO - [GINSLIB] processing : 2022/05/24 04:34:24 Q=5
2026-01-07 14:46:01,534 - INFO - [GINSLIB] processing : 2022/05/24 04:34:25 Q=5
2026-01-07 14:46:01,534 - INFO - [GINSLIB] processing : 2022/05/24 04:34:26 Q=5
2026-01-07 14:46:01,535 - INFO - [GINSLIB] processing : 2022/05/24 04:34:27 Q=5
2026-01-07 14:46:01,535 - INFO - [GINSLIB] processing : 2022/05/24 04:34:28 Q=5
2026-01-07 14:46:01,535 - INFO - [GINSLIB] processing : 2022/05/24 04:34:29 Q=5
2026-01-07 14:46:01,535 - INFO - [GINSLIB] processing : 2022/05/24 04:34:30 Q=5
2026-01-07 14:46:01,535 - INFO - [GINSLIB] processing : 2022/05/24 04:34:31 Q=5
2026-01-07 14:46:01,535 - INFO - [GINSLIB] processing : 2022/05/24 04:34:32 Q=5
2026-01-07 14:46:01,535 - INFO - [GINSLIB] processing : 2022/05/24 04:34:33 Q=5
2026-01-07 14:46:01,536 - INFO - [GINSLIB] processing : 2022/05/24 04:34:34 Q=5
2026-01-07 14:46:01,536 - INFO - [GINSLIB] processing : 2022/05/24 04:34:35 Q=5
2026-01-07 14:46:01,536 - INFO - [GINSLIB] processing : 2022/05/24 04:34:36 Q=5
2026-01-07 14:46:01,536 - INFO - [GINSLIB] processing : 2022/05/24 04:34:37 Q=5
2026-01-07 14:46:01,619 - INFO - [GINSLIB] processing : 2022/05/24 04:34:38 Q=5
2026-01-07 14:46:01,620 - INFO - [GINSLIB] processing : 2022/05/24 04:34:39 Q=5
2026-01-07 14:46:01,620 - INFO - [GINSLIB] processing : 2022/05/24 04:34:40 Q=5
2026-01-07 14:46:01,620 - INFO - [GINSLIB] processing : 2022/05/24 04:34:41 Q=5
2026-01-07 14:46:01,620 - INFO - [GINSLIB] processing : 2022/05/24 04:34:42 Q=5
2026-01-07 14:46:01,620 - INFO - [GINSLIB] processing : 2022/05/24 04:34:43 Q=5
2026-01-07 14:46:01,621 - INFO - [GINSLIB] processing : 2022/05/24 04:34:44 Q=5
2026-01-07 14:46:01,621 - INFO - [GINSLIB] processing : 2022/05/24 04:34:45 Q=5
2026-01-07 14:46:01,621 - INFO - [GINSLIB] processing : 2022/05/24 04:34:46 Q=5
2026-01-07 14:46:01,621 - INFO - [GINSLIB] processing : 2022/05/24 04:34:47 Q=5
2026-01-07 14:46:01,621 - INFO - [GINSLIB] processing : 2022/05/24 04:34:48 Q=5
2026-01-07 14:46:01,621 - INFO - [GINSLIB] processing : 2022/05/24 04:34:49 Q=5
2026-01-07 14:46:01,622 - INFO - [GINSLIB] processing : 2022/05/24 04:34:50 Q=5
2026-01-07 14:46:01,622 - INFO - [GINSLIB] processing : 2022/05/24 04:34:51 Q=5
2026-01-07 14:46:01,622 - INFO - [GINSLIB] processing : 2022/05/24 04:34:52 Q=5
2026-01-07 14:46:01,622 - INFO - [GINSLIB] processing : 2022/05/24 04:34:53 Q=5
2026-01-07 14:46:01,623 - INFO - [GINSLIB] processing : 2022/05/24 04:34:54 Q=5
2026-01-07 14:46:01,623 - INFO - [GINSLIB] processing : 2022/05/24 04:34:55 Q=5
2026-01-07 14:46:01,623 - INFO - [GINSLIB] processing : 2022/05/24 04:34:56 Q=5
2026-01-07 14:46:01,623 - INFO - [GINSLIB] processing : 2022/05/24 04:34:57 Q=5
2026-01-07 14:46:01,623 - INFO - [GINSLIB] processing : 2022/05/24 04:34:58 Q=5
2026-01-07 14:46:01,624 - INFO - [GINSLIB] processing : 2022/05/24 04:34:59 Q=5
2026-01-07 14:46:01,707 - INFO - [GINSLIB] processing : 2022/05/24 04:35:00 Q=5
2026-01-07 14:46:01,707 - INFO - [GINSLIB] processing : 2022/05/24 04:35:01 Q=5
2026-01-07 14:46:01,707 - INFO - [GINSLIB] processing : 2022/05/24 04:35:02 Q=5
2026-01-07 14:46:01,707 - INFO - [GINSLIB] processing : 2022/05/24 04:35:03 Q=5
2026-01-07 14:46:01,707 - INFO - [GINSLIB] processing : 2022/05/24 04:35:04 Q=5
2026-01-07 14:46:01,708 - INFO - [GINSLIB] processing : 2022/05/24 04:35:05 Q=5
2026-01-07 14:46:01,708 - INFO - [GINSLIB] processing : 2022/05/24 04:35:06 Q=5
2026-01-07 14:46:01,708 - INFO - [GINSLIB] processing : 2022/05/24 04:35:07 Q=5
2026-01-07 14:46:01,708 - INFO - [GINSLIB] processing : 2022/05/24 04:35:08 Q=5
2026-01-07 14:46:01,709 - INFO - [GINSLIB] processing : 2022/05/24 04:35:09 Q=5
2026-01-07 14:46:01,709 - INFO - [GINSLIB] processing : 2022/05/24 04:35:10 Q=5
2026-01-07 14:46:01,709 - INFO - [GINSLIB] processing : 2022/05/24 04:35:11 Q=5
2026-01-07 14:46:01,709 - INFO - [GINSLIB] processing : 2022/05/24 04:35:12 Q=5
2026-01-07 14:46:01,709 - INFO - [GINSLIB] processing : 2022/05/24 04:35:13 Q=5
2026-01-07 14:46:01,709 - INFO - [GINSLIB] processing : 2022/05/24 04:35:14 Q=5
2026-01-07 14:46:01,709 - INFO - [GINSLIB] processing : 2022/05/24 04:35:15 Q=5
2026-01-07 14:46:01,709 - INFO - [GINSLIB] processing : 2022/05/24 04:35:16 Q=5
2026-01-07 14:46:01,710 - INFO - [GINSLIB] processing : 2022/05/24 04:35:17 Q=5
2026-01-07 14:46:01,710 - INFO - [GINSLIB] processing : 2022/05/24 04:35:18 Q=5
2026-01-07 14:46:01,710 - INFO - [GINSLIB] processing : 2022/05/24 04:35:19 Q=5
2026-01-07 14:46:01,710 - INFO - [GINSLIB] processing : 2022/05/24 04:35:20 Q=5
2026-01-07 14:46:01,710 - INFO - [GINSLIB] processing : 2022/05/24 04:35:21 Q=5
2026-01-07 14:46:01,795 - INFO - [GINSLIB] processing : 2022/05/24 04:35:22 Q=5
2026-01-07 14:46:01,795 - INFO - [GINSLIB] processing : 2022/05/24 04:35:23 Q=5
2026-01-07 14:46:01,795 - INFO - [GINSLIB] processing : 2022/05/24 04:35:24 Q=5
2026-01-07 14:46:01,795 - INFO - [GINSLIB] processing : 2022/05/24 04:35:25 Q=5
2026-01-07 14:46:01,795 - INFO - [GINSLIB] processing : 2022/05/24 04:35:26 Q=5
2026-01-07 14:46:01,796 - INFO - [GINSLIB] processing : 2022/05/24 04:35:27 Q=5
2026-01-07 14:46:01,796 - INFO - [GINSLIB] processing : 2022/05/24 04:35:28 Q=5
2026-01-07 14:46:01,796 - INFO - [GINSLIB] processing : 2022/05/24 04:35:29 Q=5
2026-01-07 14:46:01,796 - INFO - [GINSLIB] processing : 2022/05/24 04:35:30 Q=5
2026-01-07 14:46:01,796 - INFO - [GINSLIB] processing : 2022/05/24 04:35:31 Q=5
2026-01-07 14:46:01,796 - INFO - [GINSLIB] processing : 2022/05/24 04:35:32 Q=5
2026-01-07 14:46:01,797 - INFO - [GINSLIB] processing : 2022/05/24 04:35:33 Q=5
2026-01-07 14:46:01,797 - INFO - [GINSLIB] processing : 2022/05/24 04:35:34 Q=5
2026-01-07 14:46:01,797 - INFO - [GINSLIB] processing : 2022/05/24 04:35:35 Q=5
2026-01-07 14:46:01,797 - INFO - [GINSLIB] processing : 2022/05/24 04:35:36 Q=5
2026-01-07 14:46:01,797 - INFO - [GINSLIB] processing : 2022/05/24 04:35:37 Q=5
2026-01-07 14:46:01,797 - INFO - [GINSLIB] processing : 2022/05/24 04:35:38 Q=5
2026-01-07 14:46:01,797 - INFO - [GINSLIB] processing : 2022/05/24 04:35:39 Q=5
2026-01-07 14:46:01,797 - INFO - [GINSLIB] processing : 2022/05/24 04:35:40 Q=5
2026-01-07 14:46:01,798 - INFO - [GINSLIB] processing : 2022/05/24 04:35:41 Q=5
2026-01-07 14:46:01,798 - INFO - [GINSLIB] processing : 2022/05/24 04:35:42 Q=5
2026-01-07 14:46:01,798 - INFO - [GINSLIB] processing : 2022/05/24 04:35:43 Q=5
2026-01-07 14:46:01,798 - INFO - [GINSLIB] processing : 2022/05/24 04:35:44 Q=5
2026-01-07 14:46:01,883 - INFO - [GINSLIB] processing : 2022/05/24 04:35:45 Q=5
2026-01-07 14:46:01,883 - INFO - [GINSLIB] processing : 2022/05/24 04:35:46 Q=5
2026-01-07 14:46:01,884 - INFO - [GINSLIB] processing : 2022/05/24 04:35:47 Q=5
2026-01-07 14:46:01,884 - INFO - [GINSLIB] processing : 2022/05/24 04:35:48 Q=5
2026-01-07 14:46:01,884 - INFO - [GINSLIB] processing : 2022/05/24 04:35:49 Q=5
2026-01-07 14:46:01,884 - INFO - [GINSLIB] processing : 2022/05/24 04:35:50 Q=5
2026-01-07 14:46:01,884 - INFO - [GINSLIB] processing : 2022/05/24 04:35:51 Q=5
2026-01-07 14:46:01,884 - INFO - [GINSLIB] processing : 2022/05/24 04:35:52 Q=5
2026-01-07 14:46:01,885 - INFO - [GINSLIB] processing : 2022/05/24 04:35:53 Q=5
2026-01-07 14:46:01,885 - INFO - [GINSLIB] processing : 2022/05/24 04:35:54 Q=5
2026-01-07 14:46:01,885 - INFO - [GINSLIB] processing : 2022/05/24 04:35:55 Q=5
2026-01-07 14:46:01,885 - INFO - [GINSLIB] processing : 2022/05/24 04:35:56 Q=5
2026-01-07 14:46:01,885 - INFO - [GINSLIB] processing : 2022/05/24 04:35:57 Q=5
2026-01-07 14:46:01,885 - INFO - [GINSLIB] processing : 2022/05/24 04:35:58 Q=5
2026-01-07 14:46:01,886 - INFO - [GINSLIB] processing : 2022/05/24 04:35:59 Q=5
2026-01-07 14:46:01,886 - INFO - [GINSLIB] processing : 2022/05/24 04:36:00 Q=5
2026-01-07 14:46:01,886 - INFO - [GINSLIB] processing : 2022/05/24 04:36:01 Q=5
2026-01-07 14:46:01,886 - INFO - [GINSLIB] processing : 2022/05/24 04:36:02 Q=5
2026-01-07 14:46:01,886 - INFO - [GINSLIB] processing : 2022/05/24 04:36:03 Q=5
2026-01-07 14:46:01,886 - INFO - [GINSLIB] processing : 2022/05/24 04:36:04 Q=5
2026-01-07 14:46:01,887 - INFO - [GINSLIB] processing : 2022/05/24 04:36:05 Q=5
2026-01-07 14:46:01,887 - INFO - [GINSLIB] processing : 2022/05/24 04:36:06 Q=5
2026-01-07 14:46:01,968 - INFO - [GINSLIB] processing : 2022/05/24 04:36:07 Q=5
2026-01-07 14:46:01,968 - INFO - [GINSLIB] processing : 2022/05/24 04:36:08 Q=5
2026-01-07 14:46:01,968 - INFO - [GINSLIB] processing : 2022/05/24 04:36:09 Q=5
2026-01-07 14:46:01,968 - INFO - [GINSLIB] processing : 2022/05/24 04:36:10 Q=5
2026-01-07 14:46:01,968 - INFO - [GINSLIB] processing : 2022/05/24 04:36:11 Q=5
2026-01-07 14:46:01,969 - INFO - [GINSLIB] processing : 2022/05/24 04:36:12 Q=5
2026-01-07 14:46:01,969 - INFO - [GINSLIB] processing : 2022/05/24 04:36:13 Q=5
2026-01-07 14:46:01,969 - INFO - [GINSLIB] processing : 2022/05/24 04:36:14 Q=5
2026-01-07 14:46:01,969 - INFO - [GINSLIB] processing : 2022/05/24 04:36:15 Q=5
2026-01-07 14:46:01,969 - INFO - [GINSLIB] processing : 2022/05/24 04:36:16 Q=5
2026-01-07 14:46:01,970 - INFO - [GINSLIB] processing : 2022/05/24 04:36:17 Q=5
2026-01-07 14:46:01,970 - INFO - [GINSLIB] processing : 2022/05/24 04:36:18 Q=5
2026-01-07 14:46:01,970 - INFO - [GINSLIB] processing : 2022/05/24 04:36:19 Q=5
2026-01-07 14:46:01,970 - INFO - [GINSLIB] processing : 2022/05/24 04:36:20 Q=5
2026-01-07 14:46:01,970 - INFO - [GINSLIB] processing : 2022/05/24 04:36:21 Q=5
2026-01-07 14:46:01,971 - INFO - [GINSLIB] processing : 2022/05/24 04:36:22 Q=5
2026-01-07 14:46:01,971 - INFO - [GINSLIB] processing : 2022/05/24 04:36:23 Q=5
2026-01-07 14:46:01,971 - INFO - [GINSLIB] processing : 2022/05/24 04:36:24 Q=5
2026-01-07 14:46:01,971 - INFO - [GINSLIB] processing : 2022/05/24 04:36:25 Q=5
2026-01-07 14:46:01,971 - INFO - [GINSLIB] processing : 2022/05/24 04:36:26 Q=5
2026-01-07 14:46:01,971 - INFO - [GINSLIB] processing : 2022/05/24 04:36:27 Q=5
2026-01-07 14:46:01,972 - INFO - [GINSLIB] processing : 2022/05/24 04:36:28 Q=5
2026-01-07 14:46:02,056 - INFO - [GINSLIB] processing : 2022/05/24 04:36:29 Q=5
2026-01-07 14:46:02,056 - INFO - [GINSLIB] processing : 2022/05/24 04:36:30 Q=5
2026-01-07 14:46:02,056 - INFO - [GINSLIB] processing : 2022/05/24 04:36:31 Q=5
2026-01-07 14:46:02,056 - INFO - [GINSLIB] processing : 2022/05/24 04:36:32 Q=5
2026-01-07 14:46:02,056 - INFO - [GINSLIB] processing : 2022/05/24 04:36:33 Q=5
2026-01-07 14:46:02,056 - INFO - [GINSLIB] processing : 2022/05/24 04:36:34 Q=5
2026-01-07 14:46:02,057 - INFO - [GINSLIB] processing : 2022/05/24 04:36:35 Q=5
2026-01-07 14:46:02,057 - INFO - [GINSLIB] processing : 2022/05/24 04:36:36 Q=5
2026-01-07 14:46:02,057 - INFO - [GINSLIB] processing : 2022/05/24 04:36:37 Q=5
2026-01-07 14:46:02,057 - INFO - [GINSLIB] processing : 2022/05/24 04:36:38 Q=5
2026-01-07 14:46:02,057 - INFO - [GINSLIB] processing : 2022/05/24 04:36:39 Q=5
2026-01-07 14:46:02,057 - INFO - [GINSLIB] processing : 2022/05/24 04:36:40 Q=5
2026-01-07 14:46:02,057 - INFO - [GINSLIB] processing : 2022/05/24 04:36:41 Q=5
2026-01-07 14:46:02,057 - INFO - [GINSLIB] processing : 2022/05/24 04:36:42 Q=5
2026-01-07 14:46:02,057 - INFO - [GINSLIB] processing : 2022/05/24 04:36:43 Q=5
2026-01-07 14:46:02,058 - INFO - [GINSLIB] processing : 2022/05/24 04:36:44 Q=5
2026-01-07 14:46:02,058 - INFO - [GINSLIB] processing : 2022/05/24 04:36:45 Q=5
2026-01-07 14:46:02,058 - INFO - [GINSLIB] processing : 2022/05/24 04:36:46 Q=5
2026-01-07 14:46:02,058 - INFO - [GINSLIB] processing : 2022/05/24 04:36:47 Q=5
2026-01-07 14:46:02,058 - INFO - [GINSLIB] processing : 2022/05/24 04:36:48 Q=5
2026-01-07 14:46:02,058 - INFO - [GINSLIB] processing : 2022/05/24 04:36:49 Q=5
2026-01-07 14:46:02,058 - INFO - [GINSLIB] processing : 2022/05/24 04:36:50 Q=5
2026-01-07 14:46:02,140 - INFO - [GINSLIB] processing : 2022/05/24 04:36:51 Q=5
2026-01-07 14:46:02,140 - INFO - [GINSLIB] processing : 2022/05/24 04:36:52 Q=5
2026-01-07 14:46:02,140 - INFO - [GINSLIB] processing : 2022/05/24 04:36:53 Q=5
2026-01-07 14:46:02,141 - INFO - [GINSLIB] processing : 2022/05/24 04:36:54 Q=5
2026-01-07 14:46:02,141 - INFO - [GINSLIB] processing : 2022/05/24 04:36:55 Q=5
2026-01-07 14:46:02,141 - INFO - [GINSLIB] processing : 2022/05/24 04:36:56 Q=5
2026-01-07 14:46:02,141 - INFO - [GINSLIB] processing : 2022/05/24 04:36:57 Q=5
2026-01-07 14:46:02,141 - INFO - [GINSLIB] processing : 2022/05/24 04:36:58 Q=5
2026-01-07 14:46:02,141 - INFO - [GINSLIB] processing : 2022/05/24 04:36:59 Q=5
2026-01-07 14:46:02,142 - INFO - [GINSLIB] processing : 2022/05/24 04:37:00 Q=5
2026-01-07 14:46:02,142 - INFO - [GINSLIB] processing : 2022/05/24 04:37:01 Q=5
2026-01-07 14:46:02,142 - INFO - [GINSLIB] processing : 2022/05/24 04:37:02 Q=5
2026-01-07 14:46:02,142 - INFO - [GINSLIB] processing : 2022/05/24 04:37:03 Q=5
2026-01-07 14:46:02,142 - INFO - [GINSLIB] processing : 2022/05/24 04:37:04 Q=5
2026-01-07 14:46:02,142 - INFO - [GINSLIB] processing : 2022/05/24 04:37:05 Q=5
2026-01-07 14:46:02,143 - INFO - [GINSLIB] processing : 2022/05/24 04:37:06 Q=5
2026-01-07 14:46:02,143 - INFO - [GINSLIB] processing : 2022/05/24 04:37:07 Q=5
2026-01-07 14:46:02,143 - INFO - [GINSLIB] processing : 2022/05/24 04:37:08 Q=5
2026-01-07 14:46:02,143 - INFO - [GINSLIB] processing : 2022/05/24 04:37:09 Q=5
2026-01-07 14:46:02,143 - INFO - [GINSLIB] processing : 2022/05/24 04:37:10 Q=5
2026-01-07 14:46:02,143 - INFO - [GINSLIB] processing : 2022/05/24 04:37:11 Q=5
2026-01-07 14:46:02,143 - INFO - [GINSLIB] processing : 2022/05/24 04:37:12 Q=5
2026-01-07 14:46:02,229 - INFO - [GINSLIB] processing : 2022/05/24 04:37:13 Q=5
2026-01-07 14:46:02,229 - INFO - [GINSLIB] processing : 2022/05/24 04:37:14 Q=5
2026-01-07 14:46:02,229 - INFO - [GINSLIB] processing : 2022/05/24 04:37:15 Q=5
2026-01-07 14:46:02,230 - INFO - [GINSLIB] processing : 2022/05/24 04:37:16 Q=5
2026-01-07 14:46:02,230 - INFO - [GINSLIB] processing : 2022/05/24 04:37:17 Q=5
2026-01-07 14:46:02,230 - INFO - [GINSLIB] processing : 2022/05/24 04:37:18 Q=5
2026-01-07 14:46:02,230 - INFO - [GINSLIB] processing : 2022/05/24 04:37:19 Q=5
2026-01-07 14:46:02,230 - INFO - [GINSLIB] processing : 2022/05/24 04:37:20 Q=5
2026-01-07 14:46:02,230 - INFO - [GINSLIB] processing : 2022/05/24 04:37:21 Q=5
2026-01-07 14:46:02,231 - INFO - [GINSLIB] processing : 2022/05/24 04:37:22 Q=5
2026-01-07 14:46:02,231 - INFO - [GINSLIB] processing : 2022/05/24 04:37:23 Q=5
2026-01-07 14:46:02,231 - INFO - [GINSLIB] processing : 2022/05/24 04:37:24 Q=5
2026-01-07 14:46:02,231 - INFO - [GINSLIB] processing : 2022/05/24 04:37:25 Q=5
2026-01-07 14:46:02,231 - INFO - [GINSLIB] processing : 2022/05/24 04:37:26 Q=5
2026-01-07 14:46:02,231 - INFO - [GINSLIB] processing : 2022/05/24 04:37:27 Q=5
2026-01-07 14:46:02,231 - INFO - [GINSLIB] processing : 2022/05/24 04:37:28 Q=5
2026-01-07 14:46:02,231 - INFO - [GINSLIB] processing : 2022/05/24 04:37:29 Q=5
2026-01-07 14:46:02,232 - INFO - [GINSLIB] processing : 2022/05/24 04:37:30 Q=5
2026-01-07 14:46:02,232 - INFO - [GINSLIB] processing : 2022/05/24 04:37:31 Q=5
2026-01-07 14:46:02,232 - INFO - [GINSLIB] processing : 2022/05/24 04:37:32 Q=5
2026-01-07 14:46:02,232 - INFO - [GINSLIB] processing : 2022/05/24 04:37:33 Q=5
2026-01-07 14:46:02,232 - INFO - [GINSLIB] processing : 2022/05/24 04:37:34 Q=5
2026-01-07 14:46:02,313 - INFO - [GINSLIB] processing : 2022/05/24 04:37:35 Q=5
2026-01-07 14:46:02,313 - INFO - [GINSLIB] processing : 2022/05/24 04:37:36 Q=5
2026-01-07 14:46:02,313 - INFO - [GINSLIB] processing : 2022/05/24 04:37:37 Q=5
2026-01-07 14:46:02,313 - INFO - [GINSLIB] processing : 2022/05/24 04:37:38 Q=5
2026-01-07 14:46:02,313 - INFO - [GINSLIB] processing : 2022/05/24 04:37:39 Q=5
2026-01-07 14:46:02,314 - INFO - [GINSLIB] processing : 2022/05/24 04:37:40 Q=5
2026-01-07 14:46:02,314 - INFO - [GINSLIB] processing : 2022/05/24 04:37:41 Q=5
2026-01-07 14:46:02,314 - INFO - [GINSLIB] processing : 2022/05/24 04:37:42 Q=5
2026-01-07 14:46:02,314 - INFO - [GINSLIB] processing : 2022/05/24 04:37:43 Q=5
2026-01-07 14:46:02,314 - INFO - [GINSLIB] processing : 2022/05/24 04:37:44 Q=5
2026-01-07 14:46:02,314 - INFO - [GINSLIB] processing : 2022/05/24 04:37:45 Q=5
2026-01-07 14:46:02,315 - INFO - [GINSLIB] processing : 2022/05/24 04:37:46 Q=5
2026-01-07 14:46:02,315 - INFO - [GINSLIB] processing : 2022/05/24 04:37:47 Q=5
2026-01-07 14:46:02,315 - INFO - [GINSLIB] processing : 2022/05/24 04:37:48 Q=5
2026-01-07 14:46:02,315 - INFO - [GINSLIB] processing : 2022/05/24 04:37:49 Q=5
2026-01-07 14:46:02,316 - INFO - [GINSLIB] processing : 2022/05/24 04:37:50 Q=5
2026-01-07 14:46:02,316 - INFO - [GINSLIB] processing : 2022/05/24 04:37:51 Q=5
2026-01-07 14:46:02,316 - INFO - [GINSLIB] processing : 2022/05/24 04:37:52 Q=5
2026-01-07 14:46:02,316 - INFO - [GINSLIB] processing : 2022/05/24 04:37:53 Q=5
2026-01-07 14:46:02,316 - INFO - [GINSLIB] processing : 2022/05/24 04:37:54 Q=5
2026-01-07 14:46:02,316 - INFO - [GINSLIB] processing : 2022/05/24 04:37:55 Q=5
2026-01-07 14:46:02,316 - INFO - [GINSLIB] processing : 2022/05/24 04:37:56 Q=5
2026-01-07 14:46:02,400 - INFO - [GINSLIB] processing : 2022/05/24 04:37:57 Q=5
2026-01-07 14:46:02,401 - INFO - [GINSLIB] processing : 2022/05/24 04:37:58 Q=5
2026-01-07 14:46:02,401 - INFO - [GINSLIB] processing : 2022/05/24 04:37:59 Q=5
2026-01-07 14:46:02,401 - INFO - [GINSLIB] processing : 2022/05/24 04:38:00 Q=5
2026-01-07 14:46:02,401 - INFO - [GINSLIB] processing : 2022/05/24 04:38:01 Q=5
2026-01-07 14:46:02,401 - INFO - [GINSLIB] processing : 2022/05/24 04:38:02 Q=5
2026-01-07 14:46:02,402 - INFO - [GINSLIB] processing : 2022/05/24 04:38:03 Q=5
2026-01-07 14:46:02,402 - INFO - [GINSLIB] processing : 2022/05/24 04:38:04 Q=5
2026-01-07 14:46:02,402 - INFO - [GINSLIB] processing : 2022/05/24 04:38:05 Q=5
2026-01-07 14:46:02,402 - INFO - [GINSLIB] processing : 2022/05/24 04:38:06 Q=5
2026-01-07 14:46:02,402 - INFO - [GINSLIB] processing : 2022/05/24 04:38:07 Q=5
2026-01-07 14:46:02,402 - INFO - [GINSLIB] processing : 2022/05/24 04:38:08 Q=5
2026-01-07 14:46:02,403 - INFO - [GINSLIB] processing : 2022/05/24 04:38:09 Q=5
2026-01-07 14:46:02,403 - INFO - [GINSLIB] processing : 2022/05/24 04:38:10 Q=5
2026-01-07 14:46:02,403 - INFO - [GINSLIB] processing : 2022/05/24 04:38:11 Q=5
2026-01-07 14:46:02,403 - INFO - [GINSLIB] processing : 2022/05/24 04:38:12 Q=5
2026-01-07 14:46:02,403 - INFO - [GINSLIB] processing : 2022/05/24 04:38:13 Q=5
2026-01-07 14:46:02,404 - INFO - [GINSLIB] processing : 2022/05/24 04:38:14 Q=5
2026-01-07 14:46:02,404 - INFO - [GINSLIB] processing : 2022/05/24 04:38:15 Q=5
2026-01-07 14:46:02,404 - INFO - [GINSLIB] processing : 2022/05/24 04:38:16 Q=5
2026-01-07 14:46:02,404 - INFO - [GINSLIB] processing : 2022/05/24 04:38:17 Q=5
2026-01-07 14:46:02,404 - INFO - [GINSLIB] processing : 2022/05/24 04:38:18 Q=5
2026-01-07 14:46:02,495 - INFO - [GINSLIB] processing : 2022/05/24 04:38:19 Q=5
2026-01-07 14:46:02,495 - INFO - [GINSLIB] processing : 2022/05/24 04:38:20 Q=5
2026-01-07 14:46:02,495 - INFO - [GINSLIB] processing : 2022/05/24 04:38:21 Q=5
2026-01-07 14:46:02,496 - INFO - [GINSLIB] processing : 2022/05/24 04:38:22 Q=5
2026-01-07 14:46:02,496 - INFO - [GINSLIB] processing : 2022/05/24 04:38:23 Q=5
2026-01-07 14:46:02,496 - INFO - [GINSLIB] processing : 2022/05/24 04:38:24 Q=5
2026-01-07 14:46:02,496 - INFO - [GINSLIB] processing : 2022/05/24 04:38:25 Q=5
2026-01-07 14:46:02,496 - INFO - [GINSLIB] processing : 2022/05/24 04:38:26 Q=5
2026-01-07 14:46:02,496 - INFO - [GINSLIB] processing : 2022/05/24 04:38:27 Q=5
2026-01-07 14:46:02,496 - INFO - [GINSLIB] processing : 2022/05/24 04:38:28 Q=5
2026-01-07 14:46:02,496 - INFO - [GINSLIB] processing : 2022/05/24 04:38:29 Q=5
2026-01-07 14:46:02,496 - INFO - [GINSLIB] processing : 2022/05/24 04:38:30 Q=5
2026-01-07 14:46:02,496 - INFO - [GINSLIB] processing : 2022/05/24 04:38:31 Q=5
2026-01-07 14:46:02,496 - INFO - [GINSLIB] processing : 2022/05/24 04:38:32 Q=5
2026-01-07 14:46:02,496 - INFO - [GINSLIB] processing : 2022/05/24 04:38:33 Q=5
2026-01-07 14:46:02,496 - INFO - [GINSLIB] processing : 2022/05/24 04:38:34 Q=5
2026-01-07 14:46:02,497 - INFO - [GINSLIB] processing : 2022/05/24 04:38:35 Q=5
2026-01-07 14:46:02,497 - INFO - [GINSLIB] processing : 2022/05/24 04:38:36 Q=5
2026-01-07 14:46:02,497 - INFO - [GINSLIB] processing : 2022/05/24 04:38:37 Q=5
2026-01-07 14:46:02,497 - INFO - [GINSLIB] processing : 2022/05/24 04:38:38 Q=5
2026-01-07 14:46:02,497 - INFO - [GINSLIB] processing : 2022/05/24 04:38:39 Q=5
2026-01-07 14:46:02,497 - INFO - [GINSLIB] processing : 2022/05/24 04:38:40 Q=5
2026-01-07 14:46:02,497 - INFO - [GINSLIB] processing : 2022/05/24 04:38:41 Q=5
2026-01-07 14:46:02,583 - INFO - [GINSLIB] processing : 2022/05/24 04:38:42 Q=5
2026-01-07 14:46:02,583 - INFO - [GINSLIB] processing : 2022/05/24 04:38:43 Q=5
2026-01-07 14:46:02,584 - INFO - [GINSLIB] processing : 2022/05/24 04:38:44 Q=5
2026-01-07 14:46:02,584 - INFO - [GINSLIB] processing : 2022/05/24 04:38:45 Q=5
2026-01-07 14:46:02,584 - INFO - [GINSLIB] processing : 2022/05/24 04:38:46 Q=5
2026-01-07 14:46:02,584 - INFO - [GINSLIB] processing : 2022/05/24 04:38:47 Q=5
2026-01-07 14:46:02,584 - INFO - [GINSLIB] processing : 2022/05/24 04:38:48 Q=5
2026-01-07 14:46:02,584 - INFO - [GINSLIB] processing : 2022/05/24 04:38:49 Q=5
2026-01-07 14:46:02,585 - INFO - [GINSLIB] processing : 2022/05/24 04:38:50 Q=5
2026-01-07 14:46:02,585 - INFO - [GINSLIB] processing : 2022/05/24 04:38:51 Q=5
2026-01-07 14:46:02,585 - INFO - [GINSLIB] processing : 2022/05/24 04:38:52 Q=5
2026-01-07 14:46:02,585 - INFO - [GINSLIB] processing : 2022/05/24 04:38:53 Q=5
2026-01-07 14:46:02,585 - INFO - [GINSLIB] processing : 2022/05/24 04:38:54 Q=5
2026-01-07 14:46:02,586 - INFO - [GINSLIB] processing : 2022/05/24 04:38:55 Q=5
2026-01-07 14:46:02,586 - INFO - [GINSLIB] processing : 2022/05/24 04:38:56 Q=5
2026-01-07 14:46:02,586 - INFO - [GINSLIB] processing : 2022/05/24 04:38:57 Q=5
2026-01-07 14:46:02,586 - INFO - [GINSLIB] processing : 2022/05/24 04:38:58 Q=5
2026-01-07 14:46:02,586 - INFO - [GINSLIB] processing : 2022/05/24 04:38:59 Q=5
2026-01-07 14:46:02,586 - INFO - [GINSLIB] processing : 2022/05/24 04:39:00 Q=5
2026-01-07 14:46:02,587 - INFO - [GINSLIB] processing : 2022/05/24 04:39:01 Q=5
2026-01-07 14:46:02,587 - INFO - [GINSLIB] processing : 2022/05/24 04:39:02 Q=5
2026-01-07 14:46:02,587 - INFO - [GINSLIB] processing : 2022/05/24 04:39:03 Q=5
2026-01-07 14:46:02,672 - INFO - [GINSLIB] processing : 2022/05/24 04:39:04 Q=5
2026-01-07 14:46:02,672 - INFO - [GINSLIB] processing : 2022/05/24 04:39:05 Q=5
2026-01-07 14:46:02,672 - INFO - [GINSLIB] processing : 2022/05/24 04:39:06 Q=5
2026-01-07 14:46:02,672 - INFO - [GINSLIB] processing : 2022/05/24 04:39:07 Q=5
2026-01-07 14:46:02,672 - INFO - [GINSLIB] processing : 2022/05/24 04:39:08 Q=5
2026-01-07 14:46:02,673 - INFO - [GINSLIB] processing : 2022/05/24 04:39:09 Q=5
2026-01-07 14:46:02,673 - INFO - [GINSLIB] processing : 2022/05/24 04:39:10 Q=5
2026-01-07 14:46:02,673 - INFO - [GINSLIB] processing : 2022/05/24 04:39:11 Q=5
2026-01-07 14:46:02,673 - INFO - [GINSLIB] processing : 2022/05/24 04:39:12 Q=5
2026-01-07 14:46:02,673 - INFO - [GINSLIB] processing : 2022/05/24 04:39:13 Q=5
2026-01-07 14:46:02,673 - INFO - [GINSLIB] processing : 2022/05/24 04:39:14 Q=5
2026-01-07 14:46:02,673 - INFO - [GINSLIB] processing : 2022/05/24 04:39:15 Q=5
2026-01-07 14:46:02,673 - INFO - [GINSLIB] processing : 2022/05/24 04:39:16 Q=5
2026-01-07 14:46:02,673 - INFO - [GINSLIB] processing : 2022/05/24 04:39:17 Q=5
2026-01-07 14:46:02,673 - INFO - [GINSLIB] processing : 2022/05/24 04:39:18 Q=5
2026-01-07 14:46:02,674 - INFO - [GINSLIB] processing : 2022/05/24 04:39:19 Q=5
2026-01-07 14:46:02,674 - INFO - [GINSLIB] processing : 2022/05/24 04:39:20 Q=5
2026-01-07 14:46:02,674 - INFO - [GINSLIB] processing : 2022/05/24 04:39:21 Q=5
2026-01-07 14:46:02,674 - INFO - [GINSLIB] processing : 2022/05/24 04:39:22 Q=5
2026-01-07 14:46:02,674 - INFO - [GINSLIB] processing : 2022/05/24 04:39:23 Q=5
2026-01-07 14:46:02,674 - INFO - [GINSLIB] processing : 2022/05/24 04:39:24 Q=5
2026-01-07 14:46:02,674 - INFO - [GINSLIB] processing : 2022/05/24 04:39:25 Q=5
2026-01-07 14:46:02,756 - INFO - [GINSLIB] processing : 2022/05/24 04:39:26 Q=5
2026-01-07 14:46:02,756 - INFO - [GINSLIB] processing : 2022/05/24 04:39:27 Q=5
2026-01-07 14:46:02,757 - INFO - [GINSLIB] processing : 2022/05/24 04:39:28 Q=5
2026-01-07 14:46:02,757 - INFO - [GINSLIB] processing : 2022/05/24 04:39:29 Q=5
2026-01-07 14:46:02,757 - INFO - [GINSLIB] processing : 2022/05/24 04:39:30 Q=5
2026-01-07 14:46:02,757 - INFO - [GINSLIB] processing : 2022/05/24 04:39:31 Q=5
2026-01-07 14:46:02,758 - INFO - [GINSLIB] processing : 2022/05/24 04:39:32 Q=5
2026-01-07 14:46:02,758 - INFO - [GINSLIB] processing : 2022/05/24 04:39:33 Q=5
2026-01-07 14:46:02,758 - INFO - [GINSLIB] processing : 2022/05/24 04:39:34 Q=5
2026-01-07 14:46:02,758 - INFO - [GINSLIB] processing : 2022/05/24 04:39:35 Q=5
2026-01-07 14:46:02,759 - INFO - [GINSLIB] processing : 2022/05/24 04:39:36 Q=5
2026-01-07 14:46:02,759 - INFO - [GINSLIB] processing : 2022/05/24 04:39:37 Q=5
2026-01-07 14:46:02,759 - INFO - [GINSLIB] processing : 2022/05/24 04:39:38 Q=5
2026-01-07 14:46:02,759 - INFO - [GINSLIB] processing : 2022/05/24 04:39:39 Q=5
2026-01-07 14:46:02,759 - INFO - [GINSLIB] processing : 2022/05/24 04:39:40 Q=5
2026-01-07 14:46:02,760 - INFO - [GINSLIB] processing : 2022/05/24 04:39:41 Q=5
2026-01-07 14:46:02,760 - INFO - [GINSLIB] processing : 2022/05/24 04:39:42 Q=5
2026-01-07 14:46:02,760 - INFO - [GINSLIB] processing : 2022/05/24 04:39:43 Q=5
2026-01-07 14:46:02,760 - INFO - [GINSLIB] processing : 2022/05/24 04:39:44 Q=5
2026-01-07 14:46:02,760 - INFO - [GINSLIB] processing : 2022/05/24 04:39:45 Q=5
2026-01-07 14:46:02,761 - INFO - [GINSLIB] processing : 2022/05/24 04:39:46 Q=5
2026-01-07 14:46:02,761 - INFO - [GINSLIB] processing : 2022/05/24 04:39:47 Q=5
2026-01-07 14:46:02,848 - INFO - [GINSLIB] processing : 2022/05/24 04:39:48 Q=5
2026-01-07 14:46:02,848 - INFO - [GINSLIB] processing : 2022/05/24 04:39:49 Q=5
2026-01-07 14:46:02,848 - INFO - [GINSLIB] processing : 2022/05/24 04:39:50 Q=5
2026-01-07 14:46:02,849 - INFO - [GINSLIB] processing : 2022/05/24 04:39:51 Q=5
2026-01-07 14:46:02,849 - INFO - [GINSLIB] processing : 2022/05/24 04:39:52 Q=5
2026-01-07 14:46:02,849 - INFO - [GINSLIB] processing : 2022/05/24 04:39:53 Q=5
2026-01-07 14:46:02,849 - INFO - [GINSLIB] processing : 2022/05/24 04:39:54 Q=5
2026-01-07 14:46:02,849 - INFO - [GINSLIB] processing : 2022/05/24 04:39:55 Q=5
2026-01-07 14:46:02,850 - INFO - [GINSLIB] processing : 2022/05/24 04:39:56 Q=5
2026-01-07 14:46:02,850 - INFO - [GINSLIB] processing : 2022/05/24 04:39:57 Q=5
2026-01-07 14:46:02,850 - INFO - [GINSLIB] processing : 2022/05/24 04:39:58 Q=5
2026-01-07 14:46:02,850 - INFO - [GINSLIB] processing : 2022/05/24 04:39:59 Q=5
2026-01-07 14:46:02,850 - INFO - [GINSLIB] processing : 2022/05/24 04:40:00 Q=5
2026-01-07 14:46:02,851 - INFO - [GINSLIB] processing : 2022/05/24 04:40:01 Q=5
2026-01-07 14:46:02,851 - INFO - [GINSLIB] processing : 2022/05/24 04:40:02 Q=5
2026-01-07 14:46:02,851 - INFO - [GINSLIB] processing : 2022/05/24 04:40:03 Q=5
2026-01-07 14:46:02,851 - INFO - [GINSLIB] processing : 2022/05/24 04:40:04 Q=5
2026-01-07 14:46:02,851 - INFO - [GINSLIB] processing : 2022/05/24 04:40:05 Q=5
2026-01-07 14:46:02,852 - INFO - [GINSLIB] processing : 2022/05/24 04:40:06 Q=5
2026-01-07 14:46:02,852 - INFO - [GINSLIB] processing : 2022/05/24 04:40:07 Q=5
2026-01-07 14:46:02,852 - INFO - [GINSLIB] processing : 2022/05/24 04:40:08 Q=5
2026-01-07 14:46:02,852 - INFO - [GINSLIB] processing : 2022/05/24 04:40:09 Q=5
2026-01-07 14:46:02,943 - INFO - [GINSLIB] processing : 2022/05/24 04:40:10 Q=5
2026-01-07 14:46:02,943 - INFO - [GINSLIB] processing : 2022/05/24 04:40:11 Q=5
2026-01-07 14:46:02,943 - INFO - [GINSLIB] processing : 2022/05/24 04:40:12 Q=5
2026-01-07 14:46:02,943 - INFO - [GINSLIB] processing : 2022/05/24 04:40:13 Q=5
2026-01-07 14:46:02,943 - INFO - [GINSLIB] processing : 2022/05/24 04:40:14 Q=5
2026-01-07 14:46:02,944 - INFO - [GINSLIB] processing : 2022/05/24 04:40:15 Q=5
2026-01-07 14:46:02,944 - INFO - [GINSLIB] processing : 2022/05/24 04:40:16 Q=5
2026-01-07 14:46:02,944 - INFO - [GINSLIB] processing : 2022/05/24 04:40:17 Q=5
2026-01-07 14:46:02,944 - INFO - [GINSLIB] processing : 2022/05/24 04:40:18 Q=5
2026-01-07 14:46:02,944 - INFO - [GINSLIB] processing : 2022/05/24 04:40:19 Q=5
2026-01-07 14:46:02,944 - INFO - [GINSLIB] processing : 2022/05/24 04:40:20 Q=5
2026-01-07 14:46:02,944 - INFO - [GINSLIB] processing : 2022/05/24 04:40:21 Q=5
2026-01-07 14:46:02,944 - INFO - [GINSLIB] processing : 2022/05/24 04:40:22 Q=5
2026-01-07 14:46:02,944 - INFO - [GINSLIB] processing : 2022/05/24 04:40:23 Q=5
2026-01-07 14:46:02,944 - INFO - [GINSLIB] processing : 2022/05/24 04:40:24 Q=5
2026-01-07 14:46:02,944 - INFO - [GINSLIB] processing : 2022/05/24 04:40:25 Q=5
2026-01-07 14:46:02,945 - INFO - [GINSLIB] processing : 2022/05/24 04:40:26 Q=5
2026-01-07 14:46:02,945 - INFO - [GINSLIB] processing : 2022/05/24 04:40:27 Q=5
2026-01-07 14:46:02,945 - INFO - [GINSLIB] processing : 2022/05/24 04:40:28 Q=5
2026-01-07 14:46:02,945 - INFO - [GINSLIB] processing : 2022/05/24 04:40:29 Q=5
2026-01-07 14:46:02,945 - INFO - [GINSLIB] processing : 2022/05/24 04:40:30 Q=5
2026-01-07 14:46:02,945 - INFO - [GINSLIB] processing : 2022/05/24 04:40:31 Q=5
2026-01-07 14:46:03,032 - INFO - [GINSLIB] processing : 2022/05/24 04:40:32 Q=5
2026-01-07 14:46:03,032 - INFO - [GINSLIB] processing : 2022/05/24 04:40:33 Q=5
2026-01-07 14:46:03,032 - INFO - [GINSLIB] processing : 2022/05/24 04:40:34 Q=5
2026-01-07 14:46:03,033 - INFO - [GINSLIB] processing : 2022/05/24 04:40:35 Q=5
2026-01-07 14:46:03,033 - INFO - [GINSLIB] processing : 2022/05/24 04:40:36 Q=5
2026-01-07 14:46:03,033 - INFO - [GINSLIB] processing : 2022/05/24 04:40:37 Q=5
2026-01-07 14:46:03,033 - INFO - [GINSLIB] processing : 2022/05/24 04:40:38 Q=5
2026-01-07 14:46:03,033 - INFO - [GINSLIB] processing : 2022/05/24 04:40:39 Q=5
2026-01-07 14:46:03,033 - INFO - [GINSLIB] processing : 2022/05/24 04:40:40 Q=5
2026-01-07 14:46:03,034 - INFO - [GINSLIB] processing : 2022/05/24 04:40:41 Q=5
2026-01-07 14:46:03,034 - INFO - [GINSLIB] processing : 2022/05/24 04:40:42 Q=5
2026-01-07 14:46:03,034 - INFO - [GINSLIB] processing : 2022/05/24 04:40:43 Q=5
2026-01-07 14:46:03,034 - INFO - [GINSLIB] processing : 2022/05/24 04:40:44 Q=5
2026-01-07 14:46:03,034 - INFO - [GINSLIB] processing : 2022/05/24 04:40:45 Q=5
2026-01-07 14:46:03,034 - INFO - [GINSLIB] processing : 2022/05/24 04:40:46 Q=5
2026-01-07 14:46:03,035 - INFO - [GINSLIB] processing : 2022/05/24 04:40:47 Q=5
2026-01-07 14:46:03,035 - INFO - [GINSLIB] processing : 2022/05/24 04:40:48 Q=5
2026-01-07 14:46:03,035 - INFO - [GINSLIB] processing : 2022/05/24 04:40:49 Q=5
2026-01-07 14:46:03,035 - INFO - [GINSLIB] processing : 2022/05/24 04:40:50 Q=5
2026-01-07 14:46:03,035 - INFO - [GINSLIB] processing : 2022/05/24 04:40:51 Q=5
2026-01-07 14:46:03,035 - INFO - [GINSLIB] processing : 2022/05/24 04:40:52 Q=5
2026-01-07 14:46:03,035 - INFO - [GINSLIB] processing : 2022/05/24 04:40:53 Q=5
2026-01-07 14:46:03,116 - INFO - [GINSLIB] processing : 2022/05/24 04:40:54 Q=5
2026-01-07 14:46:03,116 - INFO - [GINSLIB] processing : 2022/05/24 04:40:55 Q=5
2026-01-07 14:46:03,116 - INFO - [GINSLIB] processing : 2022/05/24 04:40:56 Q=5
2026-01-07 14:46:03,117 - INFO - [GINSLIB] processing : 2022/05/24 04:40:57 Q=5
2026-01-07 14:46:03,117 - INFO - [GINSLIB] processing : 2022/05/24 04:40:58 Q=5
2026-01-07 14:46:03,117 - INFO - [GINSLIB] processing : 2022/05/24 04:40:59 Q=5
2026-01-07 14:46:03,117 - INFO - [GINSLIB] processing : 2022/05/24 04:41:00 Q=5
2026-01-07 14:46:03,118 - INFO - [GINSLIB] processing : 2022/05/24 04:41:01 Q=5
2026-01-07 14:46:03,118 - INFO - [GINSLIB] processing : 2022/05/24 04:41:02 Q=5
2026-01-07 14:46:03,118 - INFO - [GINSLIB] processing : 2022/05/24 04:41:03 Q=5
2026-01-07 14:46:03,118 - INFO - [GINSLIB] processing : 2022/05/24 04:41:04 Q=5
2026-01-07 14:46:03,118 - INFO - [GINSLIB] processing : 2022/05/24 04:41:05 Q=5
2026-01-07 14:46:03,119 - INFO - [GINSLIB] processing : 2022/05/24 04:41:06 Q=5
2026-01-07 14:46:03,119 - INFO - [GINSLIB] processing : 2022/05/24 04:41:07 Q=5
2026-01-07 14:46:03,119 - INFO - [GINSLIB] processing : 2022/05/24 04:41:08 Q=5
2026-01-07 14:46:03,119 - INFO - [GINSLIB] processing : 2022/05/24 04:41:09 Q=5
2026-01-07 14:46:03,119 - INFO - [GINSLIB] processing : 2022/05/24 04:41:10 Q=5
2026-01-07 14:46:03,120 - INFO - [GINSLIB] processing : 2022/05/24 04:41:11 Q=5
2026-01-07 14:46:03,120 - INFO - [GINSLIB] processing : 2022/05/24 04:41:12 Q=5
2026-01-07 14:46:03,120 - INFO - [GINSLIB] processing : 2022/05/24 04:41:13 Q=5
2026-01-07 14:46:03,120 - INFO - [GINSLIB] processing : 2022/05/24 04:41:14 Q=5
2026-01-07 14:46:03,120 - INFO - [GINSLIB] processing : 2022/05/24 04:41:15 Q=5
2026-01-07 14:46:03,120 - INFO - [GINSLIB] processing : 2022/05/24 04:41:16 Q=5
2026-01-07 14:46:03,202 - INFO - [GINSLIB] processing : 2022/05/24 04:41:17 Q=5
2026-01-07 14:46:03,202 - INFO - [GINSLIB] processing : 2022/05/24 04:41:18 Q=5
2026-01-07 14:46:03,202 - INFO - [GINSLIB] processing : 2022/05/24 04:41:19 Q=5
2026-01-07 14:46:03,202 - INFO - [GINSLIB] processing : 2022/05/24 04:41:20 Q=5
2026-01-07 14:46:03,202 - INFO - [GINSLIB] processing : 2022/05/24 04:41:21 Q=5
2026-01-07 14:46:03,203 - INFO - [GINSLIB] processing : 2022/05/24 04:41:22 Q=5
2026-01-07 14:46:03,203 - INFO - [GINSLIB] processing : 2022/05/24 04:41:23 Q=5
2026-01-07 14:46:03,203 - INFO - [GINSLIB] processing : 2022/05/24 04:41:24 Q=5
2026-01-07 14:46:03,203 - INFO - [GINSLIB] processing : 2022/05/24 04:41:25 Q=5
2026-01-07 14:46:03,203 - INFO - [GINSLIB] processing : 2022/05/24 04:41:26 Q=5
2026-01-07 14:46:03,203 - INFO - [GINSLIB] processing : 2022/05/24 04:41:27 Q=5
2026-01-07 14:46:03,204 - INFO - [GINSLIB] processing : 2022/05/24 04:41:28 Q=5
2026-01-07 14:46:03,204 - INFO - [GINSLIB] processing : 2022/05/24 04:41:29 Q=5
2026-01-07 14:46:03,204 - INFO - [GINSLIB] processing : 2022/05/24 04:41:30 Q=5
2026-01-07 14:46:03,204 - INFO - [GINSLIB] processing : 2022/05/24 04:41:31 Q=5
2026-01-07 14:46:03,205 - INFO - [GINSLIB] processing : 2022/05/24 04:41:32 Q=5
2026-01-07 14:46:03,205 - INFO - [GINSLIB] processing : 2022/05/24 04:41:33 Q=5
2026-01-07 14:46:03,205 - INFO - [GINSLIB] processing : 2022/05/24 04:41:34 Q=5
2026-01-07 14:46:03,205 - INFO - [GINSLIB] processing : 2022/05/24 04:41:35 Q=5
2026-01-07 14:46:03,205 - INFO - [GINSLIB] processing : 2022/05/24 04:41:36 Q=5
2026-01-07 14:46:03,206 - INFO - [GINSLIB] processing : 2022/05/24 04:41:37 Q=5
2026-01-07 14:46:03,206 - INFO - [GINSLIB] processing : 2022/05/24 04:41:38 Q=5
2026-01-07 14:46:03,286 - INFO - [GINSLIB] processing : 2022/05/24 04:41:39 Q=5
2026-01-07 14:46:03,287 - INFO - [GINSLIB] processing : 2022/05/24 04:41:40 Q=5
2026-01-07 14:46:03,287 - INFO - [GINSLIB] processing : 2022/05/24 04:41:41 Q=5
2026-01-07 14:46:03,287 - INFO - [GINSLIB] processing : 2022/05/24 04:41:42 Q=5
2026-01-07 14:46:03,287 - INFO - [GINSLIB] processing : 2022/05/24 04:41:43 Q=5
2026-01-07 14:46:03,287 - INFO - [GINSLIB] processing : 2022/05/24 04:41:44 Q=5
2026-01-07 14:46:03,288 - INFO - [GINSLIB] processing : 2022/05/24 04:41:45 Q=5
2026-01-07 14:46:03,288 - INFO - [GINSLIB] processing : 2022/05/24 04:41:46 Q=5
2026-01-07 14:46:03,288 - INFO - [GINSLIB] processing : 2022/05/24 04:41:47 Q=5
2026-01-07 14:46:03,288 - INFO - [GINSLIB] processing : 2022/05/24 04:41:48 Q=5
2026-01-07 14:46:03,289 - INFO - [GINSLIB] processing : 2022/05/24 04:41:49 Q=5
2026-01-07 14:46:03,289 - INFO - [GINSLIB] processing : 2022/05/24 04:41:50 Q=5
2026-01-07 14:46:03,289 - INFO - [GINSLIB] processing : 2022/05/24 04:41:51 Q=5
2026-01-07 14:46:03,289 - INFO - [GINSLIB] processing : 2022/05/24 04:41:52 Q=5
2026-01-07 14:46:03,289 - INFO - [GINSLIB] processing : 2022/05/24 04:41:53 Q=5
2026-01-07 14:46:03,290 - INFO - [GINSLIB] processing : 2022/05/24 04:41:54 Q=5
2026-01-07 14:46:03,290 - INFO - [GINSLIB] processing : 2022/05/24 04:41:55 Q=5
2026-01-07 14:46:03,290 - INFO - [GINSLIB] processing : 2022/05/24 04:41:56 Q=5
2026-01-07 14:46:03,290 - INFO - [GINSLIB] processing : 2022/05/24 04:41:57 Q=5
2026-01-07 14:46:03,290 - INFO - [GINSLIB] processing : 2022/05/24 04:41:58 Q=5
2026-01-07 14:46:03,290 - INFO - [GINSLIB] processing : 2022/05/24 04:41:59 Q=5
2026-01-07 14:46:03,291 - INFO - [GINSLIB] processing : 2022/05/24 04:42:00 Q=5
2026-01-07 14:46:03,368 - INFO - [GINSLIB] processing : 2022/05/24 04:42:01 Q=5
2026-01-07 14:46:03,368 - INFO - [GINSLIB] processing : 2022/05/24 04:42:02 Q=5
2026-01-07 14:46:03,369 - INFO - [GINSLIB] processing : 2022/05/24 04:42:03 Q=5
2026-01-07 14:46:03,369 - INFO - [GINSLIB] processing : 2022/05/24 04:42:04 Q=5
2026-01-07 14:46:03,369 - INFO - [GINSLIB] processing : 2022/05/24 04:42:05 Q=5
2026-01-07 14:46:03,369 - INFO - [GINSLIB] processing : 2022/05/24 04:42:06 Q=5
2026-01-07 14:46:03,369 - INFO - [GINSLIB] processing : 2022/05/24 04:42:07 Q=5
2026-01-07 14:46:03,369 - INFO - [GINSLIB] processing : 2022/05/24 04:42:08 Q=5
2026-01-07 14:46:03,370 - INFO - [GINSLIB] processing : 2022/05/24 04:42:09 Q=5
2026-01-07 14:46:03,370 - INFO - [GINSLIB] processing : 2022/05/24 04:42:10 Q=5
2026-01-07 14:46:03,370 - INFO - [GINSLIB] processing : 2022/05/24 04:42:11 Q=5
2026-01-07 14:46:03,370 - INFO - [GINSLIB] processing : 2022/05/24 04:42:12 Q=5
2026-01-07 14:46:03,370 - INFO - [GINSLIB] processing : 2022/05/24 04:42:13 Q=5
2026-01-07 14:46:03,370 - INFO - [GINSLIB] processing : 2022/05/24 04:42:14 Q=5
2026-01-07 14:46:03,371 - INFO - [GINSLIB] processing : 2022/05/24 04:42:15 Q=5
2026-01-07 14:46:03,371 - INFO - [GINSLIB] processing : 2022/05/24 04:42:16 Q=5
2026-01-07 14:46:03,371 - INFO - [GINSLIB] processing : 2022/05/24 04:42:17 Q=5
2026-01-07 14:46:03,371 - INFO - [GINSLIB] processing : 2022/05/24 04:42:18 Q=5
2026-01-07 14:46:03,372 - INFO - [GINSLIB] processing : 2022/05/24 04:42:19 Q=5
2026-01-07 14:46:03,372 - INFO - [GINSLIB] processing : 2022/05/24 04:42:20 Q=5
2026-01-07 14:46:03,372 - INFO - [GINSLIB] processing : 2022/05/24 04:42:21 Q=5
2026-01-07 14:46:03,372 - INFO - [GINSLIB] processing : 2022/05/24 04:42:22 Q=5
2026-01-07 14:46:03,454 - INFO - [GINSLIB] processing : 2022/05/24 04:42:23 Q=5
2026-01-07 14:46:03,454 - INFO - [GINSLIB] processing : 2022/05/24 04:42:24 Q=5
2026-01-07 14:46:03,454 - INFO - [GINSLIB] processing : 2022/05/24 04:42:25 Q=5
2026-01-07 14:46:03,455 - INFO - [GINSLIB] processing : 2022/05/24 04:42:26 Q=5
2026-01-07 14:46:03,455 - INFO - [GINSLIB] processing : 2022/05/24 04:42:27 Q=5
2026-01-07 14:46:03,455 - INFO - [GINSLIB] processing : 2022/05/24 04:42:28 Q=5
2026-01-07 14:46:03,455 - INFO - [GINSLIB] processing : 2022/05/24 04:42:29 Q=5
2026-01-07 14:46:03,456 - INFO - [GINSLIB] processing : 2022/05/24 04:42:30 Q=5
2026-01-07 14:46:03,456 - INFO - [GINSLIB] processing : 2022/05/24 04:42:31 Q=5
2026-01-07 14:46:03,456 - INFO - [GINSLIB] processing : 2022/05/24 04:42:32 Q=5
2026-01-07 14:46:03,456 - INFO - [GINSLIB] processing : 2022/05/24 04:42:33 Q=5
2026-01-07 14:46:03,457 - INFO - [GINSLIB] processing : 2022/05/24 04:42:34 Q=5
2026-01-07 14:46:03,457 - INFO - [GINSLIB] processing : 2022/05/24 04:42:35 Q=5
2026-01-07 14:46:03,457 - INFO - [GINSLIB] processing : 2022/05/24 04:42:36 Q=5
2026-01-07 14:46:03,457 - INFO - [GINSLIB] processing : 2022/05/24 04:42:37 Q=5
2026-01-07 14:46:03,458 - INFO - [GINSLIB] processing : 2022/05/24 04:42:38 Q=5
2026-01-07 14:46:03,458 - INFO - [GINSLIB] processing : 2022/05/24 04:42:39 Q=5
2026-01-07 14:46:03,458 - INFO - [GINSLIB] processing : 2022/05/24 04:42:40 Q=5
2026-01-07 14:46:03,458 - INFO - [GINSLIB] processing : 2022/05/24 04:42:41 Q=5
2026-01-07 14:46:03,458 - INFO - [GINSLIB] processing : 2022/05/24 04:42:42 Q=5
2026-01-07 14:46:03,459 - INFO - [GINSLIB] processing : 2022/05/24 04:42:43 Q=5
2026-01-07 14:46:03,459 - INFO - [GINSLIB] processing : 2022/05/24 04:42:44 Q=5
2026-01-07 14:46:03,540 - INFO - [GINSLIB] processing : 2022/05/24 04:42:45 Q=5
2026-01-07 14:46:03,540 - INFO - [GINSLIB] processing : 2022/05/24 04:42:46 Q=5
2026-01-07 14:46:03,540 - INFO - [GINSLIB] processing : 2022/05/24 04:42:47 Q=5
2026-01-07 14:46:03,540 - INFO - [GINSLIB] processing : 2022/05/24 04:42:48 Q=5
2026-01-07 14:46:03,541 - INFO - [GINSLIB] processing : 2022/05/24 04:42:49 Q=5
2026-01-07 14:46:03,541 - INFO - [GINSLIB] processing : 2022/05/24 04:42:50 Q=5
2026-01-07 14:46:03,541 - INFO - [GINSLIB] processing : 2022/05/24 04:42:51 Q=5
2026-01-07 14:46:03,541 - INFO - [GINSLIB] processing : 2022/05/24 04:42:52 Q=5
2026-01-07 14:46:03,541 - INFO - [GINSLIB] processing : 2022/05/24 04:42:53 Q=5
2026-01-07 14:46:03,541 - INFO - [GINSLIB] processing : 2022/05/24 04:42:54 Q=5
2026-01-07 14:46:03,541 - INFO - [GINSLIB] processing : 2022/05/24 04:42:55 Q=5
2026-01-07 14:46:03,541 - INFO - [GINSLIB] processing : 2022/05/24 04:42:56 Q=5
2026-01-07 14:46:03,541 - INFO - [GINSLIB] processing : 2022/05/24 04:42:57 Q=5
2026-01-07 14:46:03,542 - INFO - [GINSLIB] processing : 2022/05/24 04:42:58 Q=5
2026-01-07 14:46:03,542 - INFO - [GINSLIB] processing : 2022/05/24 04:42:59 Q=5
2026-01-07 14:46:03,542 - INFO - [GINSLIB] processing : 2022/05/24 04:43:00 Q=5
2026-01-07 14:46:03,542 - INFO - [GINSLIB] processing : 2022/05/24 04:43:01 Q=5
2026-01-07 14:46:03,542 - INFO - [GINSLIB] processing : 2022/05/24 04:43:02 Q=5
2026-01-07 14:46:03,542 - INFO - [GINSLIB] processing : 2022/05/24 04:43:03 Q=5
2026-01-07 14:46:03,542 - INFO - [GINSLIB] processing : 2022/05/24 04:43:04 Q=5
2026-01-07 14:46:03,542 - INFO - [GINSLIB] processing : 2022/05/24 04:43:05 Q=5
2026-01-07 14:46:03,542 - INFO - [GINSLIB] processing : 2022/05/24 04:43:06 Q=5
2026-01-07 14:46:03,621 - INFO - [GINSLIB] processing : 2022/05/24 04:43:07 Q=5
2026-01-07 14:46:03,621 - INFO - [GINSLIB] processing : 2022/05/24 04:43:08 Q=5
2026-01-07 14:46:03,621 - INFO - [GINSLIB] processing : 2022/05/24 04:43:09 Q=5
2026-01-07 14:46:03,621 - INFO - [GINSLIB] processing : 2022/05/24 04:43:10 Q=5
2026-01-07 14:46:03,622 - INFO - [GINSLIB] processing : 2022/05/24 04:43:11 Q=5
2026-01-07 14:46:03,622 - INFO - [GINSLIB] processing : 2022/05/24 04:43:12 Q=5
2026-01-07 14:46:03,622 - INFO - [GINSLIB] processing : 2022/05/24 04:43:13 Q=5
2026-01-07 14:46:03,622 - INFO - [GINSLIB] processing : 2022/05/24 04:43:14 Q=5
2026-01-07 14:46:03,623 - INFO - [GINSLIB] processing : 2022/05/24 04:43:15 Q=5
2026-01-07 14:46:03,623 - INFO - [GINSLIB] processing : 2022/05/24 04:43:16 Q=5
2026-01-07 14:46:03,623 - INFO - [GINSLIB] processing : 2022/05/24 04:43:17 Q=5
2026-01-07 14:46:03,623 - INFO - [GINSLIB] processing : 2022/05/24 04:43:18 Q=5
2026-01-07 14:46:03,623 - INFO - [GINSLIB] processing : 2022/05/24 04:43:19 Q=5
2026-01-07 14:46:03,624 - INFO - [GINSLIB] processing : 2022/05/24 04:43:20 Q=5
2026-01-07 14:46:03,624 - INFO - [GINSLIB] processing : 2022/05/24 04:43:21 Q=5
2026-01-07 14:46:03,624 - INFO - [GINSLIB] processing : 2022/05/24 04:43:22 Q=5
2026-01-07 14:46:03,624 - INFO - [GINSLIB] processing : 2022/05/24 04:43:23 Q=5
2026-01-07 14:46:03,624 - INFO - [GINSLIB] processing : 2022/05/24 04:43:24 Q=5
2026-01-07 14:46:03,625 - INFO - [GINSLIB] processing : 2022/05/24 04:43:25 Q=5
2026-01-07 14:46:03,625 - INFO - [GINSLIB] processing : 2022/05/24 04:43:26 Q=5
2026-01-07 14:46:03,625 - INFO - [GINSLIB] processing : 2022/05/24 04:43:27 Q=5
2026-01-07 14:46:03,625 - INFO - [GINSLIB] processing : 2022/05/24 04:43:28 Q=5
2026-01-07 14:46:03,712 - INFO - [GINSLIB] processing : 2022/05/24 04:43:29 Q=5
2026-01-07 14:46:03,712 - INFO - [GINSLIB] processing : 2022/05/24 04:43:30 Q=5
2026-01-07 14:46:03,712 - INFO - [GINSLIB] processing : 2022/05/24 04:43:31 Q=5
2026-01-07 14:46:03,712 - INFO - [GINSLIB] processing : 2022/05/24 04:43:32 Q=5
2026-01-07 14:46:03,712 - INFO - [GINSLIB] processing : 2022/05/24 04:43:33 Q=5
2026-01-07 14:46:03,713 - INFO - [GINSLIB] processing : 2022/05/24 04:43:34 Q=5
2026-01-07 14:46:03,713 - INFO - [GINSLIB] processing : 2022/05/24 04:43:35 Q=5
2026-01-07 14:46:03,713 - INFO - [GINSLIB] processing : 2022/05/24 04:43:36 Q=5
2026-01-07 14:46:03,713 - INFO - [GINSLIB] processing : 2022/05/24 04:43:37 Q=5
2026-01-07 14:46:03,713 - INFO - [GINSLIB] processing : 2022/05/24 04:43:38 Q=5
2026-01-07 14:46:03,714 - INFO - [GINSLIB] processing : 2022/05/24 04:43:39 Q=5
2026-01-07 14:46:03,714 - INFO - [GINSLIB] processing : 2022/05/24 04:43:40 Q=5
2026-01-07 14:46:03,714 - INFO - [GINSLIB] processing : 2022/05/24 04:43:41 Q=5
2026-01-07 14:46:03,714 - INFO - [GINSLIB] processing : 2022/05/24 04:43:42 Q=5
2026-01-07 14:46:03,714 - INFO - [GINSLIB] processing : 2022/05/24 04:43:43 Q=5
2026-01-07 14:46:03,714 - INFO - [GINSLIB] processing : 2022/05/24 04:43:44 Q=5
2026-01-07 14:46:03,714 - INFO - [GINSLIB] processing : 2022/05/24 04:43:45 Q=5
2026-01-07 14:46:03,715 - INFO - [GINSLIB] processing : 2022/05/24 04:43:46 Q=5
2026-01-07 14:46:03,715 - INFO - [GINSLIB] processing : 2022/05/24 04:43:47 Q=5
2026-01-07 14:46:03,715 - INFO - [GINSLIB] processing : 2022/05/24 04:43:48 Q=5
2026-01-07 14:46:03,715 - INFO - [GINSLIB] processing : 2022/05/24 04:43:49 Q=5
2026-01-07 14:46:03,715 - INFO - [GINSLIB] processing : 2022/05/24 04:43:50 Q=5
2026-01-07 14:46:03,716 - INFO - [GINSLIB] processing : 2022/05/24 04:43:51 Q=5
2026-01-07 14:46:03,802 - INFO - [GINSLIB] processing : 2022/05/24 04:43:52 Q=5
2026-01-07 14:46:03,802 - INFO - [GINSLIB] processing : 2022/05/24 04:43:53 Q=5
2026-01-07 14:46:03,802 - INFO - [GINSLIB] processing : 2022/05/24 04:43:54 Q=5
2026-01-07 14:46:03,802 - INFO - [GINSLIB] processing : 2022/05/24 04:43:55 Q=5
2026-01-07 14:46:03,803 - INFO - [GINSLIB] processing : 2022/05/24 04:43:56 Q=5
2026-01-07 14:46:03,803 - INFO - [GINSLIB] processing : 2022/05/24 04:43:57 Q=5
2026-01-07 14:46:03,803 - INFO - [GINSLIB] processing : 2022/05/24 04:43:58 Q=5
2026-01-07 14:46:03,803 - INFO - [GINSLIB] processing : 2022/05/24 04:43:59 Q=5
2026-01-07 14:46:03,803 - INFO - [GINSLIB] processing : 2022/05/24 04:44:00 Q=5
2026-01-07 14:46:03,803 - INFO - [GINSLIB] processing : 2022/05/24 04:44:01 Q=5
2026-01-07 14:46:03,804 - INFO - [GINSLIB] processing : 2022/05/24 04:44:02 Q=5
2026-01-07 14:46:03,804 - INFO - [GINSLIB] processing : 2022/05/24 04:44:03 Q=5
2026-01-07 14:46:03,804 - INFO - [GINSLIB] processing : 2022/05/24 04:44:04 Q=5
2026-01-07 14:46:03,804 - INFO - [GINSLIB] processing : 2022/05/24 04:44:05 Q=5
2026-01-07 14:46:03,804 - INFO - [GINSLIB] processing : 2022/05/24 04:44:06 Q=5
2026-01-07 14:46:03,805 - INFO - [GINSLIB] processing : 2022/05/24 04:44:07 Q=5
2026-01-07 14:46:03,805 - INFO - [GINSLIB] processing : 2022/05/24 04:44:08 Q=5
2026-01-07 14:46:03,805 - INFO - [GINSLIB] processing : 2022/05/24 04:44:09 Q=5
2026-01-07 14:46:03,805 - INFO - [GINSLIB] processing : 2022/05/24 04:44:10 Q=5
2026-01-07 14:46:03,805 - INFO - [GINSLIB] processing : 2022/05/24 04:44:11 Q=5
2026-01-07 14:46:03,805 - INFO - [GINSLIB] processing : 2022/05/24 04:44:12 Q=5
2026-01-07 14:46:03,806 - INFO - [GINSLIB] processing : 2022/05/24 04:44:13 Q=5
2026-01-07 14:46:03,896 - INFO - [GINSLIB] processing : 2022/05/24 04:44:14 Q=5
2026-01-07 14:46:03,897 - INFO - [GINSLIB] processing : 2022/05/24 04:44:15 Q=5
2026-01-07 14:46:03,897 - INFO - [GINSLIB] processing : 2022/05/24 04:44:16 Q=5
2026-01-07 14:46:03,897 - INFO - [GINSLIB] processing : 2022/05/24 04:44:17 Q=5
2026-01-07 14:46:03,897 - INFO - [GINSLIB] processing : 2022/05/24 04:44:18 Q=5
2026-01-07 14:46:03,897 - INFO - [GINSLIB] processing : 2022/05/24 04:44:19 Q=5
2026-01-07 14:46:03,898 - INFO - [GINSLIB] processing : 2022/05/24 04:44:20 Q=5
2026-01-07 14:46:03,898 - INFO - [GINSLIB] processing : 2022/05/24 04:44:21 Q=5
2026-01-07 14:46:03,898 - INFO - [GINSLIB] processing : 2022/05/24 04:44:22 Q=5
2026-01-07 14:46:03,898 - INFO - [GINSLIB] processing : 2022/05/24 04:44:23 Q=5
2026-01-07 14:46:03,898 - INFO - [GINSLIB] processing : 2022/05/24 04:44:24 Q=5
2026-01-07 14:46:03,898 - INFO - [GINSLIB] processing : 2022/05/24 04:44:25 Q=5
2026-01-07 14:46:03,899 - INFO - [GINSLIB] processing : 2022/05/24 04:44:26 Q=5
2026-01-07 14:46:03,899 - INFO - [GINSLIB] processing : 2022/05/24 04:44:27 Q=5
2026-01-07 14:46:03,899 - INFO - [GINSLIB] processing : 2022/05/24 04:44:28 Q=5
2026-01-07 14:46:03,899 - INFO - [GINSLIB] processing : 2022/05/24 04:44:29 Q=5
2026-01-07 14:46:03,899 - INFO - [GINSLIB] processing : 2022/05/24 04:44:30 Q=5
2026-01-07 14:46:03,900 - INFO - [GINSLIB] processing : 2022/05/24 04:44:31 Q=5
2026-01-07 14:46:03,900 - INFO - [GINSLIB] processing : 2022/05/24 04:44:32 Q=5
2026-01-07 14:46:03,900 - INFO - [GINSLIB] processing : 2022/05/24 04:44:33 Q=5
2026-01-07 14:46:03,900 - INFO - [GINSLIB] processing : 2022/05/24 04:44:34 Q=5
2026-01-07 14:46:03,900 - INFO - [GINSLIB] processing : 2022/05/24 04:44:35 Q=5
2026-01-07 14:46:03,996 - INFO - [GINSLIB] processing : 2022/05/24 04:44:36 Q=5
2026-01-07 14:46:03,996 - INFO - [GINSLIB] processing : 2022/05/24 04:44:37 Q=5
2026-01-07 14:46:03,996 - INFO - [GINSLIB] processing : 2022/05/24 04:44:38 Q=5
2026-01-07 14:46:03,997 - INFO - [GINSLIB] processing : 2022/05/24 04:44:39 Q=5
2026-01-07 14:46:03,997 - INFO - [GINSLIB] processing : 2022/05/24 04:44:40 Q=5
2026-01-07 14:46:03,997 - INFO - [GINSLIB] processing : 2022/05/24 04:44:41 Q=5
2026-01-07 14:46:03,997 - INFO - [GINSLIB] processing : 2022/05/24 04:44:42 Q=5
2026-01-07 14:46:03,997 - INFO - [GINSLIB] processing : 2022/05/24 04:44:43 Q=5
2026-01-07 14:46:03,997 - INFO - [GINSLIB] processing : 2022/05/24 04:44:44 Q=5
2026-01-07 14:46:03,997 - INFO - [GINSLIB] processing : 2022/05/24 04:44:45 Q=5
2026-01-07 14:46:03,997 - INFO - [GINSLIB] processing : 2022/05/24 04:44:46 Q=5
2026-01-07 14:46:03,997 - INFO - [GINSLIB] processing : 2022/05/24 04:44:47 Q=5
2026-01-07 14:46:03,997 - INFO - [GINSLIB] processing : 2022/05/24 04:44:48 Q=5
2026-01-07 14:46:03,997 - INFO - [GINSLIB] processing : 2022/05/24 04:44:49 Q=5
2026-01-07 14:46:03,998 - INFO - [GINSLIB] processing : 2022/05/24 04:44:50 Q=5
2026-01-07 14:46:03,998 - INFO - [GINSLIB] processing : 2022/05/24 04:44:51 Q=5
2026-01-07 14:46:03,998 - INFO - [GINSLIB] processing : 2022/05/24 04:44:52 Q=5
2026-01-07 14:46:03,998 - INFO - [GINSLIB] processing : 2022/05/24 04:44:53 Q=5
2026-01-07 14:46:03,998 - INFO - [GINSLIB] processing : 2022/05/24 04:44:54 Q=5
2026-01-07 14:46:03,998 - INFO - [GINSLIB] processing : 2022/05/24 04:44:55 Q=5
2026-01-07 14:46:03,999 - INFO - [GINSLIB] processing : 2022/05/24 04:44:56 Q=5
2026-01-07 14:46:03,999 - INFO - [GINSLIB] processing : 2022/05/24 04:44:57 Q=5
2026-01-07 14:46:04,085 - INFO - [GINSLIB] processing : 2022/05/24 04:44:58 Q=5
2026-01-07 14:46:04,085 - INFO - [GINSLIB] processing : 2022/05/24 04:44:59 Q=5
2026-01-07 14:46:04,085 - INFO - [GINSLIB] processing : 2022/05/24 04:45:00 Q=5
2026-01-07 14:46:04,085 - INFO - [GINSLIB] processing : 2022/05/24 04:45:01 Q=5
2026-01-07 14:46:04,085 - INFO - [GINSLIB] processing : 2022/05/24 04:45:02 Q=5
2026-01-07 14:46:04,086 - INFO - [GINSLIB] processing : 2022/05/24 04:45:03 Q=5
2026-01-07 14:46:04,086 - INFO - [GINSLIB] processing : 2022/05/24 04:45:04 Q=5
2026-01-07 14:46:04,086 - INFO - [GINSLIB] processing : 2022/05/24 04:45:05 Q=5
2026-01-07 14:46:04,087 - INFO - [GINSLIB] processing : 2022/05/24 04:45:06 Q=5
2026-01-07 14:46:04,087 - INFO - [GINSLIB] processing : 2022/05/24 04:45:07 Q=5
2026-01-07 14:46:04,087 - INFO - [GINSLIB] processing : 2022/05/24 04:45:08 Q=5
2026-01-07 14:46:04,087 - INFO - [GINSLIB] processing : 2022/05/24 04:45:09 Q=5
2026-01-07 14:46:04,088 - INFO - [GINSLIB] processing : 2022/05/24 04:45:10 Q=5
2026-01-07 14:46:04,088 - INFO - [GINSLIB] processing : 2022/05/24 04:45:11 Q=5
2026-01-07 14:46:04,088 - INFO - [GINSLIB] processing : 2022/05/24 04:45:12 Q=5
2026-01-07 14:46:04,088 - INFO - [GINSLIB] processing : 2022/05/24 04:45:13 Q=5
2026-01-07 14:46:04,088 - INFO - [GINSLIB] processing : 2022/05/24 04:45:14 Q=5
2026-01-07 14:46:04,089 - INFO - [GINSLIB] processing : 2022/05/24 04:45:15 Q=5
2026-01-07 14:46:04,089 - INFO - [GINSLIB] processing : 2022/05/24 04:45:16 Q=5
2026-01-07 14:46:04,089 - INFO - [GINSLIB] processing : 2022/05/24 04:45:17 Q=5
2026-01-07 14:46:04,089 - INFO - [GINSLIB] processing : 2022/05/24 04:45:18 Q=5
2026-01-07 14:46:04,089 - INFO - [GINSLIB] processing : 2022/05/24 04:45:19 Q=5
2026-01-07 14:46:04,176 - INFO - [GINSLIB] processing : 2022/05/24 04:45:20 Q=5
2026-01-07 14:46:04,176 - INFO - [GINSLIB] processing : 2022/05/24 04:45:21 Q=5
2026-01-07 14:46:04,177 - INFO - [GINSLIB] processing : 2022/05/24 04:45:22 Q=5
2026-01-07 14:46:04,177 - INFO - [GINSLIB] processing : 2022/05/24 04:45:23 Q=5
2026-01-07 14:46:04,177 - INFO - [GINSLIB] processing : 2022/05/24 04:45:24 Q=5
2026-01-07 14:46:04,177 - INFO - [GINSLIB] processing : 2022/05/24 04:45:25 Q=5
2026-01-07 14:46:04,177 - INFO - [GINSLIB] processing : 2022/05/24 04:45:26 Q=5
2026-01-07 14:46:04,177 - INFO - [GINSLIB] processing : 2022/05/24 04:45:27 Q=5
2026-01-07 14:46:04,178 - INFO - [GINSLIB] processing : 2022/05/24 04:45:28 Q=5
2026-01-07 14:46:04,178 - INFO - [GINSLIB] processing : 2022/05/24 04:45:29 Q=5
2026-01-07 14:46:04,178 - INFO - [GINSLIB] processing : 2022/05/24 04:45:30 Q=5
2026-01-07 14:46:04,178 - INFO - [GINSLIB] processing : 2022/05/24 04:45:31 Q=5
2026-01-07 14:46:04,178 - INFO - [GINSLIB] processing : 2022/05/24 04:45:32 Q=5
2026-01-07 14:46:04,179 - INFO - [GINSLIB] processing : 2022/05/24 04:45:33 Q=5
2026-01-07 14:46:04,179 - INFO - [GINSLIB] processing : 2022/05/24 04:45:34 Q=5
2026-01-07 14:46:04,179 - INFO - [GINSLIB] processing : 2022/05/24 04:45:35 Q=5
2026-01-07 14:46:04,179 - INFO - [GINSLIB] processing : 2022/05/24 04:45:36 Q=5
2026-01-07 14:46:04,179 - INFO - [GINSLIB] processing : 2022/05/24 04:45:37 Q=5
2026-01-07 14:46:04,179 - INFO - [GINSLIB] processing : 2022/05/24 04:45:38 Q=5
2026-01-07 14:46:04,180 - INFO - [GINSLIB] processing : 2022/05/24 04:45:39 Q=5
2026-01-07 14:46:04,180 - INFO - [GINSLIB] processing : 2022/05/24 04:45:40 Q=5
2026-01-07 14:46:04,180 - INFO - [GINSLIB] processing : 2022/05/24 04:45:41 Q=5
2026-01-07 14:46:04,263 - INFO - [GINSLIB] processing : 2022/05/24 04:45:42 Q=5
2026-01-07 14:46:04,263 - INFO - [GINSLIB] processing : 2022/05/24 04:45:43 Q=5
2026-01-07 14:46:04,263 - INFO - [GINSLIB] processing : 2022/05/24 04:45:44 Q=5
2026-01-07 14:46:04,263 - INFO - [GINSLIB] processing : 2022/05/24 04:45:45 Q=5
2026-01-07 14:46:04,264 - INFO - [GINSLIB] processing : 2022/05/24 04:45:46 Q=5
2026-01-07 14:46:04,264 - INFO - [GINSLIB] processing : 2022/05/24 04:45:47 Q=5
2026-01-07 14:46:04,264 - INFO - [GINSLIB] processing : 2022/05/24 04:45:48 Q=5
2026-01-07 14:46:04,264 - INFO - [GINSLIB] processing : 2022/05/24 04:45:49 Q=5
2026-01-07 14:46:04,264 - INFO - [GINSLIB] processing : 2022/05/24 04:45:50 Q=5
2026-01-07 14:46:04,265 - INFO - [GINSLIB] processing : 2022/05/24 04:45:51 Q=5
2026-01-07 14:46:04,265 - INFO - [GINSLIB] processing : 2022/05/24 04:45:52 Q=5
2026-01-07 14:46:04,265 - INFO - [GINSLIB] processing : 2022/05/24 04:45:53 Q=5
2026-01-07 14:46:04,265 - INFO - [GINSLIB] processing : 2022/05/24 04:45:54 Q=5
2026-01-07 14:46:04,265 - INFO - [GINSLIB] processing : 2022/05/24 04:45:55 Q=5
2026-01-07 14:46:04,266 - INFO - [GINSLIB] processing : 2022/05/24 04:45:56 Q=5
2026-01-07 14:46:04,266 - INFO - [GINSLIB] processing : 2022/05/24 04:45:57 Q=5
2026-01-07 14:46:04,266 - INFO - [GINSLIB] processing : 2022/05/24 04:45:58 Q=5
2026-01-07 14:46:04,266 - INFO - [GINSLIB] processing : 2022/05/24 04:45:59 Q=5
2026-01-07 14:46:04,266 - INFO - [GINSLIB] processing : 2022/05/24 04:46:00 Q=5
2026-01-07 14:46:04,267 - INFO - [GINSLIB] processing : 2022/05/24 04:46:01 Q=5
2026-01-07 14:46:04,267 - INFO - [GINSLIB] processing : 2022/05/24 04:46:02 Q=5
2026-01-07 14:46:04,267 - INFO - [GINSLIB] processing : 2022/05/24 04:46:03 Q=5
2026-01-07 14:46:04,340 - INFO - [GINSLIB] processing : 2022/05/24 04:46:04 Q=5
2026-01-07 14:46:04,341 - INFO - [GINSLIB] processing : 2022/05/24 04:46:05 Q=5
2026-01-07 14:46:04,341 - INFO - [GINSLIB] processing : 2022/05/24 04:46:06 Q=5
2026-01-07 14:46:04,341 - INFO - [GINSLIB] processing : 2022/05/24 04:46:07 Q=5
2026-01-07 14:46:04,341 - INFO - [GINSLIB] processing : 2022/05/24 04:46:08 Q=5
2026-01-07 14:46:04,342 - INFO - [GINSLIB] processing : 2022/05/24 04:46:09 Q=5
2026-01-07 14:46:04,342 - INFO - [GINSLIB] processing : 2022/05/24 04:46:10 Q=5
2026-01-07 14:46:04,342 - INFO - [GINSLIB] processing : 2022/05/24 04:46:11 Q=5
2026-01-07 14:46:04,342 - INFO - [GINSLIB] processing : 2022/05/24 04:46:12 Q=5
2026-01-07 14:46:04,342 - INFO - [GINSLIB] processing : 2022/05/24 04:46:13 Q=5
2026-01-07 14:46:04,343 - INFO - [GINSLIB] processing : 2022/05/24 04:46:14 Q=5
2026-01-07 14:46:04,343 - INFO - [GINSLIB] processing : 2022/05/24 04:46:15 Q=5
2026-01-07 14:46:04,343 - INFO - [GINSLIB] processing : 2022/05/24 04:46:16 Q=5
2026-01-07 14:46:04,343 - INFO - [GINSLIB] processing : 2022/05/24 04:46:17 Q=5
2026-01-07 14:46:04,343 - INFO - [GINSLIB] processing : 2022/05/24 04:46:18 Q=5
2026-01-07 14:46:04,344 - INFO - [GINSLIB] processing : 2022/05/24 04:46:19 Q=5
2026-01-07 14:46:04,344 - INFO - [GINSLIB] processing : 2022/05/24 04:46:20 Q=5
2026-01-07 14:46:04,344 - INFO - [GINSLIB] processing : 2022/05/24 04:46:21 Q=5
2026-01-07 14:46:04,344 - INFO - [GINSLIB] processing : 2022/05/24 04:46:22 Q=5
2026-01-07 14:46:04,344 - INFO - [GINSLIB] processing : 2022/05/24 04:46:23 Q=5
2026-01-07 14:46:04,344 - INFO - [GINSLIB] processing : 2022/05/24 04:46:24 Q=5
2026-01-07 14:46:04,345 - INFO - [GINSLIB] processing : 2022/05/24 04:46:25 Q=5
2026-01-07 14:46:04,345 - INFO - [GINSLIB] processing : 2022/05/24 04:46:26 Q=5
2026-01-07 14:46:04,416 - INFO - [GINSLIB] processing : 2022/05/24 04:46:27 Q=5
2026-01-07 14:46:04,416 - INFO - [GINSLIB] processing : 2022/05/24 04:46:28 Q=5
2026-01-07 14:46:04,416 - INFO - [GINSLIB] processing : 2022/05/24 04:46:29 Q=5
2026-01-07 14:46:04,416 - INFO - [GINSLIB] processing : 2022/05/24 04:46:30 Q=5
2026-01-07 14:46:04,417 - INFO - [GINSLIB] processing : 2022/05/24 04:46:31 Q=5
2026-01-07 14:46:04,417 - INFO - [GINSLIB] processing : 2022/05/24 04:46:32 Q=5
2026-01-07 14:46:04,417 - INFO - [GINSLIB] processing : 2022/05/24 04:46:33 Q=5
2026-01-07 14:46:04,417 - INFO - [GINSLIB] processing : 2022/05/24 04:46:34 Q=5
2026-01-07 14:46:04,417 - INFO - [GINSLIB] processing : 2022/05/24 04:46:35 Q=5
2026-01-07 14:46:04,418 - INFO - [GINSLIB] processing : 2022/05/24 04:46:36 Q=5
2026-01-07 14:46:04,418 - INFO - [GINSLIB] processing : 2022/05/24 04:46:37 Q=5
2026-01-07 14:46:04,418 - INFO - [GINSLIB] processing : 2022/05/24 04:46:38 Q=5
2026-01-07 14:46:04,418 - INFO - [GINSLIB] processing : 2022/05/24 04:46:39 Q=5
2026-01-07 14:46:04,418 - INFO - [GINSLIB] processing : 2022/05/24 04:46:40 Q=5
2026-01-07 14:46:04,419 - INFO - [GINSLIB] processing : 2022/05/24 04:46:41 Q=5
2026-01-07 14:46:04,419 - INFO - [GINSLIB] processing : 2022/05/24 04:46:42 Q=5
2026-01-07 14:46:04,419 - INFO - [GINSLIB] processing : 2022/05/24 04:46:43 Q=5
2026-01-07 14:46:04,419 - INFO - [GINSLIB] processing : 2022/05/24 04:46:44 Q=5
2026-01-07 14:46:04,419 - INFO - [GINSLIB] processing : 2022/05/24 04:46:45 Q=5
2026-01-07 14:46:04,420 - INFO - [GINSLIB] processing : 2022/05/24 04:46:46 Q=5
2026-01-07 14:46:04,420 - INFO - [GINSLIB] processing : 2022/05/24 04:46:47 Q=5
2026-01-07 14:46:04,420 - INFO - [GINSLIB] processing : 2022/05/24 04:46:48 Q=5
2026-01-07 14:46:04,493 - INFO - [GINSLIB] processing : 2022/05/24 04:46:49 Q=5
2026-01-07 14:46:04,493 - INFO - [GINSLIB] processing : 2022/05/24 04:46:50 Q=5
2026-01-07 14:46:04,493 - INFO - [GINSLIB] processing : 2022/05/24 04:46:51 Q=5
2026-01-07 14:46:04,493 - INFO - [GINSLIB] processing : 2022/05/24 04:46:52 Q=5
2026-01-07 14:46:04,493 - INFO - [GINSLIB] processing : 2022/05/24 04:46:53 Q=5
2026-01-07 14:46:04,494 - INFO - [GINSLIB] processing : 2022/05/24 04:46:54 Q=5
2026-01-07 14:46:04,494 - INFO - [GINSLIB] processing : 2022/05/24 04:46:55 Q=5
2026-01-07 14:46:04,494 - INFO - [GINSLIB] processing : 2022/05/24 04:46:56 Q=5
2026-01-07 14:46:04,494 - INFO - [GINSLIB] processing : 2022/05/24 04:46:57 Q=5
2026-01-07 14:46:04,494 - INFO - [GINSLIB] processing : 2022/05/24 04:46:58 Q=5
2026-01-07 14:46:04,494 - INFO - [GINSLIB] processing : 2022/05/24 04:46:59 Q=5
2026-01-07 14:46:04,494 - INFO - [GINSLIB] processing : 2022/05/24 04:47:00 Q=5
2026-01-07 14:46:04,494 - INFO - [GINSLIB] processing : 2022/05/24 04:47:01 Q=5
2026-01-07 14:46:04,495 - INFO - [GINSLIB] processing : 2022/05/24 04:47:02 Q=5
2026-01-07 14:46:04,495 - INFO - [GINSLIB] processing : 2022/05/24 04:47:03 Q=5
2026-01-07 14:46:04,495 - INFO - [GINSLIB] processing : 2022/05/24 04:47:04 Q=5
2026-01-07 14:46:04,495 - INFO - [GINSLIB] processing : 2022/05/24 04:47:05 Q=5
2026-01-07 14:46:04,495 - INFO - [GINSLIB] processing : 2022/05/24 04:47:06 Q=5
2026-01-07 14:46:04,495 - INFO - [GINSLIB] processing : 2022/05/24 04:47:07 Q=5
2026-01-07 14:46:04,495 - INFO - [GINSLIB] processing : 2022/05/24 04:47:08 Q=5
2026-01-07 14:46:04,495 - INFO - [GINSLIB] processing : 2022/05/24 04:47:09 Q=5
2026-01-07 14:46:04,495 - INFO - [GINSLIB] processing : 2022/05/24 04:47:10 Q=5
2026-01-07 14:46:04,573 - INFO - [GINSLIB] processing : 2022/05/24 04:47:11 Q=5
2026-01-07 14:46:04,573 - INFO - [GINSLIB] processing : 2022/05/24 04:47:12 Q=5
2026-01-07 14:46:04,574 - INFO - [GINSLIB] processing : 2022/05/24 04:47:13 Q=5
2026-01-07 14:46:04,574 - INFO - [GINSLIB] processing : 2022/05/24 04:47:14 Q=5
2026-01-07 14:46:04,574 - INFO - [GINSLIB] processing : 2022/05/24 04:47:15 Q=5
2026-01-07 14:46:04,574 - INFO - [GINSLIB] processing : 2022/05/24 04:47:16 Q=5
2026-01-07 14:46:04,575 - INFO - [GINSLIB] processing : 2022/05/24 04:47:17 Q=5
2026-01-07 14:46:04,575 - INFO - [GINSLIB] processing : 2022/05/24 04:47:18 Q=5
2026-01-07 14:46:04,575 - INFO - [GINSLIB] processing : 2022/05/24 04:47:19 Q=5
2026-01-07 14:46:04,575 - INFO - [GINSLIB] processing : 2022/05/24 04:47:20 Q=5
2026-01-07 14:46:04,575 - INFO - [GINSLIB] processing : 2022/05/24 04:47:21 Q=5
2026-01-07 14:46:04,575 - INFO - [GINSLIB] processing : 2022/05/24 04:47:22 Q=5
2026-01-07 14:46:04,575 - INFO - [GINSLIB] processing : 2022/05/24 04:47:23 Q=5
2026-01-07 14:46:04,575 - INFO - [GINSLIB] processing : 2022/05/24 04:47:24 Q=5
2026-01-07 14:46:04,575 - INFO - [GINSLIB] processing : 2022/05/24 04:47:25 Q=5
2026-01-07 14:46:04,575 - INFO - [GINSLIB] processing : 2022/05/24 04:47:26 Q=5
2026-01-07 14:46:04,575 - INFO - [GINSLIB] processing : 2022/05/24 04:47:27 Q=5
2026-01-07 14:46:04,576 - INFO - [GINSLIB] processing : 2022/05/24 04:47:28 Q=5
2026-01-07 14:46:04,576 - INFO - [GINSLIB] processing : 2022/05/24 04:47:29 Q=5
2026-01-07 14:46:04,576 - INFO - [GINSLIB] processing : 2022/05/24 04:47:30 Q=5
2026-01-07 14:46:04,576 - INFO - [GINSLIB] processing : 2022/05/24 04:47:31 Q=5
2026-01-07 14:46:04,576 - INFO - [GINSLIB] processing : 2022/05/24 04:47:32 Q=5
2026-01-07 14:46:04,648 - INFO - [GINSLIB] processing : 2022/05/24 04:47:33 Q=5
2026-01-07 14:46:04,649 - INFO - [GINSLIB] processing : 2022/05/24 04:47:34 Q=5
2026-01-07 14:46:04,649 - INFO - [GINSLIB] processing : 2022/05/24 04:47:35 Q=5
2026-01-07 14:46:04,649 - INFO - [GINSLIB] processing : 2022/05/24 04:47:36 Q=5
2026-01-07 14:46:04,649 - INFO - [GINSLIB] processing : 2022/05/24 04:47:37 Q=5
2026-01-07 14:46:04,649 - INFO - [GINSLIB] processing : 2022/05/24 04:47:38 Q=5
2026-01-07 14:46:04,650 - INFO - [GINSLIB] processing : 2022/05/24 04:47:39 Q=5
2026-01-07 14:46:04,650 - INFO - [GINSLIB] processing : 2022/05/24 04:47:40 Q=5
2026-01-07 14:46:04,650 - INFO - [GINSLIB] processing : 2022/05/24 04:47:41 Q=5
2026-01-07 14:46:04,650 - INFO - [GINSLIB] processing : 2022/05/24 04:47:42 Q=5
2026-01-07 14:46:04,650 - INFO - [GINSLIB] processing : 2022/05/24 04:47:43 Q=5
2026-01-07 14:46:04,651 - INFO - [GINSLIB] processing : 2022/05/24 04:47:44 Q=5
2026-01-07 14:46:04,651 - INFO - [GINSLIB] processing : 2022/05/24 04:47:45 Q=5
2026-01-07 14:46:04,651 - INFO - [GINSLIB] processing : 2022/05/24 04:47:46 Q=5
2026-01-07 14:46:04,651 - INFO - [GINSLIB] processing : 2022/05/24 04:47:47 Q=5
2026-01-07 14:46:04,652 - INFO - [GINSLIB] processing : 2022/05/24 04:47:48 Q=5
2026-01-07 14:46:04,652 - INFO - [GINSLIB] processing : 2022/05/24 04:47:49 Q=5
2026-01-07 14:46:04,652 - INFO - [GINSLIB] processing : 2022/05/24 04:47:50 Q=5
2026-01-07 14:46:04,652 - INFO - [GINSLIB] processing : 2022/05/24 04:47:51 Q=5
2026-01-07 14:46:04,652 - INFO - [GINSLIB] processing : 2022/05/24 04:47:52 Q=5
2026-01-07 14:46:04,653 - INFO - [GINSLIB] processing : 2022/05/24 04:47:53 Q=5
2026-01-07 14:46:04,653 - INFO - [GINSLIB] processing : 2022/05/24 04:47:54 Q=5
2026-01-07 14:46:04,723 - INFO - [GINSLIB] processing : 2022/05/24 04:47:55 Q=5
2026-01-07 14:46:04,723 - INFO - [GINSLIB] processing : 2022/05/24 04:47:56 Q=5
2026-01-07 14:46:04,723 - INFO - [GINSLIB] processing : 2022/05/24 04:47:57 Q=5
2026-01-07 14:46:04,723 - INFO - [GINSLIB] processing : 2022/05/24 04:47:58 Q=5
2026-01-07 14:46:04,723 - INFO - [GINSLIB] processing : 2022/05/24 04:47:59 Q=5
2026-01-07 14:46:04,724 - INFO - [GINSLIB] processing : 2022/05/24 04:48:00 Q=5
2026-01-07 14:46:04,724 - INFO - [GINSLIB] processing : 2022/05/24 04:48:01 Q=5
2026-01-07 14:46:04,724 - INFO - [GINSLIB] processing : 2022/05/24 04:48:02 Q=5
2026-01-07 14:46:04,724 - INFO - [GINSLIB] processing : 2022/05/24 04:48:03 Q=5
2026-01-07 14:46:04,724 - INFO - [GINSLIB] processing : 2022/05/24 04:48:04 Q=5
2026-01-07 14:46:04,725 - INFO - [GINSLIB] processing : 2022/05/24 04:48:05 Q=5
2026-01-07 14:46:04,725 - INFO - [GINSLIB] processing : 2022/05/24 04:48:06 Q=5
2026-01-07 14:46:04,725 - INFO - [GINSLIB] processing : 2022/05/24 04:48:07 Q=5
2026-01-07 14:46:04,725 - INFO - [GINSLIB] processing : 2022/05/24 04:48:08 Q=5
2026-01-07 14:46:04,725 - INFO - [GINSLIB] processing : 2022/05/24 04:48:09 Q=5
2026-01-07 14:46:04,725 - INFO - [GINSLIB] processing : 2022/05/24 04:48:10 Q=5
2026-01-07 14:46:04,726 - INFO - [GINSLIB] processing : 2022/05/24 04:48:11 Q=5
2026-01-07 14:46:04,726 - INFO - [GINSLIB] processing : 2022/05/24 04:48:12 Q=5
2026-01-07 14:46:04,726 - INFO - [GINSLIB] processing : 2022/05/24 04:48:13 Q=5
2026-01-07 14:46:04,726 - INFO - [GINSLIB] processing : 2022/05/24 04:48:14 Q=5
2026-01-07 14:46:04,726 - INFO - [GINSLIB] processing : 2022/05/24 04:48:15 Q=5
2026-01-07 14:46:04,726 - INFO - [GINSLIB] processing : 2022/05/24 04:48:16 Q=5
2026-01-07 14:46:04,797 - INFO - [GINSLIB] processing : 2022/05/24 04:48:17 Q=5
2026-01-07 14:46:04,797 - INFO - [GINSLIB] processing : 2022/05/24 04:48:18 Q=5
2026-01-07 14:46:04,797 - INFO - [GINSLIB] processing : 2022/05/24 04:48:19 Q=5
2026-01-07 14:46:04,798 - INFO - [GINSLIB] processing : 2022/05/24 04:48:20 Q=5
2026-01-07 14:46:04,798 - INFO - [GINSLIB] processing : 2022/05/24 04:48:21 Q=5
2026-01-07 14:46:04,798 - INFO - [GINSLIB] processing : 2022/05/24 04:48:22 Q=5
2026-01-07 14:46:04,798 - INFO - [GINSLIB] processing : 2022/05/24 04:48:23 Q=5
2026-01-07 14:46:04,798 - INFO - [GINSLIB] processing : 2022/05/24 04:48:24 Q=5
2026-01-07 14:46:04,799 - INFO - [GINSLIB] processing : 2022/05/24 04:48:25 Q=5
2026-01-07 14:46:04,799 - INFO - [GINSLIB] processing : 2022/05/24 04:48:26 Q=5
2026-01-07 14:46:04,799 - INFO - [GINSLIB] processing : 2022/05/24 04:48:27 Q=5
2026-01-07 14:46:04,799 - INFO - [GINSLIB] processing : 2022/05/24 04:48:28 Q=5
2026-01-07 14:46:04,799 - INFO - [GINSLIB] processing : 2022/05/24 04:48:29 Q=5
2026-01-07 14:46:04,799 - INFO - [GINSLIB] processing : 2022/05/24 04:48:30 Q=5
2026-01-07 14:46:04,800 - INFO - [GINSLIB] processing : 2022/05/24 04:48:31 Q=5
2026-01-07 14:46:04,800 - INFO - [GINSLIB] processing : 2022/05/24 04:48:32 Q=5
2026-01-07 14:46:04,800 - INFO - [GINSLIB] processing : 2022/05/24 04:48:33 Q=5
2026-01-07 14:46:04,800 - INFO - [GINSLIB] processing : 2022/05/24 04:48:34 Q=5
2026-01-07 14:46:04,800 - INFO - [GINSLIB] processing : 2022/05/24 04:48:35 Q=5
2026-01-07 14:46:04,800 - INFO - [GINSLIB] processing : 2022/05/24 04:48:36 Q=5
2026-01-07 14:46:04,801 - INFO - [GINSLIB] processing : 2022/05/24 04:48:37 Q=5
2026-01-07 14:46:04,801 - INFO - [GINSLIB] processing : 2022/05/24 04:48:38 Q=5
2026-01-07 14:46:04,873 - INFO - [GINSLIB] processing : 2022/05/24 04:48:39 Q=5
2026-01-07 14:46:04,873 - INFO - [GINSLIB] processing : 2022/05/24 04:48:40 Q=5
2026-01-07 14:46:04,873 - INFO - [GINSLIB] processing : 2022/05/24 04:48:41 Q=5
2026-01-07 14:46:04,873 - INFO - [GINSLIB] processing : 2022/05/24 04:48:42 Q=5
2026-01-07 14:46:04,874 - INFO - [GINSLIB] processing : 2022/05/24 04:48:43 Q=5
2026-01-07 14:46:04,874 - INFO - [GINSLIB] processing : 2022/05/24 04:48:44 Q=5
2026-01-07 14:46:04,874 - INFO - [GINSLIB] processing : 2022/05/24 04:48:45 Q=5
2026-01-07 14:46:04,874 - INFO - [GINSLIB] processing : 2022/05/24 04:48:46 Q=5
2026-01-07 14:46:04,875 - INFO - [GINSLIB] processing : 2022/05/24 04:48:47 Q=5
2026-01-07 14:46:04,875 - INFO - [GINSLIB] processing : 2022/05/24 04:48:48 Q=5
2026-01-07 14:46:04,875 - INFO - [GINSLIB] processing : 2022/05/24 04:48:49 Q=5
2026-01-07 14:46:04,875 - INFO - [GINSLIB] processing : 2022/05/24 04:48:50 Q=5
2026-01-07 14:46:04,876 - INFO - [GINSLIB] processing : 2022/05/24 04:48:51 Q=5
2026-01-07 14:46:04,876 - INFO - [GINSLIB] processing : 2022/05/24 04:48:52 Q=5
2026-01-07 14:46:04,876 - INFO - [GINSLIB] processing : 2022/05/24 04:48:53 Q=5
2026-01-07 14:46:04,876 - INFO - [GINSLIB] processing : 2022/05/24 04:48:54 Q=5
2026-01-07 14:46:04,876 - INFO - [GINSLIB] processing : 2022/05/24 04:48:55 Q=5
2026-01-07 14:46:04,876 - INFO - [GINSLIB] processing : 2022/05/24 04:48:56 Q=5
2026-01-07 14:46:04,877 - INFO - [GINSLIB] processing : 2022/05/24 04:48:57 Q=5
2026-01-07 14:46:04,877 - INFO - [GINSLIB] processing : 2022/05/24 04:48:58 Q=5
2026-01-07 14:46:04,877 - INFO - [GINSLIB] processing : 2022/05/24 04:48:59 Q=5
2026-01-07 14:46:04,877 - INFO - [GINSLIB] processing : 2022/05/24 04:49:00 Q=5
2026-01-07 14:46:04,877 - INFO - [GINSLIB] processing : 2022/05/24 04:49:01 Q=5
2026-01-07 14:46:04,954 - INFO - [GINSLIB] processing : 2022/05/24 04:49:02 Q=5
2026-01-07 14:46:04,955 - INFO - [GINSLIB] processing : 2022/05/24 04:49:03 Q=5
2026-01-07 14:46:04,955 - INFO - [GINSLIB] processing : 2022/05/24 04:49:04 Q=5
2026-01-07 14:46:04,955 - INFO - [GINSLIB] processing : 2022/05/24 04:49:05 Q=5
2026-01-07 14:46:04,955 - INFO - [GINSLIB] processing : 2022/05/24 04:49:06 Q=5
2026-01-07 14:46:04,955 - INFO - [GINSLIB] processing : 2022/05/24 04:49:07 Q=5
2026-01-07 14:46:04,955 - INFO - [GINSLIB] processing : 2022/05/24 04:49:08 Q=5
2026-01-07 14:46:04,956 - INFO - [GINSLIB] processing : 2022/05/24 04:49:09 Q=5
2026-01-07 14:46:04,956 - INFO - [GINSLIB] processing : 2022/05/24 04:49:10 Q=5
2026-01-07 14:46:04,956 - INFO - [GINSLIB] processing : 2022/05/24 04:49:11 Q=5
2026-01-07 14:46:04,956 - INFO - [GINSLIB] processing : 2022/05/24 04:49:12 Q=5
2026-01-07 14:46:04,957 - INFO - [GINSLIB] processing : 2022/05/24 04:49:13 Q=5
2026-01-07 14:46:04,957 - INFO - [GINSLIB] processing : 2022/05/24 04:49:14 Q=5
2026-01-07 14:46:04,957 - INFO - [GINSLIB] processing : 2022/05/24 04:49:15 Q=5
2026-01-07 14:46:04,957 - INFO - [GINSLIB] processing : 2022/05/24 04:49:16 Q=5
2026-01-07 14:46:04,957 - INFO - [GINSLIB] processing : 2022/05/24 04:49:17 Q=5
2026-01-07 14:46:04,958 - INFO - [GINSLIB] processing : 2022/05/24 04:49:18 Q=5
2026-01-07 14:46:04,958 - INFO - [GINSLIB] processing : 2022/05/24 04:49:19 Q=5
2026-01-07 14:46:04,958 - INFO - [GINSLIB] processing : 2022/05/24 04:49:20 Q=5
2026-01-07 14:46:04,958 - INFO - [GINSLIB] Total processing time of program: 7.339000 sec!
2026-01-07 14:46:04,959 - INFO - ✓ MG300_Uav_open_20220524_2 SPP 执行成功
2026-01-07 14:46:04,959 - INFO - 开始误差分析
2026-01-07 14:46:04,959 - INFO - - 结果文件: G:\Navigation_Learn\GNSS\RTKLIB-b34k\data\GNSS_INS\MG300_Uav_open_20220524_2\result\GNSS_Uav_open_20220524_2_SPP_F.pos
2026-01-07 14:46:04,959 - INFO - - 参考文件: G:\Navigation_Learn\GNSS\RTKLIB-b34k\data\GNSS_INS\MG300_Uav_open_20220524_2\truth.truth
2026-01-07 14:46:04,960 - INFO - ============================================================
2026-01-07 14:46:04,960 - INFO - 开始处理: MG300_Uav_open_20220524_2
2026-01-07 14:46:04,960 - INFO - 处理模式: SPP
2026-01-07 14:46:04,960 - INFO - ============================================================
2026-01-07 14:46:04,960 - INFO - GNSS模式，仅绘制位置误差
2026-01-07 14:46:04,981 - INFO - ✓ 结果文件数据读取成功 G:\Navigation_Learn\GNSS\RTKLIB-b34k\data\GNSS_INS\MG300_Uav_open_20220524_2\result\GNSS_Uav_open_20220524_2_SPP_F.pos
2026-01-07 14:46:04,993 - INFO - ✓ 参考文件数据读取成功 G:\Navigation_Learn\GNSS\RTKLIB-b34k\data\GNSS_INS\MG300_Uav_open_20220524_2\truth.truth
2026-01-07 14:46:05,375 - INFO - 位置误差RMS: E=1.3204m, N=1.8402m, U=2.7488m, 3D=3.5617m
2026-01-07 14:46:05,376 - INFO - ✓ 创建保存目录: G:\Navigation_Learn\GNSS\RTKLIB-b34k\batch_process\figure\MG300_Uav_open_20220524_2
2026-01-07 14:46:05,683 - INFO - ✓ 保存图像: G:\Navigation_Learn\GNSS\RTKLIB-b34k\batch_process\figure\MG300_Uav_open_20220524_2\GNSS_Uav_open_20220524_2_SPP_F_pos.png
2026-01-07 14:46:05,695 - INFO - ✓ 所有图像已保存到 G:\Navigation_Learn\GNSS\RTKLIB-b34k\batch_process\figure\MG300_Uav_open_20220524_2
2026-01-07 14:46:05,695 - INFO - ✓ 误差分析完成: GNSS_Uav_open_20220524_2_SPP_F.pos
2026-01-07 14:46:10,197 - INFO - [GINSLIB] processing : 2022/05/24 04:28:21 Q=0
2026-01-07 14:46:10,197 - INFO - [GINSLIB] INS initial alignment completed: 04:28:21.00  0188901.00!
2026-01-07 14:46:10,197 - INFO - [GINSLIB] processing : 2022/05/24 04:28:21 Q=5
2026-01-07 14:46:10,197 - INFO - [GINSLIB] processing : 2022/05/24 04:28:22 Q=5
2026-01-07 14:46:10,216 - INFO - [GINSLIB] processing : 2022/05/24 04:28:23 Q=5
2026-01-07 14:46:10,231 - INFO - [GINSLIB] processing : 2022/05/24 04:28:24 Q=5
2026-01-07 14:46:10,251 - INFO - [GINSLIB] processing : 2022/05/24 04:28:25 Q=5
2026-01-07 14:46:10,269 - INFO - [GINSLIB] processing : 2022/05/24 04:28:26 Q=5
2026-01-07 14:46:10,280 - INFO - [GINSLIB] processing : 2022/05/24 04:28:27 Q=5
2026-01-07 14:46:10,300 - INFO - [GINSLIB] processing : 2022/05/24 04:28:28 Q=5
2026-01-07 14:46:10,318 - INFO - [GINSLIB] processing : 2022/05/24 04:28:29 Q=5
2026-01-07 14:46:10,337 - INFO - [GINSLIB] processing : 2022/05/24 04:28:30 Q=5
2026-01-07 14:46:10,354 - INFO - [GINSLIB] processing : 2022/05/24 04:28:31 Q=5
2026-01-07 14:46:10,375 - INFO - [GINSLIB] processing : 2022/05/24 04:28:32 Q=5
2026-01-07 14:46:10,384 - INFO - [GINSLIB] processing : 2022/05/24 04:28:33 Q=5
2026-01-07 14:46:10,400 - INFO - [GINSLIB] processing : 2022/05/24 04:28:34 Q=5
2026-01-07 14:46:10,421 - INFO - [GINSLIB] processing : 2022/05/24 04:28:35 Q=5
2026-01-07 14:46:10,437 - INFO - [GINSLIB] processing : 2022/05/24 04:28:36 Q=5
2026-01-07 14:46:10,458 - INFO - [GINSLIB] processing : 2022/05/24 04:28:37 Q=5
2026-01-07 14:46:10,465 - INFO - [GINSLIB] processing : 2022/05/24 04:28:38 Q=5
2026-01-07 14:46:10,485 - INFO - [GINSLIB] processing : 2022/05/24 04:28:39 Q=5
2026-01-07 14:46:10,502 - INFO - [GINSLIB] processing : 2022/05/24 04:28:40 Q=5
2026-01-07 14:46:10,523 - INFO - [GINSLIB] processing : 2022/05/24 04:28:41 Q=5
2026-01-07 14:46:10,543 - INFO - [GINSLIB] processing : 2022/05/24 04:28:42 Q=5
2026-01-07 14:46:10,549 - INFO - [GINSLIB] processing : 2022/05/24 04:28:43 Q=5
2026-01-07 14:46:10,571 - INFO - [GINSLIB] processing : 2022/05/24 04:28:44 Q=5
2026-01-07 14:46:10,588 - INFO - [GINSLIB] processing : 2022/05/24 04:28:45 Q=5
2026-01-07 14:46:10,609 - INFO - [GINSLIB] processing : 2022/05/24 04:28:46 Q=5
2026-01-07 14:46:10,627 - INFO - [GINSLIB] processing : 2022/05/24 04:28:47 Q=5
2026-01-07 14:46:10,637 - INFO - [GINSLIB] processing : 2022/05/24 04:28:48 Q=5
2026-01-07 14:46:10,662 - INFO - [GINSLIB] processing : 2022/05/24 04:28:49 Q=5
2026-01-07 14:46:10,680 - INFO - [GINSLIB] processing : 2022/05/24 04:28:50 Q=5
2026-01-07 14:46:10,701 - INFO - [GINSLIB] processing : 2022/05/24 04:28:51 Q=5
2026-01-07 14:46:10,719 - INFO - [GINSLIB] processing : 2022/05/24 04:28:52 Q=5
2026-01-07 14:46:10,728 - INFO - [GINSLIB] processing : 2022/05/24 04:28:53 Q=5
2026-01-07 14:46:10,748 - INFO - [GINSLIB] processing : 2022/05/24 04:28:54 Q=5
2026-01-07 14:46:10,767 - INFO - [GINSLIB] processing : 2022/05/24 04:28:55 Q=5
2026-01-07 14:46:10,787 - INFO - [GINSLIB] processing : 2022/05/24 04:28:56 Q=5
2026-01-07 14:46:10,804 - INFO - [GINSLIB] processing : 2022/05/24 04:28:57 Q=5
2026-01-07 14:46:10,814 - INFO - [GINSLIB] processing : 2022/05/24 04:28:58 Q=5
2026-01-07 14:46:10,835 - INFO - [GINSLIB] processing : 2022/05/24 04:28:59 Q=5
2026-01-07 14:46:10,852 - INFO - [GINSLIB] processing : 2022/05/24 04:29:00 Q=5
2026-01-07 14:46:10,872 - INFO - [GINSLIB] processing : 2022/05/24 04:29:01 Q=5
2026-01-07 14:46:10,888 - INFO - [GINSLIB] processing : 2022/05/24 04:29:02 Q=5
2026-01-07 14:46:10,908 - INFO - [GINSLIB] processing : 2022/05/24 04:29:03 Q=5
2026-01-07 14:46:10,914 - INFO - [GINSLIB] processing : 2022/05/24 04:29:04 Q=5
2026-01-07 14:46:10,934 - INFO - [GINSLIB] processing : 2022/05/24 04:29:05 Q=5
2026-01-07 14:46:10,953 - INFO - [GINSLIB] processing : 2022/05/24 04:29:06 Q=5
2026-01-07 14:46:10,969 - INFO - [GINSLIB] processing : 2022/05/24 04:29:07 Q=5
2026-01-07 14:46:10,990 - INFO - [GINSLIB] processing : 2022/05/24 04:29:08 Q=5
2026-01-07 14:46:10,997 - INFO - [GINSLIB] processing : 2022/05/24 04:29:09 Q=5
2026-01-07 14:46:11,016 - INFO - [GINSLIB] processing : 2022/05/24 04:29:10 Q=5
2026-01-07 14:46:11,033 - INFO - [GINSLIB] processing : 2022/05/24 04:29:11 Q=5
2026-01-07 14:46:11,053 - INFO - [GINSLIB] processing : 2022/05/24 04:29:12 Q=5
2026-01-07 14:46:11,072 - INFO - [GINSLIB] processing : 2022/05/24 04:29:13 Q=5
2026-01-07 14:46:11,079 - INFO - [GINSLIB] processing : 2022/05/24 04:29:14 Q=5
2026-01-07 14:46:11,105 - INFO - [GINSLIB] processing : 2022/05/24 04:29:15 Q=5
2026-01-07 14:46:11,121 - INFO - [GINSLIB] processing : 2022/05/24 04:29:16 Q=5
2026-01-07 14:46:11,141 - INFO - [GINSLIB] processing : 2022/05/24 04:29:17 Q=5
2026-01-07 14:46:11,159 - INFO - [GINSLIB] processing : 2022/05/24 04:29:18 Q=5
2026-01-07 14:46:11,169 - INFO - [GINSLIB] processing : 2022/05/24 04:29:19 Q=5
2026-01-07 14:46:11,190 - INFO - [GINSLIB] processing : 2022/05/24 04:29:20 Q=5
2026-01-07 14:46:11,208 - INFO - [GINSLIB] processing : 2022/05/24 04:29:21 Q=5
2026-01-07 14:46:11,230 - INFO - [GINSLIB] processing : 2022/05/24 04:29:22 Q=5
2026-01-07 14:46:11,249 - INFO - [GINSLIB] processing : 2022/05/24 04:29:23 Q=5
2026-01-07 14:46:11,261 - INFO - [GINSLIB] processing : 2022/05/24 04:29:24 Q=5
2026-01-07 14:46:11,282 - INFO - [GINSLIB] processing : 2022/05/24 04:29:25 Q=5
2026-01-07 14:46:11,300 - INFO - [GINSLIB] processing : 2022/05/24 04:29:26 Q=5
2026-01-07 14:46:11,321 - INFO - [GINSLIB] processing : 2022/05/24 04:29:27 Q=5
2026-01-07 14:46:11,337 - INFO - [GINSLIB] processing : 2022/05/24 04:29:28 Q=5
2026-01-07 14:46:11,346 - INFO - [GINSLIB] processing : 2022/05/24 04:29:29 Q=5
2026-01-07 14:46:11,365 - INFO - [GINSLIB] processing : 2022/05/24 04:29:30 Q=5
2026-01-07 14:46:11,381 - INFO - [GINSLIB] processing : 2022/05/24 04:29:31 Q=5
2026-01-07 14:46:11,401 - INFO - [GINSLIB] processing : 2022/05/24 04:29:32 Q=5
2026-01-07 14:46:11,418 - INFO - [GINSLIB] processing : 2022/05/24 04:29:33 Q=5
2026-01-07 14:46:11,435 - INFO - [GINSLIB] processing : 2022/05/24 04:29:34 Q=5
2026-01-07 14:46:11,442 - INFO - [GINSLIB] processing : 2022/05/24 04:29:35 Q=5
2026-01-07 14:46:11,460 - INFO - [GINSLIB] processing : 2022/05/24 04:29:36 Q=5
2026-01-07 14:46:11,478 - INFO - [GINSLIB] processing : 2022/05/24 04:29:37 Q=5
2026-01-07 14:46:11,493 - INFO - [GINSLIB] processing : 2022/05/24 04:29:38 Q=5
2026-01-07 14:46:11,510 - INFO - [GINSLIB] processing : 2022/05/24 04:29:39 Q=5
2026-01-07 14:46:11,515 - INFO - [GINSLIB] processing : 2022/05/24 04:29:40 Q=5
2026-01-07 14:46:11,531 - INFO - [GINSLIB] processing : 2022/05/24 04:29:41 Q=5
2026-01-07 14:46:11,546 - INFO - [GINSLIB] processing : 2022/05/24 04:29:42 Q=5
2026-01-07 14:46:11,562 - INFO - [GINSLIB] processing : 2022/05/24 04:29:43 Q=5
2026-01-07 14:46:11,578 - INFO - [GINSLIB] processing : 2022/05/24 04:29:44 Q=5
2026-01-07 14:46:11,583 - INFO - [GINSLIB] processing : 2022/05/24 04:29:45 Q=5
2026-01-07 14:46:11,599 - INFO - [GINSLIB] processing : 2022/05/24 04:29:46 Q=5
2026-01-07 14:46:11,615 - INFO - [GINSLIB] processing : 2022/05/24 04:29:47 Q=5
2026-01-07 14:46:11,630 - INFO - [GINSLIB] processing : 2022/05/24 04:29:48 Q=5
2026-01-07 14:46:11,645 - INFO - [GINSLIB] processing : 2022/05/24 04:29:49 Q=5
2026-01-07 14:46:11,653 - INFO - [GINSLIB] processing : 2022/05/24 04:29:50 Q=5
2026-01-07 14:46:11,670 - INFO - [GINSLIB] processing : 2022/05/24 04:29:51 Q=5
2026-01-07 14:46:11,685 - INFO - [GINSLIB] processing : 2022/05/24 04:29:52 Q=5
2026-01-07 14:46:11,703 - INFO - [GINSLIB] processing : 2022/05/24 04:29:53 Q=5
2026-01-07 14:46:11,717 - INFO - [GINSLIB] processing : 2022/05/24 04:29:54 Q=5
2026-01-07 14:46:11,727 - INFO - [GINSLIB] processing : 2022/05/24 04:29:55 Q=5
2026-01-07 14:46:11,742 - INFO - [GINSLIB] processing : 2022/05/24 04:29:56 Q=5
2026-01-07 14:46:11,755 - INFO - [GINSLIB] processing : 2022/05/24 04:29:57 Q=5
2026-01-07 14:46:11,772 - INFO - [GINSLIB] processing : 2022/05/24 04:29:58 Q=5
2026-01-07 14:46:11,786 - INFO - [GINSLIB] processing : 2022/05/24 04:29:59 Q=5
2026-01-07 14:46:11,796 - INFO - [GINSLIB] processing : 2022/05/24 04:30:00 Q=5
2026-01-07 14:46:11,813 - INFO - [GINSLIB] processing : 2022/05/24 04:30:01 Q=5
2026-01-07 14:46:11,827 - INFO - [GINSLIB] processing : 2022/05/24 04:30:02 Q=5
2026-01-07 14:46:11,842 - INFO - [GINSLIB] processing : 2022/05/24 04:30:03 Q=5
2026-01-07 14:46:11,854 - INFO - [GINSLIB] processing : 2022/05/24 04:30:04 Q=5
2026-01-07 14:46:11,872 - INFO - [GINSLIB] processing : 2022/05/24 04:30:05 Q=5
2026-01-07 14:46:11,877 - INFO - [GINSLIB] processing : 2022/05/24 04:30:06 Q=5
2026-01-07 14:46:11,893 - INFO - [GINSLIB] processing : 2022/05/24 04:30:07 Q=5
2026-01-07 14:46:11,909 - INFO - [GINSLIB] processing : 2022/05/24 04:30:08 Q=5
2026-01-07 14:46:11,921 - INFO - [GINSLIB] processing : 2022/05/24 04:30:09 Q=5
2026-01-07 14:46:11,938 - INFO - [GINSLIB] processing : 2022/05/24 04:30:10 Q=5
2026-01-07 14:46:11,944 - INFO - [GINSLIB] processing : 2022/05/24 04:30:11 Q=5
2026-01-07 14:46:11,961 - INFO - [GINSLIB] processing : 2022/05/24 04:30:12 Q=5
2026-01-07 14:46:11,974 - INFO - [GINSLIB] processing : 2022/05/24 04:30:13 Q=5
2026-01-07 14:46:11,992 - INFO - [GINSLIB] processing : 2022/05/24 04:30:14 Q=5
2026-01-07 14:46:12,009 - INFO - [GINSLIB] processing : 2022/05/24 04:30:15 Q=5
2026-01-07 14:46:12,015 - INFO - [GINSLIB] processing : 2022/05/24 04:30:16 Q=5
2026-01-07 14:46:12,031 - INFO - [GINSLIB] processing : 2022/05/24 04:30:17 Q=5
2026-01-07 14:46:12,047 - INFO - [GINSLIB] processing : 2022/05/24 04:30:18 Q=5
2026-01-07 14:46:12,063 - INFO - [GINSLIB] processing : 2022/05/24 04:30:19 Q=5
2026-01-07 14:46:12,077 - INFO - [GINSLIB] processing : 2022/05/24 04:30:20 Q=5
2026-01-07 14:46:12,084 - INFO - [GINSLIB] processing : 2022/05/24 04:30:21 Q=5
2026-01-07 14:46:12,101 - INFO - [GINSLIB] processing : 2022/05/24 04:30:22 Q=5
2026-01-07 14:46:12,117 - INFO - [GINSLIB] processing : 2022/05/24 04:30:23 Q=5
2026-01-07 14:46:12,134 - INFO - [GINSLIB] processing : 2022/05/24 04:30:24 Q=5
2026-01-07 14:46:12,150 - INFO - [GINSLIB] processing : 2022/05/24 04:30:25 Q=5
2026-01-07 14:46:12,159 - INFO - [GINSLIB] processing : 2022/05/24 04:30:26 Q=5
2026-01-07 14:46:12,175 - INFO - [GINSLIB] processing : 2022/05/24 04:30:27 Q=5
2026-01-07 14:46:12,189 - INFO - [GINSLIB] processing : 2022/05/24 04:30:28 Q=5
2026-01-07 14:46:12,209 - INFO - [GINSLIB] processing : 2022/05/24 04:30:29 Q=5
2026-01-07 14:46:12,225 - INFO - [GINSLIB] processing : 2022/05/24 04:30:30 Q=5
2026-01-07 14:46:12,244 - INFO - [GINSLIB] processing : 2022/05/24 04:30:31 Q=5
2026-01-07 14:46:12,252 - INFO - [GINSLIB] processing : 2022/05/24 04:30:32 Q=5
2026-01-07 14:46:12,268 - INFO - [GINSLIB] processing : 2022/05/24 04:30:33 Q=5
2026-01-07 14:46:12,285 - INFO - [GINSLIB] processing : 2022/05/24 04:30:34 Q=5
2026-01-07 14:46:12,302 - INFO - [GINSLIB] processing : 2022/05/24 04:30:35 Q=5
2026-01-07 14:46:12,321 - INFO - [GINSLIB] processing : 2022/05/24 04:30:36 Q=5
2026-01-07 14:46:12,328 - INFO - [GINSLIB] processing : 2022/05/24 04:30:37 Q=5
2026-01-07 14:46:12,347 - INFO - [GINSLIB] processing : 2022/05/24 04:30:38 Q=5
2026-01-07 14:46:12,366 - INFO - [GINSLIB] processing : 2022/05/24 04:30:39 Q=5
2026-01-07 14:46:12,381 - INFO - [GINSLIB] processing : 2022/05/24 04:30:40 Q=5
2026-01-07 14:46:12,399 - INFO - [GINSLIB] processing : 2022/05/24 04:30:41 Q=5
2026-01-07 14:46:12,405 - INFO - [GINSLIB] processing : 2022/05/24 04:30:42 Q=5
2026-01-07 14:46:12,423 - INFO - [GINSLIB] processing : 2022/05/24 04:30:43 Q=5
2026-01-07 14:46:12,438 - INFO - [GINSLIB] processing : 2022/05/24 04:30:44 Q=5
2026-01-07 14:46:12,455 - INFO - [GINSLIB] processing : 2022/05/24 04:30:45 Q=5
2026-01-07 14:46:12,471 - INFO - [GINSLIB] processing : 2022/05/24 04:30:46 Q=5
2026-01-07 14:46:12,479 - INFO - [GINSLIB] processing : 2022/05/24 04:30:47 Q=5
2026-01-07 14:46:12,498 - INFO - [GINSLIB] processing : 2022/05/24 04:30:48 Q=5
2026-01-07 14:46:12,515 - INFO - [GINSLIB] processing : 2022/05/24 04:30:49 Q=5
2026-01-07 14:46:12,534 - INFO - [GINSLIB] processing : 2022/05/24 04:30:50 Q=5
2026-01-07 14:46:12,550 - INFO - [GINSLIB] processing : 2022/05/24 04:30:51 Q=5
2026-01-07 14:46:12,561 - INFO - [GINSLIB] processing : 2022/05/24 04:30:52 Q=5
2026-01-07 14:46:12,579 - INFO - [GINSLIB] processing : 2022/05/24 04:30:53 Q=5
2026-01-07 14:46:12,595 - INFO - [GINSLIB] processing : 2022/05/24 04:30:54 Q=5
2026-01-07 14:46:12,611 - INFO - [GINSLIB] processing : 2022/05/24 04:30:55 Q=5
2026-01-07 14:46:12,626 - INFO - [GINSLIB] processing : 2022/05/24 04:30:56 Q=5
2026-01-07 14:46:12,635 - INFO - [GINSLIB] processing : 2022/05/24 04:30:57 Q=5
2026-01-07 14:46:12,652 - INFO - [GINSLIB] processing : 2022/05/24 04:30:58 Q=5
2026-01-07 14:46:12,669 - INFO - [GINSLIB] processing : 2022/05/24 04:30:59 Q=5
2026-01-07 14:46:12,688 - INFO - [GINSLIB] processing : 2022/05/24 04:31:00 Q=5
2026-01-07 14:46:12,703 - INFO - [GINSLIB] processing : 2022/05/24 04:31:01 Q=5
2026-01-07 14:46:12,718 - INFO - [GINSLIB] processing : 2022/05/24 04:31:02 Q=5
2026-01-07 14:46:12,728 - INFO - [GINSLIB] processing : 2022/05/24 04:31:03 Q=5
2026-01-07 14:46:12,741 - INFO - [GINSLIB] processing : 2022/05/24 04:31:04 Q=5
2026-01-07 14:46:12,761 - INFO - [GINSLIB] processing : 2022/05/24 04:31:05 Q=5
2026-01-07 14:46:12,777 - INFO - [GINSLIB] processing : 2022/05/24 04:31:06 Q=5
2026-01-07 14:46:12,796 - INFO - [GINSLIB] processing : 2022/05/24 04:31:07 Q=5
2026-01-07 14:46:12,802 - INFO - [GINSLIB] processing : 2022/05/24 04:31:08 Q=5
2026-01-07 14:46:12,819 - INFO - [GINSLIB] processing : 2022/05/24 04:31:09 Q=5
2026-01-07 14:46:12,835 - INFO - [GINSLIB] processing : 2022/05/24 04:31:10 Q=5
2026-01-07 14:46:12,853 - INFO - [GINSLIB] processing : 2022/05/24 04:31:11 Q=5
2026-01-07 14:46:12,869 - INFO - [GINSLIB] processing : 2022/05/24 04:31:12 Q=5
2026-01-07 14:46:12,875 - INFO - [GINSLIB] processing : 2022/05/24 04:31:13 Q=5
2026-01-07 14:46:12,892 - INFO - [GINSLIB] processing : 2022/05/24 04:31:14 Q=5
2026-01-07 14:46:12,907 - INFO - [GINSLIB] processing : 2022/05/24 04:31:15 Q=5
2026-01-07 14:46:12,925 - INFO - [GINSLIB] processing : 2022/05/24 04:31:16 Q=5
2026-01-07 14:46:12,941 - INFO - [GINSLIB] processing : 2022/05/24 04:31:17 Q=5
2026-01-07 14:46:12,951 - INFO - [GINSLIB] processing : 2022/05/24 04:31:18 Q=5
2026-01-07 14:46:12,969 - INFO - [GINSLIB] processing : 2022/05/24 04:31:19 Q=5
2026-01-07 14:46:12,984 - INFO - [GINSLIB] processing : 2022/05/24 04:31:20 Q=5
2026-01-07 14:46:13,003 - INFO - [GINSLIB] processing : 2022/05/24 04:31:21 Q=5
2026-01-07 14:46:13,019 - INFO - [GINSLIB] processing : 2022/05/24 04:31:22 Q=5
2026-01-07 14:46:13,029 - INFO - [GINSLIB] processing : 2022/05/24 04:31:23 Q=5
2026-01-07 14:46:13,046 - INFO - [GINSLIB] processing : 2022/05/24 04:31:24 Q=5
2026-01-07 14:46:13,062 - INFO - [GINSLIB] processing : 2022/05/24 04:31:25 Q=5
2026-01-07 14:46:13,080 - INFO - [GINSLIB] processing : 2022/05/24 04:31:26 Q=5
2026-01-07 14:46:13,096 - INFO - [GINSLIB] processing : 2022/05/24 04:31:27 Q=5
2026-01-07 14:46:13,104 - INFO - [GINSLIB] processing : 2022/05/24 04:31:28 Q=5
2026-01-07 14:46:13,124 - INFO - [GINSLIB] processing : 2022/05/24 04:31:29 Q=5
2026-01-07 14:46:13,139 - INFO - [GINSLIB] processing : 2022/05/24 04:31:30 Q=5
2026-01-07 14:46:13,159 - INFO - [GINSLIB] processing : 2022/05/24 04:31:31 Q=5
2026-01-07 14:46:13,174 - INFO - [GINSLIB] processing : 2022/05/24 04:31:32 Q=5
2026-01-07 14:46:13,194 - INFO - [GINSLIB] processing : 2022/05/24 04:31:33 Q=5
2026-01-07 14:46:13,200 - INFO - [GINSLIB] processing : 2022/05/24 04:31:34 Q=5
2026-01-07 14:46:13,220 - INFO - [GINSLIB] processing : 2022/05/24 04:31:35 Q=5
2026-01-07 14:46:13,237 - INFO - [GINSLIB] processing : 2022/05/24 04:31:36 Q=5
2026-01-07 14:46:13,253 - INFO - [GINSLIB] processing : 2022/05/24 04:31:37 Q=5
2026-01-07 14:46:13,269 - INFO - [GINSLIB] processing : 2022/05/24 04:31:38 Q=5
2026-01-07 14:46:13,277 - INFO - [GINSLIB] processing : 2022/05/24 04:31:39 Q=5
2026-01-07 14:46:13,294 - INFO - [GINSLIB] processing : 2022/05/24 04:31:40 Q=5
2026-01-07 14:46:13,309 - INFO - [GINSLIB] processing : 2022/05/24 04:31:41 Q=5
2026-01-07 14:46:13,328 - INFO - [GINSLIB] processing : 2022/05/24 04:31:42 Q=5
2026-01-07 14:46:13,346 - INFO - [GINSLIB] processing : 2022/05/24 04:31:43 Q=5
2026-01-07 14:46:13,352 - INFO - [GINSLIB] processing : 2022/05/24 04:31:44 Q=5
2026-01-07 14:46:13,371 - INFO - [GINSLIB] processing : 2022/05/24 04:31:45 Q=5
2026-01-07 14:46:13,385 - INFO - [GINSLIB] processing : 2022/05/24 04:31:46 Q=5
2026-01-07 14:46:13,404 - INFO - [GINSLIB] processing : 2022/05/24 04:31:47 Q=5
2026-01-07 14:46:13,418 - INFO - [GINSLIB] processing : 2022/05/24 04:31:48 Q=5
2026-01-07 14:46:13,428 - INFO - [GINSLIB] processing : 2022/05/24 04:31:49 Q=5
2026-01-07 14:46:13,446 - INFO - [GINSLIB] processing : 2022/05/24 04:31:50 Q=5
2026-01-07 14:46:13,461 - INFO - [GINSLIB] processing : 2022/05/24 04:31:51 Q=5
2026-01-07 14:46:13,480 - INFO - [GINSLIB] processing : 2022/05/24 04:31:52 Q=5
2026-01-07 14:46:13,494 - INFO - [GINSLIB] processing : 2022/05/24 04:31:53 Q=5
2026-01-07 14:46:13,503 - INFO - [GINSLIB] processing : 2022/05/24 04:31:54 Q=5
2026-01-07 14:46:13,522 - INFO - [GINSLIB] processing : 2022/05/24 04:31:55 Q=5
2026-01-07 14:46:13,538 - INFO - [GINSLIB] processing : 2022/05/24 04:31:56 Q=5
2026-01-07 14:46:13,556 - INFO - [GINSLIB] processing : 2022/05/24 04:31:57 Q=5
2026-01-07 14:46:13,572 - INFO - [GINSLIB] processing : 2022/05/24 04:31:58 Q=5
2026-01-07 14:46:13,580 - INFO - [GINSLIB] processing : 2022/05/24 04:31:59 Q=5
2026-01-07 14:46:13,598 - INFO - [GINSLIB] processing : 2022/05/24 04:32:00 Q=5
2026-01-07 14:46:13,613 - INFO - [GINSLIB] processing : 2022/05/24 04:32:01 Q=5
2026-01-07 14:46:13,632 - INFO - [GINSLIB] processing : 2022/05/24 04:32:02 Q=5
2026-01-07 14:46:13,645 - INFO - [GINSLIB] processing : 2022/05/24 04:32:03 Q=5
2026-01-07 14:46:13,663 - INFO - [GINSLIB] processing : 2022/05/24 04:32:04 Q=5
2026-01-07 14:46:13,668 - INFO - [GINSLIB] processing : 2022/05/24 04:32:05 Q=5
2026-01-07 14:46:13,685 - INFO - [GINSLIB] processing : 2022/05/24 04:32:06 Q=5
2026-01-07 14:46:13,702 - INFO - [GINSLIB] processing : 2022/05/24 04:32:07 Q=5
2026-01-07 14:46:13,717 - INFO - [GINSLIB] processing : 2022/05/24 04:32:08 Q=5
2026-01-07 14:46:13,732 - INFO - [GINSLIB] processing : 2022/05/24 04:32:09 Q=5
2026-01-07 14:46:13,738 - INFO - [GINSLIB] processing : 2022/05/24 04:32:10 Q=5
2026-01-07 14:46:13,754 - INFO - [GINSLIB] processing : 2022/05/24 04:32:11 Q=5
2026-01-07 14:46:13,768 - INFO - [GINSLIB] processing : 2022/05/24 04:32:12 Q=5
2026-01-07 14:46:13,785 - INFO - [GINSLIB] processing : 2022/05/24 04:32:13 Q=5
2026-01-07 14:46:13,802 - INFO - [GINSLIB] processing : 2022/05/24 04:32:14 Q=5
2026-01-07 14:46:13,808 - INFO - [GINSLIB] processing : 2022/05/24 04:32:15 Q=5
2026-01-07 14:46:13,827 - INFO - [GINSLIB] processing : 2022/05/24 04:32:16 Q=5
2026-01-07 14:46:13,843 - INFO - [GINSLIB] processing : 2022/05/24 04:32:17 Q=5
2026-01-07 14:46:13,862 - INFO - [GINSLIB] processing : 2022/05/24 04:32:18 Q=5
2026-01-07 14:46:13,879 - INFO - [GINSLIB] processing : 2022/05/24 04:32:19 Q=5
2026-01-07 14:46:13,887 - INFO - [GINSLIB] processing : 2022/05/24 04:32:20 Q=5
2026-01-07 14:46:13,904 - INFO - [GINSLIB] processing : 2022/05/24 04:32:21 Q=5
2026-01-07 14:46:13,920 - INFO - [GINSLIB] processing : 2022/05/24 04:32:22 Q=5
2026-01-07 14:46:13,937 - INFO - [GINSLIB] processing : 2022/05/24 04:32:23 Q=5
2026-01-07 14:46:13,953 - INFO - [GINSLIB] processing : 2022/05/24 04:32:24 Q=5
2026-01-07 14:46:13,962 - INFO - [GINSLIB] processing : 2022/05/24 04:32:25 Q=5
2026-01-07 14:46:13,980 - INFO - [GINSLIB] processing : 2022/05/24 04:32:26 Q=5
2026-01-07 14:46:13,996 - INFO - [GINSLIB] processing : 2022/05/24 04:32:27 Q=5
2026-01-07 14:46:14,014 - INFO - [GINSLIB] processing : 2022/05/24 04:32:28 Q=5
2026-01-07 14:46:14,030 - INFO - [GINSLIB] processing : 2022/05/24 04:32:29 Q=5
2026-01-07 14:46:14,039 - INFO - [GINSLIB] processing : 2022/05/24 04:32:30 Q=5
2026-01-07 14:46:14,057 - INFO - [GINSLIB] processing : 2022/05/24 04:32:31 Q=5
2026-01-07 14:46:14,072 - INFO - [GINSLIB] processing : 2022/05/24 04:32:32 Q=5
2026-01-07 14:46:14,090 - INFO - [GINSLIB] processing : 2022/05/24 04:32:33 Q=5
2026-01-07 14:46:14,107 - INFO - [GINSLIB] processing : 2022/05/24 04:32:34 Q=5
2026-01-07 14:46:14,124 - INFO - [GINSLIB] processing : 2022/05/24 04:32:35 Q=5
2026-01-07 14:46:14,131 - INFO - [GINSLIB] processing : 2022/05/24 04:32:36 Q=5
2026-01-07 14:46:14,148 - INFO - [GINSLIB] processing : 2022/05/24 04:32:37 Q=5
2026-01-07 14:46:14,167 - INFO - [GINSLIB] processing : 2022/05/24 04:32:38 Q=5
2026-01-07 14:46:14,181 - INFO - [GINSLIB] processing : 2022/05/24 04:32:39 Q=5
2026-01-07 14:46:14,199 - INFO - [GINSLIB] processing : 2022/05/24 04:32:40 Q=5
2026-01-07 14:46:14,205 - INFO - [GINSLIB] processing : 2022/05/24 04:32:41 Q=5
2026-01-07 14:46:14,222 - INFO - [GINSLIB] processing : 2022/05/24 04:32:42 Q=5
2026-01-07 14:46:14,238 - INFO - [GINSLIB] processing : 2022/05/24 04:32:43 Q=5
2026-01-07 14:46:14,256 - INFO - [GINSLIB] processing : 2022/05/24 04:32:44 Q=5
2026-01-07 14:46:14,275 - INFO - [GINSLIB] processing : 2022/05/24 04:32:45 Q=5
2026-01-07 14:46:14,281 - INFO - [GINSLIB] processing : 2022/05/24 04:32:46 Q=5
2026-01-07 14:46:14,299 - INFO - [GINSLIB] processing : 2022/05/24 04:32:47 Q=5
2026-01-07 14:46:14,315 - INFO - [GINSLIB] processing : 2022/05/24 04:32:48 Q=5
2026-01-07 14:46:14,334 - INFO - [GINSLIB] processing : 2022/05/24 04:32:49 Q=5
2026-01-07 14:46:14,350 - INFO - [GINSLIB] processing : 2022/05/24 04:32:50 Q=5
2026-01-07 14:46:14,358 - INFO - [GINSLIB] processing : 2022/05/24 04:32:51 Q=5
2026-01-07 14:46:14,377 - INFO - [GINSLIB] processing : 2022/05/24 04:32:52 Q=5
2026-01-07 14:46:14,392 - INFO - [GINSLIB] processing : 2022/05/24 04:32:53 Q=5
2026-01-07 14:46:14,410 - INFO - [GINSLIB] processing : 2022/05/24 04:32:54 Q=5
2026-01-07 14:46:14,425 - INFO - [GINSLIB] processing : 2022/05/24 04:32:55 Q=5
2026-01-07 14:46:14,434 - INFO - [GINSLIB] processing : 2022/05/24 04:32:56 Q=5
2026-01-07 14:46:14,452 - INFO - [GINSLIB] processing : 2022/05/24 04:32:57 Q=5
2026-01-07 14:46:14,468 - INFO - [GINSLIB] processing : 2022/05/24 04:32:58 Q=5
2026-01-07 14:46:14,486 - INFO - [GINSLIB] processing : 2022/05/24 04:32:59 Q=5
2026-01-07 14:46:14,502 - INFO - [GINSLIB] processing : 2022/05/24 04:33:00 Q=5
2026-01-07 14:46:14,511 - INFO - [GINSLIB] processing : 2022/05/24 04:33:01 Q=5
2026-01-07 14:46:14,529 - INFO - [GINSLIB] processing : 2022/05/24 04:33:02 Q=5
2026-01-07 14:46:14,544 - INFO - [GINSLIB] processing : 2022/05/24 04:33:03 Q=5
2026-01-07 14:46:14,563 - INFO - [GINSLIB] processing : 2022/05/24 04:33:04 Q=5
2026-01-07 14:46:14,578 - INFO - [GINSLIB] processing : 2022/05/24 04:33:05 Q=5
2026-01-07 14:46:14,595 - INFO - [GINSLIB] processing : 2022/05/24 04:33:06 Q=5
2026-01-07 14:46:14,600 - INFO - [GINSLIB] processing : 2022/05/24 04:33:07 Q=5
2026-01-07 14:46:14,619 - INFO - [GINSLIB] processing : 2022/05/24 04:33:08 Q=5
2026-01-07 14:46:14,635 - INFO - [GINSLIB] processing : 2022/05/24 04:33:09 Q=5
2026-01-07 14:46:14,652 - INFO - [GINSLIB] processing : 2022/05/24 04:33:10 Q=5
2026-01-07 14:46:14,669 - INFO - [GINSLIB] processing : 2022/05/24 04:33:11 Q=5
2026-01-07 14:46:14,677 - INFO - [GINSLIB] processing : 2022/05/24 04:33:12 Q=5
2026-01-07 14:46:14,694 - INFO - [GINSLIB] processing : 2022/05/24 04:33:13 Q=5
2026-01-07 14:46:14,710 - INFO - [GINSLIB] processing : 2022/05/24 04:33:14 Q=5
2026-01-07 14:46:14,728 - INFO - [GINSLIB] processing : 2022/05/24 04:33:15 Q=5
2026-01-07 14:46:14,745 - INFO - [GINSLIB] processing : 2022/05/24 04:33:16 Q=5
2026-01-07 14:46:14,754 - INFO - [GINSLIB] processing : 2022/05/24 04:33:17 Q=5
2026-01-07 14:46:14,772 - INFO - [GINSLIB] processing : 2022/05/24 04:33:18 Q=5
2026-01-07 14:46:14,788 - INFO - [GINSLIB] processing : 2022/05/24 04:33:19 Q=5
2026-01-07 14:46:14,807 - INFO - [GINSLIB] processing : 2022/05/24 04:33:20 Q=5
2026-01-07 14:46:14,824 - INFO - [GINSLIB] processing : 2022/05/24 04:33:21 Q=5
2026-01-07 14:46:14,834 - INFO - [GINSLIB] processing : 2022/05/24 04:33:22 Q=5
2026-01-07 14:46:14,852 - INFO - [GINSLIB] processing : 2022/05/24 04:33:23 Q=5
2026-01-07 14:46:14,869 - INFO - [GINSLIB] processing : 2022/05/24 04:33:24 Q=5
2026-01-07 14:46:14,889 - INFO - [GINSLIB] processing : 2022/05/24 04:33:25 Q=5
2026-01-07 14:46:14,904 - INFO - [GINSLIB] processing : 2022/05/24 04:33:26 Q=5
2026-01-07 14:46:14,914 - INFO - [GINSLIB] processing : 2022/05/24 04:33:27 Q=5
2026-01-07 14:46:14,933 - INFO - [GINSLIB] processing : 2022/05/24 04:33:28 Q=5
2026-01-07 14:46:14,949 - INFO - [GINSLIB] processing : 2022/05/24 04:33:29 Q=5
2026-01-07 14:46:14,968 - INFO - [GINSLIB] processing : 2022/05/24 04:33:30 Q=5
2026-01-07 14:46:14,984 - INFO - [GINSLIB] processing : 2022/05/24 04:33:31 Q=5
2026-01-07 14:46:15,004 - INFO - [GINSLIB] processing : 2022/05/24 04:33:32 Q=5
2026-01-07 14:46:15,014 - INFO - [GINSLIB] processing : 2022/05/24 04:33:33 Q=5
2026-01-07 14:46:15,029 - INFO - [GINSLIB] processing : 2022/05/24 04:33:34 Q=5
2026-01-07 14:46:15,048 - INFO - [GINSLIB] processing : 2022/05/24 04:33:35 Q=5
2026-01-07 14:46:15,063 - INFO - [GINSLIB] processing : 2022/05/24 04:33:36 Q=5
2026-01-07 14:46:15,081 - INFO - [GINSLIB] processing : 2022/05/24 04:33:37 Q=5
2026-01-07 14:46:15,087 - INFO - [GINSLIB] processing : 2022/05/24 04:33:38 Q=5
2026-01-07 14:46:15,106 - INFO - [GINSLIB] processing : 2022/05/24 04:33:39 Q=5
2026-01-07 14:46:15,125 - INFO - [GINSLIB] processing : 2022/05/24 04:33:40 Q=5
2026-01-07 14:46:15,140 - INFO - [GINSLIB] processing : 2022/05/24 04:33:41 Q=5
2026-01-07 14:46:15,159 - INFO - [GINSLIB] processing : 2022/05/24 04:33:42 Q=5
2026-01-07 14:46:15,165 - INFO - [GINSLIB] processing : 2022/05/24 04:33:43 Q=5
2026-01-07 14:46:15,183 - INFO - [GINSLIB] processing : 2022/05/24 04:33:44 Q=5
2026-01-07 14:46:15,198 - INFO - [GINSLIB] processing : 2022/05/24 04:33:45 Q=5
2026-01-07 14:46:15,216 - INFO - [GINSLIB] processing : 2022/05/24 04:33:46 Q=5
2026-01-07 14:46:15,232 - INFO - [GINSLIB] processing : 2022/05/24 04:33:47 Q=5
2026-01-07 14:46:15,242 - INFO - [GINSLIB] processing : 2022/05/24 04:33:48 Q=5
2026-01-07 14:46:15,261 - INFO - [GINSLIB] processing : 2022/05/24 04:33:49 Q=5
2026-01-07 14:46:15,276 - INFO - [GINSLIB] processing : 2022/05/24 04:33:50 Q=5
2026-01-07 14:46:15,295 - INFO - [GINSLIB] processing : 2022/05/24 04:33:51 Q=5
2026-01-07 14:46:15,311 - INFO - [GINSLIB] processing : 2022/05/24 04:33:52 Q=5
2026-01-07 14:46:15,319 - INFO - [GINSLIB] processing : 2022/05/24 04:33:53 Q=5
2026-01-07 14:46:15,339 - INFO - [GINSLIB] processing : 2022/05/24 04:33:54 Q=5
2026-01-07 14:46:15,356 - INFO - [GINSLIB] processing : 2022/05/24 04:33:55 Q=5
2026-01-07 14:46:15,374 - INFO - [GINSLIB] processing : 2022/05/24 04:33:56 Q=5
2026-01-07 14:46:15,390 - INFO - [GINSLIB] processing : 2022/05/24 04:33:57 Q=5
2026-01-07 14:46:15,399 - INFO - [GINSLIB] processing : 2022/05/24 04:33:58 Q=5
2026-01-07 14:46:15,417 - INFO - [GINSLIB] processing : 2022/05/24 04:33:59 Q=5
2026-01-07 14:46:15,433 - INFO - [GINSLIB] processing : 2022/05/24 04:34:00 Q=5
2026-01-07 14:46:15,454 - INFO - [GINSLIB] processing : 2022/05/24 04:34:01 Q=5
2026-01-07 14:46:15,471 - INFO - [GINSLIB] processing : 2022/05/24 04:34:02 Q=5
2026-01-07 14:46:15,492 - INFO - [GINSLIB] processing : 2022/05/24 04:34:03 Q=5
2026-01-07 14:46:15,501 - INFO - [GINSLIB] processing : 2022/05/24 04:34:04 Q=5
2026-01-07 14:46:15,517 - INFO - [GINSLIB] processing : 2022/05/24 04:34:05 Q=5
2026-01-07 14:46:15,538 - INFO - [GINSLIB] processing : 2022/05/24 04:34:06 Q=5
2026-01-07 14:46:15,558 - INFO - [GINSLIB] processing : 2022/05/24 04:34:07 Q=5
2026-01-07 14:46:15,579 - INFO - [GINSLIB] processing : 2022/05/24 04:34:08 Q=5
2026-01-07 14:46:15,585 - INFO - [GINSLIB] processing : 2022/05/24 04:34:09 Q=5
2026-01-07 14:46:15,605 - INFO - [GINSLIB] processing : 2022/05/24 04:34:10 Q=5
2026-01-07 14:46:15,623 - INFO - [GINSLIB] processing : 2022/05/24 04:34:11 Q=5
2026-01-07 14:46:15,643 - INFO - [GINSLIB] processing : 2022/05/24 04:34:12 Q=5
2026-01-07 14:46:15,663 - INFO - [GINSLIB] processing : 2022/05/24 04:34:13 Q=5
2026-01-07 14:46:15,669 - INFO - [GINSLIB] processing : 2022/05/24 04:34:14 Q=5
2026-01-07 14:46:15,688 - INFO - [GINSLIB] processing : 2022/05/24 04:34:15 Q=5
2026-01-07 14:46:15,703 - INFO - [GINSLIB] processing : 2022/05/24 04:34:16 Q=5
2026-01-07 14:46:15,723 - INFO - [GINSLIB] processing : 2022/05/24 04:34:17 Q=5
2026-01-07 14:46:15,738 - INFO - [GINSLIB] processing : 2022/05/24 04:34:18 Q=5
2026-01-07 14:46:15,749 - INFO - [GINSLIB] processing : 2022/05/24 04:34:19 Q=5
2026-01-07 14:46:15,767 - INFO - [GINSLIB] processing : 2022/05/24 04:34:20 Q=5
2026-01-07 14:46:15,783 - INFO - [GINSLIB] processing : 2022/05/24 04:34:21 Q=5
2026-01-07 14:46:15,801 - INFO - [GINSLIB] processing : 2022/05/24 04:34:22 Q=5
2026-01-07 14:46:15,816 - INFO - [GINSLIB] processing : 2022/05/24 04:34:23 Q=5
2026-01-07 14:46:15,826 - INFO - [GINSLIB] processing : 2022/05/24 04:34:24 Q=5
2026-01-07 14:46:15,845 - INFO - [GINSLIB] processing : 2022/05/24 04:34:25 Q=5
2026-01-07 14:46:15,861 - INFO - [GINSLIB] processing : 2022/05/24 04:34:26 Q=5
2026-01-07 14:46:15,879 - INFO - [GINSLIB] processing : 2022/05/24 04:34:27 Q=5
2026-01-07 14:46:15,894 - INFO - [GINSLIB] processing : 2022/05/24 04:34:28 Q=5
2026-01-07 14:46:15,902 - INFO - [GINSLIB] processing : 2022/05/24 04:34:29 Q=5
2026-01-07 14:46:15,921 - INFO - [GINSLIB] processing : 2022/05/24 04:34:30 Q=5
2026-01-07 14:46:15,936 - INFO - [GINSLIB] processing : 2022/05/24 04:34:31 Q=5
2026-01-07 14:46:15,954 - INFO - [GINSLIB] processing : 2022/05/24 04:34:32 Q=5
2026-01-07 14:46:15,970 - INFO - [GINSLIB] processing : 2022/05/24 04:34:33 Q=5
2026-01-07 14:46:15,989 - INFO - [GINSLIB] processing : 2022/05/24 04:34:34 Q=5
2026-01-07 14:46:15,996 - INFO - [GINSLIB] processing : 2022/05/24 04:34:35 Q=5
2026-01-07 14:46:16,013 - INFO - [GINSLIB] processing : 2022/05/24 04:34:36 Q=5
2026-01-07 14:46:16,032 - INFO - [GINSLIB] processing : 2022/05/24 04:34:37 Q=5
2026-01-07 14:46:16,047 - INFO - [GINSLIB] processing : 2022/05/24 04:34:38 Q=5
2026-01-07 14:46:16,064 - INFO - [GINSLIB] processing : 2022/05/24 04:34:39 Q=5
2026-01-07 14:46:16,069 - INFO - [GINSLIB] processing : 2022/05/24 04:34:40 Q=5
2026-01-07 14:46:16,086 - INFO - [GINSLIB] processing : 2022/05/24 04:34:41 Q=5
2026-01-07 14:46:16,101 - INFO - [GINSLIB] processing : 2022/05/24 04:34:42 Q=5
2026-01-07 14:46:16,118 - INFO - [GINSLIB] processing : 2022/05/24 04:34:43 Q=5
2026-01-07 14:46:16,136 - INFO - [GINSLIB] processing : 2022/05/24 04:34:44 Q=5
2026-01-07 14:46:16,143 - INFO - [GINSLIB] processing : 2022/05/24 04:34:45 Q=5
2026-01-07 14:46:16,159 - INFO - [GINSLIB] processing : 2022/05/24 04:34:46 Q=5
2026-01-07 14:46:16,179 - INFO - [GINSLIB] processing : 2022/05/24 04:34:47 Q=5
2026-01-07 14:46:16,196 - INFO - [GINSLIB] processing : 2022/05/24 04:34:48 Q=5
2026-01-07 14:46:16,210 - INFO - [GINSLIB] processing : 2022/05/24 04:34:49 Q=5
2026-01-07 14:46:16,219 - INFO - [GINSLIB] processing : 2022/05/24 04:34:50 Q=5
2026-01-07 14:46:16,236 - INFO - [GINSLIB] processing : 2022/05/24 04:34:51 Q=5
2026-01-07 14:46:16,252 - INFO - [GINSLIB] processing : 2022/05/24 04:34:52 Q=5
2026-01-07 14:46:16,268 - INFO - [GINSLIB] processing : 2022/05/24 04:34:53 Q=5
2026-01-07 14:46:16,284 - INFO - [GINSLIB] processing : 2022/05/24 04:34:54 Q=5
2026-01-07 14:46:16,292 - INFO - [GINSLIB] processing : 2022/05/24 04:34:55 Q=5
2026-01-07 14:46:16,309 - INFO - [GINSLIB] processing : 2022/05/24 04:34:56 Q=5
2026-01-07 14:46:16,325 - INFO - [GINSLIB] processing : 2022/05/24 04:34:57 Q=5
2026-01-07 14:46:16,342 - INFO - [GINSLIB] processing : 2022/05/24 04:34:58 Q=5
2026-01-07 14:46:16,357 - INFO - [GINSLIB] processing : 2022/05/24 04:34:59 Q=5
2026-01-07 14:46:16,365 - INFO - [GINSLIB] processing : 2022/05/24 04:35:00 Q=5
2026-01-07 14:46:16,384 - INFO - [GINSLIB] processing : 2022/05/24 04:35:01 Q=5
2026-01-07 14:46:16,397 - INFO - [GINSLIB] processing : 2022/05/24 04:35:02 Q=5
2026-01-07 14:46:16,414 - INFO - [GINSLIB] processing : 2022/05/24 04:35:03 Q=5
2026-01-07 14:46:16,427 - INFO - [GINSLIB] processing : 2022/05/24 04:35:04 Q=5
2026-01-07 14:46:16,444 - INFO - [GINSLIB] processing : 2022/05/24 04:35:05 Q=5
2026-01-07 14:46:16,449 - INFO - [GINSLIB] processing : 2022/05/24 04:35:06 Q=5
2026-01-07 14:46:16,467 - INFO - [GINSLIB] processing : 2022/05/24 04:35:07 Q=5
2026-01-07 14:46:16,484 - INFO - [GINSLIB] processing : 2022/05/24 04:35:08 Q=5
2026-01-07 14:46:16,498 - INFO - [GINSLIB] processing : 2022/05/24 04:35:09 Q=5
2026-01-07 14:46:16,515 - INFO - [GINSLIB] processing : 2022/05/24 04:35:10 Q=5
2026-01-07 14:46:16,520 - INFO - [GINSLIB] processing : 2022/05/24 04:35:11 Q=5
2026-01-07 14:46:16,536 - INFO - [GINSLIB] processing : 2022/05/24 04:35:12 Q=5
2026-01-07 14:46:16,551 - INFO - [GINSLIB] processing : 2022/05/24 04:35:13 Q=5
2026-01-07 14:46:16,568 - INFO - [GINSLIB] processing : 2022/05/24 04:35:14 Q=5
2026-01-07 14:46:16,586 - INFO - [GINSLIB] processing : 2022/05/24 04:35:15 Q=5
2026-01-07 14:46:16,592 - INFO - [GINSLIB] processing : 2022/05/24 04:35:16 Q=5
2026-01-07 14:46:16,609 - INFO - [GINSLIB] processing : 2022/05/24 04:35:17 Q=5
2026-01-07 14:46:16,624 - INFO - [GINSLIB] processing : 2022/05/24 04:35:18 Q=5
2026-01-07 14:46:16,641 - INFO - [GINSLIB] processing : 2022/05/24 04:35:19 Q=5
2026-01-07 14:46:16,654 - INFO - [GINSLIB] processing : 2022/05/24 04:35:20 Q=5
2026-01-07 14:46:16,665 - INFO - [GINSLIB] processing : 2022/05/24 04:35:21 Q=5
2026-01-07 14:46:16,682 - INFO - [GINSLIB] processing : 2022/05/24 04:35:22 Q=5
2026-01-07 14:46:16,698 - INFO - [GINSLIB] processing : 2022/05/24 04:35:23 Q=5
2026-01-07 14:46:16,713 - INFO - [GINSLIB] processing : 2022/05/24 04:35:24 Q=5
2026-01-07 14:46:16,729 - INFO - [GINSLIB] processing : 2022/05/24 04:35:25 Q=5
2026-01-07 14:46:16,737 - INFO - [GINSLIB] processing : 2022/05/24 04:35:26 Q=5
2026-01-07 14:46:16,754 - INFO - [GINSLIB] processing : 2022/05/24 04:35:27 Q=5
2026-01-07 14:46:16,770 - INFO - [GINSLIB] processing : 2022/05/24 04:35:28 Q=5
2026-01-07 14:46:16,786 - INFO - [GINSLIB] processing : 2022/05/24 04:35:29 Q=5
2026-01-07 14:46:16,801 - INFO - [GINSLIB] processing : 2022/05/24 04:35:30 Q=5
2026-01-07 14:46:16,810 - INFO - [GINSLIB] processing : 2022/05/24 04:35:31 Q=5
2026-01-07 14:46:16,827 - INFO - [GINSLIB] processing : 2022/05/24 04:35:32 Q=5
2026-01-07 14:46:16,843 - INFO - [GINSLIB] processing : 2022/05/24 04:35:33 Q=5
2026-01-07 14:46:16,862 - INFO - [GINSLIB] processing : 2022/05/24 04:35:34 Q=5
2026-01-07 14:46:16,879 - INFO - [GINSLIB] processing : 2022/05/24 04:35:35 Q=5
2026-01-07 14:46:16,896 - INFO - [GINSLIB] processing : 2022/05/24 04:35:36 Q=5
2026-01-07 14:46:16,902 - INFO - [GINSLIB] processing : 2022/05/24 04:35:37 Q=5
2026-01-07 14:46:16,920 - INFO - [GINSLIB] processing : 2022/05/24 04:35:38 Q=5
2026-01-07 14:46:16,943 - INFO - [GINSLIB] processing : 2022/05/24 04:35:39 Q=5
2026-01-07 14:46:16,958 - INFO - [GINSLIB] processing : 2022/05/24 04:35:40 Q=5
2026-01-07 14:46:16,975 - INFO - [GINSLIB] processing : 2022/05/24 04:35:41 Q=5
2026-01-07 14:46:16,981 - INFO - [GINSLIB] processing : 2022/05/24 04:35:42 Q=5
2026-01-07 14:46:16,999 - INFO - [GINSLIB] processing : 2022/05/24 04:35:43 Q=5
2026-01-07 14:46:17,015 - INFO - [GINSLIB] processing : 2022/05/24 04:35:44 Q=5
2026-01-07 14:46:17,033 - INFO - [GINSLIB] processing : 2022/05/24 04:35:45 Q=5
2026-01-07 14:46:17,052 - INFO - [GINSLIB] processing : 2022/05/24 04:35:46 Q=5
2026-01-07 14:46:17,058 - INFO - [GINSLIB] processing : 2022/05/24 04:35:47 Q=5
2026-01-07 14:46:17,076 - INFO - [GINSLIB] processing : 2022/05/24 04:35:48 Q=5
2026-01-07 14:46:17,091 - INFO - [GINSLIB] processing : 2022/05/24 04:35:49 Q=5
2026-01-07 14:46:17,108 - INFO - [GINSLIB] processing : 2022/05/24 04:35:50 Q=5
2026-01-07 14:46:17,123 - INFO - [GINSLIB] processing : 2022/05/24 04:35:51 Q=5
2026-01-07 14:46:17,132 - INFO - [GINSLIB] processing : 2022/05/24 04:35:52 Q=5
2026-01-07 14:46:17,149 - INFO - [GINSLIB] processing : 2022/05/24 04:35:53 Q=5
2026-01-07 14:46:17,164 - INFO - [GINSLIB] processing : 2022/05/24 04:35:54 Q=5
2026-01-07 14:46:17,182 - INFO - [GINSLIB] processing : 2022/05/24 04:35:55 Q=5
2026-01-07 14:46:17,197 - INFO - [GINSLIB] processing : 2022/05/24 04:35:56 Q=5
2026-01-07 14:46:17,205 - INFO - [GINSLIB] processing : 2022/05/24 04:35:57 Q=5
2026-01-07 14:46:17,223 - INFO - [GINSLIB] processing : 2022/05/24 04:35:58 Q=5
2026-01-07 14:46:17,239 - INFO - [GINSLIB] processing : 2022/05/24 04:35:59 Q=5
2026-01-07 14:46:17,260 - INFO - [GINSLIB] processing : 2022/05/24 04:36:00 Q=5
2026-01-07 14:46:17,275 - INFO - [GINSLIB] processing : 2022/05/24 04:36:01 Q=5
2026-01-07 14:46:17,283 - INFO - [GINSLIB] processing : 2022/05/24 04:36:02 Q=5
2026-01-07 14:46:17,301 - INFO - [GINSLIB] processing : 2022/05/24 04:36:03 Q=5
2026-01-07 14:46:17,316 - INFO - [GINSLIB] processing : 2022/05/24 04:36:04 Q=5
2026-01-07 14:46:17,333 - INFO - [GINSLIB] processing : 2022/05/24 04:36:05 Q=5
2026-01-07 14:46:17,347 - INFO - [GINSLIB] processing : 2022/05/24 04:36:06 Q=5
2026-01-07 14:46:17,365 - INFO - [GINSLIB] processing : 2022/05/24 04:36:07 Q=5
2026-01-07 14:46:17,370 - INFO - [GINSLIB] processing : 2022/05/24 04:36:08 Q=5
2026-01-07 14:46:17,386 - INFO - [GINSLIB] processing : 2022/05/24 04:36:09 Q=5
2026-01-07 14:46:17,404 - INFO - [GINSLIB] processing : 2022/05/24 04:36:10 Q=5
2026-01-07 14:46:17,419 - INFO - [GINSLIB] processing : 2022/05/24 04:36:11 Q=5
2026-01-07 14:46:17,437 - INFO - [GINSLIB] processing : 2022/05/24 04:36:12 Q=5
2026-01-07 14:46:17,444 - INFO - [GINSLIB] processing : 2022/05/24 04:36:13 Q=5
2026-01-07 14:46:17,462 - INFO - [GINSLIB] processing : 2022/05/24 04:36:14 Q=5
2026-01-07 14:46:17,478 - INFO - [GINSLIB] processing : 2022/05/24 04:36:15 Q=5
2026-01-07 14:46:17,496 - INFO - [GINSLIB] processing : 2022/05/24 04:36:16 Q=5
2026-01-07 14:46:17,512 - INFO - [GINSLIB] processing : 2022/05/24 04:36:17 Q=5
2026-01-07 14:46:17,521 - INFO - [GINSLIB] processing : 2022/05/24 04:36:18 Q=5
2026-01-07 14:46:17,539 - INFO - [GINSLIB] processing : 2022/05/24 04:36:19 Q=5
2026-01-07 14:46:17,554 - INFO - [GINSLIB] processing : 2022/05/24 04:36:20 Q=5
2026-01-07 14:46:17,573 - INFO - [GINSLIB] processing : 2022/05/24 04:36:21 Q=5
2026-01-07 14:46:17,588 - INFO - [GINSLIB] processing : 2022/05/24 04:36:22 Q=5
2026-01-07 14:46:17,598 - INFO - [GINSLIB] processing : 2022/05/24 04:36:23 Q=5
2026-01-07 14:46:17,616 - INFO - [GINSLIB] processing : 2022/05/24 04:36:24 Q=5
2026-01-07 14:46:17,632 - INFO - [GINSLIB] processing : 2022/05/24 04:36:25 Q=5
2026-01-07 14:46:17,650 - INFO - [GINSLIB] processing : 2022/05/24 04:36:26 Q=5
2026-01-07 14:46:17,665 - INFO - [GINSLIB] processing : 2022/05/24 04:36:27 Q=5
2026-01-07 14:46:17,676 - INFO - [GINSLIB] processing : 2022/05/24 04:36:28 Q=5
2026-01-07 14:46:17,693 - INFO - [GINSLIB] processing : 2022/05/24 04:36:29 Q=5
2026-01-07 14:46:17,708 - INFO - [GINSLIB] processing : 2022/05/24 04:36:30 Q=5
2026-01-07 14:46:17,727 - INFO - [GINSLIB] processing : 2022/05/24 04:36:31 Q=5
2026-01-07 14:46:17,742 - INFO - [GINSLIB] processing : 2022/05/24 04:36:32 Q=5
2026-01-07 14:46:17,758 - INFO - [GINSLIB] processing : 2022/05/24 04:36:33 Q=5
2026-01-07 14:46:17,768 - INFO - [GINSLIB] processing : 2022/05/24 04:36:34 Q=5
2026-01-07 14:46:17,782 - INFO - [GINSLIB] processing : 2022/05/24 04:36:35 Q=5
2026-01-07 14:46:17,800 - INFO - [GINSLIB] processing : 2022/05/24 04:36:36 Q=5
2026-01-07 14:46:17,815 - INFO - [GINSLIB] processing : 2022/05/24 04:36:37 Q=5
2026-01-07 14:46:17,832 - INFO - [GINSLIB] processing : 2022/05/24 04:36:38 Q=5
2026-01-07 14:46:17,837 - INFO - [GINSLIB] processing : 2022/05/24 04:36:39 Q=5
2026-01-07 14:46:17,854 - INFO - [GINSLIB] processing : 2022/05/24 04:36:40 Q=5
2026-01-07 14:46:17,870 - INFO - [GINSLIB] processing : 2022/05/24 04:36:41 Q=5
2026-01-07 14:46:17,886 - INFO - [GINSLIB] processing : 2022/05/24 04:36:42 Q=5
2026-01-07 14:46:17,904 - INFO - [GINSLIB] processing : 2022/05/24 04:36:43 Q=5
2026-01-07 14:46:17,910 - INFO - [GINSLIB] processing : 2022/05/24 04:36:44 Q=5
2026-01-07 14:46:17,928 - INFO - [GINSLIB] processing : 2022/05/24 04:36:45 Q=5
2026-01-07 14:46:17,942 - INFO - [GINSLIB] processing : 2022/05/24 04:36:46 Q=5
2026-01-07 14:46:17,960 - INFO - [GINSLIB] processing : 2022/05/24 04:36:47 Q=5
2026-01-07 14:46:17,978 - INFO - [GINSLIB] processing : 2022/05/24 04:36:48 Q=5
2026-01-07 14:46:17,983 - INFO - [GINSLIB] processing : 2022/05/24 04:36:49 Q=5
2026-01-07 14:46:18,000 - INFO - [GINSLIB] processing : 2022/05/24 04:36:50 Q=5
2026-01-07 14:46:18,014 - INFO - [GINSLIB] processing : 2022/05/24 04:36:51 Q=5
2026-01-07 14:46:18,030 - INFO - [GINSLIB] processing : 2022/05/24 04:36:52 Q=5
2026-01-07 14:46:18,045 - INFO - [GINSLIB] processing : 2022/05/24 04:36:53 Q=5
2026-01-07 14:46:18,052 - INFO - [GINSLIB] processing : 2022/05/24 04:36:54 Q=5
2026-01-07 14:46:18,069 - INFO - [GINSLIB] processing : 2022/05/24 04:36:55 Q=5
2026-01-07 14:46:18,084 - INFO - [GINSLIB] processing : 2022/05/24 04:36:56 Q=5
2026-01-07 14:46:18,101 - INFO - [GINSLIB] processing : 2022/05/24 04:36:57 Q=5
2026-01-07 14:46:18,117 - INFO - [GINSLIB] processing : 2022/05/24 04:36:58 Q=5
2026-01-07 14:46:18,125 - INFO - [GINSLIB] processing : 2022/05/24 04:36:59 Q=5
2026-01-07 14:46:18,141 - INFO - [GINSLIB] processing : 2022/05/24 04:37:00 Q=5
2026-01-07 14:46:18,156 - INFO - [GINSLIB] processing : 2022/05/24 04:37:01 Q=5
2026-01-07 14:46:18,171 - INFO - [GINSLIB] processing : 2022/05/24 04:37:02 Q=5
2026-01-07 14:46:18,186 - INFO - [GINSLIB] processing : 2022/05/24 04:37:03 Q=5
2026-01-07 14:46:18,202 - INFO - [GINSLIB] processing : 2022/05/24 04:37:04 Q=5
2026-01-07 14:46:18,209 - INFO - [GINSLIB] processing : 2022/05/24 04:37:05 Q=5
2026-01-07 14:46:18,223 - INFO - [GINSLIB] processing : 2022/05/24 04:37:06 Q=5
2026-01-07 14:46:18,240 - INFO - [GINSLIB] processing : 2022/05/24 04:37:07 Q=5
2026-01-07 14:46:18,253 - INFO - [GINSLIB] processing : 2022/05/24 04:37:08 Q=5
2026-01-07 14:46:18,270 - INFO - [GINSLIB] processing : 2022/05/24 04:37:09 Q=5
2026-01-07 14:46:18,277 - INFO - [GINSLIB] processing : 2022/05/24 04:37:10 Q=5
2026-01-07 14:46:18,293 - INFO - [GINSLIB] processing : 2022/05/24 04:37:11 Q=5
2026-01-07 14:46:18,310 - INFO - [GINSLIB] processing : 2022/05/24 04:37:12 Q=5
2026-01-07 14:46:18,326 - INFO - [GINSLIB] processing : 2022/05/24 04:37:13 Q=5
2026-01-07 14:46:18,343 - INFO - [GINSLIB] processing : 2022/05/24 04:37:14 Q=5
2026-01-07 14:46:18,349 - INFO - [GINSLIB] processing : 2022/05/24 04:37:15 Q=5
2026-01-07 14:46:18,366 - INFO - [GINSLIB] processing : 2022/05/24 04:37:16 Q=5
2026-01-07 14:46:18,381 - INFO - [GINSLIB] processing : 2022/05/24 04:37:17 Q=5
2026-01-07 14:46:18,399 - INFO - [GINSLIB] processing : 2022/05/24 04:37:18 Q=5
2026-01-07 14:46:18,412 - INFO - [GINSLIB] processing : 2022/05/24 04:37:19 Q=5
2026-01-07 14:46:18,419 - INFO - [GINSLIB] processing : 2022/05/24 04:37:20 Q=5
2026-01-07 14:46:18,437 - INFO - [GINSLIB] processing : 2022/05/24 04:37:21 Q=5
2026-01-07 14:46:18,451 - INFO - [GINSLIB] processing : 2022/05/24 04:37:22 Q=5
2026-01-07 14:46:18,469 - INFO - [GINSLIB] processing : 2022/05/24 04:37:23 Q=5
2026-01-07 14:46:18,483 - INFO - [GINSLIB] processing : 2022/05/24 04:37:24 Q=5
2026-01-07 14:46:18,493 - INFO - [GINSLIB] processing : 2022/05/24 04:37:25 Q=5
2026-01-07 14:46:18,510 - INFO - [GINSLIB] processing : 2022/05/24 04:37:26 Q=5
2026-01-07 14:46:18,524 - INFO - [GINSLIB] processing : 2022/05/24 04:37:27 Q=5
2026-01-07 14:46:18,542 - INFO - [GINSLIB] processing : 2022/05/24 04:37:28 Q=5
2026-01-07 14:46:18,556 - INFO - [GINSLIB] processing : 2022/05/24 04:37:29 Q=5
2026-01-07 14:46:18,565 - INFO - [GINSLIB] processing : 2022/05/24 04:37:30 Q=5
2026-01-07 14:46:18,582 - INFO - [GINSLIB] processing : 2022/05/24 04:37:31 Q=5
2026-01-07 14:46:18,597 - INFO - [GINSLIB] processing : 2022/05/24 04:37:32 Q=5
2026-01-07 14:46:18,615 - INFO - [GINSLIB] processing : 2022/05/24 04:37:33 Q=5
2026-01-07 14:46:18,631 - INFO - [GINSLIB] processing : 2022/05/24 04:37:34 Q=5
2026-01-07 14:46:18,650 - INFO - [GINSLIB] processing : 2022/05/24 04:37:35 Q=5
2026-01-07 14:46:18,660 - INFO - [GINSLIB] processing : 2022/05/24 04:37:36 Q=5
2026-01-07 14:46:18,675 - INFO - [GINSLIB] processing : 2022/05/24 04:37:37 Q=5
2026-01-07 14:46:18,693 - INFO - [GINSLIB] processing : 2022/05/24 04:37:38 Q=5
2026-01-07 14:46:18,710 - INFO - [GINSLIB] processing : 2022/05/24 04:37:39 Q=5
2026-01-07 14:46:18,727 - INFO - [GINSLIB] processing : 2022/05/24 04:37:40 Q=5
2026-01-07 14:46:18,734 - INFO - [GINSLIB] processing : 2022/05/24 04:37:41 Q=5
2026-01-07 14:46:18,753 - INFO - [GINSLIB] processing : 2022/05/24 04:37:42 Q=5
2026-01-07 14:46:18,769 - INFO - [GINSLIB] processing : 2022/05/24 04:37:43 Q=5
2026-01-07 14:46:18,787 - INFO - [GINSLIB] processing : 2022/05/24 04:37:44 Q=5
2026-01-07 14:46:18,805 - INFO - [GINSLIB] processing : 2022/05/24 04:37:45 Q=5
2026-01-07 14:46:18,812 - INFO - [GINSLIB] processing : 2022/05/24 04:37:46 Q=5
2026-01-07 14:46:18,830 - INFO - [GINSLIB] processing : 2022/05/24 04:37:47 Q=5
2026-01-07 14:46:18,846 - INFO - [GINSLIB] processing : 2022/05/24 04:37:48 Q=5
2026-01-07 14:46:18,864 - INFO - [GINSLIB] processing : 2022/05/24 04:37:49 Q=5
2026-01-07 14:46:18,879 - INFO - [GINSLIB] processing : 2022/05/24 04:37:50 Q=5
2026-01-07 14:46:18,887 - INFO - [GINSLIB] processing : 2022/05/24 04:37:51 Q=5
2026-01-07 14:46:18,904 - INFO - [GINSLIB] processing : 2022/05/24 04:37:52 Q=5
2026-01-07 14:46:18,918 - INFO - [GINSLIB] processing : 2022/05/24 04:37:53 Q=5
2026-01-07 14:46:18,937 - INFO - [GINSLIB] processing : 2022/05/24 04:37:54 Q=5
2026-01-07 14:46:18,952 - INFO - [GINSLIB] processing : 2022/05/24 04:37:55 Q=5
2026-01-07 14:46:18,961 - INFO - [GINSLIB] processing : 2022/05/24 04:37:56 Q=5
2026-01-07 14:46:18,978 - INFO - [GINSLIB] processing : 2022/05/24 04:37:57 Q=5
2026-01-07 14:46:18,994 - INFO - [GINSLIB] processing : 2022/05/24 04:37:58 Q=5
2026-01-07 14:46:19,011 - INFO - [GINSLIB] processing : 2022/05/24 04:37:59 Q=5
2026-01-07 14:46:19,024 - INFO - [GINSLIB] processing : 2022/05/24 04:38:00 Q=5
2026-01-07 14:46:19,033 - INFO - [GINSLIB] processing : 2022/05/24 04:38:01 Q=5
2026-01-07 14:46:19,049 - INFO - [GINSLIB] processing : 2022/05/24 04:38:02 Q=5
2026-01-07 14:46:19,064 - INFO - [GINSLIB] processing : 2022/05/24 04:38:03 Q=5
2026-01-07 14:46:19,080 - INFO - [GINSLIB] processing : 2022/05/24 04:38:04 Q=5
2026-01-07 14:46:19,093 - INFO - [GINSLIB] processing : 2022/05/24 04:38:05 Q=5
2026-01-07 14:46:19,109 - INFO - [GINSLIB] processing : 2022/05/24 04:38:06 Q=5
2026-01-07 14:46:19,114 - INFO - [GINSLIB] processing : 2022/05/24 04:38:07 Q=5
2026-01-07 14:46:19,132 - INFO - [GINSLIB] processing : 2022/05/24 04:38:08 Q=5
2026-01-07 14:46:19,146 - INFO - [GINSLIB] processing : 2022/05/24 04:38:09 Q=5
2026-01-07 14:46:19,160 - INFO - [GINSLIB] processing : 2022/05/24 04:38:10 Q=5
2026-01-07 14:46:19,177 - INFO - [GINSLIB] processing : 2022/05/24 04:38:11 Q=5
2026-01-07 14:46:19,183 - INFO - [GINSLIB] processing : 2022/05/24 04:38:12 Q=5
2026-01-07 14:46:19,199 - INFO - [GINSLIB] processing : 2022/05/24 04:38:13 Q=5
2026-01-07 14:46:19,214 - INFO - [GINSLIB] processing : 2022/05/24 04:38:14 Q=5
2026-01-07 14:46:19,232 - INFO - [GINSLIB] processing : 2022/05/24 04:38:15 Q=5
2026-01-07 14:46:19,250 - INFO - [GINSLIB] processing : 2022/05/24 04:38:16 Q=5
2026-01-07 14:46:19,258 - INFO - [GINSLIB] processing : 2022/05/24 04:38:17 Q=5
2026-01-07 14:46:19,278 - INFO - [GINSLIB] processing : 2022/05/24 04:38:18 Q=5
2026-01-07 14:46:19,294 - INFO - [GINSLIB] processing : 2022/05/24 04:38:19 Q=5
2026-01-07 14:46:19,311 - INFO - [GINSLIB] processing : 2022/05/24 04:38:20 Q=5
2026-01-07 14:46:19,327 - INFO - [GINSLIB] processing : 2022/05/24 04:38:21 Q=5
2026-01-07 14:46:19,336 - INFO - [GINSLIB] processing : 2022/05/24 04:38:22 Q=5
2026-01-07 14:46:19,352 - INFO - [GINSLIB] processing : 2022/05/24 04:38:23 Q=5
2026-01-07 14:46:19,366 - INFO - [GINSLIB] processing : 2022/05/24 04:38:24 Q=5
2026-01-07 14:46:19,385 - INFO - [GINSLIB] processing : 2022/05/24 04:38:25 Q=5
2026-01-07 14:46:19,398 - INFO - [GINSLIB] processing : 2022/05/24 04:38:26 Q=5
2026-01-07 14:46:19,407 - INFO - [GINSLIB] processing : 2022/05/24 04:38:27 Q=5
2026-01-07 14:46:19,424 - INFO - [GINSLIB] processing : 2022/05/24 04:38:28 Q=5
2026-01-07 14:46:19,437 - INFO - [GINSLIB] processing : 2022/05/24 04:38:29 Q=5
2026-01-07 14:46:19,454 - INFO - [GINSLIB] processing : 2022/05/24 04:38:30 Q=5
2026-01-07 14:46:19,469 - INFO - [GINSLIB] processing : 2022/05/24 04:38:31 Q=5
2026-01-07 14:46:19,479 - INFO - [GINSLIB] processing : 2022/05/24 04:38:32 Q=5
2026-01-07 14:46:19,497 - INFO - [GINSLIB] processing : 2022/05/24 04:38:33 Q=5
2026-01-07 14:46:19,512 - INFO - [GINSLIB] processing : 2022/05/24 04:38:34 Q=5
2026-01-07 14:46:19,530 - INFO - [GINSLIB] processing : 2022/05/24 04:38:35 Q=5
2026-01-07 14:46:19,546 - INFO - [GINSLIB] processing : 2022/05/24 04:38:36 Q=5
2026-01-07 14:46:19,563 - INFO - [GINSLIB] processing : 2022/05/24 04:38:37 Q=5
2026-01-07 14:46:19,570 - INFO - [GINSLIB] processing : 2022/05/24 04:38:38 Q=5
2026-01-07 14:46:19,589 - INFO - [GINSLIB] processing : 2022/05/24 04:38:39 Q=5
2026-01-07 14:46:19,605 - INFO - [GINSLIB] processing : 2022/05/24 04:38:40 Q=5
2026-01-07 14:46:19,620 - INFO - [GINSLIB] processing : 2022/05/24 04:38:41 Q=5
2026-01-07 14:46:19,636 - INFO - [GINSLIB] processing : 2022/05/24 04:38:42 Q=5
2026-01-07 14:46:19,644 - INFO - [GINSLIB] processing : 2022/05/24 04:38:43 Q=5
2026-01-07 14:46:19,662 - INFO - [GINSLIB] processing : 2022/05/24 04:38:44 Q=5
2026-01-07 14:46:19,679 - INFO - [GINSLIB] processing : 2022/05/24 04:38:45 Q=5
2026-01-07 14:46:19,700 - INFO - [GINSLIB] processing : 2022/05/24 04:38:46 Q=5
2026-01-07 14:46:19,721 - INFO - [GINSLIB] processing : 2022/05/24 04:38:47 Q=5
2026-01-07 14:46:19,728 - INFO - [GINSLIB] processing : 2022/05/24 04:38:48 Q=5
2026-01-07 14:46:19,748 - INFO - [GINSLIB] processing : 2022/05/24 04:38:49 Q=5
2026-01-07 14:46:19,767 - INFO - [GINSLIB] processing : 2022/05/24 04:38:50 Q=5
2026-01-07 14:46:19,787 - INFO - [GINSLIB] processing : 2022/05/24 04:38:51 Q=5
2026-01-07 14:46:19,807 - INFO - [GINSLIB] processing : 2022/05/24 04:38:52 Q=5
2026-01-07 14:46:19,819 - INFO - [GINSLIB] processing : 2022/05/24 04:38:53 Q=5
2026-01-07 14:46:19,837 - INFO - [GINSLIB] processing : 2022/05/24 04:38:54 Q=5
2026-01-07 14:46:19,854 - INFO - [GINSLIB] processing : 2022/05/24 04:38:55 Q=5
2026-01-07 14:46:19,872 - INFO - [GINSLIB] processing : 2022/05/24 04:38:56 Q=5
2026-01-07 14:46:19,888 - INFO - [GINSLIB] processing : 2022/05/24 04:38:57 Q=5
2026-01-07 14:46:19,896 - INFO - [GINSLIB] processing : 2022/05/24 04:38:58 Q=5
2026-01-07 14:46:19,913 - INFO - [GINSLIB] processing : 2022/05/24 04:38:59 Q=5
2026-01-07 14:46:19,927 - INFO - [GINSLIB] processing : 2022/05/24 04:39:00 Q=5
2026-01-07 14:46:19,945 - INFO - [GINSLIB] processing : 2022/05/24 04:39:01 Q=5
2026-01-07 14:46:19,959 - INFO - [GINSLIB] processing : 2022/05/24 04:39:02 Q=5
2026-01-07 14:46:19,976 - INFO - [GINSLIB] processing : 2022/05/24 04:39:03 Q=5
2026-01-07 14:46:19,983 - INFO - [GINSLIB] processing : 2022/05/24 04:39:04 Q=5
2026-01-07 14:46:19,997 - INFO - [GINSLIB] processing : 2022/05/24 04:39:05 Q=5
2026-01-07 14:46:20,014 - INFO - [GINSLIB] processing : 2022/05/24 04:39:06 Q=5
2026-01-07 14:46:20,028 - INFO - [GINSLIB] processing : 2022/05/24 04:39:07 Q=5
2026-01-07 14:46:20,043 - INFO - [GINSLIB] processing : 2022/05/24 04:39:08 Q=5
2026-01-07 14:46:20,048 - INFO - [GINSLIB] processing : 2022/05/24 04:39:09 Q=5
2026-01-07 14:46:20,065 - INFO - [GINSLIB] processing : 2022/05/24 04:39:10 Q=5
2026-01-07 14:46:20,083 - INFO - [GINSLIB] processing : 2022/05/24 04:39:11 Q=5
2026-01-07 14:46:20,097 - INFO - [GINSLIB] processing : 2022/05/24 04:39:12 Q=5
2026-01-07 14:46:20,114 - INFO - [GINSLIB] processing : 2022/05/24 04:39:13 Q=5
2026-01-07 14:46:20,119 - INFO - [GINSLIB] processing : 2022/05/24 04:39:14 Q=5
2026-01-07 14:46:20,136 - INFO - [GINSLIB] processing : 2022/05/24 04:39:15 Q=5
2026-01-07 14:46:20,148 - INFO - [GINSLIB] processing : 2022/05/24 04:39:16 Q=5
2026-01-07 14:46:20,166 - INFO - [GINSLIB] processing : 2022/05/24 04:39:17 Q=5
2026-01-07 14:46:20,181 - INFO - [GINSLIB] processing : 2022/05/24 04:39:18 Q=5
2026-01-07 14:46:20,186 - INFO - [GINSLIB] processing : 2022/05/24 04:39:19 Q=5
2026-01-07 14:46:20,204 - INFO - [GINSLIB] processing : 2022/05/24 04:39:20 Q=5
2026-01-07 14:46:20,218 - INFO - [GINSLIB] processing : 2022/05/24 04:39:21 Q=5
2026-01-07 14:46:20,235 - INFO - [GINSLIB] processing : 2022/05/24 04:39:22 Q=5
2026-01-07 14:46:20,250 - INFO - [GINSLIB] processing : 2022/05/24 04:39:23 Q=5
2026-01-07 14:46:20,259 - INFO - [GINSLIB] processing : 2022/05/24 04:39:24 Q=5
2026-01-07 14:46:20,274 - INFO - [GINSLIB] processing : 2022/05/24 04:39:25 Q=5
2026-01-07 14:46:20,288 - INFO - [GINSLIB] processing : 2022/05/24 04:39:26 Q=5
2026-01-07 14:46:20,304 - INFO - [GINSLIB] processing : 2022/05/24 04:39:27 Q=5
2026-01-07 14:46:20,318 - INFO - [GINSLIB] processing : 2022/05/24 04:39:28 Q=5
2026-01-07 14:46:20,329 - INFO - [GINSLIB] processing : 2022/05/24 04:39:29 Q=5
2026-01-07 14:46:20,345 - INFO - [GINSLIB] processing : 2022/05/24 04:39:30 Q=5
2026-01-07 14:46:20,359 - INFO - [GINSLIB] processing : 2022/05/24 04:39:31 Q=5
2026-01-07 14:46:20,376 - INFO - [GINSLIB] processing : 2022/05/24 04:39:32 Q=5
2026-01-07 14:46:20,390 - INFO - [GINSLIB] processing : 2022/05/24 04:39:33 Q=5
2026-01-07 14:46:20,407 - INFO - [GINSLIB] processing : 2022/05/24 04:39:34 Q=5
2026-01-07 14:46:20,414 - INFO - [GINSLIB] processing : 2022/05/24 04:39:35 Q=5
2026-01-07 14:46:20,429 - INFO - [GINSLIB] processing : 2022/05/24 04:39:36 Q=5
2026-01-07 14:46:20,445 - INFO - [GINSLIB] processing : 2022/05/24 04:39:37 Q=5
2026-01-07 14:46:20,460 - INFO - [GINSLIB] processing : 2022/05/24 04:39:38 Q=5
2026-01-07 14:46:20,476 - INFO - [GINSLIB] processing : 2022/05/24 04:39:39 Q=5
2026-01-07 14:46:20,482 - INFO - [GINSLIB] processing : 2022/05/24 04:39:40 Q=5
2026-01-07 14:46:20,498 - INFO - [GINSLIB] processing : 2022/05/24 04:39:41 Q=5
2026-01-07 14:46:20,515 - INFO - [GINSLIB] processing : 2022/05/24 04:39:42 Q=5
2026-01-07 14:46:20,530 - INFO - [GINSLIB] processing : 2022/05/24 04:39:43 Q=5
2026-01-07 14:46:20,548 - INFO - [GINSLIB] processing : 2022/05/24 04:39:44 Q=5
2026-01-07 14:46:20,553 - INFO - [GINSLIB] processing : 2022/05/24 04:39:45 Q=5
2026-01-07 14:46:20,569 - INFO - [GINSLIB] processing : 2022/05/24 04:39:46 Q=5
2026-01-07 14:46:20,584 - INFO - [GINSLIB] processing : 2022/05/24 04:39:47 Q=5
2026-01-07 14:46:20,601 - INFO - [GINSLIB] processing : 2022/05/24 04:39:48 Q=5
2026-01-07 14:46:20,616 - INFO - [GINSLIB] processing : 2022/05/24 04:39:49 Q=5
2026-01-07 14:46:20,624 - INFO - [GINSLIB] processing : 2022/05/24 04:39:50 Q=5
2026-01-07 14:46:20,640 - INFO - [GINSLIB] processing : 2022/05/24 04:39:51 Q=5
2026-01-07 14:46:20,655 - INFO - [GINSLIB] processing : 2022/05/24 04:39:52 Q=5
2026-01-07 14:46:20,670 - INFO - [GINSLIB] processing : 2022/05/24 04:39:53 Q=5
2026-01-07 14:46:20,685 - INFO - [GINSLIB] processing : 2022/05/24 04:39:54 Q=5
2026-01-07 14:46:20,694 - INFO - [GINSLIB] processing : 2022/05/24 04:39:55 Q=5
2026-01-07 14:46:20,710 - INFO - [GINSLIB] processing : 2022/05/24 04:39:56 Q=5
2026-01-07 14:46:20,724 - INFO - [GINSLIB] processing : 2022/05/24 04:39:57 Q=5
2026-01-07 14:46:20,742 - INFO - [GINSLIB] processing : 2022/05/24 04:39:58 Q=5
2026-01-07 14:46:20,756 - INFO - [GINSLIB] processing : 2022/05/24 04:39:59 Q=5
2026-01-07 14:46:20,764 - INFO - [GINSLIB] processing : 2022/05/24 04:40:00 Q=5
2026-01-07 14:46:20,779 - INFO - [GINSLIB] processing : 2022/05/24 04:40:01 Q=5
2026-01-07 14:46:20,793 - INFO - [GINSLIB] processing : 2022/05/24 04:40:02 Q=5
2026-01-07 14:46:20,809 - INFO - [GINSLIB] processing : 2022/05/24 04:40:03 Q=5
2026-01-07 14:46:20,822 - INFO - [GINSLIB] processing : 2022/05/24 04:40:04 Q=5
2026-01-07 14:46:20,838 - INFO - [GINSLIB] processing : 2022/05/24 04:40:05 Q=5
2026-01-07 14:46:20,846 - INFO - [GINSLIB] processing : 2022/05/24 04:40:06 Q=5
2026-01-07 14:46:20,859 - INFO - [GINSLIB] processing : 2022/05/24 04:40:07 Q=5
2026-01-07 14:46:20,876 - INFO - [GINSLIB] processing : 2022/05/24 04:40:08 Q=5
2026-01-07 14:46:20,887 - INFO - [GINSLIB] processing : 2022/05/24 04:40:09 Q=5
2026-01-07 14:46:20,904 - INFO - [GINSLIB] processing : 2022/05/24 04:40:10 Q=5
2026-01-07 14:46:20,910 - INFO - [GINSLIB] processing : 2022/05/24 04:40:11 Q=5
2026-01-07 14:46:20,925 - INFO - [GINSLIB] processing : 2022/05/24 04:40:12 Q=5
2026-01-07 14:46:20,942 - INFO - [GINSLIB] processing : 2022/05/24 04:40:13 Q=5
2026-01-07 14:46:20,957 - INFO - [GINSLIB] processing : 2022/05/24 04:40:14 Q=5
2026-01-07 14:46:20,973 - INFO - [GINSLIB] processing : 2022/05/24 04:40:15 Q=5
2026-01-07 14:46:20,980 - INFO - [GINSLIB] processing : 2022/05/24 04:40:16 Q=5
2026-01-07 14:46:20,997 - INFO - [GINSLIB] processing : 2022/05/24 04:40:17 Q=5
2026-01-07 14:46:21,012 - INFO - [GINSLIB] processing : 2022/05/24 04:40:18 Q=5
2026-01-07 14:46:21,029 - INFO - [GINSLIB] processing : 2022/05/24 04:40:19 Q=5
2026-01-07 14:46:21,044 - INFO - [GINSLIB] processing : 2022/05/24 04:40:20 Q=5
2026-01-07 14:46:21,052 - INFO - [GINSLIB] processing : 2022/05/24 04:40:21 Q=5
2026-01-07 14:46:21,069 - INFO - [GINSLIB] processing : 2022/05/24 04:40:22 Q=5
2026-01-07 14:46:21,084 - INFO - [GINSLIB] processing : 2022/05/24 04:40:23 Q=5
2026-01-07 14:46:21,100 - INFO - [GINSLIB] processing : 2022/05/24 04:40:24 Q=5
2026-01-07 14:46:21,115 - INFO - [GINSLIB] processing : 2022/05/24 04:40:25 Q=5
2026-01-07 14:46:21,123 - INFO - [GINSLIB] processing : 2022/05/24 04:40:26 Q=5
2026-01-07 14:46:21,140 - INFO - [GINSLIB] processing : 2022/05/24 04:40:27 Q=5
2026-01-07 14:46:21,155 - INFO - [GINSLIB] processing : 2022/05/24 04:40:28 Q=5
2026-01-07 14:46:21,171 - INFO - [GINSLIB] processing : 2022/05/24 04:40:29 Q=5
2026-01-07 14:46:21,185 - INFO - [GINSLIB] processing : 2022/05/24 04:40:30 Q=5
2026-01-07 14:46:21,194 - INFO - [GINSLIB] processing : 2022/05/24 04:40:31 Q=5
2026-01-07 14:46:21,210 - INFO - [GINSLIB] processing : 2022/05/24 04:40:32 Q=5
2026-01-07 14:46:21,223 - INFO - [GINSLIB] processing : 2022/05/24 04:40:33 Q=5
2026-01-07 14:46:21,240 - INFO - [GINSLIB] processing : 2022/05/24 04:40:34 Q=5
2026-01-07 14:46:21,254 - INFO - [GINSLIB] processing : 2022/05/24 04:40:35 Q=5
2026-01-07 14:46:21,271 - INFO - [GINSLIB] processing : 2022/05/24 04:40:36 Q=5
2026-01-07 14:46:21,281 - INFO - [GINSLIB] processing : 2022/05/24 04:40:37 Q=5
2026-01-07 14:46:21,295 - INFO - [GINSLIB] processing : 2022/05/24 04:40:38 Q=5
2026-01-07 14:46:21,312 - INFO - [GINSLIB] processing : 2022/05/24 04:40:39 Q=5
2026-01-07 14:46:21,327 - INFO - [GINSLIB] processing : 2022/05/24 04:40:40 Q=5
2026-01-07 14:46:21,343 - INFO - [GINSLIB] processing : 2022/05/24 04:40:41 Q=5
2026-01-07 14:46:21,348 - INFO - [GINSLIB] processing : 2022/05/24 04:40:42 Q=5
2026-01-07 14:46:21,364 - INFO - [GINSLIB] processing : 2022/05/24 04:40:43 Q=5
2026-01-07 14:46:21,378 - INFO - [GINSLIB] processing : 2022/05/24 04:40:44 Q=5
2026-01-07 14:46:21,396 - INFO - [GINSLIB] processing : 2022/05/24 04:40:45 Q=5
2026-01-07 14:46:21,412 - INFO - [GINSLIB] processing : 2022/05/24 04:40:46 Q=5
2026-01-07 14:46:21,417 - INFO - [GINSLIB] processing : 2022/05/24 04:40:47 Q=5
2026-01-07 14:46:21,435 - INFO - [GINSLIB] processing : 2022/05/24 04:40:48 Q=5
2026-01-07 14:46:21,449 - INFO - [GINSLIB] processing : 2022/05/24 04:40:49 Q=5
2026-01-07 14:46:21,467 - INFO - [GINSLIB] processing : 2022/05/24 04:40:50 Q=5
2026-01-07 14:46:21,480 - INFO - [GINSLIB] processing : 2022/05/24 04:40:51 Q=5
2026-01-07 14:46:21,488 - INFO - [GINSLIB] processing : 2022/05/24 04:40:52 Q=5
2026-01-07 14:46:21,505 - INFO - [GINSLIB] processing : 2022/05/24 04:40:53 Q=5
2026-01-07 14:46:21,520 - INFO - [GINSLIB] processing : 2022/05/24 04:40:54 Q=5
2026-01-07 14:46:21,537 - INFO - [GINSLIB] processing : 2022/05/24 04:40:55 Q=5
2026-01-07 14:46:21,551 - INFO - [GINSLIB] processing : 2022/05/24 04:40:56 Q=5
2026-01-07 14:46:21,561 - INFO - [GINSLIB] processing : 2022/05/24 04:40:57 Q=5
2026-01-07 14:46:21,579 - INFO - [GINSLIB] processing : 2022/05/24 04:40:58 Q=5
2026-01-07 14:46:21,593 - INFO - [GINSLIB] processing : 2022/05/24 04:40:59 Q=5
2026-01-07 14:46:21,610 - INFO - [GINSLIB] processing : 2022/05/24 04:41:00 Q=5
2026-01-07 14:46:21,624 - INFO - [GINSLIB] processing : 2022/05/24 04:41:01 Q=5
2026-01-07 14:46:21,631 - INFO - [GINSLIB] processing : 2022/05/24 04:41:02 Q=5
2026-01-07 14:46:21,648 - INFO - [GINSLIB] processing : 2022/05/24 04:41:03 Q=5
2026-01-07 14:46:21,661 - INFO - [GINSLIB] processing : 2022/05/24 04:41:04 Q=5
2026-01-07 14:46:21,677 - INFO - [GINSLIB] processing : 2022/05/24 04:41:05 Q=5
2026-01-07 14:46:21,691 - INFO - [GINSLIB] processing : 2022/05/24 04:41:06 Q=5
2026-01-07 14:46:21,711 - INFO - [GINSLIB] processing : 2022/05/24 04:41:07 Q=5
2026-01-07 14:46:21,718 - INFO - [GINSLIB] processing : 2022/05/24 04:41:08 Q=5
2026-01-07 14:46:21,735 - INFO - [GINSLIB] processing : 2022/05/24 04:41:09 Q=5
2026-01-07 14:46:21,751 - INFO - [GINSLIB] processing : 2022/05/24 04:41:10 Q=5
2026-01-07 14:46:21,766 - INFO - [GINSLIB] processing : 2022/05/24 04:41:11 Q=5
2026-01-07 14:46:21,783 - INFO - [GINSLIB] processing : 2022/05/24 04:41:12 Q=5
2026-01-07 14:46:21,789 - INFO - [GINSLIB] processing : 2022/05/24 04:41:13 Q=5
2026-01-07 14:46:21,806 - INFO - [GINSLIB] processing : 2022/05/24 04:41:14 Q=5
2026-01-07 14:46:21,820 - INFO - [GINSLIB] processing : 2022/05/24 04:41:15 Q=5
2026-01-07 14:46:21,838 - INFO - [GINSLIB] processing : 2022/05/24 04:41:16 Q=5
2026-01-07 14:46:21,858 - INFO - [GINSLIB] processing : 2022/05/24 04:41:17 Q=5
2026-01-07 14:46:21,863 - INFO - [GINSLIB] processing : 2022/05/24 04:41:18 Q=5
2026-01-07 14:46:21,882 - INFO - [GINSLIB] processing : 2022/05/24 04:41:19 Q=5
2026-01-07 14:46:21,895 - INFO - [GINSLIB] processing : 2022/05/24 04:41:20 Q=5
2026-01-07 14:46:21,912 - INFO - [GINSLIB] processing : 2022/05/24 04:41:21 Q=5
2026-01-07 14:46:21,926 - INFO - [GINSLIB] processing : 2022/05/24 04:41:22 Q=5
2026-01-07 14:46:21,934 - INFO - [GINSLIB] processing : 2022/05/24 04:41:23 Q=5
2026-01-07 14:46:21,951 - INFO - [GINSLIB] processing : 2022/05/24 04:41:24 Q=5
2026-01-07 14:46:21,965 - INFO - [GINSLIB] processing : 2022/05/24 04:41:25 Q=5
2026-01-07 14:46:21,982 - INFO - [GINSLIB] processing : 2022/05/24 04:41:26 Q=5
2026-01-07 14:46:21,997 - INFO - [GINSLIB] processing : 2022/05/24 04:41:27 Q=5
2026-01-07 14:46:22,005 - INFO - [GINSLIB] processing : 2022/05/24 04:41:28 Q=5
2026-01-07 14:46:22,021 - INFO - [GINSLIB] processing : 2022/05/24 04:41:29 Q=5
2026-01-07 14:46:22,036 - INFO - [GINSLIB] processing : 2022/05/24 04:41:30 Q=5
2026-01-07 14:46:22,053 - INFO - [GINSLIB] processing : 2022/05/24 04:41:31 Q=5
2026-01-07 14:46:22,068 - INFO - [GINSLIB] processing : 2022/05/24 04:41:32 Q=5
2026-01-07 14:46:22,079 - INFO - [GINSLIB] processing : 2022/05/24 04:41:33 Q=5
2026-01-07 14:46:22,096 - INFO - [GINSLIB] processing : 2022/05/24 04:41:34 Q=5
2026-01-07 14:46:22,111 - INFO - [GINSLIB] processing : 2022/05/24 04:41:35 Q=5
2026-01-07 14:46:22,128 - INFO - [GINSLIB] processing : 2022/05/24 04:41:36 Q=5
2026-01-07 14:46:22,143 - INFO - [GINSLIB] processing : 2022/05/24 04:41:37 Q=5
2026-01-07 14:46:22,160 - INFO - [GINSLIB] processing : 2022/05/24 04:41:38 Q=5
2026-01-07 14:46:22,166 - INFO - [GINSLIB] processing : 2022/05/24 04:41:39 Q=5
2026-01-07 14:46:22,183 - INFO - [GINSLIB] processing : 2022/05/24 04:41:40 Q=5
2026-01-07 14:46:22,199 - INFO - [GINSLIB] processing : 2022/05/24 04:41:41 Q=5
2026-01-07 14:46:22,214 - INFO - [GINSLIB] processing : 2022/05/24 04:41:42 Q=5
2026-01-07 14:46:22,230 - INFO - [GINSLIB] processing : 2022/05/24 04:41:43 Q=5
2026-01-07 14:46:22,236 - INFO - [GINSLIB] processing : 2022/05/24 04:41:44 Q=5
2026-01-07 14:46:22,253 - INFO - [GINSLIB] processing : 2022/05/24 04:41:45 Q=5
2026-01-07 14:46:22,266 - INFO - [GINSLIB] processing : 2022/05/24 04:41:46 Q=5
2026-01-07 14:46:22,283 - INFO - [GINSLIB] processing : 2022/05/24 04:41:47 Q=5
2026-01-07 14:46:22,299 - INFO - [GINSLIB] processing : 2022/05/24 04:41:48 Q=5
2026-01-07 14:46:22,304 - INFO - [GINSLIB] processing : 2022/05/24 04:41:49 Q=5
2026-01-07 14:46:22,321 - INFO - [GINSLIB] processing : 2022/05/24 04:41:50 Q=5
2026-01-07 14:46:22,337 - INFO - [GINSLIB] processing : 2022/05/24 04:41:51 Q=5
2026-01-07 14:46:22,354 - INFO - [GINSLIB] processing : 2022/05/24 04:41:52 Q=5
2026-01-07 14:46:22,369 - INFO - [GINSLIB] processing : 2022/05/24 04:41:53 Q=5
2026-01-07 14:46:22,378 - INFO - [GINSLIB] processing : 2022/05/24 04:41:54 Q=5
2026-01-07 14:46:22,394 - INFO - [GINSLIB] processing : 2022/05/24 04:41:55 Q=5
2026-01-07 14:46:22,409 - INFO - [GINSLIB] processing : 2022/05/24 04:41:56 Q=5
2026-01-07 14:46:22,427 - INFO - [GINSLIB] processing : 2022/05/24 04:41:57 Q=5
2026-01-07 14:46:22,442 - INFO - [GINSLIB] processing : 2022/05/24 04:41:58 Q=5
2026-01-07 14:46:22,451 - INFO - [GINSLIB] processing : 2022/05/24 04:41:59 Q=5
2026-01-07 14:46:22,468 - INFO - [GINSLIB] processing : 2022/05/24 04:42:00 Q=5
2026-01-07 14:46:22,483 - INFO - [GINSLIB] processing : 2022/05/24 04:42:01 Q=5
2026-01-07 14:46:22,499 - INFO - [GINSLIB] processing : 2022/05/24 04:42:02 Q=5
2026-01-07 14:46:22,513 - INFO - [GINSLIB] processing : 2022/05/24 04:42:03 Q=5
2026-01-07 14:46:22,530 - INFO - [GINSLIB] processing : 2022/05/24 04:42:04 Q=5
2026-01-07 14:46:22,537 - INFO - [GINSLIB] processing : 2022/05/24 04:42:05 Q=5
2026-01-07 14:46:22,551 - INFO - [GINSLIB] processing : 2022/05/24 04:42:06 Q=5
2026-01-07 14:46:22,567 - INFO - [GINSLIB] processing : 2022/05/24 04:42:07 Q=5
2026-01-07 14:46:22,581 - INFO - [GINSLIB] processing : 2022/05/24 04:42:08 Q=5
2026-01-07 14:46:22,598 - INFO - [GINSLIB] processing : 2022/05/24 04:42:09 Q=5
2026-01-07 14:46:22,603 - INFO - [GINSLIB] processing : 2022/05/24 04:42:10 Q=5
2026-01-07 14:46:22,620 - INFO - [GINSLIB] processing : 2022/05/24 04:42:11 Q=5
2026-01-07 14:46:22,635 - INFO - [GINSLIB] processing : 2022/05/24 04:42:12 Q=5
2026-01-07 14:46:22,649 - INFO - [GINSLIB] processing : 2022/05/24 04:42:13 Q=5
2026-01-07 14:46:22,667 - INFO - [GINSLIB] processing : 2022/05/24 04:42:14 Q=5
2026-01-07 14:46:22,672 - INFO - [GINSLIB] processing : 2022/05/24 04:42:15 Q=5
2026-01-07 14:46:22,689 - INFO - [GINSLIB] processing : 2022/05/24 04:42:16 Q=5
2026-01-07 14:46:22,705 - INFO - [GINSLIB] processing : 2022/05/24 04:42:17 Q=5
2026-01-07 14:46:22,724 - INFO - [GINSLIB] processing : 2022/05/24 04:42:18 Q=5
2026-01-07 14:46:22,743 - INFO - [GINSLIB] processing : 2022/05/24 04:42:19 Q=5
2026-01-07 14:46:22,750 - INFO - [GINSLIB] processing : 2022/05/24 04:42:20 Q=5
2026-01-07 14:46:22,768 - INFO - [GINSLIB] processing : 2022/05/24 04:42:21 Q=5
2026-01-07 14:46:22,783 - INFO - [GINSLIB] processing : 2022/05/24 04:42:22 Q=5
2026-01-07 14:46:22,802 - INFO - [GINSLIB] processing : 2022/05/24 04:42:23 Q=5
2026-01-07 14:46:22,820 - INFO - [GINSLIB] processing : 2022/05/24 04:42:24 Q=5
2026-01-07 14:46:22,830 - INFO - [GINSLIB] processing : 2022/05/24 04:42:25 Q=5
2026-01-07 14:46:22,849 - INFO - [GINSLIB] processing : 2022/05/24 04:42:26 Q=5
2026-01-07 14:46:22,866 - INFO - [GINSLIB] processing : 2022/05/24 04:42:27 Q=5
2026-01-07 14:46:22,884 - INFO - [GINSLIB] processing : 2022/05/24 04:42:28 Q=5
2026-01-07 14:46:22,901 - INFO - [GINSLIB] processing : 2022/05/24 04:42:29 Q=5
2026-01-07 14:46:22,910 - INFO - [GINSLIB] processing : 2022/05/24 04:42:30 Q=5
2026-01-07 14:46:22,928 - INFO - [GINSLIB] processing : 2022/05/24 04:42:31 Q=5
2026-01-07 14:46:22,944 - INFO - [GINSLIB] processing : 2022/05/24 04:42:32 Q=5
2026-01-07 14:46:22,963 - INFO - [GINSLIB] processing : 2022/05/24 04:42:33 Q=5
2026-01-07 14:46:22,978 - INFO - [GINSLIB] processing : 2022/05/24 04:42:34 Q=5
2026-01-07 14:46:22,995 - INFO - [GINSLIB] processing : 2022/05/24 04:42:35 Q=5
2026-01-07 14:46:23,003 - INFO - [GINSLIB] processing : 2022/05/24 04:42:36 Q=5
2026-01-07 14:46:23,017 - INFO - [GINSLIB] processing : 2022/05/24 04:42:37 Q=5
2026-01-07 14:46:23,033 - INFO - [GINSLIB] processing : 2022/05/24 04:42:38 Q=5
2026-01-07 14:46:23,047 - INFO - [GINSLIB] processing : 2022/05/24 04:42:39 Q=5
2026-01-07 14:46:23,064 - INFO - [GINSLIB] processing : 2022/05/24 04:42:40 Q=5
2026-01-07 14:46:23,070 - INFO - [GINSLIB] processing : 2022/05/24 04:42:41 Q=5
2026-01-07 14:46:23,086 - INFO - [GINSLIB] processing : 2022/05/24 04:42:42 Q=5
2026-01-07 14:46:23,102 - INFO - [GINSLIB] processing : 2022/05/24 04:42:43 Q=5
2026-01-07 14:46:23,117 - INFO - [GINSLIB] processing : 2022/05/24 04:42:44 Q=5
2026-01-07 14:46:23,133 - INFO - [GINSLIB] processing : 2022/05/24 04:42:45 Q=5
2026-01-07 14:46:23,140 - INFO - [GINSLIB] processing : 2022/05/24 04:42:46 Q=5
2026-01-07 14:46:23,157 - INFO - [GINSLIB] processing : 2022/05/24 04:42:47 Q=5
2026-01-07 14:46:23,169 - INFO - [GINSLIB] processing : 2022/05/24 04:42:48 Q=5
2026-01-07 14:46:23,186 - INFO - [GINSLIB] processing : 2022/05/24 04:42:49 Q=5
2026-01-07 14:46:23,199 - INFO - [GINSLIB] processing : 2022/05/24 04:42:50 Q=5
2026-01-07 14:46:23,207 - INFO - [GINSLIB] processing : 2022/05/24 04:42:51 Q=5
2026-01-07 14:46:23,224 - INFO - [GINSLIB] processing : 2022/05/24 04:42:52 Q=5
2026-01-07 14:46:23,242 - INFO - [GINSLIB] processing : 2022/05/24 04:42:53 Q=5
2026-01-07 14:46:23,265 - INFO - [GINSLIB] processing : 2022/05/24 04:42:54 Q=5
2026-01-07 14:46:23,283 - INFO - [GINSLIB] processing : 2022/05/24 04:42:55 Q=5
2026-01-07 14:46:23,293 - INFO - [GINSLIB] processing : 2022/05/24 04:42:56 Q=5
2026-01-07 14:46:23,309 - INFO - [GINSLIB] processing : 2022/05/24 04:42:57 Q=5
2026-01-07 14:46:23,327 - INFO - [GINSLIB] processing : 2022/05/24 04:42:58 Q=5
2026-01-07 14:46:23,346 - INFO - [GINSLIB] processing : 2022/05/24 04:42:59 Q=5
2026-01-07 14:46:23,362 - INFO - [GINSLIB] processing : 2022/05/24 04:43:00 Q=5
2026-01-07 14:46:23,373 - INFO - [GINSLIB] processing : 2022/05/24 04:43:01 Q=5
2026-01-07 14:46:23,391 - INFO - [GINSLIB] processing : 2022/05/24 04:43:02 Q=5
2026-01-07 14:46:23,408 - INFO - [GINSLIB] processing : 2022/05/24 04:43:03 Q=5
2026-01-07 14:46:23,424 - INFO - [GINSLIB] processing : 2022/05/24 04:43:04 Q=5
2026-01-07 14:46:23,438 - INFO - [GINSLIB] processing : 2022/05/24 04:43:05 Q=5
2026-01-07 14:46:23,455 - INFO - [GINSLIB] processing : 2022/05/24 04:43:06 Q=5
2026-01-07 14:46:23,463 - INFO - [GINSLIB] processing : 2022/05/24 04:43:07 Q=5
2026-01-07 14:46:23,478 - INFO - [GINSLIB] processing : 2022/05/24 04:43:08 Q=5
2026-01-07 14:46:23,495 - INFO - [GINSLIB] processing : 2022/05/24 04:43:09 Q=5
2026-01-07 14:46:23,511 - INFO - [GINSLIB] processing : 2022/05/24 04:43:10 Q=5
2026-01-07 14:46:23,529 - INFO - [GINSLIB] processing : 2022/05/24 04:43:11 Q=5
2026-01-07 14:46:23,535 - INFO - [GINSLIB] processing : 2022/05/24 04:43:12 Q=5
2026-01-07 14:46:23,551 - INFO - [GINSLIB] processing : 2022/05/24 04:43:13 Q=5
2026-01-07 14:46:23,566 - INFO - [GINSLIB] processing : 2022/05/24 04:43:14 Q=5
2026-01-07 14:46:23,583 - INFO - [GINSLIB] processing : 2022/05/24 04:43:15 Q=5
2026-01-07 14:46:23,600 - INFO - [GINSLIB] processing : 2022/05/24 04:43:16 Q=5
2026-01-07 14:46:23,606 - INFO - [GINSLIB] processing : 2022/05/24 04:43:17 Q=5
2026-01-07 14:46:23,625 - INFO - [GINSLIB] processing : 2022/05/24 04:43:18 Q=5
2026-01-07 14:46:23,637 - INFO - [GINSLIB] processing : 2022/05/24 04:43:19 Q=5
2026-01-07 14:46:23,656 - INFO - [GINSLIB] processing : 2022/05/24 04:43:20 Q=5
2026-01-07 14:46:23,670 - INFO - [GINSLIB] processing : 2022/05/24 04:43:21 Q=5
2026-01-07 14:46:23,680 - INFO - [GINSLIB] processing : 2022/05/24 04:43:22 Q=5
2026-01-07 14:46:23,697 - INFO - [GINSLIB] processing : 2022/05/24 04:43:23 Q=5
2026-01-07 14:46:23,710 - INFO - [GINSLIB] processing : 2022/05/24 04:43:24 Q=5
2026-01-07 14:46:23,728 - INFO - [GINSLIB] processing : 2022/05/24 04:43:25 Q=5
2026-01-07 14:46:23,742 - INFO - [GINSLIB] processing : 2022/05/24 04:43:26 Q=5
2026-01-07 14:46:23,751 - INFO - [GINSLIB] processing : 2022/05/24 04:43:27 Q=5
2026-01-07 14:46:23,768 - INFO - [GINSLIB] processing : 2022/05/24 04:43:28 Q=5
2026-01-07 14:46:23,783 - INFO - [GINSLIB] processing : 2022/05/24 04:43:29 Q=5
2026-01-07 14:46:23,801 - INFO - [GINSLIB] processing : 2022/05/24 04:43:30 Q=5
2026-01-07 14:46:23,816 - INFO - [GINSLIB] processing : 2022/05/24 04:43:31 Q=5
2026-01-07 14:46:23,825 - INFO - [GINSLIB] processing : 2022/05/24 04:43:32 Q=5
2026-01-07 14:46:23,841 - INFO - [GINSLIB] processing : 2022/05/24 04:43:33 Q=5
2026-01-07 14:46:23,856 - INFO - [GINSLIB] processing : 2022/05/24 04:43:34 Q=5
2026-01-07 14:46:23,876 - INFO - [GINSLIB] processing : 2022/05/24 04:43:35 Q=5
2026-01-07 14:46:23,891 - INFO - [GINSLIB] processing : 2022/05/24 04:43:36 Q=5
2026-01-07 14:46:23,910 - INFO - [GINSLIB] processing : 2022/05/24 04:43:37 Q=5
2026-01-07 14:46:23,919 - INFO - [GINSLIB] processing : 2022/05/24 04:43:38 Q=5
2026-01-07 14:46:23,935 - INFO - [GINSLIB] processing : 2022/05/24 04:43:39 Q=5
2026-01-07 14:46:23,953 - INFO - [GINSLIB] processing : 2022/05/24 04:43:40 Q=5
2026-01-07 14:46:23,971 - INFO - [GINSLIB] processing : 2022/05/24 04:43:41 Q=5
2026-01-07 14:46:23,989 - INFO - [GINSLIB] processing : 2022/05/24 04:43:42 Q=5
2026-01-07 14:46:23,997 - INFO - [GINSLIB] processing : 2022/05/24 04:43:43 Q=5
2026-01-07 14:46:24,016 - INFO - [GINSLIB] processing : 2022/05/24 04:43:44 Q=5
2026-01-07 14:46:24,031 - INFO - [GINSLIB] processing : 2022/05/24 04:43:45 Q=5
2026-01-07 14:46:24,050 - INFO - [GINSLIB] processing : 2022/05/24 04:43:46 Q=5
2026-01-07 14:46:24,068 - INFO - [GINSLIB] processing : 2022/05/24 04:43:47 Q=5
2026-01-07 14:46:24,075 - INFO - [GINSLIB] processing : 2022/05/24 04:43:48 Q=5
2026-01-07 14:46:24,093 - INFO - [GINSLIB] processing : 2022/05/24 04:43:49 Q=5
2026-01-07 14:46:24,108 - INFO - [GINSLIB] processing : 2022/05/24 04:43:50 Q=5
2026-01-07 14:46:24,126 - INFO - [GINSLIB] processing : 2022/05/24 04:43:51 Q=5
2026-01-07 14:46:24,139 - INFO - [GINSLIB] processing : 2022/05/24 04:43:52 Q=5
2026-01-07 14:46:24,149 - INFO - [GINSLIB] processing : 2022/05/24 04:43:53 Q=5
2026-01-07 14:46:24,166 - INFO - [GINSLIB] processing : 2022/05/24 04:43:54 Q=5
2026-01-07 14:46:24,180 - INFO - [GINSLIB] processing : 2022/05/24 04:43:55 Q=5
2026-01-07 14:46:24,195 - INFO - [GINSLIB] processing : 2022/05/24 04:43:56 Q=5
2026-01-07 14:46:24,210 - INFO - [GINSLIB] processing : 2022/05/24 04:43:57 Q=5
2026-01-07 14:46:24,218 - INFO - [GINSLIB] processing : 2022/05/24 04:43:58 Q=5
2026-01-07 14:46:24,235 - INFO - [GINSLIB] processing : 2022/05/24 04:43:59 Q=5
2026-01-07 14:46:24,250 - INFO - [GINSLIB] processing : 2022/05/24 04:44:00 Q=5
2026-01-07 14:46:24,267 - INFO - [GINSLIB] processing : 2022/05/24 04:44:01 Q=5
2026-01-07 14:46:24,280 - INFO - [GINSLIB] processing : 2022/05/24 04:44:02 Q=5
2026-01-07 14:46:24,287 - INFO - [GINSLIB] processing : 2022/05/24 04:44:03 Q=5
2026-01-07 14:46:24,303 - INFO - [GINSLIB] processing : 2022/05/24 04:44:04 Q=5
2026-01-07 14:46:24,318 - INFO - [GINSLIB] processing : 2022/05/24 04:44:05 Q=5
2026-01-07 14:46:24,335 - INFO - [GINSLIB] processing : 2022/05/24 04:44:06 Q=5
2026-01-07 14:46:24,349 - INFO - [GINSLIB] processing : 2022/05/24 04:44:07 Q=5
2026-01-07 14:46:24,368 - INFO - [GINSLIB] processing : 2022/05/24 04:44:08 Q=5
2026-01-07 14:46:24,374 - INFO - [GINSLIB] processing : 2022/05/24 04:44:09 Q=5
2026-01-07 14:46:24,390 - INFO - [GINSLIB] processing : 2022/05/24 04:44:10 Q=5
2026-01-07 14:46:24,408 - INFO - [GINSLIB] processing : 2022/05/24 04:44:11 Q=5
2026-01-07 14:46:24,423 - INFO - [GINSLIB] processing : 2022/05/24 04:44:12 Q=5
2026-01-07 14:46:24,440 - INFO - [GINSLIB] processing : 2022/05/24 04:44:13 Q=5
2026-01-07 14:46:24,447 - INFO - [GINSLIB] processing : 2022/05/24 04:44:14 Q=5
2026-01-07 14:46:24,466 - INFO - [GINSLIB] processing : 2022/05/24 04:44:15 Q=5
2026-01-07 14:46:24,482 - INFO - [GINSLIB] processing : 2022/05/24 04:44:16 Q=5
2026-01-07 14:46:24,498 - INFO - [GINSLIB] processing : 2022/05/24 04:44:17 Q=5
2026-01-07 14:46:24,516 - INFO - [GINSLIB] processing : 2022/05/24 04:44:18 Q=5
2026-01-07 14:46:24,522 - INFO - [GINSLIB] processing : 2022/05/24 04:44:19 Q=5
2026-01-07 14:46:24,541 - INFO - [GINSLIB] processing : 2022/05/24 04:44:20 Q=5
2026-01-07 14:46:24,556 - INFO - [GINSLIB] processing : 2022/05/24 04:44:21 Q=5
2026-01-07 14:46:24,574 - INFO - [GINSLIB] processing : 2022/05/24 04:44:22 Q=5
2026-01-07 14:46:24,589 - INFO - [GINSLIB] processing : 2022/05/24 04:44:23 Q=5
2026-01-07 14:46:24,597 - INFO - [GINSLIB] processing : 2022/05/24 04:44:24 Q=5
2026-01-07 14:46:24,614 - INFO - [GINSLIB] processing : 2022/05/24 04:44:25 Q=5
2026-01-07 14:46:24,627 - INFO - [GINSLIB] processing : 2022/05/24 04:44:26 Q=5
2026-01-07 14:46:24,645 - INFO - [GINSLIB] processing : 2022/05/24 04:44:27 Q=5
2026-01-07 14:46:24,659 - INFO - [GINSLIB] processing : 2022/05/24 04:44:28 Q=5
2026-01-07 14:46:24,667 - INFO - [GINSLIB] processing : 2022/05/24 04:44:29 Q=5
2026-01-07 14:46:24,684 - INFO - [GINSLIB] processing : 2022/05/24 04:44:30 Q=5
2026-01-07 14:46:24,700 - INFO - [GINSLIB] processing : 2022/05/24 04:44:31 Q=5
2026-01-07 14:46:24,717 - INFO - [GINSLIB] processing : 2022/05/24 04:44:32 Q=5
2026-01-07 14:46:24,733 - INFO - [GINSLIB] processing : 2022/05/24 04:44:33 Q=5
2026-01-07 14:46:24,743 - INFO - [GINSLIB] processing : 2022/05/24 04:44:34 Q=5
2026-01-07 14:46:24,761 - INFO - [GINSLIB] processing : 2022/05/24 04:44:35 Q=5
2026-01-07 14:46:24,778 - INFO - [GINSLIB] processing : 2022/05/24 04:44:36 Q=5
2026-01-07 14:46:24,795 - INFO - [GINSLIB] processing : 2022/05/24 04:44:37 Q=5
2026-01-07 14:46:24,810 - INFO - [GINSLIB] processing : 2022/05/24 04:44:38 Q=5
2026-01-07 14:46:24,826 - INFO - [GINSLIB] processing : 2022/05/24 04:44:39 Q=5
2026-01-07 14:46:24,832 - INFO - [GINSLIB] processing : 2022/05/24 04:44:40 Q=5
2026-01-07 14:46:24,850 - INFO - [GINSLIB] processing : 2022/05/24 04:44:41 Q=5
2026-01-07 14:46:24,865 - INFO - [GINSLIB] processing : 2022/05/24 04:44:42 Q=5
2026-01-07 14:46:24,881 - INFO - [GINSLIB] processing : 2022/05/24 04:44:43 Q=5
2026-01-07 14:46:24,898 - INFO - [GINSLIB] processing : 2022/05/24 04:44:44 Q=5
2026-01-07 14:46:24,904 - INFO - [GINSLIB] processing : 2022/05/24 04:44:45 Q=5
2026-01-07 14:46:24,923 - INFO - [GINSLIB] processing : 2022/05/24 04:44:46 Q=5
2026-01-07 14:46:24,938 - INFO - [GINSLIB] processing : 2022/05/24 04:44:47 Q=5
2026-01-07 14:46:24,957 - INFO - [GINSLIB] processing : 2022/05/24 04:44:48 Q=5
2026-01-07 14:46:24,977 - INFO - [GINSLIB] processing : 2022/05/24 04:44:49 Q=5
2026-01-07 14:46:24,983 - INFO - [GINSLIB] processing : 2022/05/24 04:44:50 Q=5
2026-01-07 14:46:25,002 - INFO - [GINSLIB] processing : 2022/05/24 04:44:51 Q=5
2026-01-07 14:46:25,017 - INFO - [GINSLIB] processing : 2022/05/24 04:44:52 Q=5
2026-01-07 14:46:25,034 - INFO - [GINSLIB] processing : 2022/05/24 04:44:53 Q=5
2026-01-07 14:46:25,050 - INFO - [GINSLIB] processing : 2022/05/24 04:44:54 Q=5
2026-01-07 14:46:25,059 - INFO - [GINSLIB] processing : 2022/05/24 04:44:55 Q=5
2026-01-07 14:46:25,076 - INFO - [GINSLIB] processing : 2022/05/24 04:44:56 Q=5
2026-01-07 14:46:25,094 - INFO - [GINSLIB] processing : 2022/05/24 04:44:57 Q=5
2026-01-07 14:46:25,112 - INFO - [GINSLIB] processing : 2022/05/24 04:44:58 Q=5
2026-01-07 14:46:25,128 - INFO - [GINSLIB] processing : 2022/05/24 04:44:59 Q=5
2026-01-07 14:46:25,137 - INFO - [GINSLIB] processing : 2022/05/24 04:45:00 Q=5
2026-01-07 14:46:25,155 - INFO - [GINSLIB] processing : 2022/05/24 04:45:01 Q=5
2026-01-07 14:46:25,171 - INFO - [GINSLIB] processing : 2022/05/24 04:45:02 Q=5
2026-01-07 14:46:25,189 - INFO - [GINSLIB] processing : 2022/05/24 04:45:03 Q=5
2026-01-07 14:46:25,205 - INFO - [GINSLIB] processing : 2022/05/24 04:45:04 Q=5
2026-01-07 14:46:25,215 - INFO - [GINSLIB] processing : 2022/05/24 04:45:05 Q=5
2026-01-07 14:46:25,233 - INFO - [GINSLIB] processing : 2022/05/24 04:45:06 Q=5
2026-01-07 14:46:25,249 - INFO - [GINSLIB] processing : 2022/05/24 04:45:07 Q=5
2026-01-07 14:46:25,266 - INFO - [GINSLIB] processing : 2022/05/24 04:45:08 Q=5
2026-01-07 14:46:25,282 - INFO - [GINSLIB] processing : 2022/05/24 04:45:09 Q=5
2026-01-07 14:46:25,299 - INFO - [GINSLIB] processing : 2022/05/24 04:45:10 Q=5
2026-01-07 14:46:25,306 - INFO - [GINSLIB] processing : 2022/05/24 04:45:11 Q=5
2026-01-07 14:46:25,325 - INFO - [GINSLIB] processing : 2022/05/24 04:45:12 Q=5
2026-01-07 14:46:25,342 - INFO - [GINSLIB] processing : 2022/05/24 04:45:13 Q=5
2026-01-07 14:46:25,357 - INFO - [GINSLIB] processing : 2022/05/24 04:45:14 Q=5
2026-01-07 14:46:25,375 - INFO - [GINSLIB] processing : 2022/05/24 04:45:15 Q=5
2026-01-07 14:46:25,380 - INFO - [GINSLIB] processing : 2022/05/24 04:45:16 Q=5
2026-01-07 14:46:25,398 - INFO - [GINSLIB] processing : 2022/05/24 04:45:17 Q=5
2026-01-07 14:46:25,413 - INFO - [GINSLIB] processing : 2022/05/24 04:45:18 Q=5
2026-01-07 14:46:25,432 - INFO - [GINSLIB] processing : 2022/05/24 04:45:19 Q=5
2026-01-07 14:46:25,451 - INFO - [GINSLIB] processing : 2022/05/24 04:45:20 Q=5
2026-01-07 14:46:25,460 - INFO - [GINSLIB] processing : 2022/05/24 04:45:21 Q=5
2026-01-07 14:46:25,479 - INFO - [GINSLIB] processing : 2022/05/24 04:45:22 Q=5
2026-01-07 14:46:25,495 - INFO - [GINSLIB] processing : 2022/05/24 04:45:23 Q=5
2026-01-07 14:46:25,516 - INFO - [GINSLIB] processing : 2022/05/24 04:45:24 Q=5
2026-01-07 14:46:25,532 - INFO - [GINSLIB] processing : 2022/05/24 04:45:25 Q=5
2026-01-07 14:46:25,540 - INFO - [GINSLIB] processing : 2022/05/24 04:45:26 Q=5
2026-01-07 14:46:25,560 - INFO - [GINSLIB] processing : 2022/05/24 04:45:27 Q=5
2026-01-07 14:46:25,575 - INFO - [GINSLIB] processing : 2022/05/24 04:45:28 Q=5
2026-01-07 14:46:25,593 - INFO - [GINSLIB] processing : 2022/05/24 04:45:29 Q=5
2026-01-07 14:46:25,608 - INFO - [GINSLIB] processing : 2022/05/24 04:45:30 Q=5
2026-01-07 14:46:25,617 - INFO - [GINSLIB] processing : 2022/05/24 04:45:31 Q=5
2026-01-07 14:46:25,634 - INFO - [GINSLIB] processing : 2022/05/24 04:45:32 Q=5
2026-01-07 14:46:25,649 - INFO - [GINSLIB] processing : 2022/05/24 04:45:33 Q=5
2026-01-07 14:46:25,667 - INFO - [GINSLIB] processing : 2022/05/24 04:45:34 Q=5
2026-01-07 14:46:25,683 - INFO - [GINSLIB] processing : 2022/05/24 04:45:35 Q=5
2026-01-07 14:46:25,701 - INFO - [GINSLIB] processing : 2022/05/24 04:45:36 Q=5
2026-01-07 14:46:25,709 - INFO - [GINSLIB] processing : 2022/05/24 04:45:37 Q=5
2026-01-07 14:46:25,724 - INFO - [GINSLIB] processing : 2022/05/24 04:45:38 Q=5
2026-01-07 14:46:25,742 - INFO - [GINSLIB] processing : 2022/05/24 04:45:39 Q=5
2026-01-07 14:46:25,755 - INFO - [GINSLIB] processing : 2022/05/24 04:45:40 Q=5
2026-01-07 14:46:25,772 - INFO - [GINSLIB] processing : 2022/05/24 04:45:41 Q=5
2026-01-07 14:46:25,779 - INFO - [GINSLIB] processing : 2022/05/24 04:45:42 Q=5
2026-01-07 14:46:25,796 - INFO - [GINSLIB] processing : 2022/05/24 04:45:43 Q=5
2026-01-07 14:46:25,813 - INFO - [GINSLIB] processing : 2022/05/24 04:45:44 Q=5
2026-01-07 14:46:25,828 - INFO - [GINSLIB] processing : 2022/05/24 04:45:45 Q=5
2026-01-07 14:46:25,846 - INFO - [GINSLIB] processing : 2022/05/24 04:45:46 Q=5
2026-01-07 14:46:25,852 - INFO - [GINSLIB] processing : 2022/05/24 04:45:47 Q=5
2026-01-07 14:46:25,870 - INFO - [GINSLIB] processing : 2022/05/24 04:45:48 Q=5
2026-01-07 14:46:25,884 - INFO - [GINSLIB] processing : 2022/05/24 04:45:49 Q=5
2026-01-07 14:46:25,901 - INFO - [GINSLIB] processing : 2022/05/24 04:45:50 Q=5
2026-01-07 14:46:25,914 - INFO - [GINSLIB] processing : 2022/05/24 04:45:51 Q=5
2026-01-07 14:46:25,923 - INFO - [GINSLIB] processing : 2022/05/24 04:45:52 Q=5
2026-01-07 14:46:25,943 - INFO - [GINSLIB] processing : 2022/05/24 04:45:53 Q=5
2026-01-07 14:46:25,959 - INFO - [GINSLIB] processing : 2022/05/24 04:45:54 Q=5
2026-01-07 14:46:25,978 - INFO - [GINSLIB] processing : 2022/05/24 04:45:55 Q=5
2026-01-07 14:46:25,993 - INFO - [GINSLIB] processing : 2022/05/24 04:45:56 Q=5
2026-01-07 14:46:26,002 - INFO - [GINSLIB] processing : 2022/05/24 04:45:57 Q=5
2026-01-07 14:46:26,021 - INFO - [GINSLIB] processing : 2022/05/24 04:45:58 Q=5
2026-01-07 14:46:26,035 - INFO - [GINSLIB] processing : 2022/05/24 04:45:59 Q=5
2026-01-07 14:46:26,053 - INFO - [GINSLIB] processing : 2022/05/24 04:46:00 Q=5
2026-01-07 14:46:26,068 - INFO - [GINSLIB] processing : 2022/05/24 04:46:01 Q=5
2026-01-07 14:46:26,081 - INFO - [GINSLIB] processing : 2022/05/24 04:46:02 Q=5
2026-01-07 14:46:26,096 - INFO - [GINSLIB] processing : 2022/05/24 04:46:03 Q=5
2026-01-07 14:46:26,109 - INFO - [GINSLIB] processing : 2022/05/24 04:46:04 Q=5
2026-01-07 14:46:26,125 - INFO - [GINSLIB] processing : 2022/05/24 04:46:05 Q=5
2026-01-07 14:46:26,138 - INFO - [GINSLIB] processing : 2022/05/24 04:46:06 Q=5
2026-01-07 14:46:26,154 - INFO - [GINSLIB] processing : 2022/05/24 04:46:07 Q=5
2026-01-07 14:46:26,163 - INFO - [GINSLIB] processing : 2022/05/24 04:46:08 Q=5
2026-01-07 14:46:26,176 - INFO - [GINSLIB] processing : 2022/05/24 04:46:09 Q=5
2026-01-07 14:46:26,192 - INFO - [GINSLIB] processing : 2022/05/24 04:46:10 Q=5
2026-01-07 14:46:26,205 - INFO - [GINSLIB] processing : 2022/05/24 04:46:11 Q=5
2026-01-07 14:46:26,220 - INFO - [GINSLIB] processing : 2022/05/24 04:46:12 Q=5
2026-01-07 14:46:26,227 - INFO - [GINSLIB] processing : 2022/05/24 04:46:13 Q=5
2026-01-07 14:46:26,243 - INFO - [GINSLIB] processing : 2022/05/24 04:46:14 Q=5
2026-01-07 14:46:26,256 - INFO - [GINSLIB] processing : 2022/05/24 04:46:15 Q=5
2026-01-07 14:46:26,275 - INFO - [GINSLIB] processing : 2022/05/24 04:46:16 Q=5
2026-01-07 14:46:26,293 - INFO - [GINSLIB] processing : 2022/05/24 04:46:17 Q=5
2026-01-07 14:46:26,298 - INFO - [GINSLIB] processing : 2022/05/24 04:46:18 Q=5
2026-01-07 14:46:26,314 - INFO - [GINSLIB] processing : 2022/05/24 04:46:19 Q=5
2026-01-07 14:46:26,328 - INFO - [GINSLIB] processing : 2022/05/24 04:46:20 Q=5
2026-01-07 14:46:26,343 - INFO - [GINSLIB] processing : 2022/05/24 04:46:21 Q=5
2026-01-07 14:46:26,357 - INFO - [GINSLIB] processing : 2022/05/24 04:46:22 Q=5
2026-01-07 14:46:26,364 - INFO - [GINSLIB] processing : 2022/05/24 04:46:23 Q=5
2026-01-07 14:46:26,379 - INFO - [GINSLIB] processing : 2022/05/24 04:46:24 Q=5
2026-01-07 14:46:26,393 - INFO - [GINSLIB] processing : 2022/05/24 04:46:25 Q=5
2026-01-07 14:46:26,408 - INFO - [GINSLIB] processing : 2022/05/24 04:46:26 Q=5
2026-01-07 14:46:26,420 - INFO - [GINSLIB] processing : 2022/05/24 04:46:27 Q=5
2026-01-07 14:46:26,427 - INFO - [GINSLIB] processing : 2022/05/24 04:46:28 Q=5
2026-01-07 14:46:26,443 - INFO - [GINSLIB] processing : 2022/05/24 04:46:29 Q=5
2026-01-07 14:46:26,457 - INFO - [GINSLIB] processing : 2022/05/24 04:46:30 Q=5
2026-01-07 14:46:26,472 - INFO - [GINSLIB] processing : 2022/05/24 04:46:31 Q=5
2026-01-07 14:46:26,486 - INFO - [GINSLIB] processing : 2022/05/24 04:46:32 Q=5
2026-01-07 14:46:26,495 - INFO - [GINSLIB] processing : 2022/05/24 04:46:33 Q=5
2026-01-07 14:46:26,510 - INFO - [GINSLIB] processing : 2022/05/24 04:46:34 Q=5
2026-01-07 14:46:26,523 - INFO - [GINSLIB] processing : 2022/05/24 04:46:35 Q=5
2026-01-07 14:46:26,541 - INFO - [GINSLIB] processing : 2022/05/24 04:46:36 Q=5
2026-01-07 14:46:26,554 - INFO - [GINSLIB] processing : 2022/05/24 04:46:37 Q=5
2026-01-07 14:46:26,569 - INFO - [GINSLIB] processing : 2022/05/24 04:46:38 Q=5
2026-01-07 14:46:26,575 - INFO - [GINSLIB] processing : 2022/05/24 04:46:39 Q=5
2026-01-07 14:46:26,595 - INFO - [GINSLIB] processing : 2022/05/24 04:46:40 Q=5
2026-01-07 14:46:26,610 - INFO - [GINSLIB] processing : 2022/05/24 04:46:41 Q=5
2026-01-07 14:46:26,624 - INFO - [GINSLIB] processing : 2022/05/24 04:46:42 Q=5
2026-01-07 14:46:26,640 - INFO - [GINSLIB] processing : 2022/05/24 04:46:43 Q=5
2026-01-07 14:46:26,646 - INFO - [GINSLIB] processing : 2022/05/24 04:46:44 Q=5
2026-01-07 14:46:26,661 - INFO - [GINSLIB] processing : 2022/05/24 04:46:45 Q=5
2026-01-07 14:46:26,675 - INFO - [GINSLIB] processing : 2022/05/24 04:46:46 Q=5
2026-01-07 14:46:26,693 - INFO - [GINSLIB] processing : 2022/05/24 04:46:47 Q=5
2026-01-07 14:46:26,710 - INFO - [GINSLIB] processing : 2022/05/24 04:46:48 Q=5
2026-01-07 14:46:26,715 - INFO - [GINSLIB] processing : 2022/05/24 04:46:49 Q=5
2026-01-07 14:46:26,734 - INFO - [GINSLIB] processing : 2022/05/24 04:46:50 Q=5
2026-01-07 14:46:26,749 - INFO - [GINSLIB] processing : 2022/05/24 04:46:51 Q=5
2026-01-07 14:46:26,765 - INFO - [GINSLIB] processing : 2022/05/24 04:46:52 Q=5
2026-01-07 14:46:26,779 - INFO - [GINSLIB] processing : 2022/05/24 04:46:53 Q=5
2026-01-07 14:46:26,787 - INFO - [GINSLIB] processing : 2022/05/24 04:46:54 Q=5
2026-01-07 14:46:26,803 - INFO - [GINSLIB] processing : 2022/05/24 04:46:55 Q=5
2026-01-07 14:46:26,817 - INFO - [GINSLIB] processing : 2022/05/24 04:46:56 Q=5
2026-01-07 14:46:26,833 - INFO - [GINSLIB] processing : 2022/05/24 04:46:57 Q=5
2026-01-07 14:46:26,847 - INFO - [GINSLIB] processing : 2022/05/24 04:46:58 Q=5
2026-01-07 14:46:26,856 - INFO - [GINSLIB] processing : 2022/05/24 04:46:59 Q=5
2026-01-07 14:46:26,874 - INFO - [GINSLIB] processing : 2022/05/24 04:47:00 Q=5
2026-01-07 14:46:26,888 - INFO - [GINSLIB] processing : 2022/05/24 04:47:01 Q=5
2026-01-07 14:46:26,905 - INFO - [GINSLIB] processing : 2022/05/24 04:47:02 Q=5
2026-01-07 14:46:26,919 - INFO - [GINSLIB] processing : 2022/05/24 04:47:03 Q=5
2026-01-07 14:46:26,926 - INFO - [GINSLIB] processing : 2022/05/24 04:47:04 Q=5
2026-01-07 14:46:26,942 - INFO - [GINSLIB] processing : 2022/05/24 04:47:05 Q=5
2026-01-07 14:46:26,958 - INFO - [GINSLIB] processing : 2022/05/24 04:47:06 Q=5
2026-01-07 14:46:26,975 - INFO - [GINSLIB] processing : 2022/05/24 04:47:07 Q=5
2026-01-07 14:46:26,988 - INFO - [GINSLIB] processing : 2022/05/24 04:47:08 Q=5
2026-01-07 14:46:27,002 - INFO - [GINSLIB] processing : 2022/05/24 04:47:09 Q=5
2026-01-07 14:46:27,009 - INFO - [GINSLIB] processing : 2022/05/24 04:47:10 Q=5
2026-01-07 14:46:27,025 - INFO - [GINSLIB] processing : 2022/05/24 04:47:11 Q=5
2026-01-07 14:46:27,039 - INFO - [GINSLIB] processing : 2022/05/24 04:47:12 Q=5
2026-01-07 14:46:27,052 - INFO - [GINSLIB] processing : 2022/05/24 04:47:13 Q=5
2026-01-07 14:46:27,068 - INFO - [GINSLIB] processing : 2022/05/24 04:47:14 Q=5
2026-01-07 14:46:27,074 - INFO - [GINSLIB] processing : 2022/05/24 04:47:15 Q=5
2026-01-07 14:46:27,089 - INFO - [GINSLIB] processing : 2022/05/24 04:47:16 Q=5
2026-01-07 14:46:27,102 - INFO - [GINSLIB] processing : 2022/05/24 04:47:17 Q=5
2026-01-07 14:46:27,117 - INFO - [GINSLIB] processing : 2022/05/24 04:47:18 Q=5
2026-01-07 14:46:27,132 - INFO - [GINSLIB] processing : 2022/05/24 04:47:19 Q=5
2026-01-07 14:46:27,137 - INFO - [GINSLIB] processing : 2022/05/24 04:47:20 Q=5
2026-01-07 14:46:27,153 - INFO - [GINSLIB] processing : 2022/05/24 04:47:21 Q=5
2026-01-07 14:46:27,165 - INFO - [GINSLIB] processing : 2022/05/24 04:47:22 Q=5
2026-01-07 14:46:27,181 - INFO - [GINSLIB] processing : 2022/05/24 04:47:23 Q=5
2026-01-07 14:46:27,194 - INFO - [GINSLIB] processing : 2022/05/24 04:47:24 Q=5
2026-01-07 14:46:27,201 - INFO - [GINSLIB] processing : 2022/05/24 04:47:25 Q=5
2026-01-07 14:46:27,216 - INFO - [GINSLIB] processing : 2022/05/24 04:47:26 Q=5
2026-01-07 14:46:27,230 - INFO - [GINSLIB] processing : 2022/05/24 04:47:27 Q=5
2026-01-07 14:46:27,245 - INFO - [GINSLIB] processing : 2022/05/24 04:47:28 Q=5
2026-01-07 14:46:27,258 - INFO - [GINSLIB] processing : 2022/05/24 04:47:29 Q=5
2026-01-07 14:46:27,265 - INFO - [GINSLIB] processing : 2022/05/24 04:47:30 Q=5
2026-01-07 14:46:27,280 - INFO - [GINSLIB] processing : 2022/05/24 04:47:31 Q=5
2026-01-07 14:46:27,293 - INFO - [GINSLIB] processing : 2022/05/24 04:47:32 Q=5
2026-01-07 14:46:27,307 - INFO - [GINSLIB] processing : 2022/05/24 04:47:33 Q=5
2026-01-07 14:46:27,320 - INFO - [GINSLIB] processing : 2022/05/24 04:47:34 Q=5
2026-01-07 14:46:27,328 - INFO - [GINSLIB] processing : 2022/05/24 04:47:35 Q=5
2026-01-07 14:46:27,342 - INFO - [GINSLIB] processing : 2022/05/24 04:47:36 Q=5
2026-01-07 14:46:27,355 - INFO - [GINSLIB] processing : 2022/05/24 04:47:37 Q=5
2026-01-07 14:46:27,371 - INFO - [GINSLIB] processing : 2022/05/24 04:47:38 Q=5
2026-01-07 14:46:27,384 - INFO - [GINSLIB] processing : 2022/05/24 04:47:39 Q=5
2026-01-07 14:46:27,400 - INFO - [GINSLIB] processing : 2022/05/24 04:47:40 Q=5
2026-01-07 14:46:27,405 - INFO - [GINSLIB] processing : 2022/05/24 04:47:41 Q=5
2026-01-07 14:46:27,421 - INFO - [GINSLIB] processing : 2022/05/24 04:47:42 Q=5
2026-01-07 14:46:27,438 - INFO - [GINSLIB] processing : 2022/05/24 04:47:43 Q=5
2026-01-07 14:46:27,452 - INFO - [GINSLIB] processing : 2022/05/24 04:47:44 Q=5
2026-01-07 14:46:27,467 - INFO - [GINSLIB] processing : 2022/05/24 04:47:45 Q=5
2026-01-07 14:46:27,472 - INFO - [GINSLIB] processing : 2022/05/24 04:47:46 Q=5
2026-01-07 14:46:27,489 - INFO - [GINSLIB] processing : 2022/05/24 04:47:47 Q=5
2026-01-07 14:46:27,501 - INFO - [GINSLIB] processing : 2022/05/24 04:47:48 Q=5
2026-01-07 14:46:27,517 - INFO - [GINSLIB] processing : 2022/05/24 04:47:49 Q=5
2026-01-07 14:46:27,533 - INFO - [GINSLIB] processing : 2022/05/24 04:47:50 Q=5
2026-01-07 14:46:27,538 - INFO - [GINSLIB] processing : 2022/05/24 04:47:51 Q=5
2026-01-07 14:46:27,555 - INFO - [GINSLIB] processing : 2022/05/24 04:47:52 Q=5
2026-01-07 14:46:27,568 - INFO - [GINSLIB] processing : 2022/05/24 04:47:53 Q=5
2026-01-07 14:46:27,584 - INFO - [GINSLIB] processing : 2022/05/24 04:47:54 Q=5
2026-01-07 14:46:27,597 - INFO - [GINSLIB] processing : 2022/05/24 04:47:55 Q=5
2026-01-07 14:46:27,605 - INFO - [GINSLIB] processing : 2022/05/24 04:47:56 Q=5
2026-01-07 14:46:27,620 - INFO - [GINSLIB] processing : 2022/05/24 04:47:57 Q=5
2026-01-07 14:46:27,633 - INFO - [GINSLIB] processing : 2022/05/24 04:47:58 Q=5
2026-01-07 14:46:27,649 - INFO - [GINSLIB] processing : 2022/05/24 04:47:59 Q=5
2026-01-07 14:46:27,663 - INFO - [GINSLIB] processing : 2022/05/24 04:48:00 Q=5
2026-01-07 14:46:27,670 - INFO - [GINSLIB] processing : 2022/05/24 04:48:01 Q=5
2026-01-07 14:46:27,687 - INFO - [GINSLIB] processing : 2022/05/24 04:48:02 Q=5
2026-01-07 14:46:27,702 - INFO - [GINSLIB] processing : 2022/05/24 04:48:03 Q=5
2026-01-07 14:46:27,718 - INFO - [GINSLIB] processing : 2022/05/24 04:48:04 Q=5
2026-01-07 14:46:27,732 - INFO - [GINSLIB] processing : 2022/05/24 04:48:05 Q=5
2026-01-07 14:46:27,739 - INFO - [GINSLIB] processing : 2022/05/24 04:48:06 Q=5
2026-01-07 14:46:27,753 - INFO - [GINSLIB] processing : 2022/05/24 04:48:07 Q=5
2026-01-07 14:46:27,767 - INFO - [GINSLIB] processing : 2022/05/24 04:48:08 Q=5
2026-01-07 14:46:27,782 - INFO - [GINSLIB] processing : 2022/05/24 04:48:09 Q=5
2026-01-07 14:46:27,795 - INFO - [GINSLIB] processing : 2022/05/24 04:48:10 Q=5
2026-01-07 14:46:27,811 - INFO - [GINSLIB] processing : 2022/05/24 04:48:11 Q=5
2026-01-07 14:46:27,817 - INFO - [GINSLIB] processing : 2022/05/24 04:48:12 Q=5
2026-01-07 14:46:27,833 - INFO - [GINSLIB] processing : 2022/05/24 04:48:13 Q=5
2026-01-07 14:46:27,849 - INFO - [GINSLIB] processing : 2022/05/24 04:48:14 Q=5
2026-01-07 14:46:27,862 - INFO - [GINSLIB] processing : 2022/05/24 04:48:15 Q=5
2026-01-07 14:46:27,879 - INFO - [GINSLIB] processing : 2022/05/24 04:48:16 Q=5
2026-01-07 14:46:27,884 - INFO - [GINSLIB] processing : 2022/05/24 04:48:17 Q=5
2026-01-07 14:46:27,901 - INFO - [GINSLIB] processing : 2022/05/24 04:48:18 Q=5
2026-01-07 14:46:27,915 - INFO - [GINSLIB] processing : 2022/05/24 04:48:19 Q=5
2026-01-07 14:46:27,932 - INFO - [GINSLIB] processing : 2022/05/24 04:48:20 Q=5
2026-01-07 14:46:27,945 - INFO - [GINSLIB] processing : 2022/05/24 04:48:21 Q=5
2026-01-07 14:46:27,954 - INFO - [GINSLIB] processing : 2022/05/24 04:48:22 Q=5
2026-01-07 14:46:27,969 - INFO - [GINSLIB] processing : 2022/05/24 04:48:23 Q=5
2026-01-07 14:46:27,983 - INFO - [GINSLIB] processing : 2022/05/24 04:48:24 Q=5
2026-01-07 14:46:27,999 - INFO - [GINSLIB] processing : 2022/05/24 04:48:25 Q=5
2026-01-07 14:46:28,013 - INFO - [GINSLIB] processing : 2022/05/24 04:48:26 Q=5
2026-01-07 14:46:28,023 - INFO - [GINSLIB] processing : 2022/05/24 04:48:27 Q=5
2026-01-07 14:46:28,038 - INFO - [GINSLIB] processing : 2022/05/24 04:48:28 Q=5
2026-01-07 14:46:28,051 - INFO - [GINSLIB] processing : 2022/05/24 04:48:29 Q=5
2026-01-07 14:46:28,067 - INFO - [GINSLIB] processing : 2022/05/24 04:48:30 Q=5
2026-01-07 14:46:28,082 - INFO - [GINSLIB] processing : 2022/05/24 04:48:31 Q=5
2026-01-07 14:46:28,091 - INFO - [GINSLIB] processing : 2022/05/24 04:48:32 Q=5
2026-01-07 14:46:28,108 - INFO - [GINSLIB] processing : 2022/05/24 04:48:33 Q=5
2026-01-07 14:46:28,123 - INFO - [GINSLIB] processing : 2022/05/24 04:48:34 Q=5
2026-01-07 14:46:28,140 - INFO - [GINSLIB] processing : 2022/05/24 04:48:35 Q=5
2026-01-07 14:46:28,156 - INFO - [GINSLIB] processing : 2022/05/24 04:48:36 Q=5
2026-01-07 14:46:28,172 - INFO - [GINSLIB] processing : 2022/05/24 04:48:37 Q=5
2026-01-07 14:46:28,181 - INFO - [GINSLIB] processing : 2022/05/24 04:48:38 Q=5
2026-01-07 14:46:28,196 - INFO - [GINSLIB] processing : 2022/05/24 04:48:39 Q=5
2026-01-07 14:46:28,212 - INFO - [GINSLIB] processing : 2022/05/24 04:48:40 Q=5
2026-01-07 14:46:28,227 - INFO - [GINSLIB] processing : 2022/05/24 04:48:41 Q=5
2026-01-07 14:46:28,246 - INFO - [GINSLIB] processing : 2022/05/24 04:48:42 Q=5
2026-01-07 14:46:28,252 - INFO - [GINSLIB] processing : 2022/05/24 04:48:43 Q=5
2026-01-07 14:46:28,269 - INFO - [GINSLIB] processing : 2022/05/24 04:48:44 Q=5
2026-01-07 14:46:28,286 - INFO - [GINSLIB] processing : 2022/05/24 04:48:45 Q=5
2026-01-07 14:46:28,300 - INFO - [GINSLIB] processing : 2022/05/24 04:48:46 Q=5
2026-01-07 14:46:28,317 - INFO - [GINSLIB] processing : 2022/05/24 04:48:47 Q=5
2026-01-07 14:46:28,324 - INFO - [GINSLIB] processing : 2022/05/24 04:48:48 Q=5
2026-01-07 14:46:28,341 - INFO - [GINSLIB] processing : 2022/05/24 04:48:49 Q=5
2026-01-07 14:46:28,354 - INFO - [GINSLIB] processing : 2022/05/24 04:48:50 Q=5
2026-01-07 14:46:28,369 - INFO - [GINSLIB] processing : 2022/05/24 04:48:51 Q=5
2026-01-07 14:46:28,384 - INFO - [GINSLIB] processing : 2022/05/24 04:48:52 Q=5
2026-01-07 14:46:28,391 - INFO - [GINSLIB] processing : 2022/05/24 04:48:53 Q=5
2026-01-07 14:46:28,407 - INFO - [GINSLIB] processing : 2022/05/24 04:48:54 Q=5
2026-01-07 14:46:28,421 - INFO - [GINSLIB] processing : 2022/05/24 04:48:55 Q=5
2026-01-07 14:46:28,437 - INFO - [GINSLIB] processing : 2022/05/24 04:48:56 Q=5
2026-01-07 14:46:28,452 - INFO - [GINSLIB] processing : 2022/05/24 04:48:57 Q=5
2026-01-07 14:46:28,461 - INFO - [GINSLIB] processing : 2022/05/24 04:48:58 Q=5
2026-01-07 14:46:28,480 - INFO - [GINSLIB] processing : 2022/05/24 04:48:59 Q=5
2026-01-07 14:46:28,497 - INFO - [GINSLIB] processing : 2022/05/24 04:49:00 Q=5
2026-01-07 14:46:28,512 - INFO - [GINSLIB] processing : 2022/05/24 04:49:01 Q=5
2026-01-07 14:46:28,528 - INFO - [GINSLIB] processing : 2022/05/24 04:49:02 Q=5
2026-01-07 14:46:28,535 - INFO - [GINSLIB] processing : 2022/05/24 04:49:03 Q=5
2026-01-07 14:46:28,550 - INFO - [GINSLIB] processing : 2022/05/24 04:49:04 Q=5
2026-01-07 14:46:28,563 - INFO - [GINSLIB] processing : 2022/05/24 04:49:05 Q=5
2026-01-07 14:46:28,579 - INFO - [GINSLIB] processing : 2022/05/24 04:49:06 Q=5
2026-01-07 14:46:28,593 - INFO - [GINSLIB] processing : 2022/05/24 04:49:07 Q=5
2026-01-07 14:46:28,610 - INFO - [GINSLIB] processing : 2022/05/24 04:49:08 Q=5
2026-01-07 14:46:28,617 - INFO - [GINSLIB] processing : 2022/05/24 04:49:09 Q=5
2026-01-07 14:46:28,634 - INFO - [GINSLIB] processing : 2022/05/24 04:49:10 Q=5
2026-01-07 14:46:28,648 - INFO - [GINSLIB] processing : 2022/05/24 04:49:11 Q=5
2026-01-07 14:46:28,663 - INFO - [GINSLIB] processing : 2022/05/24 04:49:12 Q=5
2026-01-07 14:46:28,682 - INFO - [GINSLIB] processing : 2022/05/24 04:49:13 Q=5
2026-01-07 14:46:28,687 - INFO - [GINSLIB] processing : 2022/05/24 04:49:14 Q=5
2026-01-07 14:46:28,704 - INFO - [GINSLIB] processing : 2022/05/24 04:49:15 Q=5
2026-01-07 14:46:28,717 - INFO - [GINSLIB] processing : 2022/05/24 04:49:16 Q=5
2026-01-07 14:46:28,733 - INFO - [GINSLIB] processing : 2022/05/24 04:49:17 Q=5
2026-01-07 14:46:28,750 - INFO - [GINSLIB] processing : 2022/05/24 04:49:18 Q=5
2026-01-07 14:46:28,756 - INFO - [GINSLIB] processing : 2022/05/24 04:49:19 Q=5
2026-01-07 14:46:28,771 - INFO - [GINSLIB] processing : 2022/05/24 04:49:20 Q=5
2026-01-07 14:46:28,793 - INFO - [GINSLIB] Total processing time of program: 23.077000 sec!
2026-01-07 14:46:28,891 - INFO - ✓ MG300_Uav_open_20220524_2 SPP LC 执行成功
2026-01-07 14:46:28,891 - INFO - 开始误差分析
2026-01-07 14:46:28,891 - INFO - - 结果文件: G:\Navigation_Learn\GNSS\RTKLIB-b34k\data\GNSS_INS\MG300_Uav_open_20220524_2\result\MG300_Uav_open_20220524_2_SPP_F_LC.pos
2026-01-07 14:46:28,892 - INFO - - 参考文件: G:\Navigation_Learn\GNSS\RTKLIB-b34k\data\GNSS_INS\MG300_Uav_open_20220524_2\truth.truth
2026-01-07 14:46:28,892 - INFO - ============================================================
2026-01-07 14:46:28,892 - INFO - 开始处理: MG300_Uav_open_20220524_2
2026-01-07 14:46:28,892 - INFO - 处理模式: SPP LC
2026-01-07 14:46:28,892 - INFO - ============================================================
2026-01-07 14:46:28,892 - INFO - GNSS/INS模式，绘制IMU零偏和位置、速度、姿态误差
2026-01-07 14:46:28,928 - INFO - ✓ 结果文件数据读取成功 G:\Navigation_Learn\GNSS\RTKLIB-b34k\data\GNSS_INS\MG300_Uav_open_20220524_2\result\MG300_Uav_open_20220524_2_SPP_F_LC.pos
2026-01-07 14:46:28,934 - INFO - ✓ 参考文件数据读取成功 G:\Navigation_Learn\GNSS\RTKLIB-b34k\data\GNSS_INS\MG300_Uav_open_20220524_2\truth.truth
2026-01-07 14:46:28,934 - INFO - 绘制IMU零偏图...
2026-01-07 14:46:29,785 - INFO - 位置误差RMS: E=1.1202m, N=1.9928m, U=2.5638m, 3D=3.4350m
2026-01-07 14:46:29,786 - INFO - 速度误差RMS: E=0.0293m/s, N=0.0326m/s, U=0.0218m/s, 3D=0.0490m/s
2026-01-07 14:46:29,786 - INFO - 姿态误差RMS: Pitch=0.0133°, Roll=0.0123°, Yaw=0.4739°
2026-01-07 14:46:30,008 - INFO - ✓ 保存图像: G:\Navigation_Learn\GNSS\RTKLIB-b34k\batch_process\figure\MG300_Uav_open_20220524_2\MG300_Uav_open_20220524_2_SPP_F_LC_bg.png
2026-01-07 14:46:30,249 - INFO - ✓ 保存图像: G:\Navigation_Learn\GNSS\RTKLIB-b34k\batch_process\figure\MG300_Uav_open_20220524_2\MG300_Uav_open_20220524_2_SPP_F_LC_ba.png
2026-01-07 14:46:30,539 - INFO - ✓ 保存图像: G:\Navigation_Learn\GNSS\RTKLIB-b34k\batch_process\figure\MG300_Uav_open_20220524_2\MG300_Uav_open_20220524_2_SPP_F_LC_pos.png
2026-01-07 14:46:30,803 - INFO - ✓ 保存图像: G:\Navigation_Learn\GNSS\RTKLIB-b34k\batch_process\figure\MG300_Uav_open_20220524_2\MG300_Uav_open_20220524_2_SPP_F_LC_vel.png
2026-01-07 14:46:31,066 - INFO - ✓ 保存图像: G:\Navigation_Learn\GNSS\RTKLIB-b34k\batch_process\figure\MG300_Uav_open_20220524_2\MG300_Uav_open_20220524_2_SPP_F_LC_att.png
2026-01-07 14:46:31,080 - INFO - ✓ 所有图像已保存到 G:\Navigation_Learn\GNSS\RTKLIB-b34k\batch_process\figure\MG300_Uav_open_20220524_2
2026-01-07 14:46:31,080 - INFO - ✓ 误差分析完成: MG300_Uav_open_20220524_2_SPP_F_LC.pos
2026-01-07 14:46:31,437 - INFO - ✓ 误差统计结果保存到Excel文件: G:\Navigation_Learn\GNSS\RTKLIB-b34k\batch_process\excel\error_stats_SPP LC_20260107_144631.xlsx
2026-01-07 14:46:31,437 - INFO - 41 个批处理任务结束。
2026-01-07 14:46:31,437 - INFO - 总共耗费时间: 33.86 秒 (0.56 分钟)
2026-01-07 14:46:31,437 - INFO - 日志文件保存路径: G:\Navigation_Learn\GNSS\RTKLIB-b34k\batch_process\log\batch_process_20260107_144557.log
