2026-01-06 19:16:19,979 - INFO - 日志文件保存位置: G:\Navigation_Learn\GNSS\RTKLIB-b34k\batch_process\log\batch_process_20260106_191619.log
2026-01-06 19:16:19,980 - INFO - 批处理任务开始执行
2026-01-06 19:16:19,980 - INFO - 当前工作目录 (Data Root): G:\Navigation_Learn\GNSS\RTKLIB-b34k\data\GNSS_INS
2026-01-06 19:16:19,981 - INFO - 解算程序路径 (EXE Path):  G:\Navigation_Learn\GNSS\RTKLIB-b34k\build\Bin\GINSLIB.exe
2026-01-06 19:16:19,981 - INFO - ------------------------------------------------------------
2026-01-06 19:16:19,981 - INFO - 共 27 个数据任务，开始批处理...
2026-01-06 19:16:19,981 - INFO - 第 23 个任务: INS_Railway_open_20201004
2026-01-06 19:16:19,987 - INFO - - 路径: G:\Navigation_Learn\GNSS\RTKLIB-b34k\data\GNSS_INS\INS_Railway_open_20201004
2026-01-06 19:16:19,987 - INFO - - 配置: INS_Railway_open_20201004.conf
2026-01-06 19:16:37,049 - INFO - [GINSLIB] processing : 2020/10/04 03:06:29 Q=0
2026-01-06 19:16:37,049 - INFO - [GINSLIB] processing : 2020/10/04 03:06:30 Q=0
2026-01-06 19:16:37,055 - INFO - [GINSLIB] INS initial alignment completed: 03:06:30.00  0011190.00!
2026-01-06 19:16:37,055 - INFO - [GINSLIB] processing : 2020/10/04 03:06:30 Q=5
2026-01-06 19:16:37,056 - INFO - [GINSLIB] processing : 2020/10/04 03:06:31 Q=5
2026-01-06 19:16:37,066 - INFO - [GINSLIB] processing : 2020/10/04 03:06:32 Q=5
2026-01-06 19:16:37,076 - INFO - [GINSLIB] processing : 2020/10/04 03:06:33 Q=5
2026-01-06 19:16:37,088 - INFO - [GINSLIB] processing : 2020/10/04 03:06:34 Q=5
2026-01-06 19:16:37,097 - INFO - [GINSLIB] processing : 2020/10/04 03:06:35 Q=5
2026-01-06 19:16:37,107 - INFO - [GINSLIB] processing : 2020/10/04 03:06:36 Q=5
2026-01-06 19:16:37,119 - INFO - [GINSLIB] processing : 2020/10/04 03:06:37 Q=5
2026-01-06 19:16:37,129 - INFO - [GINSLIB] processing : 2020/10/04 03:06:38 Q=5
2026-01-06 19:16:37,141 - INFO - [GINSLIB] processing : 2020/10/04 03:06:39 Q=5
2026-01-06 19:16:37,150 - INFO - [GINSLIB] processing : 2020/10/04 03:06:40 Q=5
2026-01-06 19:16:37,161 - INFO - [GINSLIB] processing : 2020/10/04 03:06:41 Q=5
2026-01-06 19:16:37,172 - INFO - [GINSLIB] processing : 2020/10/04 03:06:42 Q=5
2026-01-06 19:16:37,182 - INFO - [GINSLIB] processing : 2020/10/04 03:06:43 Q=5
2026-01-06 19:16:37,192 - INFO - [GINSLIB] processing : 2020/10/04 03:06:44 Q=5
2026-01-06 19:16:37,210 - INFO - [GINSLIB] processing : 2020/10/04 03:06:45 Q=5
2026-01-06 19:16:37,211 - INFO - [GINSLIB] processing : 2020/10/04 03:06:46 Q=5
2026-01-06 19:16:37,222 - INFO - [GINSLIB] processing : 2020/10/04 03:06:47 Q=5
2026-01-06 19:16:37,233 - INFO - [GINSLIB] processing : 2020/10/04 03:06:48 Q=5
2026-01-06 19:16:37,244 - INFO - [GINSLIB] processing : 2020/10/04 03:06:49 Q=5
2026-01-06 19:16:37,263 - INFO - [GINSLIB] processing : 2020/10/04 03:06:50 Q=5
2026-01-06 19:16:37,264 - INFO - [GINSLIB] processing : 2020/10/04 03:06:51 Q=5
2026-01-06 19:16:37,276 - INFO - [GINSLIB] processing : 2020/10/04 03:06:52 Q=5
2026-01-06 19:16:37,286 - INFO - [GINSLIB] processing : 2020/10/04 03:06:53 Q=5
2026-01-06 19:16:37,297 - INFO - [GINSLIB] processing : 2020/10/04 03:06:54 Q=5
2026-01-06 19:16:37,315 - INFO - [GINSLIB] processing : 2020/10/04 03:06:55 Q=5
2026-01-06 19:16:37,317 - INFO - [GINSLIB] processing : 2020/10/04 03:06:56 Q=5
2026-01-06 19:16:37,327 - INFO - [GINSLIB] processing : 2020/10/04 03:06:57 Q=5
2026-01-06 19:16:37,338 - INFO - [GINSLIB] processing : 2020/10/04 03:06:58 Q=5
2026-01-06 19:16:37,348 - INFO - [GINSLIB] processing : 2020/10/04 03:06:59 Q=5
2026-01-06 19:16:37,358 - INFO - [GINSLIB] processing : 2020/10/04 03:07:00 Q=5
2026-01-06 19:16:37,368 - INFO - [GINSLIB] processing : 2020/10/04 03:07:01 Q=5
2026-01-06 19:16:37,377 - INFO - [GINSLIB] processing : 2020/10/04 03:07:02 Q=5
2026-01-06 19:16:37,387 - INFO - [GINSLIB] processing : 2020/10/04 03:07:03 Q=5
2026-01-06 19:16:37,397 - INFO - [GINSLIB] processing : 2020/10/04 03:07:04 Q=5
2026-01-06 19:16:37,408 - INFO - [GINSLIB] processing : 2020/10/04 03:07:05 Q=5
2026-01-06 19:16:37,418 - INFO - [GINSLIB] processing : 2020/10/04 03:07:06 Q=5
2026-01-06 19:16:37,428 - INFO - [GINSLIB] processing : 2020/10/04 03:07:07 Q=5
2026-01-06 19:16:37,437 - INFO - [GINSLIB] processing : 2020/10/04 03:07:08 Q=5
2026-01-06 19:16:37,447 - INFO - [GINSLIB] processing : 2020/10/04 03:07:09 Q=5
2026-01-06 19:16:37,459 - INFO - [GINSLIB] processing : 2020/10/04 03:07:10 Q=5
2026-01-06 19:16:37,469 - INFO - [GINSLIB] processing : 2020/10/04 03:07:11 Q=5
2026-01-06 19:16:37,478 - INFO - [GINSLIB] processing : 2020/10/04 03:07:12 Q=5
2026-01-06 19:16:37,488 - INFO - [GINSLIB] processing : 2020/10/04 03:07:13 Q=5
2026-01-06 19:16:37,498 - INFO - [GINSLIB] processing : 2020/10/04 03:07:14 Q=5
2026-01-06 19:16:37,508 - INFO - [GINSLIB] processing : 2020/10/04 03:07:15 Q=5
2026-01-06 19:16:37,526 - INFO - [GINSLIB] processing : 2020/10/04 03:07:16 Q=5
2026-01-06 19:16:37,527 - INFO - [GINSLIB] processing : 2020/10/04 03:07:17 Q=5
2026-01-06 19:16:37,539 - INFO - [GINSLIB] processing : 2020/10/04 03:07:18 Q=5
2026-01-06 19:16:37,549 - INFO - [GINSLIB] processing : 2020/10/04 03:07:19 Q=5
2026-01-06 19:16:37,559 - INFO - [GINSLIB] processing : 2020/10/04 03:07:20 Q=5
2026-01-06 19:16:37,577 - INFO - [GINSLIB] processing : 2020/10/04 03:07:21 Q=5
2026-01-06 19:16:37,578 - INFO - [GINSLIB] processing : 2020/10/04 03:07:22 Q=5
2026-01-06 19:16:37,589 - INFO - [GINSLIB] processing : 2020/10/04 03:07:23 Q=5
2026-01-06 19:16:37,599 - INFO - [GINSLIB] processing : 2020/10/04 03:07:24 Q=5
2026-01-06 19:16:37,610 - INFO - [GINSLIB] processing : 2020/10/04 03:07:25 Q=5
2026-01-06 19:16:37,630 - INFO - [GINSLIB] processing : 2020/10/04 03:07:26 Q=5
2026-01-06 19:16:37,631 - INFO - [GINSLIB] processing : 2020/10/04 03:07:27 Q=5
2026-01-06 19:16:37,642 - INFO - [GINSLIB] processing : 2020/10/04 03:07:28 Q=5
2026-01-06 19:16:37,652 - INFO - [GINSLIB] processing : 2020/10/04 03:07:29 Q=5
2026-01-06 19:16:37,663 - INFO - [GINSLIB] processing : 2020/10/04 03:07:30 Q=5
2026-01-06 19:16:37,674 - INFO - [GINSLIB] processing : 2020/10/04 03:07:31 Q=5
2026-01-06 19:16:37,683 - INFO - [GINSLIB] processing : 2020/10/04 03:07:32 Q=5
2026-01-06 19:16:37,694 - INFO - [GINSLIB] processing : 2020/10/04 03:07:33 Q=5
2026-01-06 19:16:37,704 - INFO - [GINSLIB] processing : 2020/10/04 03:07:34 Q=5
2026-01-06 19:16:37,714 - INFO - [GINSLIB] processing : 2020/10/04 03:07:35 Q=5
2026-01-06 19:16:37,725 - INFO - [GINSLIB] processing : 2020/10/04 03:07:36 Q=5
2026-01-06 19:16:37,734 - INFO - [GINSLIB] processing : 2020/10/04 03:07:37 Q=5
2026-01-06 19:16:37,744 - INFO - [GINSLIB] processing : 2020/10/04 03:07:38 Q=5
2026-01-06 19:16:37,756 - INFO - [GINSLIB] processing : 2020/10/04 03:07:39 Q=5
2026-01-06 19:16:37,766 - INFO - [GINSLIB] processing : 2020/10/04 03:07:40 Q=5
2026-01-06 19:16:37,775 - INFO - [GINSLIB] processing : 2020/10/04 03:07:41 Q=5
2026-01-06 19:16:37,785 - INFO - [GINSLIB] processing : 2020/10/04 03:07:42 Q=5
2026-01-06 19:16:37,796 - INFO - [GINSLIB] processing : 2020/10/04 03:07:43 Q=5
2026-01-06 19:16:37,806 - INFO - [GINSLIB] processing : 2020/10/04 03:07:44 Q=5
2026-01-06 19:16:37,816 - INFO - [GINSLIB] processing : 2020/10/04 03:07:45 Q=5
2026-01-06 19:16:37,825 - INFO - [GINSLIB] processing : 2020/10/04 03:07:46 Q=5
2026-01-06 19:16:37,844 - INFO - [GINSLIB] processing : 2020/10/04 03:07:47 Q=5
2026-01-06 19:16:37,845 - INFO - [GINSLIB] processing : 2020/10/04 03:07:48 Q=5
2026-01-06 19:16:37,855 - INFO - [GINSLIB] processing : 2020/10/04 03:07:49 Q=5
2026-01-06 19:16:37,866 - INFO - [GINSLIB] processing : 2020/10/04 03:07:50 Q=5
2026-01-06 19:16:37,875 - INFO - [GINSLIB] processing : 2020/10/04 03:07:51 Q=5
2026-01-06 19:16:37,892 - INFO - [GINSLIB] processing : 2020/10/04 03:07:52 Q=5
2026-01-06 19:16:37,893 - INFO - [GINSLIB] processing : 2020/10/04 03:07:53 Q=5
2026-01-06 19:16:37,903 - INFO - [GINSLIB] processing : 2020/10/04 03:07:54 Q=5
2026-01-06 19:16:37,913 - INFO - [GINSLIB] processing : 2020/10/04 03:07:55 Q=5
2026-01-06 19:16:37,924 - INFO - [GINSLIB] processing : 2020/10/04 03:07:56 Q=5
2026-01-06 19:16:37,943 - INFO - [GINSLIB] processing : 2020/10/04 03:07:57 Q=5
2026-01-06 19:16:37,944 - INFO - [GINSLIB] processing : 2020/10/04 03:07:58 Q=5
2026-01-06 19:16:37,955 - INFO - [GINSLIB] processing : 2020/10/04 03:07:59 Q=5
2026-01-06 19:16:37,965 - INFO - [GINSLIB] processing : 2020/10/04 03:08:00 Q=5
2026-01-06 19:16:37,975 - INFO - [GINSLIB] processing : 2020/10/04 03:08:01 Q=5
2026-01-06 19:16:37,986 - INFO - [GINSLIB] processing : 2020/10/04 03:08:02 Q=5
2026-01-06 19:16:37,994 - INFO - [GINSLIB] processing : 2020/10/04 03:08:03 Q=5
2026-01-06 19:16:38,004 - INFO - [GINSLIB] processing : 2020/10/04 03:08:04 Q=5
2026-01-06 19:16:38,014 - INFO - [GINSLIB] processing : 2020/10/04 03:08:05 Q=5
2026-01-06 19:16:38,025 - INFO - [GINSLIB] processing : 2020/10/04 03:08:06 Q=5
2026-01-06 19:16:38,034 - INFO - [GINSLIB] processing : 2020/10/04 03:08:07 Q=5
2026-01-06 19:16:38,043 - INFO - [GINSLIB] processing : 2020/10/04 03:08:08 Q=5
2026-01-06 19:16:38,054 - INFO - [GINSLIB] processing : 2020/10/04 03:08:09 Q=5
2026-01-06 19:16:38,064 - INFO - [GINSLIB] processing : 2020/10/04 03:08:10 Q=5
2026-01-06 19:16:38,074 - INFO - [GINSLIB] processing : 2020/10/04 03:08:11 Q=5
2026-01-06 19:16:38,085 - INFO - [GINSLIB] processing : 2020/10/04 03:08:12 Q=5
2026-01-06 19:16:38,101 - INFO - [GINSLIB] processing : 2020/10/04 03:08:13 Q=5
2026-01-06 19:16:38,103 - INFO - [GINSLIB] processing : 2020/10/04 03:08:14 Q=5
2026-01-06 19:16:38,114 - INFO - [GINSLIB] processing : 2020/10/04 03:08:15 Q=5
2026-01-06 19:16:38,123 - INFO - [GINSLIB] processing : 2020/10/04 03:08:16 Q=5
2026-01-06 19:16:38,133 - INFO - [GINSLIB] processing : 2020/10/04 03:08:17 Q=5
2026-01-06 19:16:38,153 - INFO - [GINSLIB] processing : 2020/10/04 03:08:18 Q=5
2026-01-06 19:16:38,154 - INFO - [GINSLIB] processing : 2020/10/04 03:08:19 Q=5
2026-01-06 19:16:38,163 - INFO - [GINSLIB] processing : 2020/10/04 03:08:20 Q=5
2026-01-06 19:16:38,176 - INFO - [GINSLIB] processing : 2020/10/04 03:08:21 Q=5
2026-01-06 19:16:38,186 - INFO - [GINSLIB] processing : 2020/10/04 03:08:22 Q=5
2026-01-06 19:16:38,204 - INFO - [GINSLIB] processing : 2020/10/04 03:08:23 Q=5
2026-01-06 19:16:38,206 - INFO - [GINSLIB] processing : 2020/10/04 03:08:24 Q=5
2026-01-06 19:16:38,216 - INFO - [GINSLIB] processing : 2020/10/04 03:08:25 Q=5
2026-01-06 19:16:38,226 - INFO - [GINSLIB] processing : 2020/10/04 03:08:26 Q=5
2026-01-06 19:16:38,240 - INFO - [GINSLIB] processing : 2020/10/04 03:08:27 Q=5
2026-01-06 19:16:38,250 - INFO - [GINSLIB] processing : 2020/10/04 03:08:28 Q=5
2026-01-06 19:16:38,260 - INFO - [GINSLIB] processing : 2020/10/04 03:08:29 Q=5
2026-01-06 19:16:38,272 - INFO - [GINSLIB] processing : 2020/10/04 03:08:30 Q=5
2026-01-06 19:16:38,283 - INFO - [GINSLIB] processing : 2020/10/04 03:08:31 Q=5
2026-01-06 19:16:38,293 - INFO - [GINSLIB] processing : 2020/10/04 03:08:32 Q=5
2026-01-06 19:16:38,306 - INFO - [GINSLIB] processing : 2020/10/04 03:08:33 Q=5
2026-01-06 19:16:38,315 - INFO - [GINSLIB] processing : 2020/10/04 03:08:34 Q=5
2026-01-06 19:16:38,327 - INFO - [GINSLIB] processing : 2020/10/04 03:08:35 Q=5
2026-01-06 19:16:38,337 - INFO - [GINSLIB] processing : 2020/10/04 03:08:36 Q=5
2026-01-06 19:16:38,348 - INFO - [GINSLIB] processing : 2020/10/04 03:08:37 Q=5
2026-01-06 19:16:38,358 - INFO - [GINSLIB] processing : 2020/10/04 03:08:38 Q=5
2026-01-06 19:16:38,366 - INFO - [GINSLIB] processing : 2020/10/04 03:08:39 Q=5
2026-01-06 19:16:38,377 - INFO - [GINSLIB] processing : 2020/10/04 03:08:40 Q=5
2026-01-06 19:16:38,386 - INFO - [GINSLIB] processing : 2020/10/04 03:08:41 Q=5
2026-01-06 19:16:38,395 - INFO - [GINSLIB] processing : 2020/10/04 03:08:42 Q=5
2026-01-06 19:16:38,406 - INFO - [GINSLIB] processing : 2020/10/04 03:08:43 Q=5
2026-01-06 19:16:38,423 - INFO - [GINSLIB] processing : 2020/10/04 03:08:44 Q=5
2026-01-06 19:16:38,424 - INFO - [GINSLIB] processing : 2020/10/04 03:08:45 Q=5
2026-01-06 19:16:38,435 - INFO - [GINSLIB] processing : 2020/10/04 03:08:46 Q=5
2026-01-06 19:16:38,446 - INFO - [GINSLIB] processing : 2020/10/04 03:08:47 Q=5
2026-01-06 19:16:38,458 - INFO - [GINSLIB] processing : 2020/10/04 03:08:48 Q=5
2026-01-06 19:16:38,478 - INFO - [GINSLIB] processing : 2020/10/04 03:08:49 Q=5
2026-01-06 19:16:38,479 - INFO - [GINSLIB] processing : 2020/10/04 03:08:50 Q=5
2026-01-06 19:16:38,491 - INFO - [GINSLIB] processing : 2020/10/04 03:08:51 Q=5
2026-01-06 19:16:38,503 - INFO - [GINSLIB] processing : 2020/10/04 03:08:52 Q=5
2026-01-06 19:16:38,516 - INFO - [GINSLIB] processing : 2020/10/04 03:08:53 Q=5
2026-01-06 19:16:38,537 - INFO - [GINSLIB] processing : 2020/10/04 03:08:54 Q=5
2026-01-06 19:16:38,538 - INFO - [GINSLIB] processing : 2020/10/04 03:08:55 Q=5
2026-01-06 19:16:38,551 - INFO - [GINSLIB] processing : 2020/10/04 03:08:56 Q=5
2026-01-06 19:16:38,562 - INFO - [GINSLIB] processing : 2020/10/04 03:08:57 Q=5
2026-01-06 19:16:38,573 - INFO - [GINSLIB] processing : 2020/10/04 03:08:58 Q=5
2026-01-06 19:16:38,584 - INFO - [GINSLIB] processing : 2020/10/04 03:08:59 Q=5
2026-01-06 19:16:38,593 - INFO - [GINSLIB] processing : 2020/10/04 03:09:00 Q=5
2026-01-06 19:16:38,602 - INFO - [GINSLIB] processing : 2020/10/04 03:09:01 Q=5
2026-01-06 19:16:38,613 - INFO - [GINSLIB] processing : 2020/10/04 03:09:02 Q=5
2026-01-06 19:16:38,623 - INFO - [GINSLIB] processing : 2020/10/04 03:09:03 Q=5
2026-01-06 19:16:38,632 - INFO - [GINSLIB] processing : 2020/10/04 03:09:04 Q=5
2026-01-06 19:16:38,641 - INFO - [GINSLIB] processing : 2020/10/04 03:09:05 Q=5
2026-01-06 19:16:38,651 - INFO - [GINSLIB] processing : 2020/10/04 03:09:06 Q=5
2026-01-06 19:16:38,660 - INFO - [GINSLIB] processing : 2020/10/04 03:09:07 Q=5
2026-01-06 19:16:38,673 - INFO - [GINSLIB] processing : 2020/10/04 03:09:08 Q=5
2026-01-06 19:16:38,683 - INFO - [GINSLIB] processing : 2020/10/04 03:09:09 Q=5
2026-01-06 19:16:38,691 - INFO - [GINSLIB] processing : 2020/10/04 03:09:10 Q=5
2026-01-06 19:16:38,702 - INFO - [GINSLIB] processing : 2020/10/04 03:09:11 Q=5
2026-01-06 19:16:38,712 - INFO - [GINSLIB] processing : 2020/10/04 03:09:12 Q=5
2026-01-06 19:16:38,721 - INFO - [GINSLIB] processing : 2020/10/04 03:09:13 Q=5
2026-01-06 19:16:38,730 - INFO - [GINSLIB] processing : 2020/10/04 03:09:14 Q=5
2026-01-06 19:16:38,748 - INFO - [GINSLIB] processing : 2020/10/04 03:09:15 Q=5
2026-01-06 19:16:38,750 - INFO - [GINSLIB] processing : 2020/10/04 03:09:16 Q=5
2026-01-06 19:16:38,759 - INFO - [GINSLIB] processing : 2020/10/04 03:09:17 Q=5
2026-01-06 19:16:38,770 - INFO - [GINSLIB] processing : 2020/10/04 03:09:18 Q=5
2026-01-06 19:16:38,779 - INFO - [GINSLIB] processing : 2020/10/04 03:09:19 Q=5
2026-01-06 19:16:38,796 - INFO - [GINSLIB] processing : 2020/10/04 03:09:20 Q=5
2026-01-06 19:16:38,797 - INFO - [GINSLIB] processing : 2020/10/04 03:09:21 Q=5
2026-01-06 19:16:38,808 - INFO - [GINSLIB] processing : 2020/10/04 03:09:22 Q=5
2026-01-06 19:16:38,817 - INFO - [GINSLIB] processing : 2020/10/04 03:09:23 Q=5
2026-01-06 19:16:38,828 - INFO - [GINSLIB] processing : 2020/10/04 03:09:24 Q=5
2026-01-06 19:16:38,844 - INFO - [GINSLIB] processing : 2020/10/04 03:09:25 Q=5
2026-01-06 19:16:38,846 - INFO - [GINSLIB] processing : 2020/10/04 03:09:26 Q=5
2026-01-06 19:16:38,855 - INFO - [GINSLIB] processing : 2020/10/04 03:09:27 Q=5
2026-01-06 19:16:38,866 - INFO - [GINSLIB] processing : 2020/10/04 03:09:28 Q=5
2026-01-06 19:16:38,876 - INFO - [GINSLIB] processing : 2020/10/04 03:09:29 Q=5
2026-01-06 19:16:38,887 - INFO - [GINSLIB] processing : 2020/10/04 03:09:30 Q=5
2026-01-06 19:16:38,897 - INFO - [GINSLIB] processing : 2020/10/04 03:09:31 Q=5
2026-01-06 19:16:38,907 - INFO - [GINSLIB] processing : 2020/10/04 03:09:32 Q=5
2026-01-06 19:16:38,918 - INFO - [GINSLIB] processing : 2020/10/04 03:09:33 Q=5
2026-01-06 19:16:38,929 - INFO - [GINSLIB] processing : 2020/10/04 03:09:34 Q=5
2026-01-06 19:16:38,938 - INFO - [GINSLIB] processing : 2020/10/04 03:09:35 Q=5
2026-01-06 19:16:38,947 - INFO - [GINSLIB] processing : 2020/10/04 03:09:36 Q=5
2026-01-06 19:16:38,958 - INFO - [GINSLIB] processing : 2020/10/04 03:09:37 Q=5
2026-01-06 19:16:38,968 - INFO - [GINSLIB] processing : 2020/10/04 03:09:38 Q=5
2026-01-06 19:16:38,977 - INFO - [GINSLIB] processing : 2020/10/04 03:09:39 Q=5
2026-01-06 19:16:38,988 - INFO - [GINSLIB] processing : 2020/10/04 03:09:40 Q=5
2026-01-06 19:16:38,997 - INFO - [GINSLIB] processing : 2020/10/04 03:09:41 Q=5
2026-01-06 19:16:39,007 - INFO - [GINSLIB] processing : 2020/10/04 03:09:42 Q=5
2026-01-06 19:16:39,020 - INFO - [GINSLIB] processing : 2020/10/04 03:09:43 Q=5
2026-01-06 19:16:39,029 - INFO - [GINSLIB] processing : 2020/10/04 03:09:44 Q=5
2026-01-06 19:16:39,039 - INFO - [GINSLIB] processing : 2020/10/04 03:09:45 Q=5
2026-01-06 19:16:39,057 - INFO - [GINSLIB] processing : 2020/10/04 03:09:46 Q=5
2026-01-06 19:16:39,058 - INFO - [GINSLIB] processing : 2020/10/04 03:09:47 Q=5
2026-01-06 19:16:39,068 - INFO - [GINSLIB] processing : 2020/10/04 03:09:48 Q=5
2026-01-06 19:16:39,078 - INFO - [GINSLIB] processing : 2020/10/04 03:09:49 Q=5
2026-01-06 19:16:39,089 - INFO - [GINSLIB] processing : 2020/10/04 03:09:50 Q=5
2026-01-06 19:16:39,107 - INFO - [GINSLIB] processing : 2020/10/04 03:09:51 Q=5
2026-01-06 19:16:39,109 - INFO - [GINSLIB] processing : 2020/10/04 03:09:52 Q=5
2026-01-06 19:16:39,120 - INFO - [GINSLIB] processing : 2020/10/04 03:09:53 Q=5
2026-01-06 19:16:39,129 - INFO - [GINSLIB] processing : 2020/10/04 03:09:54 Q=5
2026-01-06 19:16:39,141 - INFO - [GINSLIB] processing : 2020/10/04 03:09:55 Q=5
2026-01-06 19:16:39,158 - INFO - [GINSLIB] processing : 2020/10/04 03:09:56 Q=5
2026-01-06 19:16:39,159 - INFO - [GINSLIB] processing : 2020/10/04 03:09:57 Q=5
2026-01-06 19:16:39,172 - INFO - [GINSLIB] processing : 2020/10/04 03:09:58 Q=5
2026-01-06 19:16:39,181 - INFO - [GINSLIB] processing : 2020/10/04 03:09:59 Q=5
2026-01-06 19:16:39,191 - INFO - [GINSLIB] processing : 2020/10/04 03:10:00 Q=5
2026-01-06 19:16:39,201 - INFO - [GINSLIB] processing : 2020/10/04 03:10:01 Q=5
2026-01-06 19:16:39,210 - INFO - [GINSLIB] processing : 2020/10/04 03:10:02 Q=5
2026-01-06 19:16:39,219 - INFO - [GINSLIB] processing : 2020/10/04 03:10:03 Q=5
2026-01-06 19:16:39,229 - INFO - [GINSLIB] processing : 2020/10/04 03:10:04 Q=5
2026-01-06 19:16:39,239 - INFO - [GINSLIB] processing : 2020/10/04 03:10:05 Q=5
2026-01-06 19:16:39,251 - INFO - [GINSLIB] processing : 2020/10/04 03:10:06 Q=5
2026-01-06 19:16:39,260 - INFO - [GINSLIB] processing : 2020/10/04 03:10:07 Q=5
2026-01-06 19:16:39,271 - INFO - [GINSLIB] processing : 2020/10/04 03:10:08 Q=5
2026-01-06 19:16:39,280 - INFO - [GINSLIB] processing : 2020/10/04 03:10:09 Q=5
2026-01-06 19:16:39,292 - INFO - [GINSLIB] processing : 2020/10/04 03:10:10 Q=5
2026-01-06 19:16:39,303 - INFO - [GINSLIB] processing : 2020/10/04 03:10:11 Q=5
2026-01-06 19:16:39,312 - INFO - [GINSLIB] processing : 2020/10/04 03:10:12 Q=5
2026-01-06 19:16:39,323 - INFO - [GINSLIB] processing : 2020/10/04 03:10:13 Q=5
2026-01-06 19:16:39,334 - INFO - [GINSLIB] processing : 2020/10/04 03:10:14 Q=5
2026-01-06 19:16:39,344 - INFO - [GINSLIB] processing : 2020/10/04 03:10:15 Q=5
2026-01-06 19:16:39,354 - INFO - [GINSLIB] processing : 2020/10/04 03:10:16 Q=5
2026-01-06 19:16:39,373 - INFO - [GINSLIB] processing : 2020/10/04 03:10:17 Q=5
2026-01-06 19:16:39,374 - INFO - [GINSLIB] processing : 2020/10/04 03:10:18 Q=5
2026-01-06 19:16:39,385 - INFO - [GINSLIB] processing : 2020/10/04 03:10:19 Q=5
2026-01-06 19:16:39,395 - INFO - [GINSLIB] processing : 2020/10/04 03:10:20 Q=5
2026-01-06 19:16:39,408 - INFO - [GINSLIB] processing : 2020/10/04 03:10:21 Q=5
2026-01-06 19:16:39,427 - INFO - [GINSLIB] processing : 2020/10/04 03:10:22 Q=5
2026-01-06 19:16:39,428 - INFO - [GINSLIB] processing : 2020/10/04 03:10:23 Q=5
2026-01-06 19:16:39,441 - INFO - [GINSLIB] processing : 2020/10/04 03:10:24 Q=5
2026-01-06 19:16:39,452 - INFO - [GINSLIB] processing : 2020/10/04 03:10:25 Q=5
2026-01-06 19:16:39,464 - INFO - [GINSLIB] processing : 2020/10/04 03:10:26 Q=5
2026-01-06 19:16:39,486 - INFO - [GINSLIB] processing : 2020/10/04 03:10:27 Q=5
2026-01-06 19:16:39,487 - INFO - [GINSLIB] processing : 2020/10/04 03:10:28 Q=5
2026-01-06 19:16:39,499 - INFO - [GINSLIB] processing : 2020/10/04 03:10:29 Q=5
2026-01-06 19:16:39,509 - INFO - [GINSLIB] processing : 2020/10/04 03:10:30 Q=5
2026-01-06 19:16:39,520 - INFO - [GINSLIB] processing : 2020/10/04 03:10:31 Q=5
2026-01-06 19:16:39,533 - INFO - [GINSLIB] processing : 2020/10/04 03:10:32 Q=5
2026-01-06 19:16:39,544 - INFO - [GINSLIB] processing : 2020/10/04 03:10:33 Q=5
2026-01-06 19:16:39,556 - INFO - [GINSLIB] processing : 2020/10/04 03:10:34 Q=5
2026-01-06 19:16:39,567 - INFO - [GINSLIB] processing : 2020/10/04 03:10:35 Q=5
2026-01-06 19:16:39,578 - INFO - [GINSLIB] processing : 2020/10/04 03:10:36 Q=5
2026-01-06 19:16:39,591 - INFO - [GINSLIB] processing : 2020/10/04 03:10:37 Q=5
2026-01-06 19:16:39,600 - INFO - [GINSLIB] processing : 2020/10/04 03:10:38 Q=5
2026-01-06 19:16:39,610 - INFO - [GINSLIB] processing : 2020/10/04 03:10:39 Q=5
2026-01-06 19:16:39,622 - INFO - [GINSLIB] processing : 2020/10/04 03:10:40 Q=5
2026-01-06 19:16:39,631 - INFO - [GINSLIB] processing : 2020/10/04 03:10:41 Q=5
2026-01-06 19:16:39,643 - INFO - [GINSLIB] processing : 2020/10/04 03:10:42 Q=5
2026-01-06 19:16:39,652 - INFO - [GINSLIB] processing : 2020/10/04 03:10:43 Q=5
2026-01-06 19:16:39,661 - INFO - [GINSLIB] processing : 2020/10/04 03:10:44 Q=5
2026-01-06 19:16:39,673 - INFO - [GINSLIB] processing : 2020/10/04 03:10:45 Q=5
2026-01-06 19:16:39,683 - INFO - [GINSLIB] processing : 2020/10/04 03:10:46 Q=5
2026-01-06 19:16:39,693 - INFO - [GINSLIB] processing : 2020/10/04 03:10:47 Q=5
2026-01-06 19:16:39,711 - INFO - [GINSLIB] processing : 2020/10/04 03:10:48 Q=5
2026-01-06 19:16:39,712 - INFO - [GINSLIB] processing : 2020/10/04 03:10:49 Q=5
2026-01-06 19:16:39,722 - INFO - [GINSLIB] processing : 2020/10/04 03:10:50 Q=5
2026-01-06 19:16:39,734 - INFO - [GINSLIB] processing : 2020/10/04 03:10:51 Q=5
2026-01-06 19:16:39,744 - INFO - [GINSLIB] processing : 2020/10/04 03:10:52 Q=5
2026-01-06 19:16:39,762 - INFO - [GINSLIB] processing : 2020/10/04 03:10:53 Q=5
2026-01-06 19:16:39,764 - INFO - [GINSLIB] processing : 2020/10/04 03:10:54 Q=5
2026-01-06 19:16:39,774 - INFO - [GINSLIB] processing : 2020/10/04 03:10:55 Q=5
2026-01-06 19:16:39,785 - INFO - [GINSLIB] processing : 2020/10/04 03:10:56 Q=5
2026-01-06 19:16:39,796 - INFO - [GINSLIB] processing : 2020/10/04 03:10:57 Q=5
2026-01-06 19:16:39,807 - INFO - [GINSLIB] processing : 2020/10/04 03:10:58 Q=5
2026-01-06 19:16:39,816 - INFO - [GINSLIB] processing : 2020/10/04 03:10:59 Q=5
2026-01-06 19:16:39,828 - INFO - [GINSLIB] processing : 2020/10/04 03:11:00 Q=5
2026-01-06 19:16:39,841 - INFO - [GINSLIB] processing : 2020/10/04 03:11:01 Q=5
2026-01-06 19:16:39,852 - INFO - [GINSLIB] processing : 2020/10/04 03:11:02 Q=5
2026-01-06 19:16:39,862 - INFO - [GINSLIB] processing : 2020/10/04 03:11:03 Q=5
2026-01-06 19:16:39,872 - INFO - [GINSLIB] processing : 2020/10/04 03:11:04 Q=5
2026-01-06 19:16:39,883 - INFO - [GINSLIB] processing : 2020/10/04 03:11:05 Q=5
2026-01-06 19:16:39,894 - INFO - [GINSLIB] processing : 2020/10/04 03:11:06 Q=5
2026-01-06 19:16:39,904 - INFO - [GINSLIB] processing : 2020/10/04 03:11:07 Q=5
2026-01-06 19:16:39,915 - INFO - [GINSLIB] processing : 2020/10/04 03:11:08 Q=5
2026-01-06 19:16:39,923 - INFO - [GINSLIB] processing : 2020/10/04 03:11:09 Q=5
2026-01-06 19:16:39,935 - INFO - [GINSLIB] processing : 2020/10/04 03:11:10 Q=5
2026-01-06 19:16:39,947 - INFO - [GINSLIB] processing : 2020/10/04 03:11:11 Q=5
2026-01-06 19:16:39,957 - INFO - [GINSLIB] processing : 2020/10/04 03:11:12 Q=5
2026-01-06 19:16:39,967 - INFO - [GINSLIB] processing : 2020/10/04 03:11:13 Q=5
2026-01-06 19:16:39,985 - INFO - [GINSLIB] processing : 2020/10/04 03:11:14 Q=5
2026-01-06 19:16:39,986 - INFO - [GINSLIB] processing : 2020/10/04 03:11:15 Q=5
2026-01-06 19:16:39,997 - INFO - [GINSLIB] processing : 2020/10/04 03:11:16 Q=5
2026-01-06 19:16:40,007 - INFO - [GINSLIB] processing : 2020/10/04 03:11:17 Q=5
2026-01-06 19:16:40,017 - INFO - [GINSLIB] processing : 2020/10/04 03:11:18 Q=5
2026-01-06 19:16:40,036 - INFO - [GINSLIB] processing : 2020/10/04 03:11:19 Q=5
2026-01-06 19:16:40,038 - INFO - [GINSLIB] processing : 2020/10/04 03:11:20 Q=5
2026-01-06 19:16:40,049 - INFO - [GINSLIB] processing : 2020/10/04 03:11:21 Q=5
2026-01-06 19:16:40,060 - INFO - [GINSLIB] processing : 2020/10/04 03:11:22 Q=5
2026-01-06 19:16:40,071 - INFO - [GINSLIB] processing : 2020/10/04 03:11:23 Q=5
2026-01-06 19:16:40,088 - INFO - [GINSLIB] processing : 2020/10/04 03:11:24 Q=5
2026-01-06 19:16:40,090 - INFO - [GINSLIB] processing : 2020/10/04 03:11:25 Q=5
2026-01-06 19:16:40,100 - INFO - [GINSLIB] processing : 2020/10/04 03:11:26 Q=5
2026-01-06 19:16:40,110 - INFO - [GINSLIB] processing : 2020/10/04 03:11:27 Q=5
2026-01-06 19:16:40,121 - INFO - [GINSLIB] processing : 2020/10/04 03:11:28 Q=5
2026-01-06 19:16:40,132 - INFO - [GINSLIB] processing : 2020/10/04 03:11:29 Q=5
2026-01-06 19:16:40,141 - INFO - [GINSLIB] processing : 2020/10/04 03:11:30 Q=5
2026-01-06 19:16:40,151 - INFO - [GINSLIB] processing : 2020/10/04 03:11:31 Q=5
2026-01-06 19:16:40,162 - INFO - [GINSLIB] processing : 2020/10/04 03:11:32 Q=5
2026-01-06 19:16:40,172 - INFO - [GINSLIB] processing : 2020/10/04 03:11:33 Q=5
2026-01-06 19:16:40,183 - INFO - [GINSLIB] processing : 2020/10/04 03:11:34 Q=5
2026-01-06 19:16:40,192 - INFO - [GINSLIB] processing : 2020/10/04 03:11:35 Q=5
2026-01-06 19:16:40,202 - INFO - [GINSLIB] processing : 2020/10/04 03:11:36 Q=5
2026-01-06 19:16:40,213 - INFO - [GINSLIB] processing : 2020/10/04 03:11:37 Q=5
2026-01-06 19:16:40,223 - INFO - [GINSLIB] processing : 2020/10/04 03:11:38 Q=5
2026-01-06 19:16:40,233 - INFO - [GINSLIB] processing : 2020/10/04 03:11:39 Q=5
2026-01-06 19:16:40,242 - INFO - [GINSLIB] processing : 2020/10/04 03:11:40 Q=5
2026-01-06 19:16:40,254 - INFO - [GINSLIB] processing : 2020/10/04 03:11:41 Q=5
2026-01-06 19:16:40,264 - INFO - [GINSLIB] processing : 2020/10/04 03:11:42 Q=5
2026-01-06 19:16:40,275 - INFO - [GINSLIB] processing : 2020/10/04 03:11:43 Q=5
2026-01-06 19:16:40,285 - INFO - [GINSLIB] processing : 2020/10/04 03:11:44 Q=5
2026-01-06 19:16:40,305 - INFO - [GINSLIB] processing : 2020/10/04 03:11:45 Q=5
2026-01-06 19:16:40,306 - INFO - [GINSLIB] processing : 2020/10/04 03:11:46 Q=5
2026-01-06 19:16:40,316 - INFO - [GINSLIB] processing : 2020/10/04 03:11:47 Q=5
2026-01-06 19:16:40,327 - INFO - [GINSLIB] processing : 2020/10/04 03:11:48 Q=5
2026-01-06 19:16:40,338 - INFO - [GINSLIB] processing : 2020/10/04 03:11:49 Q=5
2026-01-06 19:16:40,358 - INFO - [GINSLIB] processing : 2020/10/04 03:11:50 Q=5
2026-01-06 19:16:40,359 - INFO - [GINSLIB] processing : 2020/10/04 03:11:51 Q=5
2026-01-06 19:16:40,369 - INFO - [GINSLIB] processing : 2020/10/04 03:11:52 Q=5
2026-01-06 19:16:40,381 - INFO - [GINSLIB] processing : 2020/10/04 03:11:53 Q=5
2026-01-06 19:16:40,391 - INFO - [GINSLIB] processing : 2020/10/04 03:11:54 Q=5
2026-01-06 19:16:40,409 - INFO - [GINSLIB] processing : 2020/10/04 03:11:55 Q=5
2026-01-06 19:16:40,410 - INFO - [GINSLIB] processing : 2020/10/04 03:11:56 Q=5
2026-01-06 19:16:40,420 - INFO - [GINSLIB] processing : 2020/10/04 03:11:57 Q=5
2026-01-06 19:16:40,430 - INFO - [GINSLIB] processing : 2020/10/04 03:11:58 Q=5
2026-01-06 19:16:40,440 - INFO - [GINSLIB] processing : 2020/10/04 03:11:59 Q=5
2026-01-06 19:16:40,451 - INFO - [GINSLIB] processing : 2020/10/04 03:12:00 Q=5
2026-01-06 19:16:40,461 - INFO - [GINSLIB] processing : 2020/10/04 03:12:01 Q=5
2026-01-06 19:16:40,470 - INFO - [GINSLIB] processing : 2020/10/04 03:12:02 Q=5
2026-01-06 19:16:40,480 - INFO - [GINSLIB] processing : 2020/10/04 03:12:03 Q=5
2026-01-06 19:16:40,491 - INFO - [GINSLIB] processing : 2020/10/04 03:12:04 Q=5
2026-01-06 19:16:40,501 - INFO - [GINSLIB] processing : 2020/10/04 03:12:05 Q=5
2026-01-06 19:16:40,511 - INFO - [GINSLIB] processing : 2020/10/04 03:12:06 Q=5
2026-01-06 19:16:40,521 - INFO - [GINSLIB] processing : 2020/10/04 03:12:07 Q=5
2026-01-06 19:16:40,531 - INFO - [GINSLIB] processing : 2020/10/04 03:12:08 Q=5
2026-01-06 19:16:40,542 - INFO - [GINSLIB] processing : 2020/10/04 03:12:09 Q=5
2026-01-06 19:16:40,553 - INFO - [GINSLIB] processing : 2020/10/04 03:12:10 Q=5
2026-01-06 19:16:40,562 - INFO - [GINSLIB] processing : 2020/10/04 03:12:11 Q=5
2026-01-06 19:16:40,573 - INFO - [GINSLIB] processing : 2020/10/04 03:12:12 Q=5
2026-01-06 19:16:40,584 - INFO - [GINSLIB] processing : 2020/10/04 03:12:13 Q=5
2026-01-06 19:16:40,594 - INFO - [GINSLIB] processing : 2020/10/04 03:12:14 Q=5
2026-01-06 19:16:40,604 - INFO - [GINSLIB] processing : 2020/10/04 03:12:15 Q=5
2026-01-06 19:16:40,621 - INFO - [GINSLIB] processing : 2020/10/04 03:12:16 Q=5
2026-01-06 19:16:40,622 - INFO - [GINSLIB] processing : 2020/10/04 03:12:17 Q=5
2026-01-06 19:16:40,633 - INFO - [GINSLIB] processing : 2020/10/04 03:12:18 Q=5
2026-01-06 19:16:40,642 - INFO - [GINSLIB] processing : 2020/10/04 03:12:19 Q=5
2026-01-06 19:16:40,653 - INFO - [GINSLIB] processing : 2020/10/04 03:12:20 Q=5
2026-01-06 19:16:40,672 - INFO - [GINSLIB] processing : 2020/10/04 03:12:21 Q=5
2026-01-06 19:16:40,673 - INFO - [GINSLIB] processing : 2020/10/04 03:12:22 Q=5
2026-01-06 19:16:40,683 - INFO - [GINSLIB] processing : 2020/10/04 03:12:23 Q=5
2026-01-06 19:16:40,692 - INFO - [GINSLIB] processing : 2020/10/04 03:12:24 Q=5
2026-01-06 19:16:40,702 - INFO - [GINSLIB] processing : 2020/10/04 03:12:25 Q=5
2026-01-06 19:16:40,719 - INFO - [GINSLIB] processing : 2020/10/04 03:12:26 Q=5
2026-01-06 19:16:40,720 - INFO - [GINSLIB] processing : 2020/10/04 03:12:27 Q=5
2026-01-06 19:16:40,730 - INFO - [GINSLIB] processing : 2020/10/04 03:12:28 Q=5
2026-01-06 19:16:40,740 - INFO - [GINSLIB] processing : 2020/10/04 03:12:29 Q=5
2026-01-06 19:16:40,750 - INFO - [GINSLIB] processing : 2020/10/04 03:12:30 Q=5
2026-01-06 19:16:40,760 - INFO - [GINSLIB] processing : 2020/10/04 03:12:31 Q=5
2026-01-06 19:16:40,768 - INFO - [GINSLIB] processing : 2020/10/04 03:12:32 Q=5
2026-01-06 19:16:40,778 - INFO - [GINSLIB] processing : 2020/10/04 03:12:33 Q=5
2026-01-06 19:16:40,788 - INFO - [GINSLIB] processing : 2020/10/04 03:12:34 Q=5
2026-01-06 19:16:40,797 - INFO - [GINSLIB] processing : 2020/10/04 03:12:35 Q=5
2026-01-06 19:16:40,807 - INFO - [GINSLIB] processing : 2020/10/04 03:12:36 Q=5
2026-01-06 19:16:40,815 - INFO - [GINSLIB] processing : 2020/10/04 03:12:37 Q=5
2026-01-06 19:16:40,825 - INFO - [GINSLIB] processing : 2020/10/04 03:12:38 Q=5
2026-01-06 19:16:40,835 - INFO - [GINSLIB] processing : 2020/10/04 03:12:39 Q=5
2026-01-06 19:16:40,844 - INFO - [GINSLIB] processing : 2020/10/04 03:12:40 Q=5
2026-01-06 19:16:40,853 - INFO - [GINSLIB] processing : 2020/10/04 03:12:41 Q=5
2026-01-06 19:16:40,861 - INFO - [GINSLIB] processing : 2020/10/04 03:12:42 Q=5
2026-01-06 19:16:40,871 - INFO - [GINSLIB] processing : 2020/10/04 03:12:43 Q=5
2026-01-06 19:16:40,881 - INFO - [GINSLIB] processing : 2020/10/04 03:12:44 Q=5
2026-01-06 19:16:40,890 - INFO - [GINSLIB] processing : 2020/10/04 03:12:45 Q=5
2026-01-06 19:16:40,901 - INFO - [GINSLIB] processing : 2020/10/04 03:12:46 Q=5
2026-01-06 19:16:40,917 - INFO - [GINSLIB] processing : 2020/10/04 03:12:47 Q=5
2026-01-06 19:16:40,918 - INFO - [GINSLIB] processing : 2020/10/04 03:12:48 Q=5
2026-01-06 19:16:40,929 - INFO - [GINSLIB] processing : 2020/10/04 03:12:49 Q=5
2026-01-06 19:16:40,938 - INFO - [GINSLIB] processing : 2020/10/04 03:12:50 Q=5
2026-01-06 19:16:40,950 - INFO - [GINSLIB] processing : 2020/10/04 03:12:51 Q=5
2026-01-06 19:16:40,968 - INFO - [GINSLIB] processing : 2020/10/04 03:12:52 Q=5
2026-01-06 19:16:40,969 - INFO - [GINSLIB] processing : 2020/10/04 03:12:53 Q=5
2026-01-06 19:16:40,980 - INFO - [GINSLIB] processing : 2020/10/04 03:12:54 Q=5
2026-01-06 19:16:40,990 - INFO - [GINSLIB] processing : 2020/10/04 03:12:55 Q=5
2026-01-06 19:16:41,000 - INFO - [GINSLIB] processing : 2020/10/04 03:12:56 Q=5
2026-01-06 19:16:41,020 - INFO - [GINSLIB] processing : 2020/10/04 03:12:57 Q=5
2026-01-06 19:16:41,021 - INFO - [GINSLIB] processing : 2020/10/04 03:12:58 Q=5
2026-01-06 19:16:41,031 - INFO - [GINSLIB] processing : 2020/10/04 03:12:59 Q=5
2026-01-06 19:16:41,044 - INFO - [GINSLIB] processing : 2020/10/04 03:13:00 Q=5
2026-01-06 19:16:41,055 - INFO - [GINSLIB] processing : 2020/10/04 03:13:01 Q=5
2026-01-06 19:16:41,065 - INFO - [GINSLIB] processing : 2020/10/04 03:13:02 Q=5
2026-01-06 19:16:41,075 - INFO - [GINSLIB] processing : 2020/10/04 03:13:03 Q=5
2026-01-06 19:16:41,086 - INFO - [GINSLIB] processing : 2020/10/04 03:13:04 Q=5
2026-01-06 19:16:41,096 - INFO - [GINSLIB] processing : 2020/10/04 03:13:05 Q=5
2026-01-06 19:16:41,107 - INFO - [GINSLIB] processing : 2020/10/04 03:13:06 Q=5
2026-01-06 19:16:41,118 - INFO - [GINSLIB] processing : 2020/10/04 03:13:07 Q=5
2026-01-06 19:16:41,127 - INFO - [GINSLIB] processing : 2020/10/04 03:13:08 Q=5
2026-01-06 19:16:41,138 - INFO - [GINSLIB] processing : 2020/10/04 03:13:09 Q=5
2026-01-06 19:16:41,150 - INFO - [GINSLIB] processing : 2020/10/04 03:13:10 Q=5
2026-01-06 19:16:41,160 - INFO - [GINSLIB] processing : 2020/10/04 03:13:11 Q=5
2026-01-06 19:16:41,170 - INFO - [GINSLIB] processing : 2020/10/04 03:13:12 Q=5
2026-01-06 19:16:41,179 - INFO - [GINSLIB] processing : 2020/10/04 03:13:13 Q=5
2026-01-06 19:16:41,189 - INFO - [GINSLIB] processing : 2020/10/04 03:13:14 Q=5
2026-01-06 19:16:41,200 - INFO - [GINSLIB] processing : 2020/10/04 03:13:15 Q=5
2026-01-06 19:16:41,211 - INFO - [GINSLIB] processing : 2020/10/04 03:13:16 Q=5
2026-01-06 19:16:41,222 - INFO - [GINSLIB] processing : 2020/10/04 03:13:17 Q=5
2026-01-06 19:16:41,242 - INFO - [GINSLIB] processing : 2020/10/04 03:13:18 Q=5
2026-01-06 19:16:41,243 - INFO - [GINSLIB] processing : 2020/10/04 03:13:19 Q=5
2026-01-06 19:16:41,254 - INFO - [GINSLIB] processing : 2020/10/04 03:13:20 Q=5
2026-01-06 19:16:41,265 - INFO - [GINSLIB] processing : 2020/10/04 03:13:21 Q=5
2026-01-06 19:16:41,275 - INFO - [GINSLIB] processing : 2020/10/04 03:13:22 Q=5
2026-01-06 19:16:41,293 - INFO - [GINSLIB] processing : 2020/10/04 03:13:23 Q=5
2026-01-06 19:16:41,295 - INFO - [GINSLIB] processing : 2020/10/04 03:13:24 Q=5
2026-01-06 19:16:41,305 - INFO - [GINSLIB] processing : 2020/10/04 03:13:25 Q=5
2026-01-06 19:16:41,316 - INFO - [GINSLIB] processing : 2020/10/04 03:13:26 Q=5
2026-01-06 19:16:41,326 - INFO - [GINSLIB] processing : 2020/10/04 03:13:27 Q=5
2026-01-06 19:16:41,343 - INFO - [GINSLIB] processing : 2020/10/04 03:13:28 Q=5
2026-01-06 19:16:41,344 - INFO - [GINSLIB] processing : 2020/10/04 03:13:29 Q=5
2026-01-06 19:16:41,355 - INFO - [GINSLIB] processing : 2020/10/04 03:13:30 Q=5
2026-01-06 19:16:41,366 - INFO - [GINSLIB] processing : 2020/10/04 03:13:31 Q=5
2026-01-06 19:16:41,377 - INFO - [GINSLIB] processing : 2020/10/04 03:13:32 Q=5
2026-01-06 19:16:41,388 - INFO - [GINSLIB] processing : 2020/10/04 03:13:33 Q=5
2026-01-06 19:16:41,399 - INFO - [GINSLIB] processing : 2020/10/04 03:13:34 Q=5
2026-01-06 19:16:41,409 - INFO - [GINSLIB] processing : 2020/10/04 03:13:35 Q=5
2026-01-06 19:16:41,419 - INFO - [GINSLIB] processing : 2020/10/04 03:13:36 Q=5
2026-01-06 19:16:41,429 - INFO - [GINSLIB] processing : 2020/10/04 03:13:37 Q=5
2026-01-06 19:16:41,438 - INFO - [GINSLIB] processing : 2020/10/04 03:13:38 Q=5
2026-01-06 19:16:41,447 - INFO - [GINSLIB] processing : 2020/10/04 03:13:39 Q=5
2026-01-06 19:16:41,458 - INFO - [GINSLIB] processing : 2020/10/04 03:13:40 Q=5
2026-01-06 19:16:41,468 - INFO - [GINSLIB] processing : 2020/10/04 03:13:41 Q=5
2026-01-06 19:16:41,477 - INFO - [GINSLIB] processing : 2020/10/04 03:13:42 Q=5
2026-01-06 19:16:41,488 - INFO - [GINSLIB] processing : 2020/10/04 03:13:43 Q=5
2026-01-06 19:16:41,496 - INFO - [GINSLIB] processing : 2020/10/04 03:13:44 Q=5
2026-01-06 19:16:41,508 - INFO - [GINSLIB] processing : 2020/10/04 03:13:45 Q=5
2026-01-06 19:16:41,519 - INFO - [GINSLIB] processing : 2020/10/04 03:13:46 Q=5
2026-01-06 19:16:41,529 - INFO - [GINSLIB] processing : 2020/10/04 03:13:47 Q=5
2026-01-06 19:16:41,540 - INFO - [GINSLIB] processing : 2020/10/04 03:13:48 Q=5
2026-01-06 19:16:41,558 - INFO - [GINSLIB] processing : 2020/10/04 03:13:49 Q=5
2026-01-06 19:16:41,559 - INFO - [GINSLIB] processing : 2020/10/04 03:13:50 Q=5
2026-01-06 19:16:41,571 - INFO - [GINSLIB] processing : 2020/10/04 03:13:51 Q=5
2026-01-06 19:16:41,582 - INFO - [GINSLIB] processing : 2020/10/04 03:13:52 Q=5
2026-01-06 19:16:41,593 - INFO - [GINSLIB] processing : 2020/10/04 03:13:53 Q=5
2026-01-06 19:16:41,612 - INFO - [GINSLIB] processing : 2020/10/04 03:13:54 Q=5
2026-01-06 19:16:41,613 - INFO - [GINSLIB] processing : 2020/10/04 03:13:55 Q=5
2026-01-06 19:16:41,623 - INFO - [GINSLIB] processing : 2020/10/04 03:13:56 Q=5
2026-01-06 19:16:41,634 - INFO - [GINSLIB] processing : 2020/10/04 03:13:57 Q=5
2026-01-06 19:16:41,645 - INFO - [GINSLIB] processing : 2020/10/04 03:13:58 Q=5
2026-01-06 19:16:41,655 - INFO - [GINSLIB] processing : 2020/10/04 03:13:59 Q=5
2026-01-06 19:16:41,664 - INFO - [GINSLIB] processing : 2020/10/04 03:14:00 Q=5
2026-01-06 19:16:41,674 - INFO - [GINSLIB] processing : 2020/10/04 03:14:01 Q=5
2026-01-06 19:16:41,684 - INFO - [GINSLIB] processing : 2020/10/04 03:14:02 Q=5
2026-01-06 19:16:41,695 - INFO - [GINSLIB] processing : 2020/10/04 03:14:03 Q=5
2026-01-06 19:16:41,706 - INFO - [GINSLIB] processing : 2020/10/04 03:14:04 Q=5
2026-01-06 19:16:41,715 - INFO - [GINSLIB] processing : 2020/10/04 03:14:05 Q=5
2026-01-06 19:16:41,726 - INFO - [GINSLIB] processing : 2020/10/04 03:14:06 Q=5
2026-01-06 19:16:41,737 - INFO - [GINSLIB] processing : 2020/10/04 03:14:07 Q=5
2026-01-06 19:16:41,748 - INFO - [GINSLIB] processing : 2020/10/04 03:14:08 Q=5
2026-01-06 19:16:41,758 - INFO - [GINSLIB] processing : 2020/10/04 03:14:09 Q=5
2026-01-06 19:16:41,767 - INFO - [GINSLIB] processing : 2020/10/04 03:14:10 Q=5
2026-01-06 19:16:41,776 - INFO - [GINSLIB] processing : 2020/10/04 03:14:11 Q=5
2026-01-06 19:16:41,787 - INFO - [GINSLIB] processing : 2020/10/04 03:14:12 Q=5
2026-01-06 19:16:41,797 - INFO - [GINSLIB] processing : 2020/10/04 03:14:13 Q=5
2026-01-06 19:16:41,806 - INFO - [GINSLIB] processing : 2020/10/04 03:14:14 Q=5
2026-01-06 19:16:41,823 - INFO - [GINSLIB] processing : 2020/10/04 03:14:15 Q=5
2026-01-06 19:16:41,825 - INFO - [GINSLIB] processing : 2020/10/04 03:14:16 Q=5
2026-01-06 19:16:41,836 - INFO - [GINSLIB] processing : 2020/10/04 03:14:17 Q=5
2026-01-06 19:16:41,846 - INFO - [GINSLIB] processing : 2020/10/04 03:14:18 Q=5
2026-01-06 19:16:41,855 - INFO - [GINSLIB] processing : 2020/10/04 03:14:19 Q=5
2026-01-06 19:16:41,873 - INFO - [GINSLIB] processing : 2020/10/04 03:14:20 Q=5
2026-01-06 19:16:41,874 - INFO - [GINSLIB] processing : 2020/10/04 03:14:21 Q=5
2026-01-06 19:16:41,884 - INFO - [GINSLIB] processing : 2020/10/04 03:14:22 Q=5
2026-01-06 19:16:41,894 - INFO - [GINSLIB] processing : 2020/10/04 03:14:23 Q=5
2026-01-06 19:16:41,904 - INFO - [GINSLIB] processing : 2020/10/04 03:14:24 Q=5
2026-01-06 19:16:41,922 - INFO - [GINSLIB] processing : 2020/10/04 03:14:25 Q=5
2026-01-06 19:16:41,923 - INFO - [GINSLIB] processing : 2020/10/04 03:14:26 Q=5
2026-01-06 19:16:41,934 - INFO - [GINSLIB] processing : 2020/10/04 03:14:27 Q=5
2026-01-06 19:16:41,943 - INFO - [GINSLIB] processing : 2020/10/04 03:14:28 Q=5
2026-01-06 19:16:41,954 - INFO - [GINSLIB] processing : 2020/10/04 03:14:29 Q=5
2026-01-06 19:16:41,964 - INFO - [GINSLIB] processing : 2020/10/04 03:14:30 Q=5
2026-01-06 19:16:41,974 - INFO - [GINSLIB] processing : 2020/10/04 03:14:31 Q=5
2026-01-06 19:16:41,985 - INFO - [GINSLIB] processing : 2020/10/04 03:14:32 Q=5
2026-01-06 19:16:41,995 - INFO - [GINSLIB] processing : 2020/10/04 03:14:33 Q=5
2026-01-06 19:16:42,004 - INFO - [GINSLIB] processing : 2020/10/04 03:14:34 Q=5
2026-01-06 19:16:42,014 - INFO - [GINSLIB] processing : 2020/10/04 03:14:35 Q=5
2026-01-06 19:16:42,024 - INFO - [GINSLIB] processing : 2020/10/04 03:14:36 Q=5
2026-01-06 19:16:42,034 - INFO - [GINSLIB] processing : 2020/10/04 03:14:37 Q=5
2026-01-06 19:16:42,044 - INFO - [GINSLIB] processing : 2020/10/04 03:14:38 Q=5
2026-01-06 19:16:42,055 - INFO - [GINSLIB] processing : 2020/10/04 03:14:39 Q=5
2026-01-06 19:16:42,065 - INFO - [GINSLIB] processing : 2020/10/04 03:14:40 Q=5
2026-01-06 19:16:42,074 - INFO - [GINSLIB] processing : 2020/10/04 03:14:41 Q=5
2026-01-06 19:16:42,085 - INFO - [GINSLIB] processing : 2020/10/04 03:14:42 Q=5
2026-01-06 19:16:42,094 - INFO - [GINSLIB] processing : 2020/10/04 03:14:43 Q=5
2026-01-06 19:16:42,104 - INFO - [GINSLIB] processing : 2020/10/04 03:14:44 Q=5
2026-01-06 19:16:42,117 - INFO - [GINSLIB] processing : 2020/10/04 03:14:45 Q=5
2026-01-06 19:16:42,134 - INFO - [GINSLIB] processing : 2020/10/04 03:14:46 Q=5
2026-01-06 19:16:42,135 - INFO - [GINSLIB] processing : 2020/10/04 03:14:47 Q=5
2026-01-06 19:16:42,146 - INFO - [GINSLIB] processing : 2020/10/04 03:14:48 Q=5
2026-01-06 19:16:42,156 - INFO - [GINSLIB] processing : 2020/10/04 03:14:49 Q=5
2026-01-06 19:16:42,166 - INFO - [GINSLIB] processing : 2020/10/04 03:14:50 Q=5
2026-01-06 19:16:42,184 - INFO - [GINSLIB] processing : 2020/10/04 03:14:51 Q=5
2026-01-06 19:16:42,185 - INFO - [GINSLIB] processing : 2020/10/04 03:14:52 Q=5
2026-01-06 19:16:42,194 - INFO - [GINSLIB] processing : 2020/10/04 03:14:53 Q=5
2026-01-06 19:16:42,206 - INFO - [GINSLIB] processing : 2020/10/04 03:14:54 Q=5
2026-01-06 19:16:42,216 - INFO - [GINSLIB] processing : 2020/10/04 03:14:55 Q=5
2026-01-06 19:16:42,234 - INFO - [GINSLIB] processing : 2020/10/04 03:14:56 Q=5
2026-01-06 19:16:42,236 - INFO - [GINSLIB] processing : 2020/10/04 03:14:57 Q=5
2026-01-06 19:16:42,247 - INFO - [GINSLIB] processing : 2020/10/04 03:14:58 Q=5
2026-01-06 19:16:42,257 - INFO - [GINSLIB] processing : 2020/10/04 03:14:59 Q=5
2026-01-06 19:16:42,268 - INFO - [GINSLIB] processing : 2020/10/04 03:15:00 Q=5
2026-01-06 19:16:42,278 - INFO - [GINSLIB] processing : 2020/10/04 03:15:01 Q=5
2026-01-06 19:16:42,286 - INFO - [GINSLIB] processing : 2020/10/04 03:15:02 Q=5
2026-01-06 19:16:42,298 - INFO - [GINSLIB] processing : 2020/10/04 03:15:03 Q=5
2026-01-06 19:16:42,308 - INFO - [GINSLIB] processing : 2020/10/04 03:15:04 Q=5
2026-01-06 19:16:42,317 - INFO - [GINSLIB] processing : 2020/10/04 03:15:05 Q=5
2026-01-06 19:16:42,328 - INFO - [GINSLIB] processing : 2020/10/04 03:15:06 Q=5
2026-01-06 19:16:42,336 - INFO - [GINSLIB] processing : 2020/10/04 03:15:07 Q=5
2026-01-06 19:16:42,345 - INFO - [GINSLIB] processing : 2020/10/04 03:15:08 Q=5
2026-01-06 19:16:42,356 - INFO - [GINSLIB] processing : 2020/10/04 03:15:09 Q=5
2026-01-06 19:16:42,367 - INFO - [GINSLIB] processing : 2020/10/04 03:15:10 Q=5
2026-01-06 19:16:42,378 - INFO - [GINSLIB] processing : 2020/10/04 03:15:11 Q=5
2026-01-06 19:16:42,387 - INFO - [GINSLIB] processing : 2020/10/04 03:15:12 Q=5
2026-01-06 19:16:42,397 - INFO - [GINSLIB] processing : 2020/10/04 03:15:13 Q=5
2026-01-06 19:16:42,408 - INFO - [GINSLIB] processing : 2020/10/04 03:15:14 Q=5
2026-01-06 19:16:42,420 - INFO - [GINSLIB] processing : 2020/10/04 03:15:15 Q=5
2026-01-06 19:16:42,430 - INFO - [GINSLIB] processing : 2020/10/04 03:15:16 Q=5
2026-01-06 19:16:42,449 - INFO - [GINSLIB] processing : 2020/10/04 03:15:17 Q=5
2026-01-06 19:16:42,450 - INFO - [GINSLIB] processing : 2020/10/04 03:15:18 Q=5
2026-01-06 19:16:42,461 - INFO - [GINSLIB] processing : 2020/10/04 03:15:19 Q=5
2026-01-06 19:16:42,472 - INFO - [GINSLIB] processing : 2020/10/04 03:15:20 Q=5
2026-01-06 19:16:42,484 - INFO - [GINSLIB] processing : 2020/10/04 03:15:21 Q=5
2026-01-06 19:16:42,502 - INFO - [GINSLIB] processing : 2020/10/04 03:15:22 Q=5
2026-01-06 19:16:42,504 - INFO - [GINSLIB] processing : 2020/10/04 03:15:23 Q=5
2026-01-06 19:16:42,514 - INFO - [GINSLIB] processing : 2020/10/04 03:15:24 Q=5
2026-01-06 19:16:42,524 - INFO - [GINSLIB] processing : 2020/10/04 03:15:25 Q=5
2026-01-06 19:16:42,535 - INFO - [GINSLIB] processing : 2020/10/04 03:15:26 Q=5
2026-01-06 19:16:42,552 - INFO - [GINSLIB] processing : 2020/10/04 03:15:27 Q=5
2026-01-06 19:16:42,553 - INFO - [GINSLIB] processing : 2020/10/04 03:15:28 Q=5
2026-01-06 19:16:42,564 - INFO - [GINSLIB] processing : 2020/10/04 03:15:29 Q=5
2026-01-06 19:16:42,575 - INFO - [GINSLIB] processing : 2020/10/04 03:15:30 Q=5
2026-01-06 19:16:42,586 - INFO - [GINSLIB] processing : 2020/10/04 03:15:31 Q=5
2026-01-06 19:16:42,595 - INFO - [GINSLIB] processing : 2020/10/04 03:15:32 Q=5
2026-01-06 19:16:42,605 - INFO - [GINSLIB] processing : 2020/10/04 03:15:33 Q=5
2026-01-06 19:16:42,615 - INFO - [GINSLIB] processing : 2020/10/04 03:15:34 Q=5
2026-01-06 19:16:42,625 - INFO - [GINSLIB] processing : 2020/10/04 03:15:35 Q=5
2026-01-06 19:16:42,637 - INFO - [GINSLIB] processing : 2020/10/04 03:15:36 Q=5
2026-01-06 19:16:42,647 - INFO - [GINSLIB] processing : 2020/10/04 03:15:37 Q=5
2026-01-06 19:16:42,655 - INFO - [GINSLIB] processing : 2020/10/04 03:15:38 Q=5
2026-01-06 19:16:42,665 - INFO - [GINSLIB] processing : 2020/10/04 03:15:39 Q=5
2026-01-06 19:16:42,675 - INFO - [GINSLIB] processing : 2020/10/04 03:15:40 Q=5
2026-01-06 19:16:42,686 - INFO - [GINSLIB] processing : 2020/10/04 03:15:41 Q=5
2026-01-06 19:16:42,696 - INFO - [GINSLIB] processing : 2020/10/04 03:15:42 Q=5
2026-01-06 19:16:42,706 - INFO - [GINSLIB] processing : 2020/10/04 03:15:43 Q=5
2026-01-06 19:16:42,716 - INFO - [GINSLIB] processing : 2020/10/04 03:15:44 Q=5
2026-01-06 19:16:42,726 - INFO - [GINSLIB] processing : 2020/10/04 03:15:45 Q=5
2026-01-06 19:16:42,737 - INFO - [GINSLIB] processing : 2020/10/04 03:15:46 Q=5
2026-01-06 19:16:42,747 - INFO - [GINSLIB] processing : 2020/10/04 03:15:47 Q=5
2026-01-06 19:16:42,766 - INFO - [GINSLIB] processing : 2020/10/04 03:15:48 Q=5
2026-01-06 19:16:42,767 - INFO - [GINSLIB] processing : 2020/10/04 03:15:49 Q=5
2026-01-06 19:16:42,778 - INFO - [GINSLIB] processing : 2020/10/04 03:15:50 Q=5
2026-01-06 19:16:42,788 - INFO - [GINSLIB] processing : 2020/10/04 03:15:51 Q=5
2026-01-06 19:16:42,799 - INFO - [GINSLIB] processing : 2020/10/04 03:15:52 Q=5
2026-01-06 19:16:42,817 - INFO - [GINSLIB] processing : 2020/10/04 03:15:53 Q=5
2026-01-06 19:16:42,818 - INFO - [GINSLIB] processing : 2020/10/04 03:15:54 Q=5
2026-01-06 19:16:42,828 - INFO - [GINSLIB] processing : 2020/10/04 03:15:55 Q=5
2026-01-06 19:16:42,839 - INFO - [GINSLIB] processing : 2020/10/04 03:15:56 Q=5
2026-01-06 19:16:42,849 - INFO - [GINSLIB] processing : 2020/10/04 03:15:57 Q=5
2026-01-06 19:16:42,870 - INFO - [GINSLIB] processing : 2020/10/04 03:15:58 Q=5
2026-01-06 19:16:42,871 - INFO - [GINSLIB] processing : 2020/10/04 03:15:59 Q=5
2026-01-06 19:16:42,880 - INFO - [GINSLIB] processing : 2020/10/04 03:16:00 Q=5
2026-01-06 19:16:42,891 - INFO - [GINSLIB] processing : 2020/10/04 03:16:01 Q=5
2026-01-06 19:16:42,903 - INFO - [GINSLIB] processing : 2020/10/04 03:16:02 Q=5
2026-01-06 19:16:42,912 - INFO - [GINSLIB] processing : 2020/10/04 03:16:03 Q=5
2026-01-06 19:16:42,922 - INFO - [GINSLIB] processing : 2020/10/04 03:16:04 Q=5
2026-01-06 19:16:42,933 - INFO - [GINSLIB] processing : 2020/10/04 03:16:05 Q=5
2026-01-06 19:16:42,943 - INFO - [GINSLIB] processing : 2020/10/04 03:16:06 Q=5
2026-01-06 19:16:42,953 - INFO - [GINSLIB] processing : 2020/10/04 03:16:07 Q=5
2026-01-06 19:16:42,964 - INFO - [GINSLIB] processing : 2020/10/04 03:16:08 Q=5
2026-01-06 19:16:42,973 - INFO - [GINSLIB] processing : 2020/10/04 03:16:09 Q=5
2026-01-06 19:16:42,984 - INFO - [GINSLIB] processing : 2020/10/04 03:16:10 Q=5
2026-01-06 19:16:42,994 - INFO - [GINSLIB] processing : 2020/10/04 03:16:11 Q=5
2026-01-06 19:16:43,004 - INFO - [GINSLIB] processing : 2020/10/04 03:16:12 Q=5
2026-01-06 19:16:43,015 - INFO - [GINSLIB] processing : 2020/10/04 03:16:13 Q=5
2026-01-06 19:16:43,023 - INFO - [GINSLIB] processing : 2020/10/04 03:16:14 Q=5
2026-01-06 19:16:43,034 - INFO - [GINSLIB] processing : 2020/10/04 03:16:15 Q=5
2026-01-06 19:16:43,044 - INFO - [GINSLIB] processing : 2020/10/04 03:16:16 Q=5
2026-01-06 19:16:43,055 - INFO - [GINSLIB] processing : 2020/10/04 03:16:17 Q=5
2026-01-06 19:16:43,066 - INFO - [GINSLIB] processing : 2020/10/04 03:16:18 Q=5
2026-01-06 19:16:43,085 - INFO - [GINSLIB] processing : 2020/10/04 03:16:19 Q=5
2026-01-06 19:16:43,087 - INFO - [GINSLIB] processing : 2020/10/04 03:16:20 Q=5
2026-01-06 19:16:43,097 - INFO - [GINSLIB] processing : 2020/10/04 03:16:21 Q=5
2026-01-06 19:16:43,108 - INFO - [GINSLIB] processing : 2020/10/04 03:16:22 Q=5
2026-01-06 19:16:43,120 - INFO - [GINSLIB] processing : 2020/10/04 03:16:23 Q=5
2026-01-06 19:16:43,138 - INFO - [GINSLIB] processing : 2020/10/04 03:16:24 Q=5
2026-01-06 19:16:43,139 - INFO - [GINSLIB] processing : 2020/10/04 03:16:25 Q=5
2026-01-06 19:16:43,150 - INFO - [GINSLIB] processing : 2020/10/04 03:16:26 Q=5
2026-01-06 19:16:43,160 - INFO - [GINSLIB] processing : 2020/10/04 03:16:27 Q=5
2026-01-06 19:16:43,171 - INFO - [GINSLIB] processing : 2020/10/04 03:16:28 Q=5
2026-01-06 19:16:43,190 - INFO - [GINSLIB] processing : 2020/10/04 03:16:29 Q=5
2026-01-06 19:16:43,191 - INFO - [GINSLIB] processing : 2020/10/04 03:16:30 Q=5
2026-01-06 19:16:43,202 - INFO - [GINSLIB] processing : 2020/10/04 03:16:31 Q=5
2026-01-06 19:16:43,213 - INFO - [GINSLIB] processing : 2020/10/04 03:16:32 Q=5
2026-01-06 19:16:43,223 - INFO - [GINSLIB] processing : 2020/10/04 03:16:33 Q=5
2026-01-06 19:16:43,234 - INFO - [GINSLIB] processing : 2020/10/04 03:16:34 Q=5
2026-01-06 19:16:43,244 - INFO - [GINSLIB] processing : 2020/10/04 03:16:35 Q=5
2026-01-06 19:16:43,254 - INFO - [GINSLIB] processing : 2020/10/04 03:16:36 Q=5
2026-01-06 19:16:43,265 - INFO - [GINSLIB] processing : 2020/10/04 03:16:37 Q=5
2026-01-06 19:16:43,277 - INFO - [GINSLIB] processing : 2020/10/04 03:16:38 Q=5
2026-01-06 19:16:43,288 - INFO - [GINSLIB] processing : 2020/10/04 03:16:39 Q=5
2026-01-06 19:16:43,296 - INFO - [GINSLIB] processing : 2020/10/04 03:16:40 Q=5
2026-01-06 19:16:43,307 - INFO - [GINSLIB] processing : 2020/10/04 03:16:41 Q=5
2026-01-06 19:16:43,319 - INFO - [GINSLIB] processing : 2020/10/04 03:16:42 Q=5
2026-01-06 19:16:43,329 - INFO - [GINSLIB] processing : 2020/10/04 03:16:43 Q=5
2026-01-06 19:16:43,340 - INFO - [GINSLIB] processing : 2020/10/04 03:16:44 Q=5
2026-01-06 19:16:43,359 - INFO - [GINSLIB] processing : 2020/10/04 03:16:45 Q=5
2026-01-06 19:16:43,361 - INFO - [GINSLIB] processing : 2020/10/04 03:16:46 Q=5
2026-01-06 19:16:43,371 - INFO - [GINSLIB] processing : 2020/10/04 03:16:47 Q=5
2026-01-06 19:16:43,383 - INFO - [GINSLIB] processing : 2020/10/04 03:16:48 Q=5
2026-01-06 19:16:43,393 - INFO - [GINSLIB] processing : 2020/10/04 03:16:49 Q=5
2026-01-06 19:16:43,414 - INFO - [GINSLIB] processing : 2020/10/04 03:16:50 Q=5
2026-01-06 19:16:43,416 - INFO - [GINSLIB] processing : 2020/10/04 03:16:51 Q=5
2026-01-06 19:16:43,429 - INFO - [GINSLIB] processing : 2020/10/04 03:16:52 Q=5
2026-01-06 19:16:43,442 - INFO - [GINSLIB] processing : 2020/10/04 03:16:53 Q=5
2026-01-06 19:16:43,453 - INFO - [GINSLIB] processing : 2020/10/04 03:16:54 Q=5
2026-01-06 19:16:43,474 - INFO - [GINSLIB] processing : 2020/10/04 03:16:55 Q=5
2026-01-06 19:16:43,476 - INFO - [GINSLIB] processing : 2020/10/04 03:16:56 Q=5
2026-01-06 19:16:43,486 - INFO - [GINSLIB] processing : 2020/10/04 03:16:57 Q=5
2026-01-06 19:16:43,497 - INFO - [GINSLIB] processing : 2020/10/04 03:16:58 Q=5
2026-01-06 19:16:43,507 - INFO - [GINSLIB] processing : 2020/10/04 03:16:59 Q=5
2026-01-06 19:16:43,525 - INFO - [GINSLIB] processing : 2020/10/04 03:17:00 Q=5
2026-01-06 19:16:43,526 - INFO - [GINSLIB] processing : 2020/10/04 03:17:01 Q=5
2026-01-06 19:16:43,537 - INFO - [GINSLIB] processing : 2020/10/04 03:17:02 Q=5
2026-01-06 19:16:43,547 - INFO - [GINSLIB] processing : 2020/10/04 03:17:03 Q=5
2026-01-06 19:16:43,557 - INFO - [GINSLIB] processing : 2020/10/04 03:17:04 Q=5
2026-01-06 19:16:43,568 - INFO - [GINSLIB] processing : 2020/10/04 03:17:05 Q=5
2026-01-06 19:16:43,577 - INFO - [GINSLIB] processing : 2020/10/04 03:17:06 Q=5
2026-01-06 19:16:43,589 - INFO - [GINSLIB] processing : 2020/10/04 03:17:07 Q=5
2026-01-06 19:16:43,600 - INFO - [GINSLIB] processing : 2020/10/04 03:17:08 Q=5
2026-01-06 19:16:43,610 - INFO - [GINSLIB] processing : 2020/10/04 03:17:09 Q=5
2026-01-06 19:16:43,622 - INFO - [GINSLIB] processing : 2020/10/04 03:17:10 Q=5
2026-01-06 19:16:43,632 - INFO - [GINSLIB] processing : 2020/10/04 03:17:11 Q=5
2026-01-06 19:16:43,644 - INFO - [GINSLIB] processing : 2020/10/04 03:17:12 Q=5
2026-01-06 19:16:43,655 - INFO - [GINSLIB] processing : 2020/10/04 03:17:13 Q=5
2026-01-06 19:16:43,666 - INFO - [GINSLIB] processing : 2020/10/04 03:17:14 Q=5
2026-01-06 19:16:43,677 - INFO - [GINSLIB] processing : 2020/10/04 03:17:15 Q=5
2026-01-06 19:16:43,697 - INFO - [GINSLIB] processing : 2020/10/04 03:17:16 Q=5
2026-01-06 19:16:43,699 - INFO - [GINSLIB] processing : 2020/10/04 03:17:17 Q=5
2026-01-06 19:16:43,712 - INFO - [GINSLIB] processing : 2020/10/04 03:17:18 Q=5
2026-01-06 19:16:43,724 - INFO - [GINSLIB] processing : 2020/10/04 03:17:19 Q=5
2026-01-06 19:16:43,735 - INFO - [GINSLIB] processing : 2020/10/04 03:17:20 Q=5
2026-01-06 19:16:43,755 - INFO - [GINSLIB] processing : 2020/10/04 03:17:21 Q=5
2026-01-06 19:16:43,756 - INFO - [GINSLIB] processing : 2020/10/04 03:17:22 Q=5
2026-01-06 19:16:43,769 - INFO - [GINSLIB] processing : 2020/10/04 03:17:23 Q=5
2026-01-06 19:16:43,782 - INFO - [GINSLIB] processing : 2020/10/04 03:17:24 Q=5
2026-01-06 19:16:43,793 - INFO - [GINSLIB] processing : 2020/10/04 03:17:25 Q=5
2026-01-06 19:16:43,816 - INFO - [GINSLIB] processing : 2020/10/04 03:17:26 Q=5
2026-01-06 19:16:43,817 - INFO - [GINSLIB] processing : 2020/10/04 03:17:27 Q=5
2026-01-06 19:16:43,828 - INFO - [GINSLIB] processing : 2020/10/04 03:17:28 Q=5
2026-01-06 19:16:43,839 - INFO - [GINSLIB] processing : 2020/10/04 03:17:29 Q=5
2026-01-06 19:16:43,851 - INFO - [GINSLIB] processing : 2020/10/04 03:17:30 Q=5
2026-01-06 19:16:43,862 - INFO - [GINSLIB] processing : 2020/10/04 03:17:31 Q=5
2026-01-06 19:16:43,871 - INFO - [GINSLIB] processing : 2020/10/04 03:17:32 Q=5
2026-01-06 19:16:43,882 - INFO - [GINSLIB] processing : 2020/10/04 03:17:33 Q=5
2026-01-06 19:16:43,894 - INFO - [GINSLIB] processing : 2020/10/04 03:17:34 Q=5
2026-01-06 19:16:43,904 - INFO - [GINSLIB] processing : 2020/10/04 03:17:35 Q=5
2026-01-06 19:16:43,915 - INFO - [GINSLIB] processing : 2020/10/04 03:17:36 Q=5
2026-01-06 19:16:43,924 - INFO - [GINSLIB] processing : 2020/10/04 03:17:37 Q=5
2026-01-06 19:16:43,934 - INFO - [GINSLIB] processing : 2020/10/04 03:17:38 Q=5
2026-01-06 19:16:43,944 - INFO - [GINSLIB] processing : 2020/10/04 03:17:39 Q=5
2026-01-06 19:16:43,954 - INFO - [GINSLIB] processing : 2020/10/04 03:17:40 Q=5
2026-01-06 19:16:43,963 - INFO - [GINSLIB] processing : 2020/10/04 03:17:41 Q=5
2026-01-06 19:16:43,974 - INFO - [GINSLIB] processing : 2020/10/04 03:17:42 Q=5
2026-01-06 19:16:43,984 - INFO - [GINSLIB] processing : 2020/10/04 03:17:43 Q=5
2026-01-06 19:16:43,993 - INFO - [GINSLIB] processing : 2020/10/04 03:17:44 Q=5
2026-01-06 19:16:44,005 - INFO - [GINSLIB] processing : 2020/10/04 03:17:45 Q=5
2026-01-06 19:16:44,015 - INFO - [GINSLIB] processing : 2020/10/04 03:17:46 Q=5
2026-01-06 19:16:44,033 - INFO - [GINSLIB] processing : 2020/10/04 03:17:47 Q=5
2026-01-06 19:16:44,034 - INFO - [GINSLIB] processing : 2020/10/04 03:17:48 Q=5
2026-01-06 19:16:44,044 - INFO - [GINSLIB] processing : 2020/10/04 03:17:49 Q=5
2026-01-06 19:16:44,054 - INFO - [GINSLIB] processing : 2020/10/04 03:17:50 Q=5
2026-01-06 19:16:44,065 - INFO - [GINSLIB] processing : 2020/10/04 03:17:51 Q=5
2026-01-06 19:16:44,082 - INFO - [GINSLIB] processing : 2020/10/04 03:17:52 Q=5
2026-01-06 19:16:44,084 - INFO - [GINSLIB] processing : 2020/10/04 03:17:53 Q=5
2026-01-06 19:16:44,094 - INFO - [GINSLIB] processing : 2020/10/04 03:17:54 Q=5
2026-01-06 19:16:44,104 - INFO - [GINSLIB] processing : 2020/10/04 03:17:55 Q=5
2026-01-06 19:16:44,113 - INFO - [GINSLIB] processing : 2020/10/04 03:17:56 Q=5
2026-01-06 19:16:44,132 - INFO - [GINSLIB] processing : 2020/10/04 03:17:57 Q=5
2026-01-06 19:16:44,133 - INFO - [GINSLIB] processing : 2020/10/04 03:17:58 Q=5
2026-01-06 19:16:44,143 - INFO - [GINSLIB] processing : 2020/10/04 03:17:59 Q=5
2026-01-06 19:16:44,153 - INFO - [GINSLIB] processing : 2020/10/04 03:18:00 Q=5
2026-01-06 19:16:44,164 - INFO - [GINSLIB] processing : 2020/10/04 03:18:01 Q=5
2026-01-06 19:16:44,173 - INFO - [GINSLIB] processing : 2020/10/04 03:18:02 Q=5
2026-01-06 19:16:44,182 - INFO - [GINSLIB] processing : 2020/10/04 03:18:03 Q=5
2026-01-06 19:16:44,195 - INFO - [GINSLIB] processing : 2020/10/04 03:18:04 Q=5
2026-01-06 19:16:44,204 - INFO - [GINSLIB] processing : 2020/10/04 03:18:05 Q=5
2026-01-06 19:16:44,213 - INFO - [GINSLIB] processing : 2020/10/04 03:18:06 Q=5
2026-01-06 19:16:44,225 - INFO - [GINSLIB] processing : 2020/10/04 03:18:07 Q=5
2026-01-06 19:16:44,233 - INFO - [GINSLIB] processing : 2020/10/04 03:18:08 Q=5
2026-01-06 19:16:44,243 - INFO - [GINSLIB] processing : 2020/10/04 03:18:09 Q=5
2026-01-06 19:16:44,255 - INFO - [GINSLIB] processing : 2020/10/04 03:18:10 Q=5
2026-01-06 19:16:44,266 - INFO - [GINSLIB] processing : 2020/10/04 03:18:11 Q=5
2026-01-06 19:16:44,277 - INFO - [GINSLIB] processing : 2020/10/04 03:18:12 Q=5
2026-01-06 19:16:44,287 - INFO - [GINSLIB] processing : 2020/10/04 03:18:13 Q=5
2026-01-06 19:16:44,300 - INFO - [GINSLIB] processing : 2020/10/04 03:18:14 Q=5
2026-01-06 19:16:44,310 - INFO - [GINSLIB] processing : 2020/10/04 03:18:15 Q=5
2026-01-06 19:16:44,320 - INFO - [GINSLIB] processing : 2020/10/04 03:18:16 Q=5
2026-01-06 19:16:44,331 - INFO - [GINSLIB] processing : 2020/10/04 03:18:17 Q=5
2026-01-06 19:16:44,350 - INFO - [GINSLIB] processing : 2020/10/04 03:18:18 Q=5
2026-01-06 19:16:44,351 - INFO - [GINSLIB] processing : 2020/10/04 03:18:19 Q=5
2026-01-06 19:16:44,362 - INFO - [GINSLIB] processing : 2020/10/04 03:18:20 Q=5
2026-01-06 19:16:44,373 - INFO - [GINSLIB] processing : 2020/10/04 03:18:21 Q=5
2026-01-06 19:16:44,383 - INFO - [GINSLIB] processing : 2020/10/04 03:18:22 Q=5
2026-01-06 19:16:44,401 - INFO - [GINSLIB] processing : 2020/10/04 03:18:23 Q=5
2026-01-06 19:16:44,403 - INFO - [GINSLIB] processing : 2020/10/04 03:18:24 Q=5
2026-01-06 19:16:44,413 - INFO - [GINSLIB] processing : 2020/10/04 03:18:25 Q=5
2026-01-06 19:16:44,423 - INFO - [GINSLIB] processing : 2020/10/04 03:18:26 Q=5
2026-01-06 19:16:44,432 - INFO - [GINSLIB] processing : 2020/10/04 03:18:26 Q=7
2026-01-06 19:16:44,434 - INFO - [GINSLIB] processing : 2020/10/04 03:18:27 Q=7
2026-01-06 19:16:44,443 - INFO - [GINSLIB] processing : 2020/10/04 03:18:27 Q=5
2026-01-06 19:16:44,451 - INFO - [GINSLIB] processing : 2020/10/04 03:18:28 Q=5
2026-01-06 19:16:44,452 - INFO - [GINSLIB] processing : 2020/10/04 03:18:29 Q=5
2026-01-06 19:16:44,464 - INFO - [GINSLIB] processing : 2020/10/04 03:18:30 Q=5
2026-01-06 19:16:44,474 - INFO - [GINSLIB] processing : 2020/10/04 03:18:31 Q=5
2026-01-06 19:16:44,485 - INFO - [GINSLIB] processing : 2020/10/04 03:18:32 Q=5
2026-01-06 19:16:44,496 - INFO - [GINSLIB] processing : 2020/10/04 03:18:33 Q=5
2026-01-06 19:16:44,505 - INFO - [GINSLIB] processing : 2020/10/04 03:18:34 Q=5
2026-01-06 19:16:44,516 - INFO - [GINSLIB] processing : 2020/10/04 03:18:35 Q=5
2026-01-06 19:16:44,526 - INFO - [GINSLIB] processing : 2020/10/04 03:18:36 Q=5
2026-01-06 19:16:44,536 - INFO - [GINSLIB] processing : 2020/10/04 03:18:37 Q=5
2026-01-06 19:16:44,546 - INFO - [GINSLIB] processing : 2020/10/04 03:18:38 Q=5
2026-01-06 19:16:44,555 - INFO - [GINSLIB] processing : 2020/10/04 03:18:39 Q=5
2026-01-06 19:16:44,565 - INFO - [GINSLIB] processing : 2020/10/04 03:18:40 Q=5
2026-01-06 19:16:44,575 - INFO - [GINSLIB] processing : 2020/10/04 03:18:41 Q=5
2026-01-06 19:16:44,587 - INFO - [GINSLIB] processing : 2020/10/04 03:18:42 Q=5
2026-01-06 19:16:44,596 - INFO - [GINSLIB] processing : 2020/10/04 03:18:43 Q=5
2026-01-06 19:16:44,608 - INFO - [GINSLIB] processing : 2020/10/04 03:18:44 Q=5
2026-01-06 19:16:44,619 - INFO - [GINSLIB] processing : 2020/10/04 03:18:45 Q=5
2026-01-06 19:16:44,630 - INFO - [GINSLIB] processing : 2020/10/04 03:18:46 Q=5
2026-01-06 19:16:44,641 - INFO - [GINSLIB] processing : 2020/10/04 03:18:47 Q=5
2026-01-06 19:16:44,653 - INFO - [GINSLIB] processing : 2020/10/04 03:18:48 Q=5
2026-01-06 19:16:44,662 - INFO - [GINSLIB] processing : 2020/10/04 03:18:48 Q=7
2026-01-06 19:16:44,671 - INFO - [GINSLIB] processing : 2020/10/04 03:18:49 Q=7
2026-01-06 19:16:44,671 - INFO - [GINSLIB] processing : 2020/10/04 03:18:49 Q=5
2026-01-06 19:16:44,672 - INFO - [GINSLIB] processing : 2020/10/04 03:18:50 Q=5
2026-01-06 19:16:44,683 - INFO - [GINSLIB] processing : 2020/10/04 03:18:51 Q=5
2026-01-06 19:16:44,693 - INFO - [GINSLIB] processing : 2020/10/04 03:18:52 Q=5
2026-01-06 19:16:44,705 - INFO - [GINSLIB] processing : 2020/10/04 03:18:53 Q=5
2026-01-06 19:16:44,725 - INFO - [GINSLIB] processing : 2020/10/04 03:18:54 Q=5
2026-01-06 19:16:44,727 - INFO - [GINSLIB] processing : 2020/10/04 03:18:55 Q=5
2026-01-06 19:16:44,738 - INFO - [GINSLIB] processing : 2020/10/04 03:18:56 Q=5
2026-01-06 19:16:44,749 - INFO - [GINSLIB] processing : 2020/10/04 03:18:57 Q=5
2026-01-06 19:16:44,760 - INFO - [GINSLIB] processing : 2020/10/04 03:18:58 Q=5
2026-01-06 19:16:44,779 - INFO - [GINSLIB] processing : 2020/10/04 03:18:59 Q=5
2026-01-06 19:16:44,780 - INFO - [GINSLIB] processing : 2020/10/04 03:19:00 Q=5
2026-01-06 19:16:44,792 - INFO - [GINSLIB] processing : 2020/10/04 03:19:01 Q=5
2026-01-06 19:16:44,803 - INFO - [GINSLIB] processing : 2020/10/04 03:19:02 Q=5
2026-01-06 19:16:44,814 - INFO - [GINSLIB] processing : 2020/10/04 03:19:03 Q=5
2026-01-06 19:16:44,825 - INFO - [GINSLIB] processing : 2020/10/04 03:19:04 Q=5
2026-01-06 19:16:44,836 - INFO - [GINSLIB] processing : 2020/10/04 03:19:05 Q=5
2026-01-06 19:16:44,846 - INFO - [GINSLIB] processing : 2020/10/04 03:19:06 Q=5
2026-01-06 19:16:44,856 - INFO - [GINSLIB] processing : 2020/10/04 03:19:07 Q=5
2026-01-06 19:16:44,867 - INFO - [GINSLIB] processing : 2020/10/04 03:19:08 Q=5
2026-01-06 19:16:44,877 - INFO - [GINSLIB] processing : 2020/10/04 03:19:09 Q=5
2026-01-06 19:16:44,886 - INFO - [GINSLIB] processing : 2020/10/04 03:19:10 Q=5
2026-01-06 19:16:44,896 - INFO - [GINSLIB] processing : 2020/10/04 03:19:11 Q=5
2026-01-06 19:16:44,906 - INFO - [GINSLIB] processing : 2020/10/04 03:19:12 Q=5
2026-01-06 19:16:44,917 - INFO - [GINSLIB] processing : 2020/10/04 03:19:13 Q=5
2026-01-06 19:16:44,927 - INFO - [GINSLIB] processing : 2020/10/04 03:19:14 Q=5
2026-01-06 19:16:44,937 - INFO - [GINSLIB] processing : 2020/10/04 03:19:15 Q=5
2026-01-06 19:16:44,948 - INFO - [GINSLIB] processing : 2020/10/04 03:19:16 Q=5
2026-01-06 19:16:44,958 - INFO - [GINSLIB] processing : 2020/10/04 03:19:17 Q=5
2026-01-06 19:16:44,969 - INFO - [GINSLIB] processing : 2020/10/04 03:19:18 Q=5
2026-01-06 19:16:44,980 - INFO - [GINSLIB] processing : 2020/10/04 03:19:19 Q=5
2026-01-06 19:16:44,999 - INFO - [GINSLIB] processing : 2020/10/04 03:19:20 Q=5
2026-01-06 19:16:45,000 - INFO - [GINSLIB] processing : 2020/10/04 03:19:21 Q=5
2026-01-06 19:16:45,012 - INFO - [GINSLIB] processing : 2020/10/04 03:19:22 Q=5
2026-01-06 19:16:45,024 - INFO - [GINSLIB] processing : 2020/10/04 03:19:23 Q=5
2026-01-06 19:16:45,034 - INFO - [GINSLIB] processing : 2020/10/04 03:19:24 Q=5
2026-01-06 19:16:45,053 - INFO - [GINSLIB] processing : 2020/10/04 03:19:25 Q=5
2026-01-06 19:16:45,054 - INFO - [GINSLIB] processing : 2020/10/04 03:19:26 Q=5
2026-01-06 19:16:45,064 - INFO - [GINSLIB] processing : 2020/10/04 03:19:27 Q=5
2026-01-06 19:16:45,076 - INFO - [GINSLIB] processing : 2020/10/04 03:19:28 Q=5
2026-01-06 19:16:45,087 - INFO - [GINSLIB] processing : 2020/10/04 03:19:29 Q=5
2026-01-06 19:16:45,106 - INFO - [GINSLIB] processing : 2020/10/04 03:19:30 Q=5
2026-01-06 19:16:45,107 - INFO - [GINSLIB] processing : 2020/10/04 03:19:31 Q=5
2026-01-06 19:16:45,117 - INFO - [GINSLIB] processing : 2020/10/04 03:19:31 Q=7
2026-01-06 19:16:45,118 - INFO - [GINSLIB] processing : 2020/10/04 03:19:32 Q=7
2026-01-06 19:16:45,129 - INFO - [GINSLIB] processing : 2020/10/04 03:19:33 Q=7
2026-01-06 19:16:45,141 - INFO - [GINSLIB] processing : 2020/10/04 03:19:34 Q=7
2026-01-06 19:16:45,153 - INFO - [GINSLIB] processing : 2020/10/04 03:19:35 Q=7
2026-01-06 19:16:45,163 - INFO - [GINSLIB] processing : 2020/10/04 03:19:35 Q=5
2026-01-06 19:16:45,163 - INFO - [GINSLIB] processing : 2020/10/04 03:19:36 Q=5
2026-01-06 19:16:45,173 - INFO - [GINSLIB] processing : 2020/10/04 03:19:37 Q=5
2026-01-06 19:16:45,184 - INFO - [GINSLIB] processing : 2020/10/04 03:19:38 Q=5
2026-01-06 19:16:45,196 - INFO - [GINSLIB] processing : 2020/10/04 03:19:39 Q=5
2026-01-06 19:16:45,206 - INFO - [GINSLIB] processing : 2020/10/04 03:19:40 Q=5
2026-01-06 19:16:45,216 - INFO - [GINSLIB] processing : 2020/10/04 03:19:40 Q=7
2026-01-06 19:16:45,217 - INFO - [GINSLIB] processing : 2020/10/04 03:19:41 Q=7
2026-01-06 19:16:45,228 - INFO - [GINSLIB] processing : 2020/10/04 03:19:42 Q=7
2026-01-06 19:16:45,237 - INFO - [GINSLIB] processing : 2020/10/04 03:19:42 Q=5
2026-01-06 19:16:45,238 - INFO - [GINSLIB] processing : 2020/10/04 03:19:43 Q=5
2026-01-06 19:16:45,248 - INFO - [GINSLIB] processing : 2020/10/04 03:19:44 Q=5
2026-01-06 19:16:45,259 - INFO - [GINSLIB] processing : 2020/10/04 03:19:45 Q=5
2026-01-06 19:16:45,278 - INFO - [GINSLIB] processing : 2020/10/04 03:19:46 Q=5
2026-01-06 19:16:45,279 - INFO - [GINSLIB] processing : 2020/10/04 03:19:47 Q=5
2026-01-06 19:16:45,291 - INFO - [GINSLIB] processing : 2020/10/04 03:19:48 Q=5
2026-01-06 19:16:45,303 - INFO - [GINSLIB] processing : 2020/10/04 03:19:49 Q=5
2026-01-06 19:16:45,313 - INFO - [GINSLIB] processing : 2020/10/04 03:19:50 Q=5
2026-01-06 19:16:45,333 - INFO - [GINSLIB] processing : 2020/10/04 03:19:51 Q=5
2026-01-06 19:16:45,335 - INFO - [GINSLIB] processing : 2020/10/04 03:19:52 Q=5
2026-01-06 19:16:45,345 - INFO - [GINSLIB] processing : 2020/10/04 03:19:53 Q=5
2026-01-06 19:16:45,356 - INFO - [GINSLIB] processing : 2020/10/04 03:19:54 Q=5
2026-01-06 19:16:45,366 - INFO - [GINSLIB] processing : 2020/10/04 03:19:55 Q=5
2026-01-06 19:16:45,385 - INFO - [GINSLIB] processing : 2020/10/04 03:19:56 Q=5
2026-01-06 19:16:45,386 - INFO - [GINSLIB] processing : 2020/10/04 03:19:57 Q=5
2026-01-06 19:16:45,397 - INFO - [GINSLIB] processing : 2020/10/04 03:19:58 Q=5
2026-01-06 19:16:45,408 - INFO - [GINSLIB] processing : 2020/10/04 03:19:59 Q=5
2026-01-06 19:16:45,419 - INFO - [GINSLIB] processing : 2020/10/04 03:20:00 Q=5
2026-01-06 19:16:45,440 - INFO - [GINSLIB] processing : 2020/10/04 03:20:01 Q=5
2026-01-06 19:16:45,442 - INFO - [GINSLIB] processing : 2020/10/04 03:20:02 Q=5
2026-01-06 19:16:45,454 - INFO - [GINSLIB] processing : 2020/10/04 03:20:03 Q=5
2026-01-06 19:16:45,464 - INFO - [GINSLIB] processing : 2020/10/04 03:20:04 Q=5
2026-01-06 19:16:45,475 - INFO - [GINSLIB] processing : 2020/10/04 03:20:05 Q=5
2026-01-06 19:16:45,487 - INFO - [GINSLIB] processing : 2020/10/04 03:20:06 Q=5
2026-01-06 19:16:45,496 - INFO - [GINSLIB] processing : 2020/10/04 03:20:07 Q=5
2026-01-06 19:16:45,508 - INFO - [GINSLIB] processing : 2020/10/04 03:20:08 Q=5
2026-01-06 19:16:45,520 - INFO - [GINSLIB] processing : 2020/10/04 03:20:09 Q=5
2026-01-06 19:16:45,531 - INFO - [GINSLIB] processing : 2020/10/04 03:20:10 Q=5
2026-01-06 19:16:45,542 - INFO - [GINSLIB] processing : 2020/10/04 03:20:11 Q=5
2026-01-06 19:16:45,554 - INFO - [GINSLIB] processing : 2020/10/04 03:20:12 Q=5
2026-01-06 19:16:45,566 - INFO - [GINSLIB] processing : 2020/10/04 03:20:13 Q=5
2026-01-06 19:16:45,577 - INFO - [GINSLIB] processing : 2020/10/04 03:20:14 Q=5
2026-01-06 19:16:45,589 - INFO - [GINSLIB] processing : 2020/10/04 03:20:15 Q=5
2026-01-06 19:16:45,600 - INFO - [GINSLIB] processing : 2020/10/04 03:20:16 Q=5
2026-01-06 19:16:45,609 - INFO - [GINSLIB] processing : 2020/10/04 03:20:16 Q=7
2026-01-06 19:16:45,619 - INFO - [GINSLIB] processing : 2020/10/04 03:20:17 Q=7
2026-01-06 19:16:45,619 - INFO - [GINSLIB] processing : 2020/10/04 03:20:17 Q=5
2026-01-06 19:16:45,620 - INFO - [GINSLIB] processing : 2020/10/04 03:20:18 Q=5
2026-01-06 19:16:45,630 - INFO - [GINSLIB] processing : 2020/10/04 03:20:18 Q=7
2026-01-06 19:16:45,632 - INFO - [GINSLIB] processing : 2020/10/04 03:20:19 Q=7
2026-01-06 19:16:45,641 - INFO - [GINSLIB] processing : 2020/10/04 03:20:19 Q=5
2026-01-06 19:16:45,642 - INFO - [GINSLIB] processing : 2020/10/04 03:20:20 Q=5
2026-01-06 19:16:45,653 - INFO - [GINSLIB] processing : 2020/10/04 03:20:21 Q=5
2026-01-06 19:16:45,663 - INFO - [GINSLIB] processing : 2020/10/04 03:20:21 Q=7
2026-01-06 19:16:45,674 - INFO - [GINSLIB] processing : 2020/10/04 03:20:22 Q=7
2026-01-06 19:16:45,674 - INFO - [GINSLIB] processing : 2020/10/04 03:20:22 Q=5
2026-01-06 19:16:45,675 - INFO - [GINSLIB] processing : 2020/10/04 03:20:23 Q=5
2026-01-06 19:16:45,685 - INFO - [GINSLIB] processing : 2020/10/04 03:20:24 Q=5
2026-01-06 19:16:45,697 - INFO - [GINSLIB] processing : 2020/10/04 03:20:25 Q=5
2026-01-06 19:16:45,706 - INFO - [GINSLIB] processing : 2020/10/04 03:20:26 Q=5
2026-01-06 19:16:45,726 - INFO - [GINSLIB] processing : 2020/10/04 03:20:27 Q=5
2026-01-06 19:16:45,727 - INFO - [GINSLIB] processing : 2020/10/04 03:20:28 Q=5
2026-01-06 19:16:45,738 - INFO - [GINSLIB] processing : 2020/10/04 03:20:29 Q=5
2026-01-06 19:16:45,749 - INFO - [GINSLIB] processing : 2020/10/04 03:20:30 Q=5
2026-01-06 19:16:45,760 - INFO - [GINSLIB] processing : 2020/10/04 03:20:31 Q=5
2026-01-06 19:16:45,770 - INFO - [GINSLIB] processing : 2020/10/04 03:20:32 Q=5
2026-01-06 19:16:45,780 - INFO - [GINSLIB] processing : 2020/10/04 03:20:32 Q=7
2026-01-06 19:16:45,780 - INFO - [GINSLIB] processing : 2020/10/04 03:20:33 Q=7
2026-01-06 19:16:45,789 - INFO - [GINSLIB] processing : 2020/10/04 03:20:33 Q=5
2026-01-06 19:16:45,790 - INFO - [GINSLIB] processing : 2020/10/04 03:20:34 Q=5
2026-01-06 19:16:45,801 - INFO - [GINSLIB] processing : 2020/10/04 03:20:35 Q=5
2026-01-06 19:16:45,811 - INFO - [GINSLIB] processing : 2020/10/04 03:20:36 Q=5
2026-01-06 19:16:45,822 - INFO - [GINSLIB] processing : 2020/10/04 03:20:37 Q=5
2026-01-06 19:16:45,832 - INFO - [GINSLIB] processing : 2020/10/04 03:20:38 Q=5
2026-01-06 19:16:45,843 - INFO - [GINSLIB] processing : 2020/10/04 03:20:39 Q=5
2026-01-06 19:16:45,854 - INFO - [GINSLIB] processing : 2020/10/04 03:20:40 Q=5
2026-01-06 19:16:45,864 - INFO - [GINSLIB] processing : 2020/10/04 03:20:41 Q=5
2026-01-06 19:16:45,876 - INFO - [GINSLIB] processing : 2020/10/04 03:20:42 Q=5
2026-01-06 19:16:45,885 - INFO - [GINSLIB] processing : 2020/10/04 03:20:43 Q=5
2026-01-06 19:16:45,895 - INFO - [GINSLIB] processing : 2020/10/04 03:20:44 Q=5
2026-01-06 19:16:45,906 - INFO - [GINSLIB] processing : 2020/10/04 03:20:45 Q=5
2026-01-06 19:16:45,917 - INFO - [GINSLIB] processing : 2020/10/04 03:20:46 Q=5
2026-01-06 19:16:45,928 - INFO - [GINSLIB] processing : 2020/10/04 03:20:47 Q=5
2026-01-06 19:16:45,939 - INFO - [GINSLIB] processing : 2020/10/04 03:20:47 Q=7
2026-01-06 19:16:45,948 - INFO - [GINSLIB] processing : 2020/10/04 03:20:48 Q=7
2026-01-06 19:16:45,948 - INFO - [GINSLIB] processing : 2020/10/04 03:20:48 Q=5
2026-01-06 19:16:45,949 - INFO - [GINSLIB] processing : 2020/10/04 03:20:49 Q=5
2026-01-06 19:16:45,958 - INFO - [GINSLIB] processing : 2020/10/04 03:20:49 Q=7
2026-01-06 19:16:45,959 - INFO - [GINSLIB] processing : 2020/10/04 03:20:50 Q=7
2026-01-06 19:16:45,969 - INFO - [GINSLIB] processing : 2020/10/04 03:20:50 Q=5
2026-01-06 19:16:45,971 - INFO - [GINSLIB] processing : 2020/10/04 03:20:51 Q=5
2026-01-06 19:16:45,979 - INFO - [GINSLIB] processing : 2020/10/04 03:20:51 Q=7
2026-01-06 19:16:45,981 - INFO - [GINSLIB] processing : 2020/10/04 03:20:52 Q=7
2026-01-06 19:16:45,999 - INFO - [GINSLIB] processing : 2020/10/04 03:20:53 Q=7
2026-01-06 19:16:46,000 - INFO - [GINSLIB] processing : 2020/10/04 03:20:53 Q=5
2026-01-06 19:16:46,001 - INFO - [GINSLIB] processing : 2020/10/04 03:20:54 Q=5
2026-01-06 19:16:46,012 - INFO - [GINSLIB] processing : 2020/10/04 03:20:55 Q=5
2026-01-06 19:16:46,022 - INFO - [GINSLIB] processing : 2020/10/04 03:20:56 Q=5
2026-01-06 19:16:46,032 - INFO - [GINSLIB] processing : 2020/10/04 03:20:56 Q=7
2026-01-06 19:16:46,034 - INFO - [GINSLIB] processing : 2020/10/04 03:20:57 Q=7
2026-01-06 19:16:46,043 - INFO - [GINSLIB] processing : 2020/10/04 03:20:57 Q=5
2026-01-06 19:16:46,052 - INFO - [GINSLIB] processing : 2020/10/04 03:20:58 Q=5
2026-01-06 19:16:46,053 - INFO - [GINSLIB] processing : 2020/10/04 03:20:59 Q=5
2026-01-06 19:16:46,065 - INFO - [GINSLIB] processing : 2020/10/04 03:21:00 Q=5
2026-01-06 19:16:46,074 - INFO - [GINSLIB] processing : 2020/10/04 03:21:00 Q=7
2026-01-06 19:16:46,075 - INFO - [GINSLIB] processing : 2020/10/04 03:21:01 Q=7
2026-01-06 19:16:46,084 - INFO - [GINSLIB] processing : 2020/10/04 03:21:01 Q=5
2026-01-06 19:16:46,085 - INFO - [GINSLIB] processing : 2020/10/04 03:21:02 Q=5
2026-01-06 19:16:46,097 - INFO - [GINSLIB] processing : 2020/10/04 03:21:03 Q=5
2026-01-06 19:16:46,107 - INFO - [GINSLIB] processing : 2020/10/04 03:21:03 Q=7
2026-01-06 19:16:46,108 - INFO - [GINSLIB] processing : 2020/10/04 03:21:04 Q=7
2026-01-06 19:16:46,117 - INFO - [GINSLIB] processing : 2020/10/04 03:21:04 Q=5
2026-01-06 19:16:46,121 - INFO - [GINSLIB] processing : 2020/10/04 03:21:05 Q=5
2026-01-06 19:16:46,130 - INFO - [GINSLIB] processing : 2020/10/04 03:21:05 Q=7
2026-01-06 19:16:46,135 - INFO - [GINSLIB] processing : 2020/10/04 03:21:06 Q=7
2026-01-06 19:16:46,145 - INFO - [GINSLIB] processing : 2020/10/04 03:21:06 Q=5
2026-01-06 19:16:46,147 - INFO - [GINSLIB] processing : 2020/10/04 03:21:07 Q=5
2026-01-06 19:16:46,160 - INFO - [GINSLIB] processing : 2020/10/04 03:21:08 Q=5
2026-01-06 19:16:46,172 - INFO - [GINSLIB] processing : 2020/10/04 03:21:08 Q=7
2026-01-06 19:16:46,172 - INFO - [GINSLIB] processing : 2020/10/04 03:21:09 Q=7
2026-01-06 19:16:46,185 - INFO - [GINSLIB] processing : 2020/10/04 03:21:10 Q=7
2026-01-06 19:16:46,198 - INFO - [GINSLIB] processing : 2020/10/04 03:21:11 Q=7
2026-01-06 19:16:46,210 - INFO - [GINSLIB] processing : 2020/10/04 03:21:12 Q=7
2026-01-06 19:16:46,221 - INFO - [GINSLIB] processing : 2020/10/04 03:21:13 Q=7
2026-01-06 19:16:46,232 - INFO - [GINSLIB] processing : 2020/10/04 03:21:14 Q=7
2026-01-06 19:16:46,244 - INFO - [GINSLIB] processing : 2020/10/04 03:21:15 Q=7
2026-01-06 19:16:46,259 - INFO - [GINSLIB] processing : 2020/10/04 03:21:16 Q=7
2026-01-06 19:16:46,271 - INFO - [GINSLIB] processing : 2020/10/04 03:21:17 Q=7
2026-01-06 19:16:46,283 - INFO - [GINSLIB] processing : 2020/10/04 03:21:17 Q=5
2026-01-06 19:16:46,285 - INFO - [GINSLIB] processing : 2020/10/04 03:21:18 Q=5
2026-01-06 19:16:46,307 - INFO - [GINSLIB] processing : 2020/10/04 03:21:19 Q=5
2026-01-06 19:16:46,307 - INFO - [GINSLIB] processing : 2020/10/04 03:21:19 Q=7
2026-01-06 19:16:46,309 - INFO - [GINSLIB] processing : 2020/10/04 03:21:20 Q=7
2026-01-06 19:16:46,322 - INFO - [GINSLIB] processing : 2020/10/04 03:21:21 Q=7
2026-01-06 19:16:46,332 - INFO - [GINSLIB] processing : 2020/10/04 03:21:21 Q=5
2026-01-06 19:16:46,333 - INFO - [GINSLIB] processing : 2020/10/04 03:21:22 Q=5
2026-01-06 19:16:46,345 - INFO - [GINSLIB] processing : 2020/10/04 03:21:22 Q=7
2026-01-06 19:16:46,346 - INFO - [GINSLIB] processing : 2020/10/04 03:21:23 Q=7
2026-01-06 19:16:46,356 - INFO - [GINSLIB] processing : 2020/10/04 03:21:23 Q=5
2026-01-06 19:16:46,365 - INFO - [GINSLIB] processing : 2020/10/04 03:21:24 Q=5
2026-01-06 19:16:46,367 - INFO - [GINSLIB] processing : 2020/10/04 03:21:25 Q=5
2026-01-06 19:16:46,378 - INFO - [GINSLIB] processing : 2020/10/04 03:21:26 Q=5
2026-01-06 19:16:46,390 - INFO - [GINSLIB] processing : 2020/10/04 03:21:27 Q=5
2026-01-06 19:16:46,401 - INFO - [GINSLIB] processing : 2020/10/04 03:21:28 Q=5
2026-01-06 19:16:46,421 - INFO - [GINSLIB] processing : 2020/10/04 03:21:29 Q=5
2026-01-06 19:16:46,423 - INFO - [GINSLIB] processing : 2020/10/04 03:21:30 Q=5
2026-01-06 19:16:46,433 - INFO - [GINSLIB] processing : 2020/10/04 03:21:31 Q=5
2026-01-06 19:16:46,442 - INFO - [GINSLIB] processing : 2020/10/04 03:21:31 Q=7
2026-01-06 19:16:46,443 - INFO - [GINSLIB] processing : 2020/10/04 03:21:32 Q=7
2026-01-06 19:16:46,454 - INFO - [GINSLIB] processing : 2020/10/04 03:21:32 Q=5
2026-01-06 19:16:46,455 - INFO - [GINSLIB] processing : 2020/10/04 03:21:33 Q=5
2026-01-06 19:16:46,465 - INFO - [GINSLIB] processing : 2020/10/04 03:21:34 Q=5
2026-01-06 19:16:46,474 - INFO - [GINSLIB] processing : 2020/10/04 03:21:35 Q=5
2026-01-06 19:16:46,486 - INFO - [GINSLIB] processing : 2020/10/04 03:21:36 Q=5
2026-01-06 19:16:46,498 - INFO - [GINSLIB] processing : 2020/10/04 03:21:37 Q=5
2026-01-06 19:16:46,509 - INFO - [GINSLIB] processing : 2020/10/04 03:21:38 Q=5
2026-01-06 19:16:46,520 - INFO - [GINSLIB] processing : 2020/10/04 03:21:39 Q=5
2026-01-06 19:16:46,530 - INFO - [GINSLIB] processing : 2020/10/04 03:21:40 Q=5
2026-01-06 19:16:46,542 - INFO - [GINSLIB] processing : 2020/10/04 03:21:41 Q=5
2026-01-06 19:16:46,554 - INFO - [GINSLIB] processing : 2020/10/04 03:21:42 Q=5
2026-01-06 19:16:46,564 - INFO - [GINSLIB] processing : 2020/10/04 03:21:43 Q=5
2026-01-06 19:16:46,575 - INFO - [GINSLIB] processing : 2020/10/04 03:21:44 Q=5
2026-01-06 19:16:46,584 - INFO - [GINSLIB] processing : 2020/10/04 03:21:45 Q=5
2026-01-06 19:16:46,596 - INFO - [GINSLIB] processing : 2020/10/04 03:21:46 Q=5
2026-01-06 19:16:46,607 - INFO - [GINSLIB] processing : 2020/10/04 03:21:47 Q=5
2026-01-06 19:16:46,618 - INFO - [GINSLIB] processing : 2020/10/04 03:21:48 Q=5
2026-01-06 19:16:46,629 - INFO - [GINSLIB] processing : 2020/10/04 03:21:49 Q=5
2026-01-06 19:16:46,649 - INFO - [GINSLIB] processing : 2020/10/04 03:21:50 Q=5
2026-01-06 19:16:46,651 - INFO - [GINSLIB] processing : 2020/10/04 03:21:51 Q=5
2026-01-06 19:16:46,662 - INFO - [GINSLIB] processing : 2020/10/04 03:21:52 Q=5
2026-01-06 19:16:46,676 - INFO - [GINSLIB] processing : 2020/10/04 03:21:53 Q=5
2026-01-06 19:16:46,687 - INFO - [GINSLIB] processing : 2020/10/04 03:21:54 Q=5
2026-01-06 19:16:46,707 - INFO - [GINSLIB] processing : 2020/10/04 03:21:55 Q=5
2026-01-06 19:16:46,708 - INFO - [GINSLIB] processing : 2020/10/04 03:21:56 Q=5
2026-01-06 19:16:46,721 - INFO - [GINSLIB] processing : 2020/10/04 03:21:57 Q=5
2026-01-06 19:16:46,733 - INFO - [GINSLIB] processing : 2020/10/04 03:21:58 Q=5
2026-01-06 19:16:46,745 - INFO - [GINSLIB] processing : 2020/10/04 03:21:59 Q=5
2026-01-06 19:16:46,763 - INFO - [GINSLIB] processing : 2020/10/04 03:22:00 Q=5
2026-01-06 19:16:46,765 - INFO - [GINSLIB] processing : 2020/10/04 03:22:01 Q=5
2026-01-06 19:16:46,776 - INFO - [GINSLIB] processing : 2020/10/04 03:22:02 Q=5
2026-01-06 19:16:46,788 - INFO - [GINSLIB] processing : 2020/10/04 03:22:03 Q=5
2026-01-06 19:16:46,801 - INFO - [GINSLIB] processing : 2020/10/04 03:22:04 Q=5
2026-01-06 19:16:46,812 - INFO - [GINSLIB] processing : 2020/10/04 03:22:05 Q=5
2026-01-06 19:16:46,823 - INFO - [GINSLIB] processing : 2020/10/04 03:22:06 Q=5
2026-01-06 19:16:46,834 - INFO - [GINSLIB] processing : 2020/10/04 03:22:07 Q=5
2026-01-06 19:16:46,847 - INFO - [GINSLIB] processing : 2020/10/04 03:22:08 Q=5
2026-01-06 19:16:46,859 - INFO - [GINSLIB] processing : 2020/10/04 03:22:09 Q=5
2026-01-06 19:16:46,872 - INFO - [GINSLIB] processing : 2020/10/04 03:22:10 Q=5
2026-01-06 19:16:46,886 - INFO - [GINSLIB] processing : 2020/10/04 03:22:11 Q=5
2026-01-06 19:16:46,897 - INFO - [GINSLIB] processing : 2020/10/04 03:22:12 Q=5
2026-01-06 19:16:46,909 - INFO - [GINSLIB] processing : 2020/10/04 03:22:13 Q=5
2026-01-06 19:16:46,921 - INFO - [GINSLIB] processing : 2020/10/04 03:22:14 Q=5
2026-01-06 19:16:46,933 - INFO - [GINSLIB] processing : 2020/10/04 03:22:15 Q=5
2026-01-06 19:16:46,942 - INFO - [GINSLIB] processing : 2020/10/04 03:22:16 Q=5
2026-01-06 19:16:46,954 - INFO - [GINSLIB] processing : 2020/10/04 03:22:17 Q=5
2026-01-06 19:16:46,965 - INFO - [GINSLIB] processing : 2020/10/04 03:22:18 Q=5
2026-01-06 19:16:46,978 - INFO - [GINSLIB] processing : 2020/10/04 03:22:19 Q=5
2026-01-06 19:16:46,989 - INFO - [GINSLIB] processing : 2020/10/04 03:22:20 Q=5
2026-01-06 19:16:47,010 - INFO - [GINSLIB] processing : 2020/10/04 03:22:21 Q=5
2026-01-06 19:16:47,012 - INFO - [GINSLIB] processing : 2020/10/04 03:22:22 Q=5
2026-01-06 19:16:47,023 - INFO - [GINSLIB] processing : 2020/10/04 03:22:23 Q=5
2026-01-06 19:16:47,035 - INFO - [GINSLIB] processing : 2020/10/04 03:22:24 Q=5
2026-01-06 19:16:47,045 - INFO - [GINSLIB] processing : 2020/10/04 03:22:25 Q=5
2026-01-06 19:16:47,063 - INFO - [GINSLIB] processing : 2020/10/04 03:22:26 Q=5
2026-01-06 19:16:47,065 - INFO - [GINSLIB] processing : 2020/10/04 03:22:27 Q=5
2026-01-06 19:16:47,076 - INFO - [GINSLIB] processing : 2020/10/04 03:22:28 Q=5
2026-01-06 19:16:47,088 - INFO - [GINSLIB] processing : 2020/10/04 03:22:29 Q=5
2026-01-06 19:16:47,098 - INFO - [GINSLIB] processing : 2020/10/04 03:22:30 Q=5
2026-01-06 19:16:47,108 - INFO - [GINSLIB] processing : 2020/10/04 03:22:30 Q=7
2026-01-06 19:16:47,118 - INFO - [GINSLIB] processing : 2020/10/04 03:22:31 Q=7
2026-01-06 19:16:47,119 - INFO - [GINSLIB] processing : 2020/10/04 03:22:31 Q=5
2026-01-06 19:16:47,119 - INFO - [GINSLIB] processing : 2020/10/04 03:22:32 Q=5
2026-01-06 19:16:47,129 - INFO - [GINSLIB] processing : 2020/10/04 03:22:33 Q=5
2026-01-06 19:16:47,140 - INFO - [GINSLIB] processing : 2020/10/04 03:22:34 Q=5
2026-01-06 19:16:47,150 - INFO - [GINSLIB] processing : 2020/10/04 03:22:35 Q=5
2026-01-06 19:16:47,161 - INFO - [GINSLIB] processing : 2020/10/04 03:22:36 Q=5
2026-01-06 19:16:47,172 - INFO - [GINSLIB] processing : 2020/10/04 03:22:37 Q=5
2026-01-06 19:16:47,183 - INFO - [GINSLIB] processing : 2020/10/04 03:22:38 Q=5
2026-01-06 19:16:47,196 - INFO - [GINSLIB] processing : 2020/10/04 03:22:39 Q=5
2026-01-06 19:16:47,207 - INFO - [GINSLIB] processing : 2020/10/04 03:22:40 Q=5
2026-01-06 19:16:47,218 - INFO - [GINSLIB] processing : 2020/10/04 03:22:41 Q=5
2026-01-06 19:16:47,228 - INFO - [GINSLIB] processing : 2020/10/04 03:22:42 Q=5
2026-01-06 19:16:47,240 - INFO - [GINSLIB] processing : 2020/10/04 03:22:43 Q=5
2026-01-06 19:16:47,252 - INFO - [GINSLIB] processing : 2020/10/04 03:22:44 Q=5
2026-01-06 19:16:47,263 - INFO - [GINSLIB] processing : 2020/10/04 03:22:45 Q=5
2026-01-06 19:16:47,274 - INFO - [GINSLIB] processing : 2020/10/04 03:22:46 Q=5
2026-01-06 19:16:47,294 - INFO - [GINSLIB] processing : 2020/10/04 03:22:47 Q=5
2026-01-06 19:16:47,295 - INFO - [GINSLIB] processing : 2020/10/04 03:22:48 Q=5
2026-01-06 19:16:47,307 - INFO - [GINSLIB] processing : 2020/10/04 03:22:49 Q=5
2026-01-06 19:16:47,319 - INFO - [GINSLIB] processing : 2020/10/04 03:22:50 Q=5
2026-01-06 19:16:47,330 - INFO - [GINSLIB] processing : 2020/10/04 03:22:51 Q=5
2026-01-06 19:16:47,349 - INFO - [GINSLIB] processing : 2020/10/04 03:22:52 Q=5
2026-01-06 19:16:47,351 - INFO - [GINSLIB] processing : 2020/10/04 03:22:53 Q=5
2026-01-06 19:16:47,362 - INFO - [GINSLIB] processing : 2020/10/04 03:22:54 Q=5
2026-01-06 19:16:47,374 - INFO - [GINSLIB] processing : 2020/10/04 03:22:55 Q=5
2026-01-06 19:16:47,386 - INFO - [GINSLIB] processing : 2020/10/04 03:22:56 Q=5
2026-01-06 19:16:47,408 - INFO - [GINSLIB] processing : 2020/10/04 03:22:57 Q=5
2026-01-06 19:16:47,410 - INFO - [GINSLIB] processing : 2020/10/04 03:22:58 Q=5
2026-01-06 19:16:47,420 - INFO - [GINSLIB] processing : 2020/10/04 03:22:59 Q=5
2026-01-06 19:16:47,432 - INFO - [GINSLIB] processing : 2020/10/04 03:23:00 Q=5
2026-01-06 19:16:47,443 - INFO - [GINSLIB] processing : 2020/10/04 03:23:01 Q=5
2026-01-06 19:16:47,461 - INFO - [GINSLIB] processing : 2020/10/04 03:23:02 Q=5
2026-01-06 19:16:47,462 - INFO - [GINSLIB] processing : 2020/10/04 03:23:03 Q=5
2026-01-06 19:16:47,474 - INFO - [GINSLIB] processing : 2020/10/04 03:23:04 Q=5
2026-01-06 19:16:47,484 - INFO - [GINSLIB] processing : 2020/10/04 03:23:05 Q=5
2026-01-06 19:16:47,493 - INFO - [GINSLIB] processing : 2020/10/04 03:23:06 Q=5
2026-01-06 19:16:47,506 - INFO - [GINSLIB] processing : 2020/10/04 03:23:07 Q=5
2026-01-06 19:16:47,515 - INFO - [GINSLIB] processing : 2020/10/04 03:23:08 Q=5
2026-01-06 19:16:47,527 - INFO - [GINSLIB] processing : 2020/10/04 03:23:09 Q=5
2026-01-06 19:16:47,538 - INFO - [GINSLIB] processing : 2020/10/04 03:23:10 Q=5
2026-01-06 19:16:47,548 - INFO - [GINSLIB] processing : 2020/10/04 03:23:11 Q=5
2026-01-06 19:16:47,560 - INFO - [GINSLIB] processing : 2020/10/04 03:23:12 Q=5
2026-01-06 19:16:47,570 - INFO - [GINSLIB] processing : 2020/10/04 03:23:13 Q=5
2026-01-06 19:16:47,582 - INFO - [GINSLIB] processing : 2020/10/04 03:23:14 Q=5
2026-01-06 19:16:47,593 - INFO - [GINSLIB] processing : 2020/10/04 03:23:15 Q=5
2026-01-06 19:16:47,604 - INFO - [GINSLIB] processing : 2020/10/04 03:23:16 Q=5
2026-01-06 19:16:47,614 - INFO - [GINSLIB] processing : 2020/10/04 03:23:17 Q=5
2026-01-06 19:16:47,633 - INFO - [GINSLIB] processing : 2020/10/04 03:23:18 Q=5
2026-01-06 19:16:47,635 - INFO - [GINSLIB] processing : 2020/10/04 03:23:19 Q=5
2026-01-06 19:16:47,646 - INFO - [GINSLIB] processing : 2020/10/04 03:23:20 Q=5
2026-01-06 19:16:47,658 - INFO - [GINSLIB] processing : 2020/10/04 03:23:21 Q=5
2026-01-06 19:16:47,669 - INFO - [GINSLIB] processing : 2020/10/04 03:23:22 Q=5
2026-01-06 19:16:47,688 - INFO - [GINSLIB] processing : 2020/10/04 03:23:23 Q=5
2026-01-06 19:16:47,689 - INFO - [GINSLIB] processing : 2020/10/04 03:23:24 Q=5
2026-01-06 19:16:47,699 - INFO - [GINSLIB] processing : 2020/10/04 03:23:25 Q=5
2026-01-06 19:16:47,709 - INFO - [GINSLIB] processing : 2020/10/04 03:23:26 Q=5
2026-01-06 19:16:47,720 - INFO - [GINSLIB] processing : 2020/10/04 03:23:27 Q=5
2026-01-06 19:16:47,738 - INFO - [GINSLIB] processing : 2020/10/04 03:23:28 Q=5
2026-01-06 19:16:47,739 - INFO - [GINSLIB] processing : 2020/10/04 03:23:29 Q=5
2026-01-06 19:16:47,752 - INFO - [GINSLIB] processing : 2020/10/04 03:23:30 Q=5
2026-01-06 19:16:47,763 - INFO - [GINSLIB] processing : 2020/10/04 03:23:31 Q=5
2026-01-06 19:16:47,774 - INFO - [GINSLIB] processing : 2020/10/04 03:23:32 Q=5
2026-01-06 19:16:47,786 - INFO - [GINSLIB] processing : 2020/10/04 03:23:33 Q=5
2026-01-06 19:16:47,794 - INFO - [GINSLIB] processing : 2020/10/04 03:23:34 Q=5
2026-01-06 19:16:47,804 - INFO - [GINSLIB] processing : 2020/10/04 03:23:35 Q=5
2026-01-06 19:16:47,816 - INFO - [GINSLIB] processing : 2020/10/04 03:23:36 Q=5
2026-01-06 19:16:47,826 - INFO - [GINSLIB] processing : 2020/10/04 03:23:37 Q=5
2026-01-06 19:16:47,839 - INFO - [GINSLIB] processing : 2020/10/04 03:23:38 Q=5
2026-01-06 19:16:47,849 - INFO - [GINSLIB] processing : 2020/10/04 03:23:39 Q=5
2026-01-06 19:16:47,861 - INFO - [GINSLIB] processing : 2020/10/04 03:23:40 Q=5
2026-01-06 19:16:47,874 - INFO - [GINSLIB] processing : 2020/10/04 03:23:41 Q=5
2026-01-06 19:16:47,886 - INFO - [GINSLIB] processing : 2020/10/04 03:23:42 Q=5
2026-01-06 19:16:47,897 - INFO - [GINSLIB] processing : 2020/10/04 03:23:43 Q=5
2026-01-06 19:16:47,908 - INFO - [GINSLIB] processing : 2020/10/04 03:23:44 Q=5
2026-01-06 19:16:47,922 - INFO - [GINSLIB] processing : 2020/10/04 03:23:45 Q=5
2026-01-06 19:16:47,933 - INFO - [GINSLIB] processing : 2020/10/04 03:23:46 Q=5
2026-01-06 19:16:47,943 - INFO - [GINSLIB] processing : 2020/10/04 03:23:47 Q=5
2026-01-06 19:16:47,955 - INFO - [GINSLIB] processing : 2020/10/04 03:23:48 Q=5
2026-01-06 19:16:47,974 - INFO - [GINSLIB] processing : 2020/10/04 03:23:49 Q=5
2026-01-06 19:16:47,976 - INFO - [GINSLIB] processing : 2020/10/04 03:23:50 Q=5
2026-01-06 19:16:47,988 - INFO - [GINSLIB] processing : 2020/10/04 03:23:51 Q=5
2026-01-06 19:16:48,000 - INFO - [GINSLIB] processing : 2020/10/04 03:23:52 Q=5
2026-01-06 19:16:48,012 - INFO - [GINSLIB] processing : 2020/10/04 03:23:53 Q=5
2026-01-06 19:16:48,034 - INFO - [GINSLIB] processing : 2020/10/04 03:23:54 Q=5
2026-01-06 19:16:48,035 - INFO - [GINSLIB] processing : 2020/10/04 03:23:55 Q=5
2026-01-06 19:16:48,049 - INFO - [GINSLIB] processing : 2020/10/04 03:23:56 Q=5
2026-01-06 19:16:48,060 - INFO - [GINSLIB] processing : 2020/10/04 03:23:57 Q=5
2026-01-06 19:16:48,071 - INFO - [GINSLIB] processing : 2020/10/04 03:23:58 Q=5
2026-01-06 19:16:48,090 - INFO - [GINSLIB] processing : 2020/10/04 03:23:59 Q=5
2026-01-06 19:16:48,091 - INFO - [GINSLIB] processing : 2020/10/04 03:24:00 Q=5
2026-01-06 19:16:48,101 - INFO - [GINSLIB] processing : 2020/10/04 03:24:01 Q=5
2026-01-06 19:16:48,113 - INFO - [GINSLIB] processing : 2020/10/04 03:24:02 Q=5
2026-01-06 19:16:48,124 - INFO - [GINSLIB] processing : 2020/10/04 03:24:03 Q=5
2026-01-06 19:16:48,134 - INFO - [GINSLIB] processing : 2020/10/04 03:24:04 Q=5
2026-01-06 19:16:48,144 - INFO - [GINSLIB] processing : 2020/10/04 03:24:05 Q=5
2026-01-06 19:16:48,155 - INFO - [GINSLIB] processing : 2020/10/04 03:24:06 Q=5
2026-01-06 19:16:48,167 - INFO - [GINSLIB] processing : 2020/10/04 03:24:07 Q=5
2026-01-06 19:16:48,179 - INFO - [GINSLIB] processing : 2020/10/04 03:24:08 Q=5
2026-01-06 19:16:48,189 - INFO - [GINSLIB] processing : 2020/10/04 03:24:09 Q=5
2026-01-06 19:16:48,198 - INFO - [GINSLIB] processing : 2020/10/04 03:24:10 Q=5
2026-01-06 19:16:48,208 - INFO - [GINSLIB] processing : 2020/10/04 03:24:11 Q=5
2026-01-06 19:16:48,220 - INFO - [GINSLIB] processing : 2020/10/04 03:24:12 Q=5
2026-01-06 19:16:48,234 - INFO - [GINSLIB] processing : 2020/10/04 03:24:13 Q=5
2026-01-06 19:16:48,246 - INFO - [GINSLIB] processing : 2020/10/04 03:24:14 Q=5
2026-01-06 19:16:48,255 - INFO - [GINSLIB] processing : 2020/10/04 03:24:15 Q=5
2026-01-06 19:16:48,267 - INFO - [GINSLIB] processing : 2020/10/04 03:24:16 Q=5
2026-01-06 19:16:48,279 - INFO - [GINSLIB] processing : 2020/10/04 03:24:17 Q=5
2026-01-06 19:16:48,291 - INFO - [GINSLIB] processing : 2020/10/04 03:24:18 Q=5
2026-01-06 19:16:48,304 - INFO - [GINSLIB] processing : 2020/10/04 03:24:19 Q=5
2026-01-06 19:16:48,325 - INFO - [GINSLIB] processing : 2020/10/04 03:24:20 Q=5
2026-01-06 19:16:48,326 - INFO - [GINSLIB] processing : 2020/10/04 03:24:21 Q=5
2026-01-06 19:16:48,339 - INFO - [GINSLIB] processing : 2020/10/04 03:24:22 Q=5
2026-01-06 19:16:48,351 - INFO - [GINSLIB] processing : 2020/10/04 03:24:23 Q=5
2026-01-06 19:16:48,360 - INFO - [GINSLIB] processing : 2020/10/04 03:24:24 Q=5
2026-01-06 19:16:48,381 - INFO - [GINSLIB] processing : 2020/10/04 03:24:25 Q=5
2026-01-06 19:16:48,383 - INFO - [GINSLIB] processing : 2020/10/04 03:24:26 Q=5
2026-01-06 19:16:48,395 - INFO - [GINSLIB] processing : 2020/10/04 03:24:27 Q=5
2026-01-06 19:16:48,407 - INFO - [GINSLIB] processing : 2020/10/04 03:24:28 Q=5
2026-01-06 19:16:48,419 - INFO - [GINSLIB] processing : 2020/10/04 03:24:29 Q=5
2026-01-06 19:16:48,438 - INFO - [GINSLIB] processing : 2020/10/04 03:24:30 Q=5
2026-01-06 19:16:48,439 - INFO - [GINSLIB] processing : 2020/10/04 03:24:31 Q=5
2026-01-06 19:16:48,450 - INFO - [GINSLIB] processing : 2020/10/04 03:24:32 Q=5
2026-01-06 19:16:48,462 - INFO - [GINSLIB] processing : 2020/10/04 03:24:33 Q=5
2026-01-06 19:16:48,472 - INFO - [GINSLIB] processing : 2020/10/04 03:24:34 Q=5
2026-01-06 19:16:48,483 - INFO - [GINSLIB] processing : 2020/10/04 03:24:35 Q=5
2026-01-06 19:16:48,494 - INFO - [GINSLIB] processing : 2020/10/04 03:24:36 Q=5
2026-01-06 19:16:48,504 - INFO - [GINSLIB] processing : 2020/10/04 03:24:37 Q=5
2026-01-06 19:16:48,516 - INFO - [GINSLIB] processing : 2020/10/04 03:24:38 Q=5
2026-01-06 19:16:48,527 - INFO - [GINSLIB] processing : 2020/10/04 03:24:39 Q=5
2026-01-06 19:16:48,537 - INFO - [GINSLIB] processing : 2020/10/04 03:24:40 Q=5
2026-01-06 19:16:48,547 - INFO - [GINSLIB] processing : 2020/10/04 03:24:41 Q=5
2026-01-06 19:16:48,558 - INFO - [GINSLIB] processing : 2020/10/04 03:24:42 Q=5
2026-01-06 19:16:48,569 - INFO - [GINSLIB] processing : 2020/10/04 03:24:43 Q=5
2026-01-06 19:16:48,580 - INFO - [GINSLIB] processing : 2020/10/04 03:24:44 Q=5
2026-01-06 19:16:48,591 - INFO - [GINSLIB] processing : 2020/10/04 03:24:45 Q=5
2026-01-06 19:16:48,602 - INFO - [GINSLIB] processing : 2020/10/04 03:24:46 Q=5
2026-01-06 19:16:48,612 - INFO - [GINSLIB] processing : 2020/10/04 03:24:47 Q=5
2026-01-06 19:16:48,623 - INFO - [GINSLIB] processing : 2020/10/04 03:24:48 Q=5
2026-01-06 19:16:48,634 - INFO - [GINSLIB] processing : 2020/10/04 03:24:49 Q=5
2026-01-06 19:16:48,644 - INFO - [GINSLIB] processing : 2020/10/04 03:24:50 Q=5
2026-01-06 19:16:48,663 - INFO - [GINSLIB] processing : 2020/10/04 03:24:51 Q=5
2026-01-06 19:16:48,665 - INFO - [GINSLIB] processing : 2020/10/04 03:24:52 Q=5
2026-01-06 19:16:48,675 - INFO - [GINSLIB] processing : 2020/10/04 03:24:53 Q=5
2026-01-06 19:16:48,686 - INFO - [GINSLIB] processing : 2020/10/04 03:24:54 Q=5
2026-01-06 19:16:48,698 - INFO - [GINSLIB] processing : 2020/10/04 03:24:55 Q=5
2026-01-06 19:16:48,718 - INFO - [GINSLIB] processing : 2020/10/04 03:24:56 Q=5
2026-01-06 19:16:48,719 - INFO - [GINSLIB] processing : 2020/10/04 03:24:57 Q=5
2026-01-06 19:16:48,730 - INFO - [GINSLIB] processing : 2020/10/04 03:24:58 Q=5
2026-01-06 19:16:48,743 - INFO - [GINSLIB] processing : 2020/10/04 03:24:59 Q=5
2026-01-06 19:16:48,754 - INFO - [GINSLIB] processing : 2020/10/04 03:25:00 Q=5
2026-01-06 19:16:48,773 - INFO - [GINSLIB] processing : 2020/10/04 03:25:01 Q=5
2026-01-06 19:16:48,774 - INFO - [GINSLIB] processing : 2020/10/04 03:25:02 Q=5
2026-01-06 19:16:48,785 - INFO - [GINSLIB] processing : 2020/10/04 03:25:03 Q=5
2026-01-06 19:16:48,796 - INFO - [GINSLIB] processing : 2020/10/04 03:25:04 Q=5
2026-01-06 19:16:48,808 - INFO - [GINSLIB] processing : 2020/10/04 03:25:05 Q=5
2026-01-06 19:16:48,820 - INFO - [GINSLIB] processing : 2020/10/04 03:25:06 Q=5
2026-01-06 19:16:48,829 - INFO - [GINSLIB] processing : 2020/10/04 03:25:07 Q=5
2026-01-06 19:16:48,839 - INFO - [GINSLIB] processing : 2020/10/04 03:25:08 Q=5
2026-01-06 19:16:48,851 - INFO - [GINSLIB] processing : 2020/10/04 03:25:09 Q=5
2026-01-06 19:16:48,862 - INFO - [GINSLIB] processing : 2020/10/04 03:25:10 Q=5
2026-01-06 19:16:48,873 - INFO - [GINSLIB] processing : 2020/10/04 03:25:11 Q=5
2026-01-06 19:16:48,883 - INFO - [GINSLIB] processing : 2020/10/04 03:25:12 Q=5
2026-01-06 19:16:48,894 - INFO - [GINSLIB] processing : 2020/10/04 03:25:13 Q=5
2026-01-06 19:16:48,905 - INFO - [GINSLIB] processing : 2020/10/04 03:25:14 Q=5
2026-01-06 19:16:48,916 - INFO - [GINSLIB] processing : 2020/10/04 03:25:15 Q=5
2026-01-06 19:16:48,927 - INFO - [GINSLIB] processing : 2020/10/04 03:25:16 Q=5
2026-01-06 19:16:48,947 - INFO - [GINSLIB] processing : 2020/10/04 03:25:17 Q=5
2026-01-06 19:16:48,948 - INFO - [GINSLIB] processing : 2020/10/04 03:25:18 Q=5
2026-01-06 19:16:48,959 - INFO - [GINSLIB] processing : 2020/10/04 03:25:19 Q=5
2026-01-06 19:16:48,970 - INFO - [GINSLIB] processing : 2020/10/04 03:25:20 Q=5
2026-01-06 19:16:48,981 - INFO - [GINSLIB] processing : 2020/10/04 03:25:21 Q=5
2026-01-06 19:16:49,000 - INFO - [GINSLIB] processing : 2020/10/04 03:25:22 Q=5
2026-01-06 19:16:49,001 - INFO - [GINSLIB] processing : 2020/10/04 03:25:23 Q=5
2026-01-06 19:16:49,012 - INFO - [GINSLIB] processing : 2020/10/04 03:25:24 Q=5
2026-01-06 19:16:49,023 - INFO - [GINSLIB] processing : 2020/10/04 03:25:25 Q=5
2026-01-06 19:16:49,034 - INFO - [GINSLIB] processing : 2020/10/04 03:25:26 Q=5
2026-01-06 19:16:49,054 - INFO - [GINSLIB] processing : 2020/10/04 03:25:27 Q=5
2026-01-06 19:16:49,055 - INFO - [GINSLIB] processing : 2020/10/04 03:25:28 Q=5
2026-01-06 19:16:49,066 - INFO - [GINSLIB] processing : 2020/10/04 03:25:29 Q=5
2026-01-06 19:16:49,077 - INFO - [GINSLIB] processing : 2020/10/04 03:25:30 Q=5
2026-01-06 19:16:49,089 - INFO - [GINSLIB] processing : 2020/10/04 03:25:31 Q=5
2026-01-06 19:16:49,107 - INFO - [GINSLIB] processing : 2020/10/04 03:25:32 Q=5
2026-01-06 19:16:49,108 - INFO - [GINSLIB] processing : 2020/10/04 03:25:33 Q=5
2026-01-06 19:16:49,119 - INFO - [GINSLIB] processing : 2020/10/04 03:25:34 Q=5
2026-01-06 19:16:49,131 - INFO - [GINSLIB] processing : 2020/10/04 03:25:35 Q=5
2026-01-06 19:16:49,141 - INFO - [GINSLIB] processing : 2020/10/04 03:25:36 Q=5
2026-01-06 19:16:49,152 - INFO - [GINSLIB] processing : 2020/10/04 03:25:37 Q=5
2026-01-06 19:16:49,162 - INFO - [GINSLIB] processing : 2020/10/04 03:25:38 Q=5
2026-01-06 19:16:49,174 - INFO - [GINSLIB] processing : 2020/10/04 03:25:39 Q=5
2026-01-06 19:16:49,184 - INFO - [GINSLIB] processing : 2020/10/04 03:25:40 Q=5
2026-01-06 19:16:49,196 - INFO - [GINSLIB] processing : 2020/10/04 03:25:41 Q=5
2026-01-06 19:16:49,207 - INFO - [GINSLIB] processing : 2020/10/04 03:25:42 Q=5
2026-01-06 19:16:49,217 - INFO - [GINSLIB] processing : 2020/10/04 03:25:43 Q=5
2026-01-06 19:16:49,228 - INFO - [GINSLIB] processing : 2020/10/04 03:25:44 Q=5
2026-01-06 19:16:49,239 - INFO - [GINSLIB] processing : 2020/10/04 03:25:45 Q=5
2026-01-06 19:16:49,249 - INFO - [GINSLIB] processing : 2020/10/04 03:25:46 Q=5
2026-01-06 19:16:49,261 - INFO - [GINSLIB] processing : 2020/10/04 03:25:47 Q=5
2026-01-06 19:16:49,270 - INFO - [GINSLIB] processing : 2020/10/04 03:25:48 Q=5
2026-01-06 19:16:49,280 - INFO - [GINSLIB] processing : 2020/10/04 03:25:49 Q=5
2026-01-06 19:16:49,291 - INFO - [GINSLIB] processing : 2020/10/04 03:25:50 Q=5
2026-01-06 19:16:49,303 - INFO - [GINSLIB] processing : 2020/10/04 03:25:51 Q=5
2026-01-06 19:16:49,313 - INFO - [GINSLIB] processing : 2020/10/04 03:25:52 Q=5
2026-01-06 19:16:49,334 - INFO - [GINSLIB] processing : 2020/10/04 03:25:53 Q=5
2026-01-06 19:16:49,336 - INFO - [GINSLIB] processing : 2020/10/04 03:25:54 Q=5
2026-01-06 19:16:49,347 - INFO - [GINSLIB] processing : 2020/10/04 03:25:55 Q=5
2026-01-06 19:16:49,359 - INFO - [GINSLIB] processing : 2020/10/04 03:25:56 Q=5
2026-01-06 19:16:49,370 - INFO - [GINSLIB] processing : 2020/10/04 03:25:57 Q=5
2026-01-06 19:16:49,389 - INFO - [GINSLIB] processing : 2020/10/04 03:25:58 Q=5
2026-01-06 19:16:49,391 - INFO - [GINSLIB] processing : 2020/10/04 03:25:59 Q=5
2026-01-06 19:16:49,401 - INFO - [GINSLIB] processing : 2020/10/04 03:26:00 Q=5
2026-01-06 19:16:49,411 - INFO - [GINSLIB] processing : 2020/10/04 03:26:01 Q=5
2026-01-06 19:16:49,422 - INFO - [GINSLIB] processing : 2020/10/04 03:26:02 Q=5
2026-01-06 19:16:49,432 - INFO - [GINSLIB] processing : 2020/10/04 03:26:03 Q=5
2026-01-06 19:16:49,441 - INFO - [GINSLIB] processing : 2020/10/04 03:26:04 Q=5
2026-01-06 19:16:49,451 - INFO - [GINSLIB] processing : 2020/10/04 03:26:05 Q=5
2026-01-06 19:16:49,462 - INFO - [GINSLIB] processing : 2020/10/04 03:26:06 Q=5
2026-01-06 19:16:49,473 - INFO - [GINSLIB] processing : 2020/10/04 03:26:07 Q=5
2026-01-06 19:16:49,484 - INFO - [GINSLIB] processing : 2020/10/04 03:26:08 Q=5
2026-01-06 19:16:49,494 - INFO - [GINSLIB] processing : 2020/10/04 03:26:09 Q=5
2026-01-06 19:16:49,505 - INFO - [GINSLIB] processing : 2020/10/04 03:26:10 Q=5
2026-01-06 19:16:49,514 - INFO - [GINSLIB] processing : 2020/10/04 03:26:11 Q=5
2026-01-06 19:16:49,526 - INFO - [GINSLIB] processing : 2020/10/04 03:26:12 Q=5
2026-01-06 19:16:49,537 - INFO - [GINSLIB] processing : 2020/10/04 03:26:13 Q=5
2026-01-06 19:16:49,547 - INFO - [GINSLIB] processing : 2020/10/04 03:26:14 Q=5
2026-01-06 19:16:49,558 - INFO - [GINSLIB] processing : 2020/10/04 03:26:15 Q=5
2026-01-06 19:16:49,570 - INFO - [GINSLIB] processing : 2020/10/04 03:26:16 Q=5
2026-01-06 19:16:49,580 - INFO - [GINSLIB] processing : 2020/10/04 03:26:17 Q=5
2026-01-06 19:16:49,591 - INFO - [GINSLIB] processing : 2020/10/04 03:26:18 Q=5
2026-01-06 19:16:49,611 - INFO - [GINSLIB] processing : 2020/10/04 03:26:19 Q=5
2026-01-06 19:16:49,612 - INFO - [GINSLIB] processing : 2020/10/04 03:26:20 Q=5
2026-01-06 19:16:49,623 - INFO - [GINSLIB] processing : 2020/10/04 03:26:21 Q=5
2026-01-06 19:16:49,633 - INFO - [GINSLIB] processing : 2020/10/04 03:26:22 Q=5
2026-01-06 19:16:49,644 - INFO - [GINSLIB] processing : 2020/10/04 03:26:23 Q=5
2026-01-06 19:16:49,661 - INFO - [GINSLIB] processing : 2020/10/04 03:26:24 Q=5
2026-01-06 19:16:49,662 - INFO - [GINSLIB] processing : 2020/10/04 03:26:25 Q=5
2026-01-06 19:16:49,673 - INFO - [GINSLIB] processing : 2020/10/04 03:26:26 Q=5
2026-01-06 19:16:49,684 - INFO - [GINSLIB] processing : 2020/10/04 03:26:27 Q=5
2026-01-06 19:16:49,693 - INFO - [GINSLIB] processing : 2020/10/04 03:26:28 Q=5
2026-01-06 19:16:49,713 - INFO - [GINSLIB] processing : 2020/10/04 03:26:29 Q=5
2026-01-06 19:16:49,714 - INFO - [GINSLIB] processing : 2020/10/04 03:26:30 Q=5
2026-01-06 19:16:49,724 - INFO - [GINSLIB] processing : 2020/10/04 03:26:31 Q=5
2026-01-06 19:16:49,736 - INFO - [GINSLIB] processing : 2020/10/04 03:26:32 Q=5
2026-01-06 19:16:49,747 - INFO - [GINSLIB] processing : 2020/10/04 03:26:33 Q=5
2026-01-06 19:16:49,757 - INFO - [GINSLIB] processing : 2020/10/04 03:26:34 Q=5
2026-01-06 19:16:49,767 - INFO - [GINSLIB] processing : 2020/10/04 03:26:35 Q=5
2026-01-06 19:16:49,778 - INFO - [GINSLIB] processing : 2020/10/04 03:26:36 Q=5
2026-01-06 19:16:49,788 - INFO - [GINSLIB] processing : 2020/10/04 03:26:37 Q=5
2026-01-06 19:16:49,800 - INFO - [GINSLIB] processing : 2020/10/04 03:26:38 Q=5
2026-01-06 19:16:49,810 - INFO - [GINSLIB] processing : 2020/10/04 03:26:39 Q=5
2026-01-06 19:16:49,819 - INFO - [GINSLIB] processing : 2020/10/04 03:26:40 Q=5
2026-01-06 19:16:49,830 - INFO - [GINSLIB] processing : 2020/10/04 03:26:41 Q=5
2026-01-06 19:16:49,841 - INFO - [GINSLIB] processing : 2020/10/04 03:26:42 Q=5
2026-01-06 19:16:49,851 - INFO - [GINSLIB] processing : 2020/10/04 03:26:43 Q=5
2026-01-06 19:16:49,862 - INFO - [GINSLIB] processing : 2020/10/04 03:26:44 Q=5
2026-01-06 19:16:49,872 - INFO - [GINSLIB] processing : 2020/10/04 03:26:45 Q=5
2026-01-06 19:16:49,882 - INFO - [GINSLIB] processing : 2020/10/04 03:26:46 Q=5
2026-01-06 19:16:49,893 - INFO - [GINSLIB] processing : 2020/10/04 03:26:47 Q=5
2026-01-06 19:16:49,904 - INFO - [GINSLIB] processing : 2020/10/04 03:26:48 Q=5
2026-01-06 19:16:49,913 - INFO - [GINSLIB] processing : 2020/10/04 03:26:49 Q=5
2026-01-06 19:16:49,933 - INFO - [GINSLIB] processing : 2020/10/04 03:26:50 Q=5
2026-01-06 19:16:49,934 - INFO - [GINSLIB] processing : 2020/10/04 03:26:51 Q=5
2026-01-06 19:16:49,944 - INFO - [GINSLIB] processing : 2020/10/04 03:26:52 Q=5
2026-01-06 19:16:49,956 - INFO - [GINSLIB] processing : 2020/10/04 03:26:53 Q=5
2026-01-06 19:16:49,966 - INFO - [GINSLIB] processing : 2020/10/04 03:26:54 Q=5
2026-01-06 19:16:49,985 - INFO - [GINSLIB] processing : 2020/10/04 03:26:55 Q=5
2026-01-06 19:16:49,987 - INFO - [GINSLIB] processing : 2020/10/04 03:26:56 Q=5
2026-01-06 19:16:49,996 - INFO - [GINSLIB] processing : 2020/10/04 03:26:57 Q=5
2026-01-06 19:16:50,006 - INFO - [GINSLIB] processing : 2020/10/04 03:26:58 Q=5
2026-01-06 19:16:50,018 - INFO - [GINSLIB] processing : 2020/10/04 03:26:59 Q=5
2026-01-06 19:16:50,036 - INFO - [GINSLIB] processing : 2020/10/04 03:27:00 Q=5
2026-01-06 19:16:50,037 - INFO - [GINSLIB] processing : 2020/10/04 03:27:01 Q=5
2026-01-06 19:16:50,049 - INFO - [GINSLIB] processing : 2020/10/04 03:27:02 Q=5
2026-01-06 19:16:50,059 - INFO - [GINSLIB] processing : 2020/10/04 03:27:03 Q=5
2026-01-06 19:16:50,069 - INFO - [GINSLIB] processing : 2020/10/04 03:27:04 Q=5
2026-01-06 19:16:50,081 - INFO - [GINSLIB] processing : 2020/10/04 03:27:05 Q=5
2026-01-06 19:16:50,089 - INFO - [GINSLIB] processing : 2020/10/04 03:27:06 Q=5
2026-01-06 19:16:50,099 - INFO - [GINSLIB] processing : 2020/10/04 03:27:07 Q=5
2026-01-06 19:16:50,111 - INFO - [GINSLIB] processing : 2020/10/04 03:27:08 Q=5
2026-01-06 19:16:50,121 - INFO - [GINSLIB] processing : 2020/10/04 03:27:09 Q=5
2026-01-06 19:16:50,130 - INFO - [GINSLIB] processing : 2020/10/04 03:27:10 Q=5
2026-01-06 19:16:50,141 - INFO - [GINSLIB] processing : 2020/10/04 03:27:11 Q=5
2026-01-06 19:16:50,152 - INFO - [GINSLIB] processing : 2020/10/04 03:27:12 Q=5
2026-01-06 19:16:50,163 - INFO - [GINSLIB] processing : 2020/10/04 03:27:13 Q=5
2026-01-06 19:16:50,173 - INFO - [GINSLIB] processing : 2020/10/04 03:27:14 Q=5
2026-01-06 19:16:50,184 - INFO - [GINSLIB] processing : 2020/10/04 03:27:15 Q=5
2026-01-06 19:16:50,194 - INFO - [GINSLIB] processing : 2020/10/04 03:27:16 Q=5
2026-01-06 19:16:50,206 - INFO - [GINSLIB] processing : 2020/10/04 03:27:17 Q=5
2026-01-06 19:16:50,216 - INFO - [GINSLIB] processing : 2020/10/04 03:27:18 Q=5
2026-01-06 19:16:50,226 - INFO - [GINSLIB] processing : 2020/10/04 03:27:19 Q=5
2026-01-06 19:16:50,237 - INFO - [GINSLIB] processing : 2020/10/04 03:27:20 Q=5
2026-01-06 19:16:50,255 - INFO - [GINSLIB] processing : 2020/10/04 03:27:21 Q=5
2026-01-06 19:16:50,257 - INFO - [GINSLIB] processing : 2020/10/04 03:27:22 Q=5
2026-01-06 19:16:50,268 - INFO - [GINSLIB] processing : 2020/10/04 03:27:23 Q=5
2026-01-06 19:16:50,279 - INFO - [GINSLIB] processing : 2020/10/04 03:27:24 Q=5
2026-01-06 19:16:50,290 - INFO - [GINSLIB] processing : 2020/10/04 03:27:25 Q=5
2026-01-06 19:16:50,309 - INFO - [GINSLIB] processing : 2020/10/04 03:27:26 Q=5
2026-01-06 19:16:50,310 - INFO - [GINSLIB] processing : 2020/10/04 03:27:27 Q=5
2026-01-06 19:16:50,321 - INFO - [GINSLIB] processing : 2020/10/04 03:27:28 Q=5
2026-01-06 19:16:50,332 - INFO - [GINSLIB] processing : 2020/10/04 03:27:29 Q=5
2026-01-06 19:16:50,343 - INFO - [GINSLIB] processing : 2020/10/04 03:27:30 Q=5
2026-01-06 19:16:50,362 - INFO - [GINSLIB] processing : 2020/10/04 03:27:31 Q=5
2026-01-06 19:16:50,363 - INFO - [GINSLIB] processing : 2020/10/04 03:27:32 Q=5
2026-01-06 19:16:50,375 - INFO - [GINSLIB] processing : 2020/10/04 03:27:33 Q=5
2026-01-06 19:16:50,386 - INFO - [GINSLIB] processing : 2020/10/04 03:27:34 Q=5
2026-01-06 19:16:50,396 - INFO - [GINSLIB] processing : 2020/10/04 03:27:35 Q=5
2026-01-06 19:16:50,408 - INFO - [GINSLIB] processing : 2020/10/04 03:27:36 Q=5
2026-01-06 19:16:50,419 - INFO - [GINSLIB] processing : 2020/10/04 03:27:37 Q=5
2026-01-06 19:16:50,431 - INFO - [GINSLIB] processing : 2020/10/04 03:27:38 Q=5
2026-01-06 19:16:50,442 - INFO - [GINSLIB] processing : 2020/10/04 03:27:39 Q=5
2026-01-06 19:16:50,452 - INFO - [GINSLIB] processing : 2020/10/04 03:27:40 Q=5
2026-01-06 19:16:50,463 - INFO - [GINSLIB] processing : 2020/10/04 03:27:41 Q=5
2026-01-06 19:16:50,472 - INFO - [GINSLIB] processing : 2020/10/04 03:27:42 Q=5
2026-01-06 19:16:50,483 - INFO - [GINSLIB] processing : 2020/10/04 03:27:43 Q=5
2026-01-06 19:16:50,495 - INFO - [GINSLIB] processing : 2020/10/04 03:27:44 Q=5
2026-01-06 19:16:50,505 - INFO - [GINSLIB] processing : 2020/10/04 03:27:45 Q=5
2026-01-06 19:16:50,516 - INFO - [GINSLIB] processing : 2020/10/04 03:27:46 Q=5
2026-01-06 19:16:50,526 - INFO - [GINSLIB] processing : 2020/10/04 03:27:47 Q=5
2026-01-06 19:16:50,537 - INFO - [GINSLIB] processing : 2020/10/04 03:27:48 Q=5
2026-01-06 19:16:50,548 - INFO - [GINSLIB] processing : 2020/10/04 03:27:49 Q=5
2026-01-06 19:16:50,559 - INFO - [GINSLIB] processing : 2020/10/04 03:27:50 Q=5
2026-01-06 19:16:50,570 - INFO - [GINSLIB] processing : 2020/10/04 03:27:51 Q=5
2026-01-06 19:16:50,589 - INFO - [GINSLIB] processing : 2020/10/04 03:27:52 Q=5
2026-01-06 19:16:50,590 - INFO - [GINSLIB] processing : 2020/10/04 03:27:53 Q=5
2026-01-06 19:16:50,602 - INFO - [GINSLIB] processing : 2020/10/04 03:27:54 Q=5
2026-01-06 19:16:50,612 - INFO - [GINSLIB] processing : 2020/10/04 03:27:55 Q=5
2026-01-06 19:16:50,623 - INFO - [GINSLIB] processing : 2020/10/04 03:27:56 Q=5
2026-01-06 19:16:50,643 - INFO - [GINSLIB] processing : 2020/10/04 03:27:57 Q=5
2026-01-06 19:16:50,644 - INFO - [GINSLIB] processing : 2020/10/04 03:27:58 Q=5
2026-01-06 19:16:50,655 - INFO - [GINSLIB] processing : 2020/10/04 03:27:59 Q=5
2026-01-06 19:16:50,667 - INFO - [GINSLIB] processing : 2020/10/04 03:28:00 Q=5
2026-01-06 19:16:50,678 - INFO - [GINSLIB] processing : 2020/10/04 03:28:01 Q=5
2026-01-06 19:16:50,696 - INFO - [GINSLIB] processing : 2020/10/04 03:28:02 Q=5
2026-01-06 19:16:50,697 - INFO - [GINSLIB] processing : 2020/10/04 03:28:03 Q=5
2026-01-06 19:16:50,709 - INFO - [GINSLIB] processing : 2020/10/04 03:28:04 Q=5
2026-01-06 19:16:50,719 - INFO - [GINSLIB] processing : 2020/10/04 03:28:05 Q=5
2026-01-06 19:16:50,730 - INFO - [GINSLIB] processing : 2020/10/04 03:28:06 Q=5
2026-01-06 19:16:50,742 - INFO - [GINSLIB] processing : 2020/10/04 03:28:07 Q=5
2026-01-06 19:16:50,752 - INFO - [GINSLIB] processing : 2020/10/04 03:28:08 Q=5
2026-01-06 19:16:50,763 - INFO - [GINSLIB] processing : 2020/10/04 03:28:09 Q=5
2026-01-06 19:16:50,774 - INFO - [GINSLIB] processing : 2020/10/04 03:28:10 Q=5
2026-01-06 19:16:50,786 - INFO - [GINSLIB] processing : 2020/10/04 03:28:11 Q=5
2026-01-06 19:16:50,796 - INFO - [GINSLIB] processing : 2020/10/04 03:28:12 Q=5
2026-01-06 19:16:50,806 - INFO - [GINSLIB] processing : 2020/10/04 03:28:13 Q=5
2026-01-06 19:16:50,817 - INFO - [GINSLIB] processing : 2020/10/04 03:28:14 Q=5
2026-01-06 19:16:50,828 - INFO - [GINSLIB] processing : 2020/10/04 03:28:15 Q=5
2026-01-06 19:16:50,840 - INFO - [GINSLIB] processing : 2020/10/04 03:28:16 Q=5
2026-01-06 19:16:50,852 - INFO - [GINSLIB] processing : 2020/10/04 03:28:17 Q=5
2026-01-06 19:16:50,861 - INFO - [GINSLIB] processing : 2020/10/04 03:28:18 Q=5
2026-01-06 19:16:50,872 - INFO - [GINSLIB] processing : 2020/10/04 03:28:19 Q=5
2026-01-06 19:16:50,884 - INFO - [GINSLIB] processing : 2020/10/04 03:28:20 Q=5
2026-01-06 19:16:50,895 - INFO - [GINSLIB] processing : 2020/10/04 03:28:21 Q=5
2026-01-06 19:16:50,906 - INFO - [GINSLIB] processing : 2020/10/04 03:28:22 Q=5
2026-01-06 19:16:50,925 - INFO - [GINSLIB] processing : 2020/10/04 03:28:23 Q=5
2026-01-06 19:16:50,926 - INFO - [GINSLIB] processing : 2020/10/04 03:28:24 Q=5
2026-01-06 19:16:50,937 - INFO - [GINSLIB] processing : 2020/10/04 03:28:25 Q=5
2026-01-06 19:16:50,949 - INFO - [GINSLIB] processing : 2020/10/04 03:28:26 Q=5
2026-01-06 19:16:50,961 - INFO - [GINSLIB] processing : 2020/10/04 03:28:27 Q=5
2026-01-06 19:16:50,979 - INFO - [GINSLIB] processing : 2020/10/04 03:28:28 Q=5
2026-01-06 19:16:50,981 - INFO - [GINSLIB] processing : 2020/10/04 03:28:29 Q=5
2026-01-06 19:16:50,992 - INFO - [GINSLIB] processing : 2020/10/04 03:28:30 Q=5
2026-01-06 19:16:51,004 - INFO - [GINSLIB] processing : 2020/10/04 03:28:31 Q=5
2026-01-06 19:16:51,015 - INFO - [GINSLIB] processing : 2020/10/04 03:28:32 Q=5
2026-01-06 19:16:51,036 - INFO - [GINSLIB] processing : 2020/10/04 03:28:33 Q=5
2026-01-06 19:16:51,037 - INFO - [GINSLIB] processing : 2020/10/04 03:28:34 Q=5
2026-01-06 19:16:51,047 - INFO - [GINSLIB] processing : 2020/10/04 03:28:35 Q=5
2026-01-06 19:16:51,058 - INFO - [GINSLIB] processing : 2020/10/04 03:28:36 Q=5
2026-01-06 19:16:51,070 - INFO - [GINSLIB] processing : 2020/10/04 03:28:37 Q=5
2026-01-06 19:16:51,081 - INFO - [GINSLIB] processing : 2020/10/04 03:28:38 Q=5
2026-01-06 19:16:51,091 - INFO - [GINSLIB] processing : 2020/10/04 03:28:39 Q=5
2026-01-06 19:16:51,103 - INFO - [GINSLIB] processing : 2020/10/04 03:28:40 Q=5
2026-01-06 19:16:51,114 - INFO - [GINSLIB] processing : 2020/10/04 03:28:41 Q=5
2026-01-06 19:16:51,123 - INFO - [GINSLIB] processing : 2020/10/04 03:28:42 Q=5
2026-01-06 19:16:51,134 - INFO - [GINSLIB] processing : 2020/10/04 03:28:43 Q=5
2026-01-06 19:16:51,144 - INFO - [GINSLIB] processing : 2020/10/04 03:28:44 Q=5
2026-01-06 19:16:51,155 - INFO - [GINSLIB] processing : 2020/10/04 03:28:45 Q=5
2026-01-06 19:16:51,166 - INFO - [GINSLIB] processing : 2020/10/04 03:28:46 Q=5
2026-01-06 19:16:51,178 - INFO - [GINSLIB] processing : 2020/10/04 03:28:47 Q=5
2026-01-06 19:16:51,189 - INFO - [GINSLIB] processing : 2020/10/04 03:28:48 Q=5
2026-01-06 19:16:51,208 - INFO - [GINSLIB] processing : 2020/10/04 03:28:49 Q=5
2026-01-06 19:16:51,210 - INFO - [GINSLIB] processing : 2020/10/04 03:28:50 Q=5
2026-01-06 19:16:51,223 - INFO - [GINSLIB] processing : 2020/10/04 03:28:51 Q=5
2026-01-06 19:16:51,233 - INFO - [GINSLIB] processing : 2020/10/04 03:28:52 Q=5
2026-01-06 19:16:51,243 - INFO - [GINSLIB] processing : 2020/10/04 03:28:53 Q=5
2026-01-06 19:16:51,263 - INFO - [GINSLIB] processing : 2020/10/04 03:28:54 Q=5
2026-01-06 19:16:51,264 - INFO - [GINSLIB] processing : 2020/10/04 03:28:55 Q=5
2026-01-06 19:16:51,274 - INFO - [GINSLIB] processing : 2020/10/04 03:28:56 Q=5
2026-01-06 19:16:51,285 - INFO - [GINSLIB] processing : 2020/10/04 03:28:57 Q=5
2026-01-06 19:16:51,295 - INFO - [GINSLIB] processing : 2020/10/04 03:28:58 Q=5
2026-01-06 19:16:51,313 - INFO - [GINSLIB] processing : 2020/10/04 03:28:59 Q=5
2026-01-06 19:16:51,315 - INFO - [GINSLIB] processing : 2020/10/04 03:29:00 Q=5
2026-01-06 19:16:51,326 - INFO - [GINSLIB] processing : 2020/10/04 03:29:01 Q=5
2026-01-06 19:16:51,336 - INFO - [GINSLIB] processing : 2020/10/04 03:29:02 Q=5
2026-01-06 19:16:51,348 - INFO - [GINSLIB] processing : 2020/10/04 03:29:03 Q=5
2026-01-06 19:16:51,358 - INFO - [GINSLIB] processing : 2020/10/04 03:29:04 Q=5
2026-01-06 19:16:51,367 - INFO - [GINSLIB] processing : 2020/10/04 03:29:05 Q=5
2026-01-06 19:16:51,378 - INFO - [GINSLIB] processing : 2020/10/04 03:29:06 Q=5
2026-01-06 19:16:51,389 - INFO - [GINSLIB] processing : 2020/10/04 03:29:07 Q=5
2026-01-06 19:16:51,398 - INFO - [GINSLIB] processing : 2020/10/04 03:29:08 Q=5
2026-01-06 19:16:51,410 - INFO - [GINSLIB] processing : 2020/10/04 03:29:09 Q=5
2026-01-06 19:16:51,419 - INFO - [GINSLIB] processing : 2020/10/04 03:29:10 Q=5
2026-01-06 19:16:51,429 - INFO - [GINSLIB] processing : 2020/10/04 03:29:11 Q=5
2026-01-06 19:16:51,440 - INFO - [GINSLIB] processing : 2020/10/04 03:29:12 Q=5
2026-01-06 19:16:51,450 - INFO - [GINSLIB] processing : 2020/10/04 03:29:13 Q=5
2026-01-06 19:16:51,460 - INFO - [GINSLIB] processing : 2020/10/04 03:29:14 Q=5
2026-01-06 19:16:51,471 - INFO - [GINSLIB] processing : 2020/10/04 03:29:15 Q=5
2026-01-06 19:16:51,482 - INFO - [GINSLIB] processing : 2020/10/04 03:29:16 Q=5
2026-01-06 19:16:51,492 - INFO - [GINSLIB] processing : 2020/10/04 03:29:17 Q=5
2026-01-06 19:16:51,504 - INFO - [GINSLIB] processing : 2020/10/04 03:29:18 Q=5
2026-01-06 19:16:51,514 - INFO - [GINSLIB] processing : 2020/10/04 03:29:19 Q=5
2026-01-06 19:16:51,532 - INFO - [GINSLIB] processing : 2020/10/04 03:29:20 Q=5
2026-01-06 19:16:51,534 - INFO - [GINSLIB] processing : 2020/10/04 03:29:21 Q=5
2026-01-06 19:16:51,544 - INFO - [GINSLIB] processing : 2020/10/04 03:29:22 Q=5
2026-01-06 19:16:51,554 - INFO - [GINSLIB] processing : 2020/10/04 03:29:23 Q=5
2026-01-06 19:16:51,565 - INFO - [GINSLIB] processing : 2020/10/04 03:29:24 Q=5
2026-01-06 19:16:51,584 - INFO - [GINSLIB] processing : 2020/10/04 03:29:25 Q=5
2026-01-06 19:16:51,585 - INFO - [GINSLIB] processing : 2020/10/04 03:29:26 Q=5
2026-01-06 19:16:51,596 - INFO - [GINSLIB] processing : 2020/10/04 03:29:27 Q=5
2026-01-06 19:16:51,606 - INFO - [GINSLIB] processing : 2020/10/04 03:29:28 Q=5
2026-01-06 19:16:51,616 - INFO - [GINSLIB] processing : 2020/10/04 03:29:29 Q=5
2026-01-06 19:16:51,636 - INFO - [GINSLIB] processing : 2020/10/04 03:29:30 Q=5
2026-01-06 19:16:51,637 - INFO - [GINSLIB] processing : 2020/10/04 03:29:31 Q=5
2026-01-06 19:16:51,647 - INFO - [GINSLIB] processing : 2020/10/04 03:29:32 Q=5
2026-01-06 19:16:51,658 - INFO - [GINSLIB] processing : 2020/10/04 03:29:33 Q=5
2026-01-06 19:16:51,668 - INFO - [GINSLIB] processing : 2020/10/04 03:29:34 Q=5
2026-01-06 19:16:51,678 - INFO - [GINSLIB] processing : 2020/10/04 03:29:35 Q=5
2026-01-06 19:16:51,688 - INFO - [GINSLIB] processing : 2020/10/04 03:29:36 Q=5
2026-01-06 19:16:51,699 - INFO - [GINSLIB] processing : 2020/10/04 03:29:37 Q=5
2026-01-06 19:16:51,709 - INFO - [GINSLIB] processing : 2020/10/04 03:29:38 Q=5
2026-01-06 19:16:51,720 - INFO - [GINSLIB] processing : 2020/10/04 03:29:39 Q=5
2026-01-06 19:16:51,730 - INFO - [GINSLIB] processing : 2020/10/04 03:29:40 Q=5
2026-01-06 19:16:51,738 - INFO - [GINSLIB] processing : 2020/10/04 03:29:41 Q=5
2026-01-06 19:16:51,750 - INFO - [GINSLIB] processing : 2020/10/04 03:29:42 Q=5
2026-01-06 19:16:51,760 - INFO - [GINSLIB] processing : 2020/10/04 03:29:43 Q=5
2026-01-06 19:16:51,770 - INFO - [GINSLIB] processing : 2020/10/04 03:29:44 Q=5
2026-01-06 19:16:51,783 - INFO - [GINSLIB] processing : 2020/10/04 03:29:45 Q=5
2026-01-06 19:16:51,792 - INFO - [GINSLIB] processing : 2020/10/04 03:29:46 Q=5
2026-01-06 19:16:51,802 - INFO - [GINSLIB] processing : 2020/10/04 03:29:47 Q=5
2026-01-06 19:16:51,813 - INFO - [GINSLIB] processing : 2020/10/04 03:29:48 Q=5
2026-01-06 19:16:51,823 - INFO - [GINSLIB] processing : 2020/10/04 03:29:49 Q=5
2026-01-06 19:16:51,832 - INFO - [GINSLIB] processing : 2020/10/04 03:29:50 Q=5
2026-01-06 19:16:51,851 - INFO - [GINSLIB] processing : 2020/10/04 03:29:51 Q=5
2026-01-06 19:16:51,852 - INFO - [GINSLIB] processing : 2020/10/04 03:29:52 Q=5
2026-01-06 19:16:51,861 - INFO - [GINSLIB] processing : 2020/10/04 03:29:53 Q=5
2026-01-06 19:16:51,871 - INFO - [GINSLIB] processing : 2020/10/04 03:29:54 Q=5
2026-01-06 19:16:51,881 - INFO - [GINSLIB] processing : 2020/10/04 03:29:55 Q=5
2026-01-06 19:16:51,899 - INFO - [GINSLIB] processing : 2020/10/04 03:29:56 Q=5
2026-01-06 19:16:51,900 - INFO - [GINSLIB] processing : 2020/10/04 03:29:57 Q=5
2026-01-06 19:16:51,911 - INFO - [GINSLIB] processing : 2020/10/04 03:29:58 Q=5
2026-01-06 19:16:51,921 - INFO - [GINSLIB] processing : 2020/10/04 03:29:59 Q=5
2026-01-06 19:16:51,931 - INFO - [GINSLIB] processing : 2020/10/04 03:30:00 Q=5
2026-01-06 19:16:51,951 - INFO - [GINSLIB] processing : 2020/10/04 03:30:01 Q=5
2026-01-06 19:16:51,953 - INFO - [GINSLIB] processing : 2020/10/04 03:30:02 Q=5
2026-01-06 19:16:51,963 - INFO - [GINSLIB] processing : 2020/10/04 03:30:03 Q=5
2026-01-06 19:16:51,975 - INFO - [GINSLIB] processing : 2020/10/04 03:30:04 Q=5
2026-01-06 19:16:51,984 - INFO - [GINSLIB] processing : 2020/10/04 03:30:05 Q=5
2026-01-06 19:16:51,994 - INFO - [GINSLIB] processing : 2020/10/04 03:30:06 Q=5
2026-01-06 19:16:52,004 - INFO - [GINSLIB] processing : 2020/10/04 03:30:07 Q=5
2026-01-06 19:16:52,014 - INFO - [GINSLIB] processing : 2020/10/04 03:30:08 Q=5
2026-01-06 19:16:52,023 - INFO - [GINSLIB] processing : 2020/10/04 03:30:09 Q=5
2026-01-06 19:16:52,034 - INFO - [GINSLIB] processing : 2020/10/04 03:30:10 Q=5
2026-01-06 19:16:52,044 - INFO - [GINSLIB] processing : 2020/10/04 03:30:11 Q=5
2026-01-06 19:16:52,053 - INFO - [GINSLIB] processing : 2020/10/04 03:30:12 Q=5
2026-01-06 19:16:52,064 - INFO - [GINSLIB] processing : 2020/10/04 03:30:13 Q=5
2026-01-06 19:16:52,075 - INFO - [GINSLIB] processing : 2020/10/04 03:30:14 Q=5
2026-01-06 19:16:52,087 - INFO - [GINSLIB] processing : 2020/10/04 03:30:15 Q=5
2026-01-06 19:16:52,098 - INFO - [GINSLIB] processing : 2020/10/04 03:30:16 Q=5
2026-01-06 19:16:52,108 - INFO - [GINSLIB] processing : 2020/10/04 03:30:17 Q=5
2026-01-06 19:16:52,119 - INFO - [GINSLIB] processing : 2020/10/04 03:30:18 Q=5
2026-01-06 19:16:52,130 - INFO - [GINSLIB] processing : 2020/10/04 03:30:19 Q=5
2026-01-06 19:16:52,141 - INFO - [GINSLIB] processing : 2020/10/04 03:30:20 Q=5
2026-01-06 19:16:52,155 - INFO - [GINSLIB] processing : 2020/10/04 03:30:21 Q=5
2026-01-06 19:16:52,174 - INFO - [GINSLIB] processing : 2020/10/04 03:30:22 Q=5
2026-01-06 19:16:52,175 - INFO - [GINSLIB] processing : 2020/10/04 03:30:23 Q=5
2026-01-06 19:16:52,189 - INFO - [GINSLIB] processing : 2020/10/04 03:30:24 Q=5
2026-01-06 19:16:52,201 - INFO - [GINSLIB] processing : 2020/10/04 03:30:25 Q=5
2026-01-06 19:16:52,212 - INFO - [GINSLIB] processing : 2020/10/04 03:30:26 Q=5
2026-01-06 19:16:52,233 - INFO - [GINSLIB] processing : 2020/10/04 03:30:27 Q=5
2026-01-06 19:16:52,234 - INFO - [GINSLIB] processing : 2020/10/04 03:30:28 Q=5
2026-01-06 19:16:52,246 - INFO - [GINSLIB] processing : 2020/10/04 03:30:29 Q=5
2026-01-06 19:16:52,258 - INFO - [GINSLIB] processing : 2020/10/04 03:30:30 Q=5
2026-01-06 19:16:52,271 - INFO - [GINSLIB] processing : 2020/10/04 03:30:31 Q=5
2026-01-06 19:16:52,293 - INFO - [GINSLIB] processing : 2020/10/04 03:30:32 Q=5
2026-01-06 19:16:52,294 - INFO - [GINSLIB] processing : 2020/10/04 03:30:33 Q=5
2026-01-06 19:16:52,306 - INFO - [GINSLIB] processing : 2020/10/04 03:30:34 Q=5
2026-01-06 19:16:52,317 - INFO - [GINSLIB] processing : 2020/10/04 03:30:35 Q=5
2026-01-06 19:16:52,328 - INFO - [GINSLIB] processing : 2020/10/04 03:30:36 Q=5
2026-01-06 19:16:52,339 - INFO - [GINSLIB] processing : 2020/10/04 03:30:37 Q=5
2026-01-06 19:16:52,347 - INFO - [GINSLIB] processing : 2020/10/04 03:30:38 Q=5
2026-01-06 19:16:52,359 - INFO - [GINSLIB] processing : 2020/10/04 03:30:39 Q=5
2026-01-06 19:16:52,369 - INFO - [GINSLIB] processing : 2020/10/04 03:30:40 Q=5
2026-01-06 19:16:52,380 - INFO - [GINSLIB] processing : 2020/10/04 03:30:41 Q=5
2026-01-06 19:16:52,390 - INFO - [GINSLIB] processing : 2020/10/04 03:30:42 Q=5
2026-01-06 19:16:52,399 - INFO - [GINSLIB] processing : 2020/10/04 03:30:43 Q=5
2026-01-06 19:16:52,409 - INFO - [GINSLIB] processing : 2020/10/04 03:30:44 Q=5
2026-01-06 19:16:52,421 - INFO - [GINSLIB] processing : 2020/10/04 03:30:45 Q=5
2026-01-06 19:16:52,432 - INFO - [GINSLIB] processing : 2020/10/04 03:30:46 Q=5
2026-01-06 19:16:52,443 - INFO - [GINSLIB] processing : 2020/10/04 03:30:47 Q=5
2026-01-06 19:16:52,454 - INFO - [GINSLIB] processing : 2020/10/04 03:30:47 Q=7
2026-01-06 19:16:52,454 - INFO - [GINSLIB] processing : 2020/10/04 03:30:48 Q=7
2026-01-06 19:16:52,465 - INFO - [GINSLIB] processing : 2020/10/04 03:30:49 Q=7
2026-01-06 19:16:52,476 - INFO - [GINSLIB] processing : 2020/10/04 03:30:49 Q=5
2026-01-06 19:16:52,477 - INFO - [GINSLIB] processing : 2020/10/04 03:30:50 Q=5
2026-01-06 19:16:52,488 - INFO - [GINSLIB] processing : 2020/10/04 03:30:51 Q=5
2026-01-06 19:16:52,500 - INFO - [GINSLIB] processing : 2020/10/04 03:30:52 Q=5
2026-01-06 19:16:52,518 - INFO - [GINSLIB] processing : 2020/10/04 03:30:53 Q=5
2026-01-06 19:16:52,520 - INFO - [GINSLIB] processing : 2020/10/04 03:30:54 Q=5
2026-01-06 19:16:52,530 - INFO - [GINSLIB] processing : 2020/10/04 03:30:55 Q=5
2026-01-06 19:16:52,541 - INFO - [GINSLIB] processing : 2020/10/04 03:30:56 Q=5
2026-01-06 19:16:52,552 - INFO - [GINSLIB] processing : 2020/10/04 03:30:57 Q=5
2026-01-06 19:16:52,571 - INFO - [GINSLIB] processing : 2020/10/04 03:30:58 Q=5
2026-01-06 19:16:52,573 - INFO - [GINSLIB] processing : 2020/10/04 03:30:59 Q=5
2026-01-06 19:16:52,584 - INFO - [GINSLIB] processing : 2020/10/04 03:31:00 Q=5
2026-01-06 19:16:52,593 - INFO - [GINSLIB] processing : 2020/10/04 03:31:01 Q=5
2026-01-06 19:16:52,607 - INFO - [GINSLIB] processing : 2020/10/04 03:31:02 Q=5
2026-01-06 19:16:52,626 - INFO - [GINSLIB] processing : 2020/10/04 03:31:03 Q=5
2026-01-06 19:16:52,628 - INFO - [GINSLIB] processing : 2020/10/04 03:31:04 Q=5
2026-01-06 19:16:52,640 - INFO - [GINSLIB] processing : 2020/10/04 03:31:05 Q=5
2026-01-06 19:16:52,651 - INFO - [GINSLIB] processing : 2020/10/04 03:31:06 Q=5
2026-01-06 19:16:52,663 - INFO - [GINSLIB] processing : 2020/10/04 03:31:07 Q=5
2026-01-06 19:16:52,673 - INFO - [GINSLIB] processing : 2020/10/04 03:31:08 Q=5
2026-01-06 19:16:52,684 - INFO - [GINSLIB] processing : 2020/10/04 03:31:09 Q=5
2026-01-06 19:16:52,695 - INFO - [GINSLIB] processing : 2020/10/04 03:31:10 Q=5
2026-01-06 19:16:52,706 - INFO - [GINSLIB] processing : 2020/10/04 03:31:11 Q=5
2026-01-06 19:16:52,717 - INFO - [GINSLIB] processing : 2020/10/04 03:31:12 Q=5
2026-01-06 19:16:52,729 - INFO - [GINSLIB] processing : 2020/10/04 03:31:13 Q=5
2026-01-06 19:16:52,739 - INFO - [GINSLIB] processing : 2020/10/04 03:31:14 Q=5
2026-01-06 19:16:52,750 - INFO - [GINSLIB] processing : 2020/10/04 03:31:15 Q=5
2026-01-06 19:16:52,762 - INFO - [GINSLIB] processing : 2020/10/04 03:31:16 Q=5
2026-01-06 19:16:52,774 - INFO - [GINSLIB] processing : 2020/10/04 03:31:17 Q=5
2026-01-06 19:16:52,786 - INFO - [GINSLIB] processing : 2020/10/04 03:31:18 Q=5
2026-01-06 19:16:52,796 - INFO - [GINSLIB] processing : 2020/10/04 03:31:19 Q=5
2026-01-06 19:16:52,807 - INFO - [GINSLIB] processing : 2020/10/04 03:31:20 Q=5
2026-01-06 19:16:52,819 - INFO - [GINSLIB] processing : 2020/10/04 03:31:21 Q=5
2026-01-06 19:16:52,829 - INFO - [GINSLIB] processing : 2020/10/04 03:31:22 Q=5
2026-01-06 19:16:52,841 - INFO - [GINSLIB] processing : 2020/10/04 03:31:23 Q=5
2026-01-06 19:16:52,860 - INFO - [GINSLIB] processing : 2020/10/04 03:31:24 Q=5
2026-01-06 19:16:52,862 - INFO - [GINSLIB] processing : 2020/10/04 03:31:25 Q=5
2026-01-06 19:16:52,873 - INFO - [GINSLIB] processing : 2020/10/04 03:31:26 Q=5
2026-01-06 19:16:52,885 - INFO - [GINSLIB] processing : 2020/10/04 03:31:27 Q=5
2026-01-06 19:16:52,896 - INFO - [GINSLIB] processing : 2020/10/04 03:31:28 Q=5
2026-01-06 19:16:52,914 - INFO - [GINSLIB] processing : 2020/10/04 03:31:29 Q=5
2026-01-06 19:16:52,916 - INFO - [GINSLIB] processing : 2020/10/04 03:31:30 Q=5
2026-01-06 19:16:52,928 - INFO - [GINSLIB] processing : 2020/10/04 03:31:31 Q=5
2026-01-06 19:16:52,940 - INFO - [GINSLIB] processing : 2020/10/04 03:31:32 Q=5
2026-01-06 19:16:52,950 - INFO - [GINSLIB] processing : 2020/10/04 03:31:33 Q=5
2026-01-06 19:16:52,972 - INFO - [GINSLIB] processing : 2020/10/04 03:31:34 Q=5
2026-01-06 19:16:52,973 - INFO - [GINSLIB] processing : 2020/10/04 03:31:35 Q=5
2026-01-06 19:16:52,983 - INFO - [GINSLIB] processing : 2020/10/04 03:31:36 Q=5
2026-01-06 19:16:52,994 - INFO - [GINSLIB] processing : 2020/10/04 03:31:37 Q=5
2026-01-06 19:16:53,006 - INFO - [GINSLIB] processing : 2020/10/04 03:31:38 Q=5
2026-01-06 19:16:53,018 - INFO - [GINSLIB] processing : 2020/10/04 03:31:39 Q=5
2026-01-06 19:16:53,027 - INFO - [GINSLIB] processing : 2020/10/04 03:31:40 Q=5
2026-01-06 19:16:53,038 - INFO - [GINSLIB] processing : 2020/10/04 03:31:41 Q=5
2026-01-06 19:16:53,050 - INFO - [GINSLIB] processing : 2020/10/04 03:31:42 Q=5
2026-01-06 19:16:53,060 - INFO - [GINSLIB] processing : 2020/10/04 03:31:43 Q=5
2026-01-06 19:16:53,071 - INFO - [GINSLIB] processing : 2020/10/04 03:31:44 Q=5
2026-01-06 19:16:53,081 - INFO - [GINSLIB] processing : 2020/10/04 03:31:45 Q=5
2026-01-06 19:16:53,092 - INFO - [GINSLIB] processing : 2020/10/04 03:31:46 Q=5
2026-01-06 19:16:53,102 - INFO - [GINSLIB] processing : 2020/10/04 03:31:47 Q=5
2026-01-06 19:16:53,113 - INFO - [GINSLIB] processing : 2020/10/04 03:31:48 Q=5
2026-01-06 19:16:53,123 - INFO - [GINSLIB] processing : 2020/10/04 03:31:49 Q=5
2026-01-06 19:16:53,144 - INFO - [GINSLIB] processing : 2020/10/04 03:31:50 Q=5
2026-01-06 19:16:53,145 - INFO - [GINSLIB] processing : 2020/10/04 03:31:51 Q=5
2026-01-06 19:16:53,155 - INFO - [GINSLIB] processing : 2020/10/04 03:31:52 Q=5
2026-01-06 19:16:53,165 - INFO - [GINSLIB] processing : 2020/10/04 03:31:53 Q=5
2026-01-06 19:16:53,177 - INFO - [GINSLIB] processing : 2020/10/04 03:31:54 Q=5
2026-01-06 19:16:53,196 - INFO - [GINSLIB] processing : 2020/10/04 03:31:55 Q=5
2026-01-06 19:16:53,197 - INFO - [GINSLIB] processing : 2020/10/04 03:31:56 Q=5
2026-01-06 19:16:53,210 - INFO - [GINSLIB] processing : 2020/10/04 03:31:57 Q=5
2026-01-06 19:16:53,221 - INFO - [GINSLIB] processing : 2020/10/04 03:31:58 Q=5
2026-01-06 19:16:53,232 - INFO - [GINSLIB] processing : 2020/10/04 03:31:59 Q=5
2026-01-06 19:16:53,252 - INFO - [GINSLIB] processing : 2020/10/04 03:32:00 Q=5
2026-01-06 19:16:53,253 - INFO - [GINSLIB] processing : 2020/10/04 03:32:01 Q=5
2026-01-06 19:16:53,263 - INFO - [GINSLIB] processing : 2020/10/04 03:32:02 Q=5
2026-01-06 19:16:53,275 - INFO - [GINSLIB] processing : 2020/10/04 03:32:03 Q=5
2026-01-06 19:16:53,285 - INFO - [GINSLIB] processing : 2020/10/04 03:32:04 Q=5
2026-01-06 19:16:53,295 - INFO - [GINSLIB] processing : 2020/10/04 03:32:05 Q=5
2026-01-06 19:16:53,305 - INFO - [GINSLIB] processing : 2020/10/04 03:32:06 Q=5
2026-01-06 19:16:53,314 - INFO - [GINSLIB] processing : 2020/10/04 03:32:07 Q=5
2026-01-06 19:16:53,326 - INFO - [GINSLIB] processing : 2020/10/04 03:32:08 Q=5
2026-01-06 19:16:53,338 - INFO - [GINSLIB] processing : 2020/10/04 03:32:09 Q=5
2026-01-06 19:16:53,347 - INFO - [GINSLIB] processing : 2020/10/04 03:32:10 Q=5
2026-01-06 19:16:53,358 - INFO - [GINSLIB] processing : 2020/10/04 03:32:11 Q=5
2026-01-06 19:16:53,369 - INFO - [GINSLIB] processing : 2020/10/04 03:32:12 Q=5
2026-01-06 19:16:53,379 - INFO - [GINSLIB] processing : 2020/10/04 03:32:13 Q=5
2026-01-06 19:16:53,392 - INFO - [GINSLIB] processing : 2020/10/04 03:32:14 Q=5
2026-01-06 19:16:53,403 - INFO - [GINSLIB] processing : 2020/10/04 03:32:15 Q=5
2026-01-06 19:16:53,411 - INFO - [GINSLIB] processing : 2020/10/04 03:32:16 Q=5
2026-01-06 19:16:53,424 - INFO - [GINSLIB] processing : 2020/10/04 03:32:17 Q=5
2026-01-06 19:16:53,435 - INFO - [GINSLIB] processing : 2020/10/04 03:32:18 Q=5
2026-01-06 19:16:53,445 - INFO - [GINSLIB] processing : 2020/10/04 03:32:19 Q=5
2026-01-06 19:16:53,458 - INFO - [GINSLIB] processing : 2020/10/04 03:32:20 Q=5
2026-01-06 19:16:53,480 - INFO - [GINSLIB] processing : 2020/10/04 03:32:21 Q=5
2026-01-06 19:16:53,481 - INFO - [GINSLIB] processing : 2020/10/04 03:32:22 Q=5
2026-01-06 19:16:53,493 - INFO - [GINSLIB] processing : 2020/10/04 03:32:23 Q=5
2026-01-06 19:16:53,505 - INFO - [GINSLIB] processing : 2020/10/04 03:32:24 Q=5
2026-01-06 19:16:53,516 - INFO - [GINSLIB] processing : 2020/10/04 03:32:25 Q=5
2026-01-06 19:16:53,537 - INFO - [GINSLIB] processing : 2020/10/04 03:32:26 Q=5
2026-01-06 19:16:53,538 - INFO - [GINSLIB] processing : 2020/10/04 03:32:27 Q=5
2026-01-06 19:16:53,550 - INFO - [GINSLIB] processing : 2020/10/04 03:32:28 Q=5
2026-01-06 19:16:53,561 - INFO - [GINSLIB] processing : 2020/10/04 03:32:29 Q=5
2026-01-06 19:16:53,575 - INFO - [GINSLIB] processing : 2020/10/04 03:32:30 Q=5
2026-01-06 19:16:53,594 - INFO - [GINSLIB] processing : 2020/10/04 03:32:31 Q=5
2026-01-06 19:16:53,595 - INFO - [GINSLIB] processing : 2020/10/04 03:32:32 Q=5
2026-01-06 19:16:53,606 - INFO - [GINSLIB] processing : 2020/10/04 03:32:33 Q=5
2026-01-06 19:16:53,617 - INFO - [GINSLIB] processing : 2020/10/04 03:32:34 Q=5
2026-01-06 19:16:53,628 - INFO - [GINSLIB] processing : 2020/10/04 03:32:35 Q=5
2026-01-06 19:16:53,638 - INFO - [GINSLIB] processing : 2020/10/04 03:32:36 Q=5
2026-01-06 19:16:53,647 - INFO - [GINSLIB] processing : 2020/10/04 03:32:37 Q=5
2026-01-06 19:16:53,660 - INFO - [GINSLIB] processing : 2020/10/04 03:32:38 Q=5
2026-01-06 19:16:53,670 - INFO - [GINSLIB] processing : 2020/10/04 03:32:39 Q=5
2026-01-06 19:16:53,682 - INFO - [GINSLIB] processing : 2020/10/04 03:32:40 Q=5
2026-01-06 19:16:53,691 - INFO - [GINSLIB] processing : 2020/10/04 03:32:41 Q=5
2026-01-06 19:16:53,701 - INFO - [GINSLIB] processing : 2020/10/04 03:32:42 Q=5
2026-01-06 19:16:53,711 - INFO - [GINSLIB] processing : 2020/10/04 03:32:43 Q=5
2026-01-06 19:16:53,723 - INFO - [GINSLIB] processing : 2020/10/04 03:32:44 Q=5
2026-01-06 19:16:53,733 - INFO - [GINSLIB] processing : 2020/10/04 03:32:45 Q=5
2026-01-06 19:16:53,744 - INFO - [GINSLIB] processing : 2020/10/04 03:32:46 Q=5
2026-01-06 19:16:53,755 - INFO - [GINSLIB] processing : 2020/10/04 03:32:47 Q=5
2026-01-06 19:16:53,766 - INFO - [GINSLIB] processing : 2020/10/04 03:32:48 Q=5
2026-01-06 19:16:53,777 - INFO - [GINSLIB] processing : 2020/10/04 03:32:49 Q=5
2026-01-06 19:16:53,789 - INFO - [GINSLIB] processing : 2020/10/04 03:32:50 Q=5
2026-01-06 19:16:53,799 - INFO - [GINSLIB] processing : 2020/10/04 03:32:51 Q=5
2026-01-06 19:16:53,819 - INFO - [GINSLIB] processing : 2020/10/04 03:32:52 Q=5
2026-01-06 19:16:53,821 - INFO - [GINSLIB] processing : 2020/10/04 03:32:53 Q=5
2026-01-06 19:16:53,832 - INFO - [GINSLIB] processing : 2020/10/04 03:32:54 Q=5
2026-01-06 19:16:53,843 - INFO - [GINSLIB] processing : 2020/10/04 03:32:55 Q=5
2026-01-06 19:16:53,855 - INFO - [GINSLIB] processing : 2020/10/04 03:32:56 Q=5
2026-01-06 19:16:53,874 - INFO - [GINSLIB] processing : 2020/10/04 03:32:57 Q=5
2026-01-06 19:16:53,875 - INFO - [GINSLIB] processing : 2020/10/04 03:32:58 Q=5
2026-01-06 19:16:53,885 - INFO - [GINSLIB] processing : 2020/10/04 03:32:59 Q=5
2026-01-06 19:16:53,897 - INFO - [GINSLIB] processing : 2020/10/04 03:33:00 Q=5
2026-01-06 19:16:53,909 - INFO - [GINSLIB] processing : 2020/10/04 03:33:01 Q=5
2026-01-06 19:16:53,928 - INFO - [GINSLIB] processing : 2020/10/04 03:33:02 Q=5
2026-01-06 19:16:53,929 - INFO - [GINSLIB] processing : 2020/10/04 03:33:03 Q=5
2026-01-06 19:16:53,940 - INFO - [GINSLIB] processing : 2020/10/04 03:33:04 Q=5
2026-01-06 19:16:53,951 - INFO - [GINSLIB] processing : 2020/10/04 03:33:05 Q=5
2026-01-06 19:16:53,962 - INFO - [GINSLIB] processing : 2020/10/04 03:33:06 Q=5
2026-01-06 19:16:53,973 - INFO - [GINSLIB] processing : 2020/10/04 03:33:07 Q=5
2026-01-06 19:16:53,982 - INFO - [GINSLIB] processing : 2020/10/04 03:33:08 Q=5
2026-01-06 19:16:53,993 - INFO - [GINSLIB] processing : 2020/10/04 03:33:09 Q=5
2026-01-06 19:16:54,005 - INFO - [GINSLIB] processing : 2020/10/04 03:33:10 Q=5
2026-01-06 19:16:54,015 - INFO - [GINSLIB] processing : 2020/10/04 03:33:11 Q=5
2026-01-06 19:16:54,027 - INFO - [GINSLIB] processing : 2020/10/04 03:33:12 Q=5
2026-01-06 19:16:54,037 - INFO - [GINSLIB] processing : 2020/10/04 03:33:13 Q=5
2026-01-06 19:16:54,047 - INFO - [GINSLIB] processing : 2020/10/04 03:33:14 Q=5
2026-01-06 19:16:54,059 - INFO - [GINSLIB] processing : 2020/10/04 03:33:15 Q=5
2026-01-06 19:16:54,070 - INFO - [GINSLIB] processing : 2020/10/04 03:33:16 Q=5
2026-01-06 19:16:54,080 - INFO - [GINSLIB] processing : 2020/10/04 03:33:17 Q=5
2026-01-06 19:16:54,090 - INFO - [GINSLIB] processing : 2020/10/04 03:33:18 Q=5
2026-01-06 19:16:54,101 - INFO - [GINSLIB] processing : 2020/10/04 03:33:19 Q=5
2026-01-06 19:16:54,111 - INFO - [GINSLIB] processing : 2020/10/04 03:33:20 Q=5
2026-01-06 19:16:54,122 - INFO - [GINSLIB] processing : 2020/10/04 03:33:21 Q=5
2026-01-06 19:16:54,133 - INFO - [GINSLIB] processing : 2020/10/04 03:33:22 Q=5
2026-01-06 19:16:54,156 - INFO - [GINSLIB] processing : 2020/10/04 03:33:23 Q=5
2026-01-06 19:16:54,157 - INFO - [GINSLIB] processing : 2020/10/04 03:33:24 Q=5
2026-01-06 19:16:54,172 - INFO - [GINSLIB] processing : 2020/10/04 03:33:25 Q=5
2026-01-06 19:16:54,187 - INFO - [GINSLIB] processing : 2020/10/04 03:33:26 Q=5
2026-01-06 19:16:54,198 - INFO - [GINSLIB] processing : 2020/10/04 03:33:27 Q=5
2026-01-06 19:16:54,218 - INFO - [GINSLIB] processing : 2020/10/04 03:33:28 Q=5
2026-01-06 19:16:54,220 - INFO - [GINSLIB] processing : 2020/10/04 03:33:29 Q=5
2026-01-06 19:16:54,230 - INFO - [GINSLIB] processing : 2020/10/04 03:33:30 Q=5
2026-01-06 19:16:54,243 - INFO - [GINSLIB] processing : 2020/10/04 03:33:31 Q=5
2026-01-06 19:16:54,255 - INFO - [GINSLIB] processing : 2020/10/04 03:33:32 Q=5
2026-01-06 19:16:54,275 - INFO - [GINSLIB] processing : 2020/10/04 03:33:33 Q=5
2026-01-06 19:16:54,276 - INFO - [GINSLIB] processing : 2020/10/04 03:33:34 Q=5
2026-01-06 19:16:54,289 - INFO - [GINSLIB] processing : 2020/10/04 03:33:35 Q=5
2026-01-06 19:16:54,300 - INFO - [GINSLIB] processing : 2020/10/04 03:33:36 Q=5
2026-01-06 19:16:54,311 - INFO - [GINSLIB] processing : 2020/10/04 03:33:37 Q=5
2026-01-06 19:16:54,321 - INFO - [GINSLIB] processing : 2020/10/04 03:33:38 Q=5
2026-01-06 19:16:54,330 - INFO - [GINSLIB] processing : 2020/10/04 03:33:39 Q=5
2026-01-06 19:16:54,343 - INFO - [GINSLIB] processing : 2020/10/04 03:33:40 Q=5
2026-01-06 19:16:54,354 - INFO - [GINSLIB] processing : 2020/10/04 03:33:41 Q=5
2026-01-06 19:16:54,365 - INFO - [GINSLIB] processing : 2020/10/04 03:33:42 Q=5
2026-01-06 19:16:54,377 - INFO - [GINSLIB] processing : 2020/10/04 03:33:43 Q=5
2026-01-06 19:16:54,387 - INFO - [GINSLIB] processing : 2020/10/04 03:33:44 Q=5
2026-01-06 19:16:54,398 - INFO - [GINSLIB] processing : 2020/10/04 03:33:45 Q=5
2026-01-06 19:16:54,409 - INFO - [GINSLIB] processing : 2020/10/04 03:33:46 Q=5
2026-01-06 19:16:54,420 - INFO - [GINSLIB] processing : 2020/10/04 03:33:47 Q=5
2026-01-06 19:16:54,429 - INFO - [GINSLIB] processing : 2020/10/04 03:33:48 Q=5
2026-01-06 19:16:54,440 - INFO - [GINSLIB] processing : 2020/10/04 03:33:49 Q=5
2026-01-06 19:16:54,451 - INFO - [GINSLIB] processing : 2020/10/04 03:33:50 Q=5
2026-01-06 19:16:54,460 - INFO - [GINSLIB] processing : 2020/10/04 03:33:51 Q=5
2026-01-06 19:16:54,473 - INFO - [GINSLIB] processing : 2020/10/04 03:33:52 Q=5
2026-01-06 19:16:54,484 - INFO - [GINSLIB] processing : 2020/10/04 03:33:53 Q=5
2026-01-06 19:16:54,503 - INFO - [GINSLIB] processing : 2020/10/04 03:33:54 Q=5
2026-01-06 19:16:54,504 - INFO - [GINSLIB] processing : 2020/10/04 03:33:55 Q=5
2026-01-06 19:16:54,515 - INFO - [GINSLIB] processing : 2020/10/04 03:33:56 Q=5
2026-01-06 19:16:54,526 - INFO - [GINSLIB] processing : 2020/10/04 03:33:57 Q=5
2026-01-06 19:16:54,537 - INFO - [GINSLIB] processing : 2020/10/04 03:33:58 Q=5
2026-01-06 19:16:54,555 - INFO - [GINSLIB] processing : 2020/10/04 03:33:59 Q=5
2026-01-06 19:16:54,557 - INFO - [GINSLIB] processing : 2020/10/04 03:34:00 Q=5
2026-01-06 19:16:54,567 - INFO - [GINSLIB] processing : 2020/10/04 03:34:01 Q=5
2026-01-06 19:16:54,578 - INFO - [GINSLIB] processing : 2020/10/04 03:34:02 Q=5
2026-01-06 19:16:54,589 - INFO - [GINSLIB] processing : 2020/10/04 03:34:03 Q=5
2026-01-06 19:16:54,609 - INFO - [GINSLIB] processing : 2020/10/04 03:34:04 Q=5
2026-01-06 19:16:54,611 - INFO - [GINSLIB] processing : 2020/10/04 03:34:05 Q=5
2026-01-06 19:16:54,623 - INFO - [GINSLIB] processing : 2020/10/04 03:34:06 Q=5
2026-01-06 19:16:54,634 - INFO - [GINSLIB] processing : 2020/10/04 03:34:07 Q=5
2026-01-06 19:16:54,644 - INFO - [GINSLIB] processing : 2020/10/04 03:34:08 Q=5
2026-01-06 19:16:54,655 - INFO - [GINSLIB] processing : 2020/10/04 03:34:09 Q=5
2026-01-06 19:16:54,665 - INFO - [GINSLIB] processing : 2020/10/04 03:34:10 Q=5
2026-01-06 19:16:54,676 - INFO - [GINSLIB] processing : 2020/10/04 03:34:11 Q=5
2026-01-06 19:16:54,687 - INFO - [GINSLIB] processing : 2020/10/04 03:34:12 Q=5
2026-01-06 19:16:54,699 - INFO - [GINSLIB] processing : 2020/10/04 03:34:13 Q=5
2026-01-06 19:16:54,711 - INFO - [GINSLIB] processing : 2020/10/04 03:34:14 Q=5
2026-01-06 19:16:54,720 - INFO - [GINSLIB] processing : 2020/10/04 03:34:15 Q=5
2026-01-06 19:16:54,732 - INFO - [GINSLIB] processing : 2020/10/04 03:34:16 Q=5
2026-01-06 19:16:54,743 - INFO - [GINSLIB] processing : 2020/10/04 03:34:17 Q=5
2026-01-06 19:16:54,754 - INFO - [GINSLIB] processing : 2020/10/04 03:34:18 Q=5
2026-01-06 19:16:54,765 - INFO - [GINSLIB] processing : 2020/10/04 03:34:19 Q=5
2026-01-06 19:16:54,775 - INFO - [GINSLIB] processing : 2020/10/04 03:34:20 Q=5
2026-01-06 19:16:54,786 - INFO - [GINSLIB] processing : 2020/10/04 03:34:21 Q=5
2026-01-06 19:16:54,796 - INFO - [GINSLIB] processing : 2020/10/04 03:34:22 Q=5
2026-01-06 19:16:54,808 - INFO - [GINSLIB] processing : 2020/10/04 03:34:23 Q=5
2026-01-06 19:16:54,820 - INFO - [GINSLIB] processing : 2020/10/04 03:34:24 Q=5
2026-01-06 19:16:54,838 - INFO - [GINSLIB] processing : 2020/10/04 03:34:25 Q=5
2026-01-06 19:16:54,839 - INFO - [GINSLIB] processing : 2020/10/04 03:34:26 Q=5
2026-01-06 19:16:54,852 - INFO - [GINSLIB] processing : 2020/10/04 03:34:27 Q=5
2026-01-06 19:16:54,863 - INFO - [GINSLIB] processing : 2020/10/04 03:34:28 Q=5
2026-01-06 19:16:54,875 - INFO - [GINSLIB] processing : 2020/10/04 03:34:29 Q=5
2026-01-06 19:16:54,894 - INFO - [GINSLIB] processing : 2020/10/04 03:34:30 Q=5
2026-01-06 19:16:54,896 - INFO - [GINSLIB] processing : 2020/10/04 03:34:31 Q=5
2026-01-06 19:16:54,906 - INFO - [GINSLIB] processing : 2020/10/04 03:34:32 Q=5
2026-01-06 19:16:54,917 - INFO - [GINSLIB] processing : 2020/10/04 03:34:33 Q=5
2026-01-06 19:16:54,928 - INFO - [GINSLIB] processing : 2020/10/04 03:34:34 Q=5
2026-01-06 19:16:54,947 - INFO - [GINSLIB] processing : 2020/10/04 03:34:35 Q=5
2026-01-06 19:16:54,949 - INFO - [GINSLIB] processing : 2020/10/04 03:34:36 Q=5
2026-01-06 19:16:54,960 - INFO - [GINSLIB] processing : 2020/10/04 03:34:37 Q=5
2026-01-06 19:16:54,971 - INFO - [GINSLIB] processing : 2020/10/04 03:34:38 Q=5
2026-01-06 19:16:54,982 - INFO - [GINSLIB] processing : 2020/10/04 03:34:39 Q=5
2026-01-06 19:16:54,994 - INFO - [GINSLIB] processing : 2020/10/04 03:34:40 Q=5
2026-01-06 19:16:55,004 - INFO - [GINSLIB] processing : 2020/10/04 03:34:41 Q=5
2026-01-06 19:16:55,014 - INFO - [GINSLIB] processing : 2020/10/04 03:34:42 Q=5
2026-01-06 19:16:55,026 - INFO - [GINSLIB] processing : 2020/10/04 03:34:43 Q=5
2026-01-06 19:16:55,039 - INFO - [GINSLIB] processing : 2020/10/04 03:34:44 Q=5
2026-01-06 19:16:55,049 - INFO - [GINSLIB] processing : 2020/10/04 03:34:45 Q=5
2026-01-06 19:16:55,059 - INFO - [GINSLIB] processing : 2020/10/04 03:34:46 Q=5
2026-01-06 19:16:55,070 - INFO - [GINSLIB] processing : 2020/10/04 03:34:47 Q=5
2026-01-06 19:16:55,080 - INFO - [GINSLIB] processing : 2020/10/04 03:34:48 Q=5
2026-01-06 19:16:55,090 - INFO - [GINSLIB] processing : 2020/10/04 03:34:49 Q=5
2026-01-06 19:16:55,101 - INFO - [GINSLIB] processing : 2020/10/04 03:34:50 Q=5
2026-01-06 19:16:55,121 - INFO - [GINSLIB] processing : 2020/10/04 03:34:51 Q=5
2026-01-06 19:16:55,122 - INFO - [GINSLIB] processing : 2020/10/04 03:34:52 Q=5
2026-01-06 19:16:55,133 - INFO - [GINSLIB] processing : 2020/10/04 03:34:53 Q=5
2026-01-06 19:16:55,144 - INFO - [GINSLIB] processing : 2020/10/04 03:34:54 Q=5
2026-01-06 19:16:55,154 - INFO - [GINSLIB] processing : 2020/10/04 03:34:55 Q=5
2026-01-06 19:16:55,174 - INFO - [GINSLIB] processing : 2020/10/04 03:34:56 Q=5
2026-01-06 19:16:55,175 - INFO - [GINSLIB] processing : 2020/10/04 03:34:57 Q=5
2026-01-06 19:16:55,185 - INFO - [GINSLIB] processing : 2020/10/04 03:34:58 Q=5
2026-01-06 19:16:55,195 - INFO - [GINSLIB] processing : 2020/10/04 03:34:59 Q=5
2026-01-06 19:16:55,206 - INFO - [GINSLIB] processing : 2020/10/04 03:35:00 Q=5
2026-01-06 19:16:55,226 - INFO - [GINSLIB] processing : 2020/10/04 03:35:01 Q=5
2026-01-06 19:16:55,227 - INFO - [GINSLIB] processing : 2020/10/04 03:35:02 Q=5
2026-01-06 19:16:55,238 - INFO - [GINSLIB] processing : 2020/10/04 03:35:03 Q=5
2026-01-06 19:16:55,249 - INFO - [GINSLIB] processing : 2020/10/04 03:35:04 Q=5
2026-01-06 19:16:55,261 - INFO - [GINSLIB] processing : 2020/10/04 03:35:05 Q=5
2026-01-06 19:16:55,281 - INFO - [GINSLIB] processing : 2020/10/04 03:35:06 Q=5
2026-01-06 19:16:55,282 - INFO - [GINSLIB] processing : 2020/10/04 03:35:07 Q=5
2026-01-06 19:16:55,294 - INFO - [GINSLIB] processing : 2020/10/04 03:35:08 Q=5
2026-01-06 19:16:55,307 - INFO - [GINSLIB] processing : 2020/10/04 03:35:09 Q=5
2026-01-06 19:16:55,320 - INFO - [GINSLIB] processing : 2020/10/04 03:35:10 Q=5
2026-01-06 19:16:55,331 - INFO - [GINSLIB] processing : 2020/10/04 03:35:11 Q=5
2026-01-06 19:16:55,342 - INFO - [GINSLIB] processing : 2020/10/04 03:35:12 Q=5
2026-01-06 19:16:55,354 - INFO - [GINSLIB] processing : 2020/10/04 03:35:13 Q=5
2026-01-06 19:16:55,366 - INFO - [GINSLIB] processing : 2020/10/04 03:35:14 Q=5
2026-01-06 19:16:55,376 - INFO - [GINSLIB] processing : 2020/10/04 03:35:15 Q=5
2026-01-06 19:16:55,388 - INFO - [GINSLIB] processing : 2020/10/04 03:35:16 Q=5
2026-01-06 19:16:55,399 - INFO - [GINSLIB] processing : 2020/10/04 03:35:17 Q=5
2026-01-06 19:16:55,409 - INFO - [GINSLIB] processing : 2020/10/04 03:35:18 Q=5
2026-01-06 19:16:55,421 - INFO - [GINSLIB] processing : 2020/10/04 03:35:19 Q=5
2026-01-06 19:16:55,430 - INFO - [GINSLIB] processing : 2020/10/04 03:35:20 Q=5
2026-01-06 19:16:55,441 - INFO - [GINSLIB] processing : 2020/10/04 03:35:21 Q=5
2026-01-06 19:16:55,463 - INFO - [GINSLIB] processing : 2020/10/04 03:35:22 Q=5
2026-01-06 19:16:55,464 - INFO - [GINSLIB] processing : 2020/10/04 03:35:23 Q=5
2026-01-06 19:16:55,474 - INFO - [GINSLIB] processing : 2020/10/04 03:35:24 Q=5
2026-01-06 19:16:55,486 - INFO - [GINSLIB] processing : 2020/10/04 03:35:25 Q=5
2026-01-06 19:16:55,496 - INFO - [GINSLIB] processing : 2020/10/04 03:35:26 Q=5
2026-01-06 19:16:55,516 - INFO - [GINSLIB] processing : 2020/10/04 03:35:27 Q=5
2026-01-06 19:16:55,518 - INFO - [GINSLIB] processing : 2020/10/04 03:35:28 Q=5
2026-01-06 19:16:55,529 - INFO - [GINSLIB] processing : 2020/10/04 03:35:29 Q=5
2026-01-06 19:16:55,539 - INFO - [GINSLIB] processing : 2020/10/04 03:35:30 Q=5
2026-01-06 19:16:55,552 - INFO - [GINSLIB] processing : 2020/10/04 03:35:31 Q=5
2026-01-06 19:16:55,571 - INFO - [GINSLIB] processing : 2020/10/04 03:35:32 Q=5
2026-01-06 19:16:55,573 - INFO - [GINSLIB] processing : 2020/10/04 03:35:33 Q=5
2026-01-06 19:16:55,585 - INFO - [GINSLIB] processing : 2020/10/04 03:35:34 Q=5
2026-01-06 19:16:55,595 - INFO - [GINSLIB] processing : 2020/10/04 03:35:35 Q=5
2026-01-06 19:16:55,606 - INFO - [GINSLIB] processing : 2020/10/04 03:35:36 Q=5
2026-01-06 19:16:55,618 - INFO - [GINSLIB] processing : 2020/10/04 03:35:37 Q=5
2026-01-06 19:16:55,627 - INFO - [GINSLIB] processing : 2020/10/04 03:35:38 Q=5
2026-01-06 19:16:55,639 - INFO - [GINSLIB] processing : 2020/10/04 03:35:39 Q=5
2026-01-06 19:16:55,650 - INFO - [GINSLIB] processing : 2020/10/04 03:35:40 Q=5
2026-01-06 19:16:55,661 - INFO - [GINSLIB] processing : 2020/10/04 03:35:41 Q=5
2026-01-06 19:16:55,673 - INFO - [GINSLIB] processing : 2020/10/04 03:35:42 Q=5
2026-01-06 19:16:55,684 - INFO - [GINSLIB] processing : 2020/10/04 03:35:43 Q=5
2026-01-06 19:16:55,695 - INFO - [GINSLIB] processing : 2020/10/04 03:35:44 Q=5
2026-01-06 19:16:55,705 - INFO - [GINSLIB] processing : 2020/10/04 03:35:45 Q=5
2026-01-06 19:16:55,716 - INFO - [GINSLIB] processing : 2020/10/04 03:35:46 Q=5
2026-01-06 19:16:55,727 - INFO - [GINSLIB] processing : 2020/10/04 03:35:47 Q=5
2026-01-06 19:16:55,736 - INFO - [GINSLIB] processing : 2020/10/04 03:35:48 Q=5
2026-01-06 19:16:55,747 - INFO - [GINSLIB] processing : 2020/10/04 03:35:49 Q=5
2026-01-06 19:16:55,758 - INFO - [GINSLIB] processing : 2020/10/04 03:35:50 Q=5
2026-01-06 19:16:55,769 - INFO - [GINSLIB] processing : 2020/10/04 03:35:51 Q=5
2026-01-06 19:16:55,781 - INFO - [GINSLIB] processing : 2020/10/04 03:35:52 Q=5
2026-01-06 19:16:55,802 - INFO - [GINSLIB] processing : 2020/10/04 03:35:53 Q=5
2026-01-06 19:16:55,803 - INFO - [GINSLIB] processing : 2020/10/04 03:35:54 Q=5
2026-01-06 19:16:55,813 - INFO - [GINSLIB] processing : 2020/10/04 03:35:55 Q=5
2026-01-06 19:16:55,825 - INFO - [GINSLIB] processing : 2020/10/04 03:35:56 Q=5
2026-01-06 19:16:55,836 - INFO - [GINSLIB] processing : 2020/10/04 03:35:57 Q=5
2026-01-06 19:16:55,855 - INFO - [GINSLIB] processing : 2020/10/04 03:35:58 Q=5
2026-01-06 19:16:55,857 - INFO - [GINSLIB] processing : 2020/10/04 03:35:59 Q=5
2026-01-06 19:16:55,867 - INFO - [GINSLIB] processing : 2020/10/04 03:36:00 Q=5
2026-01-06 19:16:55,878 - INFO - [GINSLIB] processing : 2020/10/04 03:36:01 Q=5
2026-01-06 19:16:55,888 - INFO - [GINSLIB] processing : 2020/10/04 03:36:02 Q=5
2026-01-06 19:16:55,904 - INFO - [GINSLIB] processing : 2020/10/04 03:36:03 Q=5
2026-01-06 19:16:55,905 - INFO - [GINSLIB] processing : 2020/10/04 03:36:04 Q=5
2026-01-06 19:16:55,915 - INFO - [GINSLIB] processing : 2020/10/04 03:36:05 Q=5
2026-01-06 19:16:55,924 - INFO - [GINSLIB] processing : 2020/10/04 03:36:06 Q=5
2026-01-06 19:16:55,935 - INFO - [GINSLIB] processing : 2020/10/04 03:36:07 Q=5
2026-01-06 19:16:55,945 - INFO - [GINSLIB] processing : 2020/10/04 03:36:08 Q=5
2026-01-06 19:16:55,954 - INFO - [GINSLIB] processing : 2020/10/04 03:36:09 Q=5
2026-01-06 19:16:55,966 - INFO - [GINSLIB] processing : 2020/10/04 03:36:10 Q=5
2026-01-06 19:16:55,979 - INFO - [GINSLIB] processing : 2020/10/04 03:36:11 Q=5
2026-01-06 19:16:55,990 - INFO - [GINSLIB] processing : 2020/10/04 03:36:12 Q=5
2026-01-06 19:16:56,001 - INFO - [GINSLIB] processing : 2020/10/04 03:36:13 Q=5
2026-01-06 19:16:56,012 - INFO - [GINSLIB] processing : 2020/10/04 03:36:14 Q=5
2026-01-06 19:16:56,024 - INFO - [GINSLIB] processing : 2020/10/04 03:36:15 Q=5
2026-01-06 19:16:56,036 - INFO - [GINSLIB] processing : 2020/10/04 03:36:16 Q=5
2026-01-06 19:16:56,048 - INFO - [GINSLIB] processing : 2020/10/04 03:36:17 Q=5
2026-01-06 19:16:56,060 - INFO - [GINSLIB] processing : 2020/10/04 03:36:18 Q=5
2026-01-06 19:16:56,071 - INFO - [GINSLIB] processing : 2020/10/04 03:36:19 Q=5
2026-01-06 19:16:56,081 - INFO - [GINSLIB] processing : 2020/10/04 03:36:20 Q=5
2026-01-06 19:16:56,092 - INFO - [GINSLIB] processing : 2020/10/04 03:36:21 Q=5
2026-01-06 19:16:56,104 - INFO - [GINSLIB] processing : 2020/10/04 03:36:22 Q=5
2026-01-06 19:16:56,115 - INFO - [GINSLIB] processing : 2020/10/04 03:36:23 Q=5
2026-01-06 19:16:56,135 - INFO - [GINSLIB] processing : 2020/10/04 03:36:24 Q=5
2026-01-06 19:16:56,136 - INFO - [GINSLIB] processing : 2020/10/04 03:36:25 Q=5
2026-01-06 19:16:56,146 - INFO - [GINSLIB] processing : 2020/10/04 03:36:26 Q=5
2026-01-06 19:16:56,157 - INFO - [GINSLIB] processing : 2020/10/04 03:36:27 Q=5
2026-01-06 19:16:56,168 - INFO - [GINSLIB] processing : 2020/10/04 03:36:28 Q=5
2026-01-06 19:16:56,187 - INFO - [GINSLIB] processing : 2020/10/04 03:36:29 Q=5
2026-01-06 19:16:56,188 - INFO - [GINSLIB] processing : 2020/10/04 03:36:30 Q=5
2026-01-06 19:16:56,199 - INFO - [GINSLIB] processing : 2020/10/04 03:36:31 Q=5
2026-01-06 19:16:56,210 - INFO - [GINSLIB] processing : 2020/10/04 03:36:32 Q=5
2026-01-06 19:16:56,221 - INFO - [GINSLIB] processing : 2020/10/04 03:36:33 Q=5
2026-01-06 19:16:56,242 - INFO - [GINSLIB] processing : 2020/10/04 03:36:34 Q=5
2026-01-06 19:16:56,243 - INFO - [GINSLIB] processing : 2020/10/04 03:36:35 Q=5
2026-01-06 19:16:56,255 - INFO - [GINSLIB] processing : 2020/10/04 03:36:36 Q=5
2026-01-06 19:16:56,265 - INFO - [GINSLIB] processing : 2020/10/04 03:36:37 Q=5
2026-01-06 19:16:56,277 - INFO - [GINSLIB] processing : 2020/10/04 03:36:38 Q=5
2026-01-06 19:16:56,290 - INFO - [GINSLIB] processing : 2020/10/04 03:36:39 Q=5
2026-01-06 19:16:56,300 - INFO - [GINSLIB] processing : 2020/10/04 03:36:40 Q=5
2026-01-06 19:16:56,310 - INFO - [GINSLIB] processing : 2020/10/04 03:36:41 Q=5
2026-01-06 19:16:56,322 - INFO - [GINSLIB] processing : 2020/10/04 03:36:42 Q=5
2026-01-06 19:16:56,335 - INFO - [GINSLIB] processing : 2020/10/04 03:36:43 Q=5
2026-01-06 19:16:56,347 - INFO - [GINSLIB] processing : 2020/10/04 03:36:44 Q=5
2026-01-06 19:16:56,357 - INFO - [GINSLIB] processing : 2020/10/04 03:36:45 Q=5
2026-01-06 19:16:56,370 - INFO - [GINSLIB] processing : 2020/10/04 03:36:46 Q=5
2026-01-06 19:16:56,382 - INFO - [GINSLIB] processing : 2020/10/04 03:36:47 Q=5
2026-01-06 19:16:56,393 - INFO - [GINSLIB] processing : 2020/10/04 03:36:48 Q=5
2026-01-06 19:16:56,406 - INFO - [GINSLIB] processing : 2020/10/04 03:36:49 Q=5
2026-01-06 19:16:56,416 - INFO - [GINSLIB] processing : 2020/10/04 03:36:50 Q=5
2026-01-06 19:16:56,428 - INFO - [GINSLIB] processing : 2020/10/04 03:36:51 Q=5
2026-01-06 19:16:56,439 - INFO - [GINSLIB] processing : 2020/10/04 03:36:52 Q=5
2026-01-06 19:16:56,453 - INFO - [GINSLIB] processing : 2020/10/04 03:36:53 Q=5
2026-01-06 19:16:56,465 - INFO - [GINSLIB] processing : 2020/10/04 03:36:54 Q=5
2026-01-06 19:16:56,489 - INFO - [GINSLIB] processing : 2020/10/04 03:36:55 Q=5
2026-01-06 19:16:56,491 - INFO - [GINSLIB] processing : 2020/10/04 03:36:56 Q=5
2026-01-06 19:16:56,506 - INFO - [GINSLIB] processing : 2020/10/04 03:36:57 Q=5
2026-01-06 19:16:56,524 - INFO - [GINSLIB] processing : 2020/10/04 03:36:58 Q=5
2026-01-06 19:16:56,538 - INFO - [GINSLIB] processing : 2020/10/04 03:36:59 Q=5
2026-01-06 19:16:56,579 - INFO - [GINSLIB] processing : 2020/10/04 03:37:00 Q=5
2026-01-06 19:16:56,593 - INFO - [GINSLIB] processing : 2020/10/04 03:37:01 Q=5
2026-01-06 19:16:56,607 - INFO - [GINSLIB] processing : 2020/10/04 03:37:02 Q=5
2026-01-06 19:16:56,621 - INFO - [GINSLIB] processing : 2020/10/04 03:37:03 Q=5
2026-01-06 19:16:56,634 - INFO - [GINSLIB] processing : 2020/10/04 03:37:04 Q=5
2026-01-06 19:16:56,655 - INFO - [GINSLIB] processing : 2020/10/04 03:37:05 Q=5
2026-01-06 19:16:56,656 - INFO - [GINSLIB] processing : 2020/10/04 03:37:06 Q=5
2026-01-06 19:16:56,668 - INFO - [GINSLIB] processing : 2020/10/04 03:37:07 Q=5
2026-01-06 19:16:56,680 - INFO - [GINSLIB] processing : 2020/10/04 03:37:08 Q=5
2026-01-06 19:16:56,694 - INFO - [GINSLIB] processing : 2020/10/04 03:37:09 Q=5
2026-01-06 19:16:56,706 - INFO - [GINSLIB] processing : 2020/10/04 03:37:10 Q=5
2026-01-06 19:16:56,717 - INFO - [GINSLIB] processing : 2020/10/04 03:37:11 Q=5
2026-01-06 19:16:56,727 - INFO - [GINSLIB] processing : 2020/10/04 03:37:12 Q=5
2026-01-06 19:16:56,738 - INFO - [GINSLIB] processing : 2020/10/04 03:37:13 Q=5
2026-01-06 19:16:56,751 - INFO - [GINSLIB] processing : 2020/10/04 03:37:14 Q=5
2026-01-06 19:16:56,761 - INFO - [GINSLIB] processing : 2020/10/04 03:37:15 Q=5
2026-01-06 19:16:56,772 - INFO - [GINSLIB] processing : 2020/10/04 03:37:16 Q=5
2026-01-06 19:16:56,784 - INFO - [GINSLIB] processing : 2020/10/04 03:37:17 Q=5
2026-01-06 19:16:56,795 - INFO - [GINSLIB] processing : 2020/10/04 03:37:18 Q=5
2026-01-06 19:16:56,807 - INFO - [GINSLIB] processing : 2020/10/04 03:37:19 Q=5
2026-01-06 19:16:56,817 - INFO - [GINSLIB] processing : 2020/10/04 03:37:20 Q=5
2026-01-06 19:16:56,838 - INFO - [GINSLIB] processing : 2020/10/04 03:37:21 Q=5
2026-01-06 19:16:56,839 - INFO - [GINSLIB] processing : 2020/10/04 03:37:22 Q=5
2026-01-06 19:16:56,849 - INFO - [GINSLIB] processing : 2020/10/04 03:37:23 Q=5
2026-01-06 19:16:56,861 - INFO - [GINSLIB] processing : 2020/10/04 03:37:24 Q=5
2026-01-06 19:16:56,872 - INFO - [GINSLIB] processing : 2020/10/04 03:37:25 Q=5
2026-01-06 19:16:56,891 - INFO - [GINSLIB] processing : 2020/10/04 03:37:26 Q=5
2026-01-06 19:16:56,892 - INFO - [GINSLIB] processing : 2020/10/04 03:37:27 Q=5
2026-01-06 19:16:56,904 - INFO - [GINSLIB] processing : 2020/10/04 03:37:28 Q=5
2026-01-06 19:16:56,915 - INFO - [GINSLIB] processing : 2020/10/04 03:37:29 Q=5
2026-01-06 19:16:56,925 - INFO - [GINSLIB] processing : 2020/10/04 03:37:30 Q=5
2026-01-06 19:16:56,945 - INFO - [GINSLIB] processing : 2020/10/04 03:37:31 Q=5
2026-01-06 19:16:56,946 - INFO - [GINSLIB] processing : 2020/10/04 03:37:32 Q=5
2026-01-06 19:16:56,956 - INFO - [GINSLIB] processing : 2020/10/04 03:37:33 Q=5
2026-01-06 19:16:56,968 - INFO - [GINSLIB] processing : 2020/10/04 03:37:34 Q=5
2026-01-06 19:16:56,979 - INFO - [GINSLIB] processing : 2020/10/04 03:37:35 Q=5
2026-01-06 19:16:56,997 - INFO - [GINSLIB] processing : 2020/10/04 03:37:36 Q=5
2026-01-06 19:16:56,999 - INFO - [GINSLIB] processing : 2020/10/04 03:37:37 Q=5
2026-01-06 19:16:57,008 - INFO - [GINSLIB] processing : 2020/10/04 03:37:38 Q=5
2026-01-06 19:16:57,019 - INFO - [GINSLIB] processing : 2020/10/04 03:37:39 Q=5
2026-01-06 19:16:57,030 - INFO - [GINSLIB] processing : 2020/10/04 03:37:40 Q=5
2026-01-06 19:16:57,043 - INFO - [GINSLIB] processing : 2020/10/04 03:37:41 Q=5
2026-01-06 19:16:57,053 - INFO - [GINSLIB] processing : 2020/10/04 03:37:42 Q=5
2026-01-06 19:16:57,064 - INFO - [GINSLIB] processing : 2020/10/04 03:37:43 Q=5
2026-01-06 19:16:57,076 - INFO - [GINSLIB] processing : 2020/10/04 03:37:44 Q=5
2026-01-06 19:16:57,089 - INFO - [GINSLIB] processing : 2020/10/04 03:37:45 Q=5
2026-01-06 19:16:57,100 - INFO - [GINSLIB] processing : 2020/10/04 03:37:46 Q=5
2026-01-06 19:16:57,109 - INFO - [GINSLIB] processing : 2020/10/04 03:37:47 Q=5
2026-01-06 19:16:57,123 - INFO - [GINSLIB] processing : 2020/10/04 03:37:48 Q=5
2026-01-06 19:16:57,134 - INFO - [GINSLIB] processing : 2020/10/04 03:37:49 Q=5
2026-01-06 19:16:57,144 - INFO - [GINSLIB] processing : 2020/10/04 03:37:50 Q=5
2026-01-06 19:16:57,156 - INFO - [GINSLIB] processing : 2020/10/04 03:37:51 Q=5
2026-01-06 19:16:57,179 - INFO - [GINSLIB] processing : 2020/10/04 03:37:52 Q=5
2026-01-06 19:16:57,180 - INFO - [GINSLIB] processing : 2020/10/04 03:37:53 Q=5
2026-01-06 19:16:57,191 - INFO - [GINSLIB] processing : 2020/10/04 03:37:54 Q=5
2026-01-06 19:16:57,203 - INFO - [GINSLIB] processing : 2020/10/04 03:37:55 Q=5
2026-01-06 19:16:57,214 - INFO - [GINSLIB] processing : 2020/10/04 03:37:56 Q=5
2026-01-06 19:16:57,236 - INFO - [GINSLIB] processing : 2020/10/04 03:37:57 Q=5
2026-01-06 19:16:57,237 - INFO - [GINSLIB] processing : 2020/10/04 03:37:58 Q=5
2026-01-06 19:16:57,248 - INFO - [GINSLIB] processing : 2020/10/04 03:37:59 Q=5
2026-01-06 19:16:57,260 - INFO - [GINSLIB] processing : 2020/10/04 03:38:00 Q=5
2026-01-06 19:16:57,271 - INFO - [GINSLIB] processing : 2020/10/04 03:38:01 Q=5
2026-01-06 19:16:57,290 - INFO - [GINSLIB] processing : 2020/10/04 03:38:02 Q=5
2026-01-06 19:16:57,292 - INFO - [GINSLIB] processing : 2020/10/04 03:38:03 Q=5
2026-01-06 19:16:57,304 - INFO - [GINSLIB] processing : 2020/10/04 03:38:04 Q=5
2026-01-06 19:16:57,313 - INFO - [GINSLIB] processing : 2020/10/04 03:38:05 Q=5
2026-01-06 19:16:57,324 - INFO - [GINSLIB] processing : 2020/10/04 03:38:06 Q=5
2026-01-06 19:16:57,335 - INFO - [GINSLIB] processing : 2020/10/04 03:38:07 Q=5
2026-01-06 19:16:57,344 - INFO - [GINSLIB] processing : 2020/10/04 03:38:08 Q=5
2026-01-06 19:16:57,356 - INFO - [GINSLIB] processing : 2020/10/04 03:38:09 Q=5
2026-01-06 19:16:57,367 - INFO - [GINSLIB] processing : 2020/10/04 03:38:10 Q=5
2026-01-06 19:16:57,378 - INFO - [GINSLIB] processing : 2020/10/04 03:38:11 Q=5
2026-01-06 19:16:57,389 - INFO - [GINSLIB] processing : 2020/10/04 03:38:12 Q=5
2026-01-06 19:16:57,400 - INFO - [GINSLIB] processing : 2020/10/04 03:38:13 Q=5
2026-01-06 19:16:57,409 - INFO - [GINSLIB] processing : 2020/10/04 03:38:14 Q=5
2026-01-06 19:16:57,420 - INFO - [GINSLIB] processing : 2020/10/04 03:38:15 Q=5
2026-01-06 19:16:57,431 - INFO - [GINSLIB] processing : 2020/10/04 03:38:16 Q=5
2026-01-06 19:16:57,441 - INFO - [GINSLIB] processing : 2020/10/04 03:38:17 Q=5
2026-01-06 19:16:57,452 - INFO - [GINSLIB] processing : 2020/10/04 03:38:18 Q=5
2026-01-06 19:16:57,463 - INFO - [GINSLIB] processing : 2020/10/04 03:38:19 Q=5
2026-01-06 19:16:57,474 - INFO - [GINSLIB] processing : 2020/10/04 03:38:20 Q=5
2026-01-06 19:16:57,486 - INFO - [GINSLIB] processing : 2020/10/04 03:38:21 Q=5
2026-01-06 19:16:57,497 - INFO - [GINSLIB] processing : 2020/10/04 03:38:22 Q=5
2026-01-06 19:16:57,516 - INFO - [GINSLIB] processing : 2020/10/04 03:38:23 Q=5
2026-01-06 19:16:57,518 - INFO - [GINSLIB] processing : 2020/10/04 03:38:24 Q=5
2026-01-06 19:16:57,529 - INFO - [GINSLIB] processing : 2020/10/04 03:38:25 Q=5
2026-01-06 19:16:57,541 - INFO - [GINSLIB] processing : 2020/10/04 03:38:26 Q=5
2026-01-06 19:16:57,552 - INFO - [GINSLIB] processing : 2020/10/04 03:38:27 Q=5
2026-01-06 19:16:57,570 - INFO - [GINSLIB] processing : 2020/10/04 03:38:28 Q=5
2026-01-06 19:16:57,571 - INFO - [GINSLIB] processing : 2020/10/04 03:38:29 Q=5
2026-01-06 19:16:57,582 - INFO - [GINSLIB] processing : 2020/10/04 03:38:30 Q=5
2026-01-06 19:16:57,594 - INFO - [GINSLIB] processing : 2020/10/04 03:38:31 Q=5
2026-01-06 19:16:57,606 - INFO - [GINSLIB] processing : 2020/10/04 03:38:32 Q=5
2026-01-06 19:16:57,626 - INFO - [GINSLIB] processing : 2020/10/04 03:38:33 Q=5
2026-01-06 19:16:57,628 - INFO - [GINSLIB] processing : 2020/10/04 03:38:34 Q=5
2026-01-06 19:16:57,638 - INFO - [GINSLIB] processing : 2020/10/04 03:38:35 Q=5
2026-01-06 19:16:57,649 - INFO - [GINSLIB] processing : 2020/10/04 03:38:36 Q=5
2026-01-06 19:16:57,662 - INFO - [GINSLIB] processing : 2020/10/04 03:38:37 Q=5
2026-01-06 19:16:57,674 - INFO - [GINSLIB] processing : 2020/10/04 03:38:38 Q=5
2026-01-06 19:16:57,684 - INFO - [GINSLIB] processing : 2020/10/04 03:38:39 Q=5
2026-01-06 19:16:57,695 - INFO - [GINSLIB] processing : 2020/10/04 03:38:40 Q=5
2026-01-06 19:16:57,706 - INFO - [GINSLIB] processing : 2020/10/04 03:38:41 Q=5
2026-01-06 19:16:57,717 - INFO - [GINSLIB] processing : 2020/10/04 03:38:42 Q=5
2026-01-06 19:16:57,728 - INFO - [GINSLIB] processing : 2020/10/04 03:38:43 Q=5
2026-01-06 19:16:57,738 - INFO - [GINSLIB] processing : 2020/10/04 03:38:44 Q=5
2026-01-06 19:16:57,748 - INFO - [GINSLIB] processing : 2020/10/04 03:38:45 Q=5
2026-01-06 19:16:57,759 - INFO - [GINSLIB] processing : 2020/10/04 03:38:46 Q=5
2026-01-06 19:16:57,771 - INFO - [GINSLIB] processing : 2020/10/04 03:38:47 Q=5
2026-01-06 19:16:57,781 - INFO - [GINSLIB] processing : 2020/10/04 03:38:48 Q=5
2026-01-06 19:16:57,790 - INFO - [GINSLIB] processing : 2020/10/04 03:38:49 Q=5
2026-01-06 19:16:57,801 - INFO - [GINSLIB] processing : 2020/10/04 03:38:50 Q=5
2026-01-06 19:16:57,811 - INFO - [GINSLIB] processing : 2020/10/04 03:38:51 Q=5
2026-01-06 19:16:57,821 - INFO - [GINSLIB] processing : 2020/10/04 03:38:52 Q=5
2026-01-06 19:16:57,831 - INFO - [GINSLIB] processing : 2020/10/04 03:38:53 Q=5
2026-01-06 19:16:57,850 - INFO - [GINSLIB] processing : 2020/10/04 03:38:54 Q=5
2026-01-06 19:16:57,851 - INFO - [GINSLIB] processing : 2020/10/04 03:38:55 Q=5
2026-01-06 19:16:57,862 - INFO - [GINSLIB] processing : 2020/10/04 03:38:56 Q=5
2026-01-06 19:16:57,873 - INFO - [GINSLIB] processing : 2020/10/04 03:38:57 Q=5
2026-01-06 19:16:57,884 - INFO - [GINSLIB] processing : 2020/10/04 03:38:58 Q=5
2026-01-06 19:16:57,903 - INFO - [GINSLIB] processing : 2020/10/04 03:38:59 Q=5
2026-01-06 19:16:57,904 - INFO - [GINSLIB] processing : 2020/10/04 03:39:00 Q=5
2026-01-06 19:16:57,915 - INFO - [GINSLIB] processing : 2020/10/04 03:39:01 Q=5
2026-01-06 19:16:57,926 - INFO - [GINSLIB] processing : 2020/10/04 03:39:02 Q=5
2026-01-06 19:16:57,937 - INFO - [GINSLIB] processing : 2020/10/04 03:39:03 Q=5
2026-01-06 19:16:57,956 - INFO - [GINSLIB] processing : 2020/10/04 03:39:04 Q=5
2026-01-06 19:16:57,957 - INFO - [GINSLIB] processing : 2020/10/04 03:39:05 Q=5
2026-01-06 19:16:57,969 - INFO - [GINSLIB] processing : 2020/10/04 03:39:06 Q=5
2026-01-06 19:16:57,981 - INFO - [GINSLIB] processing : 2020/10/04 03:39:07 Q=5
2026-01-06 19:16:57,995 - INFO - [GINSLIB] processing : 2020/10/04 03:39:08 Q=5
2026-01-06 19:16:58,008 - INFO - [GINSLIB] processing : 2020/10/04 03:39:09 Q=5
2026-01-06 19:16:58,021 - INFO - [GINSLIB] processing : 2020/10/04 03:39:10 Q=5
2026-01-06 19:16:58,033 - INFO - [GINSLIB] processing : 2020/10/04 03:39:11 Q=5
2026-01-06 19:16:58,044 - INFO - [GINSLIB] processing : 2020/10/04 03:39:12 Q=5
2026-01-06 19:16:58,056 - INFO - [GINSLIB] processing : 2020/10/04 03:39:13 Q=5
2026-01-06 19:16:58,068 - INFO - [GINSLIB] processing : 2020/10/04 03:39:14 Q=5
2026-01-06 19:16:58,078 - INFO - [GINSLIB] processing : 2020/10/04 03:39:15 Q=5
2026-01-06 19:16:58,089 - INFO - [GINSLIB] processing : 2020/10/04 03:39:16 Q=5
2026-01-06 19:16:58,102 - INFO - [GINSLIB] processing : 2020/10/04 03:39:17 Q=5
2026-01-06 19:16:58,113 - INFO - [GINSLIB] processing : 2020/10/04 03:39:18 Q=5
2026-01-06 19:16:58,125 - INFO - [GINSLIB] processing : 2020/10/04 03:39:19 Q=5
2026-01-06 19:16:58,134 - INFO - [GINSLIB] processing : 2020/10/04 03:39:20 Q=5
2026-01-06 19:16:58,146 - INFO - [GINSLIB] processing : 2020/10/04 03:39:21 Q=5
2026-01-06 19:16:58,158 - INFO - [GINSLIB] processing : 2020/10/04 03:39:22 Q=5
2026-01-06 19:16:58,168 - INFO - [GINSLIB] processing : 2020/10/04 03:39:23 Q=5
2026-01-06 19:16:58,180 - INFO - [GINSLIB] processing : 2020/10/04 03:39:24 Q=5
2026-01-06 19:16:58,201 - INFO - [GINSLIB] processing : 2020/10/04 03:39:25 Q=5
2026-01-06 19:16:58,202 - INFO - [GINSLIB] processing : 2020/10/04 03:39:26 Q=5
2026-01-06 19:16:58,215 - INFO - [GINSLIB] processing : 2020/10/04 03:39:27 Q=5
2026-01-06 19:16:58,229 - INFO - [GINSLIB] processing : 2020/10/04 03:39:28 Q=5
2026-01-06 19:16:58,242 - INFO - [GINSLIB] processing : 2020/10/04 03:39:29 Q=5
2026-01-06 19:16:58,263 - INFO - [GINSLIB] processing : 2020/10/04 03:39:30 Q=5
2026-01-06 19:16:58,266 - INFO - [GINSLIB] processing : 2020/10/04 03:39:31 Q=5
2026-01-06 19:16:58,279 - INFO - [GINSLIB] processing : 2020/10/04 03:39:32 Q=5
2026-01-06 19:16:58,291 - INFO - [GINSLIB] processing : 2020/10/04 03:39:33 Q=5
2026-01-06 19:16:58,303 - INFO - [GINSLIB] processing : 2020/10/04 03:39:34 Q=5
2026-01-06 19:16:58,325 - INFO - [GINSLIB] processing : 2020/10/04 03:39:35 Q=5
2026-01-06 19:16:58,326 - INFO - [GINSLIB] processing : 2020/10/04 03:39:36 Q=5
2026-01-06 19:16:58,339 - INFO - [GINSLIB] processing : 2020/10/04 03:39:37 Q=5
2026-01-06 19:16:58,352 - INFO - [GINSLIB] processing : 2020/10/04 03:39:38 Q=5
2026-01-06 19:16:58,364 - INFO - [GINSLIB] processing : 2020/10/04 03:39:39 Q=5
2026-01-06 19:16:58,375 - INFO - [GINSLIB] processing : 2020/10/04 03:39:40 Q=5
2026-01-06 19:16:58,385 - INFO - [GINSLIB] processing : 2020/10/04 03:39:41 Q=5
2026-01-06 19:16:58,395 - INFO - [GINSLIB] processing : 2020/10/04 03:39:42 Q=5
2026-01-06 19:16:58,405 - INFO - [GINSLIB] processing : 2020/10/04 03:39:43 Q=5
2026-01-06 19:16:58,414 - INFO - [GINSLIB] processing : 2020/10/04 03:39:44 Q=5
2026-01-06 19:16:58,424 - INFO - [GINSLIB] processing : 2020/10/04 03:39:45 Q=5
2026-01-06 19:16:58,433 - INFO - [GINSLIB] processing : 2020/10/04 03:39:46 Q=5
2026-01-06 19:16:58,442 - INFO - [GINSLIB] processing : 2020/10/04 03:39:47 Q=5
2026-01-06 19:16:58,454 - INFO - [GINSLIB] processing : 2020/10/04 03:39:48 Q=5
2026-01-06 19:16:58,464 - INFO - [GINSLIB] processing : 2020/10/04 03:39:49 Q=5
2026-01-06 19:16:58,474 - INFO - [GINSLIB] processing : 2020/10/04 03:39:50 Q=5
2026-01-06 19:16:58,484 - INFO - [GINSLIB] processing : 2020/10/04 03:39:51 Q=5
2026-01-06 19:16:58,495 - INFO - [GINSLIB] processing : 2020/10/04 03:39:52 Q=5
2026-01-06 19:16:58,504 - INFO - [GINSLIB] processing : 2020/10/04 03:39:53 Q=5
2026-01-06 19:16:58,515 - INFO - [GINSLIB] processing : 2020/10/04 03:39:54 Q=5
2026-01-06 19:16:58,526 - INFO - [GINSLIB] processing : 2020/10/04 03:39:55 Q=5
2026-01-06 19:16:58,543 - INFO - [GINSLIB] processing : 2020/10/04 03:39:56 Q=5
2026-01-06 19:16:58,545 - INFO - [GINSLIB] processing : 2020/10/04 03:39:57 Q=5
2026-01-06 19:16:58,556 - INFO - [GINSLIB] processing : 2020/10/04 03:39:58 Q=5
2026-01-06 19:16:58,566 - INFO - [GINSLIB] processing : 2020/10/04 03:39:59 Q=5
2026-01-06 19:16:58,577 - INFO - [GINSLIB] processing : 2020/10/04 03:40:00 Q=5
2026-01-06 19:16:58,595 - INFO - [GINSLIB] processing : 2020/10/04 03:40:01 Q=5
2026-01-06 19:16:58,596 - INFO - [GINSLIB] processing : 2020/10/04 03:40:02 Q=5
2026-01-06 19:16:58,606 - INFO - [GINSLIB] processing : 2020/10/04 03:40:03 Q=5
2026-01-06 19:16:58,617 - INFO - [GINSLIB] processing : 2020/10/04 03:40:04 Q=5
2026-01-06 19:16:58,626 - INFO - [GINSLIB] processing : 2020/10/04 03:40:05 Q=5
2026-01-06 19:16:58,646 - INFO - [GINSLIB] processing : 2020/10/04 03:40:06 Q=5
2026-01-06 19:16:58,647 - INFO - [GINSLIB] processing : 2020/10/04 03:40:07 Q=5
2026-01-06 19:16:58,656 - INFO - [GINSLIB] processing : 2020/10/04 03:40:08 Q=5
2026-01-06 19:16:58,666 - INFO - [GINSLIB] processing : 2020/10/04 03:40:09 Q=5
2026-01-06 19:16:58,676 - INFO - [GINSLIB] processing : 2020/10/04 03:40:10 Q=5
2026-01-06 19:16:58,686 - INFO - [GINSLIB] processing : 2020/10/04 03:40:11 Q=5
2026-01-06 19:16:58,695 - INFO - [GINSLIB] processing : 2020/10/04 03:40:12 Q=5
2026-01-06 19:16:58,707 - INFO - [GINSLIB] processing : 2020/10/04 03:40:13 Q=5
2026-01-06 19:16:58,717 - INFO - [GINSLIB] processing : 2020/10/04 03:40:14 Q=5
2026-01-06 19:16:58,726 - INFO - [GINSLIB] processing : 2020/10/04 03:40:15 Q=5
2026-01-06 19:16:58,738 - INFO - [GINSLIB] processing : 2020/10/04 03:40:16 Q=5
2026-01-06 19:16:58,747 - INFO - [GINSLIB] processing : 2020/10/04 03:40:17 Q=5
2026-01-06 19:16:58,757 - INFO - [GINSLIB] processing : 2020/10/04 03:40:18 Q=5
2026-01-06 19:16:58,770 - INFO - [GINSLIB] processing : 2020/10/04 03:40:19 Q=5
2026-01-06 19:16:58,780 - INFO - [GINSLIB] processing : 2020/10/04 03:40:20 Q=5
2026-01-06 19:16:58,793 - INFO - [GINSLIB] processing : 2020/10/04 03:40:21 Q=5
2026-01-06 19:16:58,818 - INFO - [GINSLIB] processing : 2020/10/04 03:40:22 Q=5
2026-01-06 19:16:58,820 - INFO - [GINSLIB] processing : 2020/10/04 03:40:23 Q=5
2026-01-06 19:16:58,833 - INFO - [GINSLIB] processing : 2020/10/04 03:40:24 Q=5
2026-01-06 19:16:58,844 - INFO - [GINSLIB] processing : 2020/10/04 03:40:25 Q=5
2026-01-06 19:16:58,856 - INFO - [GINSLIB] processing : 2020/10/04 03:40:26 Q=5
2026-01-06 19:16:58,880 - INFO - [GINSLIB] processing : 2020/10/04 03:40:27 Q=5
2026-01-06 19:16:58,884 - INFO - [GINSLIB] processing : 2020/10/04 03:40:28 Q=5
2026-01-06 19:16:58,899 - INFO - [GINSLIB] processing : 2020/10/04 03:40:29 Q=5
2026-01-06 19:16:58,913 - INFO - [GINSLIB] processing : 2020/10/04 03:40:30 Q=5
2026-01-06 19:16:58,927 - INFO - [GINSLIB] processing : 2020/10/04 03:40:31 Q=5
2026-01-06 19:16:58,950 - INFO - [GINSLIB] processing : 2020/10/04 03:40:32 Q=5
2026-01-06 19:16:58,951 - INFO - [GINSLIB] processing : 2020/10/04 03:40:33 Q=5
2026-01-06 19:16:58,964 - INFO - [GINSLIB] processing : 2020/10/04 03:40:34 Q=5
2026-01-06 19:16:58,975 - INFO - [GINSLIB] processing : 2020/10/04 03:40:35 Q=5
2026-01-06 19:16:58,987 - INFO - [GINSLIB] processing : 2020/10/04 03:40:36 Q=5
2026-01-06 19:16:59,008 - INFO - [GINSLIB] processing : 2020/10/04 03:40:37 Q=5
2026-01-06 19:16:59,009 - INFO - [GINSLIB] processing : 2020/10/04 03:40:38 Q=5
2026-01-06 19:16:59,019 - INFO - [GINSLIB] processing : 2020/10/04 03:40:39 Q=5
2026-01-06 19:16:59,030 - INFO - [GINSLIB] processing : 2020/10/04 03:40:40 Q=5
2026-01-06 19:16:59,042 - INFO - [GINSLIB] processing : 2020/10/04 03:40:41 Q=5
2026-01-06 19:16:59,053 - INFO - [GINSLIB] processing : 2020/10/04 03:40:42 Q=5
2026-01-06 19:16:59,062 - INFO - [GINSLIB] processing : 2020/10/04 03:40:43 Q=5
2026-01-06 19:16:59,073 - INFO - [GINSLIB] processing : 2020/10/04 03:40:44 Q=5
2026-01-06 19:16:59,085 - INFO - [GINSLIB] processing : 2020/10/04 03:40:45 Q=5
2026-01-06 19:16:59,096 - INFO - [GINSLIB] processing : 2020/10/04 03:40:46 Q=5
2026-01-06 19:16:59,108 - INFO - [GINSLIB] processing : 2020/10/04 03:40:47 Q=5
2026-01-06 19:16:59,117 - INFO - [GINSLIB] processing : 2020/10/04 03:40:48 Q=5
2026-01-06 19:16:59,128 - INFO - [GINSLIB] processing : 2020/10/04 03:40:49 Q=5
2026-01-06 19:16:59,142 - INFO - [GINSLIB] processing : 2020/10/04 03:40:50 Q=5
2026-01-06 19:16:59,154 - INFO - [GINSLIB] processing : 2020/10/04 03:40:51 Q=5
2026-01-06 19:16:59,167 - INFO - [GINSLIB] processing : 2020/10/04 03:40:52 Q=5
2026-01-06 19:16:59,189 - INFO - [GINSLIB] processing : 2020/10/04 03:40:53 Q=5
2026-01-06 19:16:59,191 - INFO - [GINSLIB] processing : 2020/10/04 03:40:54 Q=5
2026-01-06 19:16:59,203 - INFO - [GINSLIB] processing : 2020/10/04 03:40:55 Q=5
2026-01-06 19:16:59,218 - INFO - [GINSLIB] processing : 2020/10/04 03:40:56 Q=5
2026-01-06 19:16:59,230 - INFO - [GINSLIB] processing : 2020/10/04 03:40:57 Q=5
2026-01-06 19:16:59,252 - INFO - [GINSLIB] processing : 2020/10/04 03:40:58 Q=5
2026-01-06 19:16:59,253 - INFO - [GINSLIB] processing : 2020/10/04 03:40:59 Q=5
2026-01-06 19:16:59,264 - INFO - [GINSLIB] processing : 2020/10/04 03:41:00 Q=5
2026-01-06 19:16:59,275 - INFO - [GINSLIB] processing : 2020/10/04 03:41:01 Q=5
2026-01-06 19:16:59,286 - INFO - [GINSLIB] processing : 2020/10/04 03:41:02 Q=5
2026-01-06 19:16:59,303 - INFO - [GINSLIB] processing : 2020/10/04 03:41:03 Q=5
2026-01-06 19:16:59,304 - INFO - [GINSLIB] processing : 2020/10/04 03:41:04 Q=5
2026-01-06 19:16:59,314 - INFO - [GINSLIB] processing : 2020/10/04 03:41:05 Q=5
2026-01-06 19:16:59,325 - INFO - [GINSLIB] processing : 2020/10/04 03:41:06 Q=5
2026-01-06 19:16:59,336 - INFO - [GINSLIB] processing : 2020/10/04 03:41:07 Q=5
2026-01-06 19:16:59,346 - INFO - [GINSLIB] processing : 2020/10/04 03:41:08 Q=5
2026-01-06 19:16:59,355 - INFO - [GINSLIB] processing : 2020/10/04 03:41:09 Q=5
2026-01-06 19:16:59,367 - INFO - [GINSLIB] processing : 2020/10/04 03:41:10 Q=5
2026-01-06 19:16:59,378 - INFO - [GINSLIB] processing : 2020/10/04 03:41:11 Q=5
2026-01-06 19:16:59,389 - INFO - [GINSLIB] processing : 2020/10/04 03:41:12 Q=5
2026-01-06 19:16:59,402 - INFO - [GINSLIB] processing : 2020/10/04 03:41:13 Q=5
2026-01-06 19:16:59,415 - INFO - [GINSLIB] processing : 2020/10/04 03:41:14 Q=5
2026-01-06 19:16:59,430 - INFO - [GINSLIB] processing : 2020/10/04 03:41:15 Q=5
2026-01-06 19:16:59,443 - INFO - [GINSLIB] processing : 2020/10/04 03:41:16 Q=5
2026-01-06 19:16:59,456 - INFO - [GINSLIB] processing : 2020/10/04 03:41:17 Q=5
2026-01-06 19:16:59,467 - INFO - [GINSLIB] processing : 2020/10/04 03:41:18 Q=5
2026-01-06 19:16:59,477 - INFO - [GINSLIB] processing : 2020/10/04 03:41:19 Q=5
2026-01-06 19:16:59,489 - INFO - [GINSLIB] processing : 2020/10/04 03:41:20 Q=5
2026-01-06 19:16:59,502 - INFO - [GINSLIB] processing : 2020/10/04 03:41:21 Q=5
2026-01-06 19:16:59,514 - INFO - [GINSLIB] processing : 2020/10/04 03:41:22 Q=5
2026-01-06 19:16:59,526 - INFO - [GINSLIB] processing : 2020/10/04 03:41:23 Q=5
2026-01-06 19:16:59,550 - INFO - [GINSLIB] processing : 2020/10/04 03:41:24 Q=5
2026-01-06 19:16:59,550 - INFO - [GINSLIB] processing : 2020/10/04 03:41:25 Q=5
2026-01-06 19:16:59,564 - INFO - [GINSLIB] processing : 2020/10/04 03:41:26 Q=5
2026-01-06 19:16:59,578 - INFO - [GINSLIB] processing : 2020/10/04 03:41:27 Q=5
2026-01-06 19:16:59,591 - INFO - [GINSLIB] processing : 2020/10/04 03:41:28 Q=5
2026-01-06 19:16:59,613 - INFO - [GINSLIB] processing : 2020/10/04 03:41:29 Q=5
2026-01-06 19:16:59,614 - INFO - [GINSLIB] processing : 2020/10/04 03:41:30 Q=5
2026-01-06 19:16:59,625 - INFO - [GINSLIB] processing : 2020/10/04 03:41:31 Q=5
2026-01-06 19:16:59,637 - INFO - [GINSLIB] processing : 2020/10/04 03:41:32 Q=5
2026-01-06 19:16:59,647 - INFO - [GINSLIB] processing : 2020/10/04 03:41:33 Q=5
2026-01-06 19:16:59,666 - INFO - [GINSLIB] processing : 2020/10/04 03:41:34 Q=5
2026-01-06 19:16:59,667 - INFO - [GINSLIB] processing : 2020/10/04 03:41:35 Q=5
2026-01-06 19:16:59,678 - INFO - [GINSLIB] processing : 2020/10/04 03:41:36 Q=5
2026-01-06 19:16:59,689 - INFO - [GINSLIB] processing : 2020/10/04 03:41:37 Q=5
2026-01-06 19:16:59,698 - INFO - [GINSLIB] processing : 2020/10/04 03:41:38 Q=5
2026-01-06 19:16:59,709 - INFO - [GINSLIB] processing : 2020/10/04 03:41:39 Q=5
2026-01-06 19:16:59,717 - INFO - [GINSLIB] processing : 2020/10/04 03:41:40 Q=5
2026-01-06 19:16:59,727 - INFO - [GINSLIB] processing : 2020/10/04 03:41:41 Q=5
2026-01-06 19:16:59,737 - INFO - [GINSLIB] processing : 2020/10/04 03:41:42 Q=5
2026-01-06 19:16:59,747 - INFO - [GINSLIB] processing : 2020/10/04 03:41:43 Q=5
2026-01-06 19:16:59,756 - INFO - [GINSLIB] processing : 2020/10/04 03:41:44 Q=5
2026-01-06 19:16:59,765 - INFO - [GINSLIB] processing : 2020/10/04 03:41:45 Q=5
2026-01-06 19:16:59,776 - INFO - [GINSLIB] processing : 2020/10/04 03:41:46 Q=5
2026-01-06 19:16:59,787 - INFO - [GINSLIB] processing : 2020/10/04 03:41:47 Q=5
2026-01-06 19:16:59,797 - INFO - [GINSLIB] processing : 2020/10/04 03:41:48 Q=5
2026-01-06 19:16:59,811 - INFO - [GINSLIB] processing : 2020/10/04 03:41:49 Q=5
2026-01-06 19:16:59,822 - INFO - [GINSLIB] processing : 2020/10/04 03:41:50 Q=5
2026-01-06 19:16:59,832 - INFO - [GINSLIB] processing : 2020/10/04 03:41:51 Q=5
2026-01-06 19:16:59,842 - INFO - [GINSLIB] processing : 2020/10/04 03:41:52 Q=5
2026-01-06 19:16:59,853 - INFO - [GINSLIB] processing : 2020/10/04 03:41:53 Q=5
2026-01-06 19:16:59,863 - INFO - [GINSLIB] processing : 2020/10/04 03:41:54 Q=5
2026-01-06 19:16:59,880 - INFO - [GINSLIB] processing : 2020/10/04 03:41:55 Q=5
2026-01-06 19:16:59,881 - INFO - [GINSLIB] processing : 2020/10/04 03:41:56 Q=5
2026-01-06 19:16:59,892 - INFO - [GINSLIB] processing : 2020/10/04 03:41:57 Q=5
2026-01-06 19:16:59,905 - INFO - [GINSLIB] processing : 2020/10/04 03:41:58 Q=5
2026-01-06 19:16:59,915 - INFO - [GINSLIB] processing : 2020/10/04 03:41:59 Q=5
2026-01-06 19:16:59,932 - INFO - [GINSLIB] processing : 2020/10/04 03:42:00 Q=5
2026-01-06 19:16:59,934 - INFO - [GINSLIB] processing : 2020/10/04 03:42:01 Q=5
2026-01-06 19:16:59,944 - INFO - [GINSLIB] processing : 2020/10/04 03:42:02 Q=5
2026-01-06 19:16:59,956 - INFO - [GINSLIB] processing : 2020/10/04 03:42:03 Q=5
2026-01-06 19:16:59,967 - INFO - [GINSLIB] processing : 2020/10/04 03:42:04 Q=5
2026-01-06 19:16:59,987 - INFO - [GINSLIB] processing : 2020/10/04 03:42:05 Q=5
2026-01-06 19:16:59,989 - INFO - [GINSLIB] processing : 2020/10/04 03:42:06 Q=5
2026-01-06 19:16:59,998 - INFO - [GINSLIB] processing : 2020/10/04 03:42:07 Q=5
2026-01-06 19:17:00,010 - INFO - [GINSLIB] processing : 2020/10/04 03:42:08 Q=5
2026-01-06 19:17:00,022 - INFO - [GINSLIB] processing : 2020/10/04 03:42:09 Q=5
2026-01-06 19:17:00,032 - INFO - [GINSLIB] processing : 2020/10/04 03:42:10 Q=5
2026-01-06 19:17:00,042 - INFO - [GINSLIB] processing : 2020/10/04 03:42:11 Q=5
2026-01-06 19:17:00,053 - INFO - [GINSLIB] processing : 2020/10/04 03:42:12 Q=5
2026-01-06 19:17:00,063 - INFO - [GINSLIB] processing : 2020/10/04 03:42:13 Q=5
2026-01-06 19:17:00,073 - INFO - [GINSLIB] processing : 2020/10/04 03:42:14 Q=5
2026-01-06 19:17:00,085 - INFO - [GINSLIB] processing : 2020/10/04 03:42:15 Q=5
2026-01-06 19:17:00,093 - INFO - [GINSLIB] processing : 2020/10/04 03:42:16 Q=5
2026-01-06 19:17:00,105 - INFO - [GINSLIB] processing : 2020/10/04 03:42:17 Q=5
2026-01-06 19:17:00,114 - INFO - [GINSLIB] processing : 2020/10/04 03:42:18 Q=5
2026-01-06 19:17:00,124 - INFO - [GINSLIB] processing : 2020/10/04 03:42:19 Q=5
2026-01-06 19:17:00,134 - INFO - [GINSLIB] processing : 2020/10/04 03:42:20 Q=5
2026-01-06 19:17:00,144 - INFO - [GINSLIB] processing : 2020/10/04 03:42:21 Q=5
2026-01-06 19:17:00,153 - INFO - [GINSLIB] processing : 2020/10/04 03:42:22 Q=5
2026-01-06 19:17:00,164 - INFO - [GINSLIB] processing : 2020/10/04 03:42:23 Q=5
2026-01-06 19:17:00,174 - INFO - [GINSLIB] processing : 2020/10/04 03:42:24 Q=5
2026-01-06 19:17:00,184 - INFO - [GINSLIB] processing : 2020/10/04 03:42:25 Q=5
2026-01-06 19:17:00,203 - INFO - [GINSLIB] processing : 2020/10/04 03:42:26 Q=5
2026-01-06 19:17:00,204 - INFO - [GINSLIB] processing : 2020/10/04 03:42:27 Q=5
2026-01-06 19:17:00,214 - INFO - [GINSLIB] processing : 2020/10/04 03:42:28 Q=5
2026-01-06 19:17:00,225 - INFO - [GINSLIB] processing : 2020/10/04 03:42:29 Q=5
2026-01-06 19:17:00,235 - INFO - [GINSLIB] processing : 2020/10/04 03:42:30 Q=5
2026-01-06 19:17:00,254 - INFO - [GINSLIB] processing : 2020/10/04 03:42:31 Q=5
2026-01-06 19:17:00,255 - INFO - [GINSLIB] processing : 2020/10/04 03:42:32 Q=5
2026-01-06 19:17:00,264 - INFO - [GINSLIB] processing : 2020/10/04 03:42:33 Q=5
2026-01-06 19:17:00,275 - INFO - [GINSLIB] processing : 2020/10/04 03:42:34 Q=5
2026-01-06 19:17:00,285 - INFO - [GINSLIB] processing : 2020/10/04 03:42:35 Q=5
2026-01-06 19:17:00,303 - INFO - [GINSLIB] processing : 2020/10/04 03:42:36 Q=5
2026-01-06 19:17:00,304 - INFO - [GINSLIB] processing : 2020/10/04 03:42:37 Q=5
2026-01-06 19:17:00,317 - INFO - [GINSLIB] processing : 2020/10/04 03:42:38 Q=5
2026-01-06 19:17:00,331 - INFO - [GINSLIB] processing : 2020/10/04 03:42:39 Q=5
2026-01-06 19:17:00,342 - INFO - [GINSLIB] processing : 2020/10/04 03:42:40 Q=5
2026-01-06 19:17:00,356 - INFO - [GINSLIB] processing : 2020/10/04 03:42:41 Q=5
2026-01-06 19:17:00,368 - INFO - [GINSLIB] processing : 2020/10/04 03:42:42 Q=5
2026-01-06 19:17:00,378 - INFO - [GINSLIB] processing : 2020/10/04 03:42:43 Q=5
2026-01-06 19:17:00,388 - INFO - [GINSLIB] processing : 2020/10/04 03:42:44 Q=5
2026-01-06 19:17:00,401 - INFO - [GINSLIB] processing : 2020/10/04 03:42:45 Q=5
2026-01-06 19:17:00,416 - INFO - [GINSLIB] processing : 2020/10/04 03:42:46 Q=5
2026-01-06 19:17:00,427 - INFO - [GINSLIB] processing : 2020/10/04 03:42:47 Q=5
2026-01-06 19:17:00,438 - INFO - [GINSLIB] processing : 2020/10/04 03:42:48 Q=5
2026-01-06 19:17:00,448 - INFO - [GINSLIB] processing : 2020/10/04 03:42:49 Q=5
2026-01-06 19:17:00,459 - INFO - [GINSLIB] processing : 2020/10/04 03:42:50 Q=5
2026-01-06 19:17:00,471 - INFO - [GINSLIB] processing : 2020/10/04 03:42:51 Q=5
2026-01-06 19:17:00,480 - INFO - [GINSLIB] processing : 2020/10/04 03:42:52 Q=5
2026-01-06 19:17:00,491 - INFO - [GINSLIB] processing : 2020/10/04 03:42:53 Q=5
2026-01-06 19:17:00,504 - INFO - [GINSLIB] processing : 2020/10/04 03:42:54 Q=5
2026-01-06 19:17:00,546 - INFO - [GINSLIB] processing : 2020/10/04 03:42:55 Q=5
2026-01-06 19:17:00,570 - INFO - [GINSLIB] processing : 2020/10/04 03:42:56 Q=5
2026-01-06 19:17:00,589 - INFO - [GINSLIB] processing : 2020/10/04 03:42:57 Q=5
2026-01-06 19:17:00,591 - INFO - [GINSLIB] processing : 2020/10/04 03:42:58 Q=5
2026-01-06 19:17:00,602 - INFO - [GINSLIB] processing : 2020/10/04 03:42:59 Q=5
2026-01-06 19:17:00,612 - INFO - [GINSLIB] processing : 2020/10/04 03:43:00 Q=5
2026-01-06 19:17:00,625 - INFO - [GINSLIB] processing : 2020/10/04 03:43:01 Q=5
2026-01-06 19:17:00,646 - INFO - [GINSLIB] processing : 2020/10/04 03:43:02 Q=5
2026-01-06 19:17:00,647 - INFO - [GINSLIB] processing : 2020/10/04 03:43:03 Q=5
2026-01-06 19:17:00,659 - INFO - [GINSLIB] processing : 2020/10/04 03:43:04 Q=5
2026-01-06 19:17:00,673 - INFO - [GINSLIB] processing : 2020/10/04 03:43:05 Q=5
2026-01-06 19:17:00,686 - INFO - [GINSLIB] processing : 2020/10/04 03:43:06 Q=5
2026-01-06 19:17:00,706 - INFO - [GINSLIB] processing : 2020/10/04 03:43:07 Q=5
2026-01-06 19:17:00,707 - INFO - [GINSLIB] processing : 2020/10/04 03:43:08 Q=5
2026-01-06 19:17:00,719 - INFO - [GINSLIB] processing : 2020/10/04 03:43:09 Q=5
2026-01-06 19:17:00,734 - INFO - [GINSLIB] processing : 2020/10/04 03:43:10 Q=5
2026-01-06 19:17:00,748 - INFO - [GINSLIB] processing : 2020/10/04 03:43:11 Q=5
2026-01-06 19:17:00,762 - INFO - [GINSLIB] processing : 2020/10/04 03:43:12 Q=5
2026-01-06 19:17:00,772 - INFO - [GINSLIB] processing : 2020/10/04 03:43:13 Q=5
2026-01-06 19:17:00,785 - INFO - [GINSLIB] processing : 2020/10/04 03:43:14 Q=5
2026-01-06 19:17:00,798 - INFO - [GINSLIB] processing : 2020/10/04 03:43:15 Q=5
2026-01-06 19:17:00,810 - INFO - [GINSLIB] processing : 2020/10/04 03:43:16 Q=5
2026-01-06 19:17:00,823 - INFO - [GINSLIB] processing : 2020/10/04 03:43:17 Q=5
2026-01-06 19:17:00,835 - INFO - [GINSLIB] processing : 2020/10/04 03:43:18 Q=5
2026-01-06 19:17:00,851 - INFO - [GINSLIB] processing : 2020/10/04 03:43:19 Q=5
2026-01-06 19:17:00,867 - INFO - [GINSLIB] processing : 2020/10/04 03:43:20 Q=5
2026-01-06 19:17:00,881 - INFO - [GINSLIB] processing : 2020/10/04 03:43:21 Q=5
2026-01-06 19:17:00,894 - INFO - [GINSLIB] processing : 2020/10/04 03:43:22 Q=5
2026-01-06 19:17:00,907 - INFO - [GINSLIB] processing : 2020/10/04 03:43:23 Q=5
2026-01-06 19:17:00,918 - INFO - [GINSLIB] processing : 2020/10/04 03:43:24 Q=5
2026-01-06 19:17:00,932 - INFO - [GINSLIB] processing : 2020/10/04 03:43:25 Q=5
2026-01-06 19:17:00,945 - INFO - [GINSLIB] processing : 2020/10/04 03:43:26 Q=5
2026-01-06 19:17:00,958 - INFO - [GINSLIB] processing : 2020/10/04 03:43:27 Q=5
2026-01-06 19:17:00,983 - INFO - [GINSLIB] processing : 2020/10/04 03:43:28 Q=5
2026-01-06 19:17:00,984 - INFO - [GINSLIB] processing : 2020/10/04 03:43:29 Q=5
2026-01-06 19:17:00,995 - INFO - [GINSLIB] processing : 2020/10/04 03:43:30 Q=5
2026-01-06 19:17:01,005 - INFO - [GINSLIB] processing : 2020/10/04 03:43:31 Q=5
2026-01-06 19:17:01,015 - INFO - [GINSLIB] processing : 2020/10/04 03:43:32 Q=5
2026-01-06 19:17:01,033 - INFO - [GINSLIB] processing : 2020/10/04 03:43:33 Q=5
2026-01-06 19:17:01,034 - INFO - [GINSLIB] processing : 2020/10/04 03:43:34 Q=5
2026-01-06 19:17:01,045 - INFO - [GINSLIB] processing : 2020/10/04 03:43:35 Q=5
2026-01-06 19:17:01,055 - INFO - [GINSLIB] processing : 2020/10/04 03:43:36 Q=5
2026-01-06 19:17:01,064 - INFO - [GINSLIB] processing : 2020/10/04 03:43:37 Q=5
2026-01-06 19:17:01,083 - INFO - [GINSLIB] processing : 2020/10/04 03:43:38 Q=5
2026-01-06 19:17:01,084 - INFO - [GINSLIB] processing : 2020/10/04 03:43:39 Q=5
2026-01-06 19:17:01,094 - INFO - [GINSLIB] processing : 2020/10/04 03:43:40 Q=5
2026-01-06 19:17:01,104 - INFO - [GINSLIB] processing : 2020/10/04 03:43:41 Q=5
2026-01-06 19:17:01,114 - INFO - [GINSLIB] processing : 2020/10/04 03:43:42 Q=5
2026-01-06 19:17:01,122 - INFO - [GINSLIB] processing : 2020/10/04 03:43:43 Q=5
2026-01-06 19:17:01,128 - INFO - [GINSLIB] processing : 2020/10/04 03:43:44 Q=5
2026-01-06 19:17:01,138 - INFO - [GINSLIB] processing : 2020/10/04 03:43:45 Q=5
2026-01-06 19:17:01,147 - INFO - [GINSLIB] processing : 2020/10/04 03:43:46 Q=5
2026-01-06 19:17:01,155 - INFO - [GINSLIB] processing : 2020/10/04 03:43:47 Q=5
2026-01-06 19:17:01,165 - INFO - [GINSLIB] processing : 2020/10/04 03:43:48 Q=5
2026-01-06 19:17:01,174 - INFO - [GINSLIB] processing : 2020/10/04 03:43:49 Q=5
2026-01-06 19:17:01,185 - INFO - [GINSLIB] processing : 2020/10/04 03:43:50 Q=5
2026-01-06 19:17:01,195 - INFO - [GINSLIB] processing : 2020/10/04 03:43:51 Q=5
2026-01-06 19:17:01,204 - INFO - [GINSLIB] processing : 2020/10/04 03:43:52 Q=5
2026-01-06 19:17:01,213 - INFO - [GINSLIB] processing : 2020/10/04 03:43:52 Q=7
2026-01-06 19:17:01,215 - INFO - [GINSLIB] processing : 2020/10/04 03:43:53 Q=7
2026-01-06 19:17:01,223 - INFO - [GINSLIB] processing : 2020/10/04 03:43:53 Q=5
2026-01-06 19:17:01,231 - INFO - [GINSLIB] processing : 2020/10/04 03:43:54 Q=5
2026-01-06 19:17:01,233 - INFO - [GINSLIB] processing : 2020/10/04 03:43:55 Q=5
2026-01-06 19:17:01,244 - INFO - [GINSLIB] processing : 2020/10/04 03:43:56 Q=5
2026-01-06 19:17:01,254 - INFO - [GINSLIB] processing : 2020/10/04 03:43:57 Q=5
2026-01-06 19:17:01,264 - INFO - [GINSLIB] processing : 2020/10/04 03:43:58 Q=5
2026-01-06 19:17:01,282 - INFO - [GINSLIB] processing : 2020/10/04 03:43:59 Q=5
2026-01-06 19:17:01,283 - INFO - [GINSLIB] processing : 2020/10/04 03:44:00 Q=5
2026-01-06 19:17:01,293 - INFO - [GINSLIB] processing : 2020/10/04 03:44:01 Q=5
2026-01-06 19:17:01,304 - INFO - [GINSLIB] processing : 2020/10/04 03:44:02 Q=5
2026-01-06 19:17:01,315 - INFO - [GINSLIB] processing : 2020/10/04 03:44:03 Q=5
2026-01-06 19:17:01,335 - INFO - [GINSLIB] processing : 2020/10/04 03:44:04 Q=5
2026-01-06 19:17:01,336 - INFO - [GINSLIB] processing : 2020/10/04 03:44:05 Q=5
2026-01-06 19:17:01,346 - INFO - [GINSLIB] processing : 2020/10/04 03:44:06 Q=5
2026-01-06 19:17:01,357 - INFO - [GINSLIB] processing : 2020/10/04 03:44:07 Q=5
2026-01-06 19:17:01,369 - INFO - [GINSLIB] processing : 2020/10/04 03:44:08 Q=5
2026-01-06 19:17:01,379 - INFO - [GINSLIB] processing : 2020/10/04 03:44:09 Q=5
2026-01-06 19:17:01,390 - INFO - [GINSLIB] processing : 2020/10/04 03:44:10 Q=5
2026-01-06 19:17:01,401 - INFO - [GINSLIB] processing : 2020/10/04 03:44:11 Q=5
2026-01-06 19:17:01,412 - INFO - [GINSLIB] processing : 2020/10/04 03:44:12 Q=5
2026-01-06 19:17:01,423 - INFO - [GINSLIB] processing : 2020/10/04 03:44:13 Q=5
2026-01-06 19:17:01,434 - INFO - [GINSLIB] processing : 2020/10/04 03:44:14 Q=5
2026-01-06 19:17:01,444 - INFO - [GINSLIB] processing : 2020/10/04 03:44:15 Q=5
2026-01-06 19:17:01,457 - INFO - [GINSLIB] processing : 2020/10/04 03:44:16 Q=5
2026-01-06 19:17:01,471 - INFO - [GINSLIB] processing : 2020/10/04 03:44:17 Q=5
2026-01-06 19:17:01,486 - INFO - [GINSLIB] processing : 2020/10/04 03:44:18 Q=5
2026-01-06 19:17:01,504 - INFO - [GINSLIB] processing : 2020/10/04 03:44:19 Q=5
2026-01-06 19:17:01,518 - INFO - [GINSLIB] processing : 2020/10/04 03:44:20 Q=5
2026-01-06 19:17:01,530 - INFO - [GINSLIB] processing : 2020/10/04 03:44:21 Q=5
2026-01-06 19:17:01,545 - INFO - [GINSLIB] processing : 2020/10/04 03:44:22 Q=5
2026-01-06 19:17:01,563 - INFO - [GINSLIB] processing : 2020/10/04 03:44:23 Q=5
2026-01-06 19:17:01,575 - INFO - [GINSLIB] processing : 2020/10/04 03:44:24 Q=5
2026-01-06 19:17:01,597 - INFO - [GINSLIB] processing : 2020/10/04 03:44:25 Q=5
2026-01-06 19:17:01,600 - INFO - [GINSLIB] processing : 2020/10/04 03:44:26 Q=5
2026-01-06 19:17:01,613 - INFO - [GINSLIB] processing : 2020/10/04 03:44:27 Q=5
2026-01-06 19:17:01,626 - INFO - [GINSLIB] processing : 2020/10/04 03:44:28 Q=5
2026-01-06 19:17:01,639 - INFO - [GINSLIB] processing : 2020/10/04 03:44:29 Q=5
2026-01-06 19:17:01,658 - INFO - [GINSLIB] processing : 2020/10/04 03:44:30 Q=5
2026-01-06 19:17:01,659 - INFO - [GINSLIB] processing : 2020/10/04 03:44:31 Q=5
2026-01-06 19:17:01,670 - INFO - [GINSLIB] processing : 2020/10/04 03:44:32 Q=5
2026-01-06 19:17:01,681 - INFO - [GINSLIB] processing : 2020/10/04 03:44:33 Q=5
2026-01-06 19:17:01,692 - INFO - [GINSLIB] processing : 2020/10/04 03:44:34 Q=5
2026-01-06 19:17:01,711 - INFO - [GINSLIB] processing : 2020/10/04 03:44:35 Q=5
2026-01-06 19:17:01,712 - INFO - [GINSLIB] processing : 2020/10/04 03:44:36 Q=5
2026-01-06 19:17:01,723 - INFO - [GINSLIB] processing : 2020/10/04 03:44:37 Q=5
2026-01-06 19:17:01,736 - INFO - [GINSLIB] processing : 2020/10/04 03:44:38 Q=5
2026-01-06 19:17:01,746 - INFO - [GINSLIB] processing : 2020/10/04 03:44:39 Q=5
2026-01-06 19:17:01,758 - INFO - [GINSLIB] processing : 2020/10/04 03:44:40 Q=5
2026-01-06 19:17:01,767 - INFO - [GINSLIB] processing : 2020/10/04 03:44:41 Q=5
2026-01-06 19:17:01,777 - INFO - [GINSLIB] processing : 2020/10/04 03:44:42 Q=5
2026-01-06 19:17:01,788 - INFO - [GINSLIB] processing : 2020/10/04 03:44:43 Q=5
2026-01-06 19:17:01,798 - INFO - [GINSLIB] processing : 2020/10/04 03:44:44 Q=5
2026-01-06 19:17:01,808 - INFO - [GINSLIB] processing : 2020/10/04 03:44:45 Q=5
2026-01-06 19:17:01,817 - INFO - [GINSLIB] processing : 2020/10/04 03:44:46 Q=5
2026-01-06 19:17:01,827 - INFO - [GINSLIB] processing : 2020/10/04 03:44:47 Q=5
2026-01-06 19:17:01,837 - INFO - [GINSLIB] processing : 2020/10/04 03:44:48 Q=5
2026-01-06 19:17:01,847 - INFO - [GINSLIB] processing : 2020/10/04 03:44:49 Q=5
2026-01-06 19:17:01,857 - INFO - [GINSLIB] processing : 2020/10/04 03:44:50 Q=5
2026-01-06 19:17:01,866 - INFO - [GINSLIB] processing : 2020/10/04 03:44:51 Q=5
2026-01-06 19:17:01,878 - INFO - [GINSLIB] processing : 2020/10/04 03:44:52 Q=5
2026-01-06 19:17:01,887 - INFO - [GINSLIB] processing : 2020/10/04 03:44:53 Q=5
2026-01-06 19:17:01,897 - INFO - [GINSLIB] processing : 2020/10/04 03:44:54 Q=5
2026-01-06 19:17:01,909 - INFO - [GINSLIB] processing : 2020/10/04 03:44:55 Q=5
2026-01-06 19:17:01,928 - INFO - [GINSLIB] processing : 2020/10/04 03:44:56 Q=5
2026-01-06 19:17:01,929 - INFO - [GINSLIB] processing : 2020/10/04 03:44:57 Q=5
2026-01-06 19:17:01,940 - INFO - [GINSLIB] processing : 2020/10/04 03:44:58 Q=5
2026-01-06 19:17:01,950 - INFO - [GINSLIB] processing : 2020/10/04 03:44:59 Q=5
2026-01-06 19:17:01,959 - INFO - [GINSLIB] processing : 2020/10/04 03:45:00 Q=5
2026-01-06 19:17:02,000 - INFO - [GINSLIB] processing : 2020/10/04 03:45:01 Q=5
2026-01-06 19:17:02,016 - INFO - [GINSLIB] processing : 2020/10/04 03:45:02 Q=5
2026-01-06 19:17:02,022 - INFO - [GINSLIB] processing : 2020/10/04 03:45:03 Q=5
2026-01-06 19:17:02,043 - INFO - [GINSLIB] processing : 2020/10/04 03:45:04 Q=5
2026-01-06 19:17:02,054 - INFO - [GINSLIB] processing : 2020/10/04 03:45:05 Q=5
2026-01-06 19:17:02,073 - INFO - [GINSLIB] processing : 2020/10/04 03:45:06 Q=5
2026-01-06 19:17:02,074 - INFO - [GINSLIB] processing : 2020/10/04 03:45:07 Q=5
2026-01-06 19:17:02,084 - INFO - [GINSLIB] processing : 2020/10/04 03:45:08 Q=5
2026-01-06 19:17:02,095 - INFO - [GINSLIB] processing : 2020/10/04 03:45:09 Q=5
2026-01-06 19:17:02,106 - INFO - [GINSLIB] processing : 2020/10/04 03:45:10 Q=5
2026-01-06 19:17:02,115 - INFO - [GINSLIB] processing : 2020/10/04 03:45:11 Q=5
2026-01-06 19:17:02,126 - INFO - [GINSLIB] processing : 2020/10/04 03:45:12 Q=5
2026-01-06 19:17:02,138 - INFO - [GINSLIB] processing : 2020/10/04 03:45:13 Q=5
2026-01-06 19:17:02,149 - INFO - [GINSLIB] processing : 2020/10/04 03:45:14 Q=5
2026-01-06 19:17:02,161 - INFO - [GINSLIB] processing : 2020/10/04 03:45:15 Q=5
2026-01-06 19:17:02,172 - INFO - [GINSLIB] processing : 2020/10/04 03:45:16 Q=5
2026-01-06 19:17:02,181 - INFO - [GINSLIB] processing : 2020/10/04 03:45:17 Q=5
2026-01-06 19:17:02,193 - INFO - [GINSLIB] processing : 2020/10/04 03:45:18 Q=5
2026-01-06 19:17:02,205 - INFO - [GINSLIB] processing : 2020/10/04 03:45:19 Q=5
2026-01-06 19:17:02,216 - INFO - [GINSLIB] processing : 2020/10/04 03:45:20 Q=5
2026-01-06 19:17:02,226 - INFO - [GINSLIB] processing : 2020/10/04 03:45:21 Q=5
2026-01-06 19:17:02,237 - INFO - [GINSLIB] processing : 2020/10/04 03:45:22 Q=5
2026-01-06 19:17:02,250 - INFO - [GINSLIB] processing : 2020/10/04 03:45:23 Q=5
2026-01-06 19:17:02,263 - INFO - [GINSLIB] processing : 2020/10/04 03:45:24 Q=5
2026-01-06 19:17:02,277 - INFO - [GINSLIB] processing : 2020/10/04 03:45:25 Q=5
2026-01-06 19:17:02,289 - INFO - [GINSLIB] processing : 2020/10/04 03:45:26 Q=5
2026-01-06 19:17:02,310 - INFO - [GINSLIB] processing : 2020/10/04 03:45:27 Q=5
2026-01-06 19:17:02,311 - INFO - [GINSLIB] processing : 2020/10/04 03:45:28 Q=5
2026-01-06 19:17:02,323 - INFO - [GINSLIB] processing : 2020/10/04 03:45:29 Q=5
2026-01-06 19:17:02,335 - INFO - [GINSLIB] processing : 2020/10/04 03:45:30 Q=5
2026-01-06 19:17:02,346 - INFO - [GINSLIB] processing : 2020/10/04 03:45:31 Q=5
2026-01-06 19:17:02,366 - INFO - [GINSLIB] processing : 2020/10/04 03:45:32 Q=5
2026-01-06 19:17:02,367 - INFO - [GINSLIB] processing : 2020/10/04 03:45:33 Q=5
2026-01-06 19:17:02,380 - INFO - [GINSLIB] processing : 2020/10/04 03:45:34 Q=5
2026-01-06 19:17:02,391 - INFO - [GINSLIB] processing : 2020/10/04 03:45:35 Q=5
2026-01-06 19:17:02,402 - INFO - [GINSLIB] processing : 2020/10/04 03:45:36 Q=5
2026-01-06 19:17:02,422 - INFO - [GINSLIB] processing : 2020/10/04 03:45:37 Q=5
2026-01-06 19:17:02,423 - INFO - [GINSLIB] processing : 2020/10/04 03:45:38 Q=5
2026-01-06 19:17:02,433 - INFO - [GINSLIB] processing : 2020/10/04 03:45:39 Q=5
2026-01-06 19:17:02,444 - INFO - [GINSLIB] processing : 2020/10/04 03:45:40 Q=5
2026-01-06 19:17:02,457 - INFO - [GINSLIB] processing : 2020/10/04 03:45:41 Q=5
2026-01-06 19:17:02,470 - INFO - [GINSLIB] processing : 2020/10/04 03:45:42 Q=5
2026-01-06 19:17:02,480 - INFO - [GINSLIB] processing : 2020/10/04 03:45:43 Q=5
2026-01-06 19:17:02,493 - INFO - [GINSLIB] processing : 2020/10/04 03:45:44 Q=5
2026-01-06 19:17:02,505 - INFO - [GINSLIB] processing : 2020/10/04 03:45:45 Q=5
2026-01-06 19:17:02,518 - INFO - [GINSLIB] processing : 2020/10/04 03:45:46 Q=5
2026-01-06 19:17:02,531 - INFO - [GINSLIB] processing : 2020/10/04 03:45:47 Q=5
2026-01-06 19:17:02,542 - INFO - [GINSLIB] processing : 2020/10/04 03:45:48 Q=5
2026-01-06 19:17:02,554 - INFO - [GINSLIB] processing : 2020/10/04 03:45:49 Q=5
2026-01-06 19:17:02,567 - INFO - [GINSLIB] processing : 2020/10/04 03:45:50 Q=5
2026-01-06 19:17:02,578 - INFO - [GINSLIB] processing : 2020/10/04 03:45:51 Q=5
2026-01-06 19:17:02,590 - INFO - [GINSLIB] processing : 2020/10/04 03:45:52 Q=5
2026-01-06 19:17:02,601 - INFO - [GINSLIB] processing : 2020/10/04 03:45:53 Q=5
2026-01-06 19:17:02,613 - INFO - [GINSLIB] processing : 2020/10/04 03:45:54 Q=5
2026-01-06 19:17:02,624 - INFO - [GINSLIB] processing : 2020/10/04 03:45:55 Q=5
2026-01-06 19:17:02,636 - INFO - [GINSLIB] processing : 2020/10/04 03:45:56 Q=5
2026-01-06 19:17:02,647 - INFO - [GINSLIB] processing : 2020/10/04 03:45:57 Q=5
2026-01-06 19:17:02,667 - INFO - [GINSLIB] processing : 2020/10/04 03:45:58 Q=5
2026-01-06 19:17:02,668 - INFO - [GINSLIB] processing : 2020/10/04 03:45:59 Q=5
2026-01-06 19:17:02,679 - INFO - [GINSLIB] processing : 2020/10/04 03:46:00 Q=5
2026-01-06 19:17:02,689 - INFO - [GINSLIB] processing : 2020/10/04 03:46:01 Q=5
2026-01-06 19:17:02,701 - INFO - [GINSLIB] processing : 2020/10/04 03:46:02 Q=5
2026-01-06 19:17:02,720 - INFO - [GINSLIB] processing : 2020/10/04 03:46:03 Q=5
2026-01-06 19:17:02,722 - INFO - [GINSLIB] processing : 2020/10/04 03:46:04 Q=5
2026-01-06 19:17:02,733 - INFO - [GINSLIB] processing : 2020/10/04 03:46:05 Q=5
2026-01-06 19:17:02,744 - INFO - [GINSLIB] processing : 2020/10/04 03:46:06 Q=5
2026-01-06 19:17:02,756 - INFO - [GINSLIB] processing : 2020/10/04 03:46:07 Q=5
2026-01-06 19:17:02,775 - INFO - [GINSLIB] processing : 2020/10/04 03:46:08 Q=5
2026-01-06 19:17:02,776 - INFO - [GINSLIB] processing : 2020/10/04 03:46:09 Q=5
2026-01-06 19:17:02,787 - INFO - [GINSLIB] processing : 2020/10/04 03:46:10 Q=5
2026-01-06 19:17:02,798 - INFO - [GINSLIB] processing : 2020/10/04 03:46:11 Q=5
2026-01-06 19:17:02,810 - INFO - [GINSLIB] processing : 2020/10/04 03:46:12 Q=5
2026-01-06 19:17:02,821 - INFO - [GINSLIB] processing : 2020/10/04 03:46:13 Q=5
2026-01-06 19:17:02,831 - INFO - [GINSLIB] processing : 2020/10/04 03:46:14 Q=5
2026-01-06 19:17:02,843 - INFO - [GINSLIB] processing : 2020/10/04 03:46:15 Q=5
2026-01-06 19:17:02,855 - INFO - [GINSLIB] processing : 2020/10/04 03:46:16 Q=5
2026-01-06 19:17:02,866 - INFO - [GINSLIB] processing : 2020/10/04 03:46:17 Q=5
2026-01-06 19:17:02,877 - INFO - [GINSLIB] processing : 2020/10/04 03:46:18 Q=5
2026-01-06 19:17:02,887 - INFO - [GINSLIB] processing : 2020/10/04 03:46:19 Q=5
2026-01-06 19:17:02,899 - INFO - [GINSLIB] processing : 2020/10/04 03:46:20 Q=5
2026-01-06 19:17:02,910 - INFO - [GINSLIB] processing : 2020/10/04 03:46:21 Q=5
2026-01-06 19:17:02,922 - INFO - [GINSLIB] processing : 2020/10/04 03:46:22 Q=5
2026-01-06 19:17:02,933 - INFO - [GINSLIB] processing : 2020/10/04 03:46:23 Q=5
2026-01-06 19:17:02,943 - INFO - [GINSLIB] processing : 2020/10/04 03:46:24 Q=5
2026-01-06 19:17:02,955 - INFO - [GINSLIB] processing : 2020/10/04 03:46:25 Q=5
2026-01-06 19:17:02,966 - INFO - [GINSLIB] processing : 2020/10/04 03:46:26 Q=5
2026-01-06 19:17:02,977 - INFO - [GINSLIB] processing : 2020/10/04 03:46:27 Q=5
2026-01-06 19:17:02,988 - INFO - [GINSLIB] processing : 2020/10/04 03:46:28 Q=5
2026-01-06 19:17:03,009 - INFO - [GINSLIB] processing : 2020/10/04 03:46:29 Q=5
2026-01-06 19:17:03,010 - INFO - [GINSLIB] processing : 2020/10/04 03:46:30 Q=5
2026-01-06 19:17:03,021 - INFO - [GINSLIB] processing : 2020/10/04 03:46:31 Q=5
2026-01-06 19:17:03,033 - INFO - [GINSLIB] processing : 2020/10/04 03:46:32 Q=5
2026-01-06 19:17:03,043 - INFO - [GINSLIB] processing : 2020/10/04 03:46:33 Q=5
2026-01-06 19:17:03,061 - INFO - [GINSLIB] processing : 2020/10/04 03:46:34 Q=5
2026-01-06 19:17:03,062 - INFO - [GINSLIB] processing : 2020/10/04 03:46:35 Q=5
2026-01-06 19:17:03,072 - INFO - [GINSLIB] processing : 2020/10/04 03:46:36 Q=5
2026-01-06 19:17:03,083 - INFO - [GINSLIB] processing : 2020/10/04 03:46:37 Q=5
2026-01-06 19:17:03,094 - INFO - [GINSLIB] processing : 2020/10/04 03:46:38 Q=5
2026-01-06 19:17:03,105 - INFO - [GINSLIB] processing : 2020/10/04 03:46:39 Q=5
2026-01-06 19:17:03,114 - INFO - [GINSLIB] processing : 2020/10/04 03:46:40 Q=5
2026-01-06 19:17:03,123 - INFO - [GINSLIB] processing : 2020/10/04 03:46:41 Q=5
2026-01-06 19:17:03,133 - INFO - [GINSLIB] processing : 2020/10/04 03:46:42 Q=5
2026-01-06 19:17:03,143 - INFO - [GINSLIB] processing : 2020/10/04 03:46:43 Q=5
2026-01-06 19:17:03,152 - INFO - [GINSLIB] processing : 2020/10/04 03:46:44 Q=5
2026-01-06 19:17:03,161 - INFO - [GINSLIB] processing : 2020/10/04 03:46:45 Q=5
2026-01-06 19:17:03,172 - INFO - [GINSLIB] processing : 2020/10/04 03:46:46 Q=5
2026-01-06 19:17:03,181 - INFO - [GINSLIB] processing : 2020/10/04 03:46:47 Q=5
2026-01-06 19:17:03,193 - INFO - [GINSLIB] processing : 2020/10/04 03:46:48 Q=5
2026-01-06 19:17:03,202 - INFO - [GINSLIB] processing : 2020/10/04 03:46:49 Q=5
2026-01-06 19:17:03,211 - INFO - [GINSLIB] processing : 2020/10/04 03:46:50 Q=5
2026-01-06 19:17:03,223 - INFO - [GINSLIB] processing : 2020/10/04 03:46:51 Q=5
2026-01-06 19:17:03,233 - INFO - [GINSLIB] processing : 2020/10/04 03:46:52 Q=5
2026-01-06 19:17:03,244 - INFO - [GINSLIB] processing : 2020/10/04 03:46:53 Q=5
2026-01-06 19:17:03,256 - INFO - [GINSLIB] processing : 2020/10/04 03:46:54 Q=5
2026-01-06 19:17:03,275 - INFO - [GINSLIB] processing : 2020/10/04 03:46:55 Q=5
2026-01-06 19:17:03,276 - INFO - [GINSLIB] processing : 2020/10/04 03:46:56 Q=5
2026-01-06 19:17:03,288 - INFO - [GINSLIB] processing : 2020/10/04 03:46:57 Q=5
2026-01-06 19:17:03,299 - INFO - [GINSLIB] processing : 2020/10/04 03:46:58 Q=5
2026-01-06 19:17:03,309 - INFO - [GINSLIB] processing : 2020/10/04 03:46:59 Q=5
2026-01-06 19:17:03,328 - INFO - [GINSLIB] processing : 2020/10/04 03:47:00 Q=5
2026-01-06 19:17:03,330 - INFO - [GINSLIB] processing : 2020/10/04 03:47:01 Q=5
2026-01-06 19:17:03,340 - INFO - [GINSLIB] processing : 2020/10/04 03:47:02 Q=5
2026-01-06 19:17:03,349 - INFO - [GINSLIB] processing : 2020/10/04 03:47:03 Q=5
2026-01-06 19:17:03,359 - INFO - [GINSLIB] processing : 2020/10/04 03:47:04 Q=5
2026-01-06 19:17:03,377 - INFO - [GINSLIB] processing : 2020/10/04 03:47:05 Q=5
2026-01-06 19:17:03,378 - INFO - [GINSLIB] processing : 2020/10/04 03:47:06 Q=5
2026-01-06 19:17:03,388 - INFO - [GINSLIB] processing : 2020/10/04 03:47:07 Q=5
2026-01-06 19:17:03,397 - INFO - [GINSLIB] processing : 2020/10/04 03:47:08 Q=5
2026-01-06 19:17:03,407 - INFO - [GINSLIB] processing : 2020/10/04 03:47:09 Q=5
2026-01-06 19:17:03,417 - INFO - [GINSLIB] processing : 2020/10/04 03:47:10 Q=5
2026-01-06 19:17:03,425 - INFO - [GINSLIB] processing : 2020/10/04 03:47:11 Q=5
2026-01-06 19:17:03,435 - INFO - [GINSLIB] processing : 2020/10/04 03:47:12 Q=5
2026-01-06 19:17:03,446 - INFO - [GINSLIB] processing : 2020/10/04 03:47:13 Q=5
2026-01-06 19:17:03,455 - INFO - [GINSLIB] processing : 2020/10/04 03:47:14 Q=5
2026-01-06 19:17:03,467 - INFO - [GINSLIB] processing : 2020/10/04 03:47:15 Q=5
2026-01-06 19:17:03,475 - INFO - [GINSLIB] processing : 2020/10/04 03:47:16 Q=5
2026-01-06 19:17:03,486 - INFO - [GINSLIB] processing : 2020/10/04 03:47:17 Q=5
2026-01-06 19:17:03,496 - INFO - [GINSLIB] processing : 2020/10/04 03:47:18 Q=5
2026-01-06 19:17:03,506 - INFO - [GINSLIB] processing : 2020/10/04 03:47:19 Q=5
2026-01-06 19:17:03,517 - INFO - [GINSLIB] processing : 2020/10/04 03:47:20 Q=5
2026-01-06 19:17:03,527 - INFO - [GINSLIB] processing : 2020/10/04 03:47:21 Q=5
2026-01-06 19:17:03,536 - INFO - [GINSLIB] processing : 2020/10/04 03:47:22 Q=5
2026-01-06 19:17:03,545 - INFO - [GINSLIB] processing : 2020/10/04 03:47:23 Q=5
2026-01-06 19:17:03,555 - INFO - [GINSLIB] processing : 2020/10/04 03:47:24 Q=5
2026-01-06 19:17:03,565 - INFO - [GINSLIB] processing : 2020/10/04 03:47:25 Q=5
2026-01-06 19:17:03,581 - INFO - [GINSLIB] processing : 2020/10/04 03:47:26 Q=5
2026-01-06 19:17:03,583 - INFO - [GINSLIB] processing : 2020/10/04 03:47:27 Q=5
2026-01-06 19:17:03,592 - INFO - [GINSLIB] processing : 2020/10/04 03:47:28 Q=5
2026-01-06 19:17:03,603 - INFO - [GINSLIB] processing : 2020/10/04 03:47:29 Q=5
2026-01-06 19:17:03,612 - INFO - [GINSLIB] processing : 2020/10/04 03:47:30 Q=5
2026-01-06 19:17:03,630 - INFO - [GINSLIB] processing : 2020/10/04 03:47:31 Q=5
2026-01-06 19:17:03,631 - INFO - [GINSLIB] processing : 2020/10/04 03:47:32 Q=5
2026-01-06 19:17:03,641 - INFO - [GINSLIB] processing : 2020/10/04 03:47:33 Q=5
2026-01-06 19:17:03,651 - INFO - [GINSLIB] processing : 2020/10/04 03:47:34 Q=5
2026-01-06 19:17:03,661 - INFO - [GINSLIB] processing : 2020/10/04 03:47:35 Q=5
2026-01-06 19:17:03,678 - INFO - [GINSLIB] processing : 2020/10/04 03:47:36 Q=5
2026-01-06 19:17:03,679 - INFO - [GINSLIB] processing : 2020/10/04 03:47:37 Q=5
2026-01-06 19:17:03,690 - INFO - [GINSLIB] processing : 2020/10/04 03:47:38 Q=5
2026-01-06 19:17:03,700 - INFO - [GINSLIB] processing : 2020/10/04 03:47:39 Q=5
2026-01-06 19:17:03,709 - INFO - [GINSLIB] processing : 2020/10/04 03:47:40 Q=5
2026-01-06 19:17:03,721 - INFO - [GINSLIB] processing : 2020/10/04 03:47:41 Q=5
2026-01-06 19:17:03,729 - INFO - [GINSLIB] processing : 2020/10/04 03:47:42 Q=5
2026-01-06 19:17:03,739 - INFO - [GINSLIB] processing : 2020/10/04 03:47:43 Q=5
2026-01-06 19:17:03,749 - INFO - [GINSLIB] processing : 2020/10/04 03:47:44 Q=5
2026-01-06 19:17:03,760 - INFO - [GINSLIB] processing : 2020/10/04 03:47:45 Q=5
2026-01-06 19:17:03,769 - INFO - [GINSLIB] processing : 2020/10/04 03:47:46 Q=5
2026-01-06 19:17:03,778 - INFO - [GINSLIB] processing : 2020/10/04 03:47:47 Q=5
2026-01-06 19:17:03,789 - INFO - [GINSLIB] processing : 2020/10/04 03:47:48 Q=5
2026-01-06 19:17:03,805 - INFO - [GINSLIB] processing : 2020/10/04 03:47:49 Q=5
2026-01-06 19:17:03,816 - INFO - [GINSLIB] processing : 2020/10/04 03:47:50 Q=5
2026-01-06 19:17:03,827 - INFO - [GINSLIB] processing : 2020/10/04 03:47:51 Q=5
2026-01-06 19:17:03,837 - INFO - [GINSLIB] processing : 2020/10/04 03:47:52 Q=5
2026-01-06 19:17:03,846 - INFO - [GINSLIB] processing : 2020/10/04 03:47:53 Q=5
2026-01-06 19:17:03,857 - INFO - [GINSLIB] processing : 2020/10/04 03:47:54 Q=5
2026-01-06 19:17:03,868 - INFO - [GINSLIB] processing : 2020/10/04 03:47:55 Q=5
2026-01-06 19:17:03,877 - INFO - [GINSLIB] processing : 2020/10/04 03:47:56 Q=5
2026-01-06 19:17:03,894 - INFO - [GINSLIB] processing : 2020/10/04 03:47:57 Q=5
2026-01-06 19:17:03,895 - INFO - [GINSLIB] processing : 2020/10/04 03:47:58 Q=5
2026-01-06 19:17:03,905 - INFO - [GINSLIB] processing : 2020/10/04 03:47:59 Q=5
2026-01-06 19:17:03,916 - INFO - [GINSLIB] processing : 2020/10/04 03:48:00 Q=5
2026-01-06 19:17:03,927 - INFO - [GINSLIB] processing : 2020/10/04 03:48:01 Q=5
2026-01-06 19:17:03,945 - INFO - [GINSLIB] processing : 2020/10/04 03:48:02 Q=5
2026-01-06 19:17:03,946 - INFO - [GINSLIB] processing : 2020/10/04 03:48:03 Q=5
2026-01-06 19:17:03,959 - INFO - [GINSLIB] processing : 2020/10/04 03:48:04 Q=5
2026-01-06 19:17:03,970 - INFO - [GINSLIB] processing : 2020/10/04 03:48:05 Q=5
2026-01-06 19:17:03,983 - INFO - [GINSLIB] processing : 2020/10/04 03:48:06 Q=5
2026-01-06 19:17:04,001 - INFO - [GINSLIB] processing : 2020/10/04 03:48:07 Q=5
2026-01-06 19:17:04,002 - INFO - [GINSLIB] processing : 2020/10/04 03:48:08 Q=5
2026-01-06 19:17:04,016 - INFO - [GINSLIB] processing : 2020/10/04 03:48:09 Q=5
2026-01-06 19:17:04,026 - INFO - [GINSLIB] processing : 2020/10/04 03:48:10 Q=5
2026-01-06 19:17:04,036 - INFO - [GINSLIB] processing : 2020/10/04 03:48:11 Q=5
2026-01-06 19:17:04,048 - INFO - [GINSLIB] processing : 2020/10/04 03:48:12 Q=5
2026-01-06 19:17:04,057 - INFO - [GINSLIB] processing : 2020/10/04 03:48:13 Q=5
2026-01-06 19:17:04,066 - INFO - [GINSLIB] processing : 2020/10/04 03:48:14 Q=5
2026-01-06 19:17:04,077 - INFO - [GINSLIB] processing : 2020/10/04 03:48:15 Q=5
2026-01-06 19:17:04,090 - INFO - [GINSLIB] processing : 2020/10/04 03:48:16 Q=5
2026-01-06 19:17:04,101 - INFO - [GINSLIB] processing : 2020/10/04 03:48:17 Q=5
2026-01-06 19:17:04,111 - INFO - [GINSLIB] processing : 2020/10/04 03:48:18 Q=5
2026-01-06 19:17:04,123 - INFO - [GINSLIB] processing : 2020/10/04 03:48:19 Q=5
2026-01-06 19:17:04,135 - INFO - [GINSLIB] processing : 2020/10/04 03:48:20 Q=5
2026-01-06 19:17:04,147 - INFO - [GINSLIB] processing : 2020/10/04 03:48:21 Q=5
2026-01-06 19:17:04,157 - INFO - [GINSLIB] processing : 2020/10/04 03:48:22 Q=5
2026-01-06 19:17:04,169 - INFO - [GINSLIB] processing : 2020/10/04 03:48:23 Q=5
2026-01-06 19:17:04,183 - INFO - [GINSLIB] processing : 2020/10/04 03:48:24 Q=5
2026-01-06 19:17:04,192 - INFO - [GINSLIB] processing : 2020/10/04 03:48:25 Q=5
2026-01-06 19:17:04,204 - INFO - [GINSLIB] processing : 2020/10/04 03:48:26 Q=5
2026-01-06 19:17:04,217 - INFO - [GINSLIB] processing : 2020/10/04 03:48:27 Q=5
2026-01-06 19:17:04,236 - INFO - [GINSLIB] processing : 2020/10/04 03:48:28 Q=5
2026-01-06 19:17:04,237 - INFO - [GINSLIB] processing : 2020/10/04 03:48:29 Q=5
2026-01-06 19:17:04,248 - INFO - [GINSLIB] processing : 2020/10/04 03:48:30 Q=5
2026-01-06 19:17:04,258 - INFO - [GINSLIB] processing : 2020/10/04 03:48:31 Q=5
2026-01-06 19:17:04,268 - INFO - [GINSLIB] processing : 2020/10/04 03:48:32 Q=5
2026-01-06 19:17:04,286 - INFO - [GINSLIB] processing : 2020/10/04 03:48:33 Q=5
2026-01-06 19:17:04,287 - INFO - [GINSLIB] processing : 2020/10/04 03:48:34 Q=5
2026-01-06 19:17:04,299 - INFO - [GINSLIB] processing : 2020/10/04 03:48:35 Q=5
2026-01-06 19:17:04,311 - INFO - [GINSLIB] processing : 2020/10/04 03:48:36 Q=5
2026-01-06 19:17:04,323 - INFO - [GINSLIB] processing : 2020/10/04 03:48:37 Q=5
2026-01-06 19:17:04,344 - INFO - [GINSLIB] processing : 2020/10/04 03:48:38 Q=5
2026-01-06 19:17:04,345 - INFO - [GINSLIB] processing : 2020/10/04 03:48:39 Q=5
2026-01-06 19:17:04,356 - INFO - [GINSLIB] processing : 2020/10/04 03:48:40 Q=5
2026-01-06 19:17:04,367 - INFO - [GINSLIB] processing : 2020/10/04 03:48:41 Q=5
2026-01-06 19:17:04,378 - INFO - [GINSLIB] processing : 2020/10/04 03:48:42 Q=5
2026-01-06 19:17:04,388 - INFO - [GINSLIB] processing : 2020/10/04 03:48:43 Q=5
2026-01-06 19:17:04,397 - INFO - [GINSLIB] processing : 2020/10/04 03:48:44 Q=5
2026-01-06 19:17:04,408 - INFO - [GINSLIB] processing : 2020/10/04 03:48:45 Q=5
2026-01-06 19:17:04,420 - INFO - [GINSLIB] processing : 2020/10/04 03:48:46 Q=5
2026-01-06 19:17:04,430 - INFO - [GINSLIB] processing : 2020/10/04 03:48:47 Q=5
2026-01-06 19:17:04,441 - INFO - [GINSLIB] processing : 2020/10/04 03:48:48 Q=5
2026-01-06 19:17:04,451 - INFO - [GINSLIB] processing : 2020/10/04 03:48:49 Q=5
2026-01-06 19:17:04,462 - INFO - [GINSLIB] processing : 2020/10/04 03:48:50 Q=5
2026-01-06 19:17:04,472 - INFO - [GINSLIB] processing : 2020/10/04 03:48:51 Q=5
2026-01-06 19:17:04,484 - INFO - [GINSLIB] processing : 2020/10/04 03:48:52 Q=5
2026-01-06 19:17:04,496 - INFO - [GINSLIB] processing : 2020/10/04 03:48:53 Q=5
2026-01-06 19:17:04,507 - INFO - [GINSLIB] processing : 2020/10/04 03:48:54 Q=5
2026-01-06 19:17:04,520 - INFO - [GINSLIB] processing : 2020/10/04 03:48:55 Q=5
2026-01-06 19:17:04,531 - INFO - [GINSLIB] processing : 2020/10/04 03:48:56 Q=5
2026-01-06 19:17:04,544 - INFO - [GINSLIB] processing : 2020/10/04 03:48:57 Q=5
2026-01-06 19:17:04,556 - INFO - [GINSLIB] processing : 2020/10/04 03:48:58 Q=5
2026-01-06 19:17:04,575 - INFO - [GINSLIB] processing : 2020/10/04 03:48:59 Q=5
2026-01-06 19:17:04,577 - INFO - [GINSLIB] processing : 2020/10/04 03:49:00 Q=5
2026-01-06 19:17:04,588 - INFO - [GINSLIB] processing : 2020/10/04 03:49:01 Q=5
2026-01-06 19:17:04,600 - INFO - [GINSLIB] processing : 2020/10/04 03:49:02 Q=5
2026-01-06 19:17:04,610 - INFO - [GINSLIB] processing : 2020/10/04 03:49:03 Q=5
2026-01-06 19:17:04,632 - INFO - [GINSLIB] processing : 2020/10/04 03:49:04 Q=5
2026-01-06 19:17:04,633 - INFO - [GINSLIB] processing : 2020/10/04 03:49:05 Q=5
2026-01-06 19:17:04,643 - INFO - [GINSLIB] processing : 2020/10/04 03:49:06 Q=5
2026-01-06 19:17:04,654 - INFO - [GINSLIB] processing : 2020/10/04 03:49:07 Q=5
2026-01-06 19:17:04,667 - INFO - [GINSLIB] processing : 2020/10/04 03:49:08 Q=5
2026-01-06 19:17:04,686 - INFO - [GINSLIB] processing : 2020/10/04 03:49:09 Q=5
2026-01-06 19:17:04,688 - INFO - [GINSLIB] processing : 2020/10/04 03:49:10 Q=5
2026-01-06 19:17:04,699 - INFO - [GINSLIB] processing : 2020/10/04 03:49:11 Q=5
2026-01-06 19:17:04,710 - INFO - [GINSLIB] processing : 2020/10/04 03:49:12 Q=5
2026-01-06 19:17:04,722 - INFO - [GINSLIB] processing : 2020/10/04 03:49:13 Q=5
2026-01-06 19:17:04,732 - INFO - [GINSLIB] processing : 2020/10/04 03:49:14 Q=5
2026-01-06 19:17:04,743 - INFO - [GINSLIB] processing : 2020/10/04 03:49:15 Q=5
2026-01-06 19:17:04,756 - INFO - [GINSLIB] processing : 2020/10/04 03:49:16 Q=5
2026-01-06 19:17:04,768 - INFO - [GINSLIB] processing : 2020/10/04 03:49:17 Q=5
2026-01-06 19:17:04,780 - INFO - [GINSLIB] processing : 2020/10/04 03:49:18 Q=5
2026-01-06 19:17:04,792 - INFO - [GINSLIB] processing : 2020/10/04 03:49:19 Q=5
2026-01-06 19:17:04,803 - INFO - [GINSLIB] processing : 2020/10/04 03:49:20 Q=5
2026-01-06 19:17:04,813 - INFO - [GINSLIB] processing : 2020/10/04 03:49:21 Q=5
2026-01-06 19:17:04,822 - INFO - [GINSLIB] processing : 2020/10/04 03:49:21 Q=7
2026-01-06 19:17:04,823 - INFO - [GINSLIB] processing : 2020/10/04 03:49:22 Q=7
2026-01-06 19:17:04,833 - INFO - [GINSLIB] processing : 2020/10/04 03:49:22 Q=5
2026-01-06 19:17:04,834 - INFO - [GINSLIB] processing : 2020/10/04 03:49:23 Q=5
2026-01-06 19:17:04,843 - INFO - [GINSLIB] processing : 2020/10/04 03:49:23 Q=7
2026-01-06 19:17:04,845 - INFO - [GINSLIB] processing : 2020/10/04 03:49:24 Q=7
2026-01-06 19:17:04,856 - INFO - [GINSLIB] processing : 2020/10/04 03:49:24 Q=5
2026-01-06 19:17:04,856 - INFO - [GINSLIB] processing : 2020/10/04 03:49:25 Q=5
2026-01-06 19:17:04,867 - INFO - [GINSLIB] processing : 2020/10/04 03:49:26 Q=5
2026-01-06 19:17:04,877 - INFO - [GINSLIB] processing : 2020/10/04 03:49:27 Q=5
2026-01-06 19:17:04,887 - INFO - [GINSLIB] processing : 2020/10/04 03:49:28 Q=5
2026-01-06 19:17:04,900 - INFO - [GINSLIB] processing : 2020/10/04 03:49:29 Q=5
2026-01-06 19:17:04,922 - INFO - [GINSLIB] processing : 2020/10/04 03:49:30 Q=5
2026-01-06 19:17:04,924 - INFO - [GINSLIB] processing : 2020/10/04 03:49:31 Q=5
2026-01-06 19:17:04,935 - INFO - [GINSLIB] processing : 2020/10/04 03:49:32 Q=5
2026-01-06 19:17:04,949 - INFO - [GINSLIB] processing : 2020/10/04 03:49:33 Q=5
2026-01-06 19:17:04,963 - INFO - [GINSLIB] processing : 2020/10/04 03:49:34 Q=5
2026-01-06 19:17:04,984 - INFO - [GINSLIB] processing : 2020/10/04 03:49:35 Q=5
2026-01-06 19:17:04,986 - INFO - [GINSLIB] processing : 2020/10/04 03:49:36 Q=5
2026-01-06 19:17:04,997 - INFO - [GINSLIB] processing : 2020/10/04 03:49:37 Q=5
2026-01-06 19:17:05,011 - INFO - [GINSLIB] processing : 2020/10/04 03:49:38 Q=5
2026-01-06 19:17:05,026 - INFO - [GINSLIB] processing : 2020/10/04 03:49:39 Q=5
2026-01-06 19:17:05,039 - INFO - [GINSLIB] processing : 2020/10/04 03:49:40 Q=5
2026-01-06 19:17:05,051 - INFO - [GINSLIB] processing : 2020/10/04 03:49:41 Q=5
2026-01-06 19:17:05,063 - INFO - [GINSLIB] processing : 2020/10/04 03:49:42 Q=5
2026-01-06 19:17:05,074 - INFO - [GINSLIB] processing : 2020/10/04 03:49:43 Q=5
2026-01-06 19:17:05,087 - INFO - [GINSLIB] processing : 2020/10/04 03:49:44 Q=5
2026-01-06 19:17:05,097 - INFO - [GINSLIB] processing : 2020/10/04 03:49:45 Q=5
2026-01-06 19:17:05,109 - INFO - [GINSLIB] processing : 2020/10/04 03:49:46 Q=5
2026-01-06 19:17:05,120 - INFO - [GINSLIB] processing : 2020/10/04 03:49:46 Q=7
2026-01-06 19:17:05,122 - INFO - [GINSLIB] processing : 2020/10/04 03:49:47 Q=7
2026-01-06 19:17:05,132 - INFO - [GINSLIB] processing : 2020/10/04 03:49:48 Q=7
2026-01-06 19:17:05,142 - INFO - [GINSLIB] processing : 2020/10/04 03:49:48 Q=5
2026-01-06 19:17:05,143 - INFO - [GINSLIB] processing : 2020/10/04 03:49:49 Q=5
2026-01-06 19:17:05,153 - INFO - [GINSLIB] processing : 2020/10/04 03:49:50 Q=5
2026-01-06 19:17:05,162 - INFO - [GINSLIB] processing : 2020/10/04 03:49:51 Q=5
2026-01-06 19:17:05,174 - INFO - [GINSLIB] processing : 2020/10/04 03:49:52 Q=5
2026-01-06 19:17:05,186 - INFO - [GINSLIB] processing : 2020/10/04 03:49:53 Q=5
2026-01-06 19:17:05,195 - INFO - [GINSLIB] processing : 2020/10/04 03:49:54 Q=5
2026-01-06 19:17:05,207 - INFO - [GINSLIB] processing : 2020/10/04 03:49:54 Q=7
2026-01-06 19:17:05,208 - INFO - [GINSLIB] processing : 2020/10/04 03:49:55 Q=7
2026-01-06 19:17:05,226 - INFO - [GINSLIB] processing : 2020/10/04 03:49:56 Q=7
2026-01-06 19:17:05,227 - INFO - [GINSLIB] processing : 2020/10/04 03:49:57 Q=7
2026-01-06 19:17:05,238 - INFO - [GINSLIB] processing : 2020/10/04 03:49:58 Q=7
2026-01-06 19:17:05,248 - INFO - [GINSLIB] processing : 2020/10/04 03:49:59 Q=7
2026-01-06 19:17:05,259 - INFO - [GINSLIB] processing : 2020/10/04 03:50:00 Q=7
2026-01-06 19:17:05,270 - INFO - [GINSLIB] processing : 2020/10/04 03:50:00 Q=5
2026-01-06 19:17:05,279 - INFO - [GINSLIB] processing : 2020/10/04 03:50:01 Q=5
2026-01-06 19:17:05,280 - INFO - [GINSLIB] processing : 2020/10/04 03:50:02 Q=5
2026-01-06 19:17:05,294 - INFO - [GINSLIB] processing : 2020/10/04 03:50:03 Q=5
2026-01-06 19:17:05,303 - INFO - [GINSLIB] processing : 2020/10/04 03:50:03 Q=7
2026-01-06 19:17:05,304 - INFO - [GINSLIB] processing : 2020/10/04 03:50:04 Q=7
2026-01-06 19:17:05,315 - INFO - [GINSLIB] processing : 2020/10/04 03:50:04 Q=5
2026-01-06 19:17:05,316 - INFO - [GINSLIB] processing : 2020/10/04 03:50:05 Q=5
2026-01-06 19:17:05,334 - INFO - [GINSLIB] processing : 2020/10/04 03:50:06 Q=5
2026-01-06 19:17:05,335 - INFO - [GINSLIB] processing : 2020/10/04 03:50:07 Q=5
2026-01-06 19:17:05,346 - INFO - [GINSLIB] processing : 2020/10/04 03:50:08 Q=5
2026-01-06 19:17:05,356 - INFO - [GINSLIB] processing : 2020/10/04 03:50:09 Q=5
2026-01-06 19:17:05,366 - INFO - [GINSLIB] processing : 2020/10/04 03:50:10 Q=5
2026-01-06 19:17:05,378 - INFO - [GINSLIB] processing : 2020/10/04 03:50:11 Q=5
2026-01-06 19:17:05,387 - INFO - [GINSLIB] processing : 2020/10/04 03:50:12 Q=5
2026-01-06 19:17:05,396 - INFO - [GINSLIB] processing : 2020/10/04 03:50:13 Q=5
2026-01-06 19:17:05,408 - INFO - [GINSLIB] processing : 2020/10/04 03:50:14 Q=5
2026-01-06 19:17:05,418 - INFO - [GINSLIB] processing : 2020/10/04 03:50:15 Q=5
2026-01-06 19:17:05,428 - INFO - [GINSLIB] processing : 2020/10/04 03:50:16 Q=5
2026-01-06 19:17:05,439 - INFO - [GINSLIB] processing : 2020/10/04 03:50:17 Q=5
2026-01-06 19:17:05,452 - INFO - [GINSLIB] processing : 2020/10/04 03:50:18 Q=5
2026-01-06 19:17:05,466 - INFO - [GINSLIB] processing : 2020/10/04 03:50:19 Q=5
2026-01-06 19:17:05,478 - INFO - [GINSLIB] processing : 2020/10/04 03:50:20 Q=5
2026-01-06 19:17:05,491 - INFO - [GINSLIB] processing : 2020/10/04 03:50:21 Q=5
2026-01-06 19:17:05,502 - INFO - [GINSLIB] processing : 2020/10/04 03:50:22 Q=5
2026-01-06 19:17:05,515 - INFO - [GINSLIB] processing : 2020/10/04 03:50:23 Q=5
2026-01-06 19:17:05,529 - INFO - [GINSLIB] processing : 2020/10/04 03:50:24 Q=5
2026-01-06 19:17:05,542 - INFO - [GINSLIB] processing : 2020/10/04 03:50:25 Q=5
2026-01-06 19:17:05,556 - INFO - [GINSLIB] processing : 2020/10/04 03:50:26 Q=5
2026-01-06 19:17:05,579 - INFO - [GINSLIB] processing : 2020/10/04 03:50:27 Q=5
2026-01-06 19:17:05,581 - INFO - [GINSLIB] processing : 2020/10/04 03:50:28 Q=5
2026-01-06 19:17:05,594 - INFO - [GINSLIB] processing : 2020/10/04 03:50:29 Q=5
2026-01-06 19:17:05,609 - INFO - [GINSLIB] processing : 2020/10/04 03:50:30 Q=5
2026-01-06 19:17:05,621 - INFO - [GINSLIB] processing : 2020/10/04 03:50:31 Q=5
2026-01-06 19:17:05,645 - INFO - [GINSLIB] processing : 2020/10/04 03:50:32 Q=5
2026-01-06 19:17:05,646 - INFO - [GINSLIB] processing : 2020/10/04 03:50:33 Q=5
2026-01-06 19:17:05,659 - INFO - [GINSLIB] processing : 2020/10/04 03:50:34 Q=5
2026-01-06 19:17:05,671 - INFO - [GINSLIB] processing : 2020/10/04 03:50:35 Q=5
2026-01-06 19:17:05,688 - INFO - [GINSLIB] processing : 2020/10/04 03:50:36 Q=5
2026-01-06 19:17:05,717 - INFO - [GINSLIB] processing : 2020/10/04 03:50:37 Q=5
2026-01-06 19:17:05,731 - INFO - [GINSLIB] processing : 2020/10/04 03:50:38 Q=5
2026-01-06 19:17:05,733 - INFO - [GINSLIB] processing : 2020/10/04 03:50:39 Q=5
2026-01-06 19:17:05,749 - INFO - [GINSLIB] processing : 2020/10/04 03:50:40 Q=5
2026-01-06 19:17:05,764 - INFO - [GINSLIB] processing : 2020/10/04 03:50:41 Q=5
2026-01-06 19:17:05,776 - INFO - [GINSLIB] processing : 2020/10/04 03:50:42 Q=5
2026-01-06 19:17:05,785 - INFO - [GINSLIB] processing : 2020/10/04 03:50:43 Q=5
2026-01-06 19:17:05,796 - INFO - [GINSLIB] processing : 2020/10/04 03:50:44 Q=5
2026-01-06 19:17:05,808 - INFO - [GINSLIB] processing : 2020/10/04 03:50:45 Q=5
2026-01-06 19:17:05,820 - INFO - [GINSLIB] processing : 2020/10/04 03:50:46 Q=5
2026-01-06 19:17:05,831 - INFO - [GINSLIB] processing : 2020/10/04 03:50:47 Q=5
2026-01-06 19:17:05,841 - INFO - [GINSLIB] processing : 2020/10/04 03:50:48 Q=5
2026-01-06 19:17:05,854 - INFO - [GINSLIB] processing : 2020/10/04 03:50:49 Q=5
2026-01-06 19:17:05,866 - INFO - [GINSLIB] processing : 2020/10/04 03:50:50 Q=5
2026-01-06 19:17:05,878 - INFO - [GINSLIB] processing : 2020/10/04 03:50:51 Q=5
2026-01-06 19:17:05,891 - INFO - [GINSLIB] processing : 2020/10/04 03:50:52 Q=5
2026-01-06 19:17:05,903 - INFO - [GINSLIB] processing : 2020/10/04 03:50:53 Q=5
2026-01-06 19:17:05,913 - INFO - [GINSLIB] processing : 2020/10/04 03:50:54 Q=5
2026-01-06 19:17:05,924 - INFO - [GINSLIB] processing : 2020/10/04 03:50:55 Q=5
2026-01-06 19:17:05,935 - INFO - [GINSLIB] processing : 2020/10/04 03:50:56 Q=5
2026-01-06 19:17:05,946 - INFO - [GINSLIB] processing : 2020/10/04 03:50:57 Q=5
2026-01-06 19:17:05,968 - INFO - [GINSLIB] processing : 2020/10/04 03:50:58 Q=5
2026-01-06 19:17:05,969 - INFO - [GINSLIB] processing : 2020/10/04 03:50:59 Q=5
2026-01-06 19:17:05,981 - INFO - [GINSLIB] processing : 2020/10/04 03:51:00 Q=5
2026-01-06 19:17:05,994 - INFO - [GINSLIB] processing : 2020/10/04 03:51:01 Q=5
2026-01-06 19:17:06,006 - INFO - [GINSLIB] processing : 2020/10/04 03:51:02 Q=5
2026-01-06 19:17:06,027 - INFO - [GINSLIB] processing : 2020/10/04 03:51:03 Q=5
2026-01-06 19:17:06,028 - INFO - [GINSLIB] processing : 2020/10/04 03:51:04 Q=5
2026-01-06 19:17:06,038 - INFO - [GINSLIB] processing : 2020/10/04 03:51:05 Q=5
2026-01-06 19:17:06,048 - INFO - [GINSLIB] processing : 2020/10/04 03:51:06 Q=5
2026-01-06 19:17:06,060 - INFO - [GINSLIB] processing : 2020/10/04 03:51:07 Q=5
2026-01-06 19:17:06,079 - INFO - [GINSLIB] processing : 2020/10/04 03:51:08 Q=5
2026-01-06 19:17:06,081 - INFO - [GINSLIB] processing : 2020/10/04 03:51:09 Q=5
2026-01-06 19:17:06,091 - INFO - [GINSLIB] processing : 2020/10/04 03:51:10 Q=5
2026-01-06 19:17:06,102 - INFO - [GINSLIB] processing : 2020/10/04 03:51:11 Q=5
2026-01-06 19:17:06,112 - INFO - [GINSLIB] processing : 2020/10/04 03:51:12 Q=5
2026-01-06 19:17:06,124 - INFO - [GINSLIB] processing : 2020/10/04 03:51:13 Q=5
2026-01-06 19:17:06,134 - INFO - [GINSLIB] processing : 2020/10/04 03:51:14 Q=5
2026-01-06 19:17:06,144 - INFO - [GINSLIB] processing : 2020/10/04 03:51:15 Q=5
2026-01-06 19:17:06,156 - INFO - [GINSLIB] processing : 2020/10/04 03:51:16 Q=5
2026-01-06 19:17:06,167 - INFO - [GINSLIB] processing : 2020/10/04 03:51:17 Q=5
2026-01-06 19:17:06,177 - INFO - [GINSLIB] processing : 2020/10/04 03:51:18 Q=5
2026-01-06 19:17:06,187 - INFO - [GINSLIB] processing : 2020/10/04 03:51:19 Q=5
2026-01-06 19:17:06,197 - INFO - [GINSLIB] processing : 2020/10/04 03:51:20 Q=5
2026-01-06 19:17:06,207 - INFO - [GINSLIB] processing : 2020/10/04 03:51:21 Q=5
2026-01-06 19:17:06,218 - INFO - [GINSLIB] processing : 2020/10/04 03:51:22 Q=5
2026-01-06 19:17:06,229 - INFO - [GINSLIB] processing : 2020/10/04 03:51:23 Q=5
2026-01-06 19:17:06,237 - INFO - [GINSLIB] processing : 2020/10/04 03:51:24 Q=5
2026-01-06 19:17:06,250 - INFO - [GINSLIB] processing : 2020/10/04 03:51:25 Q=5
2026-01-06 19:17:06,263 - INFO - [GINSLIB] processing : 2020/10/04 03:51:26 Q=5
2026-01-06 19:17:06,273 - INFO - [GINSLIB] processing : 2020/10/04 03:51:27 Q=5
2026-01-06 19:17:06,284 - INFO - [GINSLIB] processing : 2020/10/04 03:51:28 Q=5
2026-01-06 19:17:06,305 - INFO - [GINSLIB] processing : 2020/10/04 03:51:29 Q=5
2026-01-06 19:17:06,306 - INFO - [GINSLIB] processing : 2020/10/04 03:51:30 Q=5
2026-01-06 19:17:06,317 - INFO - [GINSLIB] processing : 2020/10/04 03:51:31 Q=5
2026-01-06 19:17:06,330 - INFO - [GINSLIB] processing : 2020/10/04 03:51:32 Q=5
2026-01-06 19:17:06,342 - INFO - [GINSLIB] processing : 2020/10/04 03:51:33 Q=5
2026-01-06 19:17:06,361 - INFO - [GINSLIB] processing : 2020/10/04 03:51:34 Q=5
2026-01-06 19:17:06,362 - INFO - [GINSLIB] processing : 2020/10/04 03:51:35 Q=5
2026-01-06 19:17:06,373 - INFO - [GINSLIB] processing : 2020/10/04 03:51:36 Q=5
2026-01-06 19:17:06,384 - INFO - [GINSLIB] processing : 2020/10/04 03:51:37 Q=5
2026-01-06 19:17:06,395 - INFO - [GINSLIB] processing : 2020/10/04 03:51:38 Q=5
2026-01-06 19:17:06,414 - INFO - [GINSLIB] processing : 2020/10/04 03:51:39 Q=5
2026-01-06 19:17:06,416 - INFO - [GINSLIB] processing : 2020/10/04 03:51:40 Q=5
2026-01-06 19:17:06,426 - INFO - [GINSLIB] processing : 2020/10/04 03:51:41 Q=5
2026-01-06 19:17:06,437 - INFO - [GINSLIB] processing : 2020/10/04 03:51:42 Q=5
2026-01-06 19:17:06,449 - INFO - [GINSLIB] processing : 2020/10/04 03:51:43 Q=5
2026-01-06 19:17:06,460 - INFO - [GINSLIB] processing : 2020/10/04 03:51:44 Q=5
2026-01-06 19:17:06,472 - INFO - [GINSLIB] processing : 2020/10/04 03:51:45 Q=5
2026-01-06 19:17:06,483 - INFO - [GINSLIB] processing : 2020/10/04 03:51:46 Q=5
2026-01-06 19:17:06,494 - INFO - [GINSLIB] processing : 2020/10/04 03:51:47 Q=5
2026-01-06 19:17:06,505 - INFO - [GINSLIB] processing : 2020/10/04 03:51:48 Q=5
2026-01-06 19:17:06,517 - INFO - [GINSLIB] processing : 2020/10/04 03:51:49 Q=5
2026-01-06 19:17:06,528 - INFO - [GINSLIB] processing : 2020/10/04 03:51:50 Q=5
2026-01-06 19:17:06,541 - INFO - [GINSLIB] processing : 2020/10/04 03:51:51 Q=5
2026-01-06 19:17:06,552 - INFO - [GINSLIB] processing : 2020/10/04 03:51:52 Q=5
2026-01-06 19:17:06,562 - INFO - [GINSLIB] processing : 2020/10/04 03:51:53 Q=5
2026-01-06 19:17:06,574 - INFO - [GINSLIB] processing : 2020/10/04 03:51:54 Q=5
2026-01-06 19:17:06,583 - INFO - [GINSLIB] processing : 2020/10/04 03:51:55 Q=5
2026-01-06 19:17:06,594 - INFO - [GINSLIB] processing : 2020/10/04 03:51:56 Q=5
2026-01-06 19:17:06,606 - INFO - [GINSLIB] processing : 2020/10/04 03:51:57 Q=5
2026-01-06 19:17:06,618 - INFO - [GINSLIB] processing : 2020/10/04 03:51:58 Q=5
2026-01-06 19:17:06,630 - INFO - [GINSLIB] processing : 2020/10/04 03:51:59 Q=5
2026-01-06 19:17:06,652 - INFO - [GINSLIB] processing : 2020/10/04 03:52:00 Q=5
2026-01-06 19:17:06,653 - INFO - [GINSLIB] processing : 2020/10/04 03:52:01 Q=5
2026-01-06 19:17:06,665 - INFO - [GINSLIB] processing : 2020/10/04 03:52:02 Q=5
2026-01-06 19:17:06,675 - INFO - [GINSLIB] processing : 2020/10/04 03:52:03 Q=5
2026-01-06 19:17:06,686 - INFO - [GINSLIB] processing : 2020/10/04 03:52:04 Q=5
2026-01-06 19:17:06,705 - INFO - [GINSLIB] processing : 2020/10/04 03:52:05 Q=5
2026-01-06 19:17:06,706 - INFO - [GINSLIB] processing : 2020/10/04 03:52:06 Q=5
2026-01-06 19:17:06,717 - INFO - [GINSLIB] processing : 2020/10/04 03:52:07 Q=5
2026-01-06 19:17:06,728 - INFO - [GINSLIB] processing : 2020/10/04 03:52:08 Q=5
2026-01-06 19:17:06,738 - INFO - [GINSLIB] processing : 2020/10/04 03:52:09 Q=5
2026-01-06 19:17:06,758 - INFO - [GINSLIB] processing : 2020/10/04 03:52:10 Q=5
2026-01-06 19:17:06,759 - INFO - [GINSLIB] processing : 2020/10/04 03:52:11 Q=5
2026-01-06 19:17:06,769 - INFO - [GINSLIB] processing : 2020/10/04 03:52:12 Q=5
2026-01-06 19:17:06,781 - INFO - [GINSLIB] processing : 2020/10/04 03:52:13 Q=5
2026-01-06 19:17:06,792 - INFO - [GINSLIB] processing : 2020/10/04 03:52:14 Q=5
2026-01-06 19:17:06,804 - INFO - [GINSLIB] processing : 2020/10/04 03:52:15 Q=5
2026-01-06 19:17:06,813 - INFO - [GINSLIB] processing : 2020/10/04 03:52:16 Q=5
2026-01-06 19:17:06,825 - INFO - [GINSLIB] processing : 2020/10/04 03:52:17 Q=5
2026-01-06 19:17:06,836 - INFO - [GINSLIB] processing : 2020/10/04 03:52:18 Q=5
2026-01-06 19:17:06,847 - INFO - [GINSLIB] processing : 2020/10/04 03:52:19 Q=5
2026-01-06 19:17:06,858 - INFO - [GINSLIB] processing : 2020/10/04 03:52:20 Q=5
2026-01-06 19:17:06,869 - INFO - [GINSLIB] processing : 2020/10/04 03:52:21 Q=5
2026-01-06 19:17:06,879 - INFO - [GINSLIB] processing : 2020/10/04 03:52:22 Q=5
2026-01-06 19:17:06,890 - INFO - [GINSLIB] processing : 2020/10/04 03:52:23 Q=5
2026-01-06 19:17:06,902 - INFO - [GINSLIB] processing : 2020/10/04 03:52:24 Q=5
2026-01-06 19:17:06,913 - INFO - [GINSLIB] processing : 2020/10/04 03:52:25 Q=5
2026-01-06 19:17:06,933 - INFO - [GINSLIB] processing : 2020/10/04 03:52:26 Q=5
2026-01-06 19:17:06,934 - INFO - [GINSLIB] processing : 2020/10/04 03:52:27 Q=5
2026-01-06 19:17:06,946 - INFO - [GINSLIB] processing : 2020/10/04 03:52:28 Q=5
2026-01-06 19:17:06,956 - INFO - [GINSLIB] processing : 2020/10/04 03:52:29 Q=5
2026-01-06 19:17:06,967 - INFO - [GINSLIB] processing : 2020/10/04 03:52:30 Q=5
2026-01-06 19:17:06,986 - INFO - [GINSLIB] processing : 2020/10/04 03:52:31 Q=5
2026-01-06 19:17:06,988 - INFO - [GINSLIB] processing : 2020/10/04 03:52:32 Q=5
2026-01-06 19:17:06,998 - INFO - [GINSLIB] processing : 2020/10/04 03:52:33 Q=5
2026-01-06 19:17:07,009 - INFO - [GINSLIB] processing : 2020/10/04 03:52:34 Q=5
2026-01-06 19:17:07,020 - INFO - [GINSLIB] processing : 2020/10/04 03:52:35 Q=5
2026-01-06 19:17:07,040 - INFO - [GINSLIB] processing : 2020/10/04 03:52:36 Q=5
2026-01-06 19:17:07,041 - INFO - [GINSLIB] processing : 2020/10/04 03:52:37 Q=5
2026-01-06 19:17:07,053 - INFO - [GINSLIB] processing : 2020/10/04 03:52:38 Q=5
2026-01-06 19:17:07,063 - INFO - [GINSLIB] processing : 2020/10/04 03:52:39 Q=5
2026-01-06 19:17:07,074 - INFO - [GINSLIB] processing : 2020/10/04 03:52:40 Q=5
2026-01-06 19:17:07,093 - INFO - [GINSLIB] processing : 2020/10/04 03:52:41 Q=5
2026-01-06 19:17:07,094 - INFO - [GINSLIB] processing : 2020/10/04 03:52:42 Q=5
2026-01-06 19:17:07,105 - INFO - [GINSLIB] processing : 2020/10/04 03:52:43 Q=5
2026-01-06 19:17:07,116 - INFO - [GINSLIB] processing : 2020/10/04 03:52:44 Q=5
2026-01-06 19:17:07,126 - INFO - [GINSLIB] processing : 2020/10/04 03:52:45 Q=5
2026-01-06 19:17:07,137 - INFO - [GINSLIB] processing : 2020/10/04 03:52:46 Q=5
2026-01-06 19:17:07,147 - INFO - [GINSLIB] processing : 2020/10/04 03:52:47 Q=5
2026-01-06 19:17:07,157 - INFO - [GINSLIB] processing : 2020/10/04 03:52:48 Q=5
2026-01-06 19:17:07,168 - INFO - [GINSLIB] processing : 2020/10/04 03:52:49 Q=5
2026-01-06 19:17:07,179 - INFO - [GINSLIB] processing : 2020/10/04 03:52:50 Q=5
2026-01-06 19:17:07,189 - INFO - [GINSLIB] processing : 2020/10/04 03:52:51 Q=5
2026-01-06 19:17:07,200 - INFO - [GINSLIB] processing : 2020/10/04 03:52:52 Q=5
2026-01-06 19:17:07,210 - INFO - [GINSLIB] processing : 2020/10/04 03:52:53 Q=5
2026-01-06 19:17:07,220 - INFO - [GINSLIB] processing : 2020/10/04 03:52:54 Q=5
2026-01-06 19:17:07,231 - INFO - [GINSLIB] processing : 2020/10/04 03:52:55 Q=5
2026-01-06 19:17:07,242 - INFO - [GINSLIB] processing : 2020/10/04 03:52:56 Q=5
2026-01-06 19:17:07,263 - INFO - [GINSLIB] processing : 2020/10/04 03:52:57 Q=5
2026-01-06 19:17:07,264 - INFO - [GINSLIB] processing : 2020/10/04 03:52:58 Q=5
2026-01-06 19:17:07,275 - INFO - [GINSLIB] processing : 2020/10/04 03:52:59 Q=5
2026-01-06 19:17:07,289 - INFO - [GINSLIB] processing : 2020/10/04 03:53:00 Q=5
2026-01-06 19:17:07,300 - INFO - [GINSLIB] processing : 2020/10/04 03:53:01 Q=5
2026-01-06 19:17:07,321 - INFO - [GINSLIB] processing : 2020/10/04 03:53:02 Q=5
2026-01-06 19:17:07,322 - INFO - [GINSLIB] processing : 2020/10/04 03:53:03 Q=5
2026-01-06 19:17:07,334 - INFO - [GINSLIB] processing : 2020/10/04 03:53:04 Q=5
2026-01-06 19:17:07,344 - INFO - [GINSLIB] processing : 2020/10/04 03:53:05 Q=5
2026-01-06 19:17:07,356 - INFO - [GINSLIB] processing : 2020/10/04 03:53:06 Q=5
2026-01-06 19:17:07,374 - INFO - [GINSLIB] processing : 2020/10/04 03:53:07 Q=5
2026-01-06 19:17:07,376 - INFO - [GINSLIB] processing : 2020/10/04 03:53:08 Q=5
2026-01-06 19:17:07,387 - INFO - [GINSLIB] processing : 2020/10/04 03:53:09 Q=5
2026-01-06 19:17:07,398 - INFO - [GINSLIB] processing : 2020/10/04 03:53:10 Q=5
2026-01-06 19:17:07,410 - INFO - [GINSLIB] processing : 2020/10/04 03:53:11 Q=5
2026-01-06 19:17:07,421 - INFO - [GINSLIB] processing : 2020/10/04 03:53:12 Q=5
2026-01-06 19:17:07,432 - INFO - [GINSLIB] processing : 2020/10/04 03:53:13 Q=5
2026-01-06 19:17:07,444 - INFO - [GINSLIB] processing : 2020/10/04 03:53:14 Q=5
2026-01-06 19:17:07,455 - INFO - [GINSLIB] processing : 2020/10/04 03:53:15 Q=5
2026-01-06 19:17:07,465 - INFO - [GINSLIB] processing : 2020/10/04 03:53:16 Q=5
2026-01-06 19:17:07,476 - INFO - [GINSLIB] processing : 2020/10/04 03:53:17 Q=5
2026-01-06 19:17:07,486 - INFO - [GINSLIB] processing : 2020/10/04 03:53:18 Q=5
2026-01-06 19:17:07,497 - INFO - [GINSLIB] processing : 2020/10/04 03:53:19 Q=5
2026-01-06 19:17:07,509 - INFO - [GINSLIB] processing : 2020/10/04 03:53:20 Q=5
2026-01-06 19:17:07,519 - INFO - [GINSLIB] processing : 2020/10/04 03:53:21 Q=5
2026-01-06 19:17:07,529 - INFO - [GINSLIB] processing : 2020/10/04 03:53:22 Q=5
2026-01-06 19:17:07,540 - INFO - [GINSLIB] processing : 2020/10/04 03:53:23 Q=5
2026-01-06 19:17:07,552 - INFO - [GINSLIB] processing : 2020/10/04 03:53:24 Q=5
2026-01-06 19:17:07,564 - INFO - [GINSLIB] processing : 2020/10/04 03:53:25 Q=5
2026-01-06 19:17:07,576 - INFO - [GINSLIB] processing : 2020/10/04 03:53:26 Q=5
2026-01-06 19:17:07,589 - INFO - [GINSLIB] processing : 2020/10/04 03:53:27 Q=5
2026-01-06 19:17:07,612 - INFO - [GINSLIB] processing : 2020/10/04 03:53:28 Q=5
2026-01-06 19:17:07,614 - INFO - [GINSLIB] processing : 2020/10/04 03:53:29 Q=5
2026-01-06 19:17:07,626 - INFO - [GINSLIB] processing : 2020/10/04 03:53:30 Q=5
2026-01-06 19:17:07,637 - INFO - [GINSLIB] processing : 2020/10/04 03:53:31 Q=5
2026-01-06 19:17:07,647 - INFO - [GINSLIB] processing : 2020/10/04 03:53:32 Q=5
2026-01-06 19:17:07,667 - INFO - [GINSLIB] processing : 2020/10/04 03:53:33 Q=5
2026-01-06 19:17:07,668 - INFO - [GINSLIB] processing : 2020/10/04 03:53:34 Q=5
2026-01-06 19:17:07,678 - INFO - [GINSLIB] processing : 2020/10/04 03:53:35 Q=5
2026-01-06 19:17:07,688 - INFO - [GINSLIB] processing : 2020/10/04 03:53:36 Q=5
2026-01-06 19:17:07,700 - INFO - [GINSLIB] processing : 2020/10/04 03:53:37 Q=5
2026-01-06 19:17:07,719 - INFO - [GINSLIB] processing : 2020/10/04 03:53:38 Q=5
2026-01-06 19:17:07,720 - INFO - [GINSLIB] processing : 2020/10/04 03:53:39 Q=5
2026-01-06 19:17:07,730 - INFO - [GINSLIB] processing : 2020/10/04 03:53:40 Q=5
2026-01-06 19:17:07,743 - INFO - [GINSLIB] processing : 2020/10/04 03:53:41 Q=5
2026-01-06 19:17:07,758 - INFO - [GINSLIB] processing : 2020/10/04 03:53:42 Q=5
2026-01-06 19:17:07,771 - INFO - [GINSLIB] processing : 2020/10/04 03:53:43 Q=5
2026-01-06 19:17:07,782 - INFO - [GINSLIB] processing : 2020/10/04 03:53:44 Q=5
2026-01-06 19:17:07,794 - INFO - [GINSLIB] processing : 2020/10/04 03:53:45 Q=5
2026-01-06 19:17:07,806 - INFO - [GINSLIB] processing : 2020/10/04 03:53:46 Q=5
2026-01-06 19:17:07,820 - INFO - [GINSLIB] processing : 2020/10/04 03:53:47 Q=5
2026-01-06 19:17:07,835 - INFO - [GINSLIB] processing : 2020/10/04 03:53:48 Q=5
2026-01-06 19:17:07,847 - INFO - [GINSLIB] processing : 2020/10/04 03:53:49 Q=5
2026-01-06 19:17:07,861 - INFO - [GINSLIB] processing : 2020/10/04 03:53:50 Q=5
2026-01-06 19:17:07,873 - INFO - [GINSLIB] processing : 2020/10/04 03:53:51 Q=5
2026-01-06 19:17:07,887 - INFO - [GINSLIB] processing : 2020/10/04 03:53:52 Q=5
2026-01-06 19:17:07,905 - INFO - [GINSLIB] processing : 2020/10/04 03:53:53 Q=5
2026-01-06 19:17:07,916 - INFO - [GINSLIB] processing : 2020/10/04 03:53:54 Q=5
2026-01-06 19:17:07,929 - INFO - [GINSLIB] processing : 2020/10/04 03:53:55 Q=5
2026-01-06 19:17:07,940 - INFO - [GINSLIB] processing : 2020/10/04 03:53:56 Q=5
2026-01-06 19:17:07,951 - INFO - [GINSLIB] processing : 2020/10/04 03:53:57 Q=5
2026-01-06 19:17:07,962 - INFO - [GINSLIB] processing : 2020/10/04 03:53:58 Q=5
2026-01-06 19:17:07,984 - INFO - [GINSLIB] processing : 2020/10/04 03:53:59 Q=5
2026-01-06 19:17:07,986 - INFO - [GINSLIB] processing : 2020/10/04 03:54:00 Q=5
2026-01-06 19:17:07,999 - INFO - [GINSLIB] processing : 2020/10/04 03:54:01 Q=5
2026-01-06 19:17:08,013 - INFO - [GINSLIB] processing : 2020/10/04 03:54:02 Q=5
2026-01-06 19:17:08,024 - INFO - [GINSLIB] processing : 2020/10/04 03:54:03 Q=5
2026-01-06 19:17:08,044 - INFO - [GINSLIB] processing : 2020/10/04 03:54:04 Q=5
2026-01-06 19:17:08,045 - INFO - [GINSLIB] processing : 2020/10/04 03:54:05 Q=5
2026-01-06 19:17:08,058 - INFO - [GINSLIB] processing : 2020/10/04 03:54:06 Q=5
2026-01-06 19:17:08,072 - INFO - [GINSLIB] processing : 2020/10/04 03:54:07 Q=5
2026-01-06 19:17:08,085 - INFO - [GINSLIB] processing : 2020/10/04 03:54:08 Q=5
2026-01-06 19:17:08,108 - INFO - [GINSLIB] processing : 2020/10/04 03:54:09 Q=5
2026-01-06 19:17:08,109 - INFO - [GINSLIB] processing : 2020/10/04 03:54:10 Q=5
2026-01-06 19:17:08,121 - INFO - [GINSLIB] processing : 2020/10/04 03:54:11 Q=5
2026-01-06 19:17:08,133 - INFO - [GINSLIB] processing : 2020/10/04 03:54:12 Q=5
2026-01-06 19:17:08,147 - INFO - [GINSLIB] processing : 2020/10/04 03:54:13 Q=5
2026-01-06 19:17:08,161 - INFO - [GINSLIB] processing : 2020/10/04 03:54:14 Q=5
2026-01-06 19:17:08,172 - INFO - [GINSLIB] processing : 2020/10/04 03:54:15 Q=5
2026-01-06 19:17:08,183 - INFO - [GINSLIB] processing : 2020/10/04 03:54:16 Q=5
2026-01-06 19:17:08,195 - INFO - [GINSLIB] processing : 2020/10/04 03:54:17 Q=5
2026-01-06 19:17:08,207 - INFO - [GINSLIB] processing : 2020/10/04 03:54:18 Q=5
2026-01-06 19:17:08,218 - INFO - [GINSLIB] processing : 2020/10/04 03:54:19 Q=5
2026-01-06 19:17:08,228 - INFO - [GINSLIB] processing : 2020/10/04 03:54:20 Q=5
2026-01-06 19:17:08,240 - INFO - [GINSLIB] processing : 2020/10/04 03:54:21 Q=5
2026-01-06 19:17:08,253 - INFO - [GINSLIB] processing : 2020/10/04 03:54:22 Q=5
2026-01-06 19:17:08,293 - INFO - [GINSLIB] processing : 2020/10/04 03:54:23 Q=5
2026-01-06 19:17:08,309 - INFO - [GINSLIB] processing : 2020/10/04 03:54:24 Q=5
2026-01-06 19:17:08,323 - INFO - [GINSLIB] processing : 2020/10/04 03:54:25 Q=5
2026-01-06 19:17:08,339 - INFO - [GINSLIB] processing : 2020/10/04 03:54:26 Q=5
2026-01-06 19:17:08,354 - INFO - [GINSLIB] processing : 2020/10/04 03:54:27 Q=5
2026-01-06 19:17:08,366 - INFO - [GINSLIB] processing : 2020/10/04 03:54:28 Q=5
2026-01-06 19:17:08,376 - INFO - [GINSLIB] processing : 2020/10/04 03:54:29 Q=5
2026-01-06 19:17:08,397 - INFO - [GINSLIB] processing : 2020/10/04 03:54:30 Q=5
2026-01-06 19:17:08,398 - INFO - [GINSLIB] processing : 2020/10/04 03:54:31 Q=5
2026-01-06 19:17:08,410 - INFO - [GINSLIB] processing : 2020/10/04 03:54:32 Q=5
2026-01-06 19:17:08,421 - INFO - [GINSLIB] processing : 2020/10/04 03:54:33 Q=5
2026-01-06 19:17:08,435 - INFO - [GINSLIB] processing : 2020/10/04 03:54:34 Q=5
2026-01-06 19:17:08,459 - INFO - [GINSLIB] processing : 2020/10/04 03:54:35 Q=5
2026-01-06 19:17:08,460 - INFO - [GINSLIB] processing : 2020/10/04 03:54:36 Q=5
2026-01-06 19:17:08,476 - INFO - [GINSLIB] processing : 2020/10/04 03:54:37 Q=5
2026-01-06 19:17:08,490 - INFO - [GINSLIB] processing : 2020/10/04 03:54:38 Q=5
2026-01-06 19:17:08,505 - INFO - [GINSLIB] processing : 2020/10/04 03:54:39 Q=5
2026-01-06 19:17:08,529 - INFO - [GINSLIB] processing : 2020/10/04 03:54:40 Q=5
2026-01-06 19:17:08,530 - INFO - [GINSLIB] processing : 2020/10/04 03:54:41 Q=5
2026-01-06 19:17:08,542 - INFO - [GINSLIB] processing : 2020/10/04 03:54:42 Q=5
2026-01-06 19:17:08,553 - INFO - [GINSLIB] processing : 2020/10/04 03:54:43 Q=5
2026-01-06 19:17:08,566 - INFO - [GINSLIB] processing : 2020/10/04 03:54:44 Q=5
2026-01-06 19:17:08,577 - INFO - [GINSLIB] processing : 2020/10/04 03:54:45 Q=5
2026-01-06 19:17:08,587 - INFO - [GINSLIB] processing : 2020/10/04 03:54:46 Q=5
2026-01-06 19:17:08,600 - INFO - [GINSLIB] processing : 2020/10/04 03:54:47 Q=5
2026-01-06 19:17:08,614 - INFO - [GINSLIB] processing : 2020/10/04 03:54:48 Q=5
2026-01-06 19:17:08,628 - INFO - [GINSLIB] processing : 2020/10/04 03:54:49 Q=5
2026-01-06 19:17:08,640 - INFO - [GINSLIB] processing : 2020/10/04 03:54:50 Q=5
2026-01-06 19:17:08,651 - INFO - [GINSLIB] processing : 2020/10/04 03:54:51 Q=5
2026-01-06 19:17:08,662 - INFO - [GINSLIB] processing : 2020/10/04 03:54:52 Q=5
2026-01-06 19:17:08,675 - INFO - [GINSLIB] processing : 2020/10/04 03:54:53 Q=5
2026-01-06 19:17:08,688 - INFO - [GINSLIB] processing : 2020/10/04 03:54:54 Q=5
2026-01-06 19:17:08,700 - INFO - [GINSLIB] processing : 2020/10/04 03:54:55 Q=5
2026-01-06 19:17:08,714 - INFO - [GINSLIB] processing : 2020/10/04 03:54:56 Q=5
2026-01-06 19:17:08,724 - INFO - [GINSLIB] processing : 2020/10/04 03:54:57 Q=5
2026-01-06 19:17:08,736 - INFO - [GINSLIB] processing : 2020/10/04 03:54:58 Q=5
2026-01-06 19:17:08,747 - INFO - [GINSLIB] processing : 2020/10/04 03:54:59 Q=5
2026-01-06 19:17:08,760 - INFO - [GINSLIB] processing : 2020/10/04 03:55:00 Q=5
2026-01-06 19:17:08,782 - INFO - [GINSLIB] processing : 2020/10/04 03:55:01 Q=5
2026-01-06 19:17:08,784 - INFO - [GINSLIB] processing : 2020/10/04 03:55:02 Q=5
2026-01-06 19:17:08,796 - INFO - [GINSLIB] processing : 2020/10/04 03:55:03 Q=5
2026-01-06 19:17:08,807 - INFO - [GINSLIB] processing : 2020/10/04 03:55:04 Q=5
2026-01-06 19:17:08,820 - INFO - [GINSLIB] processing : 2020/10/04 03:55:05 Q=5
2026-01-06 19:17:08,842 - INFO - [GINSLIB] processing : 2020/10/04 03:55:06 Q=5
2026-01-06 19:17:08,843 - INFO - [GINSLIB] processing : 2020/10/04 03:55:07 Q=5
2026-01-06 19:17:08,857 - INFO - [GINSLIB] processing : 2020/10/04 03:55:07 Q=7
2026-01-06 19:17:08,858 - INFO - [GINSLIB] processing : 2020/10/04 03:55:08 Q=7
2026-01-06 19:17:08,870 - INFO - [GINSLIB] processing : 2020/10/04 03:55:08 Q=5
2026-01-06 19:17:08,872 - INFO - [GINSLIB] processing : 2020/10/04 03:55:09 Q=5
2026-01-06 19:17:08,885 - INFO - [GINSLIB] processing : 2020/10/04 03:55:10 Q=5
2026-01-06 19:17:08,898 - INFO - [GINSLIB] processing : 2020/10/04 03:55:10 Q=7
2026-01-06 19:17:08,915 - INFO - [GINSLIB] processing : 2020/10/04 03:55:11 Q=7
2026-01-06 19:17:08,916 - INFO - [GINSLIB] processing : 2020/10/04 03:55:12 Q=7
2026-01-06 19:17:08,932 - INFO - [GINSLIB] processing : 2020/10/04 03:55:12 Q=5
2026-01-06 19:17:08,950 - INFO - [GINSLIB] processing : 2020/10/04 03:55:13 Q=5
2026-01-06 19:17:08,964 - INFO - [GINSLIB] processing : 2020/10/04 03:55:14 Q=5
2026-01-06 19:17:08,974 - INFO - [GINSLIB] processing : 2020/10/04 03:55:14 Q=7
2026-01-06 19:17:08,974 - INFO - [GINSLIB] processing : 2020/10/04 03:55:15 Q=7
2026-01-06 19:17:08,979 - INFO - [GINSLIB] processing : 2020/10/04 03:55:15 Q=5
2026-01-06 19:17:08,981 - INFO - [GINSLIB] processing : 2020/10/04 03:55:16 Q=5
2026-01-06 19:17:08,995 - INFO - [GINSLIB] processing : 2020/10/04 03:55:17 Q=5
2026-01-06 19:17:09,009 - INFO - [GINSLIB] processing : 2020/10/04 03:55:18 Q=5
2026-01-06 19:17:09,022 - INFO - [GINSLIB] processing : 2020/10/04 03:55:19 Q=5
2026-01-06 19:17:09,034 - INFO - [GINSLIB] processing : 2020/10/04 03:55:20 Q=5
2026-01-06 19:17:09,046 - INFO - [GINSLIB] processing : 2020/10/04 03:55:21 Q=5
2026-01-06 19:17:09,058 - INFO - [GINSLIB] processing : 2020/10/04 03:55:22 Q=5
2026-01-06 19:17:09,070 - INFO - [GINSLIB] processing : 2020/10/04 03:55:23 Q=5
2026-01-06 19:17:09,084 - INFO - [GINSLIB] processing : 2020/10/04 03:55:24 Q=5
2026-01-06 19:17:09,095 - INFO - [GINSLIB] processing : 2020/10/04 03:55:25 Q=5
2026-01-06 19:17:09,108 - INFO - [GINSLIB] processing : 2020/10/04 03:55:26 Q=5
2026-01-06 19:17:09,129 - INFO - [GINSLIB] processing : 2020/10/04 03:55:27 Q=5
2026-01-06 19:17:09,130 - INFO - [GINSLIB] processing : 2020/10/04 03:55:28 Q=5
2026-01-06 19:17:09,141 - INFO - [GINSLIB] processing : 2020/10/04 03:55:29 Q=5
2026-01-06 19:17:09,154 - INFO - [GINSLIB] processing : 2020/10/04 03:55:30 Q=5
2026-01-06 19:17:09,167 - INFO - [GINSLIB] processing : 2020/10/04 03:55:31 Q=5
2026-01-06 19:17:09,186 - INFO - [GINSLIB] processing : 2020/10/04 03:55:32 Q=5
2026-01-06 19:17:09,188 - INFO - [GINSLIB] processing : 2020/10/04 03:55:33 Q=5
2026-01-06 19:17:09,200 - INFO - [GINSLIB] processing : 2020/10/04 03:55:34 Q=5
2026-01-06 19:17:09,211 - INFO - [GINSLIB] processing : 2020/10/04 03:55:35 Q=5
2026-01-06 19:17:09,222 - INFO - [GINSLIB] processing : 2020/10/04 03:55:36 Q=5
2026-01-06 19:17:09,243 - INFO - [GINSLIB] processing : 2020/10/04 03:55:37 Q=5
2026-01-06 19:17:09,245 - INFO - [GINSLIB] processing : 2020/10/04 03:55:38 Q=5
2026-01-06 19:17:09,258 - INFO - [GINSLIB] processing : 2020/10/04 03:55:39 Q=5
2026-01-06 19:17:09,269 - INFO - [GINSLIB] processing : 2020/10/04 03:55:40 Q=5
2026-01-06 19:17:09,280 - INFO - [GINSLIB] processing : 2020/10/04 03:55:41 Q=5
2026-01-06 19:17:09,300 - INFO - [GINSLIB] processing : 2020/10/04 03:55:42 Q=5
2026-01-06 19:17:09,301 - INFO - [GINSLIB] processing : 2020/10/04 03:55:43 Q=5
2026-01-06 19:17:09,313 - INFO - [GINSLIB] processing : 2020/10/04 03:55:44 Q=5
2026-01-06 19:17:09,325 - INFO - [GINSLIB] processing : 2020/10/04 03:55:45 Q=5
2026-01-06 19:17:09,338 - INFO - [GINSLIB] processing : 2020/10/04 03:55:46 Q=5
2026-01-06 19:17:09,348 - INFO - [GINSLIB] processing : 2020/10/04 03:55:47 Q=5
2026-01-06 19:17:09,357 - INFO - [GINSLIB] processing : 2020/10/04 03:55:48 Q=5
2026-01-06 19:17:09,368 - INFO - [GINSLIB] processing : 2020/10/04 03:55:49 Q=5
2026-01-06 19:17:09,379 - INFO - [GINSLIB] processing : 2020/10/04 03:55:50 Q=5
2026-01-06 19:17:09,390 - INFO - [GINSLIB] processing : 2020/10/04 03:55:51 Q=5
2026-01-06 19:17:09,400 - INFO - [GINSLIB] processing : 2020/10/04 03:55:52 Q=5
2026-01-06 19:17:09,409 - INFO - [GINSLIB] processing : 2020/10/04 03:55:53 Q=5
2026-01-06 19:17:09,418 - INFO - [GINSLIB] processing : 2020/10/04 03:55:53 Q=7
2026-01-06 19:17:09,419 - INFO - [GINSLIB] processing : 2020/10/04 03:55:54 Q=7
2026-01-06 19:17:09,428 - INFO - [GINSLIB] processing : 2020/10/04 03:55:54 Q=5
2026-01-06 19:17:09,429 - INFO - [GINSLIB] processing : 2020/10/04 03:55:55 Q=5
2026-01-06 19:17:09,440 - INFO - [GINSLIB] processing : 2020/10/04 03:55:56 Q=5
2026-01-06 19:17:09,450 - INFO - [GINSLIB] processing : 2020/10/04 03:55:57 Q=5
2026-01-06 19:17:09,468 - INFO - [GINSLIB] processing : 2020/10/04 03:55:58 Q=5
2026-01-06 19:17:09,470 - INFO - [GINSLIB] processing : 2020/10/04 03:55:59 Q=5
2026-01-06 19:17:09,480 - INFO - [GINSLIB] processing : 2020/10/04 03:56:00 Q=5
2026-01-06 19:17:09,491 - INFO - [GINSLIB] processing : 2020/10/04 03:56:01 Q=5
2026-01-06 19:17:09,503 - INFO - [GINSLIB] processing : 2020/10/04 03:56:02 Q=5
2026-01-06 19:17:09,522 - INFO - [GINSLIB] processing : 2020/10/04 03:56:03 Q=5
2026-01-06 19:17:09,523 - INFO - [GINSLIB] processing : 2020/10/04 03:56:04 Q=5
2026-01-06 19:17:09,534 - INFO - [GINSLIB] processing : 2020/10/04 03:56:05 Q=5
2026-01-06 19:17:09,544 - INFO - [GINSLIB] processing : 2020/10/04 03:56:06 Q=5
2026-01-06 19:17:09,554 - INFO - [GINSLIB] processing : 2020/10/04 03:56:07 Q=5
2026-01-06 19:17:09,574 - INFO - [GINSLIB] processing : 2020/10/04 03:56:08 Q=5
2026-01-06 19:17:09,575 - INFO - [GINSLIB] processing : 2020/10/04 03:56:09 Q=5
2026-01-06 19:17:09,586 - INFO - [GINSLIB] processing : 2020/10/04 03:56:10 Q=5
2026-01-06 19:17:09,597 - INFO - [GINSLIB] processing : 2020/10/04 03:56:11 Q=5
2026-01-06 19:17:09,608 - INFO - [GINSLIB] processing : 2020/10/04 03:56:12 Q=5
2026-01-06 19:17:09,618 - INFO - [GINSLIB] processing : 2020/10/04 03:56:13 Q=5
2026-01-06 19:17:09,628 - INFO - [GINSLIB] processing : 2020/10/04 03:56:14 Q=5
2026-01-06 19:17:09,638 - INFO - [GINSLIB] processing : 2020/10/04 03:56:15 Q=5
2026-01-06 19:17:09,648 - INFO - [GINSLIB] processing : 2020/10/04 03:56:16 Q=5
2026-01-06 19:17:09,659 - INFO - [GINSLIB] processing : 2020/10/04 03:56:17 Q=5
2026-01-06 19:17:09,670 - INFO - [GINSLIB] processing : 2020/10/04 03:56:18 Q=5
2026-01-06 19:17:09,679 - INFO - [GINSLIB] processing : 2020/10/04 03:56:19 Q=5
2026-01-06 19:17:09,693 - INFO - [GINSLIB] processing : 2020/10/04 03:56:20 Q=5
2026-01-06 19:17:09,705 - INFO - [GINSLIB] processing : 2020/10/04 03:56:21 Q=5
2026-01-06 19:17:09,715 - INFO - [GINSLIB] processing : 2020/10/04 03:56:22 Q=5
2026-01-06 19:17:09,728 - INFO - [GINSLIB] processing : 2020/10/04 03:56:23 Q=5
2026-01-06 19:17:09,739 - INFO - [GINSLIB] processing : 2020/10/04 03:56:24 Q=5
2026-01-06 19:17:09,751 - INFO - [GINSLIB] processing : 2020/10/04 03:56:25 Q=5
2026-01-06 19:17:09,762 - INFO - [GINSLIB] processing : 2020/10/04 03:56:26 Q=5
2026-01-06 19:17:09,773 - INFO - [GINSLIB] processing : 2020/10/04 03:56:27 Q=5
2026-01-06 19:17:09,785 - INFO - [GINSLIB] processing : 2020/10/04 03:56:28 Q=5
2026-01-06 19:17:09,803 - INFO - [GINSLIB] processing : 2020/10/04 03:56:29 Q=5
2026-01-06 19:17:09,804 - INFO - [GINSLIB] processing : 2020/10/04 03:56:30 Q=5
2026-01-06 19:17:09,813 - INFO - [GINSLIB] processing : 2020/10/04 03:56:31 Q=5
2026-01-06 19:17:09,824 - INFO - [GINSLIB] processing : 2020/10/04 03:56:32 Q=5
2026-01-06 19:17:09,836 - INFO - [GINSLIB] processing : 2020/10/04 03:56:33 Q=5
2026-01-06 19:17:09,855 - INFO - [GINSLIB] processing : 2020/10/04 03:56:34 Q=5
2026-01-06 19:17:09,857 - INFO - [GINSLIB] processing : 2020/10/04 03:56:35 Q=5
2026-01-06 19:17:09,866 - INFO - [GINSLIB] processing : 2020/10/04 03:56:36 Q=5
2026-01-06 19:17:09,879 - INFO - [GINSLIB] processing : 2020/10/04 03:56:37 Q=5
2026-01-06 19:17:09,889 - INFO - [GINSLIB] processing : 2020/10/04 03:56:38 Q=5
2026-01-06 19:17:09,907 - INFO - [GINSLIB] processing : 2020/10/04 03:56:39 Q=5
2026-01-06 19:17:09,908 - INFO - [GINSLIB] processing : 2020/10/04 03:56:40 Q=5
2026-01-06 19:17:09,918 - INFO - [GINSLIB] processing : 2020/10/04 03:56:41 Q=5
2026-01-06 19:17:09,927 - INFO - [GINSLIB] processing : 2020/10/04 03:56:42 Q=5
2026-01-06 19:17:09,938 - INFO - [GINSLIB] processing : 2020/10/04 03:56:43 Q=5
2026-01-06 19:17:09,948 - INFO - [GINSLIB] processing : 2020/10/04 03:56:44 Q=5
2026-01-06 19:17:09,956 - INFO - [GINSLIB] processing : 2020/10/04 03:56:45 Q=5
2026-01-06 19:17:09,968 - INFO - [GINSLIB] processing : 2020/10/04 03:56:46 Q=5
2026-01-06 19:17:09,978 - INFO - [GINSLIB] processing : 2020/10/04 03:56:47 Q=5
2026-01-06 19:17:09,989 - INFO - [GINSLIB] processing : 2020/10/04 03:56:48 Q=5
2026-01-06 19:17:10,001 - INFO - [GINSLIB] processing : 2020/10/04 03:56:49 Q=5
2026-01-06 19:17:10,010 - INFO - [GINSLIB] processing : 2020/10/04 03:56:50 Q=5
2026-01-06 19:17:10,019 - INFO - [GINSLIB] processing : 2020/10/04 03:56:51 Q=5
2026-01-06 19:17:10,030 - INFO - [GINSLIB] processing : 2020/10/04 03:56:52 Q=5
2026-01-06 19:17:10,041 - INFO - [GINSLIB] processing : 2020/10/04 03:56:53 Q=5
2026-01-06 19:17:10,051 - INFO - [GINSLIB] processing : 2020/10/04 03:56:54 Q=5
2026-01-06 19:17:10,061 - INFO - [GINSLIB] processing : 2020/10/04 03:56:55 Q=5
2026-01-06 19:17:10,071 - INFO - [GINSLIB] processing : 2020/10/04 03:56:56 Q=5
2026-01-06 19:17:10,081 - INFO - [GINSLIB] processing : 2020/10/04 03:56:57 Q=5
2026-01-06 19:17:10,093 - INFO - [GINSLIB] processing : 2020/10/04 03:56:58 Q=5
2026-01-06 19:17:10,103 - INFO - [GINSLIB] processing : 2020/10/04 03:56:59 Q=5
2026-01-06 19:17:10,121 - INFO - [GINSLIB] processing : 2020/10/04 03:57:00 Q=5
2026-01-06 19:17:10,122 - INFO - [GINSLIB] processing : 2020/10/04 03:57:01 Q=5
2026-01-06 19:17:10,131 - INFO - [GINSLIB] processing : 2020/10/04 03:57:02 Q=5
2026-01-06 19:17:10,143 - INFO - [GINSLIB] processing : 2020/10/04 03:57:03 Q=5
2026-01-06 19:17:10,153 - INFO - [GINSLIB] processing : 2020/10/04 03:57:04 Q=5
2026-01-06 19:17:10,171 - INFO - [GINSLIB] processing : 2020/10/04 03:57:05 Q=5
2026-01-06 19:17:10,172 - INFO - [GINSLIB] processing : 2020/10/04 03:57:06 Q=5
2026-01-06 19:17:10,183 - INFO - [GINSLIB] processing : 2020/10/04 03:57:07 Q=5
2026-01-06 19:17:10,192 - INFO - [GINSLIB] processing : 2020/10/04 03:57:08 Q=5
2026-01-06 19:17:10,202 - INFO - [GINSLIB] processing : 2020/10/04 03:57:09 Q=5
2026-01-06 19:17:10,219 - INFO - [GINSLIB] processing : 2020/10/04 03:57:10 Q=5
2026-01-06 19:17:10,221 - INFO - [GINSLIB] processing : 2020/10/04 03:57:11 Q=5
2026-01-06 19:17:10,232 - INFO - [GINSLIB] processing : 2020/10/04 03:57:12 Q=5
2026-01-06 19:17:10,241 - INFO - [GINSLIB] processing : 2020/10/04 03:57:13 Q=5
2026-01-06 19:17:10,252 - INFO - [GINSLIB] processing : 2020/10/04 03:57:14 Q=5
2026-01-06 19:17:10,262 - INFO - [GINSLIB] processing : 2020/10/04 03:57:15 Q=5
2026-01-06 19:17:10,270 - INFO - [GINSLIB] processing : 2020/10/04 03:57:16 Q=5
2026-01-06 19:17:10,281 - INFO - [GINSLIB] processing : 2020/10/04 03:57:17 Q=5
2026-01-06 19:17:10,293 - INFO - [GINSLIB] processing : 2020/10/04 03:57:18 Q=5
2026-01-06 19:17:10,302 - INFO - [GINSLIB] processing : 2020/10/04 03:57:19 Q=5
2026-01-06 19:17:10,312 - INFO - [GINSLIB] processing : 2020/10/04 03:57:20 Q=5
2026-01-06 19:17:10,322 - INFO - [GINSLIB] processing : 2020/10/04 03:57:21 Q=5
2026-01-06 19:17:10,333 - INFO - [GINSLIB] processing : 2020/10/04 03:57:22 Q=5
2026-01-06 19:17:10,343 - INFO - [GINSLIB] processing : 2020/10/04 03:57:23 Q=5
2026-01-06 19:17:10,354 - INFO - [GINSLIB] processing : 2020/10/04 03:57:24 Q=5
2026-01-06 19:17:10,364 - INFO - [GINSLIB] processing : 2020/10/04 03:57:25 Q=5
2026-01-06 19:17:10,373 - INFO - [GINSLIB] processing : 2020/10/04 03:57:26 Q=5
2026-01-06 19:17:10,384 - INFO - [GINSLIB] processing : 2020/10/04 03:57:27 Q=5
2026-01-06 19:17:10,393 - INFO - [GINSLIB] processing : 2020/10/04 03:57:28 Q=5
2026-01-06 19:17:10,406 - INFO - [GINSLIB] processing : 2020/10/04 03:57:29 Q=5
2026-01-06 19:17:10,420 - INFO - [GINSLIB] processing : 2020/10/04 03:57:30 Q=5
2026-01-06 19:17:10,446 - INFO - [GINSLIB] processing : 2020/10/04 03:57:31 Q=5
2026-01-06 19:17:10,447 - INFO - [GINSLIB] processing : 2020/10/04 03:57:32 Q=5
2026-01-06 19:17:10,460 - INFO - [GINSLIB] processing : 2020/10/04 03:57:33 Q=5
2026-01-06 19:17:10,471 - INFO - [GINSLIB] processing : 2020/10/04 03:57:34 Q=5
2026-01-06 19:17:10,482 - INFO - [GINSLIB] processing : 2020/10/04 03:57:35 Q=5
2026-01-06 19:17:10,504 - INFO - [GINSLIB] processing : 2020/10/04 03:57:36 Q=5
2026-01-06 19:17:10,505 - INFO - [GINSLIB] processing : 2020/10/04 03:57:37 Q=5
2026-01-06 19:17:10,516 - INFO - [GINSLIB] processing : 2020/10/04 03:57:38 Q=5
2026-01-06 19:17:10,528 - INFO - [GINSLIB] processing : 2020/10/04 03:57:39 Q=5
2026-01-06 19:17:10,541 - INFO - [GINSLIB] processing : 2020/10/04 03:57:40 Q=5
2026-01-06 19:17:10,561 - INFO - [GINSLIB] processing : 2020/10/04 03:57:41 Q=5
2026-01-06 19:17:10,562 - INFO - [GINSLIB] processing : 2020/10/04 03:57:42 Q=5
2026-01-06 19:17:10,573 - INFO - [GINSLIB] processing : 2020/10/04 03:57:43 Q=5
2026-01-06 19:17:10,584 - INFO - [GINSLIB] processing : 2020/10/04 03:57:44 Q=5
2026-01-06 19:17:10,593 - INFO - [GINSLIB] processing : 2020/10/04 03:57:45 Q=5
2026-01-06 19:17:10,605 - INFO - [GINSLIB] processing : 2020/10/04 03:57:46 Q=5
2026-01-06 19:17:10,615 - INFO - [GINSLIB] processing : 2020/10/04 03:57:47 Q=5
2026-01-06 19:17:10,625 - INFO - [GINSLIB] processing : 2020/10/04 03:57:48 Q=5
2026-01-06 19:17:10,635 - INFO - [GINSLIB] processing : 2020/10/04 03:57:49 Q=5
2026-01-06 19:17:10,644 - INFO - [GINSLIB] processing : 2020/10/04 03:57:50 Q=5
2026-01-06 19:17:10,655 - INFO - [GINSLIB] processing : 2020/10/04 03:57:51 Q=5
2026-01-06 19:17:10,664 - INFO - [GINSLIB] processing : 2020/10/04 03:57:52 Q=5
2026-01-06 19:17:10,676 - INFO - [GINSLIB] processing : 2020/10/04 03:57:53 Q=5
2026-01-06 19:17:10,687 - INFO - [GINSLIB] processing : 2020/10/04 03:57:54 Q=5
2026-01-06 19:17:10,697 - INFO - [GINSLIB] processing : 2020/10/04 03:57:55 Q=5
2026-01-06 19:17:10,708 - INFO - [GINSLIB] processing : 2020/10/04 03:57:56 Q=5
2026-01-06 19:17:10,717 - INFO - [GINSLIB] processing : 2020/10/04 03:57:57 Q=5
2026-01-06 19:17:10,727 - INFO - [GINSLIB] processing : 2020/10/04 03:57:58 Q=5
2026-01-06 19:17:10,736 - INFO - [GINSLIB] processing : 2020/10/04 03:57:59 Q=5
2026-01-06 19:17:10,745 - INFO - [GINSLIB] processing : 2020/10/04 03:58:00 Q=5
2026-01-06 19:17:10,756 - INFO - [GINSLIB] processing : 2020/10/04 03:58:01 Q=5
2026-01-06 19:17:10,774 - INFO - [GINSLIB] processing : 2020/10/04 03:58:02 Q=5
2026-01-06 19:17:10,775 - INFO - [GINSLIB] processing : 2020/10/04 03:58:03 Q=5
2026-01-06 19:17:10,786 - INFO - [GINSLIB] processing : 2020/10/04 03:58:04 Q=5
2026-01-06 19:17:10,796 - INFO - [GINSLIB] processing : 2020/10/04 03:58:05 Q=5
2026-01-06 19:17:10,807 - INFO - [GINSLIB] processing : 2020/10/04 03:58:06 Q=5
2026-01-06 19:17:10,824 - INFO - [GINSLIB] processing : 2020/10/04 03:58:07 Q=5
2026-01-06 19:17:10,826 - INFO - [GINSLIB] processing : 2020/10/04 03:58:08 Q=5
2026-01-06 19:17:10,836 - INFO - [GINSLIB] processing : 2020/10/04 03:58:09 Q=5
2026-01-06 19:17:10,846 - INFO - [GINSLIB] processing : 2020/10/04 03:58:10 Q=5
2026-01-06 19:17:10,857 - INFO - [GINSLIB] processing : 2020/10/04 03:58:11 Q=5
2026-01-06 19:17:10,874 - INFO - [GINSLIB] processing : 2020/10/04 03:58:12 Q=5
2026-01-06 19:17:10,875 - INFO - [GINSLIB] processing : 2020/10/04 03:58:13 Q=5
2026-01-06 19:17:10,886 - INFO - [GINSLIB] processing : 2020/10/04 03:58:14 Q=5
2026-01-06 19:17:10,897 - INFO - [GINSLIB] processing : 2020/10/04 03:58:15 Q=5
2026-01-06 19:17:10,908 - INFO - [GINSLIB] processing : 2020/10/04 03:58:16 Q=5
2026-01-06 19:17:10,918 - INFO - [GINSLIB] processing : 2020/10/04 03:58:17 Q=5
2026-01-06 19:17:10,928 - INFO - [GINSLIB] processing : 2020/10/04 03:58:18 Q=5
2026-01-06 19:17:10,939 - INFO - [GINSLIB] processing : 2020/10/04 03:58:19 Q=5
2026-01-06 19:17:10,949 - INFO - [GINSLIB] processing : 2020/10/04 03:58:20 Q=5
2026-01-06 19:17:10,960 - INFO - [GINSLIB] processing : 2020/10/04 03:58:21 Q=5
2026-01-06 19:17:10,971 - INFO - [GINSLIB] processing : 2020/10/04 03:58:22 Q=5
2026-01-06 19:17:10,979 - INFO - [GINSLIB] processing : 2020/10/04 03:58:23 Q=5
2026-01-06 19:17:10,989 - INFO - [GINSLIB] processing : 2020/10/04 03:58:24 Q=5
2026-01-06 19:17:11,000 - INFO - [GINSLIB] processing : 2020/10/04 03:58:25 Q=5
2026-01-06 19:17:11,010 - INFO - [GINSLIB] processing : 2020/10/04 03:58:26 Q=5
2026-01-06 19:17:11,021 - INFO - [GINSLIB] processing : 2020/10/04 03:58:27 Q=5
2026-01-06 19:17:11,040 - INFO - [GINSLIB] processing : 2020/10/04 03:58:28 Q=5
2026-01-06 19:17:11,041 - INFO - [GINSLIB] processing : 2020/10/04 03:58:29 Q=5
2026-01-06 19:17:11,051 - INFO - [GINSLIB] processing : 2020/10/04 03:58:30 Q=5
2026-01-06 19:17:11,062 - INFO - [GINSLIB] processing : 2020/10/04 03:58:31 Q=5
2026-01-06 19:17:11,072 - INFO - [GINSLIB] processing : 2020/10/04 03:58:32 Q=5
2026-01-06 19:17:11,089 - INFO - [GINSLIB] processing : 2020/10/04 03:58:33 Q=5
2026-01-06 19:17:11,091 - INFO - [GINSLIB] processing : 2020/10/04 03:58:34 Q=5
2026-01-06 19:17:11,102 - INFO - [GINSLIB] processing : 2020/10/04 03:58:35 Q=5
2026-01-06 19:17:11,112 - INFO - [GINSLIB] processing : 2020/10/04 03:58:36 Q=5
2026-01-06 19:17:11,122 - INFO - [GINSLIB] processing : 2020/10/04 03:58:37 Q=5
2026-01-06 19:17:11,141 - INFO - [GINSLIB] processing : 2020/10/04 03:58:38 Q=5
2026-01-06 19:17:11,142 - INFO - [GINSLIB] processing : 2020/10/04 03:58:39 Q=5
2026-01-06 19:17:11,154 - INFO - [GINSLIB] processing : 2020/10/04 03:58:40 Q=5
2026-01-06 19:17:11,165 - INFO - [GINSLIB] processing : 2020/10/04 03:58:41 Q=5
2026-01-06 19:17:11,175 - INFO - [GINSLIB] processing : 2020/10/04 03:58:42 Q=5
2026-01-06 19:17:11,193 - INFO - [GINSLIB] processing : 2020/10/04 03:58:43 Q=5
2026-01-06 19:17:11,194 - INFO - [GINSLIB] processing : 2020/10/04 03:58:44 Q=5
2026-01-06 19:17:11,204 - INFO - [GINSLIB] processing : 2020/10/04 03:58:45 Q=5
2026-01-06 19:17:11,214 - INFO - [GINSLIB] processing : 2020/10/04 03:58:46 Q=5
2026-01-06 19:17:11,226 - INFO - [GINSLIB] processing : 2020/10/04 03:58:47 Q=5
2026-01-06 19:17:11,236 - INFO - [GINSLIB] processing : 2020/10/04 03:58:48 Q=5
2026-01-06 19:17:11,245 - INFO - [GINSLIB] processing : 2020/10/04 03:58:49 Q=5
2026-01-06 19:17:11,256 - INFO - [GINSLIB] processing : 2020/10/04 03:58:50 Q=5
2026-01-06 19:17:11,266 - INFO - [GINSLIB] processing : 2020/10/04 03:58:51 Q=5
2026-01-06 19:17:11,276 - INFO - [GINSLIB] processing : 2020/10/04 03:58:52 Q=5
2026-01-06 19:17:11,288 - INFO - [GINSLIB] processing : 2020/10/04 03:58:53 Q=5
2026-01-06 19:17:11,296 - INFO - [GINSLIB] processing : 2020/10/04 03:58:54 Q=5
2026-01-06 19:17:11,306 - INFO - [GINSLIB] processing : 2020/10/04 03:58:55 Q=5
2026-01-06 19:17:11,316 - INFO - [GINSLIB] processing : 2020/10/04 03:58:56 Q=5
2026-01-06 19:17:11,326 - INFO - [GINSLIB] processing : 2020/10/04 03:58:57 Q=5
2026-01-06 19:17:11,337 - INFO - [GINSLIB] processing : 2020/10/04 03:58:58 Q=5
2026-01-06 19:17:11,354 - INFO - [GINSLIB] processing : 2020/10/04 03:58:59 Q=5
2026-01-06 19:17:11,355 - INFO - [GINSLIB] processing : 2020/10/04 03:59:00 Q=5
2026-01-06 19:17:11,366 - INFO - [GINSLIB] processing : 2020/10/04 03:59:01 Q=5
2026-01-06 19:17:11,375 - INFO - [GINSLIB] processing : 2020/10/04 03:59:02 Q=5
2026-01-06 19:17:11,385 - INFO - [GINSLIB] processing : 2020/10/04 03:59:03 Q=5
2026-01-06 19:17:11,404 - INFO - [GINSLIB] processing : 2020/10/04 03:59:04 Q=5
2026-01-06 19:17:11,406 - INFO - [GINSLIB] processing : 2020/10/04 03:59:05 Q=5
2026-01-06 19:17:11,414 - INFO - [GINSLIB] processing : 2020/10/04 03:59:06 Q=5
2026-01-06 19:17:11,425 - INFO - [GINSLIB] processing : 2020/10/04 03:59:07 Q=5
2026-01-06 19:17:11,435 - INFO - [GINSLIB] processing : 2020/10/04 03:59:08 Q=5
2026-01-06 19:17:11,453 - INFO - [GINSLIB] processing : 2020/10/04 03:59:09 Q=5
2026-01-06 19:17:11,454 - INFO - [GINSLIB] processing : 2020/10/04 03:59:10 Q=5
2026-01-06 19:17:11,465 - INFO - [GINSLIB] processing : 2020/10/04 03:59:11 Q=5
2026-01-06 19:17:11,475 - INFO - [GINSLIB] processing : 2020/10/04 03:59:12 Q=5
2026-01-06 19:17:11,487 - INFO - [GINSLIB] processing : 2020/10/04 03:59:13 Q=5
2026-01-06 19:17:11,497 - INFO - [GINSLIB] processing : 2020/10/04 03:59:14 Q=5
2026-01-06 19:17:11,506 - INFO - [GINSLIB] processing : 2020/10/04 03:59:15 Q=5
2026-01-06 19:17:11,518 - INFO - [GINSLIB] processing : 2020/10/04 03:59:16 Q=5
2026-01-06 19:17:11,528 - INFO - [GINSLIB] processing : 2020/10/04 03:59:17 Q=5
2026-01-06 19:17:11,539 - INFO - [GINSLIB] processing : 2020/10/04 03:59:18 Q=5
2026-01-06 19:17:11,552 - INFO - [GINSLIB] processing : 2020/10/04 03:59:19 Q=5
2026-01-06 19:17:11,561 - INFO - [GINSLIB] processing : 2020/10/04 03:59:20 Q=5
2026-01-06 19:17:11,571 - INFO - [GINSLIB] processing : 2020/10/04 03:59:21 Q=5
2026-01-06 19:17:11,584 - INFO - [GINSLIB] processing : 2020/10/04 03:59:22 Q=5
2026-01-06 19:17:11,596 - INFO - [GINSLIB] processing : 2020/10/04 03:59:23 Q=5
2026-01-06 19:17:11,607 - INFO - [GINSLIB] processing : 2020/10/04 03:59:24 Q=5
2026-01-06 19:17:11,617 - INFO - [GINSLIB] processing : 2020/10/04 03:59:25 Q=5
2026-01-06 19:17:11,628 - INFO - [GINSLIB] processing : 2020/10/04 03:59:26 Q=5
2026-01-06 19:17:11,640 - INFO - [GINSLIB] processing : 2020/10/04 03:59:27 Q=5
2026-01-06 19:17:11,651 - INFO - [GINSLIB] processing : 2020/10/04 03:59:28 Q=5
2026-01-06 19:17:11,662 - INFO - [GINSLIB] processing : 2020/10/04 03:59:29 Q=5
2026-01-06 19:17:11,679 - INFO - [GINSLIB] processing : 2020/10/04 03:59:30 Q=5
2026-01-06 19:17:11,680 - INFO - [GINSLIB] processing : 2020/10/04 03:59:31 Q=5
2026-01-06 19:17:11,692 - INFO - [GINSLIB] processing : 2020/10/04 03:59:32 Q=5
2026-01-06 19:17:11,702 - INFO - [GINSLIB] processing : 2020/10/04 03:59:33 Q=5
2026-01-06 19:17:11,713 - INFO - [GINSLIB] processing : 2020/10/04 03:59:34 Q=5
2026-01-06 19:17:11,730 - INFO - [GINSLIB] processing : 2020/10/04 03:59:35 Q=5
2026-01-06 19:17:11,732 - INFO - [GINSLIB] processing : 2020/10/04 03:59:36 Q=5
2026-01-06 19:17:11,742 - INFO - [GINSLIB] processing : 2020/10/04 03:59:37 Q=5
2026-01-06 19:17:11,754 - INFO - [GINSLIB] processing : 2020/10/04 03:59:38 Q=5
2026-01-06 19:17:11,763 - INFO - [GINSLIB] processing : 2020/10/04 03:59:39 Q=5
2026-01-06 19:17:11,782 - INFO - [GINSLIB] processing : 2020/10/04 03:59:40 Q=5
2026-01-06 19:17:11,783 - INFO - [GINSLIB] processing : 2020/10/04 03:59:41 Q=5
2026-01-06 19:17:11,793 - INFO - [GINSLIB] processing : 2020/10/04 03:59:42 Q=5
2026-01-06 19:17:11,804 - INFO - [GINSLIB] processing : 2020/10/04 03:59:43 Q=5
2026-01-06 19:17:11,815 - INFO - [GINSLIB] processing : 2020/10/04 03:59:44 Q=5
2026-01-06 19:17:11,825 - INFO - [GINSLIB] processing : 2020/10/04 03:59:45 Q=5
2026-01-06 19:17:11,836 - INFO - [GINSLIB] processing : 2020/10/04 03:59:46 Q=5
2026-01-06 19:17:11,845 - INFO - [GINSLIB] processing : 2020/10/04 03:59:47 Q=5
2026-01-06 19:17:11,856 - INFO - [GINSLIB] processing : 2020/10/04 03:59:48 Q=5
2026-01-06 19:17:11,867 - INFO - [GINSLIB] processing : 2020/10/04 03:59:49 Q=5
2026-01-06 19:17:11,877 - INFO - [GINSLIB] processing : 2020/10/04 03:59:50 Q=5
2026-01-06 19:17:11,890 - INFO - [GINSLIB] processing : 2020/10/04 03:59:51 Q=5
2026-01-06 19:17:11,905 - INFO - [GINSLIB] processing : 2020/10/04 03:59:52 Q=5
2026-01-06 19:17:11,919 - INFO - [GINSLIB] processing : 2020/10/04 03:59:53 Q=5
2026-01-06 19:17:11,932 - INFO - [GINSLIB] processing : 2020/10/04 03:59:54 Q=5
2026-01-06 19:17:11,944 - INFO - [GINSLIB] processing : 2020/10/04 03:59:55 Q=5
2026-01-06 19:17:11,953 - INFO - [GINSLIB] processing : 2020/10/04 03:59:56 Q=5
2026-01-06 19:17:11,968 - INFO - [GINSLIB] processing : 2020/10/04 03:59:57 Q=5
2026-01-06 19:17:11,983 - INFO - [GINSLIB] processing : 2020/10/04 03:59:58 Q=5
2026-01-06 19:17:11,995 - INFO - [GINSLIB] processing : 2020/10/04 03:59:59 Q=5
2026-01-06 19:17:12,005 - INFO - [GINSLIB] processing : 2020/10/04 04:00:00 Q=5
2026-01-06 19:17:12,026 - INFO - [GINSLIB] processing : 2020/10/04 04:00:01 Q=5
2026-01-06 19:17:12,027 - INFO - [GINSLIB] processing : 2020/10/04 04:00:02 Q=5
2026-01-06 19:17:12,038 - INFO - [GINSLIB] processing : 2020/10/04 04:00:03 Q=5
2026-01-06 19:17:12,048 - INFO - [GINSLIB] processing : 2020/10/04 04:00:04 Q=5
2026-01-06 19:17:12,060 - INFO - [GINSLIB] processing : 2020/10/04 04:00:05 Q=5
2026-01-06 19:17:12,080 - INFO - [GINSLIB] processing : 2020/10/04 04:00:06 Q=5
2026-01-06 19:17:12,081 - INFO - [GINSLIB] processing : 2020/10/04 04:00:07 Q=5
2026-01-06 19:17:12,092 - INFO - [GINSLIB] processing : 2020/10/04 04:00:08 Q=5
2026-01-06 19:17:12,104 - INFO - [GINSLIB] processing : 2020/10/04 04:00:09 Q=5
2026-01-06 19:17:12,114 - INFO - [GINSLIB] processing : 2020/10/04 04:00:10 Q=5
2026-01-06 19:17:12,135 - INFO - [GINSLIB] processing : 2020/10/04 04:00:11 Q=5
2026-01-06 19:17:12,137 - INFO - [GINSLIB] processing : 2020/10/04 04:00:12 Q=5
2026-01-06 19:17:12,147 - INFO - [GINSLIB] processing : 2020/10/04 04:00:13 Q=5
2026-01-06 19:17:12,158 - INFO - [GINSLIB] processing : 2020/10/04 04:00:14 Q=5
2026-01-06 19:17:12,168 - INFO - [GINSLIB] processing : 2020/10/04 04:00:15 Q=5
2026-01-06 19:17:12,179 - INFO - [GINSLIB] processing : 2020/10/04 04:00:16 Q=5
2026-01-06 19:17:12,188 - INFO - [GINSLIB] processing : 2020/10/04 04:00:17 Q=5
2026-01-06 19:17:12,201 - INFO - [GINSLIB] processing : 2020/10/04 04:00:18 Q=5
2026-01-06 19:17:12,212 - INFO - [GINSLIB] processing : 2020/10/04 04:00:19 Q=5
2026-01-06 19:17:12,225 - INFO - [GINSLIB] processing : 2020/10/04 04:00:20 Q=5
2026-01-06 19:17:12,236 - INFO - [GINSLIB] processing : 2020/10/04 04:00:21 Q=5
2026-01-06 19:17:12,246 - INFO - [GINSLIB] processing : 2020/10/04 04:00:22 Q=5
2026-01-06 19:17:12,259 - INFO - [GINSLIB] processing : 2020/10/04 04:00:23 Q=5
2026-01-06 19:17:12,270 - INFO - [GINSLIB] processing : 2020/10/04 04:00:24 Q=5
2026-01-06 19:17:12,280 - INFO - [GINSLIB] processing : 2020/10/04 04:00:25 Q=5
2026-01-06 19:17:12,292 - INFO - [GINSLIB] processing : 2020/10/04 04:00:26 Q=5
2026-01-06 19:17:12,301 - INFO - [GINSLIB] processing : 2020/10/04 04:00:27 Q=5
2026-01-06 19:17:12,311 - INFO - [GINSLIB] processing : 2020/10/04 04:00:28 Q=5
2026-01-06 19:17:12,322 - INFO - [GINSLIB] processing : 2020/10/04 04:00:29 Q=5
2026-01-06 19:17:12,332 - INFO - [GINSLIB] processing : 2020/10/04 04:00:30 Q=5
2026-01-06 19:17:12,344 - INFO - [GINSLIB] processing : 2020/10/04 04:00:31 Q=5
2026-01-06 19:17:12,362 - INFO - [GINSLIB] processing : 2020/10/04 04:00:32 Q=5
2026-01-06 19:17:12,363 - INFO - [GINSLIB] processing : 2020/10/04 04:00:33 Q=5
2026-01-06 19:17:12,374 - INFO - [GINSLIB] processing : 2020/10/04 04:00:34 Q=5
2026-01-06 19:17:12,385 - INFO - [GINSLIB] processing : 2020/10/04 04:00:35 Q=5
2026-01-06 19:17:12,395 - INFO - [GINSLIB] processing : 2020/10/04 04:00:36 Q=5
2026-01-06 19:17:12,419 - INFO - [GINSLIB] processing : 2020/10/04 04:00:37 Q=5
2026-01-06 19:17:12,422 - INFO - [GINSLIB] processing : 2020/10/04 04:00:38 Q=5
2026-01-06 19:17:12,433 - INFO - [GINSLIB] processing : 2020/10/04 04:00:39 Q=5
2026-01-06 19:17:12,444 - INFO - [GINSLIB] processing : 2020/10/04 04:00:40 Q=5
2026-01-06 19:17:12,459 - INFO - [GINSLIB] processing : 2020/10/04 04:00:41 Q=5
2026-01-06 19:17:12,479 - INFO - [GINSLIB] processing : 2020/10/04 04:00:42 Q=5
2026-01-06 19:17:12,481 - INFO - [GINSLIB] processing : 2020/10/04 04:00:43 Q=5
2026-01-06 19:17:12,492 - INFO - [GINSLIB] processing : 2020/10/04 04:00:44 Q=5
2026-01-06 19:17:12,503 - INFO - [GINSLIB] processing : 2020/10/04 04:00:45 Q=5
2026-01-06 19:17:12,515 - INFO - [GINSLIB] processing : 2020/10/04 04:00:46 Q=5
2026-01-06 19:17:12,527 - INFO - [GINSLIB] processing : 2020/10/04 04:00:47 Q=5
2026-01-06 19:17:12,540 - INFO - [GINSLIB] processing : 2020/10/04 04:00:48 Q=5
2026-01-06 19:17:12,553 - INFO - [GINSLIB] processing : 2020/10/04 04:00:49 Q=5
2026-01-06 19:17:12,566 - INFO - [GINSLIB] processing : 2020/10/04 04:00:50 Q=5
2026-01-06 19:17:12,578 - INFO - [GINSLIB] processing : 2020/10/04 04:00:51 Q=5
2026-01-06 19:17:12,590 - INFO - [GINSLIB] processing : 2020/10/04 04:00:52 Q=5
2026-01-06 19:17:12,600 - INFO - [GINSLIB] processing : 2020/10/04 04:00:53 Q=5
2026-01-06 19:17:12,613 - INFO - [GINSLIB] processing : 2020/10/04 04:00:54 Q=5
2026-01-06 19:17:12,625 - INFO - [GINSLIB] processing : 2020/10/04 04:00:55 Q=5
2026-01-06 19:17:12,637 - INFO - [GINSLIB] processing : 2020/10/04 04:00:56 Q=5
2026-01-06 19:17:12,648 - INFO - [GINSLIB] processing : 2020/10/04 04:00:57 Q=5
2026-01-06 19:17:12,667 - INFO - [GINSLIB] processing : 2020/10/04 04:00:58 Q=5
2026-01-06 19:17:12,668 - INFO - [GINSLIB] processing : 2020/10/04 04:00:59 Q=5
2026-01-06 19:17:12,679 - INFO - [GINSLIB] processing : 2020/10/04 04:01:00 Q=5
2026-01-06 19:17:12,690 - INFO - [GINSLIB] processing : 2020/10/04 04:01:01 Q=5
2026-01-06 19:17:12,701 - INFO - [GINSLIB] processing : 2020/10/04 04:01:02 Q=5
2026-01-06 19:17:12,719 - INFO - [GINSLIB] processing : 2020/10/04 04:01:03 Q=5
2026-01-06 19:17:12,720 - INFO - [GINSLIB] processing : 2020/10/04 04:01:04 Q=5
2026-01-06 19:17:12,731 - INFO - [GINSLIB] processing : 2020/10/04 04:01:05 Q=5
2026-01-06 19:17:12,742 - INFO - [GINSLIB] processing : 2020/10/04 04:01:06 Q=5
2026-01-06 19:17:12,753 - INFO - [GINSLIB] processing : 2020/10/04 04:01:07 Q=5
2026-01-06 19:17:12,771 - INFO - [GINSLIB] processing : 2020/10/04 04:01:08 Q=5
2026-01-06 19:17:12,775 - INFO - [GINSLIB] processing : 2020/10/04 04:01:09 Q=5
2026-01-06 19:17:12,783 - INFO - [GINSLIB] processing : 2020/10/04 04:01:10 Q=5
2026-01-06 19:17:12,793 - INFO - [GINSLIB] processing : 2020/10/04 04:01:11 Q=5
2026-01-06 19:17:12,803 - INFO - [GINSLIB] processing : 2020/10/04 04:01:12 Q=5
2026-01-06 19:17:12,821 - INFO - [GINSLIB] processing : 2020/10/04 04:01:13 Q=5
2026-01-06 19:17:12,823 - INFO - [GINSLIB] processing : 2020/10/04 04:01:14 Q=5
2026-01-06 19:17:12,835 - INFO - [GINSLIB] processing : 2020/10/04 04:01:15 Q=5
2026-01-06 19:17:12,844 - INFO - [GINSLIB] processing : 2020/10/04 04:01:16 Q=5
2026-01-06 19:17:12,855 - INFO - [GINSLIB] processing : 2020/10/04 04:01:17 Q=5
2026-01-06 19:17:12,866 - INFO - [GINSLIB] processing : 2020/10/04 04:01:18 Q=5
2026-01-06 19:17:12,875 - INFO - [GINSLIB] processing : 2020/10/04 04:01:19 Q=5
2026-01-06 19:17:12,885 - INFO - [GINSLIB] processing : 2020/10/04 04:01:20 Q=5
2026-01-06 19:17:12,894 - INFO - [GINSLIB] processing : 2020/10/04 04:01:21 Q=5
2026-01-06 19:17:12,904 - INFO - [GINSLIB] processing : 2020/10/04 04:01:22 Q=5
2026-01-06 19:17:12,914 - INFO - [GINSLIB] processing : 2020/10/04 04:01:23 Q=5
2026-01-06 19:17:12,924 - INFO - [GINSLIB] processing : 2020/10/04 04:01:24 Q=5
2026-01-06 19:17:12,936 - INFO - [GINSLIB] processing : 2020/10/04 04:01:25 Q=5
2026-01-06 19:17:12,948 - INFO - [GINSLIB] processing : 2020/10/04 04:01:26 Q=5
2026-01-06 19:17:12,960 - INFO - [GINSLIB] processing : 2020/10/04 04:01:27 Q=5
2026-01-06 19:17:12,971 - INFO - [GINSLIB] processing : 2020/10/04 04:01:28 Q=5
2026-01-06 19:17:12,982 - INFO - [GINSLIB] processing : 2020/10/04 04:01:29 Q=5
2026-01-06 19:17:12,994 - INFO - [GINSLIB] processing : 2020/10/04 04:01:30 Q=5
2026-01-06 19:17:13,006 - INFO - [GINSLIB] processing : 2020/10/04 04:01:31 Q=5
2026-01-06 19:17:13,017 - INFO - [GINSLIB] processing : 2020/10/04 04:01:32 Q=5
2026-01-06 19:17:13,028 - INFO - [GINSLIB] processing : 2020/10/04 04:01:33 Q=5
2026-01-06 19:17:13,048 - INFO - [GINSLIB] processing : 2020/10/04 04:01:34 Q=5
2026-01-06 19:17:13,049 - INFO - [GINSLIB] processing : 2020/10/04 04:01:35 Q=5
2026-01-06 19:17:13,060 - INFO - [GINSLIB] processing : 2020/10/04 04:01:36 Q=5
2026-01-06 19:17:13,071 - INFO - [GINSLIB] processing : 2020/10/04 04:01:37 Q=5
2026-01-06 19:17:13,083 - INFO - [GINSLIB] processing : 2020/10/04 04:01:38 Q=5
2026-01-06 19:17:13,101 - INFO - [GINSLIB] processing : 2020/10/04 04:01:39 Q=5
2026-01-06 19:17:13,102 - INFO - [GINSLIB] processing : 2020/10/04 04:01:40 Q=5
2026-01-06 19:17:13,112 - INFO - [GINSLIB] processing : 2020/10/04 04:01:41 Q=5
2026-01-06 19:17:13,122 - INFO - [GINSLIB] processing : 2020/10/04 04:01:42 Q=5
2026-01-06 19:17:13,133 - INFO - [GINSLIB] processing : 2020/10/04 04:01:43 Q=5
2026-01-06 19:17:13,145 - INFO - [GINSLIB] processing : 2020/10/04 04:01:44 Q=5
2026-01-06 19:17:13,154 - INFO - [GINSLIB] processing : 2020/10/04 04:01:45 Q=5
2026-01-06 19:17:13,165 - INFO - [GINSLIB] processing : 2020/10/04 04:01:46 Q=5
2026-01-06 19:17:13,176 - INFO - [GINSLIB] processing : 2020/10/04 04:01:47 Q=5
2026-01-06 19:17:13,185 - INFO - [GINSLIB] processing : 2020/10/04 04:01:48 Q=5
2026-01-06 19:17:13,194 - INFO - [GINSLIB] processing : 2020/10/04 04:01:49 Q=5
2026-01-06 19:17:13,205 - INFO - [GINSLIB] processing : 2020/10/04 04:01:50 Q=5
2026-01-06 19:17:13,216 - INFO - [GINSLIB] processing : 2020/10/04 04:01:51 Q=5
2026-01-06 19:17:13,226 - INFO - [GINSLIB] processing : 2020/10/04 04:01:52 Q=5
2026-01-06 19:17:13,237 - INFO - [GINSLIB] processing : 2020/10/04 04:01:53 Q=5
2026-01-06 19:17:13,247 - INFO - [GINSLIB] processing : 2020/10/04 04:01:54 Q=5
2026-01-06 19:17:13,257 - INFO - [GINSLIB] processing : 2020/10/04 04:01:55 Q=5
2026-01-06 19:17:13,269 - INFO - [GINSLIB] processing : 2020/10/04 04:01:56 Q=5
2026-01-06 19:17:13,280 - INFO - [GINSLIB] processing : 2020/10/04 04:01:57 Q=5
2026-01-06 19:17:13,293 - INFO - [GINSLIB] processing : 2020/10/04 04:01:58 Q=5
2026-01-06 19:17:13,304 - INFO - [GINSLIB] processing : 2020/10/04 04:01:59 Q=5
2026-01-06 19:17:13,323 - INFO - [GINSLIB] processing : 2020/10/04 04:02:00 Q=5
2026-01-06 19:17:13,324 - INFO - [GINSLIB] processing : 2020/10/04 04:02:01 Q=5
2026-01-06 19:17:13,336 - INFO - [GINSLIB] processing : 2020/10/04 04:02:02 Q=5
2026-01-06 19:17:13,348 - INFO - [GINSLIB] processing : 2020/10/04 04:02:03 Q=5
2026-01-06 19:17:13,359 - INFO - [GINSLIB] processing : 2020/10/04 04:02:04 Q=5
2026-01-06 19:17:13,380 - INFO - [GINSLIB] processing : 2020/10/04 04:02:05 Q=5
2026-01-06 19:17:13,382 - INFO - [GINSLIB] processing : 2020/10/04 04:02:06 Q=5
2026-01-06 19:17:13,394 - INFO - [GINSLIB] processing : 2020/10/04 04:02:07 Q=5
2026-01-06 19:17:13,408 - INFO - [GINSLIB] processing : 2020/10/04 04:02:08 Q=5
2026-01-06 19:17:13,423 - INFO - [GINSLIB] processing : 2020/10/04 04:02:09 Q=5
2026-01-06 19:17:13,444 - INFO - [GINSLIB] processing : 2020/10/04 04:02:10 Q=5
2026-01-06 19:17:13,447 - INFO - [GINSLIB] processing : 2020/10/04 04:02:11 Q=5
2026-01-06 19:17:13,460 - INFO - [GINSLIB] processing : 2020/10/04 04:02:12 Q=5
2026-01-06 19:17:13,474 - INFO - [GINSLIB] processing : 2020/10/04 04:02:13 Q=5
2026-01-06 19:17:13,493 - INFO - [GINSLIB] processing : 2020/10/04 04:02:14 Q=5
2026-01-06 19:17:13,511 - INFO - [GINSLIB] processing : 2020/10/04 04:02:15 Q=5
2026-01-06 19:17:13,522 - INFO - [GINSLIB] processing : 2020/10/04 04:02:16 Q=5
2026-01-06 19:17:13,534 - INFO - [GINSLIB] processing : 2020/10/04 04:02:17 Q=5
2026-01-06 19:17:13,561 - INFO - [GINSLIB] processing : 2020/10/04 04:02:18 Q=5
2026-01-06 19:17:13,575 - INFO - [GINSLIB] processing : 2020/10/04 04:02:19 Q=5
2026-01-06 19:17:13,587 - INFO - [GINSLIB] processing : 2020/10/04 04:02:20 Q=5
2026-01-06 19:17:13,596 - INFO - [GINSLIB] processing : 2020/10/04 04:02:21 Q=5
2026-01-06 19:17:13,607 - INFO - [GINSLIB] processing : 2020/10/04 04:02:22 Q=5
2026-01-06 19:17:13,618 - INFO - [GINSLIB] processing : 2020/10/04 04:02:23 Q=5
2026-01-06 19:17:13,628 - INFO - [GINSLIB] processing : 2020/10/04 04:02:24 Q=5
2026-01-06 19:17:13,640 - INFO - [GINSLIB] processing : 2020/10/04 04:02:25 Q=5
2026-01-06 19:17:13,651 - INFO - [GINSLIB] processing : 2020/10/04 04:02:26 Q=5
2026-01-06 19:17:13,661 - INFO - [GINSLIB] processing : 2020/10/04 04:02:27 Q=5
2026-01-06 19:17:13,672 - INFO - [GINSLIB] processing : 2020/10/04 04:02:28 Q=5
2026-01-06 19:17:13,682 - INFO - [GINSLIB] processing : 2020/10/04 04:02:29 Q=5
2026-01-06 19:17:13,693 - INFO - [GINSLIB] processing : 2020/10/04 04:02:30 Q=5
2026-01-06 19:17:13,712 - INFO - [GINSLIB] processing : 2020/10/04 04:02:31 Q=5
2026-01-06 19:17:13,713 - INFO - [GINSLIB] processing : 2020/10/04 04:02:32 Q=5
2026-01-06 19:17:13,724 - INFO - [GINSLIB] processing : 2020/10/04 04:02:33 Q=5
2026-01-06 19:17:13,737 - INFO - [GINSLIB] processing : 2020/10/04 04:02:34 Q=5
2026-01-06 19:17:13,749 - INFO - [GINSLIB] processing : 2020/10/04 04:02:35 Q=5
2026-01-06 19:17:13,768 - INFO - [GINSLIB] processing : 2020/10/04 04:02:36 Q=5
2026-01-06 19:17:13,769 - INFO - [GINSLIB] processing : 2020/10/04 04:02:37 Q=5
2026-01-06 19:17:13,781 - INFO - [GINSLIB] processing : 2020/10/04 04:02:38 Q=5
2026-01-06 19:17:13,791 - INFO - [GINSLIB] processing : 2020/10/04 04:02:39 Q=5
2026-01-06 19:17:13,801 - INFO - [GINSLIB] processing : 2020/10/04 04:02:40 Q=5
2026-01-06 19:17:13,820 - INFO - [GINSLIB] processing : 2020/10/04 04:02:41 Q=5
2026-01-06 19:17:13,821 - INFO - [GINSLIB] processing : 2020/10/04 04:02:42 Q=5
2026-01-06 19:17:13,832 - INFO - [GINSLIB] processing : 2020/10/04 04:02:43 Q=5
2026-01-06 19:17:13,843 - INFO - [GINSLIB] processing : 2020/10/04 04:02:44 Q=5
2026-01-06 19:17:13,856 - INFO - [GINSLIB] processing : 2020/10/04 04:02:45 Q=5
2026-01-06 19:17:13,868 - INFO - [GINSLIB] processing : 2020/10/04 04:02:46 Q=5
2026-01-06 19:17:13,877 - INFO - [GINSLIB] processing : 2020/10/04 04:02:47 Q=5
2026-01-06 19:17:13,889 - INFO - [GINSLIB] processing : 2020/10/04 04:02:48 Q=5
2026-01-06 19:17:13,900 - INFO - [GINSLIB] processing : 2020/10/04 04:02:49 Q=5
2026-01-06 19:17:13,910 - INFO - [GINSLIB] processing : 2020/10/04 04:02:50 Q=5
2026-01-06 19:17:13,921 - INFO - [GINSLIB] processing : 2020/10/04 04:02:51 Q=5
2026-01-06 19:17:13,932 - INFO - [GINSLIB] processing : 2020/10/04 04:02:52 Q=5
2026-01-06 19:17:13,944 - INFO - [GINSLIB] processing : 2020/10/04 04:02:53 Q=5
2026-01-06 19:17:13,955 - INFO - [GINSLIB] processing : 2020/10/04 04:02:54 Q=5
2026-01-06 19:17:13,966 - INFO - [GINSLIB] processing : 2020/10/04 04:02:55 Q=5
2026-01-06 19:17:13,976 - INFO - [GINSLIB] processing : 2020/10/04 04:02:56 Q=5
2026-01-06 19:17:13,986 - INFO - [GINSLIB] processing : 2020/10/04 04:02:57 Q=5
2026-01-06 19:17:13,996 - INFO - [GINSLIB] processing : 2020/10/04 04:02:58 Q=5
2026-01-06 19:17:14,007 - INFO - [GINSLIB] processing : 2020/10/04 04:02:59 Q=5
2026-01-06 19:17:14,017 - INFO - [GINSLIB] processing : 2020/10/04 04:03:00 Q=5
2026-01-06 19:17:14,027 - INFO - [GINSLIB] processing : 2020/10/04 04:03:01 Q=5
2026-01-06 19:17:14,045 - INFO - [GINSLIB] processing : 2020/10/04 04:03:02 Q=5
2026-01-06 19:17:14,046 - INFO - [GINSLIB] processing : 2020/10/04 04:03:03 Q=5
2026-01-06 19:17:14,058 - INFO - [GINSLIB] processing : 2020/10/04 04:03:04 Q=5
2026-01-06 19:17:14,068 - INFO - [GINSLIB] processing : 2020/10/04 04:03:05 Q=5
2026-01-06 19:17:14,078 - INFO - [GINSLIB] processing : 2020/10/04 04:03:06 Q=5
2026-01-06 19:17:14,095 - INFO - [GINSLIB] processing : 2020/10/04 04:03:07 Q=5
2026-01-06 19:17:14,096 - INFO - [GINSLIB] processing : 2020/10/04 04:03:08 Q=5
2026-01-06 19:17:14,106 - INFO - [GINSLIB] processing : 2020/10/04 04:03:09 Q=5
2026-01-06 19:17:14,120 - INFO - [GINSLIB] processing : 2020/10/04 04:03:10 Q=5
2026-01-06 19:17:14,133 - INFO - [GINSLIB] processing : 2020/10/04 04:03:11 Q=5
2026-01-06 19:17:14,155 - INFO - [GINSLIB] processing : 2020/10/04 04:03:12 Q=5
2026-01-06 19:17:14,156 - INFO - [GINSLIB] processing : 2020/10/04 04:03:13 Q=5
2026-01-06 19:17:14,169 - INFO - [GINSLIB] processing : 2020/10/04 04:03:14 Q=5
2026-01-06 19:17:14,182 - INFO - [GINSLIB] processing : 2020/10/04 04:03:15 Q=5
2026-01-06 19:17:14,197 - INFO - [GINSLIB] processing : 2020/10/04 04:03:16 Q=5
2026-01-06 19:17:14,210 - INFO - [GINSLIB] processing : 2020/10/04 04:03:17 Q=5
2026-01-06 19:17:14,222 - INFO - [GINSLIB] processing : 2020/10/04 04:03:18 Q=5
2026-01-06 19:17:14,233 - INFO - [GINSLIB] processing : 2020/10/04 04:03:19 Q=5
2026-01-06 19:17:14,244 - INFO - [GINSLIB] processing : 2020/10/04 04:03:20 Q=5
2026-01-06 19:17:14,257 - INFO - [GINSLIB] processing : 2020/10/04 04:03:21 Q=5
2026-01-06 19:17:14,270 - INFO - [GINSLIB] processing : 2020/10/04 04:03:22 Q=5
2026-01-06 19:17:14,283 - INFO - [GINSLIB] processing : 2020/10/04 04:03:23 Q=5
2026-01-06 19:17:14,296 - INFO - [GINSLIB] processing : 2020/10/04 04:03:24 Q=5
2026-01-06 19:17:14,308 - INFO - [GINSLIB] processing : 2020/10/04 04:03:25 Q=5
2026-01-06 19:17:14,321 - INFO - [GINSLIB] processing : 2020/10/04 04:03:26 Q=5
2026-01-06 19:17:14,334 - INFO - [GINSLIB] processing : 2020/10/04 04:03:27 Q=5
2026-01-06 19:17:14,345 - INFO - [GINSLIB] processing : 2020/10/04 04:03:28 Q=5
2026-01-06 19:17:14,358 - INFO - [GINSLIB] processing : 2020/10/04 04:03:29 Q=5
2026-01-06 19:17:14,370 - INFO - [GINSLIB] processing : 2020/10/04 04:03:30 Q=5
2026-01-06 19:17:14,387 - INFO - [GINSLIB] processing : 2020/10/04 04:03:31 Q=5
2026-01-06 19:17:14,397 - INFO - [GINSLIB] processing : 2020/10/04 04:03:32 Q=5
2026-01-06 19:17:14,417 - INFO - [GINSLIB] processing : 2020/10/04 04:03:33 Q=5
2026-01-06 19:17:14,418 - INFO - [GINSLIB] processing : 2020/10/04 04:03:34 Q=5
2026-01-06 19:17:14,429 - INFO - [GINSLIB] processing : 2020/10/04 04:03:35 Q=5
2026-01-06 19:17:14,441 - INFO - [GINSLIB] processing : 2020/10/04 04:03:36 Q=5
2026-01-06 19:17:14,452 - INFO - [GINSLIB] processing : 2020/10/04 04:03:37 Q=5
2026-01-06 19:17:14,471 - INFO - [GINSLIB] processing : 2020/10/04 04:03:38 Q=5
2026-01-06 19:17:14,472 - INFO - [GINSLIB] processing : 2020/10/04 04:03:39 Q=5
2026-01-06 19:17:14,484 - INFO - [GINSLIB] processing : 2020/10/04 04:03:40 Q=5
2026-01-06 19:17:14,494 - INFO - [GINSLIB] processing : 2020/10/04 04:03:41 Q=5
2026-01-06 19:17:14,507 - INFO - [GINSLIB] processing : 2020/10/04 04:03:42 Q=5
2026-01-06 19:17:14,526 - INFO - [GINSLIB] processing : 2020/10/04 04:03:43 Q=5
2026-01-06 19:17:14,528 - INFO - [GINSLIB] processing : 2020/10/04 04:03:44 Q=5
2026-01-06 19:17:14,539 - INFO - [GINSLIB] processing : 2020/10/04 04:03:45 Q=5
2026-01-06 19:17:14,551 - INFO - [GINSLIB] processing : 2020/10/04 04:03:46 Q=5
2026-01-06 19:17:14,561 - INFO - [GINSLIB] processing : 2020/10/04 04:03:47 Q=5
2026-01-06 19:17:14,573 - INFO - [GINSLIB] processing : 2020/10/04 04:03:48 Q=5
2026-01-06 19:17:14,584 - INFO - [GINSLIB] processing : 2020/10/04 04:03:49 Q=5
2026-01-06 19:17:14,596 - INFO - [GINSLIB] processing : 2020/10/04 04:03:50 Q=5
2026-01-06 19:17:14,608 - INFO - [GINSLIB] processing : 2020/10/04 04:03:51 Q=5
2026-01-06 19:17:14,620 - INFO - [GINSLIB] processing : 2020/10/04 04:03:52 Q=5
2026-01-06 19:17:14,633 - INFO - [GINSLIB] processing : 2020/10/04 04:03:53 Q=5
2026-01-06 19:17:14,644 - INFO - [GINSLIB] processing : 2020/10/04 04:03:54 Q=5
2026-01-06 19:17:14,660 - INFO - [GINSLIB] processing : 2020/10/04 04:03:55 Q=5
2026-01-06 19:17:14,673 - INFO - [GINSLIB] processing : 2020/10/04 04:03:56 Q=5
2026-01-06 19:17:14,685 - INFO - [GINSLIB] processing : 2020/10/04 04:03:57 Q=5
2026-01-06 19:17:14,697 - INFO - [GINSLIB] processing : 2020/10/04 04:03:58 Q=5
2026-01-06 19:17:14,709 - INFO - [GINSLIB] processing : 2020/10/04 04:03:59 Q=5
2026-01-06 19:17:14,722 - INFO - [GINSLIB] processing : 2020/10/04 04:04:00 Q=5
2026-01-06 19:17:14,735 - INFO - [GINSLIB] processing : 2020/10/04 04:04:01 Q=5
2026-01-06 19:17:14,746 - INFO - [GINSLIB] processing : 2020/10/04 04:04:02 Q=5
2026-01-06 19:17:14,756 - INFO - [GINSLIB] processing : 2020/10/04 04:04:03 Q=5
2026-01-06 19:17:14,775 - INFO - [GINSLIB] processing : 2020/10/04 04:04:04 Q=5
2026-01-06 19:17:14,777 - INFO - [GINSLIB] processing : 2020/10/04 04:04:05 Q=5
2026-01-06 19:17:14,789 - INFO - [GINSLIB] processing : 2020/10/04 04:04:06 Q=5
2026-01-06 19:17:14,800 - INFO - [GINSLIB] processing : 2020/10/04 04:04:07 Q=5
2026-01-06 19:17:14,811 - INFO - [GINSLIB] processing : 2020/10/04 04:04:08 Q=5
2026-01-06 19:17:14,830 - INFO - [GINSLIB] processing : 2020/10/04 04:04:09 Q=5
2026-01-06 19:17:14,832 - INFO - [GINSLIB] processing : 2020/10/04 04:04:10 Q=5
2026-01-06 19:17:14,845 - INFO - [GINSLIB] processing : 2020/10/04 04:04:11 Q=5
2026-01-06 19:17:14,858 - INFO - [GINSLIB] processing : 2020/10/04 04:04:12 Q=5
2026-01-06 19:17:14,871 - INFO - [GINSLIB] processing : 2020/10/04 04:04:13 Q=5
2026-01-06 19:17:14,892 - INFO - [GINSLIB] processing : 2020/10/04 04:04:14 Q=5
2026-01-06 19:17:14,893 - INFO - [GINSLIB] processing : 2020/10/04 04:04:15 Q=5
2026-01-06 19:17:14,907 - INFO - [GINSLIB] processing : 2020/10/04 04:04:16 Q=5
2026-01-06 19:17:14,920 - INFO - [GINSLIB] processing : 2020/10/04 04:04:17 Q=5
2026-01-06 19:17:14,932 - INFO - [GINSLIB] processing : 2020/10/04 04:04:18 Q=5
2026-01-06 19:17:14,942 - INFO - [GINSLIB] processing : 2020/10/04 04:04:19 Q=5
2026-01-06 19:17:14,953 - INFO - [GINSLIB] processing : 2020/10/04 04:04:20 Q=5
2026-01-06 19:17:14,965 - INFO - [GINSLIB] processing : 2020/10/04 04:04:21 Q=5
2026-01-06 19:17:14,978 - INFO - [GINSLIB] processing : 2020/10/04 04:04:22 Q=5
2026-01-06 19:17:14,988 - INFO - [GINSLIB] processing : 2020/10/04 04:04:23 Q=5
2026-01-06 19:17:15,000 - INFO - [GINSLIB] processing : 2020/10/04 04:04:24 Q=5
2026-01-06 19:17:15,010 - INFO - [GINSLIB] processing : 2020/10/04 04:04:25 Q=5
2026-01-06 19:17:15,020 - INFO - [GINSLIB] processing : 2020/10/04 04:04:26 Q=5
2026-01-06 19:17:15,030 - INFO - [GINSLIB] processing : 2020/10/04 04:04:27 Q=5
2026-01-06 19:17:15,042 - INFO - [GINSLIB] processing : 2020/10/04 04:04:28 Q=5
2026-01-06 19:17:15,055 - INFO - [GINSLIB] processing : 2020/10/04 04:04:29 Q=5
2026-01-06 19:17:15,073 - INFO - [GINSLIB] processing : 2020/10/04 04:04:30 Q=5
2026-01-06 19:17:15,074 - INFO - [GINSLIB] processing : 2020/10/04 04:04:31 Q=5
2026-01-06 19:17:15,085 - INFO - [GINSLIB] processing : 2020/10/04 04:04:32 Q=5
2026-01-06 19:17:15,097 - INFO - [GINSLIB] processing : 2020/10/04 04:04:33 Q=5
2026-01-06 19:17:15,108 - INFO - [GINSLIB] processing : 2020/10/04 04:04:34 Q=5
2026-01-06 19:17:15,128 - INFO - [GINSLIB] processing : 2020/10/04 04:04:35 Q=5
2026-01-06 19:17:15,129 - INFO - [GINSLIB] processing : 2020/10/04 04:04:36 Q=5
2026-01-06 19:17:15,141 - INFO - [GINSLIB] processing : 2020/10/04 04:04:37 Q=5
2026-01-06 19:17:15,154 - INFO - [GINSLIB] processing : 2020/10/04 04:04:38 Q=5
2026-01-06 19:17:15,167 - INFO - [GINSLIB] processing : 2020/10/04 04:04:39 Q=5
2026-01-06 19:17:15,188 - INFO - [GINSLIB] processing : 2020/10/04 04:04:40 Q=5
2026-01-06 19:17:15,188 - INFO - [GINSLIB] processing : 2020/10/04 04:04:40 Q=7
2026-01-06 19:17:15,189 - INFO - [GINSLIB] processing : 2020/10/04 04:04:41 Q=7
2026-01-06 19:17:15,199 - INFO - [GINSLIB] processing : 2020/10/04 04:04:41 Q=5
2026-01-06 19:17:15,200 - INFO - [GINSLIB] processing : 2020/10/04 04:04:42 Q=5
2026-01-06 19:17:15,213 - INFO - [GINSLIB] processing : 2020/10/04 04:04:43 Q=5
2026-01-06 19:17:15,224 - INFO - [GINSLIB] processing : 2020/10/04 04:04:43 Q=7
2026-01-06 19:17:15,226 - INFO - [GINSLIB] processing : 2020/10/04 04:04:44 Q=7
2026-01-06 19:17:15,236 - INFO - [GINSLIB] processing : 2020/10/04 04:04:44 Q=5
2026-01-06 19:17:15,237 - INFO - [GINSLIB] processing : 2020/10/04 04:04:45 Q=5
2026-01-06 19:17:15,249 - INFO - [GINSLIB] processing : 2020/10/04 04:04:46 Q=5
2026-01-06 19:17:15,260 - INFO - [GINSLIB] processing : 2020/10/04 04:04:46 Q=7
2026-01-06 19:17:15,261 - INFO - [GINSLIB] processing : 2020/10/04 04:04:47 Q=7
2026-01-06 19:17:15,271 - INFO - [GINSLIB] processing : 2020/10/04 04:04:47 Q=5
2026-01-06 19:17:15,273 - INFO - [GINSLIB] processing : 2020/10/04 04:04:48 Q=5
2026-01-06 19:17:15,284 - INFO - [GINSLIB] processing : 2020/10/04 04:04:48 Q=7
2026-01-06 19:17:15,286 - INFO - [GINSLIB] processing : 2020/10/04 04:04:49 Q=7
2026-01-06 19:17:15,304 - INFO - [GINSLIB] processing : 2020/10/04 04:04:50 Q=7
2026-01-06 19:17:15,313 - INFO - [GINSLIB] processing : 2020/10/04 04:04:51 Q=7
2026-01-06 19:17:15,326 - INFO - [GINSLIB] processing : 2020/10/04 04:04:52 Q=7
2026-01-06 19:17:15,338 - INFO - [GINSLIB] processing : 2020/10/04 04:04:53 Q=7
2026-01-06 19:17:15,350 - INFO - [GINSLIB] processing : 2020/10/04 04:04:53 Q=5
2026-01-06 19:17:15,351 - INFO - [GINSLIB] processing : 2020/10/04 04:04:54 Q=5
2026-01-06 19:17:15,362 - INFO - [GINSLIB] processing : 2020/10/04 04:04:54 Q=7
2026-01-06 19:17:15,364 - INFO - [GINSLIB] processing : 2020/10/04 04:04:55 Q=7
2026-01-06 19:17:15,376 - INFO - [GINSLIB] processing : 2020/10/04 04:04:56 Q=7
2026-01-06 19:17:15,389 - INFO - [GINSLIB] processing : 2020/10/04 04:04:57 Q=7
2026-01-06 19:17:15,402 - INFO - [GINSLIB] processing : 2020/10/04 04:04:58 Q=7
2026-01-06 19:17:15,412 - INFO - [GINSLIB] processing : 2020/10/04 04:04:59 Q=7
2026-01-06 19:17:15,424 - INFO - [GINSLIB] processing : 2020/10/04 04:05:00 Q=7
2026-01-06 19:17:15,446 - INFO - [GINSLIB] processing : 2020/10/04 04:05:01 Q=7
2026-01-06 19:17:15,447 - INFO - [GINSLIB] processing : 2020/10/04 04:05:02 Q=7
2026-01-06 19:17:15,459 - INFO - [GINSLIB] processing : 2020/10/04 04:05:03 Q=7
2026-01-06 19:17:15,469 - INFO - [GINSLIB] processing : 2020/10/04 04:05:04 Q=7
2026-01-06 19:17:15,481 - INFO - [GINSLIB] processing : 2020/10/04 04:05:05 Q=7
2026-01-06 19:17:15,503 - INFO - [GINSLIB] processing : 2020/10/04 04:05:06 Q=7
2026-01-06 19:17:15,505 - INFO - [GINSLIB] processing : 2020/10/04 04:05:07 Q=7
2026-01-06 19:17:15,517 - INFO - [GINSLIB] processing : 2020/10/04 04:05:08 Q=7
2026-01-06 19:17:15,528 - INFO - [GINSLIB] processing : 2020/10/04 04:05:09 Q=7
2026-01-06 19:17:15,542 - INFO - [GINSLIB] processing : 2020/10/04 04:05:10 Q=7
2026-01-06 19:17:15,552 - INFO - [GINSLIB] processing : 2020/10/04 04:05:10 Q=5
2026-01-06 19:17:15,562 - INFO - [GINSLIB] processing : 2020/10/04 04:05:11 Q=5
2026-01-06 19:17:15,564 - INFO - [GINSLIB] processing : 2020/10/04 04:05:12 Q=5
2026-01-06 19:17:15,577 - INFO - [GINSLIB] processing : 2020/10/04 04:05:13 Q=5
2026-01-06 19:17:15,590 - INFO - [GINSLIB] processing : 2020/10/04 04:05:14 Q=5
2026-01-06 19:17:15,602 - INFO - [GINSLIB] processing : 2020/10/04 04:05:15 Q=5
2026-01-06 19:17:15,614 - INFO - [GINSLIB] processing : 2020/10/04 04:05:16 Q=5
2026-01-06 19:17:15,624 - INFO - [GINSLIB] processing : 2020/10/04 04:05:17 Q=5
2026-01-06 19:17:15,635 - INFO - [GINSLIB] processing : 2020/10/04 04:05:18 Q=5
2026-01-06 19:17:15,646 - INFO - [GINSLIB] processing : 2020/10/04 04:05:19 Q=5
2026-01-06 19:17:15,657 - INFO - [GINSLIB] processing : 2020/10/04 04:05:20 Q=5
2026-01-06 19:17:15,667 - INFO - [GINSLIB] processing : 2020/10/04 04:05:21 Q=5
2026-01-06 19:17:15,677 - INFO - [GINSLIB] processing : 2020/10/04 04:05:21 Q=7
2026-01-06 19:17:15,677 - INFO - [GINSLIB] processing : 2020/10/04 04:05:22 Q=7
2026-01-06 19:17:15,686 - INFO - [GINSLIB] processing : 2020/10/04 04:05:22 Q=5
2026-01-06 19:17:15,688 - INFO - [GINSLIB] processing : 2020/10/04 04:05:23 Q=5
2026-01-06 19:17:15,698 - INFO - [GINSLIB] processing : 2020/10/04 04:05:24 Q=5
2026-01-06 19:17:15,712 - INFO - [GINSLIB] processing : 2020/10/04 04:05:25 Q=5
2026-01-06 19:17:15,725 - INFO - [GINSLIB] processing : 2020/10/04 04:05:26 Q=5
2026-01-06 19:17:15,740 - INFO - [GINSLIB] processing : 2020/10/04 04:05:27 Q=5
2026-01-06 19:17:15,756 - INFO - [GINSLIB] processing : 2020/10/04 04:05:28 Q=5
2026-01-06 19:17:15,767 - INFO - [GINSLIB] processing : 2020/10/04 04:05:29 Q=5
2026-01-06 19:17:15,777 - INFO - [GINSLIB] processing : 2020/10/04 04:05:30 Q=5
2026-01-06 19:17:15,789 - INFO - [GINSLIB] processing : 2020/10/04 04:05:31 Q=5
2026-01-06 19:17:15,811 - INFO - [GINSLIB] processing : 2020/10/04 04:05:32 Q=5
2026-01-06 19:17:15,813 - INFO - [GINSLIB] processing : 2020/10/04 04:05:33 Q=5
2026-01-06 19:17:15,824 - INFO - [GINSLIB] processing : 2020/10/04 04:05:34 Q=5
2026-01-06 19:17:15,836 - INFO - [GINSLIB] processing : 2020/10/04 04:05:35 Q=5
2026-01-06 19:17:15,848 - INFO - [GINSLIB] processing : 2020/10/04 04:05:36 Q=5
2026-01-06 19:17:15,867 - INFO - [GINSLIB] processing : 2020/10/04 04:05:37 Q=5
2026-01-06 19:17:15,869 - INFO - [GINSLIB] processing : 2020/10/04 04:05:38 Q=5
2026-01-06 19:17:15,880 - INFO - [GINSLIB] processing : 2020/10/04 04:05:39 Q=5
2026-01-06 19:17:15,892 - INFO - [GINSLIB] processing : 2020/10/04 04:05:40 Q=5
2026-01-06 19:17:15,904 - INFO - [GINSLIB] processing : 2020/10/04 04:05:41 Q=5
2026-01-06 19:17:15,924 - INFO - [GINSLIB] processing : 2020/10/04 04:05:42 Q=5
2026-01-06 19:17:15,924 - INFO - [GINSLIB] processing : 2020/10/04 04:05:42 Q=7
2026-01-06 19:17:15,925 - INFO - [GINSLIB] processing : 2020/10/04 04:05:43 Q=7
2026-01-06 19:17:15,936 - INFO - [GINSLIB] processing : 2020/10/04 04:05:43 Q=5
2026-01-06 19:17:15,938 - INFO - [GINSLIB] processing : 2020/10/04 04:05:44 Q=5
2026-01-06 19:17:15,948 - INFO - [GINSLIB] processing : 2020/10/04 04:05:45 Q=5
2026-01-06 19:17:15,959 - INFO - [GINSLIB] processing : 2020/10/04 04:05:46 Q=5
2026-01-06 19:17:15,971 - INFO - [GINSLIB] processing : 2020/10/04 04:05:47 Q=5
2026-01-06 19:17:15,984 - INFO - [GINSLIB] processing : 2020/10/04 04:05:48 Q=5
2026-01-06 19:17:15,995 - INFO - [GINSLIB] processing : 2020/10/04 04:05:49 Q=5
2026-01-06 19:17:16,011 - INFO - [GINSLIB] processing : 2020/10/04 04:05:50 Q=5
2026-01-06 19:17:16,023 - INFO - [GINSLIB] processing : 2020/10/04 04:05:51 Q=5
2026-01-06 19:17:16,034 - INFO - [GINSLIB] processing : 2020/10/04 04:05:52 Q=5
2026-01-06 19:17:16,045 - INFO - [GINSLIB] processing : 2020/10/04 04:05:53 Q=5
2026-01-06 19:17:16,056 - INFO - [GINSLIB] processing : 2020/10/04 04:05:54 Q=5
2026-01-06 19:17:16,067 - INFO - [GINSLIB] processing : 2020/10/04 04:05:55 Q=5
2026-01-06 19:17:16,077 - INFO - [GINSLIB] processing : 2020/10/04 04:05:55 Q=7
2026-01-06 19:17:16,078 - INFO - [GINSLIB] processing : 2020/10/04 04:05:56 Q=7
2026-01-06 19:17:16,088 - INFO - [GINSLIB] processing : 2020/10/04 04:05:56 Q=5
2026-01-06 19:17:16,090 - INFO - [GINSLIB] processing : 2020/10/04 04:05:57 Q=5
2026-01-06 19:17:16,098 - INFO - [GINSLIB] processing : 2020/10/04 04:05:58 Q=5
2026-01-06 19:17:16,110 - INFO - [GINSLIB] processing : 2020/10/04 04:05:59 Q=5
2026-01-06 19:17:16,123 - INFO - [GINSLIB] processing : 2020/10/04 04:06:00 Q=5
2026-01-06 19:17:16,135 - INFO - [GINSLIB] processing : 2020/10/04 04:06:01 Q=5
2026-01-06 19:17:16,145 - INFO - [GINSLIB] processing : 2020/10/04 04:06:02 Q=5
2026-01-06 19:17:16,165 - INFO - [GINSLIB] processing : 2020/10/04 04:06:03 Q=5
2026-01-06 19:17:16,167 - INFO - [GINSLIB] processing : 2020/10/04 04:06:04 Q=5
2026-01-06 19:17:16,180 - INFO - [GINSLIB] processing : 2020/10/04 04:06:05 Q=5
2026-01-06 19:17:16,191 - INFO - [GINSLIB] processing : 2020/10/04 04:06:06 Q=5
2026-01-06 19:17:16,203 - INFO - [GINSLIB] processing : 2020/10/04 04:06:07 Q=5
2026-01-06 19:17:16,220 - INFO - [GINSLIB] processing : 2020/10/04 04:06:08 Q=5
2026-01-06 19:17:16,221 - INFO - [GINSLIB] processing : 2020/10/04 04:06:09 Q=5
2026-01-06 19:17:16,232 - INFO - [GINSLIB] processing : 2020/10/04 04:06:10 Q=5
2026-01-06 19:17:16,242 - INFO - [GINSLIB] processing : 2020/10/04 04:06:11 Q=5
2026-01-06 19:17:16,252 - INFO - [GINSLIB] processing : 2020/10/04 04:06:12 Q=5
2026-01-06 19:17:16,271 - INFO - [GINSLIB] processing : 2020/10/04 04:06:13 Q=5
2026-01-06 19:17:16,272 - INFO - [GINSLIB] processing : 2020/10/04 04:06:14 Q=5
2026-01-06 19:17:16,281 - INFO - [GINSLIB] processing : 2020/10/04 04:06:15 Q=5
2026-01-06 19:17:16,291 - INFO - [GINSLIB] processing : 2020/10/04 04:06:16 Q=5
2026-01-06 19:17:16,302 - INFO - [GINSLIB] processing : 2020/10/04 04:06:17 Q=5
2026-01-06 19:17:16,311 - INFO - [GINSLIB] processing : 2020/10/04 04:06:18 Q=5
2026-01-06 19:17:16,321 - INFO - [GINSLIB] processing : 2020/10/04 04:06:18 Q=7
2026-01-06 19:17:16,322 - INFO - [GINSLIB] processing : 2020/10/04 04:06:19 Q=7
2026-01-06 19:17:16,332 - INFO - [GINSLIB] processing : 2020/10/04 04:06:20 Q=7
2026-01-06 19:17:16,342 - INFO - [GINSLIB] processing : 2020/10/04 04:06:21 Q=7
2026-01-06 19:17:16,353 - INFO - [GINSLIB] processing : 2020/10/04 04:06:22 Q=7
2026-01-06 19:17:16,363 - INFO - [GINSLIB] processing : 2020/10/04 04:06:23 Q=7
2026-01-06 19:17:16,374 - INFO - [GINSLIB] processing : 2020/10/04 04:06:24 Q=7
2026-01-06 19:17:16,382 - INFO - [GINSLIB] processing : 2020/10/04 04:06:24 Q=5
2026-01-06 19:17:16,384 - INFO - [GINSLIB] processing : 2020/10/04 04:06:25 Q=5
2026-01-06 19:17:16,393 - INFO - [GINSLIB] processing : 2020/10/04 04:06:26 Q=5
2026-01-06 19:17:16,405 - INFO - [GINSLIB] processing : 2020/10/04 04:06:27 Q=5
2026-01-06 19:17:16,416 - INFO - [GINSLIB] processing : 2020/10/04 04:06:28 Q=5
2026-01-06 19:17:16,423 - INFO - [GINSLIB] processing : 2020/10/04 04:06:29 Q=5
2026-01-06 19:17:16,433 - INFO - [GINSLIB] processing : 2020/10/04 04:06:30 Q=5
2026-01-06 19:17:16,443 - INFO - [GINSLIB] processing : 2020/10/04 04:06:31 Q=5
2026-01-06 19:17:16,452 - INFO - [GINSLIB] processing : 2020/10/04 04:06:32 Q=5
2026-01-06 19:17:16,462 - INFO - [GINSLIB] processing : 2020/10/04 04:06:33 Q=5
2026-01-06 19:17:16,480 - INFO - [GINSLIB] processing : 2020/10/04 04:06:34 Q=5
2026-01-06 19:17:16,482 - INFO - [GINSLIB] processing : 2020/10/04 04:06:35 Q=5
2026-01-06 19:17:16,492 - INFO - [GINSLIB] processing : 2020/10/04 04:06:36 Q=5
2026-01-06 19:17:16,503 - INFO - [GINSLIB] processing : 2020/10/04 04:06:37 Q=5
2026-01-06 19:17:16,513 - INFO - [GINSLIB] processing : 2020/10/04 04:06:38 Q=5
2026-01-06 19:17:16,530 - INFO - [GINSLIB] processing : 2020/10/04 04:06:39 Q=5
2026-01-06 19:17:16,532 - INFO - [GINSLIB] processing : 2020/10/04 04:06:40 Q=5
2026-01-06 19:17:16,542 - INFO - [GINSLIB] processing : 2020/10/04 04:06:41 Q=5
2026-01-06 19:17:16,551 - INFO - [GINSLIB] processing : 2020/10/04 04:06:42 Q=5
2026-01-06 19:17:16,560 - INFO - [GINSLIB] processing : 2020/10/04 04:06:43 Q=5
2026-01-06 19:17:16,578 - INFO - [GINSLIB] processing : 2020/10/04 04:06:44 Q=5
2026-01-06 19:17:16,579 - INFO - [GINSLIB] processing : 2020/10/04 04:06:44 Q=7
2026-01-06 19:17:16,579 - INFO - [GINSLIB] processing : 2020/10/04 04:06:45 Q=7
2026-01-06 19:17:16,589 - INFO - [GINSLIB] processing : 2020/10/04 04:06:45 Q=5
2026-01-06 19:17:16,590 - INFO - [GINSLIB] processing : 2020/10/04 04:06:46 Q=5
2026-01-06 19:17:16,601 - INFO - [GINSLIB] processing : 2020/10/04 04:06:47 Q=5
2026-01-06 19:17:16,611 - INFO - [GINSLIB] processing : 2020/10/04 04:06:48 Q=5
2026-01-06 19:17:16,623 - INFO - [GINSLIB] processing : 2020/10/04 04:06:49 Q=5
2026-01-06 19:17:16,633 - INFO - [GINSLIB] processing : 2020/10/04 04:06:50 Q=5
2026-01-06 19:17:16,643 - INFO - [GINSLIB] processing : 2020/10/04 04:06:51 Q=5
2026-01-06 19:17:16,655 - INFO - [GINSLIB] processing : 2020/10/04 04:06:51 Q=7
2026-01-06 19:17:16,656 - INFO - [GINSLIB] processing : 2020/10/04 04:06:52 Q=7
2026-01-06 19:17:16,666 - INFO - [GINSLIB] processing : 2020/10/04 04:06:52 Q=5
2026-01-06 19:17:16,667 - INFO - [GINSLIB] processing : 2020/10/04 04:06:53 Q=5
2026-01-06 19:17:16,678 - INFO - [GINSLIB] processing : 2020/10/04 04:06:54 Q=5
2026-01-06 19:17:16,688 - INFO - [GINSLIB] processing : 2020/10/04 04:06:55 Q=5
2026-01-06 19:17:16,699 - INFO - [GINSLIB] processing : 2020/10/04 04:06:56 Q=5
2026-01-06 19:17:16,709 - INFO - [GINSLIB] processing : 2020/10/04 04:06:57 Q=5
2026-01-06 19:17:16,721 - INFO - [GINSLIB] processing : 2020/10/04 04:06:58 Q=5
2026-01-06 19:17:16,732 - INFO - [GINSLIB] processing : 2020/10/04 04:06:59 Q=5
2026-01-06 19:17:16,741 - INFO - [GINSLIB] processing : 2020/10/04 04:07:00 Q=5
2026-01-06 19:17:16,751 - INFO - [GINSLIB] processing : 2020/10/04 04:07:00 Q=7
2026-01-06 19:17:16,752 - INFO - [GINSLIB] processing : 2020/10/04 04:07:01 Q=7
2026-01-06 19:17:16,764 - INFO - [GINSLIB] processing : 2020/10/04 04:07:02 Q=7
2026-01-06 19:17:16,774 - INFO - [GINSLIB] processing : 2020/10/04 04:07:03 Q=7
2026-01-06 19:17:16,782 - INFO - [GINSLIB] processing : 2020/10/04 04:07:03 Q=5
2026-01-06 19:17:16,783 - INFO - [GINSLIB] processing : 2020/10/04 04:07:04 Q=5
2026-01-06 19:17:16,803 - INFO - [GINSLIB] processing : 2020/10/04 04:07:05 Q=5
2026-01-06 19:17:16,805 - INFO - [GINSLIB] processing : 2020/10/04 04:07:06 Q=5
2026-01-06 19:17:16,814 - INFO - [GINSLIB] processing : 2020/10/04 04:07:07 Q=5
2026-01-06 19:17:16,826 - INFO - [GINSLIB] processing : 2020/10/04 04:07:08 Q=5
2026-01-06 19:17:16,838 - INFO - [GINSLIB] processing : 2020/10/04 04:07:09 Q=5
2026-01-06 19:17:16,855 - INFO - [GINSLIB] processing : 2020/10/04 04:07:10 Q=5
2026-01-06 19:17:16,856 - INFO - [GINSLIB] processing : 2020/10/04 04:07:11 Q=5
2026-01-06 19:17:16,867 - INFO - [GINSLIB] processing : 2020/10/04 04:07:12 Q=5
2026-01-06 19:17:16,877 - INFO - [GINSLIB] processing : 2020/10/04 04:07:13 Q=5
2026-01-06 19:17:16,887 - INFO - [GINSLIB] processing : 2020/10/04 04:07:14 Q=5
2026-01-06 19:17:16,906 - INFO - [GINSLIB] processing : 2020/10/04 04:07:15 Q=5
2026-01-06 19:17:16,907 - INFO - [GINSLIB] processing : 2020/10/04 04:07:16 Q=5
2026-01-06 19:17:16,917 - INFO - [GINSLIB] processing : 2020/10/04 04:07:16 Q=7
2026-01-06 19:17:16,918 - INFO - [GINSLIB] processing : 2020/10/04 04:07:17 Q=7
2026-01-06 19:17:16,927 - INFO - [GINSLIB] processing : 2020/10/04 04:07:17 Q=5
2026-01-06 19:17:16,928 - INFO - [GINSLIB] processing : 2020/10/04 04:07:18 Q=5
2026-01-06 19:17:16,937 - INFO - [GINSLIB] processing : 2020/10/04 04:07:18 Q=7
2026-01-06 19:17:16,938 - INFO - [GINSLIB] processing : 2020/10/04 04:07:19 Q=7
2026-01-06 19:17:16,949 - INFO - [GINSLIB] processing : 2020/10/04 04:07:20 Q=7
2026-01-06 19:17:16,958 - INFO - [GINSLIB] processing : 2020/10/04 04:07:20 Q=5
2026-01-06 19:17:16,958 - INFO - [GINSLIB] processing : 2020/10/04 04:07:21 Q=5
2026-01-06 19:17:16,968 - INFO - [GINSLIB] processing : 2020/10/04 04:07:22 Q=5
2026-01-06 19:17:16,978 - INFO - [GINSLIB] processing : 2020/10/04 04:07:23 Q=5
2026-01-06 19:17:16,987 - INFO - [GINSLIB] processing : 2020/10/04 04:07:24 Q=5
2026-01-06 19:17:16,998 - INFO - [GINSLIB] processing : 2020/10/04 04:07:25 Q=5
2026-01-06 19:17:17,008 - INFO - [GINSLIB] processing : 2020/10/04 04:07:26 Q=5
2026-01-06 19:17:17,018 - INFO - [GINSLIB] processing : 2020/10/04 04:07:27 Q=5
2026-01-06 19:17:17,029 - INFO - [GINSLIB] processing : 2020/10/04 04:07:28 Q=5
2026-01-06 19:17:17,040 - INFO - [GINSLIB] processing : 2020/10/04 04:07:29 Q=5
2026-01-06 19:17:17,050 - INFO - [GINSLIB] processing : 2020/10/04 04:07:30 Q=5
2026-01-06 19:17:17,069 - INFO - [GINSLIB] processing : 2020/10/04 04:07:31 Q=5
2026-01-06 19:17:17,070 - INFO - [GINSLIB] processing : 2020/10/04 04:07:32 Q=5
2026-01-06 19:17:17,082 - INFO - [GINSLIB] processing : 2020/10/04 04:07:33 Q=5
2026-01-06 19:17:17,093 - INFO - [GINSLIB] processing : 2020/10/04 04:07:34 Q=5
2026-01-06 19:17:17,105 - INFO - [GINSLIB] processing : 2020/10/04 04:07:35 Q=5
2026-01-06 19:17:17,124 - INFO - [GINSLIB] processing : 2020/10/04 04:07:36 Q=5
2026-01-06 19:17:17,125 - INFO - [GINSLIB] processing : 2020/10/04 04:07:37 Q=5
2026-01-06 19:17:17,138 - INFO - [GINSLIB] processing : 2020/10/04 04:07:38 Q=5
2026-01-06 19:17:17,149 - INFO - [GINSLIB] processing : 2020/10/04 04:07:39 Q=5
2026-01-06 19:17:17,160 - INFO - [GINSLIB] processing : 2020/10/04 04:07:40 Q=5
2026-01-06 19:17:17,179 - INFO - [GINSLIB] processing : 2020/10/04 04:07:41 Q=5
2026-01-06 19:17:17,180 - INFO - [GINSLIB] processing : 2020/10/04 04:07:42 Q=5
2026-01-06 19:17:17,191 - INFO - [GINSLIB] processing : 2020/10/04 04:07:43 Q=5
2026-01-06 19:17:17,201 - INFO - [GINSLIB] processing : 2020/10/04 04:07:44 Q=5
2026-01-06 19:17:17,212 - INFO - [GINSLIB] processing : 2020/10/04 04:07:45 Q=5
2026-01-06 19:17:17,223 - INFO - [GINSLIB] processing : 2020/10/04 04:07:46 Q=5
2026-01-06 19:17:17,231 - INFO - [GINSLIB] processing : 2020/10/04 04:07:47 Q=5
2026-01-06 19:17:17,242 - INFO - [GINSLIB] processing : 2020/10/04 04:07:48 Q=5
2026-01-06 19:17:17,252 - INFO - [GINSLIB] processing : 2020/10/04 04:07:49 Q=5
2026-01-06 19:17:17,262 - INFO - [GINSLIB] processing : 2020/10/04 04:07:50 Q=5
2026-01-06 19:17:17,273 - INFO - [GINSLIB] processing : 2020/10/04 04:07:51 Q=5
2026-01-06 19:17:17,282 - INFO - [GINSLIB] processing : 2020/10/04 04:07:52 Q=5
2026-01-06 19:17:17,293 - INFO - [GINSLIB] processing : 2020/10/04 04:07:53 Q=5
2026-01-06 19:17:17,305 - INFO - [GINSLIB] processing : 2020/10/04 04:07:54 Q=5
2026-01-06 19:17:17,317 - INFO - [GINSLIB] processing : 2020/10/04 04:07:55 Q=5
2026-01-06 19:17:17,327 - INFO - [GINSLIB] processing : 2020/10/04 04:07:56 Q=5
2026-01-06 19:17:17,337 - INFO - [GINSLIB] processing : 2020/10/04 04:07:57 Q=5
2026-01-06 19:17:17,348 - INFO - [GINSLIB] processing : 2020/10/04 04:07:58 Q=5
2026-01-06 19:17:17,357 - INFO - [GINSLIB] processing : 2020/10/04 04:07:59 Q=5
2026-01-06 19:17:17,368 - INFO - [GINSLIB] processing : 2020/10/04 04:08:00 Q=5
2026-01-06 19:17:17,378 - INFO - [GINSLIB] processing : 2020/10/04 04:08:01 Q=5
2026-01-06 19:17:17,395 - INFO - [GINSLIB] processing : 2020/10/04 04:08:02 Q=5
2026-01-06 19:17:17,396 - INFO - [GINSLIB] processing : 2020/10/04 04:08:03 Q=5
2026-01-06 19:17:17,405 - INFO - [GINSLIB] processing : 2020/10/04 04:08:04 Q=5
2026-01-06 19:17:17,416 - INFO - [GINSLIB] processing : 2020/10/04 04:08:05 Q=5
2026-01-06 19:17:17,427 - INFO - [GINSLIB] processing : 2020/10/04 04:08:06 Q=5
2026-01-06 19:17:17,447 - INFO - [GINSLIB] processing : 2020/10/04 04:08:07 Q=5
2026-01-06 19:17:17,448 - INFO - [GINSLIB] processing : 2020/10/04 04:08:08 Q=5
2026-01-06 19:17:17,460 - INFO - [GINSLIB] processing : 2020/10/04 04:08:09 Q=5
2026-01-06 19:17:17,472 - INFO - [GINSLIB] processing : 2020/10/04 04:08:10 Q=5
2026-01-06 19:17:17,482 - INFO - [GINSLIB] processing : 2020/10/04 04:08:11 Q=5
2026-01-06 19:17:17,503 - INFO - [GINSLIB] processing : 2020/10/04 04:08:12 Q=5
2026-01-06 19:17:17,504 - INFO - [GINSLIB] processing : 2020/10/04 04:08:13 Q=5
2026-01-06 19:17:17,515 - INFO - [GINSLIB] processing : 2020/10/04 04:08:14 Q=5
2026-01-06 19:17:17,527 - INFO - [GINSLIB] processing : 2020/10/04 04:08:15 Q=5
2026-01-06 19:17:17,540 - INFO - [GINSLIB] processing : 2020/10/04 04:08:16 Q=5
2026-01-06 19:17:17,551 - INFO - [GINSLIB] processing : 2020/10/04 04:08:17 Q=5
2026-01-06 19:17:17,560 - INFO - [GINSLIB] processing : 2020/10/04 04:08:18 Q=5
2026-01-06 19:17:17,570 - INFO - [GINSLIB] processing : 2020/10/04 04:08:19 Q=5
2026-01-06 19:17:17,582 - INFO - [GINSLIB] processing : 2020/10/04 04:08:20 Q=5
2026-01-06 19:17:17,592 - INFO - [GINSLIB] processing : 2020/10/04 04:08:21 Q=5
2026-01-06 19:17:17,603 - INFO - [GINSLIB] processing : 2020/10/04 04:08:22 Q=5
2026-01-06 19:17:17,612 - INFO - [GINSLIB] processing : 2020/10/04 04:08:23 Q=5
2026-01-06 19:17:17,623 - INFO - [GINSLIB] processing : 2020/10/04 04:08:24 Q=5
2026-01-06 19:17:17,634 - INFO - [GINSLIB] processing : 2020/10/04 04:08:25 Q=5
2026-01-06 19:17:17,644 - INFO - [GINSLIB] processing : 2020/10/04 04:08:26 Q=5
2026-01-06 19:17:17,656 - INFO - [GINSLIB] processing : 2020/10/04 04:08:27 Q=5
2026-01-06 19:17:17,666 - INFO - [GINSLIB] processing : 2020/10/04 04:08:28 Q=5
2026-01-06 19:17:17,678 - INFO - [GINSLIB] processing : 2020/10/04 04:08:29 Q=5
2026-01-06 19:17:17,689 - INFO - [GINSLIB] processing : 2020/10/04 04:08:30 Q=5
2026-01-06 19:17:17,701 - INFO - [GINSLIB] processing : 2020/10/04 04:08:31 Q=5
2026-01-06 19:17:17,712 - INFO - [GINSLIB] processing : 2020/10/04 04:08:32 Q=5
2026-01-06 19:17:17,729 - INFO - [GINSLIB] processing : 2020/10/04 04:08:33 Q=5
2026-01-06 19:17:17,730 - INFO - [GINSLIB] processing : 2020/10/04 04:08:34 Q=5
2026-01-06 19:17:17,744 - INFO - [GINSLIB] processing : 2020/10/04 04:08:35 Q=5
2026-01-06 19:17:17,754 - INFO - [GINSLIB] processing : 2020/10/04 04:08:36 Q=5
2026-01-06 19:17:17,767 - INFO - [GINSLIB] processing : 2020/10/04 04:08:37 Q=5
2026-01-06 19:17:17,785 - INFO - [GINSLIB] processing : 2020/10/04 04:08:38 Q=5
2026-01-06 19:17:17,786 - INFO - [GINSLIB] processing : 2020/10/04 04:08:39 Q=5
2026-01-06 19:17:17,797 - INFO - [GINSLIB] processing : 2020/10/04 04:08:40 Q=5
2026-01-06 19:17:17,808 - INFO - [GINSLIB] processing : 2020/10/04 04:08:41 Q=5
2026-01-06 19:17:17,818 - INFO - [GINSLIB] processing : 2020/10/04 04:08:42 Q=5
2026-01-06 19:17:17,837 - INFO - [GINSLIB] processing : 2020/10/04 04:08:43 Q=5
2026-01-06 19:17:17,839 - INFO - [GINSLIB] processing : 2020/10/04 04:08:44 Q=5
2026-01-06 19:17:17,850 - INFO - [GINSLIB] processing : 2020/10/04 04:08:45 Q=5
2026-01-06 19:17:17,862 - INFO - [GINSLIB] processing : 2020/10/04 04:08:46 Q=5
2026-01-06 19:17:17,872 - INFO - [GINSLIB] processing : 2020/10/04 04:08:47 Q=5
2026-01-06 19:17:17,882 - INFO - [GINSLIB] processing : 2020/10/04 04:08:48 Q=5
2026-01-06 19:17:17,892 - INFO - [GINSLIB] processing : 2020/10/04 04:08:49 Q=5
2026-01-06 19:17:17,902 - INFO - [GINSLIB] processing : 2020/10/04 04:08:50 Q=5
2026-01-06 19:17:17,912 - INFO - [GINSLIB] processing : 2020/10/04 04:08:51 Q=5
2026-01-06 19:17:17,923 - INFO - [GINSLIB] processing : 2020/10/04 04:08:52 Q=5
2026-01-06 19:17:17,933 - INFO - [GINSLIB] processing : 2020/10/04 04:08:53 Q=5
2026-01-06 19:17:17,941 - INFO - [GINSLIB] processing : 2020/10/04 04:08:54 Q=5
2026-01-06 19:17:17,953 - INFO - [GINSLIB] processing : 2020/10/04 04:08:55 Q=5
2026-01-06 19:17:17,963 - INFO - [GINSLIB] processing : 2020/10/04 04:08:56 Q=5
2026-01-06 19:17:17,973 - INFO - [GINSLIB] processing : 2020/10/04 04:08:57 Q=5
2026-01-06 19:17:17,985 - INFO - [GINSLIB] processing : 2020/10/04 04:08:58 Q=5
2026-01-06 19:17:17,993 - INFO - [GINSLIB] processing : 2020/10/04 04:08:59 Q=5
2026-01-06 19:17:18,003 - INFO - [GINSLIB] processing : 2020/10/04 04:09:00 Q=5
2026-01-06 19:17:18,014 - INFO - [GINSLIB] processing : 2020/10/04 04:09:01 Q=5
2026-01-06 19:17:18,025 - INFO - [GINSLIB] processing : 2020/10/04 04:09:02 Q=5
2026-01-06 19:17:18,034 - INFO - [GINSLIB] processing : 2020/10/04 04:09:03 Q=5
2026-01-06 19:17:18,053 - INFO - [GINSLIB] processing : 2020/10/04 04:09:04 Q=5
2026-01-06 19:17:18,054 - INFO - [GINSLIB] processing : 2020/10/04 04:09:05 Q=5
2026-01-06 19:17:18,063 - INFO - [GINSLIB] processing : 2020/10/04 04:09:06 Q=5
2026-01-06 19:17:18,073 - INFO - [GINSLIB] processing : 2020/10/04 04:09:07 Q=5
2026-01-06 19:17:18,084 - INFO - [GINSLIB] processing : 2020/10/04 04:09:08 Q=5
2026-01-06 19:17:18,101 - INFO - [GINSLIB] processing : 2020/10/04 04:09:09 Q=5
2026-01-06 19:17:18,102 - INFO - [GINSLIB] processing : 2020/10/04 04:09:10 Q=5
2026-01-06 19:17:18,113 - INFO - [GINSLIB] processing : 2020/10/04 04:09:11 Q=5
2026-01-06 19:17:18,123 - INFO - [GINSLIB] processing : 2020/10/04 04:09:12 Q=5
2026-01-06 19:17:18,134 - INFO - [GINSLIB] processing : 2020/10/04 04:09:13 Q=5
2026-01-06 19:17:18,153 - INFO - [GINSLIB] processing : 2020/10/04 04:09:14 Q=5
2026-01-06 19:17:18,154 - INFO - [GINSLIB] processing : 2020/10/04 04:09:15 Q=5
2026-01-06 19:17:18,164 - INFO - [GINSLIB] processing : 2020/10/04 04:09:16 Q=5
2026-01-06 19:17:18,175 - INFO - [GINSLIB] processing : 2020/10/04 04:09:17 Q=5
2026-01-06 19:17:18,186 - INFO - [GINSLIB] processing : 2020/10/04 04:09:18 Q=5
2026-01-06 19:17:18,195 - INFO - [GINSLIB] processing : 2020/10/04 04:09:19 Q=5
2026-01-06 19:17:18,206 - INFO - [GINSLIB] processing : 2020/10/04 04:09:20 Q=5
2026-01-06 19:17:18,216 - INFO - [GINSLIB] processing : 2020/10/04 04:09:21 Q=5
2026-01-06 19:17:18,226 - INFO - [GINSLIB] processing : 2020/10/04 04:09:22 Q=5
2026-01-06 19:17:18,237 - INFO - [GINSLIB] processing : 2020/10/04 04:09:23 Q=5
2026-01-06 19:17:18,248 - INFO - [GINSLIB] processing : 2020/10/04 04:09:24 Q=5
2026-01-06 19:17:18,258 - INFO - [GINSLIB] processing : 2020/10/04 04:09:25 Q=5
2026-01-06 19:17:18,271 - INFO - [GINSLIB] processing : 2020/10/04 04:09:26 Q=5
2026-01-06 19:17:18,284 - INFO - [GINSLIB] processing : 2020/10/04 04:09:27 Q=5
2026-01-06 19:17:18,295 - INFO - [GINSLIB] processing : 2020/10/04 04:09:28 Q=5
2026-01-06 19:17:18,307 - INFO - [GINSLIB] processing : 2020/10/04 04:09:29 Q=5
2026-01-06 19:17:18,320 - INFO - [GINSLIB] processing : 2020/10/04 04:09:30 Q=5
2026-01-06 19:17:18,331 - INFO - [GINSLIB] processing : 2020/10/04 04:09:31 Q=5
2026-01-06 19:17:18,344 - INFO - [GINSLIB] processing : 2020/10/04 04:09:32 Q=5
2026-01-06 19:17:18,356 - INFO - [GINSLIB] processing : 2020/10/04 04:09:33 Q=5
2026-01-06 19:17:18,367 - INFO - [GINSLIB] processing : 2020/10/04 04:09:34 Q=5
2026-01-06 19:17:18,387 - INFO - [GINSLIB] processing : 2020/10/04 04:09:35 Q=5
2026-01-06 19:17:18,388 - INFO - [GINSLIB] processing : 2020/10/04 04:09:36 Q=5
2026-01-06 19:17:18,399 - INFO - [GINSLIB] processing : 2020/10/04 04:09:37 Q=5
2026-01-06 19:17:18,410 - INFO - [GINSLIB] processing : 2020/10/04 04:09:38 Q=5
2026-01-06 19:17:18,423 - INFO - [GINSLIB] processing : 2020/10/04 04:09:39 Q=5
2026-01-06 19:17:18,442 - INFO - [GINSLIB] processing : 2020/10/04 04:09:40 Q=5
2026-01-06 19:17:18,443 - INFO - [GINSLIB] processing : 2020/10/04 04:09:41 Q=5
2026-01-06 19:17:18,454 - INFO - [GINSLIB] processing : 2020/10/04 04:09:42 Q=5
2026-01-06 19:17:18,463 - INFO - [GINSLIB] processing : 2020/10/04 04:09:43 Q=5
2026-01-06 19:17:18,473 - INFO - [GINSLIB] processing : 2020/10/04 04:09:44 Q=5
2026-01-06 19:17:18,492 - INFO - [GINSLIB] processing : 2020/10/04 04:09:45 Q=5
2026-01-06 19:17:18,493 - INFO - [GINSLIB] processing : 2020/10/04 04:09:46 Q=5
2026-01-06 19:17:18,503 - INFO - [GINSLIB] processing : 2020/10/04 04:09:47 Q=5
2026-01-06 19:17:18,514 - INFO - [GINSLIB] processing : 2020/10/04 04:09:48 Q=5
2026-01-06 19:17:18,524 - INFO - [GINSLIB] processing : 2020/10/04 04:09:49 Q=5
2026-01-06 19:17:18,536 - INFO - [GINSLIB] processing : 2020/10/04 04:09:50 Q=5
2026-01-06 19:17:18,545 - INFO - [GINSLIB] processing : 2020/10/04 04:09:51 Q=5
2026-01-06 19:17:18,557 - INFO - [GINSLIB] processing : 2020/10/04 04:09:52 Q=5
2026-01-06 19:17:18,568 - INFO - [GINSLIB] processing : 2020/10/04 04:09:53 Q=5
2026-01-06 19:17:18,578 - INFO - [GINSLIB] processing : 2020/10/04 04:09:54 Q=5
2026-01-06 19:17:18,589 - INFO - [GINSLIB] processing : 2020/10/04 04:09:55 Q=5
2026-01-06 19:17:18,597 - INFO - [GINSLIB] processing : 2020/10/04 04:09:56 Q=5
2026-01-06 19:17:18,608 - INFO - [GINSLIB] processing : 2020/10/04 04:09:57 Q=5
2026-01-06 19:17:18,619 - INFO - [GINSLIB] processing : 2020/10/04 04:09:58 Q=5
2026-01-06 19:17:18,629 - INFO - [GINSLIB] processing : 2020/10/04 04:09:59 Q=5
2026-01-06 19:17:18,640 - INFO - [GINSLIB] processing : 2020/10/04 04:10:00 Q=5
2026-01-06 19:17:18,648 - INFO - [GINSLIB] processing : 2020/10/04 04:10:01 Q=5
2026-01-06 19:17:18,659 - INFO - [GINSLIB] processing : 2020/10/04 04:10:02 Q=5
2026-01-06 19:17:18,670 - INFO - [GINSLIB] processing : 2020/10/04 04:10:03 Q=5
2026-01-06 19:17:18,681 - INFO - [GINSLIB] processing : 2020/10/04 04:10:04 Q=5
2026-01-06 19:17:18,690 - INFO - [GINSLIB] processing : 2020/10/04 04:10:05 Q=5
2026-01-06 19:17:18,709 - INFO - [GINSLIB] processing : 2020/10/04 04:10:06 Q=5
2026-01-06 19:17:18,710 - INFO - [GINSLIB] processing : 2020/10/04 04:10:07 Q=5
2026-01-06 19:17:18,721 - INFO - [GINSLIB] processing : 2020/10/04 04:10:08 Q=5
2026-01-06 19:17:18,732 - INFO - [GINSLIB] processing : 2020/10/04 04:10:09 Q=5
2026-01-06 19:17:18,742 - INFO - [GINSLIB] processing : 2020/10/04 04:10:10 Q=5
2026-01-06 19:17:18,759 - INFO - [GINSLIB] processing : 2020/10/04 04:10:11 Q=5
2026-01-06 19:17:18,761 - INFO - [GINSLIB] processing : 2020/10/04 04:10:12 Q=5
2026-01-06 19:17:18,771 - INFO - [GINSLIB] processing : 2020/10/04 04:10:13 Q=5
2026-01-06 19:17:18,782 - INFO - [GINSLIB] processing : 2020/10/04 04:10:14 Q=5
2026-01-06 19:17:18,792 - INFO - [GINSLIB] processing : 2020/10/04 04:10:15 Q=5
2026-01-06 19:17:18,809 - INFO - [GINSLIB] processing : 2020/10/04 04:10:16 Q=5
2026-01-06 19:17:18,810 - INFO - [GINSLIB] processing : 2020/10/04 04:10:17 Q=5
2026-01-06 19:17:18,821 - INFO - [GINSLIB] processing : 2020/10/04 04:10:18 Q=5
2026-01-06 19:17:18,831 - INFO - [GINSLIB] processing : 2020/10/04 04:10:19 Q=5
2026-01-06 19:17:18,842 - INFO - [GINSLIB] processing : 2020/10/04 04:10:20 Q=5
2026-01-06 19:17:18,852 - INFO - [GINSLIB] processing : 2020/10/04 04:10:21 Q=5
2026-01-06 19:17:18,861 - INFO - [GINSLIB] processing : 2020/10/04 04:10:22 Q=5
2026-01-06 19:17:18,873 - INFO - [GINSLIB] processing : 2020/10/04 04:10:23 Q=5
2026-01-06 19:17:18,884 - INFO - [GINSLIB] processing : 2020/10/04 04:10:24 Q=5
2026-01-06 19:17:18,892 - INFO - [GINSLIB] processing : 2020/10/04 04:10:24 Q=7
2026-01-06 19:17:18,893 - INFO - [GINSLIB] processing : 2020/10/04 04:10:25 Q=7
2026-01-06 19:17:18,903 - INFO - [GINSLIB] processing : 2020/10/04 04:10:25 Q=5
2026-01-06 19:17:18,904 - INFO - [GINSLIB] processing : 2020/10/04 04:10:26 Q=5
2026-01-06 19:17:18,913 - INFO - [GINSLIB] processing : 2020/10/04 04:10:26 Q=7
2026-01-06 19:17:18,913 - INFO - [GINSLIB] processing : 2020/10/04 04:10:27 Q=7
2026-01-06 19:17:18,924 - INFO - [GINSLIB] processing : 2020/10/04 04:10:28 Q=7
2026-01-06 19:17:18,936 - INFO - [GINSLIB] processing : 2020/10/04 04:10:29 Q=7
2026-01-06 19:17:18,945 - INFO - [GINSLIB] processing : 2020/10/04 04:10:29 Q=5
2026-01-06 19:17:18,946 - INFO - [GINSLIB] processing : 2020/10/04 04:10:30 Q=5
2026-01-06 19:17:18,957 - INFO - [GINSLIB] processing : 2020/10/04 04:10:31 Q=5
2026-01-06 19:17:18,977 - INFO - [GINSLIB] processing : 2020/10/04 04:10:32 Q=5
2026-01-06 19:17:18,978 - INFO - [GINSLIB] processing : 2020/10/04 04:10:33 Q=5
2026-01-06 19:17:18,989 - INFO - [GINSLIB] processing : 2020/10/04 04:10:34 Q=5
2026-01-06 19:17:19,000 - INFO - [GINSLIB] processing : 2020/10/04 04:10:35 Q=5
2026-01-06 19:17:19,011 - INFO - [GINSLIB] processing : 2020/10/04 04:10:36 Q=5
2026-01-06 19:17:19,030 - INFO - [GINSLIB] processing : 2020/10/04 04:10:37 Q=5
2026-01-06 19:17:19,031 - INFO - [GINSLIB] processing : 2020/10/04 04:10:38 Q=5
2026-01-06 19:17:19,042 - INFO - [GINSLIB] processing : 2020/10/04 04:10:39 Q=5
2026-01-06 19:17:19,052 - INFO - [GINSLIB] processing : 2020/10/04 04:10:40 Q=5
2026-01-06 19:17:19,063 - INFO - [GINSLIB] processing : 2020/10/04 04:10:41 Q=5
2026-01-06 19:17:19,082 - INFO - [GINSLIB] processing : 2020/10/04 04:10:42 Q=5
2026-01-06 19:17:19,084 - INFO - [GINSLIB] processing : 2020/10/04 04:10:43 Q=5
2026-01-06 19:17:19,095 - INFO - [GINSLIB] processing : 2020/10/04 04:10:44 Q=5
2026-01-06 19:17:19,105 - INFO - [GINSLIB] processing : 2020/10/04 04:10:44 Q=7
2026-01-06 19:17:19,107 - INFO - [GINSLIB] processing : 2020/10/04 04:10:45 Q=7
2026-01-06 19:17:19,117 - INFO - [GINSLIB] processing : 2020/10/04 04:10:45 Q=5
2026-01-06 19:17:19,118 - INFO - [GINSLIB] processing : 2020/10/04 04:10:46 Q=5
2026-01-06 19:17:19,127 - INFO - [GINSLIB] processing : 2020/10/04 04:10:46 Q=7
2026-01-06 19:17:19,137 - INFO - [GINSLIB] processing : 2020/10/04 04:10:47 Q=7
2026-01-06 19:17:19,138 - INFO - [GINSLIB] processing : 2020/10/04 04:10:47 Q=5
2026-01-06 19:17:19,138 - INFO - [GINSLIB] processing : 2020/10/04 04:10:48 Q=5
2026-01-06 19:17:19,149 - INFO - [GINSLIB] processing : 2020/10/04 04:10:49 Q=5
2026-01-06 19:17:19,159 - INFO - [GINSLIB] processing : 2020/10/04 04:10:50 Q=5
2026-01-06 19:17:19,171 - INFO - [GINSLIB] processing : 2020/10/04 04:10:51 Q=5
2026-01-06 19:17:19,182 - INFO - [GINSLIB] processing : 2020/10/04 04:10:52 Q=5
2026-01-06 19:17:19,191 - INFO - [GINSLIB] processing : 2020/10/04 04:10:53 Q=5
2026-01-06 19:17:19,201 - INFO - [GINSLIB] processing : 2020/10/04 04:10:54 Q=5
2026-01-06 19:17:19,211 - INFO - [GINSLIB] processing : 2020/10/04 04:10:55 Q=5
2026-01-06 19:17:19,220 - INFO - [GINSLIB] processing : 2020/10/04 04:10:56 Q=5
2026-01-06 19:17:19,230 - INFO - [GINSLIB] processing : 2020/10/04 04:10:57 Q=5
2026-01-06 19:17:19,239 - INFO - [GINSLIB] processing : 2020/10/04 04:10:58 Q=5
2026-01-06 19:17:19,250 - INFO - [GINSLIB] processing : 2020/10/04 04:10:59 Q=5
2026-01-06 19:17:19,261 - INFO - [GINSLIB] processing : 2020/10/04 04:11:00 Q=5
2026-01-06 19:17:19,272 - INFO - [GINSLIB] processing : 2020/10/04 04:11:01 Q=5
2026-01-06 19:17:19,282 - INFO - [GINSLIB] processing : 2020/10/04 04:11:02 Q=5
2026-01-06 19:17:19,302 - INFO - [GINSLIB] processing : 2020/10/04 04:11:03 Q=5
2026-01-06 19:17:19,303 - INFO - [GINSLIB] processing : 2020/10/04 04:11:04 Q=5
2026-01-06 19:17:19,313 - INFO - [GINSLIB] processing : 2020/10/04 04:11:05 Q=5
2026-01-06 19:17:19,325 - INFO - [GINSLIB] processing : 2020/10/04 04:11:06 Q=5
2026-01-06 19:17:19,337 - INFO - [GINSLIB] processing : 2020/10/04 04:11:07 Q=5
2026-01-06 19:17:19,355 - INFO - [GINSLIB] processing : 2020/10/04 04:11:08 Q=5
2026-01-06 19:17:19,356 - INFO - [GINSLIB] processing : 2020/10/04 04:11:09 Q=5
2026-01-06 19:17:19,368 - INFO - [GINSLIB] processing : 2020/10/04 04:11:10 Q=5
2026-01-06 19:17:19,378 - INFO - [GINSLIB] processing : 2020/10/04 04:11:11 Q=5
2026-01-06 19:17:19,389 - INFO - [GINSLIB] processing : 2020/10/04 04:11:12 Q=5
2026-01-06 19:17:19,410 - INFO - [GINSLIB] processing : 2020/10/04 04:11:13 Q=5
2026-01-06 19:17:19,412 - INFO - [GINSLIB] processing : 2020/10/04 04:11:14 Q=5
2026-01-06 19:17:19,422 - INFO - [GINSLIB] processing : 2020/10/04 04:11:15 Q=5
2026-01-06 19:17:19,433 - INFO - [GINSLIB] processing : 2020/10/04 04:11:16 Q=5
2026-01-06 19:17:19,444 - INFO - [GINSLIB] processing : 2020/10/04 04:11:17 Q=5
2026-01-06 19:17:19,454 - INFO - [GINSLIB] processing : 2020/10/04 04:11:18 Q=5
2026-01-06 19:17:19,463 - INFO - [GINSLIB] processing : 2020/10/04 04:11:19 Q=5
2026-01-06 19:17:19,475 - INFO - [GINSLIB] processing : 2020/10/04 04:11:20 Q=5
2026-01-06 19:17:19,485 - INFO - [GINSLIB] processing : 2020/10/04 04:11:21 Q=5
2026-01-06 19:17:19,496 - INFO - [GINSLIB] processing : 2020/10/04 04:11:22 Q=5
2026-01-06 19:17:19,507 - INFO - [GINSLIB] processing : 2020/10/04 04:11:23 Q=5
2026-01-06 19:17:19,517 - INFO - [GINSLIB] processing : 2020/10/04 04:11:24 Q=5
2026-01-06 19:17:19,527 - INFO - [GINSLIB] processing : 2020/10/04 04:11:25 Q=5
2026-01-06 19:17:19,539 - INFO - [GINSLIB] processing : 2020/10/04 04:11:26 Q=5
2026-01-06 19:17:19,549 - INFO - [GINSLIB] processing : 2020/10/04 04:11:27 Q=5
2026-01-06 19:17:19,562 - INFO - [GINSLIB] processing : 2020/10/04 04:11:28 Q=5
2026-01-06 19:17:19,573 - INFO - [GINSLIB] processing : 2020/10/04 04:11:29 Q=5
2026-01-06 19:17:19,589 - INFO - [GINSLIB] processing : 2020/10/04 04:11:30 Q=5
2026-01-06 19:17:19,604 - INFO - [GINSLIB] processing : 2020/10/04 04:11:31 Q=5
2026-01-06 19:17:19,618 - INFO - [GINSLIB] processing : 2020/10/04 04:11:32 Q=5
2026-01-06 19:17:19,630 - INFO - [GINSLIB] processing : 2020/10/04 04:11:33 Q=5
2026-01-06 19:17:19,652 - INFO - [GINSLIB] processing : 2020/10/04 04:11:34 Q=5
2026-01-06 19:17:19,654 - INFO - [GINSLIB] processing : 2020/10/04 04:11:35 Q=5
2026-01-06 19:17:19,668 - INFO - [GINSLIB] processing : 2020/10/04 04:11:36 Q=5
2026-01-06 19:17:19,681 - INFO - [GINSLIB] processing : 2020/10/04 04:11:37 Q=5
2026-01-06 19:17:19,695 - INFO - [GINSLIB] processing : 2020/10/04 04:11:38 Q=5
2026-01-06 19:17:19,716 - INFO - [GINSLIB] processing : 2020/10/04 04:11:39 Q=5
2026-01-06 19:17:19,719 - INFO - [GINSLIB] processing : 2020/10/04 04:11:40 Q=5
2026-01-06 19:17:19,729 - INFO - [GINSLIB] processing : 2020/10/04 04:11:41 Q=5
2026-01-06 19:17:19,741 - INFO - [GINSLIB] processing : 2020/10/04 04:11:42 Q=5
2026-01-06 19:17:19,754 - INFO - [GINSLIB] processing : 2020/10/04 04:11:43 Q=5
2026-01-06 19:17:19,775 - INFO - [GINSLIB] processing : 2020/10/04 04:11:44 Q=5
2026-01-06 19:17:19,776 - INFO - [GINSLIB] processing : 2020/10/04 04:11:45 Q=5
2026-01-06 19:17:19,788 - INFO - [GINSLIB] processing : 2020/10/04 04:11:46 Q=5
2026-01-06 19:17:19,800 - INFO - [GINSLIB] processing : 2020/10/04 04:11:47 Q=5
2026-01-06 19:17:19,811 - INFO - [GINSLIB] processing : 2020/10/04 04:11:48 Q=5
2026-01-06 19:17:19,824 - INFO - [GINSLIB] processing : 2020/10/04 04:11:49 Q=5
2026-01-06 19:17:19,834 - INFO - [GINSLIB] processing : 2020/10/04 04:11:50 Q=5
2026-01-06 19:17:19,845 - INFO - [GINSLIB] processing : 2020/10/04 04:11:51 Q=5
2026-01-06 19:17:19,856 - INFO - [GINSLIB] processing : 2020/10/04 04:11:52 Q=5
2026-01-06 19:17:19,868 - INFO - [GINSLIB] processing : 2020/10/04 04:11:53 Q=5
2026-01-06 19:17:19,881 - INFO - [GINSLIB] processing : 2020/10/04 04:11:54 Q=5
2026-01-06 19:17:19,891 - INFO - [GINSLIB] processing : 2020/10/04 04:11:55 Q=5
2026-01-06 19:17:19,905 - INFO - [GINSLIB] processing : 2020/10/04 04:11:56 Q=5
2026-01-06 19:17:19,918 - INFO - [GINSLIB] processing : 2020/10/04 04:11:57 Q=5
2026-01-06 19:17:19,930 - INFO - [GINSLIB] processing : 2020/10/04 04:11:58 Q=5
2026-01-06 19:17:19,944 - INFO - [GINSLIB] processing : 2020/10/04 04:11:59 Q=5
2026-01-06 19:17:19,956 - INFO - [GINSLIB] processing : 2020/10/04 04:12:00 Q=5
2026-01-06 19:17:19,971 - INFO - [GINSLIB] processing : 2020/10/04 04:12:01 Q=5
2026-01-06 19:17:19,984 - INFO - [GINSLIB] processing : 2020/10/04 04:12:02 Q=5
2026-01-06 19:17:19,995 - INFO - [GINSLIB] processing : 2020/10/04 04:12:03 Q=5
2026-01-06 19:17:20,008 - INFO - [GINSLIB] processing : 2020/10/04 04:12:03 Q=7
2026-01-06 19:17:20,009 - INFO - [GINSLIB] processing : 2020/10/04 04:12:04 Q=7
2026-01-06 19:17:20,020 - INFO - [GINSLIB] processing : 2020/10/04 04:12:04 Q=5
2026-01-06 19:17:20,030 - INFO - [GINSLIB] processing : 2020/10/04 04:12:05 Q=5
2026-01-06 19:17:20,032 - INFO - [GINSLIB] processing : 2020/10/04 04:12:06 Q=5
2026-01-06 19:17:20,043 - INFO - [GINSLIB] processing : 2020/10/04 04:12:06 Q=7
2026-01-06 19:17:20,044 - INFO - [GINSLIB] processing : 2020/10/04 04:12:07 Q=7
2026-01-06 19:17:20,055 - INFO - [GINSLIB] processing : 2020/10/04 04:12:07 Q=5
2026-01-06 19:17:20,057 - INFO - [GINSLIB] processing : 2020/10/04 04:12:08 Q=5
2026-01-06 19:17:20,071 - INFO - [GINSLIB] processing : 2020/10/04 04:12:09 Q=5
2026-01-06 19:17:20,093 - INFO - [GINSLIB] processing : 2020/10/04 04:12:10 Q=5
2026-01-06 19:17:20,095 - INFO - [GINSLIB] processing : 2020/10/04 04:12:11 Q=5
2026-01-06 19:17:20,105 - INFO - [GINSLIB] processing : 2020/10/04 04:12:11 Q=7
2026-01-06 19:17:20,107 - INFO - [GINSLIB] processing : 2020/10/04 04:12:12 Q=7
2026-01-06 19:17:20,120 - INFO - [GINSLIB] processing : 2020/10/04 04:12:13 Q=7
2026-01-06 19:17:20,133 - INFO - [GINSLIB] processing : 2020/10/04 04:12:14 Q=7
2026-01-06 19:17:20,154 - INFO - [GINSLIB] processing : 2020/10/04 04:12:15 Q=7
2026-01-06 19:17:20,156 - INFO - [GINSLIB] processing : 2020/10/04 04:12:16 Q=7
2026-01-06 19:17:20,169 - INFO - [GINSLIB] processing : 2020/10/04 04:12:17 Q=7
2026-01-06 19:17:20,181 - INFO - [GINSLIB] processing : 2020/10/04 04:12:18 Q=7
2026-01-06 19:17:20,195 - INFO - [GINSLIB] processing : 2020/10/04 04:12:19 Q=7
2026-01-06 19:17:20,208 - INFO - [GINSLIB] processing : 2020/10/04 04:12:20 Q=7
2026-01-06 19:17:20,219 - INFO - [GINSLIB] processing : 2020/10/04 04:12:21 Q=7
2026-01-06 19:17:20,232 - INFO - [GINSLIB] processing : 2020/10/04 04:12:22 Q=7
2026-01-06 19:17:20,243 - INFO - [GINSLIB] processing : 2020/10/04 04:12:22 Q=5
2026-01-06 19:17:20,245 - INFO - [GINSLIB] processing : 2020/10/04 04:12:23 Q=5
2026-01-06 19:17:20,256 - INFO - [GINSLIB] processing : 2020/10/04 04:12:23 Q=7
2026-01-06 19:17:20,257 - INFO - [GINSLIB] processing : 2020/10/04 04:12:24 Q=7
2026-01-06 19:17:20,268 - INFO - [GINSLIB] processing : 2020/10/04 04:12:24 Q=5
2026-01-06 19:17:20,269 - INFO - [GINSLIB] processing : 2020/10/04 04:12:25 Q=5
2026-01-06 19:17:20,279 - INFO - [GINSLIB] processing : 2020/10/04 04:12:26 Q=5
2026-01-06 19:17:20,290 - INFO - [GINSLIB] processing : 2020/10/04 04:12:26 Q=7
2026-01-06 19:17:20,292 - INFO - [GINSLIB] processing : 2020/10/04 04:12:27 Q=7
2026-01-06 19:17:20,305 - INFO - [GINSLIB] processing : 2020/10/04 04:12:28 Q=7
2026-01-06 19:17:20,318 - INFO - [GINSLIB] processing : 2020/10/04 04:12:29 Q=7
2026-01-06 19:17:20,329 - INFO - [GINSLIB] processing : 2020/10/04 04:12:30 Q=7
2026-01-06 19:17:20,339 - INFO - [GINSLIB] processing : 2020/10/04 04:12:31 Q=7
2026-01-06 19:17:20,351 - INFO - [GINSLIB] processing : 2020/10/04 04:12:32 Q=7
2026-01-06 19:17:20,362 - INFO - [GINSLIB] processing : 2020/10/04 04:12:33 Q=7
2026-01-06 19:17:20,374 - INFO - [GINSLIB] processing : 2020/10/04 04:12:34 Q=7
2026-01-06 19:17:20,386 - INFO - [GINSLIB] processing : 2020/10/04 04:12:35 Q=7
2026-01-06 19:17:20,407 - INFO - [GINSLIB] processing : 2020/10/04 04:12:36 Q=7
2026-01-06 19:17:20,407 - INFO - [GINSLIB] processing : 2020/10/04 04:12:36 Q=5
2026-01-06 19:17:20,408 - INFO - [GINSLIB] processing : 2020/10/04 04:12:37 Q=5
2026-01-06 19:17:20,418 - INFO - [GINSLIB] processing : 2020/10/04 04:12:37 Q=7
2026-01-06 19:17:20,420 - INFO - [GINSLIB] processing : 2020/10/04 04:12:38 Q=7
2026-01-06 19:17:20,432 - INFO - [GINSLIB] processing : 2020/10/04 04:12:39 Q=7
2026-01-06 19:17:20,442 - INFO - [GINSLIB] processing : 2020/10/04 04:12:39 Q=5
2026-01-06 19:17:20,443 - INFO - [GINSLIB] processing : 2020/10/04 04:12:40 Q=5
2026-01-06 19:17:20,465 - INFO - [GINSLIB] processing : 2020/10/04 04:12:41 Q=5
2026-01-06 19:17:20,465 - INFO - [GINSLIB] processing : 2020/10/04 04:12:41 Q=7
2026-01-06 19:17:20,467 - INFO - [GINSLIB] processing : 2020/10/04 04:12:42 Q=7
2026-01-06 19:17:20,478 - INFO - [GINSLIB] processing : 2020/10/04 04:12:43 Q=7
2026-01-06 19:17:20,490 - INFO - [GINSLIB] processing : 2020/10/04 04:12:44 Q=7
2026-01-06 19:17:20,502 - INFO - [GINSLIB] processing : 2020/10/04 04:12:45 Q=7
2026-01-06 19:17:20,522 - INFO - [GINSLIB] processing : 2020/10/04 04:12:46 Q=7
2026-01-06 19:17:20,523 - INFO - [GINSLIB] processing : 2020/10/04 04:12:46 Q=5
2026-01-06 19:17:20,524 - INFO - [GINSLIB] processing : 2020/10/04 04:12:47 Q=5
2026-01-06 19:17:20,535 - INFO - [GINSLIB] processing : 2020/10/04 04:12:48 Q=5
2026-01-06 19:17:20,544 - INFO - [GINSLIB] processing : 2020/10/04 04:12:49 Q=5
2026-01-06 19:17:20,555 - INFO - [GINSLIB] processing : 2020/10/04 04:12:50 Q=5
2026-01-06 19:17:20,567 - INFO - [GINSLIB] processing : 2020/10/04 04:12:51 Q=5
2026-01-06 19:17:20,578 - INFO - [GINSLIB] processing : 2020/10/04 04:12:52 Q=5
2026-01-06 19:17:20,589 - INFO - [GINSLIB] processing : 2020/10/04 04:12:53 Q=5
2026-01-06 19:17:20,599 - INFO - [GINSLIB] processing : 2020/10/04 04:12:54 Q=5
2026-01-06 19:17:20,610 - INFO - [GINSLIB] processing : 2020/10/04 04:12:55 Q=5
2026-01-06 19:17:20,620 - INFO - [GINSLIB] processing : 2020/10/04 04:12:56 Q=5
2026-01-06 19:17:20,630 - INFO - [GINSLIB] processing : 2020/10/04 04:12:57 Q=5
2026-01-06 19:17:20,642 - INFO - [GINSLIB] processing : 2020/10/04 04:12:58 Q=5
2026-01-06 19:17:20,654 - INFO - [GINSLIB] processing : 2020/10/04 04:12:59 Q=5
2026-01-06 19:17:20,666 - INFO - [GINSLIB] processing : 2020/10/04 04:13:00 Q=5
2026-01-06 19:17:20,677 - INFO - [GINSLIB] processing : 2020/10/04 04:13:01 Q=5
2026-01-06 19:17:20,696 - INFO - [GINSLIB] processing : 2020/10/04 04:13:02 Q=5
2026-01-06 19:17:20,697 - INFO - [GINSLIB] processing : 2020/10/04 04:13:03 Q=5
2026-01-06 19:17:20,709 - INFO - [GINSLIB] processing : 2020/10/04 04:13:04 Q=5
2026-01-06 19:17:20,720 - INFO - [GINSLIB] processing : 2020/10/04 04:13:05 Q=5
2026-01-06 19:17:20,731 - INFO - [GINSLIB] processing : 2020/10/04 04:13:06 Q=5
2026-01-06 19:17:20,751 - INFO - [GINSLIB] processing : 2020/10/04 04:13:07 Q=5
2026-01-06 19:17:20,753 - INFO - [GINSLIB] processing : 2020/10/04 04:13:08 Q=5
2026-01-06 19:17:20,763 - INFO - [GINSLIB] processing : 2020/10/04 04:13:09 Q=5
2026-01-06 19:17:20,773 - INFO - [GINSLIB] processing : 2020/10/04 04:13:10 Q=5
2026-01-06 19:17:20,783 - INFO - [GINSLIB] processing : 2020/10/04 04:13:11 Q=5
2026-01-06 19:17:20,802 - INFO - [GINSLIB] processing : 2020/10/04 04:13:12 Q=5
2026-01-06 19:17:20,803 - INFO - [GINSLIB] processing : 2020/10/04 04:13:13 Q=5
2026-01-06 19:17:20,813 - INFO - [GINSLIB] processing : 2020/10/04 04:13:14 Q=5
2026-01-06 19:17:20,824 - INFO - [GINSLIB] processing : 2020/10/04 04:13:15 Q=5
2026-01-06 19:17:20,836 - INFO - [GINSLIB] processing : 2020/10/04 04:13:16 Q=5
2026-01-06 19:17:20,854 - INFO - [GINSLIB] processing : 2020/10/04 04:13:17 Q=5
2026-01-06 19:17:20,856 - INFO - [GINSLIB] processing : 2020/10/04 04:13:18 Q=5
2026-01-06 19:17:20,867 - INFO - [GINSLIB] processing : 2020/10/04 04:13:19 Q=5
2026-01-06 19:17:20,878 - INFO - [GINSLIB] processing : 2020/10/04 04:13:20 Q=5
2026-01-06 19:17:20,889 - INFO - [GINSLIB] processing : 2020/10/04 04:13:21 Q=5
2026-01-06 19:17:20,900 - INFO - [GINSLIB] processing : 2020/10/04 04:13:22 Q=5
2026-01-06 19:17:20,909 - INFO - [GINSLIB] processing : 2020/10/04 04:13:23 Q=5
2026-01-06 19:17:20,922 - INFO - [GINSLIB] processing : 2020/10/04 04:13:24 Q=5
2026-01-06 19:17:20,933 - INFO - [GINSLIB] processing : 2020/10/04 04:13:25 Q=5
2026-01-06 19:17:20,944 - INFO - [GINSLIB] processing : 2020/10/04 04:13:26 Q=5
2026-01-06 19:17:20,957 - INFO - [GINSLIB] processing : 2020/10/04 04:13:27 Q=5
2026-01-06 19:17:20,967 - INFO - [GINSLIB] processing : 2020/10/04 04:13:28 Q=5
2026-01-06 19:17:20,977 - INFO - [GINSLIB] processing : 2020/10/04 04:13:29 Q=5
2026-01-06 19:17:20,990 - INFO - [GINSLIB] processing : 2020/10/04 04:13:30 Q=5
2026-01-06 19:17:21,000 - INFO - [GINSLIB] processing : 2020/10/04 04:13:31 Q=5
2026-01-06 19:17:21,009 - INFO - [GINSLIB] processing : 2020/10/04 04:13:32 Q=5
2026-01-06 19:17:21,029 - INFO - [GINSLIB] processing : 2020/10/04 04:13:33 Q=5
2026-01-06 19:17:21,029 - INFO - [GINSLIB] processing : 2020/10/04 04:13:33 Q=7
2026-01-06 19:17:21,030 - INFO - [GINSLIB] processing : 2020/10/04 04:13:34 Q=7
2026-01-06 19:17:21,039 - INFO - [GINSLIB] processing : 2020/10/04 04:13:34 Q=5
2026-01-06 19:17:21,041 - INFO - [GINSLIB] processing : 2020/10/04 04:13:35 Q=5
2026-01-06 19:17:21,052 - INFO - [GINSLIB] processing : 2020/10/04 04:13:36 Q=5
2026-01-06 19:17:21,063 - INFO - [GINSLIB] processing : 2020/10/04 04:13:37 Q=5
2026-01-06 19:17:21,083 - INFO - [GINSLIB] processing : 2020/10/04 04:13:38 Q=5
2026-01-06 19:17:21,084 - INFO - [GINSLIB] processing : 2020/10/04 04:13:39 Q=5
2026-01-06 19:17:21,095 - INFO - [GINSLIB] processing : 2020/10/04 04:13:40 Q=5
2026-01-06 19:17:21,105 - INFO - [GINSLIB] processing : 2020/10/04 04:13:40 Q=7
2026-01-06 19:17:21,107 - INFO - [GINSLIB] processing : 2020/10/04 04:13:41 Q=7
2026-01-06 19:17:21,117 - INFO - [GINSLIB] processing : 2020/10/04 04:13:41 Q=5
2026-01-06 19:17:21,118 - INFO - [GINSLIB] processing : 2020/10/04 04:13:42 Q=5
2026-01-06 19:17:21,137 - INFO - [GINSLIB] processing : 2020/10/04 04:13:43 Q=5
2026-01-06 19:17:21,138 - INFO - [GINSLIB] processing : 2020/10/04 04:13:44 Q=5
2026-01-06 19:17:21,149 - INFO - [GINSLIB] processing : 2020/10/04 04:13:45 Q=5
2026-01-06 19:17:21,158 - INFO - [GINSLIB] processing : 2020/10/04 04:13:46 Q=5
2026-01-06 19:17:21,169 - INFO - [GINSLIB] processing : 2020/10/04 04:13:47 Q=5
2026-01-06 19:17:21,188 - INFO - [GINSLIB] processing : 2020/10/04 04:13:48 Q=5
2026-01-06 19:17:21,189 - INFO - [GINSLIB] processing : 2020/10/04 04:13:49 Q=5
2026-01-06 19:17:21,201 - INFO - [GINSLIB] processing : 2020/10/04 04:13:50 Q=5
2026-01-06 19:17:21,211 - INFO - [GINSLIB] processing : 2020/10/04 04:13:51 Q=5
2026-01-06 19:17:21,220 - INFO - [GINSLIB] processing : 2020/10/04 04:13:51 Q=7
2026-01-06 19:17:21,222 - INFO - [GINSLIB] processing : 2020/10/04 04:13:52 Q=7
2026-01-06 19:17:21,232 - INFO - [GINSLIB] processing : 2020/10/04 04:13:52 Q=5
2026-01-06 19:17:21,233 - INFO - [GINSLIB] processing : 2020/10/04 04:13:53 Q=5
2026-01-06 19:17:21,242 - INFO - [GINSLIB] processing : 2020/10/04 04:13:54 Q=5
2026-01-06 19:17:21,253 - INFO - [GINSLIB] processing : 2020/10/04 04:13:55 Q=5
2026-01-06 19:17:21,262 - INFO - [GINSLIB] processing : 2020/10/04 04:13:56 Q=5
2026-01-06 19:17:21,273 - INFO - [GINSLIB] processing : 2020/10/04 04:13:57 Q=5
2026-01-06 19:17:21,283 - INFO - [GINSLIB] processing : 2020/10/04 04:13:58 Q=5
2026-01-06 19:17:21,293 - INFO - [GINSLIB] processing : 2020/10/04 04:13:58 Q=7
2026-01-06 19:17:21,293 - INFO - [GINSLIB] processing : 2020/10/04 04:13:59 Q=7
2026-01-06 19:17:21,304 - INFO - [GINSLIB] processing : 2020/10/04 04:13:59 Q=5
2026-01-06 19:17:21,305 - INFO - [GINSLIB] processing : 2020/10/04 04:14:00 Q=5
2026-01-06 19:17:21,314 - INFO - [GINSLIB] processing : 2020/10/04 04:14:01 Q=5
2026-01-06 19:17:21,326 - INFO - [GINSLIB] processing : 2020/10/04 04:14:02 Q=5
2026-01-06 19:17:21,337 - INFO - [GINSLIB] processing : 2020/10/04 04:14:03 Q=5
2026-01-06 19:17:21,354 - INFO - [GINSLIB] processing : 2020/10/04 04:14:04 Q=5
2026-01-06 19:17:21,356 - INFO - [GINSLIB] processing : 2020/10/04 04:14:05 Q=5
2026-01-06 19:17:21,367 - INFO - [GINSLIB] processing : 2020/10/04 04:14:06 Q=5
2026-01-06 19:17:21,377 - INFO - [GINSLIB] processing : 2020/10/04 04:14:07 Q=5
2026-01-06 19:17:21,389 - INFO - [GINSLIB] processing : 2020/10/04 04:14:08 Q=5
2026-01-06 19:17:21,407 - INFO - [GINSLIB] processing : 2020/10/04 04:14:09 Q=5
2026-01-06 19:17:21,408 - INFO - [GINSLIB] processing : 2020/10/04 04:14:10 Q=5
2026-01-06 19:17:21,420 - INFO - [GINSLIB] processing : 2020/10/04 04:14:11 Q=5
2026-01-06 19:17:21,431 - INFO - [GINSLIB] processing : 2020/10/04 04:14:12 Q=5
2026-01-06 19:17:21,441 - INFO - [GINSLIB] processing : 2020/10/04 04:14:13 Q=5
2026-01-06 19:17:21,452 - INFO - [GINSLIB] processing : 2020/10/04 04:14:13 Q=7
2026-01-06 19:17:21,461 - INFO - [GINSLIB] processing : 2020/10/04 04:14:14 Q=7
2026-01-06 19:17:21,462 - INFO - [GINSLIB] processing : 2020/10/04 04:14:14 Q=5
2026-01-06 19:17:21,463 - INFO - [GINSLIB] processing : 2020/10/04 04:14:15 Q=5
2026-01-06 19:17:21,473 - INFO - [GINSLIB] processing : 2020/10/04 04:14:16 Q=5
2026-01-06 19:17:21,485 - INFO - [GINSLIB] processing : 2020/10/04 04:14:17 Q=5
2026-01-06 19:17:21,496 - INFO - [GINSLIB] processing : 2020/10/04 04:14:18 Q=5
2026-01-06 19:17:21,507 - INFO - [GINSLIB] processing : 2020/10/04 04:14:19 Q=5
2026-01-06 19:17:21,518 - INFO - [GINSLIB] processing : 2020/10/04 04:14:20 Q=5
2026-01-06 19:17:21,528 - INFO - [GINSLIB] processing : 2020/10/04 04:14:21 Q=5
2026-01-06 19:17:21,538 - INFO - [GINSLIB] processing : 2020/10/04 04:14:22 Q=5
2026-01-06 19:17:21,549 - INFO - [GINSLIB] processing : 2020/10/04 04:14:23 Q=5
2026-01-06 19:17:21,560 - INFO - [GINSLIB] processing : 2020/10/04 04:14:24 Q=5
2026-01-06 19:17:21,569 - INFO - [GINSLIB] processing : 2020/10/04 04:14:25 Q=5
2026-01-06 19:17:21,580 - INFO - [GINSLIB] processing : 2020/10/04 04:14:26 Q=5
2026-01-06 19:17:21,591 - INFO - [GINSLIB] processing : 2020/10/04 04:14:27 Q=5
2026-01-06 19:17:21,601 - INFO - [GINSLIB] processing : 2020/10/04 04:14:28 Q=5
2026-01-06 19:17:21,613 - INFO - [GINSLIB] processing : 2020/10/04 04:14:29 Q=5
2026-01-06 19:17:21,622 - INFO - [GINSLIB] processing : 2020/10/04 04:14:30 Q=5
2026-01-06 19:17:21,633 - INFO - [GINSLIB] processing : 2020/10/04 04:14:31 Q=5
2026-01-06 19:17:21,645 - INFO - [GINSLIB] processing : 2020/10/04 04:14:32 Q=5
2026-01-06 19:17:21,655 - INFO - [GINSLIB] processing : 2020/10/04 04:14:33 Q=5
2026-01-06 19:17:21,666 - INFO - [GINSLIB] processing : 2020/10/04 04:14:34 Q=5
2026-01-06 19:17:21,685 - INFO - [GINSLIB] processing : 2020/10/04 04:14:35 Q=5
2026-01-06 19:17:21,686 - INFO - [GINSLIB] processing : 2020/10/04 04:14:36 Q=5
2026-01-06 19:17:21,697 - INFO - [GINSLIB] processing : 2020/10/04 04:14:37 Q=5
2026-01-06 19:17:21,707 - INFO - [GINSLIB] processing : 2020/10/04 04:14:38 Q=5
2026-01-06 19:17:21,718 - INFO - [GINSLIB] processing : 2020/10/04 04:14:39 Q=5
2026-01-06 19:17:21,736 - INFO - [GINSLIB] processing : 2020/10/04 04:14:40 Q=5
2026-01-06 19:17:21,737 - INFO - [GINSLIB] processing : 2020/10/04 04:14:41 Q=5
2026-01-06 19:17:21,746 - INFO - [GINSLIB] processing : 2020/10/04 04:14:41 Q=7
2026-01-06 19:17:21,748 - INFO - [GINSLIB] processing : 2020/10/04 04:14:42 Q=7
2026-01-06 19:17:21,760 - INFO - [GINSLIB] processing : 2020/10/04 04:14:43 Q=7
2026-01-06 19:17:21,773 - INFO - [GINSLIB] processing : 2020/10/04 04:14:44 Q=7
2026-01-06 19:17:21,793 - INFO - [GINSLIB] processing : 2020/10/04 04:14:45 Q=7
2026-01-06 19:17:21,794 - INFO - [GINSLIB] processing : 2020/10/04 04:14:46 Q=7
2026-01-06 19:17:21,807 - INFO - [GINSLIB] processing : 2020/10/04 04:14:47 Q=7
2026-01-06 19:17:21,819 - INFO - [GINSLIB] processing : 2020/10/04 04:14:48 Q=7
2026-01-06 19:17:21,830 - INFO - [GINSLIB] processing : 2020/10/04 04:14:49 Q=7
2026-01-06 19:17:21,842 - INFO - [GINSLIB] processing : 2020/10/04 04:14:50 Q=7
2026-01-06 19:17:21,853 - INFO - [GINSLIB] processing : 2020/10/04 04:14:51 Q=7
2026-01-06 19:17:21,862 - INFO - [GINSLIB] processing : 2020/10/04 04:14:51 Q=5
2026-01-06 19:17:21,864 - INFO - [GINSLIB] processing : 2020/10/04 04:14:52 Q=5
2026-01-06 19:17:21,876 - INFO - [GINSLIB] processing : 2020/10/04 04:14:53 Q=5
2026-01-06 19:17:21,890 - INFO - [GINSLIB] processing : 2020/10/04 04:14:54 Q=5
2026-01-06 19:17:21,903 - INFO - [GINSLIB] processing : 2020/10/04 04:14:55 Q=5
2026-01-06 19:17:21,913 - INFO - [GINSLIB] processing : 2020/10/04 04:14:56 Q=5
2026-01-06 19:17:21,924 - INFO - [GINSLIB] processing : 2020/10/04 04:14:57 Q=5
2026-01-06 19:17:21,938 - INFO - [GINSLIB] processing : 2020/10/04 04:14:58 Q=5
2026-01-06 19:17:21,950 - INFO - [GINSLIB] processing : 2020/10/04 04:14:59 Q=5
2026-01-06 19:17:21,963 - INFO - [GINSLIB] processing : 2020/10/04 04:14:59 Q=7
2026-01-06 19:17:21,965 - INFO - [GINSLIB] processing : 2020/10/04 04:15:00 Q=7
2026-01-06 19:17:21,976 - INFO - [GINSLIB] processing : 2020/10/04 04:15:00 Q=5
2026-01-06 19:17:21,976 - INFO - [GINSLIB] processing : 2020/10/04 04:15:01 Q=5
2026-01-06 19:17:21,987 - INFO - [GINSLIB] processing : 2020/10/04 04:15:02 Q=5
2026-01-06 19:17:21,998 - INFO - [GINSLIB] processing : 2020/10/04 04:15:02 Q=7
2026-01-06 19:17:22,000 - INFO - [GINSLIB] processing : 2020/10/04 04:15:03 Q=7
2026-01-06 19:17:22,011 - INFO - [GINSLIB] processing : 2020/10/04 04:15:03 Q=5
2026-01-06 19:17:22,012 - INFO - [GINSLIB] processing : 2020/10/04 04:15:04 Q=5
2026-01-06 19:17:22,023 - INFO - [GINSLIB] processing : 2020/10/04 04:15:04 Q=7
2026-01-06 19:17:22,025 - INFO - [GINSLIB] processing : 2020/10/04 04:15:05 Q=7
2026-01-06 19:17:22,034 - INFO - [GINSLIB] processing : 2020/10/04 04:15:05 Q=5
2026-01-06 19:17:22,043 - INFO - [GINSLIB] processing : 2020/10/04 04:15:06 Q=5
2026-01-06 19:17:22,044 - INFO - [GINSLIB] processing : 2020/10/04 04:15:07 Q=5
2026-01-06 19:17:22,055 - INFO - [GINSLIB] processing : 2020/10/04 04:15:07 Q=7
2026-01-06 19:17:22,056 - INFO - [GINSLIB] processing : 2020/10/04 04:15:08 Q=7
2026-01-06 19:17:22,067 - INFO - [GINSLIB] processing : 2020/10/04 04:15:09 Q=7
2026-01-06 19:17:22,078 - INFO - [GINSLIB] processing : 2020/10/04 04:15:10 Q=7
2026-01-06 19:17:22,090 - INFO - [GINSLIB] processing : 2020/10/04 04:15:10 Q=5
2026-01-06 19:17:22,100 - INFO - [GINSLIB] processing : 2020/10/04 04:15:11 Q=5
2026-01-06 19:17:22,102 - INFO - [GINSLIB] processing : 2020/10/04 04:15:12 Q=5
2026-01-06 19:17:22,114 - INFO - [GINSLIB] processing : 2020/10/04 04:15:13 Q=5
2026-01-06 19:17:22,125 - INFO - [GINSLIB] processing : 2020/10/04 04:15:14 Q=5
2026-01-06 19:17:22,136 - INFO - [GINSLIB] processing : 2020/10/04 04:15:15 Q=5
2026-01-06 19:17:22,155 - INFO - [GINSLIB] processing : 2020/10/04 04:15:16 Q=5
2026-01-06 19:17:22,157 - INFO - [GINSLIB] processing : 2020/10/04 04:15:17 Q=5
2026-01-06 19:17:22,168 - INFO - [GINSLIB] processing : 2020/10/04 04:15:18 Q=5
2026-01-06 19:17:22,179 - INFO - [GINSLIB] processing : 2020/10/04 04:15:19 Q=5
2026-01-06 19:17:22,190 - INFO - [GINSLIB] processing : 2020/10/04 04:15:20 Q=5
2026-01-06 19:17:22,201 - INFO - [GINSLIB] processing : 2020/10/04 04:15:21 Q=5
2026-01-06 19:17:22,212 - INFO - [GINSLIB] processing : 2020/10/04 04:15:22 Q=5
2026-01-06 19:17:22,223 - INFO - [GINSLIB] processing : 2020/10/04 04:15:23 Q=5
2026-01-06 19:17:22,234 - INFO - [GINSLIB] processing : 2020/10/04 04:15:24 Q=5
2026-01-06 19:17:22,246 - INFO - [GINSLIB] processing : 2020/10/04 04:15:25 Q=5
2026-01-06 19:17:22,258 - INFO - [GINSLIB] processing : 2020/10/04 04:15:26 Q=5
2026-01-06 19:17:22,267 - INFO - [GINSLIB] processing : 2020/10/04 04:15:26 Q=7
2026-01-06 19:17:22,267 - INFO - [GINSLIB] processing : 2020/10/04 04:15:27 Q=7
2026-01-06 19:17:22,276 - INFO - [GINSLIB] processing : 2020/10/04 04:15:27 Q=5
2026-01-06 19:17:22,277 - INFO - [GINSLIB] processing : 2020/10/04 04:15:28 Q=5
2026-01-06 19:17:22,289 - INFO - [GINSLIB] processing : 2020/10/04 04:15:29 Q=5
2026-01-06 19:17:22,301 - INFO - [GINSLIB] processing : 2020/10/04 04:15:30 Q=5
2026-01-06 19:17:22,311 - INFO - [GINSLIB] processing : 2020/10/04 04:15:31 Q=5
2026-01-06 19:17:22,322 - INFO - [GINSLIB] processing : 2020/10/04 04:15:32 Q=5
2026-01-06 19:17:22,334 - INFO - [GINSLIB] processing : 2020/10/04 04:15:33 Q=5
2026-01-06 19:17:22,345 - INFO - [GINSLIB] processing : 2020/10/04 04:15:34 Q=5
2026-01-06 19:17:22,356 - INFO - [GINSLIB] processing : 2020/10/04 04:15:35 Q=5
2026-01-06 19:17:22,367 - INFO - [GINSLIB] processing : 2020/10/04 04:15:36 Q=5
2026-01-06 19:17:22,386 - INFO - [GINSLIB] processing : 2020/10/04 04:15:37 Q=5
2026-01-06 19:17:22,387 - INFO - [GINSLIB] processing : 2020/10/04 04:15:38 Q=5
2026-01-06 19:17:22,399 - INFO - [GINSLIB] processing : 2020/10/04 04:15:39 Q=5
2026-01-06 19:17:22,409 - INFO - [GINSLIB] processing : 2020/10/04 04:15:40 Q=5
2026-01-06 19:17:22,420 - INFO - [GINSLIB] processing : 2020/10/04 04:15:41 Q=5
2026-01-06 19:17:22,440 - INFO - [GINSLIB] processing : 2020/10/04 04:15:42 Q=5
2026-01-06 19:17:22,441 - INFO - [GINSLIB] processing : 2020/10/04 04:15:43 Q=5
2026-01-06 19:17:22,452 - INFO - [GINSLIB] processing : 2020/10/04 04:15:44 Q=5
2026-01-06 19:17:22,463 - INFO - [GINSLIB] processing : 2020/10/04 04:15:45 Q=5
2026-01-06 19:17:22,474 - INFO - [GINSLIB] processing : 2020/10/04 04:15:46 Q=5
2026-01-06 19:17:22,492 - INFO - [GINSLIB] processing : 2020/10/04 04:15:47 Q=5
2026-01-06 19:17:22,493 - INFO - [GINSLIB] processing : 2020/10/04 04:15:48 Q=5
2026-01-06 19:17:22,505 - INFO - [GINSLIB] processing : 2020/10/04 04:15:49 Q=5
2026-01-06 19:17:22,514 - INFO - [GINSLIB] processing : 2020/10/04 04:15:50 Q=5
2026-01-06 19:17:22,525 - INFO - [GINSLIB] processing : 2020/10/04 04:15:51 Q=5
2026-01-06 19:17:22,537 - INFO - [GINSLIB] processing : 2020/10/04 04:15:52 Q=5
2026-01-06 19:17:22,545 - INFO - [GINSLIB] processing : 2020/10/04 04:15:53 Q=5
2026-01-06 19:17:22,556 - INFO - [GINSLIB] processing : 2020/10/04 04:15:54 Q=5
2026-01-06 19:17:22,567 - INFO - [GINSLIB] processing : 2020/10/04 04:15:55 Q=5
2026-01-06 19:17:22,577 - INFO - [GINSLIB] processing : 2020/10/04 04:15:56 Q=5
2026-01-06 19:17:22,586 - INFO - [GINSLIB] processing : 2020/10/04 04:15:57 Q=5
2026-01-06 19:17:22,595 - INFO - [GINSLIB] processing : 2020/10/04 04:15:58 Q=5
2026-01-06 19:17:22,606 - INFO - [GINSLIB] processing : 2020/10/04 04:15:59 Q=5
2026-01-06 19:17:22,617 - INFO - [GINSLIB] processing : 2020/10/04 04:16:00 Q=5
2026-01-06 19:17:22,626 - INFO - [GINSLIB] processing : 2020/10/04 04:16:01 Q=5
2026-01-06 19:17:22,637 - INFO - [GINSLIB] processing : 2020/10/04 04:16:02 Q=5
2026-01-06 19:17:22,656 - INFO - [GINSLIB] processing : 2020/10/04 04:16:03 Q=5
2026-01-06 19:17:22,657 - INFO - [GINSLIB] processing : 2020/10/04 04:16:04 Q=5
2026-01-06 19:17:22,668 - INFO - [GINSLIB] processing : 2020/10/04 04:16:05 Q=5
2026-01-06 19:17:22,679 - INFO - [GINSLIB] processing : 2020/10/04 04:16:06 Q=5
2026-01-06 19:17:22,689 - INFO - [GINSLIB] processing : 2020/10/04 04:16:07 Q=5
2026-01-06 19:17:22,709 - INFO - [GINSLIB] processing : 2020/10/04 04:16:08 Q=5
2026-01-06 19:17:22,710 - INFO - [GINSLIB] processing : 2020/10/04 04:16:09 Q=5
2026-01-06 19:17:22,721 - INFO - [GINSLIB] processing : 2020/10/04 04:16:10 Q=5
2026-01-06 19:17:22,731 - INFO - [GINSLIB] processing : 2020/10/04 04:16:11 Q=5
2026-01-06 19:17:22,743 - INFO - [GINSLIB] processing : 2020/10/04 04:16:12 Q=5
2026-01-06 19:17:22,762 - INFO - [GINSLIB] processing : 2020/10/04 04:16:13 Q=5
2026-01-06 19:17:22,763 - INFO - [GINSLIB] processing : 2020/10/04 04:16:14 Q=5
2026-01-06 19:17:22,775 - INFO - [GINSLIB] processing : 2020/10/04 04:16:15 Q=5
2026-01-06 19:17:22,788 - INFO - [GINSLIB] processing : 2020/10/04 04:16:16 Q=5
2026-01-06 19:17:22,799 - INFO - [GINSLIB] processing : 2020/10/04 04:16:17 Q=5
2026-01-06 19:17:22,818 - INFO - [GINSLIB] processing : 2020/10/04 04:16:18 Q=5
2026-01-06 19:17:22,819 - INFO - [GINSLIB] processing : 2020/10/04 04:16:19 Q=5
2026-01-06 19:17:22,830 - INFO - [GINSLIB] processing : 2020/10/04 04:16:20 Q=5
2026-01-06 19:17:22,841 - INFO - [GINSLIB] processing : 2020/10/04 04:16:21 Q=5
2026-01-06 19:17:22,851 - INFO - [GINSLIB] processing : 2020/10/04 04:16:22 Q=5
2026-01-06 19:17:22,861 - INFO - [GINSLIB] processing : 2020/10/04 04:16:23 Q=5
2026-01-06 19:17:22,871 - INFO - [GINSLIB] processing : 2020/10/04 04:16:24 Q=5
2026-01-06 19:17:22,883 - INFO - [GINSLIB] processing : 2020/10/04 04:16:25 Q=5
2026-01-06 19:17:22,894 - INFO - [GINSLIB] processing : 2020/10/04 04:16:26 Q=5
2026-01-06 19:17:22,905 - INFO - [GINSLIB] processing : 2020/10/04 04:16:27 Q=5
2026-01-06 19:17:22,915 - INFO - [GINSLIB] processing : 2020/10/04 04:16:28 Q=5
2026-01-06 19:17:22,924 - INFO - [GINSLIB] processing : 2020/10/04 04:16:29 Q=5
2026-01-06 19:17:22,935 - INFO - [GINSLIB] processing : 2020/10/04 04:16:30 Q=5
2026-01-06 19:17:22,945 - INFO - [GINSLIB] processing : 2020/10/04 04:16:31 Q=5
2026-01-06 19:17:22,955 - INFO - [GINSLIB] processing : 2020/10/04 04:16:32 Q=5
2026-01-06 19:17:22,966 - INFO - [GINSLIB] processing : 2020/10/04 04:16:33 Q=5
2026-01-06 19:17:22,984 - INFO - [GINSLIB] processing : 2020/10/04 04:16:34 Q=5
2026-01-06 19:17:22,986 - INFO - [GINSLIB] processing : 2020/10/04 04:16:35 Q=5
2026-01-06 19:17:22,996 - INFO - [GINSLIB] processing : 2020/10/04 04:16:36 Q=5
2026-01-06 19:17:23,007 - INFO - [GINSLIB] processing : 2020/10/04 04:16:37 Q=5
2026-01-06 19:17:23,018 - INFO - [GINSLIB] processing : 2020/10/04 04:16:38 Q=5
2026-01-06 19:17:23,037 - INFO - [GINSLIB] processing : 2020/10/04 04:16:39 Q=5
2026-01-06 19:17:23,038 - INFO - [GINSLIB] processing : 2020/10/04 04:16:40 Q=5
2026-01-06 19:17:23,048 - INFO - [GINSLIB] processing : 2020/10/04 04:16:41 Q=5
2026-01-06 19:17:23,059 - INFO - [GINSLIB] processing : 2020/10/04 04:16:42 Q=5
2026-01-06 19:17:23,070 - INFO - [GINSLIB] processing : 2020/10/04 04:16:43 Q=5
2026-01-06 19:17:23,088 - INFO - [GINSLIB] processing : 2020/10/04 04:16:44 Q=5
2026-01-06 19:17:23,090 - INFO - [GINSLIB] processing : 2020/10/04 04:16:45 Q=5
2026-01-06 19:17:23,102 - INFO - [GINSLIB] processing : 2020/10/04 04:16:46 Q=5
2026-01-06 19:17:23,114 - INFO - [GINSLIB] processing : 2020/10/04 04:16:47 Q=5
2026-01-06 19:17:23,125 - INFO - [GINSLIB] processing : 2020/10/04 04:16:48 Q=5
2026-01-06 19:17:23,136 - INFO - [GINSLIB] processing : 2020/10/04 04:16:49 Q=5
2026-01-06 19:17:23,146 - INFO - [GINSLIB] processing : 2020/10/04 04:16:50 Q=5
2026-01-06 19:17:23,156 - INFO - [GINSLIB] processing : 2020/10/04 04:16:51 Q=5
2026-01-06 19:17:23,167 - INFO - [GINSLIB] processing : 2020/10/04 04:16:52 Q=5
2026-01-06 19:17:23,179 - INFO - [GINSLIB] processing : 2020/10/04 04:16:53 Q=5
2026-01-06 19:17:23,190 - INFO - [GINSLIB] processing : 2020/10/04 04:16:54 Q=5
2026-01-06 19:17:23,199 - INFO - [GINSLIB] processing : 2020/10/04 04:16:55 Q=5
2026-01-06 19:17:23,211 - INFO - [GINSLIB] processing : 2020/10/04 04:16:56 Q=5
2026-01-06 19:17:23,221 - INFO - [GINSLIB] processing : 2020/10/04 04:16:57 Q=5
2026-01-06 19:17:23,233 - INFO - [GINSLIB] processing : 2020/10/04 04:16:58 Q=5
2026-01-06 19:17:23,244 - INFO - [GINSLIB] processing : 2020/10/04 04:16:59 Q=5
2026-01-06 19:17:23,253 - INFO - [GINSLIB] processing : 2020/10/04 04:17:00 Q=5
2026-01-06 19:17:23,263 - INFO - [GINSLIB] processing : 2020/10/04 04:17:01 Q=5
2026-01-06 19:17:23,274 - INFO - [GINSLIB] processing : 2020/10/04 04:17:02 Q=5
2026-01-06 19:17:23,285 - INFO - [GINSLIB] processing : 2020/10/04 04:17:03 Q=5
2026-01-06 19:17:23,296 - INFO - [GINSLIB] processing : 2020/10/04 04:17:04 Q=5
2026-01-06 19:17:23,312 - INFO - [GINSLIB] processing : 2020/10/04 04:17:05 Q=5
2026-01-06 19:17:23,314 - INFO - [GINSLIB] processing : 2020/10/04 04:17:06 Q=5
2026-01-06 19:17:23,324 - INFO - [GINSLIB] processing : 2020/10/04 04:17:07 Q=5
2026-01-06 19:17:23,334 - INFO - [GINSLIB] processing : 2020/10/04 04:17:08 Q=5
2026-01-06 19:17:23,345 - INFO - [GINSLIB] processing : 2020/10/04 04:17:09 Q=5
2026-01-06 19:17:23,364 - INFO - [GINSLIB] processing : 2020/10/04 04:17:10 Q=5
2026-01-06 19:17:23,366 - INFO - [GINSLIB] processing : 2020/10/04 04:17:11 Q=5
2026-01-06 19:17:23,376 - INFO - [GINSLIB] processing : 2020/10/04 04:17:12 Q=5
2026-01-06 19:17:23,386 - INFO - [GINSLIB] processing : 2020/10/04 04:17:13 Q=5
2026-01-06 19:17:23,398 - INFO - [GINSLIB] processing : 2020/10/04 04:17:14 Q=5
2026-01-06 19:17:23,415 - INFO - [GINSLIB] processing : 2020/10/04 04:17:15 Q=5
2026-01-06 19:17:23,417 - INFO - [GINSLIB] processing : 2020/10/04 04:17:16 Q=5
2026-01-06 19:17:23,428 - INFO - [GINSLIB] processing : 2020/10/04 04:17:17 Q=5
2026-01-06 19:17:23,438 - INFO - [GINSLIB] processing : 2020/10/04 04:17:18 Q=5
2026-01-06 19:17:23,449 - INFO - [GINSLIB] processing : 2020/10/04 04:17:19 Q=5
2026-01-06 19:17:23,461 - INFO - [GINSLIB] processing : 2020/10/04 04:17:20 Q=5
2026-01-06 19:17:23,471 - INFO - [GINSLIB] processing : 2020/10/04 04:17:21 Q=5
2026-01-06 19:17:23,482 - INFO - [GINSLIB] processing : 2020/10/04 04:17:22 Q=5
2026-01-06 19:17:23,494 - INFO - [GINSLIB] processing : 2020/10/04 04:17:23 Q=5
2026-01-06 19:17:23,504 - INFO - [GINSLIB] processing : 2020/10/04 04:17:24 Q=5
2026-01-06 19:17:23,518 - INFO - [GINSLIB] processing : 2020/10/04 04:17:25 Q=5
2026-01-06 19:17:23,527 - INFO - [GINSLIB] processing : 2020/10/04 04:17:26 Q=5
2026-01-06 19:17:23,537 - INFO - [GINSLIB] processing : 2020/10/04 04:17:27 Q=5
2026-01-06 19:17:23,550 - INFO - [GINSLIB] processing : 2020/10/04 04:17:28 Q=5
2026-01-06 19:17:23,561 - INFO - [GINSLIB] processing : 2020/10/04 04:17:29 Q=5
2026-01-06 19:17:23,572 - INFO - [GINSLIB] processing : 2020/10/04 04:17:30 Q=5
2026-01-06 19:17:23,583 - INFO - [GINSLIB] processing : 2020/10/04 04:17:31 Q=5
2026-01-06 19:17:23,593 - INFO - [GINSLIB] processing : 2020/10/04 04:17:32 Q=5
2026-01-06 19:17:23,605 - INFO - [GINSLIB] processing : 2020/10/04 04:17:33 Q=5
2026-01-06 19:17:23,616 - INFO - [GINSLIB] processing : 2020/10/04 04:17:34 Q=5
2026-01-06 19:17:23,627 - INFO - [GINSLIB] processing : 2020/10/04 04:17:35 Q=5
2026-01-06 19:17:23,648 - INFO - [GINSLIB] processing : 2020/10/04 04:17:36 Q=5
2026-01-06 19:17:23,650 - INFO - [GINSLIB] processing : 2020/10/04 04:17:37 Q=5
2026-01-06 19:17:23,661 - INFO - [GINSLIB] processing : 2020/10/04 04:17:38 Q=5
2026-01-06 19:17:23,673 - INFO - [GINSLIB] processing : 2020/10/04 04:17:39 Q=5
2026-01-06 19:17:23,684 - INFO - [GINSLIB] processing : 2020/10/04 04:17:40 Q=5
2026-01-06 19:17:23,705 - INFO - [GINSLIB] processing : 2020/10/04 04:17:41 Q=5
2026-01-06 19:17:23,707 - INFO - [GINSLIB] processing : 2020/10/04 04:17:42 Q=5
2026-01-06 19:17:23,718 - INFO - [GINSLIB] processing : 2020/10/04 04:17:43 Q=5
2026-01-06 19:17:23,729 - INFO - [GINSLIB] processing : 2020/10/04 04:17:44 Q=5
2026-01-06 19:17:23,740 - INFO - [GINSLIB] processing : 2020/10/04 04:17:45 Q=5
2026-01-06 19:17:23,761 - INFO - [GINSLIB] processing : 2020/10/04 04:17:46 Q=5
2026-01-06 19:17:23,762 - INFO - [GINSLIB] processing : 2020/10/04 04:17:47 Q=5
2026-01-06 19:17:23,772 - INFO - [GINSLIB] processing : 2020/10/04 04:17:48 Q=5
2026-01-06 19:17:23,784 - INFO - [GINSLIB] processing : 2020/10/04 04:17:49 Q=5
2026-01-06 19:17:23,795 - INFO - [GINSLIB] processing : 2020/10/04 04:17:50 Q=5
2026-01-06 19:17:23,805 - INFO - [GINSLIB] processing : 2020/10/04 04:17:51 Q=5
2026-01-06 19:17:23,816 - INFO - [GINSLIB] processing : 2020/10/04 04:17:52 Q=5
2026-01-06 19:17:23,826 - INFO - [GINSLIB] processing : 2020/10/04 04:17:53 Q=5
2026-01-06 19:17:23,836 - INFO - [GINSLIB] processing : 2020/10/04 04:17:54 Q=5
2026-01-06 19:17:23,847 - INFO - [GINSLIB] processing : 2020/10/04 04:17:55 Q=5
2026-01-06 19:17:23,859 - INFO - [GINSLIB] processing : 2020/10/04 04:17:56 Q=5
2026-01-06 19:17:23,868 - INFO - [GINSLIB] processing : 2020/10/04 04:17:57 Q=5
2026-01-06 19:17:23,879 - INFO - [GINSLIB] processing : 2020/10/04 04:17:58 Q=5
2026-01-06 19:17:23,891 - INFO - [GINSLIB] processing : 2020/10/04 04:17:59 Q=5
2026-01-06 19:17:23,902 - INFO - [GINSLIB] processing : 2020/10/04 04:18:00 Q=5
2026-01-06 19:17:23,912 - INFO - [GINSLIB] processing : 2020/10/04 04:18:01 Q=5
2026-01-06 19:17:23,922 - INFO - [GINSLIB] processing : 2020/10/04 04:18:02 Q=5
2026-01-06 19:17:23,933 - INFO - [GINSLIB] processing : 2020/10/04 04:18:03 Q=5
2026-01-06 19:17:23,943 - INFO - [GINSLIB] processing : 2020/10/04 04:18:04 Q=5
2026-01-06 19:17:23,954 - INFO - [GINSLIB] processing : 2020/10/04 04:18:05 Q=5
2026-01-06 19:17:23,965 - INFO - [GINSLIB] processing : 2020/10/04 04:18:06 Q=5
2026-01-06 19:17:23,983 - INFO - [GINSLIB] processing : 2020/10/04 04:18:07 Q=5
2026-01-06 19:17:23,984 - INFO - [GINSLIB] processing : 2020/10/04 04:18:08 Q=5
2026-01-06 19:17:23,994 - INFO - [GINSLIB] processing : 2020/10/04 04:18:09 Q=5
2026-01-06 19:17:24,004 - INFO - [GINSLIB] processing : 2020/10/04 04:18:10 Q=5
2026-01-06 19:17:24,016 - INFO - [GINSLIB] processing : 2020/10/04 04:18:11 Q=5
2026-01-06 19:17:24,034 - INFO - [GINSLIB] processing : 2020/10/04 04:18:12 Q=5
2026-01-06 19:17:24,035 - INFO - [GINSLIB] processing : 2020/10/04 04:18:13 Q=5
2026-01-06 19:17:24,046 - INFO - [GINSLIB] processing : 2020/10/04 04:18:14 Q=5
2026-01-06 19:17:24,058 - INFO - [GINSLIB] processing : 2020/10/04 04:18:15 Q=5
2026-01-06 19:17:24,068 - INFO - [GINSLIB] processing : 2020/10/04 04:18:16 Q=5
2026-01-06 19:17:24,086 - INFO - [GINSLIB] processing : 2020/10/04 04:18:17 Q=5
2026-01-06 19:17:24,087 - INFO - [GINSLIB] processing : 2020/10/04 04:18:18 Q=5
2026-01-06 19:17:24,097 - INFO - [GINSLIB] processing : 2020/10/04 04:18:19 Q=5
2026-01-06 19:17:24,108 - INFO - [GINSLIB] processing : 2020/10/04 04:18:20 Q=5
2026-01-06 19:17:24,119 - INFO - [GINSLIB] processing : 2020/10/04 04:18:21 Q=5
2026-01-06 19:17:24,130 - INFO - [GINSLIB] processing : 2020/10/04 04:18:22 Q=5
2026-01-06 19:17:24,139 - INFO - [GINSLIB] processing : 2020/10/04 04:18:23 Q=5
2026-01-06 19:17:24,149 - INFO - [GINSLIB] processing : 2020/10/04 04:18:24 Q=5
2026-01-06 19:17:24,161 - INFO - [GINSLIB] processing : 2020/10/04 04:18:25 Q=5
2026-01-06 19:17:24,171 - INFO - [GINSLIB] processing : 2020/10/04 04:18:26 Q=5
2026-01-06 19:17:24,181 - INFO - [GINSLIB] processing : 2020/10/04 04:18:27 Q=5
2026-01-06 19:17:24,191 - INFO - [GINSLIB] processing : 2020/10/04 04:18:28 Q=5
2026-01-06 19:17:24,204 - INFO - [GINSLIB] processing : 2020/10/04 04:18:29 Q=5
2026-01-06 19:17:24,214 - INFO - [GINSLIB] processing : 2020/10/04 04:18:30 Q=5
2026-01-06 19:17:24,225 - INFO - [GINSLIB] processing : 2020/10/04 04:18:31 Q=5
2026-01-06 19:17:24,238 - INFO - [GINSLIB] processing : 2020/10/04 04:18:32 Q=5
2026-01-06 19:17:24,247 - INFO - [GINSLIB] processing : 2020/10/04 04:18:33 Q=5
2026-01-06 19:17:24,258 - INFO - [GINSLIB] processing : 2020/10/04 04:18:34 Q=5
2026-01-06 19:17:24,269 - INFO - [GINSLIB] processing : 2020/10/04 04:18:35 Q=5
2026-01-06 19:17:24,280 - INFO - [GINSLIB] processing : 2020/10/04 04:18:36 Q=5
2026-01-06 19:17:24,291 - INFO - [GINSLIB] processing : 2020/10/04 04:18:37 Q=5
2026-01-06 19:17:24,310 - INFO - [GINSLIB] processing : 2020/10/04 04:18:38 Q=5
2026-01-06 19:17:24,311 - INFO - [GINSLIB] processing : 2020/10/04 04:18:39 Q=5
2026-01-06 19:17:24,322 - INFO - [GINSLIB] processing : 2020/10/04 04:18:40 Q=5
2026-01-06 19:17:24,332 - INFO - [GINSLIB] processing : 2020/10/04 04:18:41 Q=5
2026-01-06 19:17:24,343 - INFO - [GINSLIB] processing : 2020/10/04 04:18:42 Q=5
2026-01-06 19:17:24,361 - INFO - [GINSLIB] processing : 2020/10/04 04:18:43 Q=5
2026-01-06 19:17:24,362 - INFO - [GINSLIB] processing : 2020/10/04 04:18:44 Q=5
2026-01-06 19:17:24,373 - INFO - [GINSLIB] processing : 2020/10/04 04:18:45 Q=5
2026-01-06 19:17:24,384 - INFO - [GINSLIB] processing : 2020/10/04 04:18:46 Q=5
2026-01-06 19:17:24,395 - INFO - [GINSLIB] processing : 2020/10/04 04:18:47 Q=5
2026-01-06 19:17:24,413 - INFO - [GINSLIB] processing : 2020/10/04 04:18:48 Q=5
2026-01-06 19:17:24,415 - INFO - [GINSLIB] processing : 2020/10/04 04:18:49 Q=5
2026-01-06 19:17:24,426 - INFO - [GINSLIB] processing : 2020/10/04 04:18:50 Q=5
2026-01-06 19:17:24,437 - INFO - [GINSLIB] processing : 2020/10/04 04:18:51 Q=5
2026-01-06 19:17:24,448 - INFO - [GINSLIB] processing : 2020/10/04 04:18:52 Q=5
2026-01-06 19:17:24,458 - INFO - [GINSLIB] processing : 2020/10/04 04:18:53 Q=5
2026-01-06 19:17:24,468 - INFO - [GINSLIB] processing : 2020/10/04 04:18:54 Q=5
2026-01-06 19:17:24,478 - INFO - [GINSLIB] processing : 2020/10/04 04:18:55 Q=5
2026-01-06 19:17:24,489 - INFO - [GINSLIB] processing : 2020/10/04 04:18:56 Q=5
2026-01-06 19:17:24,500 - INFO - [GINSLIB] processing : 2020/10/04 04:18:57 Q=5
2026-01-06 19:17:24,511 - INFO - [GINSLIB] processing : 2020/10/04 04:18:58 Q=5
2026-01-06 19:17:24,521 - INFO - [GINSLIB] processing : 2020/10/04 04:18:59 Q=5
2026-01-06 19:17:24,532 - INFO - [GINSLIB] processing : 2020/10/04 04:19:00 Q=5
2026-01-06 19:17:24,543 - INFO - [GINSLIB] processing : 2020/10/04 04:19:01 Q=5
2026-01-06 19:17:24,553 - INFO - [GINSLIB] processing : 2020/10/04 04:19:02 Q=5
2026-01-06 19:17:24,563 - INFO - [GINSLIB] processing : 2020/10/04 04:19:03 Q=5
2026-01-06 19:17:24,574 - INFO - [GINSLIB] processing : 2020/10/04 04:19:04 Q=5
2026-01-06 19:17:24,584 - INFO - [GINSLIB] processing : 2020/10/04 04:19:05 Q=5
2026-01-06 19:17:24,595 - INFO - [GINSLIB] processing : 2020/10/04 04:19:06 Q=5
2026-01-06 19:17:24,606 - INFO - [GINSLIB] processing : 2020/10/04 04:19:07 Q=5
2026-01-06 19:17:24,616 - INFO - [GINSLIB] processing : 2020/10/04 04:19:08 Q=5
2026-01-06 19:17:24,636 - INFO - [GINSLIB] processing : 2020/10/04 04:19:09 Q=5
2026-01-06 19:17:24,637 - INFO - [GINSLIB] processing : 2020/10/04 04:19:10 Q=5
2026-01-06 19:17:24,648 - INFO - [GINSLIB] processing : 2020/10/04 04:19:11 Q=5
2026-01-06 19:17:24,659 - INFO - [GINSLIB] processing : 2020/10/04 04:19:12 Q=5
2026-01-06 19:17:24,671 - INFO - [GINSLIB] processing : 2020/10/04 04:19:13 Q=5
2026-01-06 19:17:24,691 - INFO - [GINSLIB] processing : 2020/10/04 04:19:14 Q=5
2026-01-06 19:17:24,692 - INFO - [GINSLIB] processing : 2020/10/04 04:19:15 Q=5
2026-01-06 19:17:24,702 - INFO - [GINSLIB] processing : 2020/10/04 04:19:16 Q=5
2026-01-06 19:17:24,712 - INFO - [GINSLIB] processing : 2020/10/04 04:19:17 Q=5
2026-01-06 19:17:24,722 - INFO - [GINSLIB] processing : 2020/10/04 04:19:18 Q=5
2026-01-06 19:17:24,741 - INFO - [GINSLIB] processing : 2020/10/04 04:19:19 Q=5
2026-01-06 19:17:24,743 - INFO - [GINSLIB] processing : 2020/10/04 04:19:20 Q=5
2026-01-06 19:17:24,753 - INFO - [GINSLIB] processing : 2020/10/04 04:19:21 Q=5
2026-01-06 19:17:24,765 - INFO - [GINSLIB] processing : 2020/10/04 04:19:22 Q=5
2026-01-06 19:17:24,776 - INFO - [GINSLIB] processing : 2020/10/04 04:19:23 Q=5
2026-01-06 19:17:24,786 - INFO - [GINSLIB] processing : 2020/10/04 04:19:24 Q=5
2026-01-06 19:17:24,795 - INFO - [GINSLIB] processing : 2020/10/04 04:19:25 Q=5
2026-01-06 19:17:24,806 - INFO - [GINSLIB] processing : 2020/10/04 04:19:26 Q=5
2026-01-06 19:17:24,816 - INFO - [GINSLIB] processing : 2020/10/04 04:19:27 Q=5
2026-01-06 19:17:24,827 - INFO - [GINSLIB] processing : 2020/10/04 04:19:28 Q=5
2026-01-06 19:17:24,839 - INFO - [GINSLIB] processing : 2020/10/04 04:19:29 Q=5
2026-01-06 19:17:24,849 - INFO - [GINSLIB] processing : 2020/10/04 04:19:30 Q=5
2026-01-06 19:17:24,860 - INFO - [GINSLIB] processing : 2020/10/04 04:19:31 Q=5
2026-01-06 19:17:24,872 - INFO - [GINSLIB] processing : 2020/10/04 04:19:32 Q=5
2026-01-06 19:17:24,883 - INFO - [GINSLIB] processing : 2020/10/04 04:19:33 Q=5
2026-01-06 19:17:24,893 - INFO - [GINSLIB] processing : 2020/10/04 04:19:34 Q=5
2026-01-06 19:17:24,912 - INFO - [GINSLIB] processing : 2020/10/04 04:19:35 Q=5
2026-01-06 19:17:24,913 - INFO - [GINSLIB] processing : 2020/10/04 04:19:36 Q=5
2026-01-06 19:17:24,924 - INFO - [GINSLIB] processing : 2020/10/04 04:19:37 Q=5
2026-01-06 19:17:24,936 - INFO - [GINSLIB] processing : 2020/10/04 04:19:38 Q=5
2026-01-06 19:17:24,948 - INFO - [GINSLIB] processing : 2020/10/04 04:19:39 Q=5
2026-01-06 19:17:24,967 - INFO - [GINSLIB] processing : 2020/10/04 04:19:40 Q=5
2026-01-06 19:17:24,968 - INFO - [GINSLIB] processing : 2020/10/04 04:19:41 Q=5
2026-01-06 19:17:24,978 - INFO - [GINSLIB] processing : 2020/10/04 04:19:42 Q=5
2026-01-06 19:17:24,988 - INFO - [GINSLIB] processing : 2020/10/04 04:19:43 Q=5
2026-01-06 19:17:24,999 - INFO - [GINSLIB] processing : 2020/10/04 04:19:44 Q=5
2026-01-06 19:17:25,017 - INFO - [GINSLIB] processing : 2020/10/04 04:19:45 Q=5
2026-01-06 19:17:25,019 - INFO - [GINSLIB] processing : 2020/10/04 04:19:46 Q=5
2026-01-06 19:17:25,029 - INFO - [GINSLIB] processing : 2020/10/04 04:19:47 Q=5
2026-01-06 19:17:25,040 - INFO - [GINSLIB] processing : 2020/10/04 04:19:48 Q=5
2026-01-06 19:17:25,051 - INFO - [GINSLIB] processing : 2020/10/04 04:19:49 Q=5
2026-01-06 19:17:25,062 - INFO - [GINSLIB] processing : 2020/10/04 04:19:50 Q=5
2026-01-06 19:17:25,072 - INFO - [GINSLIB] processing : 2020/10/04 04:19:51 Q=5
2026-01-06 19:17:25,084 - INFO - [GINSLIB] processing : 2020/10/04 04:19:52 Q=5
2026-01-06 19:17:25,095 - INFO - [GINSLIB] processing : 2020/10/04 04:19:53 Q=5
2026-01-06 19:17:25,105 - INFO - [GINSLIB] processing : 2020/10/04 04:19:53 Q=7
2026-01-06 19:17:25,106 - INFO - [GINSLIB] processing : 2020/10/04 04:19:54 Q=7
2026-01-06 19:17:25,115 - INFO - [GINSLIB] processing : 2020/10/04 04:19:54 Q=5
2026-01-06 19:17:25,117 - INFO - [GINSLIB] processing : 2020/10/04 04:19:55 Q=5
2026-01-06 19:17:25,125 - INFO - [GINSLIB] processing : 2020/10/04 04:19:56 Q=5
2026-01-06 19:17:25,136 - INFO - [GINSLIB] processing : 2020/10/04 04:19:57 Q=5
2026-01-06 19:17:25,147 - INFO - [GINSLIB] processing : 2020/10/04 04:19:58 Q=5
2026-01-06 19:17:25,157 - INFO - [GINSLIB] processing : 2020/10/04 04:19:59 Q=5
2026-01-06 19:17:25,168 - INFO - [GINSLIB] processing : 2020/10/04 04:20:00 Q=5
2026-01-06 19:17:25,178 - INFO - [GINSLIB] processing : 2020/10/04 04:20:01 Q=5
2026-01-06 19:17:25,188 - INFO - [GINSLIB] processing : 2020/10/04 04:20:02 Q=5
2026-01-06 19:17:25,199 - INFO - [GINSLIB] processing : 2020/10/04 04:20:03 Q=5
2026-01-06 19:17:25,210 - INFO - [GINSLIB] processing : 2020/10/04 04:20:04 Q=5
2026-01-06 19:17:25,220 - INFO - [GINSLIB] processing : 2020/10/04 04:20:05 Q=5
2026-01-06 19:17:25,239 - INFO - [GINSLIB] processing : 2020/10/04 04:20:06 Q=5
2026-01-06 19:17:25,241 - INFO - [GINSLIB] processing : 2020/10/04 04:20:07 Q=5
2026-01-06 19:17:25,251 - INFO - [GINSLIB] processing : 2020/10/04 04:20:08 Q=5
2026-01-06 19:17:25,261 - INFO - [GINSLIB] processing : 2020/10/04 04:20:09 Q=5
2026-01-06 19:17:25,271 - INFO - [GINSLIB] processing : 2020/10/04 04:20:10 Q=5
2026-01-06 19:17:25,291 - INFO - [GINSLIB] processing : 2020/10/04 04:20:11 Q=5
2026-01-06 19:17:25,292 - INFO - [GINSLIB] processing : 2020/10/04 04:20:12 Q=5
2026-01-06 19:17:25,304 - INFO - [GINSLIB] processing : 2020/10/04 04:20:13 Q=5
2026-01-06 19:17:25,315 - INFO - [GINSLIB] processing : 2020/10/04 04:20:14 Q=5
2026-01-06 19:17:25,326 - INFO - [GINSLIB] processing : 2020/10/04 04:20:15 Q=5
2026-01-06 19:17:25,346 - INFO - [GINSLIB] processing : 2020/10/04 04:20:16 Q=5
2026-01-06 19:17:25,347 - INFO - [GINSLIB] processing : 2020/10/04 04:20:17 Q=5
2026-01-06 19:17:25,358 - INFO - [GINSLIB] processing : 2020/10/04 04:20:18 Q=5
2026-01-06 19:17:25,370 - INFO - [GINSLIB] processing : 2020/10/04 04:20:19 Q=5
2026-01-06 19:17:25,382 - INFO - [GINSLIB] processing : 2020/10/04 04:20:20 Q=5
2026-01-06 19:17:25,393 - INFO - [GINSLIB] processing : 2020/10/04 04:20:21 Q=5
2026-01-06 19:17:25,402 - INFO - [GINSLIB] processing : 2020/10/04 04:20:22 Q=5
2026-01-06 19:17:25,413 - INFO - [GINSLIB] processing : 2020/10/04 04:20:23 Q=5
2026-01-06 19:17:25,423 - INFO - [GINSLIB] processing : 2020/10/04 04:20:24 Q=5
2026-01-06 19:17:25,434 - INFO - [GINSLIB] processing : 2020/10/04 04:20:25 Q=5
2026-01-06 19:17:25,445 - INFO - [GINSLIB] processing : 2020/10/04 04:20:26 Q=5
2026-01-06 19:17:25,455 - INFO - [GINSLIB] processing : 2020/10/04 04:20:27 Q=5
2026-01-06 19:17:25,465 - INFO - [GINSLIB] processing : 2020/10/04 04:20:28 Q=5
2026-01-06 19:17:25,477 - INFO - [GINSLIB] processing : 2020/10/04 04:20:29 Q=5
2026-01-06 19:17:25,489 - INFO - [GINSLIB] processing : 2020/10/04 04:20:30 Q=5
2026-01-06 19:17:25,499 - INFO - [GINSLIB] processing : 2020/10/04 04:20:30 Q=7
2026-01-06 19:17:25,500 - INFO - [GINSLIB] processing : 2020/10/04 04:20:31 Q=7
2026-01-06 19:17:25,511 - INFO - [GINSLIB] processing : 2020/10/04 04:20:32 Q=7
2026-01-06 19:17:25,521 - INFO - [GINSLIB] processing : 2020/10/04 04:20:32 Q=5
2026-01-06 19:17:25,522 - INFO - [GINSLIB] processing : 2020/10/04 04:20:33 Q=5
2026-01-06 19:17:25,534 - INFO - [GINSLIB] processing : 2020/10/04 04:20:34 Q=5
2026-01-06 19:17:25,544 - INFO - [GINSLIB] processing : 2020/10/04 04:20:35 Q=5
2026-01-06 19:17:25,556 - INFO - [GINSLIB] processing : 2020/10/04 04:20:36 Q=5
2026-01-06 19:17:25,576 - INFO - [GINSLIB] processing : 2020/10/04 04:20:37 Q=5
2026-01-06 19:17:25,577 - INFO - [GINSLIB] processing : 2020/10/04 04:20:38 Q=5
2026-01-06 19:17:25,588 - INFO - [GINSLIB] processing : 2020/10/04 04:20:39 Q=5
2026-01-06 19:17:25,598 - INFO - [GINSLIB] processing : 2020/10/04 04:20:40 Q=5
2026-01-06 19:17:25,609 - INFO - [GINSLIB] processing : 2020/10/04 04:20:41 Q=5
2026-01-06 19:17:25,627 - INFO - [GINSLIB] processing : 2020/10/04 04:20:42 Q=5
2026-01-06 19:17:25,628 - INFO - [GINSLIB] processing : 2020/10/04 04:20:43 Q=5
2026-01-06 19:17:25,639 - INFO - [GINSLIB] processing : 2020/10/04 04:20:44 Q=5
2026-01-06 19:17:25,650 - INFO - [GINSLIB] processing : 2020/10/04 04:20:45 Q=5
2026-01-06 19:17:25,660 - INFO - [GINSLIB] processing : 2020/10/04 04:20:46 Q=5
2026-01-06 19:17:25,678 - INFO - [GINSLIB] processing : 2020/10/04 04:20:47 Q=5
2026-01-06 19:17:25,680 - INFO - [GINSLIB] processing : 2020/10/04 04:20:48 Q=5
2026-01-06 19:17:25,690 - INFO - [GINSLIB] processing : 2020/10/04 04:20:49 Q=5
2026-01-06 19:17:25,701 - INFO - [GINSLIB] processing : 2020/10/04 04:20:50 Q=5
2026-01-06 19:17:25,712 - INFO - [GINSLIB] processing : 2020/10/04 04:20:51 Q=5
2026-01-06 19:17:25,722 - INFO - [GINSLIB] processing : 2020/10/04 04:20:52 Q=5
2026-01-06 19:17:25,731 - INFO - [GINSLIB] processing : 2020/10/04 04:20:53 Q=5
2026-01-06 19:17:25,743 - INFO - [GINSLIB] processing : 2020/10/04 04:20:54 Q=5
2026-01-06 19:17:25,754 - INFO - [GINSLIB] processing : 2020/10/04 04:20:55 Q=5
2026-01-06 19:17:25,764 - INFO - [GINSLIB] processing : 2020/10/04 04:20:56 Q=5
2026-01-06 19:17:25,775 - INFO - [GINSLIB] processing : 2020/10/04 04:20:57 Q=5
2026-01-06 19:17:25,784 - INFO - [GINSLIB] processing : 2020/10/04 04:20:58 Q=5
2026-01-06 19:17:25,793 - INFO - [GINSLIB] processing : 2020/10/04 04:20:58 Q=7
2026-01-06 19:17:25,794 - INFO - [GINSLIB] processing : 2020/10/04 04:20:59 Q=7
2026-01-06 19:17:25,804 - INFO - [GINSLIB] processing : 2020/10/04 04:20:59 Q=5
2026-01-06 19:17:25,805 - INFO - [GINSLIB] processing : 2020/10/04 04:21:00 Q=5
2026-01-06 19:17:25,815 - INFO - [GINSLIB] processing : 2020/10/04 04:21:01 Q=5
2026-01-06 19:17:25,824 - INFO - [GINSLIB] processing : 2020/10/04 04:21:01 Q=7
2026-01-06 19:17:25,825 - INFO - [GINSLIB] processing : 2020/10/04 04:21:02 Q=7
2026-01-06 19:17:25,836 - INFO - [GINSLIB] processing : 2020/10/04 04:21:03 Q=7
2026-01-06 19:17:25,846 - INFO - [GINSLIB] processing : 2020/10/04 04:21:04 Q=7
2026-01-06 19:17:25,856 - INFO - [GINSLIB] processing : 2020/10/04 04:21:04 Q=5
2026-01-06 19:17:25,858 - INFO - [GINSLIB] processing : 2020/10/04 04:21:05 Q=5
2026-01-06 19:17:25,868 - INFO - [GINSLIB] processing : 2020/10/04 04:21:06 Q=5
2026-01-06 19:17:25,879 - INFO - [GINSLIB] processing : 2020/10/04 04:21:07 Q=5
2026-01-06 19:17:25,898 - INFO - [GINSLIB] processing : 2020/10/04 04:21:08 Q=5
2026-01-06 19:17:25,899 - INFO - [GINSLIB] processing : 2020/10/04 04:21:09 Q=5
2026-01-06 19:17:25,910 - INFO - [GINSLIB] processing : 2020/10/04 04:21:10 Q=5
2026-01-06 19:17:25,921 - INFO - [GINSLIB] processing : 2020/10/04 04:21:11 Q=5
2026-01-06 19:17:25,932 - INFO - [GINSLIB] processing : 2020/10/04 04:21:12 Q=5
2026-01-06 19:17:25,950 - INFO - [GINSLIB] processing : 2020/10/04 04:21:13 Q=5
2026-01-06 19:17:25,951 - INFO - [GINSLIB] processing : 2020/10/04 04:21:14 Q=5
2026-01-06 19:17:25,961 - INFO - [GINSLIB] processing : 2020/10/04 04:21:14 Q=7
2026-01-06 19:17:25,962 - INFO - [GINSLIB] processing : 2020/10/04 04:21:15 Q=7
2026-01-06 19:17:25,973 - INFO - [GINSLIB] processing : 2020/10/04 04:21:16 Q=7
2026-01-06 19:17:25,984 - INFO - [GINSLIB] processing : 2020/10/04 04:21:16 Q=5
2026-01-06 19:17:25,985 - INFO - [GINSLIB] processing : 2020/10/04 04:21:17 Q=5
2026-01-06 19:17:26,003 - INFO - [GINSLIB] processing : 2020/10/04 04:21:18 Q=5
2026-01-06 19:17:26,005 - INFO - [GINSLIB] processing : 2020/10/04 04:21:19 Q=5
2026-01-06 19:17:26,016 - INFO - [GINSLIB] processing : 2020/10/04 04:21:20 Q=5
2026-01-06 19:17:26,027 - INFO - [GINSLIB] processing : 2020/10/04 04:21:21 Q=5
2026-01-06 19:17:26,037 - INFO - [GINSLIB] processing : 2020/10/04 04:21:22 Q=5
2026-01-06 19:17:26,049 - INFO - [GINSLIB] processing : 2020/10/04 04:21:23 Q=5
2026-01-06 19:17:26,058 - INFO - [GINSLIB] processing : 2020/10/04 04:21:24 Q=5
2026-01-06 19:17:26,068 - INFO - [GINSLIB] processing : 2020/10/04 04:21:25 Q=5
2026-01-06 19:17:26,080 - INFO - [GINSLIB] processing : 2020/10/04 04:21:26 Q=5
2026-01-06 19:17:26,090 - INFO - [GINSLIB] processing : 2020/10/04 04:21:27 Q=5
2026-01-06 19:17:26,100 - INFO - [GINSLIB] processing : 2020/10/04 04:21:28 Q=5
2026-01-06 19:17:26,111 - INFO - [GINSLIB] processing : 2020/10/04 04:21:29 Q=5
2026-01-06 19:17:26,122 - INFO - [GINSLIB] processing : 2020/10/04 04:21:30 Q=5
2026-01-06 19:17:26,133 - INFO - [GINSLIB] processing : 2020/10/04 04:21:31 Q=5
2026-01-06 19:17:26,145 - INFO - [GINSLIB] processing : 2020/10/04 04:21:32 Q=5
2026-01-06 19:17:26,156 - INFO - [GINSLIB] processing : 2020/10/04 04:21:33 Q=5
2026-01-06 19:17:26,168 - INFO - [GINSLIB] processing : 2020/10/04 04:21:34 Q=5
2026-01-06 19:17:26,180 - INFO - [GINSLIB] processing : 2020/10/04 04:21:35 Q=5
2026-01-06 19:17:26,191 - INFO - [GINSLIB] processing : 2020/10/04 04:21:36 Q=5
2026-01-06 19:17:26,205 - INFO - [GINSLIB] processing : 2020/10/04 04:21:37 Q=5
2026-01-06 19:17:26,217 - INFO - [GINSLIB] processing : 2020/10/04 04:21:38 Q=5
2026-01-06 19:17:26,239 - INFO - [GINSLIB] processing : 2020/10/04 04:21:39 Q=5
2026-01-06 19:17:26,242 - INFO - [GINSLIB] processing : 2020/10/04 04:21:40 Q=5
2026-01-06 19:17:26,255 - INFO - [GINSLIB] processing : 2020/10/04 04:21:41 Q=5
2026-01-06 19:17:26,267 - INFO - [GINSLIB] processing : 2020/10/04 04:21:42 Q=5
2026-01-06 19:17:26,280 - INFO - [GINSLIB] processing : 2020/10/04 04:21:43 Q=5
2026-01-06 19:17:26,301 - INFO - [GINSLIB] processing : 2020/10/04 04:21:44 Q=5
2026-01-06 19:17:26,302 - INFO - [GINSLIB] processing : 2020/10/04 04:21:45 Q=5
2026-01-06 19:17:26,315 - INFO - [GINSLIB] processing : 2020/10/04 04:21:46 Q=5
2026-01-06 19:17:26,327 - INFO - [GINSLIB] processing : 2020/10/04 04:21:47 Q=5
2026-01-06 19:17:26,340 - INFO - [GINSLIB] processing : 2020/10/04 04:21:48 Q=5
2026-01-06 19:17:26,360 - INFO - [GINSLIB] processing : 2020/10/04 04:21:49 Q=5
2026-01-06 19:17:26,362 - INFO - [GINSLIB] processing : 2020/10/04 04:21:50 Q=5
2026-01-06 19:17:26,374 - INFO - [GINSLIB] processing : 2020/10/04 04:21:51 Q=5
2026-01-06 19:17:26,386 - INFO - [GINSLIB] processing : 2020/10/04 04:21:52 Q=5
2026-01-06 19:17:26,396 - INFO - [GINSLIB] processing : 2020/10/04 04:21:53 Q=5
2026-01-06 19:17:26,408 - INFO - [GINSLIB] processing : 2020/10/04 04:21:54 Q=5
2026-01-06 19:17:26,420 - INFO - [GINSLIB] processing : 2020/10/04 04:21:55 Q=5
2026-01-06 19:17:26,431 - INFO - [GINSLIB] processing : 2020/10/04 04:21:56 Q=5
2026-01-06 19:17:26,442 - INFO - [GINSLIB] processing : 2020/10/04 04:21:57 Q=5
2026-01-06 19:17:26,453 - INFO - [GINSLIB] processing : 2020/10/04 04:21:58 Q=5
2026-01-06 19:17:26,464 - INFO - [GINSLIB] processing : 2020/10/04 04:21:59 Q=5
2026-01-06 19:17:26,473 - INFO - [GINSLIB] processing : 2020/10/04 04:22:00 Q=5
2026-01-06 19:17:26,484 - INFO - [GINSLIB] processing : 2020/10/04 04:22:01 Q=5
2026-01-06 19:17:26,494 - INFO - [GINSLIB] processing : 2020/10/04 04:22:02 Q=5
2026-01-06 19:17:26,505 - INFO - [GINSLIB] processing : 2020/10/04 04:22:03 Q=5
2026-01-06 19:17:26,516 - INFO - [GINSLIB] processing : 2020/10/04 04:22:04 Q=5
2026-01-06 19:17:26,527 - INFO - [GINSLIB] processing : 2020/10/04 04:22:05 Q=5
2026-01-06 19:17:26,537 - INFO - [GINSLIB] processing : 2020/10/04 04:22:06 Q=5
2026-01-06 19:17:26,547 - INFO - [GINSLIB] processing : 2020/10/04 04:22:07 Q=5
2026-01-06 19:17:26,558 - INFO - [GINSLIB] processing : 2020/10/04 04:22:08 Q=5
2026-01-06 19:17:26,568 - INFO - [GINSLIB] processing : 2020/10/04 04:22:09 Q=5
2026-01-06 19:17:26,585 - INFO - [GINSLIB] processing : 2020/10/04 04:22:10 Q=5
2026-01-06 19:17:26,586 - INFO - [GINSLIB] processing : 2020/10/04 04:22:11 Q=5
2026-01-06 19:17:26,595 - INFO - [GINSLIB] processing : 2020/10/04 04:22:12 Q=5
2026-01-06 19:17:26,607 - INFO - [GINSLIB] processing : 2020/10/04 04:22:13 Q=5
2026-01-06 19:17:26,618 - INFO - [GINSLIB] processing : 2020/10/04 04:22:14 Q=5
2026-01-06 19:17:26,636 - INFO - [GINSLIB] processing : 2020/10/04 04:22:15 Q=5
2026-01-06 19:17:26,637 - INFO - [GINSLIB] processing : 2020/10/04 04:22:16 Q=5
2026-01-06 19:17:26,647 - INFO - [GINSLIB] processing : 2020/10/04 04:22:17 Q=5
2026-01-06 19:17:26,659 - INFO - [GINSLIB] processing : 2020/10/04 04:22:18 Q=5
2026-01-06 19:17:26,670 - INFO - [GINSLIB] processing : 2020/10/04 04:22:19 Q=5
2026-01-06 19:17:26,690 - INFO - [GINSLIB] processing : 2020/10/04 04:22:20 Q=5
2026-01-06 19:17:26,691 - INFO - [GINSLIB] processing : 2020/10/04 04:22:21 Q=5
2026-01-06 19:17:26,702 - INFO - [GINSLIB] processing : 2020/10/04 04:22:22 Q=5
2026-01-06 19:17:26,711 - INFO - [GINSLIB] processing : 2020/10/04 04:22:23 Q=5
2026-01-06 19:17:26,721 - INFO - [GINSLIB] processing : 2020/10/04 04:22:24 Q=5
2026-01-06 19:17:26,732 - INFO - [GINSLIB] processing : 2020/10/04 04:22:25 Q=5
2026-01-06 19:17:26,740 - INFO - [GINSLIB] processing : 2020/10/04 04:22:26 Q=5
2026-01-06 19:17:26,750 - INFO - [GINSLIB] processing : 2020/10/04 04:22:27 Q=5
2026-01-06 19:17:26,761 - INFO - [GINSLIB] processing : 2020/10/04 04:22:28 Q=5
2026-01-06 19:17:26,771 - INFO - [GINSLIB] processing : 2020/10/04 04:22:29 Q=5
2026-01-06 19:17:26,781 - INFO - [GINSLIB] processing : 2020/10/04 04:22:30 Q=5
2026-01-06 19:17:26,789 - INFO - [GINSLIB] processing : 2020/10/04 04:22:31 Q=5
2026-01-06 19:17:26,799 - INFO - [GINSLIB] processing : 2020/10/04 04:22:32 Q=5
2026-01-06 19:17:26,809 - INFO - [GINSLIB] processing : 2020/10/04 04:22:33 Q=5
2026-01-06 19:17:26,820 - INFO - [GINSLIB] processing : 2020/10/04 04:22:34 Q=5
2026-01-06 19:17:26,830 - INFO - [GINSLIB] processing : 2020/10/04 04:22:35 Q=5
2026-01-06 19:17:26,848 - INFO - [GINSLIB] processing : 2020/10/04 04:22:36 Q=5
2026-01-06 19:17:26,850 - INFO - [GINSLIB] processing : 2020/10/04 04:22:37 Q=5
2026-01-06 19:17:26,861 - INFO - [GINSLIB] processing : 2020/10/04 04:22:38 Q=5
2026-01-06 19:17:26,871 - INFO - [GINSLIB] processing : 2020/10/04 04:22:39 Q=5
2026-01-06 19:17:26,880 - INFO - [GINSLIB] processing : 2020/10/04 04:22:40 Q=5
2026-01-06 19:17:26,898 - INFO - [GINSLIB] processing : 2020/10/04 04:22:41 Q=5
2026-01-06 19:17:26,899 - INFO - [GINSLIB] processing : 2020/10/04 04:22:42 Q=5
2026-01-06 19:17:26,909 - INFO - [GINSLIB] processing : 2020/10/04 04:22:43 Q=5
2026-01-06 19:17:26,919 - INFO - [GINSLIB] processing : 2020/10/04 04:22:44 Q=5
2026-01-06 19:17:26,928 - INFO - [GINSLIB] processing : 2020/10/04 04:22:45 Q=5
2026-01-06 19:17:26,945 - INFO - [GINSLIB] processing : 2020/10/04 04:22:46 Q=5
2026-01-06 19:17:26,946 - INFO - [GINSLIB] processing : 2020/10/04 04:22:47 Q=5
2026-01-06 19:17:26,957 - INFO - [GINSLIB] processing : 2020/10/04 04:22:48 Q=5
2026-01-06 19:17:26,967 - INFO - [GINSLIB] processing : 2020/10/04 04:22:49 Q=5
2026-01-06 19:17:26,978 - INFO - [GINSLIB] processing : 2020/10/04 04:22:50 Q=5
2026-01-06 19:17:26,987 - INFO - [GINSLIB] processing : 2020/10/04 04:22:51 Q=5
2026-01-06 19:17:26,995 - INFO - [GINSLIB] processing : 2020/10/04 04:22:52 Q=5
2026-01-06 19:17:27,005 - INFO - [GINSLIB] processing : 2020/10/04 04:22:53 Q=5
2026-01-06 19:17:27,015 - INFO - [GINSLIB] processing : 2020/10/04 04:22:54 Q=5
2026-01-06 19:17:27,025 - INFO - [GINSLIB] processing : 2020/10/04 04:22:55 Q=5
2026-01-06 19:17:27,035 - INFO - [GINSLIB] processing : 2020/10/04 04:22:56 Q=5
2026-01-06 19:17:27,044 - INFO - [GINSLIB] processing : 2020/10/04 04:22:57 Q=5
2026-01-06 19:17:27,054 - INFO - [GINSLIB] processing : 2020/10/04 04:22:58 Q=5
2026-01-06 19:17:27,064 - INFO - [GINSLIB] processing : 2020/10/04 04:22:59 Q=5
2026-01-06 19:17:27,075 - INFO - [GINSLIB] processing : 2020/10/04 04:23:00 Q=5
2026-01-06 19:17:27,087 - INFO - [GINSLIB] processing : 2020/10/04 04:23:01 Q=5
2026-01-06 19:17:27,096 - INFO - [GINSLIB] processing : 2020/10/04 04:23:02 Q=5
2026-01-06 19:17:27,106 - INFO - [GINSLIB] processing : 2020/10/04 04:23:03 Q=5
2026-01-06 19:17:27,116 - INFO - [GINSLIB] processing : 2020/10/04 04:23:04 Q=5
2026-01-06 19:17:27,125 - INFO - [GINSLIB] processing : 2020/10/04 04:23:05 Q=5
2026-01-06 19:17:27,137 - INFO - [GINSLIB] processing : 2020/10/04 04:23:06 Q=5
2026-01-06 19:17:27,154 - INFO - [GINSLIB] processing : 2020/10/04 04:23:07 Q=5
2026-01-06 19:17:27,155 - INFO - [GINSLIB] processing : 2020/10/04 04:23:08 Q=5
2026-01-06 19:17:27,165 - INFO - [GINSLIB] processing : 2020/10/04 04:23:09 Q=5
2026-01-06 19:17:27,175 - INFO - [GINSLIB] processing : 2020/10/04 04:23:10 Q=5
2026-01-06 19:17:27,185 - INFO - [GINSLIB] processing : 2020/10/04 04:23:11 Q=5
2026-01-06 19:17:27,202 - INFO - [GINSLIB] processing : 2020/10/04 04:23:12 Q=5
2026-01-06 19:17:27,203 - INFO - [GINSLIB] processing : 2020/10/04 04:23:13 Q=5
2026-01-06 19:17:27,214 - INFO - [GINSLIB] processing : 2020/10/04 04:23:14 Q=5
2026-01-06 19:17:27,224 - INFO - [GINSLIB] processing : 2020/10/04 04:23:15 Q=5
2026-01-06 19:17:27,234 - INFO - [GINSLIB] processing : 2020/10/04 04:23:16 Q=5
2026-01-06 19:17:27,252 - INFO - [GINSLIB] processing : 2020/10/04 04:23:17 Q=5
2026-01-06 19:17:27,253 - INFO - [GINSLIB] processing : 2020/10/04 04:23:18 Q=5
2026-01-06 19:17:27,264 - INFO - [GINSLIB] processing : 2020/10/04 04:23:19 Q=5
2026-01-06 19:17:27,275 - INFO - [GINSLIB] processing : 2020/10/04 04:23:20 Q=5
2026-01-06 19:17:27,285 - INFO - [GINSLIB] processing : 2020/10/04 04:23:21 Q=5
2026-01-06 19:17:27,295 - INFO - [GINSLIB] processing : 2020/10/04 04:23:22 Q=5
2026-01-06 19:17:27,303 - INFO - [GINSLIB] processing : 2020/10/04 04:23:23 Q=5
2026-01-06 19:17:27,313 - INFO - [GINSLIB] processing : 2020/10/04 04:23:24 Q=5
2026-01-06 19:17:27,323 - INFO - [GINSLIB] processing : 2020/10/04 04:23:25 Q=5
2026-01-06 19:17:27,333 - INFO - [GINSLIB] processing : 2020/10/04 04:23:26 Q=5
2026-01-06 19:17:27,343 - INFO - [GINSLIB] processing : 2020/10/04 04:23:27 Q=5
2026-01-06 19:17:27,352 - INFO - [GINSLIB] processing : 2020/10/04 04:23:28 Q=5
2026-01-06 19:17:27,361 - INFO - [GINSLIB] processing : 2020/10/04 04:23:29 Q=5
2026-01-06 19:17:27,372 - INFO - [GINSLIB] processing : 2020/10/04 04:23:30 Q=5
2026-01-06 19:17:27,382 - INFO - [GINSLIB] processing : 2020/10/04 04:23:31 Q=5
2026-01-06 19:17:27,392 - INFO - [GINSLIB] processing : 2020/10/04 04:23:32 Q=5
2026-01-06 19:17:27,402 - INFO - [GINSLIB] processing : 2020/10/04 04:23:33 Q=5
2026-01-06 19:17:27,414 - INFO - [GINSLIB] processing : 2020/10/04 04:23:34 Q=5
2026-01-06 19:17:27,425 - INFO - [GINSLIB] processing : 2020/10/04 04:23:35 Q=5
2026-01-06 19:17:27,437 - INFO - [GINSLIB] processing : 2020/10/04 04:23:36 Q=5
2026-01-06 19:17:27,449 - INFO - [GINSLIB] processing : 2020/10/04 04:23:37 Q=5
2026-01-06 19:17:27,470 - INFO - [GINSLIB] processing : 2020/10/04 04:23:38 Q=5
2026-01-06 19:17:27,471 - INFO - [GINSLIB] processing : 2020/10/04 04:23:39 Q=5
2026-01-06 19:17:27,483 - INFO - [GINSLIB] processing : 2020/10/04 04:23:40 Q=5
2026-01-06 19:17:27,494 - INFO - [GINSLIB] processing : 2020/10/04 04:23:41 Q=5
2026-01-06 19:17:27,504 - INFO - [GINSLIB] processing : 2020/10/04 04:23:42 Q=5
2026-01-06 19:17:27,523 - INFO - [GINSLIB] processing : 2020/10/04 04:23:43 Q=5
2026-01-06 19:17:27,525 - INFO - [GINSLIB] processing : 2020/10/04 04:23:44 Q=5
2026-01-06 19:17:27,535 - INFO - [GINSLIB] processing : 2020/10/04 04:23:45 Q=5
2026-01-06 19:17:27,545 - INFO - [GINSLIB] processing : 2020/10/04 04:23:46 Q=5
2026-01-06 19:17:27,556 - INFO - [GINSLIB] processing : 2020/10/04 04:23:47 Q=5
2026-01-06 19:17:27,574 - INFO - [GINSLIB] processing : 2020/10/04 04:23:48 Q=5
2026-01-06 19:17:27,575 - INFO - [GINSLIB] processing : 2020/10/04 04:23:49 Q=5
2026-01-06 19:17:27,586 - INFO - [GINSLIB] processing : 2020/10/04 04:23:50 Q=5
2026-01-06 19:17:27,595 - INFO - [GINSLIB] processing : 2020/10/04 04:23:51 Q=5
2026-01-06 19:17:27,607 - INFO - [GINSLIB] processing : 2020/10/04 04:23:52 Q=5
2026-01-06 19:17:27,619 - INFO - [GINSLIB] processing : 2020/10/04 04:23:53 Q=5
2026-01-06 19:17:27,628 - INFO - [GINSLIB] processing : 2020/10/04 04:23:54 Q=5
2026-01-06 19:17:27,640 - INFO - [GINSLIB] processing : 2020/10/04 04:23:55 Q=5
2026-01-06 19:17:27,652 - INFO - [GINSLIB] processing : 2020/10/04 04:23:56 Q=5
2026-01-06 19:17:27,664 - INFO - [GINSLIB] processing : 2020/10/04 04:23:57 Q=5
2026-01-06 19:17:27,675 - INFO - [GINSLIB] processing : 2020/10/04 04:23:58 Q=5
2026-01-06 19:17:27,685 - INFO - [GINSLIB] processing : 2020/10/04 04:23:59 Q=5
2026-01-06 19:17:27,696 - INFO - [GINSLIB] processing : 2020/10/04 04:24:00 Q=5
2026-01-06 19:17:27,706 - INFO - [GINSLIB] processing : 2020/10/04 04:24:01 Q=5
2026-01-06 19:17:27,717 - INFO - [GINSLIB] processing : 2020/10/04 04:24:02 Q=5
2026-01-06 19:17:27,728 - INFO - [GINSLIB] processing : 2020/10/04 04:24:03 Q=5
2026-01-06 19:17:27,737 - INFO - [GINSLIB] processing : 2020/10/04 04:24:04 Q=5
2026-01-06 19:17:27,747 - INFO - [GINSLIB] processing : 2020/10/04 04:24:05 Q=5
2026-01-06 19:17:27,759 - INFO - [GINSLIB] processing : 2020/10/04 04:24:06 Q=5
2026-01-06 19:17:27,770 - INFO - [GINSLIB] processing : 2020/10/04 04:24:07 Q=5
2026-01-06 19:17:27,781 - INFO - [GINSLIB] processing : 2020/10/04 04:24:08 Q=5
2026-01-06 19:17:27,800 - INFO - [GINSLIB] processing : 2020/10/04 04:24:09 Q=5
2026-01-06 19:17:27,801 - INFO - [GINSLIB] processing : 2020/10/04 04:24:10 Q=5
2026-01-06 19:17:27,811 - INFO - [GINSLIB] processing : 2020/10/04 04:24:11 Q=5
2026-01-06 19:17:27,822 - INFO - [GINSLIB] processing : 2020/10/04 04:24:12 Q=5
2026-01-06 19:17:27,833 - INFO - [GINSLIB] processing : 2020/10/04 04:24:13 Q=5
2026-01-06 19:17:27,853 - INFO - [GINSLIB] processing : 2020/10/04 04:24:14 Q=5
2026-01-06 19:17:27,854 - INFO - [GINSLIB] processing : 2020/10/04 04:24:15 Q=5
2026-01-06 19:17:27,866 - INFO - [GINSLIB] processing : 2020/10/04 04:24:16 Q=5
2026-01-06 19:17:27,876 - INFO - [GINSLIB] processing : 2020/10/04 04:24:17 Q=5
2026-01-06 19:17:27,888 - INFO - [GINSLIB] processing : 2020/10/04 04:24:18 Q=5
2026-01-06 19:17:27,907 - INFO - [GINSLIB] processing : 2020/10/04 04:24:19 Q=5
2026-01-06 19:17:27,909 - INFO - [GINSLIB] processing : 2020/10/04 04:24:20 Q=5
2026-01-06 19:17:27,920 - INFO - [GINSLIB] processing : 2020/10/04 04:24:21 Q=5
2026-01-06 19:17:27,931 - INFO - [GINSLIB] processing : 2020/10/04 04:24:22 Q=5
2026-01-06 19:17:27,943 - INFO - [GINSLIB] processing : 2020/10/04 04:24:23 Q=5
2026-01-06 19:17:27,953 - INFO - [GINSLIB] processing : 2020/10/04 04:24:24 Q=5
2026-01-06 19:17:27,963 - INFO - [GINSLIB] processing : 2020/10/04 04:24:25 Q=5
2026-01-06 19:17:27,976 - INFO - [GINSLIB] processing : 2020/10/04 04:24:26 Q=5
2026-01-06 19:17:27,986 - INFO - [GINSLIB] processing : 2020/10/04 04:24:27 Q=5
2026-01-06 19:17:27,997 - INFO - [GINSLIB] processing : 2020/10/04 04:24:28 Q=5
2026-01-06 19:17:28,008 - INFO - [GINSLIB] processing : 2020/10/04 04:24:29 Q=5
2026-01-06 19:17:28,019 - INFO - [GINSLIB] processing : 2020/10/04 04:24:30 Q=5
2026-01-06 19:17:28,030 - INFO - [GINSLIB] processing : 2020/10/04 04:24:31 Q=5
2026-01-06 19:17:28,042 - INFO - [GINSLIB] processing : 2020/10/04 04:24:32 Q=5
2026-01-06 19:17:28,054 - INFO - [GINSLIB] processing : 2020/10/04 04:24:33 Q=5
2026-01-06 19:17:28,065 - INFO - [GINSLIB] processing : 2020/10/04 04:24:34 Q=5
2026-01-06 19:17:28,075 - INFO - [GINSLIB] processing : 2020/10/04 04:24:35 Q=5
2026-01-06 19:17:28,087 - INFO - [GINSLIB] processing : 2020/10/04 04:24:36 Q=5
2026-01-06 19:17:28,099 - INFO - [GINSLIB] processing : 2020/10/04 04:24:37 Q=5
2026-01-06 19:17:28,110 - INFO - [GINSLIB] processing : 2020/10/04 04:24:38 Q=5
2026-01-06 19:17:28,122 - INFO - [GINSLIB] processing : 2020/10/04 04:24:39 Q=5
2026-01-06 19:17:28,141 - INFO - [GINSLIB] processing : 2020/10/04 04:24:40 Q=5
2026-01-06 19:17:28,142 - INFO - [GINSLIB] processing : 2020/10/04 04:24:41 Q=5
2026-01-06 19:17:28,153 - INFO - [GINSLIB] processing : 2020/10/04 04:24:42 Q=5
2026-01-06 19:17:28,164 - INFO - [GINSLIB] processing : 2020/10/04 04:24:43 Q=5
2026-01-06 19:17:28,175 - INFO - [GINSLIB] processing : 2020/10/04 04:24:44 Q=5
2026-01-06 19:17:28,195 - INFO - [GINSLIB] processing : 2020/10/04 04:24:45 Q=5
2026-01-06 19:17:28,196 - INFO - [GINSLIB] processing : 2020/10/04 04:24:46 Q=5
2026-01-06 19:17:28,206 - INFO - [GINSLIB] processing : 2020/10/04 04:24:47 Q=5
2026-01-06 19:17:28,217 - INFO - [GINSLIB] processing : 2020/10/04 04:24:48 Q=5
2026-01-06 19:17:28,228 - INFO - [GINSLIB] processing : 2020/10/04 04:24:49 Q=5
2026-01-06 19:17:28,248 - INFO - [GINSLIB] processing : 2020/10/04 04:24:50 Q=5
2026-01-06 19:17:28,249 - INFO - [GINSLIB] processing : 2020/10/04 04:24:51 Q=5
2026-01-06 19:17:28,260 - INFO - [GINSLIB] processing : 2020/10/04 04:24:52 Q=5
2026-01-06 19:17:28,272 - INFO - [GINSLIB] processing : 2020/10/04 04:24:53 Q=5
2026-01-06 19:17:28,285 - INFO - [GINSLIB] processing : 2020/10/04 04:24:54 Q=5
2026-01-06 19:17:28,297 - INFO - [GINSLIB] processing : 2020/10/04 04:24:55 Q=5
2026-01-06 19:17:28,307 - INFO - [GINSLIB] processing : 2020/10/04 04:24:56 Q=5
2026-01-06 19:17:28,319 - INFO - [GINSLIB] processing : 2020/10/04 04:24:57 Q=5
2026-01-06 19:17:28,331 - INFO - [GINSLIB] processing : 2020/10/04 04:24:58 Q=5
2026-01-06 19:17:28,344 - INFO - [GINSLIB] processing : 2020/10/04 04:24:59 Q=5
2026-01-06 19:17:28,355 - INFO - [GINSLIB] processing : 2020/10/04 04:25:00 Q=5
2026-01-06 19:17:28,365 - INFO - [GINSLIB] processing : 2020/10/04 04:25:01 Q=5
2026-01-06 19:17:28,378 - INFO - [GINSLIB] processing : 2020/10/04 04:25:02 Q=5
2026-01-06 19:17:28,388 - INFO - [GINSLIB] processing : 2020/10/04 04:25:03 Q=5
2026-01-06 19:17:28,399 - INFO - [GINSLIB] processing : 2020/10/04 04:25:04 Q=5
2026-01-06 19:17:28,410 - INFO - [GINSLIB] processing : 2020/10/04 04:25:05 Q=5
2026-01-06 19:17:28,420 - INFO - [GINSLIB] processing : 2020/10/04 04:25:06 Q=5
2026-01-06 19:17:28,431 - INFO - [GINSLIB] processing : 2020/10/04 04:25:07 Q=5
2026-01-06 19:17:28,443 - INFO - [GINSLIB] processing : 2020/10/04 04:25:08 Q=5
2026-01-06 19:17:28,454 - INFO - [GINSLIB] processing : 2020/10/04 04:25:09 Q=5
2026-01-06 19:17:28,465 - INFO - [GINSLIB] processing : 2020/10/04 04:25:10 Q=5
2026-01-06 19:17:28,484 - INFO - [GINSLIB] processing : 2020/10/04 04:25:11 Q=5
2026-01-06 19:17:28,485 - INFO - [GINSLIB] processing : 2020/10/04 04:25:12 Q=5
2026-01-06 19:17:28,496 - INFO - [GINSLIB] processing : 2020/10/04 04:25:13 Q=5
2026-01-06 19:17:28,508 - INFO - [GINSLIB] processing : 2020/10/04 04:25:14 Q=5
2026-01-06 19:17:28,520 - INFO - [GINSLIB] processing : 2020/10/04 04:25:15 Q=5
2026-01-06 19:17:28,539 - INFO - [GINSLIB] processing : 2020/10/04 04:25:16 Q=5
2026-01-06 19:17:28,540 - INFO - [GINSLIB] processing : 2020/10/04 04:25:17 Q=5
2026-01-06 19:17:28,553 - INFO - [GINSLIB] processing : 2020/10/04 04:25:18 Q=5
2026-01-06 19:17:28,565 - INFO - [GINSLIB] processing : 2020/10/04 04:25:19 Q=5
2026-01-06 19:17:28,576 - INFO - [GINSLIB] processing : 2020/10/04 04:25:20 Q=5
2026-01-06 19:17:28,587 - INFO - [GINSLIB] processing : 2020/10/04 04:25:21 Q=5
2026-01-06 19:17:28,596 - INFO - [GINSLIB] processing : 2020/10/04 04:25:22 Q=5
2026-01-06 19:17:28,608 - INFO - [GINSLIB] processing : 2020/10/04 04:25:23 Q=5
2026-01-06 19:17:28,619 - INFO - [GINSLIB] processing : 2020/10/04 04:25:24 Q=5
2026-01-06 19:17:28,630 - INFO - [GINSLIB] processing : 2020/10/04 04:25:25 Q=5
2026-01-06 19:17:28,640 - INFO - [GINSLIB] processing : 2020/10/04 04:25:26 Q=5
2026-01-06 19:17:28,651 - INFO - [GINSLIB] processing : 2020/10/04 04:25:27 Q=5
2026-01-06 19:17:28,662 - INFO - [GINSLIB] processing : 2020/10/04 04:25:28 Q=5
2026-01-06 19:17:28,672 - INFO - [GINSLIB] processing : 2020/10/04 04:25:29 Q=5
2026-01-06 19:17:28,683 - INFO - [GINSLIB] processing : 2020/10/04 04:25:30 Q=5
2026-01-06 19:17:28,696 - INFO - [GINSLIB] processing : 2020/10/04 04:25:31 Q=5
2026-01-06 19:17:28,706 - INFO - [GINSLIB] processing : 2020/10/04 04:25:32 Q=5
2026-01-06 19:17:28,717 - INFO - [GINSLIB] processing : 2020/10/04 04:25:33 Q=5
2026-01-06 19:17:28,727 - INFO - [GINSLIB] processing : 2020/10/04 04:25:34 Q=5
2026-01-06 19:17:28,739 - INFO - [GINSLIB] processing : 2020/10/04 04:25:35 Q=5
2026-01-06 19:17:28,750 - INFO - [GINSLIB] processing : 2020/10/04 04:25:36 Q=5
2026-01-06 19:17:28,772 - INFO - [GINSLIB] processing : 2020/10/04 04:25:37 Q=5
2026-01-06 19:17:28,773 - INFO - [GINSLIB] processing : 2020/10/04 04:25:38 Q=5
2026-01-06 19:17:28,784 - INFO - [GINSLIB] processing : 2020/10/04 04:25:39 Q=5
2026-01-06 19:17:28,795 - INFO - [GINSLIB] processing : 2020/10/04 04:25:40 Q=5
2026-01-06 19:17:28,806 - INFO - [GINSLIB] processing : 2020/10/04 04:25:41 Q=5
2026-01-06 19:17:28,826 - INFO - [GINSLIB] processing : 2020/10/04 04:25:42 Q=5
2026-01-06 19:17:28,827 - INFO - [GINSLIB] processing : 2020/10/04 04:25:43 Q=5
2026-01-06 19:17:28,837 - INFO - [GINSLIB] processing : 2020/10/04 04:25:44 Q=5
2026-01-06 19:17:28,851 - INFO - [GINSLIB] processing : 2020/10/04 04:25:45 Q=5
2026-01-06 19:17:28,862 - INFO - [GINSLIB] processing : 2020/10/04 04:25:46 Q=5
2026-01-06 19:17:28,881 - INFO - [GINSLIB] processing : 2020/10/04 04:25:47 Q=5
2026-01-06 19:17:28,883 - INFO - [GINSLIB] processing : 2020/10/04 04:25:48 Q=5
2026-01-06 19:17:28,892 - INFO - [GINSLIB] processing : 2020/10/04 04:25:49 Q=5
2026-01-06 19:17:28,903 - INFO - [GINSLIB] processing : 2020/10/04 04:25:50 Q=5
2026-01-06 19:17:28,914 - INFO - [GINSLIB] processing : 2020/10/04 04:25:51 Q=5
2026-01-06 19:17:28,925 - INFO - [GINSLIB] processing : 2020/10/04 04:25:52 Q=5
2026-01-06 19:17:28,934 - INFO - [GINSLIB] processing : 2020/10/04 04:25:53 Q=5
2026-01-06 19:17:28,946 - INFO - [GINSLIB] processing : 2020/10/04 04:25:54 Q=5
2026-01-06 19:17:28,956 - INFO - [GINSLIB] processing : 2020/10/04 04:25:55 Q=5
2026-01-06 19:17:28,968 - INFO - [GINSLIB] processing : 2020/10/04 04:25:56 Q=5
2026-01-06 19:17:28,979 - INFO - [GINSLIB] processing : 2020/10/04 04:25:57 Q=5
2026-01-06 19:17:28,987 - INFO - [GINSLIB] processing : 2020/10/04 04:25:58 Q=5
2026-01-06 19:17:28,997 - INFO - [GINSLIB] processing : 2020/10/04 04:25:59 Q=5
2026-01-06 19:17:29,009 - INFO - [GINSLIB] processing : 2020/10/04 04:26:00 Q=5
2026-01-06 19:17:29,020 - INFO - [GINSLIB] processing : 2020/10/04 04:26:01 Q=5
2026-01-06 19:17:29,032 - INFO - [GINSLIB] processing : 2020/10/04 04:26:02 Q=5
2026-01-06 19:17:29,042 - INFO - [GINSLIB] processing : 2020/10/04 04:26:03 Q=5
2026-01-06 19:17:29,053 - INFO - [GINSLIB] processing : 2020/10/04 04:26:04 Q=5
2026-01-06 19:17:29,065 - INFO - [GINSLIB] processing : 2020/10/04 04:26:05 Q=5
2026-01-06 19:17:29,074 - INFO - [GINSLIB] processing : 2020/10/04 04:26:06 Q=5
2026-01-06 19:17:29,084 - INFO - [GINSLIB] processing : 2020/10/04 04:26:07 Q=5
2026-01-06 19:17:29,105 - INFO - [GINSLIB] processing : 2020/10/04 04:26:08 Q=5
2026-01-06 19:17:29,107 - INFO - [GINSLIB] processing : 2020/10/04 04:26:09 Q=5
2026-01-06 19:17:29,117 - INFO - [GINSLIB] processing : 2020/10/04 04:26:10 Q=5
2026-01-06 19:17:29,128 - INFO - [GINSLIB] processing : 2020/10/04 04:26:11 Q=5
2026-01-06 19:17:29,138 - INFO - [GINSLIB] processing : 2020/10/04 04:26:12 Q=5
2026-01-06 19:17:29,159 - INFO - [GINSLIB] processing : 2020/10/04 04:26:13 Q=5
2026-01-06 19:17:29,160 - INFO - [GINSLIB] processing : 2020/10/04 04:26:14 Q=5
2026-01-06 19:17:29,170 - INFO - [GINSLIB] processing : 2020/10/04 04:26:15 Q=5
2026-01-06 19:17:29,180 - INFO - [GINSLIB] processing : 2020/10/04 04:26:16 Q=5
2026-01-06 19:17:29,192 - INFO - [GINSLIB] processing : 2020/10/04 04:26:17 Q=5
2026-01-06 19:17:29,211 - INFO - [GINSLIB] processing : 2020/10/04 04:26:18 Q=5
2026-01-06 19:17:29,212 - INFO - [GINSLIB] processing : 2020/10/04 04:26:19 Q=5
2026-01-06 19:17:29,225 - INFO - [GINSLIB] processing : 2020/10/04 04:26:20 Q=5
2026-01-06 19:17:29,237 - INFO - [GINSLIB] processing : 2020/10/04 04:26:21 Q=5
2026-01-06 19:17:29,248 - INFO - [GINSLIB] processing : 2020/10/04 04:26:22 Q=5
2026-01-06 19:17:29,259 - INFO - [GINSLIB] processing : 2020/10/04 04:26:23 Q=5
2026-01-06 19:17:29,269 - INFO - [GINSLIB] processing : 2020/10/04 04:26:24 Q=5
2026-01-06 19:17:29,279 - INFO - [GINSLIB] processing : 2020/10/04 04:26:25 Q=5
2026-01-06 19:17:29,290 - INFO - [GINSLIB] processing : 2020/10/04 04:26:26 Q=5
2026-01-06 19:17:29,301 - INFO - [GINSLIB] processing : 2020/10/04 04:26:27 Q=5
2026-01-06 19:17:29,314 - INFO - [GINSLIB] processing : 2020/10/04 04:26:28 Q=5
2026-01-06 19:17:29,325 - INFO - [GINSLIB] processing : 2020/10/04 04:26:29 Q=5
2026-01-06 19:17:29,336 - INFO - [GINSLIB] processing : 2020/10/04 04:26:30 Q=5
2026-01-06 19:17:29,349 - INFO - [GINSLIB] processing : 2020/10/04 04:26:31 Q=5
2026-01-06 19:17:29,361 - INFO - [GINSLIB] processing : 2020/10/04 04:26:32 Q=5
2026-01-06 19:17:29,373 - INFO - [GINSLIB] processing : 2020/10/04 04:26:33 Q=5
2026-01-06 19:17:29,384 - INFO - [GINSLIB] processing : 2020/10/04 04:26:33 Q=7
2026-01-06 19:17:29,384 - INFO - [GINSLIB] processing : 2020/10/04 04:26:34 Q=7
2026-01-06 19:17:29,394 - INFO - [GINSLIB] processing : 2020/10/04 04:26:34 Q=5
2026-01-06 19:17:29,395 - INFO - [GINSLIB] processing : 2020/10/04 04:26:35 Q=5
2026-01-06 19:17:29,407 - INFO - [GINSLIB] processing : 2020/10/04 04:26:36 Q=5
2026-01-06 19:17:29,419 - INFO - [GINSLIB] processing : 2020/10/04 04:26:37 Q=5
2026-01-06 19:17:29,430 - INFO - [GINSLIB] processing : 2020/10/04 04:26:38 Q=5
2026-01-06 19:17:29,452 - INFO - [GINSLIB] processing : 2020/10/04 04:26:39 Q=5
2026-01-06 19:17:29,453 - INFO - [GINSLIB] processing : 2020/10/04 04:26:40 Q=5
2026-01-06 19:17:29,463 - INFO - [GINSLIB] processing : 2020/10/04 04:26:41 Q=5
2026-01-06 19:17:29,476 - INFO - [GINSLIB] processing : 2020/10/04 04:26:42 Q=5
2026-01-06 19:17:29,486 - INFO - [GINSLIB] processing : 2020/10/04 04:26:43 Q=5
2026-01-06 19:17:29,506 - INFO - [GINSLIB] processing : 2020/10/04 04:26:44 Q=5
2026-01-06 19:17:29,507 - INFO - [GINSLIB] processing : 2020/10/04 04:26:45 Q=5
2026-01-06 19:17:29,517 - INFO - [GINSLIB] processing : 2020/10/04 04:26:46 Q=5
2026-01-06 19:17:29,527 - INFO - [GINSLIB] processing : 2020/10/04 04:26:47 Q=5
2026-01-06 19:17:29,538 - INFO - [GINSLIB] processing : 2020/10/04 04:26:48 Q=5
2026-01-06 19:17:29,557 - INFO - [GINSLIB] processing : 2020/10/04 04:26:49 Q=5
2026-01-06 19:17:29,559 - INFO - [GINSLIB] processing : 2020/10/04 04:26:50 Q=5
2026-01-06 19:17:29,570 - INFO - [GINSLIB] processing : 2020/10/04 04:26:51 Q=5
2026-01-06 19:17:29,580 - INFO - [GINSLIB] processing : 2020/10/04 04:26:52 Q=5
2026-01-06 19:17:29,591 - INFO - [GINSLIB] processing : 2020/10/04 04:26:53 Q=5
2026-01-06 19:17:29,602 - INFO - [GINSLIB] processing : 2020/10/04 04:26:54 Q=5
2026-01-06 19:17:29,611 - INFO - [GINSLIB] processing : 2020/10/04 04:26:55 Q=5
2026-01-06 19:17:29,624 - INFO - [GINSLIB] processing : 2020/10/04 04:26:56 Q=5
2026-01-06 19:17:29,636 - INFO - [GINSLIB] processing : 2020/10/04 04:26:57 Q=5
2026-01-06 19:17:29,646 - INFO - [GINSLIB] processing : 2020/10/04 04:26:58 Q=5
2026-01-06 19:17:29,660 - INFO - [GINSLIB] processing : 2020/10/04 04:26:59 Q=5
2026-01-06 19:17:29,670 - INFO - [GINSLIB] processing : 2020/10/04 04:27:00 Q=5
2026-01-06 19:17:29,680 - INFO - [GINSLIB] processing : 2020/10/04 04:27:01 Q=5
2026-01-06 19:17:29,695 - INFO - [GINSLIB] processing : 2020/10/04 04:27:02 Q=5
2026-01-06 19:17:29,706 - INFO - [GINSLIB] processing : 2020/10/04 04:27:03 Q=5
2026-01-06 19:17:29,717 - INFO - [GINSLIB] processing : 2020/10/04 04:27:04 Q=5
2026-01-06 19:17:29,726 - INFO - [GINSLIB] processing : 2020/10/04 04:27:05 Q=5
2026-01-06 19:17:29,737 - INFO - [GINSLIB] processing : 2020/10/04 04:27:06 Q=5
2026-01-06 19:17:29,749 - INFO - [GINSLIB] processing : 2020/10/04 04:27:07 Q=5
2026-01-06 19:17:29,763 - INFO - [GINSLIB] processing : 2020/10/04 04:27:08 Q=5
2026-01-06 19:17:29,773 - INFO - [GINSLIB] processing : 2020/10/04 04:27:09 Q=5
2026-01-06 19:17:29,793 - INFO - [GINSLIB] processing : 2020/10/04 04:27:10 Q=5
2026-01-06 19:17:29,794 - INFO - [GINSLIB] processing : 2020/10/04 04:27:11 Q=5
2026-01-06 19:17:29,811 - INFO - [GINSLIB] processing : 2020/10/04 04:27:12 Q=5
2026-01-06 19:17:29,824 - INFO - [GINSLIB] processing : 2020/10/04 04:27:13 Q=5
2026-01-06 19:17:29,834 - INFO - [GINSLIB] processing : 2020/10/04 04:27:14 Q=5
2026-01-06 19:17:29,856 - INFO - [GINSLIB] processing : 2020/10/04 04:27:15 Q=5
2026-01-06 19:17:29,857 - INFO - [GINSLIB] processing : 2020/10/04 04:27:16 Q=5
2026-01-06 19:17:29,869 - INFO - [GINSLIB] processing : 2020/10/04 04:27:17 Q=5
2026-01-06 19:17:29,880 - INFO - [GINSLIB] processing : 2020/10/04 04:27:18 Q=5
2026-01-06 19:17:29,891 - INFO - [GINSLIB] processing : 2020/10/04 04:27:19 Q=5
2026-01-06 19:17:29,911 - INFO - [GINSLIB] processing : 2020/10/04 04:27:20 Q=5
2026-01-06 19:17:29,913 - INFO - [GINSLIB] processing : 2020/10/04 04:27:21 Q=5
2026-01-06 19:17:29,925 - INFO - [GINSLIB] processing : 2020/10/04 04:27:22 Q=5
2026-01-06 19:17:29,936 - INFO - [GINSLIB] processing : 2020/10/04 04:27:23 Q=5
2026-01-06 19:17:29,949 - INFO - [GINSLIB] processing : 2020/10/04 04:27:24 Q=5
2026-01-06 19:17:29,959 - INFO - [GINSLIB] processing : 2020/10/04 04:27:25 Q=5
2026-01-06 19:17:29,971 - INFO - [GINSLIB] processing : 2020/10/04 04:27:26 Q=5
2026-01-06 19:17:29,982 - INFO - [GINSLIB] processing : 2020/10/04 04:27:27 Q=5
2026-01-06 19:17:29,991 - INFO - [GINSLIB] processing : 2020/10/04 04:27:28 Q=5
2026-01-06 19:17:30,002 - INFO - [GINSLIB] processing : 2020/10/04 04:27:29 Q=5
2026-01-06 19:17:30,012 - INFO - [GINSLIB] processing : 2020/10/04 04:27:30 Q=5
2026-01-06 19:17:30,020 - INFO - [GINSLIB] processing : 2020/10/04 04:27:31 Q=5
2026-01-06 19:17:30,033 - INFO - [GINSLIB] processing : 2020/10/04 04:27:32 Q=5
2026-01-06 19:17:30,043 - INFO - [GINSLIB] processing : 2020/10/04 04:27:33 Q=5
2026-01-06 19:17:30,053 - INFO - [GINSLIB] processing : 2020/10/04 04:27:34 Q=5
2026-01-06 19:17:30,065 - INFO - [GINSLIB] processing : 2020/10/04 04:27:35 Q=5
2026-01-06 19:17:30,075 - INFO - [GINSLIB] processing : 2020/10/04 04:27:36 Q=5
2026-01-06 19:17:30,086 - INFO - [GINSLIB] processing : 2020/10/04 04:27:37 Q=5
2026-01-06 19:17:30,097 - INFO - [GINSLIB] processing : 2020/10/04 04:27:38 Q=5
2026-01-06 19:17:30,107 - INFO - [GINSLIB] processing : 2020/10/04 04:27:39 Q=5
2026-01-06 19:17:30,119 - INFO - [GINSLIB] processing : 2020/10/04 04:27:40 Q=5
2026-01-06 19:17:30,137 - INFO - [GINSLIB] processing : 2020/10/04 04:27:41 Q=5
2026-01-06 19:17:30,138 - INFO - [GINSLIB] processing : 2020/10/04 04:27:42 Q=5
2026-01-06 19:17:30,149 - INFO - [GINSLIB] processing : 2020/10/04 04:27:43 Q=5
2026-01-06 19:17:30,159 - INFO - [GINSLIB] processing : 2020/10/04 04:27:44 Q=5
2026-01-06 19:17:30,170 - INFO - [GINSLIB] processing : 2020/10/04 04:27:45 Q=5
2026-01-06 19:17:30,188 - INFO - [GINSLIB] processing : 2020/10/04 04:27:46 Q=5
2026-01-06 19:17:30,190 - INFO - [GINSLIB] processing : 2020/10/04 04:27:47 Q=5
2026-01-06 19:17:30,201 - INFO - [GINSLIB] processing : 2020/10/04 04:27:48 Q=5
2026-01-06 19:17:30,213 - INFO - [GINSLIB] processing : 2020/10/04 04:27:49 Q=5
2026-01-06 19:17:30,223 - INFO - [GINSLIB] processing : 2020/10/04 04:27:50 Q=5
2026-01-06 19:17:30,241 - INFO - [GINSLIB] processing : 2020/10/04 04:27:51 Q=5
2026-01-06 19:17:30,243 - INFO - [GINSLIB] processing : 2020/10/04 04:27:52 Q=5
2026-01-06 19:17:30,253 - INFO - [GINSLIB] processing : 2020/10/04 04:27:53 Q=5
2026-01-06 19:17:30,263 - INFO - [GINSLIB] processing : 2020/10/04 04:27:54 Q=5
2026-01-06 19:17:30,274 - INFO - [GINSLIB] processing : 2020/10/04 04:27:55 Q=5
2026-01-06 19:17:30,284 - INFO - [GINSLIB] processing : 2020/10/04 04:27:56 Q=5
2026-01-06 19:17:30,294 - INFO - [GINSLIB] processing : 2020/10/04 04:27:57 Q=5
2026-01-06 19:17:30,305 - INFO - [GINSLIB] processing : 2020/10/04 04:27:58 Q=5
2026-01-06 19:17:30,315 - INFO - [GINSLIB] processing : 2020/10/04 04:27:59 Q=5
2026-01-06 19:17:30,327 - INFO - [GINSLIB] processing : 2020/10/04 04:28:00 Q=5
2026-01-06 19:17:30,338 - INFO - [GINSLIB] processing : 2020/10/04 04:28:01 Q=5
2026-01-06 19:17:30,347 - INFO - [GINSLIB] processing : 2020/10/04 04:28:02 Q=5
2026-01-06 19:17:30,358 - INFO - [GINSLIB] processing : 2020/10/04 04:28:03 Q=5
2026-01-06 19:17:30,369 - INFO - [GINSLIB] processing : 2020/10/04 04:28:04 Q=5
2026-01-06 19:17:30,381 - INFO - [GINSLIB] processing : 2020/10/04 04:28:05 Q=5
2026-01-06 19:17:30,393 - INFO - [GINSLIB] processing : 2020/10/04 04:28:06 Q=5
2026-01-06 19:17:30,413 - INFO - [GINSLIB] processing : 2020/10/04 04:28:07 Q=5
2026-01-06 19:17:30,415 - INFO - [GINSLIB] processing : 2020/10/04 04:28:08 Q=5
2026-01-06 19:17:30,427 - INFO - [GINSLIB] processing : 2020/10/04 04:28:09 Q=5
2026-01-06 19:17:30,438 - INFO - [GINSLIB] processing : 2020/10/04 04:28:10 Q=5
2026-01-06 19:17:30,449 - INFO - [GINSLIB] processing : 2020/10/04 04:28:11 Q=5
2026-01-06 19:17:30,472 - INFO - [GINSLIB] processing : 2020/10/04 04:28:12 Q=5
2026-01-06 19:17:30,473 - INFO - [GINSLIB] processing : 2020/10/04 04:28:13 Q=5
2026-01-06 19:17:30,484 - INFO - [GINSLIB] processing : 2020/10/04 04:28:14 Q=5
2026-01-06 19:17:30,495 - INFO - [GINSLIB] processing : 2020/10/04 04:28:15 Q=5
2026-01-06 19:17:30,507 - INFO - [GINSLIB] processing : 2020/10/04 04:28:16 Q=5
2026-01-06 19:17:30,527 - INFO - [GINSLIB] processing : 2020/10/04 04:28:17 Q=5
2026-01-06 19:17:30,529 - INFO - [GINSLIB] processing : 2020/10/04 04:28:18 Q=5
2026-01-06 19:17:30,540 - INFO - [GINSLIB] processing : 2020/10/04 04:28:19 Q=5
2026-01-06 19:17:30,553 - INFO - [GINSLIB] processing : 2020/10/04 04:28:20 Q=5
2026-01-06 19:17:30,563 - INFO - [GINSLIB] processing : 2020/10/04 04:28:21 Q=5
2026-01-06 19:17:30,584 - INFO - [GINSLIB] processing : 2020/10/04 04:28:22 Q=5
2026-01-06 19:17:30,585 - INFO - [GINSLIB] processing : 2020/10/04 04:28:23 Q=5
2026-01-06 19:17:30,596 - INFO - [GINSLIB] processing : 2020/10/04 04:28:24 Q=5
2026-01-06 19:17:30,608 - INFO - [GINSLIB] processing : 2020/10/04 04:28:25 Q=5
2026-01-06 19:17:30,619 - INFO - [GINSLIB] processing : 2020/10/04 04:28:26 Q=5
2026-01-06 19:17:30,629 - INFO - [GINSLIB] processing : 2020/10/04 04:28:27 Q=5
2026-01-06 19:17:30,638 - INFO - [GINSLIB] processing : 2020/10/04 04:28:28 Q=5
2026-01-06 19:17:30,648 - INFO - [GINSLIB] processing : 2020/10/04 04:28:29 Q=5
2026-01-06 19:17:30,659 - INFO - [GINSLIB] processing : 2020/10/04 04:28:30 Q=5
2026-01-06 19:17:30,668 - INFO - [GINSLIB] processing : 2020/10/04 04:28:31 Q=5
2026-01-06 19:17:30,679 - INFO - [GINSLIB] processing : 2020/10/04 04:28:32 Q=5
2026-01-06 19:17:30,688 - INFO - [GINSLIB] processing : 2020/10/04 04:28:33 Q=5
2026-01-06 19:17:30,701 - INFO - [GINSLIB] processing : 2020/10/04 04:28:34 Q=5
2026-01-06 19:17:30,711 - INFO - [GINSLIB] processing : 2020/10/04 04:28:35 Q=5
2026-01-06 19:17:30,723 - INFO - [GINSLIB] processing : 2020/10/04 04:28:36 Q=5
2026-01-06 19:17:30,735 - INFO - [GINSLIB] processing : 2020/10/04 04:28:37 Q=5
2026-01-06 19:17:30,755 - INFO - [GINSLIB] processing : 2020/10/04 04:28:38 Q=5
2026-01-06 19:17:30,756 - INFO - [GINSLIB] processing : 2020/10/04 04:28:39 Q=5
2026-01-06 19:17:30,767 - INFO - [GINSLIB] processing : 2020/10/04 04:28:40 Q=5
2026-01-06 19:17:30,777 - INFO - [GINSLIB] processing : 2020/10/04 04:28:41 Q=5
2026-01-06 19:17:30,789 - INFO - [GINSLIB] processing : 2020/10/04 04:28:42 Q=5
2026-01-06 19:17:30,809 - INFO - [GINSLIB] processing : 2020/10/04 04:28:43 Q=5
2026-01-06 19:17:30,810 - INFO - [GINSLIB] processing : 2020/10/04 04:28:44 Q=5
2026-01-06 19:17:30,821 - INFO - [GINSLIB] processing : 2020/10/04 04:28:45 Q=5
2026-01-06 19:17:30,834 - INFO - [GINSLIB] processing : 2020/10/04 04:28:46 Q=5
2026-01-06 19:17:30,845 - INFO - [GINSLIB] processing : 2020/10/04 04:28:47 Q=5
2026-01-06 19:17:30,867 - INFO - [GINSLIB] processing : 2020/10/04 04:28:48 Q=5
2026-01-06 19:17:30,868 - INFO - [GINSLIB] processing : 2020/10/04 04:28:49 Q=5
2026-01-06 19:17:30,880 - INFO - [GINSLIB] processing : 2020/10/04 04:28:50 Q=5
2026-01-06 19:17:30,891 - INFO - [GINSLIB] processing : 2020/10/04 04:28:51 Q=5
2026-01-06 19:17:30,903 - INFO - [GINSLIB] processing : 2020/10/04 04:28:52 Q=5
2026-01-06 19:17:30,914 - INFO - [GINSLIB] processing : 2020/10/04 04:28:53 Q=5
2026-01-06 19:17:30,925 - INFO - [GINSLIB] processing : 2020/10/04 04:28:54 Q=5
2026-01-06 19:17:30,937 - INFO - [GINSLIB] processing : 2020/10/04 04:28:55 Q=5
2026-01-06 19:17:30,949 - INFO - [GINSLIB] processing : 2020/10/04 04:28:56 Q=5
2026-01-06 19:17:30,961 - INFO - [GINSLIB] processing : 2020/10/04 04:28:57 Q=5
2026-01-06 19:17:30,973 - INFO - [GINSLIB] processing : 2020/10/04 04:28:58 Q=5
2026-01-06 19:17:30,983 - INFO - [GINSLIB] processing : 2020/10/04 04:28:59 Q=5
2026-01-06 19:17:30,993 - INFO - [GINSLIB] processing : 2020/10/04 04:29:00 Q=5
2026-01-06 19:17:31,005 - INFO - [GINSLIB] processing : 2020/10/04 04:29:01 Q=5
2026-01-06 19:17:31,018 - INFO - [GINSLIB] processing : 2020/10/04 04:29:02 Q=5
2026-01-06 19:17:31,028 - INFO - [GINSLIB] processing : 2020/10/04 04:29:03 Q=5
2026-01-06 19:17:31,039 - INFO - [GINSLIB] processing : 2020/10/04 04:29:04 Q=5
2026-01-06 19:17:31,050 - INFO - [GINSLIB] processing : 2020/10/04 04:29:05 Q=5
2026-01-06 19:17:31,060 - INFO - [GINSLIB] processing : 2020/10/04 04:29:06 Q=5
2026-01-06 19:17:31,071 - INFO - [GINSLIB] processing : 2020/10/04 04:29:07 Q=5
2026-01-06 19:17:31,080 - INFO - [GINSLIB] processing : 2020/10/04 04:29:08 Q=5
2026-01-06 19:17:31,099 - INFO - [GINSLIB] processing : 2020/10/04 04:29:09 Q=5
2026-01-06 19:17:31,100 - INFO - [GINSLIB] processing : 2020/10/04 04:29:10 Q=5
2026-01-06 19:17:31,110 - INFO - [GINSLIB] processing : 2020/10/04 04:29:11 Q=5
2026-01-06 19:17:31,120 - INFO - [GINSLIB] processing : 2020/10/04 04:29:12 Q=5
2026-01-06 19:17:31,131 - INFO - [GINSLIB] processing : 2020/10/04 04:29:13 Q=5
2026-01-06 19:17:31,148 - INFO - [GINSLIB] processing : 2020/10/04 04:29:14 Q=5
2026-01-06 19:17:31,150 - INFO - [GINSLIB] processing : 2020/10/04 04:29:15 Q=5
2026-01-06 19:17:31,161 - INFO - [GINSLIB] processing : 2020/10/04 04:29:16 Q=5
2026-01-06 19:17:31,172 - INFO - [GINSLIB] processing : 2020/10/04 04:29:17 Q=5
2026-01-06 19:17:31,181 - INFO - [GINSLIB] processing : 2020/10/04 04:29:18 Q=5
2026-01-06 19:17:31,200 - INFO - [GINSLIB] processing : 2020/10/04 04:29:19 Q=5
2026-01-06 19:17:31,202 - INFO - [GINSLIB] processing : 2020/10/04 04:29:20 Q=5
2026-01-06 19:17:31,211 - INFO - [GINSLIB] processing : 2020/10/04 04:29:21 Q=5
2026-01-06 19:17:31,223 - INFO - [GINSLIB] processing : 2020/10/04 04:29:22 Q=5
2026-01-06 19:17:31,233 - INFO - [GINSLIB] processing : 2020/10/04 04:29:23 Q=5
2026-01-06 19:17:31,244 - INFO - [GINSLIB] processing : 2020/10/04 04:29:24 Q=5
2026-01-06 19:17:31,254 - INFO - [GINSLIB] processing : 2020/10/04 04:29:25 Q=5
2026-01-06 19:17:31,265 - INFO - [GINSLIB] processing : 2020/10/04 04:29:26 Q=5
2026-01-06 19:17:31,275 - INFO - [GINSLIB] processing : 2020/10/04 04:29:27 Q=5
2026-01-06 19:17:31,287 - INFO - [GINSLIB] processing : 2020/10/04 04:29:28 Q=5
2026-01-06 19:17:31,297 - INFO - [GINSLIB] processing : 2020/10/04 04:29:29 Q=5
2026-01-06 19:17:31,306 - INFO - [GINSLIB] processing : 2020/10/04 04:29:30 Q=5
2026-01-06 19:17:31,319 - INFO - [GINSLIB] processing : 2020/10/04 04:29:31 Q=5
2026-01-06 19:17:31,328 - INFO - [GINSLIB] processing : 2020/10/04 04:29:32 Q=5
2026-01-06 19:17:31,339 - INFO - [GINSLIB] processing : 2020/10/04 04:29:33 Q=5
2026-01-06 19:17:31,350 - INFO - [GINSLIB] processing : 2020/10/04 04:29:34 Q=5
2026-01-06 19:17:31,361 - INFO - [GINSLIB] processing : 2020/10/04 04:29:35 Q=5
2026-01-06 19:17:31,371 - INFO - [GINSLIB] processing : 2020/10/04 04:29:36 Q=5
2026-01-06 19:17:31,381 - INFO - [GINSLIB] processing : 2020/10/04 04:29:37 Q=5
2026-01-06 19:17:31,392 - INFO - [GINSLIB] processing : 2020/10/04 04:29:38 Q=5
2026-01-06 19:17:31,404 - INFO - [GINSLIB] processing : 2020/10/04 04:29:39 Q=5
2026-01-06 19:17:31,422 - INFO - [GINSLIB] processing : 2020/10/04 04:29:40 Q=5
2026-01-06 19:17:31,423 - INFO - [GINSLIB] processing : 2020/10/04 04:29:41 Q=5
2026-01-06 19:17:31,434 - INFO - [GINSLIB] processing : 2020/10/04 04:29:42 Q=5
2026-01-06 19:17:31,446 - INFO - [GINSLIB] processing : 2020/10/04 04:29:43 Q=5
2026-01-06 19:17:31,456 - INFO - [GINSLIB] processing : 2020/10/04 04:29:44 Q=5
2026-01-06 19:17:31,475 - INFO - [GINSLIB] processing : 2020/10/04 04:29:45 Q=5
2026-01-06 19:17:31,476 - INFO - [GINSLIB] processing : 2020/10/04 04:29:46 Q=5
2026-01-06 19:17:31,487 - INFO - [GINSLIB] processing : 2020/10/04 04:29:47 Q=5
2026-01-06 19:17:31,500 - INFO - [GINSLIB] processing : 2020/10/04 04:29:48 Q=5
2026-01-06 19:17:31,510 - INFO - [GINSLIB] processing : 2020/10/04 04:29:49 Q=5
2026-01-06 19:17:31,527 - INFO - [GINSLIB] processing : 2020/10/04 04:29:50 Q=5
2026-01-06 19:17:31,529 - INFO - [GINSLIB] processing : 2020/10/04 04:29:51 Q=5
2026-01-06 19:17:31,539 - INFO - [GINSLIB] processing : 2020/10/04 04:29:52 Q=5
2026-01-06 19:17:31,550 - INFO - [GINSLIB] processing : 2020/10/04 04:29:53 Q=5
2026-01-06 19:17:31,562 - INFO - [GINSLIB] processing : 2020/10/04 04:29:54 Q=5
2026-01-06 19:17:31,574 - INFO - [GINSLIB] processing : 2020/10/04 04:29:55 Q=5
2026-01-06 19:17:31,583 - INFO - [GINSLIB] processing : 2020/10/04 04:29:56 Q=5
2026-01-06 19:17:31,595 - INFO - [GINSLIB] processing : 2020/10/04 04:29:57 Q=5
2026-01-06 19:17:31,605 - INFO - [GINSLIB] processing : 2020/10/04 04:29:58 Q=5
2026-01-06 19:17:31,615 - INFO - [GINSLIB] processing : 2020/10/04 04:29:59 Q=5
2026-01-06 19:17:31,628 - INFO - [GINSLIB] processing : 2020/10/04 04:30:00 Q=5
2026-01-06 19:17:31,637 - INFO - [GINSLIB] processing : 2020/10/04 04:30:01 Q=5
2026-01-06 19:17:31,647 - INFO - [GINSLIB] processing : 2020/10/04 04:30:02 Q=5
2026-01-06 19:17:31,660 - INFO - [GINSLIB] processing : 2020/10/04 04:30:03 Q=5
2026-01-06 19:17:31,671 - INFO - [GINSLIB] processing : 2020/10/04 04:30:04 Q=5
2026-01-06 19:17:31,682 - INFO - [GINSLIB] processing : 2020/10/04 04:30:05 Q=5
2026-01-06 19:17:31,694 - INFO - [GINSLIB] processing : 2020/10/04 04:30:06 Q=5
2026-01-06 19:17:31,706 - INFO - [GINSLIB] processing : 2020/10/04 04:30:07 Q=5
2026-01-06 19:17:31,718 - INFO - [GINSLIB] processing : 2020/10/04 04:30:08 Q=5
2026-01-06 19:17:31,730 - INFO - [GINSLIB] processing : 2020/10/04 04:30:09 Q=5
2026-01-06 19:17:31,743 - INFO - [GINSLIB] processing : 2020/10/04 04:30:10 Q=5
2026-01-06 19:17:31,764 - INFO - [GINSLIB] processing : 2020/10/04 04:30:11 Q=5
2026-01-06 19:17:31,766 - INFO - [GINSLIB] processing : 2020/10/04 04:30:12 Q=5
2026-01-06 19:17:31,778 - INFO - [GINSLIB] processing : 2020/10/04 04:30:13 Q=5
2026-01-06 19:17:31,789 - INFO - [GINSLIB] processing : 2020/10/04 04:30:14 Q=5
2026-01-06 19:17:31,801 - INFO - [GINSLIB] processing : 2020/10/04 04:30:15 Q=5
2026-01-06 19:17:31,821 - INFO - [GINSLIB] processing : 2020/10/04 04:30:16 Q=5
2026-01-06 19:17:31,823 - INFO - [GINSLIB] processing : 2020/10/04 04:30:17 Q=5
2026-01-06 19:17:31,835 - INFO - [GINSLIB] processing : 2020/10/04 04:30:18 Q=5
2026-01-06 19:17:31,845 - INFO - [GINSLIB] processing : 2020/10/04 04:30:19 Q=5
2026-01-06 19:17:31,860 - INFO - [GINSLIB] processing : 2020/10/04 04:30:20 Q=5
2026-01-06 19:17:31,881 - INFO - [GINSLIB] processing : 2020/10/04 04:30:21 Q=5
2026-01-06 19:17:31,884 - INFO - [GINSLIB] processing : 2020/10/04 04:30:22 Q=5
2026-01-06 19:17:31,895 - INFO - [GINSLIB] processing : 2020/10/04 04:30:23 Q=5
2026-01-06 19:17:31,909 - INFO - [GINSLIB] processing : 2020/10/04 04:30:24 Q=5
2026-01-06 19:17:31,922 - INFO - [GINSLIB] processing : 2020/10/04 04:30:25 Q=5
2026-01-06 19:17:31,935 - INFO - [GINSLIB] processing : 2020/10/04 04:30:26 Q=5
2026-01-06 19:17:31,945 - INFO - [GINSLIB] processing : 2020/10/04 04:30:27 Q=5
2026-01-06 19:17:31,955 - INFO - [GINSLIB] processing : 2020/10/04 04:30:28 Q=5
2026-01-06 19:17:31,966 - INFO - [GINSLIB] processing : 2020/10/04 04:30:29 Q=5
2026-01-06 19:17:31,976 - INFO - [GINSLIB] processing : 2020/10/04 04:30:30 Q=5
2026-01-06 19:17:31,987 - INFO - [GINSLIB] processing : 2020/10/04 04:30:31 Q=5
2026-01-06 19:17:31,997 - INFO - [GINSLIB] processing : 2020/10/04 04:30:32 Q=5
2026-01-06 19:17:32,008 - INFO - [GINSLIB] processing : 2020/10/04 04:30:33 Q=5
2026-01-06 19:17:32,019 - INFO - [GINSLIB] processing : 2020/10/04 04:30:34 Q=5
2026-01-06 19:17:32,030 - INFO - [GINSLIB] processing : 2020/10/04 04:30:35 Q=5
2026-01-06 19:17:32,041 - INFO - [GINSLIB] processing : 2020/10/04 04:30:36 Q=5
2026-01-06 19:17:32,050 - INFO - [GINSLIB] processing : 2020/10/04 04:30:37 Q=5
2026-01-06 19:17:32,061 - INFO - [GINSLIB] processing : 2020/10/04 04:30:38 Q=5
2026-01-06 19:17:32,072 - INFO - [GINSLIB] processing : 2020/10/04 04:30:39 Q=5
2026-01-06 19:17:32,083 - INFO - [GINSLIB] processing : 2020/10/04 04:30:40 Q=5
2026-01-06 19:17:32,094 - INFO - [GINSLIB] processing : 2020/10/04 04:30:41 Q=5
2026-01-06 19:17:32,114 - INFO - [GINSLIB] processing : 2020/10/04 04:30:42 Q=5
2026-01-06 19:17:32,116 - INFO - [GINSLIB] processing : 2020/10/04 04:30:43 Q=5
2026-01-06 19:17:32,128 - INFO - [GINSLIB] processing : 2020/10/04 04:30:44 Q=5
2026-01-06 19:17:32,139 - INFO - [GINSLIB] processing : 2020/10/04 04:30:45 Q=5
2026-01-06 19:17:32,150 - INFO - [GINSLIB] processing : 2020/10/04 04:30:46 Q=5
2026-01-06 19:17:32,170 - INFO - [GINSLIB] processing : 2020/10/04 04:30:47 Q=5
2026-01-06 19:17:32,171 - INFO - [GINSLIB] processing : 2020/10/04 04:30:48 Q=5
2026-01-06 19:17:32,181 - INFO - [GINSLIB] processing : 2020/10/04 04:30:49 Q=5
2026-01-06 19:17:32,192 - INFO - [GINSLIB] processing : 2020/10/04 04:30:50 Q=5
2026-01-06 19:17:32,203 - INFO - [GINSLIB] processing : 2020/10/04 04:30:51 Q=5
2026-01-06 19:17:32,224 - INFO - [GINSLIB] processing : 2020/10/04 04:30:52 Q=5
2026-01-06 19:17:32,225 - INFO - [GINSLIB] processing : 2020/10/04 04:30:53 Q=5
2026-01-06 19:17:32,235 - INFO - [GINSLIB] processing : 2020/10/04 04:30:54 Q=5
2026-01-06 19:17:32,246 - INFO - [GINSLIB] processing : 2020/10/04 04:30:55 Q=5
2026-01-06 19:17:32,257 - INFO - [GINSLIB] processing : 2020/10/04 04:30:56 Q=5
2026-01-06 19:17:32,268 - INFO - [GINSLIB] processing : 2020/10/04 04:30:57 Q=5
2026-01-06 19:17:32,278 - INFO - [GINSLIB] processing : 2020/10/04 04:30:58 Q=5
2026-01-06 19:17:32,288 - INFO - [GINSLIB] processing : 2020/10/04 04:30:59 Q=5
2026-01-06 19:17:32,299 - INFO - [GINSLIB] processing : 2020/10/04 04:31:00 Q=5
2026-01-06 19:17:32,311 - INFO - [GINSLIB] processing : 2020/10/04 04:31:01 Q=5
2026-01-06 19:17:32,322 - INFO - [GINSLIB] processing : 2020/10/04 04:31:02 Q=5
2026-01-06 19:17:32,333 - INFO - [GINSLIB] processing : 2020/10/04 04:31:03 Q=5
2026-01-06 19:17:32,342 - INFO - [GINSLIB] processing : 2020/10/04 04:31:04 Q=5
2026-01-06 19:17:32,352 - INFO - [GINSLIB] processing : 2020/10/04 04:31:05 Q=5
2026-01-06 19:17:32,363 - INFO - [GINSLIB] processing : 2020/10/04 04:31:06 Q=5
2026-01-06 19:17:32,376 - INFO - [GINSLIB] processing : 2020/10/04 04:31:07 Q=5
2026-01-06 19:17:32,394 - INFO - [GINSLIB] processing : 2020/10/04 04:31:08 Q=5
2026-01-06 19:17:32,395 - INFO - [GINSLIB] processing : 2020/10/04 04:31:09 Q=5
2026-01-06 19:17:32,407 - INFO - [GINSLIB] processing : 2020/10/04 04:31:10 Q=5
2026-01-06 19:17:32,419 - INFO - [GINSLIB] processing : 2020/10/04 04:31:11 Q=5
2026-01-06 19:17:32,430 - INFO - [GINSLIB] processing : 2020/10/04 04:31:12 Q=5
2026-01-06 19:17:32,450 - INFO - [GINSLIB] processing : 2020/10/04 04:31:13 Q=5
2026-01-06 19:17:32,451 - INFO - [GINSLIB] processing : 2020/10/04 04:31:14 Q=5
2026-01-06 19:17:32,464 - INFO - [GINSLIB] processing : 2020/10/04 04:31:15 Q=5
2026-01-06 19:17:32,475 - INFO - [GINSLIB] processing : 2020/10/04 04:31:16 Q=5
2026-01-06 19:17:32,487 - INFO - [GINSLIB] processing : 2020/10/04 04:31:17 Q=5
2026-01-06 19:17:32,507 - INFO - [GINSLIB] processing : 2020/10/04 04:31:18 Q=5
2026-01-06 19:17:32,509 - INFO - [GINSLIB] processing : 2020/10/04 04:31:19 Q=5
2026-01-06 19:17:32,520 - INFO - [GINSLIB] processing : 2020/10/04 04:31:20 Q=5
2026-01-06 19:17:32,531 - INFO - [GINSLIB] processing : 2020/10/04 04:31:21 Q=5
2026-01-06 19:17:32,543 - INFO - [GINSLIB] processing : 2020/10/04 04:31:22 Q=5
2026-01-06 19:17:32,564 - INFO - [GINSLIB] processing : 2020/10/04 04:31:23 Q=5
2026-01-06 19:17:32,565 - INFO - [GINSLIB] processing : 2020/10/04 04:31:24 Q=5
2026-01-06 19:17:32,577 - INFO - [GINSLIB] processing : 2020/10/04 04:31:25 Q=5
2026-01-06 19:17:32,589 - INFO - [GINSLIB] processing : 2020/10/04 04:31:26 Q=5
2026-01-06 19:17:32,601 - INFO - [GINSLIB] processing : 2020/10/04 04:31:27 Q=5
2026-01-06 19:17:32,612 - INFO - [GINSLIB] processing : 2020/10/04 04:31:28 Q=5
2026-01-06 19:17:32,624 - INFO - [GINSLIB] processing : 2020/10/04 04:31:29 Q=5
2026-01-06 19:17:32,635 - INFO - [GINSLIB] processing : 2020/10/04 04:31:30 Q=5
2026-01-06 19:17:32,646 - INFO - [GINSLIB] processing : 2020/10/04 04:31:31 Q=5
2026-01-06 19:17:32,658 - INFO - [GINSLIB] processing : 2020/10/04 04:31:32 Q=5
2026-01-06 19:17:32,669 - INFO - [GINSLIB] processing : 2020/10/04 04:31:33 Q=5
2026-01-06 19:17:32,678 - INFO - [GINSLIB] processing : 2020/10/04 04:31:34 Q=5
2026-01-06 19:17:32,689 - INFO - [GINSLIB] processing : 2020/10/04 04:31:35 Q=5
2026-01-06 19:17:32,701 - INFO - [GINSLIB] processing : 2020/10/04 04:31:36 Q=5
2026-01-06 19:17:32,713 - INFO - [GINSLIB] processing : 2020/10/04 04:31:37 Q=5
2026-01-06 19:17:32,724 - INFO - [GINSLIB] processing : 2020/10/04 04:31:38 Q=5
2026-01-06 19:17:32,744 - INFO - [GINSLIB] processing : 2020/10/04 04:31:39 Q=5
2026-01-06 19:17:32,745 - INFO - [GINSLIB] processing : 2020/10/04 04:31:40 Q=5
2026-01-06 19:17:32,757 - INFO - [GINSLIB] processing : 2020/10/04 04:31:41 Q=5
2026-01-06 19:17:32,768 - INFO - [GINSLIB] processing : 2020/10/04 04:31:42 Q=5
2026-01-06 19:17:32,780 - INFO - [GINSLIB] processing : 2020/10/04 04:31:43 Q=5
2026-01-06 19:17:32,801 - INFO - [GINSLIB] processing : 2020/10/04 04:31:44 Q=5
2026-01-06 19:17:32,803 - INFO - [GINSLIB] processing : 2020/10/04 04:31:45 Q=5
2026-01-06 19:17:32,814 - INFO - [GINSLIB] processing : 2020/10/04 04:31:46 Q=5
2026-01-06 19:17:32,826 - INFO - [GINSLIB] processing : 2020/10/04 04:31:47 Q=5
2026-01-06 19:17:32,840 - INFO - [GINSLIB] processing : 2020/10/04 04:31:48 Q=5
2026-01-06 19:17:32,860 - INFO - [GINSLIB] processing : 2020/10/04 04:31:49 Q=5
2026-01-06 19:17:32,861 - INFO - [GINSLIB] processing : 2020/10/04 04:31:50 Q=5
2026-01-06 19:17:32,872 - INFO - [GINSLIB] processing : 2020/10/04 04:31:51 Q=5
2026-01-06 19:17:32,884 - INFO - [GINSLIB] processing : 2020/10/04 04:31:52 Q=5
2026-01-06 19:17:32,895 - INFO - [GINSLIB] processing : 2020/10/04 04:31:53 Q=5
2026-01-06 19:17:32,907 - INFO - [GINSLIB] processing : 2020/10/04 04:31:54 Q=5
2026-01-06 19:17:32,918 - INFO - [GINSLIB] processing : 2020/10/04 04:31:55 Q=5
2026-01-06 19:17:32,929 - INFO - [GINSLIB] processing : 2020/10/04 04:31:56 Q=5
2026-01-06 19:17:32,940 - INFO - [GINSLIB] processing : 2020/10/04 04:31:57 Q=5
2026-01-06 19:17:32,951 - INFO - [GINSLIB] processing : 2020/10/04 04:31:58 Q=5
2026-01-06 19:17:32,962 - INFO - [GINSLIB] processing : 2020/10/04 04:31:59 Q=5
2026-01-06 19:17:32,971 - INFO - [GINSLIB] processing : 2020/10/04 04:32:00 Q=5
2026-01-06 19:17:32,982 - INFO - [GINSLIB] processing : 2020/10/04 04:32:01 Q=5
2026-01-06 19:17:32,994 - INFO - [GINSLIB] processing : 2020/10/04 04:32:02 Q=5
2026-01-06 19:17:33,005 - INFO - [GINSLIB] processing : 2020/10/04 04:32:03 Q=5
2026-01-06 19:17:33,016 - INFO - [GINSLIB] processing : 2020/10/04 04:32:04 Q=5
2026-01-06 19:17:33,026 - INFO - [GINSLIB] processing : 2020/10/04 04:32:05 Q=5
2026-01-06 19:17:33,038 - INFO - [GINSLIB] processing : 2020/10/04 04:32:06 Q=5
2026-01-06 19:17:33,048 - INFO - [GINSLIB] processing : 2020/10/04 04:32:07 Q=5
2026-01-06 19:17:33,060 - INFO - [GINSLIB] processing : 2020/10/04 04:32:08 Q=5
2026-01-06 19:17:33,071 - INFO - [GINSLIB] processing : 2020/10/04 04:32:09 Q=5
2026-01-06 19:17:33,090 - INFO - [GINSLIB] processing : 2020/10/04 04:32:10 Q=5
2026-01-06 19:17:33,092 - INFO - [GINSLIB] processing : 2020/10/04 04:32:11 Q=5
2026-01-06 19:17:33,104 - INFO - [GINSLIB] processing : 2020/10/04 04:32:12 Q=5
2026-01-06 19:17:33,117 - INFO - [GINSLIB] processing : 2020/10/04 04:32:13 Q=5
2026-01-06 19:17:33,127 - INFO - [GINSLIB] processing : 2020/10/04 04:32:14 Q=5
2026-01-06 19:17:33,147 - INFO - [GINSLIB] processing : 2020/10/04 04:32:15 Q=5
2026-01-06 19:17:33,149 - INFO - [GINSLIB] processing : 2020/10/04 04:32:16 Q=5
2026-01-06 19:17:33,161 - INFO - [GINSLIB] processing : 2020/10/04 04:32:17 Q=5
2026-01-06 19:17:33,172 - INFO - [GINSLIB] processing : 2020/10/04 04:32:18 Q=5
2026-01-06 19:17:33,183 - INFO - [GINSLIB] processing : 2020/10/04 04:32:19 Q=5
2026-01-06 19:17:33,202 - INFO - [GINSLIB] processing : 2020/10/04 04:32:20 Q=5
2026-01-06 19:17:33,203 - INFO - [GINSLIB] processing : 2020/10/04 04:32:21 Q=5
2026-01-06 19:17:33,214 - INFO - [GINSLIB] processing : 2020/10/04 04:32:22 Q=5
2026-01-06 19:17:33,225 - INFO - [GINSLIB] processing : 2020/10/04 04:32:23 Q=5
2026-01-06 19:17:33,236 - INFO - [GINSLIB] processing : 2020/10/04 04:32:24 Q=5
2026-01-06 19:17:33,248 - INFO - [GINSLIB] processing : 2020/10/04 04:32:25 Q=5
2026-01-06 19:17:33,258 - INFO - [GINSLIB] processing : 2020/10/04 04:32:26 Q=5
2026-01-06 19:17:33,269 - INFO - [GINSLIB] processing : 2020/10/04 04:32:27 Q=5
2026-01-06 19:17:33,280 - INFO - [GINSLIB] processing : 2020/10/04 04:32:28 Q=5
2026-01-06 19:17:33,291 - INFO - [GINSLIB] processing : 2020/10/04 04:32:29 Q=5
2026-01-06 19:17:33,303 - INFO - [GINSLIB] processing : 2020/10/04 04:32:30 Q=5
2026-01-06 19:17:33,312 - INFO - [GINSLIB] processing : 2020/10/04 04:32:31 Q=5
2026-01-06 19:17:33,323 - INFO - [GINSLIB] processing : 2020/10/04 04:32:32 Q=5
2026-01-06 19:17:33,334 - INFO - [GINSLIB] processing : 2020/10/04 04:32:33 Q=5
2026-01-06 19:17:33,345 - INFO - [GINSLIB] processing : 2020/10/04 04:32:34 Q=5
2026-01-06 19:17:33,358 - INFO - [GINSLIB] processing : 2020/10/04 04:32:35 Q=5
2026-01-06 19:17:33,369 - INFO - [GINSLIB] processing : 2020/10/04 04:32:36 Q=5
2026-01-06 19:17:33,380 - INFO - [GINSLIB] processing : 2020/10/04 04:32:37 Q=5
2026-01-06 19:17:33,391 - INFO - [GINSLIB] processing : 2020/10/04 04:32:38 Q=5
2026-01-06 19:17:33,404 - INFO - [GINSLIB] processing : 2020/10/04 04:32:39 Q=5
2026-01-06 19:17:33,417 - INFO - [GINSLIB] processing : 2020/10/04 04:32:40 Q=5
2026-01-06 19:17:33,437 - INFO - [GINSLIB] processing : 2020/10/04 04:32:41 Q=5
2026-01-06 19:17:33,439 - INFO - [GINSLIB] processing : 2020/10/04 04:32:42 Q=5
2026-01-06 19:17:33,451 - INFO - [GINSLIB] processing : 2020/10/04 04:32:43 Q=5
2026-01-06 19:17:33,463 - INFO - [GINSLIB] processing : 2020/10/04 04:32:44 Q=5
2026-01-06 19:17:33,476 - INFO - [GINSLIB] processing : 2020/10/04 04:32:45 Q=5
2026-01-06 19:17:33,500 - INFO - [GINSLIB] processing : 2020/10/04 04:32:46 Q=5
2026-01-06 19:17:33,502 - INFO - [GINSLIB] processing : 2020/10/04 04:32:47 Q=5
2026-01-06 19:17:33,514 - INFO - [GINSLIB] processing : 2020/10/04 04:32:48 Q=5
2026-01-06 19:17:33,526 - INFO - [GINSLIB] processing : 2020/10/04 04:32:49 Q=5
2026-01-06 19:17:33,538 - INFO - [GINSLIB] processing : 2020/10/04 04:32:50 Q=5
2026-01-06 19:17:33,560 - INFO - [GINSLIB] processing : 2020/10/04 04:32:51 Q=5
2026-01-06 19:17:33,561 - INFO - [GINSLIB] processing : 2020/10/04 04:32:52 Q=5
2026-01-06 19:17:33,573 - INFO - [GINSLIB] processing : 2020/10/04 04:32:53 Q=5
2026-01-06 19:17:33,584 - INFO - [GINSLIB] processing : 2020/10/04 04:32:54 Q=5
2026-01-06 19:17:33,596 - INFO - [GINSLIB] processing : 2020/10/04 04:32:55 Q=5
2026-01-06 19:17:33,608 - INFO - [GINSLIB] processing : 2020/10/04 04:32:56 Q=5
2026-01-06 19:17:33,619 - INFO - [GINSLIB] processing : 2020/10/04 04:32:57 Q=5
2026-01-06 19:17:33,632 - INFO - [GINSLIB] processing : 2020/10/04 04:32:58 Q=5
2026-01-06 19:17:33,644 - INFO - [GINSLIB] processing : 2020/10/04 04:32:59 Q=5
2026-01-06 19:17:33,656 - INFO - [GINSLIB] processing : 2020/10/04 04:33:00 Q=5
2026-01-06 19:17:33,669 - INFO - [GINSLIB] processing : 2020/10/04 04:33:01 Q=5
2026-01-06 19:17:33,679 - INFO - [GINSLIB] processing : 2020/10/04 04:33:02 Q=5
2026-01-06 19:17:33,691 - INFO - [GINSLIB] processing : 2020/10/04 04:33:03 Q=5
2026-01-06 19:17:33,704 - INFO - [GINSLIB] processing : 2020/10/04 04:33:04 Q=5
2026-01-06 19:17:33,715 - INFO - [GINSLIB] processing : 2020/10/04 04:33:05 Q=5
2026-01-06 19:17:33,727 - INFO - [GINSLIB] processing : 2020/10/04 04:33:06 Q=5
2026-01-06 19:17:33,737 - INFO - [GINSLIB] processing : 2020/10/04 04:33:07 Q=5
2026-01-06 19:17:33,748 - INFO - [GINSLIB] processing : 2020/10/04 04:33:08 Q=5
2026-01-06 19:17:33,761 - INFO - [GINSLIB] processing : 2020/10/04 04:33:09 Q=5
2026-01-06 19:17:33,773 - INFO - [GINSLIB] processing : 2020/10/04 04:33:10 Q=5
2026-01-06 19:17:33,785 - INFO - [GINSLIB] processing : 2020/10/04 04:33:11 Q=5
2026-01-06 19:17:33,806 - INFO - [GINSLIB] processing : 2020/10/04 04:33:12 Q=5
2026-01-06 19:17:33,807 - INFO - [GINSLIB] processing : 2020/10/04 04:33:13 Q=5
2026-01-06 19:17:33,820 - INFO - [GINSLIB] processing : 2020/10/04 04:33:14 Q=5
2026-01-06 19:17:33,832 - INFO - [GINSLIB] processing : 2020/10/04 04:33:15 Q=5
2026-01-06 19:17:33,843 - INFO - [GINSLIB] processing : 2020/10/04 04:33:16 Q=5
2026-01-06 19:17:33,865 - INFO - [GINSLIB] processing : 2020/10/04 04:33:17 Q=5
2026-01-06 19:17:33,867 - INFO - [GINSLIB] processing : 2020/10/04 04:33:18 Q=5
2026-01-06 19:17:33,878 - INFO - [GINSLIB] processing : 2020/10/04 04:33:19 Q=5
2026-01-06 19:17:33,890 - INFO - [GINSLIB] processing : 2020/10/04 04:33:20 Q=5
2026-01-06 19:17:33,904 - INFO - [GINSLIB] processing : 2020/10/04 04:33:21 Q=5
2026-01-06 19:17:33,925 - INFO - [GINSLIB] processing : 2020/10/04 04:33:22 Q=5
2026-01-06 19:17:33,926 - INFO - [GINSLIB] processing : 2020/10/04 04:33:23 Q=5
2026-01-06 19:17:33,939 - INFO - [GINSLIB] processing : 2020/10/04 04:33:24 Q=5
2026-01-06 19:17:33,951 - INFO - [GINSLIB] processing : 2020/10/04 04:33:25 Q=5
2026-01-06 19:17:33,964 - INFO - [GINSLIB] processing : 2020/10/04 04:33:26 Q=5
2026-01-06 19:17:33,977 - INFO - [GINSLIB] processing : 2020/10/04 04:33:27 Q=5
2026-01-06 19:17:33,988 - INFO - [GINSLIB] processing : 2020/10/04 04:33:28 Q=5
2026-01-06 19:17:33,999 - INFO - [GINSLIB] processing : 2020/10/04 04:33:29 Q=5
2026-01-06 19:17:34,010 - INFO - [GINSLIB] processing : 2020/10/04 04:33:30 Q=5
2026-01-06 19:17:34,022 - INFO - [GINSLIB] processing : 2020/10/04 04:33:31 Q=5
2026-01-06 19:17:34,034 - INFO - [GINSLIB] processing : 2020/10/04 04:33:32 Q=5
2026-01-06 19:17:34,044 - INFO - [GINSLIB] processing : 2020/10/04 04:33:33 Q=5
2026-01-06 19:17:34,057 - INFO - [GINSLIB] processing : 2020/10/04 04:33:34 Q=5
2026-01-06 19:17:34,069 - INFO - [GINSLIB] processing : 2020/10/04 04:33:35 Q=5
2026-01-06 19:17:34,082 - INFO - [GINSLIB] processing : 2020/10/04 04:33:36 Q=5
2026-01-06 19:17:34,094 - INFO - [GINSLIB] processing : 2020/10/04 04:33:37 Q=5
2026-01-06 19:17:34,104 - INFO - [GINSLIB] processing : 2020/10/04 04:33:38 Q=5
2026-01-06 19:17:34,116 - INFO - [GINSLIB] processing : 2020/10/04 04:33:39 Q=5
2026-01-06 19:17:34,126 - INFO - [GINSLIB] processing : 2020/10/04 04:33:40 Q=5
2026-01-06 19:17:34,136 - INFO - [GINSLIB] processing : 2020/10/04 04:33:41 Q=5
2026-01-06 19:17:34,148 - INFO - [GINSLIB] processing : 2020/10/04 04:33:42 Q=5
2026-01-06 19:17:34,167 - INFO - [GINSLIB] processing : 2020/10/04 04:33:43 Q=5
2026-01-06 19:17:34,168 - INFO - [GINSLIB] processing : 2020/10/04 04:33:44 Q=5
2026-01-06 19:17:34,180 - INFO - [GINSLIB] processing : 2020/10/04 04:33:45 Q=5
2026-01-06 19:17:34,190 - INFO - [GINSLIB] processing : 2020/10/04 04:33:46 Q=5
2026-01-06 19:17:34,202 - INFO - [GINSLIB] processing : 2020/10/04 04:33:47 Q=5
2026-01-06 19:17:34,223 - INFO - [GINSLIB] processing : 2020/10/04 04:33:48 Q=5
2026-01-06 19:17:34,224 - INFO - [GINSLIB] processing : 2020/10/04 04:33:49 Q=5
2026-01-06 19:17:34,236 - INFO - [GINSLIB] processing : 2020/10/04 04:33:50 Q=5
2026-01-06 19:17:34,246 - INFO - [GINSLIB] processing : 2020/10/04 04:33:51 Q=5
2026-01-06 19:17:34,256 - INFO - [GINSLIB] processing : 2020/10/04 04:33:52 Q=5
2026-01-06 19:17:34,277 - INFO - [GINSLIB] processing : 2020/10/04 04:33:53 Q=5
2026-01-06 19:17:34,278 - INFO - [GINSLIB] processing : 2020/10/04 04:33:54 Q=5
2026-01-06 19:17:34,287 - INFO - [GINSLIB] processing : 2020/10/04 04:33:55 Q=5
2026-01-06 19:17:34,298 - INFO - [GINSLIB] processing : 2020/10/04 04:33:56 Q=5
2026-01-06 19:17:34,308 - INFO - [GINSLIB] processing : 2020/10/04 04:33:57 Q=5
2026-01-06 19:17:34,319 - INFO - [GINSLIB] processing : 2020/10/04 04:33:58 Q=5
2026-01-06 19:17:34,330 - INFO - [GINSLIB] processing : 2020/10/04 04:33:59 Q=5
2026-01-06 19:17:34,341 - INFO - [GINSLIB] processing : 2020/10/04 04:34:00 Q=5
2026-01-06 19:17:34,352 - INFO - [GINSLIB] processing : 2020/10/04 04:34:01 Q=5
2026-01-06 19:17:34,364 - INFO - [GINSLIB] processing : 2020/10/04 04:34:02 Q=5
2026-01-06 19:17:34,374 - INFO - [GINSLIB] processing : 2020/10/04 04:34:03 Q=5
2026-01-06 19:17:34,383 - INFO - [GINSLIB] processing : 2020/10/04 04:34:04 Q=5
2026-01-06 19:17:34,395 - INFO - [GINSLIB] processing : 2020/10/04 04:34:05 Q=5
2026-01-06 19:17:34,406 - INFO - [GINSLIB] processing : 2020/10/04 04:34:06 Q=5
2026-01-06 19:17:34,417 - INFO - [GINSLIB] processing : 2020/10/04 04:34:07 Q=5
2026-01-06 19:17:34,428 - INFO - [GINSLIB] processing : 2020/10/04 04:34:08 Q=5
2026-01-06 19:17:34,447 - INFO - [GINSLIB] processing : 2020/10/04 04:34:09 Q=5
2026-01-06 19:17:34,449 - INFO - [GINSLIB] processing : 2020/10/04 04:34:10 Q=5
2026-01-06 19:17:34,462 - INFO - [GINSLIB] processing : 2020/10/04 04:34:11 Q=5
2026-01-06 19:17:34,472 - INFO - [GINSLIB] processing : 2020/10/04 04:34:12 Q=5
2026-01-06 19:17:34,484 - INFO - [GINSLIB] processing : 2020/10/04 04:34:13 Q=5
2026-01-06 19:17:34,503 - INFO - [GINSLIB] processing : 2020/10/04 04:34:14 Q=5
2026-01-06 19:17:34,504 - INFO - [GINSLIB] processing : 2020/10/04 04:34:15 Q=5
2026-01-06 19:17:34,516 - INFO - [GINSLIB] processing : 2020/10/04 04:34:16 Q=5
2026-01-06 19:17:34,528 - INFO - [GINSLIB] processing : 2020/10/04 04:34:17 Q=5
2026-01-06 19:17:34,539 - INFO - [GINSLIB] processing : 2020/10/04 04:34:18 Q=5
2026-01-06 19:17:34,558 - INFO - [GINSLIB] processing : 2020/10/04 04:34:19 Q=5
2026-01-06 19:17:34,560 - INFO - [GINSLIB] processing : 2020/10/04 04:34:20 Q=5
2026-01-06 19:17:34,570 - INFO - [GINSLIB] processing : 2020/10/04 04:34:21 Q=5
2026-01-06 19:17:34,582 - INFO - [GINSLIB] processing : 2020/10/04 04:34:22 Q=5
2026-01-06 19:17:34,591 - INFO - [GINSLIB] processing : 2020/10/04 04:34:23 Q=5
2026-01-06 19:17:34,611 - INFO - [GINSLIB] processing : 2020/10/04 04:34:24 Q=5
2026-01-06 19:17:34,612 - INFO - [GINSLIB] processing : 2020/10/04 04:34:25 Q=5
2026-01-06 19:17:34,623 - INFO - [GINSLIB] processing : 2020/10/04 04:34:26 Q=5
2026-01-06 19:17:34,635 - INFO - [GINSLIB] processing : 2020/10/04 04:34:27 Q=5
2026-01-06 19:17:34,649 - INFO - [GINSLIB] processing : 2020/10/04 04:34:28 Q=5
2026-01-06 19:17:34,660 - INFO - [GINSLIB] processing : 2020/10/04 04:34:29 Q=5
2026-01-06 19:17:34,675 - INFO - [GINSLIB] processing : 2020/10/04 04:34:30 Q=5
2026-01-06 19:17:34,690 - INFO - [GINSLIB] processing : 2020/10/04 04:34:31 Q=5
2026-01-06 19:17:34,703 - INFO - [GINSLIB] processing : 2020/10/04 04:34:32 Q=5
2026-01-06 19:17:34,717 - INFO - [GINSLIB] processing : 2020/10/04 04:34:33 Q=5
2026-01-06 19:17:34,730 - INFO - [GINSLIB] processing : 2020/10/04 04:34:34 Q=5
2026-01-06 19:17:34,740 - INFO - [GINSLIB] processing : 2020/10/04 04:34:35 Q=5
2026-01-06 19:17:34,752 - INFO - [GINSLIB] processing : 2020/10/04 04:34:36 Q=5
2026-01-06 19:17:34,764 - INFO - [GINSLIB] processing : 2020/10/04 04:34:37 Q=5
2026-01-06 19:17:34,777 - INFO - [GINSLIB] processing : 2020/10/04 04:34:38 Q=5
2026-01-06 19:17:34,791 - INFO - [GINSLIB] processing : 2020/10/04 04:34:39 Q=5
2026-01-06 19:17:34,814 - INFO - [GINSLIB] processing : 2020/10/04 04:34:40 Q=5
2026-01-06 19:17:34,816 - INFO - [GINSLIB] processing : 2020/10/04 04:34:41 Q=5
2026-01-06 19:17:34,829 - INFO - [GINSLIB] processing : 2020/10/04 04:34:42 Q=5
2026-01-06 19:17:34,841 - INFO - [GINSLIB] processing : 2020/10/04 04:34:43 Q=5
2026-01-06 19:17:34,854 - INFO - [GINSLIB] processing : 2020/10/04 04:34:44 Q=5
2026-01-06 19:17:34,873 - INFO - [GINSLIB] processing : 2020/10/04 04:34:45 Q=5
2026-01-06 19:17:34,875 - INFO - [GINSLIB] processing : 2020/10/04 04:34:46 Q=5
2026-01-06 19:17:34,887 - INFO - [GINSLIB] processing : 2020/10/04 04:34:47 Q=5
2026-01-06 19:17:34,900 - INFO - [GINSLIB] processing : 2020/10/04 04:34:48 Q=5
2026-01-06 19:17:34,913 - INFO - [GINSLIB] processing : 2020/10/04 04:34:49 Q=5
2026-01-06 19:17:34,934 - INFO - [GINSLIB] processing : 2020/10/04 04:34:50 Q=5
2026-01-06 19:17:34,936 - INFO - [GINSLIB] processing : 2020/10/04 04:34:51 Q=5
2026-01-06 19:17:34,949 - INFO - [GINSLIB] processing : 2020/10/04 04:34:52 Q=5
2026-01-06 19:17:34,962 - INFO - [GINSLIB] processing : 2020/10/04 04:34:53 Q=5
2026-01-06 19:17:34,977 - INFO - [GINSLIB] processing : 2020/10/04 04:34:54 Q=5
2026-01-06 19:17:34,990 - INFO - [GINSLIB] processing : 2020/10/04 04:34:55 Q=5
2026-01-06 19:17:35,001 - INFO - [GINSLIB] processing : 2020/10/04 04:34:56 Q=5
2026-01-06 19:17:35,013 - INFO - [GINSLIB] processing : 2020/10/04 04:34:57 Q=5
2026-01-06 19:17:35,025 - INFO - [GINSLIB] processing : 2020/10/04 04:34:58 Q=5
2026-01-06 19:17:35,039 - INFO - [GINSLIB] processing : 2020/10/04 04:34:59 Q=5
2026-01-06 19:17:35,051 - INFO - [GINSLIB] processing : 2020/10/04 04:35:00 Q=5
2026-01-06 19:17:35,061 - INFO - [GINSLIB] processing : 2020/10/04 04:35:01 Q=5
2026-01-06 19:17:35,074 - INFO - [GINSLIB] processing : 2020/10/04 04:35:02 Q=5
2026-01-06 19:17:35,086 - INFO - [GINSLIB] processing : 2020/10/04 04:35:03 Q=5
2026-01-06 19:17:35,096 - INFO - [GINSLIB] processing : 2020/10/04 04:35:04 Q=5
2026-01-06 19:17:35,108 - INFO - [GINSLIB] processing : 2020/10/04 04:35:05 Q=5
2026-01-06 19:17:35,118 - INFO - [GINSLIB] processing : 2020/10/04 04:35:06 Q=5
2026-01-06 19:17:35,129 - INFO - [GINSLIB] processing : 2020/10/04 04:35:07 Q=5
2026-01-06 19:17:35,141 - INFO - [GINSLIB] processing : 2020/10/04 04:35:08 Q=5
2026-01-06 19:17:35,153 - INFO - [GINSLIB] processing : 2020/10/04 04:35:09 Q=5
2026-01-06 19:17:35,163 - INFO - [GINSLIB] processing : 2020/10/04 04:35:10 Q=5
2026-01-06 19:17:35,185 - INFO - [GINSLIB] processing : 2020/10/04 04:35:11 Q=5
2026-01-06 19:17:35,186 - INFO - [GINSLIB] processing : 2020/10/04 04:35:12 Q=5
2026-01-06 19:17:35,198 - INFO - [GINSLIB] processing : 2020/10/04 04:35:13 Q=5
2026-01-06 19:17:35,210 - INFO - [GINSLIB] processing : 2020/10/04 04:35:14 Q=5
2026-01-06 19:17:35,223 - INFO - [GINSLIB] processing : 2020/10/04 04:35:15 Q=5
2026-01-06 19:17:35,246 - INFO - [GINSLIB] processing : 2020/10/04 04:35:16 Q=5
2026-01-06 19:17:35,247 - INFO - [GINSLIB] processing : 2020/10/04 04:35:17 Q=5
2026-01-06 19:17:35,260 - INFO - [GINSLIB] processing : 2020/10/04 04:35:18 Q=5
2026-01-06 19:17:35,285 - INFO - [GINSLIB] processing : 2020/10/04 04:35:19 Q=5
2026-01-06 19:17:35,301 - INFO - [GINSLIB] processing : 2020/10/04 04:35:20 Q=5
2026-01-06 19:17:35,323 - INFO - [GINSLIB] processing : 2020/10/04 04:35:21 Q=5
2026-01-06 19:17:35,324 - INFO - [GINSLIB] processing : 2020/10/04 04:35:22 Q=5
2026-01-06 19:17:35,336 - INFO - [GINSLIB] processing : 2020/10/04 04:35:23 Q=5
2026-01-06 19:17:35,346 - INFO - [GINSLIB] processing : 2020/10/04 04:35:24 Q=5
2026-01-06 19:17:35,357 - INFO - [GINSLIB] processing : 2020/10/04 04:35:25 Q=5
2026-01-06 19:17:35,369 - INFO - [GINSLIB] processing : 2020/10/04 04:35:26 Q=5
2026-01-06 19:17:35,378 - INFO - [GINSLIB] processing : 2020/10/04 04:35:27 Q=5
2026-01-06 19:17:35,389 - INFO - [GINSLIB] processing : 2020/10/04 04:35:28 Q=5
2026-01-06 19:17:35,400 - INFO - [GINSLIB] processing : 2020/10/04 04:35:29 Q=5
2026-01-06 19:17:35,412 - INFO - [GINSLIB] processing : 2020/10/04 04:35:30 Q=5
2026-01-06 19:17:35,423 - INFO - [GINSLIB] processing : 2020/10/04 04:35:31 Q=5
2026-01-06 19:17:35,433 - INFO - [GINSLIB] processing : 2020/10/04 04:35:32 Q=5
2026-01-06 19:17:35,445 - INFO - [GINSLIB] processing : 2020/10/04 04:35:33 Q=5
2026-01-06 19:17:35,455 - INFO - [GINSLIB] processing : 2020/10/04 04:35:34 Q=5
2026-01-06 19:17:35,468 - INFO - [GINSLIB] processing : 2020/10/04 04:35:35 Q=5
2026-01-06 19:17:35,480 - INFO - [GINSLIB] processing : 2020/10/04 04:35:36 Q=5
2026-01-06 19:17:35,490 - INFO - [GINSLIB] processing : 2020/10/04 04:35:37 Q=5
2026-01-06 19:17:35,502 - INFO - [GINSLIB] processing : 2020/10/04 04:35:38 Q=5
2026-01-06 19:17:35,513 - INFO - [GINSLIB] processing : 2020/10/04 04:35:39 Q=5
2026-01-06 19:17:35,523 - INFO - [GINSLIB] processing : 2020/10/04 04:35:40 Q=5
2026-01-06 19:17:35,534 - INFO - [GINSLIB] processing : 2020/10/04 04:35:41 Q=5
2026-01-06 19:17:35,552 - INFO - [GINSLIB] processing : 2020/10/04 04:35:42 Q=5
2026-01-06 19:17:35,554 - INFO - [GINSLIB] processing : 2020/10/04 04:35:43 Q=5
2026-01-06 19:17:35,565 - INFO - [GINSLIB] processing : 2020/10/04 04:35:44 Q=5
2026-01-06 19:17:35,576 - INFO - [GINSLIB] processing : 2020/10/04 04:35:45 Q=5
2026-01-06 19:17:35,587 - INFO - [GINSLIB] processing : 2020/10/04 04:35:46 Q=5
2026-01-06 19:17:35,611 - INFO - [GINSLIB] processing : 2020/10/04 04:35:47 Q=5
2026-01-06 19:17:35,612 - INFO - [GINSLIB] processing : 2020/10/04 04:35:48 Q=5
2026-01-06 19:17:35,624 - INFO - [GINSLIB] processing : 2020/10/04 04:35:49 Q=5
2026-01-06 19:17:35,636 - INFO - [GINSLIB] processing : 2020/10/04 04:35:50 Q=5
2026-01-06 19:17:35,646 - INFO - [GINSLIB] processing : 2020/10/04 04:35:51 Q=5
2026-01-06 19:17:35,669 - INFO - [GINSLIB] processing : 2020/10/04 04:35:52 Q=5
2026-01-06 19:17:35,670 - INFO - [GINSLIB] processing : 2020/10/04 04:35:53 Q=5
2026-01-06 19:17:35,679 - INFO - [GINSLIB] processing : 2020/10/04 04:35:54 Q=5
2026-01-06 19:17:35,691 - INFO - [GINSLIB] processing : 2020/10/04 04:35:55 Q=5
2026-01-06 19:17:35,702 - INFO - [GINSLIB] processing : 2020/10/04 04:35:56 Q=5
2026-01-06 19:17:35,714 - INFO - [GINSLIB] processing : 2020/10/04 04:35:57 Q=5
2026-01-06 19:17:35,727 - INFO - [GINSLIB] processing : 2020/10/04 04:35:58 Q=5
2026-01-06 19:17:35,739 - INFO - [GINSLIB] processing : 2020/10/04 04:35:59 Q=5
2026-01-06 19:17:35,752 - INFO - [GINSLIB] processing : 2020/10/04 04:36:00 Q=5
2026-01-06 19:17:35,763 - INFO - [GINSLIB] processing : 2020/10/04 04:36:01 Q=5
2026-01-06 19:17:35,776 - INFO - [GINSLIB] processing : 2020/10/04 04:36:02 Q=5
2026-01-06 19:17:35,787 - INFO - [GINSLIB] processing : 2020/10/04 04:36:03 Q=5
2026-01-06 19:17:35,798 - INFO - [GINSLIB] processing : 2020/10/04 04:36:04 Q=5
2026-01-06 19:17:35,811 - INFO - [GINSLIB] processing : 2020/10/04 04:36:05 Q=5
2026-01-06 19:17:35,825 - INFO - [GINSLIB] processing : 2020/10/04 04:36:06 Q=5
2026-01-06 19:17:35,839 - INFO - [GINSLIB] processing : 2020/10/04 04:36:07 Q=5
2026-01-06 19:17:35,850 - INFO - [GINSLIB] processing : 2020/10/04 04:36:08 Q=5
2026-01-06 19:17:35,861 - INFO - [GINSLIB] processing : 2020/10/04 04:36:09 Q=5
2026-01-06 19:17:35,875 - INFO - [GINSLIB] processing : 2020/10/04 04:36:10 Q=5
2026-01-06 19:17:35,887 - INFO - [GINSLIB] processing : 2020/10/04 04:36:11 Q=5
2026-01-06 19:17:35,902 - INFO - [GINSLIB] processing : 2020/10/04 04:36:12 Q=5
2026-01-06 19:17:35,925 - INFO - [GINSLIB] processing : 2020/10/04 04:36:13 Q=5
2026-01-06 19:17:35,927 - INFO - [GINSLIB] processing : 2020/10/04 04:36:14 Q=5
2026-01-06 19:17:35,940 - INFO - [GINSLIB] processing : 2020/10/04 04:36:15 Q=5
2026-01-06 19:17:35,955 - INFO - [GINSLIB] processing : 2020/10/04 04:36:16 Q=5
2026-01-06 19:17:35,966 - INFO - [GINSLIB] processing : 2020/10/04 04:36:17 Q=5
2026-01-06 19:17:35,988 - INFO - [GINSLIB] processing : 2020/10/04 04:36:18 Q=5
2026-01-06 19:17:35,991 - INFO - [GINSLIB] processing : 2020/10/04 04:36:19 Q=5
2026-01-06 19:17:36,005 - INFO - [GINSLIB] processing : 2020/10/04 04:36:20 Q=5
2026-01-06 19:17:36,017 - INFO - [GINSLIB] processing : 2020/10/04 04:36:21 Q=5
2026-01-06 19:17:36,030 - INFO - [GINSLIB] processing : 2020/10/04 04:36:22 Q=5
2026-01-06 19:17:36,053 - INFO - [GINSLIB] processing : 2020/10/04 04:36:23 Q=5
2026-01-06 19:17:36,055 - INFO - [GINSLIB] processing : 2020/10/04 04:36:24 Q=5
2026-01-06 19:17:36,065 - INFO - [GINSLIB] processing : 2020/10/04 04:36:25 Q=5
2026-01-06 19:17:36,077 - INFO - [GINSLIB] processing : 2020/10/04 04:36:26 Q=5
2026-01-06 19:17:36,090 - INFO - [GINSLIB] processing : 2020/10/04 04:36:27 Q=5
2026-01-06 19:17:36,101 - INFO - [GINSLIB] processing : 2020/10/04 04:36:28 Q=5
2026-01-06 19:17:36,112 - INFO - [GINSLIB] processing : 2020/10/04 04:36:29 Q=5
2026-01-06 19:17:36,126 - INFO - [GINSLIB] processing : 2020/10/04 04:36:30 Q=5
2026-01-06 19:17:36,139 - INFO - [GINSLIB] processing : 2020/10/04 04:36:31 Q=5
2026-01-06 19:17:36,152 - INFO - [GINSLIB] processing : 2020/10/04 04:36:32 Q=5
2026-01-06 19:17:36,165 - INFO - [GINSLIB] processing : 2020/10/04 04:36:33 Q=5
2026-01-06 19:17:36,177 - INFO - [GINSLIB] processing : 2020/10/04 04:36:34 Q=5
2026-01-06 19:17:36,190 - INFO - [GINSLIB] processing : 2020/10/04 04:36:35 Q=5
2026-01-06 19:17:36,204 - INFO - [GINSLIB] processing : 2020/10/04 04:36:36 Q=5
2026-01-06 19:17:36,217 - INFO - [GINSLIB] processing : 2020/10/04 04:36:37 Q=5
2026-01-06 19:17:36,232 - INFO - [GINSLIB] processing : 2020/10/04 04:36:38 Q=5
2026-01-06 19:17:36,244 - INFO - [GINSLIB] processing : 2020/10/04 04:36:39 Q=5
2026-01-06 19:17:36,258 - INFO - [GINSLIB] processing : 2020/10/04 04:36:40 Q=5
2026-01-06 19:17:36,272 - INFO - [GINSLIB] processing : 2020/10/04 04:36:41 Q=5
2026-01-06 19:17:36,284 - INFO - [GINSLIB] processing : 2020/10/04 04:36:42 Q=5
2026-01-06 19:17:36,296 - INFO - [GINSLIB] processing : 2020/10/04 04:36:43 Q=5
2026-01-06 19:17:36,318 - INFO - [GINSLIB] processing : 2020/10/04 04:36:44 Q=5
2026-01-06 19:17:36,320 - INFO - [GINSLIB] processing : 2020/10/04 04:36:45 Q=5
2026-01-06 19:17:36,334 - INFO - [GINSLIB] processing : 2020/10/04 04:36:46 Q=5
2026-01-06 19:17:36,346 - INFO - [GINSLIB] processing : 2020/10/04 04:36:47 Q=5
2026-01-06 19:17:36,358 - INFO - [GINSLIB] processing : 2020/10/04 04:36:48 Q=5
2026-01-06 19:17:36,382 - INFO - [GINSLIB] processing : 2020/10/04 04:36:49 Q=5
2026-01-06 19:17:36,384 - INFO - [GINSLIB] processing : 2020/10/04 04:36:50 Q=5
2026-01-06 19:17:36,396 - INFO - [GINSLIB] processing : 2020/10/04 04:36:51 Q=5
2026-01-06 19:17:36,409 - INFO - [GINSLIB] processing : 2020/10/04 04:36:52 Q=5
2026-01-06 19:17:36,422 - INFO - [GINSLIB] processing : 2020/10/04 04:36:53 Q=5
2026-01-06 19:17:36,445 - INFO - [GINSLIB] processing : 2020/10/04 04:36:54 Q=5
2026-01-06 19:17:36,447 - INFO - [GINSLIB] processing : 2020/10/04 04:36:55 Q=5
2026-01-06 19:17:36,460 - INFO - [GINSLIB] processing : 2020/10/04 04:36:56 Q=5
2026-01-06 19:17:36,473 - INFO - [GINSLIB] processing : 2020/10/04 04:36:57 Q=5
2026-01-06 19:17:36,486 - INFO - [GINSLIB] processing : 2020/10/04 04:36:58 Q=5
2026-01-06 19:17:36,498 - INFO - [GINSLIB] processing : 2020/10/04 04:36:59 Q=5
2026-01-06 19:17:36,509 - INFO - [GINSLIB] processing : 2020/10/04 04:37:00 Q=5
2026-01-06 19:17:36,522 - INFO - [GINSLIB] processing : 2020/10/04 04:37:01 Q=5
2026-01-06 19:17:36,535 - INFO - [GINSLIB] processing : 2020/10/04 04:37:02 Q=5
2026-01-06 19:17:36,547 - INFO - [GINSLIB] processing : 2020/10/04 04:37:03 Q=5
2026-01-06 19:17:36,561 - INFO - [GINSLIB] processing : 2020/10/04 04:37:04 Q=5
2026-01-06 19:17:36,573 - INFO - [GINSLIB] processing : 2020/10/04 04:37:05 Q=5
2026-01-06 19:17:36,586 - INFO - [GINSLIB] processing : 2020/10/04 04:37:06 Q=5
2026-01-06 19:17:36,599 - INFO - [GINSLIB] processing : 2020/10/04 04:37:07 Q=5
2026-01-06 19:17:36,610 - INFO - [GINSLIB] processing : 2020/10/04 04:37:08 Q=5
2026-01-06 19:17:36,622 - INFO - [GINSLIB] processing : 2020/10/04 04:37:09 Q=5
2026-01-06 19:17:36,633 - INFO - [GINSLIB] processing : 2020/10/04 04:37:10 Q=5
2026-01-06 19:17:36,646 - INFO - [GINSLIB] processing : 2020/10/04 04:37:11 Q=5
2026-01-06 19:17:36,657 - INFO - [GINSLIB] processing : 2020/10/04 04:37:12 Q=5
2026-01-06 19:17:36,670 - INFO - [GINSLIB] processing : 2020/10/04 04:37:13 Q=5
2026-01-06 19:17:36,682 - INFO - [GINSLIB] processing : 2020/10/04 04:37:14 Q=5
2026-01-06 19:17:36,702 - INFO - [GINSLIB] processing : 2020/10/04 04:37:15 Q=5
2026-01-06 19:17:36,703 - INFO - [GINSLIB] processing : 2020/10/04 04:37:16 Q=5
2026-01-06 19:17:36,716 - INFO - [GINSLIB] processing : 2020/10/04 04:37:17 Q=5
2026-01-06 19:17:36,728 - INFO - [GINSLIB] processing : 2020/10/04 04:37:18 Q=5
2026-01-06 19:17:36,740 - INFO - [GINSLIB] processing : 2020/10/04 04:37:19 Q=5
2026-01-06 19:17:36,763 - INFO - [GINSLIB] processing : 2020/10/04 04:37:20 Q=5
2026-01-06 19:17:36,765 - INFO - [GINSLIB] processing : 2020/10/04 04:37:21 Q=5
2026-01-06 19:17:36,778 - INFO - [GINSLIB] processing : 2020/10/04 04:37:22 Q=5
2026-01-06 19:17:36,792 - INFO - [GINSLIB] processing : 2020/10/04 04:37:23 Q=5
2026-01-06 19:17:36,805 - INFO - [GINSLIB] processing : 2020/10/04 04:37:24 Q=5
2026-01-06 19:17:36,819 - INFO - [GINSLIB] processing : 2020/10/04 04:37:25 Q=5
2026-01-06 19:17:36,831 - INFO - [GINSLIB] processing : 2020/10/04 04:37:26 Q=5
2026-01-06 19:17:36,844 - INFO - [GINSLIB] processing : 2020/10/04 04:37:27 Q=5
2026-01-06 19:17:36,856 - INFO - [GINSLIB] processing : 2020/10/04 04:37:28 Q=5
2026-01-06 19:17:36,869 - INFO - [GINSLIB] processing : 2020/10/04 04:37:29 Q=5
2026-01-06 19:17:36,882 - INFO - [GINSLIB] processing : 2020/10/04 04:37:30 Q=5
2026-01-06 19:17:36,894 - INFO - [GINSLIB] processing : 2020/10/04 04:37:31 Q=5
2026-01-06 19:17:36,908 - INFO - [GINSLIB] processing : 2020/10/04 04:37:32 Q=5
2026-01-06 19:17:36,920 - INFO - [GINSLIB] processing : 2020/10/04 04:37:33 Q=5
2026-01-06 19:17:36,932 - INFO - [GINSLIB] processing : 2020/10/04 04:37:34 Q=5
2026-01-06 19:17:36,946 - INFO - [GINSLIB] processing : 2020/10/04 04:37:35 Q=5
2026-01-06 19:17:36,959 - INFO - [GINSLIB] processing : 2020/10/04 04:37:36 Q=5
2026-01-06 19:17:36,972 - INFO - [GINSLIB] processing : 2020/10/04 04:37:37 Q=5
2026-01-06 19:17:36,985 - INFO - [GINSLIB] processing : 2020/10/04 04:37:38 Q=5
2026-01-06 19:17:36,995 - INFO - [GINSLIB] processing : 2020/10/04 04:37:39 Q=5
2026-01-06 19:17:37,007 - INFO - [GINSLIB] processing : 2020/10/04 04:37:40 Q=5
2026-01-06 19:17:37,028 - INFO - [GINSLIB] processing : 2020/10/04 04:37:41 Q=5
2026-01-06 19:17:37,030 - INFO - [GINSLIB] processing : 2020/10/04 04:37:42 Q=5
2026-01-06 19:17:37,042 - INFO - [GINSLIB] processing : 2020/10/04 04:37:43 Q=5
2026-01-06 19:17:37,055 - INFO - [GINSLIB] processing : 2020/10/04 04:37:44 Q=5
2026-01-06 19:17:37,067 - INFO - [GINSLIB] processing : 2020/10/04 04:37:45 Q=5
2026-01-06 19:17:37,090 - INFO - [GINSLIB] processing : 2020/10/04 04:37:46 Q=5
2026-01-06 19:17:37,092 - INFO - [GINSLIB] processing : 2020/10/04 04:37:47 Q=5
2026-01-06 19:17:37,103 - INFO - [GINSLIB] processing : 2020/10/04 04:37:48 Q=5
2026-01-06 19:17:37,116 - INFO - [GINSLIB] processing : 2020/10/04 04:37:49 Q=5
2026-01-06 19:17:37,129 - INFO - [GINSLIB] processing : 2020/10/04 04:37:50 Q=5
2026-01-06 19:17:37,153 - INFO - [GINSLIB] processing : 2020/10/04 04:37:51 Q=5
2026-01-06 19:17:37,155 - INFO - [GINSLIB] processing : 2020/10/04 04:37:52 Q=5
2026-01-06 19:17:37,167 - INFO - [GINSLIB] processing : 2020/10/04 04:37:53 Q=5
2026-01-06 19:17:37,181 - INFO - [GINSLIB] processing : 2020/10/04 04:37:54 Q=5
2026-01-06 19:17:37,196 - INFO - [GINSLIB] processing : 2020/10/04 04:37:55 Q=5
2026-01-06 19:17:37,211 - INFO - [GINSLIB] processing : 2020/10/04 04:37:56 Q=5
2026-01-06 19:17:37,224 - INFO - [GINSLIB] processing : 2020/10/04 04:37:57 Q=5
2026-01-06 19:17:37,240 - INFO - [GINSLIB] processing : 2020/10/04 04:37:58 Q=5
2026-01-06 19:17:37,255 - INFO - [GINSLIB] processing : 2020/10/04 04:37:59 Q=5
2026-01-06 19:17:37,269 - INFO - [GINSLIB] processing : 2020/10/04 04:38:00 Q=5
2026-01-06 19:17:37,283 - INFO - [GINSLIB] processing : 2020/10/04 04:38:01 Q=5
2026-01-06 19:17:37,294 - INFO - [GINSLIB] processing : 2020/10/04 04:38:02 Q=5
2026-01-06 19:17:37,306 - INFO - [GINSLIB] processing : 2020/10/04 04:38:03 Q=5
2026-01-06 19:17:37,320 - INFO - [GINSLIB] processing : 2020/10/04 04:38:04 Q=5
2026-01-06 19:17:37,335 - INFO - [GINSLIB] processing : 2020/10/04 04:38:05 Q=5
2026-01-06 19:17:37,347 - INFO - [GINSLIB] processing : 2020/10/04 04:38:06 Q=5
2026-01-06 19:17:37,359 - INFO - [GINSLIB] processing : 2020/10/04 04:38:07 Q=5
2026-01-06 19:17:37,369 - INFO - [GINSLIB] processing : 2020/10/04 04:38:08 Q=5
2026-01-06 19:17:37,382 - INFO - [GINSLIB] processing : 2020/10/04 04:38:09 Q=5
2026-01-06 19:17:37,395 - INFO - [GINSLIB] processing : 2020/10/04 04:38:10 Q=5
2026-01-06 19:17:37,406 - INFO - [GINSLIB] processing : 2020/10/04 04:38:11 Q=5
2026-01-06 19:17:37,428 - INFO - [GINSLIB] processing : 2020/10/04 04:38:12 Q=5
2026-01-06 19:17:37,429 - INFO - [GINSLIB] processing : 2020/10/04 04:38:13 Q=5
2026-01-06 19:17:37,441 - INFO - [GINSLIB] processing : 2020/10/04 04:38:14 Q=5
2026-01-06 19:17:37,454 - INFO - [GINSLIB] processing : 2020/10/04 04:38:15 Q=5
2026-01-06 19:17:37,465 - INFO - [GINSLIB] processing : 2020/10/04 04:38:16 Q=5
2026-01-06 19:17:37,486 - INFO - [GINSLIB] processing : 2020/10/04 04:38:17 Q=5
2026-01-06 19:17:37,487 - INFO - [GINSLIB] processing : 2020/10/04 04:38:18 Q=5
2026-01-06 19:17:37,498 - INFO - [GINSLIB] processing : 2020/10/04 04:38:19 Q=5
2026-01-06 19:17:37,510 - INFO - [GINSLIB] processing : 2020/10/04 04:38:20 Q=5
2026-01-06 19:17:37,523 - INFO - [GINSLIB] processing : 2020/10/04 04:38:21 Q=5
2026-01-06 19:17:37,544 - INFO - [GINSLIB] processing : 2020/10/04 04:38:22 Q=5
2026-01-06 19:17:37,545 - INFO - [GINSLIB] processing : 2020/10/04 04:38:23 Q=5
2026-01-06 19:17:37,556 - INFO - [GINSLIB] processing : 2020/10/04 04:38:24 Q=5
2026-01-06 19:17:37,568 - INFO - [GINSLIB] processing : 2020/10/04 04:38:25 Q=5
2026-01-06 19:17:37,578 - INFO - [GINSLIB] processing : 2020/10/04 04:38:26 Q=5
2026-01-06 19:17:37,589 - INFO - [GINSLIB] processing : 2020/10/04 04:38:27 Q=5
2026-01-06 19:17:37,600 - INFO - [GINSLIB] processing : 2020/10/04 04:38:28 Q=5
2026-01-06 19:17:37,610 - INFO - [GINSLIB] processing : 2020/10/04 04:38:29 Q=5
2026-01-06 19:17:37,622 - INFO - [GINSLIB] processing : 2020/10/04 04:38:30 Q=5
2026-01-06 19:17:37,634 - INFO - [GINSLIB] processing : 2020/10/04 04:38:31 Q=5
2026-01-06 19:17:37,645 - INFO - [GINSLIB] processing : 2020/10/04 04:38:32 Q=5
2026-01-06 19:17:37,656 - INFO - [GINSLIB] processing : 2020/10/04 04:38:33 Q=5
2026-01-06 19:17:37,668 - INFO - [GINSLIB] processing : 2020/10/04 04:38:34 Q=5
2026-01-06 19:17:37,677 - INFO - [GINSLIB] processing : 2020/10/04 04:38:35 Q=5
2026-01-06 19:17:37,689 - INFO - [GINSLIB] processing : 2020/10/04 04:38:36 Q=5
2026-01-06 19:17:37,700 - INFO - [GINSLIB] processing : 2020/10/04 04:38:37 Q=5
2026-01-06 19:17:37,710 - INFO - [GINSLIB] processing : 2020/10/04 04:38:38 Q=5
2026-01-06 19:17:37,722 - INFO - [GINSLIB] processing : 2020/10/04 04:38:39 Q=5
2026-01-06 19:17:37,733 - INFO - [GINSLIB] processing : 2020/10/04 04:38:40 Q=5
2026-01-06 19:17:37,744 - INFO - [GINSLIB] processing : 2020/10/04 04:38:41 Q=5
2026-01-06 19:17:37,755 - INFO - [GINSLIB] processing : 2020/10/04 04:38:42 Q=5
2026-01-06 19:17:37,775 - INFO - [GINSLIB] processing : 2020/10/04 04:38:43 Q=5
2026-01-06 19:17:37,776 - INFO - [GINSLIB] processing : 2020/10/04 04:38:44 Q=5
2026-01-06 19:17:37,787 - INFO - [GINSLIB] processing : 2020/10/04 04:38:45 Q=5
2026-01-06 19:17:37,797 - INFO - [GINSLIB] processing : 2020/10/04 04:38:46 Q=5
2026-01-06 19:17:37,809 - INFO - [GINSLIB] processing : 2020/10/04 04:38:47 Q=5
2026-01-06 19:17:37,832 - INFO - [GINSLIB] processing : 2020/10/04 04:38:48 Q=5
2026-01-06 19:17:37,833 - INFO - [GINSLIB] processing : 2020/10/04 04:38:49 Q=5
2026-01-06 19:17:37,845 - INFO - [GINSLIB] processing : 2020/10/04 04:38:50 Q=5
2026-01-06 19:17:37,858 - INFO - [GINSLIB] processing : 2020/10/04 04:38:51 Q=5
2026-01-06 19:17:37,871 - INFO - [GINSLIB] processing : 2020/10/04 04:38:52 Q=5
2026-01-06 19:17:37,893 - INFO - [GINSLIB] processing : 2020/10/04 04:38:53 Q=5
2026-01-06 19:17:37,894 - INFO - [GINSLIB] processing : 2020/10/04 04:38:54 Q=5
2026-01-06 19:17:37,906 - INFO - [GINSLIB] processing : 2020/10/04 04:38:55 Q=5
2026-01-06 19:17:37,918 - INFO - [GINSLIB] processing : 2020/10/04 04:38:56 Q=5
2026-01-06 19:17:37,930 - INFO - [GINSLIB] processing : 2020/10/04 04:38:57 Q=5
2026-01-06 19:17:37,941 - INFO - [GINSLIB] processing : 2020/10/04 04:38:58 Q=5
2026-01-06 19:17:37,954 - INFO - [GINSLIB] processing : 2020/10/04 04:38:59 Q=5
2026-01-06 19:17:37,965 - INFO - [GINSLIB] processing : 2020/10/04 04:39:00 Q=5
2026-01-06 19:17:37,977 - INFO - [GINSLIB] processing : 2020/10/04 04:39:01 Q=5
2026-01-06 19:17:37,991 - INFO - [GINSLIB] processing : 2020/10/04 04:39:02 Q=5
2026-01-06 19:17:38,002 - INFO - [GINSLIB] processing : 2020/10/04 04:39:03 Q=5
2026-01-06 19:17:38,012 - INFO - [GINSLIB] processing : 2020/10/04 04:39:04 Q=5
2026-01-06 19:17:38,022 - INFO - [GINSLIB] processing : 2020/10/04 04:39:05 Q=5
2026-01-06 19:17:38,035 - INFO - [GINSLIB] processing : 2020/10/04 04:39:06 Q=5
2026-01-06 19:17:38,045 - INFO - [GINSLIB] processing : 2020/10/04 04:39:07 Q=5
2026-01-06 19:17:38,058 - INFO - [GINSLIB] processing : 2020/10/04 04:39:08 Q=5
2026-01-06 19:17:38,070 - INFO - [GINSLIB] processing : 2020/10/04 04:39:09 Q=5
2026-01-06 19:17:38,080 - INFO - [GINSLIB] processing : 2020/10/04 04:39:10 Q=5
2026-01-06 19:17:38,092 - INFO - [GINSLIB] processing : 2020/10/04 04:39:11 Q=5
2026-01-06 19:17:38,103 - INFO - [GINSLIB] processing : 2020/10/04 04:39:12 Q=5
2026-01-06 19:17:38,115 - INFO - [GINSLIB] processing : 2020/10/04 04:39:13 Q=5
2026-01-06 19:17:38,136 - INFO - [GINSLIB] processing : 2020/10/04 04:39:14 Q=5
2026-01-06 19:17:38,137 - INFO - [GINSLIB] processing : 2020/10/04 04:39:15 Q=5
2026-01-06 19:17:38,148 - INFO - [GINSLIB] processing : 2020/10/04 04:39:16 Q=5
2026-01-06 19:17:38,160 - INFO - [GINSLIB] processing : 2020/10/04 04:39:17 Q=5
2026-01-06 19:17:38,172 - INFO - [GINSLIB] processing : 2020/10/04 04:39:18 Q=5
2026-01-06 19:17:38,192 - INFO - [GINSLIB] processing : 2020/10/04 04:39:19 Q=5
2026-01-06 19:17:38,194 - INFO - [GINSLIB] processing : 2020/10/04 04:39:20 Q=5
2026-01-06 19:17:38,205 - INFO - [GINSLIB] processing : 2020/10/04 04:39:21 Q=5
2026-01-06 19:17:38,216 - INFO - [GINSLIB] processing : 2020/10/04 04:39:22 Q=5
2026-01-06 19:17:38,228 - INFO - [GINSLIB] processing : 2020/10/04 04:39:23 Q=5
2026-01-06 19:17:38,249 - INFO - [GINSLIB] processing : 2020/10/04 04:39:24 Q=5
2026-01-06 19:17:38,250 - INFO - [GINSLIB] processing : 2020/10/04 04:39:25 Q=5
2026-01-06 19:17:38,262 - INFO - [GINSLIB] processing : 2020/10/04 04:39:26 Q=5
2026-01-06 19:17:38,275 - INFO - [GINSLIB] processing : 2020/10/04 04:39:27 Q=5
2026-01-06 19:17:38,287 - INFO - [GINSLIB] processing : 2020/10/04 04:39:28 Q=5
2026-01-06 19:17:38,300 - INFO - [GINSLIB] processing : 2020/10/04 04:39:29 Q=5
2026-01-06 19:17:38,311 - INFO - [GINSLIB] processing : 2020/10/04 04:39:30 Q=5
2026-01-06 19:17:38,324 - INFO - [GINSLIB] processing : 2020/10/04 04:39:31 Q=5
2026-01-06 19:17:38,336 - INFO - [GINSLIB] processing : 2020/10/04 04:39:32 Q=5
2026-01-06 19:17:38,347 - INFO - [GINSLIB] processing : 2020/10/04 04:39:33 Q=5
2026-01-06 19:17:38,360 - INFO - [GINSLIB] processing : 2020/10/04 04:39:34 Q=5
2026-01-06 19:17:38,373 - INFO - [GINSLIB] processing : 2020/10/04 04:39:35 Q=5
2026-01-06 19:17:38,385 - INFO - [GINSLIB] processing : 2020/10/04 04:39:36 Q=5
2026-01-06 19:17:38,397 - INFO - [GINSLIB] processing : 2020/10/04 04:39:37 Q=5
2026-01-06 19:17:38,407 - INFO - [GINSLIB] processing : 2020/10/04 04:39:38 Q=5
2026-01-06 19:17:38,419 - INFO - [GINSLIB] processing : 2020/10/04 04:39:39 Q=5
2026-01-06 19:17:38,429 - INFO - [GINSLIB] processing : 2020/10/04 04:39:40 Q=5
2026-01-06 19:17:38,441 - INFO - [GINSLIB] processing : 2020/10/04 04:39:41 Q=5
2026-01-06 19:17:38,455 - INFO - [GINSLIB] processing : 2020/10/04 04:39:42 Q=5
2026-01-06 19:17:38,466 - INFO - [GINSLIB] processing : 2020/10/04 04:39:43 Q=5
2026-01-06 19:17:38,477 - INFO - [GINSLIB] processing : 2020/10/04 04:39:44 Q=5
2026-01-06 19:17:38,498 - INFO - [GINSLIB] processing : 2020/10/04 04:39:45 Q=5
2026-01-06 19:17:38,499 - INFO - [GINSLIB] processing : 2020/10/04 04:39:46 Q=5
2026-01-06 19:17:38,513 - INFO - [GINSLIB] processing : 2020/10/04 04:39:47 Q=5
2026-01-06 19:17:38,531 - INFO - [GINSLIB] processing : 2020/10/04 04:39:48 Q=5
2026-01-06 19:17:38,549 - INFO - [GINSLIB] processing : 2020/10/04 04:39:49 Q=5
2026-01-06 19:17:38,570 - INFO - [GINSLIB] processing : 2020/10/04 04:39:50 Q=5
2026-01-06 19:17:38,572 - INFO - [GINSLIB] processing : 2020/10/04 04:39:51 Q=5
2026-01-06 19:17:38,583 - INFO - [GINSLIB] processing : 2020/10/04 04:39:52 Q=5
2026-01-06 19:17:38,594 - INFO - [GINSLIB] processing : 2020/10/04 04:39:53 Q=5
2026-01-06 19:17:38,606 - INFO - [GINSLIB] processing : 2020/10/04 04:39:54 Q=5
2026-01-06 19:17:38,626 - INFO - [GINSLIB] processing : 2020/10/04 04:39:55 Q=5
2026-01-06 19:17:38,627 - INFO - [GINSLIB] processing : 2020/10/04 04:39:56 Q=5
2026-01-06 19:17:38,638 - INFO - [GINSLIB] processing : 2020/10/04 04:39:57 Q=5
2026-01-06 19:17:38,651 - INFO - [GINSLIB] processing : 2020/10/04 04:39:58 Q=5
2026-01-06 19:17:38,662 - INFO - [GINSLIB] processing : 2020/10/04 04:39:59 Q=5
2026-01-06 19:17:38,673 - INFO - [GINSLIB] processing : 2020/10/04 04:40:00 Q=5
2026-01-06 19:17:38,684 - INFO - [GINSLIB] processing : 2020/10/04 04:40:01 Q=5
2026-01-06 19:17:38,695 - INFO - [GINSLIB] processing : 2020/10/04 04:40:02 Q=5
2026-01-06 19:17:38,707 - INFO - [GINSLIB] processing : 2020/10/04 04:40:03 Q=5
2026-01-06 19:17:38,719 - INFO - [GINSLIB] processing : 2020/10/04 04:40:04 Q=5
2026-01-06 19:17:38,730 - INFO - [GINSLIB] processing : 2020/10/04 04:40:05 Q=5
2026-01-06 19:17:38,743 - INFO - [GINSLIB] processing : 2020/10/04 04:40:06 Q=5
2026-01-06 19:17:38,756 - INFO - [GINSLIB] processing : 2020/10/04 04:40:07 Q=5
2026-01-06 19:17:38,768 - INFO - [GINSLIB] processing : 2020/10/04 04:40:08 Q=5
2026-01-06 19:17:38,781 - INFO - [GINSLIB] processing : 2020/10/04 04:40:09 Q=5
2026-01-06 19:17:38,795 - INFO - [GINSLIB] processing : 2020/10/04 04:40:10 Q=5
2026-01-06 19:17:38,805 - INFO - [GINSLIB] processing : 2020/10/04 04:40:11 Q=5
2026-01-06 19:17:38,817 - INFO - [GINSLIB] processing : 2020/10/04 04:40:12 Q=5
2026-01-06 19:17:38,829 - INFO - [GINSLIB] processing : 2020/10/04 04:40:13 Q=5
2026-01-06 19:17:38,842 - INFO - [GINSLIB] processing : 2020/10/04 04:40:14 Q=5
2026-01-06 19:17:38,854 - INFO - [GINSLIB] processing : 2020/10/04 04:40:15 Q=5
2026-01-06 19:17:38,875 - INFO - [GINSLIB] processing : 2020/10/04 04:40:16 Q=5
2026-01-06 19:17:38,876 - INFO - [GINSLIB] processing : 2020/10/04 04:40:17 Q=5
2026-01-06 19:17:38,888 - INFO - [GINSLIB] processing : 2020/10/04 04:40:18 Q=5
2026-01-06 19:17:38,901 - INFO - [GINSLIB] processing : 2020/10/04 04:40:19 Q=5
2026-01-06 19:17:38,914 - INFO - [GINSLIB] processing : 2020/10/04 04:40:20 Q=5
2026-01-06 19:17:38,936 - INFO - [GINSLIB] processing : 2020/10/04 04:40:21 Q=5
2026-01-06 19:17:38,937 - INFO - [GINSLIB] processing : 2020/10/04 04:40:22 Q=5
2026-01-06 19:17:38,951 - INFO - [GINSLIB] processing : 2020/10/04 04:40:23 Q=5
2026-01-06 19:17:38,966 - INFO - [GINSLIB] processing : 2020/10/04 04:40:24 Q=5
2026-01-06 19:17:38,977 - INFO - [GINSLIB] processing : 2020/10/04 04:40:24 Q=7
2026-01-06 19:17:38,979 - INFO - [GINSLIB] processing : 2020/10/04 04:40:25 Q=7
2026-01-06 19:17:38,990 - INFO - [GINSLIB] processing : 2020/10/04 04:40:25 Q=5
2026-01-06 19:17:38,991 - INFO - [GINSLIB] processing : 2020/10/04 04:40:26 Q=5
2026-01-06 19:17:39,002 - INFO - [GINSLIB] processing : 2020/10/04 04:40:27 Q=5
2026-01-06 19:17:39,013 - INFO - [GINSLIB] processing : 2020/10/04 04:40:28 Q=5
2026-01-06 19:17:39,027 - INFO - [GINSLIB] processing : 2020/10/04 04:40:29 Q=5
2026-01-06 19:17:39,039 - INFO - [GINSLIB] processing : 2020/10/04 04:40:30 Q=5
2026-01-06 19:17:39,050 - INFO - [GINSLIB] processing : 2020/10/04 04:40:31 Q=5
2026-01-06 19:17:39,060 - INFO - [GINSLIB] processing : 2020/10/04 04:40:32 Q=5
2026-01-06 19:17:39,072 - INFO - [GINSLIB] processing : 2020/10/04 04:40:33 Q=5
2026-01-06 19:17:39,085 - INFO - [GINSLIB] processing : 2020/10/04 04:40:34 Q=5
2026-01-06 19:17:39,097 - INFO - [GINSLIB] processing : 2020/10/04 04:40:35 Q=5
2026-01-06 19:17:39,109 - INFO - [GINSLIB] processing : 2020/10/04 04:40:36 Q=5
2026-01-06 19:17:39,119 - INFO - [GINSLIB] processing : 2020/10/04 04:40:37 Q=5
2026-01-06 19:17:39,129 - INFO - [GINSLIB] processing : 2020/10/04 04:40:38 Q=5
2026-01-06 19:17:39,141 - INFO - [GINSLIB] processing : 2020/10/04 04:40:39 Q=5
2026-01-06 19:17:39,152 - INFO - [GINSLIB] processing : 2020/10/04 04:40:40 Q=5
2026-01-06 19:17:39,165 - INFO - [GINSLIB] processing : 2020/10/04 04:40:41 Q=5
2026-01-06 19:17:39,185 - INFO - [GINSLIB] processing : 2020/10/04 04:40:42 Q=5
2026-01-06 19:17:39,186 - INFO - [GINSLIB] processing : 2020/10/04 04:40:43 Q=5
2026-01-06 19:17:39,199 - INFO - [GINSLIB] processing : 2020/10/04 04:40:44 Q=5
2026-01-06 19:17:39,212 - INFO - [GINSLIB] processing : 2020/10/04 04:40:45 Q=5
2026-01-06 19:17:39,223 - INFO - [GINSLIB] processing : 2020/10/04 04:40:46 Q=5
2026-01-06 19:17:39,243 - INFO - [GINSLIB] processing : 2020/10/04 04:40:47 Q=5
2026-01-06 19:17:39,244 - INFO - [GINSLIB] processing : 2020/10/04 04:40:48 Q=5
2026-01-06 19:17:39,255 - INFO - [GINSLIB] processing : 2020/10/04 04:40:49 Q=5
2026-01-06 19:17:39,266 - INFO - [GINSLIB] processing : 2020/10/04 04:40:50 Q=5
2026-01-06 19:17:39,277 - INFO - [GINSLIB] processing : 2020/10/04 04:40:51 Q=5
2026-01-06 19:17:39,299 - INFO - [GINSLIB] processing : 2020/10/04 04:40:52 Q=5
2026-01-06 19:17:39,301 - INFO - [GINSLIB] processing : 2020/10/04 04:40:53 Q=5
2026-01-06 19:17:39,313 - INFO - [GINSLIB] processing : 2020/10/04 04:40:54 Q=5
2026-01-06 19:17:39,325 - INFO - [GINSLIB] processing : 2020/10/04 04:40:55 Q=5
2026-01-06 19:17:39,337 - INFO - [GINSLIB] processing : 2020/10/04 04:40:56 Q=5
2026-01-06 19:17:39,350 - INFO - [GINSLIB] processing : 2020/10/04 04:40:57 Q=5
2026-01-06 19:17:39,360 - INFO - [GINSLIB] processing : 2020/10/04 04:40:58 Q=5
2026-01-06 19:17:39,374 - INFO - [GINSLIB] processing : 2020/10/04 04:40:59 Q=5
2026-01-06 19:17:39,387 - INFO - [GINSLIB] processing : 2020/10/04 04:41:00 Q=5
2026-01-06 19:17:39,402 - INFO - [GINSLIB] processing : 2020/10/04 04:41:01 Q=5
2026-01-06 19:17:39,416 - INFO - [GINSLIB] processing : 2020/10/04 04:41:02 Q=5
2026-01-06 19:17:39,427 - INFO - [GINSLIB] processing : 2020/10/04 04:41:03 Q=5
2026-01-06 19:17:39,439 - INFO - [GINSLIB] processing : 2020/10/04 04:41:04 Q=5
2026-01-06 19:17:39,451 - INFO - [GINSLIB] processing : 2020/10/04 04:41:05 Q=5
2026-01-06 19:17:39,462 - INFO - [GINSLIB] processing : 2020/10/04 04:41:06 Q=5
2026-01-06 19:17:39,474 - INFO - [GINSLIB] processing : 2020/10/04 04:41:07 Q=5
2026-01-06 19:17:39,484 - INFO - [GINSLIB] processing : 2020/10/04 04:41:08 Q=5
2026-01-06 19:17:39,495 - INFO - [GINSLIB] processing : 2020/10/04 04:41:09 Q=5
2026-01-06 19:17:39,507 - INFO - [GINSLIB] processing : 2020/10/04 04:41:10 Q=5
2026-01-06 19:17:39,517 - INFO - [GINSLIB] processing : 2020/10/04 04:41:11 Q=5
2026-01-06 19:17:39,528 - INFO - [GINSLIB] processing : 2020/10/04 04:41:12 Q=5
2026-01-06 19:17:39,548 - INFO - [GINSLIB] processing : 2020/10/04 04:41:13 Q=5
2026-01-06 19:17:39,550 - INFO - [GINSLIB] processing : 2020/10/04 04:41:14 Q=5
2026-01-06 19:17:39,563 - INFO - [GINSLIB] processing : 2020/10/04 04:41:15 Q=5
2026-01-06 19:17:39,575 - INFO - [GINSLIB] processing : 2020/10/04 04:41:16 Q=5
2026-01-06 19:17:39,587 - INFO - [GINSLIB] processing : 2020/10/04 04:41:17 Q=5
2026-01-06 19:17:39,606 - INFO - [GINSLIB] processing : 2020/10/04 04:41:18 Q=5
2026-01-06 19:17:39,607 - INFO - [GINSLIB] processing : 2020/10/04 04:41:19 Q=5
2026-01-06 19:17:39,618 - INFO - [GINSLIB] processing : 2020/10/04 04:41:20 Q=5
2026-01-06 19:17:39,628 - INFO - [GINSLIB] processing : 2020/10/04 04:41:21 Q=5
2026-01-06 19:17:39,640 - INFO - [GINSLIB] processing : 2020/10/04 04:41:22 Q=5
2026-01-06 19:17:39,659 - INFO - [GINSLIB] processing : 2020/10/04 04:41:23 Q=5
2026-01-06 19:17:39,661 - INFO - [GINSLIB] processing : 2020/10/04 04:41:24 Q=5
2026-01-06 19:17:39,674 - INFO - [GINSLIB] processing : 2020/10/04 04:41:25 Q=5
2026-01-06 19:17:39,686 - INFO - [GINSLIB] processing : 2020/10/04 04:41:26 Q=5
2026-01-06 19:17:39,696 - INFO - [GINSLIB] processing : 2020/10/04 04:41:27 Q=5
2026-01-06 19:17:39,710 - INFO - [GINSLIB] processing : 2020/10/04 04:41:28 Q=5
2026-01-06 19:17:39,720 - INFO - [GINSLIB] processing : 2020/10/04 04:41:29 Q=5
2026-01-06 19:17:39,733 - INFO - [GINSLIB] processing : 2020/10/04 04:41:30 Q=5
2026-01-06 19:17:39,747 - INFO - [GINSLIB] processing : 2020/10/04 04:41:31 Q=5
2026-01-06 19:17:39,758 - INFO - [GINSLIB] processing : 2020/10/04 04:41:32 Q=5
2026-01-06 19:17:39,772 - INFO - [GINSLIB] processing : 2020/10/04 04:41:33 Q=5
2026-01-06 19:17:39,782 - INFO - [GINSLIB] processing : 2020/10/04 04:41:34 Q=5
2026-01-06 19:17:39,794 - INFO - [GINSLIB] processing : 2020/10/04 04:41:35 Q=5
2026-01-06 19:17:39,806 - INFO - [GINSLIB] processing : 2020/10/04 04:41:36 Q=5
2026-01-06 19:17:39,818 - INFO - [GINSLIB] processing : 2020/10/04 04:41:37 Q=5
2026-01-06 19:17:39,829 - INFO - [GINSLIB] processing : 2020/10/04 04:41:38 Q=5
2026-01-06 19:17:39,840 - INFO - [GINSLIB] processing : 2020/10/04 04:41:39 Q=5
2026-01-06 19:17:39,853 - INFO - [GINSLIB] processing : 2020/10/04 04:41:40 Q=5
2026-01-06 19:17:39,863 - INFO - [GINSLIB] processing : 2020/10/04 04:41:41 Q=5
2026-01-06 19:17:39,878 - INFO - [GINSLIB] processing : 2020/10/04 04:41:42 Q=5
2026-01-06 19:17:39,891 - INFO - [GINSLIB] processing : 2020/10/04 04:41:43 Q=5
2026-01-06 19:17:39,912 - INFO - [GINSLIB] processing : 2020/10/04 04:41:44 Q=5
2026-01-06 19:17:39,913 - INFO - [GINSLIB] processing : 2020/10/04 04:41:45 Q=5
2026-01-06 19:17:39,926 - INFO - [GINSLIB] processing : 2020/10/04 04:41:46 Q=5
2026-01-06 19:17:39,941 - INFO - [GINSLIB] processing : 2020/10/04 04:41:47 Q=5
2026-01-06 19:17:39,954 - INFO - [GINSLIB] processing : 2020/10/04 04:41:48 Q=5
2026-01-06 19:17:39,980 - INFO - [GINSLIB] processing : 2020/10/04 04:41:49 Q=5
2026-01-06 19:17:39,983 - INFO - [GINSLIB] processing : 2020/10/04 04:41:50 Q=5
2026-01-06 19:17:39,995 - INFO - [GINSLIB] processing : 2020/10/04 04:41:51 Q=5
2026-01-06 19:17:40,008 - INFO - [GINSLIB] processing : 2020/10/04 04:41:52 Q=5
2026-01-06 19:17:40,022 - INFO - [GINSLIB] processing : 2020/10/04 04:41:53 Q=5
2026-01-06 19:17:40,047 - INFO - [GINSLIB] processing : 2020/10/04 04:41:54 Q=5
2026-01-06 19:17:40,049 - INFO - [GINSLIB] processing : 2020/10/04 04:41:55 Q=5
2026-01-06 19:17:40,062 - INFO - [GINSLIB] processing : 2020/10/04 04:41:56 Q=5
2026-01-06 19:17:40,078 - INFO - [GINSLIB] processing : 2020/10/04 04:41:57 Q=5
2026-01-06 19:17:40,092 - INFO - [GINSLIB] processing : 2020/10/04 04:41:58 Q=5
2026-01-06 19:17:40,107 - INFO - [GINSLIB] processing : 2020/10/04 04:41:59 Q=5
2026-01-06 19:17:40,120 - INFO - [GINSLIB] processing : 2020/10/04 04:42:00 Q=5
2026-01-06 19:17:40,134 - INFO - [GINSLIB] processing : 2020/10/04 04:42:01 Q=5
2026-01-06 19:17:40,146 - INFO - [GINSLIB] processing : 2020/10/04 04:42:02 Q=5
2026-01-06 19:17:40,159 - INFO - [GINSLIB] processing : 2020/10/04 04:42:03 Q=5
2026-01-06 19:17:40,173 - INFO - [GINSLIB] processing : 2020/10/04 04:42:04 Q=5
2026-01-06 19:17:40,185 - INFO - [GINSLIB] processing : 2020/10/04 04:42:05 Q=5
2026-01-06 19:17:40,196 - INFO - [GINSLIB] processing : 2020/10/04 04:42:06 Q=5
2026-01-06 19:17:40,207 - INFO - [GINSLIB] processing : 2020/10/04 04:42:07 Q=5
2026-01-06 19:17:40,225 - INFO - [GINSLIB] processing : 2020/10/04 04:42:08 Q=5
2026-01-06 19:17:40,236 - INFO - [GINSLIB] processing : 2020/10/04 04:42:09 Q=5
2026-01-06 19:17:40,246 - INFO - [GINSLIB] processing : 2020/10/04 04:42:10 Q=5
2026-01-06 19:17:40,258 - INFO - [GINSLIB] processing : 2020/10/04 04:42:11 Q=5
2026-01-06 19:17:40,270 - INFO - [GINSLIB] processing : 2020/10/04 04:42:12 Q=5
2026-01-06 19:17:40,284 - INFO - [GINSLIB] processing : 2020/10/04 04:42:13 Q=5
2026-01-06 19:17:40,296 - INFO - [GINSLIB] processing : 2020/10/04 04:42:14 Q=5
2026-01-06 19:17:40,319 - INFO - [GINSLIB] processing : 2020/10/04 04:42:15 Q=5
2026-01-06 19:17:40,321 - INFO - [GINSLIB] processing : 2020/10/04 04:42:16 Q=5
2026-01-06 19:17:40,334 - INFO - [GINSLIB] processing : 2020/10/04 04:42:17 Q=5
2026-01-06 19:17:40,347 - INFO - [GINSLIB] processing : 2020/10/04 04:42:18 Q=5
2026-01-06 19:17:40,360 - INFO - [GINSLIB] processing : 2020/10/04 04:42:19 Q=5
2026-01-06 19:17:40,387 - INFO - [GINSLIB] processing : 2020/10/04 04:42:20 Q=5
2026-01-06 19:17:40,388 - INFO - [GINSLIB] processing : 2020/10/04 04:42:21 Q=5
2026-01-06 19:17:40,402 - INFO - [GINSLIB] processing : 2020/10/04 04:42:22 Q=5
2026-01-06 19:17:40,416 - INFO - [GINSLIB] processing : 2020/10/04 04:42:23 Q=5
2026-01-06 19:17:40,429 - INFO - [GINSLIB] processing : 2020/10/04 04:42:24 Q=5
2026-01-06 19:17:40,451 - INFO - [GINSLIB] processing : 2020/10/04 04:42:25 Q=5
2026-01-06 19:17:40,452 - INFO - [GINSLIB] processing : 2020/10/04 04:42:26 Q=5
2026-01-06 19:17:40,465 - INFO - [GINSLIB] processing : 2020/10/04 04:42:27 Q=5
2026-01-06 19:17:40,478 - INFO - [GINSLIB] processing : 2020/10/04 04:42:28 Q=5
2026-01-06 19:17:40,491 - INFO - [GINSLIB] processing : 2020/10/04 04:42:29 Q=5
2026-01-06 19:17:40,504 - INFO - [GINSLIB] processing : 2020/10/04 04:42:30 Q=5
2026-01-06 19:17:40,514 - INFO - [GINSLIB] processing : 2020/10/04 04:42:31 Q=5
2026-01-06 19:17:40,527 - INFO - [GINSLIB] processing : 2020/10/04 04:42:32 Q=5
2026-01-06 19:17:40,541 - INFO - [GINSLIB] processing : 2020/10/04 04:42:33 Q=5
2026-01-06 19:17:40,556 - INFO - [GINSLIB] processing : 2020/10/04 04:42:34 Q=5
2026-01-06 19:17:40,568 - INFO - [GINSLIB] processing : 2020/10/04 04:42:35 Q=5
2026-01-06 19:17:40,578 - INFO - [GINSLIB] processing : 2020/10/04 04:42:36 Q=5
2026-01-06 19:17:40,590 - INFO - [GINSLIB] processing : 2020/10/04 04:42:37 Q=5
2026-01-06 19:17:40,603 - INFO - [GINSLIB] processing : 2020/10/04 04:42:38 Q=5
2026-01-06 19:17:40,615 - INFO - [GINSLIB] processing : 2020/10/04 04:42:39 Q=5
2026-01-06 19:17:40,630 - INFO - [GINSLIB] processing : 2020/10/04 04:42:40 Q=5
2026-01-06 19:17:40,640 - INFO - [GINSLIB] processing : 2020/10/04 04:42:41 Q=5
2026-01-06 19:17:40,653 - INFO - [GINSLIB] processing : 2020/10/04 04:42:42 Q=5
2026-01-06 19:17:40,665 - INFO - [GINSLIB] processing : 2020/10/04 04:42:43 Q=5
2026-01-06 19:17:40,677 - INFO - [GINSLIB] processing : 2020/10/04 04:42:44 Q=5
2026-01-06 19:17:40,690 - INFO - [GINSLIB] processing : 2020/10/04 04:42:45 Q=5
2026-01-06 19:17:40,714 - INFO - [GINSLIB] processing : 2020/10/04 04:42:46 Q=5
2026-01-06 19:17:40,716 - INFO - [GINSLIB] processing : 2020/10/04 04:42:47 Q=5
2026-01-06 19:17:40,730 - INFO - [GINSLIB] processing : 2020/10/04 04:42:48 Q=5
2026-01-06 19:17:40,744 - INFO - [GINSLIB] processing : 2020/10/04 04:42:49 Q=5
2026-01-06 19:17:40,757 - INFO - [GINSLIB] processing : 2020/10/04 04:42:50 Q=5
2026-01-06 19:17:40,779 - INFO - [GINSLIB] processing : 2020/10/04 04:42:51 Q=5
2026-01-06 19:17:40,780 - INFO - [GINSLIB] processing : 2020/10/04 04:42:52 Q=5
2026-01-06 19:17:40,792 - INFO - [GINSLIB] processing : 2020/10/04 04:42:53 Q=5
2026-01-06 19:17:40,806 - INFO - [GINSLIB] processing : 2020/10/04 04:42:54 Q=5
2026-01-06 19:17:40,819 - INFO - [GINSLIB] processing : 2020/10/04 04:42:55 Q=5
2026-01-06 19:17:40,840 - INFO - [GINSLIB] processing : 2020/10/04 04:42:56 Q=5
2026-01-06 19:17:40,842 - INFO - [GINSLIB] processing : 2020/10/04 04:42:57 Q=5
2026-01-06 19:17:40,855 - INFO - [GINSLIB] processing : 2020/10/04 04:42:58 Q=5
2026-01-06 19:17:40,868 - INFO - [GINSLIB] processing : 2020/10/04 04:42:59 Q=5
2026-01-06 19:17:40,879 - INFO - [GINSLIB] processing : 2020/10/04 04:43:00 Q=5
2026-01-06 19:17:40,891 - INFO - [GINSLIB] processing : 2020/10/04 04:43:01 Q=5
2026-01-06 19:17:40,901 - INFO - [GINSLIB] processing : 2020/10/04 04:43:02 Q=5
2026-01-06 19:17:40,913 - INFO - [GINSLIB] processing : 2020/10/04 04:43:03 Q=5
2026-01-06 19:17:40,925 - INFO - [GINSLIB] processing : 2020/10/04 04:43:04 Q=5
2026-01-06 19:17:40,936 - INFO - [GINSLIB] processing : 2020/10/04 04:43:05 Q=5
2026-01-06 19:17:40,947 - INFO - [GINSLIB] processing : 2020/10/04 04:43:06 Q=5
2026-01-06 19:17:40,958 - INFO - [GINSLIB] processing : 2020/10/04 04:43:07 Q=5
2026-01-06 19:17:40,969 - INFO - [GINSLIB] processing : 2020/10/04 04:43:08 Q=5
2026-01-06 19:17:40,981 - INFO - [GINSLIB] processing : 2020/10/04 04:43:09 Q=5
2026-01-06 19:17:40,993 - INFO - [GINSLIB] processing : 2020/10/04 04:43:10 Q=5
2026-01-06 19:17:41,004 - INFO - [GINSLIB] processing : 2020/10/04 04:43:11 Q=5
2026-01-06 19:17:41,026 - INFO - [GINSLIB] processing : 2020/10/04 04:43:12 Q=5
2026-01-06 19:17:41,027 - INFO - [GINSLIB] processing : 2020/10/04 04:43:13 Q=5
2026-01-06 19:17:41,040 - INFO - [GINSLIB] processing : 2020/10/04 04:43:14 Q=5
2026-01-06 19:17:41,052 - INFO - [GINSLIB] processing : 2020/10/04 04:43:15 Q=5
2026-01-06 19:17:41,063 - INFO - [GINSLIB] processing : 2020/10/04 04:43:16 Q=5
2026-01-06 19:17:41,086 - INFO - [GINSLIB] processing : 2020/10/04 04:43:17 Q=5
2026-01-06 19:17:41,087 - INFO - [GINSLIB] processing : 2020/10/04 04:43:18 Q=5
2026-01-06 19:17:41,100 - INFO - [GINSLIB] processing : 2020/10/04 04:43:19 Q=5
2026-01-06 19:17:41,112 - INFO - [GINSLIB] processing : 2020/10/04 04:43:20 Q=5
2026-01-06 19:17:41,125 - INFO - [GINSLIB] processing : 2020/10/04 04:43:21 Q=5
2026-01-06 19:17:41,146 - INFO - [GINSLIB] processing : 2020/10/04 04:43:22 Q=5
2026-01-06 19:17:41,147 - INFO - [GINSLIB] processing : 2020/10/04 04:43:23 Q=5
2026-01-06 19:17:41,161 - INFO - [GINSLIB] processing : 2020/10/04 04:43:24 Q=5
2026-01-06 19:17:41,173 - INFO - [GINSLIB] processing : 2020/10/04 04:43:25 Q=5
2026-01-06 19:17:41,185 - INFO - [GINSLIB] processing : 2020/10/04 04:43:26 Q=5
2026-01-06 19:17:41,196 - INFO - [GINSLIB] processing : 2020/10/04 04:43:27 Q=5
2026-01-06 19:17:41,207 - INFO - [GINSLIB] processing : 2020/10/04 04:43:28 Q=5
2026-01-06 19:17:41,219 - INFO - [GINSLIB] processing : 2020/10/04 04:43:29 Q=5
2026-01-06 19:17:41,231 - INFO - [GINSLIB] processing : 2020/10/04 04:43:30 Q=5
2026-01-06 19:17:41,243 - INFO - [GINSLIB] processing : 2020/10/04 04:43:31 Q=5
2026-01-06 19:17:41,256 - INFO - [GINSLIB] processing : 2020/10/04 04:43:32 Q=5
2026-01-06 19:17:41,267 - INFO - [GINSLIB] processing : 2020/10/04 04:43:33 Q=5
2026-01-06 19:17:41,279 - INFO - [GINSLIB] processing : 2020/10/04 04:43:34 Q=5
2026-01-06 19:17:41,292 - INFO - [GINSLIB] processing : 2020/10/04 04:43:35 Q=5
2026-01-06 19:17:41,304 - INFO - [GINSLIB] processing : 2020/10/04 04:43:36 Q=5
2026-01-06 19:17:41,315 - INFO - [GINSLIB] processing : 2020/10/04 04:43:37 Q=5
2026-01-06 19:17:41,324 - INFO - [GINSLIB] processing : 2020/10/04 04:43:38 Q=5
2026-01-06 19:17:41,337 - INFO - [GINSLIB] processing : 2020/10/04 04:43:39 Q=5
2026-01-06 19:17:41,349 - INFO - [GINSLIB] processing : 2020/10/04 04:43:40 Q=5
2026-01-06 19:17:41,360 - INFO - [GINSLIB] processing : 2020/10/04 04:43:41 Q=5
2026-01-06 19:17:41,372 - INFO - [GINSLIB] processing : 2020/10/04 04:43:42 Q=5
2026-01-06 19:17:41,391 - INFO - [GINSLIB] processing : 2020/10/04 04:43:43 Q=5
2026-01-06 19:17:41,393 - INFO - [GINSLIB] processing : 2020/10/04 04:43:44 Q=5
2026-01-06 19:17:41,405 - INFO - [GINSLIB] processing : 2020/10/04 04:43:45 Q=5
2026-01-06 19:17:41,416 - INFO - [GINSLIB] processing : 2020/10/04 04:43:46 Q=5
2026-01-06 19:17:41,429 - INFO - [GINSLIB] processing : 2020/10/04 04:43:47 Q=5
2026-01-06 19:17:41,450 - INFO - [GINSLIB] processing : 2020/10/04 04:43:48 Q=5
2026-01-06 19:17:41,452 - INFO - [GINSLIB] processing : 2020/10/04 04:43:49 Q=5
2026-01-06 19:17:41,464 - INFO - [GINSLIB] processing : 2020/10/04 04:43:50 Q=5
2026-01-06 19:17:41,476 - INFO - [GINSLIB] processing : 2020/10/04 04:43:51 Q=5
2026-01-06 19:17:41,489 - INFO - [GINSLIB] processing : 2020/10/04 04:43:52 Q=5
2026-01-06 19:17:41,510 - INFO - [GINSLIB] processing : 2020/10/04 04:43:53 Q=5
2026-01-06 19:17:41,512 - INFO - [GINSLIB] processing : 2020/10/04 04:43:54 Q=5
2026-01-06 19:17:41,525 - INFO - [GINSLIB] processing : 2020/10/04 04:43:55 Q=5
2026-01-06 19:17:41,537 - INFO - [GINSLIB] processing : 2020/10/04 04:43:56 Q=5
2026-01-06 19:17:41,549 - INFO - [GINSLIB] processing : 2020/10/04 04:43:57 Q=5
2026-01-06 19:17:41,560 - INFO - [GINSLIB] processing : 2020/10/04 04:43:58 Q=5
2026-01-06 19:17:41,569 - INFO - [GINSLIB] processing : 2020/10/04 04:43:59 Q=5
2026-01-06 19:17:41,581 - INFO - [GINSLIB] processing : 2020/10/04 04:44:00 Q=5
2026-01-06 19:17:41,592 - INFO - [GINSLIB] processing : 2020/10/04 04:44:01 Q=5
2026-01-06 19:17:41,603 - INFO - [GINSLIB] processing : 2020/10/04 04:44:02 Q=5
2026-01-06 19:17:41,616 - INFO - [GINSLIB] processing : 2020/10/04 04:44:03 Q=5
2026-01-06 19:17:41,625 - INFO - [GINSLIB] processing : 2020/10/04 04:44:04 Q=5
2026-01-06 19:17:41,636 - INFO - [GINSLIB] processing : 2020/10/04 04:44:05 Q=5
2026-01-06 19:17:41,649 - INFO - [GINSLIB] processing : 2020/10/04 04:44:06 Q=5
2026-01-06 19:17:41,660 - INFO - [GINSLIB] processing : 2020/10/04 04:44:07 Q=5
2026-01-06 19:17:41,672 - INFO - [GINSLIB] processing : 2020/10/04 04:44:08 Q=5
2026-01-06 19:17:41,682 - INFO - [GINSLIB] processing : 2020/10/04 04:44:09 Q=5
2026-01-06 19:17:41,692 - INFO - [GINSLIB] processing : 2020/10/04 04:44:10 Q=5
2026-01-06 19:17:41,705 - INFO - [GINSLIB] processing : 2020/10/04 04:44:11 Q=5
2026-01-06 19:17:41,717 - INFO - [GINSLIB] processing : 2020/10/04 04:44:12 Q=5
2026-01-06 19:17:41,727 - INFO - [GINSLIB] processing : 2020/10/04 04:44:13 Q=5
2026-01-06 19:17:41,750 - INFO - [GINSLIB] processing : 2020/10/04 04:44:14 Q=5
2026-01-06 19:17:41,751 - INFO - [GINSLIB] processing : 2020/10/04 04:44:15 Q=5
2026-01-06 19:17:41,762 - INFO - [GINSLIB] processing : 2020/10/04 04:44:16 Q=5
2026-01-06 19:17:41,775 - INFO - [GINSLIB] processing : 2020/10/04 04:44:17 Q=5
2026-01-06 19:17:41,786 - INFO - [GINSLIB] processing : 2020/10/04 04:44:18 Q=5
2026-01-06 19:17:41,806 - INFO - [GINSLIB] processing : 2020/10/04 04:44:19 Q=5
2026-01-06 19:17:41,807 - INFO - [GINSLIB] processing : 2020/10/04 04:44:20 Q=5
2026-01-06 19:17:41,818 - INFO - [GINSLIB] processing : 2020/10/04 04:44:21 Q=5
2026-01-06 19:17:41,832 - INFO - [GINSLIB] processing : 2020/10/04 04:44:22 Q=5
2026-01-06 19:17:41,842 - INFO - [GINSLIB] processing : 2020/10/04 04:44:23 Q=5
2026-01-06 19:17:41,862 - INFO - [GINSLIB] processing : 2020/10/04 04:44:24 Q=5
2026-01-06 19:17:41,863 - INFO - [GINSLIB] processing : 2020/10/04 04:44:25 Q=5
2026-01-06 19:17:41,874 - INFO - [GINSLIB] processing : 2020/10/04 04:44:26 Q=5
2026-01-06 19:17:41,884 - INFO - [GINSLIB] processing : 2020/10/04 04:44:27 Q=5
2026-01-06 19:17:41,897 - INFO - [GINSLIB] processing : 2020/10/04 04:44:28 Q=5
2026-01-06 19:17:41,907 - INFO - [GINSLIB] processing : 2020/10/04 04:44:29 Q=5
2026-01-06 19:17:41,917 - INFO - [GINSLIB] processing : 2020/10/04 04:44:30 Q=5
2026-01-06 19:17:41,929 - INFO - [GINSLIB] processing : 2020/10/04 04:44:31 Q=5
2026-01-06 19:17:41,939 - INFO - [GINSLIB] processing : 2020/10/04 04:44:32 Q=5
2026-01-06 19:17:41,952 - INFO - [GINSLIB] processing : 2020/10/04 04:44:33 Q=5
2026-01-06 19:17:41,963 - INFO - [GINSLIB] processing : 2020/10/04 04:44:34 Q=5
2026-01-06 19:17:41,974 - INFO - [GINSLIB] processing : 2020/10/04 04:44:35 Q=5
2026-01-06 19:17:41,987 - INFO - [GINSLIB] processing : 2020/10/04 04:44:36 Q=5
2026-01-06 19:17:41,997 - INFO - [GINSLIB] processing : 2020/10/04 04:44:37 Q=5
2026-01-06 19:17:42,009 - INFO - [GINSLIB] processing : 2020/10/04 04:44:38 Q=5
2026-01-06 19:17:42,022 - INFO - [GINSLIB] processing : 2020/10/04 04:44:39 Q=5
2026-01-06 19:17:42,032 - INFO - [GINSLIB] processing : 2020/10/04 04:44:40 Q=5
2026-01-06 19:17:42,044 - INFO - [GINSLIB] processing : 2020/10/04 04:44:41 Q=5
2026-01-06 19:17:42,055 - INFO - [GINSLIB] processing : 2020/10/04 04:44:42 Q=5
2026-01-06 19:17:42,065 - INFO - [GINSLIB] processing : 2020/10/04 04:44:43 Q=5
2026-01-06 19:17:42,078 - INFO - [GINSLIB] processing : 2020/10/04 04:44:44 Q=5
2026-01-06 19:17:42,097 - INFO - [GINSLIB] processing : 2020/10/04 04:44:45 Q=5
2026-01-06 19:17:42,099 - INFO - [GINSLIB] processing : 2020/10/04 04:44:46 Q=5
2026-01-06 19:17:42,112 - INFO - [GINSLIB] processing : 2020/10/04 04:44:47 Q=5
2026-01-06 19:17:42,125 - INFO - [GINSLIB] processing : 2020/10/04 04:44:48 Q=5
2026-01-06 19:17:42,138 - INFO - [GINSLIB] processing : 2020/10/04 04:44:49 Q=5
2026-01-06 19:17:42,161 - INFO - [GINSLIB] processing : 2020/10/04 04:44:50 Q=5
2026-01-06 19:17:42,163 - INFO - [GINSLIB] processing : 2020/10/04 04:44:51 Q=5
2026-01-06 19:17:42,176 - INFO - [GINSLIB] processing : 2020/10/04 04:44:52 Q=5
2026-01-06 19:17:42,189 - INFO - [GINSLIB] processing : 2020/10/04 04:44:53 Q=5
2026-01-06 19:17:42,201 - INFO - [GINSLIB] processing : 2020/10/04 04:44:54 Q=5
2026-01-06 19:17:42,221 - INFO - [GINSLIB] processing : 2020/10/04 04:44:55 Q=5
2026-01-06 19:17:42,222 - INFO - [GINSLIB] processing : 2020/10/04 04:44:56 Q=5
2026-01-06 19:17:42,233 - INFO - [GINSLIB] processing : 2020/10/04 04:44:57 Q=5
2026-01-06 19:17:42,245 - INFO - [GINSLIB] processing : 2020/10/04 04:44:58 Q=5
2026-01-06 19:17:42,256 - INFO - [GINSLIB] processing : 2020/10/04 04:44:59 Q=5
2026-01-06 19:17:42,268 - INFO - [GINSLIB] processing : 2020/10/04 04:45:00 Q=5
2026-01-06 19:17:42,278 - INFO - [GINSLIB] processing : 2020/10/04 04:45:01 Q=5
2026-01-06 19:17:42,291 - INFO - [GINSLIB] processing : 2020/10/04 04:45:02 Q=5
2026-01-06 19:17:42,303 - INFO - [GINSLIB] processing : 2020/10/04 04:45:03 Q=5
2026-01-06 19:17:42,316 - INFO - [GINSLIB] processing : 2020/10/04 04:45:04 Q=5
2026-01-06 19:17:42,329 - INFO - [GINSLIB] processing : 2020/10/04 04:45:05 Q=5
2026-01-06 19:17:42,342 - INFO - [GINSLIB] processing : 2020/10/04 04:45:06 Q=5
2026-01-06 19:17:42,356 - INFO - [GINSLIB] processing : 2020/10/04 04:45:07 Q=5
2026-01-06 19:17:42,368 - INFO - [GINSLIB] processing : 2020/10/04 04:45:08 Q=5
2026-01-06 19:17:42,379 - INFO - [GINSLIB] processing : 2020/10/04 04:45:09 Q=5
2026-01-06 19:17:42,394 - INFO - [GINSLIB] processing : 2020/10/04 04:45:10 Q=5
2026-01-06 19:17:42,405 - INFO - [GINSLIB] processing : 2020/10/04 04:45:11 Q=5
2026-01-06 19:17:42,417 - INFO - [GINSLIB] processing : 2020/10/04 04:45:12 Q=5
2026-01-06 19:17:42,429 - INFO - [GINSLIB] processing : 2020/10/04 04:45:13 Q=5
2026-01-06 19:17:42,443 - INFO - [GINSLIB] processing : 2020/10/04 04:45:14 Q=5
2026-01-06 19:17:42,456 - INFO - [GINSLIB] processing : 2020/10/04 04:45:15 Q=5
2026-01-06 19:17:42,479 - INFO - [GINSLIB] processing : 2020/10/04 04:45:16 Q=5
2026-01-06 19:17:42,481 - INFO - [GINSLIB] processing : 2020/10/04 04:45:17 Q=5
2026-01-06 19:17:42,495 - INFO - [GINSLIB] processing : 2020/10/04 04:45:18 Q=5
2026-01-06 19:17:42,508 - INFO - [GINSLIB] processing : 2020/10/04 04:45:19 Q=5
2026-01-06 19:17:42,522 - INFO - [GINSLIB] processing : 2020/10/04 04:45:20 Q=5
2026-01-06 19:17:42,544 - INFO - [GINSLIB] processing : 2020/10/04 04:45:21 Q=5
2026-01-06 19:17:42,546 - INFO - [GINSLIB] processing : 2020/10/04 04:45:22 Q=5
2026-01-06 19:17:42,561 - INFO - [GINSLIB] processing : 2020/10/04 04:45:23 Q=5
2026-01-06 19:17:42,573 - INFO - [GINSLIB] processing : 2020/10/04 04:45:24 Q=5
2026-01-06 19:17:42,586 - INFO - [GINSLIB] processing : 2020/10/04 04:45:25 Q=5
2026-01-06 19:17:42,606 - INFO - [GINSLIB] processing : 2020/10/04 04:45:26 Q=5
2026-01-06 19:17:42,607 - INFO - [GINSLIB] processing : 2020/10/04 04:45:27 Q=5
2026-01-06 19:17:42,619 - INFO - [GINSLIB] processing : 2020/10/04 04:45:28 Q=5
2026-01-06 19:17:42,630 - INFO - [GINSLIB] processing : 2020/10/04 04:45:29 Q=5
2026-01-06 19:17:42,642 - INFO - [GINSLIB] processing : 2020/10/04 04:45:30 Q=5
2026-01-06 19:17:42,654 - INFO - [GINSLIB] processing : 2020/10/04 04:45:31 Q=5
2026-01-06 19:17:42,663 - INFO - [GINSLIB] processing : 2020/10/04 04:45:32 Q=5
2026-01-06 19:17:42,675 - INFO - [GINSLIB] processing : 2020/10/04 04:45:33 Q=5
2026-01-06 19:17:42,686 - INFO - [GINSLIB] processing : 2020/10/04 04:45:34 Q=5
2026-01-06 19:17:42,699 - INFO - [GINSLIB] processing : 2020/10/04 04:45:35 Q=5
2026-01-06 19:17:42,710 - INFO - [GINSLIB] processing : 2020/10/04 04:45:36 Q=5
2026-01-06 19:17:42,721 - INFO - [GINSLIB] processing : 2020/10/04 04:45:37 Q=5
2026-01-06 19:17:42,733 - INFO - [GINSLIB] processing : 2020/10/04 04:45:38 Q=5
2026-01-06 19:17:42,746 - INFO - [GINSLIB] processing : 2020/10/04 04:45:39 Q=5
2026-01-06 19:17:42,760 - INFO - [GINSLIB] processing : 2020/10/04 04:45:40 Q=5
2026-01-06 19:17:42,772 - INFO - [GINSLIB] processing : 2020/10/04 04:45:41 Q=5
2026-01-06 19:17:42,785 - INFO - [GINSLIB] processing : 2020/10/04 04:45:42 Q=5
2026-01-06 19:17:42,795 - INFO - [GINSLIB] processing : 2020/10/04 04:45:43 Q=5
2026-01-06 19:17:42,807 - INFO - [GINSLIB] processing : 2020/10/04 04:45:44 Q=5
2026-01-06 19:17:42,821 - INFO - [GINSLIB] processing : 2020/10/04 04:45:45 Q=5
2026-01-06 19:17:42,835 - INFO - [GINSLIB] processing : 2020/10/04 04:45:46 Q=5
2026-01-06 19:17:42,855 - INFO - [GINSLIB] processing : 2020/10/04 04:45:47 Q=5
2026-01-06 19:17:42,856 - INFO - [GINSLIB] processing : 2020/10/04 04:45:48 Q=5
2026-01-06 19:17:42,868 - INFO - [GINSLIB] processing : 2020/10/04 04:45:49 Q=5
2026-01-06 19:17:42,880 - INFO - [GINSLIB] processing : 2020/10/04 04:45:50 Q=5
2026-01-06 19:17:42,891 - INFO - [GINSLIB] processing : 2020/10/04 04:45:51 Q=5
2026-01-06 19:17:42,910 - INFO - [GINSLIB] processing : 2020/10/04 04:45:52 Q=5
2026-01-06 19:17:42,912 - INFO - [GINSLIB] processing : 2020/10/04 04:45:53 Q=5
2026-01-06 19:17:42,924 - INFO - [GINSLIB] processing : 2020/10/04 04:45:54 Q=5
2026-01-06 19:17:42,937 - INFO - [GINSLIB] processing : 2020/10/04 04:45:55 Q=5
2026-01-06 19:17:42,950 - INFO - [GINSLIB] processing : 2020/10/04 04:45:56 Q=5
2026-01-06 19:17:42,972 - INFO - [GINSLIB] processing : 2020/10/04 04:45:57 Q=5
2026-01-06 19:17:42,973 - INFO - [GINSLIB] processing : 2020/10/04 04:45:58 Q=5
2026-01-06 19:17:42,986 - INFO - [GINSLIB] processing : 2020/10/04 04:45:59 Q=5
2026-01-06 19:17:42,998 - INFO - [GINSLIB] processing : 2020/10/04 04:46:00 Q=5
2026-01-06 19:17:43,010 - INFO - [GINSLIB] processing : 2020/10/04 04:46:01 Q=5
2026-01-06 19:17:43,023 - INFO - [GINSLIB] processing : 2020/10/04 04:46:02 Q=5
2026-01-06 19:17:43,034 - INFO - [GINSLIB] processing : 2020/10/04 04:46:03 Q=5
2026-01-06 19:17:43,046 - INFO - [GINSLIB] processing : 2020/10/04 04:46:04 Q=5
2026-01-06 19:17:43,058 - INFO - [GINSLIB] processing : 2020/10/04 04:46:05 Q=5
2026-01-06 19:17:43,071 - INFO - [GINSLIB] processing : 2020/10/04 04:46:06 Q=5
2026-01-06 19:17:43,084 - INFO - [GINSLIB] processing : 2020/10/04 04:46:07 Q=5
2026-01-06 19:17:43,094 - INFO - [GINSLIB] processing : 2020/10/04 04:46:08 Q=5
2026-01-06 19:17:43,109 - INFO - [GINSLIB] processing : 2020/10/04 04:46:09 Q=5
2026-01-06 19:17:43,122 - INFO - [GINSLIB] processing : 2020/10/04 04:46:10 Q=5
2026-01-06 19:17:43,135 - INFO - [GINSLIB] processing : 2020/10/04 04:46:11 Q=5
2026-01-06 19:17:43,148 - INFO - [GINSLIB] processing : 2020/10/04 04:46:12 Q=5
2026-01-06 19:17:43,169 - INFO - [GINSLIB] processing : 2020/10/04 04:46:13 Q=5
2026-01-06 19:17:43,171 - INFO - [GINSLIB] processing : 2020/10/04 04:46:14 Q=5
2026-01-06 19:17:43,185 - INFO - [GINSLIB] processing : 2020/10/04 04:46:15 Q=5
2026-01-06 19:17:43,198 - INFO - [GINSLIB] processing : 2020/10/04 04:46:16 Q=5
2026-01-06 19:17:43,212 - INFO - [GINSLIB] processing : 2020/10/04 04:46:17 Q=5
2026-01-06 19:17:43,235 - INFO - [GINSLIB] processing : 2020/10/04 04:46:18 Q=5
2026-01-06 19:17:43,237 - INFO - [GINSLIB] processing : 2020/10/04 04:46:19 Q=5
2026-01-06 19:17:43,249 - INFO - [GINSLIB] processing : 2020/10/04 04:46:20 Q=5
2026-01-06 19:17:43,261 - INFO - [GINSLIB] processing : 2020/10/04 04:46:21 Q=5
2026-01-06 19:17:43,275 - INFO - [GINSLIB] processing : 2020/10/04 04:46:22 Q=5
2026-01-06 19:17:43,296 - INFO - [GINSLIB] processing : 2020/10/04 04:46:23 Q=5
2026-01-06 19:17:43,298 - INFO - [GINSLIB] processing : 2020/10/04 04:46:24 Q=5
2026-01-06 19:17:43,311 - INFO - [GINSLIB] processing : 2020/10/04 04:46:25 Q=5
2026-01-06 19:17:43,323 - INFO - [GINSLIB] processing : 2020/10/04 04:46:26 Q=5
2026-01-06 19:17:43,335 - INFO - [GINSLIB] processing : 2020/10/04 04:46:27 Q=5
2026-01-06 19:17:43,355 - INFO - [GINSLIB] processing : 2020/10/04 04:46:28 Q=5
2026-01-06 19:17:43,357 - INFO - [GINSLIB] processing : 2020/10/04 04:46:29 Q=5
2026-01-06 19:17:43,369 - INFO - [GINSLIB] processing : 2020/10/04 04:46:30 Q=5
2026-01-06 19:17:43,380 - INFO - [GINSLIB] processing : 2020/10/04 04:46:31 Q=5
2026-01-06 19:17:43,393 - INFO - [GINSLIB] processing : 2020/10/04 04:46:32 Q=5
2026-01-06 19:17:43,405 - INFO - [GINSLIB] processing : 2020/10/04 04:46:33 Q=5
2026-01-06 19:17:43,448 - INFO - [GINSLIB] processing : 2020/10/04 04:46:34 Q=5
2026-01-06 19:17:43,461 - INFO - [GINSLIB] processing : 2020/10/04 04:46:35 Q=5
2026-01-06 19:17:43,472 - INFO - [GINSLIB] processing : 2020/10/04 04:46:36 Q=5
2026-01-06 19:17:43,484 - INFO - [GINSLIB] processing : 2020/10/04 04:46:37 Q=5
2026-01-06 19:17:43,495 - INFO - [GINSLIB] processing : 2020/10/04 04:46:38 Q=5
2026-01-06 19:17:43,506 - INFO - [GINSLIB] processing : 2020/10/04 04:46:39 Q=5
2026-01-06 19:17:43,518 - INFO - [GINSLIB] processing : 2020/10/04 04:46:40 Q=5
2026-01-06 19:17:43,529 - INFO - [GINSLIB] processing : 2020/10/04 04:46:41 Q=5
2026-01-06 19:17:43,541 - INFO - [GINSLIB] processing : 2020/10/04 04:46:42 Q=5
2026-01-06 19:17:43,555 - INFO - [GINSLIB] processing : 2020/10/04 04:46:43 Q=5
2026-01-06 19:17:43,577 - INFO - [GINSLIB] processing : 2020/10/04 04:46:44 Q=5
2026-01-06 19:17:43,579 - INFO - [GINSLIB] processing : 2020/10/04 04:46:45 Q=5
2026-01-06 19:17:43,592 - INFO - [GINSLIB] processing : 2020/10/04 04:46:46 Q=5
2026-01-06 19:17:43,605 - INFO - [GINSLIB] processing : 2020/10/04 04:46:47 Q=5
2026-01-06 19:17:43,619 - INFO - [GINSLIB] processing : 2020/10/04 04:46:48 Q=5
2026-01-06 19:17:43,645 - INFO - [GINSLIB] processing : 2020/10/04 04:46:49 Q=5
2026-01-06 19:17:43,647 - INFO - [GINSLIB] processing : 2020/10/04 04:46:50 Q=5
2026-01-06 19:17:43,661 - INFO - [GINSLIB] processing : 2020/10/04 04:46:51 Q=5
2026-01-06 19:17:43,675 - INFO - [GINSLIB] processing : 2020/10/04 04:46:52 Q=5
2026-01-06 19:17:43,689 - INFO - [GINSLIB] processing : 2020/10/04 04:46:53 Q=5
2026-01-06 19:17:43,710 - INFO - [GINSLIB] processing : 2020/10/04 04:46:54 Q=5
2026-01-06 19:17:43,711 - INFO - [GINSLIB] processing : 2020/10/04 04:46:55 Q=5
2026-01-06 19:17:43,724 - INFO - [GINSLIB] processing : 2020/10/04 04:46:56 Q=5
2026-01-06 19:17:43,738 - INFO - [GINSLIB] processing : 2020/10/04 04:46:57 Q=5
2026-01-06 19:17:43,751 - INFO - [GINSLIB] processing : 2020/10/04 04:46:58 Q=5
2026-01-06 19:17:43,763 - INFO - [GINSLIB] processing : 2020/10/04 04:46:59 Q=5
2026-01-06 19:17:43,774 - INFO - [GINSLIB] processing : 2020/10/04 04:47:00 Q=5
2026-01-06 19:17:43,788 - INFO - [GINSLIB] processing : 2020/10/04 04:47:01 Q=5
2026-01-06 19:17:43,800 - INFO - [GINSLIB] processing : 2020/10/04 04:47:02 Q=5
2026-01-06 19:17:43,813 - INFO - [GINSLIB] processing : 2020/10/04 04:47:03 Q=5
2026-01-06 19:17:43,825 - INFO - [GINSLIB] processing : 2020/10/04 04:47:04 Q=5
2026-01-06 19:17:43,835 - INFO - [GINSLIB] processing : 2020/10/04 04:47:05 Q=5
2026-01-06 19:17:43,849 - INFO - [GINSLIB] processing : 2020/10/04 04:47:06 Q=5
2026-01-06 19:17:43,861 - INFO - [GINSLIB] processing : 2020/10/04 04:47:07 Q=5
2026-01-06 19:17:43,874 - INFO - [GINSLIB] processing : 2020/10/04 04:47:08 Q=5
2026-01-06 19:17:43,886 - INFO - [GINSLIB] processing : 2020/10/04 04:47:09 Q=5
2026-01-06 19:17:43,897 - INFO - [GINSLIB] processing : 2020/10/04 04:47:10 Q=5
2026-01-06 19:17:43,909 - INFO - [GINSLIB] processing : 2020/10/04 04:47:11 Q=5
2026-01-06 19:17:43,920 - INFO - [GINSLIB] processing : 2020/10/04 04:47:12 Q=5
2026-01-06 19:17:43,931 - INFO - [GINSLIB] processing : 2020/10/04 04:47:13 Q=5
2026-01-06 19:17:43,946 - INFO - [GINSLIB] processing : 2020/10/04 04:47:14 Q=5
2026-01-06 19:17:43,970 - INFO - [GINSLIB] processing : 2020/10/04 04:47:15 Q=5
2026-01-06 19:17:43,972 - INFO - [GINSLIB] processing : 2020/10/04 04:47:16 Q=5
2026-01-06 19:17:43,985 - INFO - [GINSLIB] processing : 2020/10/04 04:47:17 Q=5
2026-01-06 19:17:43,999 - INFO - [GINSLIB] processing : 2020/10/04 04:47:18 Q=5
2026-01-06 19:17:44,013 - INFO - [GINSLIB] processing : 2020/10/04 04:47:19 Q=5
2026-01-06 19:17:44,035 - INFO - [GINSLIB] processing : 2020/10/04 04:47:20 Q=5
2026-01-06 19:17:44,036 - INFO - [GINSLIB] processing : 2020/10/04 04:47:21 Q=5
2026-01-06 19:17:44,049 - INFO - [GINSLIB] processing : 2020/10/04 04:47:22 Q=5
2026-01-06 19:17:44,064 - INFO - [GINSLIB] processing : 2020/10/04 04:47:23 Q=5
2026-01-06 19:17:44,097 - INFO - [GINSLIB] processing : 2020/10/04 04:47:24 Q=5
2026-01-06 19:17:44,120 - INFO - [GINSLIB] processing : 2020/10/04 04:47:25 Q=5
2026-01-06 19:17:44,125 - INFO - [GINSLIB] processing : 2020/10/04 04:47:26 Q=5
2026-01-06 19:17:44,137 - INFO - [GINSLIB] processing : 2020/10/04 04:47:27 Q=5
2026-01-06 19:17:44,153 - INFO - [GINSLIB] processing : 2020/10/04 04:47:28 Q=5
2026-01-06 19:17:44,167 - INFO - [GINSLIB] processing : 2020/10/04 04:47:29 Q=5
2026-01-06 19:17:44,182 - INFO - [GINSLIB] processing : 2020/10/04 04:47:30 Q=5
2026-01-06 19:17:44,193 - INFO - [GINSLIB] processing : 2020/10/04 04:47:31 Q=5
2026-01-06 19:17:44,208 - INFO - [GINSLIB] processing : 2020/10/04 04:47:32 Q=5
2026-01-06 19:17:44,221 - INFO - [GINSLIB] processing : 2020/10/04 04:47:33 Q=5
2026-01-06 19:17:44,235 - INFO - [GINSLIB] processing : 2020/10/04 04:47:34 Q=5
2026-01-06 19:17:44,250 - INFO - [GINSLIB] processing : 2020/10/04 04:47:35 Q=5
2026-01-06 19:17:44,260 - INFO - [GINSLIB] processing : 2020/10/04 04:47:36 Q=5
2026-01-06 19:17:44,273 - INFO - [GINSLIB] processing : 2020/10/04 04:47:37 Q=5
2026-01-06 19:17:44,286 - INFO - [GINSLIB] processing : 2020/10/04 04:47:38 Q=5
2026-01-06 19:17:44,302 - INFO - [GINSLIB] processing : 2020/10/04 04:47:39 Q=5
2026-01-06 19:17:44,318 - INFO - [GINSLIB] processing : 2020/10/04 04:47:40 Q=5
2026-01-06 19:17:44,332 - INFO - [GINSLIB] processing : 2020/10/04 04:47:41 Q=5
2026-01-06 19:17:44,345 - INFO - [GINSLIB] processing : 2020/10/04 04:47:42 Q=5
2026-01-06 19:17:44,357 - INFO - [GINSLIB] processing : 2020/10/04 04:47:43 Q=5
2026-01-06 19:17:44,371 - INFO - [GINSLIB] processing : 2020/10/04 04:47:44 Q=5
2026-01-06 19:17:44,385 - INFO - [GINSLIB] processing : 2020/10/04 04:47:45 Q=5
2026-01-06 19:17:44,408 - INFO - [GINSLIB] processing : 2020/10/04 04:47:46 Q=5
2026-01-06 19:17:44,409 - INFO - [GINSLIB] processing : 2020/10/04 04:47:47 Q=5
2026-01-06 19:17:44,422 - INFO - [GINSLIB] processing : 2020/10/04 04:47:48 Q=5
2026-01-06 19:17:44,434 - INFO - [GINSLIB] processing : 2020/10/04 04:47:49 Q=5
2026-01-06 19:17:44,448 - INFO - [GINSLIB] processing : 2020/10/04 04:47:50 Q=5
2026-01-06 19:17:44,473 - INFO - [GINSLIB] processing : 2020/10/04 04:47:51 Q=5
2026-01-06 19:17:44,474 - INFO - [GINSLIB] processing : 2020/10/04 04:47:52 Q=5
2026-01-06 19:17:44,487 - INFO - [GINSLIB] processing : 2020/10/04 04:47:53 Q=5
2026-01-06 19:17:44,500 - INFO - [GINSLIB] processing : 2020/10/04 04:47:54 Q=5
2026-01-06 19:17:44,514 - INFO - [GINSLIB] processing : 2020/10/04 04:47:55 Q=5
2026-01-06 19:17:44,539 - INFO - [GINSLIB] processing : 2020/10/04 04:47:56 Q=5
2026-01-06 19:17:44,540 - INFO - [GINSLIB] processing : 2020/10/04 04:47:57 Q=5
2026-01-06 19:17:44,553 - INFO - [GINSLIB] processing : 2020/10/04 04:47:58 Q=5
2026-01-06 19:17:44,565 - INFO - [GINSLIB] processing : 2020/10/04 04:47:59 Q=5
2026-01-06 19:17:44,579 - INFO - [GINSLIB] processing : 2020/10/04 04:48:00 Q=5
2026-01-06 19:17:44,592 - INFO - [GINSLIB] processing : 2020/10/04 04:48:01 Q=5
2026-01-06 19:17:44,605 - INFO - [GINSLIB] processing : 2020/10/04 04:48:02 Q=5
2026-01-06 19:17:44,618 - INFO - [GINSLIB] processing : 2020/10/04 04:48:03 Q=5
2026-01-06 19:17:44,631 - INFO - [GINSLIB] processing : 2020/10/04 04:48:04 Q=5
2026-01-06 19:17:44,644 - INFO - [GINSLIB] processing : 2020/10/04 04:48:05 Q=5
2026-01-06 19:17:44,658 - INFO - [GINSLIB] processing : 2020/10/04 04:48:06 Q=5
2026-01-06 19:17:44,669 - INFO - [GINSLIB] processing : 2020/10/04 04:48:07 Q=5
2026-01-06 19:17:44,682 - INFO - [GINSLIB] processing : 2020/10/04 04:48:08 Q=5
2026-01-06 19:17:44,695 - INFO - [GINSLIB] processing : 2020/10/04 04:48:09 Q=5
2026-01-06 19:17:44,710 - INFO - [GINSLIB] processing : 2020/10/04 04:48:10 Q=5
2026-01-06 19:17:44,723 - INFO - [GINSLIB] processing : 2020/10/04 04:48:11 Q=5
2026-01-06 19:17:44,734 - INFO - [GINSLIB] processing : 2020/10/04 04:48:12 Q=5
2026-01-06 19:17:44,745 - INFO - [GINSLIB] processing : 2020/10/04 04:48:13 Q=5
2026-01-06 19:17:44,758 - INFO - [GINSLIB] processing : 2020/10/04 04:48:14 Q=5
2026-01-06 19:17:44,770 - INFO - [GINSLIB] processing : 2020/10/04 04:48:15 Q=5
2026-01-06 19:17:44,783 - INFO - [GINSLIB] processing : 2020/10/04 04:48:16 Q=5
2026-01-06 19:17:44,807 - INFO - [GINSLIB] processing : 2020/10/04 04:48:17 Q=5
2026-01-06 19:17:44,808 - INFO - [GINSLIB] processing : 2020/10/04 04:48:18 Q=5
2026-01-06 19:17:44,823 - INFO - [GINSLIB] processing : 2020/10/04 04:48:19 Q=5
2026-01-06 19:17:44,835 - INFO - [GINSLIB] processing : 2020/10/04 04:48:20 Q=5
2026-01-06 19:17:44,845 - INFO - [GINSLIB] processing : 2020/10/04 04:48:21 Q=5
2026-01-06 19:17:44,866 - INFO - [GINSLIB] processing : 2020/10/04 04:48:22 Q=5
2026-01-06 19:17:44,868 - INFO - [GINSLIB] processing : 2020/10/04 04:48:23 Q=5
2026-01-06 19:17:44,881 - INFO - [GINSLIB] processing : 2020/10/04 04:48:24 Q=5
2026-01-06 19:17:44,894 - INFO - [GINSLIB] processing : 2020/10/04 04:48:25 Q=5
2026-01-06 19:17:44,908 - INFO - [GINSLIB] processing : 2020/10/04 04:48:26 Q=5
2026-01-06 19:17:44,930 - INFO - [GINSLIB] processing : 2020/10/04 04:48:27 Q=5
2026-01-06 19:17:44,932 - INFO - [GINSLIB] processing : 2020/10/04 04:48:28 Q=5
2026-01-06 19:17:44,942 - INFO - [GINSLIB] processing : 2020/10/04 04:48:29 Q=5
2026-01-06 19:17:44,956 - INFO - [GINSLIB] processing : 2020/10/04 04:48:30 Q=5
2026-01-06 19:17:44,969 - INFO - [GINSLIB] processing : 2020/10/04 04:48:31 Q=5
2026-01-06 19:17:44,983 - INFO - [GINSLIB] processing : 2020/10/04 04:48:32 Q=5
2026-01-06 19:17:44,994 - INFO - [GINSLIB] processing : 2020/10/04 04:48:33 Q=5
2026-01-06 19:17:45,005 - INFO - [GINSLIB] processing : 2020/10/04 04:48:34 Q=5
2026-01-06 19:17:45,018 - INFO - [GINSLIB] processing : 2020/10/04 04:48:35 Q=5
2026-01-06 19:17:45,032 - INFO - [GINSLIB] processing : 2020/10/04 04:48:36 Q=5
2026-01-06 19:17:45,046 - INFO - [GINSLIB] processing : 2020/10/04 04:48:37 Q=5
2026-01-06 19:17:45,055 - INFO - [GINSLIB] processing : 2020/10/04 04:48:38 Q=5
2026-01-06 19:17:45,066 - INFO - [GINSLIB] processing : 2020/10/04 04:48:39 Q=5
2026-01-06 19:17:45,078 - INFO - [GINSLIB] processing : 2020/10/04 04:48:40 Q=5
2026-01-06 19:17:45,091 - INFO - [GINSLIB] processing : 2020/10/04 04:48:41 Q=5
2026-01-06 19:17:45,103 - INFO - [GINSLIB] processing : 2020/10/04 04:48:42 Q=5
2026-01-06 19:17:45,115 - INFO - [GINSLIB] processing : 2020/10/04 04:48:43 Q=5
2026-01-06 19:17:45,127 - INFO - [GINSLIB] processing : 2020/10/04 04:48:44 Q=5
2026-01-06 19:17:45,140 - INFO - [GINSLIB] processing : 2020/10/04 04:48:45 Q=5
2026-01-06 19:17:45,152 - INFO - [GINSLIB] processing : 2020/10/04 04:48:46 Q=5
2026-01-06 19:17:45,166 - INFO - [GINSLIB] processing : 2020/10/04 04:48:47 Q=5
2026-01-06 19:17:45,186 - INFO - [GINSLIB] processing : 2020/10/04 04:48:48 Q=5
2026-01-06 19:17:45,187 - INFO - [GINSLIB] processing : 2020/10/04 04:48:49 Q=5
2026-01-06 19:17:45,200 - INFO - [GINSLIB] processing : 2020/10/04 04:48:50 Q=5
2026-01-06 19:17:45,212 - INFO - [GINSLIB] processing : 2020/10/04 04:48:51 Q=5
2026-01-06 19:17:45,225 - INFO - [GINSLIB] processing : 2020/10/04 04:48:52 Q=5
2026-01-06 19:17:45,246 - INFO - [GINSLIB] processing : 2020/10/04 04:48:53 Q=5
2026-01-06 19:17:45,248 - INFO - [GINSLIB] processing : 2020/10/04 04:48:54 Q=5
2026-01-06 19:17:45,260 - INFO - [GINSLIB] processing : 2020/10/04 04:48:55 Q=5
2026-01-06 19:17:45,271 - INFO - [GINSLIB] processing : 2020/10/04 04:48:56 Q=5
2026-01-06 19:17:45,284 - INFO - [GINSLIB] processing : 2020/10/04 04:48:57 Q=5
2026-01-06 19:17:45,304 - INFO - [GINSLIB] processing : 2020/10/04 04:48:58 Q=5
2026-01-06 19:17:45,305 - INFO - [GINSLIB] processing : 2020/10/04 04:48:59 Q=5
2026-01-06 19:17:45,318 - INFO - [GINSLIB] processing : 2020/10/04 04:49:00 Q=5
2026-01-06 19:17:45,329 - INFO - [GINSLIB] processing : 2020/10/04 04:49:01 Q=5
2026-01-06 19:17:45,341 - INFO - [GINSLIB] processing : 2020/10/04 04:49:02 Q=5
2026-01-06 19:17:45,353 - INFO - [GINSLIB] processing : 2020/10/04 04:49:03 Q=5
2026-01-06 19:17:45,362 - INFO - [GINSLIB] processing : 2020/10/04 04:49:04 Q=5
2026-01-06 19:17:45,376 - INFO - [GINSLIB] processing : 2020/10/04 04:49:05 Q=5
2026-01-06 19:17:45,387 - INFO - [GINSLIB] processing : 2020/10/04 04:49:06 Q=5
2026-01-06 19:17:45,398 - INFO - [GINSLIB] processing : 2020/10/04 04:49:07 Q=5
2026-01-06 19:17:45,410 - INFO - [GINSLIB] processing : 2020/10/04 04:49:08 Q=5
2026-01-06 19:17:45,419 - INFO - [GINSLIB] processing : 2020/10/04 04:49:09 Q=5
2026-01-06 19:17:45,430 - INFO - [GINSLIB] processing : 2020/10/04 04:49:10 Q=5
2026-01-06 19:17:45,442 - INFO - [GINSLIB] processing : 2020/10/04 04:49:11 Q=5
2026-01-06 19:17:45,455 - INFO - [GINSLIB] processing : 2020/10/04 04:49:12 Q=5
2026-01-06 19:17:45,467 - INFO - [GINSLIB] processing : 2020/10/04 04:49:13 Q=5
2026-01-06 19:17:45,488 - INFO - [GINSLIB] processing : 2020/10/04 04:49:14 Q=5
2026-01-06 19:17:45,489 - INFO - [GINSLIB] processing : 2020/10/04 04:49:15 Q=5
2026-01-06 19:17:45,503 - INFO - [GINSLIB] processing : 2020/10/04 04:49:16 Q=5
2026-01-06 19:17:45,516 - INFO - [GINSLIB] processing : 2020/10/04 04:49:17 Q=5
2026-01-06 19:17:45,529 - INFO - [GINSLIB] processing : 2020/10/04 04:49:18 Q=5
2026-01-06 19:17:45,546 - INFO - [GINSLIB] processing : 2020/10/04 04:49:19 Q=5
2026-01-06 19:17:45,548 - INFO - [GINSLIB] processing : 2020/10/04 04:49:20 Q=5
2026-01-06 19:17:45,559 - INFO - [GINSLIB] processing : 2020/10/04 04:49:21 Q=5
2026-01-06 19:17:45,572 - INFO - [GINSLIB] processing : 2020/10/04 04:49:22 Q=5
2026-01-06 19:17:45,585 - INFO - [GINSLIB] processing : 2020/10/04 04:49:23 Q=5
2026-01-06 19:17:45,608 - INFO - [GINSLIB] processing : 2020/10/04 04:49:24 Q=5
2026-01-06 19:17:45,609 - INFO - [GINSLIB] processing : 2020/10/04 04:49:25 Q=5
2026-01-06 19:17:45,625 - INFO - [GINSLIB] processing : 2020/10/04 04:49:26 Q=5
2026-01-06 19:17:45,639 - INFO - [GINSLIB] processing : 2020/10/04 04:49:27 Q=5
2026-01-06 19:17:45,653 - INFO - [GINSLIB] processing : 2020/10/04 04:49:28 Q=5
2026-01-06 19:17:45,679 - INFO - [GINSLIB] processing : 2020/10/04 04:49:29 Q=5
2026-01-06 19:17:45,681 - INFO - [GINSLIB] processing : 2020/10/04 04:49:30 Q=5
2026-01-06 19:17:45,695 - INFO - [GINSLIB] processing : 2020/10/04 04:49:31 Q=5
2026-01-06 19:17:45,708 - INFO - [GINSLIB] processing : 2020/10/04 04:49:32 Q=5
2026-01-06 19:17:45,721 - INFO - [GINSLIB] processing : 2020/10/04 04:49:33 Q=5
2026-01-06 19:17:45,736 - INFO - [GINSLIB] processing : 2020/10/04 04:49:34 Q=5
2026-01-06 19:17:45,747 - INFO - [GINSLIB] processing : 2020/10/04 04:49:35 Q=5
2026-01-06 19:17:45,763 - INFO - [GINSLIB] processing : 2020/10/04 04:49:36 Q=5
2026-01-06 19:17:45,777 - INFO - [GINSLIB] processing : 2020/10/04 04:49:37 Q=5
2026-01-06 19:17:45,791 - INFO - [GINSLIB] processing : 2020/10/04 04:49:38 Q=5
2026-01-06 19:17:45,805 - INFO - [GINSLIB] processing : 2020/10/04 04:49:39 Q=5
2026-01-06 19:17:45,815 - INFO - [GINSLIB] processing : 2020/10/04 04:49:40 Q=5
2026-01-06 19:17:45,829 - INFO - [GINSLIB] processing : 2020/10/04 04:49:41 Q=5
2026-01-06 19:17:45,843 - INFO - [GINSLIB] processing : 2020/10/04 04:49:42 Q=5
2026-01-06 19:17:45,855 - INFO - [GINSLIB] processing : 2020/10/04 04:49:43 Q=5
2026-01-06 19:17:45,868 - INFO - [GINSLIB] processing : 2020/10/04 04:49:44 Q=5
2026-01-06 19:17:45,889 - INFO - [GINSLIB] processing : 2020/10/04 04:49:45 Q=5
2026-01-06 19:17:45,891 - INFO - [GINSLIB] processing : 2020/10/04 04:49:46 Q=5
2026-01-06 19:17:45,903 - INFO - [GINSLIB] processing : 2020/10/04 04:49:47 Q=5
2026-01-06 19:17:45,914 - INFO - [GINSLIB] processing : 2020/10/04 04:49:48 Q=5
2026-01-06 19:17:45,925 - INFO - [GINSLIB] processing : 2020/10/04 04:49:49 Q=5
2026-01-06 19:17:45,948 - INFO - [GINSLIB] processing : 2020/10/04 04:49:50 Q=5
2026-01-06 19:17:45,949 - INFO - [GINSLIB] processing : 2020/10/04 04:49:51 Q=5
2026-01-06 19:17:45,961 - INFO - [GINSLIB] processing : 2020/10/04 04:49:52 Q=5
2026-01-06 19:17:45,973 - INFO - [GINSLIB] processing : 2020/10/04 04:49:53 Q=5
2026-01-06 19:17:45,985 - INFO - [GINSLIB] processing : 2020/10/04 04:49:54 Q=5
2026-01-06 19:17:46,009 - INFO - [GINSLIB] processing : 2020/10/04 04:49:55 Q=5
2026-01-06 19:17:46,010 - INFO - [GINSLIB] processing : 2020/10/04 04:49:56 Q=5
2026-01-06 19:17:46,024 - INFO - [GINSLIB] processing : 2020/10/04 04:49:57 Q=5
2026-01-06 19:17:46,037 - INFO - [GINSLIB] processing : 2020/10/04 04:49:58 Q=5
2026-01-06 19:17:46,049 - INFO - [GINSLIB] processing : 2020/10/04 04:49:59 Q=5
2026-01-06 19:17:46,061 - INFO - [GINSLIB] processing : 2020/10/04 04:50:00 Q=5
2026-01-06 19:17:46,073 - INFO - [GINSLIB] processing : 2020/10/04 04:50:01 Q=5
2026-01-06 19:17:46,087 - INFO - [GINSLIB] processing : 2020/10/04 04:50:02 Q=5
2026-01-06 19:17:46,100 - INFO - [GINSLIB] processing : 2020/10/04 04:50:03 Q=5
2026-01-06 19:17:46,112 - INFO - [GINSLIB] processing : 2020/10/04 04:50:04 Q=5
2026-01-06 19:17:46,123 - INFO - [GINSLIB] processing : 2020/10/04 04:50:05 Q=5
2026-01-06 19:17:46,135 - INFO - [GINSLIB] processing : 2020/10/04 04:50:06 Q=5
2026-01-06 19:17:46,149 - INFO - [GINSLIB] processing : 2020/10/04 04:50:07 Q=5
2026-01-06 19:17:46,161 - INFO - [GINSLIB] processing : 2020/10/04 04:50:08 Q=5
2026-01-06 19:17:46,174 - INFO - [GINSLIB] processing : 2020/10/04 04:50:09 Q=5
2026-01-06 19:17:46,186 - INFO - [GINSLIB] processing : 2020/10/04 04:50:10 Q=5
2026-01-06 19:17:46,197 - INFO - [GINSLIB] processing : 2020/10/04 04:50:11 Q=5
2026-01-06 19:17:46,211 - INFO - [GINSLIB] processing : 2020/10/04 04:50:12 Q=5
2026-01-06 19:17:46,225 - INFO - [GINSLIB] processing : 2020/10/04 04:50:13 Q=5
2026-01-06 19:17:46,241 - INFO - [GINSLIB] processing : 2020/10/04 04:50:14 Q=5
2026-01-06 19:17:46,256 - INFO - [GINSLIB] processing : 2020/10/04 04:50:15 Q=5
2026-01-06 19:17:46,280 - INFO - [GINSLIB] processing : 2020/10/04 04:50:16 Q=5
2026-01-06 19:17:46,284 - INFO - [GINSLIB] processing : 2020/10/04 04:50:17 Q=5
2026-01-06 19:17:46,296 - INFO - [GINSLIB] processing : 2020/10/04 04:50:18 Q=5
2026-01-06 19:17:46,310 - INFO - [GINSLIB] processing : 2020/10/04 04:50:19 Q=5
2026-01-06 19:17:46,323 - INFO - [GINSLIB] processing : 2020/10/04 04:50:20 Q=5
2026-01-06 19:17:46,346 - INFO - [GINSLIB] processing : 2020/10/04 04:50:21 Q=5
2026-01-06 19:17:46,347 - INFO - [GINSLIB] processing : 2020/10/04 04:50:22 Q=5
2026-01-06 19:17:46,361 - INFO - [GINSLIB] processing : 2020/10/04 04:50:23 Q=5
2026-01-06 19:17:46,373 - INFO - [GINSLIB] processing : 2020/10/04 04:50:24 Q=5
2026-01-06 19:17:46,386 - INFO - [GINSLIB] processing : 2020/10/04 04:50:25 Q=5
2026-01-06 19:17:46,410 - INFO - [GINSLIB] processing : 2020/10/04 04:50:26 Q=5
2026-01-06 19:17:46,412 - INFO - [GINSLIB] processing : 2020/10/04 04:50:27 Q=5
2026-01-06 19:17:46,425 - INFO - [GINSLIB] processing : 2020/10/04 04:50:28 Q=5
2026-01-06 19:17:46,437 - INFO - [GINSLIB] processing : 2020/10/04 04:50:29 Q=5
2026-01-06 19:17:46,451 - INFO - [GINSLIB] processing : 2020/10/04 04:50:30 Q=5
2026-01-06 19:17:46,464 - INFO - [GINSLIB] processing : 2020/10/04 04:50:31 Q=5
2026-01-06 19:17:46,475 - INFO - [GINSLIB] processing : 2020/10/04 04:50:32 Q=5
2026-01-06 19:17:46,490 - INFO - [GINSLIB] processing : 2020/10/04 04:50:33 Q=5
2026-01-06 19:17:46,504 - INFO - [GINSLIB] processing : 2020/10/04 04:50:34 Q=5
2026-01-06 19:17:46,517 - INFO - [GINSLIB] processing : 2020/10/04 04:50:35 Q=5
2026-01-06 19:17:46,528 - INFO - [GINSLIB] processing : 2020/10/04 04:50:36 Q=5
2026-01-06 19:17:46,540 - INFO - [GINSLIB] processing : 2020/10/04 04:50:37 Q=5
2026-01-06 19:17:46,555 - INFO - [GINSLIB] processing : 2020/10/04 04:50:38 Q=5
2026-01-06 19:17:46,567 - INFO - [GINSLIB] processing : 2020/10/04 04:50:39 Q=5
2026-01-06 19:17:46,581 - INFO - [GINSLIB] processing : 2020/10/04 04:50:40 Q=5
2026-01-06 19:17:46,593 - INFO - [GINSLIB] processing : 2020/10/04 04:50:41 Q=5
2026-01-06 19:17:46,605 - INFO - [GINSLIB] processing : 2020/10/04 04:50:42 Q=5
2026-01-06 19:17:46,618 - INFO - [GINSLIB] processing : 2020/10/04 04:50:43 Q=5
2026-01-06 19:17:46,629 - INFO - [GINSLIB] processing : 2020/10/04 04:50:44 Q=5
2026-01-06 19:17:46,644 - INFO - [GINSLIB] processing : 2020/10/04 04:50:45 Q=5
2026-01-06 19:17:46,656 - INFO - [GINSLIB] processing : 2020/10/04 04:50:46 Q=5
2026-01-06 19:17:46,679 - INFO - [GINSLIB] processing : 2020/10/04 04:50:47 Q=5
2026-01-06 19:17:46,680 - INFO - [GINSLIB] processing : 2020/10/04 04:50:48 Q=5
2026-01-06 19:17:46,693 - INFO - [GINSLIB] processing : 2020/10/04 04:50:49 Q=5
2026-01-06 19:17:46,708 - INFO - [GINSLIB] processing : 2020/10/04 04:50:50 Q=5
2026-01-06 19:17:46,721 - INFO - [GINSLIB] processing : 2020/10/04 04:50:51 Q=5
2026-01-06 19:17:46,743 - INFO - [GINSLIB] processing : 2020/10/04 04:50:52 Q=5
2026-01-06 19:17:46,745 - INFO - [GINSLIB] processing : 2020/10/04 04:50:53 Q=5
2026-01-06 19:17:46,757 - INFO - [GINSLIB] processing : 2020/10/04 04:50:54 Q=5
2026-01-06 19:17:46,770 - INFO - [GINSLIB] processing : 2020/10/04 04:50:55 Q=5
2026-01-06 19:17:46,782 - INFO - [GINSLIB] processing : 2020/10/04 04:50:56 Q=5
2026-01-06 19:17:46,804 - INFO - [GINSLIB] processing : 2020/10/04 04:50:57 Q=5
2026-01-06 19:17:46,805 - INFO - [GINSLIB] processing : 2020/10/04 04:50:58 Q=5
2026-01-06 19:17:46,818 - INFO - [GINSLIB] processing : 2020/10/04 04:50:59 Q=5
2026-01-06 19:17:46,831 - INFO - [GINSLIB] processing : 2020/10/04 04:51:00 Q=5
2026-01-06 19:17:46,844 - INFO - [GINSLIB] processing : 2020/10/04 04:51:01 Q=5
2026-01-06 19:17:46,855 - INFO - [GINSLIB] processing : 2020/10/04 04:51:02 Q=5
2026-01-06 19:17:46,866 - INFO - [GINSLIB] processing : 2020/10/04 04:51:03 Q=5
2026-01-06 19:17:46,876 - INFO - [GINSLIB] processing : 2020/10/04 04:51:04 Q=5
2026-01-06 19:17:46,887 - INFO - [GINSLIB] processing : 2020/10/04 04:51:05 Q=5
2026-01-06 19:17:46,899 - INFO - [GINSLIB] processing : 2020/10/04 04:51:06 Q=5
2026-01-06 19:17:46,910 - INFO - [GINSLIB] processing : 2020/10/04 04:51:07 Q=5
2026-01-06 19:17:46,921 - INFO - [GINSLIB] processing : 2020/10/04 04:51:08 Q=5
2026-01-06 19:17:46,932 - INFO - [GINSLIB] processing : 2020/10/04 04:51:09 Q=5
2026-01-06 19:17:46,941 - INFO - [GINSLIB] processing : 2020/10/04 04:51:10 Q=5
2026-01-06 19:17:46,953 - INFO - [GINSLIB] processing : 2020/10/04 04:51:11 Q=5
2026-01-06 19:17:46,964 - INFO - [GINSLIB] processing : 2020/10/04 04:51:12 Q=5
2026-01-06 19:17:46,973 - INFO - [GINSLIB] processing : 2020/10/04 04:51:13 Q=5
2026-01-06 19:17:46,986 - INFO - [GINSLIB] processing : 2020/10/04 04:51:14 Q=5
2026-01-06 19:17:46,996 - INFO - [GINSLIB] processing : 2020/10/04 04:51:15 Q=5
2026-01-06 19:17:47,007 - INFO - [GINSLIB] processing : 2020/10/04 04:51:16 Q=5
2026-01-06 19:17:47,020 - INFO - [GINSLIB] processing : 2020/10/04 04:51:17 Q=5
2026-01-06 19:17:47,040 - INFO - [GINSLIB] processing : 2020/10/04 04:51:18 Q=5
2026-01-06 19:17:47,042 - INFO - [GINSLIB] processing : 2020/10/04 04:51:19 Q=5
2026-01-06 19:17:47,053 - INFO - [GINSLIB] processing : 2020/10/04 04:51:20 Q=5
2026-01-06 19:17:47,063 - INFO - [GINSLIB] processing : 2020/10/04 04:51:21 Q=5
2026-01-06 19:17:47,076 - INFO - [GINSLIB] processing : 2020/10/04 04:51:22 Q=5
2026-01-06 19:17:47,095 - INFO - [GINSLIB] processing : 2020/10/04 04:51:23 Q=5
2026-01-06 19:17:47,097 - INFO - [GINSLIB] processing : 2020/10/04 04:51:24 Q=5
2026-01-06 19:17:47,108 - INFO - [GINSLIB] processing : 2020/10/04 04:51:25 Q=5
2026-01-06 19:17:47,119 - INFO - [GINSLIB] processing : 2020/10/04 04:51:26 Q=5
2026-01-06 19:17:47,130 - INFO - [GINSLIB] processing : 2020/10/04 04:51:27 Q=5
2026-01-06 19:17:47,154 - INFO - [GINSLIB] processing : 2020/10/04 04:51:28 Q=5
2026-01-06 19:17:47,156 - INFO - [GINSLIB] processing : 2020/10/04 04:51:29 Q=5
2026-01-06 19:17:47,168 - INFO - [GINSLIB] processing : 2020/10/04 04:51:30 Q=5
2026-01-06 19:17:47,180 - INFO - [GINSLIB] processing : 2020/10/04 04:51:31 Q=5
2026-01-06 19:17:47,192 - INFO - [GINSLIB] processing : 2020/10/04 04:51:32 Q=5
2026-01-06 19:17:47,206 - INFO - [GINSLIB] processing : 2020/10/04 04:51:33 Q=5
2026-01-06 19:17:47,217 - INFO - [GINSLIB] processing : 2020/10/04 04:51:34 Q=5
2026-01-06 19:17:47,230 - INFO - [GINSLIB] processing : 2020/10/04 04:51:35 Q=5
2026-01-06 19:17:47,244 - INFO - [GINSLIB] processing : 2020/10/04 04:51:36 Q=5
2026-01-06 19:17:47,255 - INFO - [GINSLIB] processing : 2020/10/04 04:51:37 Q=5
2026-01-06 19:17:47,267 - INFO - [GINSLIB] processing : 2020/10/04 04:51:38 Q=5
2026-01-06 19:17:47,278 - INFO - [GINSLIB] processing : 2020/10/04 04:51:39 Q=5
2026-01-06 19:17:47,289 - INFO - [GINSLIB] processing : 2020/10/04 04:51:40 Q=5
2026-01-06 19:17:47,301 - INFO - [GINSLIB] processing : 2020/10/04 04:51:41 Q=5
2026-01-06 19:17:47,312 - INFO - [GINSLIB] processing : 2020/10/04 04:51:42 Q=5
2026-01-06 19:17:47,324 - INFO - [GINSLIB] processing : 2020/10/04 04:51:43 Q=5
2026-01-06 19:17:47,344 - INFO - [GINSLIB] processing : 2020/10/04 04:51:44 Q=5
2026-01-06 19:17:47,346 - INFO - [GINSLIB] processing : 2020/10/04 04:51:45 Q=5
2026-01-06 19:17:47,357 - INFO - [GINSLIB] processing : 2020/10/04 04:51:46 Q=5
2026-01-06 19:17:47,371 - INFO - [GINSLIB] processing : 2020/10/04 04:51:47 Q=5
2026-01-06 19:17:47,384 - INFO - [GINSLIB] processing : 2020/10/04 04:51:48 Q=5
2026-01-06 19:17:47,406 - INFO - [GINSLIB] processing : 2020/10/04 04:51:49 Q=5
2026-01-06 19:17:47,408 - INFO - [GINSLIB] processing : 2020/10/04 04:51:50 Q=5
2026-01-06 19:17:47,422 - INFO - [GINSLIB] processing : 2020/10/04 04:51:51 Q=5
2026-01-06 19:17:47,434 - INFO - [GINSLIB] processing : 2020/10/04 04:51:52 Q=5
2026-01-06 19:17:47,447 - INFO - [GINSLIB] processing : 2020/10/04 04:51:53 Q=5
2026-01-06 19:17:47,469 - INFO - [GINSLIB] processing : 2020/10/04 04:51:54 Q=5
2026-01-06 19:17:47,471 - INFO - [GINSLIB] processing : 2020/10/04 04:51:55 Q=5
2026-01-06 19:17:47,485 - INFO - [GINSLIB] processing : 2020/10/04 04:51:56 Q=5
2026-01-06 19:17:47,498 - INFO - [GINSLIB] processing : 2020/10/04 04:51:57 Q=5
2026-01-06 19:17:47,512 - INFO - [GINSLIB] processing : 2020/10/04 04:51:58 Q=5
2026-01-06 19:17:47,538 - INFO - [GINSLIB] processing : 2020/10/04 04:51:59 Q=5
2026-01-06 19:17:47,540 - INFO - [GINSLIB] processing : 2020/10/04 04:52:00 Q=5
2026-01-06 19:17:47,554 - INFO - [GINSLIB] processing : 2020/10/04 04:52:01 Q=5
2026-01-06 19:17:47,569 - INFO - [GINSLIB] processing : 2020/10/04 04:52:02 Q=5
2026-01-06 19:17:47,580 - INFO - [GINSLIB] processing : 2020/10/04 04:52:03 Q=5
2026-01-06 19:17:47,593 - INFO - [GINSLIB] processing : 2020/10/04 04:52:04 Q=5
2026-01-06 19:17:47,605 - INFO - [GINSLIB] processing : 2020/10/04 04:52:05 Q=5
2026-01-06 19:17:47,619 - INFO - [GINSLIB] processing : 2020/10/04 04:52:06 Q=5
2026-01-06 19:17:47,630 - INFO - [GINSLIB] processing : 2020/10/04 04:52:07 Q=5
2026-01-06 19:17:47,643 - INFO - [GINSLIB] processing : 2020/10/04 04:52:08 Q=5
2026-01-06 19:17:47,656 - INFO - [GINSLIB] processing : 2020/10/04 04:52:09 Q=5
2026-01-06 19:17:47,667 - INFO - [GINSLIB] processing : 2020/10/04 04:52:10 Q=5
2026-01-06 19:17:47,678 - INFO - [GINSLIB] processing : 2020/10/04 04:52:11 Q=5
2026-01-06 19:17:47,689 - INFO - [GINSLIB] processing : 2020/10/04 04:52:12 Q=5
2026-01-06 19:17:47,701 - INFO - [GINSLIB] processing : 2020/10/04 04:52:13 Q=5
2026-01-06 19:17:47,713 - INFO - [GINSLIB] processing : 2020/10/04 04:52:14 Q=5
2026-01-06 19:17:47,735 - INFO - [GINSLIB] processing : 2020/10/04 04:52:15 Q=5
2026-01-06 19:17:47,736 - INFO - [GINSLIB] processing : 2020/10/04 04:52:16 Q=5
2026-01-06 19:17:47,749 - INFO - [GINSLIB] processing : 2020/10/04 04:52:17 Q=5
2026-01-06 19:17:47,762 - INFO - [GINSLIB] processing : 2020/10/04 04:52:18 Q=5
2026-01-06 19:17:47,775 - INFO - [GINSLIB] processing : 2020/10/04 04:52:19 Q=5
2026-01-06 19:17:47,796 - INFO - [GINSLIB] processing : 2020/10/04 04:52:20 Q=5
2026-01-06 19:17:47,797 - INFO - [GINSLIB] processing : 2020/10/04 04:52:21 Q=5
2026-01-06 19:17:47,811 - INFO - [GINSLIB] processing : 2020/10/04 04:52:22 Q=5
2026-01-06 19:17:47,823 - INFO - [GINSLIB] processing : 2020/10/04 04:52:23 Q=5
2026-01-06 19:17:47,836 - INFO - [GINSLIB] processing : 2020/10/04 04:52:24 Q=5
2026-01-06 19:17:47,858 - INFO - [GINSLIB] processing : 2020/10/04 04:52:25 Q=5
2026-01-06 19:17:47,860 - INFO - [GINSLIB] processing : 2020/10/04 04:52:26 Q=5
2026-01-06 19:17:47,872 - INFO - [GINSLIB] processing : 2020/10/04 04:52:27 Q=5
2026-01-06 19:17:47,885 - INFO - [GINSLIB] processing : 2020/10/04 04:52:28 Q=5
2026-01-06 19:17:47,897 - INFO - [GINSLIB] processing : 2020/10/04 04:52:29 Q=5
2026-01-06 19:17:47,909 - INFO - [GINSLIB] processing : 2020/10/04 04:52:30 Q=5
2026-01-06 19:17:47,921 - INFO - [GINSLIB] processing : 2020/10/04 04:52:31 Q=5
2026-01-06 19:17:47,934 - INFO - [GINSLIB] processing : 2020/10/04 04:52:32 Q=5
2026-01-06 19:17:47,945 - INFO - [GINSLIB] processing : 2020/10/04 04:52:33 Q=5
2026-01-06 19:17:47,956 - INFO - [GINSLIB] processing : 2020/10/04 04:52:34 Q=5
2026-01-06 19:17:47,968 - INFO - [GINSLIB] processing : 2020/10/04 04:52:35 Q=5
2026-01-06 19:17:47,979 - INFO - [GINSLIB] processing : 2020/10/04 04:52:35 Q=7
2026-01-06 19:17:47,979 - INFO - [GINSLIB] processing : 2020/10/04 04:52:36 Q=7
2026-01-06 19:17:47,991 - INFO - [GINSLIB] processing : 2020/10/04 04:52:37 Q=7
2026-01-06 19:17:48,001 - INFO - [GINSLIB] processing : 2020/10/04 04:52:37 Q=5
2026-01-06 19:17:48,003 - INFO - [GINSLIB] processing : 2020/10/04 04:52:38 Q=5
2026-01-06 19:17:48,017 - INFO - [GINSLIB] processing : 2020/10/04 04:52:39 Q=5
2026-01-06 19:17:48,030 - INFO - [GINSLIB] processing : 2020/10/04 04:52:40 Q=5
2026-01-06 19:17:48,043 - INFO - [GINSLIB] processing : 2020/10/04 04:52:41 Q=5
2026-01-06 19:17:48,055 - INFO - [GINSLIB] processing : 2020/10/04 04:52:42 Q=5
2026-01-06 19:17:48,068 - INFO - [GINSLIB] processing : 2020/10/04 04:52:43 Q=5
2026-01-06 19:17:48,080 - INFO - [GINSLIB] processing : 2020/10/04 04:52:44 Q=5
2026-01-06 19:17:48,092 - INFO - [GINSLIB] processing : 2020/10/04 04:52:45 Q=5
2026-01-06 19:17:48,115 - INFO - [GINSLIB] processing : 2020/10/04 04:52:46 Q=5
2026-01-06 19:17:48,116 - INFO - [GINSLIB] processing : 2020/10/04 04:52:47 Q=5
2026-01-06 19:17:48,129 - INFO - [GINSLIB] processing : 2020/10/04 04:52:48 Q=5
2026-01-06 19:17:48,141 - INFO - [GINSLIB] processing : 2020/10/04 04:52:49 Q=5
2026-01-06 19:17:48,154 - INFO - [GINSLIB] processing : 2020/10/04 04:52:50 Q=5
2026-01-06 19:17:48,177 - INFO - [GINSLIB] processing : 2020/10/04 04:52:51 Q=5
2026-01-06 19:17:48,178 - INFO - [GINSLIB] processing : 2020/10/04 04:52:52 Q=5
2026-01-06 19:17:48,192 - INFO - [GINSLIB] processing : 2020/10/04 04:52:53 Q=5
2026-01-06 19:17:48,204 - INFO - [GINSLIB] processing : 2020/10/04 04:52:54 Q=5
2026-01-06 19:17:48,217 - INFO - [GINSLIB] processing : 2020/10/04 04:52:55 Q=5
2026-01-06 19:17:48,237 - INFO - [GINSLIB] processing : 2020/10/04 04:52:56 Q=5
2026-01-06 19:17:48,239 - INFO - [GINSLIB] processing : 2020/10/04 04:52:57 Q=5
2026-01-06 19:17:48,251 - INFO - [GINSLIB] processing : 2020/10/04 04:52:58 Q=5
2026-01-06 19:17:48,262 - INFO - [GINSLIB] processing : 2020/10/04 04:52:59 Q=5
2026-01-06 19:17:48,275 - INFO - [GINSLIB] processing : 2020/10/04 04:53:00 Q=5
2026-01-06 19:17:48,288 - INFO - [GINSLIB] processing : 2020/10/04 04:53:01 Q=5
2026-01-06 19:17:48,298 - INFO - [GINSLIB] processing : 2020/10/04 04:53:02 Q=5
2026-01-06 19:17:48,309 - INFO - [GINSLIB] processing : 2020/10/04 04:53:03 Q=5
2026-01-06 19:17:48,322 - INFO - [GINSLIB] processing : 2020/10/04 04:53:04 Q=5
2026-01-06 19:17:48,335 - INFO - [GINSLIB] processing : 2020/10/04 04:53:05 Q=5
2026-01-06 19:17:48,347 - INFO - [GINSLIB] processing : 2020/10/04 04:53:06 Q=5
2026-01-06 19:17:48,358 - INFO - [GINSLIB] processing : 2020/10/04 04:53:07 Q=5
2026-01-06 19:17:48,371 - INFO - [GINSLIB] processing : 2020/10/04 04:53:08 Q=5
2026-01-06 19:17:48,383 - INFO - [GINSLIB] processing : 2020/10/04 04:53:09 Q=5
2026-01-06 19:17:48,395 - INFO - [GINSLIB] processing : 2020/10/04 04:53:10 Q=5
2026-01-06 19:17:48,405 - INFO - [GINSLIB] processing : 2020/10/04 04:53:11 Q=5
2026-01-06 19:17:48,417 - INFO - [GINSLIB] processing : 2020/10/04 04:53:12 Q=5
2026-01-06 19:17:48,430 - INFO - [GINSLIB] processing : 2020/10/04 04:53:13 Q=5
2026-01-06 19:17:48,442 - INFO - [GINSLIB] processing : 2020/10/04 04:53:14 Q=5
2026-01-06 19:17:48,454 - INFO - [GINSLIB] processing : 2020/10/04 04:53:15 Q=5
2026-01-06 19:17:48,467 - INFO - [GINSLIB] processing : 2020/10/04 04:53:16 Q=5
2026-01-06 19:17:48,486 - INFO - [GINSLIB] processing : 2020/10/04 04:53:17 Q=5
2026-01-06 19:17:48,487 - INFO - [GINSLIB] processing : 2020/10/04 04:53:18 Q=5
2026-01-06 19:17:48,499 - INFO - [GINSLIB] processing : 2020/10/04 04:53:19 Q=5
2026-01-06 19:17:48,511 - INFO - [GINSLIB] processing : 2020/10/04 04:53:20 Q=5
2026-01-06 19:17:48,523 - INFO - [GINSLIB] processing : 2020/10/04 04:53:21 Q=5
2026-01-06 19:17:48,544 - INFO - [GINSLIB] processing : 2020/10/04 04:53:22 Q=5
2026-01-06 19:17:48,545 - INFO - [GINSLIB] processing : 2020/10/04 04:53:23 Q=5
2026-01-06 19:17:48,559 - INFO - [GINSLIB] processing : 2020/10/04 04:53:24 Q=5
2026-01-06 19:17:48,573 - INFO - [GINSLIB] processing : 2020/10/04 04:53:25 Q=5
2026-01-06 19:17:48,586 - INFO - [GINSLIB] processing : 2020/10/04 04:53:26 Q=5
2026-01-06 19:17:48,606 - INFO - [GINSLIB] processing : 2020/10/04 04:53:27 Q=5
2026-01-06 19:17:48,607 - INFO - [GINSLIB] processing : 2020/10/04 04:53:28 Q=5
2026-01-06 19:17:48,620 - INFO - [GINSLIB] processing : 2020/10/04 04:53:29 Q=5
2026-01-06 19:17:48,633 - INFO - [GINSLIB] processing : 2020/10/04 04:53:30 Q=5
2026-01-06 19:17:48,645 - INFO - [GINSLIB] processing : 2020/10/04 04:53:31 Q=5
2026-01-06 19:17:48,657 - INFO - [GINSLIB] processing : 2020/10/04 04:53:32 Q=5
2026-01-06 19:17:48,669 - INFO - [GINSLIB] processing : 2020/10/04 04:53:33 Q=5
2026-01-06 19:17:48,682 - INFO - [GINSLIB] processing : 2020/10/04 04:53:34 Q=5
2026-01-06 19:17:48,694 - INFO - [GINSLIB] processing : 2020/10/04 04:53:35 Q=5
2026-01-06 19:17:48,707 - INFO - [GINSLIB] processing : 2020/10/04 04:53:36 Q=5
2026-01-06 19:17:48,718 - INFO - [GINSLIB] processing : 2020/10/04 04:53:37 Q=5
2026-01-06 19:17:48,728 - INFO - [GINSLIB] processing : 2020/10/04 04:53:38 Q=5
2026-01-06 19:17:48,740 - INFO - [GINSLIB] processing : 2020/10/04 04:53:39 Q=5
2026-01-06 19:17:48,753 - INFO - [GINSLIB] processing : 2020/10/04 04:53:40 Q=5
2026-01-06 19:17:48,769 - INFO - [GINSLIB] processing : 2020/10/04 04:53:41 Q=5
2026-01-06 19:17:48,780 - INFO - [GINSLIB] processing : 2020/10/04 04:53:42 Q=5
2026-01-06 19:17:48,789 - INFO - [GINSLIB] processing : 2020/10/04 04:53:43 Q=5
2026-01-06 19:17:48,803 - INFO - [GINSLIB] processing : 2020/10/04 04:53:44 Q=5
2026-01-06 19:17:48,814 - INFO - [GINSLIB] processing : 2020/10/04 04:53:45 Q=5
2026-01-06 19:17:48,827 - INFO - [GINSLIB] processing : 2020/10/04 04:53:46 Q=5
2026-01-06 19:17:48,840 - INFO - [GINSLIB] processing : 2020/10/04 04:53:47 Q=5
2026-01-06 19:17:48,861 - INFO - [GINSLIB] processing : 2020/10/04 04:53:48 Q=5
2026-01-06 19:17:48,862 - INFO - [GINSLIB] processing : 2020/10/04 04:53:49 Q=5
2026-01-06 19:17:48,874 - INFO - [GINSLIB] processing : 2020/10/04 04:53:50 Q=5
2026-01-06 19:17:48,884 - INFO - [GINSLIB] processing : 2020/10/04 04:53:51 Q=5
2026-01-06 19:17:48,896 - INFO - [GINSLIB] processing : 2020/10/04 04:53:52 Q=5
2026-01-06 19:17:48,916 - INFO - [GINSLIB] processing : 2020/10/04 04:53:53 Q=5
2026-01-06 19:17:48,918 - INFO - [GINSLIB] processing : 2020/10/04 04:53:54 Q=5
2026-01-06 19:17:48,930 - INFO - [GINSLIB] processing : 2020/10/04 04:53:55 Q=5
2026-01-06 19:17:48,943 - INFO - [GINSLIB] processing : 2020/10/04 04:53:56 Q=5
2026-01-06 19:17:48,956 - INFO - [GINSLIB] processing : 2020/10/04 04:53:57 Q=5
2026-01-06 19:17:48,976 - INFO - [GINSLIB] processing : 2020/10/04 04:53:58 Q=5
2026-01-06 19:17:48,977 - INFO - [GINSLIB] processing : 2020/10/04 04:53:59 Q=5
2026-01-06 19:17:48,990 - INFO - [GINSLIB] processing : 2020/10/04 04:54:00 Q=5
2026-01-06 19:17:49,001 - INFO - [GINSLIB] processing : 2020/10/04 04:54:01 Q=5
2026-01-06 19:17:49,011 - INFO - [GINSLIB] processing : 2020/10/04 04:54:02 Q=5
2026-01-06 19:17:49,025 - INFO - [GINSLIB] processing : 2020/10/04 04:54:03 Q=5
2026-01-06 19:17:49,035 - INFO - [GINSLIB] processing : 2020/10/04 04:54:04 Q=5
2026-01-06 19:17:49,046 - INFO - [GINSLIB] processing : 2020/10/04 04:54:05 Q=5
2026-01-06 19:17:49,058 - INFO - [GINSLIB] processing : 2020/10/04 04:54:06 Q=5
2026-01-06 19:17:49,069 - INFO - [GINSLIB] processing : 2020/10/04 04:54:07 Q=5
2026-01-06 19:17:49,080 - INFO - [GINSLIB] processing : 2020/10/04 04:54:08 Q=5
2026-01-06 19:17:49,090 - INFO - [GINSLIB] processing : 2020/10/04 04:54:09 Q=5
2026-01-06 19:17:49,101 - INFO - [GINSLIB] processing : 2020/10/04 04:54:10 Q=5
2026-01-06 19:17:49,113 - INFO - [GINSLIB] processing : 2020/10/04 04:54:11 Q=5
2026-01-06 19:17:49,124 - INFO - [GINSLIB] processing : 2020/10/04 04:54:12 Q=5
2026-01-06 19:17:49,136 - INFO - [GINSLIB] processing : 2020/10/04 04:54:13 Q=5
2026-01-06 19:17:49,147 - INFO - [GINSLIB] processing : 2020/10/04 04:54:14 Q=5
2026-01-06 19:17:49,158 - INFO - [GINSLIB] processing : 2020/10/04 04:54:15 Q=5
2026-01-06 19:17:49,170 - INFO - [GINSLIB] processing : 2020/10/04 04:54:16 Q=5
2026-01-06 19:17:49,181 - INFO - [GINSLIB] processing : 2020/10/04 04:54:17 Q=5
2026-01-06 19:17:49,192 - INFO - [GINSLIB] processing : 2020/10/04 04:54:18 Q=5
2026-01-06 19:17:49,216 - INFO - [GINSLIB] processing : 2020/10/04 04:54:19 Q=5
2026-01-06 19:17:49,217 - INFO - [GINSLIB] processing : 2020/10/04 04:54:20 Q=5
2026-01-06 19:17:49,230 - INFO - [GINSLIB] processing : 2020/10/04 04:54:21 Q=5
2026-01-06 19:17:49,246 - INFO - [GINSLIB] processing : 2020/10/04 04:54:22 Q=5
2026-01-06 19:17:49,258 - INFO - [GINSLIB] processing : 2020/10/04 04:54:23 Q=5
2026-01-06 19:17:49,279 - INFO - [GINSLIB] processing : 2020/10/04 04:54:24 Q=5
2026-01-06 19:17:49,281 - INFO - [GINSLIB] processing : 2020/10/04 04:54:25 Q=5
2026-01-06 19:17:49,292 - INFO - [GINSLIB] processing : 2020/10/04 04:54:26 Q=5
2026-01-06 19:17:49,305 - INFO - [GINSLIB] processing : 2020/10/04 04:54:27 Q=5
2026-01-06 19:17:49,315 - INFO - [GINSLIB] processing : 2020/10/04 04:54:28 Q=5
2026-01-06 19:17:49,338 - INFO - [GINSLIB] processing : 2020/10/04 04:54:29 Q=5
2026-01-06 19:17:49,340 - INFO - [GINSLIB] processing : 2020/10/04 04:54:30 Q=5
2026-01-06 19:17:49,353 - INFO - [GINSLIB] processing : 2020/10/04 04:54:31 Q=5
2026-01-06 19:17:49,364 - INFO - [GINSLIB] processing : 2020/10/04 04:54:32 Q=5
2026-01-06 19:17:49,376 - INFO - [GINSLIB] processing : 2020/10/04 04:54:33 Q=5
2026-01-06 19:17:49,388 - INFO - [GINSLIB] processing : 2020/10/04 04:54:34 Q=5
2026-01-06 19:17:49,399 - INFO - [GINSLIB] processing : 2020/10/04 04:54:35 Q=5
2026-01-06 19:17:49,412 - INFO - [GINSLIB] processing : 2020/10/04 04:54:36 Q=5
2026-01-06 19:17:49,423 - INFO - [GINSLIB] processing : 2020/10/04 04:54:37 Q=5
2026-01-06 19:17:49,436 - INFO - [GINSLIB] processing : 2020/10/04 04:54:38 Q=5
2026-01-06 19:17:49,449 - INFO - [GINSLIB] processing : 2020/10/04 04:54:39 Q=5
2026-01-06 19:17:49,459 - INFO - [GINSLIB] processing : 2020/10/04 04:54:40 Q=5
2026-01-06 19:17:49,472 - INFO - [GINSLIB] processing : 2020/10/04 04:54:41 Q=5
2026-01-06 19:17:49,484 - INFO - [GINSLIB] processing : 2020/10/04 04:54:42 Q=5
2026-01-06 19:17:49,495 - INFO - [GINSLIB] processing : 2020/10/04 04:54:43 Q=5
2026-01-06 19:17:49,508 - INFO - [GINSLIB] processing : 2020/10/04 04:54:44 Q=5
2026-01-06 19:17:49,518 - INFO - [GINSLIB] processing : 2020/10/04 04:54:45 Q=5
2026-01-06 19:17:49,530 - INFO - [GINSLIB] processing : 2020/10/04 04:54:46 Q=5
2026-01-06 19:17:49,542 - INFO - [GINSLIB] processing : 2020/10/04 04:54:47 Q=5
2026-01-06 19:17:49,553 - INFO - [GINSLIB] processing : 2020/10/04 04:54:48 Q=5
2026-01-06 19:17:49,566 - INFO - [GINSLIB] processing : 2020/10/04 04:54:49 Q=5
2026-01-06 19:17:49,586 - INFO - [GINSLIB] processing : 2020/10/04 04:54:50 Q=5
2026-01-06 19:17:49,587 - INFO - [GINSLIB] processing : 2020/10/04 04:54:51 Q=5
2026-01-06 19:17:49,599 - INFO - [GINSLIB] processing : 2020/10/04 04:54:52 Q=5
2026-01-06 19:17:49,610 - INFO - [GINSLIB] processing : 2020/10/04 04:54:53 Q=5
2026-01-06 19:17:49,622 - INFO - [GINSLIB] processing : 2020/10/04 04:54:54 Q=5
2026-01-06 19:17:49,643 - INFO - [GINSLIB] processing : 2020/10/04 04:54:55 Q=5
2026-01-06 19:17:49,644 - INFO - [GINSLIB] processing : 2020/10/04 04:54:56 Q=5
2026-01-06 19:17:49,658 - INFO - [GINSLIB] processing : 2020/10/04 04:54:57 Q=5
2026-01-06 19:17:49,670 - INFO - [GINSLIB] processing : 2020/10/04 04:54:58 Q=5
2026-01-06 19:17:49,681 - INFO - [GINSLIB] processing : 2020/10/04 04:54:59 Q=5
2026-01-06 19:17:49,705 - INFO - [GINSLIB] processing : 2020/10/04 04:55:00 Q=5
2026-01-06 19:17:49,706 - INFO - [GINSLIB] processing : 2020/10/04 04:55:01 Q=5
2026-01-06 19:17:49,720 - INFO - [GINSLIB] processing : 2020/10/04 04:55:02 Q=5
2026-01-06 19:17:49,733 - INFO - [GINSLIB] processing : 2020/10/04 04:55:03 Q=5
2026-01-06 19:17:49,744 - INFO - [GINSLIB] processing : 2020/10/04 04:55:04 Q=5
2026-01-06 19:17:49,756 - INFO - [GINSLIB] processing : 2020/10/04 04:55:05 Q=5
2026-01-06 19:17:49,768 - INFO - [GINSLIB] processing : 2020/10/04 04:55:06 Q=5
2026-01-06 19:17:49,780 - INFO - [GINSLIB] processing : 2020/10/04 04:55:07 Q=5
2026-01-06 19:17:49,791 - INFO - [GINSLIB] processing : 2020/10/04 04:55:08 Q=5
2026-01-06 19:17:49,805 - INFO - [GINSLIB] processing : 2020/10/04 04:55:09 Q=5
2026-01-06 19:17:49,817 - INFO - [GINSLIB] processing : 2020/10/04 04:55:10 Q=5
2026-01-06 19:17:49,828 - INFO - [GINSLIB] processing : 2020/10/04 04:55:11 Q=5
2026-01-06 19:17:49,839 - INFO - [GINSLIB] processing : 2020/10/04 04:55:12 Q=5
2026-01-06 19:17:49,850 - INFO - [GINSLIB] processing : 2020/10/04 04:55:13 Q=5
2026-01-06 19:17:49,863 - INFO - [GINSLIB] processing : 2020/10/04 04:55:14 Q=5
2026-01-06 19:17:49,875 - INFO - [GINSLIB] processing : 2020/10/04 04:55:15 Q=5
2026-01-06 19:17:49,897 - INFO - [GINSLIB] processing : 2020/10/04 04:55:16 Q=5
2026-01-06 19:17:49,899 - INFO - [GINSLIB] processing : 2020/10/04 04:55:17 Q=5
2026-01-06 19:17:49,911 - INFO - [GINSLIB] processing : 2020/10/04 04:55:18 Q=5
2026-01-06 19:17:49,924 - INFO - [GINSLIB] processing : 2020/10/04 04:55:19 Q=5
2026-01-06 19:17:49,935 - INFO - [GINSLIB] processing : 2020/10/04 04:55:20 Q=5
2026-01-06 19:17:49,957 - INFO - [GINSLIB] processing : 2020/10/04 04:55:21 Q=5
2026-01-06 19:17:49,958 - INFO - [GINSLIB] processing : 2020/10/04 04:55:22 Q=5
2026-01-06 19:17:49,970 - INFO - [GINSLIB] processing : 2020/10/04 04:55:23 Q=5
2026-01-06 19:17:49,983 - INFO - [GINSLIB] processing : 2020/10/04 04:55:24 Q=5
2026-01-06 19:17:49,994 - INFO - [GINSLIB] processing : 2020/10/04 04:55:25 Q=5
2026-01-06 19:17:50,016 - INFO - [GINSLIB] processing : 2020/10/04 04:55:26 Q=5
2026-01-06 19:17:50,017 - INFO - [GINSLIB] processing : 2020/10/04 04:55:27 Q=5
2026-01-06 19:17:50,028 - INFO - [GINSLIB] processing : 2020/10/04 04:55:28 Q=5
2026-01-06 19:17:50,040 - INFO - [GINSLIB] processing : 2020/10/04 04:55:29 Q=5
2026-01-06 19:17:50,052 - INFO - [GINSLIB] processing : 2020/10/04 04:55:30 Q=5
2026-01-06 19:17:50,063 - INFO - [GINSLIB] processing : 2020/10/04 04:55:31 Q=5
2026-01-06 19:17:50,074 - INFO - [GINSLIB] processing : 2020/10/04 04:55:32 Q=5
2026-01-06 19:17:50,086 - INFO - [GINSLIB] processing : 2020/10/04 04:55:33 Q=5
2026-01-06 19:17:50,096 - INFO - [GINSLIB] processing : 2020/10/04 04:55:34 Q=5
2026-01-06 19:17:50,108 - INFO - [GINSLIB] processing : 2020/10/04 04:55:35 Q=5
2026-01-06 19:17:50,119 - INFO - [GINSLIB] processing : 2020/10/04 04:55:36 Q=5
2026-01-06 19:17:50,128 - INFO - [GINSLIB] processing : 2020/10/04 04:55:37 Q=5
2026-01-06 19:17:50,139 - INFO - [GINSLIB] processing : 2020/10/04 04:55:37 Q=7
2026-01-06 19:17:50,141 - INFO - [GINSLIB] processing : 2020/10/04 04:55:38 Q=7
2026-01-06 19:17:50,151 - INFO - [GINSLIB] processing : 2020/10/04 04:55:38 Q=5
2026-01-06 19:17:50,152 - INFO - [GINSLIB] processing : 2020/10/04 04:55:39 Q=5
2026-01-06 19:17:50,163 - INFO - [GINSLIB] processing : 2020/10/04 04:55:40 Q=5
2026-01-06 19:17:50,176 - INFO - [GINSLIB] processing : 2020/10/04 04:55:41 Q=5
2026-01-06 19:17:50,188 - INFO - [GINSLIB] processing : 2020/10/04 04:55:42 Q=5
2026-01-06 19:17:50,202 - INFO - [GINSLIB] processing : 2020/10/04 04:55:43 Q=5
2026-01-06 19:17:50,215 - INFO - [GINSLIB] processing : 2020/10/04 04:55:44 Q=5
2026-01-06 19:17:50,227 - INFO - [GINSLIB] processing : 2020/10/04 04:55:45 Q=5
2026-01-06 19:17:50,239 - INFO - [GINSLIB] processing : 2020/10/04 04:55:46 Q=5
2026-01-06 19:17:50,266 - INFO - [GINSLIB] processing : 2020/10/04 04:55:47 Q=5
2026-01-06 19:17:50,268 - INFO - [GINSLIB] processing : 2020/10/04 04:55:48 Q=5
2026-01-06 19:17:50,285 - INFO - [GINSLIB] processing : 2020/10/04 04:55:49 Q=5
2026-01-06 19:17:50,305 - INFO - [GINSLIB] processing : 2020/10/04 04:55:50 Q=5
2026-01-06 19:17:50,323 - INFO - [GINSLIB] processing : 2020/10/04 04:55:51 Q=5
2026-01-06 19:17:50,385 - INFO - [GINSLIB] processing : 2020/10/04 04:55:52 Q=5
2026-01-06 19:17:50,387 - INFO - [GINSLIB] processing : 2020/10/04 04:55:53 Q=5
2026-01-06 19:17:50,402 - INFO - [GINSLIB] processing : 2020/10/04 04:55:54 Q=5
2026-01-06 19:17:50,417 - INFO - [GINSLIB] processing : 2020/10/04 04:55:55 Q=5
2026-01-06 19:17:50,431 - INFO - [GINSLIB] processing : 2020/10/04 04:55:56 Q=5
2026-01-06 19:17:50,456 - INFO - [GINSLIB] processing : 2020/10/04 04:55:57 Q=5
2026-01-06 19:17:50,457 - INFO - [GINSLIB] processing : 2020/10/04 04:55:58 Q=5
2026-01-06 19:17:50,469 - INFO - [GINSLIB] processing : 2020/10/04 04:55:59 Q=5
2026-01-06 19:17:50,482 - INFO - [GINSLIB] processing : 2020/10/04 04:56:00 Q=5
2026-01-06 19:17:50,494 - INFO - [GINSLIB] processing : 2020/10/04 04:56:01 Q=5
2026-01-06 19:17:50,506 - INFO - [GINSLIB] processing : 2020/10/04 04:56:02 Q=5
2026-01-06 19:17:50,516 - INFO - [GINSLIB] processing : 2020/10/04 04:56:03 Q=5
2026-01-06 19:17:50,527 - INFO - [GINSLIB] processing : 2020/10/04 04:56:04 Q=5
2026-01-06 19:17:50,539 - INFO - [GINSLIB] processing : 2020/10/04 04:56:05 Q=5
2026-01-06 19:17:50,552 - INFO - [GINSLIB] processing : 2020/10/04 04:56:06 Q=5
2026-01-06 19:17:50,564 - INFO - [GINSLIB] processing : 2020/10/04 04:56:07 Q=5
2026-01-06 19:17:50,575 - INFO - [GINSLIB] processing : 2020/10/04 04:56:08 Q=5
2026-01-06 19:17:50,589 - INFO - [GINSLIB] processing : 2020/10/04 04:56:09 Q=5
2026-01-06 19:17:50,601 - INFO - [GINSLIB] processing : 2020/10/04 04:56:10 Q=5
2026-01-06 19:17:50,612 - INFO - [GINSLIB] processing : 2020/10/04 04:56:11 Q=5
2026-01-06 19:17:50,624 - INFO - [GINSLIB] processing : 2020/10/04 04:56:12 Q=5
2026-01-06 19:17:50,637 - INFO - [GINSLIB] processing : 2020/10/04 04:56:13 Q=5
2026-01-06 19:17:50,654 - INFO - [GINSLIB] processing : 2020/10/04 04:56:14 Q=5
2026-01-06 19:17:50,674 - INFO - [GINSLIB] processing : 2020/10/04 04:56:15 Q=5
2026-01-06 19:17:50,691 - INFO - [GINSLIB] processing : 2020/10/04 04:56:16 Q=5
2026-01-06 19:17:50,705 - INFO - [GINSLIB] processing : 2020/10/04 04:56:17 Q=5
2026-01-06 19:17:50,730 - INFO - [GINSLIB] processing : 2020/10/04 04:56:18 Q=5
2026-01-06 19:17:50,732 - INFO - [GINSLIB] processing : 2020/10/04 04:56:19 Q=5
2026-01-06 19:17:50,747 - INFO - [GINSLIB] processing : 2020/10/04 04:56:20 Q=5
2026-01-06 19:17:50,762 - INFO - [GINSLIB] processing : 2020/10/04 04:56:21 Q=5
2026-01-06 19:17:50,775 - INFO - [GINSLIB] processing : 2020/10/04 04:56:22 Q=5
2026-01-06 19:17:50,799 - INFO - [GINSLIB] processing : 2020/10/04 04:56:23 Q=5
2026-01-06 19:17:50,800 - INFO - [GINSLIB] processing : 2020/10/04 04:56:24 Q=5
2026-01-06 19:17:50,812 - INFO - [GINSLIB] processing : 2020/10/04 04:56:25 Q=5
2026-01-06 19:17:50,825 - INFO - [GINSLIB] processing : 2020/10/04 04:56:26 Q=5
2026-01-06 19:17:50,837 - INFO - [GINSLIB] processing : 2020/10/04 04:56:27 Q=5
2026-01-06 19:17:50,862 - INFO - [GINSLIB] processing : 2020/10/04 04:56:28 Q=5
2026-01-06 19:17:50,863 - INFO - [GINSLIB] processing : 2020/10/04 04:56:29 Q=5
2026-01-06 19:17:50,876 - INFO - [GINSLIB] processing : 2020/10/04 04:56:30 Q=5
2026-01-06 19:17:50,891 - INFO - [GINSLIB] processing : 2020/10/04 04:56:31 Q=5
2026-01-06 19:17:50,907 - INFO - [GINSLIB] processing : 2020/10/04 04:56:32 Q=5
2026-01-06 19:17:50,921 - INFO - [GINSLIB] processing : 2020/10/04 04:56:33 Q=5
2026-01-06 19:17:50,932 - INFO - [GINSLIB] processing : 2020/10/04 04:56:34 Q=5
2026-01-06 19:17:50,945 - INFO - [GINSLIB] processing : 2020/10/04 04:56:35 Q=5
2026-01-06 19:17:50,957 - INFO - [GINSLIB] processing : 2020/10/04 04:56:36 Q=5
2026-01-06 19:17:50,971 - INFO - [GINSLIB] processing : 2020/10/04 04:56:37 Q=5
2026-01-06 19:17:50,985 - INFO - [GINSLIB] processing : 2020/10/04 04:56:38 Q=5
2026-01-06 19:17:50,996 - INFO - [GINSLIB] processing : 2020/10/04 04:56:39 Q=5
2026-01-06 19:17:51,009 - INFO - [GINSLIB] processing : 2020/10/04 04:56:40 Q=5
2026-01-06 19:17:51,024 - INFO - [GINSLIB] processing : 2020/10/04 04:56:41 Q=5
2026-01-06 19:17:51,036 - INFO - [GINSLIB] processing : 2020/10/04 04:56:42 Q=5
2026-01-06 19:17:51,049 - INFO - [GINSLIB] processing : 2020/10/04 04:56:43 Q=5
2026-01-06 19:17:51,059 - INFO - [GINSLIB] processing : 2020/10/04 04:56:44 Q=5
2026-01-06 19:17:51,070 - INFO - [GINSLIB] processing : 2020/10/04 04:56:45 Q=5
2026-01-06 19:17:51,083 - INFO - [GINSLIB] processing : 2020/10/04 04:56:46 Q=5
2026-01-06 19:17:51,093 - INFO - [GINSLIB] processing : 2020/10/04 04:56:47 Q=5
2026-01-06 19:17:51,104 - INFO - [GINSLIB] processing : 2020/10/04 04:56:48 Q=5
2026-01-06 19:17:51,126 - INFO - [GINSLIB] processing : 2020/10/04 04:56:49 Q=5
2026-01-06 19:17:51,127 - INFO - [GINSLIB] processing : 2020/10/04 04:56:50 Q=5
2026-01-06 19:17:51,139 - INFO - [GINSLIB] processing : 2020/10/04 04:56:51 Q=5
2026-01-06 19:17:51,152 - INFO - [GINSLIB] processing : 2020/10/04 04:56:52 Q=5
2026-01-06 19:17:51,164 - INFO - [GINSLIB] processing : 2020/10/04 04:56:53 Q=5
2026-01-06 19:17:51,186 - INFO - [GINSLIB] processing : 2020/10/04 04:56:54 Q=5
2026-01-06 19:17:51,187 - INFO - [GINSLIB] processing : 2020/10/04 04:56:55 Q=5
2026-01-06 19:17:51,200 - INFO - [GINSLIB] processing : 2020/10/04 04:56:56 Q=5
2026-01-06 19:17:51,214 - INFO - [GINSLIB] processing : 2020/10/04 04:56:57 Q=5
2026-01-06 19:17:51,226 - INFO - [GINSLIB] processing : 2020/10/04 04:56:58 Q=5
2026-01-06 19:17:51,249 - INFO - [GINSLIB] processing : 2020/10/04 04:56:59 Q=5
2026-01-06 19:17:51,250 - INFO - [GINSLIB] processing : 2020/10/04 04:57:00 Q=5
2026-01-06 19:17:51,264 - INFO - [GINSLIB] processing : 2020/10/04 04:57:01 Q=5
2026-01-06 19:17:51,277 - INFO - [GINSLIB] processing : 2020/10/04 04:57:02 Q=5
2026-01-06 19:17:51,289 - INFO - [GINSLIB] processing : 2020/10/04 04:57:03 Q=5
2026-01-06 19:17:51,304 - INFO - [GINSLIB] processing : 2020/10/04 04:57:04 Q=5
2026-01-06 19:17:51,316 - INFO - [GINSLIB] processing : 2020/10/04 04:57:05 Q=5
2026-01-06 19:17:51,329 - INFO - [GINSLIB] processing : 2020/10/04 04:57:06 Q=5
2026-01-06 19:17:51,342 - INFO - [GINSLIB] processing : 2020/10/04 04:57:07 Q=5
2026-01-06 19:17:51,355 - INFO - [GINSLIB] processing : 2020/10/04 04:57:08 Q=5
2026-01-06 19:17:51,369 - INFO - [GINSLIB] processing : 2020/10/04 04:57:09 Q=5
2026-01-06 19:17:51,380 - INFO - [GINSLIB] processing : 2020/10/04 04:57:10 Q=5
2026-01-06 19:17:51,394 - INFO - [GINSLIB] processing : 2020/10/04 04:57:11 Q=5
2026-01-06 19:17:51,405 - INFO - [GINSLIB] processing : 2020/10/04 04:57:12 Q=5
2026-01-06 19:17:51,418 - INFO - [GINSLIB] processing : 2020/10/04 04:57:13 Q=5
2026-01-06 19:17:51,432 - INFO - [GINSLIB] processing : 2020/10/04 04:57:14 Q=5
2026-01-06 19:17:51,445 - INFO - [GINSLIB] processing : 2020/10/04 04:57:15 Q=5
2026-01-06 19:17:51,459 - INFO - [GINSLIB] processing : 2020/10/04 04:57:16 Q=5
2026-01-06 19:17:51,473 - INFO - [GINSLIB] processing : 2020/10/04 04:57:17 Q=5
2026-01-06 19:17:51,486 - INFO - [GINSLIB] processing : 2020/10/04 04:57:18 Q=5
2026-01-06 19:17:51,500 - INFO - [GINSLIB] processing : 2020/10/04 04:57:19 Q=5
2026-01-06 19:17:51,524 - INFO - [GINSLIB] processing : 2020/10/04 04:57:20 Q=5
2026-01-06 19:17:51,525 - INFO - [GINSLIB] processing : 2020/10/04 04:57:21 Q=5
2026-01-06 19:17:51,539 - INFO - [GINSLIB] processing : 2020/10/04 04:57:22 Q=5
2026-01-06 19:17:51,553 - INFO - [GINSLIB] processing : 2020/10/04 04:57:23 Q=5
2026-01-06 19:17:51,566 - INFO - [GINSLIB] processing : 2020/10/04 04:57:24 Q=5
2026-01-06 19:17:51,590 - INFO - [GINSLIB] processing : 2020/10/04 04:57:25 Q=5
2026-01-06 19:17:51,592 - INFO - [GINSLIB] processing : 2020/10/04 04:57:26 Q=5
2026-01-06 19:17:51,604 - INFO - [GINSLIB] processing : 2020/10/04 04:57:27 Q=5
2026-01-06 19:17:51,617 - INFO - [GINSLIB] processing : 2020/10/04 04:57:28 Q=5
2026-01-06 19:17:51,630 - INFO - [GINSLIB] processing : 2020/10/04 04:57:29 Q=5
2026-01-06 19:17:51,654 - INFO - [GINSLIB] processing : 2020/10/04 04:57:30 Q=5
2026-01-06 19:17:51,655 - INFO - [GINSLIB] processing : 2020/10/04 04:57:31 Q=5
2026-01-06 19:17:51,668 - INFO - [GINSLIB] processing : 2020/10/04 04:57:32 Q=5
2026-01-06 19:17:51,680 - INFO - [GINSLIB] processing : 2020/10/04 04:57:33 Q=5
2026-01-06 19:17:51,692 - INFO - [GINSLIB] processing : 2020/10/04 04:57:34 Q=5
2026-01-06 19:17:51,708 - INFO - [GINSLIB] processing : 2020/10/04 04:57:35 Q=5
2026-01-06 19:17:51,721 - INFO - [GINSLIB] processing : 2020/10/04 04:57:36 Q=5
2026-01-06 19:17:51,735 - INFO - [GINSLIB] processing : 2020/10/04 04:57:37 Q=5
2026-01-06 19:17:51,748 - INFO - [GINSLIB] processing : 2020/10/04 04:57:38 Q=5
2026-01-06 19:17:51,762 - INFO - [GINSLIB] processing : 2020/10/04 04:57:39 Q=5
2026-01-06 19:17:51,774 - INFO - [GINSLIB] processing : 2020/10/04 04:57:40 Q=5
2026-01-06 19:17:51,784 - INFO - [GINSLIB] processing : 2020/10/04 04:57:41 Q=5
2026-01-06 19:17:51,797 - INFO - [GINSLIB] processing : 2020/10/04 04:57:42 Q=5
2026-01-06 19:17:51,809 - INFO - [GINSLIB] processing : 2020/10/04 04:57:43 Q=5
2026-01-06 19:17:51,821 - INFO - [GINSLIB] processing : 2020/10/04 04:57:44 Q=5
2026-01-06 19:17:51,834 - INFO - [GINSLIB] processing : 2020/10/04 04:57:45 Q=5
2026-01-06 19:17:51,844 - INFO - [GINSLIB] processing : 2020/10/04 04:57:46 Q=5
2026-01-06 19:17:51,856 - INFO - [GINSLIB] processing : 2020/10/04 04:57:47 Q=5
2026-01-06 19:17:51,868 - INFO - [GINSLIB] processing : 2020/10/04 04:57:48 Q=5
2026-01-06 19:17:51,880 - INFO - [GINSLIB] processing : 2020/10/04 04:57:49 Q=5
2026-01-06 19:17:51,892 - INFO - [GINSLIB] processing : 2020/10/04 04:57:50 Q=5
2026-01-06 19:17:51,912 - INFO - [GINSLIB] processing : 2020/10/04 04:57:51 Q=5
2026-01-06 19:17:51,914 - INFO - [GINSLIB] processing : 2020/10/04 04:57:52 Q=5
2026-01-06 19:17:51,927 - INFO - [GINSLIB] processing : 2020/10/04 04:57:53 Q=5
2026-01-06 19:17:51,938 - INFO - [GINSLIB] processing : 2020/10/04 04:57:54 Q=5
2026-01-06 19:17:51,951 - INFO - [GINSLIB] processing : 2020/10/04 04:57:55 Q=5
2026-01-06 19:17:51,972 - INFO - [GINSLIB] processing : 2020/10/04 04:57:56 Q=5
2026-01-06 19:17:51,974 - INFO - [GINSLIB] processing : 2020/10/04 04:57:57 Q=5
2026-01-06 19:17:51,985 - INFO - [GINSLIB] processing : 2020/10/04 04:57:58 Q=5
2026-01-06 19:17:51,997 - INFO - [GINSLIB] processing : 2020/10/04 04:57:59 Q=5
2026-01-06 19:17:52,009 - INFO - [GINSLIB] processing : 2020/10/04 04:58:00 Q=5
2026-01-06 19:17:52,029 - INFO - [GINSLIB] processing : 2020/10/04 04:58:01 Q=5
2026-01-06 19:17:52,030 - INFO - [GINSLIB] processing : 2020/10/04 04:58:02 Q=5
2026-01-06 19:17:52,043 - INFO - [GINSLIB] processing : 2020/10/04 04:58:03 Q=5
2026-01-06 19:17:52,056 - INFO - [GINSLIB] processing : 2020/10/04 04:58:04 Q=5
2026-01-06 19:17:52,070 - INFO - [GINSLIB] processing : 2020/10/04 04:58:05 Q=5
2026-01-06 19:17:52,082 - INFO - [GINSLIB] processing : 2020/10/04 04:58:06 Q=5
2026-01-06 19:17:52,094 - INFO - [GINSLIB] processing : 2020/10/04 04:58:07 Q=5
2026-01-06 19:17:52,107 - INFO - [GINSLIB] processing : 2020/10/04 04:58:08 Q=5
2026-01-06 19:17:52,119 - INFO - [GINSLIB] processing : 2020/10/04 04:58:09 Q=5
2026-01-06 19:17:52,130 - INFO - [GINSLIB] processing : 2020/10/04 04:58:10 Q=5
2026-01-06 19:17:52,143 - INFO - [GINSLIB] processing : 2020/10/04 04:58:11 Q=5
2026-01-06 19:17:52,153 - INFO - [GINSLIB] processing : 2020/10/04 04:58:12 Q=5
2026-01-06 19:17:52,165 - INFO - [GINSLIB] processing : 2020/10/04 04:58:13 Q=5
2026-01-06 19:17:52,177 - INFO - [GINSLIB] processing : 2020/10/04 04:58:14 Q=5
2026-01-06 19:17:52,188 - INFO - [GINSLIB] processing : 2020/10/04 04:58:15 Q=5
2026-01-06 19:17:52,201 - INFO - [GINSLIB] processing : 2020/10/04 04:58:16 Q=5
2026-01-06 19:17:52,222 - INFO - [GINSLIB] processing : 2020/10/04 04:58:17 Q=5
2026-01-06 19:17:52,223 - INFO - [GINSLIB] processing : 2020/10/04 04:58:18 Q=5
2026-01-06 19:17:52,235 - INFO - [GINSLIB] processing : 2020/10/04 04:58:19 Q=5
2026-01-06 19:17:52,247 - INFO - [GINSLIB] processing : 2020/10/04 04:58:20 Q=5
2026-01-06 19:17:52,260 - INFO - [GINSLIB] processing : 2020/10/04 04:58:21 Q=5
2026-01-06 19:17:52,280 - INFO - [GINSLIB] processing : 2020/10/04 04:58:22 Q=5
2026-01-06 19:17:52,282 - INFO - [GINSLIB] processing : 2020/10/04 04:58:23 Q=5
2026-01-06 19:17:52,294 - INFO - [GINSLIB] processing : 2020/10/04 04:58:24 Q=5
2026-01-06 19:17:52,306 - INFO - [GINSLIB] processing : 2020/10/04 04:58:25 Q=5
2026-01-06 19:17:52,318 - INFO - [GINSLIB] processing : 2020/10/04 04:58:26 Q=5
2026-01-06 19:17:52,338 - INFO - [GINSLIB] processing : 2020/10/04 04:58:27 Q=5
2026-01-06 19:17:52,339 - INFO - [GINSLIB] processing : 2020/10/04 04:58:28 Q=5
2026-01-06 19:17:52,350 - INFO - [GINSLIB] processing : 2020/10/04 04:58:29 Q=5
2026-01-06 19:17:52,360 - INFO - [GINSLIB] processing : 2020/10/04 04:58:30 Q=5
2026-01-06 19:17:52,371 - INFO - [GINSLIB] processing : 2020/10/04 04:58:31 Q=5
2026-01-06 19:17:52,384 - INFO - [GINSLIB] processing : 2020/10/04 04:58:32 Q=5
2026-01-06 19:17:52,396 - INFO - [GINSLIB] processing : 2020/10/04 04:58:33 Q=5
2026-01-06 19:17:52,408 - INFO - [GINSLIB] processing : 2020/10/04 04:58:34 Q=5
2026-01-06 19:17:52,419 - INFO - [GINSLIB] processing : 2020/10/04 04:58:35 Q=5
2026-01-06 19:17:52,430 - INFO - [GINSLIB] processing : 2020/10/04 04:58:36 Q=5
2026-01-06 19:17:52,443 - INFO - [GINSLIB] processing : 2020/10/04 04:58:37 Q=5
2026-01-06 19:17:52,454 - INFO - [GINSLIB] processing : 2020/10/04 04:58:38 Q=5
2026-01-06 19:17:52,466 - INFO - [GINSLIB] processing : 2020/10/04 04:58:39 Q=5
2026-01-06 19:17:52,478 - INFO - [GINSLIB] processing : 2020/10/04 04:58:40 Q=5
2026-01-06 19:17:52,490 - INFO - [GINSLIB] processing : 2020/10/04 04:58:41 Q=5
2026-01-06 19:17:52,502 - INFO - [GINSLIB] processing : 2020/10/04 04:58:42 Q=5
2026-01-06 19:17:52,512 - INFO - [GINSLIB] processing : 2020/10/04 04:58:43 Q=5
2026-01-06 19:17:52,524 - INFO - [GINSLIB] processing : 2020/10/04 04:58:44 Q=5
2026-01-06 19:17:52,537 - INFO - [GINSLIB] processing : 2020/10/04 04:58:45 Q=5
2026-01-06 19:17:52,550 - INFO - [GINSLIB] processing : 2020/10/04 04:58:46 Q=5
2026-01-06 19:17:52,561 - INFO - [GINSLIB] processing : 2020/10/04 04:58:47 Q=5
2026-01-06 19:17:52,582 - INFO - [GINSLIB] processing : 2020/10/04 04:58:48 Q=5
2026-01-06 19:17:52,584 - INFO - [GINSLIB] processing : 2020/10/04 04:58:49 Q=5
2026-01-06 19:17:52,595 - INFO - [GINSLIB] processing : 2020/10/04 04:58:50 Q=5
2026-01-06 19:17:52,607 - INFO - [GINSLIB] processing : 2020/10/04 04:58:51 Q=5
2026-01-06 19:17:52,618 - INFO - [GINSLIB] processing : 2020/10/04 04:58:52 Q=5
2026-01-06 19:17:52,637 - INFO - [GINSLIB] processing : 2020/10/04 04:58:53 Q=5
2026-01-06 19:17:52,639 - INFO - [GINSLIB] processing : 2020/10/04 04:58:54 Q=5
2026-01-06 19:17:52,650 - INFO - [GINSLIB] processing : 2020/10/04 04:58:55 Q=5
2026-01-06 19:17:52,661 - INFO - [GINSLIB] processing : 2020/10/04 04:58:56 Q=5
2026-01-06 19:17:52,671 - INFO - [GINSLIB] processing : 2020/10/04 04:58:57 Q=5
2026-01-06 19:17:52,691 - INFO - [GINSLIB] processing : 2020/10/04 04:58:58 Q=5
2026-01-06 19:17:52,692 - INFO - [GINSLIB] processing : 2020/10/04 04:58:59 Q=5
2026-01-06 19:17:52,703 - INFO - [GINSLIB] processing : 2020/10/04 04:59:00 Q=5
2026-01-06 19:17:52,715 - INFO - [GINSLIB] processing : 2020/10/04 04:59:01 Q=5
2026-01-06 19:17:52,726 - INFO - [GINSLIB] processing : 2020/10/04 04:59:02 Q=5
2026-01-06 19:17:52,739 - INFO - [GINSLIB] processing : 2020/10/04 04:59:03 Q=5
2026-01-06 19:17:52,749 - INFO - [GINSLIB] processing : 2020/10/04 04:59:04 Q=5
2026-01-06 19:17:52,759 - INFO - [GINSLIB] processing : 2020/10/04 04:59:05 Q=5
2026-01-06 19:17:52,772 - INFO - [GINSLIB] processing : 2020/10/04 04:59:06 Q=5
2026-01-06 19:17:52,783 - INFO - [GINSLIB] processing : 2020/10/04 04:59:07 Q=5
2026-01-06 19:17:52,793 - INFO - [GINSLIB] processing : 2020/10/04 04:59:08 Q=5
2026-01-06 19:17:52,804 - INFO - [GINSLIB] processing : 2020/10/04 04:59:09 Q=5
2026-01-06 19:17:52,815 - INFO - [GINSLIB] processing : 2020/10/04 04:59:10 Q=5
2026-01-06 19:17:52,827 - INFO - [GINSLIB] processing : 2020/10/04 04:59:10 Q=7
2026-01-06 19:17:52,829 - INFO - [GINSLIB] processing : 2020/10/04 04:59:11 Q=7
2026-01-06 19:17:52,839 - INFO - [GINSLIB] processing : 2020/10/04 04:59:11 Q=5
2026-01-06 19:17:52,840 - INFO - [GINSLIB] processing : 2020/10/04 04:59:12 Q=5
2026-01-06 19:17:52,852 - INFO - [GINSLIB] processing : 2020/10/04 04:59:13 Q=5
2026-01-06 19:17:52,864 - INFO - [GINSLIB] processing : 2020/10/04 04:59:14 Q=5
2026-01-06 19:17:52,876 - INFO - [GINSLIB] processing : 2020/10/04 04:59:15 Q=5
2026-01-06 19:17:52,888 - INFO - [GINSLIB] processing : 2020/10/04 04:59:16 Q=5
2026-01-06 19:17:52,899 - INFO - [GINSLIB] processing : 2020/10/04 04:59:16 Q=7
2026-01-06 19:17:52,900 - INFO - [GINSLIB] processing : 2020/10/04 04:59:17 Q=7
2026-01-06 19:17:52,909 - INFO - [GINSLIB] processing : 2020/10/04 04:59:17 Q=5
2026-01-06 19:17:52,911 - INFO - [GINSLIB] processing : 2020/10/04 04:59:18 Q=5
2026-01-06 19:17:52,932 - INFO - [GINSLIB] processing : 2020/10/04 04:59:19 Q=5
2026-01-06 19:17:52,933 - INFO - [GINSLIB] processing : 2020/10/04 04:59:20 Q=5
2026-01-06 19:17:52,944 - INFO - [GINSLIB] processing : 2020/10/04 04:59:21 Q=5
2026-01-06 19:17:52,956 - INFO - [GINSLIB] processing : 2020/10/04 04:59:22 Q=5
2026-01-06 19:17:52,967 - INFO - [GINSLIB] processing : 2020/10/04 04:59:23 Q=5
2026-01-06 19:17:52,988 - INFO - [GINSLIB] processing : 2020/10/04 04:59:24 Q=5
2026-01-06 19:17:52,989 - INFO - [GINSLIB] processing : 2020/10/04 04:59:25 Q=5
2026-01-06 19:17:53,000 - INFO - [GINSLIB] processing : 2020/10/04 04:59:26 Q=5
2026-01-06 19:17:53,010 - INFO - [GINSLIB] processing : 2020/10/04 04:59:27 Q=5
2026-01-06 19:17:53,023 - INFO - [GINSLIB] processing : 2020/10/04 04:59:28 Q=5
2026-01-06 19:17:53,042 - INFO - [GINSLIB] processing : 2020/10/04 04:59:29 Q=5
2026-01-06 19:17:53,044 - INFO - [GINSLIB] processing : 2020/10/04 04:59:30 Q=5
2026-01-06 19:17:53,056 - INFO - [GINSLIB] processing : 2020/10/04 04:59:31 Q=5
2026-01-06 19:17:53,066 - INFO - [GINSLIB] processing : 2020/10/04 04:59:32 Q=5
2026-01-06 19:17:53,078 - INFO - [GINSLIB] processing : 2020/10/04 04:59:33 Q=5
2026-01-06 19:17:53,089 - INFO - [GINSLIB] processing : 2020/10/04 04:59:34 Q=5
2026-01-06 19:17:53,098 - INFO - [GINSLIB] processing : 2020/10/04 04:59:35 Q=5
2026-01-06 19:17:53,110 - INFO - [GINSLIB] processing : 2020/10/04 04:59:36 Q=5
2026-01-06 19:17:53,121 - INFO - [GINSLIB] processing : 2020/10/04 04:59:37 Q=5
2026-01-06 19:17:53,131 - INFO - [GINSLIB] processing : 2020/10/04 04:59:38 Q=5
2026-01-06 19:17:53,144 - INFO - [GINSLIB] processing : 2020/10/04 04:59:39 Q=5
2026-01-06 19:17:53,154 - INFO - [GINSLIB] processing : 2020/10/04 04:59:40 Q=5
2026-01-06 19:17:53,165 - INFO - [GINSLIB] processing : 2020/10/04 04:59:41 Q=5
2026-01-06 19:17:53,178 - INFO - [GINSLIB] processing : 2020/10/04 04:59:42 Q=5
2026-01-06 19:17:53,188 - INFO - [GINSLIB] processing : 2020/10/04 04:59:43 Q=5
2026-01-06 19:17:53,199 - INFO - [GINSLIB] processing : 2020/10/04 04:59:44 Q=5
2026-01-06 19:17:53,209 - INFO - [GINSLIB] processing : 2020/10/04 04:59:45 Q=5
2026-01-06 19:17:53,221 - INFO - [GINSLIB] processing : 2020/10/04 04:59:46 Q=5
2026-01-06 19:17:53,232 - INFO - [GINSLIB] processing : 2020/10/04 04:59:47 Q=5
2026-01-06 19:17:53,244 - INFO - [GINSLIB] processing : 2020/10/04 04:59:48 Q=5
2026-01-06 19:17:53,255 - INFO - [GINSLIB] processing : 2020/10/04 04:59:49 Q=5
2026-01-06 19:17:53,278 - INFO - [GINSLIB] processing : 2020/10/04 04:59:50 Q=5
2026-01-06 19:17:53,280 - INFO - [GINSLIB] processing : 2020/10/04 04:59:51 Q=5
2026-01-06 19:17:53,292 - INFO - [GINSLIB] processing : 2020/10/04 04:59:52 Q=5
2026-01-06 19:17:53,303 - INFO - [GINSLIB] processing : 2020/10/04 04:59:53 Q=5
2026-01-06 19:17:53,314 - INFO - [GINSLIB] processing : 2020/10/04 04:59:54 Q=5
2026-01-06 19:17:53,335 - INFO - [GINSLIB] processing : 2020/10/04 04:59:55 Q=5
2026-01-06 19:17:53,337 - INFO - [GINSLIB] processing : 2020/10/04 04:59:56 Q=5
2026-01-06 19:17:53,349 - INFO - [GINSLIB] processing : 2020/10/04 04:59:57 Q=5
2026-01-06 19:17:53,360 - INFO - [GINSLIB] processing : 2020/10/04 04:59:58 Q=5
2026-01-06 19:17:53,372 - INFO - [GINSLIB] processing : 2020/10/04 04:59:59 Q=5
2026-01-06 19:17:53,394 - INFO - [GINSLIB] processing : 2020/10/04 05:00:00 Q=5
2026-01-06 19:17:53,395 - INFO - [GINSLIB] processing : 2020/10/04 05:00:01 Q=5
2026-01-06 19:17:53,408 - INFO - [GINSLIB] processing : 2020/10/04 05:00:02 Q=5
2026-01-06 19:17:53,419 - INFO - [GINSLIB] processing : 2020/10/04 05:00:03 Q=5
2026-01-06 19:17:53,429 - INFO - [GINSLIB] processing : 2020/10/04 05:00:04 Q=5
2026-01-06 19:17:53,441 - INFO - [GINSLIB] processing : 2020/10/04 05:00:05 Q=5
2026-01-06 19:17:53,452 - INFO - [GINSLIB] processing : 2020/10/04 05:00:06 Q=5
2026-01-06 19:17:53,462 - INFO - [GINSLIB] processing : 2020/10/04 05:00:07 Q=5
2026-01-06 19:17:53,472 - INFO - [GINSLIB] processing : 2020/10/04 05:00:08 Q=5
2026-01-06 19:17:53,485 - INFO - [GINSLIB] processing : 2020/10/04 05:00:09 Q=5
2026-01-06 19:17:53,496 - INFO - [GINSLIB] processing : 2020/10/04 05:00:10 Q=5
2026-01-06 19:17:53,504 - INFO - [GINSLIB] processing : 2020/10/04 05:00:11 Q=5
2026-01-06 19:17:53,516 - INFO - [GINSLIB] processing : 2020/10/04 05:00:12 Q=5
2026-01-06 19:17:53,528 - INFO - [GINSLIB] processing : 2020/10/04 05:00:13 Q=5
2026-01-06 19:17:53,541 - INFO - [GINSLIB] processing : 2020/10/04 05:00:14 Q=5
2026-01-06 19:17:53,552 - INFO - [GINSLIB] processing : 2020/10/04 05:00:15 Q=5
2026-01-06 19:17:53,562 - INFO - [GINSLIB] processing : 2020/10/04 05:00:16 Q=5
2026-01-06 19:17:53,574 - INFO - [GINSLIB] processing : 2020/10/04 05:00:17 Q=5
2026-01-06 19:17:53,587 - INFO - [GINSLIB] processing : 2020/10/04 05:00:18 Q=5
2026-01-06 19:17:53,599 - INFO - [GINSLIB] processing : 2020/10/04 05:00:19 Q=5
2026-01-06 19:17:53,611 - INFO - [GINSLIB] processing : 2020/10/04 05:00:20 Q=5
2026-01-06 19:17:53,632 - INFO - [GINSLIB] processing : 2020/10/04 05:00:21 Q=5
2026-01-06 19:17:53,634 - INFO - [GINSLIB] processing : 2020/10/04 05:00:22 Q=5
2026-01-06 19:17:53,645 - INFO - [GINSLIB] processing : 2020/10/04 05:00:23 Q=5
2026-01-06 19:17:53,657 - INFO - [GINSLIB] processing : 2020/10/04 05:00:24 Q=5
2026-01-06 19:17:53,669 - INFO - [GINSLIB] processing : 2020/10/04 05:00:25 Q=5
2026-01-06 19:17:53,690 - INFO - [GINSLIB] processing : 2020/10/04 05:00:26 Q=5
2026-01-06 19:17:53,692 - INFO - [GINSLIB] processing : 2020/10/04 05:00:27 Q=5
2026-01-06 19:17:53,704 - INFO - [GINSLIB] processing : 2020/10/04 05:00:28 Q=5
2026-01-06 19:17:53,716 - INFO - [GINSLIB] processing : 2020/10/04 05:00:29 Q=5
2026-01-06 19:17:53,728 - INFO - [GINSLIB] processing : 2020/10/04 05:00:30 Q=5
2026-01-06 19:17:53,748 - INFO - [GINSLIB] processing : 2020/10/04 05:00:31 Q=5
2026-01-06 19:17:53,749 - INFO - [GINSLIB] processing : 2020/10/04 05:00:32 Q=5
2026-01-06 19:17:53,761 - INFO - [GINSLIB] processing : 2020/10/04 05:00:33 Q=5
2026-01-06 19:17:53,773 - INFO - [GINSLIB] processing : 2020/10/04 05:00:34 Q=5
2026-01-06 19:17:53,785 - INFO - [GINSLIB] processing : 2020/10/04 05:00:35 Q=5
2026-01-06 19:17:53,796 - INFO - [GINSLIB] processing : 2020/10/04 05:00:36 Q=5
2026-01-06 19:17:53,807 - INFO - [GINSLIB] processing : 2020/10/04 05:00:37 Q=5
2026-01-06 19:17:53,820 - INFO - [GINSLIB] processing : 2020/10/04 05:00:38 Q=5
2026-01-06 19:17:53,831 - INFO - [GINSLIB] processing : 2020/10/04 05:00:39 Q=5
2026-01-06 19:17:53,842 - INFO - [GINSLIB] processing : 2020/10/04 05:00:39 Q=7
2026-01-06 19:17:53,843 - INFO - [GINSLIB] processing : 2020/10/04 05:00:40 Q=7
2026-01-06 19:17:53,854 - INFO - [GINSLIB] processing : 2020/10/04 05:00:40 Q=5
2026-01-06 19:17:53,856 - INFO - [GINSLIB] processing : 2020/10/04 05:00:41 Q=5
2026-01-06 19:17:53,867 - INFO - [GINSLIB] processing : 2020/10/04 05:00:42 Q=5
2026-01-06 19:17:53,879 - INFO - [GINSLIB] processing : 2020/10/04 05:00:43 Q=5
2026-01-06 19:17:53,892 - INFO - [GINSLIB] processing : 2020/10/04 05:00:44 Q=5
2026-01-06 19:17:53,904 - INFO - [GINSLIB] processing : 2020/10/04 05:00:45 Q=5
2026-01-06 19:17:53,918 - INFO - [GINSLIB] processing : 2020/10/04 05:00:46 Q=5
2026-01-06 19:17:53,930 - INFO - [GINSLIB] processing : 2020/10/04 05:00:47 Q=5
2026-01-06 19:17:53,943 - INFO - [GINSLIB] processing : 2020/10/04 05:00:47 Q=7
2026-01-06 19:17:53,944 - INFO - [GINSLIB] processing : 2020/10/04 05:00:48 Q=7
2026-01-06 19:17:53,957 - INFO - [GINSLIB] processing : 2020/10/04 05:00:49 Q=7
2026-01-06 19:17:53,970 - INFO - [GINSLIB] processing : 2020/10/04 05:00:50 Q=7
2026-01-06 19:17:53,984 - INFO - [GINSLIB] processing : 2020/10/04 05:00:51 Q=7
2026-01-06 19:17:54,008 - INFO - [GINSLIB] processing : 2020/10/04 05:00:52 Q=7
2026-01-06 19:17:54,009 - INFO - [GINSLIB] processing : 2020/10/04 05:00:53 Q=7
2026-01-06 19:17:54,023 - INFO - [GINSLIB] processing : 2020/10/04 05:00:54 Q=7
2026-01-06 19:17:54,036 - INFO - [GINSLIB] processing : 2020/10/04 05:00:55 Q=7
2026-01-06 19:17:54,049 - INFO - [GINSLIB] processing : 2020/10/04 05:00:56 Q=7
2026-01-06 19:17:54,061 - INFO - [GINSLIB] processing : 2020/10/04 05:00:56 Q=5
2026-01-06 19:17:54,072 - INFO - [GINSLIB] processing : 2020/10/04 05:00:57 Q=5
2026-01-06 19:17:54,073 - INFO - [GINSLIB] processing : 2020/10/04 05:00:58 Q=5
2026-01-06 19:17:54,087 - INFO - [GINSLIB] processing : 2020/10/04 05:00:59 Q=5
2026-01-06 19:17:54,100 - INFO - [GINSLIB] processing : 2020/10/04 05:01:00 Q=5
2026-01-06 19:17:54,113 - INFO - [GINSLIB] processing : 2020/10/04 05:01:01 Q=5
2026-01-06 19:17:54,126 - INFO - [GINSLIB] processing : 2020/10/04 05:01:02 Q=5
2026-01-06 19:17:54,138 - INFO - [GINSLIB] processing : 2020/10/04 05:01:03 Q=5
2026-01-06 19:17:54,151 - INFO - [GINSLIB] processing : 2020/10/04 05:01:04 Q=5
2026-01-06 19:17:54,164 - INFO - [GINSLIB] processing : 2020/10/04 05:01:05 Q=5
2026-01-06 19:17:54,176 - INFO - [GINSLIB] processing : 2020/10/04 05:01:06 Q=5
2026-01-06 19:17:54,189 - INFO - [GINSLIB] processing : 2020/10/04 05:01:07 Q=5
2026-01-06 19:17:54,200 - INFO - [GINSLIB] processing : 2020/10/04 05:01:08 Q=5
2026-01-06 19:17:54,212 - INFO - [GINSLIB] processing : 2020/10/04 05:01:09 Q=5
2026-01-06 19:17:54,225 - INFO - [GINSLIB] processing : 2020/10/04 05:01:10 Q=5
2026-01-06 19:17:54,237 - INFO - [GINSLIB] processing : 2020/10/04 05:01:11 Q=5
2026-01-06 19:17:54,251 - INFO - [GINSLIB] processing : 2020/10/04 05:01:12 Q=5
2026-01-06 19:17:54,265 - INFO - [GINSLIB] processing : 2020/10/04 05:01:13 Q=5
2026-01-06 19:17:54,278 - INFO - [GINSLIB] processing : 2020/10/04 05:01:14 Q=5
2026-01-06 19:17:54,292 - INFO - [GINSLIB] processing : 2020/10/04 05:01:15 Q=5
2026-01-06 19:17:54,305 - INFO - [GINSLIB] processing : 2020/10/04 05:01:16 Q=5
2026-01-06 19:17:54,318 - INFO - [GINSLIB] processing : 2020/10/04 05:01:17 Q=5
2026-01-06 19:17:54,339 - INFO - [GINSLIB] processing : 2020/10/04 05:01:18 Q=5
2026-01-06 19:17:54,341 - INFO - [GINSLIB] processing : 2020/10/04 05:01:19 Q=5
2026-01-06 19:17:54,353 - INFO - [GINSLIB] processing : 2020/10/04 05:01:20 Q=5
2026-01-06 19:17:54,366 - INFO - [GINSLIB] processing : 2020/10/04 05:01:21 Q=5
2026-01-06 19:17:54,378 - INFO - [GINSLIB] processing : 2020/10/04 05:01:22 Q=5
2026-01-06 19:17:54,400 - INFO - [GINSLIB] processing : 2020/10/04 05:01:23 Q=5
2026-01-06 19:17:54,401 - INFO - [GINSLIB] processing : 2020/10/04 05:01:24 Q=5
2026-01-06 19:17:54,414 - INFO - [GINSLIB] processing : 2020/10/04 05:01:25 Q=5
2026-01-06 19:17:54,427 - INFO - [GINSLIB] processing : 2020/10/04 05:01:26 Q=5
2026-01-06 19:17:54,442 - INFO - [GINSLIB] processing : 2020/10/04 05:01:27 Q=5
2026-01-06 19:17:54,466 - INFO - [GINSLIB] processing : 2020/10/04 05:01:28 Q=5
2026-01-06 19:17:54,468 - INFO - [GINSLIB] processing : 2020/10/04 05:01:29 Q=5
2026-01-06 19:17:54,482 - INFO - [GINSLIB] processing : 2020/10/04 05:01:30 Q=5
2026-01-06 19:17:54,494 - INFO - [GINSLIB] processing : 2020/10/04 05:01:31 Q=5
2026-01-06 19:17:54,509 - INFO - [GINSLIB] processing : 2020/10/04 05:01:32 Q=5
2026-01-06 19:17:54,521 - INFO - [GINSLIB] processing : 2020/10/04 05:01:33 Q=5
2026-01-06 19:17:54,533 - INFO - [GINSLIB] processing : 2020/10/04 05:01:34 Q=5
2026-01-06 19:17:54,545 - INFO - [GINSLIB] processing : 2020/10/04 05:01:35 Q=5
2026-01-06 19:17:54,559 - INFO - [GINSLIB] processing : 2020/10/04 05:01:36 Q=5
2026-01-06 19:17:54,572 - INFO - [GINSLIB] processing : 2020/10/04 05:01:37 Q=5
2026-01-06 19:17:54,585 - INFO - [GINSLIB] processing : 2020/10/04 05:01:38 Q=5
2026-01-06 19:17:54,597 - INFO - [GINSLIB] processing : 2020/10/04 05:01:39 Q=5
2026-01-06 19:17:54,610 - INFO - [GINSLIB] processing : 2020/10/04 05:01:40 Q=5
2026-01-06 19:17:54,621 - INFO - [GINSLIB] processing : 2020/10/04 05:01:40 Q=7
2026-01-06 19:17:54,622 - INFO - [GINSLIB] processing : 2020/10/04 05:01:41 Q=7
2026-01-06 19:17:54,633 - INFO - [GINSLIB] processing : 2020/10/04 05:01:41 Q=5
2026-01-06 19:17:54,635 - INFO - [GINSLIB] processing : 2020/10/04 05:01:42 Q=5
2026-01-06 19:17:54,647 - INFO - [GINSLIB] processing : 2020/10/04 05:01:43 Q=5
2026-01-06 19:17:54,658 - INFO - [GINSLIB] processing : 2020/10/04 05:01:44 Q=5
2026-01-06 19:17:54,670 - INFO - [GINSLIB] processing : 2020/10/04 05:01:45 Q=5
2026-01-06 19:17:54,681 - INFO - [GINSLIB] processing : 2020/10/04 05:01:46 Q=5
2026-01-06 19:17:54,693 - INFO - [GINSLIB] processing : 2020/10/04 05:01:47 Q=5
2026-01-06 19:17:54,708 - INFO - [GINSLIB] processing : 2020/10/04 05:01:48 Q=5
2026-01-06 19:17:54,730 - INFO - [GINSLIB] processing : 2020/10/04 05:01:49 Q=5
2026-01-06 19:17:54,733 - INFO - [GINSLIB] processing : 2020/10/04 05:01:50 Q=5
2026-01-06 19:17:54,746 - INFO - [GINSLIB] processing : 2020/10/04 05:01:51 Q=5
2026-01-06 19:17:54,758 - INFO - [GINSLIB] processing : 2020/10/04 05:01:52 Q=5
2026-01-06 19:17:54,771 - INFO - [GINSLIB] processing : 2020/10/04 05:01:53 Q=5
2026-01-06 19:17:54,793 - INFO - [GINSLIB] processing : 2020/10/04 05:01:54 Q=5
2026-01-06 19:17:54,795 - INFO - [GINSLIB] processing : 2020/10/04 05:01:55 Q=5
2026-01-06 19:17:54,809 - INFO - [GINSLIB] processing : 2020/10/04 05:01:56 Q=5
2026-01-06 19:17:54,820 - INFO - [GINSLIB] processing : 2020/10/04 05:01:57 Q=5
2026-01-06 19:17:54,833 - INFO - [GINSLIB] processing : 2020/10/04 05:01:58 Q=5
2026-01-06 19:17:54,854 - INFO - [GINSLIB] processing : 2020/10/04 05:01:59 Q=5
2026-01-06 19:17:54,856 - INFO - [GINSLIB] processing : 2020/10/04 05:02:00 Q=5
2026-01-06 19:17:54,869 - INFO - [GINSLIB] processing : 2020/10/04 05:02:01 Q=5
2026-01-06 19:17:54,880 - INFO - [GINSLIB] processing : 2020/10/04 05:02:02 Q=5
2026-01-06 19:17:54,894 - INFO - [GINSLIB] processing : 2020/10/04 05:02:03 Q=5
2026-01-06 19:17:54,906 - INFO - [GINSLIB] processing : 2020/10/04 05:02:04 Q=5
2026-01-06 19:17:54,917 - INFO - [GINSLIB] processing : 2020/10/04 05:02:05 Q=5
2026-01-06 19:17:54,930 - INFO - [GINSLIB] processing : 2020/10/04 05:02:06 Q=5
2026-01-06 19:17:54,943 - INFO - [GINSLIB] processing : 2020/10/04 05:02:07 Q=5
2026-01-06 19:17:54,957 - INFO - [GINSLIB] processing : 2020/10/04 05:02:08 Q=5
2026-01-06 19:17:54,968 - INFO - [GINSLIB] processing : 2020/10/04 05:02:08 Q=7
2026-01-06 19:17:54,969 - INFO - [GINSLIB] processing : 2020/10/04 05:02:09 Q=7
2026-01-06 19:17:54,979 - INFO - [GINSLIB] processing : 2020/10/04 05:02:09 Q=5
2026-01-06 19:17:54,979 - INFO - [GINSLIB] processing : 2020/10/04 05:02:10 Q=5
2026-01-06 19:17:54,993 - INFO - [GINSLIB] processing : 2020/10/04 05:02:11 Q=5
2026-01-06 19:17:55,007 - INFO - [GINSLIB] processing : 2020/10/04 05:02:12 Q=5
2026-01-06 19:17:55,021 - INFO - [GINSLIB] processing : 2020/10/04 05:02:13 Q=5
2026-01-06 19:17:55,036 - INFO - [GINSLIB] processing : 2020/10/04 05:02:14 Q=5
2026-01-06 19:17:55,047 - INFO - [GINSLIB] processing : 2020/10/04 05:02:15 Q=5
2026-01-06 19:17:55,061 - INFO - [GINSLIB] processing : 2020/10/04 05:02:16 Q=5
2026-01-06 19:17:55,073 - INFO - [GINSLIB] processing : 2020/10/04 05:02:17 Q=5
2026-01-06 19:17:55,085 - INFO - [GINSLIB] processing : 2020/10/04 05:02:18 Q=5
2026-01-06 19:17:55,099 - INFO - [GINSLIB] processing : 2020/10/04 05:02:19 Q=5
2026-01-06 19:17:55,120 - INFO - [GINSLIB] processing : 2020/10/04 05:02:20 Q=5
2026-01-06 19:17:55,122 - INFO - [GINSLIB] processing : 2020/10/04 05:02:21 Q=5
2026-01-06 19:17:55,136 - INFO - [GINSLIB] processing : 2020/10/04 05:02:22 Q=5
2026-01-06 19:17:55,147 - INFO - [GINSLIB] processing : 2020/10/04 05:02:23 Q=5
2026-01-06 19:17:55,162 - INFO - [GINSLIB] processing : 2020/10/04 05:02:24 Q=5
2026-01-06 19:17:55,186 - INFO - [GINSLIB] processing : 2020/10/04 05:02:25 Q=5
2026-01-06 19:17:55,188 - INFO - [GINSLIB] processing : 2020/10/04 05:02:26 Q=5
2026-01-06 19:17:55,202 - INFO - [GINSLIB] processing : 2020/10/04 05:02:27 Q=5
2026-01-06 19:17:55,215 - INFO - [GINSLIB] processing : 2020/10/04 05:02:28 Q=5
2026-01-06 19:17:55,227 - INFO - [GINSLIB] processing : 2020/10/04 05:02:29 Q=5
2026-01-06 19:17:55,251 - INFO - [GINSLIB] processing : 2020/10/04 05:02:30 Q=5
2026-01-06 19:17:55,253 - INFO - [GINSLIB] processing : 2020/10/04 05:02:31 Q=5
2026-01-06 19:17:55,265 - INFO - [GINSLIB] processing : 2020/10/04 05:02:32 Q=5
2026-01-06 19:17:55,277 - INFO - [GINSLIB] processing : 2020/10/04 05:02:33 Q=5
2026-01-06 19:17:55,291 - INFO - [GINSLIB] processing : 2020/10/04 05:02:34 Q=5
2026-01-06 19:17:55,304 - INFO - [GINSLIB] processing : 2020/10/04 05:02:35 Q=5
2026-01-06 19:17:55,315 - INFO - [GINSLIB] processing : 2020/10/04 05:02:36 Q=5
2026-01-06 19:17:55,328 - INFO - [GINSLIB] processing : 2020/10/04 05:02:37 Q=5
2026-01-06 19:17:55,341 - INFO - [GINSLIB] processing : 2020/10/04 05:02:38 Q=5
2026-01-06 19:17:55,354 - INFO - [GINSLIB] processing : 2020/10/04 05:02:39 Q=5
2026-01-06 19:17:55,367 - INFO - [GINSLIB] processing : 2020/10/04 05:02:40 Q=5
2026-01-06 19:17:55,379 - INFO - [GINSLIB] processing : 2020/10/04 05:02:41 Q=5
2026-01-06 19:17:55,393 - INFO - [GINSLIB] processing : 2020/10/04 05:02:42 Q=5
2026-01-06 19:17:55,405 - INFO - [GINSLIB] processing : 2020/10/04 05:02:43 Q=5
2026-01-06 19:17:55,418 - INFO - [GINSLIB] processing : 2020/10/04 05:02:44 Q=5
2026-01-06 19:17:55,431 - INFO - [GINSLIB] processing : 2020/10/04 05:02:45 Q=5
2026-01-06 19:17:55,442 - INFO - [GINSLIB] processing : 2020/10/04 05:02:46 Q=5
2026-01-06 19:17:55,455 - INFO - [GINSLIB] processing : 2020/10/04 05:02:47 Q=5
2026-01-06 19:17:55,469 - INFO - [GINSLIB] processing : 2020/10/04 05:02:48 Q=5
2026-01-06 19:17:55,482 - INFO - [GINSLIB] processing : 2020/10/04 05:02:49 Q=5
2026-01-06 19:17:55,494 - INFO - [GINSLIB] processing : 2020/10/04 05:02:50 Q=5
2026-01-06 19:17:55,516 - INFO - [GINSLIB] processing : 2020/10/04 05:02:51 Q=5
2026-01-06 19:17:55,518 - INFO - [GINSLIB] processing : 2020/10/04 05:02:52 Q=5
2026-01-06 19:17:55,530 - INFO - [GINSLIB] processing : 2020/10/04 05:02:53 Q=5
2026-01-06 19:17:55,542 - INFO - [GINSLIB] processing : 2020/10/04 05:02:54 Q=5
2026-01-06 19:17:55,555 - INFO - [GINSLIB] processing : 2020/10/04 05:02:55 Q=5
2026-01-06 19:17:55,577 - INFO - [GINSLIB] processing : 2020/10/04 05:02:56 Q=5
2026-01-06 19:17:55,578 - INFO - [GINSLIB] processing : 2020/10/04 05:02:57 Q=5
2026-01-06 19:17:55,590 - INFO - [GINSLIB] processing : 2020/10/04 05:02:58 Q=5
2026-01-06 19:17:55,603 - INFO - [GINSLIB] processing : 2020/10/04 05:02:59 Q=5
2026-01-06 19:17:55,617 - INFO - [GINSLIB] processing : 2020/10/04 05:03:00 Q=5
2026-01-06 19:17:55,638 - INFO - [GINSLIB] processing : 2020/10/04 05:03:01 Q=5
2026-01-06 19:17:55,640 - INFO - [GINSLIB] processing : 2020/10/04 05:03:02 Q=5
2026-01-06 19:17:55,652 - INFO - [GINSLIB] processing : 2020/10/04 05:03:03 Q=5
2026-01-06 19:17:55,663 - INFO - [GINSLIB] processing : 2020/10/04 05:03:04 Q=5
2026-01-06 19:17:55,675 - INFO - [GINSLIB] processing : 2020/10/04 05:03:05 Q=5
2026-01-06 19:17:55,687 - INFO - [GINSLIB] processing : 2020/10/04 05:03:06 Q=5
2026-01-06 19:17:55,700 - INFO - [GINSLIB] processing : 2020/10/04 05:03:07 Q=5
2026-01-06 19:17:55,712 - INFO - [GINSLIB] processing : 2020/10/04 05:03:08 Q=5
2026-01-06 19:17:55,723 - INFO - [GINSLIB] processing : 2020/10/04 05:03:09 Q=5
2026-01-06 19:17:55,735 - INFO - [GINSLIB] processing : 2020/10/04 05:03:10 Q=5
2026-01-06 19:17:55,747 - INFO - [GINSLIB] processing : 2020/10/04 05:03:11 Q=5
2026-01-06 19:17:55,759 - INFO - [GINSLIB] processing : 2020/10/04 05:03:12 Q=5
2026-01-06 19:17:55,770 - INFO - [GINSLIB] processing : 2020/10/04 05:03:13 Q=5
2026-01-06 19:17:55,782 - INFO - [GINSLIB] processing : 2020/10/04 05:03:14 Q=5
2026-01-06 19:17:55,794 - INFO - [GINSLIB] processing : 2020/10/04 05:03:15 Q=5
2026-01-06 19:17:55,806 - INFO - [GINSLIB] processing : 2020/10/04 05:03:16 Q=5
2026-01-06 19:17:55,818 - INFO - [GINSLIB] processing : 2020/10/04 05:03:17 Q=5
2026-01-06 19:17:55,830 - INFO - [GINSLIB] processing : 2020/10/04 05:03:18 Q=5
2026-01-06 19:17:55,843 - INFO - [GINSLIB] processing : 2020/10/04 05:03:19 Q=5
2026-01-06 19:17:55,858 - INFO - [GINSLIB] processing : 2020/10/04 05:03:20 Q=5
2026-01-06 19:17:55,873 - INFO - [GINSLIB] processing : 2020/10/04 05:03:21 Q=5
2026-01-06 19:17:55,897 - INFO - [GINSLIB] processing : 2020/10/04 05:03:22 Q=5
2026-01-06 19:17:55,899 - INFO - [GINSLIB] processing : 2020/10/04 05:03:23 Q=5
2026-01-06 19:17:55,913 - INFO - [GINSLIB] processing : 2020/10/04 05:03:24 Q=5
2026-01-06 19:17:55,928 - INFO - [GINSLIB] processing : 2020/10/04 05:03:25 Q=5
2026-01-06 19:17:55,941 - INFO - [GINSLIB] processing : 2020/10/04 05:03:26 Q=5
2026-01-06 19:17:55,963 - INFO - [GINSLIB] processing : 2020/10/04 05:03:27 Q=5
2026-01-06 19:17:55,965 - INFO - [GINSLIB] processing : 2020/10/04 05:03:28 Q=5
2026-01-06 19:17:55,979 - INFO - [GINSLIB] processing : 2020/10/04 05:03:29 Q=5
2026-01-06 19:17:55,992 - INFO - [GINSLIB] processing : 2020/10/04 05:03:30 Q=5
2026-01-06 19:17:56,006 - INFO - [GINSLIB] processing : 2020/10/04 05:03:31 Q=5
2026-01-06 19:17:56,030 - INFO - [GINSLIB] processing : 2020/10/04 05:03:32 Q=5
2026-01-06 19:17:56,032 - INFO - [GINSLIB] processing : 2020/10/04 05:03:33 Q=5
2026-01-06 19:17:56,046 - INFO - [GINSLIB] processing : 2020/10/04 05:03:34 Q=5
2026-01-06 19:17:56,059 - INFO - [GINSLIB] processing : 2020/10/04 05:03:35 Q=5
2026-01-06 19:17:56,072 - INFO - [GINSLIB] processing : 2020/10/04 05:03:36 Q=5
2026-01-06 19:17:56,084 - INFO - [GINSLIB] processing : 2020/10/04 05:03:37 Q=5
2026-01-06 19:17:56,095 - INFO - [GINSLIB] processing : 2020/10/04 05:03:38 Q=5
2026-01-06 19:17:56,107 - INFO - [GINSLIB] processing : 2020/10/04 05:03:39 Q=5
2026-01-06 19:17:56,120 - INFO - [GINSLIB] processing : 2020/10/04 05:03:40 Q=5
2026-01-06 19:17:56,133 - INFO - [GINSLIB] processing : 2020/10/04 05:03:41 Q=5
2026-01-06 19:17:56,144 - INFO - [GINSLIB] processing : 2020/10/04 05:03:42 Q=5
2026-01-06 19:17:56,155 - INFO - [GINSLIB] processing : 2020/10/04 05:03:43 Q=5
2026-01-06 19:17:56,169 - INFO - [GINSLIB] processing : 2020/10/04 05:03:44 Q=5
2026-01-06 19:17:56,182 - INFO - [GINSLIB] processing : 2020/10/04 05:03:45 Q=5
2026-01-06 19:17:56,193 - INFO - [GINSLIB] processing : 2020/10/04 05:03:46 Q=5
2026-01-06 19:17:56,206 - INFO - [GINSLIB] processing : 2020/10/04 05:03:47 Q=5
2026-01-06 19:17:56,229 - INFO - [GINSLIB] processing : 2020/10/04 05:03:48 Q=5
2026-01-06 19:17:56,230 - INFO - [GINSLIB] processing : 2020/10/04 05:03:49 Q=5
2026-01-06 19:17:56,243 - INFO - [GINSLIB] processing : 2020/10/04 05:03:50 Q=5
2026-01-06 19:17:56,256 - INFO - [GINSLIB] processing : 2020/10/04 05:03:51 Q=5
2026-01-06 19:17:56,268 - INFO - [GINSLIB] processing : 2020/10/04 05:03:52 Q=5
2026-01-06 19:17:56,292 - INFO - [GINSLIB] processing : 2020/10/04 05:03:53 Q=5
2026-01-06 19:17:56,293 - INFO - [GINSLIB] processing : 2020/10/04 05:03:54 Q=5
2026-01-06 19:17:56,307 - INFO - [GINSLIB] processing : 2020/10/04 05:03:55 Q=5
2026-01-06 19:17:56,320 - INFO - [GINSLIB] processing : 2020/10/04 05:03:56 Q=5
2026-01-06 19:17:56,333 - INFO - [GINSLIB] processing : 2020/10/04 05:03:57 Q=5
2026-01-06 19:17:56,355 - INFO - [GINSLIB] processing : 2020/10/04 05:03:58 Q=5
2026-01-06 19:17:56,356 - INFO - [GINSLIB] processing : 2020/10/04 05:03:59 Q=5
2026-01-06 19:17:56,368 - INFO - [GINSLIB] processing : 2020/10/04 05:04:00 Q=5
2026-01-06 19:17:56,379 - INFO - [GINSLIB] processing : 2020/10/04 05:04:01 Q=5
2026-01-06 19:17:56,391 - INFO - [GINSLIB] processing : 2020/10/04 05:04:02 Q=5
2026-01-06 19:17:56,413 - INFO - [GINSLIB] processing : 2020/10/04 05:04:03 Q=5
2026-01-06 19:17:56,415 - INFO - [GINSLIB] processing : 2020/10/04 05:04:04 Q=5
2026-01-06 19:17:56,427 - INFO - [GINSLIB] processing : 2020/10/04 05:04:05 Q=5
2026-01-06 19:17:56,440 - INFO - [GINSLIB] processing : 2020/10/04 05:04:06 Q=5
2026-01-06 19:17:56,453 - INFO - [GINSLIB] processing : 2020/10/04 05:04:07 Q=5
2026-01-06 19:17:56,468 - INFO - [GINSLIB] processing : 2020/10/04 05:04:08 Q=5
2026-01-06 19:17:56,479 - INFO - [GINSLIB] processing : 2020/10/04 05:04:09 Q=5
2026-01-06 19:17:56,492 - INFO - [GINSLIB] processing : 2020/10/04 05:04:10 Q=5
2026-01-06 19:17:56,504 - INFO - [GINSLIB] processing : 2020/10/04 05:04:11 Q=5
2026-01-06 19:17:56,518 - INFO - [GINSLIB] processing : 2020/10/04 05:04:12 Q=5
2026-01-06 19:17:56,531 - INFO - [GINSLIB] processing : 2020/10/04 05:04:13 Q=5
2026-01-06 19:17:56,543 - INFO - [GINSLIB] processing : 2020/10/04 05:04:14 Q=5
2026-01-06 19:17:56,557 - INFO - [GINSLIB] processing : 2020/10/04 05:04:15 Q=5
2026-01-06 19:17:56,571 - INFO - [GINSLIB] processing : 2020/10/04 05:04:16 Q=5
2026-01-06 19:17:56,584 - INFO - [GINSLIB] processing : 2020/10/04 05:04:17 Q=5
2026-01-06 19:17:56,597 - INFO - [GINSLIB] processing : 2020/10/04 05:04:18 Q=5
2026-01-06 19:17:56,622 - INFO - [GINSLIB] processing : 2020/10/04 05:04:19 Q=5
2026-01-06 19:17:56,624 - INFO - [GINSLIB] processing : 2020/10/04 05:04:20 Q=5
2026-01-06 19:17:56,637 - INFO - [GINSLIB] processing : 2020/10/04 05:04:21 Q=5
2026-01-06 19:17:56,651 - INFO - [GINSLIB] processing : 2020/10/04 05:04:22 Q=5
2026-01-06 19:17:56,667 - INFO - [GINSLIB] processing : 2020/10/04 05:04:23 Q=5
2026-01-06 19:17:56,692 - INFO - [GINSLIB] processing : 2020/10/04 05:04:24 Q=5
2026-01-06 19:17:56,693 - INFO - [GINSLIB] processing : 2020/10/04 05:04:25 Q=5
2026-01-06 19:17:56,705 - INFO - [GINSLIB] processing : 2020/10/04 05:04:26 Q=5
2026-01-06 19:17:56,718 - INFO - [GINSLIB] processing : 2020/10/04 05:04:27 Q=5
2026-01-06 19:17:56,731 - INFO - [GINSLIB] processing : 2020/10/04 05:04:28 Q=5
2026-01-06 19:17:56,755 - INFO - [GINSLIB] processing : 2020/10/04 05:04:29 Q=5
2026-01-06 19:17:56,757 - INFO - [GINSLIB] processing : 2020/10/04 05:04:30 Q=5
2026-01-06 19:17:56,769 - INFO - [GINSLIB] processing : 2020/10/04 05:04:31 Q=5
2026-01-06 19:17:56,781 - INFO - [GINSLIB] processing : 2020/10/04 05:04:32 Q=5
2026-01-06 19:17:56,795 - INFO - [GINSLIB] processing : 2020/10/04 05:04:33 Q=5
2026-01-06 19:17:56,819 - INFO - [GINSLIB] processing : 2020/10/04 05:04:34 Q=5
2026-01-06 19:17:56,821 - INFO - [GINSLIB] processing : 2020/10/04 05:04:35 Q=5
2026-01-06 19:17:56,833 - INFO - [GINSLIB] processing : 2020/10/04 05:04:36 Q=5
2026-01-06 19:17:56,844 - INFO - [GINSLIB] processing : 2020/10/04 05:04:37 Q=5
2026-01-06 19:17:56,856 - INFO - [GINSLIB] processing : 2020/10/04 05:04:38 Q=5
2026-01-06 19:17:56,871 - INFO - [GINSLIB] processing : 2020/10/04 05:04:39 Q=5
2026-01-06 19:17:56,884 - INFO - [GINSLIB] processing : 2020/10/04 05:04:40 Q=5
2026-01-06 19:17:56,898 - INFO - [GINSLIB] processing : 2020/10/04 05:04:41 Q=5
2026-01-06 19:17:56,913 - INFO - [GINSLIB] processing : 2020/10/04 05:04:42 Q=5
2026-01-06 19:17:56,927 - INFO - [GINSLIB] processing : 2020/10/04 05:04:43 Q=5
2026-01-06 19:17:56,941 - INFO - [GINSLIB] processing : 2020/10/04 05:04:44 Q=5
2026-01-06 19:17:56,953 - INFO - [GINSLIB] processing : 2020/10/04 05:04:45 Q=5
2026-01-06 19:17:56,966 - INFO - [GINSLIB] processing : 2020/10/04 05:04:46 Q=5
2026-01-06 19:17:56,980 - INFO - [GINSLIB] processing : 2020/10/04 05:04:47 Q=5
2026-01-06 19:17:56,994 - INFO - [GINSLIB] processing : 2020/10/04 05:04:48 Q=5
2026-01-06 19:17:57,008 - INFO - [GINSLIB] processing : 2020/10/04 05:04:49 Q=5
2026-01-06 19:17:57,034 - INFO - [GINSLIB] processing : 2020/10/04 05:04:50 Q=5
2026-01-06 19:17:57,036 - INFO - [GINSLIB] processing : 2020/10/04 05:04:51 Q=5
2026-01-06 19:17:57,050 - INFO - [GINSLIB] processing : 2020/10/04 05:04:52 Q=5
2026-01-06 19:17:57,063 - INFO - [GINSLIB] processing : 2020/10/04 05:04:53 Q=5
2026-01-06 19:17:57,076 - INFO - [GINSLIB] processing : 2020/10/04 05:04:54 Q=5
2026-01-06 19:17:57,099 - INFO - [GINSLIB] processing : 2020/10/04 05:04:55 Q=5
2026-01-06 19:17:57,101 - INFO - [GINSLIB] processing : 2020/10/04 05:04:56 Q=5
2026-01-06 19:17:57,113 - INFO - [GINSLIB] processing : 2020/10/04 05:04:57 Q=5
2026-01-06 19:17:57,128 - INFO - [GINSLIB] processing : 2020/10/04 05:04:58 Q=5
2026-01-06 19:17:57,141 - INFO - [GINSLIB] processing : 2020/10/04 05:04:59 Q=5
2026-01-06 19:17:57,163 - INFO - [GINSLIB] processing : 2020/10/04 05:05:00 Q=5
2026-01-06 19:17:57,165 - INFO - [GINSLIB] processing : 2020/10/04 05:05:01 Q=5
2026-01-06 19:17:57,177 - INFO - [GINSLIB] processing : 2020/10/04 05:05:02 Q=5
2026-01-06 19:17:57,189 - INFO - [GINSLIB] processing : 2020/10/04 05:05:03 Q=5
2026-01-06 19:17:57,201 - INFO - [GINSLIB] processing : 2020/10/04 05:05:04 Q=5
2026-01-06 19:17:57,214 - INFO - [GINSLIB] processing : 2020/10/04 05:05:05 Q=5
2026-01-06 19:17:57,226 - INFO - [GINSLIB] processing : 2020/10/04 05:05:06 Q=5
2026-01-06 19:17:57,238 - INFO - [GINSLIB] processing : 2020/10/04 05:05:07 Q=5
2026-01-06 19:17:57,250 - INFO - [GINSLIB] processing : 2020/10/04 05:05:08 Q=5
2026-01-06 19:17:57,263 - INFO - [GINSLIB] processing : 2020/10/04 05:05:09 Q=5
2026-01-06 19:17:57,275 - INFO - [GINSLIB] processing : 2020/10/04 05:05:10 Q=5
2026-01-06 19:17:57,285 - INFO - [GINSLIB] processing : 2020/10/04 05:05:11 Q=5
2026-01-06 19:17:57,298 - INFO - [GINSLIB] processing : 2020/10/04 05:05:12 Q=5
2026-01-06 19:17:57,311 - INFO - [GINSLIB] processing : 2020/10/04 05:05:13 Q=5
2026-01-06 19:17:57,324 - INFO - [GINSLIB] processing : 2020/10/04 05:05:14 Q=5
2026-01-06 19:17:57,339 - INFO - [GINSLIB] processing : 2020/10/04 05:05:15 Q=5
2026-01-06 19:17:57,350 - INFO - [GINSLIB] processing : 2020/10/04 05:05:16 Q=5
2026-01-06 19:17:57,363 - INFO - [GINSLIB] processing : 2020/10/04 05:05:17 Q=5
2026-01-06 19:17:57,377 - INFO - [GINSLIB] processing : 2020/10/04 05:05:18 Q=5
2026-01-06 19:17:57,390 - INFO - [GINSLIB] processing : 2020/10/04 05:05:19 Q=5
2026-01-06 19:17:57,402 - INFO - [GINSLIB] processing : 2020/10/04 05:05:20 Q=5
2026-01-06 19:17:57,425 - INFO - [GINSLIB] processing : 2020/10/04 05:05:21 Q=5
2026-01-06 19:17:57,426 - INFO - [GINSLIB] processing : 2020/10/04 05:05:22 Q=5
2026-01-06 19:17:57,438 - INFO - [GINSLIB] processing : 2020/10/04 05:05:23 Q=5
2026-01-06 19:17:57,450 - INFO - [GINSLIB] processing : 2020/10/04 05:05:24 Q=5
2026-01-06 19:17:57,462 - INFO - [GINSLIB] processing : 2020/10/04 05:05:25 Q=5
2026-01-06 19:17:57,483 - INFO - [GINSLIB] processing : 2020/10/04 05:05:26 Q=5
2026-01-06 19:17:57,484 - INFO - [GINSLIB] processing : 2020/10/04 05:05:27 Q=5
2026-01-06 19:17:57,496 - INFO - [GINSLIB] processing : 2020/10/04 05:05:28 Q=5
2026-01-06 19:17:57,508 - INFO - [GINSLIB] processing : 2020/10/04 05:05:29 Q=5
2026-01-06 19:17:57,522 - INFO - [GINSLIB] processing : 2020/10/04 05:05:30 Q=5
2026-01-06 19:17:57,544 - INFO - [GINSLIB] processing : 2020/10/04 05:05:31 Q=5
2026-01-06 19:17:57,545 - INFO - [GINSLIB] processing : 2020/10/04 05:05:32 Q=5
2026-01-06 19:17:57,559 - INFO - [GINSLIB] processing : 2020/10/04 05:05:33 Q=5
2026-01-06 19:17:57,574 - INFO - [GINSLIB] processing : 2020/10/04 05:05:34 Q=5
2026-01-06 19:17:57,588 - INFO - [GINSLIB] processing : 2020/10/04 05:05:35 Q=5
2026-01-06 19:17:57,602 - INFO - [GINSLIB] processing : 2020/10/04 05:05:36 Q=5
2026-01-06 19:17:57,612 - INFO - [GINSLIB] processing : 2020/10/04 05:05:37 Q=5
2026-01-06 19:17:57,625 - INFO - [GINSLIB] processing : 2020/10/04 05:05:38 Q=5
2026-01-06 19:17:57,638 - INFO - [GINSLIB] processing : 2020/10/04 05:05:39 Q=5
2026-01-06 19:17:57,654 - INFO - [GINSLIB] processing : 2020/10/04 05:05:40 Q=5
2026-01-06 19:17:57,670 - INFO - [GINSLIB] processing : 2020/10/04 05:05:41 Q=5
2026-01-06 19:17:57,680 - INFO - [GINSLIB] processing : 2020/10/04 05:05:42 Q=5
2026-01-06 19:17:57,696 - INFO - [GINSLIB] processing : 2020/10/04 05:05:43 Q=5
2026-01-06 19:17:57,709 - INFO - [GINSLIB] processing : 2020/10/04 05:05:44 Q=5
2026-01-06 19:17:57,725 - INFO - [GINSLIB] processing : 2020/10/04 05:05:45 Q=5
2026-01-06 19:17:57,737 - INFO - [GINSLIB] processing : 2020/10/04 05:05:46 Q=5
2026-01-06 19:17:57,752 - INFO - [GINSLIB] processing : 2020/10/04 05:05:47 Q=5
2026-01-06 19:17:57,766 - INFO - [GINSLIB] processing : 2020/10/04 05:05:48 Q=5
2026-01-06 19:17:57,780 - INFO - [GINSLIB] processing : 2020/10/04 05:05:49 Q=5
2026-01-06 19:17:57,795 - INFO - [GINSLIB] processing : 2020/10/04 05:05:50 Q=5
2026-01-06 19:17:57,810 - INFO - [GINSLIB] processing : 2020/10/04 05:05:51 Q=5
2026-01-06 19:17:57,833 - INFO - [GINSLIB] processing : 2020/10/04 05:05:52 Q=5
2026-01-06 19:17:57,834 - INFO - [GINSLIB] processing : 2020/10/04 05:05:53 Q=5
2026-01-06 19:17:57,850 - INFO - [GINSLIB] processing : 2020/10/04 05:05:54 Q=5
2026-01-06 19:17:57,863 - INFO - [GINSLIB] processing : 2020/10/04 05:05:55 Q=5
2026-01-06 19:17:57,876 - INFO - [GINSLIB] processing : 2020/10/04 05:05:56 Q=5
2026-01-06 19:17:57,899 - INFO - [GINSLIB] processing : 2020/10/04 05:05:57 Q=5
2026-01-06 19:17:57,901 - INFO - [GINSLIB] processing : 2020/10/04 05:05:58 Q=5
2026-01-06 19:17:57,913 - INFO - [GINSLIB] processing : 2020/10/04 05:05:59 Q=5
2026-01-06 19:17:57,927 - INFO - [GINSLIB] processing : 2020/10/04 05:06:00 Q=5
2026-01-06 19:17:57,943 - INFO - [GINSLIB] processing : 2020/10/04 05:06:01 Q=5
2026-01-06 19:17:57,971 - INFO - [GINSLIB] processing : 2020/10/04 05:06:02 Q=5
2026-01-06 19:17:57,973 - INFO - [GINSLIB] processing : 2020/10/04 05:06:03 Q=5
2026-01-06 19:17:57,989 - INFO - [GINSLIB] processing : 2020/10/04 05:06:04 Q=5
2026-01-06 19:17:58,006 - INFO - [GINSLIB] processing : 2020/10/04 05:06:05 Q=5
2026-01-06 19:17:58,024 - INFO - [GINSLIB] processing : 2020/10/04 05:06:06 Q=5
2026-01-06 19:17:58,073 - INFO - [GINSLIB] processing : 2020/10/04 05:06:07 Q=5
2026-01-06 19:17:58,093 - INFO - [GINSLIB] processing : 2020/10/04 05:06:08 Q=5
2026-01-06 19:17:58,107 - INFO - [GINSLIB] processing : 2020/10/04 05:06:09 Q=5
2026-01-06 19:17:58,123 - INFO - [GINSLIB] processing : 2020/10/04 05:06:10 Q=5
2026-01-06 19:17:58,138 - INFO - [GINSLIB] processing : 2020/10/04 05:06:11 Q=5
2026-01-06 19:17:58,153 - INFO - [GINSLIB] processing : 2020/10/04 05:06:12 Q=5
2026-01-06 19:17:58,163 - INFO - [GINSLIB] processing : 2020/10/04 05:06:13 Q=5
2026-01-06 19:17:58,177 - INFO - [GINSLIB] processing : 2020/10/04 05:06:14 Q=5
2026-01-06 19:17:58,193 - INFO - [GINSLIB] processing : 2020/10/04 05:06:15 Q=5
2026-01-06 19:17:58,207 - INFO - [GINSLIB] processing : 2020/10/04 05:06:16 Q=5
2026-01-06 19:17:58,221 - INFO - [GINSLIB] processing : 2020/10/04 05:06:17 Q=5
2026-01-06 19:17:58,234 - INFO - [GINSLIB] processing : 2020/10/04 05:06:18 Q=5
2026-01-06 19:17:58,249 - INFO - [GINSLIB] processing : 2020/10/04 05:06:19 Q=5
2026-01-06 19:17:58,263 - INFO - [GINSLIB] processing : 2020/10/04 05:06:20 Q=5
2026-01-06 19:17:58,278 - INFO - [GINSLIB] processing : 2020/10/04 05:06:21 Q=5
2026-01-06 19:17:58,293 - INFO - [GINSLIB] processing : 2020/10/04 05:06:22 Q=5
2026-01-06 19:17:58,320 - INFO - [GINSLIB] processing : 2020/10/04 05:06:23 Q=5
2026-01-06 19:17:58,322 - INFO - [GINSLIB] processing : 2020/10/04 05:06:24 Q=5
2026-01-06 19:17:58,338 - INFO - [GINSLIB] processing : 2020/10/04 05:06:25 Q=5
2026-01-06 19:17:58,352 - INFO - [GINSLIB] processing : 2020/10/04 05:06:26 Q=5
2026-01-06 19:17:58,366 - INFO - [GINSLIB] processing : 2020/10/04 05:06:27 Q=5
2026-01-06 19:17:58,388 - INFO - [GINSLIB] processing : 2020/10/04 05:06:28 Q=5
2026-01-06 19:17:58,390 - INFO - [GINSLIB] processing : 2020/10/04 05:06:29 Q=5
2026-01-06 19:17:58,402 - INFO - [GINSLIB] processing : 2020/10/04 05:06:30 Q=5
2026-01-06 19:17:58,413 - INFO - [GINSLIB] processing : 2020/10/04 05:06:31 Q=5
2026-01-06 19:17:58,426 - INFO - [GINSLIB] processing : 2020/10/04 05:06:32 Q=5
2026-01-06 19:17:58,451 - INFO - [GINSLIB] processing : 2020/10/04 05:06:33 Q=5
2026-01-06 19:17:58,453 - INFO - [GINSLIB] processing : 2020/10/04 05:06:34 Q=5
2026-01-06 19:17:58,467 - INFO - [GINSLIB] processing : 2020/10/04 05:06:35 Q=5
2026-01-06 19:17:58,482 - INFO - [GINSLIB] processing : 2020/10/04 05:06:36 Q=5
2026-01-06 19:17:58,496 - INFO - [GINSLIB] processing : 2020/10/04 05:06:37 Q=5
2026-01-06 19:17:58,510 - INFO - [GINSLIB] processing : 2020/10/04 05:06:38 Q=5
2026-01-06 19:17:58,523 - INFO - [GINSLIB] processing : 2020/10/04 05:06:39 Q=5
2026-01-06 19:17:58,538 - INFO - [GINSLIB] processing : 2020/10/04 05:06:40 Q=5
2026-01-06 19:17:58,551 - INFO - [GINSLIB] processing : 2020/10/04 05:06:41 Q=5
2026-01-06 19:17:58,562 - INFO - [GINSLIB] processing : 2020/10/04 05:06:42 Q=5
2026-01-06 19:17:58,574 - INFO - [GINSLIB] processing : 2020/10/04 05:06:43 Q=5
2026-01-06 19:17:58,585 - INFO - [GINSLIB] processing : 2020/10/04 05:06:44 Q=5
2026-01-06 19:17:58,597 - INFO - [GINSLIB] processing : 2020/10/04 05:06:45 Q=5
2026-01-06 19:17:58,609 - INFO - [GINSLIB] processing : 2020/10/04 05:06:46 Q=5
2026-01-06 19:17:58,622 - INFO - [GINSLIB] processing : 2020/10/04 05:06:47 Q=5
2026-01-06 19:17:58,635 - INFO - [GINSLIB] processing : 2020/10/04 05:06:48 Q=5
2026-01-06 19:17:58,657 - INFO - [GINSLIB] processing : 2020/10/04 05:06:49 Q=5
2026-01-06 19:17:58,659 - INFO - [GINSLIB] processing : 2020/10/04 05:06:50 Q=5
2026-01-06 19:17:58,671 - INFO - [GINSLIB] processing : 2020/10/04 05:06:51 Q=5
2026-01-06 19:17:58,685 - INFO - [GINSLIB] processing : 2020/10/04 05:06:52 Q=5
2026-01-06 19:17:58,698 - INFO - [GINSLIB] processing : 2020/10/04 05:06:53 Q=5
2026-01-06 19:17:58,721 - INFO - [GINSLIB] processing : 2020/10/04 05:06:54 Q=5
2026-01-06 19:17:58,722 - INFO - [GINSLIB] processing : 2020/10/04 05:06:55 Q=5
2026-01-06 19:17:58,734 - INFO - [GINSLIB] processing : 2020/10/04 05:06:56 Q=5
2026-01-06 19:17:58,747 - INFO - [GINSLIB] processing : 2020/10/04 05:06:57 Q=5
2026-01-06 19:17:58,760 - INFO - [GINSLIB] processing : 2020/10/04 05:06:58 Q=5
2026-01-06 19:17:58,787 - INFO - [GINSLIB] processing : 2020/10/04 05:06:59 Q=5
2026-01-06 19:17:58,788 - INFO - [GINSLIB] processing : 2020/10/04 05:07:00 Q=5
2026-01-06 19:17:58,801 - INFO - [GINSLIB] processing : 2020/10/04 05:07:01 Q=5
2026-01-06 19:17:58,815 - INFO - [GINSLIB] processing : 2020/10/04 05:07:02 Q=5
2026-01-06 19:17:58,827 - INFO - [GINSLIB] processing : 2020/10/04 05:07:03 Q=5
2026-01-06 19:17:58,851 - INFO - [GINSLIB] processing : 2020/10/04 05:07:04 Q=5
2026-01-06 19:17:58,853 - INFO - [GINSLIB] processing : 2020/10/04 05:07:05 Q=5
2026-01-06 19:17:58,865 - INFO - [GINSLIB] processing : 2020/10/04 05:07:06 Q=5
2026-01-06 19:17:58,879 - INFO - [GINSLIB] processing : 2020/10/04 05:07:07 Q=5
2026-01-06 19:17:58,891 - INFO - [GINSLIB] processing : 2020/10/04 05:07:08 Q=5
2026-01-06 19:17:58,904 - INFO - [GINSLIB] processing : 2020/10/04 05:07:09 Q=5
2026-01-06 19:17:58,915 - INFO - [GINSLIB] processing : 2020/10/04 05:07:10 Q=5
2026-01-06 19:17:58,929 - INFO - [GINSLIB] processing : 2020/10/04 05:07:11 Q=5
2026-01-06 19:17:58,943 - INFO - [GINSLIB] processing : 2020/10/04 05:07:12 Q=5
2026-01-06 19:17:58,956 - INFO - [GINSLIB] processing : 2020/10/04 05:07:13 Q=5
2026-01-06 19:17:58,972 - INFO - [GINSLIB] processing : 2020/10/04 05:07:14 Q=5
2026-01-06 19:17:58,985 - INFO - [GINSLIB] processing : 2020/10/04 05:07:15 Q=5
2026-01-06 19:17:58,999 - INFO - [GINSLIB] processing : 2020/10/04 05:07:16 Q=5
2026-01-06 19:17:59,012 - INFO - [GINSLIB] processing : 2020/10/04 05:07:17 Q=5
2026-01-06 19:17:59,025 - INFO - [GINSLIB] processing : 2020/10/04 05:07:18 Q=5
2026-01-06 19:17:59,041 - INFO - [GINSLIB] processing : 2020/10/04 05:07:19 Q=5
2026-01-06 19:17:59,064 - INFO - [GINSLIB] processing : 2020/10/04 05:07:20 Q=5
2026-01-06 19:17:59,067 - INFO - [GINSLIB] processing : 2020/10/04 05:07:21 Q=5
2026-01-06 19:17:59,080 - INFO - [GINSLIB] processing : 2020/10/04 05:07:22 Q=5
2026-01-06 19:17:59,095 - INFO - [GINSLIB] processing : 2020/10/04 05:07:23 Q=5
2026-01-06 19:17:59,109 - INFO - [GINSLIB] processing : 2020/10/04 05:07:24 Q=5
2026-01-06 19:17:59,144 - INFO - [GINSLIB] processing : 2020/10/04 05:07:25 Q=5
2026-01-06 19:17:59,146 - INFO - [GINSLIB] processing : 2020/10/04 05:07:26 Q=5
2026-01-06 19:17:59,160 - INFO - [GINSLIB] processing : 2020/10/04 05:07:27 Q=5
2026-01-06 19:17:59,175 - INFO - [GINSLIB] processing : 2020/10/04 05:07:28 Q=5
2026-01-06 19:17:59,190 - INFO - [GINSLIB] processing : 2020/10/04 05:07:29 Q=5
2026-01-06 19:17:59,214 - INFO - [GINSLIB] processing : 2020/10/04 05:07:30 Q=5
2026-01-06 19:17:59,217 - INFO - [GINSLIB] processing : 2020/10/04 05:07:31 Q=5
2026-01-06 19:17:59,231 - INFO - [GINSLIB] processing : 2020/10/04 05:07:32 Q=5
2026-01-06 19:17:59,245 - INFO - [GINSLIB] processing : 2020/10/04 05:07:33 Q=5
2026-01-06 19:17:59,259 - INFO - [GINSLIB] processing : 2020/10/04 05:07:34 Q=5
2026-01-06 19:17:59,272 - INFO - [GINSLIB] processing : 2020/10/04 05:07:35 Q=5
2026-01-06 19:17:59,284 - INFO - [GINSLIB] processing : 2020/10/04 05:07:36 Q=5
2026-01-06 19:17:59,300 - INFO - [GINSLIB] processing : 2020/10/04 05:07:37 Q=5
2026-01-06 19:17:59,316 - INFO - [GINSLIB] processing : 2020/10/04 05:07:38 Q=5
2026-01-06 19:17:59,332 - INFO - [GINSLIB] processing : 2020/10/04 05:07:39 Q=5
2026-01-06 19:17:59,345 - INFO - [GINSLIB] processing : 2020/10/04 05:07:40 Q=5
2026-01-06 19:17:59,357 - INFO - [GINSLIB] processing : 2020/10/04 05:07:41 Q=5
2026-01-06 19:17:59,372 - INFO - [GINSLIB] processing : 2020/10/04 05:07:42 Q=5
2026-01-06 19:17:59,387 - INFO - [GINSLIB] processing : 2020/10/04 05:07:43 Q=5
2026-01-06 19:17:59,401 - INFO - [GINSLIB] processing : 2020/10/04 05:07:44 Q=5
2026-01-06 19:17:59,416 - INFO - [GINSLIB] processing : 2020/10/04 05:07:45 Q=5
2026-01-06 19:17:59,429 - INFO - [GINSLIB] processing : 2020/10/04 05:07:46 Q=5
2026-01-06 19:17:59,443 - INFO - [GINSLIB] processing : 2020/10/04 05:07:47 Q=5
2026-01-06 19:17:59,458 - INFO - [GINSLIB] processing : 2020/10/04 05:07:48 Q=5
2026-01-06 19:17:59,472 - INFO - [GINSLIB] processing : 2020/10/04 05:07:49 Q=5
2026-01-06 19:17:59,486 - INFO - [GINSLIB] processing : 2020/10/04 05:07:50 Q=5
2026-01-06 19:17:59,512 - INFO - [GINSLIB] processing : 2020/10/04 05:07:51 Q=5
2026-01-06 19:17:59,513 - INFO - [GINSLIB] processing : 2020/10/04 05:07:52 Q=5
2026-01-06 19:17:59,528 - INFO - [GINSLIB] processing : 2020/10/04 05:07:53 Q=5
2026-01-06 19:17:59,543 - INFO - [GINSLIB] processing : 2020/10/04 05:07:54 Q=5
2026-01-06 19:17:59,558 - INFO - [GINSLIB] processing : 2020/10/04 05:07:55 Q=5
2026-01-06 19:17:59,583 - INFO - [GINSLIB] processing : 2020/10/04 05:07:56 Q=5
2026-01-06 19:17:59,585 - INFO - [GINSLIB] processing : 2020/10/04 05:07:57 Q=5
2026-01-06 19:17:59,599 - INFO - [GINSLIB] processing : 2020/10/04 05:07:58 Q=5
2026-01-06 19:17:59,614 - INFO - [GINSLIB] processing : 2020/10/04 05:07:59 Q=5
2026-01-06 19:17:59,629 - INFO - [GINSLIB] processing : 2020/10/04 05:08:00 Q=5
2026-01-06 19:17:59,656 - INFO - [GINSLIB] processing : 2020/10/04 05:08:01 Q=5
2026-01-06 19:17:59,658 - INFO - [GINSLIB] processing : 2020/10/04 05:08:02 Q=5
2026-01-06 19:17:59,674 - INFO - [GINSLIB] processing : 2020/10/04 05:08:03 Q=5
2026-01-06 19:17:59,689 - INFO - [GINSLIB] processing : 2020/10/04 05:08:04 Q=5
2026-01-06 19:17:59,703 - INFO - [GINSLIB] processing : 2020/10/04 05:08:05 Q=5
2026-01-06 19:17:59,718 - INFO - [GINSLIB] processing : 2020/10/04 05:08:06 Q=5
2026-01-06 19:17:59,732 - INFO - [GINSLIB] processing : 2020/10/04 05:08:07 Q=5
2026-01-06 19:17:59,760 - INFO - [GINSLIB] processing : 2020/10/04 05:08:08 Q=5
2026-01-06 19:17:59,792 - INFO - [GINSLIB] processing : 2020/10/04 05:08:09 Q=5
2026-01-06 19:17:59,810 - INFO - [GINSLIB] processing : 2020/10/04 05:08:10 Q=5
2026-01-06 19:17:59,824 - INFO - [GINSLIB] processing : 2020/10/04 05:08:11 Q=5
2026-01-06 19:17:59,838 - INFO - [GINSLIB] processing : 2020/10/04 05:08:12 Q=5
2026-01-06 19:17:59,855 - INFO - [GINSLIB] processing : 2020/10/04 05:08:13 Q=5
2026-01-06 19:17:59,869 - INFO - [GINSLIB] processing : 2020/10/04 05:08:14 Q=5
2026-01-06 19:17:59,884 - INFO - [GINSLIB] processing : 2020/10/04 05:08:15 Q=5
2026-01-06 19:17:59,904 - INFO - [GINSLIB] processing : 2020/10/04 05:08:16 Q=5
2026-01-06 19:17:59,918 - INFO - [GINSLIB] processing : 2020/10/04 05:08:17 Q=5
2026-01-06 19:17:59,932 - INFO - [GINSLIB] processing : 2020/10/04 05:08:18 Q=5
2026-01-06 19:17:59,950 - INFO - [GINSLIB] processing : 2020/10/04 05:08:19 Q=5
2026-01-06 19:17:59,967 - INFO - [GINSLIB] processing : 2020/10/04 05:08:20 Q=5
2026-01-06 19:17:59,984 - INFO - [GINSLIB] processing : 2020/10/04 05:08:21 Q=5
2026-01-06 19:18:00,016 - INFO - [GINSLIB] processing : 2020/10/04 05:08:22 Q=5
2026-01-06 19:18:00,021 - INFO - [GINSLIB] processing : 2020/10/04 05:08:23 Q=5
2026-01-06 19:18:00,036 - INFO - [GINSLIB] processing : 2020/10/04 05:08:24 Q=5
2026-01-06 19:18:00,055 - INFO - [GINSLIB] processing : 2020/10/04 05:08:25 Q=5
2026-01-06 19:18:00,073 - INFO - [GINSLIB] processing : 2020/10/04 05:08:26 Q=5
2026-01-06 19:18:00,106 - INFO - [GINSLIB] processing : 2020/10/04 05:08:27 Q=5
2026-01-06 19:18:00,109 - INFO - [GINSLIB] processing : 2020/10/04 05:08:28 Q=5
2026-01-06 19:18:00,126 - INFO - [GINSLIB] processing : 2020/10/04 05:08:29 Q=5
2026-01-06 19:18:00,139 - INFO - [GINSLIB] processing : 2020/10/04 05:08:30 Q=5
2026-01-06 19:18:00,153 - INFO - [GINSLIB] processing : 2020/10/04 05:08:31 Q=5
2026-01-06 19:18:00,175 - INFO - [GINSLIB] processing : 2020/10/04 05:08:32 Q=5
2026-01-06 19:18:00,178 - INFO - [GINSLIB] processing : 2020/10/04 05:08:33 Q=5
2026-01-06 19:18:00,190 - INFO - [GINSLIB] processing : 2020/10/04 05:08:34 Q=5
2026-01-06 19:18:00,205 - INFO - [GINSLIB] processing : 2020/10/04 05:08:35 Q=5
2026-01-06 19:18:00,222 - INFO - [GINSLIB] processing : 2020/10/04 05:08:36 Q=5
2026-01-06 19:18:00,236 - INFO - [GINSLIB] processing : 2020/10/04 05:08:37 Q=5
2026-01-06 19:18:00,250 - INFO - [GINSLIB] processing : 2020/10/04 05:08:38 Q=5
2026-01-06 19:18:00,266 - INFO - [GINSLIB] processing : 2020/10/04 05:08:39 Q=5
2026-01-06 19:18:00,281 - INFO - [GINSLIB] processing : 2020/10/04 05:08:40 Q=5
2026-01-06 19:18:00,294 - INFO - [GINSLIB] processing : 2020/10/04 05:08:41 Q=5
2026-01-06 19:18:00,308 - INFO - [GINSLIB] processing : 2020/10/04 05:08:42 Q=5
2026-01-06 19:18:00,322 - INFO - [GINSLIB] processing : 2020/10/04 05:08:43 Q=5
2026-01-06 19:18:00,335 - INFO - [GINSLIB] processing : 2020/10/04 05:08:44 Q=5
2026-01-06 19:18:00,347 - INFO - [GINSLIB] processing : 2020/10/04 05:08:45 Q=5
2026-01-06 19:18:00,360 - INFO - [GINSLIB] processing : 2020/10/04 05:08:46 Q=5
2026-01-06 19:18:00,373 - INFO - [GINSLIB] processing : 2020/10/04 05:08:47 Q=5
2026-01-06 19:18:00,387 - INFO - [GINSLIB] processing : 2020/10/04 05:08:48 Q=5
2026-01-06 19:18:00,402 - INFO - [GINSLIB] processing : 2020/10/04 05:08:49 Q=5
2026-01-06 19:18:00,414 - INFO - [GINSLIB] processing : 2020/10/04 05:08:50 Q=5
2026-01-06 19:18:00,426 - INFO - [GINSLIB] processing : 2020/10/04 05:08:51 Q=5
2026-01-06 19:18:00,440 - INFO - [GINSLIB] processing : 2020/10/04 05:08:52 Q=5
2026-01-06 19:18:00,462 - INFO - [GINSLIB] processing : 2020/10/04 05:08:53 Q=5
2026-01-06 19:18:00,464 - INFO - [GINSLIB] processing : 2020/10/04 05:08:54 Q=5
2026-01-06 19:18:00,480 - INFO - [GINSLIB] processing : 2020/10/04 05:08:55 Q=5
2026-01-06 19:18:00,495 - INFO - [GINSLIB] processing : 2020/10/04 05:08:56 Q=5
2026-01-06 19:18:00,510 - INFO - [GINSLIB] processing : 2020/10/04 05:08:57 Q=5
2026-01-06 19:18:00,536 - INFO - [GINSLIB] processing : 2020/10/04 05:08:58 Q=5
2026-01-06 19:18:00,538 - INFO - [GINSLIB] processing : 2020/10/04 05:08:59 Q=5
2026-01-06 19:18:00,554 - INFO - [GINSLIB] processing : 2020/10/04 05:09:00 Q=5
2026-01-06 19:18:00,569 - INFO - [GINSLIB] processing : 2020/10/04 05:09:01 Q=5
2026-01-06 19:18:00,582 - INFO - [GINSLIB] processing : 2020/10/04 05:09:02 Q=5
2026-01-06 19:18:00,604 - INFO - [GINSLIB] processing : 2020/10/04 05:09:03 Q=5
2026-01-06 19:18:00,606 - INFO - [GINSLIB] processing : 2020/10/04 05:09:04 Q=5
2026-01-06 19:18:00,618 - INFO - [GINSLIB] processing : 2020/10/04 05:09:05 Q=5
2026-01-06 19:18:00,631 - INFO - [GINSLIB] processing : 2020/10/04 05:09:06 Q=5
2026-01-06 19:18:00,644 - INFO - [GINSLIB] processing : 2020/10/04 05:09:07 Q=5
2026-01-06 19:18:00,658 - INFO - [GINSLIB] processing : 2020/10/04 05:09:08 Q=5
2026-01-06 19:18:00,669 - INFO - [GINSLIB] processing : 2020/10/04 05:09:09 Q=5
2026-01-06 19:18:00,682 - INFO - [GINSLIB] processing : 2020/10/04 05:09:10 Q=5
2026-01-06 19:18:00,695 - INFO - [GINSLIB] processing : 2020/10/04 05:09:11 Q=5
2026-01-06 19:18:00,708 - INFO - [GINSLIB] processing : 2020/10/04 05:09:12 Q=5
2026-01-06 19:18:00,721 - INFO - [GINSLIB] processing : 2020/10/04 05:09:13 Q=5
2026-01-06 19:18:00,732 - INFO - [GINSLIB] processing : 2020/10/04 05:09:14 Q=5
2026-01-06 19:18:00,745 - INFO - [GINSLIB] processing : 2020/10/04 05:09:15 Q=5
2026-01-06 19:18:00,759 - INFO - [GINSLIB] processing : 2020/10/04 05:09:16 Q=5
2026-01-06 19:18:00,774 - INFO - [GINSLIB] processing : 2020/10/04 05:09:17 Q=5
2026-01-06 19:18:00,789 - INFO - [GINSLIB] processing : 2020/10/04 05:09:18 Q=5
2026-01-06 19:18:00,802 - INFO - [GINSLIB] processing : 2020/10/04 05:09:19 Q=5
2026-01-06 19:18:00,817 - INFO - [GINSLIB] processing : 2020/10/04 05:09:20 Q=5
2026-01-06 19:18:00,830 - INFO - [GINSLIB] processing : 2020/10/04 05:09:21 Q=5
2026-01-06 19:18:00,844 - INFO - [GINSLIB] processing : 2020/10/04 05:09:22 Q=5
2026-01-06 19:18:00,858 - INFO - [GINSLIB] processing : 2020/10/04 05:09:23 Q=5
2026-01-06 19:18:00,885 - INFO - [GINSLIB] processing : 2020/10/04 05:09:24 Q=5
2026-01-06 19:18:00,886 - INFO - [GINSLIB] processing : 2020/10/04 05:09:25 Q=5
2026-01-06 19:18:00,899 - INFO - [GINSLIB] processing : 2020/10/04 05:09:26 Q=5
2026-01-06 19:18:00,913 - INFO - [GINSLIB] processing : 2020/10/04 05:09:27 Q=5
2026-01-06 19:18:00,929 - INFO - [GINSLIB] processing : 2020/10/04 05:09:28 Q=5
2026-01-06 19:18:00,954 - INFO - [GINSLIB] processing : 2020/10/04 05:09:29 Q=5
2026-01-06 19:18:00,955 - INFO - [GINSLIB] processing : 2020/10/04 05:09:30 Q=5
2026-01-06 19:18:00,971 - INFO - [GINSLIB] processing : 2020/10/04 05:09:31 Q=5
2026-01-06 19:18:00,984 - INFO - [GINSLIB] processing : 2020/10/04 05:09:32 Q=5
2026-01-06 19:18:00,997 - INFO - [GINSLIB] processing : 2020/10/04 05:09:33 Q=5
2026-01-06 19:18:01,019 - INFO - [GINSLIB] processing : 2020/10/04 05:09:34 Q=5
2026-01-06 19:18:01,021 - INFO - [GINSLIB] processing : 2020/10/04 05:09:35 Q=5
2026-01-06 19:18:01,033 - INFO - [GINSLIB] processing : 2020/10/04 05:09:36 Q=5
2026-01-06 19:18:01,046 - INFO - [GINSLIB] processing : 2020/10/04 05:09:37 Q=5
2026-01-06 19:18:01,058 - INFO - [GINSLIB] processing : 2020/10/04 05:09:38 Q=5
2026-01-06 19:18:01,072 - INFO - [GINSLIB] processing : 2020/10/04 05:09:39 Q=5
2026-01-06 19:18:01,083 - INFO - [GINSLIB] processing : 2020/10/04 05:09:40 Q=5
2026-01-06 19:18:01,096 - INFO - [GINSLIB] processing : 2020/10/04 05:09:41 Q=5
2026-01-06 19:18:01,109 - INFO - [GINSLIB] processing : 2020/10/04 05:09:42 Q=5
2026-01-06 19:18:01,124 - INFO - [GINSLIB] processing : 2020/10/04 05:09:43 Q=5
2026-01-06 19:18:01,136 - INFO - [GINSLIB] processing : 2020/10/04 05:09:44 Q=5
2026-01-06 19:18:01,147 - INFO - [GINSLIB] processing : 2020/10/04 05:09:45 Q=5
2026-01-06 19:18:01,160 - INFO - [GINSLIB] processing : 2020/10/04 05:09:46 Q=5
2026-01-06 19:18:01,172 - INFO - [GINSLIB] processing : 2020/10/04 05:09:47 Q=5
2026-01-06 19:18:01,187 - INFO - [GINSLIB] processing : 2020/10/04 05:09:48 Q=5
2026-01-06 19:18:01,201 - INFO - [GINSLIB] processing : 2020/10/04 05:09:49 Q=5
2026-01-06 19:18:01,225 - INFO - [GINSLIB] processing : 2020/10/04 05:09:50 Q=5
2026-01-06 19:18:01,227 - INFO - [GINSLIB] processing : 2020/10/04 05:09:51 Q=5
2026-01-06 19:18:01,242 - INFO - [GINSLIB] processing : 2020/10/04 05:09:52 Q=5
2026-01-06 19:18:01,259 - INFO - [GINSLIB] processing : 2020/10/04 05:09:53 Q=5
2026-01-06 19:18:01,272 - INFO - [GINSLIB] processing : 2020/10/04 05:09:54 Q=5
2026-01-06 19:18:01,296 - INFO - [GINSLIB] processing : 2020/10/04 05:09:55 Q=5
2026-01-06 19:18:01,297 - INFO - [GINSLIB] processing : 2020/10/04 05:09:56 Q=5
2026-01-06 19:18:01,313 - INFO - [GINSLIB] processing : 2020/10/04 05:09:57 Q=5
2026-01-06 19:18:01,328 - INFO - [GINSLIB] processing : 2020/10/04 05:09:58 Q=5
2026-01-06 19:18:01,344 - INFO - [GINSLIB] processing : 2020/10/04 05:09:59 Q=5
2026-01-06 19:18:01,368 - INFO - [GINSLIB] processing : 2020/10/04 05:10:00 Q=5
2026-01-06 19:18:01,369 - INFO - [GINSLIB] processing : 2020/10/04 05:10:01 Q=5
2026-01-06 19:18:01,384 - INFO - [GINSLIB] processing : 2020/10/04 05:10:02 Q=5
2026-01-06 19:18:01,396 - INFO - [GINSLIB] processing : 2020/10/04 05:10:03 Q=5
2026-01-06 19:18:01,409 - INFO - [GINSLIB] processing : 2020/10/04 05:10:04 Q=5
2026-01-06 19:18:01,429 - INFO - [GINSLIB] processing : 2020/10/04 05:10:05 Q=5
2026-01-06 19:18:01,430 - INFO - [GINSLIB] processing : 2020/10/04 05:10:06 Q=5
2026-01-06 19:18:01,444 - INFO - [GINSLIB] processing : 2020/10/04 05:10:07 Q=5
2026-01-06 19:18:01,457 - INFO - [GINSLIB] processing : 2020/10/04 05:10:08 Q=5
2026-01-06 19:18:01,469 - INFO - [GINSLIB] processing : 2020/10/04 05:10:09 Q=5
2026-01-06 19:18:01,481 - INFO - [GINSLIB] processing : 2020/10/04 05:10:10 Q=5
2026-01-06 19:18:01,491 - INFO - [GINSLIB] processing : 2020/10/04 05:10:11 Q=5
2026-01-06 19:18:01,504 - INFO - [GINSLIB] processing : 2020/10/04 05:10:12 Q=5
2026-01-06 19:18:01,516 - INFO - [GINSLIB] processing : 2020/10/04 05:10:13 Q=5
2026-01-06 19:18:01,529 - INFO - [GINSLIB] processing : 2020/10/04 05:10:14 Q=5
2026-01-06 19:18:01,543 - INFO - [GINSLIB] processing : 2020/10/04 05:10:15 Q=5
2026-01-06 19:18:01,555 - INFO - [GINSLIB] processing : 2020/10/04 05:10:16 Q=5
2026-01-06 19:18:01,570 - INFO - [GINSLIB] processing : 2020/10/04 05:10:17 Q=5
2026-01-06 19:18:01,583 - INFO - [GINSLIB] processing : 2020/10/04 05:10:18 Q=5
2026-01-06 19:18:01,599 - INFO - [GINSLIB] processing : 2020/10/04 05:10:19 Q=5
2026-01-06 19:18:01,612 - INFO - [GINSLIB] processing : 2020/10/04 05:10:20 Q=5
2026-01-06 19:18:01,636 - INFO - [GINSLIB] processing : 2020/10/04 05:10:21 Q=5
2026-01-06 19:18:01,637 - INFO - [GINSLIB] processing : 2020/10/04 05:10:22 Q=5
2026-01-06 19:18:01,649 - INFO - [GINSLIB] processing : 2020/10/04 05:10:23 Q=5
2026-01-06 19:18:01,661 - INFO - [GINSLIB] processing : 2020/10/04 05:10:24 Q=5
2026-01-06 19:18:01,673 - INFO - [GINSLIB] processing : 2020/10/04 05:10:25 Q=5
2026-01-06 19:18:01,697 - INFO - [GINSLIB] processing : 2020/10/04 05:10:26 Q=5
2026-01-06 19:18:01,699 - INFO - [GINSLIB] processing : 2020/10/04 05:10:27 Q=5
2026-01-06 19:18:01,712 - INFO - [GINSLIB] processing : 2020/10/04 05:10:28 Q=5
2026-01-06 19:18:01,727 - INFO - [GINSLIB] processing : 2020/10/04 05:10:29 Q=5
2026-01-06 19:18:01,738 - INFO - [GINSLIB] processing : 2020/10/04 05:10:30 Q=5
2026-01-06 19:18:01,763 - INFO - [GINSLIB] processing : 2020/10/04 05:10:31 Q=5
2026-01-06 19:18:01,765 - INFO - [GINSLIB] processing : 2020/10/04 05:10:32 Q=5
2026-01-06 19:18:01,779 - INFO - [GINSLIB] processing : 2020/10/04 05:10:33 Q=5
2026-01-06 19:18:01,792 - INFO - [GINSLIB] processing : 2020/10/04 05:10:34 Q=5
2026-01-06 19:18:01,805 - INFO - [GINSLIB] processing : 2020/10/04 05:10:35 Q=5
2026-01-06 19:18:01,819 - INFO - [GINSLIB] processing : 2020/10/04 05:10:36 Q=5
2026-01-06 19:18:01,830 - INFO - [GINSLIB] processing : 2020/10/04 05:10:37 Q=5
2026-01-06 19:18:01,844 - INFO - [GINSLIB] processing : 2020/10/04 05:10:38 Q=5
2026-01-06 19:18:01,859 - INFO - [GINSLIB] processing : 2020/10/04 05:10:39 Q=5
2026-01-06 19:18:01,872 - INFO - [GINSLIB] processing : 2020/10/04 05:10:40 Q=5
2026-01-06 19:18:01,884 - INFO - [GINSLIB] processing : 2020/10/04 05:10:41 Q=5
2026-01-06 19:18:01,896 - INFO - [GINSLIB] processing : 2020/10/04 05:10:42 Q=5
2026-01-06 19:18:01,908 - INFO - [GINSLIB] processing : 2020/10/04 05:10:43 Q=5
2026-01-06 19:18:01,921 - INFO - [GINSLIB] processing : 2020/10/04 05:10:44 Q=5
2026-01-06 19:18:01,933 - INFO - [GINSLIB] processing : 2020/10/04 05:10:45 Q=5
2026-01-06 19:18:01,946 - INFO - [GINSLIB] processing : 2020/10/04 05:10:46 Q=5
2026-01-06 19:18:01,957 - INFO - [GINSLIB] processing : 2020/10/04 05:10:47 Q=5
2026-01-06 19:18:01,970 - INFO - [GINSLIB] processing : 2020/10/04 05:10:48 Q=5
2026-01-06 19:18:01,983 - INFO - [GINSLIB] processing : 2020/10/04 05:10:49 Q=5
2026-01-06 19:18:01,996 - INFO - [GINSLIB] processing : 2020/10/04 05:10:50 Q=5
2026-01-06 19:18:02,008 - INFO - [GINSLIB] processing : 2020/10/04 05:10:51 Q=5
2026-01-06 19:18:02,032 - INFO - [GINSLIB] processing : 2020/10/04 05:10:52 Q=5
2026-01-06 19:18:02,034 - INFO - [GINSLIB] processing : 2020/10/04 05:10:53 Q=5
2026-01-06 19:18:02,047 - INFO - [GINSLIB] processing : 2020/10/04 05:10:54 Q=5
2026-01-06 19:18:02,060 - INFO - [GINSLIB] processing : 2020/10/04 05:10:55 Q=5
2026-01-06 19:18:02,075 - INFO - [GINSLIB] processing : 2020/10/04 05:10:56 Q=5
2026-01-06 19:18:02,099 - INFO - [GINSLIB] processing : 2020/10/04 05:10:57 Q=5
2026-01-06 19:18:02,101 - INFO - [GINSLIB] processing : 2020/10/04 05:10:58 Q=5
2026-01-06 19:18:02,114 - INFO - [GINSLIB] processing : 2020/10/04 05:10:59 Q=5
2026-01-06 19:18:02,127 - INFO - [GINSLIB] processing : 2020/10/04 05:11:00 Q=5
2026-01-06 19:18:02,139 - INFO - [GINSLIB] processing : 2020/10/04 05:11:01 Q=5
2026-01-06 19:18:02,163 - INFO - [GINSLIB] processing : 2020/10/04 05:11:02 Q=5
2026-01-06 19:18:02,164 - INFO - [GINSLIB] processing : 2020/10/04 05:11:03 Q=5
2026-01-06 19:18:02,177 - INFO - [GINSLIB] processing : 2020/10/04 05:11:04 Q=5
2026-01-06 19:18:02,190 - INFO - [GINSLIB] processing : 2020/10/04 05:11:05 Q=5
2026-01-06 19:18:02,202 - INFO - [GINSLIB] processing : 2020/10/04 05:11:06 Q=5
2026-01-06 19:18:02,213 - INFO - [GINSLIB] processing : 2020/10/04 05:11:07 Q=5
2026-01-06 19:18:02,225 - INFO - [GINSLIB] processing : 2020/10/04 05:11:08 Q=5
2026-01-06 19:18:02,238 - INFO - [GINSLIB] processing : 2020/10/04 05:11:09 Q=5
2026-01-06 19:18:02,252 - INFO - [GINSLIB] processing : 2020/10/04 05:11:10 Q=5
2026-01-06 19:18:02,264 - INFO - [GINSLIB] processing : 2020/10/04 05:11:11 Q=5
2026-01-06 19:18:02,277 - INFO - [GINSLIB] processing : 2020/10/04 05:11:12 Q=5
2026-01-06 19:18:02,289 - INFO - [GINSLIB] processing : 2020/10/04 05:11:13 Q=5
2026-01-06 19:18:02,303 - INFO - [GINSLIB] processing : 2020/10/04 05:11:14 Q=5
2026-01-06 19:18:02,315 - INFO - [GINSLIB] processing : 2020/10/04 05:11:15 Q=5
2026-01-06 19:18:02,327 - INFO - [GINSLIB] processing : 2020/10/04 05:11:16 Q=5
2026-01-06 19:18:02,341 - INFO - [GINSLIB] processing : 2020/10/04 05:11:17 Q=5
2026-01-06 19:18:02,352 - INFO - [GINSLIB] processing : 2020/10/04 05:11:18 Q=5
2026-01-06 19:18:02,365 - INFO - [GINSLIB] processing : 2020/10/04 05:11:19 Q=5
2026-01-06 19:18:02,378 - INFO - [GINSLIB] processing : 2020/10/04 05:11:20 Q=5
2026-01-06 19:18:02,390 - INFO - [GINSLIB] processing : 2020/10/04 05:11:21 Q=5
2026-01-06 19:18:02,404 - INFO - [GINSLIB] processing : 2020/10/04 05:11:22 Q=5
2026-01-06 19:18:02,428 - INFO - [GINSLIB] processing : 2020/10/04 05:11:23 Q=5
2026-01-06 19:18:02,429 - INFO - [GINSLIB] processing : 2020/10/04 05:11:24 Q=5
2026-01-06 19:18:02,443 - INFO - [GINSLIB] processing : 2020/10/04 05:11:25 Q=5
2026-01-06 19:18:02,456 - INFO - [GINSLIB] processing : 2020/10/04 05:11:26 Q=5
2026-01-06 19:18:02,468 - INFO - [GINSLIB] processing : 2020/10/04 05:11:27 Q=5
2026-01-06 19:18:02,492 - INFO - [GINSLIB] processing : 2020/10/04 05:11:28 Q=5
2026-01-06 19:18:02,493 - INFO - [GINSLIB] processing : 2020/10/04 05:11:29 Q=5
2026-01-06 19:18:02,508 - INFO - [GINSLIB] processing : 2020/10/04 05:11:30 Q=5
2026-01-06 19:18:02,520 - INFO - [GINSLIB] processing : 2020/10/04 05:11:31 Q=5
2026-01-06 19:18:02,533 - INFO - [GINSLIB] processing : 2020/10/04 05:11:32 Q=5
2026-01-06 19:18:02,557 - INFO - [GINSLIB] processing : 2020/10/04 05:11:33 Q=5
2026-01-06 19:18:02,558 - INFO - [GINSLIB] processing : 2020/10/04 05:11:34 Q=5
2026-01-06 19:18:02,572 - INFO - [GINSLIB] processing : 2020/10/04 05:11:35 Q=5
2026-01-06 19:18:02,584 - INFO - [GINSLIB] processing : 2020/10/04 05:11:36 Q=5
2026-01-06 19:18:02,596 - INFO - [GINSLIB] processing : 2020/10/04 05:11:37 Q=5
2026-01-06 19:18:02,608 - INFO - [GINSLIB] processing : 2020/10/04 05:11:38 Q=5
2026-01-06 19:18:02,620 - INFO - [GINSLIB] processing : 2020/10/04 05:11:39 Q=5
2026-01-06 19:18:02,633 - INFO - [GINSLIB] processing : 2020/10/04 05:11:40 Q=5
2026-01-06 19:18:02,646 - INFO - [GINSLIB] processing : 2020/10/04 05:11:41 Q=5
2026-01-06 19:18:02,659 - INFO - [GINSLIB] processing : 2020/10/04 05:11:42 Q=5
2026-01-06 19:18:02,672 - INFO - [GINSLIB] processing : 2020/10/04 05:11:43 Q=5
2026-01-06 19:18:02,684 - INFO - [GINSLIB] processing : 2020/10/04 05:11:44 Q=5
2026-01-06 19:18:02,696 - INFO - [GINSLIB] processing : 2020/10/04 05:11:45 Q=5
2026-01-06 19:18:02,709 - INFO - [GINSLIB] processing : 2020/10/04 05:11:46 Q=5
2026-01-06 19:18:02,722 - INFO - [GINSLIB] processing : 2020/10/04 05:11:47 Q=5
2026-01-06 19:18:02,735 - INFO - [GINSLIB] processing : 2020/10/04 05:11:48 Q=5
2026-01-06 19:18:02,746 - INFO - [GINSLIB] processing : 2020/10/04 05:11:49 Q=5
2026-01-06 19:18:02,759 - INFO - [GINSLIB] processing : 2020/10/04 05:11:50 Q=5
2026-01-06 19:18:02,771 - INFO - [GINSLIB] processing : 2020/10/04 05:11:51 Q=5
2026-01-06 19:18:02,784 - INFO - [GINSLIB] processing : 2020/10/04 05:11:52 Q=5
2026-01-06 19:18:02,795 - INFO - [GINSLIB] processing : 2020/10/04 05:11:53 Q=5
2026-01-06 19:18:02,818 - INFO - [GINSLIB] processing : 2020/10/04 05:11:54 Q=5
2026-01-06 19:18:02,820 - INFO - [GINSLIB] processing : 2020/10/04 05:11:55 Q=5
2026-01-06 19:18:02,831 - INFO - [GINSLIB] processing : 2020/10/04 05:11:56 Q=5
2026-01-06 19:18:02,844 - INFO - [GINSLIB] processing : 2020/10/04 05:11:57 Q=5
2026-01-06 19:18:02,857 - INFO - [GINSLIB] processing : 2020/10/04 05:11:58 Q=5
2026-01-06 19:18:02,879 - INFO - [GINSLIB] processing : 2020/10/04 05:11:59 Q=5
2026-01-06 19:18:02,881 - INFO - [GINSLIB] processing : 2020/10/04 05:12:00 Q=5
2026-01-06 19:18:02,894 - INFO - [GINSLIB] processing : 2020/10/04 05:12:01 Q=5
2026-01-06 19:18:02,909 - INFO - [GINSLIB] processing : 2020/10/04 05:12:02 Q=5
2026-01-06 19:18:02,924 - INFO - [GINSLIB] processing : 2020/10/04 05:12:03 Q=5
2026-01-06 19:18:02,949 - INFO - [GINSLIB] processing : 2020/10/04 05:12:04 Q=5
2026-01-06 19:18:02,951 - INFO - [GINSLIB] processing : 2020/10/04 05:12:05 Q=5
2026-01-06 19:18:02,964 - INFO - [GINSLIB] processing : 2020/10/04 05:12:06 Q=5
2026-01-06 19:18:02,979 - INFO - [GINSLIB] processing : 2020/10/04 05:12:07 Q=5
2026-01-06 19:18:02,993 - INFO - [GINSLIB] processing : 2020/10/04 05:12:08 Q=5
2026-01-06 19:18:03,007 - INFO - [GINSLIB] processing : 2020/10/04 05:12:09 Q=5
2026-01-06 19:18:03,018 - INFO - [GINSLIB] processing : 2020/10/04 05:12:10 Q=5
2026-01-06 19:18:03,032 - INFO - [GINSLIB] processing : 2020/10/04 05:12:11 Q=5
2026-01-06 19:18:03,045 - INFO - [GINSLIB] processing : 2020/10/04 05:12:12 Q=5
2026-01-06 19:18:03,059 - INFO - [GINSLIB] processing : 2020/10/04 05:12:13 Q=5
2026-01-06 19:18:03,072 - INFO - [GINSLIB] processing : 2020/10/04 05:12:14 Q=5
2026-01-06 19:18:03,085 - INFO - [GINSLIB] processing : 2020/10/04 05:12:15 Q=5
2026-01-06 19:18:03,099 - INFO - [GINSLIB] processing : 2020/10/04 05:12:16 Q=5
2026-01-06 19:18:03,115 - INFO - [GINSLIB] processing : 2020/10/04 05:12:17 Q=5
2026-01-06 19:18:03,127 - INFO - [GINSLIB] processing : 2020/10/04 05:12:18 Q=5
2026-01-06 19:18:03,140 - INFO - [GINSLIB] processing : 2020/10/04 05:12:19 Q=5
2026-01-06 19:18:03,151 - INFO - [GINSLIB] processing : 2020/10/04 05:12:20 Q=5
2026-01-06 19:18:03,163 - INFO - [GINSLIB] processing : 2020/10/04 05:12:21 Q=5
2026-01-06 19:18:03,177 - INFO - [GINSLIB] processing : 2020/10/04 05:12:22 Q=5
2026-01-06 19:18:03,188 - INFO - [GINSLIB] processing : 2020/10/04 05:12:23 Q=5
2026-01-06 19:18:03,201 - INFO - [GINSLIB] processing : 2020/10/04 05:12:24 Q=5
2026-01-06 19:18:03,223 - INFO - [GINSLIB] processing : 2020/10/04 05:12:25 Q=5
2026-01-06 19:18:03,224 - INFO - [GINSLIB] processing : 2020/10/04 05:12:26 Q=5
2026-01-06 19:18:03,236 - INFO - [GINSLIB] processing : 2020/10/04 05:12:27 Q=5
2026-01-06 19:18:03,248 - INFO - [GINSLIB] processing : 2020/10/04 05:12:28 Q=5
2026-01-06 19:18:03,261 - INFO - [GINSLIB] processing : 2020/10/04 05:12:29 Q=5
2026-01-06 19:18:03,285 - INFO - [GINSLIB] processing : 2020/10/04 05:12:30 Q=5
2026-01-06 19:18:03,287 - INFO - [GINSLIB] processing : 2020/10/04 05:12:31 Q=5
2026-01-06 19:18:03,300 - INFO - [GINSLIB] processing : 2020/10/04 05:12:32 Q=5
2026-01-06 19:18:03,311 - INFO - [GINSLIB] processing : 2020/10/04 05:12:33 Q=5
2026-01-06 19:18:03,323 - INFO - [GINSLIB] processing : 2020/10/04 05:12:34 Q=5
2026-01-06 19:18:03,345 - INFO - [GINSLIB] processing : 2020/10/04 05:12:35 Q=5
2026-01-06 19:18:03,347 - INFO - [GINSLIB] processing : 2020/10/04 05:12:36 Q=5
2026-01-06 19:18:03,360 - INFO - [GINSLIB] processing : 2020/10/04 05:12:37 Q=5
2026-01-06 19:18:03,372 - INFO - [GINSLIB] processing : 2020/10/04 05:12:38 Q=5
2026-01-06 19:18:03,384 - INFO - [GINSLIB] processing : 2020/10/04 05:12:39 Q=5
2026-01-06 19:18:03,398 - INFO - [GINSLIB] processing : 2020/10/04 05:12:40 Q=5
2026-01-06 19:18:03,408 - INFO - [GINSLIB] processing : 2020/10/04 05:12:41 Q=5
2026-01-06 19:18:03,423 - INFO - [GINSLIB] processing : 2020/10/04 05:12:42 Q=5
2026-01-06 19:18:03,434 - INFO - [GINSLIB] processing : 2020/10/04 05:12:43 Q=5
2026-01-06 19:18:03,445 - INFO - [GINSLIB] processing : 2020/10/04 05:12:44 Q=5
2026-01-06 19:18:03,458 - INFO - [GINSLIB] processing : 2020/10/04 05:12:45 Q=5
2026-01-06 19:18:03,469 - INFO - [GINSLIB] processing : 2020/10/04 05:12:46 Q=5
2026-01-06 19:18:03,481 - INFO - [GINSLIB] processing : 2020/10/04 05:12:47 Q=5
2026-01-06 19:18:03,494 - INFO - [GINSLIB] processing : 2020/10/04 05:12:48 Q=5
2026-01-06 19:18:03,506 - INFO - [GINSLIB] processing : 2020/10/04 05:12:49 Q=5
2026-01-06 19:18:03,520 - INFO - [GINSLIB] processing : 2020/10/04 05:12:50 Q=5
2026-01-06 19:18:03,530 - INFO - [GINSLIB] processing : 2020/10/04 05:12:51 Q=5
2026-01-06 19:18:03,542 - INFO - [GINSLIB] processing : 2020/10/04 05:12:52 Q=5
2026-01-06 19:18:03,555 - INFO - [GINSLIB] processing : 2020/10/04 05:12:53 Q=5
2026-01-06 19:18:03,566 - INFO - [GINSLIB] processing : 2020/10/04 05:12:54 Q=5
2026-01-06 19:18:03,580 - INFO - [GINSLIB] processing : 2020/10/04 05:12:55 Q=5
2026-01-06 19:18:03,599 - INFO - [GINSLIB] processing : 2020/10/04 05:12:56 Q=5
2026-01-06 19:18:03,600 - INFO - [GINSLIB] processing : 2020/10/04 05:12:57 Q=5
2026-01-06 19:18:03,614 - INFO - [GINSLIB] processing : 2020/10/04 05:12:58 Q=5
2026-01-06 19:18:03,625 - INFO - [GINSLIB] processing : 2020/10/04 05:12:59 Q=5
2026-01-06 19:18:03,638 - INFO - [GINSLIB] processing : 2020/10/04 05:13:00 Q=5
2026-01-06 19:18:03,661 - INFO - [GINSLIB] processing : 2020/10/04 05:13:01 Q=5
2026-01-06 19:18:03,662 - INFO - [GINSLIB] processing : 2020/10/04 05:13:02 Q=5
2026-01-06 19:18:03,676 - INFO - [GINSLIB] processing : 2020/10/04 05:13:03 Q=5
2026-01-06 19:18:03,688 - INFO - [GINSLIB] processing : 2020/10/04 05:13:04 Q=5
2026-01-06 19:18:03,701 - INFO - [GINSLIB] processing : 2020/10/04 05:13:05 Q=5
2026-01-06 19:18:03,722 - INFO - [GINSLIB] processing : 2020/10/04 05:13:06 Q=5
2026-01-06 19:18:03,723 - INFO - [GINSLIB] processing : 2020/10/04 05:13:07 Q=5
2026-01-06 19:18:03,737 - INFO - [GINSLIB] processing : 2020/10/04 05:13:08 Q=5
2026-01-06 19:18:03,750 - INFO - [GINSLIB] processing : 2020/10/04 05:13:09 Q=5
2026-01-06 19:18:03,762 - INFO - [GINSLIB] processing : 2020/10/04 05:13:10 Q=5
2026-01-06 19:18:03,775 - INFO - [GINSLIB] processing : 2020/10/04 05:13:11 Q=5
2026-01-06 19:18:03,786 - INFO - [GINSLIB] processing : 2020/10/04 05:13:12 Q=5
2026-01-06 19:18:03,798 - INFO - [GINSLIB] processing : 2020/10/04 05:13:13 Q=5
2026-01-06 19:18:03,809 - INFO - [GINSLIB] processing : 2020/10/04 05:13:14 Q=5
2026-01-06 19:18:03,821 - INFO - [GINSLIB] processing : 2020/10/04 05:13:15 Q=5
2026-01-06 19:18:03,835 - INFO - [GINSLIB] processing : 2020/10/04 05:13:16 Q=5
2026-01-06 19:18:03,846 - INFO - [GINSLIB] processing : 2020/10/04 05:13:17 Q=5
2026-01-06 19:18:03,860 - INFO - [GINSLIB] processing : 2020/10/04 05:13:18 Q=5
2026-01-06 19:18:03,872 - INFO - [GINSLIB] processing : 2020/10/04 05:13:19 Q=5
2026-01-06 19:18:03,883 - INFO - [GINSLIB] processing : 2020/10/04 05:13:20 Q=5
2026-01-06 19:18:03,896 - INFO - [GINSLIB] processing : 2020/10/04 05:13:21 Q=5
2026-01-06 19:18:03,917 - INFO - [GINSLIB] processing : 2020/10/04 05:13:22 Q=5
2026-01-06 19:18:03,919 - INFO - [GINSLIB] processing : 2020/10/04 05:13:23 Q=5
2026-01-06 19:18:03,931 - INFO - [GINSLIB] processing : 2020/10/04 05:13:24 Q=5
2026-01-06 19:18:03,943 - INFO - [GINSLIB] processing : 2020/10/04 05:13:25 Q=5
2026-01-06 19:18:03,955 - INFO - [GINSLIB] processing : 2020/10/04 05:13:26 Q=5
2026-01-06 19:18:03,976 - INFO - [GINSLIB] processing : 2020/10/04 05:13:27 Q=5
2026-01-06 19:18:03,977 - INFO - [GINSLIB] processing : 2020/10/04 05:13:28 Q=5
2026-01-06 19:18:03,989 - INFO - [GINSLIB] processing : 2020/10/04 05:13:29 Q=5
2026-01-06 19:18:04,000 - INFO - [GINSLIB] processing : 2020/10/04 05:13:30 Q=5
2026-01-06 19:18:04,012 - INFO - [GINSLIB] processing : 2020/10/04 05:13:31 Q=5
2026-01-06 19:18:04,034 - INFO - [GINSLIB] processing : 2020/10/04 05:13:32 Q=5
2026-01-06 19:18:04,036 - INFO - [GINSLIB] processing : 2020/10/04 05:13:33 Q=5
2026-01-06 19:18:04,049 - INFO - [GINSLIB] processing : 2020/10/04 05:13:34 Q=5
2026-01-06 19:18:04,061 - INFO - [GINSLIB] processing : 2020/10/04 05:13:35 Q=5
2026-01-06 19:18:04,074 - INFO - [GINSLIB] processing : 2020/10/04 05:13:36 Q=5
2026-01-06 19:18:04,087 - INFO - [GINSLIB] processing : 2020/10/04 05:13:37 Q=5
2026-01-06 19:18:04,097 - INFO - [GINSLIB] processing : 2020/10/04 05:13:38 Q=5
2026-01-06 19:18:04,111 - INFO - [GINSLIB] processing : 2020/10/04 05:13:39 Q=5
2026-01-06 19:18:04,123 - INFO - [GINSLIB] processing : 2020/10/04 05:13:40 Q=5
2026-01-06 19:18:04,136 - INFO - [GINSLIB] processing : 2020/10/04 05:13:41 Q=5
2026-01-06 19:18:04,150 - INFO - [GINSLIB] processing : 2020/10/04 05:13:42 Q=5
2026-01-06 19:18:04,160 - INFO - [GINSLIB] processing : 2020/10/04 05:13:43 Q=5
2026-01-06 19:18:04,173 - INFO - [GINSLIB] processing : 2020/10/04 05:13:44 Q=5
2026-01-06 19:18:04,184 - INFO - [GINSLIB] processing : 2020/10/04 05:13:45 Q=5
2026-01-06 19:18:04,196 - INFO - [GINSLIB] processing : 2020/10/04 05:13:46 Q=5
2026-01-06 19:18:04,209 - INFO - [GINSLIB] processing : 2020/10/04 05:13:47 Q=5
2026-01-06 19:18:04,220 - INFO - [GINSLIB] processing : 2020/10/04 05:13:48 Q=5
2026-01-06 19:18:04,234 - INFO - [GINSLIB] processing : 2020/10/04 05:13:49 Q=5
2026-01-06 19:18:04,246 - INFO - [GINSLIB] processing : 2020/10/04 05:13:50 Q=5
2026-01-06 19:18:04,259 - INFO - [GINSLIB] processing : 2020/10/04 05:13:51 Q=5
2026-01-06 19:18:04,273 - INFO - [GINSLIB] processing : 2020/10/04 05:13:52 Q=5
2026-01-06 19:18:04,296 - INFO - [GINSLIB] processing : 2020/10/04 05:13:53 Q=5
2026-01-06 19:18:04,297 - INFO - [GINSLIB] processing : 2020/10/04 05:13:54 Q=5
2026-01-06 19:18:04,310 - INFO - [GINSLIB] processing : 2020/10/04 05:13:55 Q=5
2026-01-06 19:18:04,322 - INFO - [GINSLIB] processing : 2020/10/04 05:13:56 Q=5
2026-01-06 19:18:04,334 - INFO - [GINSLIB] processing : 2020/10/04 05:13:57 Q=5
2026-01-06 19:18:04,356 - INFO - [GINSLIB] processing : 2020/10/04 05:13:58 Q=5
2026-01-06 19:18:04,358 - INFO - [GINSLIB] processing : 2020/10/04 05:13:59 Q=5
2026-01-06 19:18:04,372 - INFO - [GINSLIB] processing : 2020/10/04 05:14:00 Q=5
2026-01-06 19:18:04,389 - INFO - [GINSLIB] processing : 2020/10/04 05:14:01 Q=5
2026-01-06 19:18:04,403 - INFO - [GINSLIB] processing : 2020/10/04 05:14:02 Q=5
2026-01-06 19:18:04,427 - INFO - [GINSLIB] processing : 2020/10/04 05:14:03 Q=5
2026-01-06 19:18:04,429 - INFO - [GINSLIB] processing : 2020/10/04 05:14:04 Q=5
2026-01-06 19:18:04,443 - INFO - [GINSLIB] processing : 2020/10/04 05:14:05 Q=5
2026-01-06 19:18:04,455 - INFO - [GINSLIB] processing : 2020/10/04 05:14:06 Q=5
2026-01-06 19:18:04,469 - INFO - [GINSLIB] processing : 2020/10/04 05:14:07 Q=5
2026-01-06 19:18:04,484 - INFO - [GINSLIB] processing : 2020/10/04 05:14:08 Q=5
2026-01-06 19:18:04,495 - INFO - [GINSLIB] processing : 2020/10/04 05:14:09 Q=5
2026-01-06 19:18:04,508 - INFO - [GINSLIB] processing : 2020/10/04 05:14:10 Q=5
2026-01-06 19:18:04,522 - INFO - [GINSLIB] processing : 2020/10/04 05:14:11 Q=5
2026-01-06 19:18:04,534 - INFO - [GINSLIB] processing : 2020/10/04 05:14:12 Q=5
2026-01-06 19:18:04,547 - INFO - [GINSLIB] processing : 2020/10/04 05:14:13 Q=5
2026-01-06 19:18:04,559 - INFO - [GINSLIB] processing : 2020/10/04 05:14:14 Q=5
2026-01-06 19:18:04,573 - INFO - [GINSLIB] processing : 2020/10/04 05:14:15 Q=5
2026-01-06 19:18:04,587 - INFO - [GINSLIB] processing : 2020/10/04 05:14:16 Q=5
2026-01-06 19:18:04,599 - INFO - [GINSLIB] processing : 2020/10/04 05:14:17 Q=5
2026-01-06 19:18:04,611 - INFO - [GINSLIB] processing : 2020/10/04 05:14:18 Q=5
2026-01-06 19:18:04,621 - INFO - [GINSLIB] processing : 2020/10/04 05:14:19 Q=5
2026-01-06 19:18:04,634 - INFO - [GINSLIB] processing : 2020/10/04 05:14:20 Q=5
2026-01-06 19:18:04,646 - INFO - [GINSLIB] processing : 2020/10/04 05:14:21 Q=5
2026-01-06 19:18:04,660 - INFO - [GINSLIB] processing : 2020/10/04 05:14:22 Q=5
2026-01-06 19:18:04,674 - INFO - [GINSLIB] processing : 2020/10/04 05:14:23 Q=5
2026-01-06 19:18:04,696 - INFO - [GINSLIB] processing : 2020/10/04 05:14:24 Q=5
2026-01-06 19:18:04,697 - INFO - [GINSLIB] processing : 2020/10/04 05:14:25 Q=5
2026-01-06 19:18:04,710 - INFO - [GINSLIB] processing : 2020/10/04 05:14:26 Q=5
2026-01-06 19:18:04,720 - INFO - [GINSLIB] processing : 2020/10/04 05:14:27 Q=5
2026-01-06 19:18:04,733 - INFO - [GINSLIB] processing : 2020/10/04 05:14:28 Q=5
2026-01-06 19:18:04,755 - INFO - [GINSLIB] processing : 2020/10/04 05:14:29 Q=5
2026-01-06 19:18:04,757 - INFO - [GINSLIB] processing : 2020/10/04 05:14:30 Q=5
2026-01-06 19:18:04,769 - INFO - [GINSLIB] processing : 2020/10/04 05:14:31 Q=5
2026-01-06 19:18:04,781 - INFO - [GINSLIB] processing : 2020/10/04 05:14:32 Q=5
2026-01-06 19:18:04,794 - INFO - [GINSLIB] processing : 2020/10/04 05:14:33 Q=5
2026-01-06 19:18:04,817 - INFO - [GINSLIB] processing : 2020/10/04 05:14:34 Q=5
2026-01-06 19:18:04,819 - INFO - [GINSLIB] processing : 2020/10/04 05:14:35 Q=5
2026-01-06 19:18:04,832 - INFO - [GINSLIB] processing : 2020/10/04 05:14:36 Q=5
2026-01-06 19:18:04,844 - INFO - [GINSLIB] processing : 2020/10/04 05:14:37 Q=5
2026-01-06 19:18:04,856 - INFO - [GINSLIB] processing : 2020/10/04 05:14:38 Q=5
2026-01-06 19:18:04,870 - INFO - [GINSLIB] processing : 2020/10/04 05:14:39 Q=5
2026-01-06 19:18:04,880 - INFO - [GINSLIB] processing : 2020/10/04 05:14:40 Q=5
2026-01-06 19:18:04,893 - INFO - [GINSLIB] processing : 2020/10/04 05:14:41 Q=5
2026-01-06 19:18:04,906 - INFO - [GINSLIB] processing : 2020/10/04 05:14:42 Q=5
2026-01-06 19:18:04,919 - INFO - [GINSLIB] processing : 2020/10/04 05:14:43 Q=5
2026-01-06 19:18:04,931 - INFO - [GINSLIB] processing : 2020/10/04 05:14:44 Q=5
2026-01-06 19:18:04,942 - INFO - [GINSLIB] processing : 2020/10/04 05:14:45 Q=5
2026-01-06 19:18:04,954 - INFO - [GINSLIB] processing : 2020/10/04 05:14:46 Q=5
2026-01-06 19:18:04,968 - INFO - [GINSLIB] processing : 2020/10/04 05:14:47 Q=5
2026-01-06 19:18:04,979 - INFO - [GINSLIB] processing : 2020/10/04 05:14:48 Q=5
2026-01-06 19:18:04,991 - INFO - [GINSLIB] processing : 2020/10/04 05:14:49 Q=5
2026-01-06 19:18:05,001 - INFO - [GINSLIB] processing : 2020/10/04 05:14:50 Q=5
2026-01-06 19:18:05,014 - INFO - [GINSLIB] processing : 2020/10/04 05:14:51 Q=5
2026-01-06 19:18:05,028 - INFO - [GINSLIB] processing : 2020/10/04 05:14:52 Q=5
2026-01-06 19:18:05,040 - INFO - [GINSLIB] processing : 2020/10/04 05:14:53 Q=5
2026-01-06 19:18:05,052 - INFO - [GINSLIB] processing : 2020/10/04 05:14:54 Q=5
2026-01-06 19:18:05,076 - INFO - [GINSLIB] processing : 2020/10/04 05:14:55 Q=5
2026-01-06 19:18:05,077 - INFO - [GINSLIB] processing : 2020/10/04 05:14:56 Q=5
2026-01-06 19:18:05,090 - INFO - [GINSLIB] processing : 2020/10/04 05:14:57 Q=5
2026-01-06 19:18:05,102 - INFO - [GINSLIB] processing : 2020/10/04 05:14:58 Q=5
2026-01-06 19:18:05,114 - INFO - [GINSLIB] processing : 2020/10/04 05:14:59 Q=5
2026-01-06 19:18:05,137 - INFO - [GINSLIB] processing : 2020/10/04 05:15:00 Q=5
2026-01-06 19:18:05,138 - INFO - [GINSLIB] processing : 2020/10/04 05:15:01 Q=5
2026-01-06 19:18:05,151 - INFO - [GINSLIB] processing : 2020/10/04 05:15:02 Q=5
2026-01-06 19:18:05,163 - INFO - [GINSLIB] processing : 2020/10/04 05:15:03 Q=5
2026-01-06 19:18:05,177 - INFO - [GINSLIB] processing : 2020/10/04 05:15:04 Q=5
2026-01-06 19:18:05,199 - INFO - [GINSLIB] processing : 2020/10/04 05:15:05 Q=5
2026-01-06 19:18:05,200 - INFO - [GINSLIB] processing : 2020/10/04 05:15:06 Q=5
2026-01-06 19:18:05,213 - INFO - [GINSLIB] processing : 2020/10/04 05:15:07 Q=5
2026-01-06 19:18:05,225 - INFO - [GINSLIB] processing : 2020/10/04 05:15:08 Q=5
2026-01-06 19:18:05,238 - INFO - [GINSLIB] processing : 2020/10/04 05:15:09 Q=5
2026-01-06 19:18:05,251 - INFO - [GINSLIB] processing : 2020/10/04 05:15:10 Q=5
2026-01-06 19:18:05,263 - INFO - [GINSLIB] processing : 2020/10/04 05:15:11 Q=5
2026-01-06 19:18:05,277 - INFO - [GINSLIB] processing : 2020/10/04 05:15:12 Q=5
2026-01-06 19:18:05,289 - INFO - [GINSLIB] processing : 2020/10/04 05:15:13 Q=5
2026-01-06 19:18:05,302 - INFO - [GINSLIB] processing : 2020/10/04 05:15:14 Q=5
2026-01-06 19:18:05,313 - INFO - [GINSLIB] processing : 2020/10/04 05:15:15 Q=5
2026-01-06 19:18:05,325 - INFO - [GINSLIB] processing : 2020/10/04 05:15:16 Q=5
2026-01-06 19:18:05,338 - INFO - [GINSLIB] processing : 2020/10/04 05:15:17 Q=5
2026-01-06 19:18:05,351 - INFO - [GINSLIB] processing : 2020/10/04 05:15:18 Q=5
2026-01-06 19:18:05,363 - INFO - [GINSLIB] processing : 2020/10/04 05:15:19 Q=5
2026-01-06 19:18:05,376 - INFO - [GINSLIB] processing : 2020/10/04 05:15:20 Q=5
2026-01-06 19:18:05,388 - INFO - [GINSLIB] processing : 2020/10/04 05:15:21 Q=5
2026-01-06 19:18:05,401 - INFO - [GINSLIB] processing : 2020/10/04 05:15:22 Q=5
2026-01-06 19:18:05,412 - INFO - [GINSLIB] processing : 2020/10/04 05:15:23 Q=5
2026-01-06 19:18:05,425 - INFO - [GINSLIB] processing : 2020/10/04 05:15:24 Q=5
2026-01-06 19:18:05,438 - INFO - [GINSLIB] processing : 2020/10/04 05:15:25 Q=5
2026-01-06 19:18:05,459 - INFO - [GINSLIB] processing : 2020/10/04 05:15:26 Q=5
2026-01-06 19:18:05,461 - INFO - [GINSLIB] processing : 2020/10/04 05:15:27 Q=5
2026-01-06 19:18:05,472 - INFO - [GINSLIB] processing : 2020/10/04 05:15:28 Q=5
2026-01-06 19:18:05,484 - INFO - [GINSLIB] processing : 2020/10/04 05:15:29 Q=5
2026-01-06 19:18:05,496 - INFO - [GINSLIB] processing : 2020/10/04 05:15:30 Q=5
2026-01-06 19:18:05,517 - INFO - [GINSLIB] processing : 2020/10/04 05:15:31 Q=5
2026-01-06 19:18:05,518 - INFO - [GINSLIB] processing : 2020/10/04 05:15:32 Q=5
2026-01-06 19:18:05,532 - INFO - [GINSLIB] processing : 2020/10/04 05:15:33 Q=5
2026-01-06 19:18:05,545 - INFO - [GINSLIB] processing : 2020/10/04 05:15:34 Q=5
2026-01-06 19:18:05,557 - INFO - [GINSLIB] processing : 2020/10/04 05:15:35 Q=5
2026-01-06 19:18:05,578 - INFO - [GINSLIB] processing : 2020/10/04 05:15:36 Q=5
2026-01-06 19:18:05,580 - INFO - [GINSLIB] processing : 2020/10/04 05:15:37 Q=5
2026-01-06 19:18:05,593 - INFO - [GINSLIB] processing : 2020/10/04 05:15:38 Q=5
2026-01-06 19:18:05,606 - INFO - [GINSLIB] processing : 2020/10/04 05:15:39 Q=5
2026-01-06 19:18:05,618 - INFO - [GINSLIB] processing : 2020/10/04 05:15:40 Q=5
2026-01-06 19:18:05,629 - INFO - [GINSLIB] processing : 2020/10/04 05:15:41 Q=5
2026-01-06 19:18:05,640 - INFO - [GINSLIB] processing : 2020/10/04 05:15:42 Q=5
2026-01-06 19:18:05,652 - INFO - [GINSLIB] processing : 2020/10/04 05:15:43 Q=5
2026-01-06 19:18:05,664 - INFO - [GINSLIB] processing : 2020/10/04 05:15:44 Q=5
2026-01-06 19:18:05,675 - INFO - [GINSLIB] processing : 2020/10/04 05:15:45 Q=5
2026-01-06 19:18:05,687 - INFO - [GINSLIB] processing : 2020/10/04 05:15:46 Q=5
2026-01-06 19:18:05,698 - INFO - [GINSLIB] processing : 2020/10/04 05:15:47 Q=5
2026-01-06 19:18:05,710 - INFO - [GINSLIB] processing : 2020/10/04 05:15:48 Q=5
2026-01-06 19:18:05,722 - INFO - [GINSLIB] processing : 2020/10/04 05:15:49 Q=5
2026-01-06 19:18:05,734 - INFO - [GINSLIB] processing : 2020/10/04 05:15:50 Q=5
2026-01-06 19:18:05,762 - INFO - [GINSLIB] Total processing time of program: 105.744000 sec!
2026-01-06 19:18:06,460 - INFO - ✓ INS_Railway_open_20201004 SPP LC 执行成功
2026-01-06 19:18:06,462 - INFO - 开始误差分析
2026-01-06 19:18:06,462 - INFO - - 结果文件: G:\Navigation_Learn\GNSS\RTKLIB-b34k\data\GNSS_INS\INS_Railway_open_20201004\result\INS_Railway_open_20201004_SPP_F_LC.pos
2026-01-06 19:18:06,462 - INFO - - 参考文件: G:\Navigation_Learn\GNSS\RTKLIB-b34k\data\GNSS_INS\INS_Railway_open_20201004\truth.truth
2026-01-06 19:18:06,464 - INFO - ============================================================
2026-01-06 19:18:06,464 - INFO - 开始处理: INS_Railway_open_20201004
2026-01-06 19:18:06,464 - INFO - 处理模式: SPP LC
2026-01-06 19:18:06,464 - INFO - ============================================================
2026-01-06 19:18:06,464 - INFO - GNSS/INS模式，绘制IMU零偏和位置、速度、姿态误差
2026-01-06 19:18:06,541 - INFO - ✓ 结果文件数据读取成功 G:\Navigation_Learn\GNSS\RTKLIB-b34k\data\GNSS_INS\INS_Railway_open_20201004\result\INS_Railway_open_20201004_SPP_F_LC.pos
2026-01-06 19:18:06,588 - INFO - ✓ 参考文件数据读取成功 G:\Navigation_Learn\GNSS\RTKLIB-b34k\data\GNSS_INS\INS_Railway_open_20201004\truth.truth
2026-01-06 19:18:06,589 - INFO - 绘制IMU零偏图...
2026-01-06 19:18:10,028 - INFO - 位置误差RMS: E=27.1744m, N=9.2438m, U=12.7480m, 3D=31.4072m
2026-01-06 19:18:10,029 - INFO - 速度误差RMS: E=4.0584m/s, N=1.2344m/s, U=1.5025m/s, 3D=4.5002m/s
2026-01-06 19:18:10,029 - INFO - 姿态误差RMS: Pitch=13.0317°, Roll=4.1229°, Yaw=32.5915°
2026-01-06 19:18:10,309 - INFO - ✓ 保存图像: G:\Navigation_Learn\GNSS\RTKLIB-b34k\batch_process\figure\INS_Railway_open_20201004\INS_Railway_open_20201004_SPP_F_LC_bg.png
2026-01-06 19:18:10,591 - INFO - ✓ 保存图像: G:\Navigation_Learn\GNSS\RTKLIB-b34k\batch_process\figure\INS_Railway_open_20201004\INS_Railway_open_20201004_SPP_F_LC_ba.png
2026-01-06 19:18:10,901 - INFO - ✓ 保存图像: G:\Navigation_Learn\GNSS\RTKLIB-b34k\batch_process\figure\INS_Railway_open_20201004\INS_Railway_open_20201004_SPP_F_LC_pos.png
2026-01-06 19:18:11,229 - INFO - ✓ 保存图像: G:\Navigation_Learn\GNSS\RTKLIB-b34k\batch_process\figure\INS_Railway_open_20201004\INS_Railway_open_20201004_SPP_F_LC_vel.png
2026-01-06 19:18:11,587 - INFO - ✓ 保存图像: G:\Navigation_Learn\GNSS\RTKLIB-b34k\batch_process\figure\INS_Railway_open_20201004\INS_Railway_open_20201004_SPP_F_LC_att.png
2026-01-06 19:18:11,596 - INFO - ✓ 所有图像已保存到 G:\Navigation_Learn\GNSS\RTKLIB-b34k\batch_process\figure\INS_Railway_open_20201004
2026-01-06 19:18:11,596 - INFO - ✓ 误差分析完成: INS_Railway_open_20201004_SPP_F_LC.pos
2026-01-06 19:18:12,342 - INFO - ✓ 误差统计结果保存到Excel文件: G:\Navigation_Learn\GNSS\RTKLIB-b34k\batch_process\excel\error_stats_SPP LC_20260106_191811.xlsx
2026-01-06 19:18:12,342 - INFO - 27 个批处理任务结束。
2026-01-06 19:18:12,343 - INFO - 总共耗费时间: 112.36 秒 (1.87 分钟)
2026-01-06 19:18:12,343 - INFO - 日志文件保存路径: G:\Navigation_Learn\GNSS\RTKLIB-b34k\batch_process\log\batch_process_20260106_191619.log
