2026-01-07 14:43:26,504 - INFO - 日志文件保存位置: G:\Navigation_Learn\GNSS\RTKLIB-b34k\batch_process\log\batch_process_20260107_144326.log
2026-01-07 14:43:26,513 - INFO - 批处理任务开始执行
2026-01-07 14:43:26,513 - INFO - 当前工作目录 (Data Root): G:\Navigation_Learn\GNSS\RTKLIB-b34k\data\GNSS_INS
2026-01-07 14:43:26,513 - INFO - 解算程序路径 (EXE Path):  G:\Navigation_Learn\GNSS\RTKLIB-b34k\build\Bin\GINSLIB.exe
2026-01-07 14:43:26,513 - INFO - ------------------------------------------------------------
2026-01-07 14:43:26,514 - INFO - 共 41 个数据任务，开始批处理...
2026-01-07 14:43:26,514 - INFO - 第 37 个任务: MG300_Uav_open_20220524
2026-01-07 14:43:26,515 - INFO - - 路径: G:\Navigation_Learn\GNSS\RTKLIB-b34k\data\GNSS_INS\MG300_Uav_open_20220524
2026-01-07 14:43:26,515 - INFO - - 配置: MG300_Uav_open_20220524.conf
2026-01-07 14:43:30,660 - INFO - [GINSLIB] processing : 2022/05/24 03:58:47 Q=0
2026-01-07 14:43:30,661 - INFO - [GINSLIB] processing : 2022/05/24 03:58:47 Q=5
2026-01-07 14:43:30,661 - INFO - [GINSLIB] processing : 2022/05/24 03:58:48 Q=5
2026-01-07 14:43:30,661 - INFO - [GINSLIB] processing : 2022/05/24 03:58:49 Q=5
2026-01-07 14:43:30,661 - INFO - [GINSLIB] processing : 2022/05/24 03:58:50 Q=5
2026-01-07 14:43:30,661 - INFO - [GINSLIB] processing : 2022/05/24 03:58:51 Q=5
2026-01-07 14:43:30,661 - INFO - [GINSLIB] processing : 2022/05/24 03:58:52 Q=5
2026-01-07 14:43:30,661 - INFO - [GINSLIB] processing : 2022/05/24 03:58:53 Q=5
2026-01-07 14:43:30,661 - INFO - [GINSLIB] processing : 2022/05/24 03:58:54 Q=5
2026-01-07 14:43:30,661 - INFO - [GINSLIB] processing : 2022/05/24 03:58:55 Q=5
2026-01-07 14:43:30,661 - INFO - [GINSLIB] processing : 2022/05/24 03:58:56 Q=5
2026-01-07 14:43:30,661 - INFO - [GINSLIB] processing : 2022/05/24 03:58:57 Q=5
2026-01-07 14:43:30,661 - INFO - [GINSLIB] processing : 2022/05/24 03:58:58 Q=5
2026-01-07 14:43:30,662 - INFO - [GINSLIB] processing : 2022/05/24 03:58:59 Q=5
2026-01-07 14:43:30,662 - INFO - [GINSLIB] processing : 2022/05/24 03:59:00 Q=5
2026-01-07 14:43:30,662 - INFO - [GINSLIB] processing : 2022/05/24 03:59:01 Q=5
2026-01-07 14:43:30,662 - INFO - [GINSLIB] processing : 2022/05/24 03:59:02 Q=5
2026-01-07 14:43:30,662 - INFO - [GINSLIB] processing : 2022/05/24 03:59:03 Q=5
2026-01-07 14:43:30,662 - INFO - [GINSLIB] processing : 2022/05/24 03:59:04 Q=5
2026-01-07 14:43:30,662 - INFO - [GINSLIB] processing : 2022/05/24 03:59:05 Q=5
2026-01-07 14:43:30,662 - INFO - [GINSLIB] processing : 2022/05/24 03:59:06 Q=5
2026-01-07 14:43:30,662 - INFO - [GINSLIB] processing : 2022/05/24 03:59:07 Q=5
2026-01-07 14:43:30,662 - INFO - [GINSLIB] processing : 2022/05/24 03:59:08 Q=5
2026-01-07 14:43:30,662 - INFO - [GINSLIB] processing : 2022/05/24 03:59:09 Q=5
2026-01-07 14:43:30,760 - INFO - [GINSLIB] processing : 2022/05/24 03:59:10 Q=5
2026-01-07 14:43:30,761 - INFO - [GINSLIB] processing : 2022/05/24 03:59:11 Q=5
2026-01-07 14:43:30,761 - INFO - [GINSLIB] processing : 2022/05/24 03:59:12 Q=5
2026-01-07 14:43:30,761 - INFO - [GINSLIB] processing : 2022/05/24 03:59:13 Q=5
2026-01-07 14:43:30,761 - INFO - [GINSLIB] processing : 2022/05/24 03:59:14 Q=5
2026-01-07 14:43:30,761 - INFO - [GINSLIB] processing : 2022/05/24 03:59:15 Q=5
2026-01-07 14:43:30,761 - INFO - [GINSLIB] processing : 2022/05/24 03:59:16 Q=5
2026-01-07 14:43:30,761 - INFO - [GINSLIB] processing : 2022/05/24 03:59:17 Q=5
2026-01-07 14:43:30,762 - INFO - [GINSLIB] processing : 2022/05/24 03:59:18 Q=5
2026-01-07 14:43:30,762 - INFO - [GINSLIB] processing : 2022/05/24 03:59:19 Q=5
2026-01-07 14:43:30,762 - INFO - [GINSLIB] processing : 2022/05/24 03:59:20 Q=5
2026-01-07 14:43:30,762 - INFO - [GINSLIB] processing : 2022/05/24 03:59:21 Q=5
2026-01-07 14:43:30,762 - INFO - [GINSLIB] processing : 2022/05/24 03:59:22 Q=5
2026-01-07 14:43:30,763 - INFO - [GINSLIB] processing : 2022/05/24 03:59:23 Q=5
2026-01-07 14:43:30,763 - INFO - [GINSLIB] processing : 2022/05/24 03:59:24 Q=5
2026-01-07 14:43:30,763 - INFO - [GINSLIB] processing : 2022/05/24 03:59:25 Q=5
2026-01-07 14:43:30,763 - INFO - [GINSLIB] processing : 2022/05/24 03:59:26 Q=5
2026-01-07 14:43:30,763 - INFO - [GINSLIB] processing : 2022/05/24 03:59:27 Q=5
2026-01-07 14:43:30,763 - INFO - [GINSLIB] processing : 2022/05/24 03:59:28 Q=5
2026-01-07 14:43:30,764 - INFO - [GINSLIB] processing : 2022/05/24 03:59:29 Q=5
2026-01-07 14:43:30,764 - INFO - [GINSLIB] processing : 2022/05/24 03:59:30 Q=5
2026-01-07 14:43:30,764 - INFO - [GINSLIB] processing : 2022/05/24 03:59:31 Q=5
2026-01-07 14:43:30,857 - INFO - [GINSLIB] processing : 2022/05/24 03:59:32 Q=5
2026-01-07 14:43:30,857 - INFO - [GINSLIB] processing : 2022/05/24 03:59:33 Q=5
2026-01-07 14:43:30,858 - INFO - [GINSLIB] processing : 2022/05/24 03:59:34 Q=5
2026-01-07 14:43:30,858 - INFO - [GINSLIB] processing : 2022/05/24 03:59:35 Q=5
2026-01-07 14:43:30,858 - INFO - [GINSLIB] processing : 2022/05/24 03:59:36 Q=5
2026-01-07 14:43:30,858 - INFO - [GINSLIB] processing : 2022/05/24 03:59:37 Q=5
2026-01-07 14:43:30,858 - INFO - [GINSLIB] processing : 2022/05/24 03:59:38 Q=5
2026-01-07 14:43:30,858 - INFO - [GINSLIB] processing : 2022/05/24 03:59:39 Q=5
2026-01-07 14:43:30,858 - INFO - [GINSLIB] processing : 2022/05/24 03:59:40 Q=5
2026-01-07 14:43:30,858 - INFO - [GINSLIB] processing : 2022/05/24 03:59:41 Q=5
2026-01-07 14:43:30,859 - INFO - [GINSLIB] processing : 2022/05/24 03:59:42 Q=5
2026-01-07 14:43:30,859 - INFO - [GINSLIB] processing : 2022/05/24 03:59:43 Q=5
2026-01-07 14:43:30,859 - INFO - [GINSLIB] processing : 2022/05/24 03:59:44 Q=5
2026-01-07 14:43:30,859 - INFO - [GINSLIB] processing : 2022/05/24 03:59:45 Q=5
2026-01-07 14:43:30,859 - INFO - [GINSLIB] processing : 2022/05/24 03:59:46 Q=5
2026-01-07 14:43:30,859 - INFO - [GINSLIB] processing : 2022/05/24 03:59:47 Q=5
2026-01-07 14:43:30,859 - INFO - [GINSLIB] processing : 2022/05/24 03:59:48 Q=5
2026-01-07 14:43:30,859 - INFO - [GINSLIB] processing : 2022/05/24 03:59:49 Q=5
2026-01-07 14:43:30,859 - INFO - [GINSLIB] processing : 2022/05/24 03:59:50 Q=5
2026-01-07 14:43:30,859 - INFO - [GINSLIB] processing : 2022/05/24 03:59:51 Q=5
2026-01-07 14:43:30,859 - INFO - [GINSLIB] processing : 2022/05/24 03:59:52 Q=5
2026-01-07 14:43:30,859 - INFO - [GINSLIB] processing : 2022/05/24 03:59:53 Q=5
2026-01-07 14:43:30,948 - INFO - [GINSLIB] processing : 2022/05/24 03:59:54 Q=5
2026-01-07 14:43:30,948 - INFO - [GINSLIB] processing : 2022/05/24 03:59:55 Q=5
2026-01-07 14:43:30,948 - INFO - [GINSLIB] processing : 2022/05/24 03:59:56 Q=5
2026-01-07 14:43:30,948 - INFO - [GINSLIB] processing : 2022/05/24 03:59:57 Q=5
2026-01-07 14:43:30,948 - INFO - [GINSLIB] processing : 2022/05/24 03:59:58 Q=5
2026-01-07 14:43:30,948 - INFO - [GINSLIB] processing : 2022/05/24 03:59:59 Q=5
2026-01-07 14:43:30,949 - INFO - [GINSLIB] processing : 2022/05/24 04:00:00 Q=5
2026-01-07 14:43:30,949 - INFO - [GINSLIB] processing : 2022/05/24 04:00:01 Q=5
2026-01-07 14:43:30,949 - INFO - [GINSLIB] processing : 2022/05/24 04:00:02 Q=5
2026-01-07 14:43:30,949 - INFO - [GINSLIB] processing : 2022/05/24 04:00:03 Q=5
2026-01-07 14:43:30,949 - INFO - [GINSLIB] processing : 2022/05/24 04:00:04 Q=5
2026-01-07 14:43:30,949 - INFO - [GINSLIB] processing : 2022/05/24 04:00:05 Q=5
2026-01-07 14:43:30,950 - INFO - [GINSLIB] processing : 2022/05/24 04:00:06 Q=5
2026-01-07 14:43:30,950 - INFO - [GINSLIB] processing : 2022/05/24 04:00:07 Q=5
2026-01-07 14:43:30,950 - INFO - [GINSLIB] processing : 2022/05/24 04:00:08 Q=5
2026-01-07 14:43:30,950 - INFO - [GINSLIB] processing : 2022/05/24 04:00:09 Q=5
2026-01-07 14:43:30,950 - INFO - [GINSLIB] processing : 2022/05/24 04:00:10 Q=5
2026-01-07 14:43:30,951 - INFO - [GINSLIB] processing : 2022/05/24 04:00:11 Q=5
2026-01-07 14:43:30,951 - INFO - [GINSLIB] processing : 2022/05/24 04:00:12 Q=5
2026-01-07 14:43:30,951 - INFO - [GINSLIB] processing : 2022/05/24 04:00:13 Q=5
2026-01-07 14:43:30,951 - INFO - [GINSLIB] processing : 2022/05/24 04:00:14 Q=5
2026-01-07 14:43:30,951 - INFO - [GINSLIB] processing : 2022/05/24 04:00:15 Q=5
2026-01-07 14:43:31,053 - INFO - [GINSLIB] processing : 2022/05/24 04:00:16 Q=5
2026-01-07 14:43:31,053 - INFO - [GINSLIB] processing : 2022/05/24 04:00:17 Q=5
2026-01-07 14:43:31,053 - INFO - [GINSLIB] processing : 2022/05/24 04:00:18 Q=5
2026-01-07 14:43:31,053 - INFO - [GINSLIB] processing : 2022/05/24 04:00:19 Q=5
2026-01-07 14:43:31,053 - INFO - [GINSLIB] processing : 2022/05/24 04:00:20 Q=5
2026-01-07 14:43:31,054 - INFO - [GINSLIB] processing : 2022/05/24 04:00:21 Q=5
2026-01-07 14:43:31,054 - INFO - [GINSLIB] processing : 2022/05/24 04:00:22 Q=5
2026-01-07 14:43:31,054 - INFO - [GINSLIB] processing : 2022/05/24 04:00:23 Q=5
2026-01-07 14:43:31,054 - INFO - [GINSLIB] processing : 2022/05/24 04:00:24 Q=5
2026-01-07 14:43:31,054 - INFO - [GINSLIB] processing : 2022/05/24 04:00:25 Q=5
2026-01-07 14:43:31,054 - INFO - [GINSLIB] processing : 2022/05/24 04:00:26 Q=5
2026-01-07 14:43:31,054 - INFO - [GINSLIB] processing : 2022/05/24 04:00:27 Q=5
2026-01-07 14:43:31,054 - INFO - [GINSLIB] processing : 2022/05/24 04:00:28 Q=5
2026-01-07 14:43:31,055 - INFO - [GINSLIB] processing : 2022/05/24 04:00:29 Q=5
2026-01-07 14:43:31,055 - INFO - [GINSLIB] processing : 2022/05/24 04:00:30 Q=5
2026-01-07 14:43:31,055 - INFO - [GINSLIB] processing : 2022/05/24 04:00:31 Q=5
2026-01-07 14:43:31,055 - INFO - [GINSLIB] processing : 2022/05/24 04:00:32 Q=5
2026-01-07 14:43:31,055 - INFO - [GINSLIB] processing : 2022/05/24 04:00:33 Q=5
2026-01-07 14:43:31,055 - INFO - [GINSLIB] processing : 2022/05/24 04:00:34 Q=5
2026-01-07 14:43:31,055 - INFO - [GINSLIB] processing : 2022/05/24 04:00:35 Q=5
2026-01-07 14:43:31,055 - INFO - [GINSLIB] processing : 2022/05/24 04:00:36 Q=5
2026-01-07 14:43:31,056 - INFO - [GINSLIB] processing : 2022/05/24 04:00:37 Q=5
2026-01-07 14:43:31,154 - INFO - [GINSLIB] processing : 2022/05/24 04:00:38 Q=5
2026-01-07 14:43:31,154 - INFO - [GINSLIB] processing : 2022/05/24 04:00:39 Q=5
2026-01-07 14:43:31,155 - INFO - [GINSLIB] processing : 2022/05/24 04:00:40 Q=5
2026-01-07 14:43:31,155 - INFO - [GINSLIB] processing : 2022/05/24 04:00:41 Q=5
2026-01-07 14:43:31,155 - INFO - [GINSLIB] processing : 2022/05/24 04:00:42 Q=5
2026-01-07 14:43:31,155 - INFO - [GINSLIB] processing : 2022/05/24 04:00:43 Q=5
2026-01-07 14:43:31,155 - INFO - [GINSLIB] processing : 2022/05/24 04:00:44 Q=5
2026-01-07 14:43:31,155 - INFO - [GINSLIB] processing : 2022/05/24 04:00:45 Q=5
2026-01-07 14:43:31,155 - INFO - [GINSLIB] processing : 2022/05/24 04:00:46 Q=5
2026-01-07 14:43:31,155 - INFO - [GINSLIB] processing : 2022/05/24 04:00:47 Q=5
2026-01-07 14:43:31,155 - INFO - [GINSLIB] processing : 2022/05/24 04:00:48 Q=5
2026-01-07 14:43:31,156 - INFO - [GINSLIB] processing : 2022/05/24 04:00:49 Q=5
2026-01-07 14:43:31,156 - INFO - [GINSLIB] processing : 2022/05/24 04:00:50 Q=5
2026-01-07 14:43:31,156 - INFO - [GINSLIB] processing : 2022/05/24 04:00:51 Q=5
2026-01-07 14:43:31,156 - INFO - [GINSLIB] processing : 2022/05/24 04:00:52 Q=5
2026-01-07 14:43:31,156 - INFO - [GINSLIB] processing : 2022/05/24 04:00:53 Q=5
2026-01-07 14:43:31,156 - INFO - [GINSLIB] processing : 2022/05/24 04:00:54 Q=5
2026-01-07 14:43:31,156 - INFO - [GINSLIB] processing : 2022/05/24 04:00:55 Q=5
2026-01-07 14:43:31,156 - INFO - [GINSLIB] processing : 2022/05/24 04:00:56 Q=5
2026-01-07 14:43:31,156 - INFO - [GINSLIB] processing : 2022/05/24 04:00:57 Q=5
2026-01-07 14:43:31,156 - INFO - [GINSLIB] processing : 2022/05/24 04:00:58 Q=5
2026-01-07 14:43:31,156 - INFO - [GINSLIB] processing : 2022/05/24 04:00:59 Q=5
2026-01-07 14:43:31,156 - INFO - [GINSLIB] processing : 2022/05/24 04:01:00 Q=5
2026-01-07 14:43:31,264 - INFO - [GINSLIB] processing : 2022/05/24 04:01:01 Q=5
2026-01-07 14:43:31,265 - INFO - [GINSLIB] processing : 2022/05/24 04:01:02 Q=5
2026-01-07 14:43:31,265 - INFO - [GINSLIB] processing : 2022/05/24 04:01:03 Q=5
2026-01-07 14:43:31,265 - INFO - [GINSLIB] processing : 2022/05/24 04:01:04 Q=5
2026-01-07 14:43:31,265 - INFO - [GINSLIB] processing : 2022/05/24 04:01:05 Q=5
2026-01-07 14:43:31,265 - INFO - [GINSLIB] processing : 2022/05/24 04:01:06 Q=5
2026-01-07 14:43:31,265 - INFO - [GINSLIB] processing : 2022/05/24 04:01:07 Q=5
2026-01-07 14:43:31,266 - INFO - [GINSLIB] processing : 2022/05/24 04:01:08 Q=5
2026-01-07 14:43:31,266 - INFO - [GINSLIB] processing : 2022/05/24 04:01:09 Q=5
2026-01-07 14:43:31,266 - INFO - [GINSLIB] processing : 2022/05/24 04:01:10 Q=5
2026-01-07 14:43:31,266 - INFO - [GINSLIB] processing : 2022/05/24 04:01:11 Q=5
2026-01-07 14:43:31,267 - INFO - [GINSLIB] processing : 2022/05/24 04:01:12 Q=5
2026-01-07 14:43:31,267 - INFO - [GINSLIB] processing : 2022/05/24 04:01:13 Q=5
2026-01-07 14:43:31,267 - INFO - [GINSLIB] processing : 2022/05/24 04:01:14 Q=5
2026-01-07 14:43:31,267 - INFO - [GINSLIB] processing : 2022/05/24 04:01:15 Q=5
2026-01-07 14:43:31,267 - INFO - [GINSLIB] processing : 2022/05/24 04:01:16 Q=5
2026-01-07 14:43:31,268 - INFO - [GINSLIB] processing : 2022/05/24 04:01:17 Q=5
2026-01-07 14:43:31,268 - INFO - [GINSLIB] processing : 2022/05/24 04:01:18 Q=5
2026-01-07 14:43:31,268 - INFO - [GINSLIB] processing : 2022/05/24 04:01:19 Q=5
2026-01-07 14:43:31,268 - INFO - [GINSLIB] processing : 2022/05/24 04:01:20 Q=5
2026-01-07 14:43:31,268 - INFO - [GINSLIB] processing : 2022/05/24 04:01:21 Q=5
2026-01-07 14:43:31,269 - INFO - [GINSLIB] processing : 2022/05/24 04:01:22 Q=5
2026-01-07 14:43:31,374 - INFO - [GINSLIB] processing : 2022/05/24 04:01:23 Q=5
2026-01-07 14:43:31,374 - INFO - [GINSLIB] processing : 2022/05/24 04:01:24 Q=5
2026-01-07 14:43:31,374 - INFO - [GINSLIB] processing : 2022/05/24 04:01:25 Q=5
2026-01-07 14:43:31,374 - INFO - [GINSLIB] processing : 2022/05/24 04:01:26 Q=5
2026-01-07 14:43:31,374 - INFO - [GINSLIB] processing : 2022/05/24 04:01:27 Q=5
2026-01-07 14:43:31,374 - INFO - [GINSLIB] processing : 2022/05/24 04:01:28 Q=5
2026-01-07 14:43:31,374 - INFO - [GINSLIB] processing : 2022/05/24 04:01:29 Q=5
2026-01-07 14:43:31,374 - INFO - [GINSLIB] processing : 2022/05/24 04:01:30 Q=5
2026-01-07 14:43:31,374 - INFO - [GINSLIB] processing : 2022/05/24 04:01:31 Q=5
2026-01-07 14:43:31,374 - INFO - [GINSLIB] processing : 2022/05/24 04:01:32 Q=5
2026-01-07 14:43:31,375 - INFO - [GINSLIB] processing : 2022/05/24 04:01:33 Q=5
2026-01-07 14:43:31,375 - INFO - [GINSLIB] processing : 2022/05/24 04:01:34 Q=5
2026-01-07 14:43:31,375 - INFO - [GINSLIB] processing : 2022/05/24 04:01:35 Q=5
2026-01-07 14:43:31,375 - INFO - [GINSLIB] processing : 2022/05/24 04:01:36 Q=5
2026-01-07 14:43:31,375 - INFO - [GINSLIB] processing : 2022/05/24 04:01:37 Q=5
2026-01-07 14:43:31,375 - INFO - [GINSLIB] processing : 2022/05/24 04:01:38 Q=5
2026-01-07 14:43:31,375 - INFO - [GINSLIB] processing : 2022/05/24 04:01:39 Q=5
2026-01-07 14:43:31,375 - INFO - [GINSLIB] processing : 2022/05/24 04:01:40 Q=5
2026-01-07 14:43:31,375 - INFO - [GINSLIB] processing : 2022/05/24 04:01:41 Q=5
2026-01-07 14:43:31,375 - INFO - [GINSLIB] processing : 2022/05/24 04:01:42 Q=5
2026-01-07 14:43:31,375 - INFO - [GINSLIB] processing : 2022/05/24 04:01:43 Q=5
2026-01-07 14:43:31,375 - INFO - [GINSLIB] processing : 2022/05/24 04:01:44 Q=5
2026-01-07 14:43:31,471 - INFO - [GINSLIB] processing : 2022/05/24 04:01:45 Q=5
2026-01-07 14:43:31,471 - INFO - [GINSLIB] processing : 2022/05/24 04:01:46 Q=5
2026-01-07 14:43:31,472 - INFO - [GINSLIB] processing : 2022/05/24 04:01:47 Q=5
2026-01-07 14:43:31,472 - INFO - [GINSLIB] processing : 2022/05/24 04:01:48 Q=5
2026-01-07 14:43:31,472 - INFO - [GINSLIB] processing : 2022/05/24 04:01:49 Q=5
2026-01-07 14:43:31,472 - INFO - [GINSLIB] processing : 2022/05/24 04:01:50 Q=5
2026-01-07 14:43:31,472 - INFO - [GINSLIB] processing : 2022/05/24 04:01:51 Q=5
2026-01-07 14:43:31,472 - INFO - [GINSLIB] processing : 2022/05/24 04:01:52 Q=5
2026-01-07 14:43:31,472 - INFO - [GINSLIB] processing : 2022/05/24 04:01:53 Q=5
2026-01-07 14:43:31,472 - INFO - [GINSLIB] processing : 2022/05/24 04:01:54 Q=5
2026-01-07 14:43:31,473 - INFO - [GINSLIB] processing : 2022/05/24 04:01:55 Q=5
2026-01-07 14:43:31,473 - INFO - [GINSLIB] processing : 2022/05/24 04:01:56 Q=5
2026-01-07 14:43:31,473 - INFO - [GINSLIB] processing : 2022/05/24 04:01:57 Q=5
2026-01-07 14:43:31,473 - INFO - [GINSLIB] processing : 2022/05/24 04:01:58 Q=5
2026-01-07 14:43:31,473 - INFO - [GINSLIB] processing : 2022/05/24 04:01:59 Q=5
2026-01-07 14:43:31,473 - INFO - [GINSLIB] processing : 2022/05/24 04:02:00 Q=5
2026-01-07 14:43:31,473 - INFO - [GINSLIB] processing : 2022/05/24 04:02:01 Q=5
2026-01-07 14:43:31,473 - INFO - [GINSLIB] processing : 2022/05/24 04:02:02 Q=5
2026-01-07 14:43:31,473 - INFO - [GINSLIB] processing : 2022/05/24 04:02:03 Q=5
2026-01-07 14:43:31,473 - INFO - [GINSLIB] processing : 2022/05/24 04:02:04 Q=5
2026-01-07 14:43:31,474 - INFO - [GINSLIB] processing : 2022/05/24 04:02:05 Q=5
2026-01-07 14:43:31,474 - INFO - [GINSLIB] processing : 2022/05/24 04:02:06 Q=5
2026-01-07 14:43:31,566 - INFO - [GINSLIB] processing : 2022/05/24 04:02:07 Q=5
2026-01-07 14:43:31,566 - INFO - [GINSLIB] processing : 2022/05/24 04:02:08 Q=5
2026-01-07 14:43:31,566 - INFO - [GINSLIB] processing : 2022/05/24 04:02:09 Q=5
2026-01-07 14:43:31,566 - INFO - [GINSLIB] processing : 2022/05/24 04:02:10 Q=5
2026-01-07 14:43:31,567 - INFO - [GINSLIB] processing : 2022/05/24 04:02:11 Q=5
2026-01-07 14:43:31,567 - INFO - [GINSLIB] processing : 2022/05/24 04:02:12 Q=5
2026-01-07 14:43:31,567 - INFO - [GINSLIB] processing : 2022/05/24 04:02:13 Q=5
2026-01-07 14:43:31,567 - INFO - [GINSLIB] processing : 2022/05/24 04:02:14 Q=5
2026-01-07 14:43:31,568 - INFO - [GINSLIB] processing : 2022/05/24 04:02:15 Q=5
2026-01-07 14:43:31,568 - INFO - [GINSLIB] processing : 2022/05/24 04:02:16 Q=5
2026-01-07 14:43:31,568 - INFO - [GINSLIB] processing : 2022/05/24 04:02:17 Q=5
2026-01-07 14:43:31,568 - INFO - [GINSLIB] processing : 2022/05/24 04:02:18 Q=5
2026-01-07 14:43:31,568 - INFO - [GINSLIB] processing : 2022/05/24 04:02:19 Q=5
2026-01-07 14:43:31,568 - INFO - [GINSLIB] processing : 2022/05/24 04:02:20 Q=5
2026-01-07 14:43:31,569 - INFO - [GINSLIB] processing : 2022/05/24 04:02:21 Q=5
2026-01-07 14:43:31,569 - INFO - [GINSLIB] processing : 2022/05/24 04:02:22 Q=5
2026-01-07 14:43:31,569 - INFO - [GINSLIB] processing : 2022/05/24 04:02:23 Q=5
2026-01-07 14:43:31,569 - INFO - [GINSLIB] processing : 2022/05/24 04:02:24 Q=5
2026-01-07 14:43:31,569 - INFO - [GINSLIB] processing : 2022/05/24 04:02:25 Q=5
2026-01-07 14:43:31,570 - INFO - [GINSLIB] processing : 2022/05/24 04:02:26 Q=5
2026-01-07 14:43:31,570 - INFO - [GINSLIB] processing : 2022/05/24 04:02:27 Q=5
2026-01-07 14:43:31,570 - INFO - [GINSLIB] processing : 2022/05/24 04:02:28 Q=5
2026-01-07 14:43:31,665 - INFO - [GINSLIB] processing : 2022/05/24 04:02:29 Q=5
2026-01-07 14:43:31,665 - INFO - [GINSLIB] processing : 2022/05/24 04:02:30 Q=5
2026-01-07 14:43:31,665 - INFO - [GINSLIB] processing : 2022/05/24 04:02:31 Q=5
2026-01-07 14:43:31,666 - INFO - [GINSLIB] processing : 2022/05/24 04:02:32 Q=5
2026-01-07 14:43:31,666 - INFO - [GINSLIB] processing : 2022/05/24 04:02:33 Q=5
2026-01-07 14:43:31,666 - INFO - [GINSLIB] processing : 2022/05/24 04:02:34 Q=5
2026-01-07 14:43:31,666 - INFO - [GINSLIB] processing : 2022/05/24 04:02:35 Q=5
2026-01-07 14:43:31,666 - INFO - [GINSLIB] processing : 2022/05/24 04:02:36 Q=5
2026-01-07 14:43:31,666 - INFO - [GINSLIB] processing : 2022/05/24 04:02:37 Q=5
2026-01-07 14:43:31,667 - INFO - [GINSLIB] processing : 2022/05/24 04:02:38 Q=5
2026-01-07 14:43:31,667 - INFO - [GINSLIB] processing : 2022/05/24 04:02:39 Q=5
2026-01-07 14:43:31,667 - INFO - [GINSLIB] processing : 2022/05/24 04:02:40 Q=5
2026-01-07 14:43:31,667 - INFO - [GINSLIB] processing : 2022/05/24 04:02:41 Q=5
2026-01-07 14:43:31,667 - INFO - [GINSLIB] processing : 2022/05/24 04:02:42 Q=5
2026-01-07 14:43:31,668 - INFO - [GINSLIB] processing : 2022/05/24 04:02:43 Q=5
2026-01-07 14:43:31,668 - INFO - [GINSLIB] processing : 2022/05/24 04:02:44 Q=5
2026-01-07 14:43:31,668 - INFO - [GINSLIB] processing : 2022/05/24 04:02:45 Q=5
2026-01-07 14:43:31,668 - INFO - [GINSLIB] processing : 2022/05/24 04:02:46 Q=5
2026-01-07 14:43:31,668 - INFO - [GINSLIB] processing : 2022/05/24 04:02:47 Q=5
2026-01-07 14:43:31,668 - INFO - [GINSLIB] processing : 2022/05/24 04:02:48 Q=5
2026-01-07 14:43:31,668 - INFO - [GINSLIB] processing : 2022/05/24 04:02:49 Q=5
2026-01-07 14:43:31,668 - INFO - [GINSLIB] processing : 2022/05/24 04:02:50 Q=5
2026-01-07 14:43:31,758 - INFO - [GINSLIB] processing : 2022/05/24 04:02:51 Q=5
2026-01-07 14:43:31,758 - INFO - [GINSLIB] processing : 2022/05/24 04:02:52 Q=5
2026-01-07 14:43:31,758 - INFO - [GINSLIB] processing : 2022/05/24 04:02:53 Q=5
2026-01-07 14:43:31,758 - INFO - [GINSLIB] processing : 2022/05/24 04:02:54 Q=5
2026-01-07 14:43:31,758 - INFO - [GINSLIB] processing : 2022/05/24 04:02:55 Q=5
2026-01-07 14:43:31,759 - INFO - [GINSLIB] processing : 2022/05/24 04:02:56 Q=5
2026-01-07 14:43:31,759 - INFO - [GINSLIB] processing : 2022/05/24 04:02:57 Q=5
2026-01-07 14:43:31,759 - INFO - [GINSLIB] processing : 2022/05/24 04:02:58 Q=5
2026-01-07 14:43:31,759 - INFO - [GINSLIB] processing : 2022/05/24 04:02:59 Q=5
2026-01-07 14:43:31,759 - INFO - [GINSLIB] processing : 2022/05/24 04:03:00 Q=5
2026-01-07 14:43:31,760 - INFO - [GINSLIB] processing : 2022/05/24 04:03:01 Q=5
2026-01-07 14:43:31,760 - INFO - [GINSLIB] processing : 2022/05/24 04:03:02 Q=5
2026-01-07 14:43:31,760 - INFO - [GINSLIB] processing : 2022/05/24 04:03:03 Q=5
2026-01-07 14:43:31,760 - INFO - [GINSLIB] processing : 2022/05/24 04:03:04 Q=5
2026-01-07 14:43:31,760 - INFO - [GINSLIB] processing : 2022/05/24 04:03:05 Q=5
2026-01-07 14:43:31,760 - INFO - [GINSLIB] processing : 2022/05/24 04:03:06 Q=5
2026-01-07 14:43:31,761 - INFO - [GINSLIB] processing : 2022/05/24 04:03:07 Q=5
2026-01-07 14:43:31,761 - INFO - [GINSLIB] processing : 2022/05/24 04:03:08 Q=5
2026-01-07 14:43:31,761 - INFO - [GINSLIB] processing : 2022/05/24 04:03:09 Q=5
2026-01-07 14:43:31,761 - INFO - [GINSLIB] processing : 2022/05/24 04:03:10 Q=5
2026-01-07 14:43:31,761 - INFO - [GINSLIB] processing : 2022/05/24 04:03:11 Q=5
2026-01-07 14:43:31,761 - INFO - [GINSLIB] processing : 2022/05/24 04:03:12 Q=5
2026-01-07 14:43:31,852 - INFO - [GINSLIB] processing : 2022/05/24 04:03:13 Q=5
2026-01-07 14:43:31,852 - INFO - [GINSLIB] processing : 2022/05/24 04:03:14 Q=5
2026-01-07 14:43:31,852 - INFO - [GINSLIB] processing : 2022/05/24 04:03:15 Q=5
2026-01-07 14:43:31,852 - INFO - [GINSLIB] processing : 2022/05/24 04:03:16 Q=5
2026-01-07 14:43:31,853 - INFO - [GINSLIB] processing : 2022/05/24 04:03:17 Q=5
2026-01-07 14:43:31,853 - INFO - [GINSLIB] processing : 2022/05/24 04:03:18 Q=5
2026-01-07 14:43:31,853 - INFO - [GINSLIB] processing : 2022/05/24 04:03:19 Q=5
2026-01-07 14:43:31,853 - INFO - [GINSLIB] processing : 2022/05/24 04:03:20 Q=5
2026-01-07 14:43:31,853 - INFO - [GINSLIB] processing : 2022/05/24 04:03:21 Q=5
2026-01-07 14:43:31,854 - INFO - [GINSLIB] processing : 2022/05/24 04:03:22 Q=5
2026-01-07 14:43:31,854 - INFO - [GINSLIB] processing : 2022/05/24 04:03:23 Q=5
2026-01-07 14:43:31,854 - INFO - [GINSLIB] processing : 2022/05/24 04:03:24 Q=5
2026-01-07 14:43:31,854 - INFO - [GINSLIB] processing : 2022/05/24 04:03:25 Q=5
2026-01-07 14:43:31,854 - INFO - [GINSLIB] processing : 2022/05/24 04:03:26 Q=5
2026-01-07 14:43:31,854 - INFO - [GINSLIB] processing : 2022/05/24 04:03:27 Q=5
2026-01-07 14:43:31,854 - INFO - [GINSLIB] processing : 2022/05/24 04:03:28 Q=5
2026-01-07 14:43:31,854 - INFO - [GINSLIB] processing : 2022/05/24 04:03:29 Q=5
2026-01-07 14:43:31,854 - INFO - [GINSLIB] processing : 2022/05/24 04:03:30 Q=5
2026-01-07 14:43:31,854 - INFO - [GINSLIB] processing : 2022/05/24 04:03:31 Q=5
2026-01-07 14:43:31,854 - INFO - [GINSLIB] processing : 2022/05/24 04:03:32 Q=5
2026-01-07 14:43:31,854 - INFO - [GINSLIB] processing : 2022/05/24 04:03:33 Q=5
2026-01-07 14:43:31,855 - INFO - [GINSLIB] processing : 2022/05/24 04:03:34 Q=5
2026-01-07 14:43:31,855 - INFO - [GINSLIB] processing : 2022/05/24 04:03:35 Q=5
2026-01-07 14:43:31,948 - INFO - [GINSLIB] processing : 2022/05/24 04:03:36 Q=5
2026-01-07 14:43:31,949 - INFO - [GINSLIB] processing : 2022/05/24 04:03:37 Q=5
2026-01-07 14:43:31,949 - INFO - [GINSLIB] processing : 2022/05/24 04:03:38 Q=5
2026-01-07 14:43:31,949 - INFO - [GINSLIB] processing : 2022/05/24 04:03:39 Q=5
2026-01-07 14:43:31,949 - INFO - [GINSLIB] processing : 2022/05/24 04:03:40 Q=5
2026-01-07 14:43:31,950 - INFO - [GINSLIB] processing : 2022/05/24 04:03:41 Q=5
2026-01-07 14:43:31,950 - INFO - [GINSLIB] processing : 2022/05/24 04:03:42 Q=5
2026-01-07 14:43:31,950 - INFO - [GINSLIB] processing : 2022/05/24 04:03:43 Q=5
2026-01-07 14:43:31,950 - INFO - [GINSLIB] processing : 2022/05/24 04:03:44 Q=5
2026-01-07 14:43:31,950 - INFO - [GINSLIB] processing : 2022/05/24 04:03:45 Q=5
2026-01-07 14:43:31,951 - INFO - [GINSLIB] processing : 2022/05/24 04:03:46 Q=5
2026-01-07 14:43:31,951 - INFO - [GINSLIB] processing : 2022/05/24 04:03:47 Q=5
2026-01-07 14:43:31,951 - INFO - [GINSLIB] processing : 2022/05/24 04:03:48 Q=5
2026-01-07 14:43:31,951 - INFO - [GINSLIB] processing : 2022/05/24 04:03:49 Q=5
2026-01-07 14:43:31,952 - INFO - [GINSLIB] processing : 2022/05/24 04:03:50 Q=5
2026-01-07 14:43:31,952 - INFO - [GINSLIB] processing : 2022/05/24 04:03:51 Q=5
2026-01-07 14:43:31,952 - INFO - [GINSLIB] processing : 2022/05/24 04:03:52 Q=5
2026-01-07 14:43:31,952 - INFO - [GINSLIB] processing : 2022/05/24 04:03:53 Q=5
2026-01-07 14:43:31,952 - INFO - [GINSLIB] processing : 2022/05/24 04:03:54 Q=5
2026-01-07 14:43:31,952 - INFO - [GINSLIB] processing : 2022/05/24 04:03:55 Q=5
2026-01-07 14:43:31,952 - INFO - [GINSLIB] processing : 2022/05/24 04:03:56 Q=5
2026-01-07 14:43:31,953 - INFO - [GINSLIB] processing : 2022/05/24 04:03:57 Q=5
2026-01-07 14:43:32,044 - INFO - [GINSLIB] processing : 2022/05/24 04:03:58 Q=5
2026-01-07 14:43:32,044 - INFO - [GINSLIB] processing : 2022/05/24 04:03:59 Q=5
2026-01-07 14:43:32,045 - INFO - [GINSLIB] processing : 2022/05/24 04:04:00 Q=5
2026-01-07 14:43:32,045 - INFO - [GINSLIB] processing : 2022/05/24 04:04:01 Q=5
2026-01-07 14:43:32,045 - INFO - [GINSLIB] processing : 2022/05/24 04:04:02 Q=5
2026-01-07 14:43:32,045 - INFO - [GINSLIB] processing : 2022/05/24 04:04:03 Q=5
2026-01-07 14:43:32,045 - INFO - [GINSLIB] processing : 2022/05/24 04:04:04 Q=5
2026-01-07 14:43:32,045 - INFO - [GINSLIB] processing : 2022/05/24 04:04:05 Q=5
2026-01-07 14:43:32,046 - INFO - [GINSLIB] processing : 2022/05/24 04:04:06 Q=5
2026-01-07 14:43:32,046 - INFO - [GINSLIB] processing : 2022/05/24 04:04:07 Q=5
2026-01-07 14:43:32,046 - INFO - [GINSLIB] processing : 2022/05/24 04:04:08 Q=5
2026-01-07 14:43:32,046 - INFO - [GINSLIB] processing : 2022/05/24 04:04:09 Q=5
2026-01-07 14:43:32,046 - INFO - [GINSLIB] processing : 2022/05/24 04:04:10 Q=5
2026-01-07 14:43:32,047 - INFO - [GINSLIB] processing : 2022/05/24 04:04:11 Q=5
2026-01-07 14:43:32,047 - INFO - [GINSLIB] processing : 2022/05/24 04:04:12 Q=5
2026-01-07 14:43:32,047 - INFO - [GINSLIB] processing : 2022/05/24 04:04:13 Q=5
2026-01-07 14:43:32,047 - INFO - [GINSLIB] processing : 2022/05/24 04:04:14 Q=5
2026-01-07 14:43:32,047 - INFO - [GINSLIB] processing : 2022/05/24 04:04:15 Q=5
2026-01-07 14:43:32,047 - INFO - [GINSLIB] processing : 2022/05/24 04:04:16 Q=5
2026-01-07 14:43:32,048 - INFO - [GINSLIB] processing : 2022/05/24 04:04:17 Q=5
2026-01-07 14:43:32,048 - INFO - [GINSLIB] processing : 2022/05/24 04:04:18 Q=5
2026-01-07 14:43:32,048 - INFO - [GINSLIB] processing : 2022/05/24 04:04:19 Q=5
2026-01-07 14:43:32,150 - INFO - [GINSLIB] processing : 2022/05/24 04:04:20 Q=5
2026-01-07 14:43:32,150 - INFO - [GINSLIB] processing : 2022/05/24 04:04:21 Q=5
2026-01-07 14:43:32,151 - INFO - [GINSLIB] processing : 2022/05/24 04:04:22 Q=5
2026-01-07 14:43:32,151 - INFO - [GINSLIB] processing : 2022/05/24 04:04:23 Q=5
2026-01-07 14:43:32,151 - INFO - [GINSLIB] processing : 2022/05/24 04:04:24 Q=5
2026-01-07 14:43:32,151 - INFO - [GINSLIB] processing : 2022/05/24 04:04:25 Q=5
2026-01-07 14:43:32,152 - INFO - [GINSLIB] processing : 2022/05/24 04:04:26 Q=5
2026-01-07 14:43:32,152 - INFO - [GINSLIB] processing : 2022/05/24 04:04:27 Q=5
2026-01-07 14:43:32,152 - INFO - [GINSLIB] processing : 2022/05/24 04:04:28 Q=5
2026-01-07 14:43:32,152 - INFO - [GINSLIB] processing : 2022/05/24 04:04:29 Q=5
2026-01-07 14:43:32,153 - INFO - [GINSLIB] processing : 2022/05/24 04:04:30 Q=5
2026-01-07 14:43:32,153 - INFO - [GINSLIB] processing : 2022/05/24 04:04:31 Q=5
2026-01-07 14:43:32,153 - INFO - [GINSLIB] processing : 2022/05/24 04:04:32 Q=5
2026-01-07 14:43:32,153 - INFO - [GINSLIB] processing : 2022/05/24 04:04:33 Q=5
2026-01-07 14:43:32,153 - INFO - [GINSLIB] processing : 2022/05/24 04:04:34 Q=5
2026-01-07 14:43:32,153 - INFO - [GINSLIB] processing : 2022/05/24 04:04:35 Q=5
2026-01-07 14:43:32,153 - INFO - [GINSLIB] processing : 2022/05/24 04:04:36 Q=5
2026-01-07 14:43:32,153 - INFO - [GINSLIB] processing : 2022/05/24 04:04:37 Q=5
2026-01-07 14:43:32,154 - INFO - [GINSLIB] processing : 2022/05/24 04:04:38 Q=5
2026-01-07 14:43:32,154 - INFO - [GINSLIB] processing : 2022/05/24 04:04:39 Q=5
2026-01-07 14:43:32,154 - INFO - [GINSLIB] processing : 2022/05/24 04:04:40 Q=5
2026-01-07 14:43:32,154 - INFO - [GINSLIB] processing : 2022/05/24 04:04:41 Q=5
2026-01-07 14:43:32,246 - INFO - [GINSLIB] processing : 2022/05/24 04:04:42 Q=5
2026-01-07 14:43:32,246 - INFO - [GINSLIB] processing : 2022/05/24 04:04:43 Q=5
2026-01-07 14:43:32,247 - INFO - [GINSLIB] processing : 2022/05/24 04:04:44 Q=5
2026-01-07 14:43:32,247 - INFO - [GINSLIB] processing : 2022/05/24 04:04:45 Q=5
2026-01-07 14:43:32,247 - INFO - [GINSLIB] processing : 2022/05/24 04:04:46 Q=5
2026-01-07 14:43:32,247 - INFO - [GINSLIB] processing : 2022/05/24 04:04:47 Q=5
2026-01-07 14:43:32,247 - INFO - [GINSLIB] processing : 2022/05/24 04:04:48 Q=5
2026-01-07 14:43:32,248 - INFO - [GINSLIB] processing : 2022/05/24 04:04:49 Q=5
2026-01-07 14:43:32,248 - INFO - [GINSLIB] processing : 2022/05/24 04:04:50 Q=5
2026-01-07 14:43:32,248 - INFO - [GINSLIB] processing : 2022/05/24 04:04:51 Q=5
2026-01-07 14:43:32,248 - INFO - [GINSLIB] processing : 2022/05/24 04:04:52 Q=5
2026-01-07 14:43:32,248 - INFO - [GINSLIB] processing : 2022/05/24 04:04:53 Q=5
2026-01-07 14:43:32,249 - INFO - [GINSLIB] processing : 2022/05/24 04:04:54 Q=5
2026-01-07 14:43:32,249 - INFO - [GINSLIB] processing : 2022/05/24 04:04:55 Q=5
2026-01-07 14:43:32,249 - INFO - [GINSLIB] processing : 2022/05/24 04:04:56 Q=5
2026-01-07 14:43:32,249 - INFO - [GINSLIB] processing : 2022/05/24 04:04:57 Q=5
2026-01-07 14:43:32,250 - INFO - [GINSLIB] processing : 2022/05/24 04:04:58 Q=5
2026-01-07 14:43:32,250 - INFO - [GINSLIB] processing : 2022/05/24 04:04:59 Q=5
2026-01-07 14:43:32,250 - INFO - [GINSLIB] processing : 2022/05/24 04:05:00 Q=5
2026-01-07 14:43:32,250 - INFO - [GINSLIB] processing : 2022/05/24 04:05:01 Q=5
2026-01-07 14:43:32,251 - INFO - [GINSLIB] processing : 2022/05/24 04:05:02 Q=5
2026-01-07 14:43:32,251 - INFO - [GINSLIB] processing : 2022/05/24 04:05:03 Q=5
2026-01-07 14:43:32,344 - INFO - [GINSLIB] processing : 2022/05/24 04:05:04 Q=5
2026-01-07 14:43:32,345 - INFO - [GINSLIB] processing : 2022/05/24 04:05:05 Q=5
2026-01-07 14:43:32,345 - INFO - [GINSLIB] processing : 2022/05/24 04:05:06 Q=5
2026-01-07 14:43:32,345 - INFO - [GINSLIB] processing : 2022/05/24 04:05:07 Q=5
2026-01-07 14:43:32,345 - INFO - [GINSLIB] processing : 2022/05/24 04:05:08 Q=5
2026-01-07 14:43:32,345 - INFO - [GINSLIB] processing : 2022/05/24 04:05:09 Q=5
2026-01-07 14:43:32,346 - INFO - [GINSLIB] processing : 2022/05/24 04:05:10 Q=5
2026-01-07 14:43:32,346 - INFO - [GINSLIB] processing : 2022/05/24 04:05:11 Q=5
2026-01-07 14:43:32,346 - INFO - [GINSLIB] processing : 2022/05/24 04:05:12 Q=5
2026-01-07 14:43:32,346 - INFO - [GINSLIB] processing : 2022/05/24 04:05:13 Q=5
2026-01-07 14:43:32,346 - INFO - [GINSLIB] processing : 2022/05/24 04:05:14 Q=5
2026-01-07 14:43:32,346 - INFO - [GINSLIB] processing : 2022/05/24 04:05:15 Q=5
2026-01-07 14:43:32,347 - INFO - [GINSLIB] processing : 2022/05/24 04:05:16 Q=5
2026-01-07 14:43:32,347 - INFO - [GINSLIB] processing : 2022/05/24 04:05:17 Q=5
2026-01-07 14:43:32,347 - INFO - [GINSLIB] processing : 2022/05/24 04:05:18 Q=5
2026-01-07 14:43:32,347 - INFO - [GINSLIB] processing : 2022/05/24 04:05:19 Q=5
2026-01-07 14:43:32,347 - INFO - [GINSLIB] processing : 2022/05/24 04:05:20 Q=5
2026-01-07 14:43:32,347 - INFO - [GINSLIB] processing : 2022/05/24 04:05:21 Q=5
2026-01-07 14:43:32,347 - INFO - [GINSLIB] processing : 2022/05/24 04:05:22 Q=5
2026-01-07 14:43:32,348 - INFO - [GINSLIB] processing : 2022/05/24 04:05:23 Q=5
2026-01-07 14:43:32,348 - INFO - [GINSLIB] processing : 2022/05/24 04:05:24 Q=5
2026-01-07 14:43:32,348 - INFO - [GINSLIB] processing : 2022/05/24 04:05:25 Q=5
2026-01-07 14:43:32,442 - INFO - [GINSLIB] processing : 2022/05/24 04:05:26 Q=5
2026-01-07 14:43:32,442 - INFO - [GINSLIB] processing : 2022/05/24 04:05:27 Q=5
2026-01-07 14:43:32,442 - INFO - [GINSLIB] processing : 2022/05/24 04:05:28 Q=5
2026-01-07 14:43:32,442 - INFO - [GINSLIB] processing : 2022/05/24 04:05:29 Q=5
2026-01-07 14:43:32,442 - INFO - [GINSLIB] processing : 2022/05/24 04:05:30 Q=5
2026-01-07 14:43:32,443 - INFO - [GINSLIB] processing : 2022/05/24 04:05:31 Q=5
2026-01-07 14:43:32,443 - INFO - [GINSLIB] processing : 2022/05/24 04:05:32 Q=5
2026-01-07 14:43:32,443 - INFO - [GINSLIB] processing : 2022/05/24 04:05:33 Q=5
2026-01-07 14:43:32,443 - INFO - [GINSLIB] processing : 2022/05/24 04:05:34 Q=5
2026-01-07 14:43:32,443 - INFO - [GINSLIB] processing : 2022/05/24 04:05:35 Q=5
2026-01-07 14:43:32,443 - INFO - [GINSLIB] processing : 2022/05/24 04:05:36 Q=5
2026-01-07 14:43:32,444 - INFO - [GINSLIB] processing : 2022/05/24 04:05:37 Q=5
2026-01-07 14:43:32,444 - INFO - [GINSLIB] processing : 2022/05/24 04:05:38 Q=5
2026-01-07 14:43:32,444 - INFO - [GINSLIB] processing : 2022/05/24 04:05:39 Q=5
2026-01-07 14:43:32,444 - INFO - [GINSLIB] processing : 2022/05/24 04:05:40 Q=5
2026-01-07 14:43:32,444 - INFO - [GINSLIB] processing : 2022/05/24 04:05:41 Q=5
2026-01-07 14:43:32,444 - INFO - [GINSLIB] processing : 2022/05/24 04:05:42 Q=5
2026-01-07 14:43:32,444 - INFO - [GINSLIB] processing : 2022/05/24 04:05:43 Q=5
2026-01-07 14:43:32,445 - INFO - [GINSLIB] processing : 2022/05/24 04:05:44 Q=5
2026-01-07 14:43:32,445 - INFO - [GINSLIB] processing : 2022/05/24 04:05:45 Q=5
2026-01-07 14:43:32,445 - INFO - [GINSLIB] processing : 2022/05/24 04:05:46 Q=5
2026-01-07 14:43:32,445 - INFO - [GINSLIB] processing : 2022/05/24 04:05:47 Q=5
2026-01-07 14:43:32,536 - INFO - [GINSLIB] processing : 2022/05/24 04:05:48 Q=5
2026-01-07 14:43:32,536 - INFO - [GINSLIB] processing : 2022/05/24 04:05:49 Q=5
2026-01-07 14:43:32,536 - INFO - [GINSLIB] processing : 2022/05/24 04:05:50 Q=5
2026-01-07 14:43:32,536 - INFO - [GINSLIB] processing : 2022/05/24 04:05:51 Q=5
2026-01-07 14:43:32,536 - INFO - [GINSLIB] processing : 2022/05/24 04:05:52 Q=5
2026-01-07 14:43:32,536 - INFO - [GINSLIB] processing : 2022/05/24 04:05:53 Q=5
2026-01-07 14:43:32,537 - INFO - [GINSLIB] processing : 2022/05/24 04:05:54 Q=5
2026-01-07 14:43:32,537 - INFO - [GINSLIB] processing : 2022/05/24 04:05:55 Q=5
2026-01-07 14:43:32,537 - INFO - [GINSLIB] processing : 2022/05/24 04:05:56 Q=5
2026-01-07 14:43:32,537 - INFO - [GINSLIB] processing : 2022/05/24 04:05:57 Q=5
2026-01-07 14:43:32,537 - INFO - [GINSLIB] processing : 2022/05/24 04:05:58 Q=5
2026-01-07 14:43:32,537 - INFO - [GINSLIB] processing : 2022/05/24 04:05:59 Q=5
2026-01-07 14:43:32,537 - INFO - [GINSLIB] processing : 2022/05/24 04:06:00 Q=5
2026-01-07 14:43:32,538 - INFO - [GINSLIB] processing : 2022/05/24 04:06:01 Q=5
2026-01-07 14:43:32,538 - INFO - [GINSLIB] processing : 2022/05/24 04:06:02 Q=5
2026-01-07 14:43:32,538 - INFO - [GINSLIB] processing : 2022/05/24 04:06:03 Q=5
2026-01-07 14:43:32,538 - INFO - [GINSLIB] processing : 2022/05/24 04:06:04 Q=5
2026-01-07 14:43:32,538 - INFO - [GINSLIB] processing : 2022/05/24 04:06:05 Q=5
2026-01-07 14:43:32,538 - INFO - [GINSLIB] processing : 2022/05/24 04:06:06 Q=5
2026-01-07 14:43:32,539 - INFO - [GINSLIB] processing : 2022/05/24 04:06:07 Q=5
2026-01-07 14:43:32,539 - INFO - [GINSLIB] processing : 2022/05/24 04:06:08 Q=5
2026-01-07 14:43:32,539 - INFO - [GINSLIB] processing : 2022/05/24 04:06:09 Q=5
2026-01-07 14:43:32,539 - INFO - [GINSLIB] processing : 2022/05/24 04:06:10 Q=5
2026-01-07 14:43:32,631 - INFO - [GINSLIB] processing : 2022/05/24 04:06:11 Q=5
2026-01-07 14:43:32,631 - INFO - [GINSLIB] processing : 2022/05/24 04:06:12 Q=5
2026-01-07 14:43:32,632 - INFO - [GINSLIB] processing : 2022/05/24 04:06:13 Q=5
2026-01-07 14:43:32,632 - INFO - [GINSLIB] processing : 2022/05/24 04:06:14 Q=5
2026-01-07 14:43:32,632 - INFO - [GINSLIB] processing : 2022/05/24 04:06:15 Q=5
2026-01-07 14:43:32,632 - INFO - [GINSLIB] processing : 2022/05/24 04:06:16 Q=5
2026-01-07 14:43:32,632 - INFO - [GINSLIB] processing : 2022/05/24 04:06:17 Q=5
2026-01-07 14:43:32,632 - INFO - [GINSLIB] processing : 2022/05/24 04:06:18 Q=5
2026-01-07 14:43:32,633 - INFO - [GINSLIB] processing : 2022/05/24 04:06:19 Q=5
2026-01-07 14:43:32,633 - INFO - [GINSLIB] processing : 2022/05/24 04:06:20 Q=5
2026-01-07 14:43:32,633 - INFO - [GINSLIB] processing : 2022/05/24 04:06:21 Q=5
2026-01-07 14:43:32,633 - INFO - [GINSLIB] processing : 2022/05/24 04:06:22 Q=5
2026-01-07 14:43:32,633 - INFO - [GINSLIB] processing : 2022/05/24 04:06:23 Q=5
2026-01-07 14:43:32,633 - INFO - [GINSLIB] processing : 2022/05/24 04:06:24 Q=5
2026-01-07 14:43:32,634 - INFO - [GINSLIB] processing : 2022/05/24 04:06:25 Q=5
2026-01-07 14:43:32,634 - INFO - [GINSLIB] processing : 2022/05/24 04:06:26 Q=5
2026-01-07 14:43:32,634 - INFO - [GINSLIB] processing : 2022/05/24 04:06:27 Q=5
2026-01-07 14:43:32,634 - INFO - [GINSLIB] processing : 2022/05/24 04:06:28 Q=5
2026-01-07 14:43:32,634 - INFO - [GINSLIB] processing : 2022/05/24 04:06:29 Q=5
2026-01-07 14:43:32,634 - INFO - [GINSLIB] processing : 2022/05/24 04:06:30 Q=5
2026-01-07 14:43:32,634 - INFO - [GINSLIB] processing : 2022/05/24 04:06:31 Q=5
2026-01-07 14:43:32,634 - INFO - [GINSLIB] processing : 2022/05/24 04:06:32 Q=5
2026-01-07 14:43:32,734 - INFO - [GINSLIB] processing : 2022/05/24 04:06:33 Q=5
2026-01-07 14:43:32,734 - INFO - [GINSLIB] processing : 2022/05/24 04:06:34 Q=5
2026-01-07 14:43:32,735 - INFO - [GINSLIB] processing : 2022/05/24 04:06:35 Q=5
2026-01-07 14:43:32,735 - INFO - [GINSLIB] processing : 2022/05/24 04:06:36 Q=5
2026-01-07 14:43:32,735 - INFO - [GINSLIB] processing : 2022/05/24 04:06:37 Q=5
2026-01-07 14:43:32,735 - INFO - [GINSLIB] processing : 2022/05/24 04:06:38 Q=5
2026-01-07 14:43:32,735 - INFO - [GINSLIB] processing : 2022/05/24 04:06:39 Q=5
2026-01-07 14:43:32,736 - INFO - [GINSLIB] processing : 2022/05/24 04:06:40 Q=5
2026-01-07 14:43:32,736 - INFO - [GINSLIB] processing : 2022/05/24 04:06:41 Q=5
2026-01-07 14:43:32,736 - INFO - [GINSLIB] processing : 2022/05/24 04:06:42 Q=5
2026-01-07 14:43:32,736 - INFO - [GINSLIB] processing : 2022/05/24 04:06:43 Q=5
2026-01-07 14:43:32,736 - INFO - [GINSLIB] processing : 2022/05/24 04:06:44 Q=5
2026-01-07 14:43:32,736 - INFO - [GINSLIB] processing : 2022/05/24 04:06:45 Q=5
2026-01-07 14:43:32,736 - INFO - [GINSLIB] processing : 2022/05/24 04:06:46 Q=5
2026-01-07 14:43:32,737 - INFO - [GINSLIB] processing : 2022/05/24 04:06:47 Q=5
2026-01-07 14:43:32,737 - INFO - [GINSLIB] processing : 2022/05/24 04:06:48 Q=5
2026-01-07 14:43:32,737 - INFO - [GINSLIB] processing : 2022/05/24 04:06:49 Q=5
2026-01-07 14:43:32,737 - INFO - [GINSLIB] processing : 2022/05/24 04:06:50 Q=5
2026-01-07 14:43:32,737 - INFO - [GINSLIB] processing : 2022/05/24 04:06:51 Q=5
2026-01-07 14:43:32,737 - INFO - [GINSLIB] processing : 2022/05/24 04:06:52 Q=5
2026-01-07 14:43:32,737 - INFO - [GINSLIB] processing : 2022/05/24 04:06:53 Q=5
2026-01-07 14:43:32,738 - INFO - [GINSLIB] processing : 2022/05/24 04:06:54 Q=5
2026-01-07 14:43:32,829 - INFO - [GINSLIB] processing : 2022/05/24 04:06:55 Q=5
2026-01-07 14:43:32,829 - INFO - [GINSLIB] processing : 2022/05/24 04:06:56 Q=5
2026-01-07 14:43:32,829 - INFO - [GINSLIB] processing : 2022/05/24 04:06:57 Q=5
2026-01-07 14:43:32,829 - INFO - [GINSLIB] processing : 2022/05/24 04:06:58 Q=5
2026-01-07 14:43:32,829 - INFO - [GINSLIB] processing : 2022/05/24 04:06:59 Q=5
2026-01-07 14:43:32,829 - INFO - [GINSLIB] processing : 2022/05/24 04:07:00 Q=5
2026-01-07 14:43:32,830 - INFO - [GINSLIB] processing : 2022/05/24 04:07:01 Q=5
2026-01-07 14:43:32,830 - INFO - [GINSLIB] processing : 2022/05/24 04:07:02 Q=5
2026-01-07 14:43:32,830 - INFO - [GINSLIB] processing : 2022/05/24 04:07:03 Q=5
2026-01-07 14:43:32,830 - INFO - [GINSLIB] processing : 2022/05/24 04:07:04 Q=5
2026-01-07 14:43:32,830 - INFO - [GINSLIB] processing : 2022/05/24 04:07:05 Q=5
2026-01-07 14:43:32,830 - INFO - [GINSLIB] processing : 2022/05/24 04:07:06 Q=5
2026-01-07 14:43:32,831 - INFO - [GINSLIB] processing : 2022/05/24 04:07:07 Q=5
2026-01-07 14:43:32,831 - INFO - [GINSLIB] processing : 2022/05/24 04:07:08 Q=5
2026-01-07 14:43:32,831 - INFO - [GINSLIB] processing : 2022/05/24 04:07:09 Q=5
2026-01-07 14:43:32,831 - INFO - [GINSLIB] processing : 2022/05/24 04:07:10 Q=5
2026-01-07 14:43:32,831 - INFO - [GINSLIB] processing : 2022/05/24 04:07:11 Q=5
2026-01-07 14:43:32,832 - INFO - [GINSLIB] processing : 2022/05/24 04:07:12 Q=5
2026-01-07 14:43:32,832 - INFO - [GINSLIB] processing : 2022/05/24 04:07:13 Q=5
2026-01-07 14:43:32,832 - INFO - [GINSLIB] processing : 2022/05/24 04:07:14 Q=5
2026-01-07 14:43:32,832 - INFO - [GINSLIB] processing : 2022/05/24 04:07:15 Q=5
2026-01-07 14:43:32,832 - INFO - [GINSLIB] processing : 2022/05/24 04:07:16 Q=5
2026-01-07 14:43:32,924 - INFO - [GINSLIB] processing : 2022/05/24 04:07:17 Q=5
2026-01-07 14:43:32,924 - INFO - [GINSLIB] processing : 2022/05/24 04:07:18 Q=5
2026-01-07 14:43:32,924 - INFO - [GINSLIB] processing : 2022/05/24 04:07:19 Q=5
2026-01-07 14:43:32,924 - INFO - [GINSLIB] processing : 2022/05/24 04:07:20 Q=5
2026-01-07 14:43:32,925 - INFO - [GINSLIB] processing : 2022/05/24 04:07:21 Q=5
2026-01-07 14:43:32,925 - INFO - [GINSLIB] processing : 2022/05/24 04:07:22 Q=5
2026-01-07 14:43:32,925 - INFO - [GINSLIB] processing : 2022/05/24 04:07:23 Q=5
2026-01-07 14:43:32,925 - INFO - [GINSLIB] processing : 2022/05/24 04:07:24 Q=5
2026-01-07 14:43:32,925 - INFO - [GINSLIB] processing : 2022/05/24 04:07:25 Q=5
2026-01-07 14:43:32,926 - INFO - [GINSLIB] processing : 2022/05/24 04:07:26 Q=5
2026-01-07 14:43:32,926 - INFO - [GINSLIB] processing : 2022/05/24 04:07:27 Q=5
2026-01-07 14:43:32,926 - INFO - [GINSLIB] processing : 2022/05/24 04:07:28 Q=5
2026-01-07 14:43:32,926 - INFO - [GINSLIB] processing : 2022/05/24 04:07:29 Q=5
2026-01-07 14:43:32,926 - INFO - [GINSLIB] processing : 2022/05/24 04:07:30 Q=5
2026-01-07 14:43:32,926 - INFO - [GINSLIB] processing : 2022/05/24 04:07:31 Q=5
2026-01-07 14:43:32,927 - INFO - [GINSLIB] processing : 2022/05/24 04:07:32 Q=5
2026-01-07 14:43:32,927 - INFO - [GINSLIB] processing : 2022/05/24 04:07:33 Q=5
2026-01-07 14:43:32,927 - INFO - [GINSLIB] processing : 2022/05/24 04:07:34 Q=5
2026-01-07 14:43:32,927 - INFO - [GINSLIB] processing : 2022/05/24 04:07:35 Q=5
2026-01-07 14:43:32,927 - INFO - [GINSLIB] processing : 2022/05/24 04:07:36 Q=5
2026-01-07 14:43:32,927 - INFO - [GINSLIB] processing : 2022/05/24 04:07:37 Q=5
2026-01-07 14:43:32,927 - INFO - [GINSLIB] processing : 2022/05/24 04:07:38 Q=5
2026-01-07 14:43:33,019 - INFO - [GINSLIB] processing : 2022/05/24 04:07:39 Q=5
2026-01-07 14:43:33,019 - INFO - [GINSLIB] processing : 2022/05/24 04:07:40 Q=5
2026-01-07 14:43:33,020 - INFO - [GINSLIB] processing : 2022/05/24 04:07:41 Q=5
2026-01-07 14:43:33,020 - INFO - [GINSLIB] processing : 2022/05/24 04:07:42 Q=5
2026-01-07 14:43:33,020 - INFO - [GINSLIB] processing : 2022/05/24 04:07:43 Q=5
2026-01-07 14:43:33,020 - INFO - [GINSLIB] processing : 2022/05/24 04:07:44 Q=5
2026-01-07 14:43:33,020 - INFO - [GINSLIB] processing : 2022/05/24 04:07:45 Q=5
2026-01-07 14:43:33,020 - INFO - [GINSLIB] processing : 2022/05/24 04:07:46 Q=5
2026-01-07 14:43:33,020 - INFO - [GINSLIB] processing : 2022/05/24 04:07:47 Q=5
2026-01-07 14:43:33,020 - INFO - [GINSLIB] processing : 2022/05/24 04:07:48 Q=5
2026-01-07 14:43:33,020 - INFO - [GINSLIB] processing : 2022/05/24 04:07:49 Q=5
2026-01-07 14:43:33,020 - INFO - [GINSLIB] processing : 2022/05/24 04:07:50 Q=5
2026-01-07 14:43:33,020 - INFO - [GINSLIB] processing : 2022/05/24 04:07:51 Q=5
2026-01-07 14:43:33,020 - INFO - [GINSLIB] processing : 2022/05/24 04:07:52 Q=5
2026-01-07 14:43:33,021 - INFO - [GINSLIB] processing : 2022/05/24 04:07:53 Q=5
2026-01-07 14:43:33,021 - INFO - [GINSLIB] processing : 2022/05/24 04:07:54 Q=5
2026-01-07 14:43:33,021 - INFO - [GINSLIB] processing : 2022/05/24 04:07:55 Q=5
2026-01-07 14:43:33,021 - INFO - [GINSLIB] processing : 2022/05/24 04:07:56 Q=5
2026-01-07 14:43:33,021 - INFO - [GINSLIB] processing : 2022/05/24 04:07:57 Q=5
2026-01-07 14:43:33,021 - INFO - [GINSLIB] processing : 2022/05/24 04:07:58 Q=5
2026-01-07 14:43:33,021 - INFO - [GINSLIB] processing : 2022/05/24 04:07:59 Q=5
2026-01-07 14:43:33,021 - INFO - [GINSLIB] processing : 2022/05/24 04:08:00 Q=5
2026-01-07 14:43:33,113 - INFO - [GINSLIB] processing : 2022/05/24 04:08:01 Q=5
2026-01-07 14:43:33,113 - INFO - [GINSLIB] processing : 2022/05/24 04:08:02 Q=5
2026-01-07 14:43:33,113 - INFO - [GINSLIB] processing : 2022/05/24 04:08:03 Q=5
2026-01-07 14:43:33,113 - INFO - [GINSLIB] processing : 2022/05/24 04:08:04 Q=5
2026-01-07 14:43:33,113 - INFO - [GINSLIB] processing : 2022/05/24 04:08:05 Q=5
2026-01-07 14:43:33,114 - INFO - [GINSLIB] processing : 2022/05/24 04:08:06 Q=5
2026-01-07 14:43:33,114 - INFO - [GINSLIB] processing : 2022/05/24 04:08:07 Q=5
2026-01-07 14:43:33,114 - INFO - [GINSLIB] processing : 2022/05/24 04:08:08 Q=5
2026-01-07 14:43:33,114 - INFO - [GINSLIB] processing : 2022/05/24 04:08:09 Q=5
2026-01-07 14:43:33,114 - INFO - [GINSLIB] processing : 2022/05/24 04:08:10 Q=5
2026-01-07 14:43:33,114 - INFO - [GINSLIB] processing : 2022/05/24 04:08:11 Q=5
2026-01-07 14:43:33,115 - INFO - [GINSLIB] processing : 2022/05/24 04:08:12 Q=5
2026-01-07 14:43:33,115 - INFO - [GINSLIB] processing : 2022/05/24 04:08:13 Q=5
2026-01-07 14:43:33,115 - INFO - [GINSLIB] processing : 2022/05/24 04:08:14 Q=5
2026-01-07 14:43:33,115 - INFO - [GINSLIB] processing : 2022/05/24 04:08:15 Q=5
2026-01-07 14:43:33,115 - INFO - [GINSLIB] processing : 2022/05/24 04:08:16 Q=5
2026-01-07 14:43:33,115 - INFO - [GINSLIB] processing : 2022/05/24 04:08:17 Q=5
2026-01-07 14:43:33,115 - INFO - [GINSLIB] processing : 2022/05/24 04:08:18 Q=5
2026-01-07 14:43:33,116 - INFO - [GINSLIB] processing : 2022/05/24 04:08:19 Q=5
2026-01-07 14:43:33,116 - INFO - [GINSLIB] processing : 2022/05/24 04:08:20 Q=5
2026-01-07 14:43:33,116 - INFO - [GINSLIB] processing : 2022/05/24 04:08:21 Q=5
2026-01-07 14:43:33,116 - INFO - [GINSLIB] processing : 2022/05/24 04:08:22 Q=5
2026-01-07 14:43:33,208 - INFO - [GINSLIB] processing : 2022/05/24 04:08:23 Q=5
2026-01-07 14:43:33,209 - INFO - [GINSLIB] processing : 2022/05/24 04:08:24 Q=5
2026-01-07 14:43:33,209 - INFO - [GINSLIB] processing : 2022/05/24 04:08:25 Q=5
2026-01-07 14:43:33,209 - INFO - [GINSLIB] processing : 2022/05/24 04:08:26 Q=5
2026-01-07 14:43:33,209 - INFO - [GINSLIB] processing : 2022/05/24 04:08:27 Q=5
2026-01-07 14:43:33,209 - INFO - [GINSLIB] processing : 2022/05/24 04:08:28 Q=5
2026-01-07 14:43:33,209 - INFO - [GINSLIB] processing : 2022/05/24 04:08:29 Q=5
2026-01-07 14:43:33,210 - INFO - [GINSLIB] processing : 2022/05/24 04:08:30 Q=5
2026-01-07 14:43:33,210 - INFO - [GINSLIB] processing : 2022/05/24 04:08:31 Q=5
2026-01-07 14:43:33,210 - INFO - [GINSLIB] processing : 2022/05/24 04:08:32 Q=5
2026-01-07 14:43:33,210 - INFO - [GINSLIB] processing : 2022/05/24 04:08:33 Q=5
2026-01-07 14:43:33,210 - INFO - [GINSLIB] processing : 2022/05/24 04:08:34 Q=5
2026-01-07 14:43:33,211 - INFO - [GINSLIB] processing : 2022/05/24 04:08:35 Q=5
2026-01-07 14:43:33,211 - INFO - [GINSLIB] processing : 2022/05/24 04:08:36 Q=5
2026-01-07 14:43:33,211 - INFO - [GINSLIB] processing : 2022/05/24 04:08:37 Q=5
2026-01-07 14:43:33,211 - INFO - [GINSLIB] processing : 2022/05/24 04:08:38 Q=5
2026-01-07 14:43:33,211 - INFO - [GINSLIB] processing : 2022/05/24 04:08:39 Q=5
2026-01-07 14:43:33,211 - INFO - [GINSLIB] processing : 2022/05/24 04:08:40 Q=5
2026-01-07 14:43:33,211 - INFO - [GINSLIB] processing : 2022/05/24 04:08:41 Q=5
2026-01-07 14:43:33,212 - INFO - [GINSLIB] processing : 2022/05/24 04:08:42 Q=5
2026-01-07 14:43:33,212 - INFO - [GINSLIB] processing : 2022/05/24 04:08:43 Q=5
2026-01-07 14:43:33,212 - INFO - [GINSLIB] processing : 2022/05/24 04:08:44 Q=5
2026-01-07 14:43:33,306 - INFO - [GINSLIB] processing : 2022/05/24 04:08:45 Q=5
2026-01-07 14:43:33,306 - INFO - [GINSLIB] processing : 2022/05/24 04:08:46 Q=5
2026-01-07 14:43:33,306 - INFO - [GINSLIB] processing : 2022/05/24 04:08:47 Q=5
2026-01-07 14:43:33,306 - INFO - [GINSLIB] processing : 2022/05/24 04:08:48 Q=5
2026-01-07 14:43:33,306 - INFO - [GINSLIB] processing : 2022/05/24 04:08:49 Q=5
2026-01-07 14:43:33,306 - INFO - [GINSLIB] processing : 2022/05/24 04:08:50 Q=5
2026-01-07 14:43:33,306 - INFO - [GINSLIB] processing : 2022/05/24 04:08:51 Q=5
2026-01-07 14:43:33,306 - INFO - [GINSLIB] processing : 2022/05/24 04:08:52 Q=5
2026-01-07 14:43:33,306 - INFO - [GINSLIB] processing : 2022/05/24 04:08:53 Q=5
2026-01-07 14:43:33,307 - INFO - [GINSLIB] processing : 2022/05/24 04:08:54 Q=5
2026-01-07 14:43:33,307 - INFO - [GINSLIB] processing : 2022/05/24 04:08:55 Q=5
2026-01-07 14:43:33,307 - INFO - [GINSLIB] processing : 2022/05/24 04:08:56 Q=5
2026-01-07 14:43:33,307 - INFO - [GINSLIB] processing : 2022/05/24 04:08:57 Q=5
2026-01-07 14:43:33,307 - INFO - [GINSLIB] processing : 2022/05/24 04:08:58 Q=5
2026-01-07 14:43:33,307 - INFO - [GINSLIB] processing : 2022/05/24 04:08:59 Q=5
2026-01-07 14:43:33,307 - INFO - [GINSLIB] processing : 2022/05/24 04:09:00 Q=5
2026-01-07 14:43:33,307 - INFO - [GINSLIB] processing : 2022/05/24 04:09:01 Q=5
2026-01-07 14:43:33,307 - INFO - [GINSLIB] processing : 2022/05/24 04:09:02 Q=5
2026-01-07 14:43:33,307 - INFO - [GINSLIB] processing : 2022/05/24 04:09:03 Q=5
2026-01-07 14:43:33,307 - INFO - [GINSLIB] processing : 2022/05/24 04:09:04 Q=5
2026-01-07 14:43:33,307 - INFO - [GINSLIB] processing : 2022/05/24 04:09:05 Q=5
2026-01-07 14:43:33,307 - INFO - [GINSLIB] processing : 2022/05/24 04:09:06 Q=5
2026-01-07 14:43:33,307 - INFO - [GINSLIB] processing : 2022/05/24 04:09:07 Q=5
2026-01-07 14:43:33,405 - INFO - [GINSLIB] processing : 2022/05/24 04:09:08 Q=5
2026-01-07 14:43:33,405 - INFO - [GINSLIB] processing : 2022/05/24 04:09:09 Q=5
2026-01-07 14:43:33,406 - INFO - [GINSLIB] processing : 2022/05/24 04:09:10 Q=5
2026-01-07 14:43:33,406 - INFO - [GINSLIB] processing : 2022/05/24 04:09:11 Q=5
2026-01-07 14:43:33,406 - INFO - [GINSLIB] processing : 2022/05/24 04:09:12 Q=5
2026-01-07 14:43:33,406 - INFO - [GINSLIB] processing : 2022/05/24 04:09:13 Q=5
2026-01-07 14:43:33,406 - INFO - [GINSLIB] processing : 2022/05/24 04:09:14 Q=5
2026-01-07 14:43:33,406 - INFO - [GINSLIB] processing : 2022/05/24 04:09:15 Q=5
2026-01-07 14:43:33,407 - INFO - [GINSLIB] processing : 2022/05/24 04:09:16 Q=5
2026-01-07 14:43:33,407 - INFO - [GINSLIB] processing : 2022/05/24 04:09:17 Q=5
2026-01-07 14:43:33,407 - INFO - [GINSLIB] processing : 2022/05/24 04:09:18 Q=5
2026-01-07 14:43:33,407 - INFO - [GINSLIB] processing : 2022/05/24 04:09:19 Q=5
2026-01-07 14:43:33,408 - INFO - [GINSLIB] processing : 2022/05/24 04:09:20 Q=5
2026-01-07 14:43:33,408 - INFO - [GINSLIB] processing : 2022/05/24 04:09:21 Q=5
2026-01-07 14:43:33,408 - INFO - [GINSLIB] processing : 2022/05/24 04:09:22 Q=5
2026-01-07 14:43:33,408 - INFO - [GINSLIB] processing : 2022/05/24 04:09:23 Q=5
2026-01-07 14:43:33,408 - INFO - [GINSLIB] processing : 2022/05/24 04:09:24 Q=5
2026-01-07 14:43:33,408 - INFO - [GINSLIB] processing : 2022/05/24 04:09:25 Q=5
2026-01-07 14:43:33,408 - INFO - [GINSLIB] processing : 2022/05/24 04:09:26 Q=5
2026-01-07 14:43:33,408 - INFO - [GINSLIB] processing : 2022/05/24 04:09:27 Q=5
2026-01-07 14:43:33,408 - INFO - [GINSLIB] processing : 2022/05/24 04:09:28 Q=5
2026-01-07 14:43:33,408 - INFO - [GINSLIB] processing : 2022/05/24 04:09:29 Q=5
2026-01-07 14:43:33,504 - INFO - [GINSLIB] processing : 2022/05/24 04:09:30 Q=5
2026-01-07 14:43:33,505 - INFO - [GINSLIB] processing : 2022/05/24 04:09:31 Q=5
2026-01-07 14:43:33,505 - INFO - [GINSLIB] processing : 2022/05/24 04:09:32 Q=5
2026-01-07 14:43:33,505 - INFO - [GINSLIB] processing : 2022/05/24 04:09:33 Q=5
2026-01-07 14:43:33,506 - INFO - [GINSLIB] processing : 2022/05/24 04:09:34 Q=5
2026-01-07 14:43:33,506 - INFO - [GINSLIB] processing : 2022/05/24 04:09:35 Q=5
2026-01-07 14:43:33,506 - INFO - [GINSLIB] processing : 2022/05/24 04:09:36 Q=5
2026-01-07 14:43:33,506 - INFO - [GINSLIB] processing : 2022/05/24 04:09:37 Q=5
2026-01-07 14:43:33,506 - INFO - [GINSLIB] processing : 2022/05/24 04:09:38 Q=5
2026-01-07 14:43:33,506 - INFO - [GINSLIB] processing : 2022/05/24 04:09:39 Q=5
2026-01-07 14:43:33,507 - INFO - [GINSLIB] processing : 2022/05/24 04:09:40 Q=5
2026-01-07 14:43:33,507 - INFO - [GINSLIB] processing : 2022/05/24 04:09:41 Q=5
2026-01-07 14:43:33,507 - INFO - [GINSLIB] processing : 2022/05/24 04:09:42 Q=5
2026-01-07 14:43:33,507 - INFO - [GINSLIB] processing : 2022/05/24 04:09:43 Q=5
2026-01-07 14:43:33,507 - INFO - [GINSLIB] processing : 2022/05/24 04:09:44 Q=5
2026-01-07 14:43:33,508 - INFO - [GINSLIB] processing : 2022/05/24 04:09:45 Q=5
2026-01-07 14:43:33,508 - INFO - [GINSLIB] processing : 2022/05/24 04:09:46 Q=5
2026-01-07 14:43:33,508 - INFO - [GINSLIB] processing : 2022/05/24 04:09:47 Q=5
2026-01-07 14:43:33,508 - INFO - [GINSLIB] processing : 2022/05/24 04:09:48 Q=5
2026-01-07 14:43:33,508 - INFO - [GINSLIB] processing : 2022/05/24 04:09:49 Q=5
2026-01-07 14:43:33,508 - INFO - [GINSLIB] processing : 2022/05/24 04:09:50 Q=5
2026-01-07 14:43:33,508 - INFO - [GINSLIB] processing : 2022/05/24 04:09:51 Q=5
2026-01-07 14:43:33,602 - INFO - [GINSLIB] processing : 2022/05/24 04:09:52 Q=5
2026-01-07 14:43:33,602 - INFO - [GINSLIB] processing : 2022/05/24 04:09:53 Q=5
2026-01-07 14:43:33,602 - INFO - [GINSLIB] processing : 2022/05/24 04:09:54 Q=5
2026-01-07 14:43:33,602 - INFO - [GINSLIB] processing : 2022/05/24 04:09:55 Q=5
2026-01-07 14:43:33,602 - INFO - [GINSLIB] processing : 2022/05/24 04:09:56 Q=5
2026-01-07 14:43:33,603 - INFO - [GINSLIB] processing : 2022/05/24 04:09:57 Q=5
2026-01-07 14:43:33,603 - INFO - [GINSLIB] processing : 2022/05/24 04:09:58 Q=5
2026-01-07 14:43:33,603 - INFO - [GINSLIB] processing : 2022/05/24 04:09:59 Q=5
2026-01-07 14:43:33,603 - INFO - [GINSLIB] processing : 2022/05/24 04:10:00 Q=5
2026-01-07 14:43:33,603 - INFO - [GINSLIB] processing : 2022/05/24 04:10:01 Q=5
2026-01-07 14:43:33,603 - INFO - [GINSLIB] processing : 2022/05/24 04:10:02 Q=5
2026-01-07 14:43:33,604 - INFO - [GINSLIB] processing : 2022/05/24 04:10:03 Q=5
2026-01-07 14:43:33,604 - INFO - [GINSLIB] processing : 2022/05/24 04:10:04 Q=5
2026-01-07 14:43:33,604 - INFO - [GINSLIB] processing : 2022/05/24 04:10:05 Q=5
2026-01-07 14:43:33,604 - INFO - [GINSLIB] processing : 2022/05/24 04:10:06 Q=5
2026-01-07 14:43:33,604 - INFO - [GINSLIB] processing : 2022/05/24 04:10:07 Q=5
2026-01-07 14:43:33,604 - INFO - [GINSLIB] processing : 2022/05/24 04:10:08 Q=5
2026-01-07 14:43:33,604 - INFO - [GINSLIB] processing : 2022/05/24 04:10:09 Q=5
2026-01-07 14:43:33,604 - INFO - [GINSLIB] processing : 2022/05/24 04:10:10 Q=5
2026-01-07 14:43:33,604 - INFO - [GINSLIB] processing : 2022/05/24 04:10:11 Q=5
2026-01-07 14:43:33,604 - INFO - [GINSLIB] processing : 2022/05/24 04:10:12 Q=5
2026-01-07 14:43:33,604 - INFO - [GINSLIB] processing : 2022/05/24 04:10:13 Q=5
2026-01-07 14:43:33,706 - INFO - [GINSLIB] processing : 2022/05/24 04:10:14 Q=5
2026-01-07 14:43:33,706 - INFO - [GINSLIB] processing : 2022/05/24 04:10:15 Q=5
2026-01-07 14:43:33,706 - INFO - [GINSLIB] processing : 2022/05/24 04:10:16 Q=5
2026-01-07 14:43:33,706 - INFO - [GINSLIB] processing : 2022/05/24 04:10:17 Q=5
2026-01-07 14:43:33,707 - INFO - [GINSLIB] processing : 2022/05/24 04:10:18 Q=5
2026-01-07 14:43:33,707 - INFO - [GINSLIB] processing : 2022/05/24 04:10:19 Q=5
2026-01-07 14:43:33,707 - INFO - [GINSLIB] processing : 2022/05/24 04:10:20 Q=5
2026-01-07 14:43:33,707 - INFO - [GINSLIB] processing : 2022/05/24 04:10:21 Q=5
2026-01-07 14:43:33,707 - INFO - [GINSLIB] processing : 2022/05/24 04:10:22 Q=5
2026-01-07 14:43:33,707 - INFO - [GINSLIB] processing : 2022/05/24 04:10:23 Q=5
2026-01-07 14:43:33,708 - INFO - [GINSLIB] processing : 2022/05/24 04:10:24 Q=5
2026-01-07 14:43:33,708 - INFO - [GINSLIB] processing : 2022/05/24 04:10:25 Q=5
2026-01-07 14:43:33,708 - INFO - [GINSLIB] processing : 2022/05/24 04:10:26 Q=5
2026-01-07 14:43:33,708 - INFO - [GINSLIB] processing : 2022/05/24 04:10:27 Q=5
2026-01-07 14:43:33,708 - INFO - [GINSLIB] processing : 2022/05/24 04:10:28 Q=5
2026-01-07 14:43:33,708 - INFO - [GINSLIB] processing : 2022/05/24 04:10:29 Q=5
2026-01-07 14:43:33,709 - INFO - [GINSLIB] processing : 2022/05/24 04:10:30 Q=5
2026-01-07 14:43:33,709 - INFO - [GINSLIB] processing : 2022/05/24 04:10:31 Q=5
2026-01-07 14:43:33,709 - INFO - [GINSLIB] processing : 2022/05/24 04:10:32 Q=5
2026-01-07 14:43:33,709 - INFO - [GINSLIB] processing : 2022/05/24 04:10:33 Q=5
2026-01-07 14:43:33,709 - INFO - [GINSLIB] processing : 2022/05/24 04:10:34 Q=5
2026-01-07 14:43:33,709 - INFO - [GINSLIB] processing : 2022/05/24 04:10:35 Q=5
2026-01-07 14:43:33,815 - INFO - [GINSLIB] processing : 2022/05/24 04:10:36 Q=5
2026-01-07 14:43:33,815 - INFO - [GINSLIB] processing : 2022/05/24 04:10:37 Q=5
2026-01-07 14:43:33,816 - INFO - [GINSLIB] processing : 2022/05/24 04:10:38 Q=5
2026-01-07 14:43:33,816 - INFO - [GINSLIB] processing : 2022/05/24 04:10:39 Q=5
2026-01-07 14:43:33,816 - INFO - [GINSLIB] processing : 2022/05/24 04:10:40 Q=5
2026-01-07 14:43:33,816 - INFO - [GINSLIB] processing : 2022/05/24 04:10:41 Q=5
2026-01-07 14:43:33,817 - INFO - [GINSLIB] processing : 2022/05/24 04:10:42 Q=5
2026-01-07 14:43:33,817 - INFO - [GINSLIB] processing : 2022/05/24 04:10:43 Q=5
2026-01-07 14:43:33,817 - INFO - [GINSLIB] processing : 2022/05/24 04:10:44 Q=5
2026-01-07 14:43:33,817 - INFO - [GINSLIB] processing : 2022/05/24 04:10:45 Q=5
2026-01-07 14:43:33,817 - INFO - [GINSLIB] processing : 2022/05/24 04:10:46 Q=5
2026-01-07 14:43:33,818 - INFO - [GINSLIB] processing : 2022/05/24 04:10:47 Q=5
2026-01-07 14:43:33,818 - INFO - [GINSLIB] processing : 2022/05/24 04:10:48 Q=5
2026-01-07 14:43:33,818 - INFO - [GINSLIB] processing : 2022/05/24 04:10:49 Q=5
2026-01-07 14:43:33,818 - INFO - [GINSLIB] processing : 2022/05/24 04:10:50 Q=5
2026-01-07 14:43:33,819 - INFO - [GINSLIB] processing : 2022/05/24 04:10:51 Q=5
2026-01-07 14:43:33,819 - INFO - [GINSLIB] processing : 2022/05/24 04:10:52 Q=5
2026-01-07 14:43:33,819 - INFO - [GINSLIB] processing : 2022/05/24 04:10:53 Q=5
2026-01-07 14:43:33,819 - INFO - [GINSLIB] processing : 2022/05/24 04:10:54 Q=5
2026-01-07 14:43:33,819 - INFO - [GINSLIB] processing : 2022/05/24 04:10:55 Q=5
2026-01-07 14:43:33,819 - INFO - [GINSLIB] processing : 2022/05/24 04:10:56 Q=5
2026-01-07 14:43:33,820 - INFO - [GINSLIB] processing : 2022/05/24 04:10:57 Q=5
2026-01-07 14:43:33,925 - INFO - [GINSLIB] processing : 2022/05/24 04:10:58 Q=5
2026-01-07 14:43:33,925 - INFO - [GINSLIB] processing : 2022/05/24 04:10:59 Q=5
2026-01-07 14:43:33,925 - INFO - [GINSLIB] processing : 2022/05/24 04:11:00 Q=5
2026-01-07 14:43:33,926 - INFO - [GINSLIB] processing : 2022/05/24 04:11:01 Q=5
2026-01-07 14:43:33,926 - INFO - [GINSLIB] processing : 2022/05/24 04:11:02 Q=5
2026-01-07 14:43:33,926 - INFO - [GINSLIB] processing : 2022/05/24 04:11:03 Q=5
2026-01-07 14:43:33,926 - INFO - [GINSLIB] processing : 2022/05/24 04:11:04 Q=5
2026-01-07 14:43:33,926 - INFO - [GINSLIB] processing : 2022/05/24 04:11:05 Q=5
2026-01-07 14:43:33,926 - INFO - [GINSLIB] processing : 2022/05/24 04:11:06 Q=5
2026-01-07 14:43:33,927 - INFO - [GINSLIB] processing : 2022/05/24 04:11:07 Q=5
2026-01-07 14:43:33,927 - INFO - [GINSLIB] processing : 2022/05/24 04:11:08 Q=5
2026-01-07 14:43:33,927 - INFO - [GINSLIB] processing : 2022/05/24 04:11:09 Q=5
2026-01-07 14:43:33,927 - INFO - [GINSLIB] processing : 2022/05/24 04:11:10 Q=5
2026-01-07 14:43:33,927 - INFO - [GINSLIB] processing : 2022/05/24 04:11:11 Q=5
2026-01-07 14:43:33,927 - INFO - [GINSLIB] processing : 2022/05/24 04:11:12 Q=5
2026-01-07 14:43:33,927 - INFO - [GINSLIB] processing : 2022/05/24 04:11:13 Q=5
2026-01-07 14:43:33,928 - INFO - [GINSLIB] processing : 2022/05/24 04:11:14 Q=5
2026-01-07 14:43:33,928 - INFO - [GINSLIB] processing : 2022/05/24 04:11:15 Q=5
2026-01-07 14:43:33,928 - INFO - [GINSLIB] processing : 2022/05/24 04:11:16 Q=5
2026-01-07 14:43:33,928 - INFO - [GINSLIB] processing : 2022/05/24 04:11:17 Q=5
2026-01-07 14:43:33,928 - INFO - [GINSLIB] processing : 2022/05/24 04:11:18 Q=5
2026-01-07 14:43:33,928 - INFO - [GINSLIB] processing : 2022/05/24 04:11:19 Q=5
2026-01-07 14:43:34,045 - INFO - [GINSLIB] processing : 2022/05/24 04:11:20 Q=5
2026-01-07 14:43:34,045 - INFO - [GINSLIB] processing : 2022/05/24 04:11:21 Q=5
2026-01-07 14:43:34,045 - INFO - [GINSLIB] processing : 2022/05/24 04:11:22 Q=5
2026-01-07 14:43:34,045 - INFO - [GINSLIB] processing : 2022/05/24 04:11:23 Q=5
2026-01-07 14:43:34,045 - INFO - [GINSLIB] processing : 2022/05/24 04:11:24 Q=5
2026-01-07 14:43:34,046 - INFO - [GINSLIB] processing : 2022/05/24 04:11:25 Q=5
2026-01-07 14:43:34,046 - INFO - [GINSLIB] processing : 2022/05/24 04:11:26 Q=5
2026-01-07 14:43:34,046 - INFO - [GINSLIB] processing : 2022/05/24 04:11:27 Q=5
2026-01-07 14:43:34,046 - INFO - [GINSLIB] processing : 2022/05/24 04:11:28 Q=5
2026-01-07 14:43:34,046 - INFO - [GINSLIB] processing : 2022/05/24 04:11:29 Q=5
2026-01-07 14:43:34,046 - INFO - [GINSLIB] processing : 2022/05/24 04:11:30 Q=5
2026-01-07 14:43:34,046 - INFO - [GINSLIB] processing : 2022/05/24 04:11:31 Q=5
2026-01-07 14:43:34,046 - INFO - [GINSLIB] processing : 2022/05/24 04:11:32 Q=5
2026-01-07 14:43:34,047 - INFO - [GINSLIB] processing : 2022/05/24 04:11:33 Q=5
2026-01-07 14:43:34,047 - INFO - [GINSLIB] processing : 2022/05/24 04:11:34 Q=5
2026-01-07 14:43:34,047 - INFO - [GINSLIB] processing : 2022/05/24 04:11:35 Q=5
2026-01-07 14:43:34,047 - INFO - [GINSLIB] processing : 2022/05/24 04:11:36 Q=5
2026-01-07 14:43:34,047 - INFO - [GINSLIB] processing : 2022/05/24 04:11:37 Q=5
2026-01-07 14:43:34,047 - INFO - [GINSLIB] processing : 2022/05/24 04:11:38 Q=5
2026-01-07 14:43:34,047 - INFO - [GINSLIB] processing : 2022/05/24 04:11:39 Q=5
2026-01-07 14:43:34,047 - INFO - [GINSLIB] processing : 2022/05/24 04:11:40 Q=5
2026-01-07 14:43:34,047 - INFO - [GINSLIB] processing : 2022/05/24 04:11:41 Q=5
2026-01-07 14:43:34,047 - INFO - [GINSLIB] processing : 2022/05/24 04:11:42 Q=5
2026-01-07 14:43:34,150 - INFO - [GINSLIB] processing : 2022/05/24 04:11:43 Q=5
2026-01-07 14:43:34,150 - INFO - [GINSLIB] processing : 2022/05/24 04:11:44 Q=5
2026-01-07 14:43:34,150 - INFO - [GINSLIB] processing : 2022/05/24 04:11:45 Q=5
2026-01-07 14:43:34,150 - INFO - [GINSLIB] processing : 2022/05/24 04:11:46 Q=5
2026-01-07 14:43:34,151 - INFO - [GINSLIB] processing : 2022/05/24 04:11:47 Q=5
2026-01-07 14:43:34,151 - INFO - [GINSLIB] processing : 2022/05/24 04:11:48 Q=5
2026-01-07 14:43:34,151 - INFO - [GINSLIB] processing : 2022/05/24 04:11:49 Q=5
2026-01-07 14:43:34,151 - INFO - [GINSLIB] processing : 2022/05/24 04:11:50 Q=5
2026-01-07 14:43:34,151 - INFO - [GINSLIB] processing : 2022/05/24 04:11:51 Q=5
2026-01-07 14:43:34,151 - INFO - [GINSLIB] processing : 2022/05/24 04:11:52 Q=5
2026-01-07 14:43:34,151 - INFO - [GINSLIB] processing : 2022/05/24 04:11:53 Q=5
2026-01-07 14:43:34,151 - INFO - [GINSLIB] processing : 2022/05/24 04:11:54 Q=5
2026-01-07 14:43:34,152 - INFO - [GINSLIB] processing : 2022/05/24 04:11:55 Q=5
2026-01-07 14:43:34,152 - INFO - [GINSLIB] processing : 2022/05/24 04:11:56 Q=5
2026-01-07 14:43:34,152 - INFO - [GINSLIB] processing : 2022/05/24 04:11:57 Q=5
2026-01-07 14:43:34,152 - INFO - [GINSLIB] processing : 2022/05/24 04:11:58 Q=5
2026-01-07 14:43:34,152 - INFO - [GINSLIB] processing : 2022/05/24 04:11:59 Q=5
2026-01-07 14:43:34,152 - INFO - [GINSLIB] processing : 2022/05/24 04:12:00 Q=5
2026-01-07 14:43:34,153 - INFO - [GINSLIB] processing : 2022/05/24 04:12:01 Q=5
2026-01-07 14:43:34,153 - INFO - [GINSLIB] processing : 2022/05/24 04:12:02 Q=5
2026-01-07 14:43:34,153 - INFO - [GINSLIB] processing : 2022/05/24 04:12:03 Q=5
2026-01-07 14:43:34,153 - INFO - [GINSLIB] processing : 2022/05/24 04:12:04 Q=5
2026-01-07 14:43:34,253 - INFO - [GINSLIB] processing : 2022/05/24 04:12:05 Q=5
2026-01-07 14:43:34,253 - INFO - [GINSLIB] processing : 2022/05/24 04:12:06 Q=5
2026-01-07 14:43:34,254 - INFO - [GINSLIB] processing : 2022/05/24 04:12:07 Q=5
2026-01-07 14:43:34,254 - INFO - [GINSLIB] processing : 2022/05/24 04:12:08 Q=5
2026-01-07 14:43:34,254 - INFO - [GINSLIB] processing : 2022/05/24 04:12:09 Q=5
2026-01-07 14:43:34,254 - INFO - [GINSLIB] processing : 2022/05/24 04:12:10 Q=5
2026-01-07 14:43:34,254 - INFO - [GINSLIB] processing : 2022/05/24 04:12:11 Q=5
2026-01-07 14:43:34,255 - INFO - [GINSLIB] processing : 2022/05/24 04:12:12 Q=5
2026-01-07 14:43:34,255 - INFO - [GINSLIB] processing : 2022/05/24 04:12:13 Q=5
2026-01-07 14:43:34,255 - INFO - [GINSLIB] processing : 2022/05/24 04:12:14 Q=5
2026-01-07 14:43:34,255 - INFO - [GINSLIB] processing : 2022/05/24 04:12:15 Q=5
2026-01-07 14:43:34,255 - INFO - [GINSLIB] processing : 2022/05/24 04:12:16 Q=5
2026-01-07 14:43:34,255 - INFO - [GINSLIB] processing : 2022/05/24 04:12:17 Q=5
2026-01-07 14:43:34,255 - INFO - [GINSLIB] processing : 2022/05/24 04:12:18 Q=5
2026-01-07 14:43:34,255 - INFO - [GINSLIB] processing : 2022/05/24 04:12:19 Q=5
2026-01-07 14:43:34,255 - INFO - [GINSLIB] processing : 2022/05/24 04:12:20 Q=5
2026-01-07 14:43:34,255 - INFO - [GINSLIB] processing : 2022/05/24 04:12:21 Q=5
2026-01-07 14:43:34,256 - INFO - [GINSLIB] processing : 2022/05/24 04:12:22 Q=5
2026-01-07 14:43:34,256 - INFO - [GINSLIB] processing : 2022/05/24 04:12:23 Q=5
2026-01-07 14:43:34,256 - INFO - [GINSLIB] processing : 2022/05/24 04:12:24 Q=5
2026-01-07 14:43:34,256 - INFO - [GINSLIB] processing : 2022/05/24 04:12:25 Q=5
2026-01-07 14:43:34,256 - INFO - [GINSLIB] processing : 2022/05/24 04:12:26 Q=5
2026-01-07 14:43:34,350 - INFO - [GINSLIB] processing : 2022/05/24 04:12:27 Q=5
2026-01-07 14:43:34,351 - INFO - [GINSLIB] processing : 2022/05/24 04:12:28 Q=5
2026-01-07 14:43:34,351 - INFO - [GINSLIB] processing : 2022/05/24 04:12:29 Q=5
2026-01-07 14:43:34,351 - INFO - [GINSLIB] processing : 2022/05/24 04:12:30 Q=5
2026-01-07 14:43:34,351 - INFO - [GINSLIB] processing : 2022/05/24 04:12:31 Q=5
2026-01-07 14:43:34,352 - INFO - [GINSLIB] processing : 2022/05/24 04:12:32 Q=5
2026-01-07 14:43:34,352 - INFO - [GINSLIB] processing : 2022/05/24 04:12:33 Q=5
2026-01-07 14:43:34,352 - INFO - [GINSLIB] processing : 2022/05/24 04:12:34 Q=5
2026-01-07 14:43:34,352 - INFO - [GINSLIB] processing : 2022/05/24 04:12:35 Q=5
2026-01-07 14:43:34,352 - INFO - [GINSLIB] processing : 2022/05/24 04:12:36 Q=5
2026-01-07 14:43:34,353 - INFO - [GINSLIB] processing : 2022/05/24 04:12:37 Q=5
2026-01-07 14:43:34,353 - INFO - [GINSLIB] processing : 2022/05/24 04:12:38 Q=5
2026-01-07 14:43:34,353 - INFO - [GINSLIB] processing : 2022/05/24 04:12:39 Q=5
2026-01-07 14:43:34,353 - INFO - [GINSLIB] processing : 2022/05/24 04:12:40 Q=5
2026-01-07 14:43:34,353 - INFO - [GINSLIB] processing : 2022/05/24 04:12:41 Q=5
2026-01-07 14:43:34,353 - INFO - [GINSLIB] processing : 2022/05/24 04:12:42 Q=5
2026-01-07 14:43:34,353 - INFO - [GINSLIB] processing : 2022/05/24 04:12:43 Q=5
2026-01-07 14:43:34,354 - INFO - [GINSLIB] processing : 2022/05/24 04:12:44 Q=5
2026-01-07 14:43:34,354 - INFO - [GINSLIB] processing : 2022/05/24 04:12:45 Q=5
2026-01-07 14:43:34,354 - INFO - [GINSLIB] processing : 2022/05/24 04:12:46 Q=5
2026-01-07 14:43:34,354 - INFO - [GINSLIB] processing : 2022/05/24 04:12:47 Q=5
2026-01-07 14:43:34,354 - INFO - [GINSLIB] processing : 2022/05/24 04:12:48 Q=5
2026-01-07 14:43:34,449 - INFO - [GINSLIB] processing : 2022/05/24 04:12:49 Q=5
2026-01-07 14:43:34,449 - INFO - [GINSLIB] processing : 2022/05/24 04:12:50 Q=5
2026-01-07 14:43:34,450 - INFO - [GINSLIB] processing : 2022/05/24 04:12:51 Q=5
2026-01-07 14:43:34,450 - INFO - [GINSLIB] processing : 2022/05/24 04:12:52 Q=5
2026-01-07 14:43:34,450 - INFO - [GINSLIB] processing : 2022/05/24 04:12:53 Q=5
2026-01-07 14:43:34,450 - INFO - [GINSLIB] processing : 2022/05/24 04:12:54 Q=5
2026-01-07 14:43:34,451 - INFO - [GINSLIB] processing : 2022/05/24 04:12:55 Q=5
2026-01-07 14:43:34,451 - INFO - [GINSLIB] processing : 2022/05/24 04:12:56 Q=5
2026-01-07 14:43:34,451 - INFO - [GINSLIB] processing : 2022/05/24 04:12:57 Q=5
2026-01-07 14:43:34,451 - INFO - [GINSLIB] processing : 2022/05/24 04:12:58 Q=5
2026-01-07 14:43:34,451 - INFO - [GINSLIB] processing : 2022/05/24 04:12:59 Q=5
2026-01-07 14:43:34,451 - INFO - [GINSLIB] processing : 2022/05/24 04:13:00 Q=5
2026-01-07 14:43:34,452 - INFO - [GINSLIB] processing : 2022/05/24 04:13:01 Q=5
2026-01-07 14:43:34,452 - INFO - [GINSLIB] processing : 2022/05/24 04:13:02 Q=5
2026-01-07 14:43:34,452 - INFO - [GINSLIB] processing : 2022/05/24 04:13:03 Q=5
2026-01-07 14:43:34,452 - INFO - [GINSLIB] processing : 2022/05/24 04:13:04 Q=5
2026-01-07 14:43:34,452 - INFO - [GINSLIB] processing : 2022/05/24 04:13:05 Q=5
2026-01-07 14:43:34,452 - INFO - [GINSLIB] processing : 2022/05/24 04:13:06 Q=5
2026-01-07 14:43:34,452 - INFO - [GINSLIB] processing : 2022/05/24 04:13:07 Q=5
2026-01-07 14:43:34,453 - INFO - [GINSLIB] processing : 2022/05/24 04:13:08 Q=5
2026-01-07 14:43:34,453 - INFO - [GINSLIB] processing : 2022/05/24 04:13:09 Q=5
2026-01-07 14:43:34,453 - INFO - [GINSLIB] processing : 2022/05/24 04:13:10 Q=5
2026-01-07 14:43:34,550 - INFO - [GINSLIB] processing : 2022/05/24 04:13:11 Q=5
2026-01-07 14:43:34,551 - INFO - [GINSLIB] processing : 2022/05/24 04:13:12 Q=5
2026-01-07 14:43:34,551 - INFO - [GINSLIB] processing : 2022/05/24 04:13:13 Q=5
2026-01-07 14:43:34,551 - INFO - [GINSLIB] processing : 2022/05/24 04:13:14 Q=5
2026-01-07 14:43:34,551 - INFO - [GINSLIB] processing : 2022/05/24 04:13:15 Q=5
2026-01-07 14:43:34,552 - INFO - [GINSLIB] processing : 2022/05/24 04:13:16 Q=5
2026-01-07 14:43:34,552 - INFO - [GINSLIB] processing : 2022/05/24 04:13:17 Q=5
2026-01-07 14:43:34,552 - INFO - [GINSLIB] processing : 2022/05/24 04:13:18 Q=5
2026-01-07 14:43:34,552 - INFO - [GINSLIB] processing : 2022/05/24 04:13:19 Q=5
2026-01-07 14:43:34,552 - INFO - [GINSLIB] processing : 2022/05/24 04:13:20 Q=5
2026-01-07 14:43:34,553 - INFO - [GINSLIB] processing : 2022/05/24 04:13:21 Q=5
2026-01-07 14:43:34,553 - INFO - [GINSLIB] processing : 2022/05/24 04:13:22 Q=5
2026-01-07 14:43:34,553 - INFO - [GINSLIB] processing : 2022/05/24 04:13:23 Q=5
2026-01-07 14:43:34,553 - INFO - [GINSLIB] processing : 2022/05/24 04:13:24 Q=5
2026-01-07 14:43:34,553 - INFO - [GINSLIB] processing : 2022/05/24 04:13:25 Q=5
2026-01-07 14:43:34,553 - INFO - [GINSLIB] processing : 2022/05/24 04:13:26 Q=5
2026-01-07 14:43:34,554 - INFO - [GINSLIB] processing : 2022/05/24 04:13:27 Q=5
2026-01-07 14:43:34,554 - INFO - [GINSLIB] processing : 2022/05/24 04:13:28 Q=5
2026-01-07 14:43:34,554 - INFO - [GINSLIB] processing : 2022/05/24 04:13:29 Q=5
2026-01-07 14:43:34,554 - INFO - [GINSLIB] processing : 2022/05/24 04:13:30 Q=5
2026-01-07 14:43:34,554 - INFO - [GINSLIB] processing : 2022/05/24 04:13:31 Q=5
2026-01-07 14:43:34,554 - INFO - [GINSLIB] processing : 2022/05/24 04:13:32 Q=5
2026-01-07 14:43:34,650 - INFO - [GINSLIB] processing : 2022/05/24 04:13:33 Q=5
2026-01-07 14:43:34,650 - INFO - [GINSLIB] processing : 2022/05/24 04:13:34 Q=5
2026-01-07 14:43:34,651 - INFO - [GINSLIB] processing : 2022/05/24 04:13:35 Q=5
2026-01-07 14:43:34,651 - INFO - [GINSLIB] processing : 2022/05/24 04:13:36 Q=5
2026-01-07 14:43:34,651 - INFO - [GINSLIB] processing : 2022/05/24 04:13:37 Q=5
2026-01-07 14:43:34,651 - INFO - [GINSLIB] processing : 2022/05/24 04:13:38 Q=5
2026-01-07 14:43:34,652 - INFO - [GINSLIB] processing : 2022/05/24 04:13:39 Q=5
2026-01-07 14:43:34,652 - INFO - [GINSLIB] processing : 2022/05/24 04:13:40 Q=5
2026-01-07 14:43:34,652 - INFO - [GINSLIB] processing : 2022/05/24 04:13:41 Q=5
2026-01-07 14:43:34,652 - INFO - [GINSLIB] processing : 2022/05/24 04:13:42 Q=5
2026-01-07 14:43:34,652 - INFO - [GINSLIB] processing : 2022/05/24 04:13:43 Q=5
2026-01-07 14:43:34,653 - INFO - [GINSLIB] processing : 2022/05/24 04:13:44 Q=5
2026-01-07 14:43:34,653 - INFO - [GINSLIB] processing : 2022/05/24 04:13:45 Q=5
2026-01-07 14:43:34,653 - INFO - [GINSLIB] processing : 2022/05/24 04:13:46 Q=5
2026-01-07 14:43:34,654 - INFO - [GINSLIB] processing : 2022/05/24 04:13:47 Q=5
2026-01-07 14:43:34,654 - INFO - [GINSLIB] processing : 2022/05/24 04:13:48 Q=5
2026-01-07 14:43:34,654 - INFO - [GINSLIB] processing : 2022/05/24 04:13:49 Q=5
2026-01-07 14:43:34,654 - INFO - [GINSLIB] processing : 2022/05/24 04:13:50 Q=5
2026-01-07 14:43:34,654 - INFO - [GINSLIB] processing : 2022/05/24 04:13:51 Q=5
2026-01-07 14:43:34,654 - INFO - [GINSLIB] processing : 2022/05/24 04:13:52 Q=5
2026-01-07 14:43:34,654 - INFO - [GINSLIB] processing : 2022/05/24 04:13:53 Q=5
2026-01-07 14:43:34,654 - INFO - [GINSLIB] processing : 2022/05/24 04:13:54 Q=5
2026-01-07 14:43:34,749 - INFO - [GINSLIB] processing : 2022/05/24 04:13:55 Q=5
2026-01-07 14:43:34,750 - INFO - [GINSLIB] processing : 2022/05/24 04:13:56 Q=5
2026-01-07 14:43:34,750 - INFO - [GINSLIB] processing : 2022/05/24 04:13:57 Q=5
2026-01-07 14:43:34,750 - INFO - [GINSLIB] processing : 2022/05/24 04:13:58 Q=5
2026-01-07 14:43:34,750 - INFO - [GINSLIB] processing : 2022/05/24 04:13:59 Q=5
2026-01-07 14:43:34,750 - INFO - [GINSLIB] processing : 2022/05/24 04:14:00 Q=5
2026-01-07 14:43:34,750 - INFO - [GINSLIB] processing : 2022/05/24 04:14:01 Q=5
2026-01-07 14:43:34,751 - INFO - [GINSLIB] processing : 2022/05/24 04:14:02 Q=5
2026-01-07 14:43:34,751 - INFO - [GINSLIB] processing : 2022/05/24 04:14:03 Q=5
2026-01-07 14:43:34,751 - INFO - [GINSLIB] processing : 2022/05/24 04:14:04 Q=5
2026-01-07 14:43:34,751 - INFO - [GINSLIB] processing : 2022/05/24 04:14:05 Q=5
2026-01-07 14:43:34,752 - INFO - [GINSLIB] processing : 2022/05/24 04:14:06 Q=5
2026-01-07 14:43:34,752 - INFO - [GINSLIB] processing : 2022/05/24 04:14:07 Q=5
2026-01-07 14:43:34,752 - INFO - [GINSLIB] processing : 2022/05/24 04:14:08 Q=5
2026-01-07 14:43:34,752 - INFO - [GINSLIB] processing : 2022/05/24 04:14:09 Q=5
2026-01-07 14:43:34,752 - INFO - [GINSLIB] processing : 2022/05/24 04:14:10 Q=5
2026-01-07 14:43:34,753 - INFO - [GINSLIB] processing : 2022/05/24 04:14:11 Q=5
2026-01-07 14:43:34,753 - INFO - [GINSLIB] processing : 2022/05/24 04:14:12 Q=5
2026-01-07 14:43:34,753 - INFO - [GINSLIB] processing : 2022/05/24 04:14:13 Q=5
2026-01-07 14:43:34,753 - INFO - [GINSLIB] processing : 2022/05/24 04:14:14 Q=5
2026-01-07 14:43:34,753 - INFO - [GINSLIB] processing : 2022/05/24 04:14:15 Q=5
2026-01-07 14:43:34,753 - INFO - [GINSLIB] processing : 2022/05/24 04:14:16 Q=5
2026-01-07 14:43:34,753 - INFO - [GINSLIB] processing : 2022/05/24 04:14:17 Q=5
2026-01-07 14:43:34,850 - INFO - [GINSLIB] processing : 2022/05/24 04:14:18 Q=5
2026-01-07 14:43:34,851 - INFO - [GINSLIB] processing : 2022/05/24 04:14:19 Q=5
2026-01-07 14:43:34,851 - INFO - [GINSLIB] processing : 2022/05/24 04:14:20 Q=5
2026-01-07 14:43:34,851 - INFO - [GINSLIB] processing : 2022/05/24 04:14:21 Q=5
2026-01-07 14:43:34,851 - INFO - [GINSLIB] processing : 2022/05/24 04:14:22 Q=5
2026-01-07 14:43:34,852 - INFO - [GINSLIB] processing : 2022/05/24 04:14:23 Q=5
2026-01-07 14:43:34,852 - INFO - [GINSLIB] processing : 2022/05/24 04:14:24 Q=5
2026-01-07 14:43:34,852 - INFO - [GINSLIB] processing : 2022/05/24 04:14:25 Q=5
2026-01-07 14:43:34,852 - INFO - [GINSLIB] processing : 2022/05/24 04:14:26 Q=5
2026-01-07 14:43:34,852 - INFO - [GINSLIB] processing : 2022/05/24 04:14:27 Q=5
2026-01-07 14:43:34,853 - INFO - [GINSLIB] processing : 2022/05/24 04:14:28 Q=5
2026-01-07 14:43:34,853 - INFO - [GINSLIB] processing : 2022/05/24 04:14:29 Q=5
2026-01-07 14:43:34,853 - INFO - [GINSLIB] processing : 2022/05/24 04:14:30 Q=5
2026-01-07 14:43:34,853 - INFO - [GINSLIB] processing : 2022/05/24 04:14:31 Q=5
2026-01-07 14:43:34,853 - INFO - [GINSLIB] processing : 2022/05/24 04:14:32 Q=5
2026-01-07 14:43:34,853 - INFO - [GINSLIB] processing : 2022/05/24 04:14:33 Q=5
2026-01-07 14:43:34,854 - INFO - [GINSLIB] processing : 2022/05/24 04:14:34 Q=5
2026-01-07 14:43:34,854 - INFO - [GINSLIB] processing : 2022/05/24 04:14:35 Q=5
2026-01-07 14:43:34,854 - INFO - [GINSLIB] processing : 2022/05/24 04:14:36 Q=5
2026-01-07 14:43:34,854 - INFO - [GINSLIB] processing : 2022/05/24 04:14:37 Q=5
2026-01-07 14:43:34,854 - INFO - [GINSLIB] processing : 2022/05/24 04:14:38 Q=5
2026-01-07 14:43:34,854 - INFO - [GINSLIB] processing : 2022/05/24 04:14:39 Q=5
2026-01-07 14:43:34,952 - INFO - [GINSLIB] processing : 2022/05/24 04:14:40 Q=5
2026-01-07 14:43:34,952 - INFO - [GINSLIB] processing : 2022/05/24 04:14:41 Q=5
2026-01-07 14:43:34,952 - INFO - [GINSLIB] processing : 2022/05/24 04:14:42 Q=5
2026-01-07 14:43:34,952 - INFO - [GINSLIB] processing : 2022/05/24 04:14:43 Q=5
2026-01-07 14:43:34,953 - INFO - [GINSLIB] processing : 2022/05/24 04:14:44 Q=5
2026-01-07 14:43:34,953 - INFO - [GINSLIB] processing : 2022/05/24 04:14:45 Q=5
2026-01-07 14:43:34,953 - INFO - [GINSLIB] processing : 2022/05/24 04:14:46 Q=5
2026-01-07 14:43:34,953 - INFO - [GINSLIB] processing : 2022/05/24 04:14:47 Q=5
2026-01-07 14:43:34,953 - INFO - [GINSLIB] processing : 2022/05/24 04:14:48 Q=5
2026-01-07 14:43:34,953 - INFO - [GINSLIB] processing : 2022/05/24 04:14:49 Q=5
2026-01-07 14:43:34,954 - INFO - [GINSLIB] processing : 2022/05/24 04:14:50 Q=5
2026-01-07 14:43:34,954 - INFO - [GINSLIB] processing : 2022/05/24 04:14:51 Q=5
2026-01-07 14:43:34,954 - INFO - [GINSLIB] processing : 2022/05/24 04:14:52 Q=5
2026-01-07 14:43:34,954 - INFO - [GINSLIB] processing : 2022/05/24 04:14:53 Q=5
2026-01-07 14:43:34,954 - INFO - [GINSLIB] processing : 2022/05/24 04:14:54 Q=5
2026-01-07 14:43:34,954 - INFO - [GINSLIB] processing : 2022/05/24 04:14:55 Q=5
2026-01-07 14:43:34,954 - INFO - [GINSLIB] processing : 2022/05/24 04:14:56 Q=5
2026-01-07 14:43:34,954 - INFO - [GINSLIB] processing : 2022/05/24 04:14:57 Q=5
2026-01-07 14:43:34,954 - INFO - [GINSLIB] processing : 2022/05/24 04:14:58 Q=5
2026-01-07 14:43:34,954 - INFO - [GINSLIB] processing : 2022/05/24 04:14:59 Q=5
2026-01-07 14:43:34,954 - INFO - [GINSLIB] processing : 2022/05/24 04:15:00 Q=5
2026-01-07 14:43:34,954 - INFO - [GINSLIB] processing : 2022/05/24 04:15:01 Q=5
2026-01-07 14:43:35,051 - INFO - [GINSLIB] processing : 2022/05/24 04:15:02 Q=5
2026-01-07 14:43:35,051 - INFO - [GINSLIB] processing : 2022/05/24 04:15:03 Q=5
2026-01-07 14:43:35,051 - INFO - [GINSLIB] processing : 2022/05/24 04:15:04 Q=5
2026-01-07 14:43:35,051 - INFO - [GINSLIB] processing : 2022/05/24 04:15:05 Q=5
2026-01-07 14:43:35,052 - INFO - [GINSLIB] processing : 2022/05/24 04:15:06 Q=5
2026-01-07 14:43:35,052 - INFO - [GINSLIB] processing : 2022/05/24 04:15:07 Q=5
2026-01-07 14:43:35,052 - INFO - [GINSLIB] processing : 2022/05/24 04:15:08 Q=5
2026-01-07 14:43:35,052 - INFO - [GINSLIB] processing : 2022/05/24 04:15:09 Q=5
2026-01-07 14:43:35,052 - INFO - [GINSLIB] processing : 2022/05/24 04:15:10 Q=5
2026-01-07 14:43:35,053 - INFO - [GINSLIB] processing : 2022/05/24 04:15:11 Q=5
2026-01-07 14:43:35,053 - INFO - [GINSLIB] processing : 2022/05/24 04:15:12 Q=5
2026-01-07 14:43:35,053 - INFO - [GINSLIB] processing : 2022/05/24 04:15:13 Q=5
2026-01-07 14:43:35,053 - INFO - [GINSLIB] processing : 2022/05/24 04:15:14 Q=5
2026-01-07 14:43:35,054 - INFO - [GINSLIB] processing : 2022/05/24 04:15:15 Q=5
2026-01-07 14:43:35,054 - INFO - [GINSLIB] processing : 2022/05/24 04:15:16 Q=5
2026-01-07 14:43:35,054 - INFO - [GINSLIB] processing : 2022/05/24 04:15:17 Q=5
2026-01-07 14:43:35,054 - INFO - [GINSLIB] processing : 2022/05/24 04:15:18 Q=5
2026-01-07 14:43:35,054 - INFO - [GINSLIB] processing : 2022/05/24 04:15:19 Q=5
2026-01-07 14:43:35,054 - INFO - [GINSLIB] processing : 2022/05/24 04:15:20 Q=5
2026-01-07 14:43:35,054 - INFO - [GINSLIB] processing : 2022/05/24 04:15:21 Q=5
2026-01-07 14:43:35,055 - INFO - [GINSLIB] processing : 2022/05/24 04:15:22 Q=5
2026-01-07 14:43:35,055 - INFO - [GINSLIB] processing : 2022/05/24 04:15:23 Q=5
2026-01-07 14:43:35,151 - INFO - [GINSLIB] processing : 2022/05/24 04:15:24 Q=5
2026-01-07 14:43:35,151 - INFO - [GINSLIB] processing : 2022/05/24 04:15:25 Q=5
2026-01-07 14:43:35,152 - INFO - [GINSLIB] processing : 2022/05/24 04:15:26 Q=5
2026-01-07 14:43:35,152 - INFO - [GINSLIB] processing : 2022/05/24 04:15:27 Q=5
2026-01-07 14:43:35,152 - INFO - [GINSLIB] processing : 2022/05/24 04:15:28 Q=5
2026-01-07 14:43:35,152 - INFO - [GINSLIB] processing : 2022/05/24 04:15:29 Q=5
2026-01-07 14:43:35,152 - INFO - [GINSLIB] processing : 2022/05/24 04:15:30 Q=5
2026-01-07 14:43:35,152 - INFO - [GINSLIB] processing : 2022/05/24 04:15:31 Q=5
2026-01-07 14:43:35,152 - INFO - [GINSLIB] processing : 2022/05/24 04:15:32 Q=5
2026-01-07 14:43:35,152 - INFO - [GINSLIB] processing : 2022/05/24 04:15:33 Q=5
2026-01-07 14:43:35,152 - INFO - [GINSLIB] processing : 2022/05/24 04:15:34 Q=5
2026-01-07 14:43:35,153 - INFO - [GINSLIB] processing : 2022/05/24 04:15:35 Q=5
2026-01-07 14:43:35,153 - INFO - [GINSLIB] processing : 2022/05/24 04:15:36 Q=5
2026-01-07 14:43:35,153 - INFO - [GINSLIB] processing : 2022/05/24 04:15:37 Q=5
2026-01-07 14:43:35,153 - INFO - [GINSLIB] processing : 2022/05/24 04:15:38 Q=5
2026-01-07 14:43:35,153 - INFO - [GINSLIB] processing : 2022/05/24 04:15:39 Q=5
2026-01-07 14:43:35,153 - INFO - [GINSLIB] processing : 2022/05/24 04:15:40 Q=5
2026-01-07 14:43:35,153 - INFO - [GINSLIB] processing : 2022/05/24 04:15:41 Q=5
2026-01-07 14:43:35,153 - INFO - [GINSLIB] processing : 2022/05/24 04:15:42 Q=5
2026-01-07 14:43:35,154 - INFO - [GINSLIB] processing : 2022/05/24 04:15:43 Q=5
2026-01-07 14:43:35,154 - INFO - [GINSLIB] processing : 2022/05/24 04:15:44 Q=5
2026-01-07 14:43:35,154 - INFO - [GINSLIB] processing : 2022/05/24 04:15:45 Q=5
2026-01-07 14:43:35,253 - INFO - [GINSLIB] processing : 2022/05/24 04:15:46 Q=5
2026-01-07 14:43:35,253 - INFO - [GINSLIB] processing : 2022/05/24 04:15:47 Q=5
2026-01-07 14:43:35,253 - INFO - [GINSLIB] processing : 2022/05/24 04:15:48 Q=5
2026-01-07 14:43:35,253 - INFO - [GINSLIB] processing : 2022/05/24 04:15:49 Q=5
2026-01-07 14:43:35,254 - INFO - [GINSLIB] processing : 2022/05/24 04:15:50 Q=5
2026-01-07 14:43:35,254 - INFO - [GINSLIB] processing : 2022/05/24 04:15:51 Q=5
2026-01-07 14:43:35,254 - INFO - [GINSLIB] processing : 2022/05/24 04:15:52 Q=5
2026-01-07 14:43:35,254 - INFO - [GINSLIB] processing : 2022/05/24 04:15:53 Q=5
2026-01-07 14:43:35,254 - INFO - [GINSLIB] processing : 2022/05/24 04:15:54 Q=5
2026-01-07 14:43:35,254 - INFO - [GINSLIB] processing : 2022/05/24 04:15:55 Q=5
2026-01-07 14:43:35,255 - INFO - [GINSLIB] processing : 2022/05/24 04:15:56 Q=5
2026-01-07 14:43:35,255 - INFO - [GINSLIB] processing : 2022/05/24 04:15:57 Q=5
2026-01-07 14:43:35,255 - INFO - [GINSLIB] processing : 2022/05/24 04:15:58 Q=5
2026-01-07 14:43:35,255 - INFO - [GINSLIB] processing : 2022/05/24 04:15:59 Q=5
2026-01-07 14:43:35,255 - INFO - [GINSLIB] processing : 2022/05/24 04:16:00 Q=5
2026-01-07 14:43:35,255 - INFO - [GINSLIB] processing : 2022/05/24 04:16:01 Q=5
2026-01-07 14:43:35,255 - INFO - [GINSLIB] processing : 2022/05/24 04:16:02 Q=5
2026-01-07 14:43:35,256 - INFO - [GINSLIB] processing : 2022/05/24 04:16:03 Q=5
2026-01-07 14:43:35,256 - INFO - [GINSLIB] processing : 2022/05/24 04:16:04 Q=5
2026-01-07 14:43:35,256 - INFO - [GINSLIB] processing : 2022/05/24 04:16:05 Q=5
2026-01-07 14:43:35,256 - INFO - [GINSLIB] processing : 2022/05/24 04:16:06 Q=5
2026-01-07 14:43:35,256 - INFO - [GINSLIB] processing : 2022/05/24 04:16:07 Q=5
2026-01-07 14:43:35,352 - INFO - [GINSLIB] processing : 2022/05/24 04:16:08 Q=5
2026-01-07 14:43:35,353 - INFO - [GINSLIB] processing : 2022/05/24 04:16:09 Q=5
2026-01-07 14:43:35,353 - INFO - [GINSLIB] processing : 2022/05/24 04:16:10 Q=5
2026-01-07 14:43:35,353 - INFO - [GINSLIB] processing : 2022/05/24 04:16:11 Q=5
2026-01-07 14:43:35,353 - INFO - [GINSLIB] processing : 2022/05/24 04:16:12 Q=5
2026-01-07 14:43:35,353 - INFO - [GINSLIB] processing : 2022/05/24 04:16:13 Q=5
2026-01-07 14:43:35,354 - INFO - [GINSLIB] processing : 2022/05/24 04:16:14 Q=5
2026-01-07 14:43:35,354 - INFO - [GINSLIB] processing : 2022/05/24 04:16:15 Q=5
2026-01-07 14:43:35,354 - INFO - [GINSLIB] processing : 2022/05/24 04:16:16 Q=5
2026-01-07 14:43:35,354 - INFO - [GINSLIB] processing : 2022/05/24 04:16:17 Q=5
2026-01-07 14:43:35,354 - INFO - [GINSLIB] processing : 2022/05/24 04:16:18 Q=5
2026-01-07 14:43:35,355 - INFO - [GINSLIB] processing : 2022/05/24 04:16:19 Q=5
2026-01-07 14:43:35,355 - INFO - [GINSLIB] processing : 2022/05/24 04:16:20 Q=5
2026-01-07 14:43:35,355 - INFO - [GINSLIB] processing : 2022/05/24 04:16:21 Q=5
2026-01-07 14:43:35,355 - INFO - [GINSLIB] processing : 2022/05/24 04:16:22 Q=5
2026-01-07 14:43:35,356 - INFO - [GINSLIB] processing : 2022/05/24 04:16:23 Q=5
2026-01-07 14:43:35,356 - INFO - [GINSLIB] processing : 2022/05/24 04:16:24 Q=5
2026-01-07 14:43:35,356 - INFO - [GINSLIB] processing : 2022/05/24 04:16:25 Q=5
2026-01-07 14:43:35,356 - INFO - [GINSLIB] processing : 2022/05/24 04:16:26 Q=5
2026-01-07 14:43:35,357 - INFO - [GINSLIB] processing : 2022/05/24 04:16:27 Q=5
2026-01-07 14:43:35,357 - INFO - [GINSLIB] processing : 2022/05/24 04:16:28 Q=5
2026-01-07 14:43:35,357 - INFO - [GINSLIB] processing : 2022/05/24 04:16:29 Q=5
2026-01-07 14:43:35,464 - INFO - [GINSLIB] processing : 2022/05/24 04:16:30 Q=5
2026-01-07 14:43:35,464 - INFO - [GINSLIB] processing : 2022/05/24 04:16:31 Q=5
2026-01-07 14:43:35,465 - INFO - [GINSLIB] processing : 2022/05/24 04:16:32 Q=5
2026-01-07 14:43:35,465 - INFO - [GINSLIB] processing : 2022/05/24 04:16:33 Q=5
2026-01-07 14:43:35,465 - INFO - [GINSLIB] processing : 2022/05/24 04:16:34 Q=5
2026-01-07 14:43:35,465 - INFO - [GINSLIB] processing : 2022/05/24 04:16:35 Q=5
2026-01-07 14:43:35,465 - INFO - [GINSLIB] processing : 2022/05/24 04:16:36 Q=5
2026-01-07 14:43:35,466 - INFO - [GINSLIB] processing : 2022/05/24 04:16:37 Q=5
2026-01-07 14:43:35,466 - INFO - [GINSLIB] processing : 2022/05/24 04:16:38 Q=5
2026-01-07 14:43:35,466 - INFO - [GINSLIB] processing : 2022/05/24 04:16:39 Q=5
2026-01-07 14:43:35,466 - INFO - [GINSLIB] processing : 2022/05/24 04:16:40 Q=5
2026-01-07 14:43:35,466 - INFO - [GINSLIB] processing : 2022/05/24 04:16:41 Q=5
2026-01-07 14:43:35,467 - INFO - [GINSLIB] processing : 2022/05/24 04:16:42 Q=5
2026-01-07 14:43:35,467 - INFO - [GINSLIB] processing : 2022/05/24 04:16:43 Q=5
2026-01-07 14:43:35,467 - INFO - [GINSLIB] processing : 2022/05/24 04:16:44 Q=5
2026-01-07 14:43:35,467 - INFO - [GINSLIB] processing : 2022/05/24 04:16:45 Q=5
2026-01-07 14:43:35,468 - INFO - [GINSLIB] processing : 2022/05/24 04:16:46 Q=5
2026-01-07 14:43:35,468 - INFO - [GINSLIB] processing : 2022/05/24 04:16:47 Q=5
2026-01-07 14:43:35,468 - INFO - [GINSLIB] processing : 2022/05/24 04:16:48 Q=5
2026-01-07 14:43:35,468 - INFO - [GINSLIB] processing : 2022/05/24 04:16:49 Q=5
2026-01-07 14:43:35,469 - INFO - [GINSLIB] processing : 2022/05/24 04:16:50 Q=5
2026-01-07 14:43:35,469 - INFO - [GINSLIB] processing : 2022/05/24 04:16:51 Q=5
2026-01-07 14:43:35,469 - INFO - [GINSLIB] processing : 2022/05/24 04:16:52 Q=5
2026-01-07 14:43:35,573 - INFO - [GINSLIB] processing : 2022/05/24 04:16:53 Q=5
2026-01-07 14:43:35,573 - INFO - [GINSLIB] processing : 2022/05/24 04:16:54 Q=5
2026-01-07 14:43:35,573 - INFO - [GINSLIB] processing : 2022/05/24 04:16:55 Q=5
2026-01-07 14:43:35,573 - INFO - [GINSLIB] processing : 2022/05/24 04:16:56 Q=5
2026-01-07 14:43:35,573 - INFO - [GINSLIB] processing : 2022/05/24 04:16:57 Q=5
2026-01-07 14:43:35,574 - INFO - [GINSLIB] processing : 2022/05/24 04:16:58 Q=5
2026-01-07 14:43:35,574 - INFO - [GINSLIB] processing : 2022/05/24 04:16:59 Q=5
2026-01-07 14:43:35,574 - INFO - [GINSLIB] processing : 2022/05/24 04:17:00 Q=5
2026-01-07 14:43:35,574 - INFO - [GINSLIB] processing : 2022/05/24 04:17:01 Q=5
2026-01-07 14:43:35,574 - INFO - [GINSLIB] processing : 2022/05/24 04:17:02 Q=5
2026-01-07 14:43:35,575 - INFO - [GINSLIB] processing : 2022/05/24 04:17:03 Q=5
2026-01-07 14:43:35,575 - INFO - [GINSLIB] processing : 2022/05/24 04:17:04 Q=5
2026-01-07 14:43:35,575 - INFO - [GINSLIB] processing : 2022/05/24 04:17:05 Q=5
2026-01-07 14:43:35,575 - INFO - [GINSLIB] processing : 2022/05/24 04:17:06 Q=5
2026-01-07 14:43:35,575 - INFO - [GINSLIB] processing : 2022/05/24 04:17:07 Q=5
2026-01-07 14:43:35,576 - INFO - [GINSLIB] processing : 2022/05/24 04:17:08 Q=5
2026-01-07 14:43:35,576 - INFO - [GINSLIB] processing : 2022/05/24 04:17:09 Q=5
2026-01-07 14:43:35,576 - INFO - [GINSLIB] processing : 2022/05/24 04:17:10 Q=5
2026-01-07 14:43:35,576 - INFO - [GINSLIB] processing : 2022/05/24 04:17:11 Q=5
2026-01-07 14:43:35,576 - INFO - [GINSLIB] processing : 2022/05/24 04:17:12 Q=5
2026-01-07 14:43:35,576 - INFO - [GINSLIB] processing : 2022/05/24 04:17:13 Q=5
2026-01-07 14:43:35,577 - INFO - [GINSLIB] processing : 2022/05/24 04:17:14 Q=5
2026-01-07 14:43:35,676 - INFO - [GINSLIB] processing : 2022/05/24 04:17:15 Q=5
2026-01-07 14:43:35,676 - INFO - [GINSLIB] processing : 2022/05/24 04:17:16 Q=5
2026-01-07 14:43:35,676 - INFO - [GINSLIB] processing : 2022/05/24 04:17:17 Q=5
2026-01-07 14:43:35,676 - INFO - [GINSLIB] processing : 2022/05/24 04:17:18 Q=5
2026-01-07 14:43:35,677 - INFO - [GINSLIB] processing : 2022/05/24 04:17:19 Q=5
2026-01-07 14:43:35,677 - INFO - [GINSLIB] processing : 2022/05/24 04:17:20 Q=5
2026-01-07 14:43:35,677 - INFO - [GINSLIB] processing : 2022/05/24 04:17:21 Q=5
2026-01-07 14:43:35,677 - INFO - [GINSLIB] processing : 2022/05/24 04:17:22 Q=5
2026-01-07 14:43:35,677 - INFO - [GINSLIB] processing : 2022/05/24 04:17:23 Q=5
2026-01-07 14:43:35,677 - INFO - [GINSLIB] processing : 2022/05/24 04:17:24 Q=5
2026-01-07 14:43:35,678 - INFO - [GINSLIB] processing : 2022/05/24 04:17:25 Q=5
2026-01-07 14:43:35,678 - INFO - [GINSLIB] processing : 2022/05/24 04:17:26 Q=5
2026-01-07 14:43:35,678 - INFO - [GINSLIB] processing : 2022/05/24 04:17:27 Q=5
2026-01-07 14:43:35,678 - INFO - [GINSLIB] processing : 2022/05/24 04:17:28 Q=5
2026-01-07 14:43:35,678 - INFO - [GINSLIB] processing : 2022/05/24 04:17:29 Q=5
2026-01-07 14:43:35,679 - INFO - [GINSLIB] processing : 2022/05/24 04:17:30 Q=5
2026-01-07 14:43:35,679 - INFO - [GINSLIB] processing : 2022/05/24 04:17:31 Q=5
2026-01-07 14:43:35,679 - INFO - [GINSLIB] processing : 2022/05/24 04:17:32 Q=5
2026-01-07 14:43:35,679 - INFO - [GINSLIB] processing : 2022/05/24 04:17:33 Q=5
2026-01-07 14:43:35,679 - INFO - [GINSLIB] processing : 2022/05/24 04:17:34 Q=5
2026-01-07 14:43:35,679 - INFO - [GINSLIB] processing : 2022/05/24 04:17:35 Q=5
2026-01-07 14:43:35,679 - INFO - [GINSLIB] processing : 2022/05/24 04:17:36 Q=5
2026-01-07 14:43:35,779 - INFO - [GINSLIB] processing : 2022/05/24 04:17:37 Q=5
2026-01-07 14:43:35,780 - INFO - [GINSLIB] processing : 2022/05/24 04:17:38 Q=5
2026-01-07 14:43:35,780 - INFO - [GINSLIB] processing : 2022/05/24 04:17:39 Q=5
2026-01-07 14:43:35,780 - INFO - [GINSLIB] processing : 2022/05/24 04:17:40 Q=5
2026-01-07 14:43:35,780 - INFO - [GINSLIB] processing : 2022/05/24 04:17:41 Q=5
2026-01-07 14:43:35,780 - INFO - [GINSLIB] processing : 2022/05/24 04:17:42 Q=5
2026-01-07 14:43:35,781 - INFO - [GINSLIB] processing : 2022/05/24 04:17:43 Q=5
2026-01-07 14:43:35,781 - INFO - [GINSLIB] processing : 2022/05/24 04:17:44 Q=5
2026-01-07 14:43:35,781 - INFO - [GINSLIB] processing : 2022/05/24 04:17:45 Q=5
2026-01-07 14:43:35,781 - INFO - [GINSLIB] processing : 2022/05/24 04:17:46 Q=5
2026-01-07 14:43:35,781 - INFO - [GINSLIB] processing : 2022/05/24 04:17:47 Q=5
2026-01-07 14:43:35,781 - INFO - [GINSLIB] processing : 2022/05/24 04:17:48 Q=5
2026-01-07 14:43:35,781 - INFO - [GINSLIB] processing : 2022/05/24 04:17:49 Q=5
2026-01-07 14:43:35,782 - INFO - [GINSLIB] processing : 2022/05/24 04:17:50 Q=5
2026-01-07 14:43:35,782 - INFO - [GINSLIB] processing : 2022/05/24 04:17:51 Q=5
2026-01-07 14:43:35,782 - INFO - [GINSLIB] processing : 2022/05/24 04:17:52 Q=5
2026-01-07 14:43:35,782 - INFO - [GINSLIB] processing : 2022/05/24 04:17:53 Q=5
2026-01-07 14:43:35,782 - INFO - [GINSLIB] processing : 2022/05/24 04:17:54 Q=5
2026-01-07 14:43:35,782 - INFO - [GINSLIB] processing : 2022/05/24 04:17:55 Q=5
2026-01-07 14:43:35,782 - INFO - [GINSLIB] processing : 2022/05/24 04:17:56 Q=5
2026-01-07 14:43:35,782 - INFO - [GINSLIB] processing : 2022/05/24 04:17:57 Q=5
2026-01-07 14:43:35,782 - INFO - [GINSLIB] processing : 2022/05/24 04:17:58 Q=5
2026-01-07 14:43:35,881 - INFO - [GINSLIB] processing : 2022/05/24 04:17:59 Q=5
2026-01-07 14:43:35,881 - INFO - [GINSLIB] processing : 2022/05/24 04:18:00 Q=5
2026-01-07 14:43:35,881 - INFO - [GINSLIB] processing : 2022/05/24 04:18:01 Q=5
2026-01-07 14:43:35,881 - INFO - [GINSLIB] processing : 2022/05/24 04:18:02 Q=5
2026-01-07 14:43:35,881 - INFO - [GINSLIB] processing : 2022/05/24 04:18:03 Q=5
2026-01-07 14:43:35,881 - INFO - [GINSLIB] processing : 2022/05/24 04:18:04 Q=5
2026-01-07 14:43:35,882 - INFO - [GINSLIB] processing : 2022/05/24 04:18:05 Q=5
2026-01-07 14:43:35,882 - INFO - [GINSLIB] processing : 2022/05/24 04:18:06 Q=5
2026-01-07 14:43:35,882 - INFO - [GINSLIB] processing : 2022/05/24 04:18:07 Q=5
2026-01-07 14:43:35,882 - INFO - [GINSLIB] processing : 2022/05/24 04:18:08 Q=5
2026-01-07 14:43:35,882 - INFO - [GINSLIB] processing : 2022/05/24 04:18:09 Q=5
2026-01-07 14:43:35,882 - INFO - [GINSLIB] processing : 2022/05/24 04:18:10 Q=5
2026-01-07 14:43:35,882 - INFO - [GINSLIB] processing : 2022/05/24 04:18:11 Q=5
2026-01-07 14:43:35,882 - INFO - [GINSLIB] processing : 2022/05/24 04:18:12 Q=5
2026-01-07 14:43:35,882 - INFO - [GINSLIB] processing : 2022/05/24 04:18:13 Q=5
2026-01-07 14:43:35,883 - INFO - [GINSLIB] processing : 2022/05/24 04:18:14 Q=5
2026-01-07 14:43:35,883 - INFO - [GINSLIB] processing : 2022/05/24 04:18:15 Q=5
2026-01-07 14:43:35,883 - INFO - [GINSLIB] processing : 2022/05/24 04:18:16 Q=5
2026-01-07 14:43:35,883 - INFO - [GINSLIB] processing : 2022/05/24 04:18:17 Q=5
2026-01-07 14:43:35,883 - INFO - [GINSLIB] processing : 2022/05/24 04:18:18 Q=5
2026-01-07 14:43:35,883 - INFO - [GINSLIB] processing : 2022/05/24 04:18:19 Q=5
2026-01-07 14:43:35,883 - INFO - [GINSLIB] processing : 2022/05/24 04:18:20 Q=5
2026-01-07 14:43:35,972 - INFO - [GINSLIB] processing : 2022/05/24 04:18:21 Q=5
2026-01-07 14:43:35,973 - INFO - [GINSLIB] processing : 2022/05/24 04:18:22 Q=5
2026-01-07 14:43:35,973 - INFO - [GINSLIB] processing : 2022/05/24 04:18:23 Q=5
2026-01-07 14:43:35,973 - INFO - [GINSLIB] processing : 2022/05/24 04:18:24 Q=5
2026-01-07 14:43:35,973 - INFO - [GINSLIB] processing : 2022/05/24 04:18:25 Q=5
2026-01-07 14:43:35,973 - INFO - [GINSLIB] processing : 2022/05/24 04:18:26 Q=5
2026-01-07 14:43:35,973 - INFO - [GINSLIB] processing : 2022/05/24 04:18:27 Q=5
2026-01-07 14:43:35,973 - INFO - [GINSLIB] processing : 2022/05/24 04:18:28 Q=5
2026-01-07 14:43:35,973 - INFO - [GINSLIB] processing : 2022/05/24 04:18:29 Q=5
2026-01-07 14:43:35,974 - INFO - [GINSLIB] processing : 2022/05/24 04:18:30 Q=5
2026-01-07 14:43:35,974 - INFO - [GINSLIB] processing : 2022/05/24 04:18:31 Q=5
2026-01-07 14:43:35,974 - INFO - [GINSLIB] processing : 2022/05/24 04:18:32 Q=5
2026-01-07 14:43:35,974 - INFO - [GINSLIB] processing : 2022/05/24 04:18:33 Q=5
2026-01-07 14:43:35,974 - INFO - [GINSLIB] processing : 2022/05/24 04:18:34 Q=5
2026-01-07 14:43:35,974 - INFO - [GINSLIB] processing : 2022/05/24 04:18:35 Q=5
2026-01-07 14:43:35,974 - INFO - [GINSLIB] processing : 2022/05/24 04:18:36 Q=5
2026-01-07 14:43:35,974 - INFO - [GINSLIB] processing : 2022/05/24 04:18:37 Q=5
2026-01-07 14:43:35,974 - INFO - [GINSLIB] processing : 2022/05/24 04:18:38 Q=5
2026-01-07 14:43:35,974 - INFO - [GINSLIB] processing : 2022/05/24 04:18:39 Q=5
2026-01-07 14:43:35,974 - INFO - [GINSLIB] processing : 2022/05/24 04:18:40 Q=5
2026-01-07 14:43:35,974 - INFO - [GINSLIB] processing : 2022/05/24 04:18:41 Q=5
2026-01-07 14:43:35,974 - INFO - [GINSLIB] processing : 2022/05/24 04:18:42 Q=5
2026-01-07 14:43:36,076 - INFO - [GINSLIB] processing : 2022/05/24 04:18:43 Q=5
2026-01-07 14:43:36,076 - INFO - [GINSLIB] processing : 2022/05/24 04:18:44 Q=5
2026-01-07 14:43:36,076 - INFO - [GINSLIB] processing : 2022/05/24 04:18:45 Q=5
2026-01-07 14:43:36,076 - INFO - [GINSLIB] processing : 2022/05/24 04:18:46 Q=5
2026-01-07 14:43:36,076 - INFO - [GINSLIB] processing : 2022/05/24 04:18:47 Q=5
2026-01-07 14:43:36,076 - INFO - [GINSLIB] processing : 2022/05/24 04:18:48 Q=5
2026-01-07 14:43:36,077 - INFO - [GINSLIB] processing : 2022/05/24 04:18:49 Q=5
2026-01-07 14:43:36,077 - INFO - [GINSLIB] processing : 2022/05/24 04:18:50 Q=5
2026-01-07 14:43:36,077 - INFO - [GINSLIB] processing : 2022/05/24 04:18:51 Q=5
2026-01-07 14:43:36,077 - INFO - [GINSLIB] processing : 2022/05/24 04:18:52 Q=5
2026-01-07 14:43:36,078 - INFO - [GINSLIB] processing : 2022/05/24 04:18:53 Q=5
2026-01-07 14:43:36,078 - INFO - [GINSLIB] processing : 2022/05/24 04:18:54 Q=5
2026-01-07 14:43:36,078 - INFO - [GINSLIB] processing : 2022/05/24 04:18:55 Q=5
2026-01-07 14:43:36,078 - INFO - [GINSLIB] processing : 2022/05/24 04:18:56 Q=5
2026-01-07 14:43:36,078 - INFO - [GINSLIB] processing : 2022/05/24 04:18:57 Q=5
2026-01-07 14:43:36,078 - INFO - [GINSLIB] processing : 2022/05/24 04:18:58 Q=5
2026-01-07 14:43:36,078 - INFO - [GINSLIB] processing : 2022/05/24 04:18:59 Q=5
2026-01-07 14:43:36,079 - INFO - [GINSLIB] processing : 2022/05/24 04:19:00 Q=5
2026-01-07 14:43:36,079 - INFO - [GINSLIB] processing : 2022/05/24 04:19:01 Q=5
2026-01-07 14:43:36,079 - INFO - [GINSLIB] processing : 2022/05/24 04:19:02 Q=5
2026-01-07 14:43:36,079 - INFO - [GINSLIB] processing : 2022/05/24 04:19:03 Q=5
2026-01-07 14:43:36,079 - INFO - [GINSLIB] processing : 2022/05/24 04:19:04 Q=5
2026-01-07 14:43:36,188 - INFO - [GINSLIB] processing : 2022/05/24 04:19:05 Q=5
2026-01-07 14:43:36,188 - INFO - [GINSLIB] processing : 2022/05/24 04:19:06 Q=5
2026-01-07 14:43:36,188 - INFO - [GINSLIB] processing : 2022/05/24 04:19:07 Q=5
2026-01-07 14:43:36,188 - INFO - [GINSLIB] processing : 2022/05/24 04:19:08 Q=5
2026-01-07 14:43:36,188 - INFO - [GINSLIB] processing : 2022/05/24 04:19:09 Q=5
2026-01-07 14:43:36,189 - INFO - [GINSLIB] processing : 2022/05/24 04:19:10 Q=5
2026-01-07 14:43:36,189 - INFO - [GINSLIB] processing : 2022/05/24 04:19:11 Q=5
2026-01-07 14:43:36,189 - INFO - [GINSLIB] processing : 2022/05/24 04:19:12 Q=5
2026-01-07 14:43:36,189 - INFO - [GINSLIB] processing : 2022/05/24 04:19:13 Q=5
2026-01-07 14:43:36,189 - INFO - [GINSLIB] processing : 2022/05/24 04:19:14 Q=5
2026-01-07 14:43:36,189 - INFO - [GINSLIB] processing : 2022/05/24 04:19:15 Q=5
2026-01-07 14:43:36,189 - INFO - [GINSLIB] processing : 2022/05/24 04:19:16 Q=5
2026-01-07 14:43:36,189 - INFO - [GINSLIB] processing : 2022/05/24 04:19:17 Q=5
2026-01-07 14:43:36,189 - INFO - [GINSLIB] processing : 2022/05/24 04:19:18 Q=5
2026-01-07 14:43:36,189 - INFO - [GINSLIB] processing : 2022/05/24 04:19:19 Q=5
2026-01-07 14:43:36,189 - INFO - [GINSLIB] processing : 2022/05/24 04:19:20 Q=5
2026-01-07 14:43:36,189 - INFO - [GINSLIB] processing : 2022/05/24 04:19:21 Q=5
2026-01-07 14:43:36,189 - INFO - [GINSLIB] processing : 2022/05/24 04:19:22 Q=5
2026-01-07 14:43:36,189 - INFO - [GINSLIB] processing : 2022/05/24 04:19:23 Q=5
2026-01-07 14:43:36,190 - INFO - [GINSLIB] processing : 2022/05/24 04:19:24 Q=5
2026-01-07 14:43:36,190 - INFO - [GINSLIB] processing : 2022/05/24 04:19:25 Q=5
2026-01-07 14:43:36,190 - INFO - [GINSLIB] processing : 2022/05/24 04:19:26 Q=5
2026-01-07 14:43:36,190 - INFO - [GINSLIB] processing : 2022/05/24 04:19:27 Q=5
2026-01-07 14:43:36,319 - INFO - [GINSLIB] processing : 2022/05/24 04:19:28 Q=5
2026-01-07 14:43:36,319 - INFO - [GINSLIB] processing : 2022/05/24 04:19:29 Q=5
2026-01-07 14:43:36,319 - INFO - [GINSLIB] processing : 2022/05/24 04:19:30 Q=5
2026-01-07 14:43:36,319 - INFO - [GINSLIB] processing : 2022/05/24 04:19:31 Q=5
2026-01-07 14:43:36,320 - INFO - [GINSLIB] processing : 2022/05/24 04:19:32 Q=5
2026-01-07 14:43:36,320 - INFO - [GINSLIB] processing : 2022/05/24 04:19:33 Q=5
2026-01-07 14:43:36,320 - INFO - [GINSLIB] processing : 2022/05/24 04:19:34 Q=5
2026-01-07 14:43:36,320 - INFO - [GINSLIB] processing : 2022/05/24 04:19:35 Q=5
2026-01-07 14:43:36,320 - INFO - [GINSLIB] processing : 2022/05/24 04:19:36 Q=5
2026-01-07 14:43:36,321 - INFO - [GINSLIB] processing : 2022/05/24 04:19:37 Q=5
2026-01-07 14:43:36,321 - INFO - [GINSLIB] processing : 2022/05/24 04:19:38 Q=5
2026-01-07 14:43:36,321 - INFO - [GINSLIB] processing : 2022/05/24 04:19:39 Q=5
2026-01-07 14:43:36,321 - INFO - [GINSLIB] processing : 2022/05/24 04:19:40 Q=5
2026-01-07 14:43:36,321 - INFO - [GINSLIB] processing : 2022/05/24 04:19:41 Q=5
2026-01-07 14:43:36,322 - INFO - [GINSLIB] processing : 2022/05/24 04:19:42 Q=5
2026-01-07 14:43:36,322 - INFO - [GINSLIB] processing : 2022/05/24 04:19:43 Q=5
2026-01-07 14:43:36,322 - INFO - [GINSLIB] processing : 2022/05/24 04:19:44 Q=5
2026-01-07 14:43:36,322 - INFO - [GINSLIB] processing : 2022/05/24 04:19:45 Q=5
2026-01-07 14:43:36,322 - INFO - [GINSLIB] processing : 2022/05/24 04:19:46 Q=5
2026-01-07 14:43:36,322 - INFO - [GINSLIB] processing : 2022/05/24 04:19:47 Q=5
2026-01-07 14:43:36,323 - INFO - [GINSLIB] processing : 2022/05/24 04:19:48 Q=5
2026-01-07 14:43:36,323 - INFO - [GINSLIB] processing : 2022/05/24 04:19:49 Q=5
2026-01-07 14:43:36,426 - INFO - [GINSLIB] processing : 2022/05/24 04:19:50 Q=5
2026-01-07 14:43:36,426 - INFO - [GINSLIB] processing : 2022/05/24 04:19:51 Q=5
2026-01-07 14:43:36,426 - INFO - [GINSLIB] processing : 2022/05/24 04:19:52 Q=5
2026-01-07 14:43:36,426 - INFO - [GINSLIB] processing : 2022/05/24 04:19:53 Q=5
2026-01-07 14:43:36,427 - INFO - [GINSLIB] processing : 2022/05/24 04:19:54 Q=5
2026-01-07 14:43:36,427 - INFO - [GINSLIB] processing : 2022/05/24 04:19:55 Q=5
2026-01-07 14:43:36,427 - INFO - [GINSLIB] processing : 2022/05/24 04:19:56 Q=5
2026-01-07 14:43:36,427 - INFO - [GINSLIB] processing : 2022/05/24 04:19:57 Q=5
2026-01-07 14:43:36,427 - INFO - [GINSLIB] processing : 2022/05/24 04:19:58 Q=5
2026-01-07 14:43:36,427 - INFO - [GINSLIB] processing : 2022/05/24 04:19:59 Q=5
2026-01-07 14:43:36,427 - INFO - [GINSLIB] processing : 2022/05/24 04:20:00 Q=5
2026-01-07 14:43:36,428 - INFO - [GINSLIB] processing : 2022/05/24 04:20:01 Q=5
2026-01-07 14:43:36,428 - INFO - [GINSLIB] processing : 2022/05/24 04:20:02 Q=5
2026-01-07 14:43:36,428 - INFO - [GINSLIB] processing : 2022/05/24 04:20:03 Q=5
2026-01-07 14:43:36,428 - INFO - [GINSLIB] processing : 2022/05/24 04:20:04 Q=5
2026-01-07 14:43:36,428 - INFO - [GINSLIB] processing : 2022/05/24 04:20:05 Q=5
2026-01-07 14:43:36,428 - INFO - [GINSLIB] processing : 2022/05/24 04:20:06 Q=5
2026-01-07 14:43:36,428 - INFO - [GINSLIB] processing : 2022/05/24 04:20:07 Q=5
2026-01-07 14:43:36,428 - INFO - [GINSLIB] processing : 2022/05/24 04:20:08 Q=5
2026-01-07 14:43:36,428 - INFO - [GINSLIB] processing : 2022/05/24 04:20:09 Q=5
2026-01-07 14:43:36,429 - INFO - [GINSLIB] processing : 2022/05/24 04:20:10 Q=5
2026-01-07 14:43:36,429 - INFO - [GINSLIB] processing : 2022/05/24 04:20:11 Q=5
2026-01-07 14:43:36,548 - INFO - [GINSLIB] processing : 2022/05/24 04:20:12 Q=5
2026-01-07 14:43:36,548 - INFO - [GINSLIB] processing : 2022/05/24 04:20:13 Q=5
2026-01-07 14:43:36,548 - INFO - [GINSLIB] processing : 2022/05/24 04:20:14 Q=5
2026-01-07 14:43:36,549 - INFO - [GINSLIB] processing : 2022/05/24 04:20:15 Q=5
2026-01-07 14:43:36,549 - INFO - [GINSLIB] processing : 2022/05/24 04:20:16 Q=5
2026-01-07 14:43:36,549 - INFO - [GINSLIB] processing : 2022/05/24 04:20:17 Q=5
2026-01-07 14:43:36,549 - INFO - [GINSLIB] processing : 2022/05/24 04:20:18 Q=5
2026-01-07 14:43:36,549 - INFO - [GINSLIB] processing : 2022/05/24 04:20:19 Q=5
2026-01-07 14:43:36,549 - INFO - [GINSLIB] processing : 2022/05/24 04:20:20 Q=5
2026-01-07 14:43:36,549 - INFO - [GINSLIB] processing : 2022/05/24 04:20:21 Q=5
2026-01-07 14:43:36,549 - INFO - [GINSLIB] processing : 2022/05/24 04:20:22 Q=5
2026-01-07 14:43:36,549 - INFO - [GINSLIB] processing : 2022/05/24 04:20:23 Q=5
2026-01-07 14:43:36,549 - INFO - [GINSLIB] processing : 2022/05/24 04:20:24 Q=5
2026-01-07 14:43:36,549 - INFO - [GINSLIB] processing : 2022/05/24 04:20:25 Q=5
2026-01-07 14:43:36,549 - INFO - [GINSLIB] processing : 2022/05/24 04:20:26 Q=5
2026-01-07 14:43:36,549 - INFO - [GINSLIB] processing : 2022/05/24 04:20:27 Q=5
2026-01-07 14:43:36,549 - INFO - [GINSLIB] processing : 2022/05/24 04:20:28 Q=5
2026-01-07 14:43:36,550 - INFO - [GINSLIB] processing : 2022/05/24 04:20:29 Q=5
2026-01-07 14:43:36,550 - INFO - [GINSLIB] processing : 2022/05/24 04:20:30 Q=5
2026-01-07 14:43:36,550 - INFO - [GINSLIB] processing : 2022/05/24 04:20:31 Q=5
2026-01-07 14:43:36,550 - INFO - [GINSLIB] processing : 2022/05/24 04:20:32 Q=5
2026-01-07 14:43:36,550 - INFO - [GINSLIB] processing : 2022/05/24 04:20:33 Q=5
2026-01-07 14:43:36,706 - INFO - [GINSLIB] processing : 2022/05/24 04:20:34 Q=5
2026-01-07 14:43:36,706 - INFO - [GINSLIB] processing : 2022/05/24 04:20:35 Q=5
2026-01-07 14:43:36,706 - INFO - [GINSLIB] processing : 2022/05/24 04:20:36 Q=5
2026-01-07 14:43:36,706 - INFO - [GINSLIB] processing : 2022/05/24 04:20:37 Q=5
2026-01-07 14:43:36,706 - INFO - [GINSLIB] processing : 2022/05/24 04:20:38 Q=5
2026-01-07 14:43:36,706 - INFO - [GINSLIB] processing : 2022/05/24 04:20:39 Q=5
2026-01-07 14:43:36,706 - INFO - [GINSLIB] processing : 2022/05/24 04:20:40 Q=5
2026-01-07 14:43:36,706 - INFO - [GINSLIB] processing : 2022/05/24 04:20:41 Q=5
2026-01-07 14:43:36,706 - INFO - [GINSLIB] processing : 2022/05/24 04:20:42 Q=5
2026-01-07 14:43:36,706 - INFO - [GINSLIB] processing : 2022/05/24 04:20:43 Q=5
2026-01-07 14:43:36,706 - INFO - [GINSLIB] processing : 2022/05/24 04:20:44 Q=5
2026-01-07 14:43:36,707 - INFO - [GINSLIB] processing : 2022/05/24 04:20:45 Q=5
2026-01-07 14:43:36,707 - INFO - [GINSLIB] processing : 2022/05/24 04:20:46 Q=5
2026-01-07 14:43:36,707 - INFO - [GINSLIB] processing : 2022/05/24 04:20:47 Q=5
2026-01-07 14:43:36,707 - INFO - [GINSLIB] processing : 2022/05/24 04:20:48 Q=5
2026-01-07 14:43:36,707 - INFO - [GINSLIB] processing : 2022/05/24 04:20:49 Q=5
2026-01-07 14:43:36,707 - INFO - [GINSLIB] processing : 2022/05/24 04:20:50 Q=5
2026-01-07 14:43:36,707 - INFO - [GINSLIB] processing : 2022/05/24 04:20:51 Q=5
2026-01-07 14:43:36,707 - INFO - [GINSLIB] processing : 2022/05/24 04:20:52 Q=5
2026-01-07 14:43:36,707 - INFO - [GINSLIB] processing : 2022/05/24 04:20:53 Q=5
2026-01-07 14:43:36,707 - INFO - [GINSLIB] processing : 2022/05/24 04:20:54 Q=5
2026-01-07 14:43:36,707 - INFO - [GINSLIB] processing : 2022/05/24 04:20:55 Q=5
2026-01-07 14:43:36,836 - INFO - [GINSLIB] processing : 2022/05/24 04:20:56 Q=5
2026-01-07 14:43:36,836 - INFO - [GINSLIB] processing : 2022/05/24 04:20:57 Q=5
2026-01-07 14:43:36,837 - INFO - [GINSLIB] processing : 2022/05/24 04:20:58 Q=5
2026-01-07 14:43:36,837 - INFO - [GINSLIB] processing : 2022/05/24 04:20:59 Q=5
2026-01-07 14:43:36,837 - INFO - [GINSLIB] processing : 2022/05/24 04:21:00 Q=5
2026-01-07 14:43:36,837 - INFO - [GINSLIB] processing : 2022/05/24 04:21:01 Q=5
2026-01-07 14:43:36,837 - INFO - [GINSLIB] processing : 2022/05/24 04:21:02 Q=5
2026-01-07 14:43:36,837 - INFO - [GINSLIB] processing : 2022/05/24 04:21:03 Q=5
2026-01-07 14:43:36,837 - INFO - [GINSLIB] processing : 2022/05/24 04:21:04 Q=5
2026-01-07 14:43:36,837 - INFO - [GINSLIB] processing : 2022/05/24 04:21:05 Q=5
2026-01-07 14:43:36,837 - INFO - [GINSLIB] processing : 2022/05/24 04:21:06 Q=5
2026-01-07 14:43:36,837 - INFO - [GINSLIB] processing : 2022/05/24 04:21:07 Q=5
2026-01-07 14:43:36,837 - INFO - [GINSLIB] processing : 2022/05/24 04:21:08 Q=5
2026-01-07 14:43:36,838 - INFO - [GINSLIB] processing : 2022/05/24 04:21:09 Q=5
2026-01-07 14:43:36,838 - INFO - [GINSLIB] processing : 2022/05/24 04:21:10 Q=5
2026-01-07 14:43:36,838 - INFO - [GINSLIB] processing : 2022/05/24 04:21:11 Q=5
2026-01-07 14:43:36,838 - INFO - [GINSLIB] processing : 2022/05/24 04:21:12 Q=5
2026-01-07 14:43:36,838 - INFO - [GINSLIB] processing : 2022/05/24 04:21:13 Q=5
2026-01-07 14:43:36,838 - INFO - [GINSLIB] processing : 2022/05/24 04:21:14 Q=5
2026-01-07 14:43:36,838 - INFO - [GINSLIB] processing : 2022/05/24 04:21:15 Q=5
2026-01-07 14:43:36,838 - INFO - [GINSLIB] processing : 2022/05/24 04:21:16 Q=5
2026-01-07 14:43:36,838 - INFO - [GINSLIB] processing : 2022/05/24 04:21:17 Q=5
2026-01-07 14:43:36,944 - INFO - [GINSLIB] processing : 2022/05/24 04:21:18 Q=5
2026-01-07 14:43:36,944 - INFO - [GINSLIB] processing : 2022/05/24 04:21:19 Q=5
2026-01-07 14:43:36,945 - INFO - [GINSLIB] processing : 2022/05/24 04:21:20 Q=5
2026-01-07 14:43:36,945 - INFO - [GINSLIB] processing : 2022/05/24 04:21:21 Q=5
2026-01-07 14:43:36,945 - INFO - [GINSLIB] processing : 2022/05/24 04:21:22 Q=5
2026-01-07 14:43:36,945 - INFO - [GINSLIB] processing : 2022/05/24 04:21:23 Q=5
2026-01-07 14:43:36,945 - INFO - [GINSLIB] processing : 2022/05/24 04:21:24 Q=5
2026-01-07 14:43:36,945 - INFO - [GINSLIB] processing : 2022/05/24 04:21:25 Q=5
2026-01-07 14:43:36,945 - INFO - [GINSLIB] processing : 2022/05/24 04:21:26 Q=5
2026-01-07 14:43:36,945 - INFO - [GINSLIB] processing : 2022/05/24 04:21:27 Q=5
2026-01-07 14:43:36,945 - INFO - [GINSLIB] processing : 2022/05/24 04:21:28 Q=5
2026-01-07 14:43:36,945 - INFO - [GINSLIB] processing : 2022/05/24 04:21:29 Q=5
2026-01-07 14:43:36,945 - INFO - [GINSLIB] processing : 2022/05/24 04:21:30 Q=5
2026-01-07 14:43:36,946 - INFO - [GINSLIB] processing : 2022/05/24 04:21:31 Q=5
2026-01-07 14:43:36,946 - INFO - [GINSLIB] processing : 2022/05/24 04:21:32 Q=5
2026-01-07 14:43:36,946 - INFO - [GINSLIB] processing : 2022/05/24 04:21:33 Q=5
2026-01-07 14:43:36,946 - INFO - [GINSLIB] processing : 2022/05/24 04:21:34 Q=5
2026-01-07 14:43:36,946 - INFO - [GINSLIB] processing : 2022/05/24 04:21:35 Q=5
2026-01-07 14:43:36,946 - INFO - [GINSLIB] processing : 2022/05/24 04:21:36 Q=5
2026-01-07 14:43:36,946 - INFO - [GINSLIB] processing : 2022/05/24 04:21:37 Q=5
2026-01-07 14:43:36,946 - INFO - [GINSLIB] processing : 2022/05/24 04:21:38 Q=5
2026-01-07 14:43:36,946 - INFO - [GINSLIB] processing : 2022/05/24 04:21:39 Q=5
2026-01-07 14:43:37,010 - INFO - [GINSLIB] processing : 2022/05/24 04:21:40 Q=5
2026-01-07 14:43:37,010 - INFO - [GINSLIB] processing : 2022/05/24 04:21:41 Q=5
2026-01-07 14:43:37,010 - INFO - [GINSLIB] processing : 2022/05/24 04:21:42 Q=5
2026-01-07 14:43:37,010 - INFO - [GINSLIB] processing : 2022/05/24 04:21:43 Q=5
2026-01-07 14:43:37,011 - INFO - [GINSLIB] processing : 2022/05/24 04:21:44 Q=5
2026-01-07 14:43:37,011 - INFO - [GINSLIB] processing : 2022/05/24 04:21:45 Q=5
2026-01-07 14:43:37,011 - INFO - [GINSLIB] processing : 2022/05/24 04:21:46 Q=5
2026-01-07 14:43:37,011 - INFO - [GINSLIB] processing : 2022/05/24 04:21:47 Q=5
2026-01-07 14:43:37,011 - INFO - [GINSLIB] processing : 2022/05/24 04:21:48 Q=5
2026-01-07 14:43:37,011 - INFO - [GINSLIB] Total processing time of program: 9.270000 sec!
2026-01-07 14:43:37,012 - INFO - ✓ MG300_Uav_open_20220524 SPP 执行成功
2026-01-07 14:43:37,012 - INFO - 开始误差分析
2026-01-07 14:43:37,013 - INFO - - 结果文件: G:\Navigation_Learn\GNSS\RTKLIB-b34k\data\GNSS_INS\MG300_Uav_open_20220524\result\GNSS_Uav_open_20220524_SPP_F.pos
2026-01-07 14:43:37,013 - INFO - - 参考文件: G:\Navigation_Learn\GNSS\RTKLIB-b34k\data\GNSS_INS\MG300_Uav_open_20220524\truth.truth
2026-01-07 14:43:37,013 - INFO - ============================================================
2026-01-07 14:43:37,013 - INFO - 开始处理: MG300_Uav_open_20220524
2026-01-07 14:43:37,013 - INFO - 处理模式: SPP
2026-01-07 14:43:37,013 - INFO - ============================================================
2026-01-07 14:43:37,013 - INFO - GNSS模式，仅绘制位置误差
2026-01-07 14:43:37,036 - INFO - ✓ 结果文件数据读取成功 G:\Navigation_Learn\GNSS\RTKLIB-b34k\data\GNSS_INS\MG300_Uav_open_20220524\result\GNSS_Uav_open_20220524_SPP_F.pos
2026-01-07 14:43:37,062 - INFO - ✓ 参考文件数据读取成功 G:\Navigation_Learn\GNSS\RTKLIB-b34k\data\GNSS_INS\MG300_Uav_open_20220524\truth.truth
2026-01-07 14:43:38,182 - INFO - 位置误差RMS: E=0.7973m, N=1.5911m, U=2.7967m, 3D=3.3149m
2026-01-07 14:43:38,183 - INFO - ✓ 创建保存目录: G:\Navigation_Learn\GNSS\RTKLIB-b34k\batch_process\figure\MG300_Uav_open_20220524
2026-01-07 14:43:38,444 - INFO - ✓ 保存图像: G:\Navigation_Learn\GNSS\RTKLIB-b34k\batch_process\figure\MG300_Uav_open_20220524\GNSS_Uav_open_20220524_SPP_F_pos.png
2026-01-07 14:43:38,454 - INFO - ✓ 所有图像已保存到 G:\Navigation_Learn\GNSS\RTKLIB-b34k\batch_process\figure\MG300_Uav_open_20220524
2026-01-07 14:43:38,454 - INFO - ✓ 误差分析完成: GNSS_Uav_open_20220524_SPP_F.pos
2026-01-07 14:43:43,071 - INFO - [GINSLIB] processing : 2022/05/24 03:58:47 Q=0
2026-01-07 14:43:43,071 - INFO - [GINSLIB] INS initial alignment completed: 03:58:47.00  0187127.00!
2026-01-07 14:43:43,071 - INFO - [GINSLIB] processing : 2022/05/24 03:58:47 Q=5
2026-01-07 14:43:43,077 - INFO - [GINSLIB] processing : 2022/05/24 03:58:48 Q=5
2026-01-07 14:43:43,096 - INFO - [GINSLIB] processing : 2022/05/24 03:58:49 Q=5
2026-01-07 14:43:43,114 - INFO - [GINSLIB] processing : 2022/05/24 03:58:50 Q=5
2026-01-07 14:43:43,129 - INFO - [GINSLIB] processing : 2022/05/24 03:58:51 Q=5
2026-01-07 14:43:43,148 - INFO - [GINSLIB] processing : 2022/05/24 03:58:52 Q=5
2026-01-07 14:43:43,155 - INFO - [GINSLIB] processing : 2022/05/24 03:58:53 Q=5
2026-01-07 14:43:43,175 - INFO - [GINSLIB] processing : 2022/05/24 03:58:54 Q=5
2026-01-07 14:43:43,191 - INFO - [GINSLIB] processing : 2022/05/24 03:58:55 Q=5
2026-01-07 14:43:43,210 - INFO - [GINSLIB] processing : 2022/05/24 03:58:56 Q=5
2026-01-07 14:43:43,229 - INFO - [GINSLIB] processing : 2022/05/24 03:58:57 Q=5
2026-01-07 14:43:43,237 - INFO - [GINSLIB] processing : 2022/05/24 03:58:58 Q=5
2026-01-07 14:43:43,258 - INFO - [GINSLIB] processing : 2022/05/24 03:58:59 Q=5
2026-01-07 14:43:43,275 - INFO - [GINSLIB] processing : 2022/05/24 03:59:00 Q=5
2026-01-07 14:43:43,294 - INFO - [GINSLIB] processing : 2022/05/24 03:59:01 Q=5
2026-01-07 14:43:43,310 - INFO - [GINSLIB] processing : 2022/05/24 03:59:02 Q=5
2026-01-07 14:43:43,321 - INFO - [GINSLIB] processing : 2022/05/24 03:59:03 Q=5
2026-01-07 14:43:43,340 - INFO - [GINSLIB] processing : 2022/05/24 03:59:04 Q=5
2026-01-07 14:43:43,356 - INFO - [GINSLIB] processing : 2022/05/24 03:59:05 Q=5
2026-01-07 14:43:43,373 - INFO - [GINSLIB] processing : 2022/05/24 03:59:06 Q=5
2026-01-07 14:43:43,388 - INFO - [GINSLIB] processing : 2022/05/24 03:59:07 Q=5
2026-01-07 14:43:43,398 - INFO - [GINSLIB] processing : 2022/05/24 03:59:08 Q=5
2026-01-07 14:43:43,415 - INFO - [GINSLIB] processing : 2022/05/24 03:59:09 Q=5
2026-01-07 14:43:43,432 - INFO - [GINSLIB] processing : 2022/05/24 03:59:10 Q=5
2026-01-07 14:43:43,449 - INFO - [GINSLIB] processing : 2022/05/24 03:59:11 Q=5
2026-01-07 14:43:43,465 - INFO - [GINSLIB] processing : 2022/05/24 03:59:12 Q=5
2026-01-07 14:43:43,475 - INFO - [GINSLIB] processing : 2022/05/24 03:59:13 Q=5
2026-01-07 14:43:43,493 - INFO - [GINSLIB] processing : 2022/05/24 03:59:14 Q=5
2026-01-07 14:43:43,509 - INFO - [GINSLIB] processing : 2022/05/24 03:59:15 Q=5
2026-01-07 14:43:43,527 - INFO - [GINSLIB] processing : 2022/05/24 03:59:16 Q=5
2026-01-07 14:43:43,543 - INFO - [GINSLIB] processing : 2022/05/24 03:59:17 Q=5
2026-01-07 14:43:43,563 - INFO - [GINSLIB] processing : 2022/05/24 03:59:18 Q=5
2026-01-07 14:43:43,570 - INFO - [GINSLIB] processing : 2022/05/24 03:59:19 Q=5
2026-01-07 14:43:43,589 - INFO - [GINSLIB] processing : 2022/05/24 03:59:20 Q=5
2026-01-07 14:43:43,609 - INFO - [GINSLIB] processing : 2022/05/24 03:59:21 Q=5
2026-01-07 14:43:43,625 - INFO - [GINSLIB] processing : 2022/05/24 03:59:22 Q=5
2026-01-07 14:43:43,644 - INFO - [GINSLIB] processing : 2022/05/24 03:59:23 Q=5
2026-01-07 14:43:43,651 - INFO - [GINSLIB] processing : 2022/05/24 03:59:24 Q=5
2026-01-07 14:43:43,671 - INFO - [GINSLIB] processing : 2022/05/24 03:59:25 Q=5
2026-01-07 14:43:43,687 - INFO - [GINSLIB] processing : 2022/05/24 03:59:26 Q=5
2026-01-07 14:43:43,707 - INFO - [GINSLIB] processing : 2022/05/24 03:59:27 Q=5
2026-01-07 14:43:43,726 - INFO - [GINSLIB] processing : 2022/05/24 03:59:28 Q=5
2026-01-07 14:43:43,731 - INFO - [GINSLIB] processing : 2022/05/24 03:59:29 Q=5
2026-01-07 14:43:43,750 - INFO - [GINSLIB] processing : 2022/05/24 03:59:30 Q=5
2026-01-07 14:43:43,765 - INFO - [GINSLIB] processing : 2022/05/24 03:59:31 Q=5
2026-01-07 14:43:43,784 - INFO - [GINSLIB] processing : 2022/05/24 03:59:32 Q=5
2026-01-07 14:43:43,798 - INFO - [GINSLIB] processing : 2022/05/24 03:59:33 Q=5
2026-01-07 14:43:43,808 - INFO - [GINSLIB] processing : 2022/05/24 03:59:34 Q=5
2026-01-07 14:43:43,828 - INFO - [GINSLIB] processing : 2022/05/24 03:59:35 Q=5
2026-01-07 14:43:43,845 - INFO - [GINSLIB] processing : 2022/05/24 03:59:36 Q=5
2026-01-07 14:43:43,866 - INFO - [GINSLIB] processing : 2022/05/24 03:59:37 Q=5
2026-01-07 14:43:43,883 - INFO - [GINSLIB] processing : 2022/05/24 03:59:38 Q=5
2026-01-07 14:43:43,892 - INFO - [GINSLIB] processing : 2022/05/24 03:59:39 Q=5
2026-01-07 14:43:43,911 - INFO - [GINSLIB] processing : 2022/05/24 03:59:40 Q=5
2026-01-07 14:43:43,930 - INFO - [GINSLIB] processing : 2022/05/24 03:59:41 Q=5
2026-01-07 14:43:43,951 - INFO - [GINSLIB] processing : 2022/05/24 03:59:42 Q=5
2026-01-07 14:43:43,967 - INFO - [GINSLIB] processing : 2022/05/24 03:59:43 Q=5
2026-01-07 14:43:43,978 - INFO - [GINSLIB] processing : 2022/05/24 03:59:44 Q=5
2026-01-07 14:43:43,997 - INFO - [GINSLIB] processing : 2022/05/24 03:59:45 Q=5
2026-01-07 14:43:44,015 - INFO - [GINSLIB] processing : 2022/05/24 03:59:46 Q=5
2026-01-07 14:43:44,037 - INFO - [GINSLIB] processing : 2022/05/24 03:59:47 Q=5
2026-01-07 14:43:44,053 - INFO - [GINSLIB] processing : 2022/05/24 03:59:48 Q=5
2026-01-07 14:43:44,071 - INFO - [GINSLIB] processing : 2022/05/24 03:59:49 Q=5
2026-01-07 14:43:44,078 - INFO - [GINSLIB] processing : 2022/05/24 03:59:50 Q=5
2026-01-07 14:43:44,097 - INFO - [GINSLIB] processing : 2022/05/24 03:59:51 Q=5
2026-01-07 14:43:44,117 - INFO - [GINSLIB] processing : 2022/05/24 03:59:52 Q=5
2026-01-07 14:43:44,133 - INFO - [GINSLIB] processing : 2022/05/24 03:59:53 Q=5
2026-01-07 14:43:44,155 - INFO - [GINSLIB] processing : 2022/05/24 03:59:54 Q=5
2026-01-07 14:43:44,161 - INFO - [GINSLIB] processing : 2022/05/24 03:59:55 Q=5
2026-01-07 14:43:44,181 - INFO - [GINSLIB] processing : 2022/05/24 03:59:56 Q=5
2026-01-07 14:43:44,198 - INFO - [GINSLIB] processing : 2022/05/24 03:59:57 Q=5
2026-01-07 14:43:44,217 - INFO - [GINSLIB] processing : 2022/05/24 03:59:58 Q=5
2026-01-07 14:43:44,237 - INFO - [GINSLIB] processing : 2022/05/24 03:59:59 Q=5
2026-01-07 14:43:44,244 - INFO - [GINSLIB] processing : 2022/05/24 04:00:00 Q=5
2026-01-07 14:43:44,264 - INFO - [GINSLIB] processing : 2022/05/24 04:00:01 Q=5
2026-01-07 14:43:44,282 - INFO - [GINSLIB] processing : 2022/05/24 04:00:02 Q=5
2026-01-07 14:43:44,304 - INFO - [GINSLIB] processing : 2022/05/24 04:00:03 Q=5
2026-01-07 14:43:44,323 - INFO - [GINSLIB] processing : 2022/05/24 04:00:04 Q=5
2026-01-07 14:43:44,334 - INFO - [GINSLIB] processing : 2022/05/24 04:00:05 Q=5
2026-01-07 14:43:44,355 - INFO - [GINSLIB] processing : 2022/05/24 04:00:06 Q=5
2026-01-07 14:43:44,374 - INFO - [GINSLIB] processing : 2022/05/24 04:00:07 Q=5
2026-01-07 14:43:44,397 - INFO - [GINSLIB] processing : 2022/05/24 04:00:08 Q=5
2026-01-07 14:43:44,416 - INFO - [GINSLIB] processing : 2022/05/24 04:00:09 Q=5
2026-01-07 14:43:44,427 - INFO - [GINSLIB] processing : 2022/05/24 04:00:10 Q=5
2026-01-07 14:43:44,447 - INFO - [GINSLIB] processing : 2022/05/24 04:00:11 Q=5
2026-01-07 14:43:44,461 - INFO - [GINSLIB] processing : 2022/05/24 04:00:12 Q=5
2026-01-07 14:43:44,479 - INFO - [GINSLIB] processing : 2022/05/24 04:00:13 Q=5
2026-01-07 14:43:44,497 - INFO - [GINSLIB] processing : 2022/05/24 04:00:14 Q=5
2026-01-07 14:43:44,507 - INFO - [GINSLIB] processing : 2022/05/24 04:00:15 Q=5
2026-01-07 14:43:44,525 - INFO - [GINSLIB] processing : 2022/05/24 04:00:16 Q=5
2026-01-07 14:43:44,542 - INFO - [GINSLIB] processing : 2022/05/24 04:00:17 Q=5
2026-01-07 14:43:44,563 - INFO - [GINSLIB] processing : 2022/05/24 04:00:18 Q=5
2026-01-07 14:43:44,580 - INFO - [GINSLIB] processing : 2022/05/24 04:00:19 Q=5
2026-01-07 14:43:44,599 - INFO - [GINSLIB] processing : 2022/05/24 04:00:20 Q=5
2026-01-07 14:43:44,606 - INFO - [GINSLIB] processing : 2022/05/24 04:00:21 Q=5
2026-01-07 14:43:44,627 - INFO - [GINSLIB] processing : 2022/05/24 04:00:22 Q=5
2026-01-07 14:43:44,647 - INFO - [GINSLIB] processing : 2022/05/24 04:00:23 Q=5
2026-01-07 14:43:44,665 - INFO - [GINSLIB] processing : 2022/05/24 04:00:24 Q=5
2026-01-07 14:43:44,685 - INFO - [GINSLIB] processing : 2022/05/24 04:00:25 Q=5
2026-01-07 14:43:44,693 - INFO - [GINSLIB] processing : 2022/05/24 04:00:26 Q=5
2026-01-07 14:43:44,713 - INFO - [GINSLIB] processing : 2022/05/24 04:00:27 Q=5
2026-01-07 14:43:44,730 - INFO - [GINSLIB] processing : 2022/05/24 04:00:28 Q=5
2026-01-07 14:43:44,751 - INFO - [GINSLIB] processing : 2022/05/24 04:00:29 Q=5
2026-01-07 14:43:44,769 - INFO - [GINSLIB] processing : 2022/05/24 04:00:30 Q=5
2026-01-07 14:43:44,778 - INFO - [GINSLIB] processing : 2022/05/24 04:00:31 Q=5
2026-01-07 14:43:44,798 - INFO - [GINSLIB] processing : 2022/05/24 04:00:32 Q=5
2026-01-07 14:43:44,815 - INFO - [GINSLIB] processing : 2022/05/24 04:00:33 Q=5
2026-01-07 14:43:44,837 - INFO - [GINSLIB] processing : 2022/05/24 04:00:34 Q=5
2026-01-07 14:43:44,854 - INFO - [GINSLIB] processing : 2022/05/24 04:00:35 Q=5
2026-01-07 14:43:44,863 - INFO - [GINSLIB] processing : 2022/05/24 04:00:36 Q=5
2026-01-07 14:43:44,884 - INFO - [GINSLIB] processing : 2022/05/24 04:00:37 Q=5
2026-01-07 14:43:44,901 - INFO - [GINSLIB] processing : 2022/05/24 04:00:38 Q=5
2026-01-07 14:43:44,921 - INFO - [GINSLIB] processing : 2022/05/24 04:00:39 Q=5
2026-01-07 14:43:44,939 - INFO - [GINSLIB] processing : 2022/05/24 04:00:40 Q=5
2026-01-07 14:43:44,949 - INFO - [GINSLIB] processing : 2022/05/24 04:00:41 Q=5
2026-01-07 14:43:44,969 - INFO - [GINSLIB] processing : 2022/05/24 04:00:42 Q=5
2026-01-07 14:43:44,987 - INFO - [GINSLIB] processing : 2022/05/24 04:00:43 Q=5
2026-01-07 14:43:45,007 - INFO - [GINSLIB] processing : 2022/05/24 04:00:44 Q=5
2026-01-07 14:43:45,024 - INFO - [GINSLIB] processing : 2022/05/24 04:00:45 Q=5
2026-01-07 14:43:45,045 - INFO - [GINSLIB] processing : 2022/05/24 04:00:46 Q=5
2026-01-07 14:43:45,056 - INFO - [GINSLIB] processing : 2022/05/24 04:00:47 Q=5
2026-01-07 14:43:45,073 - INFO - [GINSLIB] processing : 2022/05/24 04:00:48 Q=5
2026-01-07 14:43:45,093 - INFO - [GINSLIB] processing : 2022/05/24 04:00:49 Q=5
2026-01-07 14:43:45,111 - INFO - [GINSLIB] processing : 2022/05/24 04:00:50 Q=5
2026-01-07 14:43:45,129 - INFO - [GINSLIB] processing : 2022/05/24 04:00:51 Q=5
2026-01-07 14:43:45,138 - INFO - [GINSLIB] processing : 2022/05/24 04:00:52 Q=5
2026-01-07 14:43:45,157 - INFO - [GINSLIB] processing : 2022/05/24 04:00:53 Q=5
2026-01-07 14:43:45,178 - INFO - [GINSLIB] processing : 2022/05/24 04:00:54 Q=5
2026-01-07 14:43:45,195 - INFO - [GINSLIB] processing : 2022/05/24 04:00:55 Q=5
2026-01-07 14:43:45,215 - INFO - [GINSLIB] processing : 2022/05/24 04:00:56 Q=5
2026-01-07 14:43:45,223 - INFO - [GINSLIB] processing : 2022/05/24 04:00:57 Q=5
2026-01-07 14:43:45,245 - INFO - [GINSLIB] processing : 2022/05/24 04:00:58 Q=5
2026-01-07 14:43:45,263 - INFO - [GINSLIB] processing : 2022/05/24 04:00:59 Q=5
2026-01-07 14:43:45,283 - INFO - [GINSLIB] processing : 2022/05/24 04:01:00 Q=5
2026-01-07 14:43:45,302 - INFO - [GINSLIB] processing : 2022/05/24 04:01:01 Q=5
2026-01-07 14:43:45,312 - INFO - [GINSLIB] processing : 2022/05/24 04:01:02 Q=5
2026-01-07 14:43:45,332 - INFO - [GINSLIB] processing : 2022/05/24 04:01:03 Q=5
2026-01-07 14:43:45,348 - INFO - [GINSLIB] processing : 2022/05/24 04:01:04 Q=5
2026-01-07 14:43:45,368 - INFO - [GINSLIB] processing : 2022/05/24 04:01:05 Q=5
2026-01-07 14:43:45,383 - INFO - [GINSLIB] processing : 2022/05/24 04:01:06 Q=5
2026-01-07 14:43:45,394 - INFO - [GINSLIB] processing : 2022/05/24 04:01:07 Q=5
2026-01-07 14:43:45,412 - INFO - [GINSLIB] processing : 2022/05/24 04:01:08 Q=5
2026-01-07 14:43:45,429 - INFO - [GINSLIB] processing : 2022/05/24 04:01:09 Q=5
2026-01-07 14:43:45,448 - INFO - [GINSLIB] processing : 2022/05/24 04:01:10 Q=5
2026-01-07 14:43:45,466 - INFO - [GINSLIB] processing : 2022/05/24 04:01:11 Q=5
2026-01-07 14:43:45,477 - INFO - [GINSLIB] processing : 2022/05/24 04:01:12 Q=5
2026-01-07 14:43:45,496 - INFO - [GINSLIB] processing : 2022/05/24 04:01:13 Q=5
2026-01-07 14:43:45,514 - INFO - [GINSLIB] processing : 2022/05/24 04:01:14 Q=5
2026-01-07 14:43:45,536 - INFO - [GINSLIB] processing : 2022/05/24 04:01:15 Q=5
2026-01-07 14:43:45,553 - INFO - [GINSLIB] processing : 2022/05/24 04:01:16 Q=5
2026-01-07 14:43:45,573 - INFO - [GINSLIB] processing : 2022/05/24 04:01:17 Q=5
2026-01-07 14:43:45,582 - INFO - [GINSLIB] processing : 2022/05/24 04:01:18 Q=5
2026-01-07 14:43:45,599 - INFO - [GINSLIB] processing : 2022/05/24 04:01:19 Q=5
2026-01-07 14:43:45,619 - INFO - [GINSLIB] processing : 2022/05/24 04:01:20 Q=5
2026-01-07 14:43:45,636 - INFO - [GINSLIB] processing : 2022/05/24 04:01:21 Q=5
2026-01-07 14:43:45,657 - INFO - [GINSLIB] processing : 2022/05/24 04:01:22 Q=5
2026-01-07 14:43:45,663 - INFO - [GINSLIB] processing : 2022/05/24 04:01:23 Q=5
2026-01-07 14:43:45,681 - INFO - [GINSLIB] processing : 2022/05/24 04:01:24 Q=5
2026-01-07 14:43:45,697 - INFO - [GINSLIB] processing : 2022/05/24 04:01:25 Q=5
2026-01-07 14:43:45,717 - INFO - [GINSLIB] processing : 2022/05/24 04:01:26 Q=5
2026-01-07 14:43:45,738 - INFO - [GINSLIB] processing : 2022/05/24 04:01:27 Q=5
2026-01-07 14:43:45,745 - INFO - [GINSLIB] processing : 2022/05/24 04:01:28 Q=5
2026-01-07 14:43:45,765 - INFO - [GINSLIB] processing : 2022/05/24 04:01:29 Q=5
2026-01-07 14:43:45,783 - INFO - [GINSLIB] processing : 2022/05/24 04:01:30 Q=5
2026-01-07 14:43:45,803 - INFO - [GINSLIB] processing : 2022/05/24 04:01:31 Q=5
2026-01-07 14:43:45,819 - INFO - [GINSLIB] processing : 2022/05/24 04:01:32 Q=5
2026-01-07 14:43:45,828 - INFO - [GINSLIB] processing : 2022/05/24 04:01:33 Q=5
2026-01-07 14:43:45,846 - INFO - [GINSLIB] processing : 2022/05/24 04:01:34 Q=5
2026-01-07 14:43:45,863 - INFO - [GINSLIB] processing : 2022/05/24 04:01:35 Q=5
2026-01-07 14:43:45,882 - INFO - [GINSLIB] processing : 2022/05/24 04:01:36 Q=5
2026-01-07 14:43:45,898 - INFO - [GINSLIB] processing : 2022/05/24 04:01:37 Q=5
2026-01-07 14:43:45,909 - INFO - [GINSLIB] processing : 2022/05/24 04:01:38 Q=5
2026-01-07 14:43:45,927 - INFO - [GINSLIB] processing : 2022/05/24 04:01:39 Q=5
2026-01-07 14:43:45,946 - INFO - [GINSLIB] processing : 2022/05/24 04:01:40 Q=5
2026-01-07 14:43:45,966 - INFO - [GINSLIB] processing : 2022/05/24 04:01:41 Q=5
2026-01-07 14:43:45,982 - INFO - [GINSLIB] processing : 2022/05/24 04:01:42 Q=5
2026-01-07 14:43:45,994 - INFO - [GINSLIB] processing : 2022/05/24 04:01:43 Q=5
2026-01-07 14:43:46,014 - INFO - [GINSLIB] processing : 2022/05/24 04:01:44 Q=5
2026-01-07 14:43:46,031 - INFO - [GINSLIB] processing : 2022/05/24 04:01:45 Q=5
2026-01-07 14:43:46,051 - INFO - [GINSLIB] processing : 2022/05/24 04:01:46 Q=5
2026-01-07 14:43:46,069 - INFO - [GINSLIB] processing : 2022/05/24 04:01:47 Q=5
2026-01-07 14:43:46,089 - INFO - [GINSLIB] processing : 2022/05/24 04:01:48 Q=5
2026-01-07 14:43:46,095 - INFO - [GINSLIB] processing : 2022/05/24 04:01:49 Q=5
2026-01-07 14:43:46,115 - INFO - [GINSLIB] processing : 2022/05/24 04:01:50 Q=5
2026-01-07 14:43:46,136 - INFO - [GINSLIB] processing : 2022/05/24 04:01:51 Q=5
2026-01-07 14:43:46,154 - INFO - [GINSLIB] processing : 2022/05/24 04:01:52 Q=5
2026-01-07 14:43:46,174 - INFO - [GINSLIB] processing : 2022/05/24 04:01:53 Q=5
2026-01-07 14:43:46,181 - INFO - [GINSLIB] processing : 2022/05/24 04:01:54 Q=5
2026-01-07 14:43:46,202 - INFO - [GINSLIB] processing : 2022/05/24 04:01:55 Q=5
2026-01-07 14:43:46,219 - INFO - [GINSLIB] processing : 2022/05/24 04:01:56 Q=5
2026-01-07 14:43:46,241 - INFO - [GINSLIB] processing : 2022/05/24 04:01:57 Q=5
2026-01-07 14:43:46,261 - INFO - [GINSLIB] processing : 2022/05/24 04:01:58 Q=5
2026-01-07 14:43:46,268 - INFO - [GINSLIB] processing : 2022/05/24 04:01:59 Q=5
2026-01-07 14:43:46,289 - INFO - [GINSLIB] processing : 2022/05/24 04:02:00 Q=5
2026-01-07 14:43:46,305 - INFO - [GINSLIB] processing : 2022/05/24 04:02:01 Q=5
2026-01-07 14:43:46,325 - INFO - [GINSLIB] processing : 2022/05/24 04:02:02 Q=5
2026-01-07 14:43:46,341 - INFO - [GINSLIB] processing : 2022/05/24 04:02:03 Q=5
2026-01-07 14:43:46,350 - INFO - [GINSLIB] processing : 2022/05/24 04:02:04 Q=5
2026-01-07 14:43:46,371 - INFO - [GINSLIB] processing : 2022/05/24 04:02:05 Q=5
2026-01-07 14:43:46,389 - INFO - [GINSLIB] processing : 2022/05/24 04:02:06 Q=5
2026-01-07 14:43:46,408 - INFO - [GINSLIB] processing : 2022/05/24 04:02:07 Q=5
2026-01-07 14:43:46,426 - INFO - [GINSLIB] processing : 2022/05/24 04:02:08 Q=5
2026-01-07 14:43:46,435 - INFO - [GINSLIB] processing : 2022/05/24 04:02:09 Q=5
2026-01-07 14:43:46,456 - INFO - [GINSLIB] processing : 2022/05/24 04:02:10 Q=5
2026-01-07 14:43:46,472 - INFO - [GINSLIB] processing : 2022/05/24 04:02:11 Q=5
2026-01-07 14:43:46,492 - INFO - [GINSLIB] processing : 2022/05/24 04:02:12 Q=5
2026-01-07 14:43:46,511 - INFO - [GINSLIB] processing : 2022/05/24 04:02:13 Q=5
2026-01-07 14:43:46,522 - INFO - [GINSLIB] processing : 2022/05/24 04:02:14 Q=5
2026-01-07 14:43:46,541 - INFO - [GINSLIB] processing : 2022/05/24 04:02:15 Q=5
2026-01-07 14:43:46,557 - INFO - [GINSLIB] processing : 2022/05/24 04:02:16 Q=5
2026-01-07 14:43:46,577 - INFO - [GINSLIB] processing : 2022/05/24 04:02:17 Q=5
2026-01-07 14:43:46,594 - INFO - [GINSLIB] processing : 2022/05/24 04:02:18 Q=5
2026-01-07 14:43:46,615 - INFO - [GINSLIB] processing : 2022/05/24 04:02:19 Q=5
2026-01-07 14:43:46,622 - INFO - [GINSLIB] processing : 2022/05/24 04:02:20 Q=5
2026-01-07 14:43:46,642 - INFO - [GINSLIB] processing : 2022/05/24 04:02:21 Q=5
2026-01-07 14:43:46,662 - INFO - [GINSLIB] processing : 2022/05/24 04:02:22 Q=5
2026-01-07 14:43:46,679 - INFO - [GINSLIB] processing : 2022/05/24 04:02:23 Q=5
2026-01-07 14:43:46,699 - INFO - [GINSLIB] processing : 2022/05/24 04:02:24 Q=5
2026-01-07 14:43:46,707 - INFO - [GINSLIB] processing : 2022/05/24 04:02:25 Q=5
2026-01-07 14:43:46,728 - INFO - [GINSLIB] processing : 2022/05/24 04:02:26 Q=5
2026-01-07 14:43:46,744 - INFO - [GINSLIB] processing : 2022/05/24 04:02:27 Q=5
2026-01-07 14:43:46,764 - INFO - [GINSLIB] processing : 2022/05/24 04:02:28 Q=5
2026-01-07 14:43:46,784 - INFO - [GINSLIB] processing : 2022/05/24 04:02:29 Q=5
2026-01-07 14:43:46,792 - INFO - [GINSLIB] processing : 2022/05/24 04:02:30 Q=5
2026-01-07 14:43:46,812 - INFO - [GINSLIB] processing : 2022/05/24 04:02:31 Q=5
2026-01-07 14:43:46,829 - INFO - [GINSLIB] processing : 2022/05/24 04:02:32 Q=5
2026-01-07 14:43:46,849 - INFO - [GINSLIB] processing : 2022/05/24 04:02:33 Q=5
2026-01-07 14:43:46,866 - INFO - [GINSLIB] processing : 2022/05/24 04:02:34 Q=5
2026-01-07 14:43:46,876 - INFO - [GINSLIB] processing : 2022/05/24 04:02:35 Q=5
2026-01-07 14:43:46,895 - INFO - [GINSLIB] processing : 2022/05/24 04:02:36 Q=5
2026-01-07 14:43:46,913 - INFO - [GINSLIB] processing : 2022/05/24 04:02:37 Q=5
2026-01-07 14:43:46,933 - INFO - [GINSLIB] processing : 2022/05/24 04:02:38 Q=5
2026-01-07 14:43:46,951 - INFO - [GINSLIB] processing : 2022/05/24 04:02:39 Q=5
2026-01-07 14:43:46,961 - INFO - [GINSLIB] processing : 2022/05/24 04:02:40 Q=5
2026-01-07 14:43:46,981 - INFO - [GINSLIB] processing : 2022/05/24 04:02:41 Q=5
2026-01-07 14:43:46,998 - INFO - [GINSLIB] processing : 2022/05/24 04:02:42 Q=5
2026-01-07 14:43:47,018 - INFO - [GINSLIB] processing : 2022/05/24 04:02:43 Q=5
2026-01-07 14:43:47,035 - INFO - [GINSLIB] processing : 2022/05/24 04:02:44 Q=5
2026-01-07 14:43:47,046 - INFO - [GINSLIB] processing : 2022/05/24 04:02:45 Q=5
2026-01-07 14:43:47,066 - INFO - [GINSLIB] processing : 2022/05/24 04:02:46 Q=5
2026-01-07 14:43:47,082 - INFO - [GINSLIB] processing : 2022/05/24 04:02:47 Q=5
2026-01-07 14:43:47,103 - INFO - [GINSLIB] processing : 2022/05/24 04:02:48 Q=5
2026-01-07 14:43:47,120 - INFO - [GINSLIB] processing : 2022/05/24 04:02:49 Q=5
2026-01-07 14:43:47,140 - INFO - [GINSLIB] processing : 2022/05/24 04:02:50 Q=5
2026-01-07 14:43:47,147 - INFO - [GINSLIB] processing : 2022/05/24 04:02:51 Q=5
2026-01-07 14:43:47,166 - INFO - [GINSLIB] processing : 2022/05/24 04:02:52 Q=5
2026-01-07 14:43:47,186 - INFO - [GINSLIB] processing : 2022/05/24 04:02:53 Q=5
2026-01-07 14:43:47,204 - INFO - [GINSLIB] processing : 2022/05/24 04:02:54 Q=5
2026-01-07 14:43:47,225 - INFO - [GINSLIB] processing : 2022/05/24 04:02:55 Q=5
2026-01-07 14:43:47,231 - INFO - [GINSLIB] processing : 2022/05/24 04:02:56 Q=5
2026-01-07 14:43:47,253 - INFO - [GINSLIB] processing : 2022/05/24 04:02:57 Q=5
2026-01-07 14:43:47,270 - INFO - [GINSLIB] processing : 2022/05/24 04:02:58 Q=5
2026-01-07 14:43:47,291 - INFO - [GINSLIB] processing : 2022/05/24 04:02:59 Q=5
2026-01-07 14:43:47,311 - INFO - [GINSLIB] processing : 2022/05/24 04:03:00 Q=5
2026-01-07 14:43:47,318 - INFO - [GINSLIB] processing : 2022/05/24 04:03:01 Q=5
2026-01-07 14:43:47,339 - INFO - [GINSLIB] processing : 2022/05/24 04:03:02 Q=5
2026-01-07 14:43:47,355 - INFO - [GINSLIB] processing : 2022/05/24 04:03:03 Q=5
2026-01-07 14:43:47,373 - INFO - [GINSLIB] processing : 2022/05/24 04:03:04 Q=5
2026-01-07 14:43:47,390 - INFO - [GINSLIB] processing : 2022/05/24 04:03:05 Q=5
2026-01-07 14:43:47,399 - INFO - [GINSLIB] processing : 2022/05/24 04:03:06 Q=5
2026-01-07 14:43:47,416 - INFO - [GINSLIB] processing : 2022/05/24 04:03:07 Q=5
2026-01-07 14:43:47,431 - INFO - [GINSLIB] processing : 2022/05/24 04:03:08 Q=5
2026-01-07 14:43:47,448 - INFO - [GINSLIB] processing : 2022/05/24 04:03:09 Q=5
2026-01-07 14:43:47,464 - INFO - [GINSLIB] processing : 2022/05/24 04:03:10 Q=5
2026-01-07 14:43:47,474 - INFO - [GINSLIB] processing : 2022/05/24 04:03:11 Q=5
2026-01-07 14:43:47,492 - INFO - [GINSLIB] processing : 2022/05/24 04:03:12 Q=5
2026-01-07 14:43:47,508 - INFO - [GINSLIB] processing : 2022/05/24 04:03:13 Q=5
2026-01-07 14:43:47,527 - INFO - [GINSLIB] processing : 2022/05/24 04:03:14 Q=5
2026-01-07 14:43:47,543 - INFO - [GINSLIB] processing : 2022/05/24 04:03:15 Q=5
2026-01-07 14:43:47,563 - INFO - [GINSLIB] processing : 2022/05/24 04:03:16 Q=5
2026-01-07 14:43:47,575 - INFO - [GINSLIB] processing : 2022/05/24 04:03:17 Q=5
2026-01-07 14:43:47,591 - INFO - [GINSLIB] processing : 2022/05/24 04:03:18 Q=5
2026-01-07 14:43:47,611 - INFO - [GINSLIB] processing : 2022/05/24 04:03:19 Q=5
2026-01-07 14:43:47,628 - INFO - [GINSLIB] processing : 2022/05/24 04:03:20 Q=5
2026-01-07 14:43:47,646 - INFO - [GINSLIB] processing : 2022/05/24 04:03:21 Q=5
2026-01-07 14:43:47,653 - INFO - [GINSLIB] processing : 2022/05/24 04:03:22 Q=5
2026-01-07 14:43:47,674 - INFO - [GINSLIB] processing : 2022/05/24 04:03:23 Q=5
2026-01-07 14:43:47,694 - INFO - [GINSLIB] processing : 2022/05/24 04:03:24 Q=5
2026-01-07 14:43:47,712 - INFO - [GINSLIB] processing : 2022/05/24 04:03:25 Q=5
2026-01-07 14:43:47,732 - INFO - [GINSLIB] processing : 2022/05/24 04:03:26 Q=5
2026-01-07 14:43:47,740 - INFO - [GINSLIB] processing : 2022/05/24 04:03:27 Q=5
2026-01-07 14:43:47,760 - INFO - [GINSLIB] processing : 2022/05/24 04:03:28 Q=5
2026-01-07 14:43:47,777 - INFO - [GINSLIB] processing : 2022/05/24 04:03:29 Q=5
2026-01-07 14:43:47,797 - INFO - [GINSLIB] processing : 2022/05/24 04:03:30 Q=5
2026-01-07 14:43:47,814 - INFO - [GINSLIB] processing : 2022/05/24 04:03:31 Q=5
2026-01-07 14:43:47,824 - INFO - [GINSLIB] processing : 2022/05/24 04:03:32 Q=5
2026-01-07 14:43:47,843 - INFO - [GINSLIB] processing : 2022/05/24 04:03:33 Q=5
2026-01-07 14:43:47,859 - INFO - [GINSLIB] processing : 2022/05/24 04:03:34 Q=5
2026-01-07 14:43:47,878 - INFO - [GINSLIB] processing : 2022/05/24 04:03:35 Q=5
2026-01-07 14:43:47,892 - INFO - [GINSLIB] processing : 2022/05/24 04:03:36 Q=5
2026-01-07 14:43:47,901 - INFO - [GINSLIB] processing : 2022/05/24 04:03:37 Q=5
2026-01-07 14:43:47,920 - INFO - [GINSLIB] processing : 2022/05/24 04:03:38 Q=5
2026-01-07 14:43:47,936 - INFO - [GINSLIB] processing : 2022/05/24 04:03:39 Q=5
2026-01-07 14:43:47,956 - INFO - [GINSLIB] processing : 2022/05/24 04:03:40 Q=5
2026-01-07 14:43:47,973 - INFO - [GINSLIB] processing : 2022/05/24 04:03:41 Q=5
2026-01-07 14:43:47,983 - INFO - [GINSLIB] processing : 2022/05/24 04:03:42 Q=5
2026-01-07 14:43:48,003 - INFO - [GINSLIB] processing : 2022/05/24 04:03:43 Q=5
2026-01-07 14:43:48,020 - INFO - [GINSLIB] processing : 2022/05/24 04:03:44 Q=5
2026-01-07 14:43:48,043 - INFO - [GINSLIB] processing : 2022/05/24 04:03:45 Q=5
2026-01-07 14:43:48,061 - INFO - [GINSLIB] processing : 2022/05/24 04:03:46 Q=5
2026-01-07 14:43:48,081 - INFO - [GINSLIB] processing : 2022/05/24 04:03:47 Q=5
2026-01-07 14:43:48,095 - INFO - [GINSLIB] processing : 2022/05/24 04:03:48 Q=5
2026-01-07 14:43:48,115 - INFO - [GINSLIB] processing : 2022/05/24 04:03:49 Q=5
2026-01-07 14:43:48,138 - INFO - [GINSLIB] processing : 2022/05/24 04:03:50 Q=5
2026-01-07 14:43:48,157 - INFO - [GINSLIB] processing : 2022/05/24 04:03:51 Q=5
2026-01-07 14:43:48,178 - INFO - [GINSLIB] processing : 2022/05/24 04:03:52 Q=5
2026-01-07 14:43:48,187 - INFO - [GINSLIB] processing : 2022/05/24 04:03:53 Q=5
2026-01-07 14:43:48,211 - INFO - [GINSLIB] processing : 2022/05/24 04:03:54 Q=5
2026-01-07 14:43:48,232 - INFO - [GINSLIB] processing : 2022/05/24 04:03:55 Q=5
2026-01-07 14:43:48,255 - INFO - [GINSLIB] processing : 2022/05/24 04:03:56 Q=5
2026-01-07 14:43:48,276 - INFO - [GINSLIB] processing : 2022/05/24 04:03:57 Q=5
2026-01-07 14:43:48,282 - INFO - [GINSLIB] processing : 2022/05/24 04:03:58 Q=5
2026-01-07 14:43:48,303 - INFO - [GINSLIB] processing : 2022/05/24 04:03:59 Q=5
2026-01-07 14:43:48,321 - INFO - [GINSLIB] processing : 2022/05/24 04:04:00 Q=5
2026-01-07 14:43:48,341 - INFO - [GINSLIB] processing : 2022/05/24 04:04:01 Q=5
2026-01-07 14:43:48,357 - INFO - [GINSLIB] processing : 2022/05/24 04:04:02 Q=5
2026-01-07 14:43:48,367 - INFO - [GINSLIB] processing : 2022/05/24 04:04:03 Q=5
2026-01-07 14:43:48,385 - INFO - [GINSLIB] processing : 2022/05/24 04:04:04 Q=5
2026-01-07 14:43:48,402 - INFO - [GINSLIB] processing : 2022/05/24 04:04:05 Q=5
2026-01-07 14:43:48,421 - INFO - [GINSLIB] processing : 2022/05/24 04:04:06 Q=5
2026-01-07 14:43:48,437 - INFO - [GINSLIB] processing : 2022/05/24 04:04:07 Q=5
2026-01-07 14:43:48,446 - INFO - [GINSLIB] processing : 2022/05/24 04:04:08 Q=5
2026-01-07 14:43:48,466 - INFO - [GINSLIB] processing : 2022/05/24 04:04:09 Q=5
2026-01-07 14:43:48,481 - INFO - [GINSLIB] processing : 2022/05/24 04:04:10 Q=5
2026-01-07 14:43:48,500 - INFO - [GINSLIB] processing : 2022/05/24 04:04:11 Q=5
2026-01-07 14:43:48,519 - INFO - [GINSLIB] processing : 2022/05/24 04:04:12 Q=5
2026-01-07 14:43:48,529 - INFO - [GINSLIB] processing : 2022/05/24 04:04:13 Q=5
2026-01-07 14:43:48,549 - INFO - [GINSLIB] processing : 2022/05/24 04:04:14 Q=5
2026-01-07 14:43:48,565 - INFO - [GINSLIB] processing : 2022/05/24 04:04:15 Q=5
2026-01-07 14:43:48,584 - INFO - [GINSLIB] processing : 2022/05/24 04:04:16 Q=5
2026-01-07 14:43:48,601 - INFO - [GINSLIB] processing : 2022/05/24 04:04:17 Q=5
2026-01-07 14:43:48,620 - INFO - [GINSLIB] processing : 2022/05/24 04:04:18 Q=5
2026-01-07 14:43:48,633 - INFO - [GINSLIB] processing : 2022/05/24 04:04:19 Q=5
2026-01-07 14:43:48,652 - INFO - [GINSLIB] processing : 2022/05/24 04:04:20 Q=5
2026-01-07 14:43:48,672 - INFO - [GINSLIB] processing : 2022/05/24 04:04:21 Q=5
2026-01-07 14:43:48,689 - INFO - [GINSLIB] processing : 2022/05/24 04:04:22 Q=5
2026-01-07 14:43:48,709 - INFO - [GINSLIB] processing : 2022/05/24 04:04:23 Q=5
2026-01-07 14:43:48,716 - INFO - [GINSLIB] processing : 2022/05/24 04:04:24 Q=5
2026-01-07 14:43:48,736 - INFO - [GINSLIB] processing : 2022/05/24 04:04:25 Q=5
2026-01-07 14:43:48,754 - INFO - [GINSLIB] processing : 2022/05/24 04:04:26 Q=5
2026-01-07 14:43:48,777 - INFO - [GINSLIB] processing : 2022/05/24 04:04:27 Q=5
2026-01-07 14:43:48,800 - INFO - [GINSLIB] processing : 2022/05/24 04:04:28 Q=5
2026-01-07 14:43:48,809 - INFO - [GINSLIB] processing : 2022/05/24 04:04:29 Q=5
2026-01-07 14:43:48,838 - INFO - [GINSLIB] processing : 2022/05/24 04:04:30 Q=5
2026-01-07 14:43:48,861 - INFO - [GINSLIB] processing : 2022/05/24 04:04:31 Q=5
2026-01-07 14:43:48,887 - INFO - [GINSLIB] processing : 2022/05/24 04:04:32 Q=5
2026-01-07 14:43:48,908 - INFO - [GINSLIB] processing : 2022/05/24 04:04:33 Q=5
2026-01-07 14:43:48,920 - INFO - [GINSLIB] processing : 2022/05/24 04:04:34 Q=5
2026-01-07 14:43:48,944 - INFO - [GINSLIB] processing : 2022/05/24 04:04:35 Q=5
2026-01-07 14:43:48,962 - INFO - [GINSLIB] processing : 2022/05/24 04:04:36 Q=5
2026-01-07 14:43:48,986 - INFO - [GINSLIB] processing : 2022/05/24 04:04:37 Q=5
2026-01-07 14:43:49,006 - INFO - [GINSLIB] processing : 2022/05/24 04:04:38 Q=5
2026-01-07 14:43:49,017 - INFO - [GINSLIB] processing : 2022/05/24 04:04:39 Q=5
2026-01-07 14:43:49,040 - INFO - [GINSLIB] processing : 2022/05/24 04:04:40 Q=5
2026-01-07 14:43:49,059 - INFO - [GINSLIB] processing : 2022/05/24 04:04:41 Q=5
2026-01-07 14:43:49,084 - INFO - [GINSLIB] processing : 2022/05/24 04:04:42 Q=5
2026-01-07 14:43:49,106 - INFO - [GINSLIB] processing : 2022/05/24 04:04:43 Q=5
2026-01-07 14:43:49,119 - INFO - [GINSLIB] processing : 2022/05/24 04:04:44 Q=5
2026-01-07 14:43:49,141 - INFO - [GINSLIB] processing : 2022/05/24 04:04:45 Q=5
2026-01-07 14:43:49,160 - INFO - [GINSLIB] processing : 2022/05/24 04:04:46 Q=5
2026-01-07 14:43:49,181 - INFO - [GINSLIB] processing : 2022/05/24 04:04:47 Q=5
2026-01-07 14:43:49,199 - INFO - [GINSLIB] processing : 2022/05/24 04:04:48 Q=5
2026-01-07 14:43:49,219 - INFO - [GINSLIB] processing : 2022/05/24 04:04:49 Q=5
2026-01-07 14:43:49,226 - INFO - [GINSLIB] processing : 2022/05/24 04:04:50 Q=5
2026-01-07 14:43:49,247 - INFO - [GINSLIB] processing : 2022/05/24 04:04:51 Q=5
2026-01-07 14:43:49,267 - INFO - [GINSLIB] processing : 2022/05/24 04:04:52 Q=5
2026-01-07 14:43:49,286 - INFO - [GINSLIB] processing : 2022/05/24 04:04:53 Q=5
2026-01-07 14:43:49,307 - INFO - [GINSLIB] processing : 2022/05/24 04:04:54 Q=5
2026-01-07 14:43:49,314 - INFO - [GINSLIB] processing : 2022/05/24 04:04:55 Q=5
2026-01-07 14:43:49,335 - INFO - [GINSLIB] processing : 2022/05/24 04:04:56 Q=5
2026-01-07 14:43:49,354 - INFO - [GINSLIB] processing : 2022/05/24 04:04:57 Q=5
2026-01-07 14:43:49,374 - INFO - [GINSLIB] processing : 2022/05/24 04:04:58 Q=5
2026-01-07 14:43:49,395 - INFO - [GINSLIB] processing : 2022/05/24 04:04:59 Q=5
2026-01-07 14:43:49,404 - INFO - [GINSLIB] processing : 2022/05/24 04:05:00 Q=5
2026-01-07 14:43:49,425 - INFO - [GINSLIB] processing : 2022/05/24 04:05:01 Q=5
2026-01-07 14:43:49,444 - INFO - [GINSLIB] processing : 2022/05/24 04:05:02 Q=5
2026-01-07 14:43:49,468 - INFO - [GINSLIB] processing : 2022/05/24 04:05:03 Q=5
2026-01-07 14:43:49,488 - INFO - [GINSLIB] processing : 2022/05/24 04:05:04 Q=5
2026-01-07 14:43:49,497 - INFO - [GINSLIB] processing : 2022/05/24 04:05:05 Q=5
2026-01-07 14:43:49,518 - INFO - [GINSLIB] processing : 2022/05/24 04:05:06 Q=5
2026-01-07 14:43:49,536 - INFO - [GINSLIB] processing : 2022/05/24 04:05:07 Q=5
2026-01-07 14:43:49,556 - INFO - [GINSLIB] processing : 2022/05/24 04:05:08 Q=5
2026-01-07 14:43:49,574 - INFO - [GINSLIB] processing : 2022/05/24 04:05:09 Q=5
2026-01-07 14:43:49,586 - INFO - [GINSLIB] processing : 2022/05/24 04:05:10 Q=5
2026-01-07 14:43:49,609 - INFO - [GINSLIB] processing : 2022/05/24 04:05:11 Q=5
2026-01-07 14:43:49,628 - INFO - [GINSLIB] processing : 2022/05/24 04:05:12 Q=5
2026-01-07 14:43:49,648 - INFO - [GINSLIB] processing : 2022/05/24 04:05:13 Q=5
2026-01-07 14:43:49,666 - INFO - [GINSLIB] processing : 2022/05/24 04:05:14 Q=5
2026-01-07 14:43:49,677 - INFO - [GINSLIB] processing : 2022/05/24 04:05:15 Q=5
2026-01-07 14:43:49,697 - INFO - [GINSLIB] processing : 2022/05/24 04:05:16 Q=5
2026-01-07 14:43:49,714 - INFO - [GINSLIB] processing : 2022/05/24 04:05:17 Q=5
2026-01-07 14:43:49,735 - INFO - [GINSLIB] processing : 2022/05/24 04:05:18 Q=5
2026-01-07 14:43:49,753 - INFO - [GINSLIB] processing : 2022/05/24 04:05:19 Q=5
2026-01-07 14:43:49,773 - INFO - [GINSLIB] processing : 2022/05/24 04:05:20 Q=5
2026-01-07 14:43:49,779 - INFO - [GINSLIB] processing : 2022/05/24 04:05:21 Q=5
2026-01-07 14:43:49,799 - INFO - [GINSLIB] processing : 2022/05/24 04:05:22 Q=5
2026-01-07 14:43:49,820 - INFO - [GINSLIB] processing : 2022/05/24 04:05:23 Q=5
2026-01-07 14:43:49,841 - INFO - [GINSLIB] processing : 2022/05/24 04:05:24 Q=5
2026-01-07 14:43:49,862 - INFO - [GINSLIB] processing : 2022/05/24 04:05:25 Q=5
2026-01-07 14:43:49,871 - INFO - [GINSLIB] processing : 2022/05/24 04:05:26 Q=5
2026-01-07 14:43:49,890 - INFO - [GINSLIB] processing : 2022/05/24 04:05:27 Q=5
2026-01-07 14:43:49,907 - INFO - [GINSLIB] processing : 2022/05/24 04:05:28 Q=5
2026-01-07 14:43:49,926 - INFO - [GINSLIB] processing : 2022/05/24 04:05:29 Q=5
2026-01-07 14:43:49,946 - INFO - [GINSLIB] processing : 2022/05/24 04:05:30 Q=5
2026-01-07 14:43:49,953 - INFO - [GINSLIB] processing : 2022/05/24 04:05:31 Q=5
2026-01-07 14:43:49,974 - INFO - [GINSLIB] processing : 2022/05/24 04:05:32 Q=5
2026-01-07 14:43:49,991 - INFO - [GINSLIB] processing : 2022/05/24 04:05:33 Q=5
2026-01-07 14:43:50,010 - INFO - [GINSLIB] processing : 2022/05/24 04:05:34 Q=5
2026-01-07 14:43:50,027 - INFO - [GINSLIB] processing : 2022/05/24 04:05:35 Q=5
2026-01-07 14:43:50,036 - INFO - [GINSLIB] processing : 2022/05/24 04:05:36 Q=5
2026-01-07 14:43:50,055 - INFO - [GINSLIB] processing : 2022/05/24 04:05:37 Q=5
2026-01-07 14:43:50,072 - INFO - [GINSLIB] processing : 2022/05/24 04:05:38 Q=5
2026-01-07 14:43:50,090 - INFO - [GINSLIB] processing : 2022/05/24 04:05:39 Q=5
2026-01-07 14:43:50,107 - INFO - [GINSLIB] processing : 2022/05/24 04:05:40 Q=5
2026-01-07 14:43:50,117 - INFO - [GINSLIB] processing : 2022/05/24 04:05:41 Q=5
2026-01-07 14:43:50,135 - INFO - [GINSLIB] processing : 2022/05/24 04:05:42 Q=5
2026-01-07 14:43:50,152 - INFO - [GINSLIB] processing : 2022/05/24 04:05:43 Q=5
2026-01-07 14:43:50,173 - INFO - [GINSLIB] processing : 2022/05/24 04:05:44 Q=5
2026-01-07 14:43:50,190 - INFO - [GINSLIB] processing : 2022/05/24 04:05:45 Q=5
2026-01-07 14:43:50,200 - INFO - [GINSLIB] processing : 2022/05/24 04:05:46 Q=5
2026-01-07 14:43:50,220 - INFO - [GINSLIB] processing : 2022/05/24 04:05:47 Q=5
2026-01-07 14:43:50,237 - INFO - [GINSLIB] processing : 2022/05/24 04:05:48 Q=5
2026-01-07 14:43:50,257 - INFO - [GINSLIB] processing : 2022/05/24 04:05:49 Q=5
2026-01-07 14:43:50,274 - INFO - [GINSLIB] processing : 2022/05/24 04:05:50 Q=5
2026-01-07 14:43:50,295 - INFO - [GINSLIB] processing : 2022/05/24 04:05:51 Q=5
2026-01-07 14:43:50,304 - INFO - [GINSLIB] processing : 2022/05/24 04:05:52 Q=5
2026-01-07 14:43:50,325 - INFO - [GINSLIB] processing : 2022/05/24 04:05:53 Q=5
2026-01-07 14:43:50,348 - INFO - [GINSLIB] processing : 2022/05/24 04:05:54 Q=5
2026-01-07 14:43:50,368 - INFO - [GINSLIB] processing : 2022/05/24 04:05:55 Q=5
2026-01-07 14:43:50,388 - INFO - [GINSLIB] processing : 2022/05/24 04:05:56 Q=5
2026-01-07 14:43:50,396 - INFO - [GINSLIB] processing : 2022/05/24 04:05:57 Q=5
2026-01-07 14:43:50,415 - INFO - [GINSLIB] processing : 2022/05/24 04:05:58 Q=5
2026-01-07 14:43:50,434 - INFO - [GINSLIB] processing : 2022/05/24 04:05:59 Q=5
2026-01-07 14:43:50,454 - INFO - [GINSLIB] processing : 2022/05/24 04:06:00 Q=5
2026-01-07 14:43:50,474 - INFO - [GINSLIB] processing : 2022/05/24 04:06:01 Q=5
2026-01-07 14:43:50,480 - INFO - [GINSLIB] processing : 2022/05/24 04:06:02 Q=5
2026-01-07 14:43:50,500 - INFO - [GINSLIB] processing : 2022/05/24 04:06:03 Q=5
2026-01-07 14:43:50,521 - INFO - [GINSLIB] processing : 2022/05/24 04:06:04 Q=5
2026-01-07 14:43:50,547 - INFO - [GINSLIB] processing : 2022/05/24 04:06:05 Q=5
2026-01-07 14:43:50,570 - INFO - [GINSLIB] processing : 2022/05/24 04:06:06 Q=5
2026-01-07 14:43:50,581 - INFO - [GINSLIB] processing : 2022/05/24 04:06:07 Q=5
2026-01-07 14:43:50,602 - INFO - [GINSLIB] processing : 2022/05/24 04:06:08 Q=5
2026-01-07 14:43:50,620 - INFO - [GINSLIB] processing : 2022/05/24 04:06:09 Q=5
2026-01-07 14:43:50,641 - INFO - [GINSLIB] processing : 2022/05/24 04:06:10 Q=5
2026-01-07 14:43:50,658 - INFO - [GINSLIB] processing : 2022/05/24 04:06:11 Q=5
2026-01-07 14:43:50,670 - INFO - [GINSLIB] processing : 2022/05/24 04:06:12 Q=5
2026-01-07 14:43:50,691 - INFO - [GINSLIB] processing : 2022/05/24 04:06:13 Q=5
2026-01-07 14:43:50,708 - INFO - [GINSLIB] processing : 2022/05/24 04:06:14 Q=5
2026-01-07 14:43:50,727 - INFO - [GINSLIB] processing : 2022/05/24 04:06:15 Q=5
2026-01-07 14:43:50,745 - INFO - [GINSLIB] processing : 2022/05/24 04:06:16 Q=5
2026-01-07 14:43:50,767 - INFO - [GINSLIB] processing : 2022/05/24 04:06:17 Q=5
2026-01-07 14:43:50,777 - INFO - [GINSLIB] processing : 2022/05/24 04:06:18 Q=5
2026-01-07 14:43:50,795 - INFO - [GINSLIB] processing : 2022/05/24 04:06:19 Q=5
2026-01-07 14:43:50,814 - INFO - [GINSLIB] processing : 2022/05/24 04:06:20 Q=5
2026-01-07 14:43:50,833 - INFO - [GINSLIB] processing : 2022/05/24 04:06:21 Q=5
2026-01-07 14:43:50,855 - INFO - [GINSLIB] processing : 2022/05/24 04:06:22 Q=5
2026-01-07 14:43:50,863 - INFO - [GINSLIB] processing : 2022/05/24 04:06:23 Q=5
2026-01-07 14:43:50,884 - INFO - [GINSLIB] processing : 2022/05/24 04:06:24 Q=5
2026-01-07 14:43:50,907 - INFO - [GINSLIB] processing : 2022/05/24 04:06:25 Q=5
2026-01-07 14:43:50,925 - INFO - [GINSLIB] processing : 2022/05/24 04:06:26 Q=5
2026-01-07 14:43:50,946 - INFO - [GINSLIB] processing : 2022/05/24 04:06:27 Q=5
2026-01-07 14:43:50,954 - INFO - [GINSLIB] processing : 2022/05/24 04:06:28 Q=5
2026-01-07 14:43:50,976 - INFO - [GINSLIB] processing : 2022/05/24 04:06:29 Q=5
2026-01-07 14:43:50,994 - INFO - [GINSLIB] processing : 2022/05/24 04:06:30 Q=5
2026-01-07 14:43:51,016 - INFO - [GINSLIB] processing : 2022/05/24 04:06:31 Q=5
2026-01-07 14:43:51,035 - INFO - [GINSLIB] processing : 2022/05/24 04:06:32 Q=5
2026-01-07 14:43:51,046 - INFO - [GINSLIB] processing : 2022/05/24 04:06:33 Q=5
2026-01-07 14:43:51,069 - INFO - [GINSLIB] processing : 2022/05/24 04:06:34 Q=5
2026-01-07 14:43:51,087 - INFO - [GINSLIB] processing : 2022/05/24 04:06:35 Q=5
2026-01-07 14:43:51,108 - INFO - [GINSLIB] processing : 2022/05/24 04:06:36 Q=5
2026-01-07 14:43:51,126 - INFO - [GINSLIB] processing : 2022/05/24 04:06:37 Q=5
2026-01-07 14:43:51,138 - INFO - [GINSLIB] processing : 2022/05/24 04:06:38 Q=5
2026-01-07 14:43:51,160 - INFO - [GINSLIB] processing : 2022/05/24 04:06:39 Q=5
2026-01-07 14:43:51,178 - INFO - [GINSLIB] processing : 2022/05/24 04:06:40 Q=5
2026-01-07 14:43:51,199 - INFO - [GINSLIB] processing : 2022/05/24 04:06:41 Q=5
2026-01-07 14:43:51,218 - INFO - [GINSLIB] processing : 2022/05/24 04:06:42 Q=5
2026-01-07 14:43:51,229 - INFO - [GINSLIB] processing : 2022/05/24 04:06:43 Q=5
2026-01-07 14:43:51,250 - INFO - [GINSLIB] processing : 2022/05/24 04:06:44 Q=5
2026-01-07 14:43:51,270 - INFO - [GINSLIB] processing : 2022/05/24 04:06:45 Q=5
2026-01-07 14:43:51,291 - INFO - [GINSLIB] processing : 2022/05/24 04:06:46 Q=5
2026-01-07 14:43:51,310 - INFO - [GINSLIB] processing : 2022/05/24 04:06:47 Q=5
2026-01-07 14:43:51,331 - INFO - [GINSLIB] processing : 2022/05/24 04:06:48 Q=5
2026-01-07 14:43:51,344 - INFO - [GINSLIB] processing : 2022/05/24 04:06:49 Q=5
2026-01-07 14:43:51,363 - INFO - [GINSLIB] processing : 2022/05/24 04:06:50 Q=5
2026-01-07 14:43:51,386 - INFO - [GINSLIB] processing : 2022/05/24 04:06:51 Q=5
2026-01-07 14:43:51,404 - INFO - [GINSLIB] processing : 2022/05/24 04:06:52 Q=5
2026-01-07 14:43:51,428 - INFO - [GINSLIB] processing : 2022/05/24 04:06:53 Q=5
2026-01-07 14:43:51,439 - INFO - [GINSLIB] processing : 2022/05/24 04:06:54 Q=5
2026-01-07 14:43:51,462 - INFO - [GINSLIB] processing : 2022/05/24 04:06:55 Q=5
2026-01-07 14:43:51,484 - INFO - [GINSLIB] processing : 2022/05/24 04:06:56 Q=5
2026-01-07 14:43:51,506 - INFO - [GINSLIB] processing : 2022/05/24 04:06:57 Q=5
2026-01-07 14:43:51,527 - INFO - [GINSLIB] processing : 2022/05/24 04:06:58 Q=5
2026-01-07 14:43:51,537 - INFO - [GINSLIB] processing : 2022/05/24 04:06:59 Q=5
2026-01-07 14:43:51,559 - INFO - [GINSLIB] processing : 2022/05/24 04:07:00 Q=5
2026-01-07 14:43:51,578 - INFO - [GINSLIB] processing : 2022/05/24 04:07:01 Q=5
2026-01-07 14:43:51,599 - INFO - [GINSLIB] processing : 2022/05/24 04:07:02 Q=5
2026-01-07 14:43:51,618 - INFO - [GINSLIB] processing : 2022/05/24 04:07:03 Q=5
2026-01-07 14:43:51,627 - INFO - [GINSLIB] processing : 2022/05/24 04:07:04 Q=5
2026-01-07 14:43:51,646 - INFO - [GINSLIB] processing : 2022/05/24 04:07:05 Q=5
2026-01-07 14:43:51,663 - INFO - [GINSLIB] processing : 2022/05/24 04:07:06 Q=5
2026-01-07 14:43:51,682 - INFO - [GINSLIB] processing : 2022/05/24 04:07:07 Q=5
2026-01-07 14:43:51,698 - INFO - [GINSLIB] processing : 2022/05/24 04:07:08 Q=5
2026-01-07 14:43:51,709 - INFO - [GINSLIB] processing : 2022/05/24 04:07:09 Q=5
2026-01-07 14:43:51,729 - INFO - [GINSLIB] processing : 2022/05/24 04:07:10 Q=5
2026-01-07 14:43:51,747 - INFO - [GINSLIB] processing : 2022/05/24 04:07:11 Q=5
2026-01-07 14:43:51,769 - INFO - [GINSLIB] processing : 2022/05/24 04:07:12 Q=5
2026-01-07 14:43:51,788 - INFO - [GINSLIB] processing : 2022/05/24 04:07:13 Q=5
2026-01-07 14:43:51,800 - INFO - [GINSLIB] processing : 2022/05/24 04:07:14 Q=5
2026-01-07 14:43:51,824 - INFO - [GINSLIB] processing : 2022/05/24 04:07:15 Q=5
2026-01-07 14:43:51,843 - INFO - [GINSLIB] processing : 2022/05/24 04:07:16 Q=5
2026-01-07 14:43:51,867 - INFO - [GINSLIB] processing : 2022/05/24 04:07:17 Q=5
2026-01-07 14:43:51,886 - INFO - [GINSLIB] processing : 2022/05/24 04:07:18 Q=5
2026-01-07 14:43:51,909 - INFO - [GINSLIB] processing : 2022/05/24 04:07:19 Q=5
2026-01-07 14:43:51,915 - INFO - [GINSLIB] processing : 2022/05/24 04:07:20 Q=5
2026-01-07 14:43:51,939 - INFO - [GINSLIB] processing : 2022/05/24 04:07:21 Q=5
2026-01-07 14:43:51,961 - INFO - [GINSLIB] processing : 2022/05/24 04:07:22 Q=5
2026-01-07 14:43:51,981 - INFO - [GINSLIB] processing : 2022/05/24 04:07:23 Q=5
2026-01-07 14:43:52,011 - INFO - [GINSLIB] processing : 2022/05/24 04:07:24 Q=5
2026-01-07 14:43:52,019 - INFO - [GINSLIB] processing : 2022/05/24 04:07:25 Q=5
2026-01-07 14:43:52,042 - INFO - [GINSLIB] processing : 2022/05/24 04:07:26 Q=5
2026-01-07 14:43:52,060 - INFO - [GINSLIB] processing : 2022/05/24 04:07:27 Q=5
2026-01-07 14:43:52,081 - INFO - [GINSLIB] processing : 2022/05/24 04:07:28 Q=5
2026-01-07 14:43:52,100 - INFO - [GINSLIB] processing : 2022/05/24 04:07:29 Q=5
2026-01-07 14:43:52,108 - INFO - [GINSLIB] processing : 2022/05/24 04:07:30 Q=5
2026-01-07 14:43:52,129 - INFO - [GINSLIB] processing : 2022/05/24 04:07:31 Q=5
2026-01-07 14:43:52,146 - INFO - [GINSLIB] processing : 2022/05/24 04:07:32 Q=5
2026-01-07 14:43:52,165 - INFO - [GINSLIB] processing : 2022/05/24 04:07:33 Q=5
2026-01-07 14:43:52,182 - INFO - [GINSLIB] processing : 2022/05/24 04:07:34 Q=5
2026-01-07 14:43:52,191 - INFO - [GINSLIB] processing : 2022/05/24 04:07:35 Q=5
2026-01-07 14:43:52,212 - INFO - [GINSLIB] processing : 2022/05/24 04:07:36 Q=5
2026-01-07 14:43:52,228 - INFO - [GINSLIB] processing : 2022/05/24 04:07:37 Q=5
2026-01-07 14:43:52,248 - INFO - [GINSLIB] processing : 2022/05/24 04:07:38 Q=5
2026-01-07 14:43:52,264 - INFO - [GINSLIB] processing : 2022/05/24 04:07:39 Q=5
2026-01-07 14:43:52,277 - INFO - [GINSLIB] processing : 2022/05/24 04:07:40 Q=5
2026-01-07 14:43:52,298 - INFO - [GINSLIB] processing : 2022/05/24 04:07:41 Q=5
2026-01-07 14:43:52,316 - INFO - [GINSLIB] processing : 2022/05/24 04:07:42 Q=5
2026-01-07 14:43:52,339 - INFO - [GINSLIB] processing : 2022/05/24 04:07:43 Q=5
2026-01-07 14:43:52,358 - INFO - [GINSLIB] processing : 2022/05/24 04:07:44 Q=5
2026-01-07 14:43:52,368 - INFO - [GINSLIB] processing : 2022/05/24 04:07:45 Q=5
2026-01-07 14:43:52,389 - INFO - [GINSLIB] processing : 2022/05/24 04:07:46 Q=5
2026-01-07 14:43:52,406 - INFO - [GINSLIB] processing : 2022/05/24 04:07:47 Q=5
2026-01-07 14:43:52,427 - INFO - [GINSLIB] processing : 2022/05/24 04:07:48 Q=5
2026-01-07 14:43:52,444 - INFO - [GINSLIB] processing : 2022/05/24 04:07:49 Q=5
2026-01-07 14:43:52,465 - INFO - [GINSLIB] processing : 2022/05/24 04:07:50 Q=5
2026-01-07 14:43:52,473 - INFO - [GINSLIB] processing : 2022/05/24 04:07:51 Q=5
2026-01-07 14:43:52,493 - INFO - [GINSLIB] processing : 2022/05/24 04:07:52 Q=5
2026-01-07 14:43:52,511 - INFO - [GINSLIB] processing : 2022/05/24 04:07:53 Q=5
2026-01-07 14:43:52,528 - INFO - [GINSLIB] processing : 2022/05/24 04:07:54 Q=5
2026-01-07 14:43:52,549 - INFO - [GINSLIB] processing : 2022/05/24 04:07:55 Q=5
2026-01-07 14:43:52,556 - INFO - [GINSLIB] processing : 2022/05/24 04:07:56 Q=5
2026-01-07 14:43:52,580 - INFO - [GINSLIB] processing : 2022/05/24 04:07:57 Q=5
2026-01-07 14:43:52,597 - INFO - [GINSLIB] processing : 2022/05/24 04:07:58 Q=5
2026-01-07 14:43:52,620 - INFO - [GINSLIB] processing : 2022/05/24 04:07:59 Q=5
2026-01-07 14:43:52,642 - INFO - [GINSLIB] processing : 2022/05/24 04:08:00 Q=5
2026-01-07 14:43:52,651 - INFO - [GINSLIB] processing : 2022/05/24 04:08:01 Q=5
2026-01-07 14:43:52,671 - INFO - [GINSLIB] processing : 2022/05/24 04:08:02 Q=5
2026-01-07 14:43:52,691 - INFO - [GINSLIB] processing : 2022/05/24 04:08:03 Q=5
2026-01-07 14:43:52,710 - INFO - [GINSLIB] processing : 2022/05/24 04:08:04 Q=5
2026-01-07 14:43:52,725 - INFO - [GINSLIB] processing : 2022/05/24 04:08:05 Q=5
2026-01-07 14:43:52,735 - INFO - [GINSLIB] processing : 2022/05/24 04:08:06 Q=5
2026-01-07 14:43:52,753 - INFO - [GINSLIB] processing : 2022/05/24 04:08:07 Q=5
2026-01-07 14:43:52,769 - INFO - [GINSLIB] processing : 2022/05/24 04:08:08 Q=5
2026-01-07 14:43:52,788 - INFO - [GINSLIB] processing : 2022/05/24 04:08:09 Q=5
2026-01-07 14:43:52,805 - INFO - [GINSLIB] processing : 2022/05/24 04:08:10 Q=5
2026-01-07 14:43:52,814 - INFO - [GINSLIB] processing : 2022/05/24 04:08:11 Q=5
2026-01-07 14:43:52,834 - INFO - [GINSLIB] processing : 2022/05/24 04:08:12 Q=5
2026-01-07 14:43:52,852 - INFO - [GINSLIB] processing : 2022/05/24 04:08:13 Q=5
2026-01-07 14:43:52,874 - INFO - [GINSLIB] processing : 2022/05/24 04:08:14 Q=5
2026-01-07 14:43:52,893 - INFO - [GINSLIB] processing : 2022/05/24 04:08:15 Q=5
2026-01-07 14:43:52,903 - INFO - [GINSLIB] processing : 2022/05/24 04:08:16 Q=5
2026-01-07 14:43:52,925 - INFO - [GINSLIB] processing : 2022/05/24 04:08:17 Q=5
2026-01-07 14:43:52,945 - INFO - [GINSLIB] processing : 2022/05/24 04:08:18 Q=5
2026-01-07 14:43:52,966 - INFO - [GINSLIB] processing : 2022/05/24 04:08:19 Q=5
2026-01-07 14:43:52,985 - INFO - [GINSLIB] processing : 2022/05/24 04:08:20 Q=5
2026-01-07 14:43:53,006 - INFO - [GINSLIB] processing : 2022/05/24 04:08:21 Q=5
2026-01-07 14:43:53,012 - INFO - [GINSLIB] processing : 2022/05/24 04:08:22 Q=5
2026-01-07 14:43:53,034 - INFO - [GINSLIB] processing : 2022/05/24 04:08:23 Q=5
2026-01-07 14:43:53,054 - INFO - [GINSLIB] processing : 2022/05/24 04:08:24 Q=5
2026-01-07 14:43:53,072 - INFO - [GINSLIB] processing : 2022/05/24 04:08:25 Q=5
2026-01-07 14:43:53,094 - INFO - [GINSLIB] processing : 2022/05/24 04:08:26 Q=5
2026-01-07 14:43:53,103 - INFO - [GINSLIB] processing : 2022/05/24 04:08:27 Q=5
2026-01-07 14:43:53,130 - INFO - [GINSLIB] processing : 2022/05/24 04:08:28 Q=5
2026-01-07 14:43:53,149 - INFO - [GINSLIB] processing : 2022/05/24 04:08:29 Q=5
2026-01-07 14:43:53,172 - INFO - [GINSLIB] processing : 2022/05/24 04:08:30 Q=5
2026-01-07 14:43:53,194 - INFO - [GINSLIB] processing : 2022/05/24 04:08:31 Q=5
2026-01-07 14:43:53,201 - INFO - [GINSLIB] processing : 2022/05/24 04:08:32 Q=5
2026-01-07 14:43:53,222 - INFO - [GINSLIB] processing : 2022/05/24 04:08:33 Q=5
2026-01-07 14:43:53,239 - INFO - [GINSLIB] processing : 2022/05/24 04:08:34 Q=5
2026-01-07 14:43:53,258 - INFO - [GINSLIB] processing : 2022/05/24 04:08:35 Q=5
2026-01-07 14:43:53,275 - INFO - [GINSLIB] processing : 2022/05/24 04:08:36 Q=5
2026-01-07 14:43:53,285 - INFO - [GINSLIB] processing : 2022/05/24 04:08:37 Q=5
2026-01-07 14:43:53,306 - INFO - [GINSLIB] processing : 2022/05/24 04:08:38 Q=5
2026-01-07 14:43:53,324 - INFO - [GINSLIB] processing : 2022/05/24 04:08:39 Q=5
2026-01-07 14:43:53,344 - INFO - [GINSLIB] processing : 2022/05/24 04:08:40 Q=5
2026-01-07 14:43:53,362 - INFO - [GINSLIB] processing : 2022/05/24 04:08:41 Q=5
2026-01-07 14:43:53,374 - INFO - [GINSLIB] processing : 2022/05/24 04:08:42 Q=5
2026-01-07 14:43:53,394 - INFO - [GINSLIB] processing : 2022/05/24 04:08:43 Q=5
2026-01-07 14:43:53,412 - INFO - [GINSLIB] processing : 2022/05/24 04:08:44 Q=5
2026-01-07 14:43:53,434 - INFO - [GINSLIB] processing : 2022/05/24 04:08:45 Q=5
2026-01-07 14:43:53,453 - INFO - [GINSLIB] processing : 2022/05/24 04:08:46 Q=5
2026-01-07 14:43:53,463 - INFO - [GINSLIB] processing : 2022/05/24 04:08:47 Q=5
2026-01-07 14:43:53,486 - INFO - [GINSLIB] processing : 2022/05/24 04:08:48 Q=5
2026-01-07 14:43:53,504 - INFO - [GINSLIB] processing : 2022/05/24 04:08:49 Q=5
2026-01-07 14:43:53,525 - INFO - [GINSLIB] processing : 2022/05/24 04:08:50 Q=5
2026-01-07 14:43:53,542 - INFO - [GINSLIB] processing : 2022/05/24 04:08:51 Q=5
2026-01-07 14:43:53,564 - INFO - [GINSLIB] processing : 2022/05/24 04:08:52 Q=5
2026-01-07 14:43:53,572 - INFO - [GINSLIB] processing : 2022/05/24 04:08:53 Q=5
2026-01-07 14:43:53,593 - INFO - [GINSLIB] processing : 2022/05/24 04:08:54 Q=5
2026-01-07 14:43:53,615 - INFO - [GINSLIB] processing : 2022/05/24 04:08:55 Q=5
2026-01-07 14:43:53,632 - INFO - [GINSLIB] processing : 2022/05/24 04:08:56 Q=5
2026-01-07 14:43:53,654 - INFO - [GINSLIB] processing : 2022/05/24 04:08:57 Q=5
2026-01-07 14:43:53,661 - INFO - [GINSLIB] processing : 2022/05/24 04:08:58 Q=5
2026-01-07 14:43:53,682 - INFO - [GINSLIB] processing : 2022/05/24 04:08:59 Q=5
2026-01-07 14:43:53,698 - INFO - [GINSLIB] processing : 2022/05/24 04:09:00 Q=5
2026-01-07 14:43:53,718 - INFO - [GINSLIB] processing : 2022/05/24 04:09:01 Q=5
2026-01-07 14:43:53,735 - INFO - [GINSLIB] processing : 2022/05/24 04:09:02 Q=5
2026-01-07 14:43:53,745 - INFO - [GINSLIB] processing : 2022/05/24 04:09:03 Q=5
2026-01-07 14:43:53,767 - INFO - [GINSLIB] processing : 2022/05/24 04:09:04 Q=5
2026-01-07 14:43:53,784 - INFO - [GINSLIB] processing : 2022/05/24 04:09:05 Q=5
2026-01-07 14:43:53,804 - INFO - [GINSLIB] processing : 2022/05/24 04:09:06 Q=5
2026-01-07 14:43:53,823 - INFO - [GINSLIB] processing : 2022/05/24 04:09:07 Q=5
2026-01-07 14:43:53,834 - INFO - [GINSLIB] processing : 2022/05/24 04:09:08 Q=5
2026-01-07 14:43:53,854 - INFO - [GINSLIB] processing : 2022/05/24 04:09:09 Q=5
2026-01-07 14:43:53,871 - INFO - [GINSLIB] processing : 2022/05/24 04:09:10 Q=5
2026-01-07 14:43:53,893 - INFO - [GINSLIB] processing : 2022/05/24 04:09:11 Q=5
2026-01-07 14:43:53,913 - INFO - [GINSLIB] processing : 2022/05/24 04:09:12 Q=5
2026-01-07 14:43:53,924 - INFO - [GINSLIB] processing : 2022/05/24 04:09:13 Q=5
2026-01-07 14:43:53,946 - INFO - [GINSLIB] processing : 2022/05/24 04:09:14 Q=5
2026-01-07 14:43:53,964 - INFO - [GINSLIB] processing : 2022/05/24 04:09:15 Q=5
2026-01-07 14:43:53,984 - INFO - [GINSLIB] processing : 2022/05/24 04:09:16 Q=5
2026-01-07 14:43:54,004 - INFO - [GINSLIB] processing : 2022/05/24 04:09:17 Q=5
2026-01-07 14:43:54,024 - INFO - [GINSLIB] processing : 2022/05/24 04:09:18 Q=5
2026-01-07 14:43:54,035 - INFO - [GINSLIB] processing : 2022/05/24 04:09:19 Q=5
2026-01-07 14:43:54,053 - INFO - [GINSLIB] processing : 2022/05/24 04:09:20 Q=5
2026-01-07 14:43:54,073 - INFO - [GINSLIB] processing : 2022/05/24 04:09:21 Q=5
2026-01-07 14:43:54,090 - INFO - [GINSLIB] processing : 2022/05/24 04:09:22 Q=5
2026-01-07 14:43:54,111 - INFO - [GINSLIB] processing : 2022/05/24 04:09:23 Q=5
2026-01-07 14:43:54,119 - INFO - [GINSLIB] processing : 2022/05/24 04:09:24 Q=5
2026-01-07 14:43:54,140 - INFO - [GINSLIB] processing : 2022/05/24 04:09:25 Q=5
2026-01-07 14:43:54,161 - INFO - [GINSLIB] processing : 2022/05/24 04:09:26 Q=5
2026-01-07 14:43:54,178 - INFO - [GINSLIB] processing : 2022/05/24 04:09:27 Q=5
2026-01-07 14:43:54,198 - INFO - [GINSLIB] processing : 2022/05/24 04:09:28 Q=5
2026-01-07 14:43:54,207 - INFO - [GINSLIB] processing : 2022/05/24 04:09:29 Q=5
2026-01-07 14:43:54,227 - INFO - [GINSLIB] processing : 2022/05/24 04:09:30 Q=5
2026-01-07 14:43:54,246 - INFO - [GINSLIB] processing : 2022/05/24 04:09:31 Q=5
2026-01-07 14:43:54,267 - INFO - [GINSLIB] processing : 2022/05/24 04:09:32 Q=5
2026-01-07 14:43:54,286 - INFO - [GINSLIB] processing : 2022/05/24 04:09:33 Q=5
2026-01-07 14:43:54,295 - INFO - [GINSLIB] processing : 2022/05/24 04:09:34 Q=5
2026-01-07 14:43:54,315 - INFO - [GINSLIB] processing : 2022/05/24 04:09:35 Q=5
2026-01-07 14:43:54,333 - INFO - [GINSLIB] processing : 2022/05/24 04:09:36 Q=5
2026-01-07 14:43:54,354 - INFO - [GINSLIB] processing : 2022/05/24 04:09:37 Q=5
2026-01-07 14:43:54,372 - INFO - [GINSLIB] processing : 2022/05/24 04:09:38 Q=5
2026-01-07 14:43:54,381 - INFO - [GINSLIB] processing : 2022/05/24 04:09:39 Q=5
2026-01-07 14:43:54,402 - INFO - [GINSLIB] processing : 2022/05/24 04:09:40 Q=5
2026-01-07 14:43:54,418 - INFO - [GINSLIB] processing : 2022/05/24 04:09:41 Q=5
2026-01-07 14:43:54,438 - INFO - [GINSLIB] processing : 2022/05/24 04:09:42 Q=5
2026-01-07 14:43:54,455 - INFO - [GINSLIB] processing : 2022/05/24 04:09:43 Q=5
2026-01-07 14:43:54,464 - INFO - [GINSLIB] processing : 2022/05/24 04:09:44 Q=5
2026-01-07 14:43:54,484 - INFO - [GINSLIB] processing : 2022/05/24 04:09:45 Q=5
2026-01-07 14:43:54,502 - INFO - [GINSLIB] processing : 2022/05/24 04:09:46 Q=5
2026-01-07 14:43:54,523 - INFO - [GINSLIB] processing : 2022/05/24 04:09:47 Q=5
2026-01-07 14:43:54,543 - INFO - [GINSLIB] processing : 2022/05/24 04:09:48 Q=5
2026-01-07 14:43:54,564 - INFO - [GINSLIB] processing : 2022/05/24 04:09:49 Q=5
2026-01-07 14:43:54,575 - INFO - [GINSLIB] processing : 2022/05/24 04:09:50 Q=5
2026-01-07 14:43:54,592 - INFO - [GINSLIB] processing : 2022/05/24 04:09:51 Q=5
2026-01-07 14:43:54,612 - INFO - [GINSLIB] processing : 2022/05/24 04:09:52 Q=5
2026-01-07 14:43:54,628 - INFO - [GINSLIB] processing : 2022/05/24 04:09:53 Q=5
2026-01-07 14:43:54,647 - INFO - [GINSLIB] processing : 2022/05/24 04:09:54 Q=5
2026-01-07 14:43:54,654 - INFO - [GINSLIB] processing : 2022/05/24 04:09:55 Q=5
2026-01-07 14:43:54,674 - INFO - [GINSLIB] processing : 2022/05/24 04:09:56 Q=5
2026-01-07 14:43:54,691 - INFO - [GINSLIB] processing : 2022/05/24 04:09:57 Q=5
2026-01-07 14:43:54,710 - INFO - [GINSLIB] processing : 2022/05/24 04:09:58 Q=5
2026-01-07 14:43:54,729 - INFO - [GINSLIB] processing : 2022/05/24 04:09:59 Q=5
2026-01-07 14:43:54,735 - INFO - [GINSLIB] processing : 2022/05/24 04:10:00 Q=5
2026-01-07 14:43:54,755 - INFO - [GINSLIB] processing : 2022/05/24 04:10:01 Q=5
2026-01-07 14:43:54,770 - INFO - [GINSLIB] processing : 2022/05/24 04:10:02 Q=5
2026-01-07 14:43:54,790 - INFO - [GINSLIB] processing : 2022/05/24 04:10:03 Q=5
2026-01-07 14:43:54,807 - INFO - [GINSLIB] processing : 2022/05/24 04:10:04 Q=5
2026-01-07 14:43:54,815 - INFO - [GINSLIB] processing : 2022/05/24 04:10:05 Q=5
2026-01-07 14:43:54,835 - INFO - [GINSLIB] processing : 2022/05/24 04:10:06 Q=5
2026-01-07 14:43:54,851 - INFO - [GINSLIB] processing : 2022/05/24 04:10:07 Q=5
2026-01-07 14:43:54,869 - INFO - [GINSLIB] processing : 2022/05/24 04:10:08 Q=5
2026-01-07 14:43:54,885 - INFO - [GINSLIB] processing : 2022/05/24 04:10:09 Q=5
2026-01-07 14:43:54,894 - INFO - [GINSLIB] processing : 2022/05/24 04:10:10 Q=5
2026-01-07 14:43:54,914 - INFO - [GINSLIB] processing : 2022/05/24 04:10:11 Q=5
2026-01-07 14:43:54,931 - INFO - [GINSLIB] processing : 2022/05/24 04:10:12 Q=5
2026-01-07 14:43:54,952 - INFO - [GINSLIB] processing : 2022/05/24 04:10:13 Q=5
2026-01-07 14:43:54,970 - INFO - [GINSLIB] processing : 2022/05/24 04:10:14 Q=5
2026-01-07 14:43:54,980 - INFO - [GINSLIB] processing : 2022/05/24 04:10:15 Q=5
2026-01-07 14:43:55,002 - INFO - [GINSLIB] processing : 2022/05/24 04:10:16 Q=5
2026-01-07 14:43:55,020 - INFO - [GINSLIB] processing : 2022/05/24 04:10:17 Q=5
2026-01-07 14:43:55,039 - INFO - [GINSLIB] processing : 2022/05/24 04:10:18 Q=5
2026-01-07 14:43:55,055 - INFO - [GINSLIB] processing : 2022/05/24 04:10:19 Q=5
2026-01-07 14:43:55,075 - INFO - [GINSLIB] processing : 2022/05/24 04:10:20 Q=5
2026-01-07 14:43:55,081 - INFO - [GINSLIB] processing : 2022/05/24 04:10:21 Q=5
2026-01-07 14:43:55,101 - INFO - [GINSLIB] processing : 2022/05/24 04:10:22 Q=5
2026-01-07 14:43:55,122 - INFO - [GINSLIB] processing : 2022/05/24 04:10:23 Q=5
2026-01-07 14:43:55,138 - INFO - [GINSLIB] processing : 2022/05/24 04:10:24 Q=5
2026-01-07 14:43:55,158 - INFO - [GINSLIB] processing : 2022/05/24 04:10:25 Q=5
2026-01-07 14:43:55,165 - INFO - [GINSLIB] processing : 2022/05/24 04:10:26 Q=5
2026-01-07 14:43:55,185 - INFO - [GINSLIB] processing : 2022/05/24 04:10:27 Q=5
2026-01-07 14:43:55,203 - INFO - [GINSLIB] processing : 2022/05/24 04:10:28 Q=5
2026-01-07 14:43:55,224 - INFO - [GINSLIB] processing : 2022/05/24 04:10:29 Q=5
2026-01-07 14:43:55,244 - INFO - [GINSLIB] processing : 2022/05/24 04:10:30 Q=5
2026-01-07 14:43:55,250 - INFO - [GINSLIB] processing : 2022/05/24 04:10:31 Q=5
2026-01-07 14:43:55,271 - INFO - [GINSLIB] processing : 2022/05/24 04:10:32 Q=5
2026-01-07 14:43:55,288 - INFO - [GINSLIB] processing : 2022/05/24 04:10:33 Q=5
2026-01-07 14:43:55,308 - INFO - [GINSLIB] processing : 2022/05/24 04:10:34 Q=5
2026-01-07 14:43:55,326 - INFO - [GINSLIB] processing : 2022/05/24 04:10:35 Q=5
2026-01-07 14:43:55,336 - INFO - [GINSLIB] processing : 2022/05/24 04:10:36 Q=5
2026-01-07 14:43:55,356 - INFO - [GINSLIB] processing : 2022/05/24 04:10:37 Q=5
2026-01-07 14:43:55,373 - INFO - [GINSLIB] processing : 2022/05/24 04:10:38 Q=5
2026-01-07 14:43:55,392 - INFO - [GINSLIB] processing : 2022/05/24 04:10:39 Q=5
2026-01-07 14:43:55,409 - INFO - [GINSLIB] processing : 2022/05/24 04:10:40 Q=5
2026-01-07 14:43:55,419 - INFO - [GINSLIB] processing : 2022/05/24 04:10:41 Q=5
2026-01-07 14:43:55,438 - INFO - [GINSLIB] processing : 2022/05/24 04:10:42 Q=5
2026-01-07 14:43:55,455 - INFO - [GINSLIB] processing : 2022/05/24 04:10:43 Q=5
2026-01-07 14:43:55,475 - INFO - [GINSLIB] processing : 2022/05/24 04:10:44 Q=5
2026-01-07 14:43:55,491 - INFO - [GINSLIB] processing : 2022/05/24 04:10:45 Q=5
2026-01-07 14:43:55,501 - INFO - [GINSLIB] processing : 2022/05/24 04:10:46 Q=5
2026-01-07 14:43:55,522 - INFO - [GINSLIB] processing : 2022/05/24 04:10:47 Q=5
2026-01-07 14:43:55,538 - INFO - [GINSLIB] processing : 2022/05/24 04:10:48 Q=5
2026-01-07 14:43:55,558 - INFO - [GINSLIB] processing : 2022/05/24 04:10:49 Q=5
2026-01-07 14:43:55,575 - INFO - [GINSLIB] processing : 2022/05/24 04:10:50 Q=5
2026-01-07 14:43:55,594 - INFO - [GINSLIB] processing : 2022/05/24 04:10:51 Q=5
2026-01-07 14:43:55,602 - INFO - [GINSLIB] processing : 2022/05/24 04:10:52 Q=5
2026-01-07 14:43:55,622 - INFO - [GINSLIB] processing : 2022/05/24 04:10:53 Q=5
2026-01-07 14:43:55,641 - INFO - [GINSLIB] processing : 2022/05/24 04:10:54 Q=5
2026-01-07 14:43:55,659 - INFO - [GINSLIB] processing : 2022/05/24 04:10:55 Q=5
2026-01-07 14:43:55,677 - INFO - [GINSLIB] processing : 2022/05/24 04:10:56 Q=5
2026-01-07 14:43:55,686 - INFO - [GINSLIB] processing : 2022/05/24 04:10:57 Q=5
2026-01-07 14:43:55,706 - INFO - [GINSLIB] processing : 2022/05/24 04:10:58 Q=5
2026-01-07 14:43:55,723 - INFO - [GINSLIB] processing : 2022/05/24 04:10:59 Q=5
2026-01-07 14:43:55,744 - INFO - [GINSLIB] processing : 2022/05/24 04:11:00 Q=5
2026-01-07 14:43:55,764 - INFO - [GINSLIB] processing : 2022/05/24 04:11:01 Q=5
2026-01-07 14:43:55,772 - INFO - [GINSLIB] processing : 2022/05/24 04:11:02 Q=5
2026-01-07 14:43:55,792 - INFO - [GINSLIB] processing : 2022/05/24 04:11:03 Q=5
2026-01-07 14:43:55,808 - INFO - [GINSLIB] processing : 2022/05/24 04:11:04 Q=5
2026-01-07 14:43:55,827 - INFO - [GINSLIB] processing : 2022/05/24 04:11:05 Q=5
2026-01-07 14:43:55,843 - INFO - [GINSLIB] processing : 2022/05/24 04:11:06 Q=5
2026-01-07 14:43:55,852 - INFO - [GINSLIB] processing : 2022/05/24 04:11:07 Q=5
2026-01-07 14:43:55,872 - INFO - [GINSLIB] processing : 2022/05/24 04:11:08 Q=5
2026-01-07 14:43:55,889 - INFO - [GINSLIB] processing : 2022/05/24 04:11:09 Q=5
2026-01-07 14:43:55,907 - INFO - [GINSLIB] processing : 2022/05/24 04:11:10 Q=5
2026-01-07 14:43:55,925 - INFO - [GINSLIB] processing : 2022/05/24 04:11:11 Q=5
2026-01-07 14:43:55,934 - INFO - [GINSLIB] processing : 2022/05/24 04:11:12 Q=5
2026-01-07 14:43:55,954 - INFO - [GINSLIB] processing : 2022/05/24 04:11:13 Q=5
2026-01-07 14:43:55,970 - INFO - [GINSLIB] processing : 2022/05/24 04:11:14 Q=5
2026-01-07 14:43:55,990 - INFO - [GINSLIB] processing : 2022/05/24 04:11:15 Q=5
2026-01-07 14:43:56,005 - INFO - [GINSLIB] processing : 2022/05/24 04:11:16 Q=5
2026-01-07 14:43:56,016 - INFO - [GINSLIB] processing : 2022/05/24 04:11:17 Q=5
2026-01-07 14:43:56,035 - INFO - [GINSLIB] processing : 2022/05/24 04:11:18 Q=5
2026-01-07 14:43:56,052 - INFO - [GINSLIB] processing : 2022/05/24 04:11:19 Q=5
2026-01-07 14:43:56,072 - INFO - [GINSLIB] processing : 2022/05/24 04:11:20 Q=5
2026-01-07 14:43:56,089 - INFO - [GINSLIB] processing : 2022/05/24 04:11:21 Q=5
2026-01-07 14:43:56,109 - INFO - [GINSLIB] processing : 2022/05/24 04:11:22 Q=5
2026-01-07 14:43:56,116 - INFO - [GINSLIB] processing : 2022/05/24 04:11:23 Q=5
2026-01-07 14:43:56,137 - INFO - [GINSLIB] processing : 2022/05/24 04:11:24 Q=5
2026-01-07 14:43:56,156 - INFO - [GINSLIB] processing : 2022/05/24 04:11:25 Q=5
2026-01-07 14:43:56,172 - INFO - [GINSLIB] processing : 2022/05/24 04:11:26 Q=5
2026-01-07 14:43:56,194 - INFO - [GINSLIB] processing : 2022/05/24 04:11:27 Q=5
2026-01-07 14:43:56,203 - INFO - [GINSLIB] processing : 2022/05/24 04:11:28 Q=5
2026-01-07 14:43:56,225 - INFO - [GINSLIB] processing : 2022/05/24 04:11:29 Q=5
2026-01-07 14:43:56,244 - INFO - [GINSLIB] processing : 2022/05/24 04:11:30 Q=5
2026-01-07 14:43:56,265 - INFO - [GINSLIB] processing : 2022/05/24 04:11:31 Q=5
2026-01-07 14:43:56,287 - INFO - [GINSLIB] processing : 2022/05/24 04:11:32 Q=5
2026-01-07 14:43:56,294 - INFO - [GINSLIB] processing : 2022/05/24 04:11:33 Q=5
2026-01-07 14:43:56,316 - INFO - [GINSLIB] processing : 2022/05/24 04:11:34 Q=5
2026-01-07 14:43:56,333 - INFO - [GINSLIB] processing : 2022/05/24 04:11:35 Q=5
2026-01-07 14:43:56,355 - INFO - [GINSLIB] processing : 2022/05/24 04:11:36 Q=5
2026-01-07 14:43:56,372 - INFO - [GINSLIB] processing : 2022/05/24 04:11:37 Q=5
2026-01-07 14:43:56,383 - INFO - [GINSLIB] processing : 2022/05/24 04:11:38 Q=5
2026-01-07 14:43:56,404 - INFO - [GINSLIB] processing : 2022/05/24 04:11:39 Q=5
2026-01-07 14:43:56,423 - INFO - [GINSLIB] processing : 2022/05/24 04:11:40 Q=5
2026-01-07 14:43:56,443 - INFO - [GINSLIB] processing : 2022/05/24 04:11:41 Q=5
2026-01-07 14:43:56,461 - INFO - [GINSLIB] processing : 2022/05/24 04:11:42 Q=5
2026-01-07 14:43:56,472 - INFO - [GINSLIB] processing : 2022/05/24 04:11:43 Q=5
2026-01-07 14:43:56,493 - INFO - [GINSLIB] processing : 2022/05/24 04:11:44 Q=5
2026-01-07 14:43:56,513 - INFO - [GINSLIB] processing : 2022/05/24 04:11:45 Q=5
2026-01-07 14:43:56,536 - INFO - [GINSLIB] processing : 2022/05/24 04:11:46 Q=5
2026-01-07 14:43:56,555 - INFO - [GINSLIB] processing : 2022/05/24 04:11:47 Q=5
2026-01-07 14:43:56,577 - INFO - [GINSLIB] processing : 2022/05/24 04:11:48 Q=5
2026-01-07 14:43:56,589 - INFO - [GINSLIB] processing : 2022/05/24 04:11:49 Q=5
2026-01-07 14:43:56,607 - INFO - [GINSLIB] processing : 2022/05/24 04:11:50 Q=5
2026-01-07 14:43:56,630 - INFO - [GINSLIB] processing : 2022/05/24 04:11:51 Q=5
2026-01-07 14:43:56,649 - INFO - [GINSLIB] processing : 2022/05/24 04:11:52 Q=5
2026-01-07 14:43:56,673 - INFO - [GINSLIB] processing : 2022/05/24 04:11:53 Q=5
2026-01-07 14:43:56,680 - INFO - [GINSLIB] processing : 2022/05/24 04:11:54 Q=5
2026-01-07 14:43:56,701 - INFO - [GINSLIB] processing : 2022/05/24 04:11:55 Q=5
2026-01-07 14:43:56,722 - INFO - [GINSLIB] processing : 2022/05/24 04:11:56 Q=5
2026-01-07 14:43:56,740 - INFO - [GINSLIB] processing : 2022/05/24 04:11:57 Q=5
2026-01-07 14:43:56,760 - INFO - [GINSLIB] processing : 2022/05/24 04:11:58 Q=5
2026-01-07 14:43:56,766 - INFO - [GINSLIB] processing : 2022/05/24 04:11:59 Q=5
2026-01-07 14:43:56,787 - INFO - [GINSLIB] processing : 2022/05/24 04:12:00 Q=5
2026-01-07 14:43:56,805 - INFO - [GINSLIB] processing : 2022/05/24 04:12:01 Q=5
2026-01-07 14:43:56,824 - INFO - [GINSLIB] processing : 2022/05/24 04:12:02 Q=5
2026-01-07 14:43:56,843 - INFO - [GINSLIB] processing : 2022/05/24 04:12:03 Q=5
2026-01-07 14:43:56,850 - INFO - [GINSLIB] processing : 2022/05/24 04:12:04 Q=5
2026-01-07 14:43:56,870 - INFO - [GINSLIB] processing : 2022/05/24 04:12:05 Q=5
2026-01-07 14:43:56,890 - INFO - [GINSLIB] processing : 2022/05/24 04:12:06 Q=5
2026-01-07 14:43:56,922 - INFO - [GINSLIB] processing : 2022/05/24 04:12:07 Q=5
2026-01-07 14:43:56,946 - INFO - [GINSLIB] processing : 2022/05/24 04:12:08 Q=5
2026-01-07 14:43:56,961 - INFO - [GINSLIB] processing : 2022/05/24 04:12:09 Q=5
2026-01-07 14:43:56,993 - INFO - [GINSLIB] processing : 2022/05/24 04:12:10 Q=5
2026-01-07 14:43:57,017 - INFO - [GINSLIB] processing : 2022/05/24 04:12:11 Q=5
2026-01-07 14:43:57,040 - INFO - [GINSLIB] processing : 2022/05/24 04:12:12 Q=5
2026-01-07 14:43:57,059 - INFO - [GINSLIB] processing : 2022/05/24 04:12:13 Q=5
2026-01-07 14:43:57,071 - INFO - [GINSLIB] processing : 2022/05/24 04:12:14 Q=5
2026-01-07 14:43:57,093 - INFO - [GINSLIB] processing : 2022/05/24 04:12:15 Q=5
2026-01-07 14:43:57,115 - INFO - [GINSLIB] processing : 2022/05/24 04:12:16 Q=5
2026-01-07 14:43:57,139 - INFO - [GINSLIB] processing : 2022/05/24 04:12:17 Q=5
2026-01-07 14:43:57,157 - INFO - [GINSLIB] processing : 2022/05/24 04:12:18 Q=5
2026-01-07 14:43:57,178 - INFO - [GINSLIB] processing : 2022/05/24 04:12:19 Q=5
2026-01-07 14:43:57,189 - INFO - [GINSLIB] processing : 2022/05/24 04:12:20 Q=5
2026-01-07 14:43:57,208 - INFO - [GINSLIB] processing : 2022/05/24 04:12:21 Q=5
2026-01-07 14:43:57,229 - INFO - [GINSLIB] processing : 2022/05/24 04:12:22 Q=5
2026-01-07 14:43:57,248 - INFO - [GINSLIB] processing : 2022/05/24 04:12:23 Q=5
2026-01-07 14:43:57,270 - INFO - [GINSLIB] processing : 2022/05/24 04:12:24 Q=5
2026-01-07 14:43:57,277 - INFO - [GINSLIB] processing : 2022/05/24 04:12:25 Q=5
2026-01-07 14:43:57,298 - INFO - [GINSLIB] processing : 2022/05/24 04:12:26 Q=5
2026-01-07 14:43:57,320 - INFO - [GINSLIB] processing : 2022/05/24 04:12:27 Q=5
2026-01-07 14:43:57,339 - INFO - [GINSLIB] processing : 2022/05/24 04:12:28 Q=5
2026-01-07 14:43:57,360 - INFO - [GINSLIB] processing : 2022/05/24 04:12:29 Q=5
2026-01-07 14:43:57,367 - INFO - [GINSLIB] processing : 2022/05/24 04:12:30 Q=5
2026-01-07 14:43:57,388 - INFO - [GINSLIB] processing : 2022/05/24 04:12:31 Q=5
2026-01-07 14:43:57,407 - INFO - [GINSLIB] processing : 2022/05/24 04:12:32 Q=5
2026-01-07 14:43:57,428 - INFO - [GINSLIB] processing : 2022/05/24 04:12:33 Q=5
2026-01-07 14:43:57,447 - INFO - [GINSLIB] processing : 2022/05/24 04:12:34 Q=5
2026-01-07 14:43:57,459 - INFO - [GINSLIB] processing : 2022/05/24 04:12:35 Q=5
2026-01-07 14:43:57,479 - INFO - [GINSLIB] processing : 2022/05/24 04:12:36 Q=5
2026-01-07 14:43:57,496 - INFO - [GINSLIB] processing : 2022/05/24 04:12:37 Q=5
2026-01-07 14:43:57,516 - INFO - [GINSLIB] processing : 2022/05/24 04:12:38 Q=5
2026-01-07 14:43:57,534 - INFO - [GINSLIB] processing : 2022/05/24 04:12:39 Q=5
2026-01-07 14:43:57,545 - INFO - [GINSLIB] processing : 2022/05/24 04:12:40 Q=5
2026-01-07 14:43:57,564 - INFO - [GINSLIB] processing : 2022/05/24 04:12:41 Q=5
2026-01-07 14:43:57,582 - INFO - [GINSLIB] processing : 2022/05/24 04:12:42 Q=5
2026-01-07 14:43:57,604 - INFO - [GINSLIB] processing : 2022/05/24 04:12:43 Q=5
2026-01-07 14:43:57,622 - INFO - [GINSLIB] processing : 2022/05/24 04:12:44 Q=5
2026-01-07 14:43:57,631 - INFO - [GINSLIB] processing : 2022/05/24 04:12:45 Q=5
2026-01-07 14:43:57,655 - INFO - [GINSLIB] processing : 2022/05/24 04:12:46 Q=5
2026-01-07 14:43:57,675 - INFO - [GINSLIB] processing : 2022/05/24 04:12:47 Q=5
2026-01-07 14:43:57,698 - INFO - [GINSLIB] processing : 2022/05/24 04:12:48 Q=5
2026-01-07 14:43:57,714 - INFO - [GINSLIB] processing : 2022/05/24 04:12:49 Q=5
2026-01-07 14:43:57,734 - INFO - [GINSLIB] processing : 2022/05/24 04:12:50 Q=5
2026-01-07 14:43:57,743 - INFO - [GINSLIB] processing : 2022/05/24 04:12:51 Q=5
2026-01-07 14:43:57,760 - INFO - [GINSLIB] processing : 2022/05/24 04:12:52 Q=5
2026-01-07 14:43:57,781 - INFO - [GINSLIB] processing : 2022/05/24 04:12:53 Q=5
2026-01-07 14:43:57,799 - INFO - [GINSLIB] processing : 2022/05/24 04:12:54 Q=5
2026-01-07 14:43:57,825 - INFO - [GINSLIB] processing : 2022/05/24 04:12:55 Q=5
2026-01-07 14:43:57,833 - INFO - [GINSLIB] processing : 2022/05/24 04:12:56 Q=5
2026-01-07 14:43:57,854 - INFO - [GINSLIB] processing : 2022/05/24 04:12:57 Q=5
2026-01-07 14:43:57,875 - INFO - [GINSLIB] processing : 2022/05/24 04:12:58 Q=5
2026-01-07 14:43:57,896 - INFO - [GINSLIB] processing : 2022/05/24 04:12:59 Q=5
2026-01-07 14:43:57,923 - INFO - [GINSLIB] processing : 2022/05/24 04:13:00 Q=5
2026-01-07 14:43:57,932 - INFO - [GINSLIB] processing : 2022/05/24 04:13:01 Q=5
2026-01-07 14:43:57,952 - INFO - [GINSLIB] processing : 2022/05/24 04:13:02 Q=5
2026-01-07 14:43:57,969 - INFO - [GINSLIB] processing : 2022/05/24 04:13:03 Q=5
2026-01-07 14:43:57,990 - INFO - [GINSLIB] processing : 2022/05/24 04:13:04 Q=5
2026-01-07 14:43:58,007 - INFO - [GINSLIB] processing : 2022/05/24 04:13:05 Q=5
2026-01-07 14:43:58,017 - INFO - [GINSLIB] processing : 2022/05/24 04:13:06 Q=5
2026-01-07 14:43:58,038 - INFO - [GINSLIB] processing : 2022/05/24 04:13:07 Q=5
2026-01-07 14:43:58,056 - INFO - [GINSLIB] processing : 2022/05/24 04:13:08 Q=5
2026-01-07 14:43:58,075 - INFO - [GINSLIB] processing : 2022/05/24 04:13:09 Q=5
2026-01-07 14:43:58,092 - INFO - [GINSLIB] processing : 2022/05/24 04:13:10 Q=5
2026-01-07 14:43:58,101 - INFO - [GINSLIB] processing : 2022/05/24 04:13:11 Q=5
2026-01-07 14:43:58,122 - INFO - [GINSLIB] processing : 2022/05/24 04:13:12 Q=5
2026-01-07 14:43:58,141 - INFO - [GINSLIB] processing : 2022/05/24 04:13:13 Q=5
2026-01-07 14:43:58,161 - INFO - [GINSLIB] processing : 2022/05/24 04:13:14 Q=5
2026-01-07 14:43:58,179 - INFO - [GINSLIB] processing : 2022/05/24 04:13:15 Q=5
2026-01-07 14:43:58,188 - INFO - [GINSLIB] processing : 2022/05/24 04:13:16 Q=5
2026-01-07 14:43:58,209 - INFO - [GINSLIB] processing : 2022/05/24 04:13:17 Q=5
2026-01-07 14:43:58,226 - INFO - [GINSLIB] processing : 2022/05/24 04:13:18 Q=5
2026-01-07 14:43:58,246 - INFO - [GINSLIB] processing : 2022/05/24 04:13:19 Q=5
2026-01-07 14:43:58,264 - INFO - [GINSLIB] processing : 2022/05/24 04:13:20 Q=5
2026-01-07 14:43:58,283 - INFO - [GINSLIB] processing : 2022/05/24 04:13:21 Q=5
2026-01-07 14:43:58,294 - INFO - [GINSLIB] processing : 2022/05/24 04:13:22 Q=5
2026-01-07 14:43:58,312 - INFO - [GINSLIB] processing : 2022/05/24 04:13:23 Q=5
2026-01-07 14:43:58,331 - INFO - [GINSLIB] processing : 2022/05/24 04:13:24 Q=5
2026-01-07 14:43:58,348 - INFO - [GINSLIB] processing : 2022/05/24 04:13:25 Q=5
2026-01-07 14:43:58,368 - INFO - [GINSLIB] processing : 2022/05/24 04:13:26 Q=5
2026-01-07 14:43:58,374 - INFO - [GINSLIB] processing : 2022/05/24 04:13:27 Q=5
2026-01-07 14:43:58,395 - INFO - [GINSLIB] processing : 2022/05/24 04:13:28 Q=5
2026-01-07 14:43:58,411 - INFO - [GINSLIB] processing : 2022/05/24 04:13:29 Q=5
2026-01-07 14:43:58,432 - INFO - [GINSLIB] processing : 2022/05/24 04:13:30 Q=5
2026-01-07 14:43:58,451 - INFO - [GINSLIB] processing : 2022/05/24 04:13:31 Q=5
2026-01-07 14:43:58,459 - INFO - [GINSLIB] processing : 2022/05/24 04:13:32 Q=5
2026-01-07 14:43:58,478 - INFO - [GINSLIB] processing : 2022/05/24 04:13:33 Q=5
2026-01-07 14:43:58,495 - INFO - [GINSLIB] processing : 2022/05/24 04:13:34 Q=5
2026-01-07 14:43:58,514 - INFO - [GINSLIB] processing : 2022/05/24 04:13:35 Q=5
2026-01-07 14:43:58,534 - INFO - [GINSLIB] processing : 2022/05/24 04:13:36 Q=5
2026-01-07 14:43:58,550 - INFO - [GINSLIB] processing : 2022/05/24 04:13:37 Q=5
2026-01-07 14:43:58,574 - INFO - [GINSLIB] processing : 2022/05/24 04:13:38 Q=5
2026-01-07 14:43:58,592 - INFO - [GINSLIB] processing : 2022/05/24 04:13:39 Q=5
2026-01-07 14:43:58,616 - INFO - [GINSLIB] processing : 2022/05/24 04:13:40 Q=5
2026-01-07 14:43:58,640 - INFO - [GINSLIB] processing : 2022/05/24 04:13:41 Q=5
2026-01-07 14:43:58,652 - INFO - [GINSLIB] processing : 2022/05/24 04:13:42 Q=5
2026-01-07 14:43:58,676 - INFO - [GINSLIB] processing : 2022/05/24 04:13:43 Q=5
2026-01-07 14:43:58,700 - INFO - [GINSLIB] processing : 2022/05/24 04:13:44 Q=5
2026-01-07 14:43:58,729 - INFO - [GINSLIB] processing : 2022/05/24 04:13:45 Q=5
2026-01-07 14:43:58,758 - INFO - [GINSLIB] processing : 2022/05/24 04:13:46 Q=5
2026-01-07 14:43:58,771 - INFO - [GINSLIB] processing : 2022/05/24 04:13:47 Q=5
2026-01-07 14:43:58,794 - INFO - [GINSLIB] processing : 2022/05/24 04:13:48 Q=5
2026-01-07 14:43:58,812 - INFO - [GINSLIB] processing : 2022/05/24 04:13:49 Q=5
2026-01-07 14:43:58,834 - INFO - [GINSLIB] processing : 2022/05/24 04:13:50 Q=5
2026-01-07 14:43:58,853 - INFO - [GINSLIB] processing : 2022/05/24 04:13:51 Q=5
2026-01-07 14:43:58,874 - INFO - [GINSLIB] processing : 2022/05/24 04:13:52 Q=5
2026-01-07 14:43:58,881 - INFO - [GINSLIB] processing : 2022/05/24 04:13:53 Q=5
2026-01-07 14:43:58,904 - INFO - [GINSLIB] processing : 2022/05/24 04:13:54 Q=5
2026-01-07 14:43:58,926 - INFO - [GINSLIB] processing : 2022/05/24 04:13:55 Q=5
2026-01-07 14:43:58,945 - INFO - [GINSLIB] processing : 2022/05/24 04:13:56 Q=5
2026-01-07 14:43:58,964 - INFO - [GINSLIB] processing : 2022/05/24 04:13:57 Q=5
2026-01-07 14:43:58,973 - INFO - [GINSLIB] processing : 2022/05/24 04:13:58 Q=5
2026-01-07 14:43:58,995 - INFO - [GINSLIB] processing : 2022/05/24 04:13:59 Q=5
2026-01-07 14:43:59,013 - INFO - [GINSLIB] processing : 2022/05/24 04:14:00 Q=5
2026-01-07 14:43:59,034 - INFO - [GINSLIB] processing : 2022/05/24 04:14:01 Q=5
2026-01-07 14:43:59,057 - INFO - [GINSLIB] processing : 2022/05/24 04:14:02 Q=5
2026-01-07 14:43:59,065 - INFO - [GINSLIB] processing : 2022/05/24 04:14:03 Q=5
2026-01-07 14:43:59,088 - INFO - [GINSLIB] processing : 2022/05/24 04:14:04 Q=5
2026-01-07 14:43:59,107 - INFO - [GINSLIB] processing : 2022/05/24 04:14:05 Q=5
2026-01-07 14:43:59,126 - INFO - [GINSLIB] processing : 2022/05/24 04:14:06 Q=5
2026-01-07 14:43:59,146 - INFO - [GINSLIB] processing : 2022/05/24 04:14:07 Q=5
2026-01-07 14:43:59,156 - INFO - [GINSLIB] processing : 2022/05/24 04:14:08 Q=5
2026-01-07 14:43:59,176 - INFO - [GINSLIB] processing : 2022/05/24 04:14:09 Q=5
2026-01-07 14:43:59,196 - INFO - [GINSLIB] processing : 2022/05/24 04:14:10 Q=5
2026-01-07 14:43:59,219 - INFO - [GINSLIB] processing : 2022/05/24 04:14:11 Q=5
2026-01-07 14:43:59,237 - INFO - [GINSLIB] processing : 2022/05/24 04:14:12 Q=5
2026-01-07 14:43:59,247 - INFO - [GINSLIB] processing : 2022/05/24 04:14:13 Q=5
2026-01-07 14:43:59,266 - INFO - [GINSLIB] processing : 2022/05/24 04:14:14 Q=5
2026-01-07 14:43:59,284 - INFO - [GINSLIB] processing : 2022/05/24 04:14:15 Q=5
2026-01-07 14:43:59,304 - INFO - [GINSLIB] processing : 2022/05/24 04:14:16 Q=5
2026-01-07 14:43:59,321 - INFO - [GINSLIB] processing : 2022/05/24 04:14:17 Q=5
2026-01-07 14:43:59,330 - INFO - [GINSLIB] processing : 2022/05/24 04:14:18 Q=5
2026-01-07 14:43:59,352 - INFO - [GINSLIB] processing : 2022/05/24 04:14:19 Q=5
2026-01-07 14:43:59,368 - INFO - [GINSLIB] processing : 2022/05/24 04:14:20 Q=5
2026-01-07 14:43:59,392 - INFO - [GINSLIB] processing : 2022/05/24 04:14:21 Q=5
2026-01-07 14:43:59,410 - INFO - [GINSLIB] processing : 2022/05/24 04:14:22 Q=5
2026-01-07 14:43:59,428 - INFO - [GINSLIB] processing : 2022/05/24 04:14:23 Q=5
2026-01-07 14:43:59,436 - INFO - [GINSLIB] processing : 2022/05/24 04:14:24 Q=5
2026-01-07 14:43:59,457 - INFO - [GINSLIB] processing : 2022/05/24 04:14:25 Q=5
2026-01-07 14:43:59,478 - INFO - [GINSLIB] processing : 2022/05/24 04:14:26 Q=5
2026-01-07 14:43:59,496 - INFO - [GINSLIB] processing : 2022/05/24 04:14:27 Q=5
2026-01-07 14:43:59,517 - INFO - [GINSLIB] processing : 2022/05/24 04:14:28 Q=5
2026-01-07 14:43:59,525 - INFO - [GINSLIB] processing : 2022/05/24 04:14:29 Q=5
2026-01-07 14:43:59,544 - INFO - [GINSLIB] processing : 2022/05/24 04:14:30 Q=5
2026-01-07 14:43:59,561 - INFO - [GINSLIB] processing : 2022/05/24 04:14:31 Q=5
2026-01-07 14:43:59,581 - INFO - [GINSLIB] processing : 2022/05/24 04:14:32 Q=5
2026-01-07 14:43:59,601 - INFO - [GINSLIB] processing : 2022/05/24 04:14:33 Q=5
2026-01-07 14:43:59,610 - INFO - [GINSLIB] processing : 2022/05/24 04:14:34 Q=5
2026-01-07 14:43:59,629 - INFO - [GINSLIB] processing : 2022/05/24 04:14:35 Q=5
2026-01-07 14:43:59,648 - INFO - [GINSLIB] processing : 2022/05/24 04:14:36 Q=5
2026-01-07 14:43:59,671 - INFO - [GINSLIB] processing : 2022/05/24 04:14:37 Q=5
2026-01-07 14:43:59,689 - INFO - [GINSLIB] processing : 2022/05/24 04:14:38 Q=5
2026-01-07 14:43:59,700 - INFO - [GINSLIB] processing : 2022/05/24 04:14:39 Q=5
2026-01-07 14:43:59,723 - INFO - [GINSLIB] processing : 2022/05/24 04:14:40 Q=5
2026-01-07 14:43:59,741 - INFO - [GINSLIB] processing : 2022/05/24 04:14:41 Q=5
2026-01-07 14:43:59,760 - INFO - [GINSLIB] processing : 2022/05/24 04:14:42 Q=5
2026-01-07 14:43:59,778 - INFO - [GINSLIB] processing : 2022/05/24 04:14:43 Q=5
2026-01-07 14:43:59,789 - INFO - [GINSLIB] processing : 2022/05/24 04:14:44 Q=5
2026-01-07 14:43:59,809 - INFO - [GINSLIB] processing : 2022/05/24 04:14:45 Q=5
2026-01-07 14:43:59,825 - INFO - [GINSLIB] processing : 2022/05/24 04:14:46 Q=5
2026-01-07 14:43:59,844 - INFO - [GINSLIB] processing : 2022/05/24 04:14:47 Q=5
2026-01-07 14:43:59,861 - INFO - [GINSLIB] processing : 2022/05/24 04:14:48 Q=5
2026-01-07 14:43:59,881 - INFO - [GINSLIB] processing : 2022/05/24 04:14:49 Q=5
2026-01-07 14:43:59,890 - INFO - [GINSLIB] processing : 2022/05/24 04:14:50 Q=5
2026-01-07 14:43:59,906 - INFO - [GINSLIB] processing : 2022/05/24 04:14:51 Q=5
2026-01-07 14:43:59,926 - INFO - [GINSLIB] processing : 2022/05/24 04:14:52 Q=5
2026-01-07 14:43:59,943 - INFO - [GINSLIB] processing : 2022/05/24 04:14:53 Q=5
2026-01-07 14:43:59,963 - INFO - [GINSLIB] processing : 2022/05/24 04:14:54 Q=5
2026-01-07 14:43:59,971 - INFO - [GINSLIB] processing : 2022/05/24 04:14:55 Q=5
2026-01-07 14:43:59,991 - INFO - [GINSLIB] processing : 2022/05/24 04:14:56 Q=5
2026-01-07 14:44:00,011 - INFO - [GINSLIB] processing : 2022/05/24 04:14:57 Q=5
2026-01-07 14:44:00,029 - INFO - [GINSLIB] processing : 2022/05/24 04:14:58 Q=5
2026-01-07 14:44:00,049 - INFO - [GINSLIB] processing : 2022/05/24 04:14:59 Q=5
2026-01-07 14:44:00,055 - INFO - [GINSLIB] processing : 2022/05/24 04:15:00 Q=5
2026-01-07 14:44:00,075 - INFO - [GINSLIB] processing : 2022/05/24 04:15:01 Q=5
2026-01-07 14:44:00,092 - INFO - [GINSLIB] processing : 2022/05/24 04:15:02 Q=5
2026-01-07 14:44:00,112 - INFO - [GINSLIB] processing : 2022/05/24 04:15:03 Q=5
2026-01-07 14:44:00,130 - INFO - [GINSLIB] processing : 2022/05/24 04:15:04 Q=5
2026-01-07 14:44:00,137 - INFO - [GINSLIB] processing : 2022/05/24 04:15:05 Q=5
2026-01-07 14:44:00,156 - INFO - [GINSLIB] processing : 2022/05/24 04:15:06 Q=5
2026-01-07 14:44:00,172 - INFO - [GINSLIB] processing : 2022/05/24 04:15:07 Q=5
2026-01-07 14:44:00,190 - INFO - [GINSLIB] processing : 2022/05/24 04:15:08 Q=5
2026-01-07 14:44:00,207 - INFO - [GINSLIB] processing : 2022/05/24 04:15:09 Q=5
2026-01-07 14:44:00,216 - INFO - [GINSLIB] processing : 2022/05/24 04:15:10 Q=5
2026-01-07 14:44:00,236 - INFO - [GINSLIB] processing : 2022/05/24 04:15:11 Q=5
2026-01-07 14:44:00,255 - INFO - [GINSLIB] processing : 2022/05/24 04:15:12 Q=5
2026-01-07 14:44:00,277 - INFO - [GINSLIB] processing : 2022/05/24 04:15:13 Q=5
2026-01-07 14:44:00,295 - INFO - [GINSLIB] processing : 2022/05/24 04:15:14 Q=5
2026-01-07 14:44:00,306 - INFO - [GINSLIB] processing : 2022/05/24 04:15:15 Q=5
2026-01-07 14:44:00,326 - INFO - [GINSLIB] processing : 2022/05/24 04:15:16 Q=5
2026-01-07 14:44:00,343 - INFO - [GINSLIB] processing : 2022/05/24 04:15:17 Q=5
2026-01-07 14:44:00,363 - INFO - [GINSLIB] processing : 2022/05/24 04:15:18 Q=5
2026-01-07 14:44:00,380 - INFO - [GINSLIB] processing : 2022/05/24 04:15:19 Q=5
2026-01-07 14:44:00,401 - INFO - [GINSLIB] processing : 2022/05/24 04:15:20 Q=5
2026-01-07 14:44:00,410 - INFO - [GINSLIB] processing : 2022/05/24 04:15:21 Q=5
2026-01-07 14:44:00,428 - INFO - [GINSLIB] processing : 2022/05/24 04:15:22 Q=5
2026-01-07 14:44:00,448 - INFO - [GINSLIB] processing : 2022/05/24 04:15:23 Q=5
2026-01-07 14:44:00,465 - INFO - [GINSLIB] processing : 2022/05/24 04:15:24 Q=5
2026-01-07 14:44:00,483 - INFO - [GINSLIB] processing : 2022/05/24 04:15:25 Q=5
2026-01-07 14:44:00,491 - INFO - [GINSLIB] processing : 2022/05/24 04:15:26 Q=5
2026-01-07 14:44:00,511 - INFO - [GINSLIB] processing : 2022/05/24 04:15:27 Q=5
2026-01-07 14:44:00,530 - INFO - [GINSLIB] processing : 2022/05/24 04:15:28 Q=5
2026-01-07 14:44:00,546 - INFO - [GINSLIB] processing : 2022/05/24 04:15:29 Q=5
2026-01-07 14:44:00,566 - INFO - [GINSLIB] processing : 2022/05/24 04:15:30 Q=5
2026-01-07 14:44:00,574 - INFO - [GINSLIB] processing : 2022/05/24 04:15:31 Q=5
2026-01-07 14:44:00,594 - INFO - [GINSLIB] processing : 2022/05/24 04:15:32 Q=5
2026-01-07 14:44:00,612 - INFO - [GINSLIB] processing : 2022/05/24 04:15:33 Q=5
2026-01-07 14:44:00,630 - INFO - [GINSLIB] processing : 2022/05/24 04:15:34 Q=5
2026-01-07 14:44:00,648 - INFO - [GINSLIB] processing : 2022/05/24 04:15:35 Q=5
2026-01-07 14:44:00,657 - INFO - [GINSLIB] processing : 2022/05/24 04:15:36 Q=5
2026-01-07 14:44:00,679 - INFO - [GINSLIB] processing : 2022/05/24 04:15:37 Q=5
2026-01-07 14:44:00,696 - INFO - [GINSLIB] processing : 2022/05/24 04:15:38 Q=5
2026-01-07 14:44:00,718 - INFO - [GINSLIB] processing : 2022/05/24 04:15:39 Q=5
2026-01-07 14:44:00,737 - INFO - [GINSLIB] processing : 2022/05/24 04:15:40 Q=5
2026-01-07 14:44:00,748 - INFO - [GINSLIB] processing : 2022/05/24 04:15:41 Q=5
2026-01-07 14:44:00,770 - INFO - [GINSLIB] processing : 2022/05/24 04:15:42 Q=5
2026-01-07 14:44:00,788 - INFO - [GINSLIB] processing : 2022/05/24 04:15:43 Q=5
2026-01-07 14:44:00,810 - INFO - [GINSLIB] processing : 2022/05/24 04:15:44 Q=5
2026-01-07 14:44:00,829 - INFO - [GINSLIB] processing : 2022/05/24 04:15:45 Q=5
2026-01-07 14:44:00,841 - INFO - [GINSLIB] processing : 2022/05/24 04:15:46 Q=5
2026-01-07 14:44:00,863 - INFO - [GINSLIB] processing : 2022/05/24 04:15:47 Q=5
2026-01-07 14:44:00,881 - INFO - [GINSLIB] processing : 2022/05/24 04:15:48 Q=5
2026-01-07 14:44:00,902 - INFO - [GINSLIB] processing : 2022/05/24 04:15:49 Q=5
2026-01-07 14:44:00,921 - INFO - [GINSLIB] processing : 2022/05/24 04:15:50 Q=5
2026-01-07 14:44:00,942 - INFO - [GINSLIB] processing : 2022/05/24 04:15:51 Q=5
2026-01-07 14:44:00,952 - INFO - [GINSLIB] processing : 2022/05/24 04:15:52 Q=5
2026-01-07 14:44:00,969 - INFO - [GINSLIB] processing : 2022/05/24 04:15:53 Q=5
2026-01-07 14:44:00,989 - INFO - [GINSLIB] processing : 2022/05/24 04:15:54 Q=5
2026-01-07 14:44:01,006 - INFO - [GINSLIB] processing : 2022/05/24 04:15:55 Q=5
2026-01-07 14:44:01,026 - INFO - [GINSLIB] processing : 2022/05/24 04:15:56 Q=5
2026-01-07 14:44:01,033 - INFO - [GINSLIB] processing : 2022/05/24 04:15:57 Q=5
2026-01-07 14:44:01,052 - INFO - [GINSLIB] processing : 2022/05/24 04:15:58 Q=5
2026-01-07 14:44:01,068 - INFO - [GINSLIB] processing : 2022/05/24 04:15:59 Q=5
2026-01-07 14:44:01,087 - INFO - [GINSLIB] processing : 2022/05/24 04:16:00 Q=5
2026-01-07 14:44:01,108 - INFO - [GINSLIB] processing : 2022/05/24 04:16:01 Q=5
2026-01-07 14:44:01,115 - INFO - [GINSLIB] processing : 2022/05/24 04:16:02 Q=5
2026-01-07 14:44:01,133 - INFO - [GINSLIB] processing : 2022/05/24 04:16:03 Q=5
2026-01-07 14:44:01,150 - INFO - [GINSLIB] processing : 2022/05/24 04:16:04 Q=5
2026-01-07 14:44:01,168 - INFO - [GINSLIB] processing : 2022/05/24 04:16:05 Q=5
2026-01-07 14:44:01,184 - INFO - [GINSLIB] processing : 2022/05/24 04:16:06 Q=5
2026-01-07 14:44:01,193 - INFO - [GINSLIB] processing : 2022/05/24 04:16:07 Q=5
2026-01-07 14:44:01,211 - INFO - [GINSLIB] processing : 2022/05/24 04:16:08 Q=5
2026-01-07 14:44:01,226 - INFO - [GINSLIB] processing : 2022/05/24 04:16:09 Q=5
2026-01-07 14:44:01,245 - INFO - [GINSLIB] processing : 2022/05/24 04:16:10 Q=5
2026-01-07 14:44:01,263 - INFO - [GINSLIB] processing : 2022/05/24 04:16:11 Q=5
2026-01-07 14:44:01,273 - INFO - [GINSLIB] processing : 2022/05/24 04:16:12 Q=5
2026-01-07 14:44:01,292 - INFO - [GINSLIB] processing : 2022/05/24 04:16:13 Q=5
2026-01-07 14:44:01,308 - INFO - [GINSLIB] processing : 2022/05/24 04:16:14 Q=5
2026-01-07 14:44:01,327 - INFO - [GINSLIB] processing : 2022/05/24 04:16:15 Q=5
2026-01-07 14:44:01,344 - INFO - [GINSLIB] processing : 2022/05/24 04:16:16 Q=5
2026-01-07 14:44:01,354 - INFO - [GINSLIB] processing : 2022/05/24 04:16:17 Q=5
2026-01-07 14:44:01,373 - INFO - [GINSLIB] processing : 2022/05/24 04:16:18 Q=5
2026-01-07 14:44:01,390 - INFO - [GINSLIB] processing : 2022/05/24 04:16:19 Q=5
2026-01-07 14:44:01,410 - INFO - [GINSLIB] processing : 2022/05/24 04:16:20 Q=5
2026-01-07 14:44:01,426 - INFO - [GINSLIB] processing : 2022/05/24 04:16:21 Q=5
2026-01-07 14:44:01,446 - INFO - [GINSLIB] processing : 2022/05/24 04:16:22 Q=5
2026-01-07 14:44:01,456 - INFO - [GINSLIB] processing : 2022/05/24 04:16:23 Q=5
2026-01-07 14:44:01,473 - INFO - [GINSLIB] processing : 2022/05/24 04:16:24 Q=5
2026-01-07 14:44:01,491 - INFO - [GINSLIB] processing : 2022/05/24 04:16:25 Q=5
2026-01-07 14:44:01,507 - INFO - [GINSLIB] processing : 2022/05/24 04:16:26 Q=5
2026-01-07 14:44:01,526 - INFO - [GINSLIB] processing : 2022/05/24 04:16:27 Q=5
2026-01-07 14:44:01,533 - INFO - [GINSLIB] processing : 2022/05/24 04:16:28 Q=5
2026-01-07 14:44:01,553 - INFO - [GINSLIB] processing : 2022/05/24 04:16:29 Q=5
2026-01-07 14:44:01,568 - INFO - [GINSLIB] processing : 2022/05/24 04:16:30 Q=5
2026-01-07 14:44:01,588 - INFO - [GINSLIB] processing : 2022/05/24 04:16:31 Q=5
2026-01-07 14:44:01,607 - INFO - [GINSLIB] processing : 2022/05/24 04:16:32 Q=5
2026-01-07 14:44:01,613 - INFO - [GINSLIB] processing : 2022/05/24 04:16:33 Q=5
2026-01-07 14:44:01,634 - INFO - [GINSLIB] processing : 2022/05/24 04:16:34 Q=5
2026-01-07 14:44:01,649 - INFO - [GINSLIB] processing : 2022/05/24 04:16:35 Q=5
2026-01-07 14:44:01,670 - INFO - [GINSLIB] processing : 2022/05/24 04:16:36 Q=5
2026-01-07 14:44:01,686 - INFO - [GINSLIB] processing : 2022/05/24 04:16:37 Q=5
2026-01-07 14:44:01,696 - INFO - [GINSLIB] processing : 2022/05/24 04:16:38 Q=5
2026-01-07 14:44:01,713 - INFO - [GINSLIB] processing : 2022/05/24 04:16:39 Q=5
2026-01-07 14:44:01,730 - INFO - [GINSLIB] processing : 2022/05/24 04:16:40 Q=5
2026-01-07 14:44:01,751 - INFO - [GINSLIB] processing : 2022/05/24 04:16:41 Q=5
2026-01-07 14:44:01,767 - INFO - [GINSLIB] processing : 2022/05/24 04:16:42 Q=5
2026-01-07 14:44:01,778 - INFO - [GINSLIB] processing : 2022/05/24 04:16:43 Q=5
2026-01-07 14:44:01,798 - INFO - [GINSLIB] processing : 2022/05/24 04:16:44 Q=5
2026-01-07 14:44:01,815 - INFO - [GINSLIB] processing : 2022/05/24 04:16:45 Q=5
2026-01-07 14:44:01,833 - INFO - [GINSLIB] processing : 2022/05/24 04:16:46 Q=5
2026-01-07 14:44:01,850 - INFO - [GINSLIB] processing : 2022/05/24 04:16:47 Q=5
2026-01-07 14:44:01,860 - INFO - [GINSLIB] processing : 2022/05/24 04:16:48 Q=5
2026-01-07 14:44:01,879 - INFO - [GINSLIB] processing : 2022/05/24 04:16:49 Q=5
2026-01-07 14:44:01,894 - INFO - [GINSLIB] processing : 2022/05/24 04:16:50 Q=5
2026-01-07 14:44:01,913 - INFO - [GINSLIB] processing : 2022/05/24 04:16:51 Q=5
2026-01-07 14:44:01,930 - INFO - [GINSLIB] processing : 2022/05/24 04:16:52 Q=5
2026-01-07 14:44:01,948 - INFO - [GINSLIB] processing : 2022/05/24 04:16:53 Q=5
2026-01-07 14:44:01,956 - INFO - [GINSLIB] processing : 2022/05/24 04:16:54 Q=5
2026-01-07 14:44:01,974 - INFO - [GINSLIB] processing : 2022/05/24 04:16:55 Q=5
2026-01-07 14:44:01,993 - INFO - [GINSLIB] processing : 2022/05/24 04:16:56 Q=5
2026-01-07 14:44:02,009 - INFO - [GINSLIB] processing : 2022/05/24 04:16:57 Q=5
2026-01-07 14:44:02,029 - INFO - [GINSLIB] processing : 2022/05/24 04:16:58 Q=5
2026-01-07 14:44:02,035 - INFO - [GINSLIB] processing : 2022/05/24 04:16:59 Q=5
2026-01-07 14:44:02,055 - INFO - [GINSLIB] processing : 2022/05/24 04:17:00 Q=5
2026-01-07 14:44:02,072 - INFO - [GINSLIB] processing : 2022/05/24 04:17:01 Q=5
2026-01-07 14:44:02,091 - INFO - [GINSLIB] processing : 2022/05/24 04:17:02 Q=5
2026-01-07 14:44:02,109 - INFO - [GINSLIB] processing : 2022/05/24 04:17:03 Q=5
2026-01-07 14:44:02,115 - INFO - [GINSLIB] processing : 2022/05/24 04:17:04 Q=5
2026-01-07 14:44:02,134 - INFO - [GINSLIB] processing : 2022/05/24 04:17:05 Q=5
2026-01-07 14:44:02,149 - INFO - [GINSLIB] processing : 2022/05/24 04:17:06 Q=5
2026-01-07 14:44:02,167 - INFO - [GINSLIB] processing : 2022/05/24 04:17:07 Q=5
2026-01-07 14:44:02,181 - INFO - [GINSLIB] processing : 2022/05/24 04:17:08 Q=5
2026-01-07 14:44:02,192 - INFO - [GINSLIB] processing : 2022/05/24 04:17:09 Q=5
2026-01-07 14:44:02,210 - INFO - [GINSLIB] processing : 2022/05/24 04:17:10 Q=5
2026-01-07 14:44:02,227 - INFO - [GINSLIB] processing : 2022/05/24 04:17:11 Q=5
2026-01-07 14:44:02,249 - INFO - [GINSLIB] processing : 2022/05/24 04:17:12 Q=5
2026-01-07 14:44:02,266 - INFO - [GINSLIB] processing : 2022/05/24 04:17:13 Q=5
2026-01-07 14:44:02,280 - INFO - [GINSLIB] processing : 2022/05/24 04:17:14 Q=5
2026-01-07 14:44:02,303 - INFO - [GINSLIB] processing : 2022/05/24 04:17:15 Q=5
2026-01-07 14:44:02,325 - INFO - [GINSLIB] processing : 2022/05/24 04:17:16 Q=5
2026-01-07 14:44:02,348 - INFO - [GINSLIB] processing : 2022/05/24 04:17:17 Q=5
2026-01-07 14:44:02,370 - INFO - [GINSLIB] processing : 2022/05/24 04:17:18 Q=5
2026-01-07 14:44:02,384 - INFO - [GINSLIB] processing : 2022/05/24 04:17:19 Q=5
2026-01-07 14:44:02,407 - INFO - [GINSLIB] processing : 2022/05/24 04:17:20 Q=5
2026-01-07 14:44:02,426 - INFO - [GINSLIB] processing : 2022/05/24 04:17:21 Q=5
2026-01-07 14:44:02,445 - INFO - [GINSLIB] processing : 2022/05/24 04:17:22 Q=5
2026-01-07 14:44:02,462 - INFO - [GINSLIB] processing : 2022/05/24 04:17:23 Q=5
2026-01-07 14:44:02,483 - INFO - [GINSLIB] processing : 2022/05/24 04:17:24 Q=5
2026-01-07 14:44:02,490 - INFO - [GINSLIB] processing : 2022/05/24 04:17:25 Q=5
2026-01-07 14:44:02,508 - INFO - [GINSLIB] processing : 2022/05/24 04:17:26 Q=5
2026-01-07 14:44:02,527 - INFO - [GINSLIB] processing : 2022/05/24 04:17:27 Q=5
2026-01-07 14:44:02,544 - INFO - [GINSLIB] processing : 2022/05/24 04:17:28 Q=5
2026-01-07 14:44:02,569 - INFO - [GINSLIB] processing : 2022/05/24 04:17:29 Q=5
2026-01-07 14:44:02,576 - INFO - [GINSLIB] processing : 2022/05/24 04:17:30 Q=5
2026-01-07 14:44:02,595 - INFO - [GINSLIB] processing : 2022/05/24 04:17:31 Q=5
2026-01-07 14:44:02,611 - INFO - [GINSLIB] processing : 2022/05/24 04:17:32 Q=5
2026-01-07 14:44:02,631 - INFO - [GINSLIB] processing : 2022/05/24 04:17:33 Q=5
2026-01-07 14:44:02,652 - INFO - [GINSLIB] processing : 2022/05/24 04:17:34 Q=5
2026-01-07 14:44:02,658 - INFO - [GINSLIB] processing : 2022/05/24 04:17:35 Q=5
2026-01-07 14:44:02,680 - INFO - [GINSLIB] processing : 2022/05/24 04:17:36 Q=5
2026-01-07 14:44:02,697 - INFO - [GINSLIB] processing : 2022/05/24 04:17:37 Q=5
2026-01-07 14:44:02,718 - INFO - [GINSLIB] processing : 2022/05/24 04:17:38 Q=5
2026-01-07 14:44:02,737 - INFO - [GINSLIB] processing : 2022/05/24 04:17:39 Q=5
2026-01-07 14:44:02,746 - INFO - [GINSLIB] processing : 2022/05/24 04:17:40 Q=5
2026-01-07 14:44:02,765 - INFO - [GINSLIB] processing : 2022/05/24 04:17:41 Q=5
2026-01-07 14:44:02,782 - INFO - [GINSLIB] processing : 2022/05/24 04:17:42 Q=5
2026-01-07 14:44:02,801 - INFO - [GINSLIB] processing : 2022/05/24 04:17:43 Q=5
2026-01-07 14:44:02,819 - INFO - [GINSLIB] processing : 2022/05/24 04:17:44 Q=5
2026-01-07 14:44:02,829 - INFO - [GINSLIB] processing : 2022/05/24 04:17:45 Q=5
2026-01-07 14:44:02,849 - INFO - [GINSLIB] processing : 2022/05/24 04:17:46 Q=5
2026-01-07 14:44:02,865 - INFO - [GINSLIB] processing : 2022/05/24 04:17:47 Q=5
2026-01-07 14:44:02,885 - INFO - [GINSLIB] processing : 2022/05/24 04:17:48 Q=5
2026-01-07 14:44:02,902 - INFO - [GINSLIB] processing : 2022/05/24 04:17:49 Q=5
2026-01-07 14:44:02,920 - INFO - [GINSLIB] processing : 2022/05/24 04:17:50 Q=5
2026-01-07 14:44:02,931 - INFO - [GINSLIB] processing : 2022/05/24 04:17:51 Q=5
2026-01-07 14:44:02,948 - INFO - [GINSLIB] processing : 2022/05/24 04:17:52 Q=5
2026-01-07 14:44:02,968 - INFO - [GINSLIB] processing : 2022/05/24 04:17:53 Q=5
2026-01-07 14:44:02,985 - INFO - [GINSLIB] processing : 2022/05/24 04:17:54 Q=5
2026-01-07 14:44:03,004 - INFO - [GINSLIB] processing : 2022/05/24 04:17:55 Q=5
2026-01-07 14:44:03,011 - INFO - [GINSLIB] processing : 2022/05/24 04:17:56 Q=5
2026-01-07 14:44:03,031 - INFO - [GINSLIB] processing : 2022/05/24 04:17:57 Q=5
2026-01-07 14:44:03,050 - INFO - [GINSLIB] processing : 2022/05/24 04:17:58 Q=5
2026-01-07 14:44:03,068 - INFO - [GINSLIB] processing : 2022/05/24 04:17:59 Q=5
2026-01-07 14:44:03,087 - INFO - [GINSLIB] processing : 2022/05/24 04:18:00 Q=5
2026-01-07 14:44:03,094 - INFO - [GINSLIB] processing : 2022/05/24 04:18:01 Q=5
2026-01-07 14:44:03,116 - INFO - [GINSLIB] processing : 2022/05/24 04:18:02 Q=5
2026-01-07 14:44:03,131 - INFO - [GINSLIB] processing : 2022/05/24 04:18:03 Q=5
2026-01-07 14:44:03,151 - INFO - [GINSLIB] processing : 2022/05/24 04:18:04 Q=5
2026-01-07 14:44:03,170 - INFO - [GINSLIB] processing : 2022/05/24 04:18:05 Q=5
2026-01-07 14:44:03,176 - INFO - [GINSLIB] processing : 2022/05/24 04:18:06 Q=5
2026-01-07 14:44:03,195 - INFO - [GINSLIB] processing : 2022/05/24 04:18:07 Q=5
2026-01-07 14:44:03,211 - INFO - [GINSLIB] processing : 2022/05/24 04:18:08 Q=5
2026-01-07 14:44:03,230 - INFO - [GINSLIB] processing : 2022/05/24 04:18:09 Q=5
2026-01-07 14:44:03,247 - INFO - [GINSLIB] processing : 2022/05/24 04:18:10 Q=5
2026-01-07 14:44:03,260 - INFO - [GINSLIB] processing : 2022/05/24 04:18:11 Q=5
2026-01-07 14:44:03,283 - INFO - [GINSLIB] processing : 2022/05/24 04:18:12 Q=5
2026-01-07 14:44:03,304 - INFO - [GINSLIB] processing : 2022/05/24 04:18:13 Q=5
2026-01-07 14:44:03,329 - INFO - [GINSLIB] processing : 2022/05/24 04:18:14 Q=5
2026-01-07 14:44:03,353 - INFO - [GINSLIB] processing : 2022/05/24 04:18:15 Q=5
2026-01-07 14:44:03,364 - INFO - [GINSLIB] processing : 2022/05/24 04:18:16 Q=5
2026-01-07 14:44:03,390 - INFO - [GINSLIB] processing : 2022/05/24 04:18:17 Q=5
2026-01-07 14:44:03,408 - INFO - [GINSLIB] processing : 2022/05/24 04:18:18 Q=5
2026-01-07 14:44:03,428 - INFO - [GINSLIB] processing : 2022/05/24 04:18:19 Q=5
2026-01-07 14:44:03,444 - INFO - [GINSLIB] processing : 2022/05/24 04:18:20 Q=5
2026-01-07 14:44:03,464 - INFO - [GINSLIB] processing : 2022/05/24 04:18:21 Q=5
2026-01-07 14:44:03,474 - INFO - [GINSLIB] processing : 2022/05/24 04:18:22 Q=5
2026-01-07 14:44:03,491 - INFO - [GINSLIB] processing : 2022/05/24 04:18:23 Q=5
2026-01-07 14:44:03,510 - INFO - [GINSLIB] processing : 2022/05/24 04:18:24 Q=5
2026-01-07 14:44:03,525 - INFO - [GINSLIB] processing : 2022/05/24 04:18:25 Q=5
2026-01-07 14:44:03,542 - INFO - [GINSLIB] processing : 2022/05/24 04:18:26 Q=5
2026-01-07 14:44:03,550 - INFO - [GINSLIB] processing : 2022/05/24 04:18:27 Q=5
2026-01-07 14:44:03,567 - INFO - [GINSLIB] processing : 2022/05/24 04:18:28 Q=5
2026-01-07 14:44:03,584 - INFO - [GINSLIB] processing : 2022/05/24 04:18:29 Q=5
2026-01-07 14:44:03,600 - INFO - [GINSLIB] processing : 2022/05/24 04:18:30 Q=5
2026-01-07 14:44:03,619 - INFO - [GINSLIB] processing : 2022/05/24 04:18:31 Q=5
2026-01-07 14:44:03,625 - INFO - [GINSLIB] processing : 2022/05/24 04:18:32 Q=5
2026-01-07 14:44:03,644 - INFO - [GINSLIB] processing : 2022/05/24 04:18:33 Q=5
2026-01-07 14:44:03,660 - INFO - [GINSLIB] processing : 2022/05/24 04:18:34 Q=5
2026-01-07 14:44:03,681 - INFO - [GINSLIB] processing : 2022/05/24 04:18:35 Q=5
2026-01-07 14:44:03,698 - INFO - [GINSLIB] processing : 2022/05/24 04:18:36 Q=5
2026-01-07 14:44:03,707 - INFO - [GINSLIB] processing : 2022/05/24 04:18:37 Q=5
2026-01-07 14:44:03,726 - INFO - [GINSLIB] processing : 2022/05/24 04:18:38 Q=5
2026-01-07 14:44:03,741 - INFO - [GINSLIB] processing : 2022/05/24 04:18:39 Q=5
2026-01-07 14:44:03,760 - INFO - [GINSLIB] processing : 2022/05/24 04:18:40 Q=5
2026-01-07 14:44:03,776 - INFO - [GINSLIB] processing : 2022/05/24 04:18:41 Q=5
2026-01-07 14:44:03,785 - INFO - [GINSLIB] processing : 2022/05/24 04:18:42 Q=5
2026-01-07 14:44:03,803 - INFO - [GINSLIB] processing : 2022/05/24 04:18:43 Q=5
2026-01-07 14:44:03,820 - INFO - [GINSLIB] processing : 2022/05/24 04:18:44 Q=5
2026-01-07 14:44:03,842 - INFO - [GINSLIB] processing : 2022/05/24 04:18:45 Q=5
2026-01-07 14:44:03,859 - INFO - [GINSLIB] processing : 2022/05/24 04:18:46 Q=5
2026-01-07 14:44:03,868 - INFO - [GINSLIB] processing : 2022/05/24 04:18:47 Q=5
2026-01-07 14:44:03,887 - INFO - [GINSLIB] processing : 2022/05/24 04:18:48 Q=5
2026-01-07 14:44:03,903 - INFO - [GINSLIB] processing : 2022/05/24 04:18:49 Q=5
2026-01-07 14:44:03,921 - INFO - [GINSLIB] processing : 2022/05/24 04:18:50 Q=5
2026-01-07 14:44:03,937 - INFO - [GINSLIB] processing : 2022/05/24 04:18:51 Q=5
2026-01-07 14:44:03,957 - INFO - [GINSLIB] processing : 2022/05/24 04:18:52 Q=5
2026-01-07 14:44:03,969 - INFO - [GINSLIB] processing : 2022/05/24 04:18:53 Q=5
2026-01-07 14:44:03,986 - INFO - [GINSLIB] processing : 2022/05/24 04:18:54 Q=5
2026-01-07 14:44:04,006 - INFO - [GINSLIB] processing : 2022/05/24 04:18:55 Q=5
2026-01-07 14:44:04,022 - INFO - [GINSLIB] processing : 2022/05/24 04:18:56 Q=5
2026-01-07 14:44:04,043 - INFO - [GINSLIB] processing : 2022/05/24 04:18:57 Q=5
2026-01-07 14:44:04,049 - INFO - [GINSLIB] processing : 2022/05/24 04:18:58 Q=5
2026-01-07 14:44:04,068 - INFO - [GINSLIB] processing : 2022/05/24 04:18:59 Q=5
2026-01-07 14:44:04,086 - INFO - [GINSLIB] processing : 2022/05/24 04:19:00 Q=5
2026-01-07 14:44:04,107 - INFO - [GINSLIB] processing : 2022/05/24 04:19:01 Q=5
2026-01-07 14:44:04,126 - INFO - [GINSLIB] processing : 2022/05/24 04:19:02 Q=5
2026-01-07 14:44:04,134 - INFO - [GINSLIB] processing : 2022/05/24 04:19:03 Q=5
2026-01-07 14:44:04,152 - INFO - [GINSLIB] processing : 2022/05/24 04:19:04 Q=5
2026-01-07 14:44:04,167 - INFO - [GINSLIB] processing : 2022/05/24 04:19:05 Q=5
2026-01-07 14:44:04,185 - INFO - [GINSLIB] processing : 2022/05/24 04:19:06 Q=5
2026-01-07 14:44:04,202 - INFO - [GINSLIB] processing : 2022/05/24 04:19:07 Q=5
2026-01-07 14:44:04,211 - INFO - [GINSLIB] processing : 2022/05/24 04:19:08 Q=5
2026-01-07 14:44:04,231 - INFO - [GINSLIB] processing : 2022/05/24 04:19:09 Q=5
2026-01-07 14:44:04,247 - INFO - [GINSLIB] processing : 2022/05/24 04:19:10 Q=5
2026-01-07 14:44:04,266 - INFO - [GINSLIB] processing : 2022/05/24 04:19:11 Q=5
2026-01-07 14:44:04,283 - INFO - [GINSLIB] processing : 2022/05/24 04:19:12 Q=5
2026-01-07 14:44:04,293 - INFO - [GINSLIB] processing : 2022/05/24 04:19:13 Q=5
2026-01-07 14:44:04,313 - INFO - [GINSLIB] processing : 2022/05/24 04:19:14 Q=5
2026-01-07 14:44:04,329 - INFO - [GINSLIB] processing : 2022/05/24 04:19:15 Q=5
2026-01-07 14:44:04,348 - INFO - [GINSLIB] processing : 2022/05/24 04:19:16 Q=5
2026-01-07 14:44:04,365 - INFO - [GINSLIB] processing : 2022/05/24 04:19:17 Q=5
2026-01-07 14:44:04,376 - INFO - [GINSLIB] processing : 2022/05/24 04:19:18 Q=5
2026-01-07 14:44:04,396 - INFO - [GINSLIB] processing : 2022/05/24 04:19:19 Q=5
2026-01-07 14:44:04,413 - INFO - [GINSLIB] processing : 2022/05/24 04:19:20 Q=5
2026-01-07 14:44:04,431 - INFO - [GINSLIB] processing : 2022/05/24 04:19:21 Q=5
2026-01-07 14:44:04,449 - INFO - [GINSLIB] processing : 2022/05/24 04:19:22 Q=5
2026-01-07 14:44:04,469 - INFO - [GINSLIB] processing : 2022/05/24 04:19:23 Q=5
2026-01-07 14:44:04,475 - INFO - [GINSLIB] processing : 2022/05/24 04:19:24 Q=5
2026-01-07 14:44:04,495 - INFO - [GINSLIB] processing : 2022/05/24 04:19:25 Q=5
2026-01-07 14:44:04,515 - INFO - [GINSLIB] processing : 2022/05/24 04:19:26 Q=5
2026-01-07 14:44:04,533 - INFO - [GINSLIB] processing : 2022/05/24 04:19:27 Q=5
2026-01-07 14:44:04,555 - INFO - [GINSLIB] processing : 2022/05/24 04:19:28 Q=5
2026-01-07 14:44:04,563 - INFO - [GINSLIB] processing : 2022/05/24 04:19:29 Q=5
2026-01-07 14:44:04,584 - INFO - [GINSLIB] processing : 2022/05/24 04:19:30 Q=5
2026-01-07 14:44:04,603 - INFO - [GINSLIB] processing : 2022/05/24 04:19:31 Q=5
2026-01-07 14:44:04,626 - INFO - [GINSLIB] processing : 2022/05/24 04:19:32 Q=5
2026-01-07 14:44:04,650 - INFO - [GINSLIB] processing : 2022/05/24 04:19:33 Q=5
2026-01-07 14:44:04,661 - INFO - [GINSLIB] processing : 2022/05/24 04:19:34 Q=5
2026-01-07 14:44:04,692 - INFO - [GINSLIB] processing : 2022/05/24 04:19:35 Q=5
2026-01-07 14:44:04,715 - INFO - [GINSLIB] processing : 2022/05/24 04:19:36 Q=5
2026-01-07 14:44:04,741 - INFO - [GINSLIB] processing : 2022/05/24 04:19:37 Q=5
2026-01-07 14:44:04,762 - INFO - [GINSLIB] processing : 2022/05/24 04:19:38 Q=5
2026-01-07 14:44:04,775 - INFO - [GINSLIB] processing : 2022/05/24 04:19:39 Q=5
2026-01-07 14:44:04,796 - INFO - [GINSLIB] processing : 2022/05/24 04:19:40 Q=5
2026-01-07 14:44:04,815 - INFO - [GINSLIB] processing : 2022/05/24 04:19:41 Q=5
2026-01-07 14:44:04,839 - INFO - [GINSLIB] processing : 2022/05/24 04:19:42 Q=5
2026-01-07 14:44:04,858 - INFO - [GINSLIB] processing : 2022/05/24 04:19:43 Q=5
2026-01-07 14:44:04,870 - INFO - [GINSLIB] processing : 2022/05/24 04:19:44 Q=5
2026-01-07 14:44:04,891 - INFO - [GINSLIB] processing : 2022/05/24 04:19:45 Q=5
2026-01-07 14:44:04,907 - INFO - [GINSLIB] processing : 2022/05/24 04:19:46 Q=5
2026-01-07 14:44:04,929 - INFO - [GINSLIB] processing : 2022/05/24 04:19:47 Q=5
2026-01-07 14:44:04,948 - INFO - [GINSLIB] processing : 2022/05/24 04:19:48 Q=5
2026-01-07 14:44:04,959 - INFO - [GINSLIB] processing : 2022/05/24 04:19:49 Q=5
2026-01-07 14:44:04,979 - INFO - [GINSLIB] processing : 2022/05/24 04:19:50 Q=5
2026-01-07 14:44:04,997 - INFO - [GINSLIB] processing : 2022/05/24 04:19:51 Q=5
2026-01-07 14:44:05,020 - INFO - [GINSLIB] processing : 2022/05/24 04:19:52 Q=5
2026-01-07 14:44:05,037 - INFO - [GINSLIB] processing : 2022/05/24 04:19:53 Q=5
2026-01-07 14:44:05,056 - INFO - [GINSLIB] processing : 2022/05/24 04:19:54 Q=5
2026-01-07 14:44:05,062 - INFO - [GINSLIB] processing : 2022/05/24 04:19:55 Q=5
2026-01-07 14:44:05,081 - INFO - [GINSLIB] processing : 2022/05/24 04:19:56 Q=5
2026-01-07 14:44:05,100 - INFO - [GINSLIB] processing : 2022/05/24 04:19:57 Q=5
2026-01-07 14:44:05,115 - INFO - [GINSLIB] processing : 2022/05/24 04:19:58 Q=5
2026-01-07 14:44:05,134 - INFO - [GINSLIB] processing : 2022/05/24 04:19:59 Q=5
2026-01-07 14:44:05,141 - INFO - [GINSLIB] processing : 2022/05/24 04:20:00 Q=5
2026-01-07 14:44:05,159 - INFO - [GINSLIB] processing : 2022/05/24 04:20:01 Q=5
2026-01-07 14:44:05,174 - INFO - [GINSLIB] processing : 2022/05/24 04:20:02 Q=5
2026-01-07 14:44:05,194 - INFO - [GINSLIB] processing : 2022/05/24 04:20:03 Q=5
2026-01-07 14:44:05,211 - INFO - [GINSLIB] processing : 2022/05/24 04:20:04 Q=5
2026-01-07 14:44:05,219 - INFO - [GINSLIB] processing : 2022/05/24 04:20:05 Q=5
2026-01-07 14:44:05,240 - INFO - [GINSLIB] processing : 2022/05/24 04:20:06 Q=5
2026-01-07 14:44:05,257 - INFO - [GINSLIB] processing : 2022/05/24 04:20:07 Q=5
2026-01-07 14:44:05,275 - INFO - [GINSLIB] processing : 2022/05/24 04:20:08 Q=5
2026-01-07 14:44:05,292 - INFO - [GINSLIB] processing : 2022/05/24 04:20:09 Q=5
2026-01-07 14:44:05,303 - INFO - [GINSLIB] processing : 2022/05/24 04:20:10 Q=5
2026-01-07 14:44:05,323 - INFO - [GINSLIB] processing : 2022/05/24 04:20:11 Q=5
2026-01-07 14:44:05,338 - INFO - [GINSLIB] processing : 2022/05/24 04:20:12 Q=5
2026-01-07 14:44:05,356 - INFO - [GINSLIB] processing : 2022/05/24 04:20:13 Q=5
2026-01-07 14:44:05,371 - INFO - [GINSLIB] processing : 2022/05/24 04:20:14 Q=5
2026-01-07 14:44:05,380 - INFO - [GINSLIB] processing : 2022/05/24 04:20:15 Q=5
2026-01-07 14:44:05,398 - INFO - [GINSLIB] processing : 2022/05/24 04:20:16 Q=5
2026-01-07 14:44:05,413 - INFO - [GINSLIB] processing : 2022/05/24 04:20:17 Q=5
2026-01-07 14:44:05,431 - INFO - [GINSLIB] processing : 2022/05/24 04:20:18 Q=5
2026-01-07 14:44:05,446 - INFO - [GINSLIB] processing : 2022/05/24 04:20:19 Q=5
2026-01-07 14:44:05,465 - INFO - [GINSLIB] processing : 2022/05/24 04:20:20 Q=5
2026-01-07 14:44:05,475 - INFO - [GINSLIB] processing : 2022/05/24 04:20:21 Q=5
2026-01-07 14:44:05,490 - INFO - [GINSLIB] processing : 2022/05/24 04:20:22 Q=5
2026-01-07 14:44:05,509 - INFO - [GINSLIB] processing : 2022/05/24 04:20:23 Q=5
2026-01-07 14:44:05,526 - INFO - [GINSLIB] processing : 2022/05/24 04:20:24 Q=5
2026-01-07 14:44:05,548 - INFO - [GINSLIB] processing : 2022/05/24 04:20:25 Q=5
2026-01-07 14:44:05,555 - INFO - [GINSLIB] processing : 2022/05/24 04:20:26 Q=5
2026-01-07 14:44:05,575 - INFO - [GINSLIB] processing : 2022/05/24 04:20:27 Q=5
2026-01-07 14:44:05,593 - INFO - [GINSLIB] processing : 2022/05/24 04:20:28 Q=5
2026-01-07 14:44:05,611 - INFO - [GINSLIB] processing : 2022/05/24 04:20:29 Q=5
2026-01-07 14:44:05,632 - INFO - [GINSLIB] processing : 2022/05/24 04:20:30 Q=5
2026-01-07 14:44:05,639 - INFO - [GINSLIB] processing : 2022/05/24 04:20:31 Q=5
2026-01-07 14:44:05,659 - INFO - [GINSLIB] processing : 2022/05/24 04:20:32 Q=5
2026-01-07 14:44:05,675 - INFO - [GINSLIB] processing : 2022/05/24 04:20:33 Q=5
2026-01-07 14:44:05,696 - INFO - [GINSLIB] processing : 2022/05/24 04:20:34 Q=5
2026-01-07 14:44:05,716 - INFO - [GINSLIB] processing : 2022/05/24 04:20:35 Q=5
2026-01-07 14:44:05,724 - INFO - [GINSLIB] processing : 2022/05/24 04:20:36 Q=5
2026-01-07 14:44:05,745 - INFO - [GINSLIB] processing : 2022/05/24 04:20:37 Q=5
2026-01-07 14:44:05,763 - INFO - [GINSLIB] processing : 2022/05/24 04:20:38 Q=5
2026-01-07 14:44:05,786 - INFO - [GINSLIB] processing : 2022/05/24 04:20:39 Q=5
2026-01-07 14:44:05,804 - INFO - [GINSLIB] processing : 2022/05/24 04:20:40 Q=5
2026-01-07 14:44:05,815 - INFO - [GINSLIB] processing : 2022/05/24 04:20:41 Q=5
2026-01-07 14:44:05,836 - INFO - [GINSLIB] processing : 2022/05/24 04:20:42 Q=5
2026-01-07 14:44:05,854 - INFO - [GINSLIB] processing : 2022/05/24 04:20:43 Q=5
2026-01-07 14:44:05,873 - INFO - [GINSLIB] processing : 2022/05/24 04:20:44 Q=5
2026-01-07 14:44:05,888 - INFO - [GINSLIB] processing : 2022/05/24 04:20:45 Q=5
2026-01-07 14:44:05,897 - INFO - [GINSLIB] processing : 2022/05/24 04:20:46 Q=5
2026-01-07 14:44:05,914 - INFO - [GINSLIB] processing : 2022/05/24 04:20:47 Q=5
2026-01-07 14:44:05,931 - INFO - [GINSLIB] processing : 2022/05/24 04:20:48 Q=5
2026-01-07 14:44:05,950 - INFO - [GINSLIB] processing : 2022/05/24 04:20:49 Q=5
2026-01-07 14:44:05,966 - INFO - [GINSLIB] processing : 2022/05/24 04:20:50 Q=5
2026-01-07 14:44:05,976 - INFO - [GINSLIB] processing : 2022/05/24 04:20:51 Q=5
2026-01-07 14:44:05,997 - INFO - [GINSLIB] processing : 2022/05/24 04:20:52 Q=5
2026-01-07 14:44:06,019 - INFO - [GINSLIB] processing : 2022/05/24 04:20:53 Q=5
2026-01-07 14:44:06,042 - INFO - [GINSLIB] processing : 2022/05/24 04:20:54 Q=5
2026-01-07 14:44:06,063 - INFO - [GINSLIB] processing : 2022/05/24 04:20:55 Q=5
2026-01-07 14:44:06,087 - INFO - [GINSLIB] processing : 2022/05/24 04:20:56 Q=5
2026-01-07 14:44:06,096 - INFO - [GINSLIB] processing : 2022/05/24 04:20:57 Q=5
2026-01-07 14:44:06,122 - INFO - [GINSLIB] processing : 2022/05/24 04:20:58 Q=5
2026-01-07 14:44:06,147 - INFO - [GINSLIB] processing : 2022/05/24 04:20:59 Q=5
2026-01-07 14:44:06,170 - INFO - [GINSLIB] processing : 2022/05/24 04:21:00 Q=5
2026-01-07 14:44:06,196 - INFO - [GINSLIB] processing : 2022/05/24 04:21:01 Q=5
2026-01-07 14:44:06,204 - INFO - [GINSLIB] processing : 2022/05/24 04:21:02 Q=5
2026-01-07 14:44:06,225 - INFO - [GINSLIB] processing : 2022/05/24 04:21:03 Q=5
2026-01-07 14:44:06,245 - INFO - [GINSLIB] processing : 2022/05/24 04:21:04 Q=5
2026-01-07 14:44:06,266 - INFO - [GINSLIB] processing : 2022/05/24 04:21:05 Q=5
2026-01-07 14:44:06,287 - INFO - [GINSLIB] processing : 2022/05/24 04:21:06 Q=5
2026-01-07 14:44:06,300 - INFO - [GINSLIB] processing : 2022/05/24 04:21:07 Q=5
2026-01-07 14:44:06,322 - INFO - [GINSLIB] processing : 2022/05/24 04:21:08 Q=5
2026-01-07 14:44:06,340 - INFO - [GINSLIB] processing : 2022/05/24 04:21:09 Q=5
2026-01-07 14:44:06,360 - INFO - [GINSLIB] processing : 2022/05/24 04:21:10 Q=5
2026-01-07 14:44:06,379 - INFO - [GINSLIB] processing : 2022/05/24 04:21:11 Q=5
2026-01-07 14:44:06,389 - INFO - [GINSLIB] processing : 2022/05/24 04:21:12 Q=5
2026-01-07 14:44:06,412 - INFO - [GINSLIB] processing : 2022/05/24 04:21:13 Q=5
2026-01-07 14:44:06,431 - INFO - [GINSLIB] processing : 2022/05/24 04:21:14 Q=5
2026-01-07 14:44:06,454 - INFO - [GINSLIB] processing : 2022/05/24 04:21:15 Q=5
2026-01-07 14:44:06,472 - INFO - [GINSLIB] processing : 2022/05/24 04:21:16 Q=5
2026-01-07 14:44:06,481 - INFO - [GINSLIB] processing : 2022/05/24 04:21:17 Q=5
2026-01-07 14:44:06,501 - INFO - [GINSLIB] processing : 2022/05/24 04:21:18 Q=5
2026-01-07 14:44:06,518 - INFO - [GINSLIB] processing : 2022/05/24 04:21:19 Q=5
2026-01-07 14:44:06,539 - INFO - [GINSLIB] processing : 2022/05/24 04:21:20 Q=5
2026-01-07 14:44:06,556 - INFO - [GINSLIB] processing : 2022/05/24 04:21:21 Q=5
2026-01-07 14:44:06,575 - INFO - [GINSLIB] processing : 2022/05/24 04:21:22 Q=5
2026-01-07 14:44:06,586 - INFO - [GINSLIB] processing : 2022/05/24 04:21:23 Q=5
2026-01-07 14:44:06,602 - INFO - [GINSLIB] processing : 2022/05/24 04:21:24 Q=5
2026-01-07 14:44:06,622 - INFO - [GINSLIB] processing : 2022/05/24 04:21:25 Q=5
2026-01-07 14:44:06,640 - INFO - [GINSLIB] processing : 2022/05/24 04:21:26 Q=5
2026-01-07 14:44:06,658 - INFO - [GINSLIB] processing : 2022/05/24 04:21:27 Q=5
2026-01-07 14:44:06,666 - INFO - [GINSLIB] processing : 2022/05/24 04:21:28 Q=5
2026-01-07 14:44:06,687 - INFO - [GINSLIB] processing : 2022/05/24 04:21:29 Q=5
2026-01-07 14:44:06,708 - INFO - [GINSLIB] processing : 2022/05/24 04:21:30 Q=5
2026-01-07 14:44:06,726 - INFO - [GINSLIB] processing : 2022/05/24 04:21:31 Q=5
2026-01-07 14:44:06,748 - INFO - [GINSLIB] processing : 2022/05/24 04:21:32 Q=5
2026-01-07 14:44:06,757 - INFO - [GINSLIB] processing : 2022/05/24 04:21:33 Q=5
2026-01-07 14:44:06,777 - INFO - [GINSLIB] processing : 2022/05/24 04:21:34 Q=5
2026-01-07 14:44:06,793 - INFO - [GINSLIB] processing : 2022/05/24 04:21:35 Q=5
2026-01-07 14:44:06,814 - INFO - [GINSLIB] processing : 2022/05/24 04:21:36 Q=5
2026-01-07 14:44:06,832 - INFO - [GINSLIB] processing : 2022/05/24 04:21:37 Q=5
2026-01-07 14:44:06,841 - INFO - [GINSLIB] processing : 2022/05/24 04:21:38 Q=5
2026-01-07 14:44:06,859 - INFO - [GINSLIB] processing : 2022/05/24 04:21:39 Q=5
2026-01-07 14:44:06,877 - INFO - [GINSLIB] processing : 2022/05/24 04:21:40 Q=5
2026-01-07 14:44:06,897 - INFO - [GINSLIB] processing : 2022/05/24 04:21:41 Q=5
2026-01-07 14:44:06,912 - INFO - [GINSLIB] processing : 2022/05/24 04:21:42 Q=5
2026-01-07 14:44:06,923 - INFO - [GINSLIB] processing : 2022/05/24 04:21:43 Q=5
2026-01-07 14:44:06,942 - INFO - [GINSLIB] processing : 2022/05/24 04:21:44 Q=5
2026-01-07 14:44:06,959 - INFO - [GINSLIB] processing : 2022/05/24 04:21:45 Q=5
2026-01-07 14:44:06,979 - INFO - [GINSLIB] processing : 2022/05/24 04:21:46 Q=5
2026-01-07 14:44:06,996 - INFO - [GINSLIB] processing : 2022/05/24 04:21:47 Q=5
2026-01-07 14:44:07,006 - INFO - [GINSLIB] processing : 2022/05/24 04:21:48 Q=5
2026-01-07 14:44:07,031 - INFO - [GINSLIB] Total processing time of program: 28.550000 sec!
2026-01-07 14:44:07,169 - INFO - ✓ MG300_Uav_open_20220524 SPP LC 执行成功
2026-01-07 14:44:07,170 - INFO - 开始误差分析
2026-01-07 14:44:07,170 - INFO - - 结果文件: G:\Navigation_Learn\GNSS\RTKLIB-b34k\data\GNSS_INS\MG300_Uav_open_20220524\result\MG300_Uav_open_20220524_SPP_F_LC.pos
2026-01-07 14:44:07,170 - INFO - - 参考文件: G:\Navigation_Learn\GNSS\RTKLIB-b34k\data\GNSS_INS\MG300_Uav_open_20220524\truth.truth
2026-01-07 14:44:07,170 - INFO - ============================================================
2026-01-07 14:44:07,170 - INFO - 开始处理: MG300_Uav_open_20220524
2026-01-07 14:44:07,171 - INFO - 处理模式: SPP LC
2026-01-07 14:44:07,171 - INFO - ============================================================
2026-01-07 14:44:07,171 - INFO - GNSS/INS模式，绘制IMU零偏和位置、速度、姿态误差
2026-01-07 14:44:07,210 - INFO - ✓ 结果文件数据读取成功 G:\Navigation_Learn\GNSS\RTKLIB-b34k\data\GNSS_INS\MG300_Uav_open_20220524\result\MG300_Uav_open_20220524_SPP_F_LC.pos
2026-01-07 14:44:07,218 - INFO - ✓ 参考文件数据读取成功 G:\Navigation_Learn\GNSS\RTKLIB-b34k\data\GNSS_INS\MG300_Uav_open_20220524\truth.truth
2026-01-07 14:44:07,218 - INFO - 绘制IMU零偏图...
2026-01-07 14:44:08,370 - INFO - 位置误差RMS: E=0.6982m, N=1.5167m, U=2.7348m, 3D=3.2042m
2026-01-07 14:44:08,370 - INFO - 速度误差RMS: E=0.0366m/s, N=0.0487m/s, U=0.0307m/s, 3D=0.0682m/s
2026-01-07 14:44:08,370 - INFO - 姿态误差RMS: Pitch=0.0162°, Roll=0.0141°, Yaw=1.6203°
2026-01-07 14:44:08,610 - INFO - ✓ 保存图像: G:\Navigation_Learn\GNSS\RTKLIB-b34k\batch_process\figure\MG300_Uav_open_20220524\MG300_Uav_open_20220524_SPP_F_LC_bg.png
2026-01-07 14:44:08,895 - INFO - ✓ 保存图像: G:\Navigation_Learn\GNSS\RTKLIB-b34k\batch_process\figure\MG300_Uav_open_20220524\MG300_Uav_open_20220524_SPP_F_LC_ba.png
2026-01-07 14:44:09,165 - INFO - ✓ 保存图像: G:\Navigation_Learn\GNSS\RTKLIB-b34k\batch_process\figure\MG300_Uav_open_20220524\MG300_Uav_open_20220524_SPP_F_LC_pos.png
2026-01-07 14:44:09,458 - INFO - ✓ 保存图像: G:\Navigation_Learn\GNSS\RTKLIB-b34k\batch_process\figure\MG300_Uav_open_20220524\MG300_Uav_open_20220524_SPP_F_LC_vel.png
2026-01-07 14:44:09,725 - INFO - ✓ 保存图像: G:\Navigation_Learn\GNSS\RTKLIB-b34k\batch_process\figure\MG300_Uav_open_20220524\MG300_Uav_open_20220524_SPP_F_LC_att.png
2026-01-07 14:44:09,739 - INFO - ✓ 所有图像已保存到 G:\Navigation_Learn\GNSS\RTKLIB-b34k\batch_process\figure\MG300_Uav_open_20220524
2026-01-07 14:44:09,739 - INFO - ✓ 误差分析完成: MG300_Uav_open_20220524_SPP_F_LC.pos
2026-01-07 14:44:10,418 - INFO - ✓ 误差统计结果保存到Excel文件: G:\Navigation_Learn\GNSS\RTKLIB-b34k\batch_process\excel\error_stats_SPP LC_20260107_144409.xlsx
2026-01-07 14:44:10,418 - INFO - 41 个批处理任务结束。
2026-01-07 14:44:10,418 - INFO - 总共耗费时间: 43.91 秒 (0.73 分钟)
2026-01-07 14:44:10,419 - INFO - 日志文件保存路径: G:\Navigation_Learn\GNSS\RTKLIB-b34k\batch_process\log\batch_process_20260107_144326.log
