2026-01-06 17:18:26,702 - INFO - 日志文件保存位置: G:\Navigation_Learn\GNSS\RTKLIB-b34k\batch_process\log\batch_process_20260106_171826.log
2026-01-06 17:18:26,707 - INFO - 批处理任务开始执行
2026-01-06 17:18:26,708 - INFO - 当前工作目录 (Data Root): G:\Navigation_Learn\GNSS\RTKLIB-b34k\data\GNSS_INS
2026-01-06 17:18:26,708 - INFO - 解算程序路径 (EXE Path):  G:\Navigation_Learn\GNSS\RTKLIB-b34k\build\Bin\GINSLIB.exe
2026-01-06 17:18:26,708 - INFO - ------------------------------------------------------------
2026-01-06 17:18:26,709 - INFO - 共 27 个数据任务，开始批处理...
2026-01-06 17:18:26,709 - INFO - 第 25 个任务: KVH1750_Vehicle_complex_20210715
2026-01-06 17:18:26,715 - INFO - - 路径: G:\Navigation_Learn\GNSS\RTKLIB-b34k\data\GNSS_INS\KVH1750_Vehicle_complex_20210715
2026-01-06 17:18:26,715 - INFO - - 配置: KVH1750_Vehicle_complex_20210715.conf
2026-01-06 17:18:34,296 - INFO - [GINSLIB] warning: IMU measurement output is zero: G:\Navigation_Learn\GNSS\RTKLIB-b34k\data\GNSS_INS\KVH1750_Vehicle_complex_20210715\KVH1750.txt, week=2166, sec=377122.9097!
2026-01-06 17:18:34,296 - INFO - [GINSLIB] warning: IMU measurement output is zero: G:\Navigation_Learn\GNSS\RTKLIB-b34k\data\GNSS_INS\KVH1750_Vehicle_complex_20210715\KVH1750.txt, week=2166, sec=377123.5797!
2026-01-06 17:18:34,297 - INFO - [GINSLIB] warning: IMU measurement output is zero: G:\Navigation_Learn\GNSS\RTKLIB-b34k\data\GNSS_INS\KVH1750_Vehicle_complex_20210715\KVH1750.txt, week=2166, sec=377124.9297!
2026-01-06 17:18:34,297 - INFO - [GINSLIB] warning: IMU measurement output is zero: G:\Navigation_Learn\GNSS\RTKLIB-b34k\data\GNSS_INS\KVH1750_Vehicle_complex_20210715\KVH1750.txt, week=2166, sec=377128.5397!
2026-01-06 17:18:34,297 - INFO - [GINSLIB] warning: IMU measurement output is zero: G:\Navigation_Learn\GNSS\RTKLIB-b34k\data\GNSS_INS\KVH1750_Vehicle_complex_20210715\KVH1750.txt, week=2166, sec=377136.9047!
2026-01-06 17:18:34,297 - INFO - [GINSLIB] warning: IMU measurement output is zero: G:\Navigation_Learn\GNSS\RTKLIB-b34k\data\GNSS_INS\KVH1750_Vehicle_complex_20210715\KVH1750.txt, week=2166, sec=377168.6397!
2026-01-06 17:18:34,297 - INFO - [GINSLIB] warning: IMU measurement output is zero: G:\Navigation_Learn\GNSS\RTKLIB-b34k\data\GNSS_INS\KVH1750_Vehicle_complex_20210715\KVH1750.txt, week=2166, sec=377170.4797!
2026-01-06 17:18:34,297 - INFO - [GINSLIB] warning: IMU measurement output is zero: G:\Navigation_Learn\GNSS\RTKLIB-b34k\data\GNSS_INS\KVH1750_Vehicle_complex_20210715\KVH1750.txt, week=2166, sec=377182.6247!
2026-01-06 17:18:34,298 - INFO - [GINSLIB] warning: IMU measurement output is zero: G:\Navigation_Learn\GNSS\RTKLIB-b34k\data\GNSS_INS\KVH1750_Vehicle_complex_20210715\KVH1750.txt, week=2166, sec=377189.2347!
2026-01-06 17:18:34,298 - INFO - [GINSLIB] warning: IMU measurement output is zero: G:\Navigation_Learn\GNSS\RTKLIB-b34k\data\GNSS_INS\KVH1750_Vehicle_complex_20210715\KVH1750.txt, week=2166, sec=377214.0997!
2026-01-06 17:18:34,298 - INFO - [GINSLIB] warning: IMU measurement output is zero: G:\Navigation_Learn\GNSS\RTKLIB-b34k\data\GNSS_INS\KVH1750_Vehicle_complex_20210715\KVH1750.txt, week=2166, sec=377221.0197!
2026-01-06 17:18:34,298 - INFO - [GINSLIB] warning: IMU measurement output is zero: G:\Navigation_Learn\GNSS\RTKLIB-b34k\data\GNSS_INS\KVH1750_Vehicle_complex_20210715\KVH1750.txt, week=2166, sec=377222.0947!
2026-01-06 17:18:34,298 - INFO - [GINSLIB] warning: IMU measurement output is zero: G:\Navigation_Learn\GNSS\RTKLIB-b34k\data\GNSS_INS\KVH1750_Vehicle_complex_20210715\KVH1750.txt, week=2166, sec=377224.4247!
2026-01-06 17:18:34,299 - INFO - [GINSLIB] warning: IMU measurement output is zero: G:\Navigation_Learn\GNSS\RTKLIB-b34k\data\GNSS_INS\KVH1750_Vehicle_complex_20210715\KVH1750.txt, week=2166, sec=377226.4597!
2026-01-06 17:18:34,299 - INFO - [GINSLIB] warning: IMU measurement output is zero: G:\Navigation_Learn\GNSS\RTKLIB-b34k\data\GNSS_INS\KVH1750_Vehicle_complex_20210715\KVH1750.txt, week=2166, sec=377226.7947!
2026-01-06 17:18:34,299 - INFO - [GINSLIB] warning: IMU measurement output is zero: G:\Navigation_Learn\GNSS\RTKLIB-b34k\data\GNSS_INS\KVH1750_Vehicle_complex_20210715\KVH1750.txt, week=2166, sec=377227.8697!
2026-01-06 17:18:34,299 - INFO - [GINSLIB] warning: IMU measurement output is zero: G:\Navigation_Learn\GNSS\RTKLIB-b34k\data\GNSS_INS\KVH1750_Vehicle_complex_20210715\KVH1750.txt, week=2166, sec=377229.9697!
2026-01-06 17:18:34,299 - INFO - [GINSLIB] warning: IMU measurement output is zero: G:\Navigation_Learn\GNSS\RTKLIB-b34k\data\GNSS_INS\KVH1750_Vehicle_complex_20210715\KVH1750.txt, week=2166, sec=378242.3797!
2026-01-06 17:18:34,300 - INFO - [GINSLIB] warning: IMU measurement output is zero: G:\Navigation_Learn\GNSS\RTKLIB-b34k\data\GNSS_INS\KVH1750_Vehicle_complex_20210715\KVH1750.txt, week=2166, sec=379547.4897!
2026-01-06 17:18:34,300 - INFO - [GINSLIB] warning: IMU measurement output is zero: G:\Navigation_Learn\GNSS\RTKLIB-b34k\data\GNSS_INS\KVH1750_Vehicle_complex_20210715\KVH1750.txt, week=2166, sec=380262.2747!
2026-01-06 17:18:34,300 - INFO - [GINSLIB] warning: IMU measurement output is zero: G:\Navigation_Learn\GNSS\RTKLIB-b34k\data\GNSS_INS\KVH1750_Vehicle_complex_20210715\KVH1750.txt, week=2166, sec=380872.7497!
2026-01-06 17:18:34,300 - INFO - [GINSLIB] warning: IMU measurement output is zero: G:\Navigation_Learn\GNSS\RTKLIB-b34k\data\GNSS_INS\KVH1750_Vehicle_complex_20210715\KVH1750.txt, week=2166, sec=380919.4147!
2026-01-06 17:18:34,300 - INFO - [GINSLIB] warning: IMU measurement output is zero: G:\Navigation_Learn\GNSS\RTKLIB-b34k\data\GNSS_INS\KVH1750_Vehicle_complex_20210715\KVH1750.txt, week=2166, sec=381103.9897!
2026-01-06 17:18:34,300 - INFO - [GINSLIB] warning: IMU measurement output is zero: G:\Navigation_Learn\GNSS\RTKLIB-b34k\data\GNSS_INS\KVH1750_Vehicle_complex_20210715\KVH1750.txt, week=2166, sec=381612.5647!
2026-01-06 17:18:37,060 - INFO - [GINSLIB] warning: IMU measurement output is zero: G:\Navigation_Learn\GNSS\RTKLIB-b34k\data\GNSS_INS\KVH1750_Vehicle_complex_20210715\KVH1750.txt, week=2166, sec=381613.7797!
2026-01-06 17:18:37,060 - INFO - [GINSLIB] warning: IMU measurement output is zero: G:\Navigation_Learn\GNSS\RTKLIB-b34k\data\GNSS_INS\KVH1750_Vehicle_complex_20210715\KVH1750.txt, week=2166, sec=381671.8697!
2026-01-06 17:18:37,060 - INFO - [GINSLIB] warning: IMU measurement output is zero: G:\Navigation_Learn\GNSS\RTKLIB-b34k\data\GNSS_INS\KVH1750_Vehicle_complex_20210715\KVH1750.txt, week=2166, sec=381673.4397!
2026-01-06 17:18:37,060 - INFO - [GINSLIB] warning: IMU measurement output is zero: G:\Navigation_Learn\GNSS\RTKLIB-b34k\data\GNSS_INS\KVH1750_Vehicle_complex_20210715\KVH1750.txt, week=2166, sec=382053.9097!
2026-01-06 17:18:37,060 - INFO - [GINSLIB] warning: IMU measurement output is zero: G:\Navigation_Learn\GNSS\RTKLIB-b34k\data\GNSS_INS\KVH1750_Vehicle_complex_20210715\KVH1750.txt, week=2166, sec=383340.2297!
2026-01-06 17:18:37,061 - INFO - [GINSLIB] warning: IMU measurement output is zero: G:\Navigation_Learn\GNSS\RTKLIB-b34k\data\GNSS_INS\KVH1750_Vehicle_complex_20210715\KVH1750.txt, week=2166, sec=383363.6597!
2026-01-06 17:18:37,061 - INFO - [GINSLIB] warning: IMU measurement output is zero: G:\Navigation_Learn\GNSS\RTKLIB-b34k\data\GNSS_INS\KVH1750_Vehicle_complex_20210715\KVH1750.txt, week=2166, sec=383721.6347!
2026-01-06 17:18:37,061 - INFO - [GINSLIB] warning: IMU measurement output is zero: G:\Navigation_Learn\GNSS\RTKLIB-b34k\data\GNSS_INS\KVH1750_Vehicle_complex_20210715\KVH1750.txt, week=2166, sec=383722.1247!
2026-01-06 17:18:37,061 - INFO - [GINSLIB] warning: IMU measurement output is zero: G:\Navigation_Learn\GNSS\RTKLIB-b34k\data\GNSS_INS\KVH1750_Vehicle_complex_20210715\KVH1750.txt, week=2166, sec=383722.4447!
2026-01-06 17:18:37,061 - INFO - [GINSLIB] warning: IMU measurement output is zero: G:\Navigation_Learn\GNSS\RTKLIB-b34k\data\GNSS_INS\KVH1750_Vehicle_complex_20210715\KVH1750.txt, week=2166, sec=383730.8297!
2026-01-06 17:18:37,061 - INFO - [GINSLIB] warning: IMU measurement output is zero: G:\Navigation_Learn\GNSS\RTKLIB-b34k\data\GNSS_INS\KVH1750_Vehicle_complex_20210715\KVH1750.txt, week=2166, sec=383767.6197!
2026-01-06 17:18:37,062 - INFO - [GINSLIB] warning: IMU measurement output is zero: G:\Navigation_Learn\GNSS\RTKLIB-b34k\data\GNSS_INS\KVH1750_Vehicle_complex_20210715\KVH1750.txt, week=2166, sec=383769.5847!
2026-01-06 17:18:37,062 - INFO - [GINSLIB] warning: IMU measurement output is zero: G:\Navigation_Learn\GNSS\RTKLIB-b34k\data\GNSS_INS\KVH1750_Vehicle_complex_20210715\KVH1750.txt, week=2166, sec=383771.7147!
2026-01-06 17:18:37,062 - INFO - [GINSLIB] warning: IMU measurement output is zero: G:\Navigation_Learn\GNSS\RTKLIB-b34k\data\GNSS_INS\KVH1750_Vehicle_complex_20210715\KVH1750.txt, week=2166, sec=383771.9197!
2026-01-06 17:18:37,062 - INFO - [GINSLIB] warning: IMU measurement output is zero: G:\Navigation_Learn\GNSS\RTKLIB-b34k\data\GNSS_INS\KVH1750_Vehicle_complex_20210715\KVH1750.txt, week=2166, sec=383776.1547!
2026-01-06 17:18:37,062 - INFO - [GINSLIB] warning: IMU measurement output is zero: G:\Navigation_Learn\GNSS\RTKLIB-b34k\data\GNSS_INS\KVH1750_Vehicle_complex_20210715\KVH1750.txt, week=2166, sec=383776.5097!
2026-01-06 17:18:37,063 - INFO - [GINSLIB] warning: IMU measurement output is zero: G:\Navigation_Learn\GNSS\RTKLIB-b34k\data\GNSS_INS\KVH1750_Vehicle_complex_20210715\KVH1750.txt, week=2166, sec=383776.5447!
2026-01-06 17:18:37,063 - INFO - [GINSLIB] warning: IMU measurement output is zero: G:\Navigation_Learn\GNSS\RTKLIB-b34k\data\GNSS_INS\KVH1750_Vehicle_complex_20210715\KVH1750.txt, week=2166, sec=383807.3947!
2026-01-06 17:18:37,063 - INFO - [GINSLIB] warning: IMU measurement output is zero: G:\Navigation_Learn\GNSS\RTKLIB-b34k\data\GNSS_INS\KVH1750_Vehicle_complex_20210715\KVH1750.txt, week=2166, sec=383838.5047!
2026-01-06 17:18:37,063 - INFO - [GINSLIB] warning: IMU measurement output is zero: G:\Navigation_Learn\GNSS\RTKLIB-b34k\data\GNSS_INS\KVH1750_Vehicle_complex_20210715\KVH1750.txt, week=2166, sec=383841.8597!
2026-01-06 17:18:37,063 - INFO - [GINSLIB] warning: IMU measurement output is zero: G:\Navigation_Learn\GNSS\RTKLIB-b34k\data\GNSS_INS\KVH1750_Vehicle_complex_20210715\KVH1750.txt, week=2166, sec=383842.0647!
2026-01-06 17:18:37,063 - INFO - [GINSLIB] warning: IMU measurement output is zero: G:\Navigation_Learn\GNSS\RTKLIB-b34k\data\GNSS_INS\KVH1750_Vehicle_complex_20210715\KVH1750.txt, week=2166, sec=383842.5497!
2026-01-06 17:18:37,063 - INFO - [GINSLIB] warning: IMU measurement output is zero: G:\Navigation_Learn\GNSS\RTKLIB-b34k\data\GNSS_INS\KVH1750_Vehicle_complex_20210715\KVH1750.txt, week=2166, sec=383847.9997!
2026-01-06 17:18:37,063 - INFO - [GINSLIB] warning: IMU measurement output is zero: G:\Navigation_Learn\GNSS\RTKLIB-b34k\data\GNSS_INS\KVH1750_Vehicle_complex_20210715\KVH1750.txt, week=2166, sec=383852.0797!
2026-01-06 17:18:37,063 - INFO - [GINSLIB] warning: IMU measurement output is zero: G:\Navigation_Learn\GNSS\RTKLIB-b34k\data\GNSS_INS\KVH1750_Vehicle_complex_20210715\KVH1750.txt, week=2166, sec=383852.5147!
2026-01-06 17:18:37,110 - INFO - [GINSLIB] warning: IMU measurement output is zero: G:\Navigation_Learn\GNSS\RTKLIB-b34k\data\GNSS_INS\KVH1750_Vehicle_complex_20210715\KVH1750.txt, week=2166, sec=383859.4747!
2026-01-06 17:18:37,111 - INFO - [GINSLIB] warning: IMU measurement output is zero: G:\Navigation_Learn\GNSS\RTKLIB-b34k\data\GNSS_INS\KVH1750_Vehicle_complex_20210715\KVH1750.txt, week=2166, sec=383865.0347!
2026-01-06 17:18:37,111 - INFO - [GINSLIB] warning: IMU measurement output is zero: G:\Navigation_Learn\GNSS\RTKLIB-b34k\data\GNSS_INS\KVH1750_Vehicle_complex_20210715\KVH1750.txt, week=2166, sec=383866.8897!
2026-01-06 17:18:37,111 - INFO - [GINSLIB] warning: IMU measurement output is zero: G:\Navigation_Learn\GNSS\RTKLIB-b34k\data\GNSS_INS\KVH1750_Vehicle_complex_20210715\KVH1750.txt, week=2166, sec=383866.9897!
2026-01-06 17:18:37,111 - INFO - [GINSLIB] warning: IMU measurement output is zero: G:\Navigation_Learn\GNSS\RTKLIB-b34k\data\GNSS_INS\KVH1750_Vehicle_complex_20210715\KVH1750.txt, week=2166, sec=383871.0447!
2026-01-06 17:18:37,111 - INFO - [GINSLIB] warning: IMU measurement output is zero: G:\Navigation_Learn\GNSS\RTKLIB-b34k\data\GNSS_INS\KVH1750_Vehicle_complex_20210715\KVH1750.txt, week=2166, sec=383873.4297!
2026-01-06 17:18:37,112 - INFO - [GINSLIB] warning: IMU measurement output is zero: G:\Navigation_Learn\GNSS\RTKLIB-b34k\data\GNSS_INS\KVH1750_Vehicle_complex_20210715\KVH1750.txt, week=2166, sec=383873.6747!
2026-01-06 17:18:37,112 - INFO - [GINSLIB] processing : 2021/07/15 08:45:03 Q=0
2026-01-06 17:18:37,112 - INFO - [GINSLIB] processing : 2021/07/15 08:45:04 Q=0
2026-01-06 17:18:37,128 - INFO - [GINSLIB] processing : 2021/07/15 08:45:05 Q=0
2026-01-06 17:18:37,157 - INFO - [GINSLIB] processing : 2021/07/15 08:45:06 Q=0
2026-01-06 17:18:37,189 - INFO - [GINSLIB] processing : 2021/07/15 08:45:07 Q=0
2026-01-06 17:18:37,220 - INFO - [GINSLIB] processing : 2021/07/15 08:45:08 Q=0
2026-01-06 17:18:37,234 - INFO - [GINSLIB] processing : 2021/07/15 08:45:09 Q=0
2026-01-06 17:18:37,268 - INFO - [GINSLIB] processing : 2021/07/15 08:45:10 Q=0
2026-01-06 17:18:37,308 - INFO - [GINSLIB] processing : 2021/07/15 08:45:11 Q=0
2026-01-06 17:18:37,346 - INFO - [GINSLIB] processing : 2021/07/15 08:45:12 Q=0
2026-01-06 17:18:37,382 - INFO - [GINSLIB] processing : 2021/07/15 08:45:13 Q=0
2026-01-06 17:18:37,405 - INFO - [GINSLIB] processing : 2021/07/15 08:45:14 Q=0
2026-01-06 17:18:37,444 - INFO - [GINSLIB] processing : 2021/07/15 08:45:15 Q=0
2026-01-06 17:18:37,484 - INFO - [GINSLIB] processing : 2021/07/15 08:45:16 Q=0
2026-01-06 17:18:37,522 - INFO - [GINSLIB] processing : 2021/07/15 08:45:17 Q=0
2026-01-06 17:18:37,562 - INFO - [GINSLIB] processing : 2021/07/15 08:45:18 Q=0
2026-01-06 17:18:37,580 - INFO - [GINSLIB] processing : 2021/07/15 08:45:19 Q=0
2026-01-06 17:18:37,617 - INFO - [GINSLIB] processing : 2021/07/15 08:45:20 Q=0
2026-01-06 17:18:37,651 - INFO - [GINSLIB] processing : 2021/07/15 08:45:21 Q=0
2026-01-06 17:18:37,691 - INFO - [GINSLIB] processing : 2021/07/15 08:45:22 Q=0
2026-01-06 17:18:37,720 - INFO - [GINSLIB] processing : 2021/07/15 08:45:23 Q=0
2026-01-06 17:18:37,738 - INFO - [GINSLIB] processing : 2021/07/15 08:45:24 Q=0
2026-01-06 17:18:37,767 - INFO - [GINSLIB] processing : 2021/07/15 08:45:25 Q=0
2026-01-06 17:18:37,796 - INFO - [GINSLIB] processing : 2021/07/15 08:45:26 Q=0
2026-01-06 17:18:37,829 - INFO - [GINSLIB] processing : 2021/07/15 08:45:27 Q=0
2026-01-06 17:18:37,857 - INFO - [GINSLIB] processing : 2021/07/15 08:45:28 Q=0
2026-01-06 17:18:37,888 - INFO - [GINSLIB] processing : 2021/07/15 08:45:29 Q=0
2026-01-06 17:18:37,900 - INFO - [GINSLIB] processing : 2021/07/15 08:45:30 Q=0
2026-01-06 17:18:37,929 - INFO - [GINSLIB] processing : 2021/07/15 08:45:31 Q=0
2026-01-06 17:18:37,958 - INFO - [GINSLIB] processing : 2021/07/15 08:45:32 Q=0
2026-01-06 17:18:37,985 - INFO - [GINSLIB] processing : 2021/07/15 08:45:33 Q=0
2026-01-06 17:18:38,015 - INFO - [GINSLIB] processing : 2021/07/15 08:45:34 Q=0
2026-01-06 17:18:38,027 - INFO - [GINSLIB] processing : 2021/07/15 08:45:35 Q=0
2026-01-06 17:18:38,052 - INFO - [GINSLIB] processing : 2021/07/15 08:45:36 Q=0
2026-01-06 17:18:38,083 - INFO - [GINSLIB] processing : 2021/07/15 08:45:37 Q=0
2026-01-06 17:18:38,110 - INFO - [GINSLIB] processing : 2021/07/15 08:45:38 Q=0
2026-01-06 17:18:38,140 - INFO - [GINSLIB] processing : 2021/07/15 08:45:39 Q=0
2026-01-06 17:18:38,153 - INFO - [GINSLIB] processing : 2021/07/15 08:45:40 Q=0
2026-01-06 17:18:38,183 - INFO - [GINSLIB] processing : 2021/07/15 08:45:41 Q=0
2026-01-06 17:18:38,212 - INFO - [GINSLIB] processing : 2021/07/15 08:45:42 Q=0
2026-01-06 17:18:38,240 - INFO - [GINSLIB] processing : 2021/07/15 08:45:43 Q=0
2026-01-06 17:18:38,269 - INFO - [GINSLIB] processing : 2021/07/15 08:45:44 Q=0
2026-01-06 17:18:38,284 - INFO - [GINSLIB] processing : 2021/07/15 08:45:45 Q=0
2026-01-06 17:18:38,320 - INFO - [GINSLIB] processing : 2021/07/15 08:45:46 Q=0
2026-01-06 17:18:38,368 - INFO - [GINSLIB] processing : 2021/07/15 08:45:47 Q=0
2026-01-06 17:18:38,401 - INFO - [GINSLIB] processing : 2021/07/15 08:45:48 Q=0
2026-01-06 17:18:38,432 - INFO - [GINSLIB] processing : 2021/07/15 08:45:49 Q=0
2026-01-06 17:18:38,452 - INFO - [GINSLIB] processing : 2021/07/15 08:45:50 Q=0
2026-01-06 17:18:38,484 - INFO - [GINSLIB] processing : 2021/07/15 08:45:51 Q=0
2026-01-06 17:18:38,519 - INFO - [GINSLIB] processing : 2021/07/15 08:45:52 Q=0
2026-01-06 17:18:38,546 - INFO - [GINSLIB] processing : 2021/07/15 08:45:53 Q=0
2026-01-06 17:18:38,575 - INFO - [GINSLIB] processing : 2021/07/15 08:45:54 Q=0
2026-01-06 17:18:38,590 - INFO - [GINSLIB] processing : 2021/07/15 08:45:55 Q=0
2026-01-06 17:18:38,619 - INFO - [GINSLIB] processing : 2021/07/15 08:45:56 Q=0
2026-01-06 17:18:38,646 - INFO - [GINSLIB] processing : 2021/07/15 08:45:57 Q=0
2026-01-06 17:18:38,680 - INFO - [GINSLIB] processing : 2021/07/15 08:45:58 Q=0
2026-01-06 17:18:38,709 - INFO - [GINSLIB] processing : 2021/07/15 08:45:59 Q=0
2026-01-06 17:18:38,739 - INFO - [GINSLIB] processing : 2021/07/15 08:46:00 Q=0
2026-01-06 17:18:38,752 - INFO - [GINSLIB] processing : 2021/07/15 08:46:01 Q=0
2026-01-06 17:18:38,780 - INFO - [GINSLIB] processing : 2021/07/15 08:46:02 Q=0
2026-01-06 17:18:38,807 - INFO - [GINSLIB] processing : 2021/07/15 08:46:03 Q=0
2026-01-06 17:18:38,836 - INFO - [GINSLIB] processing : 2021/07/15 08:46:04 Q=0
2026-01-06 17:18:38,865 - INFO - [GINSLIB] processing : 2021/07/15 08:46:05 Q=0
2026-01-06 17:18:38,880 - INFO - [GINSLIB] processing : 2021/07/15 08:46:06 Q=0
2026-01-06 17:18:38,917 - INFO - [GINSLIB] processing : 2021/07/15 08:46:07 Q=0
2026-01-06 17:18:38,948 - INFO - [GINSLIB] processing : 2021/07/15 08:46:08 Q=0
2026-01-06 17:18:38,977 - INFO - [GINSLIB] processing : 2021/07/15 08:46:09 Q=0
2026-01-06 17:18:39,006 - INFO - [GINSLIB] processing : 2021/07/15 08:46:10 Q=0
2026-01-06 17:18:39,018 - INFO - [GINSLIB] processing : 2021/07/15 08:46:11 Q=0
2026-01-06 17:18:39,044 - INFO - [GINSLIB] processing : 2021/07/15 08:46:12 Q=0
2026-01-06 17:18:39,071 - INFO - [GINSLIB] processing : 2021/07/15 08:46:13 Q=0
2026-01-06 17:18:39,098 - INFO - [GINSLIB] processing : 2021/07/15 08:46:14 Q=0
2026-01-06 17:18:39,124 - INFO - [GINSLIB] processing : 2021/07/15 08:46:15 Q=0
2026-01-06 17:18:39,140 - INFO - [GINSLIB] processing : 2021/07/15 08:46:16 Q=0
2026-01-06 17:18:39,168 - INFO - [GINSLIB] processing : 2021/07/15 08:46:17 Q=0
2026-01-06 17:18:39,198 - INFO - [GINSLIB] processing : 2021/07/15 08:46:18 Q=0
2026-01-06 17:18:39,225 - INFO - [GINSLIB] processing : 2021/07/15 08:46:19 Q=0
2026-01-06 17:18:39,252 - INFO - [GINSLIB] processing : 2021/07/15 08:46:20 Q=0
2026-01-06 17:18:39,267 - INFO - [GINSLIB] processing : 2021/07/15 08:46:21 Q=0
2026-01-06 17:18:39,295 - INFO - [GINSLIB] processing : 2021/07/15 08:46:22 Q=0
2026-01-06 17:18:39,323 - INFO - [GINSLIB] processing : 2021/07/15 08:46:23 Q=0
2026-01-06 17:18:39,350 - INFO - [GINSLIB] processing : 2021/07/15 08:46:24 Q=0
2026-01-06 17:18:39,380 - INFO - [GINSLIB] processing : 2021/07/15 08:46:25 Q=0
2026-01-06 17:18:39,396 - INFO - [GINSLIB] processing : 2021/07/15 08:46:26 Q=0
2026-01-06 17:18:39,424 - INFO - [GINSLIB] processing : 2021/07/15 08:46:27 Q=0
2026-01-06 17:18:39,450 - INFO - [GINSLIB] processing : 2021/07/15 08:46:28 Q=0
2026-01-06 17:18:39,478 - INFO - [GINSLIB] processing : 2021/07/15 08:46:29 Q=0
2026-01-06 17:18:39,505 - INFO - [GINSLIB] processing : 2021/07/15 08:46:30 Q=0
2026-01-06 17:18:39,533 - INFO - [GINSLIB] processing : 2021/07/15 08:46:31 Q=0
2026-01-06 17:18:39,545 - INFO - [GINSLIB] processing : 2021/07/15 08:46:32 Q=0
2026-01-06 17:18:39,572 - INFO - [GINSLIB] processing : 2021/07/15 08:46:33 Q=0
2026-01-06 17:18:39,598 - INFO - [GINSLIB] processing : 2021/07/15 08:46:34 Q=0
2026-01-06 17:18:39,626 - INFO - [GINSLIB] processing : 2021/07/15 08:46:35 Q=0
2026-01-06 17:18:39,654 - INFO - [GINSLIB] processing : 2021/07/15 08:46:36 Q=0
2026-01-06 17:18:39,666 - INFO - [GINSLIB] processing : 2021/07/15 08:46:37 Q=0
2026-01-06 17:18:39,704 - INFO - [GINSLIB] processing : 2021/07/15 08:46:38 Q=0
2026-01-06 17:18:39,734 - INFO - [GINSLIB] processing : 2021/07/15 08:46:39 Q=0
2026-01-06 17:18:39,767 - INFO - [GINSLIB] processing : 2021/07/15 08:46:40 Q=0
2026-01-06 17:18:39,795 - INFO - [GINSLIB] processing : 2021/07/15 08:46:41 Q=0
2026-01-06 17:18:39,807 - INFO - [GINSLIB] processing : 2021/07/15 08:46:42 Q=0
2026-01-06 17:18:39,836 - INFO - [GINSLIB] processing : 2021/07/15 08:46:43 Q=0
2026-01-06 17:18:39,864 - INFO - [GINSLIB] processing : 2021/07/15 08:46:44 Q=0
2026-01-06 17:18:39,894 - INFO - [GINSLIB] processing : 2021/07/15 08:46:45 Q=0
2026-01-06 17:18:39,922 - INFO - [GINSLIB] processing : 2021/07/15 08:46:46 Q=0
2026-01-06 17:18:39,936 - INFO - [GINSLIB] processing : 2021/07/15 08:46:47 Q=0
2026-01-06 17:18:39,964 - INFO - [GINSLIB] processing : 2021/07/15 08:46:48 Q=0
2026-01-06 17:18:39,995 - INFO - [GINSLIB] processing : 2021/07/15 08:46:49 Q=0
2026-01-06 17:18:40,021 - INFO - [GINSLIB] processing : 2021/07/15 08:46:50 Q=0
2026-01-06 17:18:40,051 - INFO - [GINSLIB] processing : 2021/07/15 08:46:51 Q=0
2026-01-06 17:18:40,065 - INFO - [GINSLIB] processing : 2021/07/15 08:46:52 Q=0
2026-01-06 17:18:40,092 - INFO - [GINSLIB] processing : 2021/07/15 08:46:53 Q=0
2026-01-06 17:18:40,117 - INFO - [GINSLIB] processing : 2021/07/15 08:46:54 Q=0
2026-01-06 17:18:40,147 - INFO - [GINSLIB] processing : 2021/07/15 08:46:55 Q=0
2026-01-06 17:18:40,174 - INFO - [GINSLIB] processing : 2021/07/15 08:46:56 Q=0
2026-01-06 17:18:40,203 - INFO - [GINSLIB] processing : 2021/07/15 08:46:57 Q=0
2026-01-06 17:18:40,215 - INFO - [GINSLIB] processing : 2021/07/15 08:46:58 Q=0
2026-01-06 17:18:40,241 - INFO - [GINSLIB] processing : 2021/07/15 08:46:59 Q=0
2026-01-06 17:18:40,268 - INFO - [GINSLIB] processing : 2021/07/15 08:47:00 Q=0
2026-01-06 17:18:40,294 - INFO - [GINSLIB] processing : 2021/07/15 08:47:01 Q=0
2026-01-06 17:18:40,323 - INFO - [GINSLIB] processing : 2021/07/15 08:47:02 Q=0
2026-01-06 17:18:40,334 - INFO - [GINSLIB] processing : 2021/07/15 08:47:03 Q=0
2026-01-06 17:18:40,361 - INFO - [GINSLIB] processing : 2021/07/15 08:47:04 Q=0
2026-01-06 17:18:40,391 - INFO - [GINSLIB] processing : 2021/07/15 08:47:05 Q=0
2026-01-06 17:18:40,420 - INFO - [GINSLIB] processing : 2021/07/15 08:47:06 Q=0
2026-01-06 17:18:40,456 - INFO - [GINSLIB] processing : 2021/07/15 08:47:07 Q=0
2026-01-06 17:18:40,467 - INFO - [GINSLIB] processing : 2021/07/15 08:47:08 Q=0
2026-01-06 17:18:40,492 - INFO - [GINSLIB] processing : 2021/07/15 08:47:09 Q=0
2026-01-06 17:18:40,520 - INFO - [GINSLIB] processing : 2021/07/15 08:47:10 Q=0
2026-01-06 17:18:40,547 - INFO - [GINSLIB] processing : 2021/07/15 08:47:11 Q=0
2026-01-06 17:18:40,576 - INFO - [GINSLIB] processing : 2021/07/15 08:47:12 Q=0
2026-01-06 17:18:40,587 - INFO - [GINSLIB] processing : 2021/07/15 08:47:13 Q=0
2026-01-06 17:18:40,613 - INFO - [GINSLIB] processing : 2021/07/15 08:47:14 Q=0
2026-01-06 17:18:40,640 - INFO - [GINSLIB] processing : 2021/07/15 08:47:15 Q=0
2026-01-06 17:18:40,669 - INFO - [GINSLIB] processing : 2021/07/15 08:47:16 Q=0
2026-01-06 17:18:40,706 - INFO - [GINSLIB] processing : 2021/07/15 08:47:17 Q=0
2026-01-06 17:18:40,725 - INFO - [GINSLIB] processing : 2021/07/15 08:47:18 Q=0
2026-01-06 17:18:40,762 - INFO - [GINSLIB] processing : 2021/07/15 08:47:19 Q=0
2026-01-06 17:18:40,791 - INFO - [GINSLIB] processing : 2021/07/15 08:47:20 Q=0
2026-01-06 17:18:40,817 - INFO - [GINSLIB] processing : 2021/07/15 08:47:21 Q=0
2026-01-06 17:18:40,848 - INFO - [GINSLIB] processing : 2021/07/15 08:47:22 Q=0
2026-01-06 17:18:40,864 - INFO - [GINSLIB] processing : 2021/07/15 08:47:23 Q=0
2026-01-06 17:18:40,893 - INFO - [GINSLIB] processing : 2021/07/15 08:47:24 Q=0
2026-01-06 17:18:40,921 - INFO - [GINSLIB] processing : 2021/07/15 08:47:25 Q=0
2026-01-06 17:18:40,948 - INFO - [GINSLIB] processing : 2021/07/15 08:47:26 Q=0
2026-01-06 17:18:40,972 - INFO - [GINSLIB] processing : 2021/07/15 08:47:27 Q=0
2026-01-06 17:18:41,001 - INFO - [GINSLIB] processing : 2021/07/15 08:47:28 Q=0
2026-01-06 17:18:41,015 - INFO - [GINSLIB] processing : 2021/07/15 08:47:29 Q=0
2026-01-06 17:18:41,042 - INFO - [GINSLIB] processing : 2021/07/15 08:47:30 Q=0
2026-01-06 17:18:41,068 - INFO - [GINSLIB] processing : 2021/07/15 08:47:31 Q=0
2026-01-06 17:18:41,095 - INFO - [GINSLIB] processing : 2021/07/15 08:47:32 Q=0
2026-01-06 17:18:41,123 - INFO - [GINSLIB] processing : 2021/07/15 08:47:33 Q=0
2026-01-06 17:18:41,141 - INFO - [GINSLIB] processing : 2021/07/15 08:47:34 Q=0
2026-01-06 17:18:41,179 - INFO - [GINSLIB] processing : 2021/07/15 08:47:35 Q=0
2026-01-06 17:18:41,218 - INFO - [GINSLIB] processing : 2021/07/15 08:47:36 Q=0
2026-01-06 17:18:41,256 - INFO - [GINSLIB] processing : 2021/07/15 08:47:37 Q=0
2026-01-06 17:18:41,291 - INFO - [GINSLIB] processing : 2021/07/15 08:47:38 Q=0
2026-01-06 17:18:41,302 - INFO - [GINSLIB] processing : 2021/07/15 08:47:39 Q=0
2026-01-06 17:18:41,329 - INFO - [GINSLIB] processing : 2021/07/15 08:47:40 Q=0
2026-01-06 17:18:41,357 - INFO - [GINSLIB] processing : 2021/07/15 08:47:41 Q=0
2026-01-06 17:18:41,386 - INFO - [GINSLIB] processing : 2021/07/15 08:47:42 Q=0
2026-01-06 17:18:41,414 - INFO - [GINSLIB] processing : 2021/07/15 08:47:43 Q=0
2026-01-06 17:18:41,432 - INFO - [GINSLIB] processing : 2021/07/15 08:47:44 Q=0
2026-01-06 17:18:41,460 - INFO - [GINSLIB] processing : 2021/07/15 08:47:45 Q=0
2026-01-06 17:18:41,485 - INFO - [GINSLIB] processing : 2021/07/15 08:47:46 Q=0
2026-01-06 17:18:41,514 - INFO - [GINSLIB] processing : 2021/07/15 08:47:47 Q=0
2026-01-06 17:18:41,542 - INFO - [GINSLIB] processing : 2021/07/15 08:47:48 Q=0
2026-01-06 17:18:41,557 - INFO - [GINSLIB] processing : 2021/07/15 08:47:49 Q=0
2026-01-06 17:18:41,583 - INFO - [GINSLIB] processing : 2021/07/15 08:47:50 Q=0
2026-01-06 17:18:41,597 - INFO - [GINSLIB] INS initial alignment completed: 08:47:50.00  0377270.00!
2026-01-06 17:18:41,597 - INFO - [GINSLIB] processing : 2021/07/15 08:47:50 Q=5
2026-01-06 17:18:41,598 - INFO - [GINSLIB] processing : 2021/07/15 08:47:51 Q=5
2026-01-06 17:18:41,603 - INFO - [GINSLIB] processing : 2021/07/15 08:47:52 Q=5
2026-01-06 17:18:41,608 - INFO - [GINSLIB] processing : 2021/07/15 08:47:53 Q=5
2026-01-06 17:18:41,613 - INFO - [GINSLIB] processing : 2021/07/15 08:47:54 Q=5
2026-01-06 17:18:41,617 - INFO - [GINSLIB] processing : 2021/07/15 08:47:55 Q=5
2026-01-06 17:18:41,622 - INFO - [GINSLIB] processing : 2021/07/15 08:47:56 Q=5
2026-01-06 17:18:41,627 - INFO - [GINSLIB] processing : 2021/07/15 08:47:57 Q=5
2026-01-06 17:18:41,632 - INFO - [GINSLIB] processing : 2021/07/15 08:47:58 Q=5
2026-01-06 17:18:41,640 - INFO - [GINSLIB] processing : 2021/07/15 08:47:59 Q=5
2026-01-06 17:18:41,641 - INFO - [GINSLIB] processing : 2021/07/15 08:48:00 Q=5
2026-01-06 17:18:41,642 - INFO - [GINSLIB] processing : 2021/07/15 08:48:00 Q=7
2026-01-06 17:18:41,644 - INFO - [GINSLIB] processing : 2021/07/15 08:48:01 Q=7
2026-01-06 17:18:41,646 - INFO - [GINSLIB] processing : 2021/07/15 08:48:02 Q=7
2026-01-06 17:18:41,648 - INFO - [GINSLIB] processing : 2021/07/15 08:48:03 Q=7
2026-01-06 17:18:41,650 - INFO - [GINSLIB] processing : 2021/07/15 08:48:04 Q=7
2026-01-06 17:18:41,650 - INFO - [GINSLIB] processing : 2021/07/15 08:48:05 Q=7
2026-01-06 17:18:41,652 - INFO - [GINSLIB] processing : 2021/07/15 08:48:06 Q=7
2026-01-06 17:18:41,654 - INFO - [GINSLIB] processing : 2021/07/15 08:48:07 Q=7
2026-01-06 17:18:41,657 - INFO - [GINSLIB] processing : 2021/07/15 08:48:08 Q=7
2026-01-06 17:18:41,660 - INFO - [GINSLIB] processing : 2021/07/15 08:48:09 Q=7
2026-01-06 17:18:41,661 - INFO - [GINSLIB] processing : 2021/07/15 08:48:10 Q=7
2026-01-06 17:18:41,664 - INFO - [GINSLIB] processing : 2021/07/15 08:48:11 Q=7
2026-01-06 17:18:41,666 - INFO - [GINSLIB] processing : 2021/07/15 08:48:12 Q=7
2026-01-06 17:18:41,669 - INFO - [GINSLIB] processing : 2021/07/15 08:48:13 Q=7
2026-01-06 17:18:41,672 - INFO - [GINSLIB] processing : 2021/07/15 08:48:13 Q=5
2026-01-06 17:18:41,673 - INFO - [GINSLIB] processing : 2021/07/15 08:48:14 Q=5
2026-01-06 17:18:41,678 - INFO - [GINSLIB] processing : 2021/07/15 08:48:15 Q=5
2026-01-06 17:18:41,683 - INFO - [GINSLIB] processing : 2021/07/15 08:48:16 Q=5
2026-01-06 17:18:41,689 - INFO - [GINSLIB] processing : 2021/07/15 08:48:17 Q=5
2026-01-06 17:18:41,694 - INFO - [GINSLIB] processing : 2021/07/15 08:48:18 Q=5
2026-01-06 17:18:41,699 - INFO - [GINSLIB] processing : 2021/07/15 08:48:19 Q=5
2026-01-06 17:18:41,702 - INFO - [GINSLIB] processing : 2021/07/15 08:48:20 Q=5
2026-01-06 17:18:41,708 - INFO - [GINSLIB] processing : 2021/07/15 08:48:21 Q=5
2026-01-06 17:18:41,713 - INFO - [GINSLIB] processing : 2021/07/15 08:48:22 Q=5
2026-01-06 17:18:41,717 - INFO - [GINSLIB] processing : 2021/07/15 08:48:23 Q=5
2026-01-06 17:18:41,723 - INFO - [GINSLIB] processing : 2021/07/15 08:48:24 Q=5
2026-01-06 17:18:41,742 - INFO - [GINSLIB] processing : 2021/07/15 08:48:25 Q=5
2026-01-06 17:18:41,743 - INFO - [GINSLIB] processing : 2021/07/15 08:48:26 Q=5
2026-01-06 17:18:41,748 - INFO - [GINSLIB] processing : 2021/07/15 08:48:27 Q=5
2026-01-06 17:18:41,753 - INFO - [GINSLIB] processing : 2021/07/15 08:48:28 Q=5
2026-01-06 17:18:41,757 - INFO - [GINSLIB] processing : 2021/07/15 08:48:29 Q=5
2026-01-06 17:18:41,765 - INFO - [GINSLIB] processing : 2021/07/15 08:48:30 Q=5
2026-01-06 17:18:41,766 - INFO - [GINSLIB] processing : 2021/07/15 08:48:31 Q=5
2026-01-06 17:18:41,771 - INFO - [GINSLIB] processing : 2021/07/15 08:48:32 Q=5
2026-01-06 17:18:41,776 - INFO - [GINSLIB] processing : 2021/07/15 08:48:33 Q=5
2026-01-06 17:18:41,781 - INFO - [GINSLIB] processing : 2021/07/15 08:48:34 Q=5
2026-01-06 17:18:41,788 - INFO - [GINSLIB] processing : 2021/07/15 08:48:35 Q=5
2026-01-06 17:18:41,789 - INFO - [GINSLIB] processing : 2021/07/15 08:48:36 Q=5
2026-01-06 17:18:41,794 - INFO - [GINSLIB] processing : 2021/07/15 08:48:37 Q=5
2026-01-06 17:18:41,798 - INFO - [GINSLIB] processing : 2021/07/15 08:48:38 Q=5
2026-01-06 17:18:41,803 - INFO - [GINSLIB] processing : 2021/07/15 08:48:39 Q=5
2026-01-06 17:18:41,811 - INFO - [GINSLIB] processing : 2021/07/15 08:48:40 Q=5
2026-01-06 17:18:41,812 - INFO - [GINSLIB] processing : 2021/07/15 08:48:41 Q=5
2026-01-06 17:18:41,817 - INFO - [GINSLIB] processing : 2021/07/15 08:48:42 Q=5
2026-01-06 17:18:41,821 - INFO - [GINSLIB] processing : 2021/07/15 08:48:43 Q=5
2026-01-06 17:18:41,826 - INFO - [GINSLIB] processing : 2021/07/15 08:48:44 Q=5
2026-01-06 17:18:41,831 - INFO - [GINSLIB] processing : 2021/07/15 08:48:45 Q=5
2026-01-06 17:18:41,834 - INFO - [GINSLIB] processing : 2021/07/15 08:48:46 Q=5
2026-01-06 17:18:41,839 - INFO - [GINSLIB] processing : 2021/07/15 08:48:47 Q=5
2026-01-06 17:18:41,845 - INFO - [GINSLIB] processing : 2021/07/15 08:48:48 Q=5
2026-01-06 17:18:41,850 - INFO - [GINSLIB] processing : 2021/07/15 08:48:49 Q=5
2026-01-06 17:18:41,854 - INFO - [GINSLIB] processing : 2021/07/15 08:48:50 Q=5
2026-01-06 17:18:41,858 - INFO - [GINSLIB] processing : 2021/07/15 08:48:51 Q=5
2026-01-06 17:18:41,863 - INFO - [GINSLIB] processing : 2021/07/15 08:48:52 Q=5
2026-01-06 17:18:41,867 - INFO - [GINSLIB] processing : 2021/07/15 08:48:53 Q=5
2026-01-06 17:18:41,872 - INFO - [GINSLIB] processing : 2021/07/15 08:48:54 Q=5
2026-01-06 17:18:41,878 - INFO - [GINSLIB] processing : 2021/07/15 08:48:55 Q=5
2026-01-06 17:18:41,886 - INFO - [GINSLIB] processing : 2021/07/15 08:48:56 Q=5
2026-01-06 17:18:41,887 - INFO - [GINSLIB] processing : 2021/07/15 08:48:57 Q=5
2026-01-06 17:18:41,892 - INFO - [GINSLIB] processing : 2021/07/15 08:48:58 Q=5
2026-01-06 17:18:41,898 - INFO - [GINSLIB] processing : 2021/07/15 08:48:59 Q=5
2026-01-06 17:18:41,902 - INFO - [GINSLIB] processing : 2021/07/15 08:49:00 Q=5
2026-01-06 17:18:41,910 - INFO - [GINSLIB] processing : 2021/07/15 08:49:01 Q=5
2026-01-06 17:18:41,911 - INFO - [GINSLIB] processing : 2021/07/15 08:49:02 Q=5
2026-01-06 17:18:41,916 - INFO - [GINSLIB] processing : 2021/07/15 08:49:03 Q=5
2026-01-06 17:18:41,922 - INFO - [GINSLIB] processing : 2021/07/15 08:49:04 Q=5
2026-01-06 17:18:41,927 - INFO - [GINSLIB] processing : 2021/07/15 08:49:05 Q=5
2026-01-06 17:18:41,936 - INFO - [GINSLIB] processing : 2021/07/15 08:49:06 Q=5
2026-01-06 17:18:41,937 - INFO - [GINSLIB] processing : 2021/07/15 08:49:07 Q=5
2026-01-06 17:18:41,942 - INFO - [GINSLIB] processing : 2021/07/15 08:49:08 Q=5
2026-01-06 17:18:41,947 - INFO - [GINSLIB] processing : 2021/07/15 08:49:09 Q=5
2026-01-06 17:18:41,951 - INFO - [GINSLIB] processing : 2021/07/15 08:49:10 Q=5
2026-01-06 17:18:41,956 - INFO - [GINSLIB] processing : 2021/07/15 08:49:11 Q=5
2026-01-06 17:18:41,959 - INFO - [GINSLIB] processing : 2021/07/15 08:49:12 Q=5
2026-01-06 17:18:41,964 - INFO - [GINSLIB] processing : 2021/07/15 08:49:13 Q=5
2026-01-06 17:18:41,970 - INFO - [GINSLIB] processing : 2021/07/15 08:49:14 Q=5
2026-01-06 17:18:41,975 - INFO - [GINSLIB] processing : 2021/07/15 08:49:15 Q=5
2026-01-06 17:18:41,979 - INFO - [GINSLIB] processing : 2021/07/15 08:49:16 Q=5
2026-01-06 17:18:41,983 - INFO - [GINSLIB] processing : 2021/07/15 08:49:17 Q=5
2026-01-06 17:18:41,988 - INFO - [GINSLIB] processing : 2021/07/15 08:49:18 Q=5
2026-01-06 17:18:41,993 - INFO - [GINSLIB] processing : 2021/07/15 08:49:19 Q=5
2026-01-06 17:18:41,998 - INFO - [GINSLIB] processing : 2021/07/15 08:49:20 Q=5
2026-01-06 17:18:42,004 - INFO - [GINSLIB] processing : 2021/07/15 08:49:21 Q=5
2026-01-06 17:18:42,010 - INFO - [GINSLIB] processing : 2021/07/15 08:49:22 Q=5
2026-01-06 17:18:42,017 - INFO - [GINSLIB] processing : 2021/07/15 08:49:23 Q=5
2026-01-06 17:18:42,025 - INFO - [GINSLIB] processing : 2021/07/15 08:49:24 Q=5
2026-01-06 17:18:42,031 - INFO - [GINSLIB] processing : 2021/07/15 08:49:25 Q=5
2026-01-06 17:18:42,037 - INFO - [GINSLIB] processing : 2021/07/15 08:49:26 Q=5
2026-01-06 17:18:42,048 - INFO - [GINSLIB] processing : 2021/07/15 08:49:27 Q=5
2026-01-06 17:18:42,050 - INFO - [GINSLIB] processing : 2021/07/15 08:49:28 Q=5
2026-01-06 17:18:42,058 - INFO - [GINSLIB] processing : 2021/07/15 08:49:29 Q=5
2026-01-06 17:18:42,065 - INFO - [GINSLIB] processing : 2021/07/15 08:49:30 Q=5
2026-01-06 17:18:42,072 - INFO - [GINSLIB] processing : 2021/07/15 08:49:31 Q=5
2026-01-06 17:18:42,082 - INFO - [GINSLIB] processing : 2021/07/15 08:49:32 Q=5
2026-01-06 17:18:42,085 - INFO - [GINSLIB] processing : 2021/07/15 08:49:33 Q=5
2026-01-06 17:18:42,093 - INFO - [GINSLIB] processing : 2021/07/15 08:49:34 Q=5
2026-01-06 17:18:42,101 - INFO - [GINSLIB] processing : 2021/07/15 08:49:35 Q=5
2026-01-06 17:18:42,108 - INFO - [GINSLIB] processing : 2021/07/15 08:49:36 Q=5
2026-01-06 17:18:42,119 - INFO - [GINSLIB] processing : 2021/07/15 08:49:37 Q=5
2026-01-06 17:18:42,121 - INFO - [GINSLIB] processing : 2021/07/15 08:49:38 Q=5
2026-01-06 17:18:42,130 - INFO - [GINSLIB] processing : 2021/07/15 08:49:39 Q=5
2026-01-06 17:18:42,136 - INFO - [GINSLIB] processing : 2021/07/15 08:49:40 Q=5
2026-01-06 17:18:42,145 - INFO - [GINSLIB] processing : 2021/07/15 08:49:41 Q=5
2026-01-06 17:18:42,152 - INFO - [GINSLIB] processing : 2021/07/15 08:49:42 Q=5
2026-01-06 17:18:42,158 - INFO - [GINSLIB] processing : 2021/07/15 08:49:43 Q=5
2026-01-06 17:18:42,165 - INFO - [GINSLIB] processing : 2021/07/15 08:49:44 Q=5
2026-01-06 17:18:42,172 - INFO - [GINSLIB] processing : 2021/07/15 08:49:45 Q=5
2026-01-06 17:18:42,181 - INFO - [GINSLIB] processing : 2021/07/15 08:49:46 Q=5
2026-01-06 17:18:42,188 - INFO - [GINSLIB] processing : 2021/07/15 08:49:47 Q=5
2026-01-06 17:18:42,193 - INFO - [GINSLIB] processing : 2021/07/15 08:49:48 Q=5
2026-01-06 17:18:42,200 - INFO - [GINSLIB] processing : 2021/07/15 08:49:49 Q=5
2026-01-06 17:18:42,209 - INFO - [GINSLIB] processing : 2021/07/15 08:49:50 Q=5
2026-01-06 17:18:42,217 - INFO - [GINSLIB] processing : 2021/07/15 08:49:51 Q=5
2026-01-06 17:18:42,226 - INFO - [GINSLIB] processing : 2021/07/15 08:49:52 Q=5
2026-01-06 17:18:42,231 - INFO - [GINSLIB] processing : 2021/07/15 08:49:53 Q=5
2026-01-06 17:18:42,239 - INFO - [GINSLIB] processing : 2021/07/15 08:49:54 Q=5
2026-01-06 17:18:42,246 - INFO - [GINSLIB] processing : 2021/07/15 08:49:55 Q=5
2026-01-06 17:18:42,252 - INFO - [GINSLIB] processing : 2021/07/15 08:49:56 Q=5
2026-01-06 17:18:42,258 - INFO - [GINSLIB] processing : 2021/07/15 08:49:57 Q=5
2026-01-06 17:18:42,268 - INFO - [GINSLIB] processing : 2021/07/15 08:49:58 Q=5
2026-01-06 17:18:42,270 - INFO - [GINSLIB] processing : 2021/07/15 08:49:59 Q=5
2026-01-06 17:18:42,276 - INFO - [GINSLIB] processing : 2021/07/15 08:50:00 Q=5
2026-01-06 17:18:42,283 - INFO - [GINSLIB] processing : 2021/07/15 08:50:01 Q=5
2026-01-06 17:18:42,291 - INFO - [GINSLIB] processing : 2021/07/15 08:50:02 Q=5
2026-01-06 17:18:42,301 - INFO - [GINSLIB] processing : 2021/07/15 08:50:03 Q=5
2026-01-06 17:18:42,302 - INFO - [GINSLIB] processing : 2021/07/15 08:50:04 Q=5
2026-01-06 17:18:42,308 - INFO - [GINSLIB] processing : 2021/07/15 08:50:05 Q=5
2026-01-06 17:18:42,313 - INFO - [GINSLIB] processing : 2021/07/15 08:50:06 Q=5
2026-01-06 17:18:42,318 - INFO - [GINSLIB] processing : 2021/07/15 08:50:07 Q=5
2026-01-06 17:18:42,330 - INFO - [GINSLIB] processing : 2021/07/15 08:50:08 Q=5
2026-01-06 17:18:42,332 - INFO - [GINSLIB] processing : 2021/07/15 08:50:09 Q=5
2026-01-06 17:18:42,338 - INFO - [GINSLIB] processing : 2021/07/15 08:50:10 Q=5
2026-01-06 17:18:42,344 - INFO - [GINSLIB] processing : 2021/07/15 08:50:11 Q=5
2026-01-06 17:18:42,350 - INFO - [GINSLIB] processing : 2021/07/15 08:50:12 Q=5
2026-01-06 17:18:42,356 - INFO - [GINSLIB] processing : 2021/07/15 08:50:13 Q=5
2026-01-06 17:18:42,360 - INFO - [GINSLIB] processing : 2021/07/15 08:50:14 Q=5
2026-01-06 17:18:42,365 - INFO - [GINSLIB] processing : 2021/07/15 08:50:15 Q=5
2026-01-06 17:18:42,370 - INFO - [GINSLIB] processing : 2021/07/15 08:50:16 Q=5
2026-01-06 17:18:42,375 - INFO - [GINSLIB] processing : 2021/07/15 08:50:17 Q=5
2026-01-06 17:18:42,381 - INFO - [GINSLIB] processing : 2021/07/15 08:50:18 Q=5
2026-01-06 17:18:42,385 - INFO - [GINSLIB] processing : 2021/07/15 08:50:19 Q=5
2026-01-06 17:18:42,390 - INFO - [GINSLIB] processing : 2021/07/15 08:50:20 Q=5
2026-01-06 17:18:42,396 - INFO - [GINSLIB] processing : 2021/07/15 08:50:21 Q=5
2026-01-06 17:18:42,402 - INFO - [GINSLIB] processing : 2021/07/15 08:50:22 Q=5
2026-01-06 17:18:42,406 - INFO - [GINSLIB] processing : 2021/07/15 08:50:23 Q=5
2026-01-06 17:18:42,410 - INFO - [GINSLIB] processing : 2021/07/15 08:50:24 Q=5
2026-01-06 17:18:42,416 - INFO - [GINSLIB] processing : 2021/07/15 08:50:25 Q=5
2026-01-06 17:18:42,421 - INFO - [GINSLIB] processing : 2021/07/15 08:50:26 Q=5
2026-01-06 17:18:42,426 - INFO - [GINSLIB] processing : 2021/07/15 08:50:27 Q=5
2026-01-06 17:18:42,432 - INFO - [GINSLIB] processing : 2021/07/15 08:50:28 Q=5
2026-01-06 17:18:42,440 - INFO - [GINSLIB] processing : 2021/07/15 08:50:29 Q=5
2026-01-06 17:18:42,442 - INFO - [GINSLIB] processing : 2021/07/15 08:50:30 Q=5
2026-01-06 17:18:42,448 - INFO - [GINSLIB] processing : 2021/07/15 08:50:31 Q=5
2026-01-06 17:18:42,452 - INFO - [GINSLIB] processing : 2021/07/15 08:50:32 Q=5
2026-01-06 17:18:42,458 - INFO - [GINSLIB] processing : 2021/07/15 08:50:33 Q=5
2026-01-06 17:18:42,467 - INFO - [GINSLIB] processing : 2021/07/15 08:50:34 Q=5
2026-01-06 17:18:42,468 - INFO - [GINSLIB] processing : 2021/07/15 08:50:35 Q=5
2026-01-06 17:18:42,474 - INFO - [GINSLIB] processing : 2021/07/15 08:50:36 Q=5
2026-01-06 17:18:42,479 - INFO - [GINSLIB] processing : 2021/07/15 08:50:37 Q=5
2026-01-06 17:18:42,484 - INFO - [GINSLIB] processing : 2021/07/15 08:50:38 Q=5
2026-01-06 17:18:42,493 - INFO - [GINSLIB] processing : 2021/07/15 08:50:39 Q=5
2026-01-06 17:18:42,494 - INFO - [GINSLIB] processing : 2021/07/15 08:50:40 Q=5
2026-01-06 17:18:42,500 - INFO - [GINSLIB] processing : 2021/07/15 08:50:41 Q=5
2026-01-06 17:18:42,504 - INFO - [GINSLIB] processing : 2021/07/15 08:50:42 Q=5
2026-01-06 17:18:42,510 - INFO - [GINSLIB] processing : 2021/07/15 08:50:43 Q=5
2026-01-06 17:18:42,515 - INFO - [GINSLIB] processing : 2021/07/15 08:50:44 Q=5
2026-01-06 17:18:42,519 - INFO - [GINSLIB] processing : 2021/07/15 08:50:45 Q=5
2026-01-06 17:18:42,526 - INFO - [GINSLIB] processing : 2021/07/15 08:50:46 Q=5
2026-01-06 17:18:42,531 - INFO - [GINSLIB] processing : 2021/07/15 08:50:47 Q=5
2026-01-06 17:18:42,537 - INFO - [GINSLIB] processing : 2021/07/15 08:50:48 Q=5
2026-01-06 17:18:42,544 - INFO - [GINSLIB] processing : 2021/07/15 08:50:49 Q=5
2026-01-06 17:18:42,549 - INFO - [GINSLIB] processing : 2021/07/15 08:50:50 Q=5
2026-01-06 17:18:42,557 - INFO - [GINSLIB] processing : 2021/07/15 08:50:51 Q=5
2026-01-06 17:18:42,563 - INFO - [GINSLIB] processing : 2021/07/15 08:50:52 Q=5
2026-01-06 17:18:42,570 - INFO - [GINSLIB] processing : 2021/07/15 08:50:53 Q=5
2026-01-06 17:18:42,576 - INFO - [GINSLIB] processing : 2021/07/15 08:50:54 Q=5
2026-01-06 17:18:42,580 - INFO - [GINSLIB] processing : 2021/07/15 08:50:55 Q=5
2026-01-06 17:18:42,586 - INFO - [GINSLIB] processing : 2021/07/15 08:50:56 Q=5
2026-01-06 17:18:42,592 - INFO - [GINSLIB] processing : 2021/07/15 08:50:57 Q=5
2026-01-06 17:18:42,597 - INFO - [GINSLIB] processing : 2021/07/15 08:50:58 Q=5
2026-01-06 17:18:42,604 - INFO - [GINSLIB] processing : 2021/07/15 08:50:59 Q=5
2026-01-06 17:18:42,612 - INFO - [GINSLIB] processing : 2021/07/15 08:51:00 Q=5
2026-01-06 17:18:42,614 - INFO - [GINSLIB] processing : 2021/07/15 08:51:01 Q=5
2026-01-06 17:18:42,621 - INFO - [GINSLIB] processing : 2021/07/15 08:51:02 Q=5
2026-01-06 17:18:42,626 - INFO - [GINSLIB] processing : 2021/07/15 08:51:03 Q=5
2026-01-06 17:18:42,634 - INFO - [GINSLIB] processing : 2021/07/15 08:51:04 Q=5
2026-01-06 17:18:42,644 - INFO - [GINSLIB] processing : 2021/07/15 08:51:05 Q=5
2026-01-06 17:18:42,646 - INFO - [GINSLIB] processing : 2021/07/15 08:51:06 Q=5
2026-01-06 17:18:42,652 - INFO - [GINSLIB] processing : 2021/07/15 08:51:07 Q=5
2026-01-06 17:18:42,658 - INFO - [GINSLIB] processing : 2021/07/15 08:51:08 Q=5
2026-01-06 17:18:42,666 - INFO - [GINSLIB] processing : 2021/07/15 08:51:09 Q=5
2026-01-06 17:18:42,679 - INFO - [GINSLIB] processing : 2021/07/15 08:51:10 Q=5
2026-01-06 17:18:42,681 - INFO - [GINSLIB] processing : 2021/07/15 08:51:11 Q=5
2026-01-06 17:18:42,687 - INFO - [GINSLIB] processing : 2021/07/15 08:51:12 Q=5
2026-01-06 17:18:42,695 - INFO - [GINSLIB] processing : 2021/07/15 08:51:13 Q=5
2026-01-06 17:18:42,701 - INFO - [GINSLIB] processing : 2021/07/15 08:51:14 Q=5
2026-01-06 17:18:42,709 - INFO - [GINSLIB] processing : 2021/07/15 08:51:15 Q=5
2026-01-06 17:18:42,714 - INFO - [GINSLIB] processing : 2021/07/15 08:51:16 Q=5
2026-01-06 17:18:42,721 - INFO - [GINSLIB] processing : 2021/07/15 08:51:17 Q=5
2026-01-06 17:18:42,728 - INFO - [GINSLIB] processing : 2021/07/15 08:51:18 Q=5
2026-01-06 17:18:42,735 - INFO - [GINSLIB] processing : 2021/07/15 08:51:19 Q=5
2026-01-06 17:18:42,741 - INFO - [GINSLIB] processing : 2021/07/15 08:51:20 Q=5
2026-01-06 17:18:42,746 - INFO - [GINSLIB] processing : 2021/07/15 08:51:21 Q=5
2026-01-06 17:18:42,752 - INFO - [GINSLIB] processing : 2021/07/15 08:51:22 Q=5
2026-01-06 17:18:42,759 - INFO - [GINSLIB] processing : 2021/07/15 08:51:23 Q=5
2026-01-06 17:18:42,765 - INFO - [GINSLIB] processing : 2021/07/15 08:51:24 Q=5
2026-01-06 17:18:42,772 - INFO - [GINSLIB] processing : 2021/07/15 08:51:25 Q=5
2026-01-06 17:18:42,780 - INFO - [GINSLIB] processing : 2021/07/15 08:51:26 Q=5
2026-01-06 17:18:42,782 - INFO - [GINSLIB] processing : 2021/07/15 08:51:27 Q=5
2026-01-06 17:18:42,788 - INFO - [GINSLIB] processing : 2021/07/15 08:51:28 Q=5
2026-01-06 17:18:42,794 - INFO - [GINSLIB] processing : 2021/07/15 08:51:29 Q=5
2026-01-06 17:18:42,800 - INFO - [GINSLIB] processing : 2021/07/15 08:51:30 Q=5
2026-01-06 17:18:42,809 - INFO - [GINSLIB] processing : 2021/07/15 08:51:31 Q=5
2026-01-06 17:18:42,810 - INFO - [GINSLIB] processing : 2021/07/15 08:51:32 Q=5
2026-01-06 17:18:42,816 - INFO - [GINSLIB] processing : 2021/07/15 08:51:33 Q=5
2026-01-06 17:18:42,821 - INFO - [GINSLIB] processing : 2021/07/15 08:51:34 Q=5
2026-01-06 17:18:42,827 - INFO - [GINSLIB] processing : 2021/07/15 08:51:35 Q=5
2026-01-06 17:18:42,836 - INFO - [GINSLIB] processing : 2021/07/15 08:51:36 Q=5
2026-01-06 17:18:42,837 - INFO - [GINSLIB] processing : 2021/07/15 08:51:37 Q=5
2026-01-06 17:18:42,844 - INFO - [GINSLIB] processing : 2021/07/15 08:51:38 Q=5
2026-01-06 17:18:42,850 - INFO - [GINSLIB] processing : 2021/07/15 08:51:39 Q=5
2026-01-06 17:18:42,856 - INFO - [GINSLIB] processing : 2021/07/15 08:51:40 Q=5
2026-01-06 17:18:42,866 - INFO - [GINSLIB] processing : 2021/07/15 08:51:41 Q=5
2026-01-06 17:18:42,867 - INFO - [GINSLIB] processing : 2021/07/15 08:51:42 Q=5
2026-01-06 17:18:42,872 - INFO - [GINSLIB] processing : 2021/07/15 08:51:43 Q=5
2026-01-06 17:18:42,880 - INFO - [GINSLIB] processing : 2021/07/15 08:51:44 Q=5
2026-01-06 17:18:42,885 - INFO - [GINSLIB] processing : 2021/07/15 08:51:45 Q=5
2026-01-06 17:18:42,892 - INFO - [GINSLIB] processing : 2021/07/15 08:51:46 Q=5
2026-01-06 17:18:42,896 - INFO - [GINSLIB] processing : 2021/07/15 08:51:47 Q=5
2026-01-06 17:18:42,901 - INFO - [GINSLIB] processing : 2021/07/15 08:51:48 Q=5
2026-01-06 17:18:42,907 - INFO - [GINSLIB] processing : 2021/07/15 08:51:49 Q=5
2026-01-06 17:18:42,914 - INFO - [GINSLIB] processing : 2021/07/15 08:51:50 Q=5
2026-01-06 17:18:42,918 - INFO - [GINSLIB] processing : 2021/07/15 08:51:51 Q=5
2026-01-06 17:18:42,924 - INFO - [GINSLIB] processing : 2021/07/15 08:51:52 Q=5
2026-01-06 17:18:42,930 - INFO - [GINSLIB] processing : 2021/07/15 08:51:53 Q=5
2026-01-06 17:18:42,934 - INFO - [GINSLIB] processing : 2021/07/15 08:51:54 Q=5
2026-01-06 17:18:42,941 - INFO - [GINSLIB] processing : 2021/07/15 08:51:55 Q=5
2026-01-06 17:18:42,947 - INFO - [GINSLIB] processing : 2021/07/15 08:51:56 Q=5
2026-01-06 17:18:42,955 - INFO - [GINSLIB] processing : 2021/07/15 08:51:57 Q=5
2026-01-06 17:18:42,956 - INFO - [GINSLIB] processing : 2021/07/15 08:51:58 Q=5
2026-01-06 17:18:42,962 - INFO - [GINSLIB] processing : 2021/07/15 08:51:59 Q=5
2026-01-06 17:18:42,967 - INFO - [GINSLIB] processing : 2021/07/15 08:52:00 Q=5
2026-01-06 17:18:42,974 - INFO - [GINSLIB] processing : 2021/07/15 08:52:01 Q=5
2026-01-06 17:18:42,982 - INFO - [GINSLIB] processing : 2021/07/15 08:52:02 Q=5
2026-01-06 17:18:42,983 - INFO - [GINSLIB] processing : 2021/07/15 08:52:03 Q=5
2026-01-06 17:18:42,989 - INFO - [GINSLIB] processing : 2021/07/15 08:52:04 Q=5
2026-01-06 17:18:42,994 - INFO - [GINSLIB] processing : 2021/07/15 08:52:05 Q=5
2026-01-06 17:18:42,999 - INFO - [GINSLIB] processing : 2021/07/15 08:52:06 Q=5
2026-01-06 17:18:43,006 - INFO - [GINSLIB] processing : 2021/07/15 08:52:07 Q=5
2026-01-06 17:18:43,008 - INFO - [GINSLIB] processing : 2021/07/15 08:52:08 Q=5
2026-01-06 17:18:43,013 - INFO - [GINSLIB] processing : 2021/07/15 08:52:09 Q=5
2026-01-06 17:18:43,018 - INFO - [GINSLIB] processing : 2021/07/15 08:52:10 Q=5
2026-01-06 17:18:43,024 - INFO - [GINSLIB] processing : 2021/07/15 08:52:11 Q=5
2026-01-06 17:18:43,029 - INFO - [GINSLIB] processing : 2021/07/15 08:52:12 Q=5
2026-01-06 17:18:43,034 - INFO - [GINSLIB] processing : 2021/07/15 08:52:13 Q=5
2026-01-06 17:18:43,040 - INFO - [GINSLIB] processing : 2021/07/15 08:52:14 Q=5
2026-01-06 17:18:43,045 - INFO - [GINSLIB] processing : 2021/07/15 08:52:15 Q=5
2026-01-06 17:18:43,050 - INFO - [GINSLIB] processing : 2021/07/15 08:52:16 Q=5
2026-01-06 17:18:43,055 - INFO - [GINSLIB] processing : 2021/07/15 08:52:17 Q=5
2026-01-06 17:18:43,060 - INFO - [GINSLIB] processing : 2021/07/15 08:52:18 Q=5
2026-01-06 17:18:43,066 - INFO - [GINSLIB] processing : 2021/07/15 08:52:19 Q=5
2026-01-06 17:18:43,071 - INFO - [GINSLIB] processing : 2021/07/15 08:52:20 Q=5
2026-01-06 17:18:43,077 - INFO - [GINSLIB] processing : 2021/07/15 08:52:21 Q=5
2026-01-06 17:18:43,082 - INFO - [GINSLIB] processing : 2021/07/15 08:52:22 Q=5
2026-01-06 17:18:43,085 - INFO - [GINSLIB] processing : 2021/07/15 08:52:23 Q=5
2026-01-06 17:18:43,091 - INFO - [GINSLIB] processing : 2021/07/15 08:52:24 Q=5
2026-01-06 17:18:43,097 - INFO - [GINSLIB] processing : 2021/07/15 08:52:25 Q=5
2026-01-06 17:18:43,102 - INFO - [GINSLIB] processing : 2021/07/15 08:52:26 Q=5
2026-01-06 17:18:43,108 - INFO - [GINSLIB] processing : 2021/07/15 08:52:27 Q=5
2026-01-06 17:18:43,115 - INFO - [GINSLIB] processing : 2021/07/15 08:52:28 Q=5
2026-01-06 17:18:43,116 - INFO - [GINSLIB] processing : 2021/07/15 08:52:29 Q=5
2026-01-06 17:18:43,123 - INFO - [GINSLIB] processing : 2021/07/15 08:52:30 Q=5
2026-01-06 17:18:43,129 - INFO - [GINSLIB] processing : 2021/07/15 08:52:31 Q=5
2026-01-06 17:18:43,134 - INFO - [GINSLIB] processing : 2021/07/15 08:52:32 Q=5
2026-01-06 17:18:43,143 - INFO - [GINSLIB] processing : 2021/07/15 08:52:33 Q=5
2026-01-06 17:18:43,144 - INFO - [GINSLIB] processing : 2021/07/15 08:52:34 Q=5
2026-01-06 17:18:43,150 - INFO - [GINSLIB] processing : 2021/07/15 08:52:35 Q=5
2026-01-06 17:18:43,155 - INFO - [GINSLIB] processing : 2021/07/15 08:52:36 Q=5
2026-01-06 17:18:43,161 - INFO - [GINSLIB] processing : 2021/07/15 08:52:37 Q=5
2026-01-06 17:18:43,170 - INFO - [GINSLIB] processing : 2021/07/15 08:52:38 Q=5
2026-01-06 17:18:43,171 - INFO - [GINSLIB] processing : 2021/07/15 08:52:39 Q=5
2026-01-06 17:18:43,177 - INFO - [GINSLIB] processing : 2021/07/15 08:52:40 Q=5
2026-01-06 17:18:43,182 - INFO - [GINSLIB] processing : 2021/07/15 08:52:41 Q=5
2026-01-06 17:18:43,188 - INFO - [GINSLIB] processing : 2021/07/15 08:52:42 Q=5
2026-01-06 17:18:43,193 - INFO - [GINSLIB] processing : 2021/07/15 08:52:43 Q=5
2026-01-06 17:18:43,198 - INFO - [GINSLIB] processing : 2021/07/15 08:52:44 Q=5
2026-01-06 17:18:43,204 - INFO - [GINSLIB] processing : 2021/07/15 08:52:45 Q=5
2026-01-06 17:18:43,210 - INFO - [GINSLIB] processing : 2021/07/15 08:52:46 Q=5
2026-01-06 17:18:43,215 - INFO - [GINSLIB] processing : 2021/07/15 08:52:47 Q=5
2026-01-06 17:18:43,221 - INFO - [GINSLIB] processing : 2021/07/15 08:52:48 Q=5
2026-01-06 17:18:43,225 - INFO - [GINSLIB] processing : 2021/07/15 08:52:49 Q=5
2026-01-06 17:18:43,231 - INFO - [GINSLIB] processing : 2021/07/15 08:52:50 Q=5
2026-01-06 17:18:43,236 - INFO - [GINSLIB] processing : 2021/07/15 08:52:51 Q=5
2026-01-06 17:18:43,242 - INFO - [GINSLIB] processing : 2021/07/15 08:52:52 Q=5
2026-01-06 17:18:43,248 - INFO - [GINSLIB] processing : 2021/07/15 08:52:53 Q=5
2026-01-06 17:18:43,253 - INFO - [GINSLIB] processing : 2021/07/15 08:52:54 Q=5
2026-01-06 17:18:43,259 - INFO - [GINSLIB] processing : 2021/07/15 08:52:55 Q=5
2026-01-06 17:18:43,264 - INFO - [GINSLIB] processing : 2021/07/15 08:52:56 Q=5
2026-01-06 17:18:43,269 - INFO - [GINSLIB] processing : 2021/07/15 08:52:57 Q=5
2026-01-06 17:18:43,274 - INFO - [GINSLIB] processing : 2021/07/15 08:52:58 Q=5
2026-01-06 17:18:43,284 - INFO - [GINSLIB] processing : 2021/07/15 08:52:59 Q=5
2026-01-06 17:18:43,285 - INFO - [GINSLIB] processing : 2021/07/15 08:53:00 Q=5
2026-01-06 17:18:43,291 - INFO - [GINSLIB] processing : 2021/07/15 08:53:01 Q=5
2026-01-06 17:18:43,297 - INFO - [GINSLIB] processing : 2021/07/15 08:53:02 Q=5
2026-01-06 17:18:43,302 - INFO - [GINSLIB] processing : 2021/07/15 08:53:03 Q=5
2026-01-06 17:18:43,311 - INFO - [GINSLIB] processing : 2021/07/15 08:53:04 Q=5
2026-01-06 17:18:43,312 - INFO - [GINSLIB] processing : 2021/07/15 08:53:05 Q=5
2026-01-06 17:18:43,317 - INFO - [GINSLIB] processing : 2021/07/15 08:53:06 Q=5
2026-01-06 17:18:43,323 - INFO - [GINSLIB] processing : 2021/07/15 08:53:07 Q=5
2026-01-06 17:18:43,329 - INFO - [GINSLIB] processing : 2021/07/15 08:53:08 Q=5
2026-01-06 17:18:43,337 - INFO - [GINSLIB] processing : 2021/07/15 08:53:09 Q=5
2026-01-06 17:18:43,338 - INFO - [GINSLIB] processing : 2021/07/15 08:53:10 Q=5
2026-01-06 17:18:43,345 - INFO - [GINSLIB] processing : 2021/07/15 08:53:11 Q=5
2026-01-06 17:18:43,350 - INFO - [GINSLIB] processing : 2021/07/15 08:53:12 Q=5
2026-01-06 17:18:43,355 - INFO - [GINSLIB] processing : 2021/07/15 08:53:13 Q=5
2026-01-06 17:18:43,361 - INFO - [GINSLIB] processing : 2021/07/15 08:53:14 Q=5
2026-01-06 17:18:43,366 - INFO - [GINSLIB] processing : 2021/07/15 08:53:15 Q=5
2026-01-06 17:18:43,370 - INFO - [GINSLIB] processing : 2021/07/15 08:53:16 Q=5
2026-01-06 17:18:43,376 - INFO - [GINSLIB] processing : 2021/07/15 08:53:17 Q=5
2026-01-06 17:18:43,381 - INFO - [GINSLIB] processing : 2021/07/15 08:53:18 Q=5
2026-01-06 17:18:43,386 - INFO - [GINSLIB] processing : 2021/07/15 08:53:19 Q=5
2026-01-06 17:18:43,391 - INFO - [GINSLIB] processing : 2021/07/15 08:53:20 Q=5
2026-01-06 17:18:43,397 - INFO - [GINSLIB] processing : 2021/07/15 08:53:21 Q=5
2026-01-06 17:18:43,402 - INFO - [GINSLIB] processing : 2021/07/15 08:53:22 Q=5
2026-01-06 17:18:43,407 - INFO - [GINSLIB] processing : 2021/07/15 08:53:23 Q=5
2026-01-06 17:18:43,413 - INFO - [GINSLIB] processing : 2021/07/15 08:53:24 Q=5
2026-01-06 17:18:43,417 - INFO - [GINSLIB] processing : 2021/07/15 08:53:25 Q=5
2026-01-06 17:18:43,422 - INFO - [GINSLIB] processing : 2021/07/15 08:53:26 Q=5
2026-01-06 17:18:43,429 - INFO - [GINSLIB] processing : 2021/07/15 08:53:27 Q=5
2026-01-06 17:18:43,434 - INFO - [GINSLIB] processing : 2021/07/15 08:53:28 Q=5
2026-01-06 17:18:43,439 - INFO - [GINSLIB] processing : 2021/07/15 08:53:29 Q=5
2026-01-06 17:18:43,448 - INFO - [GINSLIB] processing : 2021/07/15 08:53:30 Q=5
2026-01-06 17:18:43,449 - INFO - [GINSLIB] processing : 2021/07/15 08:53:31 Q=5
2026-01-06 17:18:43,454 - INFO - [GINSLIB] processing : 2021/07/15 08:53:32 Q=5
2026-01-06 17:18:43,461 - INFO - [GINSLIB] processing : 2021/07/15 08:53:33 Q=5
2026-01-06 17:18:43,466 - INFO - [GINSLIB] processing : 2021/07/15 08:53:34 Q=5
2026-01-06 17:18:43,475 - INFO - [GINSLIB] processing : 2021/07/15 08:53:35 Q=5
2026-01-06 17:18:43,476 - INFO - [GINSLIB] processing : 2021/07/15 08:53:36 Q=5
2026-01-06 17:18:43,481 - INFO - [GINSLIB] processing : 2021/07/15 08:53:37 Q=5
2026-01-06 17:18:43,486 - INFO - [GINSLIB] processing : 2021/07/15 08:53:38 Q=5
2026-01-06 17:18:43,492 - INFO - [GINSLIB] processing : 2021/07/15 08:53:39 Q=5
2026-01-06 17:18:43,500 - INFO - [GINSLIB] processing : 2021/07/15 08:53:40 Q=5
2026-01-06 17:18:43,501 - INFO - [GINSLIB] processing : 2021/07/15 08:53:41 Q=5
2026-01-06 17:18:43,507 - INFO - [GINSLIB] processing : 2021/07/15 08:53:42 Q=5
2026-01-06 17:18:43,512 - INFO - [GINSLIB] processing : 2021/07/15 08:53:43 Q=5
2026-01-06 17:18:43,517 - INFO - [GINSLIB] processing : 2021/07/15 08:53:44 Q=5
2026-01-06 17:18:43,523 - INFO - [GINSLIB] processing : 2021/07/15 08:53:45 Q=5
2026-01-06 17:18:43,528 - INFO - [GINSLIB] processing : 2021/07/15 08:53:46 Q=5
2026-01-06 17:18:43,533 - INFO - [GINSLIB] processing : 2021/07/15 08:53:47 Q=5
2026-01-06 17:18:43,539 - INFO - [GINSLIB] processing : 2021/07/15 08:53:48 Q=5
2026-01-06 17:18:43,544 - INFO - [GINSLIB] processing : 2021/07/15 08:53:49 Q=5
2026-01-06 17:18:43,550 - INFO - [GINSLIB] processing : 2021/07/15 08:53:50 Q=5
2026-01-06 17:18:43,555 - INFO - [GINSLIB] processing : 2021/07/15 08:53:51 Q=5
2026-01-06 17:18:43,560 - INFO - [GINSLIB] processing : 2021/07/15 08:53:52 Q=5
2026-01-06 17:18:43,566 - INFO - [GINSLIB] processing : 2021/07/15 08:53:53 Q=5
2026-01-06 17:18:43,570 - INFO - [GINSLIB] processing : 2021/07/15 08:53:54 Q=5
2026-01-06 17:18:43,576 - INFO - [GINSLIB] processing : 2021/07/15 08:53:55 Q=5
2026-01-06 17:18:43,579 - INFO - [GINSLIB] processing : 2021/07/15 08:53:56 Q=5
2026-01-06 17:18:43,585 - INFO - [GINSLIB] processing : 2021/07/15 08:53:57 Q=5
2026-01-06 17:18:43,590 - INFO - [GINSLIB] processing : 2021/07/15 08:53:58 Q=5
2026-01-06 17:18:43,595 - INFO - [GINSLIB] processing : 2021/07/15 08:53:59 Q=5
2026-01-06 17:18:43,600 - INFO - [GINSLIB] processing : 2021/07/15 08:54:00 Q=5
2026-01-06 17:18:43,608 - INFO - [GINSLIB] processing : 2021/07/15 08:54:01 Q=5
2026-01-06 17:18:43,609 - INFO - [GINSLIB] processing : 2021/07/15 08:54:02 Q=5
2026-01-06 17:18:43,615 - INFO - [GINSLIB] processing : 2021/07/15 08:54:03 Q=5
2026-01-06 17:18:43,620 - INFO - [GINSLIB] processing : 2021/07/15 08:54:04 Q=5
2026-01-06 17:18:43,625 - INFO - [GINSLIB] processing : 2021/07/15 08:54:05 Q=5
2026-01-06 17:18:43,634 - INFO - [GINSLIB] processing : 2021/07/15 08:54:06 Q=5
2026-01-06 17:18:43,635 - INFO - [GINSLIB] processing : 2021/07/15 08:54:07 Q=5
2026-01-06 17:18:43,640 - INFO - [GINSLIB] processing : 2021/07/15 08:54:08 Q=5
2026-01-06 17:18:43,645 - INFO - [GINSLIB] processing : 2021/07/15 08:54:09 Q=5
2026-01-06 17:18:43,650 - INFO - [GINSLIB] processing : 2021/07/15 08:54:10 Q=5
2026-01-06 17:18:43,658 - INFO - [GINSLIB] processing : 2021/07/15 08:54:11 Q=5
2026-01-06 17:18:43,660 - INFO - [GINSLIB] processing : 2021/07/15 08:54:12 Q=5
2026-01-06 17:18:43,667 - INFO - [GINSLIB] processing : 2021/07/15 08:54:13 Q=5
2026-01-06 17:18:43,673 - INFO - [GINSLIB] processing : 2021/07/15 08:54:14 Q=5
2026-01-06 17:18:43,679 - INFO - [GINSLIB] processing : 2021/07/15 08:54:15 Q=5
2026-01-06 17:18:43,685 - INFO - [GINSLIB] processing : 2021/07/15 08:54:16 Q=5
2026-01-06 17:18:43,689 - INFO - [GINSLIB] processing : 2021/07/15 08:54:17 Q=5
2026-01-06 17:18:43,695 - INFO - [GINSLIB] processing : 2021/07/15 08:54:18 Q=5
2026-01-06 17:18:43,700 - INFO - [GINSLIB] processing : 2021/07/15 08:54:19 Q=5
2026-01-06 17:18:43,705 - INFO - [GINSLIB] processing : 2021/07/15 08:54:20 Q=5
2026-01-06 17:18:43,711 - INFO - [GINSLIB] processing : 2021/07/15 08:54:21 Q=5
2026-01-06 17:18:43,715 - INFO - [GINSLIB] processing : 2021/07/15 08:54:22 Q=5
2026-01-06 17:18:43,721 - INFO - [GINSLIB] processing : 2021/07/15 08:54:23 Q=5
2026-01-06 17:18:43,727 - INFO - [GINSLIB] processing : 2021/07/15 08:54:24 Q=5
2026-01-06 17:18:43,733 - INFO - [GINSLIB] processing : 2021/07/15 08:54:25 Q=5
2026-01-06 17:18:43,738 - INFO - [GINSLIB] processing : 2021/07/15 08:54:26 Q=5
2026-01-06 17:18:43,746 - INFO - [GINSLIB] processing : 2021/07/15 08:54:27 Q=5
2026-01-06 17:18:43,748 - INFO - [GINSLIB] processing : 2021/07/15 08:54:28 Q=5
2026-01-06 17:18:43,754 - INFO - [GINSLIB] processing : 2021/07/15 08:54:29 Q=5
2026-01-06 17:18:43,759 - INFO - [GINSLIB] processing : 2021/07/15 08:54:30 Q=5
2026-01-06 17:18:43,765 - INFO - [GINSLIB] processing : 2021/07/15 08:54:31 Q=5
2026-01-06 17:18:43,774 - INFO - [GINSLIB] processing : 2021/07/15 08:54:32 Q=5
2026-01-06 17:18:43,775 - INFO - [GINSLIB] processing : 2021/07/15 08:54:33 Q=5
2026-01-06 17:18:43,780 - INFO - [GINSLIB] processing : 2021/07/15 08:54:34 Q=5
2026-01-06 17:18:43,785 - INFO - [GINSLIB] processing : 2021/07/15 08:54:35 Q=5
2026-01-06 17:18:43,791 - INFO - [GINSLIB] processing : 2021/07/15 08:54:36 Q=5
2026-01-06 17:18:43,800 - INFO - [GINSLIB] processing : 2021/07/15 08:54:37 Q=5
2026-01-06 17:18:43,801 - INFO - [GINSLIB] processing : 2021/07/15 08:54:38 Q=5
2026-01-06 17:18:43,806 - INFO - [GINSLIB] processing : 2021/07/15 08:54:39 Q=5
2026-01-06 17:18:43,812 - INFO - [GINSLIB] processing : 2021/07/15 08:54:40 Q=5
2026-01-06 17:18:43,816 - INFO - [GINSLIB] processing : 2021/07/15 08:54:41 Q=5
2026-01-06 17:18:43,825 - INFO - [GINSLIB] processing : 2021/07/15 08:54:42 Q=5
2026-01-06 17:18:43,827 - INFO - [GINSLIB] processing : 2021/07/15 08:54:43 Q=5
2026-01-06 17:18:43,834 - INFO - [GINSLIB] processing : 2021/07/15 08:54:44 Q=5
2026-01-06 17:18:43,839 - INFO - [GINSLIB] processing : 2021/07/15 08:54:45 Q=5
2026-01-06 17:18:43,846 - INFO - [GINSLIB] processing : 2021/07/15 08:54:46 Q=5
2026-01-06 17:18:43,851 - INFO - [GINSLIB] processing : 2021/07/15 08:54:47 Q=5
2026-01-06 17:18:43,856 - INFO - [GINSLIB] processing : 2021/07/15 08:54:48 Q=5
2026-01-06 17:18:43,862 - INFO - [GINSLIB] processing : 2021/07/15 08:54:49 Q=5
2026-01-06 17:18:43,867 - INFO - [GINSLIB] processing : 2021/07/15 08:54:50 Q=5
2026-01-06 17:18:43,873 - INFO - [GINSLIB] processing : 2021/07/15 08:54:51 Q=5
2026-01-06 17:18:43,878 - INFO - [GINSLIB] processing : 2021/07/15 08:54:52 Q=5
2026-01-06 17:18:43,882 - INFO - [GINSLIB] processing : 2021/07/15 08:54:53 Q=5
2026-01-06 17:18:43,887 - INFO - [GINSLIB] processing : 2021/07/15 08:54:54 Q=5
2026-01-06 17:18:43,892 - INFO - [GINSLIB] processing : 2021/07/15 08:54:55 Q=5
2026-01-06 17:18:43,897 - INFO - [GINSLIB] processing : 2021/07/15 08:54:56 Q=5
2026-01-06 17:18:43,902 - INFO - [GINSLIB] processing : 2021/07/15 08:54:57 Q=5
2026-01-06 17:18:43,912 - INFO - [GINSLIB] processing : 2021/07/15 08:54:58 Q=5
2026-01-06 17:18:43,913 - INFO - [GINSLIB] processing : 2021/07/15 08:54:59 Q=5
2026-01-06 17:18:43,919 - INFO - [GINSLIB] processing : 2021/07/15 08:55:00 Q=5
2026-01-06 17:18:43,924 - INFO - [GINSLIB] processing : 2021/07/15 08:55:01 Q=5
2026-01-06 17:18:43,928 - INFO - [GINSLIB] processing : 2021/07/15 08:55:02 Q=5
2026-01-06 17:18:43,937 - INFO - [GINSLIB] processing : 2021/07/15 08:55:03 Q=5
2026-01-06 17:18:43,939 - INFO - [GINSLIB] processing : 2021/07/15 08:55:04 Q=5
2026-01-06 17:18:43,945 - INFO - [GINSLIB] processing : 2021/07/15 08:55:05 Q=5
2026-01-06 17:18:43,950 - INFO - [GINSLIB] processing : 2021/07/15 08:55:06 Q=5
2026-01-06 17:18:43,955 - INFO - [GINSLIB] processing : 2021/07/15 08:55:07 Q=5
2026-01-06 17:18:43,963 - INFO - [GINSLIB] processing : 2021/07/15 08:55:08 Q=5
2026-01-06 17:18:43,965 - INFO - [GINSLIB] processing : 2021/07/15 08:55:09 Q=5
2026-01-06 17:18:43,971 - INFO - [GINSLIB] processing : 2021/07/15 08:55:10 Q=5
2026-01-06 17:18:43,976 - INFO - [GINSLIB] processing : 2021/07/15 08:55:11 Q=5
2026-01-06 17:18:43,981 - INFO - [GINSLIB] processing : 2021/07/15 08:55:12 Q=5
2026-01-06 17:18:43,986 - INFO - [GINSLIB] processing : 2021/07/15 08:55:13 Q=5
2026-01-06 17:18:43,990 - INFO - [GINSLIB] processing : 2021/07/15 08:55:14 Q=5
2026-01-06 17:18:43,995 - INFO - [GINSLIB] processing : 2021/07/15 08:55:15 Q=5
2026-01-06 17:18:44,001 - INFO - [GINSLIB] processing : 2021/07/15 08:55:16 Q=5
2026-01-06 17:18:44,005 - INFO - [GINSLIB] processing : 2021/07/15 08:55:17 Q=5
2026-01-06 17:18:44,011 - INFO - [GINSLIB] processing : 2021/07/15 08:55:18 Q=5
2026-01-06 17:18:44,016 - INFO - [GINSLIB] processing : 2021/07/15 08:55:19 Q=5
2026-01-06 17:18:44,021 - INFO - [GINSLIB] processing : 2021/07/15 08:55:20 Q=5
2026-01-06 17:18:44,026 - INFO - [GINSLIB] processing : 2021/07/15 08:55:21 Q=5
2026-01-06 17:18:44,031 - INFO - [GINSLIB] processing : 2021/07/15 08:55:22 Q=5
2026-01-06 17:18:44,036 - INFO - [GINSLIB] processing : 2021/07/15 08:55:23 Q=5
2026-01-06 17:18:44,041 - INFO - [GINSLIB] processing : 2021/07/15 08:55:24 Q=5
2026-01-06 17:18:44,047 - INFO - [GINSLIB] processing : 2021/07/15 08:55:25 Q=5
2026-01-06 17:18:44,052 - INFO - [GINSLIB] processing : 2021/07/15 08:55:26 Q=5
2026-01-06 17:18:44,059 - INFO - [GINSLIB] processing : 2021/07/15 08:55:27 Q=5
2026-01-06 17:18:44,066 - INFO - [GINSLIB] processing : 2021/07/15 08:55:28 Q=5
2026-01-06 17:18:44,074 - INFO - [GINSLIB] processing : 2021/07/15 08:55:29 Q=5
2026-01-06 17:18:44,075 - INFO - [GINSLIB] processing : 2021/07/15 08:55:30 Q=5
2026-01-06 17:18:44,080 - INFO - [GINSLIB] processing : 2021/07/15 08:55:31 Q=5
2026-01-06 17:18:44,085 - INFO - [GINSLIB] processing : 2021/07/15 08:55:32 Q=5
2026-01-06 17:18:44,091 - INFO - [GINSLIB] processing : 2021/07/15 08:55:33 Q=5
2026-01-06 17:18:44,100 - INFO - [GINSLIB] processing : 2021/07/15 08:55:34 Q=5
2026-01-06 17:18:44,101 - INFO - [GINSLIB] processing : 2021/07/15 08:55:35 Q=5
2026-01-06 17:18:44,106 - INFO - [GINSLIB] processing : 2021/07/15 08:55:36 Q=5
2026-01-06 17:18:44,112 - INFO - [GINSLIB] processing : 2021/07/15 08:55:37 Q=5
2026-01-06 17:18:44,117 - INFO - [GINSLIB] processing : 2021/07/15 08:55:38 Q=5
2026-01-06 17:18:44,126 - INFO - [GINSLIB] processing : 2021/07/15 08:55:39 Q=5
2026-01-06 17:18:44,127 - INFO - [GINSLIB] processing : 2021/07/15 08:55:40 Q=5
2026-01-06 17:18:44,132 - INFO - [GINSLIB] processing : 2021/07/15 08:55:41 Q=5
2026-01-06 17:18:44,138 - INFO - [GINSLIB] processing : 2021/07/15 08:55:42 Q=5
2026-01-06 17:18:44,144 - INFO - [GINSLIB] processing : 2021/07/15 08:55:43 Q=5
2026-01-06 17:18:44,149 - INFO - [GINSLIB] processing : 2021/07/15 08:55:44 Q=5
2026-01-06 17:18:44,154 - INFO - [GINSLIB] processing : 2021/07/15 08:55:45 Q=5
2026-01-06 17:18:44,160 - INFO - [GINSLIB] processing : 2021/07/15 08:55:46 Q=5
2026-01-06 17:18:44,165 - INFO - [GINSLIB] processing : 2021/07/15 08:55:47 Q=5
2026-01-06 17:18:44,171 - INFO - [GINSLIB] processing : 2021/07/15 08:55:48 Q=5
2026-01-06 17:18:44,176 - INFO - [GINSLIB] processing : 2021/07/15 08:55:49 Q=5
2026-01-06 17:18:44,180 - INFO - [GINSLIB] processing : 2021/07/15 08:55:50 Q=5
2026-01-06 17:18:44,186 - INFO - [GINSLIB] processing : 2021/07/15 08:55:51 Q=5
2026-01-06 17:18:44,192 - INFO - [GINSLIB] processing : 2021/07/15 08:55:52 Q=5
2026-01-06 17:18:44,198 - INFO - [GINSLIB] processing : 2021/07/15 08:55:53 Q=5
2026-01-06 17:18:44,204 - INFO - [GINSLIB] processing : 2021/07/15 08:55:54 Q=5
2026-01-06 17:18:44,209 - INFO - [GINSLIB] processing : 2021/07/15 08:55:55 Q=5
2026-01-06 17:18:44,214 - INFO - [GINSLIB] processing : 2021/07/15 08:55:56 Q=5
2026-01-06 17:18:44,219 - INFO - [GINSLIB] processing : 2021/07/15 08:55:57 Q=5
2026-01-06 17:18:44,225 - INFO - [GINSLIB] processing : 2021/07/15 08:55:58 Q=5
2026-01-06 17:18:44,230 - INFO - [GINSLIB] processing : 2021/07/15 08:55:59 Q=5
2026-01-06 17:18:44,238 - INFO - [GINSLIB] processing : 2021/07/15 08:56:00 Q=5
2026-01-06 17:18:44,239 - INFO - [GINSLIB] processing : 2021/07/15 08:56:01 Q=5
2026-01-06 17:18:44,245 - INFO - [GINSLIB] processing : 2021/07/15 08:56:02 Q=5
2026-01-06 17:18:44,250 - INFO - [GINSLIB] processing : 2021/07/15 08:56:03 Q=5
2026-01-06 17:18:44,255 - INFO - [GINSLIB] processing : 2021/07/15 08:56:04 Q=5
2026-01-06 17:18:44,263 - INFO - [GINSLIB] processing : 2021/07/15 08:56:05 Q=5
2026-01-06 17:18:44,264 - INFO - [GINSLIB] processing : 2021/07/15 08:56:06 Q=5
2026-01-06 17:18:44,269 - INFO - [GINSLIB] processing : 2021/07/15 08:56:07 Q=5
2026-01-06 17:18:44,276 - INFO - [GINSLIB] processing : 2021/07/15 08:56:08 Q=5
2026-01-06 17:18:44,281 - INFO - [GINSLIB] processing : 2021/07/15 08:56:09 Q=5
2026-01-06 17:18:44,289 - INFO - [GINSLIB] processing : 2021/07/15 08:56:10 Q=5
2026-01-06 17:18:44,291 - INFO - [GINSLIB] processing : 2021/07/15 08:56:11 Q=5
2026-01-06 17:18:44,296 - INFO - [GINSLIB] processing : 2021/07/15 08:56:12 Q=5
2026-01-06 17:18:44,301 - INFO - [GINSLIB] processing : 2021/07/15 08:56:13 Q=5
2026-01-06 17:18:44,308 - INFO - [GINSLIB] processing : 2021/07/15 08:56:14 Q=5
2026-01-06 17:18:44,314 - INFO - [GINSLIB] processing : 2021/07/15 08:56:15 Q=5
2026-01-06 17:18:44,317 - INFO - [GINSLIB] processing : 2021/07/15 08:56:16 Q=5
2026-01-06 17:18:44,322 - INFO - [GINSLIB] processing : 2021/07/15 08:56:17 Q=5
2026-01-06 17:18:44,327 - INFO - [GINSLIB] processing : 2021/07/15 08:56:18 Q=5
2026-01-06 17:18:44,331 - INFO - [GINSLIB] processing : 2021/07/15 08:56:19 Q=5
2026-01-06 17:18:44,337 - INFO - [GINSLIB] processing : 2021/07/15 08:56:20 Q=5
2026-01-06 17:18:44,343 - INFO - [GINSLIB] processing : 2021/07/15 08:56:21 Q=5
2026-01-06 17:18:44,349 - INFO - [GINSLIB] processing : 2021/07/15 08:56:22 Q=5
2026-01-06 17:18:44,354 - INFO - [GINSLIB] processing : 2021/07/15 08:56:23 Q=5
2026-01-06 17:18:44,359 - INFO - [GINSLIB] processing : 2021/07/15 08:56:24 Q=5
2026-01-06 17:18:44,364 - INFO - [GINSLIB] processing : 2021/07/15 08:56:25 Q=5
2026-01-06 17:18:44,369 - INFO - [GINSLIB] processing : 2021/07/15 08:56:26 Q=5
2026-01-06 17:18:44,374 - INFO - [GINSLIB] processing : 2021/07/15 08:56:27 Q=5
2026-01-06 17:18:44,379 - INFO - [GINSLIB] processing : 2021/07/15 08:56:28 Q=5
2026-01-06 17:18:44,386 - INFO - [GINSLIB] processing : 2021/07/15 08:56:29 Q=5
2026-01-06 17:18:44,391 - INFO - [GINSLIB] processing : 2021/07/15 08:56:30 Q=5
2026-01-06 17:18:44,398 - INFO - [GINSLIB] processing : 2021/07/15 08:56:31 Q=5
2026-01-06 17:18:44,400 - INFO - [GINSLIB] processing : 2021/07/15 08:56:32 Q=5
2026-01-06 17:18:44,405 - INFO - [GINSLIB] processing : 2021/07/15 08:56:33 Q=5
2026-01-06 17:18:44,411 - INFO - [GINSLIB] processing : 2021/07/15 08:56:34 Q=5
2026-01-06 17:18:44,416 - INFO - [GINSLIB] processing : 2021/07/15 08:56:35 Q=5
2026-01-06 17:18:44,423 - INFO - [GINSLIB] processing : 2021/07/15 08:56:36 Q=5
2026-01-06 17:18:44,424 - INFO - [GINSLIB] processing : 2021/07/15 08:56:37 Q=5
2026-01-06 17:18:44,429 - INFO - [GINSLIB] processing : 2021/07/15 08:56:38 Q=5
2026-01-06 17:18:44,435 - INFO - [GINSLIB] processing : 2021/07/15 08:56:39 Q=5
2026-01-06 17:18:44,439 - INFO - [GINSLIB] processing : 2021/07/15 08:56:40 Q=5
2026-01-06 17:18:44,448 - INFO - [GINSLIB] processing : 2021/07/15 08:56:41 Q=5
2026-01-06 17:18:44,449 - INFO - [GINSLIB] processing : 2021/07/15 08:56:42 Q=5
2026-01-06 17:18:44,454 - INFO - [GINSLIB] processing : 2021/07/15 08:56:43 Q=5
2026-01-06 17:18:44,460 - INFO - [GINSLIB] processing : 2021/07/15 08:56:44 Q=5
2026-01-06 17:18:44,465 - INFO - [GINSLIB] processing : 2021/07/15 08:56:45 Q=5
2026-01-06 17:18:44,469 - INFO - [GINSLIB] processing : 2021/07/15 08:56:46 Q=5
2026-01-06 17:18:44,473 - INFO - [GINSLIB] processing : 2021/07/15 08:56:47 Q=5
2026-01-06 17:18:44,479 - INFO - [GINSLIB] processing : 2021/07/15 08:56:48 Q=5
2026-01-06 17:18:44,483 - INFO - [GINSLIB] processing : 2021/07/15 08:56:49 Q=5
2026-01-06 17:18:44,488 - INFO - [GINSLIB] processing : 2021/07/15 08:56:50 Q=5
2026-01-06 17:18:44,494 - INFO - [GINSLIB] processing : 2021/07/15 08:56:51 Q=5
2026-01-06 17:18:44,498 - INFO - [GINSLIB] processing : 2021/07/15 08:56:52 Q=5
2026-01-06 17:18:44,502 - INFO - [GINSLIB] processing : 2021/07/15 08:56:53 Q=5
2026-01-06 17:18:44,507 - INFO - [GINSLIB] processing : 2021/07/15 08:56:54 Q=5
2026-01-06 17:18:44,512 - INFO - [GINSLIB] processing : 2021/07/15 08:56:55 Q=5
2026-01-06 17:18:44,517 - INFO - [GINSLIB] processing : 2021/07/15 08:56:56 Q=5
2026-01-06 17:18:44,525 - INFO - [GINSLIB] processing : 2021/07/15 08:56:57 Q=5
2026-01-06 17:18:44,526 - INFO - [GINSLIB] processing : 2021/07/15 08:56:58 Q=5
2026-01-06 17:18:44,531 - INFO - [GINSLIB] processing : 2021/07/15 08:56:59 Q=5
2026-01-06 17:18:44,537 - INFO - [GINSLIB] processing : 2021/07/15 08:57:00 Q=5
2026-01-06 17:18:44,542 - INFO - [GINSLIB] processing : 2021/07/15 08:57:01 Q=5
2026-01-06 17:18:44,549 - INFO - [GINSLIB] processing : 2021/07/15 08:57:02 Q=5
2026-01-06 17:18:44,550 - INFO - [GINSLIB] processing : 2021/07/15 08:57:03 Q=5
2026-01-06 17:18:44,556 - INFO - [GINSLIB] processing : 2021/07/15 08:57:04 Q=5
2026-01-06 17:18:44,561 - INFO - [GINSLIB] processing : 2021/07/15 08:57:05 Q=5
2026-01-06 17:18:44,566 - INFO - [GINSLIB] processing : 2021/07/15 08:57:06 Q=5
2026-01-06 17:18:44,574 - INFO - [GINSLIB] processing : 2021/07/15 08:57:07 Q=5
2026-01-06 17:18:44,576 - INFO - [GINSLIB] processing : 2021/07/15 08:57:08 Q=5
2026-01-06 17:18:44,580 - INFO - [GINSLIB] processing : 2021/07/15 08:57:09 Q=5
2026-01-06 17:18:44,586 - INFO - [GINSLIB] processing : 2021/07/15 08:57:10 Q=5
2026-01-06 17:18:44,591 - INFO - [GINSLIB] processing : 2021/07/15 08:57:11 Q=5
2026-01-06 17:18:44,599 - INFO - [GINSLIB] processing : 2021/07/15 08:57:12 Q=5
2026-01-06 17:18:44,600 - INFO - [GINSLIB] processing : 2021/07/15 08:57:13 Q=5
2026-01-06 17:18:44,605 - INFO - [GINSLIB] processing : 2021/07/15 08:57:14 Q=5
2026-01-06 17:18:44,609 - INFO - [GINSLIB] processing : 2021/07/15 08:57:15 Q=5
2026-01-06 17:18:44,615 - INFO - [GINSLIB] processing : 2021/07/15 08:57:16 Q=5
2026-01-06 17:18:44,620 - INFO - [GINSLIB] processing : 2021/07/15 08:57:17 Q=5
2026-01-06 17:18:44,624 - INFO - [GINSLIB] processing : 2021/07/15 08:57:18 Q=5
2026-01-06 17:18:44,629 - INFO - [GINSLIB] processing : 2021/07/15 08:57:19 Q=5
2026-01-06 17:18:44,635 - INFO - [GINSLIB] processing : 2021/07/15 08:57:20 Q=5
2026-01-06 17:18:44,640 - INFO - [GINSLIB] processing : 2021/07/15 08:57:21 Q=5
2026-01-06 17:18:44,645 - INFO - [GINSLIB] processing : 2021/07/15 08:57:22 Q=5
2026-01-06 17:18:44,650 - INFO - [GINSLIB] processing : 2021/07/15 08:57:23 Q=5
2026-01-06 17:18:44,655 - INFO - [GINSLIB] processing : 2021/07/15 08:57:24 Q=5
2026-01-06 17:18:44,662 - INFO - [GINSLIB] processing : 2021/07/15 08:57:25 Q=5
2026-01-06 17:18:44,667 - INFO - [GINSLIB] processing : 2021/07/15 08:57:26 Q=5
2026-01-06 17:18:44,672 - INFO - [GINSLIB] processing : 2021/07/15 08:57:27 Q=5
2026-01-06 17:18:44,681 - INFO - [GINSLIB] processing : 2021/07/15 08:57:28 Q=5
2026-01-06 17:18:44,682 - INFO - [GINSLIB] processing : 2021/07/15 08:57:29 Q=5
2026-01-06 17:18:44,687 - INFO - [GINSLIB] processing : 2021/07/15 08:57:30 Q=5
2026-01-06 17:18:44,694 - INFO - [GINSLIB] processing : 2021/07/15 08:57:31 Q=5
2026-01-06 17:18:44,698 - INFO - [GINSLIB] processing : 2021/07/15 08:57:32 Q=5
2026-01-06 17:18:44,704 - INFO - [GINSLIB] processing : 2021/07/15 08:57:33 Q=5
2026-01-06 17:18:44,706 - INFO - [GINSLIB] processing : 2021/07/15 08:57:34 Q=5
2026-01-06 17:18:44,712 - INFO - [GINSLIB] processing : 2021/07/15 08:57:35 Q=5
2026-01-06 17:18:44,717 - INFO - [GINSLIB] processing : 2021/07/15 08:57:36 Q=5
2026-01-06 17:18:44,721 - INFO - [GINSLIB] processing : 2021/07/15 08:57:37 Q=5
2026-01-06 17:18:44,729 - INFO - [GINSLIB] processing : 2021/07/15 08:57:38 Q=5
2026-01-06 17:18:44,730 - INFO - [GINSLIB] processing : 2021/07/15 08:57:39 Q=5
2026-01-06 17:18:44,734 - INFO - [GINSLIB] processing : 2021/07/15 08:57:40 Q=5
2026-01-06 17:18:44,739 - INFO - [GINSLIB] processing : 2021/07/15 08:57:41 Q=5
2026-01-06 17:18:44,745 - INFO - [GINSLIB] processing : 2021/07/15 08:57:42 Q=5
2026-01-06 17:18:44,749 - INFO - [GINSLIB] processing : 2021/07/15 08:57:43 Q=5
2026-01-06 17:18:44,753 - INFO - [GINSLIB] processing : 2021/07/15 08:57:44 Q=5
2026-01-06 17:18:44,759 - INFO - [GINSLIB] processing : 2021/07/15 08:57:45 Q=5
2026-01-06 17:18:44,764 - INFO - [GINSLIB] processing : 2021/07/15 08:57:46 Q=5
2026-01-06 17:18:44,768 - INFO - [GINSLIB] processing : 2021/07/15 08:57:47 Q=5
2026-01-06 17:18:44,774 - INFO - [GINSLIB] processing : 2021/07/15 08:57:48 Q=5
2026-01-06 17:18:44,777 - INFO - [GINSLIB] processing : 2021/07/15 08:57:49 Q=5
2026-01-06 17:18:44,781 - INFO - [GINSLIB] processing : 2021/07/15 08:57:50 Q=5
2026-01-06 17:18:44,786 - INFO - [GINSLIB] processing : 2021/07/15 08:57:51 Q=5
2026-01-06 17:18:44,791 - INFO - [GINSLIB] processing : 2021/07/15 08:57:52 Q=5
2026-01-06 17:18:44,795 - INFO - [GINSLIB] processing : 2021/07/15 08:57:53 Q=5
2026-01-06 17:18:44,799 - INFO - [GINSLIB] processing : 2021/07/15 08:57:54 Q=5
2026-01-06 17:18:44,804 - INFO - [GINSLIB] processing : 2021/07/15 08:57:55 Q=5
2026-01-06 17:18:44,809 - INFO - [GINSLIB] processing : 2021/07/15 08:57:56 Q=5
2026-01-06 17:18:44,814 - INFO - [GINSLIB] processing : 2021/07/15 08:57:57 Q=5
2026-01-06 17:18:44,820 - INFO - [GINSLIB] processing : 2021/07/15 08:57:58 Q=5
2026-01-06 17:18:44,827 - INFO - [GINSLIB] processing : 2021/07/15 08:57:59 Q=5
2026-01-06 17:18:44,829 - INFO - [GINSLIB] processing : 2021/07/15 08:58:00 Q=5
2026-01-06 17:18:44,834 - INFO - [GINSLIB] processing : 2021/07/15 08:58:01 Q=5
2026-01-06 17:18:44,838 - INFO - [GINSLIB] processing : 2021/07/15 08:58:02 Q=5
2026-01-06 17:18:44,844 - INFO - [GINSLIB] processing : 2021/07/15 08:58:03 Q=5
2026-01-06 17:18:44,852 - INFO - [GINSLIB] processing : 2021/07/15 08:58:04 Q=5
2026-01-06 17:18:44,853 - INFO - [GINSLIB] processing : 2021/07/15 08:58:05 Q=5
2026-01-06 17:18:44,858 - INFO - [GINSLIB] processing : 2021/07/15 08:58:06 Q=5
2026-01-06 17:18:44,864 - INFO - [GINSLIB] processing : 2021/07/15 08:58:07 Q=5
2026-01-06 17:18:44,868 - INFO - [GINSLIB] processing : 2021/07/15 08:58:08 Q=5
2026-01-06 17:18:44,876 - INFO - [GINSLIB] processing : 2021/07/15 08:58:09 Q=5
2026-01-06 17:18:44,877 - INFO - [GINSLIB] processing : 2021/07/15 08:58:10 Q=5
2026-01-06 17:18:44,882 - INFO - [GINSLIB] processing : 2021/07/15 08:58:11 Q=5
2026-01-06 17:18:44,887 - INFO - [GINSLIB] processing : 2021/07/15 08:58:12 Q=5
2026-01-06 17:18:44,894 - INFO - [GINSLIB] processing : 2021/07/15 08:58:13 Q=5
2026-01-06 17:18:44,899 - INFO - [GINSLIB] processing : 2021/07/15 08:58:14 Q=5
2026-01-06 17:18:44,903 - INFO - [GINSLIB] processing : 2021/07/15 08:58:15 Q=5
2026-01-06 17:18:44,909 - INFO - [GINSLIB] processing : 2021/07/15 08:58:16 Q=5
2026-01-06 17:18:44,914 - INFO - [GINSLIB] processing : 2021/07/15 08:58:17 Q=5
2026-01-06 17:18:44,919 - INFO - [GINSLIB] processing : 2021/07/15 08:58:18 Q=5
2026-01-06 17:18:44,925 - INFO - [GINSLIB] processing : 2021/07/15 08:58:19 Q=5
2026-01-06 17:18:44,929 - INFO - [GINSLIB] processing : 2021/07/15 08:58:20 Q=5
2026-01-06 17:18:44,934 - INFO - [GINSLIB] processing : 2021/07/15 08:58:21 Q=5
2026-01-06 17:18:44,939 - INFO - [GINSLIB] processing : 2021/07/15 08:58:22 Q=5
2026-01-06 17:18:44,944 - INFO - [GINSLIB] processing : 2021/07/15 08:58:23 Q=5
2026-01-06 17:18:44,948 - INFO - [GINSLIB] processing : 2021/07/15 08:58:24 Q=5
2026-01-06 17:18:44,953 - INFO - [GINSLIB] processing : 2021/07/15 08:58:25 Q=5
2026-01-06 17:18:44,959 - INFO - [GINSLIB] processing : 2021/07/15 08:58:26 Q=5
2026-01-06 17:18:44,964 - INFO - [GINSLIB] processing : 2021/07/15 08:58:27 Q=5
2026-01-06 17:18:44,969 - INFO - [GINSLIB] processing : 2021/07/15 08:58:28 Q=5
2026-01-06 17:18:44,974 - INFO - [GINSLIB] processing : 2021/07/15 08:58:29 Q=5
2026-01-06 17:18:44,982 - INFO - [GINSLIB] processing : 2021/07/15 08:58:30 Q=5
2026-01-06 17:18:44,984 - INFO - [GINSLIB] processing : 2021/07/15 08:58:31 Q=5
2026-01-06 17:18:44,989 - INFO - [GINSLIB] processing : 2021/07/15 08:58:32 Q=5
2026-01-06 17:18:44,994 - INFO - [GINSLIB] processing : 2021/07/15 08:58:33 Q=5
2026-01-06 17:18:44,999 - INFO - [GINSLIB] processing : 2021/07/15 08:58:34 Q=5
2026-01-06 17:18:45,006 - INFO - [GINSLIB] processing : 2021/07/15 08:58:35 Q=5
2026-01-06 17:18:45,008 - INFO - [GINSLIB] processing : 2021/07/15 08:58:36 Q=5
2026-01-06 17:18:45,013 - INFO - [GINSLIB] processing : 2021/07/15 08:58:37 Q=5
2026-01-06 17:18:45,019 - INFO - [GINSLIB] processing : 2021/07/15 08:58:38 Q=5
2026-01-06 17:18:45,024 - INFO - [GINSLIB] processing : 2021/07/15 08:58:39 Q=5
2026-01-06 17:18:45,032 - INFO - [GINSLIB] processing : 2021/07/15 08:58:40 Q=5
2026-01-06 17:18:45,033 - INFO - [GINSLIB] processing : 2021/07/15 08:58:41 Q=5
2026-01-06 17:18:45,038 - INFO - [GINSLIB] processing : 2021/07/15 08:58:42 Q=5
2026-01-06 17:18:45,043 - INFO - [GINSLIB] processing : 2021/07/15 08:58:43 Q=5
2026-01-06 17:18:45,049 - INFO - [GINSLIB] processing : 2021/07/15 08:58:44 Q=5
2026-01-06 17:18:45,054 - INFO - [GINSLIB] processing : 2021/07/15 08:58:45 Q=5
2026-01-06 17:18:45,058 - INFO - [GINSLIB] processing : 2021/07/15 08:58:46 Q=5
2026-01-06 17:18:45,062 - INFO - [GINSLIB] processing : 2021/07/15 08:58:47 Q=5
2026-01-06 17:18:45,067 - INFO - [GINSLIB] processing : 2021/07/15 08:58:48 Q=5
2026-01-06 17:18:45,072 - INFO - [GINSLIB] processing : 2021/07/15 08:58:49 Q=5
2026-01-06 17:18:45,079 - INFO - [GINSLIB] processing : 2021/07/15 08:58:50 Q=5
2026-01-06 17:18:45,083 - INFO - [GINSLIB] processing : 2021/07/15 08:58:51 Q=5
2026-01-06 17:18:45,088 - INFO - [GINSLIB] processing : 2021/07/15 08:58:52 Q=5
2026-01-06 17:18:45,093 - INFO - [GINSLIB] processing : 2021/07/15 08:58:53 Q=5
2026-01-06 17:18:45,098 - INFO - [GINSLIB] processing : 2021/07/15 08:58:54 Q=5
2026-01-06 17:18:45,103 - INFO - [GINSLIB] processing : 2021/07/15 08:58:55 Q=5
2026-01-06 17:18:45,107 - INFO - [GINSLIB] processing : 2021/07/15 08:58:56 Q=5
2026-01-06 17:18:45,112 - INFO - [GINSLIB] processing : 2021/07/15 08:58:57 Q=5
2026-01-06 17:18:45,118 - INFO - [GINSLIB] processing : 2021/07/15 08:58:58 Q=5
2026-01-06 17:18:45,124 - INFO - [GINSLIB] processing : 2021/07/15 08:58:59 Q=5
2026-01-06 17:18:45,130 - INFO - [GINSLIB] processing : 2021/07/15 08:59:00 Q=5
2026-01-06 17:18:45,138 - INFO - [GINSLIB] processing : 2021/07/15 08:59:01 Q=5
2026-01-06 17:18:45,139 - INFO - [GINSLIB] processing : 2021/07/15 08:59:02 Q=5
2026-01-06 17:18:45,144 - INFO - [GINSLIB] processing : 2021/07/15 08:59:03 Q=5
2026-01-06 17:18:45,149 - INFO - [GINSLIB] processing : 2021/07/15 08:59:04 Q=5
2026-01-06 17:18:45,156 - INFO - [GINSLIB] processing : 2021/07/15 08:59:05 Q=5
2026-01-06 17:18:45,164 - INFO - [GINSLIB] processing : 2021/07/15 08:59:06 Q=5
2026-01-06 17:18:45,165 - INFO - [GINSLIB] processing : 2021/07/15 08:59:07 Q=5
2026-01-06 17:18:45,169 - INFO - [GINSLIB] processing : 2021/07/15 08:59:08 Q=5
2026-01-06 17:18:45,174 - INFO - [GINSLIB] processing : 2021/07/15 08:59:09 Q=5
2026-01-06 17:18:45,179 - INFO - [GINSLIB] processing : 2021/07/15 08:59:10 Q=5
2026-01-06 17:18:45,188 - INFO - [GINSLIB] processing : 2021/07/15 08:59:11 Q=5
2026-01-06 17:18:45,189 - INFO - [GINSLIB] processing : 2021/07/15 08:59:12 Q=5
2026-01-06 17:18:45,194 - INFO - [GINSLIB] processing : 2021/07/15 08:59:13 Q=5
2026-01-06 17:18:45,200 - INFO - [GINSLIB] processing : 2021/07/15 08:59:14 Q=5
2026-01-06 17:18:45,205 - INFO - [GINSLIB] processing : 2021/07/15 08:59:15 Q=5
2026-01-06 17:18:45,210 - INFO - [GINSLIB] processing : 2021/07/15 08:59:16 Q=5
2026-01-06 17:18:45,216 - INFO - [GINSLIB] processing : 2021/07/15 08:59:17 Q=5
2026-01-06 17:18:45,221 - INFO - [GINSLIB] processing : 2021/07/15 08:59:18 Q=5
2026-01-06 17:18:45,226 - INFO - [GINSLIB] processing : 2021/07/15 08:59:19 Q=5
2026-01-06 17:18:45,232 - INFO - [GINSLIB] processing : 2021/07/15 08:59:20 Q=5
2026-01-06 17:18:45,236 - INFO - [GINSLIB] processing : 2021/07/15 08:59:21 Q=5
2026-01-06 17:18:45,240 - INFO - [GINSLIB] processing : 2021/07/15 08:59:22 Q=5
2026-01-06 17:18:45,247 - INFO - [GINSLIB] processing : 2021/07/15 08:59:23 Q=5
2026-01-06 17:18:45,252 - INFO - [GINSLIB] processing : 2021/07/15 08:59:24 Q=5
2026-01-06 17:18:45,257 - INFO - [GINSLIB] processing : 2021/07/15 08:59:25 Q=5
2026-01-06 17:18:45,263 - INFO - [GINSLIB] processing : 2021/07/15 08:59:26 Q=5
2026-01-06 17:18:45,266 - INFO - [GINSLIB] processing : 2021/07/15 08:59:27 Q=5
2026-01-06 17:18:45,271 - INFO - [GINSLIB] processing : 2021/07/15 08:59:28 Q=5
2026-01-06 17:18:45,277 - INFO - [GINSLIB] processing : 2021/07/15 08:59:29 Q=5
2026-01-06 17:18:45,282 - INFO - [GINSLIB] processing : 2021/07/15 08:59:30 Q=5
2026-01-06 17:18:45,287 - INFO - [GINSLIB] processing : 2021/07/15 08:59:31 Q=5
2026-01-06 17:18:45,296 - INFO - [GINSLIB] processing : 2021/07/15 08:59:32 Q=5
2026-01-06 17:18:45,297 - INFO - [GINSLIB] processing : 2021/07/15 08:59:33 Q=5
2026-01-06 17:18:45,302 - INFO - [GINSLIB] processing : 2021/07/15 08:59:34 Q=5
2026-01-06 17:18:45,308 - INFO - [GINSLIB] processing : 2021/07/15 08:59:35 Q=5
2026-01-06 17:18:45,313 - INFO - [GINSLIB] processing : 2021/07/15 08:59:36 Q=5
2026-01-06 17:18:45,322 - INFO - [GINSLIB] processing : 2021/07/15 08:59:37 Q=5
2026-01-06 17:18:45,323 - INFO - [GINSLIB] processing : 2021/07/15 08:59:38 Q=5
2026-01-06 17:18:45,328 - INFO - [GINSLIB] processing : 2021/07/15 08:59:39 Q=5
2026-01-06 17:18:45,333 - INFO - [GINSLIB] processing : 2021/07/15 08:59:40 Q=5
2026-01-06 17:18:45,339 - INFO - [GINSLIB] processing : 2021/07/15 08:59:41 Q=5
2026-01-06 17:18:45,347 - INFO - [GINSLIB] processing : 2021/07/15 08:59:42 Q=5
2026-01-06 17:18:45,349 - INFO - [GINSLIB] processing : 2021/07/15 08:59:43 Q=5
2026-01-06 17:18:45,354 - INFO - [GINSLIB] processing : 2021/07/15 08:59:44 Q=5
2026-01-06 17:18:45,359 - INFO - [GINSLIB] processing : 2021/07/15 08:59:45 Q=5
2026-01-06 17:18:45,364 - INFO - [GINSLIB] processing : 2021/07/15 08:59:46 Q=5
2026-01-06 17:18:45,370 - INFO - [GINSLIB] processing : 2021/07/15 08:59:47 Q=5
2026-01-06 17:18:45,374 - INFO - [GINSLIB] processing : 2021/07/15 08:59:48 Q=5
2026-01-06 17:18:45,380 - INFO - [GINSLIB] processing : 2021/07/15 08:59:49 Q=5
2026-01-06 17:18:45,386 - INFO - [GINSLIB] processing : 2021/07/15 08:59:50 Q=5
2026-01-06 17:18:45,392 - INFO - [GINSLIB] processing : 2021/07/15 08:59:51 Q=5
2026-01-06 17:18:45,398 - INFO - [GINSLIB] processing : 2021/07/15 08:59:52 Q=5
2026-01-06 17:18:45,402 - INFO - [GINSLIB] processing : 2021/07/15 08:59:53 Q=5
2026-01-06 17:18:45,407 - INFO - [GINSLIB] processing : 2021/07/15 08:59:54 Q=5
2026-01-06 17:18:45,414 - INFO - [GINSLIB] processing : 2021/07/15 08:59:55 Q=5
2026-01-06 17:18:45,419 - INFO - [GINSLIB] processing : 2021/07/15 08:59:56 Q=5
2026-01-06 17:18:45,424 - INFO - [GINSLIB] processing : 2021/07/15 08:59:57 Q=5
2026-01-06 17:18:45,432 - INFO - [GINSLIB] processing : 2021/07/15 08:59:58 Q=5
2026-01-06 17:18:45,434 - INFO - [GINSLIB] processing : 2021/07/15 08:59:59 Q=5
2026-01-06 17:18:45,438 - INFO - [GINSLIB] processing : 2021/07/15 09:00:00 Q=5
2026-01-06 17:18:45,445 - INFO - [GINSLIB] processing : 2021/07/15 09:00:01 Q=5
2026-01-06 17:18:45,450 - INFO - [GINSLIB] processing : 2021/07/15 09:00:02 Q=5
2026-01-06 17:18:45,458 - INFO - [GINSLIB] processing : 2021/07/15 09:00:03 Q=5
2026-01-06 17:18:45,459 - INFO - [GINSLIB] processing : 2021/07/15 09:00:04 Q=5
2026-01-06 17:18:45,464 - INFO - [GINSLIB] processing : 2021/07/15 09:00:05 Q=5
2026-01-06 17:18:45,469 - INFO - [GINSLIB] processing : 2021/07/15 09:00:06 Q=5
2026-01-06 17:18:45,474 - INFO - [GINSLIB] processing : 2021/07/15 09:00:07 Q=5
2026-01-06 17:18:45,482 - INFO - [GINSLIB] processing : 2021/07/15 09:00:08 Q=5
2026-01-06 17:18:45,483 - INFO - [GINSLIB] processing : 2021/07/15 09:00:09 Q=5
2026-01-06 17:18:45,489 - INFO - [GINSLIB] processing : 2021/07/15 09:00:10 Q=5
2026-01-06 17:18:45,495 - INFO - [GINSLIB] processing : 2021/07/15 09:00:11 Q=5
2026-01-06 17:18:45,499 - INFO - [GINSLIB] processing : 2021/07/15 09:00:12 Q=5
2026-01-06 17:18:45,507 - INFO - [GINSLIB] processing : 2021/07/15 09:00:13 Q=5
2026-01-06 17:18:45,508 - INFO - [GINSLIB] processing : 2021/07/15 09:00:14 Q=5
2026-01-06 17:18:45,513 - INFO - [GINSLIB] processing : 2021/07/15 09:00:15 Q=5
2026-01-06 17:18:45,517 - INFO - [GINSLIB] processing : 2021/07/15 09:00:16 Q=5
2026-01-06 17:18:45,523 - INFO - [GINSLIB] processing : 2021/07/15 09:00:17 Q=5
2026-01-06 17:18:45,528 - INFO - [GINSLIB] processing : 2021/07/15 09:00:18 Q=5
2026-01-06 17:18:45,532 - INFO - [GINSLIB] processing : 2021/07/15 09:00:19 Q=5
2026-01-06 17:18:45,537 - INFO - [GINSLIB] processing : 2021/07/15 09:00:20 Q=5
2026-01-06 17:18:45,542 - INFO - [GINSLIB] processing : 2021/07/15 09:00:21 Q=5
2026-01-06 17:18:45,547 - INFO - [GINSLIB] processing : 2021/07/15 09:00:22 Q=5
2026-01-06 17:18:45,551 - INFO - [GINSLIB] processing : 2021/07/15 09:00:23 Q=5
2026-01-06 17:18:45,555 - INFO - [GINSLIB] processing : 2021/07/15 09:00:24 Q=5
2026-01-06 17:18:45,560 - INFO - [GINSLIB] processing : 2021/07/15 09:00:25 Q=5
2026-01-06 17:18:45,565 - INFO - [GINSLIB] processing : 2021/07/15 09:00:26 Q=5
2026-01-06 17:18:45,571 - INFO - [GINSLIB] processing : 2021/07/15 09:00:27 Q=5
2026-01-06 17:18:45,576 - INFO - [GINSLIB] processing : 2021/07/15 09:00:28 Q=5
2026-01-06 17:18:45,584 - INFO - [GINSLIB] processing : 2021/07/15 09:00:29 Q=5
2026-01-06 17:18:45,586 - INFO - [GINSLIB] processing : 2021/07/15 09:00:30 Q=5
2026-01-06 17:18:45,590 - INFO - [GINSLIB] processing : 2021/07/15 09:00:31 Q=5
2026-01-06 17:18:45,596 - INFO - [GINSLIB] processing : 2021/07/15 09:00:32 Q=5
2026-01-06 17:18:45,601 - INFO - [GINSLIB] processing : 2021/07/15 09:00:33 Q=5
2026-01-06 17:18:45,608 - INFO - [GINSLIB] processing : 2021/07/15 09:00:34 Q=5
2026-01-06 17:18:45,609 - INFO - [GINSLIB] processing : 2021/07/15 09:00:35 Q=5
2026-01-06 17:18:45,614 - INFO - [GINSLIB] processing : 2021/07/15 09:00:36 Q=5
2026-01-06 17:18:45,619 - INFO - [GINSLIB] processing : 2021/07/15 09:00:37 Q=5
2026-01-06 17:18:45,624 - INFO - [GINSLIB] processing : 2021/07/15 09:00:38 Q=5
2026-01-06 17:18:45,631 - INFO - [GINSLIB] processing : 2021/07/15 09:00:39 Q=5
2026-01-06 17:18:45,632 - INFO - [GINSLIB] processing : 2021/07/15 09:00:40 Q=5
2026-01-06 17:18:45,637 - INFO - [GINSLIB] processing : 2021/07/15 09:00:41 Q=5
2026-01-06 17:18:45,642 - INFO - [GINSLIB] processing : 2021/07/15 09:00:42 Q=5
2026-01-06 17:18:45,648 - INFO - [GINSLIB] processing : 2021/07/15 09:00:43 Q=5
2026-01-06 17:18:45,652 - INFO - [GINSLIB] processing : 2021/07/15 09:00:44 Q=5
2026-01-06 17:18:45,656 - INFO - [GINSLIB] processing : 2021/07/15 09:00:45 Q=5
2026-01-06 17:18:45,663 - INFO - [GINSLIB] processing : 2021/07/15 09:00:46 Q=5
2026-01-06 17:18:45,670 - INFO - [GINSLIB] processing : 2021/07/15 09:00:47 Q=5
2026-01-06 17:18:45,677 - INFO - [GINSLIB] processing : 2021/07/15 09:00:48 Q=5
2026-01-06 17:18:45,682 - INFO - [GINSLIB] processing : 2021/07/15 09:00:49 Q=5
2026-01-06 17:18:45,686 - INFO - [GINSLIB] processing : 2021/07/15 09:00:50 Q=5
2026-01-06 17:18:45,693 - INFO - [GINSLIB] processing : 2021/07/15 09:00:51 Q=5
2026-01-06 17:18:45,698 - INFO - [GINSLIB] processing : 2021/07/15 09:00:52 Q=5
2026-01-06 17:18:45,702 - INFO - [GINSLIB] processing : 2021/07/15 09:00:53 Q=5
2026-01-06 17:18:45,708 - INFO - [GINSLIB] processing : 2021/07/15 09:00:54 Q=5
2026-01-06 17:18:45,712 - INFO - [GINSLIB] processing : 2021/07/15 09:00:55 Q=5
2026-01-06 17:18:45,717 - INFO - [GINSLIB] processing : 2021/07/15 09:00:56 Q=5
2026-01-06 17:18:45,723 - INFO - [GINSLIB] processing : 2021/07/15 09:00:57 Q=5
2026-01-06 17:18:45,728 - INFO - [GINSLIB] processing : 2021/07/15 09:00:58 Q=5
2026-01-06 17:18:45,732 - INFO - [GINSLIB] processing : 2021/07/15 09:00:59 Q=5
2026-01-06 17:18:45,740 - INFO - [GINSLIB] processing : 2021/07/15 09:01:00 Q=5
2026-01-06 17:18:45,741 - INFO - [GINSLIB] processing : 2021/07/15 09:01:01 Q=5
2026-01-06 17:18:45,746 - INFO - [GINSLIB] processing : 2021/07/15 09:01:02 Q=5
2026-01-06 17:18:45,751 - INFO - [GINSLIB] processing : 2021/07/15 09:01:03 Q=5
2026-01-06 17:18:45,757 - INFO - [GINSLIB] processing : 2021/07/15 09:01:04 Q=5
2026-01-06 17:18:45,765 - INFO - [GINSLIB] processing : 2021/07/15 09:01:05 Q=5
2026-01-06 17:18:45,766 - INFO - [GINSLIB] processing : 2021/07/15 09:01:06 Q=5
2026-01-06 17:18:45,771 - INFO - [GINSLIB] processing : 2021/07/15 09:01:07 Q=5
2026-01-06 17:18:45,777 - INFO - [GINSLIB] processing : 2021/07/15 09:01:08 Q=5
2026-01-06 17:18:45,782 - INFO - [GINSLIB] processing : 2021/07/15 09:01:09 Q=5
2026-01-06 17:18:45,790 - INFO - [GINSLIB] processing : 2021/07/15 09:01:10 Q=5
2026-01-06 17:18:45,791 - INFO - [GINSLIB] processing : 2021/07/15 09:01:11 Q=5
2026-01-06 17:18:45,796 - INFO - [GINSLIB] processing : 2021/07/15 09:01:12 Q=5
2026-01-06 17:18:45,801 - INFO - [GINSLIB] processing : 2021/07/15 09:01:13 Q=5
2026-01-06 17:18:45,806 - INFO - [GINSLIB] processing : 2021/07/15 09:01:14 Q=5
2026-01-06 17:18:45,810 - INFO - [GINSLIB] processing : 2021/07/15 09:01:15 Q=5
2026-01-06 17:18:45,815 - INFO - [GINSLIB] processing : 2021/07/15 09:01:16 Q=5
2026-01-06 17:18:45,821 - INFO - [GINSLIB] processing : 2021/07/15 09:01:17 Q=5
2026-01-06 17:18:45,826 - INFO - [GINSLIB] processing : 2021/07/15 09:01:18 Q=5
2026-01-06 17:18:45,831 - INFO - [GINSLIB] processing : 2021/07/15 09:01:19 Q=5
2026-01-06 17:18:45,837 - INFO - [GINSLIB] processing : 2021/07/15 09:01:20 Q=5
2026-01-06 17:18:45,841 - INFO - [GINSLIB] processing : 2021/07/15 09:01:21 Q=5
2026-01-06 17:18:45,846 - INFO - [GINSLIB] processing : 2021/07/15 09:01:22 Q=5
2026-01-06 17:18:45,851 - INFO - [GINSLIB] processing : 2021/07/15 09:01:23 Q=5
2026-01-06 17:18:45,856 - INFO - [GINSLIB] processing : 2021/07/15 09:01:24 Q=5
2026-01-06 17:18:45,862 - INFO - [GINSLIB] processing : 2021/07/15 09:01:25 Q=5
2026-01-06 17:18:45,866 - INFO - [GINSLIB] processing : 2021/07/15 09:01:26 Q=5
2026-01-06 17:18:45,871 - INFO - [GINSLIB] processing : 2021/07/15 09:01:27 Q=5
2026-01-06 17:18:45,877 - INFO - [GINSLIB] processing : 2021/07/15 09:01:28 Q=5
2026-01-06 17:18:45,882 - INFO - [GINSLIB] processing : 2021/07/15 09:01:29 Q=5
2026-01-06 17:18:45,886 - INFO - [GINSLIB] processing : 2021/07/15 09:01:30 Q=5
2026-01-06 17:18:45,895 - INFO - [GINSLIB] processing : 2021/07/15 09:01:31 Q=5
2026-01-06 17:18:45,896 - INFO - [GINSLIB] processing : 2021/07/15 09:01:32 Q=5
2026-01-06 17:18:45,901 - INFO - [GINSLIB] processing : 2021/07/15 09:01:33 Q=5
2026-01-06 17:18:45,907 - INFO - [GINSLIB] processing : 2021/07/15 09:01:34 Q=5
2026-01-06 17:18:45,913 - INFO - [GINSLIB] processing : 2021/07/15 09:01:35 Q=5
2026-01-06 17:18:45,920 - INFO - [GINSLIB] processing : 2021/07/15 09:01:36 Q=5
2026-01-06 17:18:45,921 - INFO - [GINSLIB] processing : 2021/07/15 09:01:37 Q=5
2026-01-06 17:18:45,927 - INFO - [GINSLIB] processing : 2021/07/15 09:01:38 Q=5
2026-01-06 17:18:45,932 - INFO - [GINSLIB] processing : 2021/07/15 09:01:39 Q=5
2026-01-06 17:18:45,937 - INFO - [GINSLIB] processing : 2021/07/15 09:01:40 Q=5
2026-01-06 17:18:45,945 - INFO - [GINSLIB] processing : 2021/07/15 09:01:41 Q=5
2026-01-06 17:18:45,946 - INFO - [GINSLIB] processing : 2021/07/15 09:01:42 Q=5
2026-01-06 17:18:45,951 - INFO - [GINSLIB] processing : 2021/07/15 09:01:43 Q=5
2026-01-06 17:18:45,957 - INFO - [GINSLIB] processing : 2021/07/15 09:01:44 Q=5
2026-01-06 17:18:45,962 - INFO - [GINSLIB] processing : 2021/07/15 09:01:45 Q=5
2026-01-06 17:18:45,966 - INFO - [GINSLIB] processing : 2021/07/15 09:01:46 Q=5
2026-01-06 17:18:45,970 - INFO - [GINSLIB] processing : 2021/07/15 09:01:47 Q=5
2026-01-06 17:18:45,976 - INFO - [GINSLIB] processing : 2021/07/15 09:01:48 Q=5
2026-01-06 17:18:45,980 - INFO - [GINSLIB] processing : 2021/07/15 09:01:49 Q=5
2026-01-06 17:18:45,986 - INFO - [GINSLIB] processing : 2021/07/15 09:01:50 Q=5
2026-01-06 17:18:45,991 - INFO - [GINSLIB] processing : 2021/07/15 09:01:51 Q=5
2026-01-06 17:18:45,994 - INFO - [GINSLIB] processing : 2021/07/15 09:01:52 Q=5
2026-01-06 17:18:45,999 - INFO - [GINSLIB] processing : 2021/07/15 09:01:53 Q=5
2026-01-06 17:18:46,003 - INFO - [GINSLIB] processing : 2021/07/15 09:01:54 Q=5
2026-01-06 17:18:46,008 - INFO - [GINSLIB] processing : 2021/07/15 09:01:55 Q=5
2026-01-06 17:18:46,013 - INFO - [GINSLIB] processing : 2021/07/15 09:01:56 Q=5
2026-01-06 17:18:46,017 - INFO - [GINSLIB] processing : 2021/07/15 09:01:57 Q=5
2026-01-06 17:18:46,023 - INFO - [GINSLIB] processing : 2021/07/15 09:01:58 Q=5
2026-01-06 17:18:46,028 - INFO - [GINSLIB] processing : 2021/07/15 09:01:59 Q=5
2026-01-06 17:18:46,032 - INFO - [GINSLIB] processing : 2021/07/15 09:02:00 Q=5
2026-01-06 17:18:46,037 - INFO - [GINSLIB] processing : 2021/07/15 09:02:01 Q=5
2026-01-06 17:18:46,046 - INFO - [GINSLIB] processing : 2021/07/15 09:02:02 Q=5
2026-01-06 17:18:46,047 - INFO - [GINSLIB] processing : 2021/07/15 09:02:03 Q=5
2026-01-06 17:18:46,052 - INFO - [GINSLIB] processing : 2021/07/15 09:02:04 Q=5
2026-01-06 17:18:46,056 - INFO - [GINSLIB] processing : 2021/07/15 09:02:05 Q=5
2026-01-06 17:18:46,063 - INFO - [GINSLIB] processing : 2021/07/15 09:02:06 Q=5
2026-01-06 17:18:46,071 - INFO - [GINSLIB] processing : 2021/07/15 09:02:07 Q=5
2026-01-06 17:18:46,071 - INFO - [GINSLIB] processing : 2021/07/15 09:02:08 Q=5
2026-01-06 17:18:46,077 - INFO - [GINSLIB] processing : 2021/07/15 09:02:09 Q=5
2026-01-06 17:18:46,081 - INFO - [GINSLIB] processing : 2021/07/15 09:02:10 Q=5
2026-01-06 17:18:46,086 - INFO - [GINSLIB] processing : 2021/07/15 09:02:11 Q=5
2026-01-06 17:18:46,095 - INFO - [GINSLIB] processing : 2021/07/15 09:02:12 Q=5
2026-01-06 17:18:46,096 - INFO - [GINSLIB] processing : 2021/07/15 09:02:13 Q=5
2026-01-06 17:18:46,101 - INFO - [GINSLIB] processing : 2021/07/15 09:02:14 Q=5
2026-01-06 17:18:46,106 - INFO - [GINSLIB] processing : 2021/07/15 09:02:15 Q=5
2026-01-06 17:18:46,111 - INFO - [GINSLIB] processing : 2021/07/15 09:02:16 Q=5
2026-01-06 17:18:46,115 - INFO - [GINSLIB] processing : 2021/07/15 09:02:17 Q=5
2026-01-06 17:18:46,119 - INFO - [GINSLIB] processing : 2021/07/15 09:02:18 Q=5
2026-01-06 17:18:46,126 - INFO - [GINSLIB] processing : 2021/07/15 09:02:19 Q=5
2026-01-06 17:18:46,131 - INFO - [GINSLIB] processing : 2021/07/15 09:02:20 Q=5
2026-01-06 17:18:46,136 - INFO - [GINSLIB] processing : 2021/07/15 09:02:21 Q=5
2026-01-06 17:18:46,141 - INFO - [GINSLIB] processing : 2021/07/15 09:02:22 Q=5
2026-01-06 17:18:46,145 - INFO - [GINSLIB] processing : 2021/07/15 09:02:23 Q=5
2026-01-06 17:18:46,151 - INFO - [GINSLIB] processing : 2021/07/15 09:02:24 Q=5
2026-01-06 17:18:46,157 - INFO - [GINSLIB] processing : 2021/07/15 09:02:25 Q=5
2026-01-06 17:18:46,162 - INFO - [GINSLIB] processing : 2021/07/15 09:02:26 Q=5
2026-01-06 17:18:46,167 - INFO - [GINSLIB] processing : 2021/07/15 09:02:27 Q=5
2026-01-06 17:18:46,171 - INFO - [GINSLIB] processing : 2021/07/15 09:02:28 Q=5
2026-01-06 17:18:46,176 - INFO - [GINSLIB] processing : 2021/07/15 09:02:29 Q=5
2026-01-06 17:18:46,181 - INFO - [GINSLIB] processing : 2021/07/15 09:02:30 Q=5
2026-01-06 17:18:46,187 - INFO - [GINSLIB] processing : 2021/07/15 09:02:31 Q=5
2026-01-06 17:18:46,192 - INFO - [GINSLIB] processing : 2021/07/15 09:02:32 Q=5
2026-01-06 17:18:46,200 - INFO - [GINSLIB] processing : 2021/07/15 09:02:33 Q=5
2026-01-06 17:18:46,201 - INFO - [GINSLIB] processing : 2021/07/15 09:02:34 Q=5
2026-01-06 17:18:46,206 - INFO - [GINSLIB] processing : 2021/07/15 09:02:35 Q=5
2026-01-06 17:18:46,211 - INFO - [GINSLIB] processing : 2021/07/15 09:02:36 Q=5
2026-01-06 17:18:46,217 - INFO - [GINSLIB] processing : 2021/07/15 09:02:37 Q=5
2026-01-06 17:18:46,227 - INFO - [GINSLIB] processing : 2021/07/15 09:02:38 Q=5
2026-01-06 17:18:46,228 - INFO - [GINSLIB] processing : 2021/07/15 09:02:39 Q=5
2026-01-06 17:18:46,233 - INFO - [GINSLIB] processing : 2021/07/15 09:02:40 Q=5
2026-01-06 17:18:46,238 - INFO - [GINSLIB] processing : 2021/07/15 09:02:41 Q=5
2026-01-06 17:18:46,243 - INFO - [GINSLIB] processing : 2021/07/15 09:02:42 Q=5
2026-01-06 17:18:46,253 - INFO - [GINSLIB] processing : 2021/07/15 09:02:43 Q=5
2026-01-06 17:18:46,254 - INFO - [GINSLIB] processing : 2021/07/15 09:02:44 Q=5
2026-01-06 17:18:46,260 - INFO - [GINSLIB] processing : 2021/07/15 09:02:45 Q=5
2026-01-06 17:18:46,265 - INFO - [GINSLIB] processing : 2021/07/15 09:02:46 Q=5
2026-01-06 17:18:46,270 - INFO - [GINSLIB] processing : 2021/07/15 09:02:47 Q=5
2026-01-06 17:18:46,276 - INFO - [GINSLIB] processing : 2021/07/15 09:02:48 Q=5
2026-01-06 17:18:46,280 - INFO - [GINSLIB] processing : 2021/07/15 09:02:49 Q=5
2026-01-06 17:18:46,286 - INFO - [GINSLIB] processing : 2021/07/15 09:02:50 Q=5
2026-01-06 17:18:46,291 - INFO - [GINSLIB] processing : 2021/07/15 09:02:51 Q=5
2026-01-06 17:18:46,296 - INFO - [GINSLIB] processing : 2021/07/15 09:02:52 Q=5
2026-01-06 17:18:46,301 - INFO - [GINSLIB] processing : 2021/07/15 09:02:53 Q=5
2026-01-06 17:18:46,305 - INFO - [GINSLIB] processing : 2021/07/15 09:02:54 Q=5
2026-01-06 17:18:46,313 - INFO - [GINSLIB] processing : 2021/07/15 09:02:55 Q=5
2026-01-06 17:18:46,318 - INFO - [GINSLIB] processing : 2021/07/15 09:02:56 Q=5
2026-01-06 17:18:46,323 - INFO - [GINSLIB] processing : 2021/07/15 09:02:57 Q=5
2026-01-06 17:18:46,328 - INFO - [GINSLIB] processing : 2021/07/15 09:02:58 Q=5
2026-01-06 17:18:46,336 - INFO - [GINSLIB] processing : 2021/07/15 09:02:59 Q=5
2026-01-06 17:18:46,338 - INFO - [GINSLIB] processing : 2021/07/15 09:03:00 Q=5
2026-01-06 17:18:46,346 - INFO - [GINSLIB] processing : 2021/07/15 09:03:01 Q=5
2026-01-06 17:18:46,351 - INFO - [GINSLIB] processing : 2021/07/15 09:03:02 Q=5
2026-01-06 17:18:46,356 - INFO - [GINSLIB] processing : 2021/07/15 09:03:03 Q=5
2026-01-06 17:18:46,364 - INFO - [GINSLIB] processing : 2021/07/15 09:03:04 Q=5
2026-01-06 17:18:46,365 - INFO - [GINSLIB] processing : 2021/07/15 09:03:05 Q=5
2026-01-06 17:18:46,370 - INFO - [GINSLIB] processing : 2021/07/15 09:03:06 Q=5
2026-01-06 17:18:46,377 - INFO - [GINSLIB] processing : 2021/07/15 09:03:07 Q=5
2026-01-06 17:18:46,382 - INFO - [GINSLIB] processing : 2021/07/15 09:03:08 Q=5
2026-01-06 17:18:46,391 - INFO - [GINSLIB] processing : 2021/07/15 09:03:09 Q=5
2026-01-06 17:18:46,393 - INFO - [GINSLIB] processing : 2021/07/15 09:03:10 Q=5
2026-01-06 17:18:46,398 - INFO - [GINSLIB] processing : 2021/07/15 09:03:11 Q=5
2026-01-06 17:18:46,404 - INFO - [GINSLIB] processing : 2021/07/15 09:03:12 Q=5
2026-01-06 17:18:46,409 - INFO - [GINSLIB] processing : 2021/07/15 09:03:13 Q=5
2026-01-06 17:18:46,418 - INFO - [GINSLIB] processing : 2021/07/15 09:03:14 Q=5
2026-01-06 17:18:46,419 - INFO - [GINSLIB] processing : 2021/07/15 09:03:15 Q=5
2026-01-06 17:18:46,424 - INFO - [GINSLIB] processing : 2021/07/15 09:03:16 Q=5
2026-01-06 17:18:46,430 - INFO - [GINSLIB] processing : 2021/07/15 09:03:17 Q=5
2026-01-06 17:18:46,435 - INFO - [GINSLIB] processing : 2021/07/15 09:03:18 Q=5
2026-01-06 17:18:46,442 - INFO - [GINSLIB] processing : 2021/07/15 09:03:19 Q=5
2026-01-06 17:18:46,446 - INFO - [GINSLIB] processing : 2021/07/15 09:03:20 Q=5
2026-01-06 17:18:46,451 - INFO - [GINSLIB] processing : 2021/07/15 09:03:21 Q=5
2026-01-06 17:18:46,457 - INFO - [GINSLIB] processing : 2021/07/15 09:03:22 Q=5
2026-01-06 17:18:46,463 - INFO - [GINSLIB] processing : 2021/07/15 09:03:23 Q=5
2026-01-06 17:18:46,468 - INFO - [GINSLIB] processing : 2021/07/15 09:03:24 Q=5
2026-01-06 17:18:46,473 - INFO - [GINSLIB] processing : 2021/07/15 09:03:25 Q=5
2026-01-06 17:18:46,479 - INFO - [GINSLIB] processing : 2021/07/15 09:03:26 Q=5
2026-01-06 17:18:46,484 - INFO - [GINSLIB] processing : 2021/07/15 09:03:27 Q=5
2026-01-06 17:18:46,489 - INFO - [GINSLIB] processing : 2021/07/15 09:03:28 Q=5
2026-01-06 17:18:46,495 - INFO - [GINSLIB] processing : 2021/07/15 09:03:29 Q=5
2026-01-06 17:18:46,504 - INFO - [GINSLIB] processing : 2021/07/15 09:03:30 Q=5
2026-01-06 17:18:46,505 - INFO - [GINSLIB] processing : 2021/07/15 09:03:31 Q=5
2026-01-06 17:18:46,512 - INFO - [GINSLIB] processing : 2021/07/15 09:03:32 Q=5
2026-01-06 17:18:46,518 - INFO - [GINSLIB] processing : 2021/07/15 09:03:33 Q=5
2026-01-06 17:18:46,525 - INFO - [GINSLIB] processing : 2021/07/15 09:03:34 Q=5
2026-01-06 17:18:46,535 - INFO - [GINSLIB] processing : 2021/07/15 09:03:35 Q=5
2026-01-06 17:18:46,536 - INFO - [GINSLIB] processing : 2021/07/15 09:03:36 Q=5
2026-01-06 17:18:46,542 - INFO - [GINSLIB] processing : 2021/07/15 09:03:37 Q=5
2026-01-06 17:18:46,547 - INFO - [GINSLIB] processing : 2021/07/15 09:03:38 Q=5
2026-01-06 17:18:46,553 - INFO - [GINSLIB] processing : 2021/07/15 09:03:39 Q=5
2026-01-06 17:18:46,562 - INFO - [GINSLIB] processing : 2021/07/15 09:03:40 Q=5
2026-01-06 17:18:46,563 - INFO - [GINSLIB] processing : 2021/07/15 09:03:41 Q=5
2026-01-06 17:18:46,568 - INFO - [GINSLIB] processing : 2021/07/15 09:03:42 Q=5
2026-01-06 17:18:46,573 - INFO - [GINSLIB] processing : 2021/07/15 09:03:43 Q=5
2026-01-06 17:18:46,579 - INFO - [GINSLIB] processing : 2021/07/15 09:03:44 Q=5
2026-01-06 17:18:46,584 - INFO - [GINSLIB] processing : 2021/07/15 09:03:45 Q=5
2026-01-06 17:18:46,590 - INFO - [GINSLIB] processing : 2021/07/15 09:03:46 Q=5
2026-01-06 17:18:46,596 - INFO - [GINSLIB] processing : 2021/07/15 09:03:47 Q=5
2026-01-06 17:18:46,601 - INFO - [GINSLIB] processing : 2021/07/15 09:03:48 Q=5
2026-01-06 17:18:46,608 - INFO - [GINSLIB] processing : 2021/07/15 09:03:49 Q=5
2026-01-06 17:18:46,614 - INFO - [GINSLIB] processing : 2021/07/15 09:03:50 Q=5
2026-01-06 17:18:46,618 - INFO - [GINSLIB] processing : 2021/07/15 09:03:51 Q=5
2026-01-06 17:18:46,624 - INFO - [GINSLIB] processing : 2021/07/15 09:03:52 Q=5
2026-01-06 17:18:46,629 - INFO - [GINSLIB] processing : 2021/07/15 09:03:53 Q=5
2026-01-06 17:18:46,634 - INFO - [GINSLIB] processing : 2021/07/15 09:03:54 Q=5
2026-01-06 17:18:46,641 - INFO - [GINSLIB] processing : 2021/07/15 09:03:55 Q=5
2026-01-06 17:18:46,645 - INFO - [GINSLIB] processing : 2021/07/15 09:03:56 Q=5
2026-01-06 17:18:46,651 - INFO - [GINSLIB] processing : 2021/07/15 09:03:57 Q=5
2026-01-06 17:18:46,656 - INFO - [GINSLIB] processing : 2021/07/15 09:03:58 Q=5
2026-01-06 17:18:46,662 - INFO - [GINSLIB] processing : 2021/07/15 09:03:59 Q=5
2026-01-06 17:18:46,669 - INFO - [GINSLIB] processing : 2021/07/15 09:04:00 Q=5
2026-01-06 17:18:46,677 - INFO - [GINSLIB] processing : 2021/07/15 09:04:01 Q=5
2026-01-06 17:18:46,678 - INFO - [GINSLIB] processing : 2021/07/15 09:04:02 Q=5
2026-01-06 17:18:46,685 - INFO - [GINSLIB] processing : 2021/07/15 09:04:03 Q=5
2026-01-06 17:18:46,690 - INFO - [GINSLIB] processing : 2021/07/15 09:04:04 Q=5
2026-01-06 17:18:46,696 - INFO - [GINSLIB] processing : 2021/07/15 09:04:05 Q=5
2026-01-06 17:18:46,705 - INFO - [GINSLIB] processing : 2021/07/15 09:04:06 Q=5
2026-01-06 17:18:46,706 - INFO - [GINSLIB] processing : 2021/07/15 09:04:07 Q=5
2026-01-06 17:18:46,711 - INFO - [GINSLIB] processing : 2021/07/15 09:04:08 Q=5
2026-01-06 17:18:46,717 - INFO - [GINSLIB] processing : 2021/07/15 09:04:09 Q=5
2026-01-06 17:18:46,722 - INFO - [GINSLIB] processing : 2021/07/15 09:04:10 Q=5
2026-01-06 17:18:46,731 - INFO - [GINSLIB] processing : 2021/07/15 09:04:11 Q=5
2026-01-06 17:18:46,732 - INFO - [GINSLIB] processing : 2021/07/15 09:04:12 Q=5
2026-01-06 17:18:46,737 - INFO - [GINSLIB] processing : 2021/07/15 09:04:13 Q=5
2026-01-06 17:18:46,744 - INFO - [GINSLIB] processing : 2021/07/15 09:04:14 Q=5
2026-01-06 17:18:46,750 - INFO - [GINSLIB] processing : 2021/07/15 09:04:15 Q=5
2026-01-06 17:18:46,756 - INFO - [GINSLIB] processing : 2021/07/15 09:04:16 Q=5
2026-01-06 17:18:46,762 - INFO - [GINSLIB] processing : 2021/07/15 09:04:17 Q=5
2026-01-06 17:18:46,767 - INFO - [GINSLIB] processing : 2021/07/15 09:04:18 Q=5
2026-01-06 17:18:46,774 - INFO - [GINSLIB] processing : 2021/07/15 09:04:19 Q=5
2026-01-06 17:18:46,781 - INFO - [GINSLIB] processing : 2021/07/15 09:04:20 Q=5
2026-01-06 17:18:46,787 - INFO - [GINSLIB] processing : 2021/07/15 09:04:21 Q=5
2026-01-06 17:18:46,793 - INFO - [GINSLIB] processing : 2021/07/15 09:04:22 Q=5
2026-01-06 17:18:46,799 - INFO - [GINSLIB] processing : 2021/07/15 09:04:23 Q=5
2026-01-06 17:18:46,805 - INFO - [GINSLIB] processing : 2021/07/15 09:04:24 Q=5
2026-01-06 17:18:46,811 - INFO - [GINSLIB] processing : 2021/07/15 09:04:25 Q=5
2026-01-06 17:18:46,816 - INFO - [GINSLIB] processing : 2021/07/15 09:04:26 Q=5
2026-01-06 17:18:46,822 - INFO - [GINSLIB] processing : 2021/07/15 09:04:27 Q=5
2026-01-06 17:18:46,828 - INFO - [GINSLIB] processing : 2021/07/15 09:04:28 Q=5
2026-01-06 17:18:46,834 - INFO - [GINSLIB] processing : 2021/07/15 09:04:29 Q=5
2026-01-06 17:18:46,841 - INFO - [GINSLIB] processing : 2021/07/15 09:04:30 Q=5
2026-01-06 17:18:46,846 - INFO - [GINSLIB] processing : 2021/07/15 09:04:31 Q=5
2026-01-06 17:18:46,858 - INFO - [GINSLIB] processing : 2021/07/15 09:04:32 Q=5
2026-01-06 17:18:46,859 - INFO - [GINSLIB] processing : 2021/07/15 09:04:33 Q=5
2026-01-06 17:18:46,864 - INFO - [GINSLIB] processing : 2021/07/15 09:04:34 Q=5
2026-01-06 17:18:46,872 - INFO - [GINSLIB] processing : 2021/07/15 09:04:35 Q=5
2026-01-06 17:18:46,878 - INFO - [GINSLIB] processing : 2021/07/15 09:04:36 Q=5
2026-01-06 17:18:46,888 - INFO - [GINSLIB] processing : 2021/07/15 09:04:37 Q=5
2026-01-06 17:18:46,890 - INFO - [GINSLIB] processing : 2021/07/15 09:04:38 Q=5
2026-01-06 17:18:46,896 - INFO - [GINSLIB] processing : 2021/07/15 09:04:39 Q=5
2026-01-06 17:18:46,903 - INFO - [GINSLIB] processing : 2021/07/15 09:04:40 Q=5
2026-01-06 17:18:46,910 - INFO - [GINSLIB] processing : 2021/07/15 09:04:41 Q=5
2026-01-06 17:18:46,921 - INFO - [GINSLIB] processing : 2021/07/15 09:04:42 Q=5
2026-01-06 17:18:46,922 - INFO - [GINSLIB] processing : 2021/07/15 09:04:43 Q=5
2026-01-06 17:18:46,929 - INFO - [GINSLIB] processing : 2021/07/15 09:04:44 Q=5
2026-01-06 17:18:46,935 - INFO - [GINSLIB] processing : 2021/07/15 09:04:45 Q=5
2026-01-06 17:18:46,941 - INFO - [GINSLIB] processing : 2021/07/15 09:04:46 Q=5
2026-01-06 17:18:46,949 - INFO - [GINSLIB] processing : 2021/07/15 09:04:47 Q=5
2026-01-06 17:18:46,954 - INFO - [GINSLIB] processing : 2021/07/15 09:04:48 Q=5
2026-01-06 17:18:46,960 - INFO - [GINSLIB] processing : 2021/07/15 09:04:49 Q=5
2026-01-06 17:18:46,966 - INFO - [GINSLIB] processing : 2021/07/15 09:04:50 Q=5
2026-01-06 17:18:46,971 - INFO - [GINSLIB] processing : 2021/07/15 09:04:51 Q=5
2026-01-06 17:18:46,977 - INFO - [GINSLIB] processing : 2021/07/15 09:04:52 Q=5
2026-01-06 17:18:46,981 - INFO - [GINSLIB] processing : 2021/07/15 09:04:53 Q=5
2026-01-06 17:18:46,986 - INFO - [GINSLIB] processing : 2021/07/15 09:04:54 Q=5
2026-01-06 17:18:46,993 - INFO - [GINSLIB] processing : 2021/07/15 09:04:55 Q=5
2026-01-06 17:18:46,998 - INFO - [GINSLIB] processing : 2021/07/15 09:04:56 Q=5
2026-01-06 17:18:47,002 - INFO - [GINSLIB] processing : 2021/07/15 09:04:57 Q=5
2026-01-06 17:18:47,007 - INFO - [GINSLIB] processing : 2021/07/15 09:04:58 Q=5
2026-01-06 17:18:47,012 - INFO - [GINSLIB] processing : 2021/07/15 09:04:59 Q=5
2026-01-06 17:18:47,016 - INFO - [GINSLIB] processing : 2021/07/15 09:05:00 Q=5
2026-01-06 17:18:47,023 - INFO - [GINSLIB] processing : 2021/07/15 09:05:01 Q=5
2026-01-06 17:18:47,028 - INFO - [GINSLIB] processing : 2021/07/15 09:05:02 Q=5
2026-01-06 17:18:47,037 - INFO - [GINSLIB] processing : 2021/07/15 09:05:03 Q=5
2026-01-06 17:18:47,038 - INFO - [GINSLIB] processing : 2021/07/15 09:05:04 Q=5
2026-01-06 17:18:47,043 - INFO - [GINSLIB] processing : 2021/07/15 09:05:05 Q=5
2026-01-06 17:18:47,049 - INFO - [GINSLIB] processing : 2021/07/15 09:05:06 Q=5
2026-01-06 17:18:47,054 - INFO - [GINSLIB] processing : 2021/07/15 09:05:07 Q=5
2026-01-06 17:18:47,062 - INFO - [GINSLIB] processing : 2021/07/15 09:05:08 Q=5
2026-01-06 17:18:47,063 - INFO - [GINSLIB] processing : 2021/07/15 09:05:09 Q=5
2026-01-06 17:18:47,068 - INFO - [GINSLIB] processing : 2021/07/15 09:05:10 Q=5
2026-01-06 17:18:47,073 - INFO - [GINSLIB] processing : 2021/07/15 09:05:11 Q=5
2026-01-06 17:18:47,077 - INFO - [GINSLIB] processing : 2021/07/15 09:05:12 Q=5
2026-01-06 17:18:47,085 - INFO - [GINSLIB] processing : 2021/07/15 09:05:13 Q=5
2026-01-06 17:18:47,086 - INFO - [GINSLIB] processing : 2021/07/15 09:05:14 Q=5
2026-01-06 17:18:47,090 - INFO - [GINSLIB] processing : 2021/07/15 09:05:15 Q=5
2026-01-06 17:18:47,095 - INFO - [GINSLIB] processing : 2021/07/15 09:05:16 Q=5
2026-01-06 17:18:47,101 - INFO - [GINSLIB] processing : 2021/07/15 09:05:17 Q=5
2026-01-06 17:18:47,106 - INFO - [GINSLIB] processing : 2021/07/15 09:05:18 Q=5
2026-01-06 17:18:47,110 - INFO - [GINSLIB] processing : 2021/07/15 09:05:19 Q=5
2026-01-06 17:18:47,116 - INFO - [GINSLIB] processing : 2021/07/15 09:05:20 Q=5
2026-01-06 17:18:47,121 - INFO - [GINSLIB] processing : 2021/07/15 09:05:21 Q=5
2026-01-06 17:18:47,125 - INFO - [GINSLIB] processing : 2021/07/15 09:05:22 Q=5
2026-01-06 17:18:47,131 - INFO - [GINSLIB] processing : 2021/07/15 09:05:23 Q=5
2026-01-06 17:18:47,134 - INFO - [GINSLIB] processing : 2021/07/15 09:05:24 Q=5
2026-01-06 17:18:47,139 - INFO - [GINSLIB] processing : 2021/07/15 09:05:25 Q=5
2026-01-06 17:18:47,145 - INFO - [GINSLIB] processing : 2021/07/15 09:05:26 Q=5
2026-01-06 17:18:47,149 - INFO - [GINSLIB] processing : 2021/07/15 09:05:27 Q=5
2026-01-06 17:18:47,154 - INFO - [GINSLIB] processing : 2021/07/15 09:05:28 Q=5
2026-01-06 17:18:47,162 - INFO - [GINSLIB] processing : 2021/07/15 09:05:29 Q=5
2026-01-06 17:18:47,163 - INFO - [GINSLIB] processing : 2021/07/15 09:05:30 Q=5
2026-01-06 17:18:47,168 - INFO - [GINSLIB] processing : 2021/07/15 09:05:31 Q=5
2026-01-06 17:18:47,173 - INFO - [GINSLIB] processing : 2021/07/15 09:05:32 Q=5
2026-01-06 17:18:47,179 - INFO - [GINSLIB] processing : 2021/07/15 09:05:33 Q=5
2026-01-06 17:18:47,186 - INFO - [GINSLIB] processing : 2021/07/15 09:05:34 Q=5
2026-01-06 17:18:47,187 - INFO - [GINSLIB] processing : 2021/07/15 09:05:35 Q=5
2026-01-06 17:18:47,193 - INFO - [GINSLIB] processing : 2021/07/15 09:05:36 Q=5
2026-01-06 17:18:47,197 - INFO - [GINSLIB] processing : 2021/07/15 09:05:37 Q=5
2026-01-06 17:18:47,202 - INFO - [GINSLIB] processing : 2021/07/15 09:05:38 Q=5
2026-01-06 17:18:47,211 - INFO - [GINSLIB] processing : 2021/07/15 09:05:39 Q=5
2026-01-06 17:18:47,212 - INFO - [GINSLIB] processing : 2021/07/15 09:05:40 Q=5
2026-01-06 17:18:47,217 - INFO - [GINSLIB] processing : 2021/07/15 09:05:41 Q=5
2026-01-06 17:18:47,222 - INFO - [GINSLIB] processing : 2021/07/15 09:05:42 Q=5
2026-01-06 17:18:47,227 - INFO - [GINSLIB] processing : 2021/07/15 09:05:43 Q=5
2026-01-06 17:18:47,235 - INFO - [GINSLIB] processing : 2021/07/15 09:05:44 Q=5
2026-01-06 17:18:47,236 - INFO - [GINSLIB] processing : 2021/07/15 09:05:45 Q=5
2026-01-06 17:18:47,241 - INFO - [GINSLIB] processing : 2021/07/15 09:05:46 Q=5
2026-01-06 17:18:47,245 - INFO - [GINSLIB] processing : 2021/07/15 09:05:47 Q=5
2026-01-06 17:18:47,251 - INFO - [GINSLIB] processing : 2021/07/15 09:05:48 Q=5
2026-01-06 17:18:47,256 - INFO - [GINSLIB] processing : 2021/07/15 09:05:49 Q=5
2026-01-06 17:18:47,259 - INFO - [GINSLIB] processing : 2021/07/15 09:05:50 Q=5
2026-01-06 17:18:47,264 - INFO - [GINSLIB] processing : 2021/07/15 09:05:51 Q=5
2026-01-06 17:18:47,268 - INFO - [GINSLIB] processing : 2021/07/15 09:05:52 Q=5
2026-01-06 17:18:47,274 - INFO - [GINSLIB] processing : 2021/07/15 09:05:53 Q=5
2026-01-06 17:18:47,279 - INFO - [GINSLIB] processing : 2021/07/15 09:05:54 Q=5
2026-01-06 17:18:47,283 - INFO - [GINSLIB] processing : 2021/07/15 09:05:55 Q=5
2026-01-06 17:18:47,289 - INFO - [GINSLIB] processing : 2021/07/15 09:05:56 Q=5
2026-01-06 17:18:47,293 - INFO - [GINSLIB] processing : 2021/07/15 09:05:57 Q=5
2026-01-06 17:18:47,299 - INFO - [GINSLIB] processing : 2021/07/15 09:05:58 Q=5
2026-01-06 17:18:47,304 - INFO - [GINSLIB] processing : 2021/07/15 09:05:59 Q=5
2026-01-06 17:18:47,312 - INFO - [GINSLIB] processing : 2021/07/15 09:06:00 Q=5
2026-01-06 17:18:47,313 - INFO - [GINSLIB] processing : 2021/07/15 09:06:01 Q=5
2026-01-06 17:18:47,319 - INFO - [GINSLIB] processing : 2021/07/15 09:06:02 Q=5
2026-01-06 17:18:47,323 - INFO - [GINSLIB] processing : 2021/07/15 09:06:03 Q=5
2026-01-06 17:18:47,327 - INFO - [GINSLIB] processing : 2021/07/15 09:06:04 Q=5
2026-01-06 17:18:47,335 - INFO - [GINSLIB] processing : 2021/07/15 09:06:05 Q=5
2026-01-06 17:18:47,336 - INFO - [GINSLIB] processing : 2021/07/15 09:06:06 Q=5
2026-01-06 17:18:47,340 - INFO - [GINSLIB] processing : 2021/07/15 09:06:07 Q=5
2026-01-06 17:18:47,345 - INFO - [GINSLIB] processing : 2021/07/15 09:06:08 Q=5
2026-01-06 17:18:47,350 - INFO - [GINSLIB] processing : 2021/07/15 09:06:09 Q=5
2026-01-06 17:18:47,356 - INFO - [GINSLIB] processing : 2021/07/15 09:06:10 Q=5
2026-01-06 17:18:47,357 - INFO - [GINSLIB] processing : 2021/07/15 09:06:11 Q=5
2026-01-06 17:18:47,362 - INFO - [GINSLIB] processing : 2021/07/15 09:06:12 Q=5
2026-01-06 17:18:47,366 - INFO - [GINSLIB] processing : 2021/07/15 09:06:13 Q=5
2026-01-06 17:18:47,371 - INFO - [GINSLIB] processing : 2021/07/15 09:06:14 Q=5
2026-01-06 17:18:47,375 - INFO - [GINSLIB] processing : 2021/07/15 09:06:15 Q=5
2026-01-06 17:18:47,379 - INFO - [GINSLIB] processing : 2021/07/15 09:06:16 Q=5
2026-01-06 17:18:47,384 - INFO - [GINSLIB] processing : 2021/07/15 09:06:17 Q=5
2026-01-06 17:18:47,388 - INFO - [GINSLIB] processing : 2021/07/15 09:06:18 Q=5
2026-01-06 17:18:47,394 - INFO - [GINSLIB] processing : 2021/07/15 09:06:19 Q=5
2026-01-06 17:18:47,400 - INFO - [GINSLIB] processing : 2021/07/15 09:06:20 Q=5
2026-01-06 17:18:47,403 - INFO - [GINSLIB] processing : 2021/07/15 09:06:21 Q=5
2026-01-06 17:18:47,410 - INFO - [GINSLIB] processing : 2021/07/15 09:06:22 Q=5
2026-01-06 17:18:47,415 - INFO - [GINSLIB] processing : 2021/07/15 09:06:23 Q=5
2026-01-06 17:18:47,422 - INFO - [GINSLIB] processing : 2021/07/15 09:06:24 Q=5
2026-01-06 17:18:47,428 - INFO - [GINSLIB] processing : 2021/07/15 09:06:25 Q=5
2026-01-06 17:18:47,431 - INFO - [GINSLIB] processing : 2021/07/15 09:06:25 Q=7
2026-01-06 17:18:47,431 - INFO - [GINSLIB] processing : 2021/07/15 09:06:26 Q=7
2026-01-06 17:18:47,435 - INFO - [GINSLIB] processing : 2021/07/15 09:06:26 Q=5
2026-01-06 17:18:47,436 - INFO - [GINSLIB] processing : 2021/07/15 09:06:27 Q=5
2026-01-06 17:18:47,443 - INFO - [GINSLIB] processing : 2021/07/15 09:06:28 Q=5
2026-01-06 17:18:47,448 - INFO - [GINSLIB] processing : 2021/07/15 09:06:29 Q=5
2026-01-06 17:18:47,453 - INFO - [GINSLIB] processing : 2021/07/15 09:06:30 Q=5
2026-01-06 17:18:47,460 - INFO - [GINSLIB] processing : 2021/07/15 09:06:31 Q=5
2026-01-06 17:18:47,462 - INFO - [GINSLIB] processing : 2021/07/15 09:06:32 Q=5
2026-01-06 17:18:47,466 - INFO - [GINSLIB] processing : 2021/07/15 09:06:33 Q=5
2026-01-06 17:18:47,473 - INFO - [GINSLIB] processing : 2021/07/15 09:06:34 Q=5
2026-01-06 17:18:47,479 - INFO - [GINSLIB] processing : 2021/07/15 09:06:35 Q=5
2026-01-06 17:18:47,488 - INFO - [GINSLIB] processing : 2021/07/15 09:06:36 Q=5
2026-01-06 17:18:47,490 - INFO - [GINSLIB] processing : 2021/07/15 09:06:37 Q=5
2026-01-06 17:18:47,495 - INFO - [GINSLIB] processing : 2021/07/15 09:06:38 Q=5
2026-01-06 17:18:47,502 - INFO - [GINSLIB] processing : 2021/07/15 09:06:39 Q=5
2026-01-06 17:18:47,508 - INFO - [GINSLIB] processing : 2021/07/15 09:06:40 Q=5
2026-01-06 17:18:47,518 - INFO - [GINSLIB] processing : 2021/07/15 09:06:41 Q=5
2026-01-06 17:18:47,520 - INFO - [GINSLIB] processing : 2021/07/15 09:06:42 Q=5
2026-01-06 17:18:47,525 - INFO - [GINSLIB] processing : 2021/07/15 09:06:43 Q=5
2026-01-06 17:18:47,532 - INFO - [GINSLIB] processing : 2021/07/15 09:06:44 Q=5
2026-01-06 17:18:47,538 - INFO - [GINSLIB] processing : 2021/07/15 09:06:45 Q=5
2026-01-06 17:18:47,544 - INFO - [GINSLIB] processing : 2021/07/15 09:06:46 Q=5
2026-01-06 17:18:47,549 - INFO - [GINSLIB] processing : 2021/07/15 09:06:47 Q=5
2026-01-06 17:18:47,554 - INFO - [GINSLIB] processing : 2021/07/15 09:06:48 Q=5
2026-01-06 17:18:47,559 - INFO - [GINSLIB] processing : 2021/07/15 09:06:49 Q=5
2026-01-06 17:18:47,564 - INFO - [GINSLIB] processing : 2021/07/15 09:06:50 Q=5
2026-01-06 17:18:47,569 - INFO - [GINSLIB] processing : 2021/07/15 09:06:51 Q=5
2026-01-06 17:18:47,573 - INFO - [GINSLIB] processing : 2021/07/15 09:06:52 Q=5
2026-01-06 17:18:47,579 - INFO - [GINSLIB] processing : 2021/07/15 09:06:53 Q=5
2026-01-06 17:18:47,585 - INFO - [GINSLIB] processing : 2021/07/15 09:06:54 Q=5
2026-01-06 17:18:47,591 - INFO - [GINSLIB] processing : 2021/07/15 09:06:55 Q=5
2026-01-06 17:18:47,596 - INFO - [GINSLIB] processing : 2021/07/15 09:06:56 Q=5
2026-01-06 17:18:47,600 - INFO - [GINSLIB] processing : 2021/07/15 09:06:57 Q=5
2026-01-06 17:18:47,605 - INFO - [GINSLIB] processing : 2021/07/15 09:06:58 Q=5
2026-01-06 17:18:47,612 - INFO - [GINSLIB] processing : 2021/07/15 09:06:59 Q=5
2026-01-06 17:18:47,617 - INFO - [GINSLIB] processing : 2021/07/15 09:07:00 Q=5
2026-01-06 17:18:47,622 - INFO - [GINSLIB] processing : 2021/07/15 09:07:01 Q=5
2026-01-06 17:18:47,630 - INFO - [GINSLIB] processing : 2021/07/15 09:07:02 Q=5
2026-01-06 17:18:47,631 - INFO - [GINSLIB] processing : 2021/07/15 09:07:03 Q=5
2026-01-06 17:18:47,637 - INFO - [GINSLIB] processing : 2021/07/15 09:07:04 Q=5
2026-01-06 17:18:47,643 - INFO - [GINSLIB] processing : 2021/07/15 09:07:05 Q=5
2026-01-06 17:18:47,648 - INFO - [GINSLIB] processing : 2021/07/15 09:07:06 Q=5
2026-01-06 17:18:47,655 - INFO - [GINSLIB] processing : 2021/07/15 09:07:07 Q=5
2026-01-06 17:18:47,656 - INFO - [GINSLIB] processing : 2021/07/15 09:07:08 Q=5
2026-01-06 17:18:47,661 - INFO - [GINSLIB] processing : 2021/07/15 09:07:09 Q=5
2026-01-06 17:18:47,666 - INFO - [GINSLIB] processing : 2021/07/15 09:07:10 Q=5
2026-01-06 17:18:47,673 - INFO - [GINSLIB] processing : 2021/07/15 09:07:11 Q=5
2026-01-06 17:18:47,683 - INFO - [GINSLIB] processing : 2021/07/15 09:07:12 Q=5
2026-01-06 17:18:47,684 - INFO - [GINSLIB] processing : 2021/07/15 09:07:13 Q=5
2026-01-06 17:18:47,690 - INFO - [GINSLIB] processing : 2021/07/15 09:07:14 Q=5
2026-01-06 17:18:47,698 - INFO - [GINSLIB] processing : 2021/07/15 09:07:15 Q=5
2026-01-06 17:18:47,703 - INFO - [GINSLIB] processing : 2021/07/15 09:07:16 Q=5
2026-01-06 17:18:47,708 - INFO - [GINSLIB] processing : 2021/07/15 09:07:17 Q=5
2026-01-06 17:18:47,711 - INFO - [GINSLIB] processing : 2021/07/15 09:07:18 Q=5
2026-01-06 17:18:47,718 - INFO - [GINSLIB] processing : 2021/07/15 09:07:19 Q=5
2026-01-06 17:18:47,724 - INFO - [GINSLIB] processing : 2021/07/15 09:07:20 Q=5
2026-01-06 17:18:47,730 - INFO - [GINSLIB] processing : 2021/07/15 09:07:21 Q=5
2026-01-06 17:18:47,734 - INFO - [GINSLIB] processing : 2021/07/15 09:07:22 Q=5
2026-01-06 17:18:47,738 - INFO - [GINSLIB] processing : 2021/07/15 09:07:23 Q=5
2026-01-06 17:18:47,742 - INFO - [GINSLIB] processing : 2021/07/15 09:07:24 Q=5
2026-01-06 17:18:47,748 - INFO - [GINSLIB] processing : 2021/07/15 09:07:25 Q=5
2026-01-06 17:18:47,754 - INFO - [GINSLIB] processing : 2021/07/15 09:07:26 Q=5
2026-01-06 17:18:47,759 - INFO - [GINSLIB] processing : 2021/07/15 09:07:27 Q=5
2026-01-06 17:18:47,763 - INFO - [GINSLIB] processing : 2021/07/15 09:07:28 Q=5
2026-01-06 17:18:47,768 - INFO - [GINSLIB] processing : 2021/07/15 09:07:29 Q=5
2026-01-06 17:18:47,772 - INFO - [GINSLIB] processing : 2021/07/15 09:07:30 Q=5
2026-01-06 17:18:47,778 - INFO - [GINSLIB] processing : 2021/07/15 09:07:31 Q=5
2026-01-06 17:18:47,785 - INFO - [GINSLIB] processing : 2021/07/15 09:07:32 Q=5
2026-01-06 17:18:47,794 - INFO - [GINSLIB] processing : 2021/07/15 09:07:33 Q=5
2026-01-06 17:18:47,795 - INFO - [GINSLIB] processing : 2021/07/15 09:07:34 Q=5
2026-01-06 17:18:47,800 - INFO - [GINSLIB] processing : 2021/07/15 09:07:35 Q=5
2026-01-06 17:18:47,804 - INFO - [GINSLIB] processing : 2021/07/15 09:07:36 Q=5
2026-01-06 17:18:47,811 - INFO - [GINSLIB] processing : 2021/07/15 09:07:37 Q=5
2026-01-06 17:18:47,820 - INFO - [GINSLIB] processing : 2021/07/15 09:07:38 Q=5
2026-01-06 17:18:47,821 - INFO - [GINSLIB] processing : 2021/07/15 09:07:39 Q=5
2026-01-06 17:18:47,826 - INFO - [GINSLIB] processing : 2021/07/15 09:07:40 Q=5
2026-01-06 17:18:47,831 - INFO - [GINSLIB] processing : 2021/07/15 09:07:41 Q=5
2026-01-06 17:18:47,835 - INFO - [GINSLIB] processing : 2021/07/15 09:07:42 Q=5
2026-01-06 17:18:47,845 - INFO - [GINSLIB] processing : 2021/07/15 09:07:43 Q=5
2026-01-06 17:18:47,847 - INFO - [GINSLIB] processing : 2021/07/15 09:07:44 Q=5
2026-01-06 17:18:47,851 - INFO - [GINSLIB] processing : 2021/07/15 09:07:45 Q=5
2026-01-06 17:18:47,857 - INFO - [GINSLIB] processing : 2021/07/15 09:07:46 Q=5
2026-01-06 17:18:47,862 - INFO - [GINSLIB] processing : 2021/07/15 09:07:47 Q=5
2026-01-06 17:18:47,867 - INFO - [GINSLIB] processing : 2021/07/15 09:07:48 Q=5
2026-01-06 17:18:47,871 - INFO - [GINSLIB] processing : 2021/07/15 09:07:49 Q=5
2026-01-06 17:18:47,878 - INFO - [GINSLIB] processing : 2021/07/15 09:07:50 Q=5
2026-01-06 17:18:47,883 - INFO - [GINSLIB] processing : 2021/07/15 09:07:51 Q=5
2026-01-06 17:18:47,887 - INFO - [GINSLIB] processing : 2021/07/15 09:07:52 Q=5
2026-01-06 17:18:47,892 - INFO - [GINSLIB] processing : 2021/07/15 09:07:53 Q=5
2026-01-06 17:18:47,896 - INFO - [GINSLIB] processing : 2021/07/15 09:07:54 Q=5
2026-01-06 17:18:47,900 - INFO - [GINSLIB] processing : 2021/07/15 09:07:55 Q=5
2026-01-06 17:18:47,907 - INFO - [GINSLIB] processing : 2021/07/15 09:07:56 Q=5
2026-01-06 17:18:47,913 - INFO - [GINSLIB] processing : 2021/07/15 09:07:57 Q=5
2026-01-06 17:18:47,917 - INFO - [GINSLIB] processing : 2021/07/15 09:07:58 Q=5
2026-01-06 17:18:47,922 - INFO - [GINSLIB] processing : 2021/07/15 09:07:59 Q=5
2026-01-06 17:18:47,927 - INFO - [GINSLIB] processing : 2021/07/15 09:08:00 Q=5
2026-01-06 17:18:47,931 - INFO - [GINSLIB] processing : 2021/07/15 09:08:01 Q=5
2026-01-06 17:18:47,937 - INFO - [GINSLIB] processing : 2021/07/15 09:08:02 Q=5
2026-01-06 17:18:47,943 - INFO - [GINSLIB] processing : 2021/07/15 09:08:03 Q=5
2026-01-06 17:18:47,951 - INFO - [GINSLIB] processing : 2021/07/15 09:08:04 Q=5
2026-01-06 17:18:47,952 - INFO - [GINSLIB] processing : 2021/07/15 09:08:05 Q=5
2026-01-06 17:18:47,957 - INFO - [GINSLIB] processing : 2021/07/15 09:08:06 Q=5
2026-01-06 17:18:47,962 - INFO - [GINSLIB] processing : 2021/07/15 09:08:07 Q=5
2026-01-06 17:18:47,967 - INFO - [GINSLIB] processing : 2021/07/15 09:08:08 Q=5
2026-01-06 17:18:47,976 - INFO - [GINSLIB] processing : 2021/07/15 09:08:09 Q=5
2026-01-06 17:18:47,977 - INFO - [GINSLIB] processing : 2021/07/15 09:08:10 Q=5
2026-01-06 17:18:47,982 - INFO - [GINSLIB] processing : 2021/07/15 09:08:11 Q=5
2026-01-06 17:18:47,987 - INFO - [GINSLIB] processing : 2021/07/15 09:08:12 Q=5
2026-01-06 17:18:47,992 - INFO - [GINSLIB] processing : 2021/07/15 09:08:13 Q=5
2026-01-06 17:18:48,002 - INFO - [GINSLIB] processing : 2021/07/15 09:08:14 Q=5
2026-01-06 17:18:48,003 - INFO - [GINSLIB] processing : 2021/07/15 09:08:15 Q=5
2026-01-06 17:18:48,009 - INFO - [GINSLIB] processing : 2021/07/15 09:08:16 Q=5
2026-01-06 17:18:48,015 - INFO - [GINSLIB] processing : 2021/07/15 09:08:17 Q=5
2026-01-06 17:18:48,021 - INFO - [GINSLIB] processing : 2021/07/15 09:08:18 Q=5
2026-01-06 17:18:48,028 - INFO - [GINSLIB] processing : 2021/07/15 09:08:19 Q=5
2026-01-06 17:18:48,033 - INFO - [GINSLIB] processing : 2021/07/15 09:08:20 Q=5
2026-01-06 17:18:48,038 - INFO - [GINSLIB] processing : 2021/07/15 09:08:21 Q=5
2026-01-06 17:18:48,044 - INFO - [GINSLIB] processing : 2021/07/15 09:08:22 Q=5
2026-01-06 17:18:48,049 - INFO - [GINSLIB] processing : 2021/07/15 09:08:23 Q=5
2026-01-06 17:18:48,054 - INFO - [GINSLIB] processing : 2021/07/15 09:08:24 Q=5
2026-01-06 17:18:48,058 - INFO - [GINSLIB] processing : 2021/07/15 09:08:25 Q=5
2026-01-06 17:18:48,065 - INFO - [GINSLIB] processing : 2021/07/15 09:08:26 Q=5
2026-01-06 17:18:48,070 - INFO - [GINSLIB] processing : 2021/07/15 09:08:27 Q=5
2026-01-06 17:18:48,075 - INFO - [GINSLIB] processing : 2021/07/15 09:08:28 Q=5
2026-01-06 17:18:48,080 - INFO - [GINSLIB] processing : 2021/07/15 09:08:29 Q=5
2026-01-06 17:18:48,088 - INFO - [GINSLIB] processing : 2021/07/15 09:08:30 Q=5
2026-01-06 17:18:48,089 - INFO - [GINSLIB] processing : 2021/07/15 09:08:31 Q=5
2026-01-06 17:18:48,097 - INFO - [GINSLIB] processing : 2021/07/15 09:08:32 Q=5
2026-01-06 17:18:48,102 - INFO - [GINSLIB] processing : 2021/07/15 09:08:33 Q=5
2026-01-06 17:18:48,108 - INFO - [GINSLIB] processing : 2021/07/15 09:08:34 Q=5
2026-01-06 17:18:48,116 - INFO - [GINSLIB] processing : 2021/07/15 09:08:35 Q=5
2026-01-06 17:18:48,117 - INFO - [GINSLIB] processing : 2021/07/15 09:08:36 Q=5
2026-01-06 17:18:48,124 - INFO - [GINSLIB] processing : 2021/07/15 09:08:37 Q=5
2026-01-06 17:18:48,130 - INFO - [GINSLIB] processing : 2021/07/15 09:08:38 Q=5
2026-01-06 17:18:48,135 - INFO - [GINSLIB] processing : 2021/07/15 09:08:39 Q=5
2026-01-06 17:18:48,143 - INFO - [GINSLIB] processing : 2021/07/15 09:08:40 Q=5
2026-01-06 17:18:48,144 - INFO - [GINSLIB] processing : 2021/07/15 09:08:41 Q=5
2026-01-06 17:18:48,149 - INFO - [GINSLIB] processing : 2021/07/15 09:08:42 Q=5
2026-01-06 17:18:48,155 - INFO - [GINSLIB] processing : 2021/07/15 09:08:43 Q=5
2026-01-06 17:18:48,161 - INFO - [GINSLIB] processing : 2021/07/15 09:08:44 Q=5
2026-01-06 17:18:48,169 - INFO - [GINSLIB] processing : 2021/07/15 09:08:45 Q=5
2026-01-06 17:18:48,170 - INFO - [GINSLIB] processing : 2021/07/15 09:08:46 Q=5
2026-01-06 17:18:48,176 - INFO - [GINSLIB] processing : 2021/07/15 09:08:47 Q=5
2026-01-06 17:18:48,181 - INFO - [GINSLIB] processing : 2021/07/15 09:08:48 Q=5
2026-01-06 17:18:48,188 - INFO - [GINSLIB] processing : 2021/07/15 09:08:49 Q=5
2026-01-06 17:18:48,193 - INFO - [GINSLIB] processing : 2021/07/15 09:08:50 Q=5
2026-01-06 17:18:48,198 - INFO - [GINSLIB] processing : 2021/07/15 09:08:51 Q=5
2026-01-06 17:18:48,203 - INFO - [GINSLIB] processing : 2021/07/15 09:08:52 Q=5
2026-01-06 17:18:48,208 - INFO - [GINSLIB] processing : 2021/07/15 09:08:53 Q=5
2026-01-06 17:18:48,214 - INFO - [GINSLIB] processing : 2021/07/15 09:08:54 Q=5
2026-01-06 17:18:48,219 - INFO - [GINSLIB] processing : 2021/07/15 09:08:55 Q=5
2026-01-06 17:18:48,224 - INFO - [GINSLIB] processing : 2021/07/15 09:08:56 Q=5
2026-01-06 17:18:48,230 - INFO - [GINSLIB] processing : 2021/07/15 09:08:57 Q=5
2026-01-06 17:18:48,235 - INFO - [GINSLIB] processing : 2021/07/15 09:08:58 Q=5
2026-01-06 17:18:48,241 - INFO - [GINSLIB] processing : 2021/07/15 09:08:59 Q=5
2026-01-06 17:18:48,247 - INFO - [GINSLIB] processing : 2021/07/15 09:09:00 Q=5
2026-01-06 17:18:48,255 - INFO - [GINSLIB] processing : 2021/07/15 09:09:01 Q=5
2026-01-06 17:18:48,256 - INFO - [GINSLIB] processing : 2021/07/15 09:09:02 Q=5
2026-01-06 17:18:48,262 - INFO - [GINSLIB] processing : 2021/07/15 09:09:03 Q=5
2026-01-06 17:18:48,267 - INFO - [GINSLIB] processing : 2021/07/15 09:09:04 Q=5
2026-01-06 17:18:48,273 - INFO - [GINSLIB] processing : 2021/07/15 09:09:05 Q=5
2026-01-06 17:18:48,281 - INFO - [GINSLIB] processing : 2021/07/15 09:09:06 Q=5
2026-01-06 17:18:48,282 - INFO - [GINSLIB] processing : 2021/07/15 09:09:07 Q=5
2026-01-06 17:18:48,287 - INFO - [GINSLIB] processing : 2021/07/15 09:09:08 Q=5
2026-01-06 17:18:48,293 - INFO - [GINSLIB] processing : 2021/07/15 09:09:09 Q=5
2026-01-06 17:18:48,298 - INFO - [GINSLIB] processing : 2021/07/15 09:09:10 Q=5
2026-01-06 17:18:48,307 - INFO - [GINSLIB] processing : 2021/07/15 09:09:11 Q=5
2026-01-06 17:18:48,309 - INFO - [GINSLIB] processing : 2021/07/15 09:09:12 Q=5
2026-01-06 17:18:48,314 - INFO - [GINSLIB] processing : 2021/07/15 09:09:13 Q=5
2026-01-06 17:18:48,320 - INFO - [GINSLIB] processing : 2021/07/15 09:09:14 Q=5
2026-01-06 17:18:48,325 - INFO - [GINSLIB] processing : 2021/07/15 09:09:15 Q=5
2026-01-06 17:18:48,331 - INFO - [GINSLIB] processing : 2021/07/15 09:09:16 Q=5
2026-01-06 17:18:48,337 - INFO - [GINSLIB] processing : 2021/07/15 09:09:17 Q=5
2026-01-06 17:18:48,342 - INFO - [GINSLIB] processing : 2021/07/15 09:09:18 Q=5
2026-01-06 17:18:48,348 - INFO - [GINSLIB] processing : 2021/07/15 09:09:19 Q=5
2026-01-06 17:18:48,353 - INFO - [GINSLIB] processing : 2021/07/15 09:09:20 Q=5
2026-01-06 17:18:48,358 - INFO - [GINSLIB] processing : 2021/07/15 09:09:21 Q=5
2026-01-06 17:18:48,364 - INFO - [GINSLIB] processing : 2021/07/15 09:09:22 Q=5
2026-01-06 17:18:48,370 - INFO - [GINSLIB] processing : 2021/07/15 09:09:23 Q=5
2026-01-06 17:18:48,375 - INFO - [GINSLIB] processing : 2021/07/15 09:09:24 Q=5
2026-01-06 17:18:48,381 - INFO - [GINSLIB] processing : 2021/07/15 09:09:25 Q=5
2026-01-06 17:18:48,387 - INFO - [GINSLIB] processing : 2021/07/15 09:09:26 Q=5
2026-01-06 17:18:48,392 - INFO - [GINSLIB] processing : 2021/07/15 09:09:27 Q=5
2026-01-06 17:18:48,398 - INFO - [GINSLIB] processing : 2021/07/15 09:09:28 Q=5
2026-01-06 17:18:48,403 - INFO - [GINSLIB] processing : 2021/07/15 09:09:29 Q=5
2026-01-06 17:18:48,409 - INFO - [GINSLIB] processing : 2021/07/15 09:09:30 Q=5
2026-01-06 17:18:48,414 - INFO - [GINSLIB] processing : 2021/07/15 09:09:31 Q=5
2026-01-06 17:18:48,422 - INFO - [GINSLIB] processing : 2021/07/15 09:09:32 Q=5
2026-01-06 17:18:48,424 - INFO - [GINSLIB] processing : 2021/07/15 09:09:33 Q=5
2026-01-06 17:18:48,429 - INFO - [GINSLIB] processing : 2021/07/15 09:09:34 Q=5
2026-01-06 17:18:48,434 - INFO - [GINSLIB] processing : 2021/07/15 09:09:35 Q=5
2026-01-06 17:18:48,440 - INFO - [GINSLIB] processing : 2021/07/15 09:09:36 Q=5
2026-01-06 17:18:48,448 - INFO - [GINSLIB] processing : 2021/07/15 09:09:37 Q=5
2026-01-06 17:18:48,449 - INFO - [GINSLIB] processing : 2021/07/15 09:09:38 Q=5
2026-01-06 17:18:48,455 - INFO - [GINSLIB] processing : 2021/07/15 09:09:39 Q=5
2026-01-06 17:18:48,461 - INFO - [GINSLIB] processing : 2021/07/15 09:09:40 Q=5
2026-01-06 17:18:48,466 - INFO - [GINSLIB] processing : 2021/07/15 09:09:41 Q=5
2026-01-06 17:18:48,474 - INFO - [GINSLIB] processing : 2021/07/15 09:09:42 Q=5
2026-01-06 17:18:48,475 - INFO - [GINSLIB] processing : 2021/07/15 09:09:43 Q=5
2026-01-06 17:18:48,480 - INFO - [GINSLIB] processing : 2021/07/15 09:09:44 Q=5
2026-01-06 17:18:48,485 - INFO - [GINSLIB] processing : 2021/07/15 09:09:45 Q=5
2026-01-06 17:18:48,491 - INFO - [GINSLIB] processing : 2021/07/15 09:09:46 Q=5
2026-01-06 17:18:48,496 - INFO - [GINSLIB] processing : 2021/07/15 09:09:47 Q=5
2026-01-06 17:18:48,499 - INFO - [GINSLIB] processing : 2021/07/15 09:09:48 Q=5
2026-01-06 17:18:48,505 - INFO - [GINSLIB] processing : 2021/07/15 09:09:49 Q=5
2026-01-06 17:18:48,509 - INFO - [GINSLIB] processing : 2021/07/15 09:09:50 Q=5
2026-01-06 17:18:48,515 - INFO - [GINSLIB] processing : 2021/07/15 09:09:51 Q=5
2026-01-06 17:18:48,521 - INFO - [GINSLIB] processing : 2021/07/15 09:09:52 Q=5
2026-01-06 17:18:48,525 - INFO - [GINSLIB] processing : 2021/07/15 09:09:53 Q=5
2026-01-06 17:18:48,531 - INFO - [GINSLIB] processing : 2021/07/15 09:09:54 Q=5
2026-01-06 17:18:48,536 - INFO - [GINSLIB] processing : 2021/07/15 09:09:55 Q=5
2026-01-06 17:18:48,542 - INFO - [GINSLIB] processing : 2021/07/15 09:09:56 Q=5
2026-01-06 17:18:48,548 - INFO - [GINSLIB] processing : 2021/07/15 09:09:57 Q=5
2026-01-06 17:18:48,553 - INFO - [GINSLIB] processing : 2021/07/15 09:09:58 Q=5
2026-01-06 17:18:48,558 - INFO - [GINSLIB] processing : 2021/07/15 09:09:59 Q=5
2026-01-06 17:18:48,564 - INFO - [GINSLIB] processing : 2021/07/15 09:10:00 Q=5
2026-01-06 17:18:48,569 - INFO - [GINSLIB] processing : 2021/07/15 09:10:01 Q=5
2026-01-06 17:18:48,574 - INFO - [GINSLIB] processing : 2021/07/15 09:10:02 Q=5
2026-01-06 17:18:48,584 - INFO - [GINSLIB] processing : 2021/07/15 09:10:03 Q=5
2026-01-06 17:18:48,585 - INFO - [GINSLIB] processing : 2021/07/15 09:10:04 Q=5
2026-01-06 17:18:48,590 - INFO - [GINSLIB] processing : 2021/07/15 09:10:05 Q=5
2026-01-06 17:18:48,597 - INFO - [GINSLIB] processing : 2021/07/15 09:10:06 Q=5
2026-01-06 17:18:48,601 - INFO - [GINSLIB] processing : 2021/07/15 09:10:07 Q=5
2026-01-06 17:18:48,610 - INFO - [GINSLIB] processing : 2021/07/15 09:10:08 Q=5
2026-01-06 17:18:48,611 - INFO - [GINSLIB] processing : 2021/07/15 09:10:09 Q=5
2026-01-06 17:18:48,616 - INFO - [GINSLIB] processing : 2021/07/15 09:10:10 Q=5
2026-01-06 17:18:48,621 - INFO - [GINSLIB] processing : 2021/07/15 09:10:11 Q=5
2026-01-06 17:18:48,628 - INFO - [GINSLIB] processing : 2021/07/15 09:10:12 Q=5
2026-01-06 17:18:48,635 - INFO - [GINSLIB] processing : 2021/07/15 09:10:13 Q=5
2026-01-06 17:18:48,636 - INFO - [GINSLIB] processing : 2021/07/15 09:10:14 Q=5
2026-01-06 17:18:48,641 - INFO - [GINSLIB] processing : 2021/07/15 09:10:15 Q=5
2026-01-06 17:18:48,647 - INFO - [GINSLIB] processing : 2021/07/15 09:10:16 Q=5
2026-01-06 17:18:48,652 - INFO - [GINSLIB] processing : 2021/07/15 09:10:17 Q=5
2026-01-06 17:18:48,657 - INFO - [GINSLIB] processing : 2021/07/15 09:10:18 Q=5
2026-01-06 17:18:48,663 - INFO - [GINSLIB] processing : 2021/07/15 09:10:19 Q=5
2026-01-06 17:18:48,668 - INFO - [GINSLIB] processing : 2021/07/15 09:10:20 Q=5
2026-01-06 17:18:48,676 - INFO - [GINSLIB] processing : 2021/07/15 09:10:21 Q=5
2026-01-06 17:18:48,682 - INFO - [GINSLIB] processing : 2021/07/15 09:10:22 Q=5
2026-01-06 17:18:48,687 - INFO - [GINSLIB] processing : 2021/07/15 09:10:23 Q=5
2026-01-06 17:18:48,692 - INFO - [GINSLIB] processing : 2021/07/15 09:10:24 Q=5
2026-01-06 17:18:48,697 - INFO - [GINSLIB] processing : 2021/07/15 09:10:25 Q=5
2026-01-06 17:18:48,703 - INFO - [GINSLIB] processing : 2021/07/15 09:10:26 Q=5
2026-01-06 17:18:48,710 - INFO - [GINSLIB] processing : 2021/07/15 09:10:27 Q=5
2026-01-06 17:18:48,718 - INFO - [GINSLIB] processing : 2021/07/15 09:10:28 Q=5
2026-01-06 17:18:48,725 - INFO - [GINSLIB] processing : 2021/07/15 09:10:29 Q=5
2026-01-06 17:18:48,732 - INFO - [GINSLIB] processing : 2021/07/15 09:10:30 Q=5
2026-01-06 17:18:48,740 - INFO - [GINSLIB] processing : 2021/07/15 09:10:31 Q=5
2026-01-06 17:18:48,749 - INFO - [GINSLIB] processing : 2021/07/15 09:10:32 Q=5
2026-01-06 17:18:48,756 - INFO - [GINSLIB] processing : 2021/07/15 09:10:33 Q=5
2026-01-06 17:18:48,779 - INFO - [GINSLIB] processing : 2021/07/15 09:10:34 Q=5
2026-01-06 17:18:48,782 - INFO - [GINSLIB] processing : 2021/07/15 09:10:35 Q=5
2026-01-06 17:18:48,790 - INFO - [GINSLIB] processing : 2021/07/15 09:10:36 Q=5
2026-01-06 17:18:48,800 - INFO - [GINSLIB] processing : 2021/07/15 09:10:37 Q=5
2026-01-06 17:18:48,806 - INFO - [GINSLIB] processing : 2021/07/15 09:10:38 Q=5
2026-01-06 17:18:48,820 - INFO - [GINSLIB] processing : 2021/07/15 09:10:39 Q=5
2026-01-06 17:18:48,822 - INFO - [GINSLIB] processing : 2021/07/15 09:10:40 Q=5
2026-01-06 17:18:48,831 - INFO - [GINSLIB] processing : 2021/07/15 09:10:41 Q=5
2026-01-06 17:18:48,839 - INFO - [GINSLIB] processing : 2021/07/15 09:10:42 Q=5
2026-01-06 17:18:48,847 - INFO - [GINSLIB] processing : 2021/07/15 09:10:43 Q=5
2026-01-06 17:18:48,855 - INFO - [GINSLIB] processing : 2021/07/15 09:10:44 Q=5
2026-01-06 17:18:48,857 - INFO - [GINSLIB] processing : 2021/07/15 09:10:45 Q=5
2026-01-06 17:18:48,865 - INFO - [GINSLIB] processing : 2021/07/15 09:10:46 Q=5
2026-01-06 17:18:48,872 - INFO - [GINSLIB] processing : 2021/07/15 09:10:47 Q=5
2026-01-06 17:18:48,879 - INFO - [GINSLIB] processing : 2021/07/15 09:10:48 Q=5
2026-01-06 17:18:48,885 - INFO - [GINSLIB] processing : 2021/07/15 09:10:49 Q=5
2026-01-06 17:18:48,891 - INFO - [GINSLIB] processing : 2021/07/15 09:10:50 Q=5
2026-01-06 17:18:48,899 - INFO - [GINSLIB] processing : 2021/07/15 09:10:51 Q=5
2026-01-06 17:18:48,906 - INFO - [GINSLIB] processing : 2021/07/15 09:10:52 Q=5
2026-01-06 17:18:48,914 - INFO - [GINSLIB] processing : 2021/07/15 09:10:53 Q=5
2026-01-06 17:18:48,921 - INFO - [GINSLIB] processing : 2021/07/15 09:10:54 Q=5
2026-01-06 17:18:48,928 - INFO - [GINSLIB] processing : 2021/07/15 09:10:55 Q=5
2026-01-06 17:18:48,934 - INFO - [GINSLIB] processing : 2021/07/15 09:10:56 Q=5
2026-01-06 17:18:48,942 - INFO - [GINSLIB] processing : 2021/07/15 09:10:57 Q=5
2026-01-06 17:18:48,949 - INFO - [GINSLIB] processing : 2021/07/15 09:10:58 Q=5
2026-01-06 17:18:48,955 - INFO - [GINSLIB] processing : 2021/07/15 09:10:59 Q=5
2026-01-06 17:18:48,960 - INFO - [GINSLIB] processing : 2021/07/15 09:11:00 Q=5
2026-01-06 17:18:48,966 - INFO - [GINSLIB] processing : 2021/07/15 09:11:01 Q=5
2026-01-06 17:18:48,974 - INFO - [GINSLIB] processing : 2021/07/15 09:11:02 Q=5
2026-01-06 17:18:48,980 - INFO - [GINSLIB] processing : 2021/07/15 09:11:03 Q=5
2026-01-06 17:18:48,987 - INFO - [GINSLIB] processing : 2021/07/15 09:11:04 Q=5
2026-01-06 17:18:48,997 - INFO - [GINSLIB] processing : 2021/07/15 09:11:05 Q=5
2026-01-06 17:18:48,998 - INFO - [GINSLIB] processing : 2021/07/15 09:11:06 Q=5
2026-01-06 17:18:49,005 - INFO - [GINSLIB] processing : 2021/07/15 09:11:07 Q=5
2026-01-06 17:18:49,012 - INFO - [GINSLIB] processing : 2021/07/15 09:11:08 Q=5
2026-01-06 17:18:49,026 - INFO - [GINSLIB] processing : 2021/07/15 09:11:09 Q=5
2026-01-06 17:18:49,043 - INFO - [GINSLIB] processing : 2021/07/15 09:11:10 Q=5
2026-01-06 17:18:49,050 - INFO - [GINSLIB] processing : 2021/07/15 09:11:11 Q=5
2026-01-06 17:18:49,052 - INFO - [GINSLIB] processing : 2021/07/15 09:11:12 Q=5
2026-01-06 17:18:49,058 - INFO - [GINSLIB] processing : 2021/07/15 09:11:13 Q=5
2026-01-06 17:18:49,064 - INFO - [GINSLIB] processing : 2021/07/15 09:11:14 Q=5
2026-01-06 17:18:49,075 - INFO - [GINSLIB] processing : 2021/07/15 09:11:15 Q=5
2026-01-06 17:18:49,079 - INFO - [GINSLIB] processing : 2021/07/15 09:11:16 Q=5
2026-01-06 17:18:49,082 - INFO - [GINSLIB] processing : 2021/07/15 09:11:17 Q=5
2026-01-06 17:18:49,089 - INFO - [GINSLIB] processing : 2021/07/15 09:11:18 Q=5
2026-01-06 17:18:49,094 - INFO - [GINSLIB] processing : 2021/07/15 09:11:19 Q=5
2026-01-06 17:18:49,100 - INFO - [GINSLIB] processing : 2021/07/15 09:11:20 Q=5
2026-01-06 17:18:49,104 - INFO - [GINSLIB] processing : 2021/07/15 09:11:21 Q=5
2026-01-06 17:18:49,110 - INFO - [GINSLIB] processing : 2021/07/15 09:11:22 Q=5
2026-01-06 17:18:49,116 - INFO - [GINSLIB] processing : 2021/07/15 09:11:23 Q=5
2026-01-06 17:18:49,122 - INFO - [GINSLIB] processing : 2021/07/15 09:11:24 Q=5
2026-01-06 17:18:49,129 - INFO - [GINSLIB] processing : 2021/07/15 09:11:25 Q=5
2026-01-06 17:18:49,134 - INFO - [GINSLIB] processing : 2021/07/15 09:11:26 Q=5
2026-01-06 17:18:49,139 - INFO - [GINSLIB] processing : 2021/07/15 09:11:27 Q=5
2026-01-06 17:18:49,146 - INFO - [GINSLIB] processing : 2021/07/15 09:11:28 Q=5
2026-01-06 17:18:49,151 - INFO - [GINSLIB] processing : 2021/07/15 09:11:29 Q=5
2026-01-06 17:18:49,157 - INFO - [GINSLIB] processing : 2021/07/15 09:11:30 Q=5
2026-01-06 17:18:49,167 - INFO - [GINSLIB] processing : 2021/07/15 09:11:31 Q=5
2026-01-06 17:18:49,169 - INFO - [GINSLIB] processing : 2021/07/15 09:11:32 Q=5
2026-01-06 17:18:49,174 - INFO - [GINSLIB] processing : 2021/07/15 09:11:33 Q=5
2026-01-06 17:18:49,181 - INFO - [GINSLIB] processing : 2021/07/15 09:11:34 Q=5
2026-01-06 17:18:49,186 - INFO - [GINSLIB] processing : 2021/07/15 09:11:35 Q=5
2026-01-06 17:18:49,197 - INFO - [GINSLIB] processing : 2021/07/15 09:11:36 Q=5
2026-01-06 17:18:49,198 - INFO - [GINSLIB] processing : 2021/07/15 09:11:37 Q=5
2026-01-06 17:18:49,203 - INFO - [GINSLIB] processing : 2021/07/15 09:11:38 Q=5
2026-01-06 17:18:49,211 - INFO - [GINSLIB] processing : 2021/07/15 09:11:39 Q=5
2026-01-06 17:18:49,216 - INFO - [GINSLIB] processing : 2021/07/15 09:11:40 Q=5
2026-01-06 17:18:49,226 - INFO - [GINSLIB] processing : 2021/07/15 09:11:41 Q=5
2026-01-06 17:18:49,227 - INFO - [GINSLIB] processing : 2021/07/15 09:11:42 Q=5
2026-01-06 17:18:49,233 - INFO - [GINSLIB] processing : 2021/07/15 09:11:43 Q=5
2026-01-06 17:18:49,239 - INFO - [GINSLIB] processing : 2021/07/15 09:11:44 Q=5
2026-01-06 17:18:49,247 - INFO - [GINSLIB] processing : 2021/07/15 09:11:45 Q=5
2026-01-06 17:18:49,257 - INFO - [GINSLIB] processing : 2021/07/15 09:11:46 Q=5
2026-01-06 17:18:49,258 - INFO - [GINSLIB] processing : 2021/07/15 09:11:47 Q=5
2026-01-06 17:18:49,264 - INFO - [GINSLIB] processing : 2021/07/15 09:11:48 Q=5
2026-01-06 17:18:49,270 - INFO - [GINSLIB] processing : 2021/07/15 09:11:49 Q=5
2026-01-06 17:18:49,277 - INFO - [GINSLIB] processing : 2021/07/15 09:11:50 Q=5
2026-01-06 17:18:49,285 - INFO - [GINSLIB] processing : 2021/07/15 09:11:51 Q=5
2026-01-06 17:18:49,290 - INFO - [GINSLIB] processing : 2021/07/15 09:11:52 Q=5
2026-01-06 17:18:49,296 - INFO - [GINSLIB] processing : 2021/07/15 09:11:53 Q=5
2026-01-06 17:18:49,302 - INFO - [GINSLIB] processing : 2021/07/15 09:11:54 Q=5
2026-01-06 17:18:49,309 - INFO - [GINSLIB] processing : 2021/07/15 09:11:55 Q=5
2026-01-06 17:18:49,315 - INFO - [GINSLIB] processing : 2021/07/15 09:11:56 Q=5
2026-01-06 17:18:49,320 - INFO - [GINSLIB] processing : 2021/07/15 09:11:57 Q=5
2026-01-06 17:18:49,325 - INFO - [GINSLIB] processing : 2021/07/15 09:11:58 Q=5
2026-01-06 17:18:49,332 - INFO - [GINSLIB] processing : 2021/07/15 09:11:59 Q=5
2026-01-06 17:18:49,337 - INFO - [GINSLIB] processing : 2021/07/15 09:12:00 Q=5
2026-01-06 17:18:49,343 - INFO - [GINSLIB] processing : 2021/07/15 09:12:01 Q=5
2026-01-06 17:18:49,354 - INFO - [GINSLIB] processing : 2021/07/15 09:12:02 Q=5
2026-01-06 17:18:49,355 - INFO - [GINSLIB] processing : 2021/07/15 09:12:03 Q=5
2026-01-06 17:18:49,363 - INFO - [GINSLIB] processing : 2021/07/15 09:12:04 Q=5
2026-01-06 17:18:49,369 - INFO - [GINSLIB] processing : 2021/07/15 09:12:05 Q=5
2026-01-06 17:18:49,375 - INFO - [GINSLIB] processing : 2021/07/15 09:12:06 Q=5
2026-01-06 17:18:49,385 - INFO - [GINSLIB] processing : 2021/07/15 09:12:07 Q=5
2026-01-06 17:18:49,387 - INFO - [GINSLIB] processing : 2021/07/15 09:12:08 Q=5
2026-01-06 17:18:49,394 - INFO - [GINSLIB] processing : 2021/07/15 09:12:09 Q=5
2026-01-06 17:18:49,401 - INFO - [GINSLIB] processing : 2021/07/15 09:12:10 Q=5
2026-01-06 17:18:49,406 - INFO - [GINSLIB] processing : 2021/07/15 09:12:11 Q=5
2026-01-06 17:18:49,416 - INFO - [GINSLIB] processing : 2021/07/15 09:12:12 Q=5
2026-01-06 17:18:49,417 - INFO - [GINSLIB] processing : 2021/07/15 09:12:13 Q=5
2026-01-06 17:18:49,423 - INFO - [GINSLIB] processing : 2021/07/15 09:12:14 Q=5
2026-01-06 17:18:49,429 - INFO - [GINSLIB] processing : 2021/07/15 09:12:15 Q=5
2026-01-06 17:18:49,434 - INFO - [GINSLIB] processing : 2021/07/15 09:12:16 Q=5
2026-01-06 17:18:49,442 - INFO - [GINSLIB] processing : 2021/07/15 09:12:17 Q=5
2026-01-06 17:18:49,446 - INFO - [GINSLIB] processing : 2021/07/15 09:12:18 Q=5
2026-01-06 17:18:49,451 - INFO - [GINSLIB] processing : 2021/07/15 09:12:19 Q=5
2026-01-06 17:18:49,458 - INFO - [GINSLIB] processing : 2021/07/15 09:12:20 Q=5
2026-01-06 17:18:49,463 - INFO - [GINSLIB] processing : 2021/07/15 09:12:21 Q=5
2026-01-06 17:18:49,469 - INFO - [GINSLIB] processing : 2021/07/15 09:12:22 Q=5
2026-01-06 17:18:49,475 - INFO - [GINSLIB] processing : 2021/07/15 09:12:23 Q=5
2026-01-06 17:18:49,481 - INFO - [GINSLIB] processing : 2021/07/15 09:12:24 Q=5
2026-01-06 17:18:49,488 - INFO - [GINSLIB] processing : 2021/07/15 09:12:25 Q=5
2026-01-06 17:18:49,494 - INFO - [GINSLIB] processing : 2021/07/15 09:12:26 Q=5
2026-01-06 17:18:49,501 - INFO - [GINSLIB] processing : 2021/07/15 09:12:27 Q=5
2026-01-06 17:18:49,506 - INFO - [GINSLIB] processing : 2021/07/15 09:12:28 Q=5
2026-01-06 17:18:49,511 - INFO - [GINSLIB] processing : 2021/07/15 09:12:29 Q=5
2026-01-06 17:18:49,517 - INFO - [GINSLIB] processing : 2021/07/15 09:12:30 Q=5
2026-01-06 17:18:49,523 - INFO - [GINSLIB] processing : 2021/07/15 09:12:31 Q=5
2026-01-06 17:18:49,528 - INFO - [GINSLIB] processing : 2021/07/15 09:12:32 Q=5
2026-01-06 17:18:49,538 - INFO - [GINSLIB] processing : 2021/07/15 09:12:33 Q=5
2026-01-06 17:18:49,539 - INFO - [GINSLIB] processing : 2021/07/15 09:12:34 Q=5
2026-01-06 17:18:49,544 - INFO - [GINSLIB] processing : 2021/07/15 09:12:35 Q=5
2026-01-06 17:18:49,551 - INFO - [GINSLIB] processing : 2021/07/15 09:12:36 Q=5
2026-01-06 17:18:49,556 - INFO - [GINSLIB] processing : 2021/07/15 09:12:37 Q=5
2026-01-06 17:18:49,565 - INFO - [GINSLIB] processing : 2021/07/15 09:12:38 Q=5
2026-01-06 17:18:49,566 - INFO - [GINSLIB] processing : 2021/07/15 09:12:39 Q=5
2026-01-06 17:18:49,571 - INFO - [GINSLIB] processing : 2021/07/15 09:12:40 Q=5
2026-01-06 17:18:49,579 - INFO - [GINSLIB] processing : 2021/07/15 09:12:41 Q=5
2026-01-06 17:18:49,584 - INFO - [GINSLIB] processing : 2021/07/15 09:12:42 Q=5
2026-01-06 17:18:49,593 - INFO - [GINSLIB] processing : 2021/07/15 09:12:43 Q=5
2026-01-06 17:18:49,594 - INFO - [GINSLIB] processing : 2021/07/15 09:12:44 Q=5
2026-01-06 17:18:49,600 - INFO - [GINSLIB] processing : 2021/07/15 09:12:45 Q=5
2026-01-06 17:18:49,606 - INFO - [GINSLIB] processing : 2021/07/15 09:12:46 Q=5
2026-01-06 17:18:49,612 - INFO - [GINSLIB] processing : 2021/07/15 09:12:47 Q=5
2026-01-06 17:18:49,618 - INFO - [GINSLIB] processing : 2021/07/15 09:12:48 Q=5
2026-01-06 17:18:49,622 - INFO - [GINSLIB] processing : 2021/07/15 09:12:49 Q=5
2026-01-06 17:18:49,626 - INFO - [GINSLIB] processing : 2021/07/15 09:12:50 Q=5
2026-01-06 17:18:49,631 - INFO - [GINSLIB] processing : 2021/07/15 09:12:51 Q=5
2026-01-06 17:18:49,636 - INFO - [GINSLIB] processing : 2021/07/15 09:12:52 Q=5
2026-01-06 17:18:49,644 - INFO - [GINSLIB] processing : 2021/07/15 09:12:53 Q=5
2026-01-06 17:18:49,648 - INFO - [GINSLIB] processing : 2021/07/15 09:12:54 Q=5
2026-01-06 17:18:49,653 - INFO - [GINSLIB] processing : 2021/07/15 09:12:55 Q=5
2026-01-06 17:18:49,659 - INFO - [GINSLIB] processing : 2021/07/15 09:12:56 Q=5
2026-01-06 17:18:49,664 - INFO - [GINSLIB] processing : 2021/07/15 09:12:57 Q=5
2026-01-06 17:18:49,669 - INFO - [GINSLIB] processing : 2021/07/15 09:12:58 Q=5
2026-01-06 17:18:49,675 - INFO - [GINSLIB] processing : 2021/07/15 09:12:59 Q=5
2026-01-06 17:18:49,681 - INFO - [GINSLIB] processing : 2021/07/15 09:13:00 Q=5
2026-01-06 17:18:49,687 - INFO - [GINSLIB] processing : 2021/07/15 09:13:01 Q=5
2026-01-06 17:18:49,693 - INFO - [GINSLIB] processing : 2021/07/15 09:13:02 Q=5
2026-01-06 17:18:49,699 - INFO - [GINSLIB] processing : 2021/07/15 09:13:03 Q=5
2026-01-06 17:18:49,707 - INFO - [GINSLIB] processing : 2021/07/15 09:13:04 Q=5
2026-01-06 17:18:49,708 - INFO - [GINSLIB] processing : 2021/07/15 09:13:05 Q=5
2026-01-06 17:18:49,713 - INFO - [GINSLIB] processing : 2021/07/15 09:13:06 Q=5
2026-01-06 17:18:49,719 - INFO - [GINSLIB] processing : 2021/07/15 09:13:07 Q=5
2026-01-06 17:18:49,725 - INFO - [GINSLIB] processing : 2021/07/15 09:13:08 Q=5
2026-01-06 17:18:49,733 - INFO - [GINSLIB] processing : 2021/07/15 09:13:09 Q=5
2026-01-06 17:18:49,734 - INFO - [GINSLIB] processing : 2021/07/15 09:13:10 Q=5
2026-01-06 17:18:49,739 - INFO - [GINSLIB] processing : 2021/07/15 09:13:11 Q=5
2026-01-06 17:18:49,745 - INFO - [GINSLIB] processing : 2021/07/15 09:13:12 Q=5
2026-01-06 17:18:49,751 - INFO - [GINSLIB] processing : 2021/07/15 09:13:13 Q=5
2026-01-06 17:18:49,760 - INFO - [GINSLIB] processing : 2021/07/15 09:13:14 Q=5
2026-01-06 17:18:49,761 - INFO - [GINSLIB] processing : 2021/07/15 09:13:15 Q=5
2026-01-06 17:18:49,765 - INFO - [GINSLIB] processing : 2021/07/15 09:13:16 Q=5
2026-01-06 17:18:49,770 - INFO - [GINSLIB] processing : 2021/07/15 09:13:17 Q=5
2026-01-06 17:18:49,776 - INFO - [GINSLIB] processing : 2021/07/15 09:13:18 Q=5
2026-01-06 17:18:49,782 - INFO - [GINSLIB] processing : 2021/07/15 09:13:19 Q=5
2026-01-06 17:18:49,787 - INFO - [GINSLIB] processing : 2021/07/15 09:13:20 Q=5
2026-01-06 17:18:49,792 - INFO - [GINSLIB] processing : 2021/07/15 09:13:21 Q=5
2026-01-06 17:18:49,798 - INFO - [GINSLIB] processing : 2021/07/15 09:13:22 Q=5
2026-01-06 17:18:49,803 - INFO - [GINSLIB] processing : 2021/07/15 09:13:23 Q=5
2026-01-06 17:18:49,809 - INFO - [GINSLIB] processing : 2021/07/15 09:13:24 Q=5
2026-01-06 17:18:49,814 - INFO - [GINSLIB] processing : 2021/07/15 09:13:25 Q=5
2026-01-06 17:18:49,819 - INFO - [GINSLIB] processing : 2021/07/15 09:13:26 Q=5
2026-01-06 17:18:49,824 - INFO - [GINSLIB] processing : 2021/07/15 09:13:27 Q=5
2026-01-06 17:18:49,829 - INFO - [GINSLIB] processing : 2021/07/15 09:13:28 Q=5
2026-01-06 17:18:49,834 - INFO - [GINSLIB] processing : 2021/07/15 09:13:29 Q=5
2026-01-06 17:18:49,839 - INFO - [GINSLIB] processing : 2021/07/15 09:13:30 Q=5
2026-01-06 17:18:49,846 - INFO - [GINSLIB] processing : 2021/07/15 09:13:31 Q=5
2026-01-06 17:18:49,851 - INFO - [GINSLIB] processing : 2021/07/15 09:13:32 Q=5
2026-01-06 17:18:49,856 - INFO - [GINSLIB] processing : 2021/07/15 09:13:33 Q=5
2026-01-06 17:18:49,861 - INFO - [GINSLIB] processing : 2021/07/15 09:13:34 Q=5
2026-01-06 17:18:49,871 - INFO - [GINSLIB] processing : 2021/07/15 09:13:35 Q=5
2026-01-06 17:18:49,872 - INFO - [GINSLIB] processing : 2021/07/15 09:13:36 Q=5
2026-01-06 17:18:49,877 - INFO - [GINSLIB] processing : 2021/07/15 09:13:37 Q=5
2026-01-06 17:18:49,884 - INFO - [GINSLIB] processing : 2021/07/15 09:13:38 Q=5
2026-01-06 17:18:49,890 - INFO - [GINSLIB] processing : 2021/07/15 09:13:39 Q=5
2026-01-06 17:18:49,901 - INFO - [GINSLIB] processing : 2021/07/15 09:13:40 Q=5
2026-01-06 17:18:49,902 - INFO - [GINSLIB] processing : 2021/07/15 09:13:41 Q=5
2026-01-06 17:18:49,908 - INFO - [GINSLIB] processing : 2021/07/15 09:13:42 Q=5
2026-01-06 17:18:49,914 - INFO - [GINSLIB] processing : 2021/07/15 09:13:43 Q=5
2026-01-06 17:18:49,920 - INFO - [GINSLIB] processing : 2021/07/15 09:13:44 Q=5
2026-01-06 17:18:49,930 - INFO - [GINSLIB] processing : 2021/07/15 09:13:45 Q=5
2026-01-06 17:18:49,931 - INFO - [GINSLIB] processing : 2021/07/15 09:13:46 Q=5
2026-01-06 17:18:49,937 - INFO - [GINSLIB] processing : 2021/07/15 09:13:47 Q=5
2026-01-06 17:18:49,943 - INFO - [GINSLIB] processing : 2021/07/15 09:13:48 Q=5
2026-01-06 17:18:49,949 - INFO - [GINSLIB] processing : 2021/07/15 09:13:49 Q=5
2026-01-06 17:18:49,954 - INFO - [GINSLIB] processing : 2021/07/15 09:13:50 Q=5
2026-01-06 17:18:49,958 - INFO - [GINSLIB] processing : 2021/07/15 09:13:51 Q=5
2026-01-06 17:18:49,964 - INFO - [GINSLIB] processing : 2021/07/15 09:13:52 Q=5
2026-01-06 17:18:49,969 - INFO - [GINSLIB] processing : 2021/07/15 09:13:53 Q=5
2026-01-06 17:18:49,975 - INFO - [GINSLIB] processing : 2021/07/15 09:13:54 Q=5
2026-01-06 17:18:49,981 - INFO - [GINSLIB] processing : 2021/07/15 09:13:55 Q=5
2026-01-06 17:18:49,985 - INFO - [GINSLIB] processing : 2021/07/15 09:13:56 Q=5
2026-01-06 17:18:49,991 - INFO - [GINSLIB] processing : 2021/07/15 09:13:57 Q=5
2026-01-06 17:18:49,999 - INFO - [GINSLIB] processing : 2021/07/15 09:13:58 Q=5
2026-01-06 17:18:50,003 - INFO - [GINSLIB] processing : 2021/07/15 09:13:59 Q=5
2026-01-06 17:18:50,009 - INFO - [GINSLIB] processing : 2021/07/15 09:14:00 Q=5
2026-01-06 17:18:50,017 - INFO - [GINSLIB] processing : 2021/07/15 09:14:01 Q=5
2026-01-06 17:18:50,018 - INFO - [GINSLIB] processing : 2021/07/15 09:14:02 Q=5
2026-01-06 17:18:50,023 - INFO - [GINSLIB] processing : 2021/07/15 09:14:03 Q=5
2026-01-06 17:18:50,029 - INFO - [GINSLIB] processing : 2021/07/15 09:14:04 Q=5
2026-01-06 17:18:50,035 - INFO - [GINSLIB] processing : 2021/07/15 09:14:05 Q=5
2026-01-06 17:18:50,043 - INFO - [GINSLIB] processing : 2021/07/15 09:14:06 Q=5
2026-01-06 17:18:50,045 - INFO - [GINSLIB] processing : 2021/07/15 09:14:07 Q=5
2026-01-06 17:18:50,051 - INFO - [GINSLIB] processing : 2021/07/15 09:14:08 Q=5
2026-01-06 17:18:50,056 - INFO - [GINSLIB] processing : 2021/07/15 09:14:09 Q=5
2026-01-06 17:18:50,061 - INFO - [GINSLIB] processing : 2021/07/15 09:14:10 Q=5
2026-01-06 17:18:50,069 - INFO - [GINSLIB] processing : 2021/07/15 09:14:11 Q=5
2026-01-06 17:18:50,070 - INFO - [GINSLIB] processing : 2021/07/15 09:14:12 Q=5
2026-01-06 17:18:50,076 - INFO - [GINSLIB] processing : 2021/07/15 09:14:13 Q=5
2026-01-06 17:18:50,082 - INFO - [GINSLIB] processing : 2021/07/15 09:14:14 Q=5
2026-01-06 17:18:50,088 - INFO - [GINSLIB] processing : 2021/07/15 09:14:15 Q=5
2026-01-06 17:18:50,097 - INFO - [GINSLIB] processing : 2021/07/15 09:14:16 Q=5
2026-01-06 17:18:50,098 - INFO - [GINSLIB] processing : 2021/07/15 09:14:17 Q=5
2026-01-06 17:18:50,104 - INFO - [GINSLIB] processing : 2021/07/15 09:14:18 Q=5
2026-01-06 17:18:50,110 - INFO - [GINSLIB] processing : 2021/07/15 09:14:19 Q=5
2026-01-06 17:18:50,115 - INFO - [GINSLIB] processing : 2021/07/15 09:14:20 Q=5
2026-01-06 17:18:50,121 - INFO - [GINSLIB] processing : 2021/07/15 09:14:21 Q=5
2026-01-06 17:18:50,126 - INFO - [GINSLIB] processing : 2021/07/15 09:14:22 Q=5
2026-01-06 17:18:50,131 - INFO - [GINSLIB] processing : 2021/07/15 09:14:23 Q=5
2026-01-06 17:18:50,137 - INFO - [GINSLIB] processing : 2021/07/15 09:14:24 Q=5
2026-01-06 17:18:50,143 - INFO - [GINSLIB] processing : 2021/07/15 09:14:25 Q=5
2026-01-06 17:18:50,150 - INFO - [GINSLIB] processing : 2021/07/15 09:14:26 Q=5
2026-01-06 17:18:50,156 - INFO - [GINSLIB] processing : 2021/07/15 09:14:27 Q=5
2026-01-06 17:18:50,162 - INFO - [GINSLIB] processing : 2021/07/15 09:14:28 Q=5
2026-01-06 17:18:50,167 - INFO - [GINSLIB] processing : 2021/07/15 09:14:29 Q=5
2026-01-06 17:18:50,172 - INFO - [GINSLIB] processing : 2021/07/15 09:14:30 Q=5
2026-01-06 17:18:50,178 - INFO - [GINSLIB] processing : 2021/07/15 09:14:31 Q=5
2026-01-06 17:18:50,187 - INFO - [GINSLIB] processing : 2021/07/15 09:14:32 Q=5
2026-01-06 17:18:50,188 - INFO - [GINSLIB] processing : 2021/07/15 09:14:33 Q=5
2026-01-06 17:18:50,193 - INFO - [GINSLIB] processing : 2021/07/15 09:14:34 Q=5
2026-01-06 17:18:50,199 - INFO - [GINSLIB] processing : 2021/07/15 09:14:35 Q=5
2026-01-06 17:18:50,204 - INFO - [GINSLIB] processing : 2021/07/15 09:14:36 Q=5
2026-01-06 17:18:50,214 - INFO - [GINSLIB] processing : 2021/07/15 09:14:37 Q=5
2026-01-06 17:18:50,215 - INFO - [GINSLIB] processing : 2021/07/15 09:14:38 Q=5
2026-01-06 17:18:50,220 - INFO - [GINSLIB] processing : 2021/07/15 09:14:39 Q=5
2026-01-06 17:18:50,226 - INFO - [GINSLIB] processing : 2021/07/15 09:14:40 Q=5
2026-01-06 17:18:50,231 - INFO - [GINSLIB] processing : 2021/07/15 09:14:41 Q=5
2026-01-06 17:18:50,240 - INFO - [GINSLIB] processing : 2021/07/15 09:14:42 Q=5
2026-01-06 17:18:50,243 - INFO - [GINSLIB] processing : 2021/07/15 09:14:43 Q=5
2026-01-06 17:18:50,247 - INFO - [GINSLIB] processing : 2021/07/15 09:14:44 Q=5
2026-01-06 17:18:50,252 - INFO - [GINSLIB] processing : 2021/07/15 09:14:45 Q=5
2026-01-06 17:18:50,259 - INFO - [GINSLIB] processing : 2021/07/15 09:14:46 Q=5
2026-01-06 17:18:50,265 - INFO - [GINSLIB] processing : 2021/07/15 09:14:47 Q=5
2026-01-06 17:18:50,269 - INFO - [GINSLIB] processing : 2021/07/15 09:14:48 Q=5
2026-01-06 17:18:50,275 - INFO - [GINSLIB] processing : 2021/07/15 09:14:49 Q=5
2026-01-06 17:18:50,280 - INFO - [GINSLIB] processing : 2021/07/15 09:14:50 Q=5
2026-01-06 17:18:50,285 - INFO - [GINSLIB] processing : 2021/07/15 09:14:51 Q=5
2026-01-06 17:18:50,291 - INFO - [GINSLIB] processing : 2021/07/15 09:14:52 Q=5
2026-01-06 17:18:50,295 - INFO - [GINSLIB] processing : 2021/07/15 09:14:53 Q=5
2026-01-06 17:18:50,300 - INFO - [GINSLIB] processing : 2021/07/15 09:14:54 Q=5
2026-01-06 17:18:50,307 - INFO - [GINSLIB] processing : 2021/07/15 09:14:55 Q=5
2026-01-06 17:18:50,312 - INFO - [GINSLIB] processing : 2021/07/15 09:14:56 Q=5
2026-01-06 17:18:50,317 - INFO - [GINSLIB] processing : 2021/07/15 09:14:57 Q=5
2026-01-06 17:18:50,321 - INFO - [GINSLIB] processing : 2021/07/15 09:14:58 Q=5
2026-01-06 17:18:50,326 - INFO - [GINSLIB] processing : 2021/07/15 09:14:59 Q=5
2026-01-06 17:18:50,331 - INFO - [GINSLIB] processing : 2021/07/15 09:15:00 Q=5
2026-01-06 17:18:50,338 - INFO - [GINSLIB] processing : 2021/07/15 09:15:01 Q=5
2026-01-06 17:18:50,343 - INFO - [GINSLIB] processing : 2021/07/15 09:15:02 Q=5
2026-01-06 17:18:50,353 - INFO - [GINSLIB] processing : 2021/07/15 09:15:03 Q=5
2026-01-06 17:18:50,354 - INFO - [GINSLIB] processing : 2021/07/15 09:15:04 Q=5
2026-01-06 17:18:50,359 - INFO - [GINSLIB] processing : 2021/07/15 09:15:05 Q=5
2026-01-06 17:18:50,365 - INFO - [GINSLIB] processing : 2021/07/15 09:15:06 Q=5
2026-01-06 17:18:50,371 - INFO - [GINSLIB] processing : 2021/07/15 09:15:07 Q=5
2026-01-06 17:18:50,380 - INFO - [GINSLIB] processing : 2021/07/15 09:15:08 Q=5
2026-01-06 17:18:50,382 - INFO - [GINSLIB] processing : 2021/07/15 09:15:09 Q=5
2026-01-06 17:18:50,387 - INFO - [GINSLIB] processing : 2021/07/15 09:15:10 Q=5
2026-01-06 17:18:50,392 - INFO - [GINSLIB] processing : 2021/07/15 09:15:11 Q=5
2026-01-06 17:18:50,398 - INFO - [GINSLIB] processing : 2021/07/15 09:15:12 Q=5
2026-01-06 17:18:50,406 - INFO - [GINSLIB] processing : 2021/07/15 09:15:13 Q=5
2026-01-06 17:18:50,407 - INFO - [GINSLIB] processing : 2021/07/15 09:15:14 Q=5
2026-01-06 17:18:50,413 - INFO - [GINSLIB] processing : 2021/07/15 09:15:15 Q=5
2026-01-06 17:18:50,418 - INFO - [GINSLIB] processing : 2021/07/15 09:15:16 Q=5
2026-01-06 17:18:50,424 - INFO - [GINSLIB] processing : 2021/07/15 09:15:17 Q=5
2026-01-06 17:18:50,430 - INFO - [GINSLIB] processing : 2021/07/15 09:15:18 Q=5
2026-01-06 17:18:50,435 - INFO - [GINSLIB] processing : 2021/07/15 09:15:19 Q=5
2026-01-06 17:18:50,441 - INFO - [GINSLIB] processing : 2021/07/15 09:15:20 Q=5
2026-01-06 17:18:50,447 - INFO - [GINSLIB] processing : 2021/07/15 09:15:21 Q=5
2026-01-06 17:18:50,452 - INFO - [GINSLIB] processing : 2021/07/15 09:15:22 Q=5
2026-01-06 17:18:50,457 - INFO - [GINSLIB] processing : 2021/07/15 09:15:23 Q=5
2026-01-06 17:18:50,462 - INFO - [GINSLIB] processing : 2021/07/15 09:15:24 Q=5
2026-01-06 17:18:50,467 - INFO - [GINSLIB] processing : 2021/07/15 09:15:25 Q=5
2026-01-06 17:18:50,472 - INFO - [GINSLIB] processing : 2021/07/15 09:15:26 Q=5
2026-01-06 17:18:50,478 - INFO - [GINSLIB] processing : 2021/07/15 09:15:27 Q=5
2026-01-06 17:18:50,483 - INFO - [GINSLIB] processing : 2021/07/15 09:15:28 Q=5
2026-01-06 17:18:50,487 - INFO - [GINSLIB] processing : 2021/07/15 09:15:29 Q=5
2026-01-06 17:18:50,494 - INFO - [GINSLIB] processing : 2021/07/15 09:15:30 Q=5
2026-01-06 17:18:50,499 - INFO - [GINSLIB] processing : 2021/07/15 09:15:31 Q=5
2026-01-06 17:18:50,505 - INFO - [GINSLIB] processing : 2021/07/15 09:15:32 Q=5
2026-01-06 17:18:50,511 - INFO - [GINSLIB] processing : 2021/07/15 09:15:33 Q=5
2026-01-06 17:18:50,518 - INFO - [GINSLIB] processing : 2021/07/15 09:15:34 Q=5
2026-01-06 17:18:50,520 - INFO - [GINSLIB] processing : 2021/07/15 09:15:35 Q=5
2026-01-06 17:18:50,526 - INFO - [GINSLIB] processing : 2021/07/15 09:15:36 Q=5
2026-01-06 17:18:50,531 - INFO - [GINSLIB] processing : 2021/07/15 09:15:37 Q=5
2026-01-06 17:18:50,537 - INFO - [GINSLIB] processing : 2021/07/15 09:15:38 Q=5
2026-01-06 17:18:50,547 - INFO - [GINSLIB] processing : 2021/07/15 09:15:39 Q=5
2026-01-06 17:18:50,548 - INFO - [GINSLIB] processing : 2021/07/15 09:15:40 Q=5
2026-01-06 17:18:50,554 - INFO - [GINSLIB] processing : 2021/07/15 09:15:41 Q=5
2026-01-06 17:18:50,560 - INFO - [GINSLIB] processing : 2021/07/15 09:15:42 Q=5
2026-01-06 17:18:50,565 - INFO - [GINSLIB] processing : 2021/07/15 09:15:43 Q=5
2026-01-06 17:18:50,575 - INFO - [GINSLIB] processing : 2021/07/15 09:15:44 Q=5
2026-01-06 17:18:50,576 - INFO - [GINSLIB] processing : 2021/07/15 09:15:45 Q=5
2026-01-06 17:18:50,582 - INFO - [GINSLIB] processing : 2021/07/15 09:15:46 Q=5
2026-01-06 17:18:50,588 - INFO - [GINSLIB] processing : 2021/07/15 09:15:47 Q=5
2026-01-06 17:18:50,595 - INFO - [GINSLIB] processing : 2021/07/15 09:15:48 Q=5
2026-01-06 17:18:50,602 - INFO - [GINSLIB] processing : 2021/07/15 09:15:49 Q=5
2026-01-06 17:18:50,607 - INFO - [GINSLIB] processing : 2021/07/15 09:15:50 Q=5
2026-01-06 17:18:50,613 - INFO - [GINSLIB] processing : 2021/07/15 09:15:51 Q=5
2026-01-06 17:18:50,619 - INFO - [GINSLIB] processing : 2021/07/15 09:15:52 Q=5
2026-01-06 17:18:50,624 - INFO - [GINSLIB] processing : 2021/07/15 09:15:53 Q=5
2026-01-06 17:18:50,630 - INFO - [GINSLIB] processing : 2021/07/15 09:15:54 Q=5
2026-01-06 17:18:50,634 - INFO - [GINSLIB] processing : 2021/07/15 09:15:55 Q=5
2026-01-06 17:18:50,640 - INFO - [GINSLIB] processing : 2021/07/15 09:15:56 Q=5
2026-01-06 17:18:50,647 - INFO - [GINSLIB] processing : 2021/07/15 09:15:57 Q=5
2026-01-06 17:18:50,653 - INFO - [GINSLIB] processing : 2021/07/15 09:15:58 Q=5
2026-01-06 17:18:50,659 - INFO - [GINSLIB] processing : 2021/07/15 09:15:59 Q=5
2026-01-06 17:18:50,664 - INFO - [GINSLIB] processing : 2021/07/15 09:16:00 Q=5
2026-01-06 17:18:50,670 - INFO - [GINSLIB] processing : 2021/07/15 09:16:01 Q=5
2026-01-06 17:18:50,676 - INFO - [GINSLIB] processing : 2021/07/15 09:16:02 Q=5
2026-01-06 17:18:50,682 - INFO - [GINSLIB] processing : 2021/07/15 09:16:03 Q=5
2026-01-06 17:18:50,688 - INFO - [GINSLIB] processing : 2021/07/15 09:16:04 Q=5
2026-01-06 17:18:50,698 - INFO - [GINSLIB] processing : 2021/07/15 09:16:05 Q=5
2026-01-06 17:18:50,699 - INFO - [GINSLIB] processing : 2021/07/15 09:16:06 Q=5
2026-01-06 17:18:50,706 - INFO - [GINSLIB] processing : 2021/07/15 09:16:07 Q=5
2026-01-06 17:18:50,712 - INFO - [GINSLIB] processing : 2021/07/15 09:16:08 Q=5
2026-01-06 17:18:50,717 - INFO - [GINSLIB] processing : 2021/07/15 09:16:09 Q=5
2026-01-06 17:18:50,726 - INFO - [GINSLIB] processing : 2021/07/15 09:16:10 Q=5
2026-01-06 17:18:50,727 - INFO - [GINSLIB] processing : 2021/07/15 09:16:11 Q=5
2026-01-06 17:18:50,733 - INFO - [GINSLIB] processing : 2021/07/15 09:16:12 Q=5
2026-01-06 17:18:50,739 - INFO - [GINSLIB] processing : 2021/07/15 09:16:13 Q=5
2026-01-06 17:18:50,744 - INFO - [GINSLIB] processing : 2021/07/15 09:16:14 Q=5
2026-01-06 17:18:50,754 - INFO - [GINSLIB] processing : 2021/07/15 09:16:15 Q=5
2026-01-06 17:18:50,755 - INFO - [GINSLIB] processing : 2021/07/15 09:16:16 Q=5
2026-01-06 17:18:50,760 - INFO - [GINSLIB] processing : 2021/07/15 09:16:17 Q=5
2026-01-06 17:18:50,766 - INFO - [GINSLIB] processing : 2021/07/15 09:16:18 Q=5
2026-01-06 17:18:50,772 - INFO - [GINSLIB] processing : 2021/07/15 09:16:19 Q=5
2026-01-06 17:18:50,777 - INFO - [GINSLIB] processing : 2021/07/15 09:16:20 Q=5
2026-01-06 17:18:50,782 - INFO - [GINSLIB] processing : 2021/07/15 09:16:21 Q=5
2026-01-06 17:18:50,788 - INFO - [GINSLIB] processing : 2021/07/15 09:16:22 Q=5
2026-01-06 17:18:50,793 - INFO - [GINSLIB] processing : 2021/07/15 09:16:23 Q=5
2026-01-06 17:18:50,799 - INFO - [GINSLIB] processing : 2021/07/15 09:16:24 Q=5
2026-01-06 17:18:50,804 - INFO - [GINSLIB] processing : 2021/07/15 09:16:25 Q=5
2026-01-06 17:18:50,808 - INFO - [GINSLIB] processing : 2021/07/15 09:16:26 Q=5
2026-01-06 17:18:50,814 - INFO - [GINSLIB] processing : 2021/07/15 09:16:27 Q=5
2026-01-06 17:18:50,820 - INFO - [GINSLIB] processing : 2021/07/15 09:16:28 Q=5
2026-01-06 17:18:50,825 - INFO - [GINSLIB] processing : 2021/07/15 09:16:29 Q=5
2026-01-06 17:18:50,831 - INFO - [GINSLIB] processing : 2021/07/15 09:16:30 Q=5
2026-01-06 17:18:50,835 - INFO - [GINSLIB] processing : 2021/07/15 09:16:31 Q=5
2026-01-06 17:18:50,840 - INFO - [GINSLIB] processing : 2021/07/15 09:16:32 Q=5
2026-01-06 17:18:50,846 - INFO - [GINSLIB] processing : 2021/07/15 09:16:33 Q=5
2026-01-06 17:18:50,851 - INFO - [GINSLIB] processing : 2021/07/15 09:16:34 Q=5
2026-01-06 17:18:50,856 - INFO - [GINSLIB] processing : 2021/07/15 09:16:35 Q=5
2026-01-06 17:18:50,869 - INFO - [GINSLIB] processing : 2021/07/15 09:16:36 Q=5
2026-01-06 17:18:50,870 - INFO - [GINSLIB] processing : 2021/07/15 09:16:37 Q=5
2026-01-06 17:18:50,878 - INFO - [GINSLIB] processing : 2021/07/15 09:16:38 Q=5
2026-01-06 17:18:50,886 - INFO - [GINSLIB] processing : 2021/07/15 09:16:39 Q=5
2026-01-06 17:18:50,892 - INFO - [GINSLIB] processing : 2021/07/15 09:16:40 Q=5
2026-01-06 17:18:50,904 - INFO - [GINSLIB] processing : 2021/07/15 09:16:41 Q=5
2026-01-06 17:18:50,906 - INFO - [GINSLIB] processing : 2021/07/15 09:16:42 Q=5
2026-01-06 17:18:50,913 - INFO - [GINSLIB] processing : 2021/07/15 09:16:43 Q=5
2026-01-06 17:18:50,920 - INFO - [GINSLIB] processing : 2021/07/15 09:16:44 Q=5
2026-01-06 17:18:50,927 - INFO - [GINSLIB] processing : 2021/07/15 09:16:45 Q=5
2026-01-06 17:18:50,937 - INFO - [GINSLIB] processing : 2021/07/15 09:16:46 Q=5
2026-01-06 17:18:50,939 - INFO - [GINSLIB] processing : 2021/07/15 09:16:47 Q=5
2026-01-06 17:18:50,947 - INFO - [GINSLIB] processing : 2021/07/15 09:16:48 Q=5
2026-01-06 17:18:50,952 - INFO - [GINSLIB] processing : 2021/07/15 09:16:49 Q=5
2026-01-06 17:18:50,958 - INFO - [GINSLIB] processing : 2021/07/15 09:16:50 Q=5
2026-01-06 17:18:50,963 - INFO - [GINSLIB] processing : 2021/07/15 09:16:51 Q=5
2026-01-06 17:18:50,969 - INFO - [GINSLIB] processing : 2021/07/15 09:16:52 Q=5
2026-01-06 17:18:50,975 - INFO - [GINSLIB] processing : 2021/07/15 09:16:53 Q=5
2026-01-06 17:18:50,983 - INFO - [GINSLIB] processing : 2021/07/15 09:16:54 Q=5
2026-01-06 17:18:50,993 - INFO - [GINSLIB] processing : 2021/07/15 09:16:55 Q=5
2026-01-06 17:18:51,002 - INFO - [GINSLIB] processing : 2021/07/15 09:16:56 Q=5
2026-01-06 17:18:51,009 - INFO - [GINSLIB] processing : 2021/07/15 09:16:57 Q=5
2026-01-06 17:18:51,017 - INFO - [GINSLIB] processing : 2021/07/15 09:16:58 Q=5
2026-01-06 17:18:51,026 - INFO - [GINSLIB] processing : 2021/07/15 09:16:59 Q=5
2026-01-06 17:18:51,033 - INFO - [GINSLIB] processing : 2021/07/15 09:17:00 Q=5
2026-01-06 17:18:51,039 - INFO - [GINSLIB] processing : 2021/07/15 09:17:01 Q=5
2026-01-06 17:18:51,050 - INFO - [GINSLIB] processing : 2021/07/15 09:17:02 Q=5
2026-01-06 17:18:51,051 - INFO - [GINSLIB] processing : 2021/07/15 09:17:03 Q=5
2026-01-06 17:18:51,058 - INFO - [GINSLIB] processing : 2021/07/15 09:17:04 Q=5
2026-01-06 17:18:51,065 - INFO - [GINSLIB] processing : 2021/07/15 09:17:05 Q=5
2026-01-06 17:18:51,071 - INFO - [GINSLIB] processing : 2021/07/15 09:17:06 Q=5
2026-01-06 17:18:51,080 - INFO - [GINSLIB] processing : 2021/07/15 09:17:07 Q=5
2026-01-06 17:18:51,081 - INFO - [GINSLIB] processing : 2021/07/15 09:17:08 Q=5
2026-01-06 17:18:51,087 - INFO - [GINSLIB] processing : 2021/07/15 09:17:09 Q=5
2026-01-06 17:18:51,094 - INFO - [GINSLIB] processing : 2021/07/15 09:17:10 Q=5
2026-01-06 17:18:51,101 - INFO - [GINSLIB] processing : 2021/07/15 09:17:11 Q=5
2026-01-06 17:18:51,113 - INFO - [GINSLIB] processing : 2021/07/15 09:17:12 Q=5
2026-01-06 17:18:51,114 - INFO - [GINSLIB] processing : 2021/07/15 09:17:13 Q=5
2026-01-06 17:18:51,121 - INFO - [GINSLIB] processing : 2021/07/15 09:17:14 Q=5
2026-01-06 17:18:51,128 - INFO - [GINSLIB] processing : 2021/07/15 09:17:15 Q=5
2026-01-06 17:18:51,134 - INFO - [GINSLIB] processing : 2021/07/15 09:17:16 Q=5
2026-01-06 17:18:51,146 - INFO - [GINSLIB] processing : 2021/07/15 09:17:17 Q=5
2026-01-06 17:18:51,147 - INFO - [GINSLIB] processing : 2021/07/15 09:17:18 Q=5
2026-01-06 17:18:51,154 - INFO - [GINSLIB] processing : 2021/07/15 09:17:19 Q=5
2026-01-06 17:18:51,161 - INFO - [GINSLIB] processing : 2021/07/15 09:17:20 Q=5
2026-01-06 17:18:51,167 - INFO - [GINSLIB] processing : 2021/07/15 09:17:21 Q=5
2026-01-06 17:18:51,173 - INFO - [GINSLIB] processing : 2021/07/15 09:17:22 Q=5
2026-01-06 17:18:51,180 - INFO - [GINSLIB] processing : 2021/07/15 09:17:23 Q=5
2026-01-06 17:18:51,187 - INFO - [GINSLIB] processing : 2021/07/15 09:17:24 Q=5
2026-01-06 17:18:51,194 - INFO - [GINSLIB] processing : 2021/07/15 09:17:25 Q=5
2026-01-06 17:18:51,201 - INFO - [GINSLIB] processing : 2021/07/15 09:17:26 Q=5
2026-01-06 17:18:51,207 - INFO - [GINSLIB] processing : 2021/07/15 09:17:27 Q=5
2026-01-06 17:18:51,213 - INFO - [GINSLIB] processing : 2021/07/15 09:17:28 Q=5
2026-01-06 17:18:51,219 - INFO - [GINSLIB] processing : 2021/07/15 09:17:29 Q=5
2026-01-06 17:18:51,225 - INFO - [GINSLIB] processing : 2021/07/15 09:17:30 Q=5
2026-01-06 17:18:51,233 - INFO - [GINSLIB] processing : 2021/07/15 09:17:31 Q=5
2026-01-06 17:18:51,239 - INFO - [GINSLIB] processing : 2021/07/15 09:17:32 Q=5
2026-01-06 17:18:51,250 - INFO - [GINSLIB] processing : 2021/07/15 09:17:33 Q=5
2026-01-06 17:18:51,251 - INFO - [GINSLIB] processing : 2021/07/15 09:17:34 Q=5
2026-01-06 17:18:51,258 - INFO - [GINSLIB] processing : 2021/07/15 09:17:35 Q=5
2026-01-06 17:18:51,265 - INFO - [GINSLIB] processing : 2021/07/15 09:17:36 Q=5
2026-01-06 17:18:51,271 - INFO - [GINSLIB] processing : 2021/07/15 09:17:37 Q=5
2026-01-06 17:18:51,283 - INFO - [GINSLIB] processing : 2021/07/15 09:17:38 Q=5
2026-01-06 17:18:51,284 - INFO - [GINSLIB] processing : 2021/07/15 09:17:39 Q=5
2026-01-06 17:18:51,290 - INFO - [GINSLIB] processing : 2021/07/15 09:17:40 Q=5
2026-01-06 17:18:51,295 - INFO - [GINSLIB] processing : 2021/07/15 09:17:41 Q=5
2026-01-06 17:18:51,300 - INFO - [GINSLIB] processing : 2021/07/15 09:17:42 Q=5
2026-01-06 17:18:51,310 - INFO - [GINSLIB] processing : 2021/07/15 09:17:43 Q=5
2026-01-06 17:18:51,311 - INFO - [GINSLIB] processing : 2021/07/15 09:17:44 Q=5
2026-01-06 17:18:51,316 - INFO - [GINSLIB] processing : 2021/07/15 09:17:45 Q=5
2026-01-06 17:18:51,323 - INFO - [GINSLIB] processing : 2021/07/15 09:17:46 Q=5
2026-01-06 17:18:51,329 - INFO - [GINSLIB] processing : 2021/07/15 09:17:47 Q=5
2026-01-06 17:18:51,335 - INFO - [GINSLIB] processing : 2021/07/15 09:17:48 Q=5
2026-01-06 17:18:51,340 - INFO - [GINSLIB] processing : 2021/07/15 09:17:49 Q=5
2026-01-06 17:18:51,346 - INFO - [GINSLIB] processing : 2021/07/15 09:17:50 Q=5
2026-01-06 17:18:51,351 - INFO - [GINSLIB] processing : 2021/07/15 09:17:51 Q=5
2026-01-06 17:18:51,356 - INFO - [GINSLIB] processing : 2021/07/15 09:17:52 Q=5
2026-01-06 17:18:51,361 - INFO - [GINSLIB] processing : 2021/07/15 09:17:53 Q=5
2026-01-06 17:18:51,367 - INFO - [GINSLIB] processing : 2021/07/15 09:17:54 Q=5
2026-01-06 17:18:51,372 - INFO - [GINSLIB] processing : 2021/07/15 09:17:55 Q=5
2026-01-06 17:18:51,379 - INFO - [GINSLIB] processing : 2021/07/15 09:17:56 Q=5
2026-01-06 17:18:51,385 - INFO - [GINSLIB] processing : 2021/07/15 09:17:57 Q=5
2026-01-06 17:18:51,390 - INFO - [GINSLIB] processing : 2021/07/15 09:17:58 Q=5
2026-01-06 17:18:51,396 - INFO - [GINSLIB] processing : 2021/07/15 09:17:59 Q=5
2026-01-06 17:18:51,402 - INFO - [GINSLIB] processing : 2021/07/15 09:18:00 Q=5
2026-01-06 17:18:51,407 - INFO - [GINSLIB] processing : 2021/07/15 09:18:01 Q=5
2026-01-06 17:18:51,414 - INFO - [GINSLIB] processing : 2021/07/15 09:18:02 Q=5
2026-01-06 17:18:51,419 - INFO - [GINSLIB] processing : 2021/07/15 09:18:03 Q=5
2026-01-06 17:18:51,429 - INFO - [GINSLIB] processing : 2021/07/15 09:18:04 Q=5
2026-01-06 17:18:51,430 - INFO - [GINSLIB] processing : 2021/07/15 09:18:05 Q=5
2026-01-06 17:18:51,435 - INFO - [GINSLIB] processing : 2021/07/15 09:18:06 Q=5
2026-01-06 17:18:51,440 - INFO - [GINSLIB] processing : 2021/07/15 09:18:07 Q=5
2026-01-06 17:18:51,446 - INFO - [GINSLIB] processing : 2021/07/15 09:18:08 Q=5
2026-01-06 17:18:51,454 - INFO - [GINSLIB] processing : 2021/07/15 09:18:09 Q=5
2026-01-06 17:18:51,455 - INFO - [GINSLIB] processing : 2021/07/15 09:18:10 Q=5
2026-01-06 17:18:51,462 - INFO - [GINSLIB] processing : 2021/07/15 09:18:11 Q=5
2026-01-06 17:18:51,467 - INFO - [GINSLIB] processing : 2021/07/15 09:18:12 Q=5
2026-01-06 17:18:51,473 - INFO - [GINSLIB] processing : 2021/07/15 09:18:13 Q=5
2026-01-06 17:18:51,483 - INFO - [GINSLIB] processing : 2021/07/15 09:18:14 Q=5
2026-01-06 17:18:51,484 - INFO - [GINSLIB] processing : 2021/07/15 09:18:15 Q=5
2026-01-06 17:18:51,491 - INFO - [GINSLIB] processing : 2021/07/15 09:18:16 Q=5
2026-01-06 17:18:51,497 - INFO - [GINSLIB] processing : 2021/07/15 09:18:17 Q=5
2026-01-06 17:18:51,502 - INFO - [GINSLIB] processing : 2021/07/15 09:18:18 Q=5
2026-01-06 17:18:51,510 - INFO - [GINSLIB] processing : 2021/07/15 09:18:19 Q=5
2026-01-06 17:18:51,514 - INFO - [GINSLIB] processing : 2021/07/15 09:18:20 Q=5
2026-01-06 17:18:51,520 - INFO - [GINSLIB] processing : 2021/07/15 09:18:21 Q=5
2026-01-06 17:18:51,527 - INFO - [GINSLIB] processing : 2021/07/15 09:18:22 Q=5
2026-01-06 17:18:51,532 - INFO - [GINSLIB] processing : 2021/07/15 09:18:23 Q=5
2026-01-06 17:18:51,538 - INFO - [GINSLIB] processing : 2021/07/15 09:18:24 Q=5
2026-01-06 17:18:51,543 - INFO - [GINSLIB] processing : 2021/07/15 09:18:25 Q=5
2026-01-06 17:18:51,548 - INFO - [GINSLIB] processing : 2021/07/15 09:18:26 Q=5
2026-01-06 17:18:51,553 - INFO - [GINSLIB] processing : 2021/07/15 09:18:27 Q=5
2026-01-06 17:18:51,559 - INFO - [GINSLIB] processing : 2021/07/15 09:18:28 Q=5
2026-01-06 17:18:51,564 - INFO - [GINSLIB] processing : 2021/07/15 09:18:29 Q=5
2026-01-06 17:18:51,569 - INFO - [GINSLIB] processing : 2021/07/15 09:18:30 Q=5
2026-01-06 17:18:51,574 - INFO - [GINSLIB] processing : 2021/07/15 09:18:31 Q=5
2026-01-06 17:18:51,579 - INFO - [GINSLIB] processing : 2021/07/15 09:18:32 Q=5
2026-01-06 17:18:51,586 - INFO - [GINSLIB] processing : 2021/07/15 09:18:33 Q=5
2026-01-06 17:18:51,592 - INFO - [GINSLIB] processing : 2021/07/15 09:18:34 Q=5
2026-01-06 17:18:51,602 - INFO - [GINSLIB] processing : 2021/07/15 09:18:35 Q=5
2026-01-06 17:18:51,603 - INFO - [GINSLIB] processing : 2021/07/15 09:18:36 Q=5
2026-01-06 17:18:51,609 - INFO - [GINSLIB] processing : 2021/07/15 09:18:37 Q=5
2026-01-06 17:18:51,614 - INFO - [GINSLIB] processing : 2021/07/15 09:18:38 Q=5
2026-01-06 17:18:51,620 - INFO - [GINSLIB] processing : 2021/07/15 09:18:39 Q=5
2026-01-06 17:18:51,630 - INFO - [GINSLIB] processing : 2021/07/15 09:18:40 Q=5
2026-01-06 17:18:51,631 - INFO - [GINSLIB] processing : 2021/07/15 09:18:41 Q=5
2026-01-06 17:18:51,635 - INFO - [GINSLIB] processing : 2021/07/15 09:18:42 Q=5
2026-01-06 17:18:51,640 - INFO - [GINSLIB] processing : 2021/07/15 09:18:43 Q=5
2026-01-06 17:18:51,645 - INFO - [GINSLIB] processing : 2021/07/15 09:18:44 Q=5
2026-01-06 17:18:51,654 - INFO - [GINSLIB] processing : 2021/07/15 09:18:45 Q=5
2026-01-06 17:18:51,655 - INFO - [GINSLIB] processing : 2021/07/15 09:18:46 Q=5
2026-01-06 17:18:51,659 - INFO - [GINSLIB] processing : 2021/07/15 09:18:47 Q=5
2026-01-06 17:18:51,665 - INFO - [GINSLIB] processing : 2021/07/15 09:18:48 Q=5
2026-01-06 17:18:51,670 - INFO - [GINSLIB] processing : 2021/07/15 09:18:49 Q=5
2026-01-06 17:18:51,675 - INFO - [GINSLIB] processing : 2021/07/15 09:18:50 Q=5
2026-01-06 17:18:51,680 - INFO - [GINSLIB] processing : 2021/07/15 09:18:51 Q=5
2026-01-06 17:18:51,685 - INFO - [GINSLIB] processing : 2021/07/15 09:18:52 Q=5
2026-01-06 17:18:51,690 - INFO - [GINSLIB] processing : 2021/07/15 09:18:53 Q=5
2026-01-06 17:18:51,697 - INFO - [GINSLIB] processing : 2021/07/15 09:18:54 Q=5
2026-01-06 17:18:51,702 - INFO - [GINSLIB] processing : 2021/07/15 09:18:55 Q=5
2026-01-06 17:18:51,706 - INFO - [GINSLIB] processing : 2021/07/15 09:18:56 Q=5
2026-01-06 17:18:51,712 - INFO - [GINSLIB] processing : 2021/07/15 09:18:57 Q=5
2026-01-06 17:18:51,717 - INFO - [GINSLIB] processing : 2021/07/15 09:18:58 Q=5
2026-01-06 17:18:51,722 - INFO - [GINSLIB] processing : 2021/07/15 09:18:59 Q=5
2026-01-06 17:18:51,728 - INFO - [GINSLIB] processing : 2021/07/15 09:19:00 Q=5
2026-01-06 17:18:51,732 - INFO - [GINSLIB] processing : 2021/07/15 09:19:01 Q=5
2026-01-06 17:18:51,737 - INFO - [GINSLIB] processing : 2021/07/15 09:19:02 Q=5
2026-01-06 17:18:51,744 - INFO - [GINSLIB] processing : 2021/07/15 09:19:03 Q=5
2026-01-06 17:18:51,748 - INFO - [GINSLIB] processing : 2021/07/15 09:19:04 Q=5
2026-01-06 17:18:51,753 - INFO - [GINSLIB] processing : 2021/07/15 09:19:05 Q=5
2026-01-06 17:18:51,762 - INFO - [GINSLIB] processing : 2021/07/15 09:19:06 Q=5
2026-01-06 17:18:51,763 - INFO - [GINSLIB] processing : 2021/07/15 09:19:07 Q=5
2026-01-06 17:18:51,768 - INFO - [GINSLIB] processing : 2021/07/15 09:19:08 Q=5
2026-01-06 17:18:51,773 - INFO - [GINSLIB] processing : 2021/07/15 09:19:09 Q=5
2026-01-06 17:18:51,778 - INFO - [GINSLIB] processing : 2021/07/15 09:19:10 Q=5
2026-01-06 17:18:51,786 - INFO - [GINSLIB] processing : 2021/07/15 09:19:11 Q=5
2026-01-06 17:18:51,787 - INFO - [GINSLIB] processing : 2021/07/15 09:19:12 Q=5
2026-01-06 17:18:51,793 - INFO - [GINSLIB] processing : 2021/07/15 09:19:13 Q=5
2026-01-06 17:18:51,798 - INFO - [GINSLIB] processing : 2021/07/15 09:19:14 Q=5
2026-01-06 17:18:51,804 - INFO - [GINSLIB] processing : 2021/07/15 09:19:15 Q=5
2026-01-06 17:18:51,813 - INFO - [GINSLIB] processing : 2021/07/15 09:19:16 Q=5
2026-01-06 17:18:51,814 - INFO - [GINSLIB] processing : 2021/07/15 09:19:17 Q=5
2026-01-06 17:18:51,820 - INFO - [GINSLIB] processing : 2021/07/15 09:19:18 Q=5
2026-01-06 17:18:51,825 - INFO - [GINSLIB] processing : 2021/07/15 09:19:19 Q=5
2026-01-06 17:18:51,830 - INFO - [GINSLIB] processing : 2021/07/15 09:19:20 Q=5
2026-01-06 17:18:51,836 - INFO - [GINSLIB] processing : 2021/07/15 09:19:21 Q=5
2026-01-06 17:18:51,840 - INFO - [GINSLIB] processing : 2021/07/15 09:19:22 Q=5
2026-01-06 17:18:51,845 - INFO - [GINSLIB] processing : 2021/07/15 09:19:23 Q=5
2026-01-06 17:18:51,851 - INFO - [GINSLIB] processing : 2021/07/15 09:19:24 Q=5
2026-01-06 17:18:51,856 - INFO - [GINSLIB] processing : 2021/07/15 09:19:25 Q=5
2026-01-06 17:18:51,861 - INFO - [GINSLIB] processing : 2021/07/15 09:19:26 Q=5
2026-01-06 17:18:51,866 - INFO - [GINSLIB] processing : 2021/07/15 09:19:27 Q=5
2026-01-06 17:18:51,872 - INFO - [GINSLIB] processing : 2021/07/15 09:19:28 Q=5
2026-01-06 17:18:51,879 - INFO - [GINSLIB] processing : 2021/07/15 09:19:29 Q=5
2026-01-06 17:18:51,883 - INFO - [GINSLIB] processing : 2021/07/15 09:19:30 Q=5
2026-01-06 17:18:51,888 - INFO - [GINSLIB] processing : 2021/07/15 09:19:31 Q=5
2026-01-06 17:18:51,893 - INFO - [GINSLIB] processing : 2021/07/15 09:19:32 Q=5
2026-01-06 17:18:51,899 - INFO - [GINSLIB] processing : 2021/07/15 09:19:33 Q=5
2026-01-06 17:18:51,904 - INFO - [GINSLIB] processing : 2021/07/15 09:19:34 Q=5
2026-01-06 17:18:51,910 - INFO - [GINSLIB] processing : 2021/07/15 09:19:35 Q=5
2026-01-06 17:18:51,916 - INFO - [GINSLIB] processing : 2021/07/15 09:19:36 Q=5
2026-01-06 17:18:51,925 - INFO - [GINSLIB] processing : 2021/07/15 09:19:37 Q=5
2026-01-06 17:18:51,927 - INFO - [GINSLIB] processing : 2021/07/15 09:19:38 Q=5
2026-01-06 17:18:51,932 - INFO - [GINSLIB] processing : 2021/07/15 09:19:39 Q=5
2026-01-06 17:18:51,938 - INFO - [GINSLIB] processing : 2021/07/15 09:19:40 Q=5
2026-01-06 17:18:51,944 - INFO - [GINSLIB] processing : 2021/07/15 09:19:41 Q=5
2026-01-06 17:18:51,951 - INFO - [GINSLIB] processing : 2021/07/15 09:19:42 Q=5
2026-01-06 17:18:51,952 - INFO - [GINSLIB] processing : 2021/07/15 09:19:43 Q=5
2026-01-06 17:18:51,958 - INFO - [GINSLIB] processing : 2021/07/15 09:19:44 Q=5
2026-01-06 17:18:51,964 - INFO - [GINSLIB] processing : 2021/07/15 09:19:45 Q=5
2026-01-06 17:18:51,969 - INFO - [GINSLIB] processing : 2021/07/15 09:19:46 Q=5
2026-01-06 17:18:51,977 - INFO - [GINSLIB] processing : 2021/07/15 09:19:47 Q=5
2026-01-06 17:18:51,978 - INFO - [GINSLIB] processing : 2021/07/15 09:19:48 Q=5
2026-01-06 17:18:51,983 - INFO - [GINSLIB] processing : 2021/07/15 09:19:49 Q=5
2026-01-06 17:18:51,988 - INFO - [GINSLIB] processing : 2021/07/15 09:19:50 Q=5
2026-01-06 17:18:51,994 - INFO - [GINSLIB] processing : 2021/07/15 09:19:51 Q=5
2026-01-06 17:18:51,998 - INFO - [GINSLIB] processing : 2021/07/15 09:19:52 Q=5
2026-01-06 17:18:52,002 - INFO - [GINSLIB] processing : 2021/07/15 09:19:53 Q=5
2026-01-06 17:18:52,008 - INFO - [GINSLIB] processing : 2021/07/15 09:19:54 Q=5
2026-01-06 17:18:52,012 - INFO - [GINSLIB] processing : 2021/07/15 09:19:55 Q=5
2026-01-06 17:18:52,017 - INFO - [GINSLIB] processing : 2021/07/15 09:19:56 Q=5
2026-01-06 17:18:52,022 - INFO - [GINSLIB] processing : 2021/07/15 09:19:57 Q=5
2026-01-06 17:18:52,026 - INFO - [GINSLIB] processing : 2021/07/15 09:19:58 Q=5
2026-01-06 17:18:52,031 - INFO - [GINSLIB] processing : 2021/07/15 09:19:59 Q=5
2026-01-06 17:18:52,036 - INFO - [GINSLIB] processing : 2021/07/15 09:20:00 Q=5
2026-01-06 17:18:52,041 - INFO - [GINSLIB] processing : 2021/07/15 09:20:01 Q=5
2026-01-06 17:18:52,046 - INFO - [GINSLIB] processing : 2021/07/15 09:20:02 Q=5
2026-01-06 17:18:52,054 - INFO - [GINSLIB] processing : 2021/07/15 09:20:03 Q=5
2026-01-06 17:18:52,055 - INFO - [GINSLIB] processing : 2021/07/15 09:20:04 Q=5
2026-01-06 17:18:52,060 - INFO - [GINSLIB] processing : 2021/07/15 09:20:05 Q=5
2026-01-06 17:18:52,065 - INFO - [GINSLIB] processing : 2021/07/15 09:20:06 Q=5
2026-01-06 17:18:52,070 - INFO - [GINSLIB] processing : 2021/07/15 09:20:07 Q=5
2026-01-06 17:18:52,078 - INFO - [GINSLIB] processing : 2021/07/15 09:20:08 Q=5
2026-01-06 17:18:52,079 - INFO - [GINSLIB] processing : 2021/07/15 09:20:09 Q=5
2026-01-06 17:18:52,085 - INFO - [GINSLIB] processing : 2021/07/15 09:20:10 Q=5
2026-01-06 17:18:52,090 - INFO - [GINSLIB] processing : 2021/07/15 09:20:11 Q=5
2026-01-06 17:18:52,094 - INFO - [GINSLIB] processing : 2021/07/15 09:20:12 Q=5
2026-01-06 17:18:52,103 - INFO - [GINSLIB] processing : 2021/07/15 09:20:13 Q=5
2026-01-06 17:18:52,104 - INFO - [GINSLIB] processing : 2021/07/15 09:20:14 Q=5
2026-01-06 17:18:52,108 - INFO - [GINSLIB] processing : 2021/07/15 09:20:15 Q=5
2026-01-06 17:18:52,114 - INFO - [GINSLIB] processing : 2021/07/15 09:20:16 Q=5
2026-01-06 17:18:52,119 - INFO - [GINSLIB] processing : 2021/07/15 09:20:17 Q=5
2026-01-06 17:18:52,127 - INFO - [GINSLIB] processing : 2021/07/15 09:20:18 Q=5
2026-01-06 17:18:52,129 - INFO - [GINSLIB] processing : 2021/07/15 09:20:19 Q=5
2026-01-06 17:18:52,134 - INFO - [GINSLIB] processing : 2021/07/15 09:20:20 Q=5
2026-01-06 17:18:52,139 - INFO - [GINSLIB] processing : 2021/07/15 09:20:21 Q=5
2026-01-06 17:18:52,145 - INFO - [GINSLIB] processing : 2021/07/15 09:20:22 Q=5
2026-01-06 17:18:52,150 - INFO - [GINSLIB] processing : 2021/07/15 09:20:23 Q=5
2026-01-06 17:18:52,154 - INFO - [GINSLIB] processing : 2021/07/15 09:20:24 Q=5
2026-01-06 17:18:52,160 - INFO - [GINSLIB] processing : 2021/07/15 09:20:25 Q=5
2026-01-06 17:18:52,166 - INFO - [GINSLIB] processing : 2021/07/15 09:20:26 Q=5
2026-01-06 17:18:52,170 - INFO - [GINSLIB] processing : 2021/07/15 09:20:27 Q=5
2026-01-06 17:18:52,177 - INFO - [GINSLIB] processing : 2021/07/15 09:20:28 Q=5
2026-01-06 17:18:52,181 - INFO - [GINSLIB] processing : 2021/07/15 09:20:29 Q=5
2026-01-06 17:18:52,185 - INFO - [GINSLIB] processing : 2021/07/15 09:20:30 Q=5
2026-01-06 17:18:52,191 - INFO - [GINSLIB] processing : 2021/07/15 09:20:31 Q=5
2026-01-06 17:18:52,196 - INFO - [GINSLIB] processing : 2021/07/15 09:20:32 Q=5
2026-01-06 17:18:52,201 - INFO - [GINSLIB] processing : 2021/07/15 09:20:33 Q=5
2026-01-06 17:18:52,210 - INFO - [GINSLIB] processing : 2021/07/15 09:20:34 Q=5
2026-01-06 17:18:52,211 - INFO - [GINSLIB] processing : 2021/07/15 09:20:35 Q=5
2026-01-06 17:18:52,215 - INFO - [GINSLIB] processing : 2021/07/15 09:20:36 Q=5
2026-01-06 17:18:52,223 - INFO - [GINSLIB] processing : 2021/07/15 09:20:37 Q=5
2026-01-06 17:18:52,229 - INFO - [GINSLIB] processing : 2021/07/15 09:20:38 Q=5
2026-01-06 17:18:52,239 - INFO - [GINSLIB] processing : 2021/07/15 09:20:39 Q=5
2026-01-06 17:18:52,241 - INFO - [GINSLIB] processing : 2021/07/15 09:20:40 Q=5
2026-01-06 17:18:52,246 - INFO - [GINSLIB] processing : 2021/07/15 09:20:41 Q=5
2026-01-06 17:18:52,251 - INFO - [GINSLIB] processing : 2021/07/15 09:20:42 Q=5
2026-01-06 17:18:52,256 - INFO - [GINSLIB] processing : 2021/07/15 09:20:43 Q=5
2026-01-06 17:18:52,264 - INFO - [GINSLIB] processing : 2021/07/15 09:20:44 Q=5
2026-01-06 17:18:52,265 - INFO - [GINSLIB] processing : 2021/07/15 09:20:45 Q=5
2026-01-06 17:18:52,271 - INFO - [GINSLIB] processing : 2021/07/15 09:20:46 Q=5
2026-01-06 17:18:52,276 - INFO - [GINSLIB] processing : 2021/07/15 09:20:47 Q=5
2026-01-06 17:18:52,281 - INFO - [GINSLIB] processing : 2021/07/15 09:20:48 Q=5
2026-01-06 17:18:52,286 - INFO - [GINSLIB] processing : 2021/07/15 09:20:49 Q=5
2026-01-06 17:18:52,290 - INFO - [GINSLIB] processing : 2021/07/15 09:20:50 Q=5
2026-01-06 17:18:52,295 - INFO - [GINSLIB] processing : 2021/07/15 09:20:51 Q=5
2026-01-06 17:18:52,301 - INFO - [GINSLIB] processing : 2021/07/15 09:20:52 Q=5
2026-01-06 17:18:52,306 - INFO - [GINSLIB] processing : 2021/07/15 09:20:53 Q=5
2026-01-06 17:18:52,311 - INFO - [GINSLIB] processing : 2021/07/15 09:20:54 Q=5
2026-01-06 17:18:52,315 - INFO - [GINSLIB] processing : 2021/07/15 09:20:55 Q=5
2026-01-06 17:18:52,321 - INFO - [GINSLIB] processing : 2021/07/15 09:20:56 Q=5
2026-01-06 17:18:52,325 - INFO - [GINSLIB] processing : 2021/07/15 09:20:57 Q=5
2026-01-06 17:18:52,331 - INFO - [GINSLIB] processing : 2021/07/15 09:20:58 Q=5
2026-01-06 17:18:52,335 - INFO - [GINSLIB] processing : 2021/07/15 09:20:59 Q=5
2026-01-06 17:18:52,339 - INFO - [GINSLIB] processing : 2021/07/15 09:21:00 Q=5
2026-01-06 17:18:52,346 - INFO - [GINSLIB] processing : 2021/07/15 09:21:01 Q=5
2026-01-06 17:18:52,350 - INFO - [GINSLIB] processing : 2021/07/15 09:21:02 Q=5
2026-01-06 17:18:52,355 - INFO - [GINSLIB] processing : 2021/07/15 09:21:03 Q=5
2026-01-06 17:18:52,360 - INFO - [GINSLIB] processing : 2021/07/15 09:21:04 Q=5
2026-01-06 17:18:52,368 - INFO - [GINSLIB] processing : 2021/07/15 09:21:05 Q=5
2026-01-06 17:18:52,369 - INFO - [GINSLIB] processing : 2021/07/15 09:21:06 Q=5
2026-01-06 17:18:52,374 - INFO - [GINSLIB] processing : 2021/07/15 09:21:07 Q=5
2026-01-06 17:18:52,382 - INFO - [GINSLIB] processing : 2021/07/15 09:21:08 Q=5
2026-01-06 17:18:52,387 - INFO - [GINSLIB] processing : 2021/07/15 09:21:09 Q=5
2026-01-06 17:18:52,395 - INFO - [GINSLIB] processing : 2021/07/15 09:21:10 Q=5
2026-01-06 17:18:52,397 - INFO - [GINSLIB] processing : 2021/07/15 09:21:11 Q=5
2026-01-06 17:18:52,402 - INFO - [GINSLIB] processing : 2021/07/15 09:21:12 Q=5
2026-01-06 17:18:52,409 - INFO - [GINSLIB] processing : 2021/07/15 09:21:13 Q=5
2026-01-06 17:18:52,414 - INFO - [GINSLIB] processing : 2021/07/15 09:21:14 Q=5
2026-01-06 17:18:52,423 - INFO - [GINSLIB] processing : 2021/07/15 09:21:15 Q=5
2026-01-06 17:18:52,424 - INFO - [GINSLIB] processing : 2021/07/15 09:21:16 Q=5
2026-01-06 17:18:52,429 - INFO - [GINSLIB] processing : 2021/07/15 09:21:17 Q=5
2026-01-06 17:18:52,434 - INFO - [GINSLIB] processing : 2021/07/15 09:21:18 Q=5
2026-01-06 17:18:52,442 - INFO - [GINSLIB] processing : 2021/07/15 09:21:19 Q=5
2026-01-06 17:18:52,448 - INFO - [GINSLIB] processing : 2021/07/15 09:21:20 Q=5
2026-01-06 17:18:52,453 - INFO - [GINSLIB] processing : 2021/07/15 09:21:21 Q=5
2026-01-06 17:18:52,459 - INFO - [GINSLIB] processing : 2021/07/15 09:21:22 Q=5
2026-01-06 17:18:52,465 - INFO - [GINSLIB] processing : 2021/07/15 09:21:23 Q=5
2026-01-06 17:18:52,472 - INFO - [GINSLIB] processing : 2021/07/15 09:21:24 Q=5
2026-01-06 17:18:52,478 - INFO - [GINSLIB] processing : 2021/07/15 09:21:25 Q=5
2026-01-06 17:18:52,482 - INFO - [GINSLIB] processing : 2021/07/15 09:21:26 Q=5
2026-01-06 17:18:52,487 - INFO - [GINSLIB] processing : 2021/07/15 09:21:27 Q=5
2026-01-06 17:18:52,492 - INFO - [GINSLIB] processing : 2021/07/15 09:21:28 Q=5
2026-01-06 17:18:52,497 - INFO - [GINSLIB] processing : 2021/07/15 09:21:29 Q=5
2026-01-06 17:18:52,504 - INFO - [GINSLIB] processing : 2021/07/15 09:21:30 Q=5
2026-01-06 17:18:52,508 - INFO - [GINSLIB] processing : 2021/07/15 09:21:31 Q=5
2026-01-06 17:18:52,514 - INFO - [GINSLIB] processing : 2021/07/15 09:21:32 Q=5
2026-01-06 17:18:52,520 - INFO - [GINSLIB] processing : 2021/07/15 09:21:33 Q=5
2026-01-06 17:18:52,525 - INFO - [GINSLIB] processing : 2021/07/15 09:21:34 Q=5
2026-01-06 17:18:52,531 - INFO - [GINSLIB] processing : 2021/07/15 09:21:35 Q=5
2026-01-06 17:18:52,538 - INFO - [GINSLIB] processing : 2021/07/15 09:21:36 Q=5
2026-01-06 17:18:52,540 - INFO - [GINSLIB] processing : 2021/07/15 09:21:37 Q=5
2026-01-06 17:18:52,545 - INFO - [GINSLIB] processing : 2021/07/15 09:21:38 Q=5
2026-01-06 17:18:52,551 - INFO - [GINSLIB] processing : 2021/07/15 09:21:39 Q=5
2026-01-06 17:18:52,557 - INFO - [GINSLIB] processing : 2021/07/15 09:21:40 Q=5
2026-01-06 17:18:52,566 - INFO - [GINSLIB] processing : 2021/07/15 09:21:41 Q=5
2026-01-06 17:18:52,567 - INFO - [GINSLIB] processing : 2021/07/15 09:21:42 Q=5
2026-01-06 17:18:52,571 - INFO - [GINSLIB] processing : 2021/07/15 09:21:43 Q=5
2026-01-06 17:18:52,577 - INFO - [GINSLIB] processing : 2021/07/15 09:21:44 Q=5
2026-01-06 17:18:52,582 - INFO - [GINSLIB] processing : 2021/07/15 09:21:45 Q=5
2026-01-06 17:18:52,588 - INFO - [GINSLIB] processing : 2021/07/15 09:21:46 Q=5
2026-01-06 17:18:52,589 - INFO - [GINSLIB] processing : 2021/07/15 09:21:47 Q=5
2026-01-06 17:18:52,594 - INFO - [GINSLIB] processing : 2021/07/15 09:21:48 Q=5
2026-01-06 17:18:52,599 - INFO - [GINSLIB] processing : 2021/07/15 09:21:49 Q=5
2026-01-06 17:18:52,604 - INFO - [GINSLIB] processing : 2021/07/15 09:21:50 Q=5
2026-01-06 17:18:52,611 - INFO - [GINSLIB] processing : 2021/07/15 09:21:51 Q=5
2026-01-06 17:18:52,615 - INFO - [GINSLIB] processing : 2021/07/15 09:21:52 Q=5
2026-01-06 17:18:52,620 - INFO - [GINSLIB] processing : 2021/07/15 09:21:53 Q=5
2026-01-06 17:18:52,625 - INFO - [GINSLIB] processing : 2021/07/15 09:21:54 Q=5
2026-01-06 17:18:52,630 - INFO - [GINSLIB] processing : 2021/07/15 09:21:55 Q=5
2026-01-06 17:18:52,634 - INFO - [GINSLIB] processing : 2021/07/15 09:21:56 Q=5
2026-01-06 17:18:52,637 - INFO - [GINSLIB] processing : 2021/07/15 09:21:57 Q=5
2026-01-06 17:18:52,644 - INFO - [GINSLIB] processing : 2021/07/15 09:21:58 Q=5
2026-01-06 17:18:52,648 - INFO - [GINSLIB] processing : 2021/07/15 09:21:59 Q=5
2026-01-06 17:18:52,653 - INFO - [GINSLIB] processing : 2021/07/15 09:22:00 Q=5
2026-01-06 17:18:52,659 - INFO - [GINSLIB] processing : 2021/07/15 09:22:01 Q=5
2026-01-06 17:18:52,664 - INFO - [GINSLIB] processing : 2021/07/15 09:22:02 Q=5
2026-01-06 17:18:52,670 - INFO - [GINSLIB] processing : 2021/07/15 09:22:03 Q=5
2026-01-06 17:18:52,676 - INFO - [GINSLIB] processing : 2021/07/15 09:22:04 Q=5
2026-01-06 17:18:52,683 - INFO - [GINSLIB] processing : 2021/07/15 09:22:05 Q=5
2026-01-06 17:18:52,688 - INFO - [GINSLIB] processing : 2021/07/15 09:22:06 Q=5
2026-01-06 17:18:52,695 - INFO - [GINSLIB] processing : 2021/07/15 09:22:07 Q=5
2026-01-06 17:18:52,696 - INFO - [GINSLIB] processing : 2021/07/15 09:22:08 Q=5
2026-01-06 17:18:52,700 - INFO - [GINSLIB] processing : 2021/07/15 09:22:09 Q=5
2026-01-06 17:18:52,705 - INFO - [GINSLIB] processing : 2021/07/15 09:22:10 Q=5
2026-01-06 17:18:52,710 - INFO - [GINSLIB] processing : 2021/07/15 09:22:11 Q=5
2026-01-06 17:18:52,716 - INFO - [GINSLIB] processing : 2021/07/15 09:22:12 Q=5
2026-01-06 17:18:52,717 - INFO - [GINSLIB] processing : 2021/07/15 09:22:13 Q=5
2026-01-06 17:18:52,722 - INFO - [GINSLIB] processing : 2021/07/15 09:22:14 Q=5
2026-01-06 17:18:52,728 - INFO - [GINSLIB] processing : 2021/07/15 09:22:15 Q=5
2026-01-06 17:18:52,733 - INFO - [GINSLIB] processing : 2021/07/15 09:22:16 Q=5
2026-01-06 17:18:52,741 - INFO - [GINSLIB] processing : 2021/07/15 09:22:17 Q=5
2026-01-06 17:18:52,743 - INFO - [GINSLIB] processing : 2021/07/15 09:22:18 Q=5
2026-01-06 17:18:52,748 - INFO - [GINSLIB] processing : 2021/07/15 09:22:19 Q=5
2026-01-06 17:18:52,753 - INFO - [GINSLIB] processing : 2021/07/15 09:22:20 Q=5
2026-01-06 17:18:52,758 - INFO - [GINSLIB] processing : 2021/07/15 09:22:21 Q=5
2026-01-06 17:18:52,762 - INFO - [GINSLIB] processing : 2021/07/15 09:22:22 Q=5
2026-01-06 17:18:52,765 - INFO - [GINSLIB] processing : 2021/07/15 09:22:23 Q=5
2026-01-06 17:18:52,770 - INFO - [GINSLIB] processing : 2021/07/15 09:22:24 Q=5
2026-01-06 17:18:52,774 - INFO - [GINSLIB] processing : 2021/07/15 09:22:25 Q=5
2026-01-06 17:18:52,779 - INFO - [GINSLIB] processing : 2021/07/15 09:22:26 Q=5
2026-01-06 17:18:52,783 - INFO - [GINSLIB] processing : 2021/07/15 09:22:27 Q=5
2026-01-06 17:18:52,787 - INFO - [GINSLIB] processing : 2021/07/15 09:22:28 Q=5
2026-01-06 17:18:52,791 - INFO - [GINSLIB] processing : 2021/07/15 09:22:29 Q=5
2026-01-06 17:18:52,795 - INFO - [GINSLIB] processing : 2021/07/15 09:22:30 Q=5
2026-01-06 17:18:52,800 - INFO - [GINSLIB] processing : 2021/07/15 09:22:31 Q=5
2026-01-06 17:18:52,804 - INFO - [GINSLIB] processing : 2021/07/15 09:22:32 Q=5
2026-01-06 17:18:52,810 - INFO - [GINSLIB] processing : 2021/07/15 09:22:33 Q=5
2026-01-06 17:18:52,812 - INFO - [GINSLIB] processing : 2021/07/15 09:22:34 Q=5
2026-01-06 17:18:52,816 - INFO - [GINSLIB] processing : 2021/07/15 09:22:35 Q=5
2026-01-06 17:18:52,820 - INFO - [GINSLIB] processing : 2021/07/15 09:22:36 Q=5
2026-01-06 17:18:52,824 - INFO - [GINSLIB] processing : 2021/07/15 09:22:37 Q=5
2026-01-06 17:18:52,829 - INFO - [GINSLIB] processing : 2021/07/15 09:22:38 Q=5
2026-01-06 17:18:52,830 - INFO - [GINSLIB] processing : 2021/07/15 09:22:39 Q=5
2026-01-06 17:18:52,835 - INFO - [GINSLIB] processing : 2021/07/15 09:22:40 Q=5
2026-01-06 17:18:52,839 - INFO - [GINSLIB] processing : 2021/07/15 09:22:41 Q=5
2026-01-06 17:18:52,843 - INFO - [GINSLIB] processing : 2021/07/15 09:22:42 Q=5
2026-01-06 17:18:52,850 - INFO - [GINSLIB] processing : 2021/07/15 09:22:43 Q=5
2026-01-06 17:18:52,851 - INFO - [GINSLIB] processing : 2021/07/15 09:22:44 Q=5
2026-01-06 17:18:52,855 - INFO - [GINSLIB] processing : 2021/07/15 09:22:45 Q=5
2026-01-06 17:18:52,860 - INFO - [GINSLIB] processing : 2021/07/15 09:22:46 Q=5
2026-01-06 17:18:52,864 - INFO - [GINSLIB] processing : 2021/07/15 09:22:47 Q=5
2026-01-06 17:18:52,871 - INFO - [GINSLIB] processing : 2021/07/15 09:22:48 Q=5
2026-01-06 17:18:52,872 - INFO - [GINSLIB] processing : 2021/07/15 09:22:49 Q=5
2026-01-06 17:18:52,876 - INFO - [GINSLIB] processing : 2021/07/15 09:22:50 Q=5
2026-01-06 17:18:52,880 - INFO - [GINSLIB] processing : 2021/07/15 09:22:51 Q=5
2026-01-06 17:18:52,884 - INFO - [GINSLIB] processing : 2021/07/15 09:22:52 Q=5
2026-01-06 17:18:52,888 - INFO - [GINSLIB] processing : 2021/07/15 09:22:53 Q=5
2026-01-06 17:18:52,892 - INFO - [GINSLIB] processing : 2021/07/15 09:22:54 Q=5
2026-01-06 17:18:52,899 - INFO - [GINSLIB] processing : 2021/07/15 09:22:55 Q=5
2026-01-06 17:18:52,904 - INFO - [GINSLIB] processing : 2021/07/15 09:22:56 Q=5
2026-01-06 17:18:52,909 - INFO - [GINSLIB] processing : 2021/07/15 09:22:57 Q=5
2026-01-06 17:18:52,916 - INFO - [GINSLIB] processing : 2021/07/15 09:22:58 Q=5
2026-01-06 17:18:52,921 - INFO - [GINSLIB] processing : 2021/07/15 09:22:59 Q=5
2026-01-06 17:18:52,927 - INFO - [GINSLIB] processing : 2021/07/15 09:23:00 Q=5
2026-01-06 17:18:52,932 - INFO - [GINSLIB] processing : 2021/07/15 09:23:01 Q=5
2026-01-06 17:18:52,937 - INFO - [GINSLIB] processing : 2021/07/15 09:23:02 Q=5
2026-01-06 17:18:52,944 - INFO - [GINSLIB] processing : 2021/07/15 09:23:03 Q=5
2026-01-06 17:18:52,952 - INFO - [GINSLIB] processing : 2021/07/15 09:23:04 Q=5
2026-01-06 17:18:52,954 - INFO - [GINSLIB] processing : 2021/07/15 09:23:05 Q=5
2026-01-06 17:18:52,960 - INFO - [GINSLIB] processing : 2021/07/15 09:23:06 Q=5
2026-01-06 17:18:52,965 - INFO - [GINSLIB] processing : 2021/07/15 09:23:07 Q=5
2026-01-06 17:18:52,971 - INFO - [GINSLIB] processing : 2021/07/15 09:23:08 Q=5
2026-01-06 17:18:52,982 - INFO - [GINSLIB] processing : 2021/07/15 09:23:09 Q=5
2026-01-06 17:18:52,983 - INFO - [GINSLIB] processing : 2021/07/15 09:23:10 Q=5
2026-01-06 17:18:52,988 - INFO - [GINSLIB] processing : 2021/07/15 09:23:11 Q=5
2026-01-06 17:18:52,995 - INFO - [GINSLIB] processing : 2021/07/15 09:23:12 Q=5
2026-01-06 17:18:53,001 - INFO - [GINSLIB] processing : 2021/07/15 09:23:13 Q=5
2026-01-06 17:18:53,011 - INFO - [GINSLIB] processing : 2021/07/15 09:23:14 Q=5
2026-01-06 17:18:53,012 - INFO - [GINSLIB] processing : 2021/07/15 09:23:15 Q=5
2026-01-06 17:18:53,018 - INFO - [GINSLIB] processing : 2021/07/15 09:23:16 Q=5
2026-01-06 17:18:53,024 - INFO - [GINSLIB] processing : 2021/07/15 09:23:17 Q=5
2026-01-06 17:18:53,032 - INFO - [GINSLIB] processing : 2021/07/15 09:23:18 Q=5
2026-01-06 17:18:53,037 - INFO - [GINSLIB] processing : 2021/07/15 09:23:19 Q=5
2026-01-06 17:18:53,042 - INFO - [GINSLIB] processing : 2021/07/15 09:23:20 Q=5
2026-01-06 17:18:53,047 - INFO - [GINSLIB] processing : 2021/07/15 09:23:21 Q=5
2026-01-06 17:18:53,051 - INFO - [GINSLIB] processing : 2021/07/15 09:23:22 Q=5
2026-01-06 17:18:53,056 - INFO - [GINSLIB] processing : 2021/07/15 09:23:23 Q=5
2026-01-06 17:18:53,063 - INFO - [GINSLIB] processing : 2021/07/15 09:23:24 Q=5
2026-01-06 17:18:53,067 - INFO - [GINSLIB] processing : 2021/07/15 09:23:25 Q=5
2026-01-06 17:18:53,073 - INFO - [GINSLIB] processing : 2021/07/15 09:23:26 Q=5
2026-01-06 17:18:53,080 - INFO - [GINSLIB] processing : 2021/07/15 09:23:27 Q=5
2026-01-06 17:18:53,085 - INFO - [GINSLIB] processing : 2021/07/15 09:23:28 Q=5
2026-01-06 17:18:53,091 - INFO - [GINSLIB] processing : 2021/07/15 09:23:29 Q=5
2026-01-06 17:18:53,095 - INFO - [GINSLIB] processing : 2021/07/15 09:23:30 Q=5
2026-01-06 17:18:53,099 - INFO - [GINSLIB] processing : 2021/07/15 09:23:31 Q=5
2026-01-06 17:18:53,104 - INFO - [GINSLIB] processing : 2021/07/15 09:23:32 Q=5
2026-01-06 17:18:53,110 - INFO - [GINSLIB] processing : 2021/07/15 09:23:33 Q=5
2026-01-06 17:18:53,116 - INFO - [GINSLIB] processing : 2021/07/15 09:23:34 Q=5
2026-01-06 17:18:53,122 - INFO - [GINSLIB] processing : 2021/07/15 09:23:35 Q=5
2026-01-06 17:18:53,124 - INFO - [GINSLIB] processing : 2021/07/15 09:23:36 Q=5
2026-01-06 17:18:53,130 - INFO - [GINSLIB] processing : 2021/07/15 09:23:37 Q=5
2026-01-06 17:18:53,135 - INFO - [GINSLIB] processing : 2021/07/15 09:23:38 Q=5
2026-01-06 17:18:53,139 - INFO - [GINSLIB] processing : 2021/07/15 09:23:39 Q=5
2026-01-06 17:18:53,148 - INFO - [GINSLIB] processing : 2021/07/15 09:23:40 Q=5
2026-01-06 17:18:53,150 - INFO - [GINSLIB] processing : 2021/07/15 09:23:41 Q=5
2026-01-06 17:18:53,154 - INFO - [GINSLIB] processing : 2021/07/15 09:23:42 Q=5
2026-01-06 17:18:53,160 - INFO - [GINSLIB] processing : 2021/07/15 09:23:43 Q=5
2026-01-06 17:18:53,164 - INFO - [GINSLIB] processing : 2021/07/15 09:23:44 Q=5
2026-01-06 17:18:53,171 - INFO - [GINSLIB] processing : 2021/07/15 09:23:45 Q=5
2026-01-06 17:18:53,172 - INFO - [GINSLIB] processing : 2021/07/15 09:23:46 Q=5
2026-01-06 17:18:53,178 - INFO - [GINSLIB] processing : 2021/07/15 09:23:47 Q=5
2026-01-06 17:18:53,183 - INFO - [GINSLIB] processing : 2021/07/15 09:23:48 Q=5
2026-01-06 17:18:53,187 - INFO - [GINSLIB] processing : 2021/07/15 09:23:49 Q=5
2026-01-06 17:18:53,192 - INFO - [GINSLIB] processing : 2021/07/15 09:23:50 Q=5
2026-01-06 17:18:53,196 - INFO - [GINSLIB] processing : 2021/07/15 09:23:51 Q=5
2026-01-06 17:18:53,201 - INFO - [GINSLIB] processing : 2021/07/15 09:23:52 Q=5
2026-01-06 17:18:53,205 - INFO - [GINSLIB] processing : 2021/07/15 09:23:53 Q=5
2026-01-06 17:18:53,211 - INFO - [GINSLIB] processing : 2021/07/15 09:23:54 Q=5
2026-01-06 17:18:53,216 - INFO - [GINSLIB] processing : 2021/07/15 09:23:55 Q=5
2026-01-06 17:18:53,219 - INFO - [GINSLIB] processing : 2021/07/15 09:23:56 Q=5
2026-01-06 17:18:53,224 - INFO - [GINSLIB] processing : 2021/07/15 09:23:57 Q=5
2026-01-06 17:18:53,229 - INFO - [GINSLIB] processing : 2021/07/15 09:23:58 Q=5
2026-01-06 17:18:53,234 - INFO - [GINSLIB] processing : 2021/07/15 09:23:59 Q=5
2026-01-06 17:18:53,239 - INFO - [GINSLIB] processing : 2021/07/15 09:24:00 Q=5
2026-01-06 17:18:53,244 - INFO - [GINSLIB] processing : 2021/07/15 09:24:01 Q=5
2026-01-06 17:18:53,249 - INFO - [GINSLIB] processing : 2021/07/15 09:24:02 Q=5
2026-01-06 17:18:53,254 - INFO - [GINSLIB] processing : 2021/07/15 09:24:03 Q=5
2026-01-06 17:18:53,260 - INFO - [GINSLIB] processing : 2021/07/15 09:24:04 Q=5
2026-01-06 17:18:53,265 - INFO - [GINSLIB] processing : 2021/07/15 09:24:05 Q=5
2026-01-06 17:18:53,273 - INFO - [GINSLIB] processing : 2021/07/15 09:24:06 Q=5
2026-01-06 17:18:53,274 - INFO - [GINSLIB] processing : 2021/07/15 09:24:07 Q=5
2026-01-06 17:18:53,279 - INFO - [GINSLIB] processing : 2021/07/15 09:24:08 Q=5
2026-01-06 17:18:53,283 - INFO - [GINSLIB] processing : 2021/07/15 09:24:09 Q=5
2026-01-06 17:18:53,288 - INFO - [GINSLIB] processing : 2021/07/15 09:24:10 Q=5
2026-01-06 17:18:53,296 - INFO - [GINSLIB] processing : 2021/07/15 09:24:11 Q=5
2026-01-06 17:18:53,297 - INFO - [GINSLIB] processing : 2021/07/15 09:24:12 Q=5
2026-01-06 17:18:53,302 - INFO - [GINSLIB] processing : 2021/07/15 09:24:13 Q=5
2026-01-06 17:18:53,308 - INFO - [GINSLIB] processing : 2021/07/15 09:24:14 Q=5
2026-01-06 17:18:53,312 - INFO - [GINSLIB] processing : 2021/07/15 09:24:15 Q=5
2026-01-06 17:18:53,320 - INFO - [GINSLIB] processing : 2021/07/15 09:24:16 Q=5
2026-01-06 17:18:53,321 - INFO - [GINSLIB] processing : 2021/07/15 09:24:17 Q=5
2026-01-06 17:18:53,326 - INFO - [GINSLIB] processing : 2021/07/15 09:24:18 Q=5
2026-01-06 17:18:53,331 - INFO - [GINSLIB] processing : 2021/07/15 09:24:19 Q=5
2026-01-06 17:18:53,337 - INFO - [GINSLIB] processing : 2021/07/15 09:24:20 Q=5
2026-01-06 17:18:53,344 - INFO - [GINSLIB] processing : 2021/07/15 09:24:21 Q=5
2026-01-06 17:18:53,349 - INFO - [GINSLIB] processing : 2021/07/15 09:24:22 Q=5
2026-01-06 17:18:53,354 - INFO - [GINSLIB] processing : 2021/07/15 09:24:23 Q=5
2026-01-06 17:18:53,364 - INFO - [GINSLIB] processing : 2021/07/15 09:24:24 Q=5
2026-01-06 17:18:53,371 - INFO - [GINSLIB] processing : 2021/07/15 09:24:25 Q=5
2026-01-06 17:18:53,382 - INFO - [GINSLIB] processing : 2021/07/15 09:24:26 Q=5
2026-01-06 17:18:53,382 - INFO - [GINSLIB] processing : 2021/07/15 09:24:27 Q=5
2026-01-06 17:18:53,387 - INFO - [GINSLIB] processing : 2021/07/15 09:24:28 Q=5
2026-01-06 17:18:53,393 - INFO - [GINSLIB] processing : 2021/07/15 09:24:29 Q=5
2026-01-06 17:18:53,398 - INFO - [GINSLIB] processing : 2021/07/15 09:24:30 Q=5
2026-01-06 17:18:53,403 - INFO - [GINSLIB] processing : 2021/07/15 09:24:31 Q=5
2026-01-06 17:18:53,407 - INFO - [GINSLIB] processing : 2021/07/15 09:24:32 Q=5
2026-01-06 17:18:53,411 - INFO - [GINSLIB] processing : 2021/07/15 09:24:33 Q=5
2026-01-06 17:18:53,417 - INFO - [GINSLIB] processing : 2021/07/15 09:24:34 Q=5
2026-01-06 17:18:53,423 - INFO - [GINSLIB] processing : 2021/07/15 09:24:35 Q=5
2026-01-06 17:18:53,428 - INFO - [GINSLIB] processing : 2021/07/15 09:24:36 Q=5
2026-01-06 17:18:53,437 - INFO - [GINSLIB] processing : 2021/07/15 09:24:37 Q=5
2026-01-06 17:18:53,438 - INFO - [GINSLIB] processing : 2021/07/15 09:24:38 Q=5
2026-01-06 17:18:53,443 - INFO - [GINSLIB] processing : 2021/07/15 09:24:39 Q=5
2026-01-06 17:18:53,449 - INFO - [GINSLIB] processing : 2021/07/15 09:24:40 Q=5
2026-01-06 17:18:53,454 - INFO - [GINSLIB] processing : 2021/07/15 09:24:41 Q=5
2026-01-06 17:18:53,462 - INFO - [GINSLIB] processing : 2021/07/15 09:24:42 Q=5
2026-01-06 17:18:53,463 - INFO - [GINSLIB] processing : 2021/07/15 09:24:43 Q=5
2026-01-06 17:18:53,467 - INFO - [GINSLIB] processing : 2021/07/15 09:24:44 Q=5
2026-01-06 17:18:53,472 - INFO - [GINSLIB] processing : 2021/07/15 09:24:45 Q=5
2026-01-06 17:18:53,477 - INFO - [GINSLIB] processing : 2021/07/15 09:24:46 Q=5
2026-01-06 17:18:53,484 - INFO - [GINSLIB] processing : 2021/07/15 09:24:47 Q=5
2026-01-06 17:18:53,485 - INFO - [GINSLIB] processing : 2021/07/15 09:24:48 Q=5
2026-01-06 17:18:53,490 - INFO - [GINSLIB] processing : 2021/07/15 09:24:49 Q=5
2026-01-06 17:18:53,496 - INFO - [GINSLIB] processing : 2021/07/15 09:24:50 Q=5
2026-01-06 17:18:53,500 - INFO - [GINSLIB] processing : 2021/07/15 09:24:51 Q=5
2026-01-06 17:18:53,505 - INFO - [GINSLIB] processing : 2021/07/15 09:24:52 Q=5
2026-01-06 17:18:53,509 - INFO - [GINSLIB] processing : 2021/07/15 09:24:53 Q=5
2026-01-06 17:18:53,514 - INFO - [GINSLIB] processing : 2021/07/15 09:24:54 Q=5
2026-01-06 17:18:53,518 - INFO - [GINSLIB] processing : 2021/07/15 09:24:55 Q=5
2026-01-06 17:18:53,523 - INFO - [GINSLIB] processing : 2021/07/15 09:24:56 Q=5
2026-01-06 17:18:53,529 - INFO - [GINSLIB] processing : 2021/07/15 09:24:57 Q=5
2026-01-06 17:18:53,533 - INFO - [GINSLIB] processing : 2021/07/15 09:24:58 Q=5
2026-01-06 17:18:53,538 - INFO - [GINSLIB] processing : 2021/07/15 09:24:59 Q=5
2026-01-06 17:18:53,545 - INFO - [GINSLIB] processing : 2021/07/15 09:25:00 Q=5
2026-01-06 17:18:53,551 - INFO - [GINSLIB] processing : 2021/07/15 09:25:01 Q=5
2026-01-06 17:18:53,557 - INFO - [GINSLIB] processing : 2021/07/15 09:25:02 Q=5
2026-01-06 17:18:53,562 - INFO - [GINSLIB] processing : 2021/07/15 09:25:03 Q=5
2026-01-06 17:18:53,566 - INFO - [GINSLIB] processing : 2021/07/15 09:25:04 Q=5
2026-01-06 17:18:53,572 - INFO - [GINSLIB] processing : 2021/07/15 09:25:05 Q=5
2026-01-06 17:18:53,580 - INFO - [GINSLIB] processing : 2021/07/15 09:25:06 Q=5
2026-01-06 17:18:53,586 - INFO - [GINSLIB] processing : 2021/07/15 09:25:07 Q=5
2026-01-06 17:18:53,600 - INFO - [GINSLIB] processing : 2021/07/15 09:25:08 Q=5
2026-01-06 17:18:53,602 - INFO - [GINSLIB] processing : 2021/07/15 09:25:09 Q=5
2026-01-06 17:18:53,609 - INFO - [GINSLIB] processing : 2021/07/15 09:25:10 Q=5
2026-01-06 17:18:53,616 - INFO - [GINSLIB] processing : 2021/07/15 09:25:11 Q=5
2026-01-06 17:18:53,624 - INFO - [GINSLIB] processing : 2021/07/15 09:25:12 Q=5
2026-01-06 17:18:53,636 - INFO - [GINSLIB] processing : 2021/07/15 09:25:13 Q=5
2026-01-06 17:18:53,637 - INFO - [GINSLIB] processing : 2021/07/15 09:25:14 Q=5
2026-01-06 17:18:53,644 - INFO - [GINSLIB] processing : 2021/07/15 09:25:15 Q=5
2026-01-06 17:18:53,650 - INFO - [GINSLIB] processing : 2021/07/15 09:25:16 Q=5
2026-01-06 17:18:53,658 - INFO - [GINSLIB] processing : 2021/07/15 09:25:17 Q=5
2026-01-06 17:18:53,671 - INFO - [GINSLIB] processing : 2021/07/15 09:25:18 Q=5
2026-01-06 17:18:53,674 - INFO - [GINSLIB] processing : 2021/07/15 09:25:19 Q=5
2026-01-06 17:18:53,681 - INFO - [GINSLIB] processing : 2021/07/15 09:25:20 Q=5
2026-01-06 17:18:53,688 - INFO - [GINSLIB] processing : 2021/07/15 09:25:21 Q=5
2026-01-06 17:18:53,696 - INFO - [GINSLIB] processing : 2021/07/15 09:25:22 Q=5
2026-01-06 17:18:53,703 - INFO - [GINSLIB] processing : 2021/07/15 09:25:23 Q=5
2026-01-06 17:18:53,710 - INFO - [GINSLIB] processing : 2021/07/15 09:25:24 Q=5
2026-01-06 17:18:53,717 - INFO - [GINSLIB] processing : 2021/07/15 09:25:25 Q=5
2026-01-06 17:18:53,724 - INFO - [GINSLIB] processing : 2021/07/15 09:25:26 Q=5
2026-01-06 17:18:53,731 - INFO - [GINSLIB] processing : 2021/07/15 09:25:27 Q=5
2026-01-06 17:18:53,738 - INFO - [GINSLIB] processing : 2021/07/15 09:25:28 Q=5
2026-01-06 17:18:53,744 - INFO - [GINSLIB] processing : 2021/07/15 09:25:29 Q=5
2026-01-06 17:18:53,750 - INFO - [GINSLIB] processing : 2021/07/15 09:25:30 Q=5
2026-01-06 17:18:53,757 - INFO - [GINSLIB] processing : 2021/07/15 09:25:31 Q=5
2026-01-06 17:18:53,764 - INFO - [GINSLIB] processing : 2021/07/15 09:25:32 Q=5
2026-01-06 17:18:53,771 - INFO - [GINSLIB] processing : 2021/07/15 09:25:33 Q=5
2026-01-06 17:18:53,782 - INFO - [GINSLIB] processing : 2021/07/15 09:25:34 Q=5
2026-01-06 17:18:53,784 - INFO - [GINSLIB] processing : 2021/07/15 09:25:35 Q=5
2026-01-06 17:18:53,790 - INFO - [GINSLIB] processing : 2021/07/15 09:25:36 Q=5
2026-01-06 17:18:53,797 - INFO - [GINSLIB] processing : 2021/07/15 09:25:37 Q=5
2026-01-06 17:18:53,804 - INFO - [GINSLIB] processing : 2021/07/15 09:25:38 Q=5
2026-01-06 17:18:53,816 - INFO - [GINSLIB] processing : 2021/07/15 09:25:39 Q=5
2026-01-06 17:18:53,817 - INFO - [GINSLIB] processing : 2021/07/15 09:25:40 Q=5
2026-01-06 17:18:53,824 - INFO - [GINSLIB] processing : 2021/07/15 09:25:41 Q=5
2026-01-06 17:18:53,831 - INFO - [GINSLIB] processing : 2021/07/15 09:25:42 Q=5
2026-01-06 17:18:53,838 - INFO - [GINSLIB] processing : 2021/07/15 09:25:43 Q=5
2026-01-06 17:18:53,848 - INFO - [GINSLIB] processing : 2021/07/15 09:25:44 Q=5
2026-01-06 17:18:53,850 - INFO - [GINSLIB] processing : 2021/07/15 09:25:45 Q=5
2026-01-06 17:18:53,856 - INFO - [GINSLIB] processing : 2021/07/15 09:25:46 Q=5
2026-01-06 17:18:53,862 - INFO - [GINSLIB] processing : 2021/07/15 09:25:47 Q=5
2026-01-06 17:18:53,868 - INFO - [GINSLIB] processing : 2021/07/15 09:25:48 Q=5
2026-01-06 17:18:53,878 - INFO - [GINSLIB] processing : 2021/07/15 09:25:49 Q=5
2026-01-06 17:18:53,879 - INFO - [GINSLIB] processing : 2021/07/15 09:25:50 Q=5
2026-01-06 17:18:53,885 - INFO - [GINSLIB] processing : 2021/07/15 09:25:51 Q=5
2026-01-06 17:18:53,891 - INFO - [GINSLIB] processing : 2021/07/15 09:25:52 Q=5
2026-01-06 17:18:53,898 - INFO - [GINSLIB] processing : 2021/07/15 09:25:53 Q=5
2026-01-06 17:18:53,904 - INFO - [GINSLIB] processing : 2021/07/15 09:25:54 Q=5
2026-01-06 17:18:53,909 - INFO - [GINSLIB] processing : 2021/07/15 09:25:55 Q=5
2026-01-06 17:18:53,917 - INFO - [GINSLIB] processing : 2021/07/15 09:25:56 Q=5
2026-01-06 17:18:53,923 - INFO - [GINSLIB] processing : 2021/07/15 09:25:57 Q=5
2026-01-06 17:18:53,931 - INFO - [GINSLIB] processing : 2021/07/15 09:25:58 Q=5
2026-01-06 17:18:53,937 - INFO - [GINSLIB] processing : 2021/07/15 09:25:59 Q=5
2026-01-06 17:18:53,942 - INFO - [GINSLIB] processing : 2021/07/15 09:26:00 Q=5
2026-01-06 17:18:53,949 - INFO - [GINSLIB] processing : 2021/07/15 09:26:01 Q=5
2026-01-06 17:18:53,955 - INFO - [GINSLIB] processing : 2021/07/15 09:26:02 Q=5
2026-01-06 17:18:53,963 - INFO - [GINSLIB] processing : 2021/07/15 09:26:03 Q=5
2026-01-06 17:18:53,968 - INFO - [GINSLIB] processing : 2021/07/15 09:26:04 Q=5
2026-01-06 17:18:53,979 - INFO - [GINSLIB] processing : 2021/07/15 09:26:05 Q=5
2026-01-06 17:18:53,980 - INFO - [GINSLIB] processing : 2021/07/15 09:26:06 Q=5
2026-01-06 17:18:53,986 - INFO - [GINSLIB] processing : 2021/07/15 09:26:07 Q=5
2026-01-06 17:18:53,993 - INFO - [GINSLIB] processing : 2021/07/15 09:26:08 Q=5
2026-01-06 17:18:53,999 - INFO - [GINSLIB] processing : 2021/07/15 09:26:09 Q=5
2026-01-06 17:18:54,010 - INFO - [GINSLIB] processing : 2021/07/15 09:26:10 Q=5
2026-01-06 17:18:54,011 - INFO - [GINSLIB] processing : 2021/07/15 09:26:11 Q=5
2026-01-06 17:18:54,016 - INFO - [GINSLIB] processing : 2021/07/15 09:26:12 Q=5
2026-01-06 17:18:54,025 - INFO - [GINSLIB] processing : 2021/07/15 09:26:13 Q=5
2026-01-06 17:18:54,031 - INFO - [GINSLIB] processing : 2021/07/15 09:26:14 Q=5
2026-01-06 17:18:54,042 - INFO - [GINSLIB] processing : 2021/07/15 09:26:15 Q=5
2026-01-06 17:18:54,043 - INFO - [GINSLIB] processing : 2021/07/15 09:26:16 Q=5
2026-01-06 17:18:54,049 - INFO - [GINSLIB] processing : 2021/07/15 09:26:17 Q=5
2026-01-06 17:18:54,056 - INFO - [GINSLIB] processing : 2021/07/15 09:26:18 Q=5
2026-01-06 17:18:54,062 - INFO - [GINSLIB] processing : 2021/07/15 09:26:19 Q=5
2026-01-06 17:18:54,069 - INFO - [GINSLIB] processing : 2021/07/15 09:26:20 Q=5
2026-01-06 17:18:54,074 - INFO - [GINSLIB] processing : 2021/07/15 09:26:21 Q=5
2026-01-06 17:18:54,080 - INFO - [GINSLIB] processing : 2021/07/15 09:26:22 Q=5
2026-01-06 17:18:54,087 - INFO - [GINSLIB] processing : 2021/07/15 09:26:23 Q=5
2026-01-06 17:18:54,092 - INFO - [GINSLIB] processing : 2021/07/15 09:26:24 Q=5
2026-01-06 17:18:54,098 - INFO - [GINSLIB] processing : 2021/07/15 09:26:25 Q=5
2026-01-06 17:18:54,103 - INFO - [GINSLIB] processing : 2021/07/15 09:26:26 Q=5
2026-01-06 17:18:54,109 - INFO - [GINSLIB] processing : 2021/07/15 09:26:27 Q=5
2026-01-06 17:18:54,116 - INFO - [GINSLIB] processing : 2021/07/15 09:26:28 Q=5
2026-01-06 17:18:54,122 - INFO - [GINSLIB] processing : 2021/07/15 09:26:29 Q=5
2026-01-06 17:18:54,128 - INFO - [GINSLIB] processing : 2021/07/15 09:26:30 Q=5
2026-01-06 17:18:54,133 - INFO - [GINSLIB] processing : 2021/07/15 09:26:31 Q=5
2026-01-06 17:18:54,138 - INFO - [GINSLIB] processing : 2021/07/15 09:26:32 Q=5
2026-01-06 17:18:54,144 - INFO - [GINSLIB] processing : 2021/07/15 09:26:33 Q=5
2026-01-06 17:18:54,150 - INFO - [GINSLIB] processing : 2021/07/15 09:26:34 Q=5
2026-01-06 17:18:54,155 - INFO - [GINSLIB] processing : 2021/07/15 09:26:35 Q=5
2026-01-06 17:18:54,165 - INFO - [GINSLIB] processing : 2021/07/15 09:26:36 Q=5
2026-01-06 17:18:54,166 - INFO - [GINSLIB] processing : 2021/07/15 09:26:37 Q=5
2026-01-06 17:18:54,171 - INFO - [GINSLIB] processing : 2021/07/15 09:26:38 Q=5
2026-01-06 17:18:54,180 - INFO - [GINSLIB] processing : 2021/07/15 09:26:39 Q=5
2026-01-06 17:18:54,186 - INFO - [GINSLIB] processing : 2021/07/15 09:26:40 Q=5
2026-01-06 17:18:54,197 - INFO - [GINSLIB] processing : 2021/07/15 09:26:41 Q=5
2026-01-06 17:18:54,198 - INFO - [GINSLIB] processing : 2021/07/15 09:26:42 Q=5
2026-01-06 17:18:54,203 - INFO - [GINSLIB] processing : 2021/07/15 09:26:43 Q=5
2026-01-06 17:18:54,211 - INFO - [GINSLIB] processing : 2021/07/15 09:26:44 Q=5
2026-01-06 17:18:54,216 - INFO - [GINSLIB] processing : 2021/07/15 09:26:45 Q=5
2026-01-06 17:18:54,229 - INFO - [GINSLIB] processing : 2021/07/15 09:26:46 Q=5
2026-01-06 17:18:54,230 - INFO - [GINSLIB] processing : 2021/07/15 09:26:47 Q=5
2026-01-06 17:18:54,235 - INFO - [GINSLIB] processing : 2021/07/15 09:26:48 Q=5
2026-01-06 17:18:54,242 - INFO - [GINSLIB] processing : 2021/07/15 09:26:49 Q=5
2026-01-06 17:18:54,248 - INFO - [GINSLIB] processing : 2021/07/15 09:26:50 Q=5
2026-01-06 17:18:54,254 - INFO - [GINSLIB] processing : 2021/07/15 09:26:51 Q=5
2026-01-06 17:18:54,259 - INFO - [GINSLIB] processing : 2021/07/15 09:26:52 Q=5
2026-01-06 17:18:54,265 - INFO - [GINSLIB] processing : 2021/07/15 09:26:53 Q=5
2026-01-06 17:18:54,272 - INFO - [GINSLIB] processing : 2021/07/15 09:26:54 Q=5
2026-01-06 17:18:54,278 - INFO - [GINSLIB] processing : 2021/07/15 09:26:55 Q=5
2026-01-06 17:18:54,284 - INFO - [GINSLIB] processing : 2021/07/15 09:26:56 Q=5
2026-01-06 17:18:54,290 - INFO - [GINSLIB] processing : 2021/07/15 09:26:57 Q=5
2026-01-06 17:18:54,296 - INFO - [GINSLIB] processing : 2021/07/15 09:26:58 Q=5
2026-01-06 17:18:54,303 - INFO - [GINSLIB] processing : 2021/07/15 09:26:59 Q=5
2026-01-06 17:18:54,309 - INFO - [GINSLIB] processing : 2021/07/15 09:27:00 Q=5
2026-01-06 17:18:54,316 - INFO - [GINSLIB] processing : 2021/07/15 09:27:01 Q=5
2026-01-06 17:18:54,321 - INFO - [GINSLIB] processing : 2021/07/15 09:27:02 Q=5
2026-01-06 17:18:54,326 - INFO - [GINSLIB] processing : 2021/07/15 09:27:03 Q=5
2026-01-06 17:18:54,334 - INFO - [GINSLIB] processing : 2021/07/15 09:27:04 Q=5
2026-01-06 17:18:54,340 - INFO - [GINSLIB] processing : 2021/07/15 09:27:05 Q=5
2026-01-06 17:18:54,347 - INFO - [GINSLIB] processing : 2021/07/15 09:27:06 Q=5
2026-01-06 17:18:54,357 - INFO - [GINSLIB] processing : 2021/07/15 09:27:07 Q=5
2026-01-06 17:18:54,358 - INFO - [GINSLIB] processing : 2021/07/15 09:27:08 Q=5
2026-01-06 17:18:54,365 - INFO - [GINSLIB] processing : 2021/07/15 09:27:09 Q=5
2026-01-06 17:18:54,371 - INFO - [GINSLIB] processing : 2021/07/15 09:27:10 Q=5
2026-01-06 17:18:54,378 - INFO - [GINSLIB] processing : 2021/07/15 09:27:11 Q=5
2026-01-06 17:18:54,387 - INFO - [GINSLIB] processing : 2021/07/15 09:27:12 Q=5
2026-01-06 17:18:54,388 - INFO - [GINSLIB] processing : 2021/07/15 09:27:13 Q=5
2026-01-06 17:18:54,395 - INFO - [GINSLIB] processing : 2021/07/15 09:27:14 Q=5
2026-01-06 17:18:54,401 - INFO - [GINSLIB] processing : 2021/07/15 09:27:15 Q=5
2026-01-06 17:18:54,407 - INFO - [GINSLIB] processing : 2021/07/15 09:27:16 Q=5
2026-01-06 17:18:54,416 - INFO - [GINSLIB] processing : 2021/07/15 09:27:17 Q=5
2026-01-06 17:18:54,418 - INFO - [GINSLIB] processing : 2021/07/15 09:27:18 Q=5
2026-01-06 17:18:54,424 - INFO - [GINSLIB] processing : 2021/07/15 09:27:19 Q=5
2026-01-06 17:18:54,430 - INFO - [GINSLIB] processing : 2021/07/15 09:27:20 Q=5
2026-01-06 17:18:54,436 - INFO - [GINSLIB] processing : 2021/07/15 09:27:21 Q=5
2026-01-06 17:18:54,443 - INFO - [GINSLIB] processing : 2021/07/15 09:27:22 Q=5
2026-01-06 17:18:54,446 - INFO - [GINSLIB] processing : 2021/07/15 09:27:22 Q=7
2026-01-06 17:18:54,446 - INFO - [GINSLIB] processing : 2021/07/15 09:27:23 Q=7
2026-01-06 17:18:54,449 - INFO - [GINSLIB] processing : 2021/07/15 09:27:24 Q=7
2026-01-06 17:18:54,451 - INFO - [GINSLIB] processing : 2021/07/15 09:27:25 Q=7
2026-01-06 17:18:54,454 - INFO - [GINSLIB] processing : 2021/07/15 09:27:26 Q=7
2026-01-06 17:18:54,458 - INFO - [GINSLIB] processing : 2021/07/15 09:27:27 Q=7
2026-01-06 17:18:54,461 - INFO - [GINSLIB] processing : 2021/07/15 09:27:27 Q=5
2026-01-06 17:18:54,461 - INFO - [GINSLIB] processing : 2021/07/15 09:27:28 Q=5
2026-01-06 17:18:54,466 - INFO - [GINSLIB] processing : 2021/07/15 09:27:29 Q=5
2026-01-06 17:18:54,472 - INFO - [GINSLIB] processing : 2021/07/15 09:27:30 Q=5
2026-01-06 17:18:54,478 - INFO - [GINSLIB] processing : 2021/07/15 09:27:31 Q=5
2026-01-06 17:18:54,485 - INFO - [GINSLIB] processing : 2021/07/15 09:27:32 Q=5
2026-01-06 17:18:54,491 - INFO - [GINSLIB] processing : 2021/07/15 09:27:33 Q=5
2026-01-06 17:18:54,498 - INFO - [GINSLIB] processing : 2021/07/15 09:27:34 Q=5
2026-01-06 17:18:54,505 - INFO - [GINSLIB] processing : 2021/07/15 09:27:35 Q=5
2026-01-06 17:18:54,512 - INFO - [GINSLIB] processing : 2021/07/15 09:27:36 Q=5
2026-01-06 17:18:54,519 - INFO - [GINSLIB] processing : 2021/07/15 09:27:37 Q=5
2026-01-06 17:18:54,529 - INFO - [GINSLIB] processing : 2021/07/15 09:27:38 Q=5
2026-01-06 17:18:54,530 - INFO - [GINSLIB] processing : 2021/07/15 09:27:39 Q=5
2026-01-06 17:18:54,536 - INFO - [GINSLIB] processing : 2021/07/15 09:27:40 Q=5
2026-01-06 17:18:54,543 - INFO - [GINSLIB] processing : 2021/07/15 09:27:41 Q=5
2026-01-06 17:18:54,550 - INFO - [GINSLIB] processing : 2021/07/15 09:27:42 Q=5
2026-01-06 17:18:54,560 - INFO - [GINSLIB] processing : 2021/07/15 09:27:43 Q=5
2026-01-06 17:18:54,561 - INFO - [GINSLIB] processing : 2021/07/15 09:27:44 Q=5
2026-01-06 17:18:54,566 - INFO - [GINSLIB] processing : 2021/07/15 09:27:45 Q=5
2026-01-06 17:18:54,567 - INFO - [GINSLIB] processing : 2021/07/15 09:27:45 Q=7
2026-01-06 17:18:54,569 - INFO - [GINSLIB] processing : 2021/07/15 09:27:46 Q=7
2026-01-06 17:18:54,571 - INFO - [GINSLIB] processing : 2021/07/15 09:27:46 Q=5
2026-01-06 17:18:54,572 - INFO - [GINSLIB] processing : 2021/07/15 09:27:47 Q=5
2026-01-06 17:18:54,582 - INFO - [GINSLIB] processing : 2021/07/15 09:27:48 Q=5
2026-01-06 17:18:54,583 - INFO - [GINSLIB] processing : 2021/07/15 09:27:49 Q=5
2026-01-06 17:18:54,588 - INFO - [GINSLIB] processing : 2021/07/15 09:27:50 Q=5
2026-01-06 17:18:54,595 - INFO - [GINSLIB] processing : 2021/07/15 09:27:51 Q=5
2026-01-06 17:18:54,601 - INFO - [GINSLIB] processing : 2021/07/15 09:27:52 Q=5
2026-01-06 17:18:54,608 - INFO - [GINSLIB] processing : 2021/07/15 09:27:53 Q=5
2026-01-06 17:18:54,614 - INFO - [GINSLIB] processing : 2021/07/15 09:27:54 Q=5
2026-01-06 17:18:54,620 - INFO - [GINSLIB] processing : 2021/07/15 09:27:55 Q=5
2026-01-06 17:18:54,626 - INFO - [GINSLIB] processing : 2021/07/15 09:27:56 Q=5
2026-01-06 17:18:54,631 - INFO - [GINSLIB] processing : 2021/07/15 09:27:57 Q=5
2026-01-06 17:18:54,638 - INFO - [GINSLIB] processing : 2021/07/15 09:27:58 Q=5
2026-01-06 17:18:54,643 - INFO - [GINSLIB] processing : 2021/07/15 09:27:59 Q=5
2026-01-06 17:18:54,649 - INFO - [GINSLIB] processing : 2021/07/15 09:28:00 Q=5
2026-01-06 17:18:54,654 - INFO - [GINSLIB] processing : 2021/07/15 09:28:01 Q=5
2026-01-06 17:18:54,660 - INFO - [GINSLIB] processing : 2021/07/15 09:28:02 Q=5
2026-01-06 17:18:54,666 - INFO - [GINSLIB] processing : 2021/07/15 09:28:03 Q=5
2026-01-06 17:18:54,671 - INFO - [GINSLIB] processing : 2021/07/15 09:28:04 Q=5
2026-01-06 17:18:54,677 - INFO - [GINSLIB] processing : 2021/07/15 09:28:05 Q=5
2026-01-06 17:18:54,684 - INFO - [GINSLIB] processing : 2021/07/15 09:28:06 Q=5
2026-01-06 17:18:54,690 - INFO - [GINSLIB] processing : 2021/07/15 09:28:07 Q=5
2026-01-06 17:18:54,696 - INFO - [GINSLIB] processing : 2021/07/15 09:28:08 Q=5
2026-01-06 17:18:54,707 - INFO - [GINSLIB] processing : 2021/07/15 09:28:09 Q=5
2026-01-06 17:18:54,709 - INFO - [GINSLIB] processing : 2021/07/15 09:28:10 Q=5
2026-01-06 17:18:54,715 - INFO - [GINSLIB] processing : 2021/07/15 09:28:11 Q=5
2026-01-06 17:18:54,721 - INFO - [GINSLIB] processing : 2021/07/15 09:28:12 Q=5
2026-01-06 17:18:54,727 - INFO - [GINSLIB] processing : 2021/07/15 09:28:13 Q=5
2026-01-06 17:18:54,739 - INFO - [GINSLIB] processing : 2021/07/15 09:28:14 Q=5
2026-01-06 17:18:54,740 - INFO - [GINSLIB] processing : 2021/07/15 09:28:15 Q=5
2026-01-06 17:18:54,747 - INFO - [GINSLIB] processing : 2021/07/15 09:28:16 Q=5
2026-01-06 17:18:54,753 - INFO - [GINSLIB] processing : 2021/07/15 09:28:17 Q=5
2026-01-06 17:18:54,761 - INFO - [GINSLIB] processing : 2021/07/15 09:28:18 Q=5
2026-01-06 17:18:54,772 - INFO - [GINSLIB] processing : 2021/07/15 09:28:19 Q=5
2026-01-06 17:18:54,773 - INFO - [GINSLIB] processing : 2021/07/15 09:28:20 Q=5
2026-01-06 17:18:54,780 - INFO - [GINSLIB] processing : 2021/07/15 09:28:21 Q=5
2026-01-06 17:18:54,787 - INFO - [GINSLIB] processing : 2021/07/15 09:28:22 Q=5
2026-01-06 17:18:54,794 - INFO - [GINSLIB] processing : 2021/07/15 09:28:23 Q=5
2026-01-06 17:18:54,800 - INFO - [GINSLIB] processing : 2021/07/15 09:28:24 Q=5
2026-01-06 17:18:54,804 - INFO - [GINSLIB] processing : 2021/07/15 09:28:25 Q=5
2026-01-06 17:18:54,810 - INFO - [GINSLIB] processing : 2021/07/15 09:28:26 Q=5
2026-01-06 17:18:54,816 - INFO - [GINSLIB] processing : 2021/07/15 09:28:27 Q=5
2026-01-06 17:18:54,821 - INFO - [GINSLIB] processing : 2021/07/15 09:28:28 Q=5
2026-01-06 17:18:54,828 - INFO - [GINSLIB] processing : 2021/07/15 09:28:29 Q=5
2026-01-06 17:18:54,832 - INFO - [GINSLIB] processing : 2021/07/15 09:28:30 Q=5
2026-01-06 17:18:54,837 - INFO - [GINSLIB] processing : 2021/07/15 09:28:31 Q=5
2026-01-06 17:18:54,842 - INFO - [GINSLIB] processing : 2021/07/15 09:28:32 Q=5
2026-01-06 17:18:54,847 - INFO - [GINSLIB] processing : 2021/07/15 09:28:33 Q=5
2026-01-06 17:18:54,851 - INFO - [GINSLIB] processing : 2021/07/15 09:28:34 Q=5
2026-01-06 17:18:54,860 - INFO - [GINSLIB] processing : 2021/07/15 09:28:35 Q=5
2026-01-06 17:18:54,861 - INFO - [GINSLIB] processing : 2021/07/15 09:28:36 Q=5
2026-01-06 17:18:54,867 - INFO - [GINSLIB] processing : 2021/07/15 09:28:37 Q=5
2026-01-06 17:18:54,872 - INFO - [GINSLIB] processing : 2021/07/15 09:28:38 Q=5
2026-01-06 17:18:54,877 - INFO - [GINSLIB] processing : 2021/07/15 09:28:39 Q=5
2026-01-06 17:18:54,886 - INFO - [GINSLIB] processing : 2021/07/15 09:28:40 Q=5
2026-01-06 17:18:54,887 - INFO - [GINSLIB] processing : 2021/07/15 09:28:41 Q=5
2026-01-06 17:18:54,892 - INFO - [GINSLIB] processing : 2021/07/15 09:28:42 Q=5
2026-01-06 17:18:54,896 - INFO - [GINSLIB] processing : 2021/07/15 09:28:43 Q=5
2026-01-06 17:18:54,901 - INFO - [GINSLIB] processing : 2021/07/15 09:28:44 Q=5
2026-01-06 17:18:54,910 - INFO - [GINSLIB] processing : 2021/07/15 09:28:45 Q=5
2026-01-06 17:18:54,911 - INFO - [GINSLIB] processing : 2021/07/15 09:28:46 Q=5
2026-01-06 17:18:54,916 - INFO - [GINSLIB] processing : 2021/07/15 09:28:47 Q=5
2026-01-06 17:18:54,921 - INFO - [GINSLIB] processing : 2021/07/15 09:28:48 Q=5
2026-01-06 17:18:54,926 - INFO - [GINSLIB] processing : 2021/07/15 09:28:49 Q=5
2026-01-06 17:18:54,935 - INFO - [GINSLIB] processing : 2021/07/15 09:28:50 Q=5
2026-01-06 17:18:54,936 - INFO - [GINSLIB] processing : 2021/07/15 09:28:51 Q=5
2026-01-06 17:18:54,940 - INFO - [GINSLIB] processing : 2021/07/15 09:28:52 Q=5
2026-01-06 17:18:54,945 - INFO - [GINSLIB] processing : 2021/07/15 09:28:53 Q=5
2026-01-06 17:18:54,951 - INFO - [GINSLIB] processing : 2021/07/15 09:28:54 Q=5
2026-01-06 17:18:54,957 - INFO - [GINSLIB] processing : 2021/07/15 09:28:55 Q=5
2026-01-06 17:18:54,960 - INFO - [GINSLIB] processing : 2021/07/15 09:28:56 Q=5
2026-01-06 17:18:54,965 - INFO - [GINSLIB] processing : 2021/07/15 09:28:57 Q=5
2026-01-06 17:18:54,970 - INFO - [GINSLIB] processing : 2021/07/15 09:28:58 Q=5
2026-01-06 17:18:54,975 - INFO - [GINSLIB] processing : 2021/07/15 09:28:59 Q=5
2026-01-06 17:18:54,980 - INFO - [GINSLIB] processing : 2021/07/15 09:29:00 Q=5
2026-01-06 17:18:54,985 - INFO - [GINSLIB] processing : 2021/07/15 09:29:01 Q=5
2026-01-06 17:18:54,989 - INFO - [GINSLIB] processing : 2021/07/15 09:29:02 Q=5
2026-01-06 17:18:54,994 - INFO - [GINSLIB] processing : 2021/07/15 09:29:03 Q=5
2026-01-06 17:18:54,999 - INFO - [GINSLIB] processing : 2021/07/15 09:29:04 Q=5
2026-01-06 17:18:55,004 - INFO - [GINSLIB] processing : 2021/07/15 09:29:05 Q=5
2026-01-06 17:18:55,013 - INFO - [GINSLIB] processing : 2021/07/15 09:29:06 Q=5
2026-01-06 17:18:55,014 - INFO - [GINSLIB] processing : 2021/07/15 09:29:07 Q=5
2026-01-06 17:18:55,019 - INFO - [GINSLIB] processing : 2021/07/15 09:29:08 Q=5
2026-01-06 17:18:55,024 - INFO - [GINSLIB] processing : 2021/07/15 09:29:09 Q=5
2026-01-06 17:18:55,030 - INFO - [GINSLIB] processing : 2021/07/15 09:29:10 Q=5
2026-01-06 17:18:55,039 - INFO - [GINSLIB] processing : 2021/07/15 09:29:11 Q=5
2026-01-06 17:18:55,040 - INFO - [GINSLIB] processing : 2021/07/15 09:29:12 Q=5
2026-01-06 17:18:55,045 - INFO - [GINSLIB] processing : 2021/07/15 09:29:13 Q=5
2026-01-06 17:18:55,050 - INFO - [GINSLIB] processing : 2021/07/15 09:29:14 Q=5
2026-01-06 17:18:55,055 - INFO - [GINSLIB] processing : 2021/07/15 09:29:15 Q=5
2026-01-06 17:18:55,066 - INFO - [GINSLIB] processing : 2021/07/15 09:29:16 Q=5
2026-01-06 17:18:55,067 - INFO - [GINSLIB] processing : 2021/07/15 09:29:17 Q=5
2026-01-06 17:18:55,072 - INFO - [GINSLIB] processing : 2021/07/15 09:29:18 Q=5
2026-01-06 17:18:55,077 - INFO - [GINSLIB] processing : 2021/07/15 09:29:19 Q=5
2026-01-06 17:18:55,082 - INFO - [GINSLIB] processing : 2021/07/15 09:29:20 Q=5
2026-01-06 17:18:55,087 - INFO - [GINSLIB] processing : 2021/07/15 09:29:21 Q=5
2026-01-06 17:18:55,094 - INFO - [GINSLIB] processing : 2021/07/15 09:29:22 Q=5
2026-01-06 17:18:55,099 - INFO - [GINSLIB] processing : 2021/07/15 09:29:23 Q=5
2026-01-06 17:18:55,104 - INFO - [GINSLIB] processing : 2021/07/15 09:29:24 Q=5
2026-01-06 17:18:55,109 - INFO - [GINSLIB] processing : 2021/07/15 09:29:25 Q=5
2026-01-06 17:18:55,114 - INFO - [GINSLIB] processing : 2021/07/15 09:29:26 Q=5
2026-01-06 17:18:55,119 - INFO - [GINSLIB] processing : 2021/07/15 09:29:27 Q=5
2026-01-06 17:18:55,127 - INFO - [GINSLIB] processing : 2021/07/15 09:29:28 Q=5
2026-01-06 17:18:55,132 - INFO - [GINSLIB] processing : 2021/07/15 09:29:29 Q=5
2026-01-06 17:18:55,137 - INFO - [GINSLIB] processing : 2021/07/15 09:29:30 Q=5
2026-01-06 17:18:55,142 - INFO - [GINSLIB] processing : 2021/07/15 09:29:31 Q=5
2026-01-06 17:18:55,146 - INFO - [GINSLIB] processing : 2021/07/15 09:29:32 Q=5
2026-01-06 17:18:55,151 - INFO - [GINSLIB] processing : 2021/07/15 09:29:33 Q=5
2026-01-06 17:18:55,157 - INFO - [GINSLIB] processing : 2021/07/15 09:29:34 Q=5
2026-01-06 17:18:55,162 - INFO - [GINSLIB] processing : 2021/07/15 09:29:35 Q=5
2026-01-06 17:18:55,168 - INFO - [GINSLIB] processing : 2021/07/15 09:29:36 Q=5
2026-01-06 17:18:55,176 - INFO - [GINSLIB] processing : 2021/07/15 09:29:37 Q=5
2026-01-06 17:18:55,178 - INFO - [GINSLIB] processing : 2021/07/15 09:29:38 Q=5
2026-01-06 17:18:55,183 - INFO - [GINSLIB] processing : 2021/07/15 09:29:39 Q=5
2026-01-06 17:18:55,189 - INFO - [GINSLIB] processing : 2021/07/15 09:29:40 Q=5
2026-01-06 17:18:55,195 - INFO - [GINSLIB] processing : 2021/07/15 09:29:41 Q=5
2026-01-06 17:18:55,203 - INFO - [GINSLIB] processing : 2021/07/15 09:29:42 Q=5
2026-01-06 17:18:55,204 - INFO - [GINSLIB] processing : 2021/07/15 09:29:43 Q=5
2026-01-06 17:18:55,211 - INFO - [GINSLIB] processing : 2021/07/15 09:29:44 Q=5
2026-01-06 17:18:55,216 - INFO - [GINSLIB] processing : 2021/07/15 09:29:45 Q=5
2026-01-06 17:18:55,220 - INFO - [GINSLIB] processing : 2021/07/15 09:29:46 Q=5
2026-01-06 17:18:55,230 - INFO - [GINSLIB] processing : 2021/07/15 09:29:47 Q=5
2026-01-06 17:18:55,231 - INFO - [GINSLIB] processing : 2021/07/15 09:29:48 Q=5
2026-01-06 17:18:55,236 - INFO - [GINSLIB] processing : 2021/07/15 09:29:49 Q=5
2026-01-06 17:18:55,245 - INFO - [GINSLIB] processing : 2021/07/15 09:29:50 Q=5
2026-01-06 17:18:55,251 - INFO - [GINSLIB] processing : 2021/07/15 09:29:51 Q=5
2026-01-06 17:18:55,260 - INFO - [GINSLIB] processing : 2021/07/15 09:29:52 Q=5
2026-01-06 17:18:55,265 - INFO - [GINSLIB] processing : 2021/07/15 09:29:53 Q=5
2026-01-06 17:18:55,271 - INFO - [GINSLIB] processing : 2021/07/15 09:29:54 Q=5
2026-01-06 17:18:55,278 - INFO - [GINSLIB] processing : 2021/07/15 09:29:55 Q=5
2026-01-06 17:18:55,283 - INFO - [GINSLIB] processing : 2021/07/15 09:29:56 Q=5
2026-01-06 17:18:55,292 - INFO - [GINSLIB] processing : 2021/07/15 09:29:57 Q=5
2026-01-06 17:18:55,297 - INFO - [GINSLIB] processing : 2021/07/15 09:29:58 Q=5
2026-01-06 17:18:55,304 - INFO - [GINSLIB] processing : 2021/07/15 09:29:59 Q=5
2026-01-06 17:18:55,311 - INFO - [GINSLIB] processing : 2021/07/15 09:30:00 Q=5
2026-01-06 17:18:55,317 - INFO - [GINSLIB] processing : 2021/07/15 09:30:01 Q=5
2026-01-06 17:18:55,324 - INFO - [GINSLIB] processing : 2021/07/15 09:30:02 Q=5
2026-01-06 17:18:55,329 - INFO - [GINSLIB] processing : 2021/07/15 09:30:03 Q=5
2026-01-06 17:18:55,336 - INFO - [GINSLIB] processing : 2021/07/15 09:30:04 Q=5
2026-01-06 17:18:55,343 - INFO - [GINSLIB] processing : 2021/07/15 09:30:05 Q=5
2026-01-06 17:18:55,350 - INFO - [GINSLIB] processing : 2021/07/15 09:30:06 Q=5
2026-01-06 17:18:55,357 - INFO - [GINSLIB] processing : 2021/07/15 09:30:07 Q=5
2026-01-06 17:18:55,367 - INFO - [GINSLIB] processing : 2021/07/15 09:30:08 Q=5
2026-01-06 17:18:55,368 - INFO - [GINSLIB] processing : 2021/07/15 09:30:09 Q=5
2026-01-06 17:18:55,374 - INFO - [GINSLIB] processing : 2021/07/15 09:30:10 Q=5
2026-01-06 17:18:55,382 - INFO - [GINSLIB] processing : 2021/07/15 09:30:11 Q=5
2026-01-06 17:18:55,388 - INFO - [GINSLIB] processing : 2021/07/15 09:30:12 Q=5
2026-01-06 17:18:55,400 - INFO - [GINSLIB] processing : 2021/07/15 09:30:13 Q=5
2026-01-06 17:18:55,402 - INFO - [GINSLIB] processing : 2021/07/15 09:30:14 Q=5
2026-01-06 17:18:55,408 - INFO - [GINSLIB] processing : 2021/07/15 09:30:15 Q=5
2026-01-06 17:18:55,416 - INFO - [GINSLIB] processing : 2021/07/15 09:30:16 Q=5
2026-01-06 17:18:55,422 - INFO - [GINSLIB] processing : 2021/07/15 09:30:17 Q=5
2026-01-06 17:18:55,432 - INFO - [GINSLIB] processing : 2021/07/15 09:30:18 Q=5
2026-01-06 17:18:55,433 - INFO - [GINSLIB] processing : 2021/07/15 09:30:19 Q=5
2026-01-06 17:18:55,439 - INFO - [GINSLIB] processing : 2021/07/15 09:30:20 Q=5
2026-01-06 17:18:55,446 - INFO - [GINSLIB] processing : 2021/07/15 09:30:21 Q=5
2026-01-06 17:18:55,451 - INFO - [GINSLIB] processing : 2021/07/15 09:30:22 Q=5
2026-01-06 17:18:55,460 - INFO - [GINSLIB] processing : 2021/07/15 09:30:23 Q=5
2026-01-06 17:18:55,464 - INFO - [GINSLIB] processing : 2021/07/15 09:30:24 Q=5
2026-01-06 17:18:55,470 - INFO - [GINSLIB] processing : 2021/07/15 09:30:25 Q=5
2026-01-06 17:18:55,476 - INFO - [GINSLIB] processing : 2021/07/15 09:30:26 Q=5
2026-01-06 17:18:55,481 - INFO - [GINSLIB] processing : 2021/07/15 09:30:27 Q=5
2026-01-06 17:18:55,487 - INFO - [GINSLIB] processing : 2021/07/15 09:30:28 Q=5
2026-01-06 17:18:55,492 - INFO - [GINSLIB] processing : 2021/07/15 09:30:29 Q=5
2026-01-06 17:18:55,496 - INFO - [GINSLIB] processing : 2021/07/15 09:30:30 Q=5
2026-01-06 17:18:55,501 - INFO - [GINSLIB] processing : 2021/07/15 09:30:31 Q=5
2026-01-06 17:18:55,508 - INFO - [GINSLIB] processing : 2021/07/15 09:30:32 Q=5
2026-01-06 17:18:55,513 - INFO - [GINSLIB] processing : 2021/07/15 09:30:33 Q=5
2026-01-06 17:18:55,517 - INFO - [GINSLIB] processing : 2021/07/15 09:30:34 Q=5
2026-01-06 17:18:55,523 - INFO - [GINSLIB] processing : 2021/07/15 09:30:35 Q=5
2026-01-06 17:18:55,527 - INFO - [GINSLIB] processing : 2021/07/15 09:30:36 Q=5
2026-01-06 17:18:55,534 - INFO - [GINSLIB] processing : 2021/07/15 09:30:37 Q=5
2026-01-06 17:18:55,539 - INFO - [GINSLIB] processing : 2021/07/15 09:30:38 Q=5
2026-01-06 17:18:55,546 - INFO - [GINSLIB] processing : 2021/07/15 09:30:39 Q=5
2026-01-06 17:18:55,548 - INFO - [GINSLIB] processing : 2021/07/15 09:30:40 Q=5
2026-01-06 17:18:55,553 - INFO - [GINSLIB] processing : 2021/07/15 09:30:41 Q=5
2026-01-06 17:18:55,558 - INFO - [GINSLIB] processing : 2021/07/15 09:30:42 Q=5
2026-01-06 17:18:55,563 - INFO - [GINSLIB] processing : 2021/07/15 09:30:43 Q=5
2026-01-06 17:18:55,571 - INFO - [GINSLIB] processing : 2021/07/15 09:30:44 Q=5
2026-01-06 17:18:55,572 - INFO - [GINSLIB] processing : 2021/07/15 09:30:45 Q=5
2026-01-06 17:18:55,577 - INFO - [GINSLIB] processing : 2021/07/15 09:30:46 Q=5
2026-01-06 17:18:55,583 - INFO - [GINSLIB] processing : 2021/07/15 09:30:47 Q=5
2026-01-06 17:18:55,587 - INFO - [GINSLIB] processing : 2021/07/15 09:30:48 Q=5
2026-01-06 17:18:55,596 - INFO - [GINSLIB] processing : 2021/07/15 09:30:49 Q=5
2026-01-06 17:18:55,597 - INFO - [GINSLIB] processing : 2021/07/15 09:30:50 Q=5
2026-01-06 17:18:55,602 - INFO - [GINSLIB] processing : 2021/07/15 09:30:51 Q=5
2026-01-06 17:18:55,607 - INFO - [GINSLIB] processing : 2021/07/15 09:30:52 Q=5
2026-01-06 17:18:55,614 - INFO - [GINSLIB] processing : 2021/07/15 09:30:53 Q=5
2026-01-06 17:18:55,618 - INFO - [GINSLIB] processing : 2021/07/15 09:30:54 Q=5
2026-01-06 17:18:55,622 - INFO - [GINSLIB] processing : 2021/07/15 09:30:55 Q=5
2026-01-06 17:18:55,628 - INFO - [GINSLIB] processing : 2021/07/15 09:30:56 Q=5
2026-01-06 17:18:55,633 - INFO - [GINSLIB] processing : 2021/07/15 09:30:57 Q=5
2026-01-06 17:18:55,638 - INFO - [GINSLIB] processing : 2021/07/15 09:30:58 Q=5
2026-01-06 17:18:55,644 - INFO - [GINSLIB] processing : 2021/07/15 09:30:59 Q=5
2026-01-06 17:18:55,648 - INFO - [GINSLIB] processing : 2021/07/15 09:31:00 Q=5
2026-01-06 17:18:55,653 - INFO - [GINSLIB] processing : 2021/07/15 09:31:01 Q=5
2026-01-06 17:18:55,660 - INFO - [GINSLIB] processing : 2021/07/15 09:31:02 Q=5
2026-01-06 17:18:55,666 - INFO - [GINSLIB] processing : 2021/07/15 09:31:03 Q=5
2026-01-06 17:18:55,672 - INFO - [GINSLIB] processing : 2021/07/15 09:31:04 Q=5
2026-01-06 17:18:55,680 - INFO - [GINSLIB] processing : 2021/07/15 09:31:05 Q=5
2026-01-06 17:18:55,681 - INFO - [GINSLIB] processing : 2021/07/15 09:31:06 Q=5
2026-01-06 17:18:55,687 - INFO - [GINSLIB] processing : 2021/07/15 09:31:07 Q=5
2026-01-06 17:18:55,692 - INFO - [GINSLIB] processing : 2021/07/15 09:31:08 Q=5
2026-01-06 17:18:55,697 - INFO - [GINSLIB] processing : 2021/07/15 09:31:09 Q=5
2026-01-06 17:18:55,709 - INFO - [GINSLIB] processing : 2021/07/15 09:31:10 Q=5
2026-01-06 17:18:55,710 - INFO - [GINSLIB] processing : 2021/07/15 09:31:11 Q=5
2026-01-06 17:18:55,715 - INFO - [GINSLIB] processing : 2021/07/15 09:31:12 Q=5
2026-01-06 17:18:55,721 - INFO - [GINSLIB] processing : 2021/07/15 09:31:13 Q=5
2026-01-06 17:18:55,726 - INFO - [GINSLIB] processing : 2021/07/15 09:31:14 Q=5
2026-01-06 17:18:55,734 - INFO - [GINSLIB] processing : 2021/07/15 09:31:15 Q=5
2026-01-06 17:18:55,735 - INFO - [GINSLIB] processing : 2021/07/15 09:31:16 Q=5
2026-01-06 17:18:55,740 - INFO - [GINSLIB] processing : 2021/07/15 09:31:17 Q=5
2026-01-06 17:18:55,744 - INFO - [GINSLIB] processing : 2021/07/15 09:31:18 Q=5
2026-01-06 17:18:55,751 - INFO - [GINSLIB] processing : 2021/07/15 09:31:19 Q=5
2026-01-06 17:18:55,759 - INFO - [GINSLIB] processing : 2021/07/15 09:31:20 Q=5
2026-01-06 17:18:55,760 - INFO - [GINSLIB] processing : 2021/07/15 09:31:21 Q=5
2026-01-06 17:18:55,765 - INFO - [GINSLIB] processing : 2021/07/15 09:31:22 Q=5
2026-01-06 17:18:55,770 - INFO - [GINSLIB] processing : 2021/07/15 09:31:23 Q=5
2026-01-06 17:18:55,775 - INFO - [GINSLIB] processing : 2021/07/15 09:31:24 Q=5
2026-01-06 17:18:55,780 - INFO - [GINSLIB] processing : 2021/07/15 09:31:25 Q=5
2026-01-06 17:18:55,786 - INFO - [GINSLIB] processing : 2021/07/15 09:31:26 Q=5
2026-01-06 17:18:55,790 - INFO - [GINSLIB] processing : 2021/07/15 09:31:27 Q=5
2026-01-06 17:18:55,796 - INFO - [GINSLIB] processing : 2021/07/15 09:31:28 Q=5
2026-01-06 17:18:55,801 - INFO - [GINSLIB] processing : 2021/07/15 09:31:29 Q=5
2026-01-06 17:18:55,807 - INFO - [GINSLIB] processing : 2021/07/15 09:31:30 Q=5
2026-01-06 17:18:55,811 - INFO - [GINSLIB] processing : 2021/07/15 09:31:31 Q=5
2026-01-06 17:18:55,816 - INFO - [GINSLIB] processing : 2021/07/15 09:31:32 Q=5
2026-01-06 17:18:55,820 - INFO - [GINSLIB] processing : 2021/07/15 09:31:33 Q=5
2026-01-06 17:18:55,826 - INFO - [GINSLIB] processing : 2021/07/15 09:31:34 Q=5
2026-01-06 17:18:55,832 - INFO - [GINSLIB] processing : 2021/07/15 09:31:35 Q=5
2026-01-06 17:18:55,841 - INFO - [GINSLIB] processing : 2021/07/15 09:31:36 Q=5
2026-01-06 17:18:55,842 - INFO - [GINSLIB] processing : 2021/07/15 09:31:37 Q=5
2026-01-06 17:18:55,847 - INFO - [GINSLIB] processing : 2021/07/15 09:31:38 Q=5
2026-01-06 17:18:55,851 - INFO - [GINSLIB] processing : 2021/07/15 09:31:39 Q=5
2026-01-06 17:18:55,856 - INFO - [GINSLIB] processing : 2021/07/15 09:31:40 Q=5
2026-01-06 17:18:55,865 - INFO - [GINSLIB] processing : 2021/07/15 09:31:41 Q=5
2026-01-06 17:18:55,866 - INFO - [GINSLIB] processing : 2021/07/15 09:31:42 Q=5
2026-01-06 17:18:55,871 - INFO - [GINSLIB] processing : 2021/07/15 09:31:43 Q=5
2026-01-06 17:18:55,876 - INFO - [GINSLIB] processing : 2021/07/15 09:31:44 Q=5
2026-01-06 17:18:55,881 - INFO - [GINSLIB] processing : 2021/07/15 09:31:45 Q=5
2026-01-06 17:18:55,891 - INFO - [GINSLIB] processing : 2021/07/15 09:31:46 Q=5
2026-01-06 17:18:55,892 - INFO - [GINSLIB] processing : 2021/07/15 09:31:47 Q=5
2026-01-06 17:18:55,897 - INFO - [GINSLIB] processing : 2021/07/15 09:31:48 Q=5
2026-01-06 17:18:55,902 - INFO - [GINSLIB] processing : 2021/07/15 09:31:49 Q=5
2026-01-06 17:18:55,907 - INFO - [GINSLIB] processing : 2021/07/15 09:31:50 Q=5
2026-01-06 17:18:55,912 - INFO - [GINSLIB] processing : 2021/07/15 09:31:51 Q=5
2026-01-06 17:18:55,916 - INFO - [GINSLIB] processing : 2021/07/15 09:31:52 Q=5
2026-01-06 17:18:55,923 - INFO - [GINSLIB] processing : 2021/07/15 09:31:53 Q=5
2026-01-06 17:18:55,928 - INFO - [GINSLIB] processing : 2021/07/15 09:31:54 Q=5
2026-01-06 17:18:55,933 - INFO - [GINSLIB] processing : 2021/07/15 09:31:55 Q=5
2026-01-06 17:18:55,938 - INFO - [GINSLIB] processing : 2021/07/15 09:31:56 Q=5
2026-01-06 17:18:55,941 - INFO - [GINSLIB] processing : 2021/07/15 09:31:57 Q=5
2026-01-06 17:18:55,946 - INFO - [GINSLIB] processing : 2021/07/15 09:31:58 Q=5
2026-01-06 17:18:55,952 - INFO - [GINSLIB] processing : 2021/07/15 09:31:59 Q=5
2026-01-06 17:18:55,957 - INFO - [GINSLIB] processing : 2021/07/15 09:32:00 Q=5
2026-01-06 17:18:55,961 - INFO - [GINSLIB] processing : 2021/07/15 09:32:01 Q=5
2026-01-06 17:18:55,965 - INFO - [GINSLIB] processing : 2021/07/15 09:32:02 Q=5
2026-01-06 17:18:55,969 - INFO - [GINSLIB] processing : 2021/07/15 09:32:03 Q=5
2026-01-06 17:18:55,974 - INFO - [GINSLIB] processing : 2021/07/15 09:32:04 Q=5
2026-01-06 17:18:55,978 - INFO - [GINSLIB] processing : 2021/07/15 09:32:05 Q=5
2026-01-06 17:18:55,984 - INFO - [GINSLIB] processing : 2021/07/15 09:32:06 Q=5
2026-01-06 17:18:55,992 - INFO - [GINSLIB] processing : 2021/07/15 09:32:07 Q=5
2026-01-06 17:18:55,994 - INFO - [GINSLIB] processing : 2021/07/15 09:32:08 Q=5
2026-01-06 17:18:56,000 - INFO - [GINSLIB] processing : 2021/07/15 09:32:09 Q=5
2026-01-06 17:18:56,005 - INFO - [GINSLIB] processing : 2021/07/15 09:32:10 Q=5
2026-01-06 17:18:56,012 - INFO - [GINSLIB] processing : 2021/07/15 09:32:11 Q=5
2026-01-06 17:18:56,021 - INFO - [GINSLIB] processing : 2021/07/15 09:32:12 Q=5
2026-01-06 17:18:56,022 - INFO - [GINSLIB] processing : 2021/07/15 09:32:13 Q=5
2026-01-06 17:18:56,027 - INFO - [GINSLIB] processing : 2021/07/15 09:32:14 Q=5
2026-01-06 17:18:56,034 - INFO - [GINSLIB] processing : 2021/07/15 09:32:15 Q=5
2026-01-06 17:18:56,040 - INFO - [GINSLIB] processing : 2021/07/15 09:32:16 Q=5
2026-01-06 17:18:56,050 - INFO - [GINSLIB] processing : 2021/07/15 09:32:17 Q=5
2026-01-06 17:18:56,051 - INFO - [GINSLIB] processing : 2021/07/15 09:32:18 Q=5
2026-01-06 17:18:56,057 - INFO - [GINSLIB] processing : 2021/07/15 09:32:19 Q=5
2026-01-06 17:18:56,064 - INFO - [GINSLIB] processing : 2021/07/15 09:32:20 Q=5
2026-01-06 17:18:56,069 - INFO - [GINSLIB] processing : 2021/07/15 09:32:21 Q=5
2026-01-06 17:18:56,075 - INFO - [GINSLIB] processing : 2021/07/15 09:32:22 Q=5
2026-01-06 17:18:56,080 - INFO - [GINSLIB] processing : 2021/07/15 09:32:23 Q=5
2026-01-06 17:18:56,086 - INFO - [GINSLIB] processing : 2021/07/15 09:32:24 Q=5
2026-01-06 17:18:56,091 - INFO - [GINSLIB] processing : 2021/07/15 09:32:25 Q=5
2026-01-06 17:18:56,098 - INFO - [GINSLIB] processing : 2021/07/15 09:32:26 Q=5
2026-01-06 17:18:56,104 - INFO - [GINSLIB] processing : 2021/07/15 09:32:27 Q=5
2026-01-06 17:18:56,109 - INFO - [GINSLIB] processing : 2021/07/15 09:32:28 Q=5
2026-01-06 17:18:56,115 - INFO - [GINSLIB] processing : 2021/07/15 09:32:29 Q=5
2026-01-06 17:18:56,120 - INFO - [GINSLIB] processing : 2021/07/15 09:32:30 Q=5
2026-01-06 17:18:56,126 - INFO - [GINSLIB] processing : 2021/07/15 09:32:31 Q=5
2026-01-06 17:18:56,132 - INFO - [GINSLIB] processing : 2021/07/15 09:32:32 Q=5
2026-01-06 17:18:56,136 - INFO - [GINSLIB] processing : 2021/07/15 09:32:33 Q=5
2026-01-06 17:18:56,142 - INFO - [GINSLIB] processing : 2021/07/15 09:32:34 Q=5
2026-01-06 17:18:56,148 - INFO - [GINSLIB] processing : 2021/07/15 09:32:35 Q=5
2026-01-06 17:18:56,152 - INFO - [GINSLIB] processing : 2021/07/15 09:32:36 Q=5
2026-01-06 17:18:56,157 - INFO - [GINSLIB] processing : 2021/07/15 09:32:37 Q=5
2026-01-06 17:18:56,165 - INFO - [GINSLIB] processing : 2021/07/15 09:32:38 Q=5
2026-01-06 17:18:56,166 - INFO - [GINSLIB] processing : 2021/07/15 09:32:39 Q=5
2026-01-06 17:18:56,171 - INFO - [GINSLIB] processing : 2021/07/15 09:32:40 Q=5
2026-01-06 17:18:56,176 - INFO - [GINSLIB] processing : 2021/07/15 09:32:41 Q=5
2026-01-06 17:18:56,181 - INFO - [GINSLIB] processing : 2021/07/15 09:32:42 Q=5
2026-01-06 17:18:56,188 - INFO - [GINSLIB] processing : 2021/07/15 09:32:43 Q=5
2026-01-06 17:18:56,189 - INFO - [GINSLIB] processing : 2021/07/15 09:32:44 Q=5
2026-01-06 17:18:56,194 - INFO - [GINSLIB] processing : 2021/07/15 09:32:45 Q=5
2026-01-06 17:18:56,200 - INFO - [GINSLIB] processing : 2021/07/15 09:32:46 Q=5
2026-01-06 17:18:56,205 - INFO - [GINSLIB] processing : 2021/07/15 09:32:47 Q=5
2026-01-06 17:18:56,214 - INFO - [GINSLIB] processing : 2021/07/15 09:32:48 Q=5
2026-01-06 17:18:56,215 - INFO - [GINSLIB] processing : 2021/07/15 09:32:49 Q=5
2026-01-06 17:18:56,220 - INFO - [GINSLIB] processing : 2021/07/15 09:32:50 Q=5
2026-01-06 17:18:56,225 - INFO - [GINSLIB] processing : 2021/07/15 09:32:51 Q=5
2026-01-06 17:18:56,231 - INFO - [GINSLIB] processing : 2021/07/15 09:32:52 Q=5
2026-01-06 17:18:56,236 - INFO - [GINSLIB] processing : 2021/07/15 09:32:53 Q=5
2026-01-06 17:18:56,241 - INFO - [GINSLIB] processing : 2021/07/15 09:32:54 Q=5
2026-01-06 17:18:56,247 - INFO - [GINSLIB] processing : 2021/07/15 09:32:55 Q=5
2026-01-06 17:18:56,252 - INFO - [GINSLIB] processing : 2021/07/15 09:32:56 Q=5
2026-01-06 17:18:56,258 - INFO - [GINSLIB] processing : 2021/07/15 09:32:57 Q=5
2026-01-06 17:18:56,263 - INFO - [GINSLIB] processing : 2021/07/15 09:32:58 Q=5
2026-01-06 17:18:56,268 - INFO - [GINSLIB] processing : 2021/07/15 09:32:59 Q=5
2026-01-06 17:18:56,274 - INFO - [GINSLIB] processing : 2021/07/15 09:33:00 Q=5
2026-01-06 17:18:56,280 - INFO - [GINSLIB] processing : 2021/07/15 09:33:01 Q=5
2026-01-06 17:18:56,285 - INFO - [GINSLIB] processing : 2021/07/15 09:33:02 Q=5
2026-01-06 17:18:56,289 - INFO - [GINSLIB] processing : 2021/07/15 09:33:03 Q=5
2026-01-06 17:18:56,294 - INFO - [GINSLIB] processing : 2021/07/15 09:33:04 Q=5
2026-01-06 17:18:56,298 - INFO - [GINSLIB] processing : 2021/07/15 09:33:05 Q=5
2026-01-06 17:18:56,304 - INFO - [GINSLIB] processing : 2021/07/15 09:33:06 Q=5
2026-01-06 17:18:56,311 - INFO - [GINSLIB] processing : 2021/07/15 09:33:07 Q=5
2026-01-06 17:18:56,317 - INFO - [GINSLIB] processing : 2021/07/15 09:33:08 Q=5
2026-01-06 17:18:56,326 - INFO - [GINSLIB] processing : 2021/07/15 09:33:09 Q=5
2026-01-06 17:18:56,327 - INFO - [GINSLIB] processing : 2021/07/15 09:33:10 Q=5
2026-01-06 17:18:56,332 - INFO - [GINSLIB] processing : 2021/07/15 09:33:11 Q=5
2026-01-06 17:18:56,338 - INFO - [GINSLIB] processing : 2021/07/15 09:33:12 Q=5
2026-01-06 17:18:56,343 - INFO - [GINSLIB] processing : 2021/07/15 09:33:13 Q=5
2026-01-06 17:18:56,352 - INFO - [GINSLIB] processing : 2021/07/15 09:33:14 Q=5
2026-01-06 17:18:56,353 - INFO - [GINSLIB] processing : 2021/07/15 09:33:15 Q=5
2026-01-06 17:18:56,359 - INFO - [GINSLIB] processing : 2021/07/15 09:33:16 Q=5
2026-01-06 17:18:56,364 - INFO - [GINSLIB] processing : 2021/07/15 09:33:17 Q=5
2026-01-06 17:18:56,371 - INFO - [GINSLIB] processing : 2021/07/15 09:33:18 Q=5
2026-01-06 17:18:56,381 - INFO - [GINSLIB] processing : 2021/07/15 09:33:19 Q=5
2026-01-06 17:18:56,382 - INFO - [GINSLIB] processing : 2021/07/15 09:33:20 Q=5
2026-01-06 17:18:56,388 - INFO - [GINSLIB] processing : 2021/07/15 09:33:21 Q=5
2026-01-06 17:18:56,394 - INFO - [GINSLIB] processing : 2021/07/15 09:33:22 Q=5
2026-01-06 17:18:56,401 - INFO - [GINSLIB] processing : 2021/07/15 09:33:23 Q=5
2026-01-06 17:18:56,406 - INFO - [GINSLIB] processing : 2021/07/15 09:33:24 Q=5
2026-01-06 17:18:56,411 - INFO - [GINSLIB] processing : 2021/07/15 09:33:25 Q=5
2026-01-06 17:18:56,418 - INFO - [GINSLIB] processing : 2021/07/15 09:33:26 Q=5
2026-01-06 17:18:56,423 - INFO - [GINSLIB] processing : 2021/07/15 09:33:27 Q=5
2026-01-06 17:18:56,430 - INFO - [GINSLIB] processing : 2021/07/15 09:33:28 Q=5
2026-01-06 17:18:56,437 - INFO - [GINSLIB] processing : 2021/07/15 09:33:29 Q=5
2026-01-06 17:18:56,443 - INFO - [GINSLIB] processing : 2021/07/15 09:33:30 Q=5
2026-01-06 17:18:56,449 - INFO - [GINSLIB] processing : 2021/07/15 09:33:31 Q=5
2026-01-06 17:18:56,454 - INFO - [GINSLIB] processing : 2021/07/15 09:33:32 Q=5
2026-01-06 17:18:56,461 - INFO - [GINSLIB] processing : 2021/07/15 09:33:33 Q=5
2026-01-06 17:18:56,467 - INFO - [GINSLIB] processing : 2021/07/15 09:33:34 Q=5
2026-01-06 17:18:56,470 - INFO - [GINSLIB] processing : 2021/07/15 09:33:35 Q=5
2026-01-06 17:18:56,477 - INFO - [GINSLIB] processing : 2021/07/15 09:33:36 Q=5
2026-01-06 17:18:56,483 - INFO - [GINSLIB] processing : 2021/07/15 09:33:37 Q=5
2026-01-06 17:18:56,488 - INFO - [GINSLIB] processing : 2021/07/15 09:33:38 Q=5
2026-01-06 17:18:56,494 - INFO - [GINSLIB] processing : 2021/07/15 09:33:39 Q=5
2026-01-06 17:18:56,501 - INFO - [GINSLIB] processing : 2021/07/15 09:33:40 Q=5
2026-01-06 17:18:56,503 - INFO - [GINSLIB] processing : 2021/07/15 09:33:41 Q=5
2026-01-06 17:18:56,509 - INFO - [GINSLIB] processing : 2021/07/15 09:33:42 Q=5
2026-01-06 17:18:56,514 - INFO - [GINSLIB] processing : 2021/07/15 09:33:43 Q=5
2026-01-06 17:18:56,519 - INFO - [GINSLIB] processing : 2021/07/15 09:33:44 Q=5
2026-01-06 17:18:56,529 - INFO - [GINSLIB] processing : 2021/07/15 09:33:45 Q=5
2026-01-06 17:18:56,530 - INFO - [GINSLIB] processing : 2021/07/15 09:33:46 Q=5
2026-01-06 17:18:56,536 - INFO - [GINSLIB] processing : 2021/07/15 09:33:47 Q=5
2026-01-06 17:18:56,543 - INFO - [GINSLIB] processing : 2021/07/15 09:33:48 Q=5
2026-01-06 17:18:56,548 - INFO - [GINSLIB] processing : 2021/07/15 09:33:49 Q=5
2026-01-06 17:18:56,558 - INFO - [GINSLIB] processing : 2021/07/15 09:33:50 Q=5
2026-01-06 17:18:56,559 - INFO - [GINSLIB] processing : 2021/07/15 09:33:51 Q=5
2026-01-06 17:18:56,563 - INFO - [GINSLIB] processing : 2021/07/15 09:33:52 Q=5
2026-01-06 17:18:56,568 - INFO - [GINSLIB] processing : 2021/07/15 09:33:53 Q=5
2026-01-06 17:18:56,573 - INFO - [GINSLIB] processing : 2021/07/15 09:33:54 Q=5
2026-01-06 17:18:56,577 - INFO - [GINSLIB] processing : 2021/07/15 09:33:55 Q=5
2026-01-06 17:18:56,580 - INFO - [GINSLIB] processing : 2021/07/15 09:33:56 Q=5
2026-01-06 17:18:56,586 - INFO - [GINSLIB] processing : 2021/07/15 09:33:57 Q=5
2026-01-06 17:18:56,591 - INFO - [GINSLIB] processing : 2021/07/15 09:33:58 Q=5
2026-01-06 17:18:56,596 - INFO - [GINSLIB] processing : 2021/07/15 09:33:59 Q=5
2026-01-06 17:18:56,603 - INFO - [GINSLIB] processing : 2021/07/15 09:34:00 Q=5
2026-01-06 17:18:56,608 - INFO - [GINSLIB] processing : 2021/07/15 09:34:01 Q=5
2026-01-06 17:18:56,614 - INFO - [GINSLIB] processing : 2021/07/15 09:34:02 Q=5
2026-01-06 17:18:56,620 - INFO - [GINSLIB] processing : 2021/07/15 09:34:03 Q=5
2026-01-06 17:18:56,624 - INFO - [GINSLIB] processing : 2021/07/15 09:34:04 Q=5
2026-01-06 17:18:56,629 - INFO - [GINSLIB] processing : 2021/07/15 09:34:05 Q=5
2026-01-06 17:18:56,640 - INFO - [GINSLIB] processing : 2021/07/15 09:34:06 Q=5
2026-01-06 17:18:56,641 - INFO - [GINSLIB] processing : 2021/07/15 09:34:07 Q=5
2026-01-06 17:18:56,647 - INFO - [GINSLIB] processing : 2021/07/15 09:34:08 Q=5
2026-01-06 17:18:56,653 - INFO - [GINSLIB] processing : 2021/07/15 09:34:09 Q=5
2026-01-06 17:18:56,658 - INFO - [GINSLIB] processing : 2021/07/15 09:34:10 Q=5
2026-01-06 17:18:56,670 - INFO - [GINSLIB] processing : 2021/07/15 09:34:11 Q=5
2026-01-06 17:18:56,671 - INFO - [GINSLIB] processing : 2021/07/15 09:34:12 Q=5
2026-01-06 17:18:56,679 - INFO - [GINSLIB] processing : 2021/07/15 09:34:13 Q=5
2026-01-06 17:18:56,686 - INFO - [GINSLIB] processing : 2021/07/15 09:34:14 Q=5
2026-01-06 17:18:56,693 - INFO - [GINSLIB] processing : 2021/07/15 09:34:15 Q=5
2026-01-06 17:18:56,702 - INFO - [GINSLIB] processing : 2021/07/15 09:34:16 Q=5
2026-01-06 17:18:56,703 - INFO - [GINSLIB] processing : 2021/07/15 09:34:17 Q=5
2026-01-06 17:18:56,709 - INFO - [GINSLIB] processing : 2021/07/15 09:34:18 Q=5
2026-01-06 17:18:56,715 - INFO - [GINSLIB] processing : 2021/07/15 09:34:19 Q=5
2026-01-06 17:18:56,720 - INFO - [GINSLIB] processing : 2021/07/15 09:34:20 Q=5
2026-01-06 17:18:56,730 - INFO - [GINSLIB] processing : 2021/07/15 09:34:21 Q=5
2026-01-06 17:18:56,731 - INFO - [GINSLIB] processing : 2021/07/15 09:34:22 Q=5
2026-01-06 17:18:56,737 - INFO - [GINSLIB] processing : 2021/07/15 09:34:23 Q=5
2026-01-06 17:18:56,744 - INFO - [GINSLIB] processing : 2021/07/15 09:34:24 Q=5
2026-01-06 17:18:56,749 - INFO - [GINSLIB] processing : 2021/07/15 09:34:25 Q=5
2026-01-06 17:18:56,755 - INFO - [GINSLIB] processing : 2021/07/15 09:34:26 Q=5
2026-01-06 17:18:56,760 - INFO - [GINSLIB] processing : 2021/07/15 09:34:27 Q=5
2026-01-06 17:18:56,765 - INFO - [GINSLIB] processing : 2021/07/15 09:34:28 Q=5
2026-01-06 17:18:56,771 - INFO - [GINSLIB] processing : 2021/07/15 09:34:29 Q=5
2026-01-06 17:18:56,776 - INFO - [GINSLIB] processing : 2021/07/15 09:34:30 Q=5
2026-01-06 17:18:56,781 - INFO - [GINSLIB] processing : 2021/07/15 09:34:31 Q=5
2026-01-06 17:18:56,787 - INFO - [GINSLIB] processing : 2021/07/15 09:34:32 Q=5
2026-01-06 17:18:56,794 - INFO - [GINSLIB] processing : 2021/07/15 09:34:33 Q=5
2026-01-06 17:18:56,802 - INFO - [GINSLIB] processing : 2021/07/15 09:34:34 Q=5
2026-01-06 17:18:56,808 - INFO - [GINSLIB] processing : 2021/07/15 09:34:35 Q=5
2026-01-06 17:18:56,814 - INFO - [GINSLIB] processing : 2021/07/15 09:34:36 Q=5
2026-01-06 17:18:56,824 - INFO - [GINSLIB] processing : 2021/07/15 09:34:37 Q=5
2026-01-06 17:18:56,825 - INFO - [GINSLIB] processing : 2021/07/15 09:34:38 Q=5
2026-01-06 17:18:56,831 - INFO - [GINSLIB] processing : 2021/07/15 09:34:39 Q=5
2026-01-06 17:18:56,837 - INFO - [GINSLIB] processing : 2021/07/15 09:34:40 Q=5
2026-01-06 17:18:56,842 - INFO - [GINSLIB] processing : 2021/07/15 09:34:41 Q=5
2026-01-06 17:18:56,852 - INFO - [GINSLIB] processing : 2021/07/15 09:34:42 Q=5
2026-01-06 17:18:56,853 - INFO - [GINSLIB] processing : 2021/07/15 09:34:43 Q=5
2026-01-06 17:18:56,858 - INFO - [GINSLIB] processing : 2021/07/15 09:34:44 Q=5
2026-01-06 17:18:56,865 - INFO - [GINSLIB] processing : 2021/07/15 09:34:45 Q=5
2026-01-06 17:18:56,870 - INFO - [GINSLIB] processing : 2021/07/15 09:34:46 Q=5
2026-01-06 17:18:56,880 - INFO - [GINSLIB] processing : 2021/07/15 09:34:47 Q=5
2026-01-06 17:18:56,882 - INFO - [GINSLIB] processing : 2021/07/15 09:34:48 Q=5
2026-01-06 17:18:56,887 - INFO - [GINSLIB] processing : 2021/07/15 09:34:49 Q=5
2026-01-06 17:18:56,894 - INFO - [GINSLIB] processing : 2021/07/15 09:34:50 Q=5
2026-01-06 17:18:56,899 - INFO - [GINSLIB] processing : 2021/07/15 09:34:51 Q=5
2026-01-06 17:18:56,903 - INFO - [GINSLIB] processing : 2021/07/15 09:34:52 Q=5
2026-01-06 17:18:56,908 - INFO - [GINSLIB] processing : 2021/07/15 09:34:53 Q=5
2026-01-06 17:18:56,914 - INFO - [GINSLIB] processing : 2021/07/15 09:34:54 Q=5
2026-01-06 17:18:56,918 - INFO - [GINSLIB] processing : 2021/07/15 09:34:55 Q=5
2026-01-06 17:18:56,924 - INFO - [GINSLIB] processing : 2021/07/15 09:34:56 Q=5
2026-01-06 17:18:56,931 - INFO - [GINSLIB] processing : 2021/07/15 09:34:57 Q=5
2026-01-06 17:18:56,935 - INFO - [GINSLIB] processing : 2021/07/15 09:34:58 Q=5
2026-01-06 17:18:56,942 - INFO - [GINSLIB] processing : 2021/07/15 09:34:59 Q=5
2026-01-06 17:18:56,949 - INFO - [GINSLIB] processing : 2021/07/15 09:35:00 Q=5
2026-01-06 17:18:56,955 - INFO - [GINSLIB] processing : 2021/07/15 09:35:01 Q=5
2026-01-06 17:18:56,961 - INFO - [GINSLIB] processing : 2021/07/15 09:35:02 Q=5
2026-01-06 17:18:56,964 - INFO - [GINSLIB] processing : 2021/07/15 09:35:03 Q=5
2026-01-06 17:18:56,971 - INFO - [GINSLIB] processing : 2021/07/15 09:35:04 Q=5
2026-01-06 17:18:56,978 - INFO - [GINSLIB] processing : 2021/07/15 09:35:05 Q=5
2026-01-06 17:18:56,984 - INFO - [GINSLIB] processing : 2021/07/15 09:35:06 Q=5
2026-01-06 17:18:56,991 - INFO - [GINSLIB] processing : 2021/07/15 09:35:07 Q=5
2026-01-06 17:18:56,999 - INFO - [GINSLIB] processing : 2021/07/15 09:35:08 Q=5
2026-01-06 17:18:57,001 - INFO - [GINSLIB] processing : 2021/07/15 09:35:09 Q=5
2026-01-06 17:18:57,006 - INFO - [GINSLIB] processing : 2021/07/15 09:35:10 Q=5
2026-01-06 17:18:57,011 - INFO - [GINSLIB] processing : 2021/07/15 09:35:11 Q=5
2026-01-06 17:18:57,017 - INFO - [GINSLIB] processing : 2021/07/15 09:35:12 Q=5
2026-01-06 17:18:57,026 - INFO - [GINSLIB] processing : 2021/07/15 09:35:13 Q=5
2026-01-06 17:18:57,027 - INFO - [GINSLIB] processing : 2021/07/15 09:35:14 Q=5
2026-01-06 17:18:57,032 - INFO - [GINSLIB] processing : 2021/07/15 09:35:15 Q=5
2026-01-06 17:18:57,038 - INFO - [GINSLIB] processing : 2021/07/15 09:35:16 Q=5
2026-01-06 17:18:57,043 - INFO - [GINSLIB] processing : 2021/07/15 09:35:17 Q=5
2026-01-06 17:18:57,052 - INFO - [GINSLIB] processing : 2021/07/15 09:35:18 Q=5
2026-01-06 17:18:57,053 - INFO - [GINSLIB] processing : 2021/07/15 09:35:19 Q=5
2026-01-06 17:18:57,059 - INFO - [GINSLIB] processing : 2021/07/15 09:35:20 Q=5
2026-01-06 17:18:57,065 - INFO - [GINSLIB] processing : 2021/07/15 09:35:21 Q=5
2026-01-06 17:18:57,071 - INFO - [GINSLIB] processing : 2021/07/15 09:35:22 Q=5
2026-01-06 17:18:57,077 - INFO - [GINSLIB] processing : 2021/07/15 09:35:23 Q=5
2026-01-06 17:18:57,082 - INFO - [GINSLIB] processing : 2021/07/15 09:35:24 Q=5
2026-01-06 17:18:57,087 - INFO - [GINSLIB] processing : 2021/07/15 09:35:25 Q=5
2026-01-06 17:18:57,093 - INFO - [GINSLIB] processing : 2021/07/15 09:35:26 Q=5
2026-01-06 17:18:57,100 - INFO - [GINSLIB] processing : 2021/07/15 09:35:27 Q=5
2026-01-06 17:18:57,106 - INFO - [GINSLIB] processing : 2021/07/15 09:35:28 Q=5
2026-01-06 17:18:57,112 - INFO - [GINSLIB] processing : 2021/07/15 09:35:29 Q=5
2026-01-06 17:18:57,119 - INFO - [GINSLIB] processing : 2021/07/15 09:35:30 Q=5
2026-01-06 17:18:57,125 - INFO - [GINSLIB] processing : 2021/07/15 09:35:31 Q=5
2026-01-06 17:18:57,132 - INFO - [GINSLIB] processing : 2021/07/15 09:35:32 Q=5
2026-01-06 17:18:57,138 - INFO - [GINSLIB] processing : 2021/07/15 09:35:33 Q=5
2026-01-06 17:18:57,142 - INFO - [GINSLIB] processing : 2021/07/15 09:35:34 Q=5
2026-01-06 17:18:57,148 - INFO - [GINSLIB] processing : 2021/07/15 09:35:35 Q=5
2026-01-06 17:18:57,155 - INFO - [GINSLIB] processing : 2021/07/15 09:35:36 Q=5
2026-01-06 17:18:57,161 - INFO - [GINSLIB] processing : 2021/07/15 09:35:37 Q=5
2026-01-06 17:18:57,168 - INFO - [GINSLIB] processing : 2021/07/15 09:35:38 Q=5
2026-01-06 17:18:57,211 - INFO - [GINSLIB] processing : 2021/07/15 09:35:39 Q=5
2026-01-06 17:18:57,212 - INFO - [GINSLIB] processing : 2021/07/15 09:35:40 Q=5
2026-01-06 17:18:57,218 - INFO - [GINSLIB] processing : 2021/07/15 09:35:41 Q=5
2026-01-06 17:18:57,224 - INFO - [GINSLIB] processing : 2021/07/15 09:35:42 Q=5
2026-01-06 17:18:57,230 - INFO - [GINSLIB] processing : 2021/07/15 09:35:43 Q=5
2026-01-06 17:18:57,246 - INFO - [GINSLIB] processing : 2021/07/15 09:35:44 Q=5
2026-01-06 17:18:57,248 - INFO - [GINSLIB] processing : 2021/07/15 09:35:45 Q=5
2026-01-06 17:18:57,258 - INFO - [GINSLIB] processing : 2021/07/15 09:35:46 Q=5
2026-01-06 17:18:57,265 - INFO - [GINSLIB] processing : 2021/07/15 09:35:47 Q=5
2026-01-06 17:18:57,272 - INFO - [GINSLIB] processing : 2021/07/15 09:35:48 Q=5
2026-01-06 17:18:57,282 - INFO - [GINSLIB] processing : 2021/07/15 09:35:49 Q=5
2026-01-06 17:18:57,283 - INFO - [GINSLIB] processing : 2021/07/15 09:35:50 Q=5
2026-01-06 17:18:57,291 - INFO - [GINSLIB] processing : 2021/07/15 09:35:51 Q=5
2026-01-06 17:18:57,297 - INFO - [GINSLIB] processing : 2021/07/15 09:35:52 Q=5
2026-01-06 17:18:57,302 - INFO - [GINSLIB] processing : 2021/07/15 09:35:53 Q=5
2026-01-06 17:18:57,308 - INFO - [GINSLIB] processing : 2021/07/15 09:35:54 Q=5
2026-01-06 17:18:57,312 - INFO - [GINSLIB] processing : 2021/07/15 09:35:55 Q=5
2026-01-06 17:18:57,319 - INFO - [GINSLIB] processing : 2021/07/15 09:35:56 Q=5
2026-01-06 17:18:57,324 - INFO - [GINSLIB] processing : 2021/07/15 09:35:57 Q=5
2026-01-06 17:18:57,328 - INFO - [GINSLIB] processing : 2021/07/15 09:35:58 Q=5
2026-01-06 17:18:57,334 - INFO - [GINSLIB] processing : 2021/07/15 09:35:59 Q=5
2026-01-06 17:18:57,337 - INFO - [GINSLIB] processing : 2021/07/15 09:36:00 Q=5
2026-01-06 17:18:57,342 - INFO - [GINSLIB] processing : 2021/07/15 09:36:01 Q=5
2026-01-06 17:18:57,347 - INFO - [GINSLIB] processing : 2021/07/15 09:36:02 Q=5
2026-01-06 17:18:57,352 - INFO - [GINSLIB] processing : 2021/07/15 09:36:03 Q=5
2026-01-06 17:18:57,356 - INFO - [GINSLIB] processing : 2021/07/15 09:36:04 Q=5
2026-01-06 17:18:57,360 - INFO - [GINSLIB] processing : 2021/07/15 09:36:05 Q=5
2026-01-06 17:18:57,365 - INFO - [GINSLIB] processing : 2021/07/15 09:36:06 Q=5
2026-01-06 17:18:57,370 - INFO - [GINSLIB] processing : 2021/07/15 09:36:07 Q=5
2026-01-06 17:18:57,374 - INFO - [GINSLIB] processing : 2021/07/15 09:36:08 Q=5
2026-01-06 17:18:57,381 - INFO - [GINSLIB] processing : 2021/07/15 09:36:09 Q=5
2026-01-06 17:18:57,389 - INFO - [GINSLIB] processing : 2021/07/15 09:36:10 Q=5
2026-01-06 17:18:57,390 - INFO - [GINSLIB] processing : 2021/07/15 09:36:11 Q=5
2026-01-06 17:18:57,396 - INFO - [GINSLIB] processing : 2021/07/15 09:36:12 Q=5
2026-01-06 17:18:57,401 - INFO - [GINSLIB] processing : 2021/07/15 09:36:13 Q=5
2026-01-06 17:18:57,405 - INFO - [GINSLIB] processing : 2021/07/15 09:36:14 Q=5
2026-01-06 17:18:57,414 - INFO - [GINSLIB] processing : 2021/07/15 09:36:15 Q=5
2026-01-06 17:18:57,415 - INFO - [GINSLIB] processing : 2021/07/15 09:36:16 Q=5
2026-01-06 17:18:57,419 - INFO - [GINSLIB] processing : 2021/07/15 09:36:17 Q=5
2026-01-06 17:18:57,426 - INFO - [GINSLIB] processing : 2021/07/15 09:36:18 Q=5
2026-01-06 17:18:57,432 - INFO - [GINSLIB] processing : 2021/07/15 09:36:19 Q=5
2026-01-06 17:18:57,442 - INFO - [GINSLIB] processing : 2021/07/15 09:36:20 Q=5
2026-01-06 17:18:57,443 - INFO - [GINSLIB] processing : 2021/07/15 09:36:21 Q=5
2026-01-06 17:18:57,448 - INFO - [GINSLIB] processing : 2021/07/15 09:36:22 Q=5
2026-01-06 17:18:57,454 - INFO - [GINSLIB] processing : 2021/07/15 09:36:23 Q=5
2026-01-06 17:18:57,460 - INFO - [GINSLIB] processing : 2021/07/15 09:36:24 Q=5
2026-01-06 17:18:57,465 - INFO - [GINSLIB] processing : 2021/07/15 09:36:25 Q=5
2026-01-06 17:18:57,472 - INFO - [GINSLIB] processing : 2021/07/15 09:36:26 Q=5
2026-01-06 17:18:57,478 - INFO - [GINSLIB] processing : 2021/07/15 09:36:27 Q=5
2026-01-06 17:18:57,484 - INFO - [GINSLIB] processing : 2021/07/15 09:36:28 Q=5
2026-01-06 17:18:57,490 - INFO - [GINSLIB] processing : 2021/07/15 09:36:29 Q=5
2026-01-06 17:18:57,495 - INFO - [GINSLIB] processing : 2021/07/15 09:36:30 Q=5
2026-01-06 17:18:57,499 - INFO - [GINSLIB] processing : 2021/07/15 09:36:31 Q=5
2026-01-06 17:18:57,505 - INFO - [GINSLIB] processing : 2021/07/15 09:36:32 Q=5
2026-01-06 17:18:57,510 - INFO - [GINSLIB] processing : 2021/07/15 09:36:33 Q=5
2026-01-06 17:18:57,514 - INFO - [GINSLIB] processing : 2021/07/15 09:36:34 Q=5
2026-01-06 17:18:57,521 - INFO - [GINSLIB] processing : 2021/07/15 09:36:35 Q=5
2026-01-06 17:18:57,525 - INFO - [GINSLIB] processing : 2021/07/15 09:36:36 Q=5
2026-01-06 17:18:57,529 - INFO - [GINSLIB] processing : 2021/07/15 09:36:37 Q=5
2026-01-06 17:18:57,535 - INFO - [GINSLIB] processing : 2021/07/15 09:36:38 Q=5
2026-01-06 17:18:57,540 - INFO - [GINSLIB] processing : 2021/07/15 09:36:39 Q=5
2026-01-06 17:18:57,544 - INFO - [GINSLIB] processing : 2021/07/15 09:36:40 Q=5
2026-01-06 17:18:57,553 - INFO - [GINSLIB] processing : 2021/07/15 09:36:41 Q=5
2026-01-06 17:18:57,554 - INFO - [GINSLIB] processing : 2021/07/15 09:36:42 Q=5
2026-01-06 17:18:57,559 - INFO - [GINSLIB] processing : 2021/07/15 09:36:43 Q=5
2026-01-06 17:18:57,565 - INFO - [GINSLIB] processing : 2021/07/15 09:36:44 Q=5
2026-01-06 17:18:57,570 - INFO - [GINSLIB] processing : 2021/07/15 09:36:45 Q=5
2026-01-06 17:18:57,578 - INFO - [GINSLIB] processing : 2021/07/15 09:36:46 Q=5
2026-01-06 17:18:57,579 - INFO - [GINSLIB] processing : 2021/07/15 09:36:47 Q=5
2026-01-06 17:18:57,584 - INFO - [GINSLIB] processing : 2021/07/15 09:36:48 Q=5
2026-01-06 17:18:57,588 - INFO - [GINSLIB] processing : 2021/07/15 09:36:49 Q=5
2026-01-06 17:18:57,593 - INFO - [GINSLIB] processing : 2021/07/15 09:36:50 Q=5
2026-01-06 17:18:57,601 - INFO - [GINSLIB] processing : 2021/07/15 09:36:51 Q=5
2026-01-06 17:18:57,602 - INFO - [GINSLIB] processing : 2021/07/15 09:36:52 Q=5
2026-01-06 17:18:57,607 - INFO - [GINSLIB] processing : 2021/07/15 09:36:53 Q=5
2026-01-06 17:18:57,613 - INFO - [GINSLIB] processing : 2021/07/15 09:36:54 Q=5
2026-01-06 17:18:57,618 - INFO - [GINSLIB] processing : 2021/07/15 09:36:55 Q=5
2026-01-06 17:18:57,623 - INFO - [GINSLIB] processing : 2021/07/15 09:36:56 Q=5
2026-01-06 17:18:57,628 - INFO - [GINSLIB] processing : 2021/07/15 09:36:57 Q=5
2026-01-06 17:18:57,633 - INFO - [GINSLIB] processing : 2021/07/15 09:36:58 Q=5
2026-01-06 17:18:57,638 - INFO - [GINSLIB] processing : 2021/07/15 09:36:59 Q=5
2026-01-06 17:18:57,643 - INFO - [GINSLIB] processing : 2021/07/15 09:37:00 Q=5
2026-01-06 17:18:57,648 - INFO - [GINSLIB] processing : 2021/07/15 09:37:01 Q=5
2026-01-06 17:18:57,652 - INFO - [GINSLIB] processing : 2021/07/15 09:37:02 Q=5
2026-01-06 17:18:57,656 - INFO - [GINSLIB] processing : 2021/07/15 09:37:03 Q=5
2026-01-06 17:18:57,662 - INFO - [GINSLIB] processing : 2021/07/15 09:37:04 Q=5
2026-01-06 17:18:57,667 - INFO - [GINSLIB] processing : 2021/07/15 09:37:05 Q=5
2026-01-06 17:18:57,672 - INFO - [GINSLIB] processing : 2021/07/15 09:37:06 Q=5
2026-01-06 17:18:57,682 - INFO - [GINSLIB] processing : 2021/07/15 09:37:07 Q=5
2026-01-06 17:18:57,683 - INFO - [GINSLIB] processing : 2021/07/15 09:37:08 Q=5
2026-01-06 17:18:57,687 - INFO - [GINSLIB] processing : 2021/07/15 09:37:09 Q=5
2026-01-06 17:18:57,693 - INFO - [GINSLIB] processing : 2021/07/15 09:37:10 Q=5
2026-01-06 17:18:57,698 - INFO - [GINSLIB] processing : 2021/07/15 09:37:11 Q=5
2026-01-06 17:18:57,704 - INFO - [GINSLIB] processing : 2021/07/15 09:37:12 Q=5
2026-01-06 17:18:57,705 - INFO - [GINSLIB] processing : 2021/07/15 09:37:13 Q=5
2026-01-06 17:18:57,711 - INFO - [GINSLIB] processing : 2021/07/15 09:37:14 Q=5
2026-01-06 17:18:57,715 - INFO - [GINSLIB] processing : 2021/07/15 09:37:15 Q=5
2026-01-06 17:18:57,720 - INFO - [GINSLIB] processing : 2021/07/15 09:37:16 Q=5
2026-01-06 17:18:57,728 - INFO - [GINSLIB] processing : 2021/07/15 09:37:17 Q=5
2026-01-06 17:18:57,729 - INFO - [GINSLIB] processing : 2021/07/15 09:37:18 Q=5
2026-01-06 17:18:57,732 - INFO - [GINSLIB] processing : 2021/07/15 09:37:19 Q=5
2026-01-06 17:18:57,737 - INFO - [GINSLIB] processing : 2021/07/15 09:37:20 Q=5
2026-01-06 17:18:57,741 - INFO - [GINSLIB] processing : 2021/07/15 09:37:21 Q=5
2026-01-06 17:18:57,748 - INFO - [GINSLIB] processing : 2021/07/15 09:37:22 Q=5
2026-01-06 17:18:57,749 - INFO - [GINSLIB] processing : 2021/07/15 09:37:23 Q=5
2026-01-06 17:18:57,756 - INFO - [GINSLIB] processing : 2021/07/15 09:37:24 Q=5
2026-01-06 17:18:57,761 - INFO - [GINSLIB] processing : 2021/07/15 09:37:25 Q=5
2026-01-06 17:18:57,766 - INFO - [GINSLIB] processing : 2021/07/15 09:37:26 Q=5
2026-01-06 17:18:57,771 - INFO - [GINSLIB] processing : 2021/07/15 09:37:27 Q=5
2026-01-06 17:18:57,775 - INFO - [GINSLIB] processing : 2021/07/15 09:37:28 Q=5
2026-01-06 17:18:57,780 - INFO - [GINSLIB] processing : 2021/07/15 09:37:29 Q=5
2026-01-06 17:18:57,787 - INFO - [GINSLIB] processing : 2021/07/15 09:37:30 Q=5
2026-01-06 17:18:57,793 - INFO - [GINSLIB] processing : 2021/07/15 09:37:31 Q=5
2026-01-06 17:18:57,799 - INFO - [GINSLIB] processing : 2021/07/15 09:37:32 Q=5
2026-01-06 17:18:57,805 - INFO - [GINSLIB] processing : 2021/07/15 09:37:33 Q=5
2026-01-06 17:18:57,811 - INFO - [GINSLIB] processing : 2021/07/15 09:37:34 Q=5
2026-01-06 17:18:57,818 - INFO - [GINSLIB] processing : 2021/07/15 09:37:35 Q=5
2026-01-06 17:18:57,824 - INFO - [GINSLIB] processing : 2021/07/15 09:37:36 Q=5
2026-01-06 17:18:57,831 - INFO - [GINSLIB] processing : 2021/07/15 09:37:37 Q=5
2026-01-06 17:18:57,839 - INFO - [GINSLIB] processing : 2021/07/15 09:37:38 Q=5
2026-01-06 17:18:57,840 - INFO - [GINSLIB] processing : 2021/07/15 09:37:39 Q=5
2026-01-06 17:18:57,847 - INFO - [GINSLIB] processing : 2021/07/15 09:37:40 Q=5
2026-01-06 17:18:57,853 - INFO - [GINSLIB] processing : 2021/07/15 09:37:41 Q=5
2026-01-06 17:18:57,859 - INFO - [GINSLIB] processing : 2021/07/15 09:37:42 Q=5
2026-01-06 17:18:57,868 - INFO - [GINSLIB] processing : 2021/07/15 09:37:43 Q=5
2026-01-06 17:18:57,869 - INFO - [GINSLIB] processing : 2021/07/15 09:37:44 Q=5
2026-01-06 17:18:57,874 - INFO - [GINSLIB] processing : 2021/07/15 09:37:45 Q=5
2026-01-06 17:18:57,880 - INFO - [GINSLIB] processing : 2021/07/15 09:37:46 Q=5
2026-01-06 17:18:57,885 - INFO - [GINSLIB] processing : 2021/07/15 09:37:47 Q=5
2026-01-06 17:18:57,926 - INFO - [GINSLIB] processing : 2021/07/15 09:37:48 Q=5
2026-01-06 17:18:57,927 - INFO - [GINSLIB] processing : 2021/07/15 09:37:49 Q=5
2026-01-06 17:18:57,933 - INFO - [GINSLIB] processing : 2021/07/15 09:37:50 Q=5
2026-01-06 17:18:57,941 - INFO - [GINSLIB] processing : 2021/07/15 09:37:51 Q=5
2026-01-06 17:18:57,946 - INFO - [GINSLIB] processing : 2021/07/15 09:37:52 Q=5
2026-01-06 17:18:57,951 - INFO - [GINSLIB] processing : 2021/07/15 09:37:53 Q=5
2026-01-06 17:18:57,955 - INFO - [GINSLIB] processing : 2021/07/15 09:37:54 Q=5
2026-01-06 17:18:57,961 - INFO - [GINSLIB] processing : 2021/07/15 09:37:55 Q=5
2026-01-06 17:18:57,966 - INFO - [GINSLIB] processing : 2021/07/15 09:37:56 Q=5
2026-01-06 17:18:57,971 - INFO - [GINSLIB] processing : 2021/07/15 09:37:57 Q=5
2026-01-06 17:18:57,977 - INFO - [GINSLIB] processing : 2021/07/15 09:37:58 Q=5
2026-01-06 17:18:57,982 - INFO - [GINSLIB] processing : 2021/07/15 09:37:59 Q=5
2026-01-06 17:18:57,989 - INFO - [GINSLIB] processing : 2021/07/15 09:38:00 Q=5
2026-01-06 17:18:57,993 - INFO - [GINSLIB] processing : 2021/07/15 09:38:01 Q=5
2026-01-06 17:18:57,998 - INFO - [GINSLIB] processing : 2021/07/15 09:38:02 Q=5
2026-01-06 17:18:58,004 - INFO - [GINSLIB] processing : 2021/07/15 09:38:03 Q=5
2026-01-06 17:18:58,008 - INFO - [GINSLIB] processing : 2021/07/15 09:38:04 Q=5
2026-01-06 17:18:58,013 - INFO - [GINSLIB] processing : 2021/07/15 09:38:05 Q=5
2026-01-06 17:18:58,019 - INFO - [GINSLIB] processing : 2021/07/15 09:38:06 Q=5
2026-01-06 17:18:58,024 - INFO - [GINSLIB] processing : 2021/07/15 09:38:07 Q=5
2026-01-06 17:18:58,028 - INFO - [GINSLIB] processing : 2021/07/15 09:38:08 Q=5
2026-01-06 17:18:58,037 - INFO - [GINSLIB] processing : 2021/07/15 09:38:09 Q=5
2026-01-06 17:18:58,038 - INFO - [GINSLIB] processing : 2021/07/15 09:38:10 Q=5
2026-01-06 17:18:58,043 - INFO - [GINSLIB] processing : 2021/07/15 09:38:11 Q=5
2026-01-06 17:18:58,048 - INFO - [GINSLIB] processing : 2021/07/15 09:38:12 Q=5
2026-01-06 17:18:58,053 - INFO - [GINSLIB] processing : 2021/07/15 09:38:13 Q=5
2026-01-06 17:18:58,062 - INFO - [GINSLIB] processing : 2021/07/15 09:38:14 Q=5
2026-01-06 17:18:58,064 - INFO - [GINSLIB] processing : 2021/07/15 09:38:15 Q=5
2026-01-06 17:18:58,069 - INFO - [GINSLIB] processing : 2021/07/15 09:38:16 Q=5
2026-01-06 17:18:58,075 - INFO - [GINSLIB] processing : 2021/07/15 09:38:17 Q=5
2026-01-06 17:18:58,080 - INFO - [GINSLIB] processing : 2021/07/15 09:38:18 Q=5
2026-01-06 17:18:58,088 - INFO - [GINSLIB] processing : 2021/07/15 09:38:19 Q=5
2026-01-06 17:18:58,089 - INFO - [GINSLIB] processing : 2021/07/15 09:38:20 Q=5
2026-01-06 17:18:58,097 - INFO - [GINSLIB] processing : 2021/07/15 09:38:21 Q=5
2026-01-06 17:18:58,102 - INFO - [GINSLIB] processing : 2021/07/15 09:38:22 Q=5
2026-01-06 17:18:58,107 - INFO - [GINSLIB] processing : 2021/07/15 09:38:23 Q=5
2026-01-06 17:18:58,112 - INFO - [GINSLIB] processing : 2021/07/15 09:38:24 Q=5
2026-01-06 17:18:58,116 - INFO - [GINSLIB] processing : 2021/07/15 09:38:25 Q=5
2026-01-06 17:18:58,121 - INFO - [GINSLIB] processing : 2021/07/15 09:38:26 Q=5
2026-01-06 17:18:58,128 - INFO - [GINSLIB] processing : 2021/07/15 09:38:27 Q=5
2026-01-06 17:18:58,133 - INFO - [GINSLIB] processing : 2021/07/15 09:38:28 Q=5
2026-01-06 17:18:58,138 - INFO - [GINSLIB] processing : 2021/07/15 09:38:29 Q=5
2026-01-06 17:18:58,142 - INFO - [GINSLIB] processing : 2021/07/15 09:38:30 Q=5
2026-01-06 17:18:58,147 - INFO - [GINSLIB] processing : 2021/07/15 09:38:31 Q=5
2026-01-06 17:18:58,152 - INFO - [GINSLIB] processing : 2021/07/15 09:38:32 Q=5
2026-01-06 17:18:58,160 - INFO - [GINSLIB] processing : 2021/07/15 09:38:33 Q=5
2026-01-06 17:18:58,165 - INFO - [GINSLIB] processing : 2021/07/15 09:38:34 Q=5
2026-01-06 17:18:58,170 - INFO - [GINSLIB] processing : 2021/07/15 09:38:35 Q=5
2026-01-06 17:18:58,175 - INFO - [GINSLIB] processing : 2021/07/15 09:38:36 Q=5
2026-01-06 17:18:58,180 - INFO - [GINSLIB] processing : 2021/07/15 09:38:37 Q=5
2026-01-06 17:18:58,185 - INFO - [GINSLIB] processing : 2021/07/15 09:38:38 Q=5
2026-01-06 17:18:58,190 - INFO - [GINSLIB] processing : 2021/07/15 09:38:39 Q=5
2026-01-06 17:18:58,199 - INFO - [GINSLIB] processing : 2021/07/15 09:38:40 Q=5
2026-01-06 17:18:58,200 - INFO - [GINSLIB] processing : 2021/07/15 09:38:41 Q=5
2026-01-06 17:18:58,206 - INFO - [GINSLIB] processing : 2021/07/15 09:38:42 Q=5
2026-01-06 17:18:58,212 - INFO - [GINSLIB] processing : 2021/07/15 09:38:43 Q=5
2026-01-06 17:18:58,217 - INFO - [GINSLIB] processing : 2021/07/15 09:38:44 Q=5
2026-01-06 17:18:58,226 - INFO - [GINSLIB] processing : 2021/07/15 09:38:45 Q=5
2026-01-06 17:18:58,227 - INFO - [GINSLIB] processing : 2021/07/15 09:38:46 Q=5
2026-01-06 17:18:58,232 - INFO - [GINSLIB] processing : 2021/07/15 09:38:47 Q=5
2026-01-06 17:18:58,238 - INFO - [GINSLIB] processing : 2021/07/15 09:38:48 Q=5
2026-01-06 17:18:58,243 - INFO - [GINSLIB] processing : 2021/07/15 09:38:49 Q=5
2026-01-06 17:18:58,253 - INFO - [GINSLIB] processing : 2021/07/15 09:38:50 Q=5
2026-01-06 17:18:58,254 - INFO - [GINSLIB] processing : 2021/07/15 09:38:51 Q=5
2026-01-06 17:18:58,259 - INFO - [GINSLIB] processing : 2021/07/15 09:38:52 Q=5
2026-01-06 17:18:58,266 - INFO - [GINSLIB] processing : 2021/07/15 09:38:53 Q=5
2026-01-06 17:18:58,271 - INFO - [GINSLIB] processing : 2021/07/15 09:38:54 Q=5
2026-01-06 17:18:58,276 - INFO - [GINSLIB] processing : 2021/07/15 09:38:55 Q=5
2026-01-06 17:18:58,281 - INFO - [GINSLIB] processing : 2021/07/15 09:38:56 Q=5
2026-01-06 17:18:58,286 - INFO - [GINSLIB] processing : 2021/07/15 09:38:57 Q=5
2026-01-06 17:18:58,291 - INFO - [GINSLIB] processing : 2021/07/15 09:38:58 Q=5
2026-01-06 17:18:58,297 - INFO - [GINSLIB] processing : 2021/07/15 09:38:59 Q=5
2026-01-06 17:18:58,303 - INFO - [GINSLIB] processing : 2021/07/15 09:39:00 Q=5
2026-01-06 17:18:58,307 - INFO - [GINSLIB] processing : 2021/07/15 09:39:01 Q=5
2026-01-06 17:18:58,314 - INFO - [GINSLIB] processing : 2021/07/15 09:39:02 Q=5
2026-01-06 17:18:58,319 - INFO - [GINSLIB] processing : 2021/07/15 09:39:03 Q=5
2026-01-06 17:18:58,324 - INFO - [GINSLIB] processing : 2021/07/15 09:39:04 Q=5
2026-01-06 17:18:58,330 - INFO - [GINSLIB] processing : 2021/07/15 09:39:05 Q=5
2026-01-06 17:18:58,334 - INFO - [GINSLIB] processing : 2021/07/15 09:39:06 Q=5
2026-01-06 17:18:58,339 - INFO - [GINSLIB] processing : 2021/07/15 09:39:07 Q=5
2026-01-06 17:18:58,344 - INFO - [GINSLIB] processing : 2021/07/15 09:39:08 Q=5
2026-01-06 17:18:58,349 - INFO - [GINSLIB] processing : 2021/07/15 09:39:09 Q=5
2026-01-06 17:18:58,354 - INFO - [GINSLIB] processing : 2021/07/15 09:39:10 Q=5
2026-01-06 17:18:58,364 - INFO - [GINSLIB] processing : 2021/07/15 09:39:11 Q=5
2026-01-06 17:18:58,365 - INFO - [GINSLIB] processing : 2021/07/15 09:39:12 Q=5
2026-01-06 17:18:58,370 - INFO - [GINSLIB] processing : 2021/07/15 09:39:13 Q=5
2026-01-06 17:18:58,378 - INFO - [GINSLIB] processing : 2021/07/15 09:39:14 Q=5
2026-01-06 17:18:58,383 - INFO - [GINSLIB] processing : 2021/07/15 09:39:15 Q=5
2026-01-06 17:18:58,394 - INFO - [GINSLIB] processing : 2021/07/15 09:39:16 Q=5
2026-01-06 17:18:58,395 - INFO - [GINSLIB] processing : 2021/07/15 09:39:17 Q=5
2026-01-06 17:18:58,400 - INFO - [GINSLIB] processing : 2021/07/15 09:39:18 Q=5
2026-01-06 17:18:58,407 - INFO - [GINSLIB] processing : 2021/07/15 09:39:19 Q=5
2026-01-06 17:18:58,413 - INFO - [GINSLIB] processing : 2021/07/15 09:39:20 Q=5
2026-01-06 17:18:58,422 - INFO - [GINSLIB] processing : 2021/07/15 09:39:21 Q=5
2026-01-06 17:18:58,424 - INFO - [GINSLIB] processing : 2021/07/15 09:39:22 Q=5
2026-01-06 17:18:58,430 - INFO - [GINSLIB] processing : 2021/07/15 09:39:23 Q=5
2026-01-06 17:18:58,435 - INFO - [GINSLIB] processing : 2021/07/15 09:39:24 Q=5
2026-01-06 17:18:58,443 - INFO - [GINSLIB] processing : 2021/07/15 09:39:25 Q=5
2026-01-06 17:18:58,448 - INFO - [GINSLIB] processing : 2021/07/15 09:39:26 Q=5
2026-01-06 17:18:58,453 - INFO - [GINSLIB] processing : 2021/07/15 09:39:27 Q=5
2026-01-06 17:18:58,461 - INFO - [GINSLIB] processing : 2021/07/15 09:39:28 Q=5
2026-01-06 17:18:58,467 - INFO - [GINSLIB] processing : 2021/07/15 09:39:29 Q=5
2026-01-06 17:18:58,474 - INFO - [GINSLIB] processing : 2021/07/15 09:39:30 Q=5
2026-01-06 17:18:58,479 - INFO - [GINSLIB] processing : 2021/07/15 09:39:31 Q=5
2026-01-06 17:18:58,484 - INFO - [GINSLIB] processing : 2021/07/15 09:39:32 Q=5
2026-01-06 17:18:58,491 - INFO - [GINSLIB] processing : 2021/07/15 09:39:33 Q=5
2026-01-06 17:18:58,496 - INFO - [GINSLIB] processing : 2021/07/15 09:39:34 Q=5
2026-01-06 17:18:58,502 - INFO - [GINSLIB] processing : 2021/07/15 09:39:35 Q=5
2026-01-06 17:18:58,508 - INFO - [GINSLIB] processing : 2021/07/15 09:39:36 Q=5
2026-01-06 17:18:58,517 - INFO - [GINSLIB] processing : 2021/07/15 09:39:37 Q=5
2026-01-06 17:18:58,518 - INFO - [GINSLIB] processing : 2021/07/15 09:39:38 Q=5
2026-01-06 17:18:58,525 - INFO - [GINSLIB] processing : 2021/07/15 09:39:39 Q=5
2026-01-06 17:18:58,530 - INFO - [GINSLIB] processing : 2021/07/15 09:39:40 Q=5
2026-01-06 17:18:58,537 - INFO - [GINSLIB] processing : 2021/07/15 09:39:41 Q=5
2026-01-06 17:18:58,545 - INFO - [GINSLIB] processing : 2021/07/15 09:39:42 Q=5
2026-01-06 17:18:58,546 - INFO - [GINSLIB] processing : 2021/07/15 09:39:43 Q=5
2026-01-06 17:18:58,552 - INFO - [GINSLIB] processing : 2021/07/15 09:39:44 Q=5
2026-01-06 17:18:58,559 - INFO - [GINSLIB] processing : 2021/07/15 09:39:45 Q=5
2026-01-06 17:18:58,564 - INFO - [GINSLIB] processing : 2021/07/15 09:39:46 Q=5
2026-01-06 17:18:58,573 - INFO - [GINSLIB] processing : 2021/07/15 09:39:47 Q=5
2026-01-06 17:18:58,574 - INFO - [GINSLIB] processing : 2021/07/15 09:39:48 Q=5
2026-01-06 17:18:58,579 - INFO - [GINSLIB] processing : 2021/07/15 09:39:49 Q=5
2026-01-06 17:18:58,586 - INFO - [GINSLIB] processing : 2021/07/15 09:39:50 Q=5
2026-01-06 17:18:58,591 - INFO - [GINSLIB] processing : 2021/07/15 09:39:51 Q=5
2026-01-06 17:18:58,601 - INFO - [GINSLIB] processing : 2021/07/15 09:39:52 Q=5
2026-01-06 17:18:58,602 - INFO - [GINSLIB] processing : 2021/07/15 09:39:53 Q=5
2026-01-06 17:18:58,608 - INFO - [GINSLIB] processing : 2021/07/15 09:39:54 Q=5
2026-01-06 17:18:58,613 - INFO - [GINSLIB] processing : 2021/07/15 09:39:55 Q=5
2026-01-06 17:18:58,619 - INFO - [GINSLIB] processing : 2021/07/15 09:39:56 Q=5
2026-01-06 17:18:58,624 - INFO - [GINSLIB] processing : 2021/07/15 09:39:57 Q=5
2026-01-06 17:18:58,628 - INFO - [GINSLIB] processing : 2021/07/15 09:39:58 Q=5
2026-01-06 17:18:58,634 - INFO - [GINSLIB] processing : 2021/07/15 09:39:59 Q=5
2026-01-06 17:18:58,639 - INFO - [GINSLIB] processing : 2021/07/15 09:40:00 Q=5
2026-01-06 17:18:58,644 - INFO - [GINSLIB] processing : 2021/07/15 09:40:01 Q=5
2026-01-06 17:18:58,649 - INFO - [GINSLIB] processing : 2021/07/15 09:40:02 Q=5
2026-01-06 17:18:58,655 - INFO - [GINSLIB] processing : 2021/07/15 09:40:03 Q=5
2026-01-06 17:18:58,661 - INFO - [GINSLIB] processing : 2021/07/15 09:40:04 Q=5
2026-01-06 17:18:58,667 - INFO - [GINSLIB] processing : 2021/07/15 09:40:05 Q=5
2026-01-06 17:18:58,671 - INFO - [GINSLIB] processing : 2021/07/15 09:40:06 Q=5
2026-01-06 17:18:58,677 - INFO - [GINSLIB] processing : 2021/07/15 09:40:07 Q=5
2026-01-06 17:18:58,686 - INFO - [GINSLIB] processing : 2021/07/15 09:40:08 Q=5
2026-01-06 17:18:58,687 - INFO - [GINSLIB] processing : 2021/07/15 09:40:09 Q=5
2026-01-06 17:18:58,693 - INFO - [GINSLIB] processing : 2021/07/15 09:40:10 Q=5
2026-01-06 17:18:58,698 - INFO - [GINSLIB] processing : 2021/07/15 09:40:11 Q=5
2026-01-06 17:18:58,704 - INFO - [GINSLIB] processing : 2021/07/15 09:40:12 Q=5
2026-01-06 17:18:58,713 - INFO - [GINSLIB] processing : 2021/07/15 09:40:13 Q=5
2026-01-06 17:18:58,714 - INFO - [GINSLIB] processing : 2021/07/15 09:40:14 Q=5
2026-01-06 17:18:58,718 - INFO - [GINSLIB] processing : 2021/07/15 09:40:15 Q=5
2026-01-06 17:18:58,722 - INFO - [GINSLIB] processing : 2021/07/15 09:40:16 Q=5
2026-01-06 17:18:58,727 - INFO - [GINSLIB] processing : 2021/07/15 09:40:17 Q=5
2026-01-06 17:18:58,736 - INFO - [GINSLIB] processing : 2021/07/15 09:40:18 Q=5
2026-01-06 17:18:58,737 - INFO - [GINSLIB] processing : 2021/07/15 09:40:19 Q=5
2026-01-06 17:18:58,742 - INFO - [GINSLIB] processing : 2021/07/15 09:40:20 Q=5
2026-01-06 17:18:58,746 - INFO - [GINSLIB] processing : 2021/07/15 09:40:21 Q=5
2026-01-06 17:18:58,751 - INFO - [GINSLIB] processing : 2021/07/15 09:40:22 Q=5
2026-01-06 17:18:58,756 - INFO - [GINSLIB] processing : 2021/07/15 09:40:23 Q=5
2026-01-06 17:18:58,761 - INFO - [GINSLIB] processing : 2021/07/15 09:40:24 Q=5
2026-01-06 17:18:58,769 - INFO - [GINSLIB] processing : 2021/07/15 09:40:25 Q=5
2026-01-06 17:18:58,775 - INFO - [GINSLIB] processing : 2021/07/15 09:40:26 Q=5
2026-01-06 17:18:58,779 - INFO - [GINSLIB] processing : 2021/07/15 09:40:27 Q=5
2026-01-06 17:18:58,783 - INFO - [GINSLIB] processing : 2021/07/15 09:40:28 Q=5
2026-01-06 17:18:58,787 - INFO - [GINSLIB] processing : 2021/07/15 09:40:29 Q=5
2026-01-06 17:18:58,793 - INFO - [GINSLIB] processing : 2021/07/15 09:40:30 Q=5
2026-01-06 17:18:58,799 - INFO - [GINSLIB] processing : 2021/07/15 09:40:31 Q=5
2026-01-06 17:18:58,803 - INFO - [GINSLIB] processing : 2021/07/15 09:40:32 Q=5
2026-01-06 17:18:58,808 - INFO - [GINSLIB] processing : 2021/07/15 09:40:33 Q=5
2026-01-06 17:18:58,811 - INFO - [GINSLIB] processing : 2021/07/15 09:40:34 Q=5
2026-01-06 17:18:58,815 - INFO - [GINSLIB] processing : 2021/07/15 09:40:35 Q=5
2026-01-06 17:18:58,820 - INFO - [GINSLIB] processing : 2021/07/15 09:40:36 Q=5
2026-01-06 17:18:58,825 - INFO - [GINSLIB] processing : 2021/07/15 09:40:37 Q=5
2026-01-06 17:18:58,829 - INFO - [GINSLIB] processing : 2021/07/15 09:40:38 Q=5
2026-01-06 17:18:58,836 - INFO - [GINSLIB] processing : 2021/07/15 09:40:39 Q=5
2026-01-06 17:18:58,838 - INFO - [GINSLIB] processing : 2021/07/15 09:40:40 Q=5
2026-01-06 17:18:58,842 - INFO - [GINSLIB] processing : 2021/07/15 09:40:41 Q=5
2026-01-06 17:18:58,846 - INFO - [GINSLIB] processing : 2021/07/15 09:40:42 Q=5
2026-01-06 17:18:58,851 - INFO - [GINSLIB] processing : 2021/07/15 09:40:43 Q=5
2026-01-06 17:18:58,859 - INFO - [GINSLIB] processing : 2021/07/15 09:40:44 Q=5
2026-01-06 17:18:58,860 - INFO - [GINSLIB] processing : 2021/07/15 09:40:45 Q=5
2026-01-06 17:18:58,866 - INFO - [GINSLIB] processing : 2021/07/15 09:40:46 Q=5
2026-01-06 17:18:58,870 - INFO - [GINSLIB] processing : 2021/07/15 09:40:47 Q=5
2026-01-06 17:18:58,875 - INFO - [GINSLIB] processing : 2021/07/15 09:40:48 Q=5
2026-01-06 17:18:58,882 - INFO - [GINSLIB] processing : 2021/07/15 09:40:49 Q=5
2026-01-06 17:18:58,883 - INFO - [GINSLIB] processing : 2021/07/15 09:40:50 Q=5
2026-01-06 17:18:58,888 - INFO - [GINSLIB] processing : 2021/07/15 09:40:51 Q=5
2026-01-06 17:18:58,893 - INFO - [GINSLIB] processing : 2021/07/15 09:40:52 Q=5
2026-01-06 17:18:58,898 - INFO - [GINSLIB] processing : 2021/07/15 09:40:53 Q=5
2026-01-06 17:18:58,903 - INFO - [GINSLIB] processing : 2021/07/15 09:40:54 Q=5
2026-01-06 17:18:58,907 - INFO - [GINSLIB] processing : 2021/07/15 09:40:55 Q=5
2026-01-06 17:18:58,912 - INFO - [GINSLIB] processing : 2021/07/15 09:40:56 Q=5
2026-01-06 17:18:58,917 - INFO - [GINSLIB] processing : 2021/07/15 09:40:57 Q=5
2026-01-06 17:18:58,922 - INFO - [GINSLIB] processing : 2021/07/15 09:40:58 Q=5
2026-01-06 17:18:58,927 - INFO - [GINSLIB] processing : 2021/07/15 09:40:59 Q=5
2026-01-06 17:18:58,932 - INFO - [GINSLIB] processing : 2021/07/15 09:41:00 Q=5
2026-01-06 17:18:58,937 - INFO - [GINSLIB] processing : 2021/07/15 09:41:01 Q=5
2026-01-06 17:18:58,941 - INFO - [GINSLIB] processing : 2021/07/15 09:41:02 Q=5
2026-01-06 17:18:58,946 - INFO - [GINSLIB] processing : 2021/07/15 09:41:03 Q=5
2026-01-06 17:18:58,951 - INFO - [GINSLIB] processing : 2021/07/15 09:41:04 Q=5
2026-01-06 17:18:58,955 - INFO - [GINSLIB] processing : 2021/07/15 09:41:05 Q=5
2026-01-06 17:18:58,961 - INFO - [GINSLIB] processing : 2021/07/15 09:41:06 Q=5
2026-01-06 17:18:58,966 - INFO - [GINSLIB] processing : 2021/07/15 09:41:07 Q=5
2026-01-06 17:18:58,971 - INFO - [GINSLIB] processing : 2021/07/15 09:41:08 Q=5
2026-01-06 17:18:58,977 - INFO - [GINSLIB] processing : 2021/07/15 09:41:09 Q=5
2026-01-06 17:18:58,986 - INFO - [GINSLIB] processing : 2021/07/15 09:41:10 Q=5
2026-01-06 17:18:58,987 - INFO - [GINSLIB] processing : 2021/07/15 09:41:11 Q=5
2026-01-06 17:18:58,994 - INFO - [GINSLIB] processing : 2021/07/15 09:41:12 Q=5
2026-01-06 17:18:59,000 - INFO - [GINSLIB] processing : 2021/07/15 09:41:13 Q=5
2026-01-06 17:18:59,006 - INFO - [GINSLIB] processing : 2021/07/15 09:41:14 Q=5
2026-01-06 17:18:59,016 - INFO - [GINSLIB] processing : 2021/07/15 09:41:15 Q=5
2026-01-06 17:18:59,017 - INFO - [GINSLIB] processing : 2021/07/15 09:41:16 Q=5
2026-01-06 17:18:59,023 - INFO - [GINSLIB] processing : 2021/07/15 09:41:17 Q=5
2026-01-06 17:18:59,029 - INFO - [GINSLIB] processing : 2021/07/15 09:41:18 Q=5
2026-01-06 17:18:59,035 - INFO - [GINSLIB] processing : 2021/07/15 09:41:19 Q=5
2026-01-06 17:18:59,045 - INFO - [GINSLIB] processing : 2021/07/15 09:41:20 Q=5
2026-01-06 17:18:59,046 - INFO - [GINSLIB] processing : 2021/07/15 09:41:21 Q=5
2026-01-06 17:18:59,052 - INFO - [GINSLIB] processing : 2021/07/15 09:41:22 Q=5
2026-01-06 17:18:59,058 - INFO - [GINSLIB] processing : 2021/07/15 09:41:23 Q=5
2026-01-06 17:18:59,064 - INFO - [GINSLIB] processing : 2021/07/15 09:41:24 Q=5
2026-01-06 17:18:59,070 - INFO - [GINSLIB] processing : 2021/07/15 09:41:25 Q=5
2026-01-06 17:18:59,075 - INFO - [GINSLIB] processing : 2021/07/15 09:41:26 Q=5
2026-01-06 17:18:59,079 - INFO - [GINSLIB] processing : 2021/07/15 09:41:27 Q=5
2026-01-06 17:18:59,085 - INFO - [GINSLIB] processing : 2021/07/15 09:41:28 Q=5
2026-01-06 17:18:59,091 - INFO - [GINSLIB] processing : 2021/07/15 09:41:29 Q=5
2026-01-06 17:18:59,097 - INFO - [GINSLIB] processing : 2021/07/15 09:41:30 Q=5
2026-01-06 17:18:59,102 - INFO - [GINSLIB] processing : 2021/07/15 09:41:31 Q=5
2026-01-06 17:18:59,107 - INFO - [GINSLIB] processing : 2021/07/15 09:41:32 Q=5
2026-01-06 17:18:59,111 - INFO - [GINSLIB] processing : 2021/07/15 09:41:33 Q=5
2026-01-06 17:18:59,117 - INFO - [GINSLIB] processing : 2021/07/15 09:41:34 Q=5
2026-01-06 17:18:59,121 - INFO - [GINSLIB] processing : 2021/07/15 09:41:35 Q=5
2026-01-06 17:18:59,125 - INFO - [GINSLIB] processing : 2021/07/15 09:41:36 Q=5
2026-01-06 17:18:59,131 - INFO - [GINSLIB] processing : 2021/07/15 09:41:37 Q=5
2026-01-06 17:18:59,137 - INFO - [GINSLIB] processing : 2021/07/15 09:41:38 Q=5
2026-01-06 17:18:59,142 - INFO - [GINSLIB] processing : 2021/07/15 09:41:39 Q=5
2026-01-06 17:18:59,148 - INFO - [GINSLIB] processing : 2021/07/15 09:41:40 Q=5
2026-01-06 17:18:59,156 - INFO - [GINSLIB] processing : 2021/07/15 09:41:41 Q=5
2026-01-06 17:18:59,157 - INFO - [GINSLIB] processing : 2021/07/15 09:41:42 Q=5
2026-01-06 17:18:59,163 - INFO - [GINSLIB] processing : 2021/07/15 09:41:43 Q=5
2026-01-06 17:18:59,169 - INFO - [GINSLIB] processing : 2021/07/15 09:41:44 Q=5
2026-01-06 17:18:59,174 - INFO - [GINSLIB] processing : 2021/07/15 09:41:45 Q=5
2026-01-06 17:18:59,184 - INFO - [GINSLIB] processing : 2021/07/15 09:41:46 Q=5
2026-01-06 17:18:59,185 - INFO - [GINSLIB] processing : 2021/07/15 09:41:47 Q=5
2026-01-06 17:18:59,190 - INFO - [GINSLIB] processing : 2021/07/15 09:41:48 Q=5
2026-01-06 17:18:59,197 - INFO - [GINSLIB] processing : 2021/07/15 09:41:49 Q=5
2026-01-06 17:18:59,202 - INFO - [GINSLIB] processing : 2021/07/15 09:41:50 Q=5
2026-01-06 17:18:59,211 - INFO - [GINSLIB] processing : 2021/07/15 09:41:51 Q=5
2026-01-06 17:18:59,212 - INFO - [GINSLIB] processing : 2021/07/15 09:41:52 Q=5
2026-01-06 17:18:59,218 - INFO - [GINSLIB] processing : 2021/07/15 09:41:53 Q=5
2026-01-06 17:18:59,224 - INFO - [GINSLIB] processing : 2021/07/15 09:41:54 Q=5
2026-01-06 17:18:59,230 - INFO - [GINSLIB] processing : 2021/07/15 09:41:55 Q=5
2026-01-06 17:18:59,235 - INFO - [GINSLIB] processing : 2021/07/15 09:41:56 Q=5
2026-01-06 17:18:59,240 - INFO - [GINSLIB] processing : 2021/07/15 09:41:57 Q=5
2026-01-06 17:18:59,246 - INFO - [GINSLIB] processing : 2021/07/15 09:41:58 Q=5
2026-01-06 17:18:59,251 - INFO - [GINSLIB] processing : 2021/07/15 09:41:59 Q=5
2026-01-06 17:18:59,257 - INFO - [GINSLIB] processing : 2021/07/15 09:42:00 Q=5
2026-01-06 17:18:59,262 - INFO - [GINSLIB] processing : 2021/07/15 09:42:01 Q=5
2026-01-06 17:18:59,267 - INFO - [GINSLIB] processing : 2021/07/15 09:42:02 Q=5
2026-01-06 17:18:59,274 - INFO - [GINSLIB] processing : 2021/07/15 09:42:03 Q=5
2026-01-06 17:18:59,279 - INFO - [GINSLIB] processing : 2021/07/15 09:42:04 Q=5
2026-01-06 17:18:59,285 - INFO - [GINSLIB] processing : 2021/07/15 09:42:05 Q=5
2026-01-06 17:18:59,291 - INFO - [GINSLIB] processing : 2021/07/15 09:42:06 Q=5
2026-01-06 17:18:59,295 - INFO - [GINSLIB] processing : 2021/07/15 09:42:07 Q=5
2026-01-06 17:18:59,301 - INFO - [GINSLIB] processing : 2021/07/15 09:42:08 Q=5
2026-01-06 17:18:59,306 - INFO - [GINSLIB] processing : 2021/07/15 09:42:09 Q=5
2026-01-06 17:18:59,312 - INFO - [GINSLIB] processing : 2021/07/15 09:42:10 Q=5
2026-01-06 17:18:59,318 - INFO - [GINSLIB] processing : 2021/07/15 09:42:11 Q=5
2026-01-06 17:18:59,327 - INFO - [GINSLIB] processing : 2021/07/15 09:42:12 Q=5
2026-01-06 17:18:59,328 - INFO - [GINSLIB] processing : 2021/07/15 09:42:13 Q=5
2026-01-06 17:18:59,334 - INFO - [GINSLIB] processing : 2021/07/15 09:42:14 Q=5
2026-01-06 17:18:59,339 - INFO - [GINSLIB] processing : 2021/07/15 09:42:15 Q=5
2026-01-06 17:18:59,345 - INFO - [GINSLIB] processing : 2021/07/15 09:42:16 Q=5
2026-01-06 17:18:59,355 - INFO - [GINSLIB] processing : 2021/07/15 09:42:17 Q=5
2026-01-06 17:18:59,356 - INFO - [GINSLIB] processing : 2021/07/15 09:42:18 Q=5
2026-01-06 17:18:59,362 - INFO - [GINSLIB] processing : 2021/07/15 09:42:19 Q=5
2026-01-06 17:18:59,368 - INFO - [GINSLIB] processing : 2021/07/15 09:42:20 Q=5
2026-01-06 17:18:59,373 - INFO - [GINSLIB] processing : 2021/07/15 09:42:21 Q=5
2026-01-06 17:18:59,384 - INFO - [GINSLIB] processing : 2021/07/15 09:42:22 Q=5
2026-01-06 17:18:59,385 - INFO - [GINSLIB] processing : 2021/07/15 09:42:23 Q=5
2026-01-06 17:18:59,391 - INFO - [GINSLIB] processing : 2021/07/15 09:42:24 Q=5
2026-01-06 17:18:59,397 - INFO - [GINSLIB] processing : 2021/07/15 09:42:25 Q=5
2026-01-06 17:18:59,403 - INFO - [GINSLIB] processing : 2021/07/15 09:42:26 Q=5
2026-01-06 17:18:59,410 - INFO - [GINSLIB] processing : 2021/07/15 09:42:27 Q=5
2026-01-06 17:18:59,415 - INFO - [GINSLIB] processing : 2021/07/15 09:42:28 Q=5
2026-01-06 17:18:59,421 - INFO - [GINSLIB] processing : 2021/07/15 09:42:29 Q=5
2026-01-06 17:18:59,428 - INFO - [GINSLIB] processing : 2021/07/15 09:42:30 Q=5
2026-01-06 17:18:59,434 - INFO - [GINSLIB] processing : 2021/07/15 09:42:31 Q=5
2026-01-06 17:18:59,443 - INFO - [GINSLIB] processing : 2021/07/15 09:42:32 Q=5
2026-01-06 17:18:59,450 - INFO - [GINSLIB] processing : 2021/07/15 09:42:33 Q=5
2026-01-06 17:18:59,458 - INFO - [GINSLIB] processing : 2021/07/15 09:42:34 Q=5
2026-01-06 17:18:59,463 - INFO - [GINSLIB] processing : 2021/07/15 09:42:35 Q=5
2026-01-06 17:18:59,470 - INFO - [GINSLIB] processing : 2021/07/15 09:42:36 Q=5
2026-01-06 17:18:59,477 - INFO - [GINSLIB] processing : 2021/07/15 09:42:37 Q=5
2026-01-06 17:18:59,487 - INFO - [GINSLIB] processing : 2021/07/15 09:42:38 Q=5
2026-01-06 17:18:59,488 - INFO - [GINSLIB] processing : 2021/07/15 09:42:39 Q=5
2026-01-06 17:18:59,494 - INFO - [GINSLIB] processing : 2021/07/15 09:42:40 Q=5
2026-01-06 17:18:59,503 - INFO - [GINSLIB] processing : 2021/07/15 09:42:41 Q=5
2026-01-06 17:18:59,509 - INFO - [GINSLIB] processing : 2021/07/15 09:42:42 Q=5
2026-01-06 17:18:59,520 - INFO - [GINSLIB] processing : 2021/07/15 09:42:43 Q=5
2026-01-06 17:18:59,521 - INFO - [GINSLIB] processing : 2021/07/15 09:42:44 Q=5
2026-01-06 17:18:59,528 - INFO - [GINSLIB] processing : 2021/07/15 09:42:45 Q=5
2026-01-06 17:18:59,535 - INFO - [GINSLIB] processing : 2021/07/15 09:42:46 Q=5
2026-01-06 17:18:59,541 - INFO - [GINSLIB] processing : 2021/07/15 09:42:47 Q=5
2026-01-06 17:18:59,553 - INFO - [GINSLIB] processing : 2021/07/15 09:42:48 Q=5
2026-01-06 17:18:59,554 - INFO - [GINSLIB] processing : 2021/07/15 09:42:49 Q=5
2026-01-06 17:18:59,560 - INFO - [GINSLIB] processing : 2021/07/15 09:42:50 Q=5
2026-01-06 17:18:59,569 - INFO - [GINSLIB] processing : 2021/07/15 09:42:51 Q=5
2026-01-06 17:18:59,575 - INFO - [GINSLIB] processing : 2021/07/15 09:42:52 Q=5
2026-01-06 17:18:59,586 - INFO - [GINSLIB] processing : 2021/07/15 09:42:53 Q=5
2026-01-06 17:18:59,587 - INFO - [GINSLIB] processing : 2021/07/15 09:42:54 Q=5
2026-01-06 17:18:59,594 - INFO - [GINSLIB] processing : 2021/07/15 09:42:55 Q=5
2026-01-06 17:18:59,601 - INFO - [GINSLIB] processing : 2021/07/15 09:42:56 Q=5
2026-01-06 17:18:59,609 - INFO - [GINSLIB] processing : 2021/07/15 09:42:57 Q=5
2026-01-06 17:18:59,617 - INFO - [GINSLIB] processing : 2021/07/15 09:42:58 Q=5
2026-01-06 17:18:59,623 - INFO - [GINSLIB] processing : 2021/07/15 09:42:59 Q=5
2026-01-06 17:18:59,632 - INFO - [GINSLIB] processing : 2021/07/15 09:43:00 Q=5
2026-01-06 17:18:59,639 - INFO - [GINSLIB] processing : 2021/07/15 09:43:01 Q=5
2026-01-06 17:18:59,648 - INFO - [GINSLIB] processing : 2021/07/15 09:43:02 Q=5
2026-01-06 17:18:59,657 - INFO - [GINSLIB] processing : 2021/07/15 09:43:03 Q=5
2026-01-06 17:18:59,666 - INFO - [GINSLIB] processing : 2021/07/15 09:43:04 Q=5
2026-01-06 17:18:59,677 - INFO - [GINSLIB] processing : 2021/07/15 09:43:05 Q=5
2026-01-06 17:18:59,686 - INFO - [GINSLIB] processing : 2021/07/15 09:43:06 Q=5
2026-01-06 17:18:59,699 - INFO - [GINSLIB] processing : 2021/07/15 09:43:07 Q=5
2026-01-06 17:18:59,708 - INFO - [GINSLIB] processing : 2021/07/15 09:43:08 Q=5
2026-01-06 17:18:59,721 - INFO - [GINSLIB] processing : 2021/07/15 09:43:09 Q=5
2026-01-06 17:18:59,722 - INFO - [GINSLIB] processing : 2021/07/15 09:43:10 Q=5
2026-01-06 17:18:59,729 - INFO - [GINSLIB] processing : 2021/07/15 09:43:11 Q=5
2026-01-06 17:18:59,736 - INFO - [GINSLIB] processing : 2021/07/15 09:43:12 Q=5
2026-01-06 17:18:59,742 - INFO - [GINSLIB] processing : 2021/07/15 09:43:13 Q=5
2026-01-06 17:18:59,753 - INFO - [GINSLIB] processing : 2021/07/15 09:43:14 Q=5
2026-01-06 17:18:59,754 - INFO - [GINSLIB] processing : 2021/07/15 09:43:15 Q=5
2026-01-06 17:18:59,760 - INFO - [GINSLIB] processing : 2021/07/15 09:43:16 Q=5
2026-01-06 17:18:59,768 - INFO - [GINSLIB] processing : 2021/07/15 09:43:17 Q=5
2026-01-06 17:18:59,774 - INFO - [GINSLIB] processing : 2021/07/15 09:43:18 Q=5
2026-01-06 17:18:59,785 - INFO - [GINSLIB] processing : 2021/07/15 09:43:19 Q=5
2026-01-06 17:18:59,786 - INFO - [GINSLIB] processing : 2021/07/15 09:43:20 Q=5
2026-01-06 17:18:59,793 - INFO - [GINSLIB] processing : 2021/07/15 09:43:21 Q=5
2026-01-06 17:18:59,800 - INFO - [GINSLIB] processing : 2021/07/15 09:43:22 Q=5
2026-01-06 17:18:59,806 - INFO - [GINSLIB] processing : 2021/07/15 09:43:23 Q=5
2026-01-06 17:18:59,813 - INFO - [GINSLIB] processing : 2021/07/15 09:43:24 Q=5
2026-01-06 17:18:59,818 - INFO - [GINSLIB] processing : 2021/07/15 09:43:25 Q=5
2026-01-06 17:18:59,824 - INFO - [GINSLIB] processing : 2021/07/15 09:43:26 Q=5
2026-01-06 17:18:59,832 - INFO - [GINSLIB] processing : 2021/07/15 09:43:27 Q=5
2026-01-06 17:18:59,838 - INFO - [GINSLIB] processing : 2021/07/15 09:43:28 Q=5
2026-01-06 17:18:59,845 - INFO - [GINSLIB] processing : 2021/07/15 09:43:29 Q=5
2026-01-06 17:18:59,850 - INFO - [GINSLIB] processing : 2021/07/15 09:43:30 Q=5
2026-01-06 17:18:59,855 - INFO - [GINSLIB] processing : 2021/07/15 09:43:31 Q=5
2026-01-06 17:18:59,862 - INFO - [GINSLIB] processing : 2021/07/15 09:43:32 Q=5
2026-01-06 17:18:59,868 - INFO - [GINSLIB] processing : 2021/07/15 09:43:33 Q=5
2026-01-06 17:18:59,874 - INFO - [GINSLIB] processing : 2021/07/15 09:43:34 Q=5
2026-01-06 17:18:59,878 - INFO - [GINSLIB] processing : 2021/07/15 09:43:35 Q=5
2026-01-06 17:18:59,883 - INFO - [GINSLIB] processing : 2021/07/15 09:43:36 Q=5
2026-01-06 17:18:59,890 - INFO - [GINSLIB] processing : 2021/07/15 09:43:37 Q=5
2026-01-06 17:18:59,896 - INFO - [GINSLIB] processing : 2021/07/15 09:43:38 Q=5
2026-01-06 17:18:59,901 - INFO - [GINSLIB] processing : 2021/07/15 09:43:39 Q=5
2026-01-06 17:18:59,909 - INFO - [GINSLIB] processing : 2021/07/15 09:43:40 Q=5
2026-01-06 17:18:59,910 - INFO - [GINSLIB] processing : 2021/07/15 09:43:41 Q=5
2026-01-06 17:18:59,915 - INFO - [GINSLIB] processing : 2021/07/15 09:43:42 Q=5
2026-01-06 17:18:59,922 - INFO - [GINSLIB] processing : 2021/07/15 09:43:43 Q=5
2026-01-06 17:18:59,929 - INFO - [GINSLIB] processing : 2021/07/15 09:43:44 Q=5
2026-01-06 17:18:59,939 - INFO - [GINSLIB] processing : 2021/07/15 09:43:45 Q=5
2026-01-06 17:18:59,941 - INFO - [GINSLIB] processing : 2021/07/15 09:43:46 Q=5
2026-01-06 17:18:59,946 - INFO - [GINSLIB] processing : 2021/07/15 09:43:47 Q=5
2026-01-06 17:18:59,953 - INFO - [GINSLIB] processing : 2021/07/15 09:43:48 Q=5
2026-01-06 17:18:59,959 - INFO - [GINSLIB] processing : 2021/07/15 09:43:49 Q=5
2026-01-06 17:18:59,971 - INFO - [GINSLIB] processing : 2021/07/15 09:43:50 Q=5
2026-01-06 17:18:59,973 - INFO - [GINSLIB] processing : 2021/07/15 09:43:51 Q=5
2026-01-06 17:18:59,978 - INFO - [GINSLIB] processing : 2021/07/15 09:43:52 Q=5
2026-01-06 17:18:59,985 - INFO - [GINSLIB] processing : 2021/07/15 09:43:53 Q=5
2026-01-06 17:18:59,992 - INFO - [GINSLIB] processing : 2021/07/15 09:43:54 Q=5
2026-01-06 17:18:59,998 - INFO - [GINSLIB] processing : 2021/07/15 09:43:55 Q=5
2026-01-06 17:19:00,004 - INFO - [GINSLIB] processing : 2021/07/15 09:43:56 Q=5
2026-01-06 17:19:00,009 - INFO - [GINSLIB] processing : 2021/07/15 09:43:57 Q=5
2026-01-06 17:19:00,016 - INFO - [GINSLIB] processing : 2021/07/15 09:43:58 Q=5
2026-01-06 17:19:00,021 - INFO - [GINSLIB] processing : 2021/07/15 09:43:59 Q=5
2026-01-06 17:19:00,028 - INFO - [GINSLIB] processing : 2021/07/15 09:44:00 Q=5
2026-01-06 17:19:00,034 - INFO - [GINSLIB] processing : 2021/07/15 09:44:01 Q=5
2026-01-06 17:19:00,040 - INFO - [GINSLIB] processing : 2021/07/15 09:44:02 Q=5
2026-01-06 17:19:00,046 - INFO - [GINSLIB] processing : 2021/07/15 09:44:03 Q=5
2026-01-06 17:19:00,052 - INFO - [GINSLIB] processing : 2021/07/15 09:44:04 Q=5
2026-01-06 17:19:00,058 - INFO - [GINSLIB] processing : 2021/07/15 09:44:05 Q=5
2026-01-06 17:19:00,064 - INFO - [GINSLIB] processing : 2021/07/15 09:44:06 Q=5
2026-01-06 17:19:00,070 - INFO - [GINSLIB] processing : 2021/07/15 09:44:07 Q=5
2026-01-06 17:19:00,076 - INFO - [GINSLIB] processing : 2021/07/15 09:44:08 Q=5
2026-01-06 17:19:00,081 - INFO - [GINSLIB] processing : 2021/07/15 09:44:09 Q=5
2026-01-06 17:19:00,086 - INFO - [GINSLIB] processing : 2021/07/15 09:44:10 Q=5
2026-01-06 17:19:00,097 - INFO - [GINSLIB] processing : 2021/07/15 09:44:11 Q=5
2026-01-06 17:19:00,099 - INFO - [GINSLIB] processing : 2021/07/15 09:44:12 Q=5
2026-01-06 17:19:00,105 - INFO - [GINSLIB] processing : 2021/07/15 09:44:13 Q=5
2026-01-06 17:19:00,112 - INFO - [GINSLIB] processing : 2021/07/15 09:44:14 Q=5
2026-01-06 17:19:00,117 - INFO - [GINSLIB] processing : 2021/07/15 09:44:15 Q=5
2026-01-06 17:19:00,127 - INFO - [GINSLIB] processing : 2021/07/15 09:44:16 Q=5
2026-01-06 17:19:00,128 - INFO - [GINSLIB] processing : 2021/07/15 09:44:17 Q=5
2026-01-06 17:19:00,135 - INFO - [GINSLIB] processing : 2021/07/15 09:44:18 Q=5
2026-01-06 17:19:00,141 - INFO - [GINSLIB] processing : 2021/07/15 09:44:19 Q=5
2026-01-06 17:19:00,148 - INFO - [GINSLIB] processing : 2021/07/15 09:44:20 Q=5
2026-01-06 17:19:00,157 - INFO - [GINSLIB] processing : 2021/07/15 09:44:21 Q=5
2026-01-06 17:19:00,159 - INFO - [GINSLIB] processing : 2021/07/15 09:44:22 Q=5
2026-01-06 17:19:00,165 - INFO - [GINSLIB] processing : 2021/07/15 09:44:23 Q=5
2026-01-06 17:19:00,173 - INFO - [GINSLIB] processing : 2021/07/15 09:44:24 Q=5
2026-01-06 17:19:00,180 - INFO - [GINSLIB] processing : 2021/07/15 09:44:25 Q=5
2026-01-06 17:19:00,187 - INFO - [GINSLIB] processing : 2021/07/15 09:44:26 Q=5
2026-01-06 17:19:00,192 - INFO - [GINSLIB] processing : 2021/07/15 09:44:27 Q=5
2026-01-06 17:19:00,200 - INFO - [GINSLIB] processing : 2021/07/15 09:44:28 Q=5
2026-01-06 17:19:00,208 - INFO - [GINSLIB] processing : 2021/07/15 09:44:29 Q=5
2026-01-06 17:19:00,213 - INFO - [GINSLIB] processing : 2021/07/15 09:44:30 Q=5
2026-01-06 17:19:00,218 - INFO - [GINSLIB] processing : 2021/07/15 09:44:31 Q=5
2026-01-06 17:19:00,222 - INFO - [GINSLIB] processing : 2021/07/15 09:44:32 Q=5
2026-01-06 17:19:00,229 - INFO - [GINSLIB] processing : 2021/07/15 09:44:33 Q=5
2026-01-06 17:19:00,237 - INFO - [GINSLIB] processing : 2021/07/15 09:44:34 Q=5
2026-01-06 17:19:00,243 - INFO - [GINSLIB] processing : 2021/07/15 09:44:35 Q=5
2026-01-06 17:19:00,249 - INFO - [GINSLIB] processing : 2021/07/15 09:44:36 Q=5
2026-01-06 17:19:00,254 - INFO - [GINSLIB] processing : 2021/07/15 09:44:37 Q=5
2026-01-06 17:19:00,262 - INFO - [GINSLIB] processing : 2021/07/15 09:44:38 Q=5
2026-01-06 17:19:00,270 - INFO - [GINSLIB] processing : 2021/07/15 09:44:39 Q=5
2026-01-06 17:19:00,276 - INFO - [GINSLIB] processing : 2021/07/15 09:44:40 Q=5
2026-01-06 17:19:00,282 - INFO - [GINSLIB] processing : 2021/07/15 09:44:41 Q=5
2026-01-06 17:19:00,293 - INFO - [GINSLIB] processing : 2021/07/15 09:44:42 Q=5
2026-01-06 17:19:00,294 - INFO - [GINSLIB] processing : 2021/07/15 09:44:43 Q=5
2026-01-06 17:19:00,301 - INFO - [GINSLIB] processing : 2021/07/15 09:44:44 Q=5
2026-01-06 17:19:00,307 - INFO - [GINSLIB] processing : 2021/07/15 09:44:45 Q=5
2026-01-06 17:19:00,313 - INFO - [GINSLIB] processing : 2021/07/15 09:44:46 Q=5
2026-01-06 17:19:00,324 - INFO - [GINSLIB] processing : 2021/07/15 09:44:47 Q=5
2026-01-06 17:19:00,325 - INFO - [GINSLIB] processing : 2021/07/15 09:44:48 Q=5
2026-01-06 17:19:00,333 - INFO - [GINSLIB] processing : 2021/07/15 09:44:49 Q=5
2026-01-06 17:19:00,339 - INFO - [GINSLIB] processing : 2021/07/15 09:44:50 Q=5
2026-01-06 17:19:00,345 - INFO - [GINSLIB] processing : 2021/07/15 09:44:51 Q=5
2026-01-06 17:19:00,355 - INFO - [GINSLIB] processing : 2021/07/15 09:44:52 Q=5
2026-01-06 17:19:00,356 - INFO - [GINSLIB] processing : 2021/07/15 09:44:53 Q=5
2026-01-06 17:19:00,364 - INFO - [GINSLIB] processing : 2021/07/15 09:44:54 Q=5
2026-01-06 17:19:00,371 - INFO - [GINSLIB] processing : 2021/07/15 09:44:55 Q=5
2026-01-06 17:19:00,379 - INFO - [GINSLIB] processing : 2021/07/15 09:44:56 Q=5
2026-01-06 17:19:00,385 - INFO - [GINSLIB] processing : 2021/07/15 09:44:57 Q=5
2026-01-06 17:19:00,389 - INFO - [GINSLIB] processing : 2021/07/15 09:44:58 Q=5
2026-01-06 17:19:00,396 - INFO - [GINSLIB] processing : 2021/07/15 09:44:59 Q=5
2026-01-06 17:19:00,401 - INFO - [GINSLIB] processing : 2021/07/15 09:45:00 Q=5
2026-01-06 17:19:00,407 - INFO - [GINSLIB] processing : 2021/07/15 09:45:01 Q=5
2026-01-06 17:19:00,414 - INFO - [GINSLIB] processing : 2021/07/15 09:45:02 Q=5
2026-01-06 17:19:00,419 - INFO - [GINSLIB] processing : 2021/07/15 09:45:03 Q=5
2026-01-06 17:19:00,425 - INFO - [GINSLIB] processing : 2021/07/15 09:45:04 Q=5
2026-01-06 17:19:00,431 - INFO - [GINSLIB] processing : 2021/07/15 09:45:05 Q=5
2026-01-06 17:19:00,438 - INFO - [GINSLIB] processing : 2021/07/15 09:45:06 Q=5
2026-01-06 17:19:00,445 - INFO - [GINSLIB] processing : 2021/07/15 09:45:07 Q=5
2026-01-06 17:19:00,451 - INFO - [GINSLIB] processing : 2021/07/15 09:45:08 Q=5
2026-01-06 17:19:00,456 - INFO - [GINSLIB] processing : 2021/07/15 09:45:09 Q=5
2026-01-06 17:19:00,463 - INFO - [GINSLIB] processing : 2021/07/15 09:45:10 Q=5
2026-01-06 17:19:00,473 - INFO - [GINSLIB] processing : 2021/07/15 09:45:11 Q=5
2026-01-06 17:19:00,479 - INFO - [GINSLIB] processing : 2021/07/15 09:45:12 Q=5
2026-01-06 17:19:00,491 - INFO - [GINSLIB] processing : 2021/07/15 09:45:13 Q=5
2026-01-06 17:19:00,492 - INFO - [GINSLIB] processing : 2021/07/15 09:45:14 Q=5
2026-01-06 17:19:00,499 - INFO - [GINSLIB] processing : 2021/07/15 09:45:15 Q=5
2026-01-06 17:19:00,504 - INFO - [GINSLIB] processing : 2021/07/15 09:45:16 Q=5
2026-01-06 17:19:00,511 - INFO - [GINSLIB] processing : 2021/07/15 09:45:17 Q=5
2026-01-06 17:19:00,521 - INFO - [GINSLIB] processing : 2021/07/15 09:45:18 Q=5
2026-01-06 17:19:00,522 - INFO - [GINSLIB] processing : 2021/07/15 09:45:19 Q=5
2026-01-06 17:19:00,529 - INFO - [GINSLIB] processing : 2021/07/15 09:45:20 Q=5
2026-01-06 17:19:00,536 - INFO - [GINSLIB] processing : 2021/07/15 09:45:21 Q=5
2026-01-06 17:19:00,541 - INFO - [GINSLIB] processing : 2021/07/15 09:45:22 Q=5
2026-01-06 17:19:00,550 - INFO - [GINSLIB] processing : 2021/07/15 09:45:23 Q=5
2026-01-06 17:19:00,551 - INFO - [GINSLIB] processing : 2021/07/15 09:45:24 Q=5
2026-01-06 17:19:00,556 - INFO - [GINSLIB] processing : 2021/07/15 09:45:25 Q=5
2026-01-06 17:19:00,562 - INFO - [GINSLIB] processing : 2021/07/15 09:45:26 Q=5
2026-01-06 17:19:00,568 - INFO - [GINSLIB] processing : 2021/07/15 09:45:27 Q=5
2026-01-06 17:19:00,573 - INFO - [GINSLIB] processing : 2021/07/15 09:45:28 Q=5
2026-01-06 17:19:00,579 - INFO - [GINSLIB] processing : 2021/07/15 09:45:29 Q=5
2026-01-06 17:19:00,584 - INFO - [GINSLIB] processing : 2021/07/15 09:45:30 Q=5
2026-01-06 17:19:00,589 - INFO - [GINSLIB] processing : 2021/07/15 09:45:31 Q=5
2026-01-06 17:19:00,596 - INFO - [GINSLIB] processing : 2021/07/15 09:45:32 Q=5
2026-01-06 17:19:00,601 - INFO - [GINSLIB] processing : 2021/07/15 09:45:33 Q=5
2026-01-06 17:19:00,604 - INFO - [GINSLIB] processing : 2021/07/15 09:45:34 Q=5
2026-01-06 17:19:00,611 - INFO - [GINSLIB] processing : 2021/07/15 09:45:35 Q=5
2026-01-06 17:19:00,617 - INFO - [GINSLIB] processing : 2021/07/15 09:45:36 Q=5
2026-01-06 17:19:00,622 - INFO - [GINSLIB] processing : 2021/07/15 09:45:37 Q=5
2026-01-06 17:19:00,628 - INFO - [GINSLIB] processing : 2021/07/15 09:45:38 Q=5
2026-01-06 17:19:00,637 - INFO - [GINSLIB] processing : 2021/07/15 09:45:39 Q=5
2026-01-06 17:19:00,638 - INFO - [GINSLIB] processing : 2021/07/15 09:45:40 Q=5
2026-01-06 17:19:00,645 - INFO - [GINSLIB] processing : 2021/07/15 09:45:41 Q=5
2026-01-06 17:19:00,651 - INFO - [GINSLIB] processing : 2021/07/15 09:45:42 Q=5
2026-01-06 17:19:00,656 - INFO - [GINSLIB] processing : 2021/07/15 09:45:43 Q=5
2026-01-06 17:19:00,665 - INFO - [GINSLIB] processing : 2021/07/15 09:45:44 Q=5
2026-01-06 17:19:00,666 - INFO - [GINSLIB] processing : 2021/07/15 09:45:45 Q=5
2026-01-06 17:19:00,674 - INFO - [GINSLIB] processing : 2021/07/15 09:45:46 Q=5
2026-01-06 17:19:00,681 - INFO - [GINSLIB] processing : 2021/07/15 09:45:47 Q=5
2026-01-06 17:19:00,687 - INFO - [GINSLIB] processing : 2021/07/15 09:45:48 Q=5
2026-01-06 17:19:00,697 - INFO - [GINSLIB] processing : 2021/07/15 09:45:49 Q=5
2026-01-06 17:19:00,698 - INFO - [GINSLIB] processing : 2021/07/15 09:45:50 Q=5
2026-01-06 17:19:00,705 - INFO - [GINSLIB] processing : 2021/07/15 09:45:51 Q=5
2026-01-06 17:19:00,711 - INFO - [GINSLIB] processing : 2021/07/15 09:45:52 Q=5
2026-01-06 17:19:00,716 - INFO - [GINSLIB] processing : 2021/07/15 09:45:53 Q=5
2026-01-06 17:19:00,723 - INFO - [GINSLIB] processing : 2021/07/15 09:45:54 Q=5
2026-01-06 17:19:00,724 - INFO - [GINSLIB] processing : 2021/07/15 09:45:55 Q=5
2026-01-06 17:19:00,731 - INFO - [GINSLIB] processing : 2021/07/15 09:45:56 Q=5
2026-01-06 17:19:00,736 - INFO - [GINSLIB] processing : 2021/07/15 09:45:57 Q=5
2026-01-06 17:19:00,741 - INFO - [GINSLIB] processing : 2021/07/15 09:45:58 Q=5
2026-01-06 17:19:00,747 - INFO - [GINSLIB] processing : 2021/07/15 09:45:59 Q=5
2026-01-06 17:19:00,751 - INFO - [GINSLIB] processing : 2021/07/15 09:46:00 Q=5
2026-01-06 17:19:00,756 - INFO - [GINSLIB] processing : 2021/07/15 09:46:01 Q=5
2026-01-06 17:19:00,762 - INFO - [GINSLIB] processing : 2021/07/15 09:46:02 Q=5
2026-01-06 17:19:00,766 - INFO - [GINSLIB] processing : 2021/07/15 09:46:03 Q=5
2026-01-06 17:19:00,771 - INFO - [GINSLIB] processing : 2021/07/15 09:46:04 Q=5
2026-01-06 17:19:00,775 - INFO - [GINSLIB] processing : 2021/07/15 09:46:05 Q=5
2026-01-06 17:19:00,781 - INFO - [GINSLIB] processing : 2021/07/15 09:46:06 Q=5
2026-01-06 17:19:00,786 - INFO - [GINSLIB] processing : 2021/07/15 09:46:07 Q=5
2026-01-06 17:19:00,791 - INFO - [GINSLIB] processing : 2021/07/15 09:46:08 Q=5
2026-01-06 17:19:00,796 - INFO - [GINSLIB] processing : 2021/07/15 09:46:09 Q=5
2026-01-06 17:19:00,803 - INFO - [GINSLIB] processing : 2021/07/15 09:46:10 Q=5
2026-01-06 17:19:00,804 - INFO - [GINSLIB] processing : 2021/07/15 09:46:11 Q=5
2026-01-06 17:19:00,810 - INFO - [GINSLIB] processing : 2021/07/15 09:46:12 Q=5
2026-01-06 17:19:00,815 - INFO - [GINSLIB] processing : 2021/07/15 09:46:13 Q=5
2026-01-06 17:19:00,819 - INFO - [GINSLIB] processing : 2021/07/15 09:46:14 Q=5
2026-01-06 17:19:00,828 - INFO - [GINSLIB] processing : 2021/07/15 09:46:15 Q=5
2026-01-06 17:19:00,829 - INFO - [GINSLIB] processing : 2021/07/15 09:46:16 Q=5
2026-01-06 17:19:00,834 - INFO - [GINSLIB] processing : 2021/07/15 09:46:17 Q=5
2026-01-06 17:19:00,838 - INFO - [GINSLIB] processing : 2021/07/15 09:46:18 Q=5
2026-01-06 17:19:00,844 - INFO - [GINSLIB] processing : 2021/07/15 09:46:19 Q=5
2026-01-06 17:19:00,854 - INFO - [GINSLIB] processing : 2021/07/15 09:46:20 Q=5
2026-01-06 17:19:00,855 - INFO - [GINSLIB] processing : 2021/07/15 09:46:21 Q=5
2026-01-06 17:19:00,860 - INFO - [GINSLIB] processing : 2021/07/15 09:46:22 Q=5
2026-01-06 17:19:00,865 - INFO - [GINSLIB] processing : 2021/07/15 09:46:23 Q=5
2026-01-06 17:19:00,871 - INFO - [GINSLIB] processing : 2021/07/15 09:46:24 Q=5
2026-01-06 17:19:00,876 - INFO - [GINSLIB] processing : 2021/07/15 09:46:25 Q=5
2026-01-06 17:19:00,881 - INFO - [GINSLIB] processing : 2021/07/15 09:46:26 Q=5
2026-01-06 17:19:00,886 - INFO - [GINSLIB] processing : 2021/07/15 09:46:27 Q=5
2026-01-06 17:19:00,891 - INFO - [GINSLIB] processing : 2021/07/15 09:46:28 Q=5
2026-01-06 17:19:00,897 - INFO - [GINSLIB] processing : 2021/07/15 09:46:29 Q=5
2026-01-06 17:19:00,902 - INFO - [GINSLIB] processing : 2021/07/15 09:46:30 Q=5
2026-01-06 17:19:00,906 - INFO - [GINSLIB] processing : 2021/07/15 09:46:31 Q=5
2026-01-06 17:19:00,911 - INFO - [GINSLIB] processing : 2021/07/15 09:46:32 Q=5
2026-01-06 17:19:00,917 - INFO - [GINSLIB] processing : 2021/07/15 09:46:33 Q=5
2026-01-06 17:19:00,923 - INFO - [GINSLIB] processing : 2021/07/15 09:46:34 Q=5
2026-01-06 17:19:00,929 - INFO - [GINSLIB] processing : 2021/07/15 09:46:35 Q=5
2026-01-06 17:19:00,934 - INFO - [GINSLIB] processing : 2021/07/15 09:46:36 Q=5
2026-01-06 17:19:00,939 - INFO - [GINSLIB] processing : 2021/07/15 09:46:37 Q=5
2026-01-06 17:19:00,945 - INFO - [GINSLIB] processing : 2021/07/15 09:46:38 Q=5
2026-01-06 17:19:00,950 - INFO - [GINSLIB] processing : 2021/07/15 09:46:39 Q=5
2026-01-06 17:19:00,955 - INFO - [GINSLIB] processing : 2021/07/15 09:46:40 Q=5
2026-01-06 17:19:00,965 - INFO - [GINSLIB] processing : 2021/07/15 09:46:41 Q=5
2026-01-06 17:19:00,966 - INFO - [GINSLIB] processing : 2021/07/15 09:46:42 Q=5
2026-01-06 17:19:00,971 - INFO - [GINSLIB] processing : 2021/07/15 09:46:43 Q=5
2026-01-06 17:19:00,978 - INFO - [GINSLIB] processing : 2021/07/15 09:46:44 Q=5
2026-01-06 17:19:00,984 - INFO - [GINSLIB] processing : 2021/07/15 09:46:45 Q=5
2026-01-06 17:19:00,995 - INFO - [GINSLIB] processing : 2021/07/15 09:46:46 Q=5
2026-01-06 17:19:00,996 - INFO - [GINSLIB] processing : 2021/07/15 09:46:47 Q=5
2026-01-06 17:19:01,001 - INFO - [GINSLIB] processing : 2021/07/15 09:46:48 Q=5
2026-01-06 17:19:01,007 - INFO - [GINSLIB] processing : 2021/07/15 09:46:49 Q=5
2026-01-06 17:19:01,014 - INFO - [GINSLIB] processing : 2021/07/15 09:46:50 Q=5
2026-01-06 17:19:01,023 - INFO - [GINSLIB] processing : 2021/07/15 09:46:51 Q=5
2026-01-06 17:19:01,025 - INFO - [GINSLIB] processing : 2021/07/15 09:46:52 Q=5
2026-01-06 17:19:01,031 - INFO - [GINSLIB] processing : 2021/07/15 09:46:53 Q=5
2026-01-06 17:19:01,037 - INFO - [GINSLIB] processing : 2021/07/15 09:46:54 Q=5
2026-01-06 17:19:01,043 - INFO - [GINSLIB] processing : 2021/07/15 09:46:55 Q=5
2026-01-06 17:19:01,048 - INFO - [GINSLIB] processing : 2021/07/15 09:46:56 Q=5
2026-01-06 17:19:01,053 - INFO - [GINSLIB] processing : 2021/07/15 09:46:57 Q=5
2026-01-06 17:19:01,059 - INFO - [GINSLIB] processing : 2021/07/15 09:46:58 Q=5
2026-01-06 17:19:01,065 - INFO - [GINSLIB] processing : 2021/07/15 09:46:59 Q=5
2026-01-06 17:19:01,071 - INFO - [GINSLIB] processing : 2021/07/15 09:47:00 Q=5
2026-01-06 17:19:01,078 - INFO - [GINSLIB] processing : 2021/07/15 09:47:01 Q=5
2026-01-06 17:19:01,083 - INFO - [GINSLIB] processing : 2021/07/15 09:47:02 Q=5
2026-01-06 17:19:01,089 - INFO - [GINSLIB] processing : 2021/07/15 09:47:03 Q=5
2026-01-06 17:19:01,095 - INFO - [GINSLIB] processing : 2021/07/15 09:47:04 Q=5
2026-01-06 17:19:01,100 - INFO - [GINSLIB] processing : 2021/07/15 09:47:05 Q=5
2026-01-06 17:19:01,107 - INFO - [GINSLIB] processing : 2021/07/15 09:47:06 Q=5
2026-01-06 17:19:01,111 - INFO - [GINSLIB] processing : 2021/07/15 09:47:07 Q=5
2026-01-06 17:19:01,117 - INFO - [GINSLIB] processing : 2021/07/15 09:47:08 Q=5
2026-01-06 17:19:01,122 - INFO - [GINSLIB] processing : 2021/07/15 09:47:09 Q=5
2026-01-06 17:19:01,129 - INFO - [GINSLIB] processing : 2021/07/15 09:47:10 Q=5
2026-01-06 17:19:01,136 - INFO - [GINSLIB] processing : 2021/07/15 09:47:11 Q=5
2026-01-06 17:19:01,145 - INFO - [GINSLIB] processing : 2021/07/15 09:47:12 Q=5
2026-01-06 17:19:01,147 - INFO - [GINSLIB] processing : 2021/07/15 09:47:13 Q=5
2026-01-06 17:19:01,154 - INFO - [GINSLIB] processing : 2021/07/15 09:47:14 Q=5
2026-01-06 17:19:01,160 - INFO - [GINSLIB] processing : 2021/07/15 09:47:15 Q=5
2026-01-06 17:19:01,167 - INFO - [GINSLIB] processing : 2021/07/15 09:47:16 Q=5
2026-01-06 17:19:01,178 - INFO - [GINSLIB] processing : 2021/07/15 09:47:17 Q=5
2026-01-06 17:19:01,179 - INFO - [GINSLIB] processing : 2021/07/15 09:47:18 Q=5
2026-01-06 17:19:01,186 - INFO - [GINSLIB] processing : 2021/07/15 09:47:19 Q=5
2026-01-06 17:19:01,194 - INFO - [GINSLIB] processing : 2021/07/15 09:47:20 Q=5
2026-01-06 17:19:01,201 - INFO - [GINSLIB] processing : 2021/07/15 09:47:21 Q=5
2026-01-06 17:19:01,213 - INFO - [GINSLIB] processing : 2021/07/15 09:47:22 Q=5
2026-01-06 17:19:01,214 - INFO - [GINSLIB] processing : 2021/07/15 09:47:23 Q=5
2026-01-06 17:19:01,220 - INFO - [GINSLIB] processing : 2021/07/15 09:47:24 Q=5
2026-01-06 17:19:01,227 - INFO - [GINSLIB] processing : 2021/07/15 09:47:25 Q=5
2026-01-06 17:19:01,233 - INFO - [GINSLIB] processing : 2021/07/15 09:47:26 Q=5
2026-01-06 17:19:01,239 - INFO - [GINSLIB] processing : 2021/07/15 09:47:27 Q=5
2026-01-06 17:19:01,246 - INFO - [GINSLIB] processing : 2021/07/15 09:47:28 Q=5
2026-01-06 17:19:01,252 - INFO - [GINSLIB] processing : 2021/07/15 09:47:29 Q=5
2026-01-06 17:19:01,259 - INFO - [GINSLIB] processing : 2021/07/15 09:47:30 Q=5
2026-01-06 17:19:01,266 - INFO - [GINSLIB] processing : 2021/07/15 09:47:31 Q=5
2026-01-06 17:19:01,273 - INFO - [GINSLIB] processing : 2021/07/15 09:47:32 Q=5
2026-01-06 17:19:01,279 - INFO - [GINSLIB] processing : 2021/07/15 09:47:33 Q=5
2026-01-06 17:19:01,285 - INFO - [GINSLIB] processing : 2021/07/15 09:47:34 Q=5
2026-01-06 17:19:01,292 - INFO - [GINSLIB] processing : 2021/07/15 09:47:35 Q=5
2026-01-06 17:19:01,297 - INFO - [GINSLIB] processing : 2021/07/15 09:47:36 Q=5
2026-01-06 17:19:01,303 - INFO - [GINSLIB] processing : 2021/07/15 09:47:37 Q=5
2026-01-06 17:19:01,309 - INFO - [GINSLIB] processing : 2021/07/15 09:47:38 Q=5
2026-01-06 17:19:01,315 - INFO - [GINSLIB] processing : 2021/07/15 09:47:39 Q=5
2026-01-06 17:19:01,322 - INFO - [GINSLIB] processing : 2021/07/15 09:47:40 Q=5
2026-01-06 17:19:01,328 - INFO - [GINSLIB] processing : 2021/07/15 09:47:41 Q=5
2026-01-06 17:19:01,334 - INFO - [GINSLIB] processing : 2021/07/15 09:47:42 Q=5
2026-01-06 17:19:01,344 - INFO - [GINSLIB] processing : 2021/07/15 09:47:43 Q=5
2026-01-06 17:19:01,345 - INFO - [GINSLIB] processing : 2021/07/15 09:47:44 Q=5
2026-01-06 17:19:01,352 - INFO - [GINSLIB] processing : 2021/07/15 09:47:45 Q=5
2026-01-06 17:19:01,359 - INFO - [GINSLIB] processing : 2021/07/15 09:47:46 Q=5
2026-01-06 17:19:01,366 - INFO - [GINSLIB] processing : 2021/07/15 09:47:47 Q=5
2026-01-06 17:19:01,376 - INFO - [GINSLIB] processing : 2021/07/15 09:47:48 Q=5
2026-01-06 17:19:01,377 - INFO - [GINSLIB] processing : 2021/07/15 09:47:49 Q=5
2026-01-06 17:19:01,383 - INFO - [GINSLIB] processing : 2021/07/15 09:47:50 Q=5
2026-01-06 17:19:01,388 - INFO - [GINSLIB] processing : 2021/07/15 09:47:51 Q=5
2026-01-06 17:19:01,394 - INFO - [GINSLIB] processing : 2021/07/15 09:47:52 Q=5
2026-01-06 17:19:01,405 - INFO - [GINSLIB] processing : 2021/07/15 09:47:53 Q=5
2026-01-06 17:19:01,406 - INFO - [GINSLIB] processing : 2021/07/15 09:47:54 Q=5
2026-01-06 17:19:01,412 - INFO - [GINSLIB] processing : 2021/07/15 09:47:55 Q=5
2026-01-06 17:19:01,417 - INFO - [GINSLIB] processing : 2021/07/15 09:47:56 Q=5
2026-01-06 17:19:01,422 - INFO - [GINSLIB] processing : 2021/07/15 09:47:57 Q=5
2026-01-06 17:19:01,428 - INFO - [GINSLIB] processing : 2021/07/15 09:47:58 Q=5
2026-01-06 17:19:01,434 - INFO - [GINSLIB] processing : 2021/07/15 09:47:59 Q=5
2026-01-06 17:19:01,440 - INFO - [GINSLIB] processing : 2021/07/15 09:48:00 Q=5
2026-01-06 17:19:01,446 - INFO - [GINSLIB] processing : 2021/07/15 09:48:01 Q=5
2026-01-06 17:19:01,452 - INFO - [GINSLIB] processing : 2021/07/15 09:48:02 Q=5
2026-01-06 17:19:01,458 - INFO - [GINSLIB] processing : 2021/07/15 09:48:03 Q=5
2026-01-06 17:19:01,464 - INFO - [GINSLIB] processing : 2021/07/15 09:48:04 Q=5
2026-01-06 17:19:01,470 - INFO - [GINSLIB] processing : 2021/07/15 09:48:05 Q=5
2026-01-06 17:19:01,477 - INFO - [GINSLIB] processing : 2021/07/15 09:48:06 Q=5
2026-01-06 17:19:01,485 - INFO - [GINSLIB] processing : 2021/07/15 09:48:07 Q=5
2026-01-06 17:19:01,493 - INFO - [GINSLIB] processing : 2021/07/15 09:48:08 Q=5
2026-01-06 17:19:01,503 - INFO - [GINSLIB] processing : 2021/07/15 09:48:09 Q=5
2026-01-06 17:19:01,504 - INFO - [GINSLIB] processing : 2021/07/15 09:48:10 Q=5
2026-01-06 17:19:01,514 - INFO - [GINSLIB] processing : 2021/07/15 09:48:11 Q=5
2026-01-06 17:19:01,521 - INFO - [GINSLIB] processing : 2021/07/15 09:48:12 Q=5
2026-01-06 17:19:01,528 - INFO - [GINSLIB] processing : 2021/07/15 09:48:13 Q=5
2026-01-06 17:19:01,538 - INFO - [GINSLIB] processing : 2021/07/15 09:48:14 Q=5
2026-01-06 17:19:01,540 - INFO - [GINSLIB] processing : 2021/07/15 09:48:15 Q=5
2026-01-06 17:19:01,546 - INFO - [GINSLIB] processing : 2021/07/15 09:48:16 Q=5
2026-01-06 17:19:01,553 - INFO - [GINSLIB] processing : 2021/07/15 09:48:17 Q=5
2026-01-06 17:19:01,561 - INFO - [GINSLIB] processing : 2021/07/15 09:48:18 Q=5
2026-01-06 17:19:01,570 - INFO - [GINSLIB] processing : 2021/07/15 09:48:19 Q=5
2026-01-06 17:19:01,572 - INFO - [GINSLIB] processing : 2021/07/15 09:48:20 Q=5
2026-01-06 17:19:01,578 - INFO - [GINSLIB] processing : 2021/07/15 09:48:21 Q=5
2026-01-06 17:19:01,585 - INFO - [GINSLIB] processing : 2021/07/15 09:48:22 Q=5
2026-01-06 17:19:01,591 - INFO - [GINSLIB] processing : 2021/07/15 09:48:23 Q=5
2026-01-06 17:19:01,601 - INFO - [GINSLIB] processing : 2021/07/15 09:48:24 Q=5
2026-01-06 17:19:01,602 - INFO - [GINSLIB] processing : 2021/07/15 09:48:25 Q=5
2026-01-06 17:19:01,609 - INFO - [GINSLIB] processing : 2021/07/15 09:48:26 Q=5
2026-01-06 17:19:01,616 - INFO - [GINSLIB] processing : 2021/07/15 09:48:27 Q=5
2026-01-06 17:19:01,622 - INFO - [GINSLIB] processing : 2021/07/15 09:48:28 Q=5
2026-01-06 17:19:01,629 - INFO - [GINSLIB] processing : 2021/07/15 09:48:29 Q=5
2026-01-06 17:19:01,634 - INFO - [GINSLIB] processing : 2021/07/15 09:48:30 Q=5
2026-01-06 17:19:01,640 - INFO - [GINSLIB] processing : 2021/07/15 09:48:31 Q=5
2026-01-06 17:19:01,647 - INFO - [GINSLIB] processing : 2021/07/15 09:48:32 Q=5
2026-01-06 17:19:01,653 - INFO - [GINSLIB] processing : 2021/07/15 09:48:33 Q=5
2026-01-06 17:19:01,661 - INFO - [GINSLIB] processing : 2021/07/15 09:48:34 Q=5
2026-01-06 17:19:01,667 - INFO - [GINSLIB] processing : 2021/07/15 09:48:35 Q=5
2026-01-06 17:19:01,675 - INFO - [GINSLIB] processing : 2021/07/15 09:48:36 Q=5
2026-01-06 17:19:01,682 - INFO - [GINSLIB] processing : 2021/07/15 09:48:37 Q=5
2026-01-06 17:19:01,689 - INFO - [GINSLIB] processing : 2021/07/15 09:48:38 Q=5
2026-01-06 17:19:01,697 - INFO - [GINSLIB] processing : 2021/07/15 09:48:39 Q=5
2026-01-06 17:19:01,709 - INFO - [GINSLIB] processing : 2021/07/15 09:48:40 Q=5
2026-01-06 17:19:01,711 - INFO - [GINSLIB] processing : 2021/07/15 09:48:41 Q=5
2026-01-06 17:19:01,717 - INFO - [GINSLIB] processing : 2021/07/15 09:48:42 Q=5
2026-01-06 17:19:01,724 - INFO - [GINSLIB] processing : 2021/07/15 09:48:43 Q=5
2026-01-06 17:19:01,731 - INFO - [GINSLIB] processing : 2021/07/15 09:48:44 Q=5
2026-01-06 17:19:01,741 - INFO - [GINSLIB] processing : 2021/07/15 09:48:45 Q=5
2026-01-06 17:19:01,742 - INFO - [GINSLIB] processing : 2021/07/15 09:48:46 Q=5
2026-01-06 17:19:01,749 - INFO - [GINSLIB] processing : 2021/07/15 09:48:47 Q=5
2026-01-06 17:19:01,756 - INFO - [GINSLIB] processing : 2021/07/15 09:48:48 Q=5
2026-01-06 17:19:01,762 - INFO - [GINSLIB] processing : 2021/07/15 09:48:49 Q=5
2026-01-06 17:19:01,773 - INFO - [GINSLIB] processing : 2021/07/15 09:48:50 Q=5
2026-01-06 17:19:01,774 - INFO - [GINSLIB] processing : 2021/07/15 09:48:51 Q=5
2026-01-06 17:19:01,782 - INFO - [GINSLIB] processing : 2021/07/15 09:48:52 Q=5
2026-01-06 17:19:01,789 - INFO - [GINSLIB] processing : 2021/07/15 09:48:53 Q=5
2026-01-06 17:19:01,795 - INFO - [GINSLIB] processing : 2021/07/15 09:48:54 Q=5
2026-01-06 17:19:01,802 - INFO - [GINSLIB] processing : 2021/07/15 09:48:55 Q=5
2026-01-06 17:19:01,808 - INFO - [GINSLIB] processing : 2021/07/15 09:48:56 Q=5
2026-01-06 17:19:01,814 - INFO - [GINSLIB] processing : 2021/07/15 09:48:57 Q=5
2026-01-06 17:19:01,821 - INFO - [GINSLIB] processing : 2021/07/15 09:48:58 Q=5
2026-01-06 17:19:01,827 - INFO - [GINSLIB] processing : 2021/07/15 09:48:59 Q=5
2026-01-06 17:19:01,834 - INFO - [GINSLIB] processing : 2021/07/15 09:49:00 Q=5
2026-01-06 17:19:01,838 - INFO - [GINSLIB] processing : 2021/07/15 09:49:01 Q=5
2026-01-06 17:19:01,845 - INFO - [GINSLIB] processing : 2021/07/15 09:49:02 Q=5
2026-01-06 17:19:01,850 - INFO - [GINSLIB] processing : 2021/07/15 09:49:03 Q=5
2026-01-06 17:19:01,855 - INFO - [GINSLIB] processing : 2021/07/15 09:49:04 Q=5
2026-01-06 17:19:01,861 - INFO - [GINSLIB] processing : 2021/07/15 09:49:05 Q=5
2026-01-06 17:19:01,866 - INFO - [GINSLIB] processing : 2021/07/15 09:49:06 Q=5
2026-01-06 17:19:01,871 - INFO - [GINSLIB] processing : 2021/07/15 09:49:07 Q=5
2026-01-06 17:19:01,877 - INFO - [GINSLIB] processing : 2021/07/15 09:49:08 Q=5
2026-01-06 17:19:01,883 - INFO - [GINSLIB] processing : 2021/07/15 09:49:09 Q=5
2026-01-06 17:19:01,888 - INFO - [GINSLIB] processing : 2021/07/15 09:49:10 Q=5
2026-01-06 17:19:01,897 - INFO - [GINSLIB] processing : 2021/07/15 09:49:11 Q=5
2026-01-06 17:19:01,899 - INFO - [GINSLIB] processing : 2021/07/15 09:49:12 Q=5
2026-01-06 17:19:01,904 - INFO - [GINSLIB] processing : 2021/07/15 09:49:13 Q=5
2026-01-06 17:19:01,911 - INFO - [GINSLIB] processing : 2021/07/15 09:49:14 Q=5
2026-01-06 17:19:01,917 - INFO - [GINSLIB] processing : 2021/07/15 09:49:15 Q=5
2026-01-06 17:19:01,927 - INFO - [GINSLIB] processing : 2021/07/15 09:49:16 Q=5
2026-01-06 17:19:01,928 - INFO - [GINSLIB] processing : 2021/07/15 09:49:17 Q=5
2026-01-06 17:19:01,934 - INFO - [GINSLIB] processing : 2021/07/15 09:49:18 Q=5
2026-01-06 17:19:01,941 - INFO - [GINSLIB] processing : 2021/07/15 09:49:19 Q=5
2026-01-06 17:19:01,947 - INFO - [GINSLIB] processing : 2021/07/15 09:49:20 Q=5
2026-01-06 17:19:01,955 - INFO - [GINSLIB] processing : 2021/07/15 09:49:21 Q=5
2026-01-06 17:19:01,957 - INFO - [GINSLIB] processing : 2021/07/15 09:49:22 Q=5
2026-01-06 17:19:01,963 - INFO - [GINSLIB] processing : 2021/07/15 09:49:23 Q=5
2026-01-06 17:19:01,968 - INFO - [GINSLIB] processing : 2021/07/15 09:49:24 Q=5
2026-01-06 17:19:01,975 - INFO - [GINSLIB] processing : 2021/07/15 09:49:25 Q=5
2026-01-06 17:19:01,981 - INFO - [GINSLIB] processing : 2021/07/15 09:49:26 Q=5
2026-01-06 17:19:01,986 - INFO - [GINSLIB] processing : 2021/07/15 09:49:27 Q=5
2026-01-06 17:19:01,993 - INFO - [GINSLIB] processing : 2021/07/15 09:49:28 Q=5
2026-01-06 17:19:01,999 - INFO - [GINSLIB] processing : 2021/07/15 09:49:29 Q=5
2026-01-06 17:19:02,006 - INFO - [GINSLIB] processing : 2021/07/15 09:49:30 Q=5
2026-01-06 17:19:02,011 - INFO - [GINSLIB] processing : 2021/07/15 09:49:31 Q=5
2026-01-06 17:19:02,015 - INFO - [GINSLIB] processing : 2021/07/15 09:49:32 Q=5
2026-01-06 17:19:02,022 - INFO - [GINSLIB] processing : 2021/07/15 09:49:33 Q=5
2026-01-06 17:19:02,028 - INFO - [GINSLIB] processing : 2021/07/15 09:49:34 Q=5
2026-01-06 17:19:02,036 - INFO - [GINSLIB] processing : 2021/07/15 09:49:35 Q=5
2026-01-06 17:19:02,042 - INFO - [GINSLIB] processing : 2021/07/15 09:49:36 Q=5
2026-01-06 17:19:02,047 - INFO - [GINSLIB] processing : 2021/07/15 09:49:37 Q=5
2026-01-06 17:19:02,053 - INFO - [GINSLIB] processing : 2021/07/15 09:49:38 Q=5
2026-01-06 17:19:02,061 - INFO - [GINSLIB] processing : 2021/07/15 09:49:39 Q=5
2026-01-06 17:19:02,068 - INFO - [GINSLIB] processing : 2021/07/15 09:49:40 Q=5
2026-01-06 17:19:02,075 - INFO - [GINSLIB] processing : 2021/07/15 09:49:41 Q=5
2026-01-06 17:19:02,087 - INFO - [GINSLIB] processing : 2021/07/15 09:49:42 Q=5
2026-01-06 17:19:02,088 - INFO - [GINSLIB] processing : 2021/07/15 09:49:43 Q=5
2026-01-06 17:19:02,094 - INFO - [GINSLIB] processing : 2021/07/15 09:49:44 Q=5
2026-01-06 17:19:02,100 - INFO - [GINSLIB] processing : 2021/07/15 09:49:45 Q=5
2026-01-06 17:19:02,106 - INFO - [GINSLIB] processing : 2021/07/15 09:49:46 Q=5
2026-01-06 17:19:02,117 - INFO - [GINSLIB] processing : 2021/07/15 09:49:47 Q=5
2026-01-06 17:19:02,118 - INFO - [GINSLIB] processing : 2021/07/15 09:49:48 Q=5
2026-01-06 17:19:02,123 - INFO - [GINSLIB] processing : 2021/07/15 09:49:49 Q=5
2026-01-06 17:19:02,132 - INFO - [GINSLIB] processing : 2021/07/15 09:49:50 Q=5
2026-01-06 17:19:02,137 - INFO - [GINSLIB] processing : 2021/07/15 09:49:51 Q=5
2026-01-06 17:19:02,149 - INFO - [GINSLIB] processing : 2021/07/15 09:49:52 Q=5
2026-01-06 17:19:02,150 - INFO - [GINSLIB] processing : 2021/07/15 09:49:53 Q=5
2026-01-06 17:19:02,156 - INFO - [GINSLIB] processing : 2021/07/15 09:49:54 Q=5
2026-01-06 17:19:02,164 - INFO - [GINSLIB] processing : 2021/07/15 09:49:55 Q=5
2026-01-06 17:19:02,169 - INFO - [GINSLIB] processing : 2021/07/15 09:49:56 Q=5
2026-01-06 17:19:02,178 - INFO - [GINSLIB] processing : 2021/07/15 09:49:57 Q=5
2026-01-06 17:19:02,182 - INFO - [GINSLIB] processing : 2021/07/15 09:49:58 Q=5
2026-01-06 17:19:02,187 - INFO - [GINSLIB] processing : 2021/07/15 09:49:59 Q=5
2026-01-06 17:19:02,194 - INFO - [GINSLIB] processing : 2021/07/15 09:50:00 Q=5
2026-01-06 17:19:02,200 - INFO - [GINSLIB] processing : 2021/07/15 09:50:01 Q=5
2026-01-06 17:19:02,206 - INFO - [GINSLIB] processing : 2021/07/15 09:50:02 Q=5
2026-01-06 17:19:02,211 - INFO - [GINSLIB] processing : 2021/07/15 09:50:03 Q=5
2026-01-06 17:19:02,216 - INFO - [GINSLIB] processing : 2021/07/15 09:50:04 Q=5
2026-01-06 17:19:02,222 - INFO - [GINSLIB] processing : 2021/07/15 09:50:05 Q=5
2026-01-06 17:19:02,229 - INFO - [GINSLIB] processing : 2021/07/15 09:50:06 Q=5
2026-01-06 17:19:02,234 - INFO - [GINSLIB] processing : 2021/07/15 09:50:07 Q=5
2026-01-06 17:19:02,239 - INFO - [GINSLIB] processing : 2021/07/15 09:50:08 Q=5
2026-01-06 17:19:02,245 - INFO - [GINSLIB] processing : 2021/07/15 09:50:09 Q=5
2026-01-06 17:19:02,250 - INFO - [GINSLIB] processing : 2021/07/15 09:50:10 Q=5
2026-01-06 17:19:02,257 - INFO - [GINSLIB] processing : 2021/07/15 09:50:11 Q=5
2026-01-06 17:19:02,262 - INFO - [GINSLIB] processing : 2021/07/15 09:50:12 Q=5
2026-01-06 17:19:02,271 - INFO - [GINSLIB] processing : 2021/07/15 09:50:13 Q=5
2026-01-06 17:19:02,272 - INFO - [GINSLIB] processing : 2021/07/15 09:50:14 Q=5
2026-01-06 17:19:02,277 - INFO - [GINSLIB] processing : 2021/07/15 09:50:15 Q=5
2026-01-06 17:19:02,283 - INFO - [GINSLIB] processing : 2021/07/15 09:50:16 Q=5
2026-01-06 17:19:02,288 - INFO - [GINSLIB] processing : 2021/07/15 09:50:17 Q=5
2026-01-06 17:19:02,297 - INFO - [GINSLIB] processing : 2021/07/15 09:50:18 Q=5
2026-01-06 17:19:02,299 - INFO - [GINSLIB] processing : 2021/07/15 09:50:19 Q=5
2026-01-06 17:19:02,304 - INFO - [GINSLIB] processing : 2021/07/15 09:50:20 Q=5
2026-01-06 17:19:02,309 - INFO - [GINSLIB] processing : 2021/07/15 09:50:21 Q=5
2026-01-06 17:19:02,316 - INFO - [GINSLIB] processing : 2021/07/15 09:50:22 Q=5
2026-01-06 17:19:02,326 - INFO - [GINSLIB] processing : 2021/07/15 09:50:23 Q=5
2026-01-06 17:19:02,327 - INFO - [GINSLIB] processing : 2021/07/15 09:50:24 Q=5
2026-01-06 17:19:02,333 - INFO - [GINSLIB] processing : 2021/07/15 09:50:25 Q=5
2026-01-06 17:19:02,338 - INFO - [GINSLIB] processing : 2021/07/15 09:50:26 Q=5
2026-01-06 17:19:02,343 - INFO - [GINSLIB] processing : 2021/07/15 09:50:27 Q=5
2026-01-06 17:19:02,348 - INFO - [GINSLIB] processing : 2021/07/15 09:50:28 Q=5
2026-01-06 17:19:02,352 - INFO - [GINSLIB] processing : 2021/07/15 09:50:29 Q=5
2026-01-06 17:19:02,357 - INFO - [GINSLIB] processing : 2021/07/15 09:50:30 Q=5
2026-01-06 17:19:02,364 - INFO - [GINSLIB] processing : 2021/07/15 09:50:31 Q=5
2026-01-06 17:19:02,369 - INFO - [GINSLIB] processing : 2021/07/15 09:50:32 Q=5
2026-01-06 17:19:02,374 - INFO - [GINSLIB] processing : 2021/07/15 09:50:33 Q=5
2026-01-06 17:19:02,378 - INFO - [GINSLIB] processing : 2021/07/15 09:50:34 Q=5
2026-01-06 17:19:02,383 - INFO - [GINSLIB] processing : 2021/07/15 09:50:35 Q=5
2026-01-06 17:19:02,390 - INFO - [GINSLIB] processing : 2021/07/15 09:50:36 Q=5
2026-01-06 17:19:02,397 - INFO - [GINSLIB] processing : 2021/07/15 09:50:37 Q=5
2026-01-06 17:19:02,401 - INFO - [GINSLIB] processing : 2021/07/15 09:50:38 Q=5
2026-01-06 17:19:02,404 - INFO - [GINSLIB] processing : 2021/07/15 09:50:39 Q=5
2026-01-06 17:19:02,410 - INFO - [GINSLIB] processing : 2021/07/15 09:50:40 Q=5
2026-01-06 17:19:02,415 - INFO - [GINSLIB] processing : 2021/07/15 09:50:41 Q=5
2026-01-06 17:19:02,419 - INFO - [GINSLIB] processing : 2021/07/15 09:50:42 Q=5
2026-01-06 17:19:02,424 - INFO - [GINSLIB] processing : 2021/07/15 09:50:43 Q=5
2026-01-06 17:19:02,430 - INFO - [GINSLIB] processing : 2021/07/15 09:50:44 Q=5
2026-01-06 17:19:02,431 - INFO - [GINSLIB] processing : 2021/07/15 09:50:45 Q=5
2026-01-06 17:19:02,437 - INFO - [GINSLIB] processing : 2021/07/15 09:50:46 Q=5
2026-01-06 17:19:02,443 - INFO - [GINSLIB] processing : 2021/07/15 09:50:47 Q=5
2026-01-06 17:19:02,448 - INFO - [GINSLIB] processing : 2021/07/15 09:50:48 Q=5
2026-01-06 17:19:02,454 - INFO - [GINSLIB] processing : 2021/07/15 09:50:49 Q=5
2026-01-06 17:19:02,455 - INFO - [GINSLIB] processing : 2021/07/15 09:50:50 Q=5
2026-01-06 17:19:02,459 - INFO - [GINSLIB] processing : 2021/07/15 09:50:51 Q=5
2026-01-06 17:19:02,464 - INFO - [GINSLIB] processing : 2021/07/15 09:50:52 Q=5
2026-01-06 17:19:02,470 - INFO - [GINSLIB] processing : 2021/07/15 09:50:53 Q=5
2026-01-06 17:19:02,477 - INFO - [GINSLIB] processing : 2021/07/15 09:50:54 Q=5
2026-01-06 17:19:02,478 - INFO - [GINSLIB] processing : 2021/07/15 09:50:55 Q=5
2026-01-06 17:19:02,483 - INFO - [GINSLIB] processing : 2021/07/15 09:50:56 Q=5
2026-01-06 17:19:02,487 - INFO - [GINSLIB] processing : 2021/07/15 09:50:57 Q=5
2026-01-06 17:19:02,492 - INFO - [GINSLIB] processing : 2021/07/15 09:50:58 Q=5
2026-01-06 17:19:02,499 - INFO - [GINSLIB] processing : 2021/07/15 09:50:59 Q=5
2026-01-06 17:19:02,503 - INFO - [GINSLIB] processing : 2021/07/15 09:51:00 Q=5
2026-01-06 17:19:02,508 - INFO - [GINSLIB] processing : 2021/07/15 09:51:01 Q=5
2026-01-06 17:19:02,513 - INFO - [GINSLIB] processing : 2021/07/15 09:51:02 Q=5
2026-01-06 17:19:02,517 - INFO - [GINSLIB] processing : 2021/07/15 09:51:03 Q=5
2026-01-06 17:19:02,522 - INFO - [GINSLIB] processing : 2021/07/15 09:51:04 Q=5
2026-01-06 17:19:02,527 - INFO - [GINSLIB] processing : 2021/07/15 09:51:05 Q=5
2026-01-06 17:19:02,532 - INFO - [GINSLIB] processing : 2021/07/15 09:51:06 Q=5
2026-01-06 17:19:02,537 - INFO - [GINSLIB] processing : 2021/07/15 09:51:07 Q=5
2026-01-06 17:19:02,543 - INFO - [GINSLIB] processing : 2021/07/15 09:51:08 Q=5
2026-01-06 17:19:02,547 - INFO - [GINSLIB] processing : 2021/07/15 09:51:09 Q=5
2026-01-06 17:19:02,556 - INFO - [GINSLIB] processing : 2021/07/15 09:51:10 Q=5
2026-01-06 17:19:02,557 - INFO - [GINSLIB] processing : 2021/07/15 09:51:11 Q=5
2026-01-06 17:19:02,564 - INFO - [GINSLIB] processing : 2021/07/15 09:51:12 Q=5
2026-01-06 17:19:02,569 - INFO - [GINSLIB] processing : 2021/07/15 09:51:13 Q=5
2026-01-06 17:19:02,574 - INFO - [GINSLIB] processing : 2021/07/15 09:51:14 Q=5
2026-01-06 17:19:02,582 - INFO - [GINSLIB] processing : 2021/07/15 09:51:15 Q=5
2026-01-06 17:19:02,583 - INFO - [GINSLIB] processing : 2021/07/15 09:51:16 Q=5
2026-01-06 17:19:02,588 - INFO - [GINSLIB] processing : 2021/07/15 09:51:17 Q=5
2026-01-06 17:19:02,595 - INFO - [GINSLIB] processing : 2021/07/15 09:51:18 Q=5
2026-01-06 17:19:02,600 - INFO - [GINSLIB] processing : 2021/07/15 09:51:19 Q=5
2026-01-06 17:19:02,609 - INFO - [GINSLIB] processing : 2021/07/15 09:51:20 Q=5
2026-01-06 17:19:02,610 - INFO - [GINSLIB] processing : 2021/07/15 09:51:21 Q=5
2026-01-06 17:19:02,615 - INFO - [GINSLIB] processing : 2021/07/15 09:51:22 Q=5
2026-01-06 17:19:02,621 - INFO - [GINSLIB] processing : 2021/07/15 09:51:23 Q=5
2026-01-06 17:19:02,628 - INFO - [GINSLIB] processing : 2021/07/15 09:51:24 Q=5
2026-01-06 17:19:02,636 - INFO - [GINSLIB] processing : 2021/07/15 09:51:25 Q=5
2026-01-06 17:19:02,637 - INFO - [GINSLIB] processing : 2021/07/15 09:51:26 Q=5
2026-01-06 17:19:02,643 - INFO - [GINSLIB] processing : 2021/07/15 09:51:27 Q=5
2026-01-06 17:19:02,648 - INFO - [GINSLIB] processing : 2021/07/15 09:51:28 Q=5
2026-01-06 17:19:02,655 - INFO - [GINSLIB] processing : 2021/07/15 09:51:29 Q=5
2026-01-06 17:19:02,661 - INFO - [GINSLIB] processing : 2021/07/15 09:51:30 Q=5
2026-01-06 17:19:02,666 - INFO - [GINSLIB] processing : 2021/07/15 09:51:31 Q=5
2026-01-06 17:19:02,672 - INFO - [GINSLIB] processing : 2021/07/15 09:51:32 Q=5
2026-01-06 17:19:02,678 - INFO - [GINSLIB] processing : 2021/07/15 09:51:33 Q=5
2026-01-06 17:19:02,685 - INFO - [GINSLIB] processing : 2021/07/15 09:51:34 Q=5
2026-01-06 17:19:02,692 - INFO - [GINSLIB] processing : 2021/07/15 09:51:35 Q=5
2026-01-06 17:19:02,697 - INFO - [GINSLIB] processing : 2021/07/15 09:51:36 Q=5
2026-01-06 17:19:02,702 - INFO - [GINSLIB] processing : 2021/07/15 09:51:37 Q=5
2026-01-06 17:19:02,708 - INFO - [GINSLIB] processing : 2021/07/15 09:51:38 Q=5
2026-01-06 17:19:02,715 - INFO - [GINSLIB] processing : 2021/07/15 09:51:39 Q=5
2026-01-06 17:19:02,720 - INFO - [GINSLIB] processing : 2021/07/15 09:51:40 Q=5
2026-01-06 17:19:02,729 - INFO - [GINSLIB] processing : 2021/07/15 09:51:41 Q=5
2026-01-06 17:19:02,731 - INFO - [GINSLIB] processing : 2021/07/15 09:51:42 Q=5
2026-01-06 17:19:02,737 - INFO - [GINSLIB] processing : 2021/07/15 09:51:43 Q=5
2026-01-06 17:19:02,742 - INFO - [GINSLIB] processing : 2021/07/15 09:51:44 Q=5
2026-01-06 17:19:02,748 - INFO - [GINSLIB] processing : 2021/07/15 09:51:45 Q=5
2026-01-06 17:19:02,756 - INFO - [GINSLIB] processing : 2021/07/15 09:51:46 Q=5
2026-01-06 17:19:02,757 - INFO - [GINSLIB] processing : 2021/07/15 09:51:47 Q=5
2026-01-06 17:19:02,765 - INFO - [GINSLIB] processing : 2021/07/15 09:51:48 Q=5
2026-01-06 17:19:02,771 - INFO - [GINSLIB] processing : 2021/07/15 09:51:49 Q=5
2026-01-06 17:19:02,777 - INFO - [GINSLIB] processing : 2021/07/15 09:51:50 Q=5
2026-01-06 17:19:02,787 - INFO - [GINSLIB] processing : 2021/07/15 09:51:51 Q=5
2026-01-06 17:19:02,789 - INFO - [GINSLIB] processing : 2021/07/15 09:51:52 Q=5
2026-01-06 17:19:02,795 - INFO - [GINSLIB] processing : 2021/07/15 09:51:53 Q=5
2026-01-06 17:19:02,801 - INFO - [GINSLIB] processing : 2021/07/15 09:51:54 Q=5
2026-01-06 17:19:02,807 - INFO - [GINSLIB] processing : 2021/07/15 09:51:55 Q=5
2026-01-06 17:19:02,814 - INFO - [GINSLIB] processing : 2021/07/15 09:51:56 Q=5
2026-01-06 17:19:02,818 - INFO - [GINSLIB] processing : 2021/07/15 09:51:57 Q=5
2026-01-06 17:19:02,823 - INFO - [GINSLIB] processing : 2021/07/15 09:51:58 Q=5
2026-01-06 17:19:02,829 - INFO - [GINSLIB] processing : 2021/07/15 09:51:59 Q=5
2026-01-06 17:19:02,834 - INFO - [GINSLIB] processing : 2021/07/15 09:52:00 Q=5
2026-01-06 17:19:02,840 - INFO - [GINSLIB] processing : 2021/07/15 09:52:01 Q=5
2026-01-06 17:19:02,845 - INFO - [GINSLIB] processing : 2021/07/15 09:52:02 Q=5
2026-01-06 17:19:02,850 - INFO - [GINSLIB] processing : 2021/07/15 09:52:03 Q=5
2026-01-06 17:19:02,856 - INFO - [GINSLIB] processing : 2021/07/15 09:52:04 Q=5
2026-01-06 17:19:02,862 - INFO - [GINSLIB] processing : 2021/07/15 09:52:05 Q=5
2026-01-06 17:19:02,869 - INFO - [GINSLIB] processing : 2021/07/15 09:52:06 Q=5
2026-01-06 17:19:02,875 - INFO - [GINSLIB] processing : 2021/07/15 09:52:07 Q=5
2026-01-06 17:19:02,881 - INFO - [GINSLIB] processing : 2021/07/15 09:52:08 Q=5
2026-01-06 17:19:02,888 - INFO - [GINSLIB] processing : 2021/07/15 09:52:09 Q=5
2026-01-06 17:19:02,894 - INFO - [GINSLIB] processing : 2021/07/15 09:52:10 Q=5
2026-01-06 17:19:02,901 - INFO - [GINSLIB] processing : 2021/07/15 09:52:11 Q=5
2026-01-06 17:19:02,911 - INFO - [GINSLIB] processing : 2021/07/15 09:52:12 Q=5
2026-01-06 17:19:02,913 - INFO - [GINSLIB] processing : 2021/07/15 09:52:13 Q=5
2026-01-06 17:19:02,922 - INFO - [GINSLIB] processing : 2021/07/15 09:52:14 Q=5
2026-01-06 17:19:02,929 - INFO - [GINSLIB] processing : 2021/07/15 09:52:15 Q=5
2026-01-06 17:19:02,935 - INFO - [GINSLIB] processing : 2021/07/15 09:52:16 Q=5
2026-01-06 17:19:02,947 - INFO - [GINSLIB] processing : 2021/07/15 09:52:17 Q=5
2026-01-06 17:19:02,949 - INFO - [GINSLIB] processing : 2021/07/15 09:52:18 Q=5
2026-01-06 17:19:02,956 - INFO - [GINSLIB] processing : 2021/07/15 09:52:19 Q=5
2026-01-06 17:19:02,964 - INFO - [GINSLIB] processing : 2021/07/15 09:52:20 Q=5
2026-01-06 17:19:02,970 - INFO - [GINSLIB] processing : 2021/07/15 09:52:21 Q=5
2026-01-06 17:19:02,982 - INFO - [GINSLIB] processing : 2021/07/15 09:52:22 Q=5
2026-01-06 17:19:02,984 - INFO - [GINSLIB] processing : 2021/07/15 09:52:23 Q=5
2026-01-06 17:19:02,991 - INFO - [GINSLIB] processing : 2021/07/15 09:52:24 Q=5
2026-01-06 17:19:03,000 - INFO - [GINSLIB] processing : 2021/07/15 09:52:25 Q=5
2026-01-06 17:19:03,007 - INFO - [GINSLIB] processing : 2021/07/15 09:52:26 Q=5
2026-01-06 17:19:03,012 - INFO - [GINSLIB] processing : 2021/07/15 09:52:27 Q=5
2026-01-06 17:19:03,016 - INFO - [GINSLIB] processing : 2021/07/15 09:52:28 Q=5
2026-01-06 17:19:03,024 - INFO - [GINSLIB] processing : 2021/07/15 09:52:29 Q=5
2026-01-06 17:19:03,029 - INFO - [GINSLIB] processing : 2021/07/15 09:52:30 Q=5
2026-01-06 17:19:03,036 - INFO - [GINSLIB] processing : 2021/07/15 09:52:31 Q=5
2026-01-06 17:19:03,044 - INFO - [GINSLIB] processing : 2021/07/15 09:52:32 Q=5
2026-01-06 17:19:03,048 - INFO - [GINSLIB] processing : 2021/07/15 09:52:33 Q=5
2026-01-06 17:19:03,054 - INFO - [GINSLIB] processing : 2021/07/15 09:52:34 Q=5
2026-01-06 17:19:03,061 - INFO - [GINSLIB] processing : 2021/07/15 09:52:35 Q=5
2026-01-06 17:19:03,069 - INFO - [GINSLIB] processing : 2021/07/15 09:52:36 Q=5
2026-01-06 17:19:03,076 - INFO - [GINSLIB] processing : 2021/07/15 09:52:37 Q=5
2026-01-06 17:19:03,082 - INFO - [GINSLIB] processing : 2021/07/15 09:52:38 Q=5
2026-01-06 17:19:03,088 - INFO - [GINSLIB] processing : 2021/07/15 09:52:39 Q=5
2026-01-06 17:19:03,095 - INFO - [GINSLIB] processing : 2021/07/15 09:52:40 Q=5
2026-01-06 17:19:03,102 - INFO - [GINSLIB] processing : 2021/07/15 09:52:41 Q=5
2026-01-06 17:19:03,109 - INFO - [GINSLIB] processing : 2021/07/15 09:52:42 Q=5
2026-01-06 17:19:03,121 - INFO - [GINSLIB] processing : 2021/07/15 09:52:43 Q=5
2026-01-06 17:19:03,122 - INFO - [GINSLIB] processing : 2021/07/15 09:52:44 Q=5
2026-01-06 17:19:03,131 - INFO - [GINSLIB] processing : 2021/07/15 09:52:45 Q=5
2026-01-06 17:19:03,137 - INFO - [GINSLIB] processing : 2021/07/15 09:52:46 Q=5
2026-01-06 17:19:03,145 - INFO - [GINSLIB] processing : 2021/07/15 09:52:47 Q=5
2026-01-06 17:19:03,155 - INFO - [GINSLIB] processing : 2021/07/15 09:52:48 Q=5
2026-01-06 17:19:03,157 - INFO - [GINSLIB] processing : 2021/07/15 09:52:49 Q=5
2026-01-06 17:19:03,165 - INFO - [GINSLIB] processing : 2021/07/15 09:52:50 Q=5
2026-01-06 17:19:03,172 - INFO - [GINSLIB] processing : 2021/07/15 09:52:51 Q=5
2026-01-06 17:19:03,181 - INFO - [GINSLIB] processing : 2021/07/15 09:52:52 Q=5
2026-01-06 17:19:03,192 - INFO - [GINSLIB] processing : 2021/07/15 09:52:53 Q=5
2026-01-06 17:19:03,194 - INFO - [GINSLIB] processing : 2021/07/15 09:52:54 Q=5
2026-01-06 17:19:03,200 - INFO - [GINSLIB] processing : 2021/07/15 09:52:55 Q=5
2026-01-06 17:19:03,206 - INFO - [GINSLIB] processing : 2021/07/15 09:52:56 Q=5
2026-01-06 17:19:03,213 - INFO - [GINSLIB] processing : 2021/07/15 09:52:57 Q=5
2026-01-06 17:19:03,219 - INFO - [GINSLIB] processing : 2021/07/15 09:52:58 Q=5
2026-01-06 17:19:03,226 - INFO - [GINSLIB] processing : 2021/07/15 09:52:59 Q=5
2026-01-06 17:19:03,232 - INFO - [GINSLIB] processing : 2021/07/15 09:53:00 Q=5
2026-01-06 17:19:03,239 - INFO - [GINSLIB] processing : 2021/07/15 09:53:01 Q=5
2026-01-06 17:19:03,245 - INFO - [GINSLIB] processing : 2021/07/15 09:53:02 Q=5
2026-01-06 17:19:03,251 - INFO - [GINSLIB] processing : 2021/07/15 09:53:03 Q=5
2026-01-06 17:19:03,257 - INFO - [GINSLIB] processing : 2021/07/15 09:53:04 Q=5
2026-01-06 17:19:03,263 - INFO - [GINSLIB] processing : 2021/07/15 09:53:05 Q=5
2026-01-06 17:19:03,270 - INFO - [GINSLIB] processing : 2021/07/15 09:53:06 Q=5
2026-01-06 17:19:03,277 - INFO - [GINSLIB] processing : 2021/07/15 09:53:07 Q=5
2026-01-06 17:19:03,283 - INFO - [GINSLIB] processing : 2021/07/15 09:53:08 Q=5
2026-01-06 17:19:03,288 - INFO - [GINSLIB] processing : 2021/07/15 09:53:09 Q=5
2026-01-06 17:19:03,295 - INFO - [GINSLIB] processing : 2021/07/15 09:53:10 Q=5
2026-01-06 17:19:03,302 - INFO - [GINSLIB] processing : 2021/07/15 09:53:11 Q=5
2026-01-06 17:19:03,308 - INFO - [GINSLIB] processing : 2021/07/15 09:53:12 Q=5
2026-01-06 17:19:03,314 - INFO - [GINSLIB] processing : 2021/07/15 09:53:13 Q=5
2026-01-06 17:19:03,323 - INFO - [GINSLIB] processing : 2021/07/15 09:53:14 Q=5
2026-01-06 17:19:03,325 - INFO - [GINSLIB] processing : 2021/07/15 09:53:15 Q=5
2026-01-06 17:19:03,333 - INFO - [GINSLIB] processing : 2021/07/15 09:53:16 Q=5
2026-01-06 17:19:03,339 - INFO - [GINSLIB] processing : 2021/07/15 09:53:17 Q=5
2026-01-06 17:19:03,346 - INFO - [GINSLIB] processing : 2021/07/15 09:53:18 Q=5
2026-01-06 17:19:03,355 - INFO - [GINSLIB] processing : 2021/07/15 09:53:19 Q=5
2026-01-06 17:19:03,357 - INFO - [GINSLIB] processing : 2021/07/15 09:53:20 Q=5
2026-01-06 17:19:03,364 - INFO - [GINSLIB] processing : 2021/07/15 09:53:21 Q=5
2026-01-06 17:19:03,369 - INFO - [GINSLIB] processing : 2021/07/15 09:53:22 Q=5
2026-01-06 17:19:03,376 - INFO - [GINSLIB] processing : 2021/07/15 09:53:23 Q=5
2026-01-06 17:19:03,387 - INFO - [GINSLIB] processing : 2021/07/15 09:53:24 Q=5
2026-01-06 17:19:03,388 - INFO - [GINSLIB] processing : 2021/07/15 09:53:25 Q=5
2026-01-06 17:19:03,396 - INFO - [GINSLIB] processing : 2021/07/15 09:53:26 Q=5
2026-01-06 17:19:03,402 - INFO - [GINSLIB] processing : 2021/07/15 09:53:27 Q=5
2026-01-06 17:19:03,411 - INFO - [GINSLIB] processing : 2021/07/15 09:53:28 Q=5
2026-01-06 17:19:03,417 - INFO - [GINSLIB] processing : 2021/07/15 09:53:29 Q=5
2026-01-06 17:19:03,421 - INFO - [GINSLIB] processing : 2021/07/15 09:53:30 Q=5
2026-01-06 17:19:03,429 - INFO - [GINSLIB] processing : 2021/07/15 09:53:31 Q=5
2026-01-06 17:19:03,434 - INFO - [GINSLIB] processing : 2021/07/15 09:53:32 Q=5
2026-01-06 17:19:03,442 - INFO - [GINSLIB] processing : 2021/07/15 09:53:33 Q=5
2026-01-06 17:19:03,447 - INFO - [GINSLIB] processing : 2021/07/15 09:53:34 Q=5
2026-01-06 17:19:03,452 - INFO - [GINSLIB] processing : 2021/07/15 09:53:35 Q=5
2026-01-06 17:19:03,459 - INFO - [GINSLIB] processing : 2021/07/15 09:53:36 Q=5
2026-01-06 17:19:03,465 - INFO - [GINSLIB] processing : 2021/07/15 09:53:37 Q=5
2026-01-06 17:19:03,472 - INFO - [GINSLIB] processing : 2021/07/15 09:53:38 Q=5
2026-01-06 17:19:03,479 - INFO - [GINSLIB] processing : 2021/07/15 09:53:39 Q=5
2026-01-06 17:19:03,486 - INFO - [GINSLIB] processing : 2021/07/15 09:53:40 Q=5
2026-01-06 17:19:03,494 - INFO - [GINSLIB] processing : 2021/07/15 09:53:41 Q=5
2026-01-06 17:19:03,503 - INFO - [GINSLIB] processing : 2021/07/15 09:53:42 Q=5
2026-01-06 17:19:03,510 - INFO - [GINSLIB] processing : 2021/07/15 09:53:43 Q=5
2026-01-06 17:19:03,517 - INFO - [GINSLIB] processing : 2021/07/15 09:53:44 Q=5
2026-01-06 17:19:03,528 - INFO - [GINSLIB] processing : 2021/07/15 09:53:45 Q=5
2026-01-06 17:19:03,529 - INFO - [GINSLIB] processing : 2021/07/15 09:53:46 Q=5
2026-01-06 17:19:03,536 - INFO - [GINSLIB] processing : 2021/07/15 09:53:47 Q=5
2026-01-06 17:19:03,543 - INFO - [GINSLIB] processing : 2021/07/15 09:53:48 Q=5
2026-01-06 17:19:03,551 - INFO - [GINSLIB] processing : 2021/07/15 09:53:49 Q=5
2026-01-06 17:19:03,561 - INFO - [GINSLIB] processing : 2021/07/15 09:53:50 Q=5
2026-01-06 17:19:03,562 - INFO - [GINSLIB] processing : 2021/07/15 09:53:51 Q=5
2026-01-06 17:19:03,568 - INFO - [GINSLIB] processing : 2021/07/15 09:53:52 Q=5
2026-01-06 17:19:03,574 - INFO - [GINSLIB] processing : 2021/07/15 09:53:53 Q=5
2026-01-06 17:19:03,583 - INFO - [GINSLIB] processing : 2021/07/15 09:53:54 Q=5
2026-01-06 17:19:03,597 - INFO - [GINSLIB] processing : 2021/07/15 09:53:55 Q=5
2026-01-06 17:19:03,598 - INFO - [GINSLIB] processing : 2021/07/15 09:53:56 Q=5
2026-01-06 17:19:03,605 - INFO - [GINSLIB] processing : 2021/07/15 09:53:57 Q=5
2026-01-06 17:19:03,614 - INFO - [GINSLIB] processing : 2021/07/15 09:53:58 Q=5
2026-01-06 17:19:03,623 - INFO - [GINSLIB] processing : 2021/07/15 09:53:59 Q=5
2026-01-06 17:19:03,632 - INFO - [GINSLIB] processing : 2021/07/15 09:54:00 Q=5
2026-01-06 17:19:03,639 - INFO - [GINSLIB] processing : 2021/07/15 09:54:01 Q=5
2026-01-06 17:19:03,646 - INFO - [GINSLIB] processing : 2021/07/15 09:54:02 Q=5
2026-01-06 17:19:03,655 - INFO - [GINSLIB] processing : 2021/07/15 09:54:03 Q=5
2026-01-06 17:19:03,664 - INFO - [GINSLIB] processing : 2021/07/15 09:54:04 Q=5
2026-01-06 17:19:03,673 - INFO - [GINSLIB] processing : 2021/07/15 09:54:05 Q=5
2026-01-06 17:19:03,681 - INFO - [GINSLIB] processing : 2021/07/15 09:54:06 Q=5
2026-01-06 17:19:03,690 - INFO - [GINSLIB] processing : 2021/07/15 09:54:07 Q=5
2026-01-06 17:19:03,700 - INFO - [GINSLIB] processing : 2021/07/15 09:54:08 Q=5
2026-01-06 17:19:03,708 - INFO - [GINSLIB] processing : 2021/07/15 09:54:09 Q=5
2026-01-06 17:19:03,716 - INFO - [GINSLIB] processing : 2021/07/15 09:54:10 Q=5
2026-01-06 17:19:03,729 - INFO - [GINSLIB] processing : 2021/07/15 09:54:11 Q=5
2026-01-06 17:19:03,730 - INFO - [GINSLIB] processing : 2021/07/15 09:54:12 Q=5
2026-01-06 17:19:03,737 - INFO - [GINSLIB] processing : 2021/07/15 09:54:13 Q=5
2026-01-06 17:19:03,748 - INFO - [GINSLIB] processing : 2021/07/15 09:54:14 Q=5
2026-01-06 17:19:03,754 - INFO - [GINSLIB] processing : 2021/07/15 09:54:15 Q=5
2026-01-06 17:19:03,766 - INFO - [GINSLIB] processing : 2021/07/15 09:54:16 Q=5
2026-01-06 17:19:03,767 - INFO - [GINSLIB] processing : 2021/07/15 09:54:17 Q=5
2026-01-06 17:19:03,777 - INFO - [GINSLIB] processing : 2021/07/15 09:54:18 Q=5
2026-01-06 17:19:03,785 - INFO - [GINSLIB] processing : 2021/07/15 09:54:19 Q=5
2026-01-06 17:19:03,795 - INFO - [GINSLIB] processing : 2021/07/15 09:54:20 Q=5
2026-01-06 17:19:03,805 - INFO - [GINSLIB] processing : 2021/07/15 09:54:21 Q=5
2026-01-06 17:19:03,806 - INFO - [GINSLIB] processing : 2021/07/15 09:54:22 Q=5
2026-01-06 17:19:03,812 - INFO - [GINSLIB] processing : 2021/07/15 09:54:23 Q=5
2026-01-06 17:19:03,818 - INFO - [GINSLIB] processing : 2021/07/15 09:54:24 Q=5
2026-01-06 17:19:03,824 - INFO - [GINSLIB] processing : 2021/07/15 09:54:25 Q=5
2026-01-06 17:19:03,833 - INFO - [GINSLIB] processing : 2021/07/15 09:54:26 Q=5
2026-01-06 17:19:03,835 - INFO - [GINSLIB] processing : 2021/07/15 09:54:27 Q=5
2026-01-06 17:19:03,840 - INFO - [GINSLIB] processing : 2021/07/15 09:54:28 Q=5
2026-01-06 17:19:03,846 - INFO - [GINSLIB] processing : 2021/07/15 09:54:29 Q=5
2026-01-06 17:19:03,852 - INFO - [GINSLIB] processing : 2021/07/15 09:54:30 Q=5
2026-01-06 17:19:03,858 - INFO - [GINSLIB] processing : 2021/07/15 09:54:31 Q=5
2026-01-06 17:19:03,863 - INFO - [GINSLIB] processing : 2021/07/15 09:54:32 Q=5
2026-01-06 17:19:03,870 - INFO - [GINSLIB] processing : 2021/07/15 09:54:33 Q=5
2026-01-06 17:19:03,876 - INFO - [GINSLIB] processing : 2021/07/15 09:54:34 Q=5
2026-01-06 17:19:03,882 - INFO - [GINSLIB] processing : 2021/07/15 09:54:35 Q=5
2026-01-06 17:19:03,887 - INFO - [GINSLIB] processing : 2021/07/15 09:54:36 Q=5
2026-01-06 17:19:03,892 - INFO - [GINSLIB] processing : 2021/07/15 09:54:37 Q=5
2026-01-06 17:19:03,898 - INFO - [GINSLIB] processing : 2021/07/15 09:54:38 Q=5
2026-01-06 17:19:03,904 - INFO - [GINSLIB] processing : 2021/07/15 09:54:39 Q=5
2026-01-06 17:19:03,910 - INFO - [GINSLIB] processing : 2021/07/15 09:54:40 Q=5
2026-01-06 17:19:03,917 - INFO - [GINSLIB] processing : 2021/07/15 09:54:41 Q=5
2026-01-06 17:19:03,927 - INFO - [GINSLIB] processing : 2021/07/15 09:54:42 Q=5
2026-01-06 17:19:03,928 - INFO - [GINSLIB] processing : 2021/07/15 09:54:43 Q=5
2026-01-06 17:19:03,934 - INFO - [GINSLIB] processing : 2021/07/15 09:54:44 Q=5
2026-01-06 17:19:03,939 - INFO - [GINSLIB] processing : 2021/07/15 09:54:45 Q=5
2026-01-06 17:19:03,946 - INFO - [GINSLIB] processing : 2021/07/15 09:54:46 Q=5
2026-01-06 17:19:03,956 - INFO - [GINSLIB] processing : 2021/07/15 09:54:47 Q=5
2026-01-06 17:19:03,957 - INFO - [GINSLIB] processing : 2021/07/15 09:54:48 Q=5
2026-01-06 17:19:03,964 - INFO - [GINSLIB] processing : 2021/07/15 09:54:49 Q=5
2026-01-06 17:19:03,969 - INFO - [GINSLIB] processing : 2021/07/15 09:54:50 Q=5
2026-01-06 17:19:03,976 - INFO - [GINSLIB] processing : 2021/07/15 09:54:51 Q=5
2026-01-06 17:19:03,985 - INFO - [GINSLIB] processing : 2021/07/15 09:54:52 Q=5
2026-01-06 17:19:03,986 - INFO - [GINSLIB] processing : 2021/07/15 09:54:53 Q=5
2026-01-06 17:19:03,992 - INFO - [GINSLIB] processing : 2021/07/15 09:54:54 Q=5
2026-01-06 17:19:03,998 - INFO - [GINSLIB] processing : 2021/07/15 09:54:55 Q=5
2026-01-06 17:19:04,004 - INFO - [GINSLIB] processing : 2021/07/15 09:54:56 Q=5
2026-01-06 17:19:04,011 - INFO - [GINSLIB] processing : 2021/07/15 09:54:57 Q=5
2026-01-06 17:19:04,015 - INFO - [GINSLIB] processing : 2021/07/15 09:54:58 Q=5
2026-01-06 17:19:04,020 - INFO - [GINSLIB] processing : 2021/07/15 09:54:59 Q=5
2026-01-06 17:19:04,026 - INFO - [GINSLIB] processing : 2021/07/15 09:55:00 Q=5
2026-01-06 17:19:04,031 - INFO - [GINSLIB] processing : 2021/07/15 09:55:01 Q=5
2026-01-06 17:19:04,038 - INFO - [GINSLIB] processing : 2021/07/15 09:55:02 Q=5
2026-01-06 17:19:04,044 - INFO - [GINSLIB] processing : 2021/07/15 09:55:03 Q=5
2026-01-06 17:19:04,049 - INFO - [GINSLIB] processing : 2021/07/15 09:55:04 Q=5
2026-01-06 17:19:04,056 - INFO - [GINSLIB] processing : 2021/07/15 09:55:05 Q=5
2026-01-06 17:19:04,062 - INFO - [GINSLIB] processing : 2021/07/15 09:55:06 Q=5
2026-01-06 17:19:04,067 - INFO - [GINSLIB] processing : 2021/07/15 09:55:07 Q=5
2026-01-06 17:19:04,074 - INFO - [GINSLIB] processing : 2021/07/15 09:55:08 Q=5
2026-01-06 17:19:04,080 - INFO - [GINSLIB] processing : 2021/07/15 09:55:09 Q=5
2026-01-06 17:19:04,087 - INFO - [GINSLIB] processing : 2021/07/15 09:55:10 Q=5
2026-01-06 17:19:04,093 - INFO - [GINSLIB] processing : 2021/07/15 09:55:11 Q=5
2026-01-06 17:19:04,101 - INFO - [GINSLIB] processing : 2021/07/15 09:55:12 Q=5
2026-01-06 17:19:04,112 - INFO - [GINSLIB] processing : 2021/07/15 09:55:13 Q=5
2026-01-06 17:19:04,114 - INFO - [GINSLIB] processing : 2021/07/15 09:55:14 Q=5
2026-01-06 17:19:04,122 - INFO - [GINSLIB] processing : 2021/07/15 09:55:15 Q=5
2026-01-06 17:19:04,128 - INFO - [GINSLIB] processing : 2021/07/15 09:55:16 Q=5
2026-01-06 17:19:04,135 - INFO - [GINSLIB] processing : 2021/07/15 09:55:17 Q=5
2026-01-06 17:19:04,145 - INFO - [GINSLIB] processing : 2021/07/15 09:55:18 Q=5
2026-01-06 17:19:04,147 - INFO - [GINSLIB] processing : 2021/07/15 09:55:19 Q=5
2026-01-06 17:19:04,154 - INFO - [GINSLIB] processing : 2021/07/15 09:55:20 Q=5
2026-01-06 17:19:04,163 - INFO - [GINSLIB] processing : 2021/07/15 09:55:21 Q=5
2026-01-06 17:19:04,169 - INFO - [GINSLIB] processing : 2021/07/15 09:55:22 Q=5
2026-01-06 17:19:04,180 - INFO - [GINSLIB] processing : 2021/07/15 09:55:23 Q=5
2026-01-06 17:19:04,182 - INFO - [GINSLIB] processing : 2021/07/15 09:55:24 Q=5
2026-01-06 17:19:04,188 - INFO - [GINSLIB] processing : 2021/07/15 09:55:25 Q=5
2026-01-06 17:19:04,196 - INFO - [GINSLIB] processing : 2021/07/15 09:55:26 Q=5
2026-01-06 17:19:04,202 - INFO - [GINSLIB] processing : 2021/07/15 09:55:27 Q=5
2026-01-06 17:19:04,210 - INFO - [GINSLIB] processing : 2021/07/15 09:55:28 Q=5
2026-01-06 17:19:04,217 - INFO - [GINSLIB] processing : 2021/07/15 09:55:29 Q=5
2026-01-06 17:19:04,224 - INFO - [GINSLIB] processing : 2021/07/15 09:55:30 Q=5
2026-01-06 17:19:04,231 - INFO - [GINSLIB] processing : 2021/07/15 09:55:31 Q=5
2026-01-06 17:19:04,238 - INFO - [GINSLIB] processing : 2021/07/15 09:55:32 Q=5
2026-01-06 17:19:04,245 - INFO - [GINSLIB] processing : 2021/07/15 09:55:33 Q=5
2026-01-06 17:19:04,250 - INFO - [GINSLIB] processing : 2021/07/15 09:55:34 Q=5
2026-01-06 17:19:04,256 - INFO - [GINSLIB] processing : 2021/07/15 09:55:35 Q=5
2026-01-06 17:19:04,263 - INFO - [GINSLIB] processing : 2021/07/15 09:55:36 Q=5
2026-01-06 17:19:04,269 - INFO - [GINSLIB] processing : 2021/07/15 09:55:37 Q=5
2026-01-06 17:19:04,278 - INFO - [GINSLIB] processing : 2021/07/15 09:55:38 Q=5
2026-01-06 17:19:04,284 - INFO - [GINSLIB] processing : 2021/07/15 09:55:39 Q=5
2026-01-06 17:19:04,292 - INFO - [GINSLIB] processing : 2021/07/15 09:55:40 Q=5
2026-01-06 17:19:04,298 - INFO - [GINSLIB] processing : 2021/07/15 09:55:41 Q=5
2026-01-06 17:19:04,305 - INFO - [GINSLIB] processing : 2021/07/15 09:55:42 Q=5
2026-01-06 17:19:04,311 - INFO - [GINSLIB] processing : 2021/07/15 09:55:43 Q=5
2026-01-06 17:19:04,321 - INFO - [GINSLIB] processing : 2021/07/15 09:55:44 Q=5
2026-01-06 17:19:04,322 - INFO - [GINSLIB] processing : 2021/07/15 09:55:45 Q=5
2026-01-06 17:19:04,328 - INFO - [GINSLIB] processing : 2021/07/15 09:55:46 Q=5
2026-01-06 17:19:04,333 - INFO - [GINSLIB] processing : 2021/07/15 09:55:47 Q=5
2026-01-06 17:19:04,340 - INFO - [GINSLIB] processing : 2021/07/15 09:55:48 Q=5
2026-01-06 17:19:04,350 - INFO - [GINSLIB] processing : 2021/07/15 09:55:49 Q=5
2026-01-06 17:19:04,351 - INFO - [GINSLIB] processing : 2021/07/15 09:55:50 Q=5
2026-01-06 17:19:04,357 - INFO - [GINSLIB] processing : 2021/07/15 09:55:51 Q=5
2026-01-06 17:19:04,362 - INFO - [GINSLIB] processing : 2021/07/15 09:55:52 Q=5
2026-01-06 17:19:04,368 - INFO - [GINSLIB] processing : 2021/07/15 09:55:53 Q=5
2026-01-06 17:19:04,378 - INFO - [GINSLIB] processing : 2021/07/15 09:55:54 Q=5
2026-01-06 17:19:04,379 - INFO - [GINSLIB] processing : 2021/07/15 09:55:55 Q=5
2026-01-06 17:19:04,386 - INFO - [GINSLIB] processing : 2021/07/15 09:55:56 Q=5
2026-01-06 17:19:04,392 - INFO - [GINSLIB] processing : 2021/07/15 09:55:57 Q=5
2026-01-06 17:19:04,399 - INFO - [GINSLIB] processing : 2021/07/15 09:55:58 Q=5
2026-01-06 17:19:04,405 - INFO - [GINSLIB] processing : 2021/07/15 09:55:59 Q=5
2026-01-06 17:19:04,410 - INFO - [GINSLIB] processing : 2021/07/15 09:56:00 Q=5
2026-01-06 17:19:04,417 - INFO - [GINSLIB] processing : 2021/07/15 09:56:01 Q=5
2026-01-06 17:19:04,422 - INFO - [GINSLIB] processing : 2021/07/15 09:56:02 Q=5
2026-01-06 17:19:04,430 - INFO - [GINSLIB] processing : 2021/07/15 09:56:03 Q=5
2026-01-06 17:19:04,437 - INFO - [GINSLIB] processing : 2021/07/15 09:56:04 Q=5
2026-01-06 17:19:04,444 - INFO - [GINSLIB] processing : 2021/07/15 09:56:05 Q=5
2026-01-06 17:19:04,453 - INFO - [GINSLIB] processing : 2021/07/15 09:56:06 Q=5
2026-01-06 17:19:04,461 - INFO - [GINSLIB] processing : 2021/07/15 09:56:07 Q=5
2026-01-06 17:19:04,467 - INFO - [GINSLIB] processing : 2021/07/15 09:56:08 Q=5
2026-01-06 17:19:04,475 - INFO - [GINSLIB] processing : 2021/07/15 09:56:09 Q=5
2026-01-06 17:19:04,483 - INFO - [GINSLIB] processing : 2021/07/15 09:56:10 Q=5
2026-01-06 17:19:04,491 - INFO - [GINSLIB] processing : 2021/07/15 09:56:11 Q=5
2026-01-06 17:19:04,498 - INFO - [GINSLIB] processing : 2021/07/15 09:56:12 Q=5
2026-01-06 17:19:04,505 - INFO - [GINSLIB] processing : 2021/07/15 09:56:13 Q=5
2026-01-06 17:19:04,513 - INFO - [GINSLIB] processing : 2021/07/15 09:56:14 Q=5
2026-01-06 17:19:04,525 - INFO - [GINSLIB] processing : 2021/07/15 09:56:15 Q=5
2026-01-06 17:19:04,526 - INFO - [GINSLIB] processing : 2021/07/15 09:56:16 Q=5
2026-01-06 17:19:04,532 - INFO - [GINSLIB] processing : 2021/07/15 09:56:17 Q=5
2026-01-06 17:19:04,540 - INFO - [GINSLIB] processing : 2021/07/15 09:56:18 Q=5
2026-01-06 17:19:04,545 - INFO - [GINSLIB] processing : 2021/07/15 09:56:19 Q=5
2026-01-06 17:19:04,557 - INFO - [GINSLIB] processing : 2021/07/15 09:56:20 Q=5
2026-01-06 17:19:04,558 - INFO - [GINSLIB] processing : 2021/07/15 09:56:21 Q=5
2026-01-06 17:19:04,563 - INFO - [GINSLIB] processing : 2021/07/15 09:56:22 Q=5
2026-01-06 17:19:04,570 - INFO - [GINSLIB] processing : 2021/07/15 09:56:23 Q=5
2026-01-06 17:19:04,575 - INFO - [GINSLIB] processing : 2021/07/15 09:56:24 Q=5
2026-01-06 17:19:04,586 - INFO - [GINSLIB] processing : 2021/07/15 09:56:25 Q=5
2026-01-06 17:19:04,587 - INFO - [GINSLIB] processing : 2021/07/15 09:56:26 Q=5
2026-01-06 17:19:04,593 - INFO - [GINSLIB] processing : 2021/07/15 09:56:27 Q=5
2026-01-06 17:19:04,600 - INFO - [GINSLIB] processing : 2021/07/15 09:56:28 Q=5
2026-01-06 17:19:04,605 - INFO - [GINSLIB] processing : 2021/07/15 09:56:29 Q=5
2026-01-06 17:19:04,611 - INFO - [GINSLIB] processing : 2021/07/15 09:56:30 Q=5
2026-01-06 17:19:04,618 - INFO - [GINSLIB] processing : 2021/07/15 09:56:31 Q=5
2026-01-06 17:19:04,624 - INFO - [GINSLIB] processing : 2021/07/15 09:56:32 Q=5
2026-01-06 17:19:04,632 - INFO - [GINSLIB] processing : 2021/07/15 09:56:33 Q=5
2026-01-06 17:19:04,637 - INFO - [GINSLIB] processing : 2021/07/15 09:56:34 Q=5
2026-01-06 17:19:04,644 - INFO - [GINSLIB] processing : 2021/07/15 09:56:35 Q=5
2026-01-06 17:19:04,649 - INFO - [GINSLIB] processing : 2021/07/15 09:56:36 Q=5
2026-01-06 17:19:04,654 - INFO - [GINSLIB] processing : 2021/07/15 09:56:37 Q=5
2026-01-06 17:19:04,661 - INFO - [GINSLIB] processing : 2021/07/15 09:56:38 Q=5
2026-01-06 17:19:04,668 - INFO - [GINSLIB] processing : 2021/07/15 09:56:39 Q=5
2026-01-06 17:19:04,675 - INFO - [GINSLIB] processing : 2021/07/15 09:56:40 Q=5
2026-01-06 17:19:04,686 - INFO - [GINSLIB] processing : 2021/07/15 09:56:41 Q=5
2026-01-06 17:19:04,687 - INFO - [GINSLIB] processing : 2021/07/15 09:56:42 Q=5
2026-01-06 17:19:04,695 - INFO - [GINSLIB] processing : 2021/07/15 09:56:43 Q=5
2026-01-06 17:19:04,702 - INFO - [GINSLIB] processing : 2021/07/15 09:56:44 Q=5
2026-01-06 17:19:04,710 - INFO - [GINSLIB] processing : 2021/07/15 09:56:45 Q=5
2026-01-06 17:19:04,724 - INFO - [GINSLIB] processing : 2021/07/15 09:56:46 Q=5
2026-01-06 17:19:04,725 - INFO - [GINSLIB] processing : 2021/07/15 09:56:47 Q=5
2026-01-06 17:19:04,731 - INFO - [GINSLIB] processing : 2021/07/15 09:56:48 Q=5
2026-01-06 17:19:04,738 - INFO - [GINSLIB] processing : 2021/07/15 09:56:49 Q=5
2026-01-06 17:19:04,744 - INFO - [GINSLIB] processing : 2021/07/15 09:56:50 Q=5
2026-01-06 17:19:04,755 - INFO - [GINSLIB] processing : 2021/07/15 09:56:51 Q=5
2026-01-06 17:19:04,756 - INFO - [GINSLIB] processing : 2021/07/15 09:56:52 Q=5
2026-01-06 17:19:04,762 - INFO - [GINSLIB] processing : 2021/07/15 09:56:53 Q=5
2026-01-06 17:19:04,769 - INFO - [GINSLIB] processing : 2021/07/15 09:56:54 Q=5
2026-01-06 17:19:04,775 - INFO - [GINSLIB] processing : 2021/07/15 09:56:55 Q=5
2026-01-06 17:19:04,786 - INFO - [GINSLIB] processing : 2021/07/15 09:56:56 Q=5
2026-01-06 17:19:04,787 - INFO - [GINSLIB] processing : 2021/07/15 09:56:57 Q=5
2026-01-06 17:19:04,793 - INFO - [GINSLIB] processing : 2021/07/15 09:56:58 Q=5
2026-01-06 17:19:04,800 - INFO - [GINSLIB] processing : 2021/07/15 09:56:59 Q=5
2026-01-06 17:19:04,807 - INFO - [GINSLIB] processing : 2021/07/15 09:57:00 Q=5
2026-01-06 17:19:04,813 - INFO - [GINSLIB] processing : 2021/07/15 09:57:01 Q=5
2026-01-06 17:19:04,819 - INFO - [GINSLIB] processing : 2021/07/15 09:57:02 Q=5
2026-01-06 17:19:04,824 - INFO - [GINSLIB] processing : 2021/07/15 09:57:03 Q=5
2026-01-06 17:19:04,832 - INFO - [GINSLIB] processing : 2021/07/15 09:57:04 Q=5
2026-01-06 17:19:04,838 - INFO - [GINSLIB] processing : 2021/07/15 09:57:05 Q=5
2026-01-06 17:19:04,846 - INFO - [GINSLIB] processing : 2021/07/15 09:57:06 Q=5
2026-01-06 17:19:04,851 - INFO - [GINSLIB] processing : 2021/07/15 09:57:07 Q=5
2026-01-06 17:19:04,857 - INFO - [GINSLIB] processing : 2021/07/15 09:57:08 Q=5
2026-01-06 17:19:04,864 - INFO - [GINSLIB] processing : 2021/07/15 09:57:09 Q=5
2026-01-06 17:19:04,870 - INFO - [GINSLIB] processing : 2021/07/15 09:57:10 Q=5
2026-01-06 17:19:04,877 - INFO - [GINSLIB] processing : 2021/07/15 09:57:11 Q=5
2026-01-06 17:19:04,888 - INFO - [GINSLIB] processing : 2021/07/15 09:57:12 Q=5
2026-01-06 17:19:04,889 - INFO - [GINSLIB] processing : 2021/07/15 09:57:13 Q=5
2026-01-06 17:19:04,898 - INFO - [GINSLIB] processing : 2021/07/15 09:57:14 Q=5
2026-01-06 17:19:04,904 - INFO - [GINSLIB] processing : 2021/07/15 09:57:15 Q=5
2026-01-06 17:19:04,912 - INFO - [GINSLIB] processing : 2021/07/15 09:57:16 Q=5
2026-01-06 17:19:04,923 - INFO - [GINSLIB] processing : 2021/07/15 09:57:17 Q=5
2026-01-06 17:19:04,925 - INFO - [GINSLIB] processing : 2021/07/15 09:57:18 Q=5
2026-01-06 17:19:04,931 - INFO - [GINSLIB] processing : 2021/07/15 09:57:19 Q=5
2026-01-06 17:19:04,938 - INFO - [GINSLIB] processing : 2021/07/15 09:57:20 Q=5
2026-01-06 17:19:04,945 - INFO - [GINSLIB] processing : 2021/07/15 09:57:21 Q=5
2026-01-06 17:19:04,957 - INFO - [GINSLIB] processing : 2021/07/15 09:57:22 Q=5
2026-01-06 17:19:04,959 - INFO - [GINSLIB] processing : 2021/07/15 09:57:23 Q=5
2026-01-06 17:19:04,969 - INFO - [GINSLIB] processing : 2021/07/15 09:57:24 Q=5
2026-01-06 17:19:04,977 - INFO - [GINSLIB] processing : 2021/07/15 09:57:25 Q=5
2026-01-06 17:19:04,985 - INFO - [GINSLIB] processing : 2021/07/15 09:57:26 Q=5
2026-01-06 17:19:04,994 - INFO - [GINSLIB] processing : 2021/07/15 09:57:27 Q=5
2026-01-06 17:19:05,001 - INFO - [GINSLIB] processing : 2021/07/15 09:57:28 Q=5
2026-01-06 17:19:05,010 - INFO - [GINSLIB] processing : 2021/07/15 09:57:29 Q=5
2026-01-06 17:19:05,018 - INFO - [GINSLIB] processing : 2021/07/15 09:57:30 Q=5
2026-01-06 17:19:05,025 - INFO - [GINSLIB] processing : 2021/07/15 09:57:31 Q=5
2026-01-06 17:19:05,033 - INFO - [GINSLIB] processing : 2021/07/15 09:57:32 Q=5
2026-01-06 17:19:05,039 - INFO - [GINSLIB] processing : 2021/07/15 09:57:33 Q=5
2026-01-06 17:19:05,047 - INFO - [GINSLIB] processing : 2021/07/15 09:57:34 Q=5
2026-01-06 17:19:05,055 - INFO - [GINSLIB] processing : 2021/07/15 09:57:35 Q=5
2026-01-06 17:19:05,064 - INFO - [GINSLIB] processing : 2021/07/15 09:57:36 Q=5
2026-01-06 17:19:05,071 - INFO - [GINSLIB] processing : 2021/07/15 09:57:37 Q=5
2026-01-06 17:19:05,076 - INFO - [GINSLIB] processing : 2021/07/15 09:57:38 Q=5
2026-01-06 17:19:05,083 - INFO - [GINSLIB] processing : 2021/07/15 09:57:39 Q=5
2026-01-06 17:19:05,088 - INFO - [GINSLIB] processing : 2021/07/15 09:57:40 Q=5
2026-01-06 17:19:05,096 - INFO - [GINSLIB] processing : 2021/07/15 09:57:41 Q=5
2026-01-06 17:19:05,102 - INFO - [GINSLIB] processing : 2021/07/15 09:57:42 Q=5
2026-01-06 17:19:05,114 - INFO - [GINSLIB] processing : 2021/07/15 09:57:43 Q=5
2026-01-06 17:19:05,115 - INFO - [GINSLIB] processing : 2021/07/15 09:57:44 Q=5
2026-01-06 17:19:05,121 - INFO - [GINSLIB] processing : 2021/07/15 09:57:45 Q=5
2026-01-06 17:19:05,129 - INFO - [GINSLIB] processing : 2021/07/15 09:57:46 Q=5
2026-01-06 17:19:05,135 - INFO - [GINSLIB] processing : 2021/07/15 09:57:47 Q=5
2026-01-06 17:19:05,145 - INFO - [GINSLIB] processing : 2021/07/15 09:57:48 Q=5
2026-01-06 17:19:05,146 - INFO - [GINSLIB] processing : 2021/07/15 09:57:49 Q=5
2026-01-06 17:19:05,152 - INFO - [GINSLIB] processing : 2021/07/15 09:57:50 Q=5
2026-01-06 17:19:05,159 - INFO - [GINSLIB] processing : 2021/07/15 09:57:51 Q=5
2026-01-06 17:19:05,165 - INFO - [GINSLIB] processing : 2021/07/15 09:57:52 Q=5
2026-01-06 17:19:05,175 - INFO - [GINSLIB] processing : 2021/07/15 09:57:53 Q=5
2026-01-06 17:19:05,176 - INFO - [GINSLIB] processing : 2021/07/15 09:57:54 Q=5
2026-01-06 17:19:05,182 - INFO - [GINSLIB] processing : 2021/07/15 09:57:55 Q=5
2026-01-06 17:19:05,188 - INFO - [GINSLIB] processing : 2021/07/15 09:57:56 Q=5
2026-01-06 17:19:05,195 - INFO - [GINSLIB] processing : 2021/07/15 09:57:57 Q=5
2026-01-06 17:19:05,202 - INFO - [GINSLIB] processing : 2021/07/15 09:57:58 Q=5
2026-01-06 17:19:05,207 - INFO - [GINSLIB] processing : 2021/07/15 09:57:59 Q=5
2026-01-06 17:19:05,214 - INFO - [GINSLIB] processing : 2021/07/15 09:58:00 Q=5
2026-01-06 17:19:05,220 - INFO - [GINSLIB] processing : 2021/07/15 09:58:01 Q=5
2026-01-06 17:19:05,227 - INFO - [GINSLIB] processing : 2021/07/15 09:58:02 Q=5
2026-01-06 17:19:05,235 - INFO - [GINSLIB] processing : 2021/07/15 09:58:03 Q=5
2026-01-06 17:19:05,239 - INFO - [GINSLIB] processing : 2021/07/15 09:58:04 Q=5
2026-01-06 17:19:05,247 - INFO - [GINSLIB] processing : 2021/07/15 09:58:05 Q=5
2026-01-06 17:19:05,254 - INFO - [GINSLIB] processing : 2021/07/15 09:58:06 Q=5
2026-01-06 17:19:05,260 - INFO - [GINSLIB] processing : 2021/07/15 09:58:07 Q=5
2026-01-06 17:19:05,267 - INFO - [GINSLIB] processing : 2021/07/15 09:58:08 Q=5
2026-01-06 17:19:05,272 - INFO - [GINSLIB] processing : 2021/07/15 09:58:09 Q=5
2026-01-06 17:19:05,279 - INFO - [GINSLIB] processing : 2021/07/15 09:58:10 Q=5
2026-01-06 17:19:05,285 - INFO - [GINSLIB] processing : 2021/07/15 09:58:11 Q=5
2026-01-06 17:19:05,291 - INFO - [GINSLIB] processing : 2021/07/15 09:58:12 Q=5
2026-01-06 17:19:05,297 - INFO - [GINSLIB] processing : 2021/07/15 09:58:13 Q=5
2026-01-06 17:19:05,307 - INFO - [GINSLIB] processing : 2021/07/15 09:58:14 Q=5
2026-01-06 17:19:05,308 - INFO - [GINSLIB] processing : 2021/07/15 09:58:15 Q=5
2026-01-06 17:19:05,314 - INFO - [GINSLIB] processing : 2021/07/15 09:58:16 Q=5
2026-01-06 17:19:05,320 - INFO - [GINSLIB] processing : 2021/07/15 09:58:17 Q=5
2026-01-06 17:19:05,327 - INFO - [GINSLIB] processing : 2021/07/15 09:58:18 Q=5
2026-01-06 17:19:05,337 - INFO - [GINSLIB] processing : 2021/07/15 09:58:19 Q=5
2026-01-06 17:19:05,338 - INFO - [GINSLIB] processing : 2021/07/15 09:58:20 Q=5
2026-01-06 17:19:05,346 - INFO - [GINSLIB] processing : 2021/07/15 09:58:21 Q=5
2026-01-06 17:19:05,351 - INFO - [GINSLIB] processing : 2021/07/15 09:58:22 Q=5
2026-01-06 17:19:05,357 - INFO - [GINSLIB] processing : 2021/07/15 09:58:23 Q=5
2026-01-06 17:19:05,366 - INFO - [GINSLIB] processing : 2021/07/15 09:58:24 Q=5
2026-01-06 17:19:05,367 - INFO - [GINSLIB] processing : 2021/07/15 09:58:25 Q=5
2026-01-06 17:19:05,374 - INFO - [GINSLIB] processing : 2021/07/15 09:58:26 Q=5
2026-01-06 17:19:05,381 - INFO - [GINSLIB] processing : 2021/07/15 09:58:27 Q=5
2026-01-06 17:19:05,387 - INFO - [GINSLIB] processing : 2021/07/15 09:58:28 Q=5
2026-01-06 17:19:05,392 - INFO - [GINSLIB] processing : 2021/07/15 09:58:29 Q=5
2026-01-06 17:19:05,397 - INFO - [GINSLIB] processing : 2021/07/15 09:58:30 Q=5
2026-01-06 17:19:05,403 - INFO - [GINSLIB] processing : 2021/07/15 09:58:31 Q=5
2026-01-06 17:19:05,411 - INFO - [GINSLIB] processing : 2021/07/15 09:58:32 Q=5
2026-01-06 17:19:05,416 - INFO - [GINSLIB] processing : 2021/07/15 09:58:33 Q=5
2026-01-06 17:19:05,422 - INFO - [GINSLIB] processing : 2021/07/15 09:58:34 Q=5
2026-01-06 17:19:05,427 - INFO - [GINSLIB] processing : 2021/07/15 09:58:35 Q=5
2026-01-06 17:19:05,434 - INFO - [GINSLIB] processing : 2021/07/15 09:58:36 Q=5
2026-01-06 17:19:05,442 - INFO - [GINSLIB] processing : 2021/07/15 09:58:37 Q=5
2026-01-06 17:19:05,447 - INFO - [GINSLIB] processing : 2021/07/15 09:58:38 Q=5
2026-01-06 17:19:05,454 - INFO - [GINSLIB] processing : 2021/07/15 09:58:39 Q=5
2026-01-06 17:19:05,459 - INFO - [GINSLIB] processing : 2021/07/15 09:58:40 Q=5
2026-01-06 17:19:05,465 - INFO - [GINSLIB] processing : 2021/07/15 09:58:41 Q=5
2026-01-06 17:19:05,472 - INFO - [GINSLIB] processing : 2021/07/15 09:58:42 Q=5
2026-01-06 17:19:05,478 - INFO - [GINSLIB] processing : 2021/07/15 09:58:43 Q=5
2026-01-06 17:19:05,483 - INFO - [GINSLIB] processing : 2021/07/15 09:58:44 Q=5
2026-01-06 17:19:05,494 - INFO - [GINSLIB] processing : 2021/07/15 09:58:45 Q=5
2026-01-06 17:19:05,496 - INFO - [GINSLIB] processing : 2021/07/15 09:58:46 Q=5
2026-01-06 17:19:05,503 - INFO - [GINSLIB] processing : 2021/07/15 09:58:47 Q=5
2026-01-06 17:19:05,509 - INFO - [GINSLIB] processing : 2021/07/15 09:58:48 Q=5
2026-01-06 17:19:05,516 - INFO - [GINSLIB] processing : 2021/07/15 09:58:49 Q=5
2026-01-06 17:19:05,527 - INFO - [GINSLIB] processing : 2021/07/15 09:58:50 Q=5
2026-01-06 17:19:05,528 - INFO - [GINSLIB] processing : 2021/07/15 09:58:51 Q=5
2026-01-06 17:19:05,534 - INFO - [GINSLIB] processing : 2021/07/15 09:58:52 Q=5
2026-01-06 17:19:05,540 - INFO - [GINSLIB] processing : 2021/07/15 09:58:53 Q=5
2026-01-06 17:19:05,548 - INFO - [GINSLIB] processing : 2021/07/15 09:58:54 Q=5
2026-01-06 17:19:05,558 - INFO - [GINSLIB] processing : 2021/07/15 09:58:55 Q=5
2026-01-06 17:19:05,559 - INFO - [GINSLIB] processing : 2021/07/15 09:58:56 Q=5
2026-01-06 17:19:05,566 - INFO - [GINSLIB] processing : 2021/07/15 09:58:57 Q=5
2026-01-06 17:19:05,573 - INFO - [GINSLIB] processing : 2021/07/15 09:58:58 Q=5
2026-01-06 17:19:05,580 - INFO - [GINSLIB] processing : 2021/07/15 09:58:59 Q=5
2026-01-06 17:19:05,587 - INFO - [GINSLIB] processing : 2021/07/15 09:59:00 Q=5
2026-01-06 17:19:05,593 - INFO - [GINSLIB] processing : 2021/07/15 09:59:01 Q=5
2026-01-06 17:19:05,599 - INFO - [GINSLIB] processing : 2021/07/15 09:59:02 Q=5
2026-01-06 17:19:05,606 - INFO - [GINSLIB] processing : 2021/07/15 09:59:03 Q=5
2026-01-06 17:19:05,612 - INFO - [GINSLIB] processing : 2021/07/15 09:59:04 Q=5
2026-01-06 17:19:05,617 - INFO - [GINSLIB] processing : 2021/07/15 09:59:05 Q=5
2026-01-06 17:19:05,623 - INFO - [GINSLIB] processing : 2021/07/15 09:59:06 Q=5
2026-01-06 17:19:05,629 - INFO - [GINSLIB] processing : 2021/07/15 09:59:07 Q=5
2026-01-06 17:19:05,635 - INFO - [GINSLIB] processing : 2021/07/15 09:59:08 Q=5
2026-01-06 17:19:05,641 - INFO - [GINSLIB] processing : 2021/07/15 09:59:09 Q=5
2026-01-06 17:19:05,647 - INFO - [GINSLIB] processing : 2021/07/15 09:59:10 Q=5
2026-01-06 17:19:05,652 - INFO - [GINSLIB] processing : 2021/07/15 09:59:11 Q=5
2026-01-06 17:19:05,659 - INFO - [GINSLIB] processing : 2021/07/15 09:59:12 Q=5
2026-01-06 17:19:05,665 - INFO - [GINSLIB] processing : 2021/07/15 09:59:13 Q=5
2026-01-06 17:19:05,672 - INFO - [GINSLIB] processing : 2021/07/15 09:59:14 Q=5
2026-01-06 17:19:05,679 - INFO - [GINSLIB] processing : 2021/07/15 09:59:15 Q=5
2026-01-06 17:19:05,688 - INFO - [GINSLIB] processing : 2021/07/15 09:59:16 Q=5
2026-01-06 17:19:05,690 - INFO - [GINSLIB] processing : 2021/07/15 09:59:17 Q=5
2026-01-06 17:19:05,697 - INFO - [GINSLIB] processing : 2021/07/15 09:59:18 Q=5
2026-01-06 17:19:05,703 - INFO - [GINSLIB] processing : 2021/07/15 09:59:19 Q=5
2026-01-06 17:19:05,710 - INFO - [GINSLIB] processing : 2021/07/15 09:59:20 Q=5
2026-01-06 17:19:05,721 - INFO - [GINSLIB] processing : 2021/07/15 09:59:21 Q=5
2026-01-06 17:19:05,722 - INFO - [GINSLIB] processing : 2021/07/15 09:59:22 Q=5
2026-01-06 17:19:05,729 - INFO - [GINSLIB] processing : 2021/07/15 09:59:23 Q=5
2026-01-06 17:19:05,736 - INFO - [GINSLIB] processing : 2021/07/15 09:59:24 Q=5
2026-01-06 17:19:05,743 - INFO - [GINSLIB] processing : 2021/07/15 09:59:25 Q=5
2026-01-06 17:19:05,753 - INFO - [GINSLIB] processing : 2021/07/15 09:59:26 Q=5
2026-01-06 17:19:05,754 - INFO - [GINSLIB] processing : 2021/07/15 09:59:27 Q=5
2026-01-06 17:19:05,762 - INFO - [GINSLIB] processing : 2021/07/15 09:59:28 Q=5
2026-01-06 17:19:05,767 - INFO - [GINSLIB] processing : 2021/07/15 09:59:29 Q=5
2026-01-06 17:19:05,775 - INFO - [GINSLIB] processing : 2021/07/15 09:59:30 Q=5
2026-01-06 17:19:05,781 - INFO - [GINSLIB] processing : 2021/07/15 09:59:31 Q=5
2026-01-06 17:19:05,786 - INFO - [GINSLIB] processing : 2021/07/15 09:59:32 Q=5
2026-01-06 17:19:05,793 - INFO - [GINSLIB] processing : 2021/07/15 09:59:33 Q=5
2026-01-06 17:19:05,798 - INFO - [GINSLIB] processing : 2021/07/15 09:59:34 Q=5
2026-01-06 17:19:05,806 - INFO - [GINSLIB] processing : 2021/07/15 09:59:35 Q=5
2026-01-06 17:19:05,812 - INFO - [GINSLIB] processing : 2021/07/15 09:59:36 Q=5
2026-01-06 17:19:05,817 - INFO - [GINSLIB] processing : 2021/07/15 09:59:37 Q=5
2026-01-06 17:19:05,823 - INFO - [GINSLIB] processing : 2021/07/15 09:59:38 Q=5
2026-01-06 17:19:05,830 - INFO - [GINSLIB] processing : 2021/07/15 09:59:39 Q=5
2026-01-06 17:19:05,836 - INFO - [GINSLIB] processing : 2021/07/15 09:59:40 Q=5
2026-01-06 17:19:05,843 - INFO - [GINSLIB] processing : 2021/07/15 09:59:41 Q=5
2026-01-06 17:19:05,853 - INFO - [GINSLIB] processing : 2021/07/15 09:59:42 Q=5
2026-01-06 17:19:05,854 - INFO - [GINSLIB] processing : 2021/07/15 09:59:43 Q=5
2026-01-06 17:19:05,861 - INFO - [GINSLIB] processing : 2021/07/15 09:59:44 Q=5
2026-01-06 17:19:05,867 - INFO - [GINSLIB] processing : 2021/07/15 09:59:45 Q=5
2026-01-06 17:19:05,873 - INFO - [GINSLIB] processing : 2021/07/15 09:59:46 Q=5
2026-01-06 17:19:05,884 - INFO - [GINSLIB] processing : 2021/07/15 09:59:47 Q=5
2026-01-06 17:19:05,885 - INFO - [GINSLIB] processing : 2021/07/15 09:59:48 Q=5
2026-01-06 17:19:05,891 - INFO - [GINSLIB] processing : 2021/07/15 09:59:49 Q=5
2026-01-06 17:19:05,898 - INFO - [GINSLIB] processing : 2021/07/15 09:59:50 Q=5
2026-01-06 17:19:05,903 - INFO - [GINSLIB] processing : 2021/07/15 09:59:51 Q=5
2026-01-06 17:19:05,916 - INFO - [GINSLIB] processing : 2021/07/15 09:59:52 Q=5
2026-01-06 17:19:05,917 - INFO - [GINSLIB] processing : 2021/07/15 09:59:53 Q=5
2026-01-06 17:19:05,924 - INFO - [GINSLIB] processing : 2021/07/15 09:59:54 Q=5
2026-01-06 17:19:05,930 - INFO - [GINSLIB] processing : 2021/07/15 09:59:55 Q=5
2026-01-06 17:19:05,936 - INFO - [GINSLIB] processing : 2021/07/15 09:59:56 Q=5
2026-01-06 17:19:05,947 - INFO - [GINSLIB] processing : 2021/07/15 09:59:57 Q=5
2026-01-06 17:19:05,948 - INFO - [GINSLIB] processing : 2021/07/15 09:59:58 Q=5
2026-01-06 17:19:05,956 - INFO - [GINSLIB] processing : 2021/07/15 09:59:59 Q=5
2026-01-06 17:19:05,962 - INFO - [GINSLIB] processing : 2021/07/15 10:00:00 Q=5
2026-01-06 17:19:05,968 - INFO - [GINSLIB] processing : 2021/07/15 10:00:01 Q=5
2026-01-06 17:19:05,975 - INFO - [GINSLIB] processing : 2021/07/15 10:00:02 Q=5
2026-01-06 17:19:05,980 - INFO - [GINSLIB] processing : 2021/07/15 10:00:03 Q=5
2026-01-06 17:19:05,987 - INFO - [GINSLIB] processing : 2021/07/15 10:00:04 Q=5
2026-01-06 17:19:05,993 - INFO - [GINSLIB] processing : 2021/07/15 10:00:05 Q=5
2026-01-06 17:19:05,999 - INFO - [GINSLIB] processing : 2021/07/15 10:00:06 Q=5
2026-01-06 17:19:06,006 - INFO - [GINSLIB] processing : 2021/07/15 10:00:07 Q=5
2026-01-06 17:19:06,011 - INFO - [GINSLIB] processing : 2021/07/15 10:00:08 Q=5
2026-01-06 17:19:06,018 - INFO - [GINSLIB] processing : 2021/07/15 10:00:09 Q=5
2026-01-06 17:19:06,024 - INFO - [GINSLIB] processing : 2021/07/15 10:00:10 Q=5
2026-01-06 17:19:06,030 - INFO - [GINSLIB] processing : 2021/07/15 10:00:11 Q=5
2026-01-06 17:19:06,037 - INFO - [GINSLIB] processing : 2021/07/15 10:00:12 Q=5
2026-01-06 17:19:06,047 - INFO - [GINSLIB] processing : 2021/07/15 10:00:13 Q=5
2026-01-06 17:19:06,049 - INFO - [GINSLIB] processing : 2021/07/15 10:00:14 Q=5
2026-01-06 17:19:06,055 - INFO - [GINSLIB] processing : 2021/07/15 10:00:15 Q=5
2026-01-06 17:19:06,061 - INFO - [GINSLIB] processing : 2021/07/15 10:00:16 Q=5
2026-01-06 17:19:06,069 - INFO - [GINSLIB] processing : 2021/07/15 10:00:17 Q=5
2026-01-06 17:19:06,079 - INFO - [GINSLIB] processing : 2021/07/15 10:00:18 Q=5
2026-01-06 17:19:06,080 - INFO - [GINSLIB] processing : 2021/07/15 10:00:19 Q=5
2026-01-06 17:19:06,086 - INFO - [GINSLIB] processing : 2021/07/15 10:00:20 Q=5
2026-01-06 17:19:06,092 - INFO - [GINSLIB] processing : 2021/07/15 10:00:21 Q=5
2026-01-06 17:19:06,099 - INFO - [GINSLIB] processing : 2021/07/15 10:00:22 Q=5
2026-01-06 17:19:06,109 - INFO - [GINSLIB] processing : 2021/07/15 10:00:23 Q=5
2026-01-06 17:19:06,110 - INFO - [GINSLIB] processing : 2021/07/15 10:00:24 Q=5
2026-01-06 17:19:06,117 - INFO - [GINSLIB] processing : 2021/07/15 10:00:25 Q=5
2026-01-06 17:19:06,123 - INFO - [GINSLIB] processing : 2021/07/15 10:00:26 Q=5
2026-01-06 17:19:06,130 - INFO - [GINSLIB] processing : 2021/07/15 10:00:27 Q=5
2026-01-06 17:19:06,136 - INFO - [GINSLIB] processing : 2021/07/15 10:00:28 Q=5
2026-01-06 17:19:06,141 - INFO - [GINSLIB] processing : 2021/07/15 10:00:29 Q=5
2026-01-06 17:19:06,148 - INFO - [GINSLIB] processing : 2021/07/15 10:00:30 Q=5
2026-01-06 17:19:06,154 - INFO - [GINSLIB] processing : 2021/07/15 10:00:31 Q=5
2026-01-06 17:19:06,162 - INFO - [GINSLIB] processing : 2021/07/15 10:00:32 Q=5
2026-01-06 17:19:06,169 - INFO - [GINSLIB] processing : 2021/07/15 10:00:33 Q=5
2026-01-06 17:19:06,175 - INFO - [GINSLIB] processing : 2021/07/15 10:00:34 Q=5
2026-01-06 17:19:06,183 - INFO - [GINSLIB] processing : 2021/07/15 10:00:35 Q=5
2026-01-06 17:19:06,190 - INFO - [GINSLIB] processing : 2021/07/15 10:00:36 Q=5
2026-01-06 17:19:06,197 - INFO - [GINSLIB] processing : 2021/07/15 10:00:37 Q=5
2026-01-06 17:19:06,204 - INFO - [GINSLIB] processing : 2021/07/15 10:00:38 Q=5
2026-01-06 17:19:06,210 - INFO - [GINSLIB] processing : 2021/07/15 10:00:39 Q=5
2026-01-06 17:19:06,216 - INFO - [GINSLIB] processing : 2021/07/15 10:00:40 Q=5
2026-01-06 17:19:06,224 - INFO - [GINSLIB] processing : 2021/07/15 10:00:41 Q=5
2026-01-06 17:19:06,230 - INFO - [GINSLIB] processing : 2021/07/15 10:00:42 Q=5
2026-01-06 17:19:06,237 - INFO - [GINSLIB] processing : 2021/07/15 10:00:43 Q=5
2026-01-06 17:19:06,247 - INFO - [GINSLIB] processing : 2021/07/15 10:00:44 Q=5
2026-01-06 17:19:06,248 - INFO - [GINSLIB] processing : 2021/07/15 10:00:45 Q=5
2026-01-06 17:19:06,255 - INFO - [GINSLIB] processing : 2021/07/15 10:00:46 Q=5
2026-01-06 17:19:06,261 - INFO - [GINSLIB] processing : 2021/07/15 10:00:47 Q=5
2026-01-06 17:19:06,268 - INFO - [GINSLIB] processing : 2021/07/15 10:00:48 Q=5
2026-01-06 17:19:06,279 - INFO - [GINSLIB] processing : 2021/07/15 10:00:49 Q=5
2026-01-06 17:19:06,280 - INFO - [GINSLIB] processing : 2021/07/15 10:00:50 Q=5
2026-01-06 17:19:06,287 - INFO - [GINSLIB] processing : 2021/07/15 10:00:51 Q=5
2026-01-06 17:19:06,293 - INFO - [GINSLIB] processing : 2021/07/15 10:00:52 Q=5
2026-01-06 17:19:06,300 - INFO - [GINSLIB] processing : 2021/07/15 10:00:53 Q=5
2026-01-06 17:19:06,310 - INFO - [GINSLIB] processing : 2021/07/15 10:00:54 Q=5
2026-01-06 17:19:06,312 - INFO - [GINSLIB] processing : 2021/07/15 10:00:55 Q=5
2026-01-06 17:19:06,318 - INFO - [GINSLIB] processing : 2021/07/15 10:00:56 Q=5
2026-01-06 17:19:06,323 - INFO - [GINSLIB] processing : 2021/07/15 10:00:57 Q=5
2026-01-06 17:19:06,329 - INFO - [GINSLIB] processing : 2021/07/15 10:00:58 Q=5
2026-01-06 17:19:06,335 - INFO - [GINSLIB] processing : 2021/07/15 10:00:59 Q=5
2026-01-06 17:19:06,342 - INFO - [GINSLIB] processing : 2021/07/15 10:01:00 Q=5
2026-01-06 17:19:06,348 - INFO - [GINSLIB] processing : 2021/07/15 10:01:01 Q=5
2026-01-06 17:19:06,355 - INFO - [GINSLIB] processing : 2021/07/15 10:01:02 Q=5
2026-01-06 17:19:06,361 - INFO - [GINSLIB] processing : 2021/07/15 10:01:03 Q=5
2026-01-06 17:19:06,367 - INFO - [GINSLIB] processing : 2021/07/15 10:01:04 Q=5
2026-01-06 17:19:06,372 - INFO - [GINSLIB] processing : 2021/07/15 10:01:05 Q=5
2026-01-06 17:19:06,380 - INFO - [GINSLIB] processing : 2021/07/15 10:01:06 Q=5
2026-01-06 17:19:06,386 - INFO - [GINSLIB] processing : 2021/07/15 10:01:07 Q=5
2026-01-06 17:19:06,393 - INFO - [GINSLIB] processing : 2021/07/15 10:01:08 Q=5
2026-01-06 17:19:06,399 - INFO - [GINSLIB] processing : 2021/07/15 10:01:09 Q=5
2026-01-06 17:19:06,405 - INFO - [GINSLIB] processing : 2021/07/15 10:01:10 Q=5
2026-01-06 17:19:06,412 - INFO - [GINSLIB] processing : 2021/07/15 10:01:11 Q=5
2026-01-06 17:19:06,418 - INFO - [GINSLIB] processing : 2021/07/15 10:01:12 Q=5
2026-01-06 17:19:06,424 - INFO - [GINSLIB] processing : 2021/07/15 10:01:13 Q=5
2026-01-06 17:19:06,431 - INFO - [GINSLIB] processing : 2021/07/15 10:01:14 Q=5
2026-01-06 17:19:06,442 - INFO - [GINSLIB] processing : 2021/07/15 10:01:15 Q=5
2026-01-06 17:19:06,443 - INFO - [GINSLIB] processing : 2021/07/15 10:01:16 Q=5
2026-01-06 17:19:06,449 - INFO - [GINSLIB] processing : 2021/07/15 10:01:17 Q=5
2026-01-06 17:19:06,456 - INFO - [GINSLIB] processing : 2021/07/15 10:01:18 Q=5
2026-01-06 17:19:06,462 - INFO - [GINSLIB] processing : 2021/07/15 10:01:19 Q=5
2026-01-06 17:19:06,472 - INFO - [GINSLIB] processing : 2021/07/15 10:01:20 Q=5
2026-01-06 17:19:06,473 - INFO - [GINSLIB] processing : 2021/07/15 10:01:21 Q=5
2026-01-06 17:19:06,479 - INFO - [GINSLIB] processing : 2021/07/15 10:01:22 Q=5
2026-01-06 17:19:06,485 - INFO - [GINSLIB] processing : 2021/07/15 10:01:23 Q=5
2026-01-06 17:19:06,492 - INFO - [GINSLIB] processing : 2021/07/15 10:01:24 Q=5
2026-01-06 17:19:06,502 - INFO - [GINSLIB] processing : 2021/07/15 10:01:25 Q=5
2026-01-06 17:19:06,504 - INFO - [GINSLIB] processing : 2021/07/15 10:01:26 Q=5
2026-01-06 17:19:06,510 - INFO - [GINSLIB] processing : 2021/07/15 10:01:27 Q=5
2026-01-06 17:19:06,518 - INFO - [GINSLIB] processing : 2021/07/15 10:01:28 Q=5
2026-01-06 17:19:06,524 - INFO - [GINSLIB] processing : 2021/07/15 10:01:29 Q=5
2026-01-06 17:19:06,530 - INFO - [GINSLIB] processing : 2021/07/15 10:01:30 Q=5
2026-01-06 17:19:06,535 - INFO - [GINSLIB] processing : 2021/07/15 10:01:31 Q=5
2026-01-06 17:19:06,540 - INFO - [GINSLIB] processing : 2021/07/15 10:01:32 Q=5
2026-01-06 17:19:06,548 - INFO - [GINSLIB] processing : 2021/07/15 10:01:33 Q=5
2026-01-06 17:19:06,554 - INFO - [GINSLIB] processing : 2021/07/15 10:01:34 Q=5
2026-01-06 17:19:06,561 - INFO - [GINSLIB] processing : 2021/07/15 10:01:35 Q=5
2026-01-06 17:19:06,565 - INFO - [GINSLIB] processing : 2021/07/15 10:01:36 Q=5
2026-01-06 17:19:06,571 - INFO - [GINSLIB] processing : 2021/07/15 10:01:37 Q=5
2026-01-06 17:19:06,578 - INFO - [GINSLIB] processing : 2021/07/15 10:01:38 Q=5
2026-01-06 17:19:06,584 - INFO - [GINSLIB] processing : 2021/07/15 10:01:39 Q=5
2026-01-06 17:19:06,591 - INFO - [GINSLIB] processing : 2021/07/15 10:01:40 Q=5
2026-01-06 17:19:06,597 - INFO - [GINSLIB] processing : 2021/07/15 10:01:41 Q=5
2026-01-06 17:19:06,603 - INFO - [GINSLIB] processing : 2021/07/15 10:01:42 Q=5
2026-01-06 17:19:06,610 - INFO - [GINSLIB] processing : 2021/07/15 10:01:43 Q=5
2026-01-06 17:19:06,617 - INFO - [GINSLIB] processing : 2021/07/15 10:01:44 Q=5
2026-01-06 17:19:06,623 - INFO - [GINSLIB] processing : 2021/07/15 10:01:45 Q=5
2026-01-06 17:19:06,633 - INFO - [GINSLIB] processing : 2021/07/15 10:01:46 Q=5
2026-01-06 17:19:06,634 - INFO - [GINSLIB] processing : 2021/07/15 10:01:47 Q=5
2026-01-06 17:19:06,641 - INFO - [GINSLIB] processing : 2021/07/15 10:01:48 Q=5
2026-01-06 17:19:06,648 - INFO - [GINSLIB] processing : 2021/07/15 10:01:49 Q=5
2026-01-06 17:19:06,654 - INFO - [GINSLIB] processing : 2021/07/15 10:01:50 Q=5
2026-01-06 17:19:06,666 - INFO - [GINSLIB] processing : 2021/07/15 10:01:51 Q=5
2026-01-06 17:19:06,667 - INFO - [GINSLIB] processing : 2021/07/15 10:01:52 Q=5
2026-01-06 17:19:06,674 - INFO - [GINSLIB] processing : 2021/07/15 10:01:53 Q=5
2026-01-06 17:19:06,681 - INFO - [GINSLIB] processing : 2021/07/15 10:01:54 Q=5
2026-01-06 17:19:06,687 - INFO - [GINSLIB] processing : 2021/07/15 10:01:55 Q=5
2026-01-06 17:19:06,700 - INFO - [GINSLIB] processing : 2021/07/15 10:01:56 Q=5
2026-01-06 17:19:06,701 - INFO - [GINSLIB] processing : 2021/07/15 10:01:57 Q=5
2026-01-06 17:19:06,707 - INFO - [GINSLIB] processing : 2021/07/15 10:01:58 Q=5
2026-01-06 17:19:06,715 - INFO - [GINSLIB] processing : 2021/07/15 10:01:59 Q=5
2026-01-06 17:19:06,722 - INFO - [GINSLIB] processing : 2021/07/15 10:02:00 Q=5
2026-01-06 17:19:06,729 - INFO - [GINSLIB] processing : 2021/07/15 10:02:01 Q=5
2026-01-06 17:19:06,734 - INFO - [GINSLIB] processing : 2021/07/15 10:02:02 Q=5
2026-01-06 17:19:06,741 - INFO - [GINSLIB] processing : 2021/07/15 10:02:03 Q=5
2026-01-06 17:19:06,748 - INFO - [GINSLIB] processing : 2021/07/15 10:02:04 Q=5
2026-01-06 17:19:06,755 - INFO - [GINSLIB] processing : 2021/07/15 10:02:05 Q=5
2026-01-06 17:19:06,761 - INFO - [GINSLIB] processing : 2021/07/15 10:02:06 Q=5
2026-01-06 17:19:06,765 - INFO - [GINSLIB] processing : 2021/07/15 10:02:07 Q=5
2026-01-06 17:19:06,772 - INFO - [GINSLIB] processing : 2021/07/15 10:02:08 Q=5
2026-01-06 17:19:06,779 - INFO - [GINSLIB] processing : 2021/07/15 10:02:09 Q=5
2026-01-06 17:19:06,786 - INFO - [GINSLIB] processing : 2021/07/15 10:02:10 Q=5
2026-01-06 17:19:06,792 - INFO - [GINSLIB] processing : 2021/07/15 10:02:11 Q=5
2026-01-06 17:19:06,797 - INFO - [GINSLIB] processing : 2021/07/15 10:02:12 Q=5
2026-01-06 17:19:06,803 - INFO - [GINSLIB] processing : 2021/07/15 10:02:13 Q=5
2026-01-06 17:19:06,810 - INFO - [GINSLIB] processing : 2021/07/15 10:02:14 Q=5
2026-01-06 17:19:06,816 - INFO - [GINSLIB] processing : 2021/07/15 10:02:15 Q=5
2026-01-06 17:19:06,823 - INFO - [GINSLIB] processing : 2021/07/15 10:02:16 Q=5
2026-01-06 17:19:06,833 - INFO - [GINSLIB] processing : 2021/07/15 10:02:17 Q=5
2026-01-06 17:19:06,834 - INFO - [GINSLIB] processing : 2021/07/15 10:02:18 Q=5
2026-01-06 17:19:06,841 - INFO - [GINSLIB] processing : 2021/07/15 10:02:19 Q=5
2026-01-06 17:19:06,848 - INFO - [GINSLIB] processing : 2021/07/15 10:02:20 Q=5
2026-01-06 17:19:06,854 - INFO - [GINSLIB] processing : 2021/07/15 10:02:21 Q=5
2026-01-06 17:19:06,864 - INFO - [GINSLIB] processing : 2021/07/15 10:02:22 Q=5
2026-01-06 17:19:06,865 - INFO - [GINSLIB] processing : 2021/07/15 10:02:23 Q=5
2026-01-06 17:19:06,872 - INFO - [GINSLIB] processing : 2021/07/15 10:02:24 Q=5
2026-01-06 17:19:06,879 - INFO - [GINSLIB] processing : 2021/07/15 10:02:25 Q=5
2026-01-06 17:19:06,885 - INFO - [GINSLIB] processing : 2021/07/15 10:02:26 Q=5
2026-01-06 17:19:06,896 - INFO - [GINSLIB] processing : 2021/07/15 10:02:27 Q=5
2026-01-06 17:19:06,897 - INFO - [GINSLIB] processing : 2021/07/15 10:02:28 Q=5
2026-01-06 17:19:06,903 - INFO - [GINSLIB] processing : 2021/07/15 10:02:29 Q=5
2026-01-06 17:19:06,908 - INFO - [GINSLIB] processing : 2021/07/15 10:02:30 Q=5
2026-01-06 17:19:06,915 - INFO - [GINSLIB] processing : 2021/07/15 10:02:31 Q=5
2026-01-06 17:19:06,920 - INFO - [GINSLIB] processing : 2021/07/15 10:02:32 Q=5
2026-01-06 17:19:06,925 - INFO - [GINSLIB] processing : 2021/07/15 10:02:33 Q=5
2026-01-06 17:19:06,931 - INFO - [GINSLIB] processing : 2021/07/15 10:02:34 Q=5
2026-01-06 17:19:06,937 - INFO - [GINSLIB] processing : 2021/07/15 10:02:35 Q=5
2026-01-06 17:19:06,944 - INFO - [GINSLIB] processing : 2021/07/15 10:02:36 Q=5
2026-01-06 17:19:06,950 - INFO - [GINSLIB] processing : 2021/07/15 10:02:37 Q=5
2026-01-06 17:19:06,955 - INFO - [GINSLIB] processing : 2021/07/15 10:02:38 Q=5
2026-01-06 17:19:06,962 - INFO - [GINSLIB] processing : 2021/07/15 10:02:39 Q=5
2026-01-06 17:19:06,967 - INFO - [GINSLIB] processing : 2021/07/15 10:02:40 Q=5
2026-01-06 17:19:06,973 - INFO - [GINSLIB] processing : 2021/07/15 10:02:41 Q=5
2026-01-06 17:19:06,981 - INFO - [GINSLIB] processing : 2021/07/15 10:02:42 Q=5
2026-01-06 17:19:06,990 - INFO - [GINSLIB] processing : 2021/07/15 10:02:43 Q=5
2026-01-06 17:19:06,992 - INFO - [GINSLIB] processing : 2021/07/15 10:02:44 Q=5
2026-01-06 17:19:06,998 - INFO - [GINSLIB] processing : 2021/07/15 10:02:45 Q=5
2026-01-06 17:19:07,004 - INFO - [GINSLIB] processing : 2021/07/15 10:02:46 Q=5
2026-01-06 17:19:07,011 - INFO - [GINSLIB] processing : 2021/07/15 10:02:47 Q=5
2026-01-06 17:19:07,020 - INFO - [GINSLIB] processing : 2021/07/15 10:02:48 Q=5
2026-01-06 17:19:07,022 - INFO - [GINSLIB] processing : 2021/07/15 10:02:49 Q=5
2026-01-06 17:19:07,028 - INFO - [GINSLIB] processing : 2021/07/15 10:02:50 Q=5
2026-01-06 17:19:07,034 - INFO - [GINSLIB] processing : 2021/07/15 10:02:51 Q=5
2026-01-06 17:19:07,040 - INFO - [GINSLIB] processing : 2021/07/15 10:02:52 Q=5
2026-01-06 17:19:07,049 - INFO - [GINSLIB] processing : 2021/07/15 10:02:53 Q=5
2026-01-06 17:19:07,050 - INFO - [GINSLIB] processing : 2021/07/15 10:02:54 Q=5
2026-01-06 17:19:07,056 - INFO - [GINSLIB] processing : 2021/07/15 10:02:55 Q=5
2026-01-06 17:19:07,062 - INFO - [GINSLIB] processing : 2021/07/15 10:02:56 Q=5
2026-01-06 17:19:07,068 - INFO - [GINSLIB] processing : 2021/07/15 10:02:57 Q=5
2026-01-06 17:19:07,077 - INFO - [GINSLIB] processing : 2021/07/15 10:02:58 Q=5
2026-01-06 17:19:07,078 - INFO - [GINSLIB] processing : 2021/07/15 10:02:59 Q=5
2026-01-06 17:19:07,084 - INFO - [GINSLIB] processing : 2021/07/15 10:03:00 Q=5
2026-01-06 17:19:07,090 - INFO - [GINSLIB] processing : 2021/07/15 10:03:01 Q=5
2026-01-06 17:19:07,095 - INFO - [GINSLIB] processing : 2021/07/15 10:03:02 Q=5
2026-01-06 17:19:07,101 - INFO - [GINSLIB] processing : 2021/07/15 10:03:03 Q=5
2026-01-06 17:19:07,105 - INFO - [GINSLIB] processing : 2021/07/15 10:03:04 Q=5
2026-01-06 17:19:07,111 - INFO - [GINSLIB] processing : 2021/07/15 10:03:05 Q=5
2026-01-06 17:19:07,117 - INFO - [GINSLIB] processing : 2021/07/15 10:03:06 Q=5
2026-01-06 17:19:07,122 - INFO - [GINSLIB] processing : 2021/07/15 10:03:07 Q=5
2026-01-06 17:19:07,127 - INFO - [GINSLIB] processing : 2021/07/15 10:03:08 Q=5
2026-01-06 17:19:07,133 - INFO - [GINSLIB] processing : 2021/07/15 10:03:09 Q=5
2026-01-06 17:19:07,139 - INFO - [GINSLIB] processing : 2021/07/15 10:03:10 Q=5
2026-01-06 17:19:07,144 - INFO - [GINSLIB] processing : 2021/07/15 10:03:11 Q=5
2026-01-06 17:19:07,150 - INFO - [GINSLIB] processing : 2021/07/15 10:03:12 Q=5
2026-01-06 17:19:07,155 - INFO - [GINSLIB] processing : 2021/07/15 10:03:13 Q=5
2026-01-06 17:19:07,166 - INFO - [GINSLIB] processing : 2021/07/15 10:03:14 Q=5
2026-01-06 17:19:07,167 - INFO - [GINSLIB] processing : 2021/07/15 10:03:15 Q=5
2026-01-06 17:19:07,174 - INFO - [GINSLIB] processing : 2021/07/15 10:03:16 Q=5
2026-01-06 17:19:07,180 - INFO - [GINSLIB] processing : 2021/07/15 10:03:17 Q=5
2026-01-06 17:19:07,185 - INFO - [GINSLIB] processing : 2021/07/15 10:03:18 Q=5
2026-01-06 17:19:07,195 - INFO - [GINSLIB] processing : 2021/07/15 10:03:19 Q=5
2026-01-06 17:19:07,197 - INFO - [GINSLIB] processing : 2021/07/15 10:03:20 Q=5
2026-01-06 17:19:07,202 - INFO - [GINSLIB] processing : 2021/07/15 10:03:21 Q=5
2026-01-06 17:19:07,208 - INFO - [GINSLIB] processing : 2021/07/15 10:03:22 Q=5
2026-01-06 17:19:07,215 - INFO - [GINSLIB] processing : 2021/07/15 10:03:23 Q=5
2026-01-06 17:19:07,225 - INFO - [GINSLIB] processing : 2021/07/15 10:03:24 Q=5
2026-01-06 17:19:07,227 - INFO - [GINSLIB] processing : 2021/07/15 10:03:25 Q=5
2026-01-06 17:19:07,232 - INFO - [GINSLIB] processing : 2021/07/15 10:03:26 Q=5
2026-01-06 17:19:07,238 - INFO - [GINSLIB] processing : 2021/07/15 10:03:27 Q=5
2026-01-06 17:19:07,245 - INFO - [GINSLIB] processing : 2021/07/15 10:03:28 Q=5
2026-01-06 17:19:07,250 - INFO - [GINSLIB] processing : 2021/07/15 10:03:29 Q=5
2026-01-06 17:19:07,255 - INFO - [GINSLIB] processing : 2021/07/15 10:03:30 Q=5
2026-01-06 17:19:07,261 - INFO - [GINSLIB] processing : 2021/07/15 10:03:31 Q=5
2026-01-06 17:19:07,266 - INFO - [GINSLIB] processing : 2021/07/15 10:03:32 Q=5
2026-01-06 17:19:07,273 - INFO - [GINSLIB] processing : 2021/07/15 10:03:33 Q=5
2026-01-06 17:19:07,278 - INFO - [GINSLIB] processing : 2021/07/15 10:03:34 Q=5
2026-01-06 17:19:07,283 - INFO - [GINSLIB] processing : 2021/07/15 10:03:35 Q=5
2026-01-06 17:19:07,289 - INFO - [GINSLIB] processing : 2021/07/15 10:03:36 Q=5
2026-01-06 17:19:07,295 - INFO - [GINSLIB] processing : 2021/07/15 10:03:37 Q=5
2026-01-06 17:19:07,302 - INFO - [GINSLIB] processing : 2021/07/15 10:03:38 Q=5
2026-01-06 17:19:07,307 - INFO - [GINSLIB] processing : 2021/07/15 10:03:39 Q=5
2026-01-06 17:19:07,312 - INFO - [GINSLIB] processing : 2021/07/15 10:03:40 Q=5
2026-01-06 17:19:07,319 - INFO - [GINSLIB] processing : 2021/07/15 10:03:41 Q=5
2026-01-06 17:19:07,325 - INFO - [GINSLIB] processing : 2021/07/15 10:03:42 Q=5
2026-01-06 17:19:07,331 - INFO - [GINSLIB] processing : 2021/07/15 10:03:43 Q=5
2026-01-06 17:19:07,337 - INFO - [GINSLIB] processing : 2021/07/15 10:03:44 Q=5
2026-01-06 17:19:07,347 - INFO - [GINSLIB] processing : 2021/07/15 10:03:45 Q=5
2026-01-06 17:19:07,348 - INFO - [GINSLIB] processing : 2021/07/15 10:03:46 Q=5
2026-01-06 17:19:07,353 - INFO - [GINSLIB] processing : 2021/07/15 10:03:47 Q=5
2026-01-06 17:19:07,359 - INFO - [GINSLIB] processing : 2021/07/15 10:03:48 Q=5
2026-01-06 17:19:07,366 - INFO - [GINSLIB] processing : 2021/07/15 10:03:49 Q=5
2026-01-06 17:19:07,376 - INFO - [GINSLIB] processing : 2021/07/15 10:03:50 Q=5
2026-01-06 17:19:07,378 - INFO - [GINSLIB] processing : 2021/07/15 10:03:51 Q=5
2026-01-06 17:19:07,383 - INFO - [GINSLIB] processing : 2021/07/15 10:03:52 Q=5
2026-01-06 17:19:07,389 - INFO - [GINSLIB] processing : 2021/07/15 10:03:53 Q=5
2026-01-06 17:19:07,396 - INFO - [GINSLIB] processing : 2021/07/15 10:03:54 Q=5
2026-01-06 17:19:07,405 - INFO - [GINSLIB] processing : 2021/07/15 10:03:55 Q=5
2026-01-06 17:19:07,406 - INFO - [GINSLIB] processing : 2021/07/15 10:03:56 Q=5
2026-01-06 17:19:07,412 - INFO - [GINSLIB] processing : 2021/07/15 10:03:57 Q=5
2026-01-06 17:19:07,417 - INFO - [GINSLIB] processing : 2021/07/15 10:03:58 Q=5
2026-01-06 17:19:07,424 - INFO - [GINSLIB] processing : 2021/07/15 10:03:59 Q=5
2026-01-06 17:19:07,429 - INFO - [GINSLIB] processing : 2021/07/15 10:04:00 Q=5
2026-01-06 17:19:07,433 - INFO - [GINSLIB] processing : 2021/07/15 10:04:01 Q=5
2026-01-06 17:19:07,440 - INFO - [GINSLIB] processing : 2021/07/15 10:04:02 Q=5
2026-01-06 17:19:07,446 - INFO - [GINSLIB] processing : 2021/07/15 10:04:03 Q=5
2026-01-06 17:19:07,451 - INFO - [GINSLIB] processing : 2021/07/15 10:04:04 Q=5
2026-01-06 17:19:07,456 - INFO - [GINSLIB] processing : 2021/07/15 10:04:05 Q=5
2026-01-06 17:19:07,462 - INFO - [GINSLIB] processing : 2021/07/15 10:04:06 Q=5
2026-01-06 17:19:07,467 - INFO - [GINSLIB] processing : 2021/07/15 10:04:07 Q=5
2026-01-06 17:19:07,472 - INFO - [GINSLIB] processing : 2021/07/15 10:04:08 Q=5
2026-01-06 17:19:07,478 - INFO - [GINSLIB] processing : 2021/07/15 10:04:09 Q=5
2026-01-06 17:19:07,484 - INFO - [GINSLIB] processing : 2021/07/15 10:04:10 Q=5
2026-01-06 17:19:07,488 - INFO - [GINSLIB] processing : 2021/07/15 10:04:11 Q=5
2026-01-06 17:19:07,493 - INFO - [GINSLIB] processing : 2021/07/15 10:04:12 Q=5
2026-01-06 17:19:07,498 - INFO - [GINSLIB] processing : 2021/07/15 10:04:13 Q=5
2026-01-06 17:19:07,504 - INFO - [GINSLIB] processing : 2021/07/15 10:04:14 Q=5
2026-01-06 17:19:07,510 - INFO - [GINSLIB] processing : 2021/07/15 10:04:15 Q=5
2026-01-06 17:19:07,518 - INFO - [GINSLIB] processing : 2021/07/15 10:04:16 Q=5
2026-01-06 17:19:07,519 - INFO - [GINSLIB] processing : 2021/07/15 10:04:17 Q=5
2026-01-06 17:19:07,526 - INFO - [GINSLIB] processing : 2021/07/15 10:04:18 Q=5
2026-01-06 17:19:07,532 - INFO - [GINSLIB] processing : 2021/07/15 10:04:19 Q=5
2026-01-06 17:19:07,537 - INFO - [GINSLIB] processing : 2021/07/15 10:04:20 Q=5
2026-01-06 17:19:07,547 - INFO - [GINSLIB] processing : 2021/07/15 10:04:21 Q=5
2026-01-06 17:19:07,549 - INFO - [GINSLIB] processing : 2021/07/15 10:04:22 Q=5
2026-01-06 17:19:07,555 - INFO - [GINSLIB] processing : 2021/07/15 10:04:23 Q=5
2026-01-06 17:19:07,560 - INFO - [GINSLIB] processing : 2021/07/15 10:04:24 Q=5
2026-01-06 17:19:07,566 - INFO - [GINSLIB] processing : 2021/07/15 10:04:25 Q=5
2026-01-06 17:19:07,576 - INFO - [GINSLIB] processing : 2021/07/15 10:04:26 Q=5
2026-01-06 17:19:07,577 - INFO - [GINSLIB] processing : 2021/07/15 10:04:27 Q=5
2026-01-06 17:19:07,583 - INFO - [GINSLIB] processing : 2021/07/15 10:04:28 Q=5
2026-01-06 17:19:07,588 - INFO - [GINSLIB] processing : 2021/07/15 10:04:29 Q=5
2026-01-06 17:19:07,594 - INFO - [GINSLIB] processing : 2021/07/15 10:04:30 Q=5
2026-01-06 17:19:07,599 - INFO - [GINSLIB] processing : 2021/07/15 10:04:31 Q=5
2026-01-06 17:19:07,605 - INFO - [GINSLIB] processing : 2021/07/15 10:04:32 Q=5
2026-01-06 17:19:07,612 - INFO - [GINSLIB] processing : 2021/07/15 10:04:33 Q=5
2026-01-06 17:19:07,618 - INFO - [GINSLIB] processing : 2021/07/15 10:04:34 Q=5
2026-01-06 17:19:07,624 - INFO - [GINSLIB] processing : 2021/07/15 10:04:35 Q=5
2026-01-06 17:19:07,630 - INFO - [GINSLIB] processing : 2021/07/15 10:04:36 Q=5
2026-01-06 17:19:07,636 - INFO - [GINSLIB] processing : 2021/07/15 10:04:37 Q=5
2026-01-06 17:19:07,643 - INFO - [GINSLIB] processing : 2021/07/15 10:04:38 Q=5
2026-01-06 17:19:07,649 - INFO - [GINSLIB] processing : 2021/07/15 10:04:39 Q=5
2026-01-06 17:19:07,655 - INFO - [GINSLIB] processing : 2021/07/15 10:04:40 Q=5
2026-01-06 17:19:07,661 - INFO - [GINSLIB] processing : 2021/07/15 10:04:41 Q=5
2026-01-06 17:19:07,666 - INFO - [GINSLIB] processing : 2021/07/15 10:04:42 Q=5
2026-01-06 17:19:07,674 - INFO - [GINSLIB] processing : 2021/07/15 10:04:43 Q=5
2026-01-06 17:19:07,681 - INFO - [GINSLIB] processing : 2021/07/15 10:04:44 Q=5
2026-01-06 17:19:07,687 - INFO - [GINSLIB] processing : 2021/07/15 10:04:45 Q=5
2026-01-06 17:19:07,694 - INFO - [GINSLIB] processing : 2021/07/15 10:04:46 Q=5
2026-01-06 17:19:07,705 - INFO - [GINSLIB] processing : 2021/07/15 10:04:47 Q=5
2026-01-06 17:19:07,706 - INFO - [GINSLIB] processing : 2021/07/15 10:04:48 Q=5
2026-01-06 17:19:07,713 - INFO - [GINSLIB] processing : 2021/07/15 10:04:49 Q=5
2026-01-06 17:19:07,719 - INFO - [GINSLIB] processing : 2021/07/15 10:04:50 Q=5
2026-01-06 17:19:07,725 - INFO - [GINSLIB] processing : 2021/07/15 10:04:51 Q=5
2026-01-06 17:19:07,736 - INFO - [GINSLIB] processing : 2021/07/15 10:04:52 Q=5
2026-01-06 17:19:07,738 - INFO - [GINSLIB] processing : 2021/07/15 10:04:53 Q=5
2026-01-06 17:19:07,744 - INFO - [GINSLIB] processing : 2021/07/15 10:04:54 Q=5
2026-01-06 17:19:07,749 - INFO - [GINSLIB] processing : 2021/07/15 10:04:55 Q=5
2026-01-06 17:19:07,753 - INFO - [GINSLIB] processing : 2021/07/15 10:04:56 Q=5
2026-01-06 17:19:07,765 - INFO - [GINSLIB] processing : 2021/07/15 10:04:57 Q=5
2026-01-06 17:19:07,766 - INFO - [GINSLIB] processing : 2021/07/15 10:04:58 Q=5
2026-01-06 17:19:07,772 - INFO - [GINSLIB] processing : 2021/07/15 10:04:59 Q=5
2026-01-06 17:19:07,778 - INFO - [GINSLIB] processing : 2021/07/15 10:05:00 Q=5
2026-01-06 17:19:07,783 - INFO - [GINSLIB] processing : 2021/07/15 10:05:01 Q=5
2026-01-06 17:19:07,788 - INFO - [GINSLIB] processing : 2021/07/15 10:05:02 Q=5
2026-01-06 17:19:07,793 - INFO - [GINSLIB] processing : 2021/07/15 10:05:03 Q=5
2026-01-06 17:19:07,798 - INFO - [GINSLIB] processing : 2021/07/15 10:05:04 Q=5
2026-01-06 17:19:07,804 - INFO - [GINSLIB] processing : 2021/07/15 10:05:05 Q=5
2026-01-06 17:19:07,810 - INFO - [GINSLIB] processing : 2021/07/15 10:05:06 Q=5
2026-01-06 17:19:07,815 - INFO - [GINSLIB] processing : 2021/07/15 10:05:07 Q=5
2026-01-06 17:19:07,820 - INFO - [GINSLIB] processing : 2021/07/15 10:05:08 Q=5
2026-01-06 17:19:07,826 - INFO - [GINSLIB] processing : 2021/07/15 10:05:09 Q=5
2026-01-06 17:19:07,830 - INFO - [GINSLIB] processing : 2021/07/15 10:05:10 Q=5
2026-01-06 17:19:07,836 - INFO - [GINSLIB] processing : 2021/07/15 10:05:11 Q=5
2026-01-06 17:19:07,846 - INFO - [GINSLIB] processing : 2021/07/15 10:05:12 Q=5
2026-01-06 17:19:07,856 - INFO - [GINSLIB] processing : 2021/07/15 10:05:13 Q=5
2026-01-06 17:19:07,858 - INFO - [GINSLIB] processing : 2021/07/15 10:05:14 Q=5
2026-01-06 17:19:07,864 - INFO - [GINSLIB] processing : 2021/07/15 10:05:15 Q=5
2026-01-06 17:19:07,872 - INFO - [GINSLIB] processing : 2021/07/15 10:05:16 Q=5
2026-01-06 17:19:07,880 - INFO - [GINSLIB] processing : 2021/07/15 10:05:17 Q=5
2026-01-06 17:19:07,893 - INFO - [GINSLIB] processing : 2021/07/15 10:05:18 Q=5
2026-01-06 17:19:07,894 - INFO - [GINSLIB] processing : 2021/07/15 10:05:19 Q=5
2026-01-06 17:19:07,902 - INFO - [GINSLIB] processing : 2021/07/15 10:05:20 Q=5
2026-01-06 17:19:07,909 - INFO - [GINSLIB] processing : 2021/07/15 10:05:21 Q=5
2026-01-06 17:19:07,919 - INFO - [GINSLIB] processing : 2021/07/15 10:05:22 Q=5
2026-01-06 17:19:07,931 - INFO - [GINSLIB] processing : 2021/07/15 10:05:23 Q=5
2026-01-06 17:19:07,933 - INFO - [GINSLIB] processing : 2021/07/15 10:05:24 Q=5
2026-01-06 17:19:07,940 - INFO - [GINSLIB] processing : 2021/07/15 10:05:25 Q=5
2026-01-06 17:19:07,948 - INFO - [GINSLIB] processing : 2021/07/15 10:05:26 Q=5
2026-01-06 17:19:07,955 - INFO - [GINSLIB] processing : 2021/07/15 10:05:27 Q=5
2026-01-06 17:19:07,970 - INFO - [GINSLIB] processing : 2021/07/15 10:05:28 Q=5
2026-01-06 17:19:07,971 - INFO - [GINSLIB] processing : 2021/07/15 10:05:29 Q=5
2026-01-06 17:19:07,979 - INFO - [GINSLIB] processing : 2021/07/15 10:05:30 Q=5
2026-01-06 17:19:07,985 - INFO - [GINSLIB] processing : 2021/07/15 10:05:31 Q=5
2026-01-06 17:19:07,990 - INFO - [GINSLIB] processing : 2021/07/15 10:05:32 Q=5
2026-01-06 17:19:07,997 - INFO - [GINSLIB] processing : 2021/07/15 10:05:33 Q=5
2026-01-06 17:19:08,002 - INFO - [GINSLIB] processing : 2021/07/15 10:05:34 Q=5
2026-01-06 17:19:08,008 - INFO - [GINSLIB] processing : 2021/07/15 10:05:35 Q=5
2026-01-06 17:19:08,013 - INFO - [GINSLIB] processing : 2021/07/15 10:05:36 Q=5
2026-01-06 17:19:08,018 - INFO - [GINSLIB] processing : 2021/07/15 10:05:37 Q=5
2026-01-06 17:19:08,024 - INFO - [GINSLIB] processing : 2021/07/15 10:05:38 Q=5
2026-01-06 17:19:08,029 - INFO - [GINSLIB] processing : 2021/07/15 10:05:39 Q=5
2026-01-06 17:19:08,033 - INFO - [GINSLIB] processing : 2021/07/15 10:05:40 Q=5
2026-01-06 17:19:08,038 - INFO - [GINSLIB] processing : 2021/07/15 10:05:41 Q=5
2026-01-06 17:19:08,046 - INFO - [GINSLIB] processing : 2021/07/15 10:05:42 Q=5
2026-01-06 17:19:08,051 - INFO - [GINSLIB] processing : 2021/07/15 10:05:43 Q=5
2026-01-06 17:19:08,061 - INFO - [GINSLIB] processing : 2021/07/15 10:05:44 Q=5
2026-01-06 17:19:08,062 - INFO - [GINSLIB] processing : 2021/07/15 10:05:45 Q=5
2026-01-06 17:19:08,067 - INFO - [GINSLIB] processing : 2021/07/15 10:05:46 Q=5
2026-01-06 17:19:08,073 - INFO - [GINSLIB] processing : 2021/07/15 10:05:47 Q=5
2026-01-06 17:19:08,080 - INFO - [GINSLIB] processing : 2021/07/15 10:05:48 Q=5
2026-01-06 17:19:08,088 - INFO - [GINSLIB] processing : 2021/07/15 10:05:49 Q=5
2026-01-06 17:19:08,090 - INFO - [GINSLIB] processing : 2021/07/15 10:05:50 Q=5
2026-01-06 17:19:08,095 - INFO - [GINSLIB] processing : 2021/07/15 10:05:51 Q=5
2026-01-06 17:19:08,101 - INFO - [GINSLIB] processing : 2021/07/15 10:05:52 Q=5
2026-01-06 17:19:08,108 - INFO - [GINSLIB] processing : 2021/07/15 10:05:53 Q=5
2026-01-06 17:19:08,117 - INFO - [GINSLIB] processing : 2021/07/15 10:05:54 Q=5
2026-01-06 17:19:08,118 - INFO - [GINSLIB] processing : 2021/07/15 10:05:55 Q=5
2026-01-06 17:19:08,124 - INFO - [GINSLIB] processing : 2021/07/15 10:05:56 Q=5
2026-01-06 17:19:08,129 - INFO - [GINSLIB] processing : 2021/07/15 10:05:57 Q=5
2026-01-06 17:19:08,136 - INFO - [GINSLIB] processing : 2021/07/15 10:05:58 Q=5
2026-01-06 17:19:08,144 - INFO - [GINSLIB] processing : 2021/07/15 10:05:59 Q=5
2026-01-06 17:19:08,151 - INFO - [GINSLIB] processing : 2021/07/15 10:06:00 Q=5
2026-01-06 17:19:08,159 - INFO - [GINSLIB] processing : 2021/07/15 10:06:01 Q=5
2026-01-06 17:19:08,165 - INFO - [GINSLIB] processing : 2021/07/15 10:06:02 Q=5
2026-01-06 17:19:08,171 - INFO - [GINSLIB] processing : 2021/07/15 10:06:03 Q=5
2026-01-06 17:19:08,176 - INFO - [GINSLIB] processing : 2021/07/15 10:06:04 Q=5
2026-01-06 17:19:08,181 - INFO - [GINSLIB] processing : 2021/07/15 10:06:05 Q=5
2026-01-06 17:19:08,186 - INFO - [GINSLIB] processing : 2021/07/15 10:06:06 Q=5
2026-01-06 17:19:08,191 - INFO - [GINSLIB] processing : 2021/07/15 10:06:07 Q=5
2026-01-06 17:19:08,197 - INFO - [GINSLIB] processing : 2021/07/15 10:06:08 Q=5
2026-01-06 17:19:08,202 - INFO - [GINSLIB] processing : 2021/07/15 10:06:09 Q=5
2026-01-06 17:19:08,206 - INFO - [GINSLIB] processing : 2021/07/15 10:06:10 Q=5
2026-01-06 17:19:08,211 - INFO - [GINSLIB] processing : 2021/07/15 10:06:11 Q=5
2026-01-06 17:19:08,216 - INFO - [GINSLIB] processing : 2021/07/15 10:06:12 Q=5
2026-01-06 17:19:08,222 - INFO - [GINSLIB] processing : 2021/07/15 10:06:13 Q=5
2026-01-06 17:19:08,227 - INFO - [GINSLIB] processing : 2021/07/15 10:06:14 Q=5
2026-01-06 17:19:08,235 - INFO - [GINSLIB] processing : 2021/07/15 10:06:15 Q=5
2026-01-06 17:19:08,236 - INFO - [GINSLIB] processing : 2021/07/15 10:06:16 Q=5
2026-01-06 17:19:08,241 - INFO - [GINSLIB] processing : 2021/07/15 10:06:17 Q=5
2026-01-06 17:19:08,246 - INFO - [GINSLIB] processing : 2021/07/15 10:06:18 Q=5
2026-01-06 17:19:08,251 - INFO - [GINSLIB] processing : 2021/07/15 10:06:19 Q=5
2026-01-06 17:19:08,259 - INFO - [GINSLIB] processing : 2021/07/15 10:06:20 Q=5
2026-01-06 17:19:08,260 - INFO - [GINSLIB] processing : 2021/07/15 10:06:21 Q=5
2026-01-06 17:19:08,264 - INFO - [GINSLIB] processing : 2021/07/15 10:06:22 Q=5
2026-01-06 17:19:08,269 - INFO - [GINSLIB] processing : 2021/07/15 10:06:23 Q=5
2026-01-06 17:19:08,274 - INFO - [GINSLIB] processing : 2021/07/15 10:06:24 Q=5
2026-01-06 17:19:08,282 - INFO - [GINSLIB] processing : 2021/07/15 10:06:25 Q=5
2026-01-06 17:19:08,283 - INFO - [GINSLIB] processing : 2021/07/15 10:06:26 Q=5
2026-01-06 17:19:08,289 - INFO - [GINSLIB] processing : 2021/07/15 10:06:27 Q=5
2026-01-06 17:19:08,296 - INFO - [GINSLIB] processing : 2021/07/15 10:06:28 Q=5
2026-01-06 17:19:08,301 - INFO - [GINSLIB] processing : 2021/07/15 10:06:29 Q=5
2026-01-06 17:19:08,306 - INFO - [GINSLIB] processing : 2021/07/15 10:06:30 Q=5
2026-01-06 17:19:08,312 - INFO - [GINSLIB] processing : 2021/07/15 10:06:31 Q=5
2026-01-06 17:19:08,316 - INFO - [GINSLIB] processing : 2021/07/15 10:06:32 Q=5
2026-01-06 17:19:08,321 - INFO - [GINSLIB] processing : 2021/07/15 10:06:33 Q=5
2026-01-06 17:19:08,326 - INFO - [GINSLIB] processing : 2021/07/15 10:06:34 Q=5
2026-01-06 17:19:08,330 - INFO - [GINSLIB] processing : 2021/07/15 10:06:35 Q=5
2026-01-06 17:19:08,333 - INFO - [GINSLIB] processing : 2021/07/15 10:06:36 Q=5
2026-01-06 17:19:08,338 - INFO - [GINSLIB] processing : 2021/07/15 10:06:37 Q=5
2026-01-06 17:19:08,345 - INFO - [GINSLIB] processing : 2021/07/15 10:06:38 Q=5
2026-01-06 17:19:08,349 - INFO - [GINSLIB] processing : 2021/07/15 10:06:39 Q=5
2026-01-06 17:19:08,354 - INFO - [GINSLIB] processing : 2021/07/15 10:06:40 Q=5
2026-01-06 17:19:08,358 - INFO - [GINSLIB] processing : 2021/07/15 10:06:41 Q=5
2026-01-06 17:19:08,363 - INFO - [GINSLIB] processing : 2021/07/15 10:06:42 Q=5
2026-01-06 17:19:08,368 - INFO - [GINSLIB] processing : 2021/07/15 10:06:43 Q=5
2026-01-06 17:19:08,373 - INFO - [GINSLIB] processing : 2021/07/15 10:06:44 Q=5
2026-01-06 17:19:08,378 - INFO - [GINSLIB] processing : 2021/07/15 10:06:45 Q=5
2026-01-06 17:19:08,386 - INFO - [GINSLIB] processing : 2021/07/15 10:06:46 Q=5
2026-01-06 17:19:08,388 - INFO - [GINSLIB] processing : 2021/07/15 10:06:47 Q=5
2026-01-06 17:19:08,393 - INFO - [GINSLIB] processing : 2021/07/15 10:06:48 Q=5
2026-01-06 17:19:08,397 - INFO - [GINSLIB] processing : 2021/07/15 10:06:49 Q=5
2026-01-06 17:19:08,404 - INFO - [GINSLIB] processing : 2021/07/15 10:06:50 Q=5
2026-01-06 17:19:08,412 - INFO - [GINSLIB] processing : 2021/07/15 10:06:51 Q=5
2026-01-06 17:19:08,413 - INFO - [GINSLIB] processing : 2021/07/15 10:06:52 Q=5
2026-01-06 17:19:08,419 - INFO - [GINSLIB] processing : 2021/07/15 10:06:53 Q=5
2026-01-06 17:19:08,424 - INFO - [GINSLIB] processing : 2021/07/15 10:06:54 Q=5
2026-01-06 17:19:08,428 - INFO - [GINSLIB] processing : 2021/07/15 10:06:55 Q=5
2026-01-06 17:19:08,436 - INFO - [GINSLIB] processing : 2021/07/15 10:06:56 Q=5
2026-01-06 17:19:08,436 - INFO - [GINSLIB] processing : 2021/07/15 10:06:57 Q=5
2026-01-06 17:19:08,441 - INFO - [GINSLIB] processing : 2021/07/15 10:06:58 Q=5
2026-01-06 17:19:08,447 - INFO - [GINSLIB] processing : 2021/07/15 10:06:59 Q=5
2026-01-06 17:19:08,453 - INFO - [GINSLIB] processing : 2021/07/15 10:07:00 Q=5
2026-01-06 17:19:08,457 - INFO - [GINSLIB] processing : 2021/07/15 10:07:01 Q=5
2026-01-06 17:19:08,462 - INFO - [GINSLIB] processing : 2021/07/15 10:07:02 Q=5
2026-01-06 17:19:08,468 - INFO - [GINSLIB] processing : 2021/07/15 10:07:03 Q=5
2026-01-06 17:19:08,474 - INFO - [GINSLIB] processing : 2021/07/15 10:07:04 Q=5
2026-01-06 17:19:08,479 - INFO - [GINSLIB] processing : 2021/07/15 10:07:05 Q=5
2026-01-06 17:19:08,483 - INFO - [GINSLIB] processing : 2021/07/15 10:07:06 Q=5
2026-01-06 17:19:08,487 - INFO - [GINSLIB] processing : 2021/07/15 10:07:07 Q=5
2026-01-06 17:19:08,493 - INFO - [GINSLIB] processing : 2021/07/15 10:07:08 Q=5
2026-01-06 17:19:08,499 - INFO - [GINSLIB] processing : 2021/07/15 10:07:09 Q=5
2026-01-06 17:19:08,504 - INFO - [GINSLIB] processing : 2021/07/15 10:07:10 Q=5
2026-01-06 17:19:08,510 - INFO - [GINSLIB] processing : 2021/07/15 10:07:11 Q=5
2026-01-06 17:19:08,515 - INFO - [GINSLIB] processing : 2021/07/15 10:07:12 Q=5
2026-01-06 17:19:08,520 - INFO - [GINSLIB] processing : 2021/07/15 10:07:13 Q=5
2026-01-06 17:19:08,525 - INFO - [GINSLIB] processing : 2021/07/15 10:07:14 Q=5
2026-01-06 17:19:08,530 - INFO - [GINSLIB] processing : 2021/07/15 10:07:15 Q=5
2026-01-06 17:19:08,535 - INFO - [GINSLIB] processing : 2021/07/15 10:07:16 Q=5
2026-01-06 17:19:08,545 - INFO - [GINSLIB] processing : 2021/07/15 10:07:17 Q=5
2026-01-06 17:19:08,547 - INFO - [GINSLIB] processing : 2021/07/15 10:07:18 Q=5
2026-01-06 17:19:08,552 - INFO - [GINSLIB] processing : 2021/07/15 10:07:19 Q=5
2026-01-06 17:19:08,557 - INFO - [GINSLIB] processing : 2021/07/15 10:07:20 Q=5
2026-01-06 17:19:08,562 - INFO - [GINSLIB] processing : 2021/07/15 10:07:21 Q=5
2026-01-06 17:19:08,570 - INFO - [GINSLIB] processing : 2021/07/15 10:07:22 Q=5
2026-01-06 17:19:08,571 - INFO - [GINSLIB] processing : 2021/07/15 10:07:23 Q=5
2026-01-06 17:19:08,578 - INFO - [GINSLIB] processing : 2021/07/15 10:07:24 Q=5
2026-01-06 17:19:08,583 - INFO - [GINSLIB] processing : 2021/07/15 10:07:25 Q=5
2026-01-06 17:19:08,590 - INFO - [GINSLIB] processing : 2021/07/15 10:07:26 Q=5
2026-01-06 17:19:08,600 - INFO - [GINSLIB] processing : 2021/07/15 10:07:27 Q=5
2026-01-06 17:19:08,601 - INFO - [GINSLIB] processing : 2021/07/15 10:07:28 Q=5
2026-01-06 17:19:08,607 - INFO - [GINSLIB] processing : 2021/07/15 10:07:29 Q=5
2026-01-06 17:19:08,612 - INFO - [GINSLIB] processing : 2021/07/15 10:07:30 Q=5
2026-01-06 17:19:08,616 - INFO - [GINSLIB] processing : 2021/07/15 10:07:31 Q=5
2026-01-06 17:19:08,624 - INFO - [GINSLIB] processing : 2021/07/15 10:07:32 Q=5
2026-01-06 17:19:08,629 - INFO - [GINSLIB] processing : 2021/07/15 10:07:33 Q=5
2026-01-06 17:19:08,634 - INFO - [GINSLIB] processing : 2021/07/15 10:07:34 Q=5
2026-01-06 17:19:08,639 - INFO - [GINSLIB] processing : 2021/07/15 10:07:35 Q=5
2026-01-06 17:19:08,644 - INFO - [GINSLIB] processing : 2021/07/15 10:07:36 Q=5
2026-01-06 17:19:08,650 - INFO - [GINSLIB] processing : 2021/07/15 10:07:37 Q=5
2026-01-06 17:19:08,656 - INFO - [GINSLIB] processing : 2021/07/15 10:07:38 Q=5
2026-01-06 17:19:08,663 - INFO - [GINSLIB] processing : 2021/07/15 10:07:39 Q=5
2026-01-06 17:19:08,669 - INFO - [GINSLIB] processing : 2021/07/15 10:07:40 Q=5
2026-01-06 17:19:08,675 - INFO - [GINSLIB] processing : 2021/07/15 10:07:41 Q=5
2026-01-06 17:19:08,682 - INFO - [GINSLIB] processing : 2021/07/15 10:07:42 Q=5
2026-01-06 17:19:08,686 - INFO - [GINSLIB] processing : 2021/07/15 10:07:43 Q=5
2026-01-06 17:19:08,691 - INFO - [GINSLIB] processing : 2021/07/15 10:07:44 Q=5
2026-01-06 17:19:08,698 - INFO - [GINSLIB] processing : 2021/07/15 10:07:45 Q=5
2026-01-06 17:19:08,704 - INFO - [GINSLIB] processing : 2021/07/15 10:07:46 Q=5
2026-01-06 17:19:08,711 - INFO - [GINSLIB] processing : 2021/07/15 10:07:47 Q=5
2026-01-06 17:19:08,719 - INFO - [GINSLIB] processing : 2021/07/15 10:07:48 Q=5
2026-01-06 17:19:08,720 - INFO - [GINSLIB] processing : 2021/07/15 10:07:49 Q=5
2026-01-06 17:19:08,726 - INFO - [GINSLIB] processing : 2021/07/15 10:07:50 Q=5
2026-01-06 17:19:08,731 - INFO - [GINSLIB] processing : 2021/07/15 10:07:51 Q=5
2026-01-06 17:19:08,736 - INFO - [GINSLIB] processing : 2021/07/15 10:07:52 Q=5
2026-01-06 17:19:08,746 - INFO - [GINSLIB] processing : 2021/07/15 10:07:53 Q=5
2026-01-06 17:19:08,747 - INFO - [GINSLIB] processing : 2021/07/15 10:07:54 Q=5
2026-01-06 17:19:08,752 - INFO - [GINSLIB] processing : 2021/07/15 10:07:55 Q=5
2026-01-06 17:19:08,758 - INFO - [GINSLIB] processing : 2021/07/15 10:07:56 Q=5
2026-01-06 17:19:08,764 - INFO - [GINSLIB] processing : 2021/07/15 10:07:57 Q=5
2026-01-06 17:19:08,772 - INFO - [GINSLIB] processing : 2021/07/15 10:07:58 Q=5
2026-01-06 17:19:08,774 - INFO - [GINSLIB] processing : 2021/07/15 10:07:59 Q=5
2026-01-06 17:19:08,780 - INFO - [GINSLIB] processing : 2021/07/15 10:08:00 Q=5
2026-01-06 17:19:08,785 - INFO - [GINSLIB] processing : 2021/07/15 10:08:01 Q=5
2026-01-06 17:19:08,791 - INFO - [GINSLIB] processing : 2021/07/15 10:08:02 Q=5
2026-01-06 17:19:08,796 - INFO - [GINSLIB] processing : 2021/07/15 10:08:03 Q=5
2026-01-06 17:19:08,800 - INFO - [GINSLIB] processing : 2021/07/15 10:08:04 Q=5
2026-01-06 17:19:08,806 - INFO - [GINSLIB] processing : 2021/07/15 10:08:05 Q=5
2026-01-06 17:19:08,813 - INFO - [GINSLIB] processing : 2021/07/15 10:08:06 Q=5
2026-01-06 17:19:08,819 - INFO - [GINSLIB] processing : 2021/07/15 10:08:07 Q=5
2026-01-06 17:19:08,825 - INFO - [GINSLIB] processing : 2021/07/15 10:08:08 Q=5
2026-01-06 17:19:08,830 - INFO - [GINSLIB] processing : 2021/07/15 10:08:09 Q=5
2026-01-06 17:19:08,837 - INFO - [GINSLIB] processing : 2021/07/15 10:08:10 Q=5
2026-01-06 17:19:08,843 - INFO - [GINSLIB] processing : 2021/07/15 10:08:11 Q=5
2026-01-06 17:19:08,849 - INFO - [GINSLIB] processing : 2021/07/15 10:08:12 Q=5
2026-01-06 17:19:08,855 - INFO - [GINSLIB] processing : 2021/07/15 10:08:13 Q=5
2026-01-06 17:19:08,864 - INFO - [GINSLIB] processing : 2021/07/15 10:08:14 Q=5
2026-01-06 17:19:08,865 - INFO - [GINSLIB] processing : 2021/07/15 10:08:15 Q=5
2026-01-06 17:19:08,871 - INFO - [GINSLIB] processing : 2021/07/15 10:08:16 Q=5
2026-01-06 17:19:08,877 - INFO - [GINSLIB] processing : 2021/07/15 10:08:17 Q=5
2026-01-06 17:19:08,883 - INFO - [GINSLIB] processing : 2021/07/15 10:08:18 Q=5
2026-01-06 17:19:08,891 - INFO - [GINSLIB] processing : 2021/07/15 10:08:19 Q=5
2026-01-06 17:19:08,892 - INFO - [GINSLIB] processing : 2021/07/15 10:08:20 Q=5
2026-01-06 17:19:08,897 - INFO - [GINSLIB] processing : 2021/07/15 10:08:21 Q=5
2026-01-06 17:19:08,903 - INFO - [GINSLIB] processing : 2021/07/15 10:08:22 Q=5
2026-01-06 17:19:08,908 - INFO - [GINSLIB] processing : 2021/07/15 10:08:23 Q=5
2026-01-06 17:19:08,918 - INFO - [GINSLIB] processing : 2021/07/15 10:08:24 Q=5
2026-01-06 17:19:08,919 - INFO - [GINSLIB] processing : 2021/07/15 10:08:25 Q=5
2026-01-06 17:19:08,926 - INFO - [GINSLIB] processing : 2021/07/15 10:08:26 Q=5
2026-01-06 17:19:08,933 - INFO - [GINSLIB] processing : 2021/07/15 10:08:27 Q=5
2026-01-06 17:19:08,939 - INFO - [GINSLIB] processing : 2021/07/15 10:08:28 Q=5
2026-01-06 17:19:08,949 - INFO - [GINSLIB] processing : 2021/07/15 10:08:29 Q=5
2026-01-06 17:19:08,950 - INFO - [GINSLIB] processing : 2021/07/15 10:08:30 Q=5
2026-01-06 17:19:08,955 - INFO - [GINSLIB] processing : 2021/07/15 10:08:31 Q=5
2026-01-06 17:19:08,961 - INFO - [GINSLIB] processing : 2021/07/15 10:08:32 Q=5
2026-01-06 17:19:08,967 - INFO - [GINSLIB] processing : 2021/07/15 10:08:33 Q=5
2026-01-06 17:19:08,973 - INFO - [GINSLIB] processing : 2021/07/15 10:08:34 Q=5
2026-01-06 17:19:08,978 - INFO - [GINSLIB] processing : 2021/07/15 10:08:35 Q=5
2026-01-06 17:19:08,983 - INFO - [GINSLIB] processing : 2021/07/15 10:08:36 Q=5
2026-01-06 17:19:08,989 - INFO - [GINSLIB] processing : 2021/07/15 10:08:37 Q=5
2026-01-06 17:19:08,994 - INFO - [GINSLIB] processing : 2021/07/15 10:08:38 Q=5
2026-01-06 17:19:09,000 - INFO - [GINSLIB] processing : 2021/07/15 10:08:39 Q=5
2026-01-06 17:19:09,005 - INFO - [GINSLIB] processing : 2021/07/15 10:08:40 Q=5
2026-01-06 17:19:09,009 - INFO - [GINSLIB] processing : 2021/07/15 10:08:41 Q=5
2026-01-06 17:19:09,014 - INFO - [GINSLIB] processing : 2021/07/15 10:08:42 Q=5
2026-01-06 17:19:09,019 - INFO - [GINSLIB] processing : 2021/07/15 10:08:43 Q=5
2026-01-06 17:19:09,025 - INFO - [GINSLIB] processing : 2021/07/15 10:08:44 Q=5
2026-01-06 17:19:09,034 - INFO - [GINSLIB] processing : 2021/07/15 10:08:45 Q=5
2026-01-06 17:19:09,035 - INFO - [GINSLIB] processing : 2021/07/15 10:08:46 Q=5
2026-01-06 17:19:09,040 - INFO - [GINSLIB] processing : 2021/07/15 10:08:47 Q=5
2026-01-06 17:19:09,045 - INFO - [GINSLIB] processing : 2021/07/15 10:08:48 Q=5
2026-01-06 17:19:09,051 - INFO - [GINSLIB] processing : 2021/07/15 10:08:49 Q=5
2026-01-06 17:19:09,060 - INFO - [GINSLIB] processing : 2021/07/15 10:08:50 Q=5
2026-01-06 17:19:09,061 - INFO - [GINSLIB] processing : 2021/07/15 10:08:51 Q=5
2026-01-06 17:19:09,067 - INFO - [GINSLIB] processing : 2021/07/15 10:08:52 Q=5
2026-01-06 17:19:09,072 - INFO - [GINSLIB] processing : 2021/07/15 10:08:53 Q=5
2026-01-06 17:19:09,078 - INFO - [GINSLIB] processing : 2021/07/15 10:08:54 Q=5
2026-01-06 17:19:09,086 - INFO - [GINSLIB] processing : 2021/07/15 10:08:55 Q=5
2026-01-06 17:19:09,088 - INFO - [GINSLIB] processing : 2021/07/15 10:08:56 Q=5
2026-01-06 17:19:09,093 - INFO - [GINSLIB] processing : 2021/07/15 10:08:57 Q=5
2026-01-06 17:19:09,098 - INFO - [GINSLIB] processing : 2021/07/15 10:08:58 Q=5
2026-01-06 17:19:09,103 - INFO - [GINSLIB] processing : 2021/07/15 10:08:59 Q=5
2026-01-06 17:19:09,108 - INFO - [GINSLIB] processing : 2021/07/15 10:09:00 Q=5
2026-01-06 17:19:09,111 - INFO - [GINSLIB] processing : 2021/07/15 10:09:01 Q=5
2026-01-06 17:19:09,117 - INFO - [GINSLIB] processing : 2021/07/15 10:09:02 Q=5
2026-01-06 17:19:09,122 - INFO - [GINSLIB] processing : 2021/07/15 10:09:03 Q=5
2026-01-06 17:19:09,127 - INFO - [GINSLIB] processing : 2021/07/15 10:09:04 Q=5
2026-01-06 17:19:09,132 - INFO - [GINSLIB] processing : 2021/07/15 10:09:05 Q=5
2026-01-06 17:19:09,136 - INFO - [GINSLIB] processing : 2021/07/15 10:09:06 Q=5
2026-01-06 17:19:09,141 - INFO - [GINSLIB] processing : 2021/07/15 10:09:07 Q=5
2026-01-06 17:19:09,147 - INFO - [GINSLIB] processing : 2021/07/15 10:09:08 Q=5
2026-01-06 17:19:09,151 - INFO - [GINSLIB] processing : 2021/07/15 10:09:09 Q=5
2026-01-06 17:19:09,156 - INFO - [GINSLIB] processing : 2021/07/15 10:09:10 Q=5
2026-01-06 17:19:09,161 - INFO - [GINSLIB] processing : 2021/07/15 10:09:11 Q=5
2026-01-06 17:19:09,166 - INFO - [GINSLIB] processing : 2021/07/15 10:09:12 Q=5
2026-01-06 17:19:09,170 - INFO - [GINSLIB] processing : 2021/07/15 10:09:13 Q=5
2026-01-06 17:19:09,177 - INFO - [GINSLIB] processing : 2021/07/15 10:09:14 Q=5
2026-01-06 17:19:09,182 - INFO - [GINSLIB] processing : 2021/07/15 10:09:15 Q=5
2026-01-06 17:19:09,190 - INFO - [GINSLIB] processing : 2021/07/15 10:09:16 Q=5
2026-01-06 17:19:09,191 - INFO - [GINSLIB] processing : 2021/07/15 10:09:17 Q=5
2026-01-06 17:19:09,196 - INFO - [GINSLIB] processing : 2021/07/15 10:09:18 Q=5
2026-01-06 17:19:09,201 - INFO - [GINSLIB] processing : 2021/07/15 10:09:19 Q=5
2026-01-06 17:19:09,207 - INFO - [GINSLIB] processing : 2021/07/15 10:09:20 Q=5
2026-01-06 17:19:09,215 - INFO - [GINSLIB] processing : 2021/07/15 10:09:21 Q=5
2026-01-06 17:19:09,216 - INFO - [GINSLIB] processing : 2021/07/15 10:09:22 Q=5
2026-01-06 17:19:09,223 - INFO - [GINSLIB] processing : 2021/07/15 10:09:23 Q=5
2026-01-06 17:19:09,227 - INFO - [GINSLIB] processing : 2021/07/15 10:09:24 Q=5
2026-01-06 17:19:09,232 - INFO - [GINSLIB] processing : 2021/07/15 10:09:25 Q=5
2026-01-06 17:19:09,242 - INFO - [GINSLIB] processing : 2021/07/15 10:09:26 Q=5
2026-01-06 17:19:09,243 - INFO - [GINSLIB] processing : 2021/07/15 10:09:27 Q=5
2026-01-06 17:19:09,247 - INFO - [GINSLIB] processing : 2021/07/15 10:09:28 Q=5
2026-01-06 17:19:09,253 - INFO - [GINSLIB] processing : 2021/07/15 10:09:29 Q=5
2026-01-06 17:19:09,258 - INFO - [GINSLIB] processing : 2021/07/15 10:09:30 Q=5
2026-01-06 17:19:09,262 - INFO - [GINSLIB] processing : 2021/07/15 10:09:31 Q=5
2026-01-06 17:19:09,266 - INFO - [GINSLIB] processing : 2021/07/15 10:09:32 Q=5
2026-01-06 17:19:09,272 - INFO - [GINSLIB] processing : 2021/07/15 10:09:33 Q=5
2026-01-06 17:19:09,277 - INFO - [GINSLIB] processing : 2021/07/15 10:09:34 Q=5
2026-01-06 17:19:09,282 - INFO - [GINSLIB] processing : 2021/07/15 10:09:35 Q=5
2026-01-06 17:19:09,287 - INFO - [GINSLIB] processing : 2021/07/15 10:09:36 Q=5
2026-01-06 17:19:09,291 - INFO - [GINSLIB] processing : 2021/07/15 10:09:37 Q=5
2026-01-06 17:19:09,296 - INFO - [GINSLIB] processing : 2021/07/15 10:09:38 Q=5
2026-01-06 17:19:09,301 - INFO - [GINSLIB] processing : 2021/07/15 10:09:39 Q=5
2026-01-06 17:19:09,305 - INFO - [GINSLIB] processing : 2021/07/15 10:09:40 Q=5
2026-01-06 17:19:09,310 - INFO - [GINSLIB] processing : 2021/07/15 10:09:41 Q=5
2026-01-06 17:19:09,315 - INFO - [GINSLIB] processing : 2021/07/15 10:09:42 Q=5
2026-01-06 17:19:09,320 - INFO - [GINSLIB] processing : 2021/07/15 10:09:43 Q=5
2026-01-06 17:19:09,325 - INFO - [GINSLIB] processing : 2021/07/15 10:09:44 Q=5
2026-01-06 17:19:09,330 - INFO - [GINSLIB] processing : 2021/07/15 10:09:45 Q=5
2026-01-06 17:19:09,336 - INFO - [GINSLIB] processing : 2021/07/15 10:09:46 Q=5
2026-01-06 17:19:09,345 - INFO - [GINSLIB] processing : 2021/07/15 10:09:47 Q=5
2026-01-06 17:19:09,346 - INFO - [GINSLIB] processing : 2021/07/15 10:09:48 Q=5
2026-01-06 17:19:09,351 - INFO - [GINSLIB] processing : 2021/07/15 10:09:49 Q=5
2026-01-06 17:19:09,356 - INFO - [GINSLIB] processing : 2021/07/15 10:09:50 Q=5
2026-01-06 17:19:09,363 - INFO - [GINSLIB] processing : 2021/07/15 10:09:51 Q=5
2026-01-06 17:19:09,371 - INFO - [GINSLIB] processing : 2021/07/15 10:09:52 Q=5
2026-01-06 17:19:09,372 - INFO - [GINSLIB] processing : 2021/07/15 10:09:53 Q=5
2026-01-06 17:19:09,379 - INFO - [GINSLIB] processing : 2021/07/15 10:09:54 Q=5
2026-01-06 17:19:09,384 - INFO - [GINSLIB] processing : 2021/07/15 10:09:55 Q=5
2026-01-06 17:19:09,390 - INFO - [GINSLIB] processing : 2021/07/15 10:09:56 Q=5
2026-01-06 17:19:09,400 - INFO - [GINSLIB] processing : 2021/07/15 10:09:57 Q=5
2026-01-06 17:19:09,401 - INFO - [GINSLIB] processing : 2021/07/15 10:09:58 Q=5
2026-01-06 17:19:09,406 - INFO - [GINSLIB] processing : 2021/07/15 10:09:59 Q=5
2026-01-06 17:19:09,413 - INFO - [GINSLIB] processing : 2021/07/15 10:10:00 Q=5
2026-01-06 17:19:09,418 - INFO - [GINSLIB] processing : 2021/07/15 10:10:01 Q=5
2026-01-06 17:19:09,424 - INFO - [GINSLIB] processing : 2021/07/15 10:10:02 Q=5
2026-01-06 17:19:09,428 - INFO - [GINSLIB] processing : 2021/07/15 10:10:03 Q=5
2026-01-06 17:19:09,433 - INFO - [GINSLIB] processing : 2021/07/15 10:10:04 Q=5
2026-01-06 17:19:09,438 - INFO - [GINSLIB] processing : 2021/07/15 10:10:05 Q=5
2026-01-06 17:19:09,443 - INFO - [GINSLIB] processing : 2021/07/15 10:10:06 Q=5
2026-01-06 17:19:09,447 - INFO - [GINSLIB] processing : 2021/07/15 10:10:07 Q=5
2026-01-06 17:19:09,451 - INFO - [GINSLIB] processing : 2021/07/15 10:10:08 Q=5
2026-01-06 17:19:09,458 - INFO - [GINSLIB] processing : 2021/07/15 10:10:09 Q=5
2026-01-06 17:19:09,463 - INFO - [GINSLIB] processing : 2021/07/15 10:10:10 Q=5
2026-01-06 17:19:09,468 - INFO - [GINSLIB] processing : 2021/07/15 10:10:11 Q=5
2026-01-06 17:19:09,474 - INFO - [GINSLIB] processing : 2021/07/15 10:10:12 Q=5
2026-01-06 17:19:09,477 - INFO - [GINSLIB] processing : 2021/07/15 10:10:13 Q=5
2026-01-06 17:19:09,482 - INFO - [GINSLIB] processing : 2021/07/15 10:10:14 Q=5
2026-01-06 17:19:09,487 - INFO - [GINSLIB] processing : 2021/07/15 10:10:15 Q=5
2026-01-06 17:19:09,492 - INFO - [GINSLIB] processing : 2021/07/15 10:10:16 Q=5
2026-01-06 17:19:09,498 - INFO - [GINSLIB] processing : 2021/07/15 10:10:17 Q=5
2026-01-06 17:19:09,507 - INFO - [GINSLIB] processing : 2021/07/15 10:10:18 Q=5
2026-01-06 17:19:09,508 - INFO - [GINSLIB] processing : 2021/07/15 10:10:19 Q=5
2026-01-06 17:19:09,514 - INFO - [GINSLIB] processing : 2021/07/15 10:10:20 Q=5
2026-01-06 17:19:09,518 - INFO - [GINSLIB] processing : 2021/07/15 10:10:21 Q=5
2026-01-06 17:19:09,524 - INFO - [GINSLIB] processing : 2021/07/15 10:10:22 Q=5
2026-01-06 17:19:09,533 - INFO - [GINSLIB] processing : 2021/07/15 10:10:23 Q=5
2026-01-06 17:19:09,534 - INFO - [GINSLIB] processing : 2021/07/15 10:10:24 Q=5
2026-01-06 17:19:09,539 - INFO - [GINSLIB] processing : 2021/07/15 10:10:25 Q=5
2026-01-06 17:19:09,544 - INFO - [GINSLIB] processing : 2021/07/15 10:10:26 Q=5
2026-01-06 17:19:09,549 - INFO - [GINSLIB] processing : 2021/07/15 10:10:27 Q=5
2026-01-06 17:19:09,557 - INFO - [GINSLIB] processing : 2021/07/15 10:10:28 Q=5
2026-01-06 17:19:09,558 - INFO - [GINSLIB] processing : 2021/07/15 10:10:29 Q=5
2026-01-06 17:19:09,564 - INFO - [GINSLIB] processing : 2021/07/15 10:10:30 Q=5
2026-01-06 17:19:09,568 - INFO - [GINSLIB] processing : 2021/07/15 10:10:31 Q=5
2026-01-06 17:19:09,573 - INFO - [GINSLIB] processing : 2021/07/15 10:10:32 Q=5
2026-01-06 17:19:09,580 - INFO - [GINSLIB] processing : 2021/07/15 10:10:33 Q=5
2026-01-06 17:19:09,584 - INFO - [GINSLIB] processing : 2021/07/15 10:10:34 Q=5
2026-01-06 17:19:09,588 - INFO - [GINSLIB] processing : 2021/07/15 10:10:35 Q=5
2026-01-06 17:19:09,593 - INFO - [GINSLIB] processing : 2021/07/15 10:10:36 Q=5
2026-01-06 17:19:09,598 - INFO - [GINSLIB] processing : 2021/07/15 10:10:37 Q=5
2026-01-06 17:19:09,602 - INFO - [GINSLIB] processing : 2021/07/15 10:10:38 Q=5
2026-01-06 17:19:09,607 - INFO - [GINSLIB] processing : 2021/07/15 10:10:39 Q=5
2026-01-06 17:19:09,613 - INFO - [GINSLIB] processing : 2021/07/15 10:10:40 Q=5
2026-01-06 17:19:09,617 - INFO - [GINSLIB] processing : 2021/07/15 10:10:41 Q=5
2026-01-06 17:19:09,622 - INFO - [GINSLIB] processing : 2021/07/15 10:10:42 Q=5
2026-01-06 17:19:09,627 - INFO - [GINSLIB] processing : 2021/07/15 10:10:43 Q=5
2026-01-06 17:19:09,630 - INFO - [GINSLIB] processing : 2021/07/15 10:10:44 Q=5
2026-01-06 17:19:09,635 - INFO - [GINSLIB] processing : 2021/07/15 10:10:45 Q=5
2026-01-06 17:19:09,642 - INFO - [GINSLIB] processing : 2021/07/15 10:10:46 Q=5
2026-01-06 17:19:09,647 - INFO - [GINSLIB] processing : 2021/07/15 10:10:47 Q=5
2026-01-06 17:19:09,652 - INFO - [GINSLIB] processing : 2021/07/15 10:10:48 Q=5
2026-01-06 17:19:09,660 - INFO - [GINSLIB] processing : 2021/07/15 10:10:49 Q=5
2026-01-06 17:19:09,661 - INFO - [GINSLIB] processing : 2021/07/15 10:10:50 Q=5
2026-01-06 17:19:09,667 - INFO - [GINSLIB] processing : 2021/07/15 10:10:51 Q=5
2026-01-06 17:19:09,673 - INFO - [GINSLIB] processing : 2021/07/15 10:10:52 Q=5
2026-01-06 17:19:09,679 - INFO - [GINSLIB] processing : 2021/07/15 10:10:53 Q=5
2026-01-06 17:19:09,688 - INFO - [GINSLIB] processing : 2021/07/15 10:10:54 Q=5
2026-01-06 17:19:09,690 - INFO - [GINSLIB] processing : 2021/07/15 10:10:55 Q=5
2026-01-06 17:19:09,695 - INFO - [GINSLIB] processing : 2021/07/15 10:10:56 Q=5
2026-01-06 17:19:09,701 - INFO - [GINSLIB] processing : 2021/07/15 10:10:57 Q=5
2026-01-06 17:19:09,707 - INFO - [GINSLIB] processing : 2021/07/15 10:10:58 Q=5
2026-01-06 17:19:09,716 - INFO - [GINSLIB] processing : 2021/07/15 10:10:59 Q=5
2026-01-06 17:19:09,717 - INFO - [GINSLIB] processing : 2021/07/15 10:11:00 Q=5
2026-01-06 17:19:09,722 - INFO - [GINSLIB] processing : 2021/07/15 10:11:01 Q=5
2026-01-06 17:19:09,727 - INFO - [GINSLIB] processing : 2021/07/15 10:11:02 Q=5
2026-01-06 17:19:09,733 - INFO - [GINSLIB] processing : 2021/07/15 10:11:03 Q=5
2026-01-06 17:19:09,737 - INFO - [GINSLIB] processing : 2021/07/15 10:11:04 Q=5
2026-01-06 17:19:09,739 - INFO - [GINSLIB] processing : 2021/07/15 10:11:04 Q=7
2026-01-06 17:19:09,739 - INFO - [GINSLIB] processing : 2021/07/15 10:11:05 Q=7
2026-01-06 17:19:09,742 - INFO - [GINSLIB] processing : 2021/07/15 10:11:06 Q=7
2026-01-06 17:19:09,744 - INFO - [GINSLIB] processing : 2021/07/15 10:11:07 Q=7
2026-01-06 17:19:09,746 - INFO - [GINSLIB] processing : 2021/07/15 10:11:08 Q=7
2026-01-06 17:19:09,748 - INFO - [GINSLIB] processing : 2021/07/15 10:11:09 Q=7
2026-01-06 17:19:09,749 - INFO - [GINSLIB] processing : 2021/07/15 10:11:10 Q=7
2026-01-06 17:19:09,751 - INFO - [GINSLIB] processing : 2021/07/15 10:11:10 Q=5
2026-01-06 17:19:09,752 - INFO - [GINSLIB] processing : 2021/07/15 10:11:11 Q=5
2026-01-06 17:19:09,755 - INFO - [GINSLIB] processing : 2021/07/15 10:11:12 Q=5
2026-01-06 17:19:09,760 - INFO - [GINSLIB] processing : 2021/07/15 10:11:13 Q=5
2026-01-06 17:19:09,765 - INFO - [GINSLIB] processing : 2021/07/15 10:11:14 Q=5
2026-01-06 17:19:09,772 - INFO - [GINSLIB] processing : 2021/07/15 10:11:15 Q=5
2026-01-06 17:19:09,773 - INFO - [GINSLIB] processing : 2021/07/15 10:11:16 Q=5
2026-01-06 17:19:09,779 - INFO - [GINSLIB] processing : 2021/07/15 10:11:17 Q=5
2026-01-06 17:19:09,784 - INFO - [GINSLIB] processing : 2021/07/15 10:11:18 Q=5
2026-01-06 17:19:09,789 - INFO - [GINSLIB] processing : 2021/07/15 10:11:19 Q=5
2026-01-06 17:19:09,798 - INFO - [GINSLIB] processing : 2021/07/15 10:11:20 Q=5
2026-01-06 17:19:09,799 - INFO - [GINSLIB] processing : 2021/07/15 10:11:21 Q=5
2026-01-06 17:19:09,804 - INFO - [GINSLIB] processing : 2021/07/15 10:11:22 Q=5
2026-01-06 17:19:09,809 - INFO - [GINSLIB] processing : 2021/07/15 10:11:23 Q=5
2026-01-06 17:19:09,814 - INFO - [GINSLIB] processing : 2021/07/15 10:11:24 Q=5
2026-01-06 17:19:09,821 - INFO - [GINSLIB] processing : 2021/07/15 10:11:25 Q=5
2026-01-06 17:19:09,822 - INFO - [GINSLIB] processing : 2021/07/15 10:11:26 Q=5
2026-01-06 17:19:09,829 - INFO - [GINSLIB] processing : 2021/07/15 10:11:27 Q=5
2026-01-06 17:19:09,834 - INFO - [GINSLIB] processing : 2021/07/15 10:11:28 Q=5
2026-01-06 17:19:09,839 - INFO - [GINSLIB] processing : 2021/07/15 10:11:29 Q=5
2026-01-06 17:19:09,846 - INFO - [GINSLIB] processing : 2021/07/15 10:11:30 Q=5
2026-01-06 17:19:09,847 - INFO - [GINSLIB] processing : 2021/07/15 10:11:31 Q=5
2026-01-06 17:19:09,852 - INFO - [GINSLIB] processing : 2021/07/15 10:11:32 Q=5
2026-01-06 17:19:09,858 - INFO - [GINSLIB] processing : 2021/07/15 10:11:33 Q=5
2026-01-06 17:19:09,863 - INFO - [GINSLIB] processing : 2021/07/15 10:11:34 Q=5
2026-01-06 17:19:09,867 - INFO - [GINSLIB] processing : 2021/07/15 10:11:35 Q=5
2026-01-06 17:19:09,872 - INFO - [GINSLIB] processing : 2021/07/15 10:11:36 Q=5
2026-01-06 17:19:09,874 - INFO - [GINSLIB] processing : 2021/07/15 10:11:36 Q=7
2026-01-06 17:19:09,876 - INFO - [GINSLIB] processing : 2021/07/15 10:11:37 Q=7
2026-01-06 17:19:09,878 - INFO - [GINSLIB] processing : 2021/07/15 10:11:38 Q=7
2026-01-06 17:19:09,880 - INFO - [GINSLIB] processing : 2021/07/15 10:11:39 Q=7
2026-01-06 17:19:09,882 - INFO - [GINSLIB] processing : 2021/07/15 10:11:40 Q=7
2026-01-06 17:19:09,883 - INFO - [GINSLIB] processing : 2021/07/15 10:11:41 Q=7
2026-01-06 17:19:09,885 - INFO - [GINSLIB] processing : 2021/07/15 10:11:42 Q=7
2026-01-06 17:19:09,887 - INFO - [GINSLIB] processing : 2021/07/15 10:11:43 Q=7
2026-01-06 17:19:09,889 - INFO - [GINSLIB] processing : 2021/07/15 10:11:44 Q=7
2026-01-06 17:19:09,892 - INFO - [GINSLIB] processing : 2021/07/15 10:11:45 Q=7
2026-01-06 17:19:09,895 - INFO - [GINSLIB] processing : 2021/07/15 10:11:45 Q=5
2026-01-06 17:19:09,898 - INFO - [GINSLIB] processing : 2021/07/15 10:11:46 Q=5
2026-01-06 17:19:09,900 - INFO - [GINSLIB] processing : 2021/07/15 10:11:47 Q=5
2026-01-06 17:19:09,905 - INFO - [GINSLIB] processing : 2021/07/15 10:11:48 Q=5
2026-01-06 17:19:09,910 - INFO - [GINSLIB] processing : 2021/07/15 10:11:49 Q=5
2026-01-06 17:19:09,915 - INFO - [GINSLIB] processing : 2021/07/15 10:11:50 Q=5
2026-01-06 17:19:09,925 - INFO - [GINSLIB] processing : 2021/07/15 10:11:51 Q=5
2026-01-06 17:19:09,927 - INFO - [GINSLIB] processing : 2021/07/15 10:11:52 Q=5
2026-01-06 17:19:09,932 - INFO - [GINSLIB] processing : 2021/07/15 10:11:53 Q=5
2026-01-06 17:19:09,938 - INFO - [GINSLIB] processing : 2021/07/15 10:11:54 Q=5
2026-01-06 17:19:09,943 - INFO - [GINSLIB] processing : 2021/07/15 10:11:55 Q=5
2026-01-06 17:19:09,950 - INFO - [GINSLIB] processing : 2021/07/15 10:11:56 Q=5
2026-01-06 17:19:09,951 - INFO - [GINSLIB] processing : 2021/07/15 10:11:57 Q=5
2026-01-06 17:19:09,956 - INFO - [GINSLIB] processing : 2021/07/15 10:11:58 Q=5
2026-01-06 17:19:09,961 - INFO - [GINSLIB] processing : 2021/07/15 10:11:59 Q=5
2026-01-06 17:19:09,967 - INFO - [GINSLIB] processing : 2021/07/15 10:12:00 Q=5
2026-01-06 17:19:09,972 - INFO - [GINSLIB] processing : 2021/07/15 10:12:01 Q=5
2026-01-06 17:19:09,975 - INFO - [GINSLIB] processing : 2021/07/15 10:12:02 Q=5
2026-01-06 17:19:09,980 - INFO - [GINSLIB] processing : 2021/07/15 10:12:03 Q=5
2026-01-06 17:19:09,984 - INFO - [GINSLIB] processing : 2021/07/15 10:12:04 Q=5
2026-01-06 17:19:09,989 - INFO - [GINSLIB] processing : 2021/07/15 10:12:05 Q=5
2026-01-06 17:19:09,994 - INFO - [GINSLIB] processing : 2021/07/15 10:12:06 Q=5
2026-01-06 17:19:09,998 - INFO - [GINSLIB] processing : 2021/07/15 10:12:07 Q=5
2026-01-06 17:19:10,003 - INFO - [GINSLIB] processing : 2021/07/15 10:12:08 Q=5
2026-01-06 17:19:10,007 - INFO - [GINSLIB] processing : 2021/07/15 10:12:09 Q=5
2026-01-06 17:19:10,014 - INFO - [GINSLIB] processing : 2021/07/15 10:12:10 Q=5
2026-01-06 17:19:10,019 - INFO - [GINSLIB] processing : 2021/07/15 10:12:11 Q=5
2026-01-06 17:19:10,023 - INFO - [GINSLIB] processing : 2021/07/15 10:12:12 Q=5
2026-01-06 17:19:10,028 - INFO - [GINSLIB] processing : 2021/07/15 10:12:13 Q=5
2026-01-06 17:19:10,032 - INFO - [GINSLIB] processing : 2021/07/15 10:12:14 Q=5
2026-01-06 17:19:10,037 - INFO - [GINSLIB] processing : 2021/07/15 10:12:15 Q=5
2026-01-06 17:19:10,043 - INFO - [GINSLIB] processing : 2021/07/15 10:12:16 Q=5
2026-01-06 17:19:10,052 - INFO - [GINSLIB] processing : 2021/07/15 10:12:17 Q=5
2026-01-06 17:19:10,053 - INFO - [GINSLIB] processing : 2021/07/15 10:12:18 Q=5
2026-01-06 17:19:10,058 - INFO - [GINSLIB] processing : 2021/07/15 10:12:19 Q=5
2026-01-06 17:19:10,063 - INFO - [GINSLIB] processing : 2021/07/15 10:12:20 Q=5
2026-01-06 17:19:10,067 - INFO - [GINSLIB] processing : 2021/07/15 10:12:21 Q=5
2026-01-06 17:19:10,077 - INFO - [GINSLIB] processing : 2021/07/15 10:12:22 Q=5
2026-01-06 17:19:10,078 - INFO - [GINSLIB] processing : 2021/07/15 10:12:23 Q=5
2026-01-06 17:19:10,083 - INFO - [GINSLIB] processing : 2021/07/15 10:12:24 Q=5
2026-01-06 17:19:10,088 - INFO - [GINSLIB] processing : 2021/07/15 10:12:25 Q=5
2026-01-06 17:19:10,093 - INFO - [GINSLIB] processing : 2021/07/15 10:12:26 Q=5
2026-01-06 17:19:10,100 - INFO - [GINSLIB] processing : 2021/07/15 10:12:27 Q=5
2026-01-06 17:19:10,101 - INFO - [GINSLIB] processing : 2021/07/15 10:12:28 Q=5
2026-01-06 17:19:10,107 - INFO - [GINSLIB] processing : 2021/07/15 10:12:29 Q=5
2026-01-06 17:19:10,112 - INFO - [GINSLIB] processing : 2021/07/15 10:12:30 Q=5
2026-01-06 17:19:10,116 - INFO - [GINSLIB] processing : 2021/07/15 10:12:31 Q=5
2026-01-06 17:19:10,122 - INFO - [GINSLIB] processing : 2021/07/15 10:12:32 Q=5
2026-01-06 17:19:10,126 - INFO - [GINSLIB] processing : 2021/07/15 10:12:33 Q=5
2026-01-06 17:19:10,131 - INFO - [GINSLIB] processing : 2021/07/15 10:12:34 Q=5
2026-01-06 17:19:10,137 - INFO - [GINSLIB] processing : 2021/07/15 10:12:35 Q=5
2026-01-06 17:19:10,142 - INFO - [GINSLIB] processing : 2021/07/15 10:12:36 Q=5
2026-01-06 17:19:10,147 - INFO - [GINSLIB] processing : 2021/07/15 10:12:37 Q=5
2026-01-06 17:19:10,152 - INFO - [GINSLIB] processing : 2021/07/15 10:12:38 Q=5
2026-01-06 17:19:10,157 - INFO - [GINSLIB] processing : 2021/07/15 10:12:39 Q=5
2026-01-06 17:19:10,162 - INFO - [GINSLIB] processing : 2021/07/15 10:12:40 Q=5
2026-01-06 17:19:10,167 - INFO - [GINSLIB] processing : 2021/07/15 10:12:41 Q=5
2026-01-06 17:19:10,172 - INFO - [GINSLIB] processing : 2021/07/15 10:12:42 Q=5
2026-01-06 17:19:10,176 - INFO - [GINSLIB] processing : 2021/07/15 10:12:43 Q=5
2026-01-06 17:19:10,182 - INFO - [GINSLIB] processing : 2021/07/15 10:12:44 Q=5
2026-01-06 17:19:10,187 - INFO - [GINSLIB] processing : 2021/07/15 10:12:45 Q=5
2026-01-06 17:19:10,192 - INFO - [GINSLIB] processing : 2021/07/15 10:12:46 Q=5
2026-01-06 17:19:10,197 - INFO - [GINSLIB] processing : 2021/07/15 10:12:47 Q=5
2026-01-06 17:19:10,204 - INFO - [GINSLIB] processing : 2021/07/15 10:12:48 Q=5
2026-01-06 17:19:10,205 - INFO - [GINSLIB] processing : 2021/07/15 10:12:49 Q=5
2026-01-06 17:19:10,210 - INFO - [GINSLIB] processing : 2021/07/15 10:12:50 Q=5
2026-01-06 17:19:10,215 - INFO - [GINSLIB] processing : 2021/07/15 10:12:51 Q=5
2026-01-06 17:19:10,220 - INFO - [GINSLIB] processing : 2021/07/15 10:12:52 Q=5
2026-01-06 17:19:10,228 - INFO - [GINSLIB] processing : 2021/07/15 10:12:53 Q=5
2026-01-06 17:19:10,229 - INFO - [GINSLIB] processing : 2021/07/15 10:12:54 Q=5
2026-01-06 17:19:10,235 - INFO - [GINSLIB] processing : 2021/07/15 10:12:55 Q=5
2026-01-06 17:19:10,240 - INFO - [GINSLIB] processing : 2021/07/15 10:12:56 Q=5
2026-01-06 17:19:10,246 - INFO - [GINSLIB] processing : 2021/07/15 10:12:57 Q=5
2026-01-06 17:19:10,254 - INFO - [GINSLIB] processing : 2021/07/15 10:12:58 Q=5
2026-01-06 17:19:10,255 - INFO - [GINSLIB] processing : 2021/07/15 10:12:59 Q=5
2026-01-06 17:19:10,262 - INFO - [GINSLIB] processing : 2021/07/15 10:13:00 Q=5
2026-01-06 17:19:10,267 - INFO - [GINSLIB] processing : 2021/07/15 10:13:01 Q=5
2026-01-06 17:19:10,272 - INFO - [GINSLIB] processing : 2021/07/15 10:13:02 Q=5
2026-01-06 17:19:10,278 - INFO - [GINSLIB] processing : 2021/07/15 10:13:03 Q=5
2026-01-06 17:19:10,281 - INFO - [GINSLIB] processing : 2021/07/15 10:13:04 Q=5
2026-01-06 17:19:10,286 - INFO - [GINSLIB] processing : 2021/07/15 10:13:05 Q=5
2026-01-06 17:19:10,292 - INFO - [GINSLIB] processing : 2021/07/15 10:13:06 Q=5
2026-01-06 17:19:10,297 - INFO - [GINSLIB] processing : 2021/07/15 10:13:07 Q=5
2026-01-06 17:19:10,301 - INFO - [GINSLIB] processing : 2021/07/15 10:13:08 Q=5
2026-01-06 17:19:10,306 - INFO - [GINSLIB] processing : 2021/07/15 10:13:09 Q=5
2026-01-06 17:19:10,311 - INFO - [GINSLIB] processing : 2021/07/15 10:13:10 Q=5
2026-01-06 17:19:10,316 - INFO - [GINSLIB] processing : 2021/07/15 10:13:11 Q=5
2026-01-06 17:19:10,322 - INFO - [GINSLIB] processing : 2021/07/15 10:13:12 Q=5
2026-01-06 17:19:10,327 - INFO - [GINSLIB] processing : 2021/07/15 10:13:13 Q=5
2026-01-06 17:19:10,330 - INFO - [GINSLIB] processing : 2021/07/15 10:13:14 Q=5
2026-01-06 17:19:10,336 - INFO - [GINSLIB] processing : 2021/07/15 10:13:15 Q=5
2026-01-06 17:19:10,341 - INFO - [GINSLIB] processing : 2021/07/15 10:13:16 Q=5
2026-01-06 17:19:10,346 - INFO - [GINSLIB] processing : 2021/07/15 10:13:17 Q=5
2026-01-06 17:19:10,352 - INFO - [GINSLIB] processing : 2021/07/15 10:13:18 Q=5
2026-01-06 17:19:10,360 - INFO - [GINSLIB] processing : 2021/07/15 10:13:19 Q=5
2026-01-06 17:19:10,361 - INFO - [GINSLIB] processing : 2021/07/15 10:13:20 Q=5
2026-01-06 17:19:10,367 - INFO - [GINSLIB] processing : 2021/07/15 10:13:21 Q=5
2026-01-06 17:19:10,372 - INFO - [GINSLIB] processing : 2021/07/15 10:13:22 Q=5
2026-01-06 17:19:10,377 - INFO - [GINSLIB] processing : 2021/07/15 10:13:23 Q=5
2026-01-06 17:19:10,386 - INFO - [GINSLIB] processing : 2021/07/15 10:13:24 Q=5
2026-01-06 17:19:10,388 - INFO - [GINSLIB] processing : 2021/07/15 10:13:25 Q=5
2026-01-06 17:19:10,392 - INFO - [GINSLIB] processing : 2021/07/15 10:13:26 Q=5
2026-01-06 17:19:10,399 - INFO - [GINSLIB] processing : 2021/07/15 10:13:27 Q=5
2026-01-06 17:19:10,404 - INFO - [GINSLIB] processing : 2021/07/15 10:13:28 Q=5
2026-01-06 17:19:10,413 - INFO - [GINSLIB] processing : 2021/07/15 10:13:29 Q=5
2026-01-06 17:19:10,414 - INFO - [GINSLIB] processing : 2021/07/15 10:13:30 Q=5
2026-01-06 17:19:10,419 - INFO - [GINSLIB] processing : 2021/07/15 10:13:31 Q=5
2026-01-06 17:19:10,424 - INFO - [GINSLIB] processing : 2021/07/15 10:13:32 Q=5
2026-01-06 17:19:10,431 - INFO - [GINSLIB] processing : 2021/07/15 10:13:33 Q=5
2026-01-06 17:19:10,436 - INFO - [GINSLIB] processing : 2021/07/15 10:13:34 Q=5
2026-01-06 17:19:10,441 - INFO - [GINSLIB] processing : 2021/07/15 10:13:35 Q=5
2026-01-06 17:19:10,447 - INFO - [GINSLIB] processing : 2021/07/15 10:13:36 Q=5
2026-01-06 17:19:10,451 - INFO - [GINSLIB] processing : 2021/07/15 10:13:37 Q=5
2026-01-06 17:19:10,457 - INFO - [GINSLIB] processing : 2021/07/15 10:13:38 Q=5
2026-01-06 17:19:10,464 - INFO - [GINSLIB] processing : 2021/07/15 10:13:39 Q=5
2026-01-06 17:19:10,468 - INFO - [GINSLIB] processing : 2021/07/15 10:13:40 Q=5
2026-01-06 17:19:10,474 - INFO - [GINSLIB] processing : 2021/07/15 10:13:41 Q=5
2026-01-06 17:19:10,479 - INFO - [GINSLIB] processing : 2021/07/15 10:13:42 Q=5
2026-01-06 17:19:10,484 - INFO - [GINSLIB] processing : 2021/07/15 10:13:43 Q=5
2026-01-06 17:19:10,490 - INFO - [GINSLIB] processing : 2021/07/15 10:13:44 Q=5
2026-01-06 17:19:10,498 - INFO - [GINSLIB] processing : 2021/07/15 10:13:45 Q=5
2026-01-06 17:19:10,499 - INFO - [GINSLIB] processing : 2021/07/15 10:13:46 Q=5
2026-01-06 17:19:10,506 - INFO - [GINSLIB] processing : 2021/07/15 10:13:47 Q=5
2026-01-06 17:19:10,511 - INFO - [GINSLIB] processing : 2021/07/15 10:13:48 Q=5
2026-01-06 17:19:10,516 - INFO - [GINSLIB] processing : 2021/07/15 10:13:49 Q=5
2026-01-06 17:19:10,526 - INFO - [GINSLIB] processing : 2021/07/15 10:13:50 Q=5
2026-01-06 17:19:10,527 - INFO - [GINSLIB] processing : 2021/07/15 10:13:51 Q=5
2026-01-06 17:19:10,532 - INFO - [GINSLIB] processing : 2021/07/15 10:13:52 Q=5
2026-01-06 17:19:10,537 - INFO - [GINSLIB] processing : 2021/07/15 10:13:53 Q=5
2026-01-06 17:19:10,542 - INFO - [GINSLIB] processing : 2021/07/15 10:13:54 Q=5
2026-01-06 17:19:10,549 - INFO - [GINSLIB] processing : 2021/07/15 10:13:55 Q=5
2026-01-06 17:19:10,550 - INFO - [GINSLIB] processing : 2021/07/15 10:13:56 Q=5
2026-01-06 17:19:10,555 - INFO - [GINSLIB] processing : 2021/07/15 10:13:57 Q=5
2026-01-06 17:19:10,559 - INFO - [GINSLIB] processing : 2021/07/15 10:13:58 Q=5
2026-01-06 17:19:10,565 - INFO - [GINSLIB] processing : 2021/07/15 10:13:59 Q=5
2026-01-06 17:19:10,573 - INFO - [GINSLIB] processing : 2021/07/15 10:14:00 Q=5
2026-01-06 17:19:10,575 - INFO - [GINSLIB] processing : 2021/07/15 10:14:01 Q=5
2026-01-06 17:19:10,580 - INFO - [GINSLIB] processing : 2021/07/15 10:14:02 Q=5
2026-01-06 17:19:10,586 - INFO - [GINSLIB] processing : 2021/07/15 10:14:03 Q=5
2026-01-06 17:19:10,591 - INFO - [GINSLIB] processing : 2021/07/15 10:14:04 Q=5
2026-01-06 17:19:10,597 - INFO - [GINSLIB] processing : 2021/07/15 10:14:05 Q=5
2026-01-06 17:19:10,601 - INFO - [GINSLIB] processing : 2021/07/15 10:14:06 Q=5
2026-01-06 17:19:10,606 - INFO - [GINSLIB] processing : 2021/07/15 10:14:07 Q=5
2026-01-06 17:19:10,612 - INFO - [GINSLIB] processing : 2021/07/15 10:14:08 Q=5
2026-01-06 17:19:10,618 - INFO - [GINSLIB] processing : 2021/07/15 10:14:09 Q=5
2026-01-06 17:19:10,623 - INFO - [GINSLIB] processing : 2021/07/15 10:14:10 Q=5
2026-01-06 17:19:10,628 - INFO - [GINSLIB] processing : 2021/07/15 10:14:11 Q=5
2026-01-06 17:19:10,633 - INFO - [GINSLIB] processing : 2021/07/15 10:14:12 Q=5
2026-01-06 17:19:10,639 - INFO - [GINSLIB] processing : 2021/07/15 10:14:13 Q=5
2026-01-06 17:19:10,645 - INFO - [GINSLIB] processing : 2021/07/15 10:14:14 Q=5
2026-01-06 17:19:10,650 - INFO - [GINSLIB] processing : 2021/07/15 10:14:15 Q=5
2026-01-06 17:19:10,661 - INFO - [GINSLIB] processing : 2021/07/15 10:14:16 Q=5
2026-01-06 17:19:10,662 - INFO - [GINSLIB] processing : 2021/07/15 10:14:17 Q=5
2026-01-06 17:19:10,668 - INFO - [GINSLIB] processing : 2021/07/15 10:14:18 Q=5
2026-01-06 17:19:10,675 - INFO - [GINSLIB] processing : 2021/07/15 10:14:19 Q=5
2026-01-06 17:19:10,681 - INFO - [GINSLIB] processing : 2021/07/15 10:14:20 Q=5
2026-01-06 17:19:10,690 - INFO - [GINSLIB] processing : 2021/07/15 10:14:21 Q=5
2026-01-06 17:19:10,692 - INFO - [GINSLIB] processing : 2021/07/15 10:14:22 Q=5
2026-01-06 17:19:10,697 - INFO - [GINSLIB] processing : 2021/07/15 10:14:23 Q=5
2026-01-06 17:19:10,701 - INFO - [GINSLIB] processing : 2021/07/15 10:14:24 Q=5
2026-01-06 17:19:10,707 - INFO - [GINSLIB] processing : 2021/07/15 10:14:25 Q=5
2026-01-06 17:19:10,715 - INFO - [GINSLIB] processing : 2021/07/15 10:14:26 Q=5
2026-01-06 17:19:10,716 - INFO - [GINSLIB] processing : 2021/07/15 10:14:27 Q=5
2026-01-06 17:19:10,722 - INFO - [GINSLIB] processing : 2021/07/15 10:14:28 Q=5
2026-01-06 17:19:10,728 - INFO - [GINSLIB] processing : 2021/07/15 10:14:29 Q=5
2026-01-06 17:19:10,735 - INFO - [GINSLIB] processing : 2021/07/15 10:14:30 Q=5
2026-01-06 17:19:10,741 - INFO - [GINSLIB] processing : 2021/07/15 10:14:31 Q=5
2026-01-06 17:19:10,747 - INFO - [GINSLIB] processing : 2021/07/15 10:14:32 Q=5
2026-01-06 17:19:10,753 - INFO - [GINSLIB] processing : 2021/07/15 10:14:33 Q=5
2026-01-06 17:19:10,759 - INFO - [GINSLIB] processing : 2021/07/15 10:14:34 Q=5
2026-01-06 17:19:10,765 - INFO - [GINSLIB] processing : 2021/07/15 10:14:35 Q=5
2026-01-06 17:19:10,771 - INFO - [GINSLIB] processing : 2021/07/15 10:14:36 Q=5
2026-01-06 17:19:10,775 - INFO - [GINSLIB] processing : 2021/07/15 10:14:37 Q=5
2026-01-06 17:19:10,780 - INFO - [GINSLIB] processing : 2021/07/15 10:14:38 Q=5
2026-01-06 17:19:10,786 - INFO - [GINSLIB] processing : 2021/07/15 10:14:39 Q=5
2026-01-06 17:19:10,791 - INFO - [GINSLIB] processing : 2021/07/15 10:14:40 Q=5
2026-01-06 17:19:10,797 - INFO - [GINSLIB] processing : 2021/07/15 10:14:41 Q=5
2026-01-06 17:19:10,802 - INFO - [GINSLIB] processing : 2021/07/15 10:14:42 Q=5
2026-01-06 17:19:10,809 - INFO - [GINSLIB] processing : 2021/07/15 10:14:43 Q=5
2026-01-06 17:19:10,816 - INFO - [GINSLIB] processing : 2021/07/15 10:14:44 Q=5
2026-01-06 17:19:10,822 - INFO - [GINSLIB] processing : 2021/07/15 10:14:45 Q=5
2026-01-06 17:19:10,828 - INFO - [GINSLIB] processing : 2021/07/15 10:14:46 Q=5
2026-01-06 17:19:10,837 - INFO - [GINSLIB] processing : 2021/07/15 10:14:47 Q=5
2026-01-06 17:19:10,838 - INFO - [GINSLIB] processing : 2021/07/15 10:14:48 Q=5
2026-01-06 17:19:10,844 - INFO - [GINSLIB] processing : 2021/07/15 10:14:49 Q=5
2026-01-06 17:19:10,849 - INFO - [GINSLIB] processing : 2021/07/15 10:14:50 Q=5
2026-01-06 17:19:10,854 - INFO - [GINSLIB] processing : 2021/07/15 10:14:51 Q=5
2026-01-06 17:19:10,863 - INFO - [GINSLIB] processing : 2021/07/15 10:14:52 Q=5
2026-01-06 17:19:10,864 - INFO - [GINSLIB] processing : 2021/07/15 10:14:53 Q=5
2026-01-06 17:19:10,869 - INFO - [GINSLIB] processing : 2021/07/15 10:14:54 Q=5
2026-01-06 17:19:10,874 - INFO - [GINSLIB] processing : 2021/07/15 10:14:55 Q=5
2026-01-06 17:19:10,880 - INFO - [GINSLIB] processing : 2021/07/15 10:14:56 Q=5
2026-01-06 17:19:10,889 - INFO - [GINSLIB] processing : 2021/07/15 10:14:57 Q=5
2026-01-06 17:19:10,891 - INFO - [GINSLIB] processing : 2021/07/15 10:14:58 Q=5
2026-01-06 17:19:10,897 - INFO - [GINSLIB] processing : 2021/07/15 10:14:59 Q=5
2026-01-06 17:19:10,902 - INFO - [GINSLIB] processing : 2021/07/15 10:15:00 Q=5
2026-01-06 17:19:10,908 - INFO - [GINSLIB] processing : 2021/07/15 10:15:01 Q=5
2026-01-06 17:19:10,913 - INFO - [GINSLIB] processing : 2021/07/15 10:15:02 Q=5
2026-01-06 17:19:10,917 - INFO - [GINSLIB] processing : 2021/07/15 10:15:03 Q=5
2026-01-06 17:19:10,924 - INFO - [GINSLIB] processing : 2021/07/15 10:15:04 Q=5
2026-01-06 17:19:10,929 - INFO - [GINSLIB] processing : 2021/07/15 10:15:05 Q=5
2026-01-06 17:19:10,935 - INFO - [GINSLIB] processing : 2021/07/15 10:15:06 Q=5
2026-01-06 17:19:10,942 - INFO - [GINSLIB] processing : 2021/07/15 10:15:07 Q=5
2026-01-06 17:19:10,946 - INFO - [GINSLIB] processing : 2021/07/15 10:15:08 Q=5
2026-01-06 17:19:10,952 - INFO - [GINSLIB] processing : 2021/07/15 10:15:09 Q=5
2026-01-06 17:19:10,957 - INFO - [GINSLIB] processing : 2021/07/15 10:15:10 Q=5
2026-01-06 17:19:10,962 - INFO - [GINSLIB] processing : 2021/07/15 10:15:11 Q=5
2026-01-06 17:19:10,967 - INFO - [GINSLIB] processing : 2021/07/15 10:15:12 Q=5
2026-01-06 17:19:10,971 - INFO - [GINSLIB] processing : 2021/07/15 10:15:13 Q=5
2026-01-06 17:19:10,977 - INFO - [GINSLIB] processing : 2021/07/15 10:15:14 Q=5
2026-01-06 17:19:10,983 - INFO - [GINSLIB] processing : 2021/07/15 10:15:15 Q=5
2026-01-06 17:19:10,988 - INFO - [GINSLIB] processing : 2021/07/15 10:15:16 Q=5
2026-01-06 17:19:10,993 - INFO - [GINSLIB] processing : 2021/07/15 10:15:17 Q=5
2026-01-06 17:19:11,001 - INFO - [GINSLIB] processing : 2021/07/15 10:15:18 Q=5
2026-01-06 17:19:11,003 - INFO - [GINSLIB] processing : 2021/07/15 10:15:19 Q=5
2026-01-06 17:19:11,009 - INFO - [GINSLIB] processing : 2021/07/15 10:15:20 Q=5
2026-01-06 17:19:11,015 - INFO - [GINSLIB] processing : 2021/07/15 10:15:21 Q=5
2026-01-06 17:19:11,021 - INFO - [GINSLIB] processing : 2021/07/15 10:15:22 Q=5
2026-01-06 17:19:11,030 - INFO - [GINSLIB] processing : 2021/07/15 10:15:23 Q=5
2026-01-06 17:19:11,031 - INFO - [GINSLIB] processing : 2021/07/15 10:15:24 Q=5
2026-01-06 17:19:11,037 - INFO - [GINSLIB] processing : 2021/07/15 10:15:25 Q=5
2026-01-06 17:19:11,043 - INFO - [GINSLIB] processing : 2021/07/15 10:15:26 Q=5
2026-01-06 17:19:11,050 - INFO - [GINSLIB] processing : 2021/07/15 10:15:27 Q=5
2026-01-06 17:19:11,059 - INFO - [GINSLIB] processing : 2021/07/15 10:15:28 Q=5
2026-01-06 17:19:11,060 - INFO - [GINSLIB] processing : 2021/07/15 10:15:29 Q=5
2026-01-06 17:19:11,065 - INFO - [GINSLIB] processing : 2021/07/15 10:15:30 Q=5
2026-01-06 17:19:11,072 - INFO - [GINSLIB] processing : 2021/07/15 10:15:31 Q=5
2026-01-06 17:19:11,078 - INFO - [GINSLIB] processing : 2021/07/15 10:15:32 Q=5
2026-01-06 17:19:11,083 - INFO - [GINSLIB] processing : 2021/07/15 10:15:33 Q=5
2026-01-06 17:19:11,088 - INFO - [GINSLIB] processing : 2021/07/15 10:15:34 Q=5
2026-01-06 17:19:11,094 - INFO - [GINSLIB] processing : 2021/07/15 10:15:35 Q=5
2026-01-06 17:19:11,099 - INFO - [GINSLIB] processing : 2021/07/15 10:15:36 Q=5
2026-01-06 17:19:11,104 - INFO - [GINSLIB] processing : 2021/07/15 10:15:37 Q=5
2026-01-06 17:19:11,110 - INFO - [GINSLIB] processing : 2021/07/15 10:15:38 Q=5
2026-01-06 17:19:11,114 - INFO - [GINSLIB] processing : 2021/07/15 10:15:39 Q=5
2026-01-06 17:19:11,119 - INFO - [GINSLIB] processing : 2021/07/15 10:15:40 Q=5
2026-01-06 17:19:11,124 - INFO - [GINSLIB] processing : 2021/07/15 10:15:41 Q=5
2026-01-06 17:19:11,129 - INFO - [GINSLIB] processing : 2021/07/15 10:15:42 Q=5
2026-01-06 17:19:11,135 - INFO - [GINSLIB] processing : 2021/07/15 10:15:43 Q=5
2026-01-06 17:19:11,138 - INFO - [GINSLIB] processing : 2021/07/15 10:15:44 Q=5
2026-01-06 17:19:11,144 - INFO - [GINSLIB] processing : 2021/07/15 10:15:45 Q=5
2026-01-06 17:19:11,148 - INFO - [GINSLIB] processing : 2021/07/15 10:15:46 Q=5
2026-01-06 17:19:11,154 - INFO - [GINSLIB] processing : 2021/07/15 10:15:47 Q=5
2026-01-06 17:19:11,159 - INFO - [GINSLIB] processing : 2021/07/15 10:15:48 Q=5
2026-01-06 17:19:11,167 - INFO - [GINSLIB] processing : 2021/07/15 10:15:49 Q=5
2026-01-06 17:19:11,169 - INFO - [GINSLIB] processing : 2021/07/15 10:15:50 Q=5
2026-01-06 17:19:11,174 - INFO - [GINSLIB] processing : 2021/07/15 10:15:51 Q=5
2026-01-06 17:19:11,178 - INFO - [GINSLIB] processing : 2021/07/15 10:15:52 Q=5
2026-01-06 17:19:11,184 - INFO - [GINSLIB] processing : 2021/07/15 10:15:53 Q=5
2026-01-06 17:19:11,192 - INFO - [GINSLIB] processing : 2021/07/15 10:15:54 Q=5
2026-01-06 17:19:11,193 - INFO - [GINSLIB] processing : 2021/07/15 10:15:55 Q=5
2026-01-06 17:19:11,197 - INFO - [GINSLIB] processing : 2021/07/15 10:15:56 Q=5
2026-01-06 17:19:11,202 - INFO - [GINSLIB] processing : 2021/07/15 10:15:57 Q=5
2026-01-06 17:19:11,207 - INFO - [GINSLIB] processing : 2021/07/15 10:15:58 Q=5
2026-01-06 17:19:11,215 - INFO - [GINSLIB] processing : 2021/07/15 10:15:59 Q=5
2026-01-06 17:19:11,216 - INFO - [GINSLIB] processing : 2021/07/15 10:16:00 Q=5
2026-01-06 17:19:11,220 - INFO - [GINSLIB] processing : 2021/07/15 10:16:01 Q=5
2026-01-06 17:19:11,224 - INFO - [GINSLIB] processing : 2021/07/15 10:16:02 Q=5
2026-01-06 17:19:11,230 - INFO - [GINSLIB] processing : 2021/07/15 10:16:03 Q=5
2026-01-06 17:19:11,235 - INFO - [GINSLIB] processing : 2021/07/15 10:16:04 Q=5
2026-01-06 17:19:11,238 - INFO - [GINSLIB] processing : 2021/07/15 10:16:05 Q=5
2026-01-06 17:19:11,243 - INFO - [GINSLIB] processing : 2021/07/15 10:16:06 Q=5
2026-01-06 17:19:11,248 - INFO - [GINSLIB] processing : 2021/07/15 10:16:07 Q=5
2026-01-06 17:19:11,253 - INFO - [GINSLIB] processing : 2021/07/15 10:16:08 Q=5
2026-01-06 17:19:11,259 - INFO - [GINSLIB] processing : 2021/07/15 10:16:09 Q=5
2026-01-06 17:19:11,263 - INFO - [GINSLIB] processing : 2021/07/15 10:16:10 Q=5
2026-01-06 17:19:11,268 - INFO - [GINSLIB] processing : 2021/07/15 10:16:11 Q=5
2026-01-06 17:19:11,273 - INFO - [GINSLIB] processing : 2021/07/15 10:16:12 Q=5
2026-01-06 17:19:11,279 - INFO - [GINSLIB] processing : 2021/07/15 10:16:13 Q=5
2026-01-06 17:19:11,284 - INFO - [GINSLIB] processing : 2021/07/15 10:16:14 Q=5
2026-01-06 17:19:11,288 - INFO - [GINSLIB] processing : 2021/07/15 10:16:15 Q=5
2026-01-06 17:19:11,292 - INFO - [GINSLIB] processing : 2021/07/15 10:16:16 Q=5
2026-01-06 17:19:11,297 - INFO - [GINSLIB] processing : 2021/07/15 10:16:17 Q=5
2026-01-06 17:19:11,301 - INFO - [GINSLIB] processing : 2021/07/15 10:16:18 Q=5
2026-01-06 17:19:11,305 - INFO - [GINSLIB] processing : 2021/07/15 10:16:19 Q=5
2026-01-06 17:19:11,313 - INFO - [GINSLIB] processing : 2021/07/15 10:16:20 Q=5
2026-01-06 17:19:11,314 - INFO - [GINSLIB] processing : 2021/07/15 10:16:21 Q=5
2026-01-06 17:19:11,318 - INFO - [GINSLIB] processing : 2021/07/15 10:16:22 Q=5
2026-01-06 17:19:11,324 - INFO - [GINSLIB] processing : 2021/07/15 10:16:23 Q=5
2026-01-06 17:19:11,330 - INFO - [GINSLIB] processing : 2021/07/15 10:16:24 Q=5
2026-01-06 17:19:11,337 - INFO - [GINSLIB] processing : 2021/07/15 10:16:25 Q=5
2026-01-06 17:19:11,338 - INFO - [GINSLIB] processing : 2021/07/15 10:16:26 Q=5
2026-01-06 17:19:11,343 - INFO - [GINSLIB] processing : 2021/07/15 10:16:27 Q=5
2026-01-06 17:19:11,347 - INFO - [GINSLIB] processing : 2021/07/15 10:16:28 Q=5
2026-01-06 17:19:11,352 - INFO - [GINSLIB] processing : 2021/07/15 10:16:29 Q=5
2026-01-06 17:19:11,361 - INFO - [GINSLIB] processing : 2021/07/15 10:16:30 Q=5
2026-01-06 17:19:11,362 - INFO - [GINSLIB] processing : 2021/07/15 10:16:31 Q=5
2026-01-06 17:19:11,366 - INFO - [GINSLIB] processing : 2021/07/15 10:16:32 Q=5
2026-01-06 17:19:11,373 - INFO - [GINSLIB] processing : 2021/07/15 10:16:33 Q=5
2026-01-06 17:19:11,377 - INFO - [GINSLIB] processing : 2021/07/15 10:16:34 Q=5
2026-01-06 17:19:11,382 - INFO - [GINSLIB] processing : 2021/07/15 10:16:35 Q=5
2026-01-06 17:19:11,386 - INFO - [GINSLIB] processing : 2021/07/15 10:16:36 Q=5
2026-01-06 17:19:11,391 - INFO - [GINSLIB] processing : 2021/07/15 10:16:37 Q=5
2026-01-06 17:19:11,395 - INFO - [GINSLIB] processing : 2021/07/15 10:16:38 Q=5
2026-01-06 17:19:11,400 - INFO - [GINSLIB] processing : 2021/07/15 10:16:39 Q=5
2026-01-06 17:19:11,405 - INFO - [GINSLIB] processing : 2021/07/15 10:16:40 Q=5
2026-01-06 17:19:11,409 - INFO - [GINSLIB] processing : 2021/07/15 10:16:41 Q=5
2026-01-06 17:19:11,414 - INFO - [GINSLIB] processing : 2021/07/15 10:16:42 Q=5
2026-01-06 17:19:11,420 - INFO - [GINSLIB] processing : 2021/07/15 10:16:43 Q=5
2026-01-06 17:19:11,426 - INFO - [GINSLIB] processing : 2021/07/15 10:16:44 Q=5
2026-01-06 17:19:11,431 - INFO - [GINSLIB] processing : 2021/07/15 10:16:45 Q=5
2026-01-06 17:19:11,442 - INFO - [GINSLIB] processing : 2021/07/15 10:16:46 Q=5
2026-01-06 17:19:11,443 - INFO - [GINSLIB] processing : 2021/07/15 10:16:47 Q=5
2026-01-06 17:19:11,448 - INFO - [GINSLIB] processing : 2021/07/15 10:16:48 Q=5
2026-01-06 17:19:11,453 - INFO - [GINSLIB] processing : 2021/07/15 10:16:49 Q=5
2026-01-06 17:19:11,458 - INFO - [GINSLIB] processing : 2021/07/15 10:16:50 Q=5
2026-01-06 17:19:11,468 - INFO - [GINSLIB] processing : 2021/07/15 10:16:51 Q=5
2026-01-06 17:19:11,469 - INFO - [GINSLIB] processing : 2021/07/15 10:16:52 Q=5
2026-01-06 17:19:11,475 - INFO - [GINSLIB] processing : 2021/07/15 10:16:53 Q=5
2026-01-06 17:19:11,480 - INFO - [GINSLIB] processing : 2021/07/15 10:16:54 Q=5
2026-01-06 17:19:11,486 - INFO - [GINSLIB] processing : 2021/07/15 10:16:55 Q=5
2026-01-06 17:19:11,494 - INFO - [GINSLIB] processing : 2021/07/15 10:16:56 Q=5
2026-01-06 17:19:11,496 - INFO - [GINSLIB] processing : 2021/07/15 10:16:57 Q=5
2026-01-06 17:19:11,501 - INFO - [GINSLIB] processing : 2021/07/15 10:16:58 Q=5
2026-01-06 17:19:11,506 - INFO - [GINSLIB] processing : 2021/07/15 10:16:59 Q=5
2026-01-06 17:19:11,512 - INFO - [GINSLIB] processing : 2021/07/15 10:17:00 Q=5
2026-01-06 17:19:11,520 - INFO - [GINSLIB] processing : 2021/07/15 10:17:01 Q=5
2026-01-06 17:19:11,522 - INFO - [GINSLIB] processing : 2021/07/15 10:17:02 Q=5
2026-01-06 17:19:11,527 - INFO - [GINSLIB] processing : 2021/07/15 10:17:03 Q=5
2026-01-06 17:19:11,531 - INFO - [GINSLIB] processing : 2021/07/15 10:17:04 Q=5
2026-01-06 17:19:11,536 - INFO - [GINSLIB] processing : 2021/07/15 10:17:05 Q=5
2026-01-06 17:19:11,541 - INFO - [GINSLIB] processing : 2021/07/15 10:17:06 Q=5
2026-01-06 17:19:11,547 - INFO - [GINSLIB] processing : 2021/07/15 10:17:07 Q=5
2026-01-06 17:19:11,551 - INFO - [GINSLIB] processing : 2021/07/15 10:17:08 Q=5
2026-01-06 17:19:11,556 - INFO - [GINSLIB] processing : 2021/07/15 10:17:09 Q=5
2026-01-06 17:19:11,561 - INFO - [GINSLIB] processing : 2021/07/15 10:17:10 Q=5
2026-01-06 17:19:11,565 - INFO - [GINSLIB] processing : 2021/07/15 10:17:11 Q=5
2026-01-06 17:19:11,569 - INFO - [GINSLIB] processing : 2021/07/15 10:17:12 Q=5
2026-01-06 17:19:11,576 - INFO - [GINSLIB] processing : 2021/07/15 10:17:13 Q=5
2026-01-06 17:19:11,581 - INFO - [GINSLIB] processing : 2021/07/15 10:17:14 Q=5
2026-01-06 17:19:11,586 - INFO - [GINSLIB] processing : 2021/07/15 10:17:15 Q=5
2026-01-06 17:19:11,591 - INFO - [GINSLIB] processing : 2021/07/15 10:17:16 Q=5
2026-01-06 17:19:11,598 - INFO - [GINSLIB] processing : 2021/07/15 10:17:17 Q=5
2026-01-06 17:19:11,600 - INFO - [GINSLIB] processing : 2021/07/15 10:17:18 Q=5
2026-01-06 17:19:11,605 - INFO - [GINSLIB] processing : 2021/07/15 10:17:19 Q=5
2026-01-06 17:19:11,612 - INFO - [GINSLIB] processing : 2021/07/15 10:17:20 Q=5
2026-01-06 17:19:11,617 - INFO - [GINSLIB] processing : 2021/07/15 10:17:21 Q=5
2026-01-06 17:19:11,625 - INFO - [GINSLIB] processing : 2021/07/15 10:17:22 Q=5
2026-01-06 17:19:11,626 - INFO - [GINSLIB] processing : 2021/07/15 10:17:23 Q=5
2026-01-06 17:19:11,631 - INFO - [GINSLIB] processing : 2021/07/15 10:17:24 Q=5
2026-01-06 17:19:11,636 - INFO - [GINSLIB] processing : 2021/07/15 10:17:25 Q=5
2026-01-06 17:19:11,642 - INFO - [GINSLIB] processing : 2021/07/15 10:17:26 Q=5
2026-01-06 17:19:11,649 - INFO - [GINSLIB] processing : 2021/07/15 10:17:27 Q=5
2026-01-06 17:19:11,651 - INFO - [GINSLIB] processing : 2021/07/15 10:17:28 Q=5
2026-01-06 17:19:11,658 - INFO - [GINSLIB] processing : 2021/07/15 10:17:29 Q=5
2026-01-06 17:19:11,663 - INFO - [GINSLIB] processing : 2021/07/15 10:17:30 Q=5
2026-01-06 17:19:11,669 - INFO - [GINSLIB] processing : 2021/07/15 10:17:31 Q=5
2026-01-06 17:19:11,674 - INFO - [GINSLIB] processing : 2021/07/15 10:17:32 Q=5
2026-01-06 17:19:11,679 - INFO - [GINSLIB] processing : 2021/07/15 10:17:33 Q=5
2026-01-06 17:19:11,684 - INFO - [GINSLIB] processing : 2021/07/15 10:17:34 Q=5
2026-01-06 17:19:11,690 - INFO - [GINSLIB] processing : 2021/07/15 10:17:35 Q=5
2026-01-06 17:19:11,695 - INFO - [GINSLIB] processing : 2021/07/15 10:17:36 Q=5
2026-01-06 17:19:11,700 - INFO - [GINSLIB] processing : 2021/07/15 10:17:37 Q=5
2026-01-06 17:19:11,704 - INFO - [GINSLIB] processing : 2021/07/15 10:17:38 Q=5
2026-01-06 17:19:11,709 - INFO - [GINSLIB] processing : 2021/07/15 10:17:39 Q=5
2026-01-06 17:19:11,714 - INFO - [GINSLIB] processing : 2021/07/15 10:17:40 Q=5
2026-01-06 17:19:11,719 - INFO - [GINSLIB] processing : 2021/07/15 10:17:41 Q=5
2026-01-06 17:19:11,724 - INFO - [GINSLIB] processing : 2021/07/15 10:17:42 Q=5
2026-01-06 17:19:11,728 - INFO - [GINSLIB] processing : 2021/07/15 10:17:43 Q=5
2026-01-06 17:19:11,734 - INFO - [GINSLIB] processing : 2021/07/15 10:17:44 Q=5
2026-01-06 17:19:11,739 - INFO - [GINSLIB] processing : 2021/07/15 10:17:45 Q=5
2026-01-06 17:19:11,745 - INFO - [GINSLIB] processing : 2021/07/15 10:17:46 Q=5
2026-01-06 17:19:11,750 - INFO - [GINSLIB] processing : 2021/07/15 10:17:47 Q=5
2026-01-06 17:19:11,758 - INFO - [GINSLIB] processing : 2021/07/15 10:17:48 Q=5
2026-01-06 17:19:11,760 - INFO - [GINSLIB] processing : 2021/07/15 10:17:49 Q=5
2026-01-06 17:19:11,766 - INFO - [GINSLIB] processing : 2021/07/15 10:17:50 Q=5
2026-01-06 17:19:11,770 - INFO - [GINSLIB] processing : 2021/07/15 10:17:51 Q=5
2026-01-06 17:19:11,777 - INFO - [GINSLIB] processing : 2021/07/15 10:17:52 Q=5
2026-01-06 17:19:11,785 - INFO - [GINSLIB] processing : 2021/07/15 10:17:53 Q=5
2026-01-06 17:19:11,786 - INFO - [GINSLIB] processing : 2021/07/15 10:17:54 Q=5
2026-01-06 17:19:11,793 - INFO - [GINSLIB] processing : 2021/07/15 10:17:55 Q=5
2026-01-06 17:19:11,798 - INFO - [GINSLIB] processing : 2021/07/15 10:17:56 Q=5
2026-01-06 17:19:11,803 - INFO - [GINSLIB] processing : 2021/07/15 10:17:57 Q=5
2026-01-06 17:19:11,811 - INFO - [GINSLIB] processing : 2021/07/15 10:17:58 Q=5
2026-01-06 17:19:11,812 - INFO - [GINSLIB] processing : 2021/07/15 10:17:59 Q=5
2026-01-06 17:19:11,817 - INFO - [GINSLIB] processing : 2021/07/15 10:18:00 Q=5
2026-01-06 17:19:11,824 - INFO - [GINSLIB] processing : 2021/07/15 10:18:01 Q=5
2026-01-06 17:19:11,829 - INFO - [GINSLIB] processing : 2021/07/15 10:18:02 Q=5
2026-01-06 17:19:11,835 - INFO - [GINSLIB] processing : 2021/07/15 10:18:03 Q=5
2026-01-06 17:19:11,840 - INFO - [GINSLIB] processing : 2021/07/15 10:18:04 Q=5
2026-01-06 17:19:11,845 - INFO - [GINSLIB] processing : 2021/07/15 10:18:05 Q=5
2026-01-06 17:19:11,851 - INFO - [GINSLIB] processing : 2021/07/15 10:18:06 Q=5
2026-01-06 17:19:11,856 - INFO - [GINSLIB] processing : 2021/07/15 10:18:07 Q=5
2026-01-06 17:19:11,861 - INFO - [GINSLIB] processing : 2021/07/15 10:18:08 Q=5
2026-01-06 17:19:11,865 - INFO - [GINSLIB] processing : 2021/07/15 10:18:09 Q=5
2026-01-06 17:19:11,870 - INFO - [GINSLIB] processing : 2021/07/15 10:18:10 Q=5
2026-01-06 17:19:11,875 - INFO - [GINSLIB] processing : 2021/07/15 10:18:11 Q=5
2026-01-06 17:19:11,880 - INFO - [GINSLIB] processing : 2021/07/15 10:18:12 Q=5
2026-01-06 17:19:11,886 - INFO - [GINSLIB] processing : 2021/07/15 10:18:13 Q=5
2026-01-06 17:19:11,890 - INFO - [GINSLIB] processing : 2021/07/15 10:18:14 Q=5
2026-01-06 17:19:11,896 - INFO - [GINSLIB] processing : 2021/07/15 10:18:15 Q=5
2026-01-06 17:19:11,902 - INFO - [GINSLIB] processing : 2021/07/15 10:18:16 Q=5
2026-01-06 17:19:11,907 - INFO - [GINSLIB] processing : 2021/07/15 10:18:17 Q=5
2026-01-06 17:19:11,913 - INFO - [GINSLIB] processing : 2021/07/15 10:18:18 Q=5
2026-01-06 17:19:11,920 - INFO - [GINSLIB] processing : 2021/07/15 10:18:19 Q=5
2026-01-06 17:19:11,921 - INFO - [GINSLIB] processing : 2021/07/15 10:18:20 Q=5
2026-01-06 17:19:11,926 - INFO - [GINSLIB] processing : 2021/07/15 10:18:21 Q=5
2026-01-06 17:19:11,932 - INFO - [GINSLIB] processing : 2021/07/15 10:18:22 Q=5
2026-01-06 17:19:11,937 - INFO - [GINSLIB] processing : 2021/07/15 10:18:23 Q=5
2026-01-06 17:19:11,946 - INFO - [GINSLIB] processing : 2021/07/15 10:18:24 Q=5
2026-01-06 17:19:11,947 - INFO - [GINSLIB] processing : 2021/07/15 10:18:25 Q=5
2026-01-06 17:19:11,952 - INFO - [GINSLIB] processing : 2021/07/15 10:18:26 Q=5
2026-01-06 17:19:11,958 - INFO - [GINSLIB] processing : 2021/07/15 10:18:27 Q=5
2026-01-06 17:19:11,964 - INFO - [GINSLIB] processing : 2021/07/15 10:18:28 Q=5
2026-01-06 17:19:11,972 - INFO - [GINSLIB] processing : 2021/07/15 10:18:29 Q=5
2026-01-06 17:19:11,973 - INFO - [GINSLIB] processing : 2021/07/15 10:18:30 Q=5
2026-01-06 17:19:11,979 - INFO - [GINSLIB] processing : 2021/07/15 10:18:31 Q=5
2026-01-06 17:19:11,984 - INFO - [GINSLIB] processing : 2021/07/15 10:18:32 Q=5
2026-01-06 17:19:11,989 - INFO - [GINSLIB] processing : 2021/07/15 10:18:33 Q=5
2026-01-06 17:19:11,994 - INFO - [GINSLIB] processing : 2021/07/15 10:18:34 Q=5
2026-01-06 17:19:11,998 - INFO - [GINSLIB] processing : 2021/07/15 10:18:35 Q=5
2026-01-06 17:19:12,003 - INFO - [GINSLIB] processing : 2021/07/15 10:18:36 Q=5
2026-01-06 17:19:12,009 - INFO - [GINSLIB] processing : 2021/07/15 10:18:37 Q=5
2026-01-06 17:19:12,014 - INFO - [GINSLIB] processing : 2021/07/15 10:18:38 Q=5
2026-01-06 17:19:12,018 - INFO - [GINSLIB] processing : 2021/07/15 10:18:39 Q=5
2026-01-06 17:19:12,022 - INFO - [GINSLIB] processing : 2021/07/15 10:18:40 Q=5
2026-01-06 17:19:12,027 - INFO - [GINSLIB] processing : 2021/07/15 10:18:41 Q=5
2026-01-06 17:19:12,032 - INFO - [GINSLIB] processing : 2021/07/15 10:18:42 Q=5
2026-01-06 17:19:12,037 - INFO - [GINSLIB] processing : 2021/07/15 10:18:43 Q=5
2026-01-06 17:19:12,042 - INFO - [GINSLIB] processing : 2021/07/15 10:18:44 Q=5
2026-01-06 17:19:12,045 - INFO - [GINSLIB] processing : 2021/07/15 10:18:45 Q=5
2026-01-06 17:19:12,053 - INFO - [GINSLIB] processing : 2021/07/15 10:18:46 Q=5
2026-01-06 17:19:12,059 - INFO - [GINSLIB] processing : 2021/07/15 10:18:47 Q=5
2026-01-06 17:19:12,063 - INFO - [GINSLIB] processing : 2021/07/15 10:18:48 Q=5
2026-01-06 17:19:12,068 - INFO - [GINSLIB] processing : 2021/07/15 10:18:49 Q=5
2026-01-06 17:19:12,075 - INFO - [GINSLIB] processing : 2021/07/15 10:18:50 Q=5
2026-01-06 17:19:12,077 - INFO - [GINSLIB] processing : 2021/07/15 10:18:51 Q=5
2026-01-06 17:19:12,082 - INFO - [GINSLIB] processing : 2021/07/15 10:18:52 Q=5
2026-01-06 17:19:12,086 - INFO - [GINSLIB] processing : 2021/07/15 10:18:53 Q=5
2026-01-06 17:19:12,091 - INFO - [GINSLIB] processing : 2021/07/15 10:18:54 Q=5
2026-01-06 17:19:12,099 - INFO - [GINSLIB] processing : 2021/07/15 10:18:55 Q=5
2026-01-06 17:19:12,100 - INFO - [GINSLIB] processing : 2021/07/15 10:18:56 Q=5
2026-01-06 17:19:12,105 - INFO - [GINSLIB] processing : 2021/07/15 10:18:57 Q=5
2026-01-06 17:19:12,110 - INFO - [GINSLIB] processing : 2021/07/15 10:18:58 Q=5
2026-01-06 17:19:12,115 - INFO - [GINSLIB] processing : 2021/07/15 10:18:59 Q=5
2026-01-06 17:19:12,122 - INFO - [GINSLIB] processing : 2021/07/15 10:19:00 Q=5
2026-01-06 17:19:12,124 - INFO - [GINSLIB] processing : 2021/07/15 10:19:01 Q=5
2026-01-06 17:19:12,130 - INFO - [GINSLIB] processing : 2021/07/15 10:19:02 Q=5
2026-01-06 17:19:12,135 - INFO - [GINSLIB] processing : 2021/07/15 10:19:03 Q=5
2026-01-06 17:19:12,140 - INFO - [GINSLIB] processing : 2021/07/15 10:19:04 Q=5
2026-01-06 17:19:12,146 - INFO - [GINSLIB] processing : 2021/07/15 10:19:05 Q=5
2026-01-06 17:19:12,150 - INFO - [GINSLIB] processing : 2021/07/15 10:19:06 Q=5
2026-01-06 17:19:12,155 - INFO - [GINSLIB] processing : 2021/07/15 10:19:07 Q=5
2026-01-06 17:19:12,162 - INFO - [GINSLIB] processing : 2021/07/15 10:19:08 Q=5
2026-01-06 17:19:12,167 - INFO - [GINSLIB] processing : 2021/07/15 10:19:09 Q=5
2026-01-06 17:19:12,173 - INFO - [GINSLIB] processing : 2021/07/15 10:19:10 Q=5
2026-01-06 17:19:12,178 - INFO - [GINSLIB] processing : 2021/07/15 10:19:11 Q=5
2026-01-06 17:19:12,183 - INFO - [GINSLIB] processing : 2021/07/15 10:19:12 Q=5
2026-01-06 17:19:12,188 - INFO - [GINSLIB] processing : 2021/07/15 10:19:13 Q=5
2026-01-06 17:19:12,194 - INFO - [GINSLIB] processing : 2021/07/15 10:19:14 Q=5
2026-01-06 17:19:12,199 - INFO - [GINSLIB] processing : 2021/07/15 10:19:15 Q=5
2026-01-06 17:19:12,205 - INFO - [GINSLIB] processing : 2021/07/15 10:19:16 Q=5
2026-01-06 17:19:12,211 - INFO - [GINSLIB] processing : 2021/07/15 10:19:17 Q=5
2026-01-06 17:19:12,216 - INFO - [GINSLIB] processing : 2021/07/15 10:19:18 Q=5
2026-01-06 17:19:12,224 - INFO - [GINSLIB] processing : 2021/07/15 10:19:19 Q=5
2026-01-06 17:19:12,229 - INFO - [GINSLIB] processing : 2021/07/15 10:19:20 Q=5
2026-01-06 17:19:12,241 - INFO - [GINSLIB] processing : 2021/07/15 10:19:21 Q=5
2026-01-06 17:19:12,242 - INFO - [GINSLIB] processing : 2021/07/15 10:19:22 Q=5
2026-01-06 17:19:12,249 - INFO - [GINSLIB] processing : 2021/07/15 10:19:23 Q=5
2026-01-06 17:19:12,256 - INFO - [GINSLIB] processing : 2021/07/15 10:19:24 Q=5
2026-01-06 17:19:12,263 - INFO - [GINSLIB] processing : 2021/07/15 10:19:25 Q=5
2026-01-06 17:19:12,274 - INFO - [GINSLIB] processing : 2021/07/15 10:19:26 Q=5
2026-01-06 17:19:12,275 - INFO - [GINSLIB] processing : 2021/07/15 10:19:27 Q=5
2026-01-06 17:19:12,282 - INFO - [GINSLIB] processing : 2021/07/15 10:19:28 Q=5
2026-01-06 17:19:12,287 - INFO - [GINSLIB] processing : 2021/07/15 10:19:29 Q=5
2026-01-06 17:19:12,294 - INFO - [GINSLIB] processing : 2021/07/15 10:19:30 Q=5
2026-01-06 17:19:12,301 - INFO - [GINSLIB] processing : 2021/07/15 10:19:31 Q=5
2026-01-06 17:19:12,302 - INFO - [GINSLIB] processing : 2021/07/15 10:19:32 Q=5
2026-01-06 17:19:12,308 - INFO - [GINSLIB] processing : 2021/07/15 10:19:33 Q=5
2026-01-06 17:19:12,315 - INFO - [GINSLIB] processing : 2021/07/15 10:19:34 Q=5
2026-01-06 17:19:12,321 - INFO - [GINSLIB] processing : 2021/07/15 10:19:35 Q=5
2026-01-06 17:19:12,327 - INFO - [GINSLIB] processing : 2021/07/15 10:19:36 Q=5
2026-01-06 17:19:12,330 - INFO - [GINSLIB] processing : 2021/07/15 10:19:37 Q=5
2026-01-06 17:19:12,336 - INFO - [GINSLIB] processing : 2021/07/15 10:19:38 Q=5
2026-01-06 17:19:12,342 - INFO - [GINSLIB] processing : 2021/07/15 10:19:39 Q=5
2026-01-06 17:19:12,348 - INFO - [GINSLIB] processing : 2021/07/15 10:19:40 Q=5
2026-01-06 17:19:12,353 - INFO - [GINSLIB] processing : 2021/07/15 10:19:41 Q=5
2026-01-06 17:19:12,358 - INFO - [GINSLIB] processing : 2021/07/15 10:19:42 Q=5
2026-01-06 17:19:12,363 - INFO - [GINSLIB] processing : 2021/07/15 10:19:43 Q=5
2026-01-06 17:19:12,368 - INFO - [GINSLIB] processing : 2021/07/15 10:19:44 Q=5
2026-01-06 17:19:12,375 - INFO - [GINSLIB] processing : 2021/07/15 10:19:45 Q=5
2026-01-06 17:19:12,382 - INFO - [GINSLIB] processing : 2021/07/15 10:19:46 Q=5
2026-01-06 17:19:12,392 - INFO - [GINSLIB] processing : 2021/07/15 10:19:47 Q=5
2026-01-06 17:19:12,393 - INFO - [GINSLIB] processing : 2021/07/15 10:19:48 Q=5
2026-01-06 17:19:12,399 - INFO - [GINSLIB] processing : 2021/07/15 10:19:49 Q=5
2026-01-06 17:19:12,407 - INFO - [GINSLIB] processing : 2021/07/15 10:19:50 Q=5
2026-01-06 17:19:12,412 - INFO - [GINSLIB] processing : 2021/07/15 10:19:51 Q=5
2026-01-06 17:19:12,422 - INFO - [GINSLIB] processing : 2021/07/15 10:19:52 Q=5
2026-01-06 17:19:12,424 - INFO - [GINSLIB] processing : 2021/07/15 10:19:53 Q=5
2026-01-06 17:19:12,430 - INFO - [GINSLIB] processing : 2021/07/15 10:19:54 Q=5
2026-01-06 17:19:12,436 - INFO - [GINSLIB] processing : 2021/07/15 10:19:55 Q=5
2026-01-06 17:19:12,442 - INFO - [GINSLIB] processing : 2021/07/15 10:19:56 Q=5
2026-01-06 17:19:12,450 - INFO - [GINSLIB] processing : 2021/07/15 10:19:57 Q=5
2026-01-06 17:19:12,451 - INFO - [GINSLIB] processing : 2021/07/15 10:19:58 Q=5
2026-01-06 17:19:12,456 - INFO - [GINSLIB] processing : 2021/07/15 10:19:59 Q=5
2026-01-06 17:19:12,461 - INFO - [GINSLIB] processing : 2021/07/15 10:20:00 Q=5
2026-01-06 17:19:12,467 - INFO - [GINSLIB] processing : 2021/07/15 10:20:01 Q=5
2026-01-06 17:19:12,474 - INFO - [GINSLIB] processing : 2021/07/15 10:20:02 Q=5
2026-01-06 17:19:12,475 - INFO - [GINSLIB] processing : 2021/07/15 10:20:03 Q=5
2026-01-06 17:19:12,482 - INFO - [GINSLIB] processing : 2021/07/15 10:20:04 Q=5
2026-01-06 17:19:12,487 - INFO - [GINSLIB] processing : 2021/07/15 10:20:05 Q=5
2026-01-06 17:19:12,492 - INFO - [GINSLIB] processing : 2021/07/15 10:20:06 Q=5
2026-01-06 17:19:12,498 - INFO - [GINSLIB] processing : 2021/07/15 10:20:07 Q=5
2026-01-06 17:19:12,501 - INFO - [GINSLIB] processing : 2021/07/15 10:20:08 Q=5
2026-01-06 17:19:12,505 - INFO - [GINSLIB] processing : 2021/07/15 10:20:09 Q=5
2026-01-06 17:19:12,511 - INFO - [GINSLIB] processing : 2021/07/15 10:20:10 Q=5
2026-01-06 17:19:12,517 - INFO - [GINSLIB] processing : 2021/07/15 10:20:11 Q=5
2026-01-06 17:19:12,522 - INFO - [GINSLIB] processing : 2021/07/15 10:20:12 Q=5
2026-01-06 17:19:12,527 - INFO - [GINSLIB] processing : 2021/07/15 10:20:13 Q=5
2026-01-06 17:19:12,532 - INFO - [GINSLIB] processing : 2021/07/15 10:20:14 Q=5
2026-01-06 17:19:12,536 - INFO - [GINSLIB] processing : 2021/07/15 10:20:15 Q=5
2026-01-06 17:19:12,543 - INFO - [GINSLIB] processing : 2021/07/15 10:20:16 Q=5
2026-01-06 17:19:12,548 - INFO - [GINSLIB] processing : 2021/07/15 10:20:17 Q=5
2026-01-06 17:19:12,556 - INFO - [GINSLIB] processing : 2021/07/15 10:20:18 Q=5
2026-01-06 17:19:12,558 - INFO - [GINSLIB] processing : 2021/07/15 10:20:19 Q=5
2026-01-06 17:19:12,565 - INFO - [GINSLIB] processing : 2021/07/15 10:20:20 Q=5
2026-01-06 17:19:12,569 - INFO - [GINSLIB] processing : 2021/07/15 10:20:21 Q=5
2026-01-06 17:19:12,575 - INFO - [GINSLIB] processing : 2021/07/15 10:20:22 Q=5
2026-01-06 17:19:12,582 - INFO - [GINSLIB] processing : 2021/07/15 10:20:23 Q=5
2026-01-06 17:19:12,583 - INFO - [GINSLIB] processing : 2021/07/15 10:20:24 Q=5
2026-01-06 17:19:12,588 - INFO - [GINSLIB] processing : 2021/07/15 10:20:25 Q=5
2026-01-06 17:19:12,595 - INFO - [GINSLIB] processing : 2021/07/15 10:20:26 Q=5
2026-01-06 17:19:12,599 - INFO - [GINSLIB] processing : 2021/07/15 10:20:27 Q=5
2026-01-06 17:19:12,608 - INFO - [GINSLIB] processing : 2021/07/15 10:20:28 Q=5
2026-01-06 17:19:12,609 - INFO - [GINSLIB] processing : 2021/07/15 10:20:29 Q=5
2026-01-06 17:19:12,614 - INFO - [GINSLIB] processing : 2021/07/15 10:20:30 Q=5
2026-01-06 17:19:12,620 - INFO - [GINSLIB] processing : 2021/07/15 10:20:31 Q=5
2026-01-06 17:19:12,627 - INFO - [GINSLIB] processing : 2021/07/15 10:20:32 Q=5
2026-01-06 17:19:12,632 - INFO - [GINSLIB] processing : 2021/07/15 10:20:33 Q=5
2026-01-06 17:19:12,635 - INFO - [GINSLIB] processing : 2021/07/15 10:20:34 Q=5
2026-01-06 17:19:12,640 - INFO - [GINSLIB] processing : 2021/07/15 10:20:35 Q=5
2026-01-06 17:19:12,644 - INFO - [GINSLIB] processing : 2021/07/15 10:20:36 Q=5
2026-01-06 17:19:12,650 - INFO - [GINSLIB] processing : 2021/07/15 10:20:37 Q=5
2026-01-06 17:19:12,658 - INFO - [GINSLIB] processing : 2021/07/15 10:20:38 Q=5
2026-01-06 17:19:12,663 - INFO - [GINSLIB] processing : 2021/07/15 10:20:39 Q=5
2026-01-06 17:19:12,668 - INFO - [GINSLIB] processing : 2021/07/15 10:20:40 Q=5
2026-01-06 17:19:12,674 - INFO - [GINSLIB] processing : 2021/07/15 10:20:41 Q=5
2026-01-06 17:19:12,679 - INFO - [GINSLIB] processing : 2021/07/15 10:20:42 Q=5
2026-01-06 17:19:12,684 - INFO - [GINSLIB] processing : 2021/07/15 10:20:43 Q=5
2026-01-06 17:19:12,688 - INFO - [GINSLIB] processing : 2021/07/15 10:20:44 Q=5
2026-01-06 17:19:12,692 - INFO - [GINSLIB] processing : 2021/07/15 10:20:45 Q=5
2026-01-06 17:19:12,698 - INFO - [GINSLIB] processing : 2021/07/15 10:20:46 Q=5
2026-01-06 17:19:12,704 - INFO - [GINSLIB] processing : 2021/07/15 10:20:47 Q=5
2026-01-06 17:19:12,709 - INFO - [GINSLIB] processing : 2021/07/15 10:20:48 Q=5
2026-01-06 17:19:12,718 - INFO - [GINSLIB] processing : 2021/07/15 10:20:49 Q=5
2026-01-06 17:19:12,719 - INFO - [GINSLIB] processing : 2021/07/15 10:20:50 Q=5
2026-01-06 17:19:12,724 - INFO - [GINSLIB] processing : 2021/07/15 10:20:51 Q=5
2026-01-06 17:19:12,730 - INFO - [GINSLIB] processing : 2021/07/15 10:20:52 Q=5
2026-01-06 17:19:12,736 - INFO - [GINSLIB] processing : 2021/07/15 10:20:53 Q=5
2026-01-06 17:19:12,745 - INFO - [GINSLIB] processing : 2021/07/15 10:20:54 Q=5
2026-01-06 17:19:12,746 - INFO - [GINSLIB] processing : 2021/07/15 10:20:55 Q=5
2026-01-06 17:19:12,751 - INFO - [GINSLIB] processing : 2021/07/15 10:20:56 Q=5
2026-01-06 17:19:12,756 - INFO - [GINSLIB] processing : 2021/07/15 10:20:57 Q=5
2026-01-06 17:19:12,762 - INFO - [GINSLIB] processing : 2021/07/15 10:20:58 Q=5
2026-01-06 17:19:12,770 - INFO - [GINSLIB] processing : 2021/07/15 10:20:59 Q=5
2026-01-06 17:19:12,771 - INFO - [GINSLIB] processing : 2021/07/15 10:21:00 Q=5
2026-01-06 17:19:12,777 - INFO - [GINSLIB] processing : 2021/07/15 10:21:01 Q=5
2026-01-06 17:19:12,782 - INFO - [GINSLIB] processing : 2021/07/15 10:21:02 Q=5
2026-01-06 17:19:12,786 - INFO - [GINSLIB] processing : 2021/07/15 10:21:03 Q=5
2026-01-06 17:19:12,795 - INFO - [GINSLIB] processing : 2021/07/15 10:21:04 Q=5
2026-01-06 17:19:12,801 - INFO - [GINSLIB] processing : 2021/07/15 10:21:05 Q=5
2026-01-06 17:19:12,806 - INFO - [GINSLIB] processing : 2021/07/15 10:21:06 Q=5
2026-01-06 17:19:12,812 - INFO - [GINSLIB] processing : 2021/07/15 10:21:07 Q=5
2026-01-06 17:19:12,819 - INFO - [GINSLIB] processing : 2021/07/15 10:21:08 Q=5
2026-01-06 17:19:12,825 - INFO - [GINSLIB] processing : 2021/07/15 10:21:09 Q=5
2026-01-06 17:19:12,830 - INFO - [GINSLIB] processing : 2021/07/15 10:21:10 Q=5
2026-01-06 17:19:12,835 - INFO - [GINSLIB] processing : 2021/07/15 10:21:11 Q=5
2026-01-06 17:19:12,844 - INFO - [GINSLIB] processing : 2021/07/15 10:21:12 Q=5
2026-01-06 17:19:12,849 - INFO - [GINSLIB] processing : 2021/07/15 10:21:13 Q=5
2026-01-06 17:19:12,854 - INFO - [GINSLIB] processing : 2021/07/15 10:21:14 Q=5
2026-01-06 17:19:12,859 - INFO - [GINSLIB] processing : 2021/07/15 10:21:15 Q=5
2026-01-06 17:19:12,865 - INFO - [GINSLIB] processing : 2021/07/15 10:21:16 Q=5
2026-01-06 17:19:12,871 - INFO - [GINSLIB] processing : 2021/07/15 10:21:17 Q=5
2026-01-06 17:19:12,878 - INFO - [GINSLIB] processing : 2021/07/15 10:21:18 Q=5
2026-01-06 17:19:12,883 - INFO - [GINSLIB] processing : 2021/07/15 10:21:19 Q=5
2026-01-06 17:19:12,890 - INFO - [GINSLIB] processing : 2021/07/15 10:21:20 Q=5
2026-01-06 17:19:12,891 - INFO - [GINSLIB] processing : 2021/07/15 10:21:21 Q=5
2026-01-06 17:19:12,895 - INFO - [GINSLIB] processing : 2021/07/15 10:21:22 Q=5
2026-01-06 17:19:12,902 - INFO - [GINSLIB] processing : 2021/07/15 10:21:23 Q=5
2026-01-06 17:19:12,908 - INFO - [GINSLIB] processing : 2021/07/15 10:21:24 Q=5
2026-01-06 17:19:12,918 - INFO - [GINSLIB] processing : 2021/07/15 10:21:25 Q=5
2026-01-06 17:19:12,919 - INFO - [GINSLIB] processing : 2021/07/15 10:21:26 Q=5
2026-01-06 17:19:12,927 - INFO - [GINSLIB] processing : 2021/07/15 10:21:27 Q=5
2026-01-06 17:19:12,933 - INFO - [GINSLIB] processing : 2021/07/15 10:21:28 Q=5
2026-01-06 17:19:12,939 - INFO - [GINSLIB] processing : 2021/07/15 10:21:29 Q=5
2026-01-06 17:19:12,950 - INFO - [GINSLIB] processing : 2021/07/15 10:21:30 Q=5
2026-01-06 17:19:12,951 - INFO - [GINSLIB] processing : 2021/07/15 10:21:31 Q=5
2026-01-06 17:19:12,958 - INFO - [GINSLIB] processing : 2021/07/15 10:21:32 Q=5
2026-01-06 17:19:12,964 - INFO - [GINSLIB] processing : 2021/07/15 10:21:33 Q=5
2026-01-06 17:19:12,971 - INFO - [GINSLIB] processing : 2021/07/15 10:21:34 Q=5
2026-01-06 17:19:12,978 - INFO - [GINSLIB] processing : 2021/07/15 10:21:35 Q=5
2026-01-06 17:19:12,984 - INFO - [GINSLIB] processing : 2021/07/15 10:21:36 Q=5
2026-01-06 17:19:12,990 - INFO - [GINSLIB] processing : 2021/07/15 10:21:37 Q=5
2026-01-06 17:19:12,996 - INFO - [GINSLIB] processing : 2021/07/15 10:21:38 Q=5
2026-01-06 17:19:13,002 - INFO - [GINSLIB] processing : 2021/07/15 10:21:39 Q=5
2026-01-06 17:19:13,010 - INFO - [GINSLIB] processing : 2021/07/15 10:21:40 Q=5
2026-01-06 17:19:13,015 - INFO - [GINSLIB] processing : 2021/07/15 10:21:41 Q=5
2026-01-06 17:19:13,021 - INFO - [GINSLIB] processing : 2021/07/15 10:21:42 Q=5
2026-01-06 17:19:13,029 - INFO - [GINSLIB] processing : 2021/07/15 10:21:43 Q=5
2026-01-06 17:19:13,036 - INFO - [GINSLIB] processing : 2021/07/15 10:21:44 Q=5
2026-01-06 17:19:13,042 - INFO - [GINSLIB] processing : 2021/07/15 10:21:45 Q=5
2026-01-06 17:19:13,047 - INFO - [GINSLIB] processing : 2021/07/15 10:21:46 Q=5
2026-01-06 17:19:13,053 - INFO - [GINSLIB] processing : 2021/07/15 10:21:47 Q=5
2026-01-06 17:19:13,060 - INFO - [GINSLIB] processing : 2021/07/15 10:21:48 Q=5
2026-01-06 17:19:13,065 - INFO - [GINSLIB] processing : 2021/07/15 10:21:49 Q=5
2026-01-06 17:19:13,072 - INFO - [GINSLIB] processing : 2021/07/15 10:21:50 Q=5
2026-01-06 17:19:13,082 - INFO - [GINSLIB] processing : 2021/07/15 10:21:51 Q=5
2026-01-06 17:19:13,083 - INFO - [GINSLIB] processing : 2021/07/15 10:21:52 Q=5
2026-01-06 17:19:13,090 - INFO - [GINSLIB] processing : 2021/07/15 10:21:53 Q=5
2026-01-06 17:19:13,096 - INFO - [GINSLIB] processing : 2021/07/15 10:21:54 Q=5
2026-01-06 17:19:13,103 - INFO - [GINSLIB] processing : 2021/07/15 10:21:55 Q=5
2026-01-06 17:19:13,113 - INFO - [GINSLIB] processing : 2021/07/15 10:21:56 Q=5
2026-01-06 17:19:13,114 - INFO - [GINSLIB] processing : 2021/07/15 10:21:57 Q=5
2026-01-06 17:19:13,120 - INFO - [GINSLIB] processing : 2021/07/15 10:21:58 Q=5
2026-01-06 17:19:13,127 - INFO - [GINSLIB] processing : 2021/07/15 10:21:59 Q=5
2026-01-06 17:19:13,133 - INFO - [GINSLIB] processing : 2021/07/15 10:22:00 Q=5
2026-01-06 17:19:13,143 - INFO - [GINSLIB] processing : 2021/07/15 10:22:01 Q=5
2026-01-06 17:19:13,144 - INFO - [GINSLIB] processing : 2021/07/15 10:22:02 Q=5
2026-01-06 17:19:13,151 - INFO - [GINSLIB] processing : 2021/07/15 10:22:03 Q=5
2026-01-06 17:19:13,157 - INFO - [GINSLIB] processing : 2021/07/15 10:22:04 Q=5
2026-01-06 17:19:13,164 - INFO - [GINSLIB] processing : 2021/07/15 10:22:05 Q=5
2026-01-06 17:19:13,170 - INFO - [GINSLIB] processing : 2021/07/15 10:22:06 Q=5
2026-01-06 17:19:13,174 - INFO - [GINSLIB] processing : 2021/07/15 10:22:07 Q=5
2026-01-06 17:19:13,181 - INFO - [GINSLIB] processing : 2021/07/15 10:22:08 Q=5
2026-01-06 17:19:13,186 - INFO - [GINSLIB] processing : 2021/07/15 10:22:09 Q=5
2026-01-06 17:19:13,192 - INFO - [GINSLIB] processing : 2021/07/15 10:22:10 Q=5
2026-01-06 17:19:13,198 - INFO - [GINSLIB] processing : 2021/07/15 10:22:11 Q=5
2026-01-06 17:19:13,202 - INFO - [GINSLIB] processing : 2021/07/15 10:22:12 Q=5
2026-01-06 17:19:13,208 - INFO - [GINSLIB] processing : 2021/07/15 10:22:13 Q=5
2026-01-06 17:19:13,214 - INFO - [GINSLIB] processing : 2021/07/15 10:22:14 Q=5
2026-01-06 17:19:13,220 - INFO - [GINSLIB] processing : 2021/07/15 10:22:15 Q=5
2026-01-06 17:19:13,226 - INFO - [GINSLIB] processing : 2021/07/15 10:22:16 Q=5
2026-01-06 17:19:13,235 - INFO - [GINSLIB] processing : 2021/07/15 10:22:17 Q=5
2026-01-06 17:19:13,237 - INFO - [GINSLIB] processing : 2021/07/15 10:22:18 Q=5
2026-01-06 17:19:13,244 - INFO - [GINSLIB] processing : 2021/07/15 10:22:19 Q=5
2026-01-06 17:19:13,250 - INFO - [GINSLIB] processing : 2021/07/15 10:22:20 Q=5
2026-01-06 17:19:13,257 - INFO - [GINSLIB] processing : 2021/07/15 10:22:21 Q=5
2026-01-06 17:19:13,267 - INFO - [GINSLIB] processing : 2021/07/15 10:22:22 Q=5
2026-01-06 17:19:13,268 - INFO - [GINSLIB] processing : 2021/07/15 10:22:23 Q=5
2026-01-06 17:19:13,276 - INFO - [GINSLIB] processing : 2021/07/15 10:22:24 Q=5
2026-01-06 17:19:13,282 - INFO - [GINSLIB] processing : 2021/07/15 10:22:25 Q=5
2026-01-06 17:19:13,287 - INFO - [GINSLIB] processing : 2021/07/15 10:22:26 Q=5
2026-01-06 17:19:13,296 - INFO - [GINSLIB] processing : 2021/07/15 10:22:27 Q=5
2026-01-06 17:19:13,297 - INFO - [GINSLIB] processing : 2021/07/15 10:22:28 Q=5
2026-01-06 17:19:13,303 - INFO - [GINSLIB] processing : 2021/07/15 10:22:29 Q=5
2026-01-06 17:19:13,309 - INFO - [GINSLIB] processing : 2021/07/15 10:22:30 Q=5
2026-01-06 17:19:13,314 - INFO - [GINSLIB] processing : 2021/07/15 10:22:31 Q=5
2026-01-06 17:19:13,323 - INFO - [GINSLIB] processing : 2021/07/15 10:22:32 Q=5
2026-01-06 17:19:13,324 - INFO - [GINSLIB] processing : 2021/07/15 10:22:33 Q=5
2026-01-06 17:19:13,329 - INFO - [GINSLIB] processing : 2021/07/15 10:22:34 Q=5
2026-01-06 17:19:13,336 - INFO - [GINSLIB] processing : 2021/07/15 10:22:35 Q=5
2026-01-06 17:19:13,342 - INFO - [GINSLIB] processing : 2021/07/15 10:22:36 Q=5
2026-01-06 17:19:13,349 - INFO - [GINSLIB] processing : 2021/07/15 10:22:37 Q=5
2026-01-06 17:19:13,354 - INFO - [GINSLIB] processing : 2021/07/15 10:22:38 Q=5
2026-01-06 17:19:13,361 - INFO - [GINSLIB] processing : 2021/07/15 10:22:39 Q=5
2026-01-06 17:19:13,367 - INFO - [GINSLIB] processing : 2021/07/15 10:22:40 Q=5
2026-01-06 17:19:13,373 - INFO - [GINSLIB] processing : 2021/07/15 10:22:41 Q=5
2026-01-06 17:19:13,379 - INFO - [GINSLIB] processing : 2021/07/15 10:22:42 Q=5
2026-01-06 17:19:13,384 - INFO - [GINSLIB] processing : 2021/07/15 10:22:43 Q=5
2026-01-06 17:19:13,389 - INFO - [GINSLIB] processing : 2021/07/15 10:22:44 Q=5
2026-01-06 17:19:13,395 - INFO - [GINSLIB] processing : 2021/07/15 10:22:45 Q=5
2026-01-06 17:19:13,400 - INFO - [GINSLIB] processing : 2021/07/15 10:22:46 Q=5
2026-01-06 17:19:13,405 - INFO - [GINSLIB] processing : 2021/07/15 10:22:47 Q=5
2026-01-06 17:19:13,414 - INFO - [GINSLIB] processing : 2021/07/15 10:22:48 Q=5
2026-01-06 17:19:13,415 - INFO - [GINSLIB] processing : 2021/07/15 10:22:49 Q=5
2026-01-06 17:19:13,422 - INFO - [GINSLIB] processing : 2021/07/15 10:22:50 Q=5
2026-01-06 17:19:13,428 - INFO - [GINSLIB] processing : 2021/07/15 10:22:51 Q=5
2026-01-06 17:19:13,434 - INFO - [GINSLIB] processing : 2021/07/15 10:22:52 Q=5
2026-01-06 17:19:13,443 - INFO - [GINSLIB] processing : 2021/07/15 10:22:53 Q=5
2026-01-06 17:19:13,444 - INFO - [GINSLIB] processing : 2021/07/15 10:22:54 Q=5
2026-01-06 17:19:13,450 - INFO - [GINSLIB] processing : 2021/07/15 10:22:55 Q=5
2026-01-06 17:19:13,455 - INFO - [GINSLIB] processing : 2021/07/15 10:22:56 Q=5
2026-01-06 17:19:13,461 - INFO - [GINSLIB] processing : 2021/07/15 10:22:57 Q=5
2026-01-06 17:19:13,469 - INFO - [GINSLIB] processing : 2021/07/15 10:22:58 Q=5
2026-01-06 17:19:13,470 - INFO - [GINSLIB] processing : 2021/07/15 10:22:59 Q=5
2026-01-06 17:19:13,476 - INFO - [GINSLIB] processing : 2021/07/15 10:23:00 Q=5
2026-01-06 17:19:13,481 - INFO - [GINSLIB] processing : 2021/07/15 10:23:01 Q=5
2026-01-06 17:19:13,486 - INFO - [GINSLIB] processing : 2021/07/15 10:23:02 Q=5
2026-01-06 17:19:13,494 - INFO - [GINSLIB] processing : 2021/07/15 10:23:03 Q=5
2026-01-06 17:19:13,498 - INFO - [GINSLIB] processing : 2021/07/15 10:23:04 Q=5
2026-01-06 17:19:13,505 - INFO - [GINSLIB] processing : 2021/07/15 10:23:05 Q=5
2026-01-06 17:19:13,510 - INFO - [GINSLIB] processing : 2021/07/15 10:23:06 Q=5
2026-01-06 17:19:13,515 - INFO - [GINSLIB] processing : 2021/07/15 10:23:07 Q=5
2026-01-06 17:19:13,521 - INFO - [GINSLIB] processing : 2021/07/15 10:23:08 Q=5
2026-01-06 17:19:13,526 - INFO - [GINSLIB] processing : 2021/07/15 10:23:09 Q=5
2026-01-06 17:19:13,530 - INFO - [GINSLIB] processing : 2021/07/15 10:23:10 Q=5
2026-01-06 17:19:13,537 - INFO - [GINSLIB] processing : 2021/07/15 10:23:11 Q=5
2026-01-06 17:19:13,542 - INFO - [GINSLIB] processing : 2021/07/15 10:23:12 Q=5
2026-01-06 17:19:13,548 - INFO - [GINSLIB] processing : 2021/07/15 10:23:13 Q=5
2026-01-06 17:19:13,553 - INFO - [GINSLIB] processing : 2021/07/15 10:23:14 Q=5
2026-01-06 17:19:13,560 - INFO - [GINSLIB] processing : 2021/07/15 10:23:15 Q=5
2026-01-06 17:19:13,566 - INFO - [GINSLIB] processing : 2021/07/15 10:23:16 Q=5
2026-01-06 17:19:13,572 - INFO - [GINSLIB] processing : 2021/07/15 10:23:17 Q=5
2026-01-06 17:19:13,577 - INFO - [GINSLIB] processing : 2021/07/15 10:23:18 Q=5
2026-01-06 17:19:13,586 - INFO - [GINSLIB] processing : 2021/07/15 10:23:19 Q=5
2026-01-06 17:19:13,587 - INFO - [GINSLIB] processing : 2021/07/15 10:23:20 Q=5
2026-01-06 17:19:13,593 - INFO - [GINSLIB] processing : 2021/07/15 10:23:21 Q=5
2026-01-06 17:19:13,599 - INFO - [GINSLIB] processing : 2021/07/15 10:23:22 Q=5
2026-01-06 17:19:13,603 - INFO - [GINSLIB] processing : 2021/07/15 10:23:23 Q=5
2026-01-06 17:19:13,613 - INFO - [GINSLIB] processing : 2021/07/15 10:23:24 Q=5
2026-01-06 17:19:13,614 - INFO - [GINSLIB] processing : 2021/07/15 10:23:25 Q=5
2026-01-06 17:19:13,619 - INFO - [GINSLIB] processing : 2021/07/15 10:23:26 Q=5
2026-01-06 17:19:13,624 - INFO - [GINSLIB] processing : 2021/07/15 10:23:27 Q=5
2026-01-06 17:19:13,629 - INFO - [GINSLIB] processing : 2021/07/15 10:23:28 Q=5
2026-01-06 17:19:13,637 - INFO - [GINSLIB] processing : 2021/07/15 10:23:29 Q=5
2026-01-06 17:19:13,638 - INFO - [GINSLIB] processing : 2021/07/15 10:23:30 Q=5
2026-01-06 17:19:13,643 - INFO - [GINSLIB] processing : 2021/07/15 10:23:31 Q=5
2026-01-06 17:19:13,649 - INFO - [GINSLIB] processing : 2021/07/15 10:23:32 Q=5
2026-01-06 17:19:13,653 - INFO - [GINSLIB] processing : 2021/07/15 10:23:33 Q=5
2026-01-06 17:19:13,659 - INFO - [GINSLIB] processing : 2021/07/15 10:23:34 Q=5
2026-01-06 17:19:13,664 - INFO - [GINSLIB] processing : 2021/07/15 10:23:35 Q=5
2026-01-06 17:19:13,669 - INFO - [GINSLIB] processing : 2021/07/15 10:23:36 Q=5
2026-01-06 17:19:13,676 - INFO - [GINSLIB] processing : 2021/07/15 10:23:37 Q=5
2026-01-06 17:19:13,682 - INFO - [GINSLIB] processing : 2021/07/15 10:23:38 Q=5
2026-01-06 17:19:13,688 - INFO - [GINSLIB] processing : 2021/07/15 10:23:39 Q=5
2026-01-06 17:19:13,693 - INFO - [GINSLIB] processing : 2021/07/15 10:23:40 Q=5
2026-01-06 17:19:13,699 - INFO - [GINSLIB] processing : 2021/07/15 10:23:41 Q=5
2026-01-06 17:19:13,704 - INFO - [GINSLIB] processing : 2021/07/15 10:23:42 Q=5
2026-01-06 17:19:13,711 - INFO - [GINSLIB] processing : 2021/07/15 10:23:43 Q=5
2026-01-06 17:19:13,716 - INFO - [GINSLIB] processing : 2021/07/15 10:23:44 Q=5
2026-01-06 17:19:13,721 - INFO - [GINSLIB] processing : 2021/07/15 10:23:45 Q=5
2026-01-06 17:19:13,728 - INFO - [GINSLIB] processing : 2021/07/15 10:23:46 Q=5
2026-01-06 17:19:13,733 - INFO - [GINSLIB] processing : 2021/07/15 10:23:47 Q=5
2026-01-06 17:19:13,740 - INFO - [GINSLIB] processing : 2021/07/15 10:23:48 Q=5
2026-01-06 17:19:13,746 - INFO - [GINSLIB] processing : 2021/07/15 10:23:49 Q=5
2026-01-06 17:19:13,755 - INFO - [GINSLIB] processing : 2021/07/15 10:23:50 Q=5
2026-01-06 17:19:13,757 - INFO - [GINSLIB] processing : 2021/07/15 10:23:51 Q=5
2026-01-06 17:19:13,762 - INFO - [GINSLIB] processing : 2021/07/15 10:23:52 Q=5
2026-01-06 17:19:13,768 - INFO - [GINSLIB] processing : 2021/07/15 10:23:53 Q=5
2026-01-06 17:19:13,774 - INFO - [GINSLIB] processing : 2021/07/15 10:23:54 Q=5
2026-01-06 17:19:13,784 - INFO - [GINSLIB] processing : 2021/07/15 10:23:55 Q=5
2026-01-06 17:19:13,785 - INFO - [GINSLIB] processing : 2021/07/15 10:23:56 Q=5
2026-01-06 17:19:13,791 - INFO - [GINSLIB] processing : 2021/07/15 10:23:57 Q=5
2026-01-06 17:19:13,797 - INFO - [GINSLIB] processing : 2021/07/15 10:23:58 Q=5
2026-01-06 17:19:13,803 - INFO - [GINSLIB] processing : 2021/07/15 10:23:59 Q=5
2026-01-06 17:19:13,811 - INFO - [GINSLIB] processing : 2021/07/15 10:24:00 Q=5
2026-01-06 17:19:13,813 - INFO - [GINSLIB] processing : 2021/07/15 10:24:01 Q=5
2026-01-06 17:19:13,818 - INFO - [GINSLIB] processing : 2021/07/15 10:24:02 Q=5
2026-01-06 17:19:13,823 - INFO - [GINSLIB] processing : 2021/07/15 10:24:03 Q=5
2026-01-06 17:19:13,830 - INFO - [GINSLIB] processing : 2021/07/15 10:24:04 Q=5
2026-01-06 17:19:13,835 - INFO - [GINSLIB] processing : 2021/07/15 10:24:05 Q=5
2026-01-06 17:19:13,839 - INFO - [GINSLIB] processing : 2021/07/15 10:24:06 Q=5
2026-01-06 17:19:13,845 - INFO - [GINSLIB] processing : 2021/07/15 10:24:07 Q=5
2026-01-06 17:19:13,850 - INFO - [GINSLIB] processing : 2021/07/15 10:24:08 Q=5
2026-01-06 17:19:13,854 - INFO - [GINSLIB] processing : 2021/07/15 10:24:09 Q=5
2026-01-06 17:19:13,860 - INFO - [GINSLIB] processing : 2021/07/15 10:24:10 Q=5
2026-01-06 17:19:13,864 - INFO - [GINSLIB] processing : 2021/07/15 10:24:11 Q=5
2026-01-06 17:19:13,869 - INFO - [GINSLIB] processing : 2021/07/15 10:24:12 Q=5
2026-01-06 17:19:13,874 - INFO - [GINSLIB] processing : 2021/07/15 10:24:13 Q=5
2026-01-06 17:19:13,881 - INFO - [GINSLIB] processing : 2021/07/15 10:24:14 Q=5
2026-01-06 17:19:13,885 - INFO - [GINSLIB] processing : 2021/07/15 10:24:15 Q=5
2026-01-06 17:19:13,889 - INFO - [GINSLIB] processing : 2021/07/15 10:24:16 Q=5
2026-01-06 17:19:13,895 - INFO - [GINSLIB] processing : 2021/07/15 10:24:17 Q=5
2026-01-06 17:19:13,900 - INFO - [GINSLIB] processing : 2021/07/15 10:24:18 Q=5
2026-01-06 17:19:13,905 - INFO - [GINSLIB] processing : 2021/07/15 10:24:19 Q=5
2026-01-06 17:19:13,911 - INFO - [GINSLIB] processing : 2021/07/15 10:24:20 Q=5
2026-01-06 17:19:13,918 - INFO - [GINSLIB] processing : 2021/07/15 10:24:21 Q=5
2026-01-06 17:19:13,920 - INFO - [GINSLIB] processing : 2021/07/15 10:24:22 Q=5
2026-01-06 17:19:13,925 - INFO - [GINSLIB] processing : 2021/07/15 10:24:23 Q=5
2026-01-06 17:19:13,931 - INFO - [GINSLIB] processing : 2021/07/15 10:24:24 Q=5
2026-01-06 17:19:13,936 - INFO - [GINSLIB] processing : 2021/07/15 10:24:25 Q=5
2026-01-06 17:19:13,944 - INFO - [GINSLIB] processing : 2021/07/15 10:24:26 Q=5
2026-01-06 17:19:13,946 - INFO - [GINSLIB] processing : 2021/07/15 10:24:27 Q=5
2026-01-06 17:19:13,951 - INFO - [GINSLIB] processing : 2021/07/15 10:24:28 Q=5
2026-01-06 17:19:13,955 - INFO - [GINSLIB] processing : 2021/07/15 10:24:29 Q=5
2026-01-06 17:19:13,961 - INFO - [GINSLIB] processing : 2021/07/15 10:24:30 Q=5
2026-01-06 17:19:13,969 - INFO - [GINSLIB] processing : 2021/07/15 10:24:31 Q=5
2026-01-06 17:19:13,970 - INFO - [GINSLIB] processing : 2021/07/15 10:24:32 Q=5
2026-01-06 17:19:13,975 - INFO - [GINSLIB] processing : 2021/07/15 10:24:33 Q=5
2026-01-06 17:19:13,980 - INFO - [GINSLIB] processing : 2021/07/15 10:24:34 Q=5
2026-01-06 17:19:13,985 - INFO - [GINSLIB] processing : 2021/07/15 10:24:35 Q=5
2026-01-06 17:19:13,990 - INFO - [GINSLIB] processing : 2021/07/15 10:24:36 Q=5
2026-01-06 17:19:13,994 - INFO - [GINSLIB] processing : 2021/07/15 10:24:37 Q=5
2026-01-06 17:19:14,000 - INFO - [GINSLIB] processing : 2021/07/15 10:24:38 Q=5
2026-01-06 17:19:14,005 - INFO - [GINSLIB] processing : 2021/07/15 10:24:39 Q=5
2026-01-06 17:19:14,011 - INFO - [GINSLIB] processing : 2021/07/15 10:24:40 Q=5
2026-01-06 17:19:14,015 - INFO - [GINSLIB] processing : 2021/07/15 10:24:41 Q=5
2026-01-06 17:19:14,019 - INFO - [GINSLIB] processing : 2021/07/15 10:24:42 Q=5
2026-01-06 17:19:14,025 - INFO - [GINSLIB] processing : 2021/07/15 10:24:43 Q=5
2026-01-06 17:19:14,032 - INFO - [GINSLIB] processing : 2021/07/15 10:24:44 Q=5
2026-01-06 17:19:14,037 - INFO - [GINSLIB] processing : 2021/07/15 10:24:45 Q=5
2026-01-06 17:19:14,042 - INFO - [GINSLIB] processing : 2021/07/15 10:24:46 Q=5
2026-01-06 17:19:14,046 - INFO - [GINSLIB] processing : 2021/07/15 10:24:47 Q=5
2026-01-06 17:19:14,051 - INFO - [GINSLIB] processing : 2021/07/15 10:24:48 Q=5
2026-01-06 17:19:14,056 - INFO - [GINSLIB] processing : 2021/07/15 10:24:49 Q=5
2026-01-06 17:19:14,063 - INFO - [GINSLIB] processing : 2021/07/15 10:24:50 Q=5
2026-01-06 17:19:14,068 - INFO - [GINSLIB] processing : 2021/07/15 10:24:51 Q=5
2026-01-06 17:19:14,076 - INFO - [GINSLIB] processing : 2021/07/15 10:24:52 Q=5
2026-01-06 17:19:14,077 - INFO - [GINSLIB] processing : 2021/07/15 10:24:53 Q=5
2026-01-06 17:19:14,082 - INFO - [GINSLIB] processing : 2021/07/15 10:24:54 Q=5
2026-01-06 17:19:14,086 - INFO - [GINSLIB] processing : 2021/07/15 10:24:55 Q=5
2026-01-06 17:19:14,093 - INFO - [GINSLIB] processing : 2021/07/15 10:24:56 Q=5
2026-01-06 17:19:14,101 - INFO - [GINSLIB] processing : 2021/07/15 10:24:57 Q=5
2026-01-06 17:19:14,102 - INFO - [GINSLIB] processing : 2021/07/15 10:24:58 Q=5
2026-01-06 17:19:14,107 - INFO - [GINSLIB] processing : 2021/07/15 10:24:59 Q=5
2026-01-06 17:19:14,112 - INFO - [GINSLIB] processing : 2021/07/15 10:25:00 Q=5
2026-01-06 17:19:14,117 - INFO - [GINSLIB] processing : 2021/07/15 10:25:01 Q=5
2026-01-06 17:19:14,126 - INFO - [GINSLIB] processing : 2021/07/15 10:25:02 Q=5
2026-01-06 17:19:14,127 - INFO - [GINSLIB] processing : 2021/07/15 10:25:03 Q=5
2026-01-06 17:19:14,132 - INFO - [GINSLIB] processing : 2021/07/15 10:25:04 Q=5
2026-01-06 17:19:14,136 - INFO - [GINSLIB] processing : 2021/07/15 10:25:05 Q=5
2026-01-06 17:19:14,141 - INFO - [GINSLIB] processing : 2021/07/15 10:25:06 Q=5
2026-01-06 17:19:14,146 - INFO - [GINSLIB] processing : 2021/07/15 10:25:07 Q=5
2026-01-06 17:19:14,150 - INFO - [GINSLIB] processing : 2021/07/15 10:25:08 Q=5
2026-01-06 17:19:14,155 - INFO - [GINSLIB] processing : 2021/07/15 10:25:09 Q=5
2026-01-06 17:19:14,160 - INFO - [GINSLIB] processing : 2021/07/15 10:25:10 Q=5
2026-01-06 17:19:14,164 - INFO - [GINSLIB] processing : 2021/07/15 10:25:11 Q=5
2026-01-06 17:19:14,170 - INFO - [GINSLIB] processing : 2021/07/15 10:25:12 Q=5
2026-01-06 17:19:14,175 - INFO - [GINSLIB] processing : 2021/07/15 10:25:13 Q=5
2026-01-06 17:19:14,179 - INFO - [GINSLIB] processing : 2021/07/15 10:25:14 Q=5
2026-01-06 17:19:14,184 - INFO - [GINSLIB] processing : 2021/07/15 10:25:15 Q=5
2026-01-06 17:19:14,188 - INFO - [GINSLIB] processing : 2021/07/15 10:25:16 Q=5
2026-01-06 17:19:14,193 - INFO - [GINSLIB] processing : 2021/07/15 10:25:17 Q=5
2026-01-06 17:19:14,201 - INFO - [GINSLIB] processing : 2021/07/15 10:25:18 Q=5
2026-01-06 17:19:14,202 - INFO - [GINSLIB] processing : 2021/07/15 10:25:19 Q=5
2026-01-06 17:19:14,207 - INFO - [GINSLIB] processing : 2021/07/15 10:25:20 Q=5
2026-01-06 17:19:14,212 - INFO - [GINSLIB] processing : 2021/07/15 10:25:21 Q=5
2026-01-06 17:19:14,217 - INFO - [GINSLIB] processing : 2021/07/15 10:25:22 Q=5
2026-01-06 17:19:14,224 - INFO - [GINSLIB] processing : 2021/07/15 10:25:23 Q=5
2026-01-06 17:19:14,226 - INFO - [GINSLIB] processing : 2021/07/15 10:25:24 Q=5
2026-01-06 17:19:14,231 - INFO - [GINSLIB] processing : 2021/07/15 10:25:25 Q=5
2026-01-06 17:19:14,236 - INFO - [GINSLIB] processing : 2021/07/15 10:25:26 Q=5
2026-01-06 17:19:14,241 - INFO - [GINSLIB] processing : 2021/07/15 10:25:27 Q=5
2026-01-06 17:19:14,250 - INFO - [GINSLIB] processing : 2021/07/15 10:25:28 Q=5
2026-01-06 17:19:14,251 - INFO - [GINSLIB] processing : 2021/07/15 10:25:29 Q=5
2026-01-06 17:19:14,255 - INFO - [GINSLIB] processing : 2021/07/15 10:25:30 Q=5
2026-01-06 17:19:14,261 - INFO - [GINSLIB] processing : 2021/07/15 10:25:31 Q=5
2026-01-06 17:19:14,266 - INFO - [GINSLIB] processing : 2021/07/15 10:25:32 Q=5
2026-01-06 17:19:14,274 - INFO - [GINSLIB] processing : 2021/07/15 10:25:33 Q=5
2026-01-06 17:19:14,275 - INFO - [GINSLIB] processing : 2021/07/15 10:25:34 Q=5
2026-01-06 17:19:14,280 - INFO - [GINSLIB] processing : 2021/07/15 10:25:35 Q=5
2026-01-06 17:19:14,285 - INFO - [GINSLIB] processing : 2021/07/15 10:25:36 Q=5
2026-01-06 17:19:14,290 - INFO - [GINSLIB] processing : 2021/07/15 10:25:37 Q=5
2026-01-06 17:19:14,295 - INFO - [GINSLIB] processing : 2021/07/15 10:25:38 Q=5
2026-01-06 17:19:14,298 - INFO - [GINSLIB] processing : 2021/07/15 10:25:39 Q=5
2026-01-06 17:19:14,303 - INFO - [GINSLIB] processing : 2021/07/15 10:25:40 Q=5
2026-01-06 17:19:14,309 - INFO - [GINSLIB] processing : 2021/07/15 10:25:41 Q=5
2026-01-06 17:19:14,314 - INFO - [GINSLIB] processing : 2021/07/15 10:25:42 Q=5
2026-01-06 17:19:14,319 - INFO - [GINSLIB] processing : 2021/07/15 10:25:43 Q=5
2026-01-06 17:19:14,325 - INFO - [GINSLIB] processing : 2021/07/15 10:25:44 Q=5
2026-01-06 17:19:14,330 - INFO - [GINSLIB] processing : 2021/07/15 10:25:45 Q=5
2026-01-06 17:19:14,335 - INFO - [GINSLIB] processing : 2021/07/15 10:25:46 Q=5
2026-01-06 17:19:14,341 - INFO - [GINSLIB] processing : 2021/07/15 10:25:47 Q=5
2026-01-06 17:19:14,346 - INFO - [GINSLIB] processing : 2021/07/15 10:25:48 Q=5
2026-01-06 17:19:14,355 - INFO - [GINSLIB] processing : 2021/07/15 10:25:49 Q=5
2026-01-06 17:19:14,356 - INFO - [GINSLIB] processing : 2021/07/15 10:25:50 Q=5
2026-01-06 17:19:14,361 - INFO - [GINSLIB] processing : 2021/07/15 10:25:51 Q=5
2026-01-06 17:19:14,366 - INFO - [GINSLIB] processing : 2021/07/15 10:25:52 Q=5
2026-01-06 17:19:14,373 - INFO - [GINSLIB] processing : 2021/07/15 10:25:53 Q=5
2026-01-06 17:19:14,382 - INFO - [GINSLIB] processing : 2021/07/15 10:25:54 Q=5
2026-01-06 17:19:14,383 - INFO - [GINSLIB] processing : 2021/07/15 10:25:55 Q=5
2026-01-06 17:19:14,389 - INFO - [GINSLIB] processing : 2021/07/15 10:25:56 Q=5
2026-01-06 17:19:14,395 - INFO - [GINSLIB] processing : 2021/07/15 10:25:57 Q=5
2026-01-06 17:19:14,401 - INFO - [GINSLIB] processing : 2021/07/15 10:25:58 Q=5
2026-01-06 17:19:14,409 - INFO - [GINSLIB] processing : 2021/07/15 10:25:59 Q=5
2026-01-06 17:19:14,410 - INFO - [GINSLIB] processing : 2021/07/15 10:26:00 Q=5
2026-01-06 17:19:14,417 - INFO - [GINSLIB] processing : 2021/07/15 10:26:01 Q=5
2026-01-06 17:19:14,422 - INFO - [GINSLIB] processing : 2021/07/15 10:26:02 Q=5
2026-01-06 17:19:14,427 - INFO - [GINSLIB] processing : 2021/07/15 10:26:03 Q=5
2026-01-06 17:19:14,434 - INFO - [GINSLIB] processing : 2021/07/15 10:26:04 Q=5
2026-01-06 17:19:14,438 - INFO - [GINSLIB] processing : 2021/07/15 10:26:05 Q=5
2026-01-06 17:19:14,445 - INFO - [GINSLIB] processing : 2021/07/15 10:26:06 Q=5
2026-01-06 17:19:14,451 - INFO - [GINSLIB] processing : 2021/07/15 10:26:07 Q=5
2026-01-06 17:19:14,456 - INFO - [GINSLIB] processing : 2021/07/15 10:26:08 Q=5
2026-01-06 17:19:14,462 - INFO - [GINSLIB] processing : 2021/07/15 10:26:09 Q=5
2026-01-06 17:19:14,466 - INFO - [GINSLIB] processing : 2021/07/15 10:26:10 Q=5
2026-01-06 17:19:14,470 - INFO - [GINSLIB] processing : 2021/07/15 10:26:11 Q=5
2026-01-06 17:19:14,476 - INFO - [GINSLIB] processing : 2021/07/15 10:26:12 Q=5
2026-01-06 17:19:14,482 - INFO - [GINSLIB] processing : 2021/07/15 10:26:13 Q=5
2026-01-06 17:19:14,486 - INFO - [GINSLIB] processing : 2021/07/15 10:26:14 Q=5
2026-01-06 17:19:14,492 - INFO - [GINSLIB] processing : 2021/07/15 10:26:15 Q=5
2026-01-06 17:19:14,497 - INFO - [GINSLIB] processing : 2021/07/15 10:26:16 Q=5
2026-01-06 17:19:14,502 - INFO - [GINSLIB] processing : 2021/07/15 10:26:17 Q=5
2026-01-06 17:19:14,509 - INFO - [GINSLIB] processing : 2021/07/15 10:26:18 Q=5
2026-01-06 17:19:14,513 - INFO - [GINSLIB] processing : 2021/07/15 10:26:19 Q=5
2026-01-06 17:19:14,521 - INFO - [GINSLIB] processing : 2021/07/15 10:26:20 Q=5
2026-01-06 17:19:14,523 - INFO - [GINSLIB] processing : 2021/07/15 10:26:21 Q=5
2026-01-06 17:19:14,527 - INFO - [GINSLIB] processing : 2021/07/15 10:26:22 Q=5
2026-01-06 17:19:14,532 - INFO - [GINSLIB] processing : 2021/07/15 10:26:23 Q=5
2026-01-06 17:19:14,537 - INFO - [GINSLIB] processing : 2021/07/15 10:26:24 Q=5
2026-01-06 17:19:14,545 - INFO - [GINSLIB] processing : 2021/07/15 10:26:25 Q=5
2026-01-06 17:19:14,546 - INFO - [GINSLIB] processing : 2021/07/15 10:26:26 Q=5
2026-01-06 17:19:14,552 - INFO - [GINSLIB] processing : 2021/07/15 10:26:27 Q=5
2026-01-06 17:19:14,558 - INFO - [GINSLIB] processing : 2021/07/15 10:26:28 Q=5
2026-01-06 17:19:14,563 - INFO - [GINSLIB] processing : 2021/07/15 10:26:29 Q=5
2026-01-06 17:19:14,571 - INFO - [GINSLIB] processing : 2021/07/15 10:26:30 Q=5
2026-01-06 17:19:14,572 - INFO - [GINSLIB] processing : 2021/07/15 10:26:31 Q=5
2026-01-06 17:19:14,577 - INFO - [GINSLIB] processing : 2021/07/15 10:26:32 Q=5
2026-01-06 17:19:14,582 - INFO - [GINSLIB] processing : 2021/07/15 10:26:33 Q=5
2026-01-06 17:19:14,587 - INFO - [GINSLIB] processing : 2021/07/15 10:26:34 Q=5
2026-01-06 17:19:14,592 - INFO - [GINSLIB] processing : 2021/07/15 10:26:35 Q=5
2026-01-06 17:19:14,596 - INFO - [GINSLIB] processing : 2021/07/15 10:26:36 Q=5
2026-01-06 17:19:14,602 - INFO - [GINSLIB] processing : 2021/07/15 10:26:37 Q=5
2026-01-06 17:19:14,607 - INFO - [GINSLIB] processing : 2021/07/15 10:26:38 Q=5
2026-01-06 17:19:14,612 - INFO - [GINSLIB] processing : 2021/07/15 10:26:39 Q=5
2026-01-06 17:19:14,618 - INFO - [GINSLIB] processing : 2021/07/15 10:26:40 Q=5
2026-01-06 17:19:14,621 - INFO - [GINSLIB] processing : 2021/07/15 10:26:41 Q=5
2026-01-06 17:19:14,626 - INFO - [GINSLIB] processing : 2021/07/15 10:26:42 Q=5
2026-01-06 17:19:14,632 - INFO - [GINSLIB] processing : 2021/07/15 10:26:43 Q=5
2026-01-06 17:19:14,637 - INFO - [GINSLIB] processing : 2021/07/15 10:26:44 Q=5
2026-01-06 17:19:14,642 - INFO - [GINSLIB] processing : 2021/07/15 10:26:45 Q=5
2026-01-06 17:19:14,647 - INFO - [GINSLIB] processing : 2021/07/15 10:26:46 Q=5
2026-01-06 17:19:14,652 - INFO - [GINSLIB] processing : 2021/07/15 10:26:47 Q=5
2026-01-06 17:19:14,657 - INFO - [GINSLIB] processing : 2021/07/15 10:26:48 Q=5
2026-01-06 17:19:14,664 - INFO - [GINSLIB] processing : 2021/07/15 10:26:49 Q=5
2026-01-06 17:19:14,670 - INFO - [GINSLIB] processing : 2021/07/15 10:26:50 Q=5
2026-01-06 17:19:14,679 - INFO - [GINSLIB] processing : 2021/07/15 10:26:51 Q=5
2026-01-06 17:19:14,680 - INFO - [GINSLIB] processing : 2021/07/15 10:26:52 Q=5
2026-01-06 17:19:14,685 - INFO - [GINSLIB] processing : 2021/07/15 10:26:53 Q=5
2026-01-06 17:19:14,690 - INFO - [GINSLIB] processing : 2021/07/15 10:26:54 Q=5
2026-01-06 17:19:14,696 - INFO - [GINSLIB] processing : 2021/07/15 10:26:55 Q=5
2026-01-06 17:19:14,703 - INFO - [GINSLIB] processing : 2021/07/15 10:26:56 Q=5
2026-01-06 17:19:14,704 - INFO - [GINSLIB] processing : 2021/07/15 10:26:57 Q=5
2026-01-06 17:19:14,710 - INFO - [GINSLIB] processing : 2021/07/15 10:26:58 Q=5
2026-01-06 17:19:14,715 - INFO - [GINSLIB] processing : 2021/07/15 10:26:59 Q=5
2026-01-06 17:19:14,721 - INFO - [GINSLIB] processing : 2021/07/15 10:27:00 Q=5
2026-01-06 17:19:14,730 - INFO - [GINSLIB] processing : 2021/07/15 10:27:01 Q=5
2026-01-06 17:19:14,731 - INFO - [GINSLIB] processing : 2021/07/15 10:27:02 Q=5
2026-01-06 17:19:14,736 - INFO - [GINSLIB] processing : 2021/07/15 10:27:03 Q=5
2026-01-06 17:19:14,742 - INFO - [GINSLIB] processing : 2021/07/15 10:27:04 Q=5
2026-01-06 17:19:14,747 - INFO - [GINSLIB] processing : 2021/07/15 10:27:05 Q=5
2026-01-06 17:19:14,752 - INFO - [GINSLIB] processing : 2021/07/15 10:27:06 Q=5
2026-01-06 17:19:14,757 - INFO - [GINSLIB] processing : 2021/07/15 10:27:07 Q=5
2026-01-06 17:19:14,761 - INFO - [GINSLIB] processing : 2021/07/15 10:27:08 Q=5
2026-01-06 17:19:14,766 - INFO - [GINSLIB] processing : 2021/07/15 10:27:09 Q=5
2026-01-06 17:19:14,772 - INFO - [GINSLIB] processing : 2021/07/15 10:27:10 Q=5
2026-01-06 17:19:14,777 - INFO - [GINSLIB] processing : 2021/07/15 10:27:11 Q=5
2026-01-06 17:19:14,782 - INFO - [GINSLIB] processing : 2021/07/15 10:27:12 Q=5
2026-01-06 17:19:14,788 - INFO - [GINSLIB] processing : 2021/07/15 10:27:13 Q=5
2026-01-06 17:19:14,793 - INFO - [GINSLIB] processing : 2021/07/15 10:27:14 Q=5
2026-01-06 17:19:14,798 - INFO - [GINSLIB] processing : 2021/07/15 10:27:15 Q=5
2026-01-06 17:19:14,804 - INFO - [GINSLIB] processing : 2021/07/15 10:27:16 Q=5
2026-01-06 17:19:14,808 - INFO - [GINSLIB] processing : 2021/07/15 10:27:17 Q=5
2026-01-06 17:19:14,813 - INFO - [GINSLIB] processing : 2021/07/15 10:27:18 Q=5
2026-01-06 17:19:14,819 - INFO - [GINSLIB] processing : 2021/07/15 10:27:19 Q=5
2026-01-06 17:19:14,825 - INFO - [GINSLIB] processing : 2021/07/15 10:27:20 Q=5
2026-01-06 17:19:14,831 - INFO - [GINSLIB] processing : 2021/07/15 10:27:21 Q=5
2026-01-06 17:19:14,839 - INFO - [GINSLIB] processing : 2021/07/15 10:27:22 Q=5
2026-01-06 17:19:14,841 - INFO - [GINSLIB] processing : 2021/07/15 10:27:23 Q=5
2026-01-06 17:19:14,847 - INFO - [GINSLIB] processing : 2021/07/15 10:27:24 Q=5
2026-01-06 17:19:14,852 - INFO - [GINSLIB] processing : 2021/07/15 10:27:25 Q=5
2026-01-06 17:19:14,858 - INFO - [GINSLIB] processing : 2021/07/15 10:27:26 Q=5
2026-01-06 17:19:14,867 - INFO - [GINSLIB] processing : 2021/07/15 10:27:27 Q=5
2026-01-06 17:19:14,868 - INFO - [GINSLIB] processing : 2021/07/15 10:27:28 Q=5
2026-01-06 17:19:14,873 - INFO - [GINSLIB] processing : 2021/07/15 10:27:29 Q=5
2026-01-06 17:19:14,880 - INFO - [GINSLIB] processing : 2021/07/15 10:27:30 Q=5
2026-01-06 17:19:14,886 - INFO - [GINSLIB] processing : 2021/07/15 10:27:31 Q=5
2026-01-06 17:19:14,897 - INFO - [GINSLIB] processing : 2021/07/15 10:27:32 Q=5
2026-01-06 17:19:14,898 - INFO - [GINSLIB] processing : 2021/07/15 10:27:33 Q=5
2026-01-06 17:19:14,904 - INFO - [GINSLIB] processing : 2021/07/15 10:27:34 Q=5
2026-01-06 17:19:14,910 - INFO - [GINSLIB] processing : 2021/07/15 10:27:35 Q=5
2026-01-06 17:19:14,916 - INFO - [GINSLIB] processing : 2021/07/15 10:27:36 Q=5
2026-01-06 17:19:14,922 - INFO - [GINSLIB] processing : 2021/07/15 10:27:37 Q=5
2026-01-06 17:19:14,928 - INFO - [GINSLIB] processing : 2021/07/15 10:27:38 Q=5
2026-01-06 17:19:14,933 - INFO - [GINSLIB] processing : 2021/07/15 10:27:39 Q=5
2026-01-06 17:19:14,940 - INFO - [GINSLIB] processing : 2021/07/15 10:27:40 Q=5
2026-01-06 17:19:14,946 - INFO - [GINSLIB] processing : 2021/07/15 10:27:41 Q=5
2026-01-06 17:19:14,952 - INFO - [GINSLIB] processing : 2021/07/15 10:27:42 Q=5
2026-01-06 17:19:14,958 - INFO - [GINSLIB] processing : 2021/07/15 10:27:43 Q=5
2026-01-06 17:19:14,964 - INFO - [GINSLIB] processing : 2021/07/15 10:27:44 Q=5
2026-01-06 17:19:14,971 - INFO - [GINSLIB] processing : 2021/07/15 10:27:45 Q=5
2026-01-06 17:19:14,978 - INFO - [GINSLIB] processing : 2021/07/15 10:27:46 Q=5
2026-01-06 17:19:14,984 - INFO - [GINSLIB] processing : 2021/07/15 10:27:47 Q=5
2026-01-06 17:19:14,990 - INFO - [GINSLIB] processing : 2021/07/15 10:27:48 Q=5
2026-01-06 17:19:14,996 - INFO - [GINSLIB] processing : 2021/07/15 10:27:49 Q=5
2026-01-06 17:19:15,003 - INFO - [GINSLIB] processing : 2021/07/15 10:27:50 Q=5
2026-01-06 17:19:15,009 - INFO - [GINSLIB] processing : 2021/07/15 10:27:51 Q=5
2026-01-06 17:19:15,016 - INFO - [GINSLIB] processing : 2021/07/15 10:27:52 Q=5
2026-01-06 17:19:15,025 - INFO - [GINSLIB] processing : 2021/07/15 10:27:53 Q=5
2026-01-06 17:19:15,026 - INFO - [GINSLIB] processing : 2021/07/15 10:27:54 Q=5
2026-01-06 17:19:15,032 - INFO - [GINSLIB] processing : 2021/07/15 10:27:55 Q=5
2026-01-06 17:19:15,038 - INFO - [GINSLIB] processing : 2021/07/15 10:27:56 Q=5
2026-01-06 17:19:15,043 - INFO - [GINSLIB] processing : 2021/07/15 10:27:57 Q=5
2026-01-06 17:19:15,053 - INFO - [GINSLIB] processing : 2021/07/15 10:27:58 Q=5
2026-01-06 17:19:15,054 - INFO - [GINSLIB] processing : 2021/07/15 10:27:59 Q=5
2026-01-06 17:19:15,061 - INFO - [GINSLIB] processing : 2021/07/15 10:28:00 Q=5
2026-01-06 17:19:15,067 - INFO - [GINSLIB] processing : 2021/07/15 10:28:01 Q=5
2026-01-06 17:19:15,073 - INFO - [GINSLIB] processing : 2021/07/15 10:28:02 Q=5
2026-01-06 17:19:15,082 - INFO - [GINSLIB] processing : 2021/07/15 10:28:03 Q=5
2026-01-06 17:19:15,083 - INFO - [GINSLIB] processing : 2021/07/15 10:28:04 Q=5
2026-01-06 17:19:15,089 - INFO - [GINSLIB] processing : 2021/07/15 10:28:05 Q=5
2026-01-06 17:19:15,094 - INFO - [GINSLIB] processing : 2021/07/15 10:28:06 Q=5
2026-01-06 17:19:15,099 - INFO - [GINSLIB] processing : 2021/07/15 10:28:07 Q=5
2026-01-06 17:19:15,104 - INFO - [GINSLIB] processing : 2021/07/15 10:28:08 Q=5
2026-01-06 17:19:15,109 - INFO - [GINSLIB] processing : 2021/07/15 10:28:09 Q=5
2026-01-06 17:19:15,113 - INFO - [GINSLIB] processing : 2021/07/15 10:28:10 Q=5
2026-01-06 17:19:15,117 - INFO - [GINSLIB] processing : 2021/07/15 10:28:11 Q=5
2026-01-06 17:19:15,122 - INFO - [GINSLIB] processing : 2021/07/15 10:28:12 Q=5
2026-01-06 17:19:15,128 - INFO - [GINSLIB] processing : 2021/07/15 10:28:13 Q=5
2026-01-06 17:19:15,133 - INFO - [GINSLIB] processing : 2021/07/15 10:28:14 Q=5
2026-01-06 17:19:15,140 - INFO - [GINSLIB] processing : 2021/07/15 10:28:15 Q=5
2026-01-06 17:19:15,145 - INFO - [GINSLIB] processing : 2021/07/15 10:28:16 Q=5
2026-01-06 17:19:15,151 - INFO - [GINSLIB] processing : 2021/07/15 10:28:17 Q=5
2026-01-06 17:19:15,156 - INFO - [GINSLIB] processing : 2021/07/15 10:28:18 Q=5
2026-01-06 17:19:15,165 - INFO - [GINSLIB] processing : 2021/07/15 10:28:19 Q=5
2026-01-06 17:19:15,167 - INFO - [GINSLIB] processing : 2021/07/15 10:28:20 Q=5
2026-01-06 17:19:15,173 - INFO - [GINSLIB] processing : 2021/07/15 10:28:21 Q=5
2026-01-06 17:19:15,177 - INFO - [GINSLIB] processing : 2021/07/15 10:28:22 Q=5
2026-01-06 17:19:15,182 - INFO - [GINSLIB] processing : 2021/07/15 10:28:23 Q=5
2026-01-06 17:19:15,191 - INFO - [GINSLIB] processing : 2021/07/15 10:28:24 Q=5
2026-01-06 17:19:15,193 - INFO - [GINSLIB] processing : 2021/07/15 10:28:25 Q=5
2026-01-06 17:19:15,199 - INFO - [GINSLIB] processing : 2021/07/15 10:28:26 Q=5
2026-01-06 17:19:15,205 - INFO - [GINSLIB] processing : 2021/07/15 10:28:27 Q=5
2026-01-06 17:19:15,210 - INFO - [GINSLIB] processing : 2021/07/15 10:28:28 Q=5
2026-01-06 17:19:15,219 - INFO - [GINSLIB] processing : 2021/07/15 10:28:29 Q=5
2026-01-06 17:19:15,220 - INFO - [GINSLIB] processing : 2021/07/15 10:28:30 Q=5
2026-01-06 17:19:15,225 - INFO - [GINSLIB] processing : 2021/07/15 10:28:31 Q=5
2026-01-06 17:19:15,230 - INFO - [GINSLIB] processing : 2021/07/15 10:28:32 Q=5
2026-01-06 17:19:15,234 - INFO - [GINSLIB] processing : 2021/07/15 10:28:33 Q=5
2026-01-06 17:19:15,242 - INFO - [GINSLIB] processing : 2021/07/15 10:28:34 Q=5
2026-01-06 17:19:15,243 - INFO - [GINSLIB] processing : 2021/07/15 10:28:35 Q=5
2026-01-06 17:19:15,248 - INFO - [GINSLIB] processing : 2021/07/15 10:28:36 Q=5
2026-01-06 17:19:15,253 - INFO - [GINSLIB] processing : 2021/07/15 10:28:37 Q=5
2026-01-06 17:19:15,259 - INFO - [GINSLIB] processing : 2021/07/15 10:28:38 Q=5
2026-01-06 17:19:15,264 - INFO - [GINSLIB] processing : 2021/07/15 10:28:39 Q=5
2026-01-06 17:19:15,268 - INFO - [GINSLIB] processing : 2021/07/15 10:28:40 Q=5
2026-01-06 17:19:15,273 - INFO - [GINSLIB] processing : 2021/07/15 10:28:41 Q=5
2026-01-06 17:19:15,280 - INFO - [GINSLIB] processing : 2021/07/15 10:28:42 Q=5
2026-01-06 17:19:15,285 - INFO - [GINSLIB] processing : 2021/07/15 10:28:43 Q=5
2026-01-06 17:19:15,291 - INFO - [GINSLIB] processing : 2021/07/15 10:28:44 Q=5
2026-01-06 17:19:15,295 - INFO - [GINSLIB] processing : 2021/07/15 10:28:45 Q=5
2026-01-06 17:19:15,300 - INFO - [GINSLIB] processing : 2021/07/15 10:28:46 Q=5
2026-01-06 17:19:15,305 - INFO - [GINSLIB] processing : 2021/07/15 10:28:47 Q=5
2026-01-06 17:19:15,311 - INFO - [GINSLIB] processing : 2021/07/15 10:28:48 Q=5
2026-01-06 17:19:15,316 - INFO - [GINSLIB] processing : 2021/07/15 10:28:49 Q=5
2026-01-06 17:19:15,324 - INFO - [GINSLIB] processing : 2021/07/15 10:28:50 Q=5
2026-01-06 17:19:15,326 - INFO - [GINSLIB] processing : 2021/07/15 10:28:51 Q=5
2026-01-06 17:19:15,331 - INFO - [GINSLIB] processing : 2021/07/15 10:28:52 Q=5
2026-01-06 17:19:15,336 - INFO - [GINSLIB] processing : 2021/07/15 10:28:53 Q=5
2026-01-06 17:19:15,341 - INFO - [GINSLIB] processing : 2021/07/15 10:28:54 Q=5
2026-01-06 17:19:15,349 - INFO - [GINSLIB] processing : 2021/07/15 10:28:55 Q=5
2026-01-06 17:19:15,350 - INFO - [GINSLIB] processing : 2021/07/15 10:28:56 Q=5
2026-01-06 17:19:15,356 - INFO - [GINSLIB] processing : 2021/07/15 10:28:57 Q=5
2026-01-06 17:19:15,361 - INFO - [GINSLIB] processing : 2021/07/15 10:28:58 Q=5
2026-01-06 17:19:15,365 - INFO - [GINSLIB] processing : 2021/07/15 10:28:59 Q=5
2026-01-06 17:19:15,374 - INFO - [GINSLIB] processing : 2021/07/15 10:29:00 Q=5
2026-01-06 17:19:15,375 - INFO - [GINSLIB] processing : 2021/07/15 10:29:01 Q=5
2026-01-06 17:19:15,380 - INFO - [GINSLIB] processing : 2021/07/15 10:29:02 Q=5
2026-01-06 17:19:15,385 - INFO - [GINSLIB] processing : 2021/07/15 10:29:03 Q=5
2026-01-06 17:19:15,389 - INFO - [GINSLIB] processing : 2021/07/15 10:29:04 Q=5
2026-01-06 17:19:15,397 - INFO - [GINSLIB] processing : 2021/07/15 10:29:05 Q=5
2026-01-06 17:19:15,398 - INFO - [GINSLIB] processing : 2021/07/15 10:29:06 Q=5
2026-01-06 17:19:15,403 - INFO - [GINSLIB] processing : 2021/07/15 10:29:07 Q=5
2026-01-06 17:19:15,408 - INFO - [GINSLIB] processing : 2021/07/15 10:29:08 Q=5
2026-01-06 17:19:15,412 - INFO - [GINSLIB] processing : 2021/07/15 10:29:09 Q=5
2026-01-06 17:19:15,417 - INFO - [GINSLIB] processing : 2021/07/15 10:29:10 Q=5
2026-01-06 17:19:15,421 - INFO - [GINSLIB] processing : 2021/07/15 10:29:11 Q=5
2026-01-06 17:19:15,426 - INFO - [GINSLIB] processing : 2021/07/15 10:29:12 Q=5
2026-01-06 17:19:15,430 - INFO - [GINSLIB] processing : 2021/07/15 10:29:13 Q=5
2026-01-06 17:19:15,436 - INFO - [GINSLIB] processing : 2021/07/15 10:29:14 Q=5
2026-01-06 17:19:15,441 - INFO - [GINSLIB] processing : 2021/07/15 10:29:15 Q=5
2026-01-06 17:19:15,446 - INFO - [GINSLIB] processing : 2021/07/15 10:29:16 Q=5
2026-01-06 17:19:15,451 - INFO - [GINSLIB] processing : 2021/07/15 10:29:17 Q=5
2026-01-06 17:19:15,457 - INFO - [GINSLIB] processing : 2021/07/15 10:29:18 Q=5
2026-01-06 17:19:15,462 - INFO - [GINSLIB] processing : 2021/07/15 10:29:19 Q=5
2026-01-06 17:19:15,469 - INFO - [GINSLIB] processing : 2021/07/15 10:29:20 Q=5
2026-01-06 17:19:15,473 - INFO - [GINSLIB] processing : 2021/07/15 10:29:21 Q=5
2026-01-06 17:19:15,478 - INFO - [GINSLIB] processing : 2021/07/15 10:29:22 Q=5
2026-01-06 17:19:15,482 - INFO - [GINSLIB] processing : 2021/07/15 10:29:23 Q=5
2026-01-06 17:19:15,487 - INFO - [GINSLIB] processing : 2021/07/15 10:29:24 Q=5
2026-01-06 17:19:15,492 - INFO - [GINSLIB] processing : 2021/07/15 10:29:25 Q=5
2026-01-06 17:19:15,502 - INFO - [GINSLIB] processing : 2021/07/15 10:29:26 Q=5
2026-01-06 17:19:15,503 - INFO - [GINSLIB] processing : 2021/07/15 10:29:27 Q=5
2026-01-06 17:19:15,508 - INFO - [GINSLIB] processing : 2021/07/15 10:29:28 Q=5
2026-01-06 17:19:15,513 - INFO - [GINSLIB] processing : 2021/07/15 10:29:29 Q=5
2026-01-06 17:19:15,518 - INFO - [GINSLIB] processing : 2021/07/15 10:29:30 Q=5
2026-01-06 17:19:15,526 - INFO - [GINSLIB] processing : 2021/07/15 10:29:31 Q=5
2026-01-06 17:19:15,528 - INFO - [GINSLIB] processing : 2021/07/15 10:29:32 Q=5
2026-01-06 17:19:15,533 - INFO - [GINSLIB] processing : 2021/07/15 10:29:33 Q=5
2026-01-06 17:19:15,537 - INFO - [GINSLIB] processing : 2021/07/15 10:29:34 Q=5
2026-01-06 17:19:15,543 - INFO - [GINSLIB] processing : 2021/07/15 10:29:35 Q=5
2026-01-06 17:19:15,551 - INFO - [GINSLIB] processing : 2021/07/15 10:29:36 Q=5
2026-01-06 17:19:15,552 - INFO - [GINSLIB] processing : 2021/07/15 10:29:37 Q=5
2026-01-06 17:19:15,558 - INFO - [GINSLIB] processing : 2021/07/15 10:29:38 Q=5
2026-01-06 17:19:15,563 - INFO - [GINSLIB] processing : 2021/07/15 10:29:39 Q=5
2026-01-06 17:19:15,568 - INFO - [GINSLIB] processing : 2021/07/15 10:29:40 Q=5
2026-01-06 17:19:15,575 - INFO - [GINSLIB] processing : 2021/07/15 10:29:41 Q=5
2026-01-06 17:19:15,578 - INFO - [GINSLIB] processing : 2021/07/15 10:29:42 Q=5
2026-01-06 17:19:15,583 - INFO - [GINSLIB] processing : 2021/07/15 10:29:43 Q=5
2026-01-06 17:19:15,589 - INFO - [GINSLIB] processing : 2021/07/15 10:29:44 Q=5
2026-01-06 17:19:15,593 - INFO - [GINSLIB] processing : 2021/07/15 10:29:45 Q=5
2026-01-06 17:19:15,598 - INFO - [GINSLIB] processing : 2021/07/15 10:29:46 Q=5
2026-01-06 17:19:15,602 - INFO - [GINSLIB] processing : 2021/07/15 10:29:47 Q=5
2026-01-06 17:19:15,607 - INFO - [GINSLIB] processing : 2021/07/15 10:29:48 Q=5
2026-01-06 17:19:15,612 - INFO - [GINSLIB] processing : 2021/07/15 10:29:49 Q=5
2026-01-06 17:19:15,617 - INFO - [GINSLIB] processing : 2021/07/15 10:29:50 Q=5
2026-01-06 17:19:15,622 - INFO - [GINSLIB] processing : 2021/07/15 10:29:51 Q=5
2026-01-06 17:19:15,629 - INFO - [GINSLIB] processing : 2021/07/15 10:29:52 Q=5
2026-01-06 17:19:15,631 - INFO - [GINSLIB] processing : 2021/07/15 10:29:53 Q=5
2026-01-06 17:19:15,637 - INFO - [GINSLIB] processing : 2021/07/15 10:29:54 Q=5
2026-01-06 17:19:15,641 - INFO - [GINSLIB] processing : 2021/07/15 10:29:55 Q=5
2026-01-06 17:19:15,645 - INFO - [GINSLIB] processing : 2021/07/15 10:29:56 Q=5
2026-01-06 17:19:15,653 - INFO - [GINSLIB] processing : 2021/07/15 10:29:57 Q=5
2026-01-06 17:19:15,654 - INFO - [GINSLIB] processing : 2021/07/15 10:29:58 Q=5
2026-01-06 17:19:15,659 - INFO - [GINSLIB] processing : 2021/07/15 10:29:59 Q=5
2026-01-06 17:19:15,665 - INFO - [GINSLIB] processing : 2021/07/15 10:30:00 Q=5
2026-01-06 17:19:15,670 - INFO - [GINSLIB] processing : 2021/07/15 10:30:01 Q=5
2026-01-06 17:19:15,677 - INFO - [GINSLIB] processing : 2021/07/15 10:30:02 Q=5
2026-01-06 17:19:15,679 - INFO - [GINSLIB] processing : 2021/07/15 10:30:03 Q=5
2026-01-06 17:19:15,684 - INFO - [GINSLIB] processing : 2021/07/15 10:30:04 Q=5
2026-01-06 17:19:15,689 - INFO - [GINSLIB] processing : 2021/07/15 10:30:05 Q=5
2026-01-06 17:19:15,694 - INFO - [GINSLIB] processing : 2021/07/15 10:30:06 Q=5
2026-01-06 17:19:15,702 - INFO - [GINSLIB] processing : 2021/07/15 10:30:07 Q=5
2026-01-06 17:19:15,703 - INFO - [GINSLIB] processing : 2021/07/15 10:30:08 Q=5
2026-01-06 17:19:15,708 - INFO - [GINSLIB] processing : 2021/07/15 10:30:09 Q=5
2026-01-06 17:19:15,713 - INFO - [GINSLIB] processing : 2021/07/15 10:30:10 Q=5
2026-01-06 17:19:15,717 - INFO - [GINSLIB] processing : 2021/07/15 10:30:11 Q=5
2026-01-06 17:19:15,721 - INFO - [GINSLIB] processing : 2021/07/15 10:30:12 Q=5
2026-01-06 17:19:15,726 - INFO - [GINSLIB] processing : 2021/07/15 10:30:13 Q=5
2026-01-06 17:19:15,730 - INFO - [GINSLIB] processing : 2021/07/15 10:30:14 Q=5
2026-01-06 17:19:15,735 - INFO - [GINSLIB] processing : 2021/07/15 10:30:15 Q=5
2026-01-06 17:19:15,740 - INFO - [GINSLIB] processing : 2021/07/15 10:30:16 Q=5
2026-01-06 17:19:15,745 - INFO - [GINSLIB] processing : 2021/07/15 10:30:17 Q=5
2026-01-06 17:19:15,749 - INFO - [GINSLIB] processing : 2021/07/15 10:30:18 Q=5
2026-01-06 17:19:15,754 - INFO - [GINSLIB] processing : 2021/07/15 10:30:19 Q=5
2026-01-06 17:19:15,759 - INFO - [GINSLIB] processing : 2021/07/15 10:30:20 Q=5
2026-01-06 17:19:15,764 - INFO - [GINSLIB] processing : 2021/07/15 10:30:21 Q=5
2026-01-06 17:19:15,768 - INFO - [GINSLIB] processing : 2021/07/15 10:30:22 Q=5
2026-01-06 17:19:15,776 - INFO - [GINSLIB] processing : 2021/07/15 10:30:23 Q=5
2026-01-06 17:19:15,777 - INFO - [GINSLIB] processing : 2021/07/15 10:30:24 Q=5
2026-01-06 17:19:15,782 - INFO - [GINSLIB] processing : 2021/07/15 10:30:25 Q=5
2026-01-06 17:19:15,787 - INFO - [GINSLIB] processing : 2021/07/15 10:30:26 Q=5
2026-01-06 17:19:15,792 - INFO - [GINSLIB] processing : 2021/07/15 10:30:27 Q=5
2026-01-06 17:19:15,799 - INFO - [GINSLIB] processing : 2021/07/15 10:30:28 Q=5
2026-01-06 17:19:15,800 - INFO - [GINSLIB] processing : 2021/07/15 10:30:29 Q=5
2026-01-06 17:19:15,805 - INFO - [GINSLIB] processing : 2021/07/15 10:30:30 Q=5
2026-01-06 17:19:15,810 - INFO - [GINSLIB] processing : 2021/07/15 10:30:31 Q=5
2026-01-06 17:19:15,815 - INFO - [GINSLIB] processing : 2021/07/15 10:30:32 Q=5
2026-01-06 17:19:15,825 - INFO - [GINSLIB] processing : 2021/07/15 10:30:33 Q=5
2026-01-06 17:19:15,826 - INFO - [GINSLIB] processing : 2021/07/15 10:30:34 Q=5
2026-01-06 17:19:15,832 - INFO - [GINSLIB] processing : 2021/07/15 10:30:35 Q=5
2026-01-06 17:19:15,838 - INFO - [GINSLIB] processing : 2021/07/15 10:30:36 Q=5
2026-01-06 17:19:15,843 - INFO - [GINSLIB] processing : 2021/07/15 10:30:37 Q=5
2026-01-06 17:19:15,849 - INFO - [GINSLIB] processing : 2021/07/15 10:30:38 Q=5
2026-01-06 17:19:15,854 - INFO - [GINSLIB] processing : 2021/07/15 10:30:39 Q=5
2026-01-06 17:19:15,859 - INFO - [GINSLIB] processing : 2021/07/15 10:30:40 Q=5
2026-01-06 17:19:15,865 - INFO - [GINSLIB] processing : 2021/07/15 10:30:41 Q=5
2026-01-06 17:19:15,871 - INFO - [GINSLIB] processing : 2021/07/15 10:30:42 Q=5
2026-01-06 17:19:15,876 - INFO - [GINSLIB] processing : 2021/07/15 10:30:43 Q=5
2026-01-06 17:19:15,882 - INFO - [GINSLIB] processing : 2021/07/15 10:30:44 Q=5
2026-01-06 17:19:15,887 - INFO - [GINSLIB] processing : 2021/07/15 10:30:45 Q=5
2026-01-06 17:19:15,892 - INFO - [GINSLIB] processing : 2021/07/15 10:30:46 Q=5
2026-01-06 17:19:15,899 - INFO - [GINSLIB] processing : 2021/07/15 10:30:47 Q=5
2026-01-06 17:19:15,903 - INFO - [GINSLIB] processing : 2021/07/15 10:30:48 Q=5
2026-01-06 17:19:15,907 - INFO - [GINSLIB] processing : 2021/07/15 10:30:49 Q=5
2026-01-06 17:19:15,913 - INFO - [GINSLIB] processing : 2021/07/15 10:30:50 Q=5
2026-01-06 17:19:15,919 - INFO - [GINSLIB] processing : 2021/07/15 10:30:51 Q=5
2026-01-06 17:19:15,924 - INFO - [GINSLIB] processing : 2021/07/15 10:30:52 Q=5
2026-01-06 17:19:15,931 - INFO - [GINSLIB] processing : 2021/07/15 10:30:53 Q=5
2026-01-06 17:19:15,938 - INFO - [GINSLIB] processing : 2021/07/15 10:30:54 Q=5
2026-01-06 17:19:15,939 - INFO - [GINSLIB] processing : 2021/07/15 10:30:55 Q=5
2026-01-06 17:19:15,946 - INFO - [GINSLIB] processing : 2021/07/15 10:30:56 Q=5
2026-01-06 17:19:15,951 - INFO - [GINSLIB] processing : 2021/07/15 10:30:57 Q=5
2026-01-06 17:19:15,956 - INFO - [GINSLIB] processing : 2021/07/15 10:30:58 Q=5
2026-01-06 17:19:15,964 - INFO - [GINSLIB] processing : 2021/07/15 10:30:59 Q=5
2026-01-06 17:19:15,966 - INFO - [GINSLIB] processing : 2021/07/15 10:31:00 Q=5
2026-01-06 17:19:15,971 - INFO - [GINSLIB] processing : 2021/07/15 10:31:01 Q=5
2026-01-06 17:19:15,977 - INFO - [GINSLIB] processing : 2021/07/15 10:31:02 Q=5
2026-01-06 17:19:15,982 - INFO - [GINSLIB] processing : 2021/07/15 10:31:03 Q=5
2026-01-06 17:19:15,989 - INFO - [GINSLIB] processing : 2021/07/15 10:31:04 Q=5
2026-01-06 17:19:15,990 - INFO - [GINSLIB] processing : 2021/07/15 10:31:05 Q=5
2026-01-06 17:19:15,997 - INFO - [GINSLIB] processing : 2021/07/15 10:31:06 Q=5
2026-01-06 17:19:16,001 - INFO - [GINSLIB] processing : 2021/07/15 10:31:07 Q=5
2026-01-06 17:19:16,007 - INFO - [GINSLIB] processing : 2021/07/15 10:31:08 Q=5
2026-01-06 17:19:16,012 - INFO - [GINSLIB] processing : 2021/07/15 10:31:09 Q=5
2026-01-06 17:19:16,016 - INFO - [GINSLIB] processing : 2021/07/15 10:31:10 Q=5
2026-01-06 17:19:16,021 - INFO - [GINSLIB] processing : 2021/07/15 10:31:11 Q=5
2026-01-06 17:19:16,027 - INFO - [GINSLIB] processing : 2021/07/15 10:31:12 Q=5
2026-01-06 17:19:16,032 - INFO - [GINSLIB] processing : 2021/07/15 10:31:13 Q=5
2026-01-06 17:19:16,038 - INFO - [GINSLIB] processing : 2021/07/15 10:31:14 Q=5
2026-01-06 17:19:16,043 - INFO - [GINSLIB] processing : 2021/07/15 10:31:15 Q=5
2026-01-06 17:19:16,048 - INFO - [GINSLIB] processing : 2021/07/15 10:31:16 Q=5
2026-01-06 17:19:16,053 - INFO - [GINSLIB] processing : 2021/07/15 10:31:17 Q=5
2026-01-06 17:19:16,059 - INFO - [GINSLIB] processing : 2021/07/15 10:31:18 Q=5
2026-01-06 17:19:16,064 - INFO - [GINSLIB] processing : 2021/07/15 10:31:19 Q=5
2026-01-06 17:19:16,068 - INFO - [GINSLIB] processing : 2021/07/15 10:31:20 Q=5
2026-01-06 17:19:16,074 - INFO - [GINSLIB] processing : 2021/07/15 10:31:21 Q=5
2026-01-06 17:19:16,079 - INFO - [GINSLIB] processing : 2021/07/15 10:31:22 Q=5
2026-01-06 17:19:16,085 - INFO - [GINSLIB] processing : 2021/07/15 10:31:23 Q=5
2026-01-06 17:19:16,091 - INFO - [GINSLIB] processing : 2021/07/15 10:31:24 Q=5
2026-01-06 17:19:16,099 - INFO - [GINSLIB] processing : 2021/07/15 10:31:25 Q=5
2026-01-06 17:19:16,101 - INFO - [GINSLIB] processing : 2021/07/15 10:31:26 Q=5
2026-01-06 17:19:16,107 - INFO - [GINSLIB] processing : 2021/07/15 10:31:27 Q=5
2026-01-06 17:19:16,111 - INFO - [GINSLIB] processing : 2021/07/15 10:31:28 Q=5
2026-01-06 17:19:16,118 - INFO - [GINSLIB] processing : 2021/07/15 10:31:29 Q=5
2026-01-06 17:19:16,126 - INFO - [GINSLIB] processing : 2021/07/15 10:31:30 Q=5
2026-01-06 17:19:16,127 - INFO - [GINSLIB] processing : 2021/07/15 10:31:31 Q=5
2026-01-06 17:19:16,134 - INFO - [GINSLIB] processing : 2021/07/15 10:31:32 Q=5
2026-01-06 17:19:16,138 - INFO - [GINSLIB] processing : 2021/07/15 10:31:33 Q=5
2026-01-06 17:19:16,144 - INFO - [GINSLIB] processing : 2021/07/15 10:31:34 Q=5
2026-01-06 17:19:16,153 - INFO - [GINSLIB] processing : 2021/07/15 10:31:35 Q=5
2026-01-06 17:19:16,154 - INFO - [GINSLIB] processing : 2021/07/15 10:31:36 Q=5
2026-01-06 17:19:16,159 - INFO - [GINSLIB] processing : 2021/07/15 10:31:37 Q=5
2026-01-06 17:19:16,164 - INFO - [GINSLIB] processing : 2021/07/15 10:31:38 Q=5
2026-01-06 17:19:16,169 - INFO - [GINSLIB] processing : 2021/07/15 10:31:39 Q=5
2026-01-06 17:19:16,174 - INFO - [GINSLIB] processing : 2021/07/15 10:31:40 Q=5
2026-01-06 17:19:16,179 - INFO - [GINSLIB] processing : 2021/07/15 10:31:41 Q=5
2026-01-06 17:19:16,183 - INFO - [GINSLIB] processing : 2021/07/15 10:31:42 Q=5
2026-01-06 17:19:16,188 - INFO - [GINSLIB] processing : 2021/07/15 10:31:43 Q=5
2026-01-06 17:19:16,194 - INFO - [GINSLIB] processing : 2021/07/15 10:31:44 Q=5
2026-01-06 17:19:16,199 - INFO - [GINSLIB] processing : 2021/07/15 10:31:45 Q=5
2026-01-06 17:19:16,203 - INFO - [GINSLIB] processing : 2021/07/15 10:31:46 Q=5
2026-01-06 17:19:16,209 - INFO - [GINSLIB] processing : 2021/07/15 10:31:47 Q=5
2026-01-06 17:19:16,214 - INFO - [GINSLIB] processing : 2021/07/15 10:31:48 Q=5
2026-01-06 17:19:16,219 - INFO - [GINSLIB] processing : 2021/07/15 10:31:49 Q=5
2026-01-06 17:19:16,225 - INFO - [GINSLIB] processing : 2021/07/15 10:31:50 Q=5
2026-01-06 17:19:16,228 - INFO - [GINSLIB] processing : 2021/07/15 10:31:51 Q=5
2026-01-06 17:19:16,233 - INFO - [GINSLIB] processing : 2021/07/15 10:31:52 Q=5
2026-01-06 17:19:16,239 - INFO - [GINSLIB] processing : 2021/07/15 10:31:53 Q=5
2026-01-06 17:19:16,244 - INFO - [GINSLIB] processing : 2021/07/15 10:31:54 Q=5
2026-01-06 17:19:16,249 - INFO - [GINSLIB] processing : 2021/07/15 10:31:55 Q=5
2026-01-06 17:19:16,259 - INFO - [GINSLIB] processing : 2021/07/15 10:31:56 Q=5
2026-01-06 17:19:16,260 - INFO - [GINSLIB] processing : 2021/07/15 10:31:57 Q=5
2026-01-06 17:19:16,266 - INFO - [GINSLIB] processing : 2021/07/15 10:31:58 Q=5
2026-01-06 17:19:16,272 - INFO - [GINSLIB] processing : 2021/07/15 10:31:59 Q=5
2026-01-06 17:19:16,277 - INFO - [GINSLIB] processing : 2021/07/15 10:32:00 Q=5
2026-01-06 17:19:16,285 - INFO - [GINSLIB] processing : 2021/07/15 10:32:01 Q=5
2026-01-06 17:19:16,287 - INFO - [GINSLIB] processing : 2021/07/15 10:32:02 Q=5
2026-01-06 17:19:16,293 - INFO - [GINSLIB] processing : 2021/07/15 10:32:03 Q=5
2026-01-06 17:19:16,298 - INFO - [GINSLIB] processing : 2021/07/15 10:32:04 Q=5
2026-01-06 17:19:16,304 - INFO - [GINSLIB] processing : 2021/07/15 10:32:05 Q=5
2026-01-06 17:19:16,313 - INFO - [GINSLIB] processing : 2021/07/15 10:32:06 Q=5
2026-01-06 17:19:16,314 - INFO - [GINSLIB] processing : 2021/07/15 10:32:07 Q=5
2026-01-06 17:19:16,319 - INFO - [GINSLIB] processing : 2021/07/15 10:32:08 Q=5
2026-01-06 17:19:16,324 - INFO - [GINSLIB] processing : 2021/07/15 10:32:09 Q=5
2026-01-06 17:19:16,330 - INFO - [GINSLIB] processing : 2021/07/15 10:32:10 Q=5
2026-01-06 17:19:16,335 - INFO - [GINSLIB] processing : 2021/07/15 10:32:11 Q=5
2026-01-06 17:19:16,338 - INFO - [GINSLIB] processing : 2021/07/15 10:32:12 Q=5
2026-01-06 17:19:16,344 - INFO - [GINSLIB] processing : 2021/07/15 10:32:13 Q=5
2026-01-06 17:19:16,349 - INFO - [GINSLIB] processing : 2021/07/15 10:32:14 Q=5
2026-01-06 17:19:16,354 - INFO - [GINSLIB] processing : 2021/07/15 10:32:15 Q=5
2026-01-06 17:19:16,361 - INFO - [GINSLIB] processing : 2021/07/15 10:32:16 Q=5
2026-01-06 17:19:16,365 - INFO - [GINSLIB] processing : 2021/07/15 10:32:17 Q=5
2026-01-06 17:19:16,370 - INFO - [GINSLIB] processing : 2021/07/15 10:32:18 Q=5
2026-01-06 17:19:16,377 - INFO - [GINSLIB] processing : 2021/07/15 10:32:19 Q=5
2026-01-06 17:19:16,383 - INFO - [GINSLIB] processing : 2021/07/15 10:32:20 Q=5
2026-01-06 17:19:16,389 - INFO - [GINSLIB] processing : 2021/07/15 10:32:21 Q=5
2026-01-06 17:19:16,398 - INFO - [GINSLIB] processing : 2021/07/15 10:32:22 Q=5
2026-01-06 17:19:16,399 - INFO - [GINSLIB] processing : 2021/07/15 10:32:23 Q=5
2026-01-06 17:19:16,404 - INFO - [GINSLIB] processing : 2021/07/15 10:32:24 Q=5
2026-01-06 17:19:16,410 - INFO - [GINSLIB] processing : 2021/07/15 10:32:25 Q=5
2026-01-06 17:19:16,415 - INFO - [GINSLIB] processing : 2021/07/15 10:32:26 Q=5
2026-01-06 17:19:16,423 - INFO - [GINSLIB] processing : 2021/07/15 10:32:27 Q=5
2026-01-06 17:19:16,425 - INFO - [GINSLIB] processing : 2021/07/15 10:32:28 Q=5
2026-01-06 17:19:16,430 - INFO - [GINSLIB] processing : 2021/07/15 10:32:29 Q=5
2026-01-06 17:19:16,435 - INFO - [GINSLIB] processing : 2021/07/15 10:32:30 Q=5
2026-01-06 17:19:16,441 - INFO - [GINSLIB] processing : 2021/07/15 10:32:31 Q=5
2026-01-06 17:19:16,448 - INFO - [GINSLIB] processing : 2021/07/15 10:32:32 Q=5
2026-01-06 17:19:16,450 - INFO - [GINSLIB] processing : 2021/07/15 10:32:33 Q=5
2026-01-06 17:19:16,457 - INFO - [GINSLIB] processing : 2021/07/15 10:32:34 Q=5
2026-01-06 17:19:16,462 - INFO - [GINSLIB] processing : 2021/07/15 10:32:35 Q=5
2026-01-06 17:19:16,467 - INFO - [GINSLIB] processing : 2021/07/15 10:32:36 Q=5
2026-01-06 17:19:16,476 - INFO - [GINSLIB] processing : 2021/07/15 10:32:37 Q=5
2026-01-06 17:19:16,478 - INFO - [GINSLIB] processing : 2021/07/15 10:32:38 Q=5
2026-01-06 17:19:16,483 - INFO - [GINSLIB] processing : 2021/07/15 10:32:39 Q=5
2026-01-06 17:19:16,489 - INFO - [GINSLIB] processing : 2021/07/15 10:32:40 Q=5
2026-01-06 17:19:16,494 - INFO - [GINSLIB] processing : 2021/07/15 10:32:41 Q=5
2026-01-06 17:19:16,499 - INFO - [GINSLIB] processing : 2021/07/15 10:32:42 Q=5
2026-01-06 17:19:16,503 - INFO - [GINSLIB] processing : 2021/07/15 10:32:43 Q=5
2026-01-06 17:19:16,508 - INFO - [GINSLIB] processing : 2021/07/15 10:32:44 Q=5
2026-01-06 17:19:16,513 - INFO - [GINSLIB] processing : 2021/07/15 10:32:45 Q=5
2026-01-06 17:19:16,519 - INFO - [GINSLIB] processing : 2021/07/15 10:32:46 Q=5
2026-01-06 17:19:16,524 - INFO - [GINSLIB] processing : 2021/07/15 10:32:47 Q=5
2026-01-06 17:19:16,527 - INFO - [GINSLIB] processing : 2021/07/15 10:32:48 Q=5
2026-01-06 17:19:16,533 - INFO - [GINSLIB] processing : 2021/07/15 10:32:49 Q=5
2026-01-06 17:19:16,537 - INFO - [GINSLIB] processing : 2021/07/15 10:32:50 Q=5
2026-01-06 17:19:16,543 - INFO - [GINSLIB] processing : 2021/07/15 10:32:51 Q=5
2026-01-06 17:19:16,548 - INFO - [GINSLIB] processing : 2021/07/15 10:32:52 Q=5
2026-01-06 17:19:16,557 - INFO - [GINSLIB] processing : 2021/07/15 10:32:53 Q=5
2026-01-06 17:19:16,558 - INFO - [GINSLIB] processing : 2021/07/15 10:32:54 Q=5
2026-01-06 17:19:16,564 - INFO - [GINSLIB] processing : 2021/07/15 10:32:55 Q=5
2026-01-06 17:19:16,570 - INFO - [GINSLIB] processing : 2021/07/15 10:32:56 Q=5
2026-01-06 17:19:16,575 - INFO - [GINSLIB] processing : 2021/07/15 10:32:57 Q=5
2026-01-06 17:19:16,584 - INFO - [GINSLIB] processing : 2021/07/15 10:32:58 Q=5
2026-01-06 17:19:16,585 - INFO - [GINSLIB] processing : 2021/07/15 10:32:59 Q=5
2026-01-06 17:19:16,591 - INFO - [GINSLIB] processing : 2021/07/15 10:33:00 Q=5
2026-01-06 17:19:16,597 - INFO - [GINSLIB] processing : 2021/07/15 10:33:01 Q=5
2026-01-06 17:19:16,603 - INFO - [GINSLIB] processing : 2021/07/15 10:33:02 Q=5
2026-01-06 17:19:16,613 - INFO - [GINSLIB] processing : 2021/07/15 10:33:03 Q=5
2026-01-06 17:19:16,614 - INFO - [GINSLIB] processing : 2021/07/15 10:33:04 Q=5
2026-01-06 17:19:16,619 - INFO - [GINSLIB] processing : 2021/07/15 10:33:05 Q=5
2026-01-06 17:19:16,625 - INFO - [GINSLIB] processing : 2021/07/15 10:33:06 Q=5
2026-01-06 17:19:16,630 - INFO - [GINSLIB] processing : 2021/07/15 10:33:07 Q=5
2026-01-06 17:19:16,635 - INFO - [GINSLIB] processing : 2021/07/15 10:33:08 Q=5
2026-01-06 17:19:16,640 - INFO - [GINSLIB] processing : 2021/07/15 10:33:09 Q=5
2026-01-06 17:19:16,645 - INFO - [GINSLIB] processing : 2021/07/15 10:33:10 Q=5
2026-01-06 17:19:16,650 - INFO - [GINSLIB] processing : 2021/07/15 10:33:11 Q=5
2026-01-06 17:19:16,656 - INFO - [GINSLIB] processing : 2021/07/15 10:33:12 Q=5
2026-01-06 17:19:16,662 - INFO - [GINSLIB] processing : 2021/07/15 10:33:13 Q=5
2026-01-06 17:19:16,666 - INFO - [GINSLIB] processing : 2021/07/15 10:33:14 Q=5
2026-01-06 17:19:16,672 - INFO - [GINSLIB] processing : 2021/07/15 10:33:15 Q=5
2026-01-06 17:19:16,678 - INFO - [GINSLIB] processing : 2021/07/15 10:33:16 Q=5
2026-01-06 17:19:16,683 - INFO - [GINSLIB] processing : 2021/07/15 10:33:17 Q=5
2026-01-06 17:19:16,690 - INFO - [GINSLIB] processing : 2021/07/15 10:33:18 Q=5
2026-01-06 17:19:16,694 - INFO - [GINSLIB] processing : 2021/07/15 10:33:19 Q=5
2026-01-06 17:19:16,700 - INFO - [GINSLIB] processing : 2021/07/15 10:33:20 Q=5
2026-01-06 17:19:16,707 - INFO - [GINSLIB] processing : 2021/07/15 10:33:21 Q=5
2026-01-06 17:19:16,712 - INFO - [GINSLIB] processing : 2021/07/15 10:33:22 Q=5
2026-01-06 17:19:16,718 - INFO - [GINSLIB] processing : 2021/07/15 10:33:23 Q=5
2026-01-06 17:19:16,728 - INFO - [GINSLIB] processing : 2021/07/15 10:33:24 Q=5
2026-01-06 17:19:16,730 - INFO - [GINSLIB] processing : 2021/07/15 10:33:25 Q=5
2026-01-06 17:19:16,737 - INFO - [GINSLIB] processing : 2021/07/15 10:33:26 Q=5
2026-01-06 17:19:16,743 - INFO - [GINSLIB] processing : 2021/07/15 10:33:27 Q=5
2026-01-06 17:19:16,749 - INFO - [GINSLIB] processing : 2021/07/15 10:33:28 Q=5
2026-01-06 17:19:16,758 - INFO - [GINSLIB] processing : 2021/07/15 10:33:29 Q=5
2026-01-06 17:19:16,759 - INFO - [GINSLIB] processing : 2021/07/15 10:33:30 Q=5
2026-01-06 17:19:16,766 - INFO - [GINSLIB] processing : 2021/07/15 10:33:31 Q=5
2026-01-06 17:19:16,771 - INFO - [GINSLIB] processing : 2021/07/15 10:33:32 Q=5
2026-01-06 17:19:16,777 - INFO - [GINSLIB] processing : 2021/07/15 10:33:33 Q=5
2026-01-06 17:19:16,786 - INFO - [GINSLIB] processing : 2021/07/15 10:33:34 Q=5
2026-01-06 17:19:16,788 - INFO - [GINSLIB] processing : 2021/07/15 10:33:35 Q=5
2026-01-06 17:19:16,794 - INFO - [GINSLIB] processing : 2021/07/15 10:33:36 Q=5
2026-01-06 17:19:16,799 - INFO - [GINSLIB] processing : 2021/07/15 10:33:37 Q=5
2026-01-06 17:19:16,804 - INFO - [GINSLIB] processing : 2021/07/15 10:33:38 Q=5
2026-01-06 17:19:16,809 - INFO - [GINSLIB] processing : 2021/07/15 10:33:39 Q=5
2026-01-06 17:19:16,813 - INFO - [GINSLIB] processing : 2021/07/15 10:33:40 Q=5
2026-01-06 17:19:16,818 - INFO - [GINSLIB] processing : 2021/07/15 10:33:41 Q=5
2026-01-06 17:19:16,823 - INFO - [GINSLIB] processing : 2021/07/15 10:33:42 Q=5
2026-01-06 17:19:16,829 - INFO - [GINSLIB] processing : 2021/07/15 10:33:43 Q=5
2026-01-06 17:19:16,834 - INFO - [GINSLIB] processing : 2021/07/15 10:33:44 Q=5
2026-01-06 17:19:16,838 - INFO - [GINSLIB] processing : 2021/07/15 10:33:45 Q=5
2026-01-06 17:19:16,846 - INFO - [GINSLIB] processing : 2021/07/15 10:33:46 Q=5
2026-01-06 17:19:16,851 - INFO - [GINSLIB] processing : 2021/07/15 10:33:47 Q=5
2026-01-06 17:19:16,857 - INFO - [GINSLIB] processing : 2021/07/15 10:33:48 Q=5
2026-01-06 17:19:16,863 - INFO - [GINSLIB] processing : 2021/07/15 10:33:49 Q=5
2026-01-06 17:19:16,867 - INFO - [GINSLIB] processing : 2021/07/15 10:33:50 Q=5
2026-01-06 17:19:16,874 - INFO - [GINSLIB] processing : 2021/07/15 10:33:51 Q=5
2026-01-06 17:19:16,879 - INFO - [GINSLIB] processing : 2021/07/15 10:33:52 Q=5
2026-01-06 17:19:16,885 - INFO - [GINSLIB] processing : 2021/07/15 10:33:53 Q=5
2026-01-06 17:19:16,890 - INFO - [GINSLIB] processing : 2021/07/15 10:33:54 Q=5
2026-01-06 17:19:16,899 - INFO - [GINSLIB] processing : 2021/07/15 10:33:55 Q=5
2026-01-06 17:19:16,900 - INFO - [GINSLIB] processing : 2021/07/15 10:33:56 Q=5
2026-01-06 17:19:16,906 - INFO - [GINSLIB] processing : 2021/07/15 10:33:57 Q=5
2026-01-06 17:19:16,911 - INFO - [GINSLIB] processing : 2021/07/15 10:33:58 Q=5
2026-01-06 17:19:16,916 - INFO - [GINSLIB] processing : 2021/07/15 10:33:59 Q=5
2026-01-06 17:19:16,924 - INFO - [GINSLIB] processing : 2021/07/15 10:34:00 Q=5
2026-01-06 17:19:16,925 - INFO - [GINSLIB] processing : 2021/07/15 10:34:01 Q=5
2026-01-06 17:19:16,930 - INFO - [GINSLIB] processing : 2021/07/15 10:34:02 Q=5
2026-01-06 17:19:16,936 - INFO - [GINSLIB] processing : 2021/07/15 10:34:03 Q=5
2026-01-06 17:19:16,941 - INFO - [GINSLIB] processing : 2021/07/15 10:34:04 Q=5
2026-01-06 17:19:16,949 - INFO - [GINSLIB] processing : 2021/07/15 10:34:05 Q=5
2026-01-06 17:19:16,951 - INFO - [GINSLIB] processing : 2021/07/15 10:34:06 Q=5
2026-01-06 17:19:16,956 - INFO - [GINSLIB] processing : 2021/07/15 10:34:07 Q=5
2026-01-06 17:19:16,961 - INFO - [GINSLIB] processing : 2021/07/15 10:34:08 Q=5
2026-01-06 17:19:16,967 - INFO - [GINSLIB] processing : 2021/07/15 10:34:09 Q=5
2026-01-06 17:19:16,972 - INFO - [GINSLIB] processing : 2021/07/15 10:34:10 Q=5
2026-01-06 17:19:16,976 - INFO - [GINSLIB] processing : 2021/07/15 10:34:11 Q=5
2026-01-06 17:19:16,981 - INFO - [GINSLIB] processing : 2021/07/15 10:34:12 Q=5
2026-01-06 17:19:16,986 - INFO - [GINSLIB] processing : 2021/07/15 10:34:13 Q=5
2026-01-06 17:19:16,991 - INFO - [GINSLIB] processing : 2021/07/15 10:34:14 Q=5
2026-01-06 17:19:16,997 - INFO - [GINSLIB] processing : 2021/07/15 10:34:15 Q=5
2026-01-06 17:19:17,001 - INFO - [GINSLIB] processing : 2021/07/15 10:34:16 Q=5
2026-01-06 17:19:17,006 - INFO - [GINSLIB] processing : 2021/07/15 10:34:17 Q=5
2026-01-06 17:19:17,012 - INFO - [GINSLIB] processing : 2021/07/15 10:34:18 Q=5
2026-01-06 17:19:17,017 - INFO - [GINSLIB] processing : 2021/07/15 10:34:19 Q=5
2026-01-06 17:19:17,022 - INFO - [GINSLIB] processing : 2021/07/15 10:34:20 Q=5
2026-01-06 17:19:17,027 - INFO - [GINSLIB] processing : 2021/07/15 10:34:21 Q=5
2026-01-06 17:19:17,033 - INFO - [GINSLIB] processing : 2021/07/15 10:34:22 Q=5
2026-01-06 17:19:17,039 - INFO - [GINSLIB] processing : 2021/07/15 10:34:23 Q=5
2026-01-06 17:19:17,044 - INFO - [GINSLIB] processing : 2021/07/15 10:34:24 Q=5
2026-01-06 17:19:17,049 - INFO - [GINSLIB] processing : 2021/07/15 10:34:25 Q=5
2026-01-06 17:19:17,058 - INFO - [GINSLIB] processing : 2021/07/15 10:34:26 Q=5
2026-01-06 17:19:17,060 - INFO - [GINSLIB] processing : 2021/07/15 10:34:27 Q=5
2026-01-06 17:19:17,066 - INFO - [GINSLIB] processing : 2021/07/15 10:34:28 Q=5
2026-01-06 17:19:17,071 - INFO - [GINSLIB] processing : 2021/07/15 10:34:29 Q=5
2026-01-06 17:19:17,077 - INFO - [GINSLIB] processing : 2021/07/15 10:34:30 Q=5
2026-01-06 17:19:17,083 - INFO - [GINSLIB] processing : 2021/07/15 10:34:31 Q=5
2026-01-06 17:19:17,084 - INFO - [GINSLIB] processing : 2021/07/15 10:34:31 Q=7
2026-01-06 17:19:17,085 - INFO - [GINSLIB] processing : 2021/07/15 10:34:32 Q=7
2026-01-06 17:19:17,087 - INFO - [GINSLIB] processing : 2021/07/15 10:34:33 Q=7
2026-01-06 17:19:17,090 - INFO - [GINSLIB] processing : 2021/07/15 10:34:34 Q=7
2026-01-06 17:19:17,093 - INFO - [GINSLIB] processing : 2021/07/15 10:34:35 Q=7
2026-01-06 17:19:17,095 - INFO - [GINSLIB] processing : 2021/07/15 10:34:36 Q=7
2026-01-06 17:19:17,096 - INFO - [GINSLIB] processing : 2021/07/15 10:34:37 Q=7
2026-01-06 17:19:17,100 - INFO - [GINSLIB] processing : 2021/07/15 10:34:38 Q=7
2026-01-06 17:19:17,102 - INFO - [GINSLIB] processing : 2021/07/15 10:34:38 Q=5
2026-01-06 17:19:17,103 - INFO - [GINSLIB] processing : 2021/07/15 10:34:39 Q=5
2026-01-06 17:19:17,110 - INFO - [GINSLIB] processing : 2021/07/15 10:34:40 Q=5
2026-01-06 17:19:17,116 - INFO - [GINSLIB] processing : 2021/07/15 10:34:41 Q=5
2026-01-06 17:19:17,120 - INFO - [GINSLIB] processing : 2021/07/15 10:34:42 Q=5
2026-01-06 17:19:17,126 - INFO - [GINSLIB] processing : 2021/07/15 10:34:43 Q=5
2026-01-06 17:19:17,131 - INFO - [GINSLIB] processing : 2021/07/15 10:34:44 Q=5
2026-01-06 17:19:17,137 - INFO - [GINSLIB] processing : 2021/07/15 10:34:45 Q=5
2026-01-06 17:19:17,143 - INFO - [GINSLIB] processing : 2021/07/15 10:34:46 Q=5
2026-01-06 17:19:17,147 - INFO - [GINSLIB] processing : 2021/07/15 10:34:47 Q=5
2026-01-06 17:19:17,153 - INFO - [GINSLIB] processing : 2021/07/15 10:34:48 Q=5
2026-01-06 17:19:17,158 - INFO - [GINSLIB] processing : 2021/07/15 10:34:49 Q=5
2026-01-06 17:19:17,164 - INFO - [GINSLIB] processing : 2021/07/15 10:34:50 Q=5
2026-01-06 17:19:17,169 - INFO - [GINSLIB] processing : 2021/07/15 10:34:51 Q=5
2026-01-06 17:19:17,173 - INFO - [GINSLIB] processing : 2021/07/15 10:34:52 Q=5
2026-01-06 17:19:17,179 - INFO - [GINSLIB] processing : 2021/07/15 10:34:53 Q=5
2026-01-06 17:19:17,184 - INFO - [GINSLIB] processing : 2021/07/15 10:34:54 Q=5
2026-01-06 17:19:17,190 - INFO - [GINSLIB] processing : 2021/07/15 10:34:55 Q=5
2026-01-06 17:19:17,196 - INFO - [GINSLIB] processing : 2021/07/15 10:34:56 Q=5
2026-01-06 17:19:17,204 - INFO - [GINSLIB] processing : 2021/07/15 10:34:57 Q=5
2026-01-06 17:19:17,205 - INFO - [GINSLIB] processing : 2021/07/15 10:34:58 Q=5
2026-01-06 17:19:17,210 - INFO - [GINSLIB] processing : 2021/07/15 10:34:59 Q=5
2026-01-06 17:19:17,216 - INFO - [GINSLIB] processing : 2021/07/15 10:35:00 Q=5
2026-01-06 17:19:17,221 - INFO - [GINSLIB] processing : 2021/07/15 10:35:01 Q=5
2026-01-06 17:19:17,230 - INFO - [GINSLIB] processing : 2021/07/15 10:35:02 Q=5
2026-01-06 17:19:17,232 - INFO - [GINSLIB] processing : 2021/07/15 10:35:03 Q=5
2026-01-06 17:19:17,237 - INFO - [GINSLIB] processing : 2021/07/15 10:35:04 Q=5
2026-01-06 17:19:17,243 - INFO - [GINSLIB] processing : 2021/07/15 10:35:05 Q=5
2026-01-06 17:19:17,248 - INFO - [GINSLIB] processing : 2021/07/15 10:35:06 Q=5
2026-01-06 17:19:17,256 - INFO - [GINSLIB] processing : 2021/07/15 10:35:07 Q=5
2026-01-06 17:19:17,257 - INFO - [GINSLIB] processing : 2021/07/15 10:35:08 Q=5
2026-01-06 17:19:17,263 - INFO - [GINSLIB] processing : 2021/07/15 10:35:09 Q=5
2026-01-06 17:19:17,268 - INFO - [GINSLIB] processing : 2021/07/15 10:35:10 Q=5
2026-01-06 17:19:17,275 - INFO - [GINSLIB] processing : 2021/07/15 10:35:11 Q=5
2026-01-06 17:19:17,280 - INFO - [GINSLIB] processing : 2021/07/15 10:35:12 Q=5
2026-01-06 17:19:17,285 - INFO - [GINSLIB] processing : 2021/07/15 10:35:13 Q=5
2026-01-06 17:19:17,291 - INFO - [GINSLIB] processing : 2021/07/15 10:35:14 Q=5
2026-01-06 17:19:17,296 - INFO - [GINSLIB] processing : 2021/07/15 10:35:15 Q=5
2026-01-06 17:19:17,300 - INFO - [GINSLIB] processing : 2021/07/15 10:35:16 Q=5
2026-01-06 17:19:17,306 - INFO - [GINSLIB] processing : 2021/07/15 10:35:17 Q=5
2026-01-06 17:19:17,310 - INFO - [GINSLIB] processing : 2021/07/15 10:35:18 Q=5
2026-01-06 17:19:17,316 - INFO - [GINSLIB] processing : 2021/07/15 10:35:19 Q=5
2026-01-06 17:19:17,322 - INFO - [GINSLIB] processing : 2021/07/15 10:35:20 Q=5
2026-01-06 17:19:17,328 - INFO - [GINSLIB] processing : 2021/07/15 10:35:21 Q=5
2026-01-06 17:19:17,333 - INFO - [GINSLIB] processing : 2021/07/15 10:35:22 Q=5
2026-01-06 17:19:17,342 - INFO - [GINSLIB] processing : 2021/07/15 10:35:23 Q=5
2026-01-06 17:19:17,343 - INFO - [GINSLIB] processing : 2021/07/15 10:35:24 Q=5
2026-01-06 17:19:17,348 - INFO - [GINSLIB] processing : 2021/07/15 10:35:25 Q=5
2026-01-06 17:19:17,354 - INFO - [GINSLIB] processing : 2021/07/15 10:35:26 Q=5
2026-01-06 17:19:17,359 - INFO - [GINSLIB] processing : 2021/07/15 10:35:27 Q=5
2026-01-06 17:19:17,368 - INFO - [GINSLIB] processing : 2021/07/15 10:35:28 Q=5
2026-01-06 17:19:17,369 - INFO - [GINSLIB] processing : 2021/07/15 10:35:29 Q=5
2026-01-06 17:19:17,375 - INFO - [GINSLIB] processing : 2021/07/15 10:35:30 Q=5
2026-01-06 17:19:17,381 - INFO - [GINSLIB] processing : 2021/07/15 10:35:31 Q=5
2026-01-06 17:19:17,387 - INFO - [GINSLIB] processing : 2021/07/15 10:35:32 Q=5
2026-01-06 17:19:17,395 - INFO - [GINSLIB] processing : 2021/07/15 10:35:33 Q=5
2026-01-06 17:19:17,396 - INFO - [GINSLIB] processing : 2021/07/15 10:35:34 Q=5
2026-01-06 17:19:17,402 - INFO - [GINSLIB] processing : 2021/07/15 10:35:35 Q=5
2026-01-06 17:19:17,407 - INFO - [GINSLIB] processing : 2021/07/15 10:35:36 Q=5
2026-01-06 17:19:17,412 - INFO - [GINSLIB] processing : 2021/07/15 10:35:37 Q=5
2026-01-06 17:19:17,421 - INFO - [GINSLIB] processing : 2021/07/15 10:35:38 Q=5
2026-01-06 17:19:17,422 - INFO - [GINSLIB] processing : 2021/07/15 10:35:39 Q=5
2026-01-06 17:19:17,427 - INFO - [GINSLIB] processing : 2021/07/15 10:35:40 Q=5
2026-01-06 17:19:17,433 - INFO - [GINSLIB] processing : 2021/07/15 10:35:41 Q=5
2026-01-06 17:19:17,438 - INFO - [GINSLIB] processing : 2021/07/15 10:35:42 Q=5
2026-01-06 17:19:17,444 - INFO - [GINSLIB] processing : 2021/07/15 10:35:43 Q=5
2026-01-06 17:19:17,448 - INFO - [GINSLIB] processing : 2021/07/15 10:35:44 Q=5
2026-01-06 17:19:17,453 - INFO - [GINSLIB] processing : 2021/07/15 10:35:45 Q=5
2026-01-06 17:19:17,458 - INFO - [GINSLIB] processing : 2021/07/15 10:35:46 Q=5
2026-01-06 17:19:17,465 - INFO - [GINSLIB] processing : 2021/07/15 10:35:47 Q=5
2026-01-06 17:19:17,470 - INFO - [GINSLIB] processing : 2021/07/15 10:35:48 Q=5
2026-01-06 17:19:17,474 - INFO - [GINSLIB] processing : 2021/07/15 10:35:49 Q=5
2026-01-06 17:19:17,480 - INFO - [GINSLIB] processing : 2021/07/15 10:35:50 Q=5
2026-01-06 17:19:17,484 - INFO - [GINSLIB] processing : 2021/07/15 10:35:51 Q=5
2026-01-06 17:19:17,488 - INFO - [GINSLIB] processing : 2021/07/15 10:35:52 Q=5
2026-01-06 17:19:17,494 - INFO - [GINSLIB] processing : 2021/07/15 10:35:53 Q=5
2026-01-06 17:19:17,503 - INFO - [GINSLIB] processing : 2021/07/15 10:35:54 Q=5
2026-01-06 17:19:17,504 - INFO - [GINSLIB] processing : 2021/07/15 10:35:55 Q=5
2026-01-06 17:19:17,510 - INFO - [GINSLIB] processing : 2021/07/15 10:35:56 Q=5
2026-01-06 17:19:17,515 - INFO - [GINSLIB] processing : 2021/07/15 10:35:57 Q=5
2026-01-06 17:19:17,520 - INFO - [GINSLIB] processing : 2021/07/15 10:35:58 Q=5
2026-01-06 17:19:17,529 - INFO - [GINSLIB] processing : 2021/07/15 10:35:59 Q=5
2026-01-06 17:19:17,530 - INFO - [GINSLIB] processing : 2021/07/15 10:36:00 Q=5
2026-01-06 17:19:17,536 - INFO - [GINSLIB] processing : 2021/07/15 10:36:01 Q=5
2026-01-06 17:19:17,542 - INFO - [GINSLIB] processing : 2021/07/15 10:36:02 Q=5
2026-01-06 17:19:17,550 - INFO - [GINSLIB] processing : 2021/07/15 10:36:03 Q=5
2026-01-06 17:19:17,559 - INFO - [GINSLIB] processing : 2021/07/15 10:36:04 Q=5
2026-01-06 17:19:17,560 - INFO - [GINSLIB] processing : 2021/07/15 10:36:05 Q=5
2026-01-06 17:19:17,567 - INFO - [GINSLIB] processing : 2021/07/15 10:36:06 Q=5
2026-01-06 17:19:17,572 - INFO - [GINSLIB] processing : 2021/07/15 10:36:07 Q=5
2026-01-06 17:19:17,578 - INFO - [GINSLIB] processing : 2021/07/15 10:36:08 Q=5
2026-01-06 17:19:17,583 - INFO - [GINSLIB] processing : 2021/07/15 10:36:09 Q=5
2026-01-06 17:19:17,587 - INFO - [GINSLIB] processing : 2021/07/15 10:36:10 Q=5
2026-01-06 17:19:17,592 - INFO - [GINSLIB] processing : 2021/07/15 10:36:11 Q=5
2026-01-06 17:19:17,597 - INFO - [GINSLIB] processing : 2021/07/15 10:36:12 Q=5
2026-01-06 17:19:17,603 - INFO - [GINSLIB] processing : 2021/07/15 10:36:13 Q=5
2026-01-06 17:19:17,609 - INFO - [GINSLIB] processing : 2021/07/15 10:36:14 Q=5
2026-01-06 17:19:17,613 - INFO - [GINSLIB] processing : 2021/07/15 10:36:15 Q=5
2026-01-06 17:19:17,619 - INFO - [GINSLIB] processing : 2021/07/15 10:36:16 Q=5
2026-01-06 17:19:17,624 - INFO - [GINSLIB] processing : 2021/07/15 10:36:17 Q=5
2026-01-06 17:19:17,630 - INFO - [GINSLIB] processing : 2021/07/15 10:36:18 Q=5
2026-01-06 17:19:17,636 - INFO - [GINSLIB] processing : 2021/07/15 10:36:19 Q=5
2026-01-06 17:19:17,640 - INFO - [GINSLIB] processing : 2021/07/15 10:36:20 Q=5
2026-01-06 17:19:17,646 - INFO - [GINSLIB] processing : 2021/07/15 10:36:21 Q=5
2026-01-06 17:19:17,651 - INFO - [GINSLIB] processing : 2021/07/15 10:36:22 Q=5
2026-01-06 17:19:17,656 - INFO - [GINSLIB] processing : 2021/07/15 10:36:23 Q=5
2026-01-06 17:19:17,661 - INFO - [GINSLIB] processing : 2021/07/15 10:36:24 Q=5
2026-01-06 17:19:17,670 - INFO - [GINSLIB] processing : 2021/07/15 10:36:25 Q=5
2026-01-06 17:19:17,672 - INFO - [GINSLIB] processing : 2021/07/15 10:36:26 Q=5
2026-01-06 17:19:17,679 - INFO - [GINSLIB] processing : 2021/07/15 10:36:27 Q=5
2026-01-06 17:19:17,684 - INFO - [GINSLIB] processing : 2021/07/15 10:36:28 Q=5
2026-01-06 17:19:17,689 - INFO - [GINSLIB] processing : 2021/07/15 10:36:29 Q=5
2026-01-06 17:19:17,700 - INFO - [GINSLIB] processing : 2021/07/15 10:36:30 Q=5
2026-01-06 17:19:17,701 - INFO - [GINSLIB] processing : 2021/07/15 10:36:31 Q=5
2026-01-06 17:19:17,706 - INFO - [GINSLIB] processing : 2021/07/15 10:36:32 Q=5
2026-01-06 17:19:17,713 - INFO - [GINSLIB] processing : 2021/07/15 10:36:33 Q=5
2026-01-06 17:19:17,718 - INFO - [GINSLIB] processing : 2021/07/15 10:36:34 Q=5
2026-01-06 17:19:17,728 - INFO - [GINSLIB] processing : 2021/07/15 10:36:35 Q=5
2026-01-06 17:19:17,729 - INFO - [GINSLIB] processing : 2021/07/15 10:36:36 Q=5
2026-01-06 17:19:17,735 - INFO - [GINSLIB] processing : 2021/07/15 10:36:37 Q=5
2026-01-06 17:19:17,740 - INFO - [GINSLIB] processing : 2021/07/15 10:36:38 Q=5
2026-01-06 17:19:17,746 - INFO - [GINSLIB] processing : 2021/07/15 10:36:39 Q=5
2026-01-06 17:19:17,751 - INFO - [GINSLIB] processing : 2021/07/15 10:36:40 Q=5
2026-01-06 17:19:17,756 - INFO - [GINSLIB] processing : 2021/07/15 10:36:41 Q=5
2026-01-06 17:19:17,761 - INFO - [GINSLIB] processing : 2021/07/15 10:36:42 Q=5
2026-01-06 17:19:17,766 - INFO - [GINSLIB] processing : 2021/07/15 10:36:43 Q=5
2026-01-06 17:19:17,772 - INFO - [GINSLIB] processing : 2021/07/15 10:36:44 Q=5
2026-01-06 17:19:17,779 - INFO - [GINSLIB] processing : 2021/07/15 10:36:45 Q=5
2026-01-06 17:19:17,784 - INFO - [GINSLIB] processing : 2021/07/15 10:36:46 Q=5
2026-01-06 17:19:17,789 - INFO - [GINSLIB] processing : 2021/07/15 10:36:47 Q=5
2026-01-06 17:19:17,794 - INFO - [GINSLIB] processing : 2021/07/15 10:36:48 Q=5
2026-01-06 17:19:17,799 - INFO - [GINSLIB] processing : 2021/07/15 10:36:49 Q=5
2026-01-06 17:19:17,805 - INFO - [GINSLIB] processing : 2021/07/15 10:36:50 Q=5
2026-01-06 17:19:17,809 - INFO - [GINSLIB] processing : 2021/07/15 10:36:51 Q=5
2026-01-06 17:19:17,815 - INFO - [GINSLIB] processing : 2021/07/15 10:36:52 Q=5
2026-01-06 17:19:17,820 - INFO - [GINSLIB] processing : 2021/07/15 10:36:53 Q=5
2026-01-06 17:19:17,826 - INFO - [GINSLIB] processing : 2021/07/15 10:36:54 Q=5
2026-01-06 17:19:17,832 - INFO - [GINSLIB] processing : 2021/07/15 10:36:55 Q=5
2026-01-06 17:19:17,840 - INFO - [GINSLIB] processing : 2021/07/15 10:36:56 Q=5
2026-01-06 17:19:17,841 - INFO - [GINSLIB] processing : 2021/07/15 10:36:57 Q=5
2026-01-06 17:19:17,848 - INFO - [GINSLIB] processing : 2021/07/15 10:36:58 Q=5
2026-01-06 17:19:17,852 - INFO - [GINSLIB] processing : 2021/07/15 10:36:59 Q=5
2026-01-06 17:19:17,857 - INFO - [GINSLIB] processing : 2021/07/15 10:37:00 Q=5
2026-01-06 17:19:17,866 - INFO - [GINSLIB] processing : 2021/07/15 10:37:01 Q=5
2026-01-06 17:19:17,867 - INFO - [GINSLIB] processing : 2021/07/15 10:37:02 Q=5
2026-01-06 17:19:17,872 - INFO - [GINSLIB] processing : 2021/07/15 10:37:03 Q=5
2026-01-06 17:19:17,877 - INFO - [GINSLIB] processing : 2021/07/15 10:37:04 Q=5
2026-01-06 17:19:17,882 - INFO - [GINSLIB] processing : 2021/07/15 10:37:05 Q=5
2026-01-06 17:19:17,891 - INFO - [GINSLIB] processing : 2021/07/15 10:37:06 Q=5
2026-01-06 17:19:17,892 - INFO - [GINSLIB] processing : 2021/07/15 10:37:07 Q=5
2026-01-06 17:19:17,897 - INFO - [GINSLIB] processing : 2021/07/15 10:37:08 Q=5
2026-01-06 17:19:17,902 - INFO - [GINSLIB] processing : 2021/07/15 10:37:09 Q=5
2026-01-06 17:19:17,908 - INFO - [GINSLIB] processing : 2021/07/15 10:37:10 Q=5
2026-01-06 17:19:17,913 - INFO - [GINSLIB] processing : 2021/07/15 10:37:11 Q=5
2026-01-06 17:19:17,916 - INFO - [GINSLIB] processing : 2021/07/15 10:37:12 Q=5
2026-01-06 17:19:17,921 - INFO - [GINSLIB] processing : 2021/07/15 10:37:13 Q=5
2026-01-06 17:19:17,928 - INFO - [GINSLIB] processing : 2021/07/15 10:37:14 Q=5
2026-01-06 17:19:17,933 - INFO - [GINSLIB] processing : 2021/07/15 10:37:15 Q=5
2026-01-06 17:19:17,938 - INFO - [GINSLIB] processing : 2021/07/15 10:37:16 Q=5
2026-01-06 17:19:17,944 - INFO - [GINSLIB] processing : 2021/07/15 10:37:17 Q=5
2026-01-06 17:19:17,948 - INFO - [GINSLIB] processing : 2021/07/15 10:37:18 Q=5
2026-01-06 17:19:17,954 - INFO - [GINSLIB] processing : 2021/07/15 10:37:19 Q=5
2026-01-06 17:19:17,960 - INFO - [GINSLIB] processing : 2021/07/15 10:37:20 Q=5
2026-01-06 17:19:17,964 - INFO - [GINSLIB] processing : 2021/07/15 10:37:21 Q=5
2026-01-06 17:19:17,969 - INFO - [GINSLIB] processing : 2021/07/15 10:37:22 Q=5
2026-01-06 17:19:17,975 - INFO - [GINSLIB] processing : 2021/07/15 10:37:23 Q=5
2026-01-06 17:19:17,980 - INFO - [GINSLIB] processing : 2021/07/15 10:37:24 Q=5
2026-01-06 17:19:17,986 - INFO - [GINSLIB] processing : 2021/07/15 10:37:25 Q=5
2026-01-06 17:19:17,992 - INFO - [GINSLIB] processing : 2021/07/15 10:37:26 Q=5
2026-01-06 17:19:18,001 - INFO - [GINSLIB] processing : 2021/07/15 10:37:27 Q=5
2026-01-06 17:19:18,002 - INFO - [GINSLIB] processing : 2021/07/15 10:37:28 Q=5
2026-01-06 17:19:18,008 - INFO - [GINSLIB] processing : 2021/07/15 10:37:29 Q=5
2026-01-06 17:19:18,012 - INFO - [GINSLIB] processing : 2021/07/15 10:37:30 Q=5
2026-01-06 17:19:18,018 - INFO - [GINSLIB] processing : 2021/07/15 10:37:31 Q=5
2026-01-06 17:19:18,027 - INFO - [GINSLIB] processing : 2021/07/15 10:37:32 Q=5
2026-01-06 17:19:18,028 - INFO - [GINSLIB] processing : 2021/07/15 10:37:33 Q=5
2026-01-06 17:19:18,034 - INFO - [GINSLIB] processing : 2021/07/15 10:37:34 Q=5
2026-01-06 17:19:18,039 - INFO - [GINSLIB] processing : 2021/07/15 10:37:35 Q=5
2026-01-06 17:19:18,045 - INFO - [GINSLIB] processing : 2021/07/15 10:37:36 Q=5
2026-01-06 17:19:18,054 - INFO - [GINSLIB] processing : 2021/07/15 10:37:37 Q=5
2026-01-06 17:19:18,056 - INFO - [GINSLIB] processing : 2021/07/15 10:37:38 Q=5
2026-01-06 17:19:18,061 - INFO - [GINSLIB] processing : 2021/07/15 10:37:39 Q=5
2026-01-06 17:19:18,067 - INFO - [GINSLIB] processing : 2021/07/15 10:37:40 Q=5
2026-01-06 17:19:18,072 - INFO - [GINSLIB] processing : 2021/07/15 10:37:41 Q=5
2026-01-06 17:19:18,077 - INFO - [GINSLIB] processing : 2021/07/15 10:37:42 Q=5
2026-01-06 17:19:18,081 - INFO - [GINSLIB] processing : 2021/07/15 10:37:43 Q=5
2026-01-06 17:19:18,086 - INFO - [GINSLIB] processing : 2021/07/15 10:37:44 Q=5
2026-01-06 17:19:18,092 - INFO - [GINSLIB] processing : 2021/07/15 10:37:45 Q=5
2026-01-06 17:19:18,097 - INFO - [GINSLIB] processing : 2021/07/15 10:37:46 Q=5
2026-01-06 17:19:18,103 - INFO - [GINSLIB] processing : 2021/07/15 10:37:47 Q=5
2026-01-06 17:19:18,107 - INFO - [GINSLIB] processing : 2021/07/15 10:37:48 Q=5
2026-01-06 17:19:18,113 - INFO - [GINSLIB] processing : 2021/07/15 10:37:49 Q=5
2026-01-06 17:19:18,118 - INFO - [GINSLIB] processing : 2021/07/15 10:37:50 Q=5
2026-01-06 17:19:18,124 - INFO - [GINSLIB] processing : 2021/07/15 10:37:51 Q=5
2026-01-06 17:19:18,131 - INFO - [GINSLIB] processing : 2021/07/15 10:37:52 Q=5
2026-01-06 17:19:18,135 - INFO - [GINSLIB] processing : 2021/07/15 10:37:53 Q=5
2026-01-06 17:19:18,140 - INFO - [GINSLIB] processing : 2021/07/15 10:37:54 Q=5
2026-01-06 17:19:18,147 - INFO - [GINSLIB] processing : 2021/07/15 10:37:55 Q=5
2026-01-06 17:19:18,152 - INFO - [GINSLIB] processing : 2021/07/15 10:37:56 Q=5
2026-01-06 17:19:18,159 - INFO - [GINSLIB] processing : 2021/07/15 10:37:57 Q=5
2026-01-06 17:19:18,191 - INFO - [GINSLIB] processing : 2021/07/15 10:37:58 Q=5
2026-01-06 17:19:18,192 - INFO - [GINSLIB] Total processing time of program: 51.405000 sec!
2026-01-06 17:19:18,745 - INFO - ✓ KVH1750_Vehicle_complex_20210715 SPP LC 执行成功
2026-01-06 17:19:18,745 - INFO - 开始误差分析
2026-01-06 17:19:18,745 - INFO - - 结果文件: G:\Navigation_Learn\GNSS\RTKLIB-b34k\data\GNSS_INS\KVH1750_Vehicle_complex_20210715\result\KVH1750_Vehicle_complex_20210715_SPP_F_LC.pos
2026-01-06 17:19:18,745 - INFO - - 参考文件: G:\Navigation_Learn\GNSS\RTKLIB-b34k\data\GNSS_INS\KVH1750_Vehicle_complex_20210715\truth.truth
2026-01-06 17:19:18,746 - INFO - ============================================================
2026-01-06 17:19:18,746 - INFO - 开始处理: KVH1750_Vehicle_complex_20210715
2026-01-06 17:19:18,746 - INFO - 处理模式: SPP LC
2026-01-06 17:19:18,746 - INFO - ============================================================
2026-01-06 17:19:18,746 - INFO - GNSS/INS模式，绘制IMU零偏和位置、速度、姿态误差
2026-01-06 17:19:18,816 - INFO - ✓ 结果文件数据读取成功 G:\Navigation_Learn\GNSS\RTKLIB-b34k\data\GNSS_INS\KVH1750_Vehicle_complex_20210715\result\KVH1750_Vehicle_complex_20210715_SPP_F_LC.pos
2026-01-06 17:19:18,859 - INFO - ✓ 参考文件数据读取成功 G:\Navigation_Learn\GNSS\RTKLIB-b34k\data\GNSS_INS\KVH1750_Vehicle_complex_20210715\truth.truth
2026-01-06 17:19:18,859 - INFO - 绘制IMU零偏图...
2026-01-06 17:19:22,159 - INFO - 位置误差RMS: E=1.0593m, N=1.3503m, U=2.5161m, 3D=3.0457m
2026-01-06 17:19:22,159 - INFO - 速度误差RMS: E=0.0520m/s, N=0.0853m/s, U=0.0866m/s, 3D=0.1322m/s
2026-01-06 17:19:22,159 - INFO - 姿态误差RMS: Pitch=0.0769°, Roll=0.0143°, Yaw=0.3069°
2026-01-06 17:19:22,478 - INFO - ✓ 保存图像: G:\Navigation_Learn\GNSS\RTKLIB-b34k\batch_process\figure\KVH1750_Vehicle_complex_20210715\KVH1750_Vehicle_complex_20210715_SPP_F_LC_bg.png
2026-01-06 17:19:22,785 - INFO - ✓ 保存图像: G:\Navigation_Learn\GNSS\RTKLIB-b34k\batch_process\figure\KVH1750_Vehicle_complex_20210715\KVH1750_Vehicle_complex_20210715_SPP_F_LC_ba.png
2026-01-06 17:19:23,124 - INFO - ✓ 保存图像: G:\Navigation_Learn\GNSS\RTKLIB-b34k\batch_process\figure\KVH1750_Vehicle_complex_20210715\KVH1750_Vehicle_complex_20210715_SPP_F_LC_pos.png
2026-01-06 17:19:23,426 - INFO - ✓ 保存图像: G:\Navigation_Learn\GNSS\RTKLIB-b34k\batch_process\figure\KVH1750_Vehicle_complex_20210715\KVH1750_Vehicle_complex_20210715_SPP_F_LC_vel.png
2026-01-06 17:19:23,772 - INFO - ✓ 保存图像: G:\Navigation_Learn\GNSS\RTKLIB-b34k\batch_process\figure\KVH1750_Vehicle_complex_20210715\KVH1750_Vehicle_complex_20210715_SPP_F_LC_att.png
2026-01-06 17:19:23,780 - INFO - ✓ 所有图像已保存到 G:\Navigation_Learn\GNSS\RTKLIB-b34k\batch_process\figure\KVH1750_Vehicle_complex_20210715
2026-01-06 17:19:23,781 - INFO - ✓ 误差分析完成: KVH1750_Vehicle_complex_20210715_SPP_F_LC.pos
2026-01-06 17:19:24,537 - INFO - ✓ 误差统计结果保存到Excel文件: G:\Navigation_Learn\GNSS\RTKLIB-b34k\batch_process\excel\error_stats_SPP LC_20260106_171923.xlsx
2026-01-06 17:19:24,537 - INFO - 27 个批处理任务结束。
2026-01-06 17:19:24,537 - INFO - 总共耗费时间: 57.83 秒 (0.96 分钟)
2026-01-06 17:19:24,538 - INFO - 日志文件保存路径: G:\Navigation_Learn\GNSS\RTKLIB-b34k\batch_process\log\batch_process_20260106_171826.log
