2026-01-08 19:34:53,147 - INFO - 日志文件保存位置: G:\Navigation_Learn\GNSS\RTKLIB-b34k\batch_process\log\batch_process_20260108_193453.log
2026-01-08 19:34:53,157 - INFO - 批处理任务开始执行
2026-01-08 19:35:17,328 - INFO - 当前工作目录 (Data Root): G:\Navigation_Learn\GNSS\RTKLIB-b34k\data\GNSS_INS
2026-01-08 19:35:17,329 - INFO - 解算程序路径 (EXE Path):  G:\Navigation_Learn\GNSS\RTKLIB-b34k\build\Bin\GINSLIB.exe
2026-01-08 19:35:17,329 - INFO - ------------------------------------------------------------
2026-01-08 19:35:17,330 - INFO - 共 41 个数据任务，开始批处理...
2026-01-08 19:38:00,339 - INFO - 第 32 个任务: INS_Railway_open_20201004
2026-01-08 19:38:00,345 - INFO - - 路径: G:\Navigation_Learn\GNSS\RTKLIB-b34k\data\GNSS_INS\INS_Railway_open_20201004
2026-01-08 19:38:00,345 - INFO - - 配置: INS_Railway_open_20201004.conf
2026-01-08 19:38:02,978 - INFO - [GINSLIB] processing : 2020/10/04 02:40:33 Q=0
2026-01-08 19:38:02,978 - INFO - [GINSLIB] processing : 2020/10/04 02:40:34 Q=5
2026-01-08 19:38:02,978 - INFO - [GINSLIB] processing : 2020/10/04 02:40:35 Q=5
2026-01-08 19:38:02,979 - INFO - [GINSLIB] processing : 2020/10/04 02:40:36 Q=5
2026-01-08 19:38:02,979 - INFO - [GINSLIB] processing : 2020/10/04 02:40:37 Q=5
2026-01-08 19:38:02,979 - INFO - [GINSLIB] processing : 2020/10/04 02:40:38 Q=5
2026-01-08 19:38:02,979 - INFO - [GINSLIB] processing : 2020/10/04 02:40:39 Q=5
2026-01-08 19:38:02,980 - INFO - [GINSLIB] processing : 2020/10/04 02:40:40 Q=5
2026-01-08 19:38:02,980 - INFO - [GINSLIB] processing : 2020/10/04 02:40:41 Q=5
2026-01-08 19:38:02,980 - INFO - [GINSLIB] processing : 2020/10/04 02:40:42 Q=5
2026-01-08 19:38:02,981 - INFO - [GINSLIB] processing : 2020/10/04 02:40:43 Q=5
2026-01-08 19:38:02,981 - INFO - [GINSLIB] processing : 2020/10/04 02:40:44 Q=5
2026-01-08 19:38:02,981 - INFO - [GINSLIB] processing : 2020/10/04 02:40:45 Q=5
2026-01-08 19:38:02,981 - INFO - [GINSLIB] processing : 2020/10/04 02:40:46 Q=5
2026-01-08 19:38:02,982 - INFO - [GINSLIB] processing : 2020/10/04 02:40:47 Q=5
2026-01-08 19:38:02,982 - INFO - [GINSLIB] processing : 2020/10/04 02:40:48 Q=5
2026-01-08 19:38:02,982 - INFO - [GINSLIB] processing : 2020/10/04 02:40:49 Q=5
2026-01-08 19:38:02,983 - INFO - [GINSLIB] processing : 2020/10/04 02:40:50 Q=5
2026-01-08 19:38:02,983 - INFO - [GINSLIB] processing : 2020/10/04 02:40:51 Q=5
2026-01-08 19:38:02,983 - INFO - [GINSLIB] processing : 2020/10/04 02:40:52 Q=5
2026-01-08 19:38:02,983 - INFO - [GINSLIB] processing : 2020/10/04 02:40:53 Q=5
2026-01-08 19:38:02,983 - INFO - [GINSLIB] processing : 2020/10/04 02:40:54 Q=5
2026-01-08 19:38:02,984 - INFO - [GINSLIB] processing : 2020/10/04 02:40:55 Q=5
2026-01-08 19:38:02,984 - INFO - [GINSLIB] processing : 2020/10/04 02:40:56 Q=5
2026-01-08 19:38:02,984 - INFO - [GINSLIB] processing : 2020/10/04 02:40:57 Q=5
2026-01-08 19:38:02,984 - INFO - [GINSLIB] processing : 2020/10/04 02:40:58 Q=5
2026-01-08 19:38:02,984 - INFO - [GINSLIB] processing : 2020/10/04 02:40:59 Q=5
2026-01-08 19:38:02,985 - INFO - [GINSLIB] processing : 2020/10/04 02:41:00 Q=5
2026-01-08 19:38:02,985 - INFO - [GINSLIB] processing : 2020/10/04 02:41:01 Q=5
2026-01-08 19:38:02,985 - INFO - [GINSLIB] processing : 2020/10/04 02:41:02 Q=5
2026-01-08 19:38:02,985 - INFO - [GINSLIB] processing : 2020/10/04 02:41:03 Q=5
2026-01-08 19:38:02,985 - INFO - [GINSLIB] processing : 2020/10/04 02:41:04 Q=5
2026-01-08 19:38:02,985 - INFO - [GINSLIB] processing : 2020/10/04 02:41:05 Q=5
2026-01-08 19:38:02,986 - INFO - [GINSLIB] processing : 2020/10/04 02:41:06 Q=5
2026-01-08 19:38:02,986 - INFO - [GINSLIB] processing : 2020/10/04 02:41:07 Q=5
2026-01-08 19:38:02,986 - INFO - [GINSLIB] processing : 2020/10/04 02:41:08 Q=5
2026-01-08 19:38:02,986 - INFO - [GINSLIB] processing : 2020/10/04 02:41:09 Q=5
2026-01-08 19:38:02,986 - INFO - [GINSLIB] processing : 2020/10/04 02:41:10 Q=5
2026-01-08 19:38:02,986 - INFO - [GINSLIB] processing : 2020/10/04 02:41:11 Q=5
2026-01-08 19:38:02,987 - INFO - [GINSLIB] processing : 2020/10/04 02:41:12 Q=5
2026-01-08 19:38:02,987 - INFO - [GINSLIB] processing : 2020/10/04 02:41:13 Q=5
2026-01-08 19:38:02,987 - INFO - [GINSLIB] processing : 2020/10/04 02:41:14 Q=5
2026-01-08 19:38:02,987 - INFO - [GINSLIB] processing : 2020/10/04 02:41:15 Q=5
2026-01-08 19:38:02,987 - INFO - [GINSLIB] processing : 2020/10/04 02:41:16 Q=5
2026-01-08 19:38:02,987 - INFO - [GINSLIB] processing : 2020/10/04 02:41:17 Q=5
2026-01-08 19:38:02,988 - INFO - [GINSLIB] processing : 2020/10/04 02:41:18 Q=5
2026-01-08 19:38:02,988 - INFO - [GINSLIB] processing : 2020/10/04 02:41:19 Q=5
2026-01-08 19:38:02,988 - INFO - [GINSLIB] processing : 2020/10/04 02:41:20 Q=5
2026-01-08 19:38:02,988 - INFO - [GINSLIB] processing : 2020/10/04 02:41:21 Q=5
2026-01-08 19:38:02,988 - INFO - [GINSLIB] processing : 2020/10/04 02:41:22 Q=5
2026-01-08 19:38:02,989 - INFO - [GINSLIB] processing : 2020/10/04 02:41:23 Q=5
2026-01-08 19:38:02,989 - INFO - [GINSLIB] processing : 2020/10/04 02:41:24 Q=5
2026-01-08 19:38:02,989 - INFO - [GINSLIB] processing : 2020/10/04 02:41:25 Q=5
2026-01-08 19:38:02,989 - INFO - [GINSLIB] processing : 2020/10/04 02:41:26 Q=5
2026-01-08 19:38:02,989 - INFO - [GINSLIB] processing : 2020/10/04 02:41:27 Q=5
2026-01-08 19:38:02,989 - INFO - [GINSLIB] processing : 2020/10/04 02:41:28 Q=5
2026-01-08 19:38:02,990 - INFO - [GINSLIB] processing : 2020/10/04 02:41:29 Q=5
2026-01-08 19:38:02,990 - INFO - [GINSLIB] processing : 2020/10/04 02:41:30 Q=5
2026-01-08 19:38:02,990 - INFO - [GINSLIB] processing : 2020/10/04 02:41:31 Q=5
2026-01-08 19:38:02,990 - INFO - [GINSLIB] processing : 2020/10/04 02:41:32 Q=5
2026-01-08 19:38:02,990 - INFO - [GINSLIB] processing : 2020/10/04 02:41:33 Q=5
2026-01-08 19:38:02,990 - INFO - [GINSLIB] processing : 2020/10/04 02:41:34 Q=5
2026-01-08 19:38:02,990 - INFO - [GINSLIB] processing : 2020/10/04 02:41:35 Q=5
2026-01-08 19:38:02,990 - INFO - [GINSLIB] processing : 2020/10/04 02:41:36 Q=5
2026-01-08 19:38:02,991 - INFO - [GINSLIB] processing : 2020/10/04 02:41:37 Q=5
2026-01-08 19:38:02,991 - INFO - [GINSLIB] processing : 2020/10/04 02:41:38 Q=5
2026-01-08 19:38:02,991 - INFO - [GINSLIB] processing : 2020/10/04 02:41:39 Q=5
2026-01-08 19:38:02,991 - INFO - [GINSLIB] processing : 2020/10/04 02:41:40 Q=5
2026-01-08 19:38:02,991 - INFO - [GINSLIB] processing : 2020/10/04 02:41:41 Q=5
2026-01-08 19:38:02,991 - INFO - [GINSLIB] processing : 2020/10/04 02:41:42 Q=5
2026-01-08 19:38:02,992 - INFO - [GINSLIB] processing : 2020/10/04 02:41:43 Q=5
2026-01-08 19:38:02,992 - INFO - [GINSLIB] processing : 2020/10/04 02:41:44 Q=5
2026-01-08 19:38:02,992 - INFO - [GINSLIB] processing : 2020/10/04 02:41:45 Q=5
2026-01-08 19:38:02,992 - INFO - [GINSLIB] processing : 2020/10/04 02:41:46 Q=5
2026-01-08 19:38:02,992 - INFO - [GINSLIB] processing : 2020/10/04 02:41:47 Q=5
2026-01-08 19:38:02,992 - INFO - [GINSLIB] processing : 2020/10/04 02:41:48 Q=5
2026-01-08 19:38:02,993 - INFO - [GINSLIB] processing : 2020/10/04 02:41:49 Q=5
2026-01-08 19:38:02,993 - INFO - [GINSLIB] processing : 2020/10/04 02:41:50 Q=5
2026-01-08 19:38:02,993 - INFO - [GINSLIB] processing : 2020/10/04 02:41:51 Q=5
2026-01-08 19:38:02,993 - INFO - [GINSLIB] processing : 2020/10/04 02:41:52 Q=5
2026-01-08 19:38:02,993 - INFO - [GINSLIB] processing : 2020/10/04 02:41:53 Q=5
2026-01-08 19:38:02,993 - INFO - [GINSLIB] processing : 2020/10/04 02:41:54 Q=5
2026-01-08 19:38:02,993 - INFO - [GINSLIB] processing : 2020/10/04 02:41:55 Q=5
2026-01-08 19:38:02,994 - INFO - [GINSLIB] processing : 2020/10/04 02:41:56 Q=5
2026-01-08 19:38:02,994 - INFO - [GINSLIB] processing : 2020/10/04 02:41:57 Q=5
2026-01-08 19:38:02,994 - INFO - [GINSLIB] processing : 2020/10/04 02:41:58 Q=5
2026-01-08 19:38:02,994 - INFO - [GINSLIB] processing : 2020/10/04 02:41:59 Q=5
2026-01-08 19:38:02,994 - INFO - [GINSLIB] processing : 2020/10/04 02:42:00 Q=5
2026-01-08 19:38:02,994 - INFO - [GINSLIB] processing : 2020/10/04 02:42:01 Q=5
2026-01-08 19:38:02,995 - INFO - [GINSLIB] processing : 2020/10/04 02:42:02 Q=5
2026-01-08 19:38:02,995 - INFO - [GINSLIB] processing : 2020/10/04 02:42:03 Q=5
2026-01-08 19:38:02,995 - INFO - [GINSLIB] processing : 2020/10/04 02:42:04 Q=5
2026-01-08 19:38:02,995 - INFO - [GINSLIB] processing : 2020/10/04 02:42:05 Q=5
2026-01-08 19:38:02,995 - INFO - [GINSLIB] processing : 2020/10/04 02:42:06 Q=5
2026-01-08 19:38:02,995 - INFO - [GINSLIB] processing : 2020/10/04 02:42:07 Q=5
2026-01-08 19:38:02,995 - INFO - [GINSLIB] processing : 2020/10/04 02:42:08 Q=5
2026-01-08 19:38:02,995 - INFO - [GINSLIB] processing : 2020/10/04 02:42:09 Q=5
2026-01-08 19:38:02,996 - INFO - [GINSLIB] processing : 2020/10/04 02:42:10 Q=5
2026-01-08 19:38:02,996 - INFO - [GINSLIB] processing : 2020/10/04 02:42:11 Q=5
2026-01-08 19:38:02,996 - INFO - [GINSLIB] processing : 2020/10/04 02:42:12 Q=5
2026-01-08 19:38:02,996 - INFO - [GINSLIB] processing : 2020/10/04 02:42:13 Q=5
2026-01-08 19:38:02,996 - INFO - [GINSLIB] processing : 2020/10/04 02:42:14 Q=5
2026-01-08 19:38:02,996 - INFO - [GINSLIB] processing : 2020/10/04 02:42:15 Q=5
2026-01-08 19:38:02,996 - INFO - [GINSLIB] processing : 2020/10/04 02:42:16 Q=5
2026-01-08 19:38:02,996 - INFO - [GINSLIB] processing : 2020/10/04 02:42:17 Q=5
2026-01-08 19:38:02,996 - INFO - [GINSLIB] processing : 2020/10/04 02:42:18 Q=5
2026-01-08 19:38:02,997 - INFO - [GINSLIB] processing : 2020/10/04 02:42:19 Q=5
2026-01-08 19:38:02,997 - INFO - [GINSLIB] processing : 2020/10/04 02:42:20 Q=5
2026-01-08 19:38:02,997 - INFO - [GINSLIB] processing : 2020/10/04 02:42:21 Q=5
2026-01-08 19:38:02,997 - INFO - [GINSLIB] processing : 2020/10/04 02:42:22 Q=5
2026-01-08 19:38:03,191 - INFO - [GINSLIB] processing : 2020/10/04 02:42:23 Q=5
2026-01-08 19:38:03,191 - INFO - [GINSLIB] processing : 2020/10/04 02:42:24 Q=5
2026-01-08 19:38:03,192 - INFO - [GINSLIB] processing : 2020/10/04 02:42:25 Q=5
2026-01-08 19:38:03,192 - INFO - [GINSLIB] processing : 2020/10/04 02:42:26 Q=5
2026-01-08 19:38:03,192 - INFO - [GINSLIB] processing : 2020/10/04 02:42:27 Q=5
2026-01-08 19:38:03,192 - INFO - [GINSLIB] processing : 2020/10/04 02:42:28 Q=5
2026-01-08 19:38:03,193 - INFO - [GINSLIB] processing : 2020/10/04 02:42:29 Q=5
2026-01-08 19:38:03,193 - INFO - [GINSLIB] processing : 2020/10/04 02:42:30 Q=5
2026-01-08 19:38:03,193 - INFO - [GINSLIB] processing : 2020/10/04 02:42:31 Q=5
2026-01-08 19:38:03,194 - INFO - [GINSLIB] processing : 2020/10/04 02:42:32 Q=5
2026-01-08 19:38:03,194 - INFO - [GINSLIB] processing : 2020/10/04 02:42:33 Q=5
2026-01-08 19:38:03,194 - INFO - [GINSLIB] processing : 2020/10/04 02:42:34 Q=5
2026-01-08 19:38:03,194 - INFO - [GINSLIB] processing : 2020/10/04 02:42:35 Q=5
2026-01-08 19:38:03,194 - INFO - [GINSLIB] processing : 2020/10/04 02:42:36 Q=5
2026-01-08 19:38:03,195 - INFO - [GINSLIB] processing : 2020/10/04 02:42:37 Q=5
2026-01-08 19:38:03,195 - INFO - [GINSLIB] processing : 2020/10/04 02:42:38 Q=5
2026-01-08 19:38:03,195 - INFO - [GINSLIB] processing : 2020/10/04 02:42:39 Q=5
2026-01-08 19:38:03,195 - INFO - [GINSLIB] processing : 2020/10/04 02:42:40 Q=5
2026-01-08 19:38:03,196 - INFO - [GINSLIB] processing : 2020/10/04 02:42:41 Q=5
2026-01-08 19:38:03,196 - INFO - [GINSLIB] processing : 2020/10/04 02:42:42 Q=5
2026-01-08 19:38:03,196 - INFO - [GINSLIB] processing : 2020/10/04 02:42:43 Q=5
2026-01-08 19:38:03,196 - INFO - [GINSLIB] processing : 2020/10/04 02:42:44 Q=5
2026-01-08 19:38:03,196 - INFO - [GINSLIB] processing : 2020/10/04 02:42:45 Q=5
2026-01-08 19:38:03,197 - INFO - [GINSLIB] processing : 2020/10/04 02:42:46 Q=5
2026-01-08 19:38:03,197 - INFO - [GINSLIB] processing : 2020/10/04 02:42:47 Q=5
2026-01-08 19:38:03,197 - INFO - [GINSLIB] processing : 2020/10/04 02:42:48 Q=5
2026-01-08 19:38:03,197 - INFO - [GINSLIB] processing : 2020/10/04 02:42:49 Q=5
2026-01-08 19:38:03,197 - INFO - [GINSLIB] processing : 2020/10/04 02:42:50 Q=5
2026-01-08 19:38:03,198 - INFO - [GINSLIB] processing : 2020/10/04 02:42:51 Q=5
2026-01-08 19:38:03,198 - INFO - [GINSLIB] processing : 2020/10/04 02:42:52 Q=5
2026-01-08 19:38:03,198 - INFO - [GINSLIB] processing : 2020/10/04 02:42:53 Q=5
2026-01-08 19:38:03,198 - INFO - [GINSLIB] processing : 2020/10/04 02:42:54 Q=5
2026-01-08 19:38:03,198 - INFO - [GINSLIB] processing : 2020/10/04 02:42:55 Q=5
2026-01-08 19:38:03,199 - INFO - [GINSLIB] processing : 2020/10/04 02:42:56 Q=5
2026-01-08 19:38:03,199 - INFO - [GINSLIB] processing : 2020/10/04 02:42:57 Q=5
2026-01-08 19:38:03,199 - INFO - [GINSLIB] processing : 2020/10/04 02:42:58 Q=5
2026-01-08 19:38:03,199 - INFO - [GINSLIB] processing : 2020/10/04 02:42:59 Q=5
2026-01-08 19:38:03,199 - INFO - [GINSLIB] processing : 2020/10/04 02:43:00 Q=5
2026-01-08 19:38:03,199 - INFO - [GINSLIB] processing : 2020/10/04 02:43:01 Q=5
2026-01-08 19:38:03,200 - INFO - [GINSLIB] processing : 2020/10/04 02:43:02 Q=5
2026-01-08 19:38:03,200 - INFO - [GINSLIB] processing : 2020/10/04 02:43:03 Q=5
2026-01-08 19:38:03,200 - INFO - [GINSLIB] processing : 2020/10/04 02:43:04 Q=5
2026-01-08 19:38:03,200 - INFO - [GINSLIB] processing : 2020/10/04 02:43:05 Q=5
2026-01-08 19:38:03,200 - INFO - [GINSLIB] processing : 2020/10/04 02:43:06 Q=5
2026-01-08 19:38:03,200 - INFO - [GINSLIB] processing : 2020/10/04 02:43:07 Q=5
2026-01-08 19:38:03,200 - INFO - [GINSLIB] processing : 2020/10/04 02:43:08 Q=5
2026-01-08 19:38:03,201 - INFO - [GINSLIB] processing : 2020/10/04 02:43:09 Q=5
2026-01-08 19:38:03,201 - INFO - [GINSLIB] processing : 2020/10/04 02:43:10 Q=5
2026-01-08 19:38:03,201 - INFO - [GINSLIB] processing : 2020/10/04 02:43:11 Q=5
2026-01-08 19:38:03,201 - INFO - [GINSLIB] processing : 2020/10/04 02:43:12 Q=5
2026-01-08 19:38:03,202 - INFO - [GINSLIB] processing : 2020/10/04 02:43:13 Q=5
2026-01-08 19:38:03,202 - INFO - [GINSLIB] processing : 2020/10/04 02:43:14 Q=5
2026-01-08 19:38:03,202 - INFO - [GINSLIB] processing : 2020/10/04 02:43:15 Q=5
2026-01-08 19:38:03,202 - INFO - [GINSLIB] processing : 2020/10/04 02:43:16 Q=5
2026-01-08 19:38:03,203 - INFO - [GINSLIB] processing : 2020/10/04 02:43:17 Q=5
2026-01-08 19:38:03,203 - INFO - [GINSLIB] processing : 2020/10/04 02:43:18 Q=5
2026-01-08 19:38:03,203 - INFO - [GINSLIB] processing : 2020/10/04 02:43:19 Q=5
2026-01-08 19:38:03,203 - INFO - [GINSLIB] processing : 2020/10/04 02:43:20 Q=5
2026-01-08 19:38:03,203 - INFO - [GINSLIB] processing : 2020/10/04 02:43:21 Q=5
2026-01-08 19:38:03,204 - INFO - [GINSLIB] processing : 2020/10/04 02:43:22 Q=5
2026-01-08 19:38:03,204 - INFO - [GINSLIB] processing : 2020/10/04 02:43:23 Q=5
2026-01-08 19:38:03,204 - INFO - [GINSLIB] processing : 2020/10/04 02:43:24 Q=5
2026-01-08 19:38:03,204 - INFO - [GINSLIB] processing : 2020/10/04 02:43:25 Q=5
2026-01-08 19:38:03,204 - INFO - [GINSLIB] processing : 2020/10/04 02:43:26 Q=5
2026-01-08 19:38:03,205 - INFO - [GINSLIB] processing : 2020/10/04 02:43:27 Q=5
2026-01-08 19:38:03,205 - INFO - [GINSLIB] processing : 2020/10/04 02:43:28 Q=5
2026-01-08 19:38:03,205 - INFO - [GINSLIB] processing : 2020/10/04 02:43:29 Q=5
2026-01-08 19:38:03,205 - INFO - [GINSLIB] processing : 2020/10/04 02:43:30 Q=5
2026-01-08 19:38:03,206 - INFO - [GINSLIB] processing : 2020/10/04 02:43:31 Q=5
2026-01-08 19:38:03,206 - INFO - [GINSLIB] processing : 2020/10/04 02:43:32 Q=5
2026-01-08 19:38:03,206 - INFO - [GINSLIB] processing : 2020/10/04 02:43:33 Q=5
2026-01-08 19:38:03,206 - INFO - [GINSLIB] processing : 2020/10/04 02:43:34 Q=5
2026-01-08 19:38:03,207 - INFO - [GINSLIB] processing : 2020/10/04 02:43:35 Q=5
2026-01-08 19:38:03,207 - INFO - [GINSLIB] processing : 2020/10/04 02:43:36 Q=5
2026-01-08 19:38:03,207 - INFO - [GINSLIB] processing : 2020/10/04 02:43:37 Q=5
2026-01-08 19:38:03,208 - INFO - [GINSLIB] processing : 2020/10/04 02:43:38 Q=5
2026-01-08 19:38:03,208 - INFO - [GINSLIB] processing : 2020/10/04 02:43:39 Q=5
2026-01-08 19:38:03,208 - INFO - [GINSLIB] processing : 2020/10/04 02:43:40 Q=5
2026-01-08 19:38:03,208 - INFO - [GINSLIB] processing : 2020/10/04 02:43:41 Q=5
2026-01-08 19:38:03,209 - INFO - [GINSLIB] processing : 2020/10/04 02:43:42 Q=5
2026-01-08 19:38:03,209 - INFO - [GINSLIB] processing : 2020/10/04 02:43:43 Q=5
2026-01-08 19:38:03,209 - INFO - [GINSLIB] processing : 2020/10/04 02:43:44 Q=5
2026-01-08 19:38:03,209 - INFO - [GINSLIB] processing : 2020/10/04 02:43:45 Q=5
2026-01-08 19:38:03,209 - INFO - [GINSLIB] processing : 2020/10/04 02:43:46 Q=5
2026-01-08 19:38:03,209 - INFO - [GINSLIB] processing : 2020/10/04 02:43:47 Q=5
2026-01-08 19:38:03,210 - INFO - [GINSLIB] processing : 2020/10/04 02:43:48 Q=5
2026-01-08 19:38:03,210 - INFO - [GINSLIB] processing : 2020/10/04 02:43:49 Q=5
2026-01-08 19:38:03,210 - INFO - [GINSLIB] processing : 2020/10/04 02:43:50 Q=5
2026-01-08 19:38:03,210 - INFO - [GINSLIB] processing : 2020/10/04 02:43:51 Q=5
2026-01-08 19:38:03,211 - INFO - [GINSLIB] processing : 2020/10/04 02:43:52 Q=5
2026-01-08 19:38:03,211 - INFO - [GINSLIB] processing : 2020/10/04 02:43:53 Q=5
2026-01-08 19:38:03,211 - INFO - [GINSLIB] processing : 2020/10/04 02:43:54 Q=5
2026-01-08 19:38:03,211 - INFO - [GINSLIB] processing : 2020/10/04 02:43:55 Q=5
2026-01-08 19:38:03,211 - INFO - [GINSLIB] processing : 2020/10/04 02:43:56 Q=5
2026-01-08 19:38:03,211 - INFO - [GINSLIB] processing : 2020/10/04 02:43:57 Q=5
2026-01-08 19:38:03,212 - INFO - [GINSLIB] processing : 2020/10/04 02:43:58 Q=5
2026-01-08 19:38:03,212 - INFO - [GINSLIB] processing : 2020/10/04 02:43:59 Q=5
2026-01-08 19:38:03,212 - INFO - [GINSLIB] processing : 2020/10/04 02:44:00 Q=5
2026-01-08 19:38:03,212 - INFO - [GINSLIB] processing : 2020/10/04 02:44:01 Q=5
2026-01-08 19:38:03,212 - INFO - [GINSLIB] processing : 2020/10/04 02:44:02 Q=5
2026-01-08 19:38:03,212 - INFO - [GINSLIB] processing : 2020/10/04 02:44:03 Q=5
2026-01-08 19:38:03,213 - INFO - [GINSLIB] processing : 2020/10/04 02:44:04 Q=5
2026-01-08 19:38:03,213 - INFO - [GINSLIB] processing : 2020/10/04 02:44:05 Q=5
2026-01-08 19:38:03,213 - INFO - [GINSLIB] processing : 2020/10/04 02:44:06 Q=5
2026-01-08 19:38:03,213 - INFO - [GINSLIB] processing : 2020/10/04 02:44:07 Q=5
2026-01-08 19:38:03,213 - INFO - [GINSLIB] processing : 2020/10/04 02:44:08 Q=5
2026-01-08 19:38:03,213 - INFO - [GINSLIB] processing : 2020/10/04 02:44:09 Q=5
2026-01-08 19:38:03,213 - INFO - [GINSLIB] processing : 2020/10/04 02:44:10 Q=5
2026-01-08 19:38:03,214 - INFO - [GINSLIB] processing : 2020/10/04 02:44:11 Q=5
2026-01-08 19:38:03,214 - INFO - [GINSLIB] processing : 2020/10/04 02:44:12 Q=5
2026-01-08 19:38:03,214 - INFO - [GINSLIB] processing : 2020/10/04 02:44:13 Q=5
2026-01-08 19:38:03,405 - INFO - [GINSLIB] processing : 2020/10/04 02:44:14 Q=5
2026-01-08 19:38:03,405 - INFO - [GINSLIB] processing : 2020/10/04 02:44:15 Q=5
2026-01-08 19:38:03,405 - INFO - [GINSLIB] processing : 2020/10/04 02:44:16 Q=5
2026-01-08 19:38:03,405 - INFO - [GINSLIB] processing : 2020/10/04 02:44:17 Q=5
2026-01-08 19:38:03,405 - INFO - [GINSLIB] processing : 2020/10/04 02:44:18 Q=5
2026-01-08 19:38:03,405 - INFO - [GINSLIB] processing : 2020/10/04 02:44:19 Q=5
2026-01-08 19:38:03,406 - INFO - [GINSLIB] processing : 2020/10/04 02:44:20 Q=5
2026-01-08 19:38:03,406 - INFO - [GINSLIB] processing : 2020/10/04 02:44:21 Q=5
2026-01-08 19:38:03,406 - INFO - [GINSLIB] processing : 2020/10/04 02:44:22 Q=5
2026-01-08 19:38:03,406 - INFO - [GINSLIB] processing : 2020/10/04 02:44:23 Q=5
2026-01-08 19:38:03,406 - INFO - [GINSLIB] processing : 2020/10/04 02:44:24 Q=5
2026-01-08 19:38:03,406 - INFO - [GINSLIB] processing : 2020/10/04 02:44:25 Q=5
2026-01-08 19:38:03,406 - INFO - [GINSLIB] processing : 2020/10/04 02:44:26 Q=5
2026-01-08 19:38:03,406 - INFO - [GINSLIB] processing : 2020/10/04 02:44:27 Q=5
2026-01-08 19:38:03,406 - INFO - [GINSLIB] processing : 2020/10/04 02:44:28 Q=5
2026-01-08 19:38:03,407 - INFO - [GINSLIB] processing : 2020/10/04 02:44:29 Q=5
2026-01-08 19:38:03,407 - INFO - [GINSLIB] processing : 2020/10/04 02:44:30 Q=5
2026-01-08 19:38:03,407 - INFO - [GINSLIB] processing : 2020/10/04 02:44:31 Q=5
2026-01-08 19:38:03,407 - INFO - [GINSLIB] processing : 2020/10/04 02:44:32 Q=5
2026-01-08 19:38:03,408 - INFO - [GINSLIB] processing : 2020/10/04 02:44:33 Q=5
2026-01-08 19:38:03,408 - INFO - [GINSLIB] processing : 2020/10/04 02:44:34 Q=5
2026-01-08 19:38:03,408 - INFO - [GINSLIB] processing : 2020/10/04 02:44:35 Q=5
2026-01-08 19:38:03,408 - INFO - [GINSLIB] processing : 2020/10/04 02:44:36 Q=5
2026-01-08 19:38:03,408 - INFO - [GINSLIB] processing : 2020/10/04 02:44:37 Q=5
2026-01-08 19:38:03,409 - INFO - [GINSLIB] processing : 2020/10/04 02:44:38 Q=5
2026-01-08 19:38:03,409 - INFO - [GINSLIB] processing : 2020/10/04 02:44:39 Q=5
2026-01-08 19:38:03,409 - INFO - [GINSLIB] processing : 2020/10/04 02:44:40 Q=5
2026-01-08 19:38:03,409 - INFO - [GINSLIB] processing : 2020/10/04 02:44:41 Q=5
2026-01-08 19:38:03,410 - INFO - [GINSLIB] processing : 2020/10/04 02:44:42 Q=5
2026-01-08 19:38:03,410 - INFO - [GINSLIB] processing : 2020/10/04 02:44:43 Q=5
2026-01-08 19:38:03,410 - INFO - [GINSLIB] processing : 2020/10/04 02:44:44 Q=5
2026-01-08 19:38:03,410 - INFO - [GINSLIB] processing : 2020/10/04 02:44:45 Q=5
2026-01-08 19:38:03,410 - INFO - [GINSLIB] processing : 2020/10/04 02:44:46 Q=5
2026-01-08 19:38:03,411 - INFO - [GINSLIB] processing : 2020/10/04 02:44:47 Q=5
2026-01-08 19:38:03,411 - INFO - [GINSLIB] processing : 2020/10/04 02:44:48 Q=5
2026-01-08 19:38:03,411 - INFO - [GINSLIB] processing : 2020/10/04 02:44:49 Q=5
2026-01-08 19:38:03,411 - INFO - [GINSLIB] processing : 2020/10/04 02:44:50 Q=5
2026-01-08 19:38:03,411 - INFO - [GINSLIB] processing : 2020/10/04 02:44:51 Q=5
2026-01-08 19:38:03,412 - INFO - [GINSLIB] processing : 2020/10/04 02:44:52 Q=5
2026-01-08 19:38:03,412 - INFO - [GINSLIB] processing : 2020/10/04 02:44:53 Q=5
2026-01-08 19:38:03,412 - INFO - [GINSLIB] processing : 2020/10/04 02:44:54 Q=5
2026-01-08 19:38:03,412 - INFO - [GINSLIB] processing : 2020/10/04 02:44:55 Q=5
2026-01-08 19:38:03,412 - INFO - [GINSLIB] processing : 2020/10/04 02:44:56 Q=5
2026-01-08 19:38:03,413 - INFO - [GINSLIB] processing : 2020/10/04 02:44:57 Q=5
2026-01-08 19:38:03,413 - INFO - [GINSLIB] processing : 2020/10/04 02:44:58 Q=5
2026-01-08 19:38:03,413 - INFO - [GINSLIB] processing : 2020/10/04 02:44:59 Q=5
2026-01-08 19:38:03,413 - INFO - [GINSLIB] processing : 2020/10/04 02:45:00 Q=5
2026-01-08 19:38:03,413 - INFO - [GINSLIB] processing : 2020/10/04 02:45:01 Q=5
2026-01-08 19:38:03,413 - INFO - [GINSLIB] processing : 2020/10/04 02:45:02 Q=5
2026-01-08 19:38:03,413 - INFO - [GINSLIB] processing : 2020/10/04 02:45:03 Q=5
2026-01-08 19:38:03,413 - INFO - [GINSLIB] processing : 2020/10/04 02:45:04 Q=5
2026-01-08 19:38:03,413 - INFO - [GINSLIB] processing : 2020/10/04 02:45:05 Q=5
2026-01-08 19:38:03,413 - INFO - [GINSLIB] processing : 2020/10/04 02:45:06 Q=5
2026-01-08 19:38:03,413 - INFO - [GINSLIB] processing : 2020/10/04 02:45:07 Q=5
2026-01-08 19:38:03,414 - INFO - [GINSLIB] processing : 2020/10/04 02:45:08 Q=5
2026-01-08 19:38:03,414 - INFO - [GINSLIB] processing : 2020/10/04 02:45:09 Q=5
2026-01-08 19:38:03,414 - INFO - [GINSLIB] processing : 2020/10/04 02:45:10 Q=5
2026-01-08 19:38:03,414 - INFO - [GINSLIB] processing : 2020/10/04 02:45:11 Q=5
2026-01-08 19:38:03,414 - INFO - [GINSLIB] processing : 2020/10/04 02:45:12 Q=5
2026-01-08 19:38:03,414 - INFO - [GINSLIB] processing : 2020/10/04 02:45:13 Q=5
2026-01-08 19:38:03,414 - INFO - [GINSLIB] processing : 2020/10/04 02:45:14 Q=5
2026-01-08 19:38:03,414 - INFO - [GINSLIB] processing : 2020/10/04 02:45:15 Q=5
2026-01-08 19:38:03,414 - INFO - [GINSLIB] processing : 2020/10/04 02:45:16 Q=5
2026-01-08 19:38:03,414 - INFO - [GINSLIB] processing : 2020/10/04 02:45:17 Q=5
2026-01-08 19:38:03,414 - INFO - [GINSLIB] processing : 2020/10/04 02:45:18 Q=5
2026-01-08 19:38:03,415 - INFO - [GINSLIB] processing : 2020/10/04 02:45:19 Q=5
2026-01-08 19:38:03,415 - INFO - [GINSLIB] processing : 2020/10/04 02:45:20 Q=5
2026-01-08 19:38:03,415 - INFO - [GINSLIB] processing : 2020/10/04 02:45:21 Q=5
2026-01-08 19:38:03,415 - INFO - [GINSLIB] processing : 2020/10/04 02:45:22 Q=5
2026-01-08 19:38:03,415 - INFO - [GINSLIB] processing : 2020/10/04 02:45:23 Q=5
2026-01-08 19:38:03,415 - INFO - [GINSLIB] processing : 2020/10/04 02:45:24 Q=5
2026-01-08 19:38:03,415 - INFO - [GINSLIB] processing : 2020/10/04 02:45:25 Q=5
2026-01-08 19:38:03,415 - INFO - [GINSLIB] processing : 2020/10/04 02:45:26 Q=5
2026-01-08 19:38:03,415 - INFO - [GINSLIB] processing : 2020/10/04 02:45:27 Q=5
2026-01-08 19:38:03,415 - INFO - [GINSLIB] processing : 2020/10/04 02:45:28 Q=5
2026-01-08 19:38:03,415 - INFO - [GINSLIB] processing : 2020/10/04 02:45:29 Q=5
2026-01-08 19:38:03,416 - INFO - [GINSLIB] processing : 2020/10/04 02:45:30 Q=5
2026-01-08 19:38:03,416 - INFO - [GINSLIB] processing : 2020/10/04 02:45:31 Q=5
2026-01-08 19:38:03,416 - INFO - [GINSLIB] processing : 2020/10/04 02:45:32 Q=5
2026-01-08 19:38:03,416 - INFO - [GINSLIB] processing : 2020/10/04 02:45:33 Q=5
2026-01-08 19:38:03,416 - INFO - [GINSLIB] processing : 2020/10/04 02:45:34 Q=5
2026-01-08 19:38:03,416 - INFO - [GINSLIB] processing : 2020/10/04 02:45:35 Q=5
2026-01-08 19:38:03,416 - INFO - [GINSLIB] processing : 2020/10/04 02:45:36 Q=5
2026-01-08 19:38:03,416 - INFO - [GINSLIB] processing : 2020/10/04 02:45:37 Q=5
2026-01-08 19:38:03,417 - INFO - [GINSLIB] processing : 2020/10/04 02:45:38 Q=5
2026-01-08 19:38:03,417 - INFO - [GINSLIB] processing : 2020/10/04 02:45:39 Q=5
2026-01-08 19:38:03,417 - INFO - [GINSLIB] processing : 2020/10/04 02:45:40 Q=5
2026-01-08 19:38:03,417 - INFO - [GINSLIB] processing : 2020/10/04 02:45:41 Q=5
2026-01-08 19:38:03,417 - INFO - [GINSLIB] processing : 2020/10/04 02:45:42 Q=5
2026-01-08 19:38:03,417 - INFO - [GINSLIB] processing : 2020/10/04 02:45:43 Q=5
2026-01-08 19:38:03,417 - INFO - [GINSLIB] processing : 2020/10/04 02:45:44 Q=5
2026-01-08 19:38:03,417 - INFO - [GINSLIB] processing : 2020/10/04 02:45:45 Q=5
2026-01-08 19:38:03,417 - INFO - [GINSLIB] processing : 2020/10/04 02:45:46 Q=5
2026-01-08 19:38:03,417 - INFO - [GINSLIB] processing : 2020/10/04 02:45:47 Q=5
2026-01-08 19:38:03,417 - INFO - [GINSLIB] processing : 2020/10/04 02:45:48 Q=5
2026-01-08 19:38:03,418 - INFO - [GINSLIB] processing : 2020/10/04 02:45:49 Q=5
2026-01-08 19:38:03,418 - INFO - [GINSLIB] processing : 2020/10/04 02:45:50 Q=5
2026-01-08 19:38:03,418 - INFO - [GINSLIB] processing : 2020/10/04 02:45:51 Q=5
2026-01-08 19:38:03,418 - INFO - [GINSLIB] processing : 2020/10/04 02:45:52 Q=5
2026-01-08 19:38:03,418 - INFO - [GINSLIB] processing : 2020/10/04 02:45:53 Q=5
2026-01-08 19:38:03,418 - INFO - [GINSLIB] processing : 2020/10/04 02:45:54 Q=5
2026-01-08 19:38:03,418 - INFO - [GINSLIB] processing : 2020/10/04 02:45:55 Q=5
2026-01-08 19:38:03,418 - INFO - [GINSLIB] processing : 2020/10/04 02:45:56 Q=5
2026-01-08 19:38:03,418 - INFO - [GINSLIB] processing : 2020/10/04 02:45:57 Q=5
2026-01-08 19:38:03,418 - INFO - [GINSLIB] processing : 2020/10/04 02:45:58 Q=5
2026-01-08 19:38:03,418 - INFO - [GINSLIB] processing : 2020/10/04 02:45:59 Q=5
2026-01-08 19:38:03,419 - INFO - [GINSLIB] processing : 2020/10/04 02:46:00 Q=5
2026-01-08 19:38:03,419 - INFO - [GINSLIB] processing : 2020/10/04 02:46:01 Q=5
2026-01-08 19:38:03,419 - INFO - [GINSLIB] processing : 2020/10/04 02:46:02 Q=5
2026-01-08 19:38:03,419 - INFO - [GINSLIB] processing : 2020/10/04 02:46:03 Q=5
2026-01-08 19:38:03,419 - INFO - [GINSLIB] processing : 2020/10/04 02:46:04 Q=5
2026-01-08 19:38:03,668 - INFO - [GINSLIB] processing : 2020/10/04 02:46:05 Q=5
2026-01-08 19:38:03,668 - INFO - [GINSLIB] processing : 2020/10/04 02:46:06 Q=5
2026-01-08 19:38:03,668 - INFO - [GINSLIB] processing : 2020/10/04 02:46:07 Q=5
2026-01-08 19:38:03,669 - INFO - [GINSLIB] processing : 2020/10/04 02:46:08 Q=5
2026-01-08 19:38:03,669 - INFO - [GINSLIB] processing : 2020/10/04 02:46:09 Q=5
2026-01-08 19:38:03,669 - INFO - [GINSLIB] processing : 2020/10/04 02:46:10 Q=5
2026-01-08 19:38:03,669 - INFO - [GINSLIB] processing : 2020/10/04 02:46:11 Q=5
2026-01-08 19:38:03,670 - INFO - [GINSLIB] processing : 2020/10/04 02:46:12 Q=5
2026-01-08 19:38:03,670 - INFO - [GINSLIB] processing : 2020/10/04 02:46:13 Q=5
2026-01-08 19:38:03,670 - INFO - [GINSLIB] processing : 2020/10/04 02:46:14 Q=5
2026-01-08 19:38:03,670 - INFO - [GINSLIB] processing : 2020/10/04 02:46:15 Q=5
2026-01-08 19:38:03,671 - INFO - [GINSLIB] processing : 2020/10/04 02:46:16 Q=5
2026-01-08 19:38:03,671 - INFO - [GINSLIB] processing : 2020/10/04 02:46:17 Q=5
2026-01-08 19:38:03,671 - INFO - [GINSLIB] processing : 2020/10/04 02:46:18 Q=5
2026-01-08 19:38:03,672 - INFO - [GINSLIB] processing : 2020/10/04 02:46:19 Q=5
2026-01-08 19:38:03,672 - INFO - [GINSLIB] processing : 2020/10/04 02:46:20 Q=5
2026-01-08 19:38:03,672 - INFO - [GINSLIB] processing : 2020/10/04 02:46:21 Q=5
2026-01-08 19:38:03,672 - INFO - [GINSLIB] processing : 2020/10/04 02:46:22 Q=5
2026-01-08 19:38:03,672 - INFO - [GINSLIB] processing : 2020/10/04 02:46:23 Q=5
2026-01-08 19:38:03,672 - INFO - [GINSLIB] processing : 2020/10/04 02:46:24 Q=5
2026-01-08 19:38:03,673 - INFO - [GINSLIB] processing : 2020/10/04 02:46:25 Q=5
2026-01-08 19:38:03,673 - INFO - [GINSLIB] processing : 2020/10/04 02:46:26 Q=5
2026-01-08 19:38:03,673 - INFO - [GINSLIB] processing : 2020/10/04 02:46:27 Q=5
2026-01-08 19:38:03,673 - INFO - [GINSLIB] processing : 2020/10/04 02:46:28 Q=5
2026-01-08 19:38:03,673 - INFO - [GINSLIB] processing : 2020/10/04 02:46:29 Q=5
2026-01-08 19:38:03,674 - INFO - [GINSLIB] processing : 2020/10/04 02:46:30 Q=5
2026-01-08 19:38:03,674 - INFO - [GINSLIB] processing : 2020/10/04 02:46:31 Q=5
2026-01-08 19:38:03,674 - INFO - [GINSLIB] processing : 2020/10/04 02:46:32 Q=5
2026-01-08 19:38:03,674 - INFO - [GINSLIB] processing : 2020/10/04 02:46:33 Q=5
2026-01-08 19:38:03,675 - INFO - [GINSLIB] processing : 2020/10/04 02:46:34 Q=5
2026-01-08 19:38:03,675 - INFO - [GINSLIB] processing : 2020/10/04 02:46:35 Q=5
2026-01-08 19:38:03,675 - INFO - [GINSLIB] processing : 2020/10/04 02:46:36 Q=5
2026-01-08 19:38:03,675 - INFO - [GINSLIB] processing : 2020/10/04 02:46:37 Q=5
2026-01-08 19:38:03,675 - INFO - [GINSLIB] processing : 2020/10/04 02:46:38 Q=5
2026-01-08 19:38:03,675 - INFO - [GINSLIB] processing : 2020/10/04 02:46:39 Q=5
2026-01-08 19:38:03,676 - INFO - [GINSLIB] processing : 2020/10/04 02:46:40 Q=5
2026-01-08 19:38:03,676 - INFO - [GINSLIB] processing : 2020/10/04 02:46:41 Q=5
2026-01-08 19:38:03,676 - INFO - [GINSLIB] processing : 2020/10/04 02:46:42 Q=5
2026-01-08 19:38:03,676 - INFO - [GINSLIB] processing : 2020/10/04 02:46:43 Q=5
2026-01-08 19:38:03,677 - INFO - [GINSLIB] processing : 2020/10/04 02:46:44 Q=5
2026-01-08 19:38:03,677 - INFO - [GINSLIB] processing : 2020/10/04 02:46:45 Q=5
2026-01-08 19:38:03,677 - INFO - [GINSLIB] processing : 2020/10/04 02:46:46 Q=5
2026-01-08 19:38:03,677 - INFO - [GINSLIB] processing : 2020/10/04 02:46:47 Q=5
2026-01-08 19:38:03,677 - INFO - [GINSLIB] processing : 2020/10/04 02:46:48 Q=5
2026-01-08 19:38:03,677 - INFO - [GINSLIB] processing : 2020/10/04 02:46:49 Q=5
2026-01-08 19:38:03,678 - INFO - [GINSLIB] processing : 2020/10/04 02:46:50 Q=5
2026-01-08 19:38:03,678 - INFO - [GINSLIB] processing : 2020/10/04 02:46:51 Q=5
2026-01-08 19:38:03,678 - INFO - [GINSLIB] processing : 2020/10/04 02:46:52 Q=5
2026-01-08 19:38:03,678 - INFO - [GINSLIB] processing : 2020/10/04 02:46:53 Q=5
2026-01-08 19:38:03,678 - INFO - [GINSLIB] processing : 2020/10/04 02:46:54 Q=5
2026-01-08 19:38:03,679 - INFO - [GINSLIB] processing : 2020/10/04 02:46:55 Q=5
2026-01-08 19:38:03,679 - INFO - [GINSLIB] processing : 2020/10/04 02:46:56 Q=5
2026-01-08 19:38:03,679 - INFO - [GINSLIB] processing : 2020/10/04 02:46:57 Q=5
2026-01-08 19:38:03,679 - INFO - [GINSLIB] processing : 2020/10/04 02:46:58 Q=5
2026-01-08 19:38:03,679 - INFO - [GINSLIB] processing : 2020/10/04 02:46:59 Q=5
2026-01-08 19:38:03,679 - INFO - [GINSLIB] processing : 2020/10/04 02:47:00 Q=5
2026-01-08 19:38:03,679 - INFO - [GINSLIB] processing : 2020/10/04 02:47:01 Q=5
2026-01-08 19:38:03,679 - INFO - [GINSLIB] processing : 2020/10/04 02:47:02 Q=5
2026-01-08 19:38:03,679 - INFO - [GINSLIB] processing : 2020/10/04 02:47:03 Q=5
2026-01-08 19:38:03,680 - INFO - [GINSLIB] processing : 2020/10/04 02:47:04 Q=5
2026-01-08 19:38:03,680 - INFO - [GINSLIB] processing : 2020/10/04 02:47:05 Q=5
2026-01-08 19:38:03,680 - INFO - [GINSLIB] processing : 2020/10/04 02:47:06 Q=5
2026-01-08 19:38:03,680 - INFO - [GINSLIB] processing : 2020/10/04 02:47:07 Q=5
2026-01-08 19:38:03,680 - INFO - [GINSLIB] processing : 2020/10/04 02:47:08 Q=5
2026-01-08 19:38:03,680 - INFO - [GINSLIB] processing : 2020/10/04 02:47:09 Q=5
2026-01-08 19:38:03,680 - INFO - [GINSLIB] processing : 2020/10/04 02:47:10 Q=5
2026-01-08 19:38:03,680 - INFO - [GINSLIB] processing : 2020/10/04 02:47:11 Q=5
2026-01-08 19:38:03,680 - INFO - [GINSLIB] processing : 2020/10/04 02:47:12 Q=5
2026-01-08 19:38:03,680 - INFO - [GINSLIB] processing : 2020/10/04 02:47:13 Q=5
2026-01-08 19:38:03,681 - INFO - [GINSLIB] processing : 2020/10/04 02:47:14 Q=5
2026-01-08 19:38:03,681 - INFO - [GINSLIB] processing : 2020/10/04 02:47:15 Q=5
2026-01-08 19:38:03,681 - INFO - [GINSLIB] processing : 2020/10/04 02:47:16 Q=5
2026-01-08 19:38:03,681 - INFO - [GINSLIB] processing : 2020/10/04 02:47:17 Q=5
2026-01-08 19:38:03,681 - INFO - [GINSLIB] processing : 2020/10/04 02:47:18 Q=5
2026-01-08 19:38:03,681 - INFO - [GINSLIB] processing : 2020/10/04 02:47:19 Q=5
2026-01-08 19:38:03,681 - INFO - [GINSLIB] processing : 2020/10/04 02:47:20 Q=5
2026-01-08 19:38:03,681 - INFO - [GINSLIB] processing : 2020/10/04 02:47:21 Q=5
2026-01-08 19:38:03,681 - INFO - [GINSLIB] processing : 2020/10/04 02:47:22 Q=5
2026-01-08 19:38:03,681 - INFO - [GINSLIB] processing : 2020/10/04 02:47:23 Q=5
2026-01-08 19:38:03,682 - INFO - [GINSLIB] processing : 2020/10/04 02:47:24 Q=5
2026-01-08 19:38:03,682 - INFO - [GINSLIB] processing : 2020/10/04 02:47:25 Q=5
2026-01-08 19:38:03,682 - INFO - [GINSLIB] processing : 2020/10/04 02:47:26 Q=5
2026-01-08 19:38:03,682 - INFO - [GINSLIB] processing : 2020/10/04 02:47:27 Q=5
2026-01-08 19:38:03,682 - INFO - [GINSLIB] processing : 2020/10/04 02:47:28 Q=5
2026-01-08 19:38:03,682 - INFO - [GINSLIB] processing : 2020/10/04 02:47:29 Q=5
2026-01-08 19:38:03,682 - INFO - [GINSLIB] processing : 2020/10/04 02:47:30 Q=5
2026-01-08 19:38:03,682 - INFO - [GINSLIB] processing : 2020/10/04 02:47:31 Q=5
2026-01-08 19:38:03,682 - INFO - [GINSLIB] processing : 2020/10/04 02:47:32 Q=5
2026-01-08 19:38:03,682 - INFO - [GINSLIB] processing : 2020/10/04 02:47:33 Q=5
2026-01-08 19:38:03,683 - INFO - [GINSLIB] processing : 2020/10/04 02:47:34 Q=5
2026-01-08 19:38:03,683 - INFO - [GINSLIB] processing : 2020/10/04 02:47:35 Q=5
2026-01-08 19:38:03,683 - INFO - [GINSLIB] processing : 2020/10/04 02:47:36 Q=5
2026-01-08 19:38:03,683 - INFO - [GINSLIB] processing : 2020/10/04 02:47:37 Q=5
2026-01-08 19:38:03,683 - INFO - [GINSLIB] processing : 2020/10/04 02:47:38 Q=5
2026-01-08 19:38:03,683 - INFO - [GINSLIB] processing : 2020/10/04 02:47:39 Q=5
2026-01-08 19:38:03,683 - INFO - [GINSLIB] processing : 2020/10/04 02:47:40 Q=5
2026-01-08 19:38:03,683 - INFO - [GINSLIB] processing : 2020/10/04 02:47:41 Q=5
2026-01-08 19:38:03,683 - INFO - [GINSLIB] processing : 2020/10/04 02:47:42 Q=5
2026-01-08 19:38:03,684 - INFO - [GINSLIB] processing : 2020/10/04 02:47:43 Q=5
2026-01-08 19:38:03,684 - INFO - [GINSLIB] processing : 2020/10/04 02:47:44 Q=5
2026-01-08 19:38:03,684 - INFO - [GINSLIB] processing : 2020/10/04 02:47:45 Q=5
2026-01-08 19:38:03,684 - INFO - [GINSLIB] processing : 2020/10/04 02:47:46 Q=5
2026-01-08 19:38:03,684 - INFO - [GINSLIB] processing : 2020/10/04 02:47:47 Q=5
2026-01-08 19:38:03,684 - INFO - [GINSLIB] processing : 2020/10/04 02:47:48 Q=5
2026-01-08 19:38:03,684 - INFO - [GINSLIB] processing : 2020/10/04 02:47:49 Q=5
2026-01-08 19:38:03,684 - INFO - [GINSLIB] processing : 2020/10/04 02:47:50 Q=5
2026-01-08 19:38:03,684 - INFO - [GINSLIB] processing : 2020/10/04 02:47:51 Q=5
2026-01-08 19:38:03,684 - INFO - [GINSLIB] processing : 2020/10/04 02:47:52 Q=5
2026-01-08 19:38:03,684 - INFO - [GINSLIB] processing : 2020/10/04 02:47:53 Q=5
2026-01-08 19:38:03,685 - INFO - [GINSLIB] processing : 2020/10/04 02:47:54 Q=5
2026-01-08 19:38:03,951 - INFO - [GINSLIB] processing : 2020/10/04 02:47:55 Q=5
2026-01-08 19:38:03,951 - INFO - [GINSLIB] processing : 2020/10/04 02:47:56 Q=5
2026-01-08 19:38:03,951 - INFO - [GINSLIB] processing : 2020/10/04 02:47:57 Q=5
2026-01-08 19:38:03,951 - INFO - [GINSLIB] processing : 2020/10/04 02:47:58 Q=5
2026-01-08 19:38:03,951 - INFO - [GINSLIB] processing : 2020/10/04 02:47:59 Q=5
2026-01-08 19:38:03,952 - INFO - [GINSLIB] processing : 2020/10/04 02:48:00 Q=5
2026-01-08 19:38:03,952 - INFO - [GINSLIB] processing : 2020/10/04 02:48:01 Q=5
2026-01-08 19:38:03,952 - INFO - [GINSLIB] processing : 2020/10/04 02:48:02 Q=5
2026-01-08 19:38:03,952 - INFO - [GINSLIB] processing : 2020/10/04 02:48:03 Q=5
2026-01-08 19:38:03,952 - INFO - [GINSLIB] processing : 2020/10/04 02:48:04 Q=5
2026-01-08 19:38:03,953 - INFO - [GINSLIB] processing : 2020/10/04 02:48:05 Q=5
2026-01-08 19:38:03,953 - INFO - [GINSLIB] processing : 2020/10/04 02:48:06 Q=5
2026-01-08 19:38:03,953 - INFO - [GINSLIB] processing : 2020/10/04 02:48:07 Q=5
2026-01-08 19:38:03,953 - INFO - [GINSLIB] processing : 2020/10/04 02:48:08 Q=5
2026-01-08 19:38:03,953 - INFO - [GINSLIB] processing : 2020/10/04 02:48:09 Q=5
2026-01-08 19:38:03,953 - INFO - [GINSLIB] processing : 2020/10/04 02:48:10 Q=5
2026-01-08 19:38:03,954 - INFO - [GINSLIB] processing : 2020/10/04 02:48:11 Q=5
2026-01-08 19:38:03,954 - INFO - [GINSLIB] processing : 2020/10/04 02:48:12 Q=5
2026-01-08 19:38:03,954 - INFO - [GINSLIB] processing : 2020/10/04 02:48:13 Q=5
2026-01-08 19:38:03,954 - INFO - [GINSLIB] processing : 2020/10/04 02:48:14 Q=5
2026-01-08 19:38:03,954 - INFO - [GINSLIB] processing : 2020/10/04 02:48:15 Q=5
2026-01-08 19:38:03,954 - INFO - [GINSLIB] processing : 2020/10/04 02:48:16 Q=5
2026-01-08 19:38:03,954 - INFO - [GINSLIB] processing : 2020/10/04 02:48:17 Q=5
2026-01-08 19:38:03,954 - INFO - [GINSLIB] processing : 2020/10/04 02:48:18 Q=5
2026-01-08 19:38:03,955 - INFO - [GINSLIB] processing : 2020/10/04 02:48:19 Q=5
2026-01-08 19:38:03,955 - INFO - [GINSLIB] processing : 2020/10/04 02:48:20 Q=5
2026-01-08 19:38:03,955 - INFO - [GINSLIB] processing : 2020/10/04 02:48:21 Q=5
2026-01-08 19:38:03,955 - INFO - [GINSLIB] processing : 2020/10/04 02:48:22 Q=5
2026-01-08 19:38:03,955 - INFO - [GINSLIB] processing : 2020/10/04 02:48:23 Q=5
2026-01-08 19:38:03,956 - INFO - [GINSLIB] processing : 2020/10/04 02:48:24 Q=5
2026-01-08 19:38:03,956 - INFO - [GINSLIB] processing : 2020/10/04 02:48:25 Q=5
2026-01-08 19:38:03,956 - INFO - [GINSLIB] processing : 2020/10/04 02:48:26 Q=5
2026-01-08 19:38:03,956 - INFO - [GINSLIB] processing : 2020/10/04 02:48:27 Q=5
2026-01-08 19:38:03,956 - INFO - [GINSLIB] processing : 2020/10/04 02:48:28 Q=5
2026-01-08 19:38:03,956 - INFO - [GINSLIB] processing : 2020/10/04 02:48:29 Q=5
2026-01-08 19:38:03,957 - INFO - [GINSLIB] processing : 2020/10/04 02:48:30 Q=5
2026-01-08 19:38:03,957 - INFO - [GINSLIB] processing : 2020/10/04 02:48:31 Q=5
2026-01-08 19:38:03,957 - INFO - [GINSLIB] processing : 2020/10/04 02:48:32 Q=5
2026-01-08 19:38:03,957 - INFO - [GINSLIB] processing : 2020/10/04 02:48:33 Q=5
2026-01-08 19:38:03,957 - INFO - [GINSLIB] processing : 2020/10/04 02:48:34 Q=5
2026-01-08 19:38:03,958 - INFO - [GINSLIB] processing : 2020/10/04 02:48:35 Q=5
2026-01-08 19:38:03,958 - INFO - [GINSLIB] processing : 2020/10/04 02:48:36 Q=5
2026-01-08 19:38:03,958 - INFO - [GINSLIB] processing : 2020/10/04 02:48:37 Q=5
2026-01-08 19:38:03,958 - INFO - [GINSLIB] processing : 2020/10/04 02:48:38 Q=5
2026-01-08 19:38:03,958 - INFO - [GINSLIB] processing : 2020/10/04 02:48:39 Q=5
2026-01-08 19:38:03,959 - INFO - [GINSLIB] processing : 2020/10/04 02:48:40 Q=5
2026-01-08 19:38:03,959 - INFO - [GINSLIB] processing : 2020/10/04 02:48:41 Q=5
2026-01-08 19:38:03,959 - INFO - [GINSLIB] processing : 2020/10/04 02:48:42 Q=5
2026-01-08 19:38:03,959 - INFO - [GINSLIB] processing : 2020/10/04 02:48:43 Q=5
2026-01-08 19:38:03,959 - INFO - [GINSLIB] processing : 2020/10/04 02:48:44 Q=5
2026-01-08 19:38:03,960 - INFO - [GINSLIB] processing : 2020/10/04 02:48:45 Q=5
2026-01-08 19:38:03,960 - INFO - [GINSLIB] processing : 2020/10/04 02:48:46 Q=5
2026-01-08 19:38:03,960 - INFO - [GINSLIB] processing : 2020/10/04 02:48:47 Q=5
2026-01-08 19:38:03,960 - INFO - [GINSLIB] processing : 2020/10/04 02:48:48 Q=5
2026-01-08 19:38:03,960 - INFO - [GINSLIB] processing : 2020/10/04 02:48:49 Q=5
2026-01-08 19:38:03,961 - INFO - [GINSLIB] processing : 2020/10/04 02:48:50 Q=5
2026-01-08 19:38:03,961 - INFO - [GINSLIB] processing : 2020/10/04 02:48:51 Q=5
2026-01-08 19:38:03,961 - INFO - [GINSLIB] processing : 2020/10/04 02:48:52 Q=5
2026-01-08 19:38:03,961 - INFO - [GINSLIB] processing : 2020/10/04 02:48:53 Q=5
2026-01-08 19:38:03,961 - INFO - [GINSLIB] processing : 2020/10/04 02:48:54 Q=5
2026-01-08 19:38:03,962 - INFO - [GINSLIB] processing : 2020/10/04 02:48:55 Q=5
2026-01-08 19:38:03,962 - INFO - [GINSLIB] processing : 2020/10/04 02:48:56 Q=5
2026-01-08 19:38:03,962 - INFO - [GINSLIB] processing : 2020/10/04 02:48:57 Q=5
2026-01-08 19:38:03,962 - INFO - [GINSLIB] processing : 2020/10/04 02:48:58 Q=5
2026-01-08 19:38:03,962 - INFO - [GINSLIB] processing : 2020/10/04 02:48:59 Q=5
2026-01-08 19:38:03,962 - INFO - [GINSLIB] processing : 2020/10/04 02:49:00 Q=5
2026-01-08 19:38:03,963 - INFO - [GINSLIB] processing : 2020/10/04 02:49:01 Q=5
2026-01-08 19:38:03,963 - INFO - [GINSLIB] processing : 2020/10/04 02:49:02 Q=5
2026-01-08 19:38:03,963 - INFO - [GINSLIB] processing : 2020/10/04 02:49:03 Q=5
2026-01-08 19:38:03,963 - INFO - [GINSLIB] processing : 2020/10/04 02:49:04 Q=5
2026-01-08 19:38:03,963 - INFO - [GINSLIB] processing : 2020/10/04 02:49:05 Q=5
2026-01-08 19:38:03,963 - INFO - [GINSLIB] processing : 2020/10/04 02:49:06 Q=5
2026-01-08 19:38:03,963 - INFO - [GINSLIB] processing : 2020/10/04 02:49:07 Q=5
2026-01-08 19:38:03,963 - INFO - [GINSLIB] processing : 2020/10/04 02:49:08 Q=5
2026-01-08 19:38:03,964 - INFO - [GINSLIB] processing : 2020/10/04 02:49:09 Q=5
2026-01-08 19:38:03,964 - INFO - [GINSLIB] processing : 2020/10/04 02:49:10 Q=5
2026-01-08 19:38:03,964 - INFO - [GINSLIB] processing : 2020/10/04 02:49:11 Q=5
2026-01-08 19:38:03,964 - INFO - [GINSLIB] processing : 2020/10/04 02:49:12 Q=5
2026-01-08 19:38:03,964 - INFO - [GINSLIB] processing : 2020/10/04 02:49:13 Q=5
2026-01-08 19:38:03,964 - INFO - [GINSLIB] processing : 2020/10/04 02:49:14 Q=5
2026-01-08 19:38:03,964 - INFO - [GINSLIB] processing : 2020/10/04 02:49:15 Q=5
2026-01-08 19:38:03,964 - INFO - [GINSLIB] processing : 2020/10/04 02:49:16 Q=5
2026-01-08 19:38:03,965 - INFO - [GINSLIB] processing : 2020/10/04 02:49:17 Q=5
2026-01-08 19:38:03,965 - INFO - [GINSLIB] processing : 2020/10/04 02:49:18 Q=5
2026-01-08 19:38:03,965 - INFO - [GINSLIB] processing : 2020/10/04 02:49:19 Q=5
2026-01-08 19:38:03,965 - INFO - [GINSLIB] processing : 2020/10/04 02:49:20 Q=5
2026-01-08 19:38:03,965 - INFO - [GINSLIB] processing : 2020/10/04 02:49:21 Q=5
2026-01-08 19:38:03,965 - INFO - [GINSLIB] processing : 2020/10/04 02:49:22 Q=5
2026-01-08 19:38:03,965 - INFO - [GINSLIB] processing : 2020/10/04 02:49:23 Q=5
2026-01-08 19:38:03,965 - INFO - [GINSLIB] processing : 2020/10/04 02:49:24 Q=5
2026-01-08 19:38:03,966 - INFO - [GINSLIB] processing : 2020/10/04 02:49:25 Q=5
2026-01-08 19:38:03,966 - INFO - [GINSLIB] processing : 2020/10/04 02:49:26 Q=5
2026-01-08 19:38:03,966 - INFO - [GINSLIB] processing : 2020/10/04 02:49:27 Q=5
2026-01-08 19:38:03,966 - INFO - [GINSLIB] processing : 2020/10/04 02:49:28 Q=5
2026-01-08 19:38:03,966 - INFO - [GINSLIB] processing : 2020/10/04 02:49:29 Q=5
2026-01-08 19:38:03,966 - INFO - [GINSLIB] processing : 2020/10/04 02:49:30 Q=5
2026-01-08 19:38:03,966 - INFO - [GINSLIB] processing : 2020/10/04 02:49:31 Q=5
2026-01-08 19:38:03,966 - INFO - [GINSLIB] processing : 2020/10/04 02:49:32 Q=5
2026-01-08 19:38:03,966 - INFO - [GINSLIB] processing : 2020/10/04 02:49:33 Q=5
2026-01-08 19:38:03,966 - INFO - [GINSLIB] processing : 2020/10/04 02:49:34 Q=5
2026-01-08 19:38:03,966 - INFO - [GINSLIB] processing : 2020/10/04 02:49:35 Q=5
2026-01-08 19:38:03,967 - INFO - [GINSLIB] processing : 2020/10/04 02:49:36 Q=5
2026-01-08 19:38:03,967 - INFO - [GINSLIB] processing : 2020/10/04 02:49:37 Q=5
2026-01-08 19:38:03,967 - INFO - [GINSLIB] processing : 2020/10/04 02:49:38 Q=5
2026-01-08 19:38:03,967 - INFO - [GINSLIB] processing : 2020/10/04 02:49:39 Q=5
2026-01-08 19:38:03,967 - INFO - [GINSLIB] processing : 2020/10/04 02:49:40 Q=5
2026-01-08 19:38:03,967 - INFO - [GINSLIB] processing : 2020/10/04 02:49:41 Q=5
2026-01-08 19:38:03,967 - INFO - [GINSLIB] processing : 2020/10/04 02:49:42 Q=5
2026-01-08 19:38:03,967 - INFO - [GINSLIB] processing : 2020/10/04 02:49:43 Q=5
2026-01-08 19:38:03,967 - INFO - [GINSLIB] processing : 2020/10/04 02:49:44 Q=5
2026-01-08 19:38:03,967 - INFO - [GINSLIB] processing : 2020/10/04 02:49:45 Q=5
2026-01-08 19:38:04,244 - INFO - [GINSLIB] processing : 2020/10/04 02:49:46 Q=5
2026-01-08 19:38:04,244 - INFO - [GINSLIB] processing : 2020/10/04 02:49:47 Q=5
2026-01-08 19:38:04,245 - INFO - [GINSLIB] processing : 2020/10/04 02:49:48 Q=5
2026-01-08 19:38:04,245 - INFO - [GINSLIB] processing : 2020/10/04 02:49:49 Q=5
2026-01-08 19:38:04,245 - INFO - [GINSLIB] processing : 2020/10/04 02:49:50 Q=5
2026-01-08 19:38:04,245 - INFO - [GINSLIB] processing : 2020/10/04 02:49:51 Q=5
2026-01-08 19:38:04,245 - INFO - [GINSLIB] processing : 2020/10/04 02:49:52 Q=5
2026-01-08 19:38:04,246 - INFO - [GINSLIB] processing : 2020/10/04 02:49:53 Q=5
2026-01-08 19:38:04,246 - INFO - [GINSLIB] processing : 2020/10/04 02:49:54 Q=5
2026-01-08 19:38:04,246 - INFO - [GINSLIB] processing : 2020/10/04 02:49:55 Q=5
2026-01-08 19:38:04,246 - INFO - [GINSLIB] processing : 2020/10/04 02:49:56 Q=5
2026-01-08 19:38:04,247 - INFO - [GINSLIB] processing : 2020/10/04 02:49:57 Q=5
2026-01-08 19:38:04,247 - INFO - [GINSLIB] processing : 2020/10/04 02:49:58 Q=5
2026-01-08 19:38:04,247 - INFO - [GINSLIB] processing : 2020/10/04 02:49:59 Q=5
2026-01-08 19:38:04,247 - INFO - [GINSLIB] processing : 2020/10/04 02:50:00 Q=5
2026-01-08 19:38:04,247 - INFO - [GINSLIB] processing : 2020/10/04 02:50:01 Q=5
2026-01-08 19:38:04,248 - INFO - [GINSLIB] processing : 2020/10/04 02:50:02 Q=5
2026-01-08 19:38:04,248 - INFO - [GINSLIB] processing : 2020/10/04 02:50:03 Q=5
2026-01-08 19:38:04,248 - INFO - [GINSLIB] processing : 2020/10/04 02:50:04 Q=5
2026-01-08 19:38:04,248 - INFO - [GINSLIB] processing : 2020/10/04 02:50:05 Q=5
2026-01-08 19:38:04,248 - INFO - [GINSLIB] processing : 2020/10/04 02:50:06 Q=5
2026-01-08 19:38:04,248 - INFO - [GINSLIB] processing : 2020/10/04 02:50:07 Q=5
2026-01-08 19:38:04,248 - INFO - [GINSLIB] processing : 2020/10/04 02:50:08 Q=5
2026-01-08 19:38:04,249 - INFO - [GINSLIB] processing : 2020/10/04 02:50:09 Q=5
2026-01-08 19:38:04,249 - INFO - [GINSLIB] processing : 2020/10/04 02:50:10 Q=5
2026-01-08 19:38:04,249 - INFO - [GINSLIB] processing : 2020/10/04 02:50:11 Q=5
2026-01-08 19:38:04,249 - INFO - [GINSLIB] processing : 2020/10/04 02:50:12 Q=5
2026-01-08 19:38:04,249 - INFO - [GINSLIB] processing : 2020/10/04 02:50:13 Q=5
2026-01-08 19:38:04,249 - INFO - [GINSLIB] processing : 2020/10/04 02:50:14 Q=5
2026-01-08 19:38:04,249 - INFO - [GINSLIB] processing : 2020/10/04 02:50:15 Q=5
2026-01-08 19:38:04,249 - INFO - [GINSLIB] processing : 2020/10/04 02:50:16 Q=5
2026-01-08 19:38:04,249 - INFO - [GINSLIB] processing : 2020/10/04 02:50:17 Q=5
2026-01-08 19:38:04,249 - INFO - [GINSLIB] processing : 2020/10/04 02:50:18 Q=5
2026-01-08 19:38:04,249 - INFO - [GINSLIB] processing : 2020/10/04 02:50:19 Q=5
2026-01-08 19:38:04,250 - INFO - [GINSLIB] processing : 2020/10/04 02:50:20 Q=5
2026-01-08 19:38:04,250 - INFO - [GINSLIB] processing : 2020/10/04 02:50:21 Q=5
2026-01-08 19:38:04,250 - INFO - [GINSLIB] processing : 2020/10/04 02:50:22 Q=5
2026-01-08 19:38:04,250 - INFO - [GINSLIB] processing : 2020/10/04 02:50:23 Q=5
2026-01-08 19:38:04,250 - INFO - [GINSLIB] processing : 2020/10/04 02:50:24 Q=5
2026-01-08 19:38:04,250 - INFO - [GINSLIB] processing : 2020/10/04 02:50:25 Q=5
2026-01-08 19:38:04,250 - INFO - [GINSLIB] processing : 2020/10/04 02:50:26 Q=5
2026-01-08 19:38:04,250 - INFO - [GINSLIB] processing : 2020/10/04 02:50:27 Q=5
2026-01-08 19:38:04,250 - INFO - [GINSLIB] processing : 2020/10/04 02:50:28 Q=5
2026-01-08 19:38:04,250 - INFO - [GINSLIB] processing : 2020/10/04 02:50:29 Q=5
2026-01-08 19:38:04,250 - INFO - [GINSLIB] processing : 2020/10/04 02:50:30 Q=5
2026-01-08 19:38:04,251 - INFO - [GINSLIB] processing : 2020/10/04 02:50:31 Q=5
2026-01-08 19:38:04,251 - INFO - [GINSLIB] processing : 2020/10/04 02:50:32 Q=5
2026-01-08 19:38:04,251 - INFO - [GINSLIB] processing : 2020/10/04 02:50:33 Q=5
2026-01-08 19:38:04,251 - INFO - [GINSLIB] processing : 2020/10/04 02:50:34 Q=5
2026-01-08 19:38:04,251 - INFO - [GINSLIB] processing : 2020/10/04 02:50:35 Q=5
2026-01-08 19:38:04,251 - INFO - [GINSLIB] processing : 2020/10/04 02:50:36 Q=5
2026-01-08 19:38:04,251 - INFO - [GINSLIB] processing : 2020/10/04 02:50:37 Q=5
2026-01-08 19:38:04,251 - INFO - [GINSLIB] processing : 2020/10/04 02:50:38 Q=5
2026-01-08 19:38:04,251 - INFO - [GINSLIB] processing : 2020/10/04 02:50:39 Q=5
2026-01-08 19:38:04,251 - INFO - [GINSLIB] processing : 2020/10/04 02:50:40 Q=5
2026-01-08 19:38:04,251 - INFO - [GINSLIB] processing : 2020/10/04 02:50:41 Q=5
2026-01-08 19:38:04,252 - INFO - [GINSLIB] processing : 2020/10/04 02:50:42 Q=5
2026-01-08 19:38:04,252 - INFO - [GINSLIB] processing : 2020/10/04 02:50:43 Q=5
2026-01-08 19:38:04,252 - INFO - [GINSLIB] processing : 2020/10/04 02:50:44 Q=5
2026-01-08 19:38:04,252 - INFO - [GINSLIB] processing : 2020/10/04 02:50:45 Q=5
2026-01-08 19:38:04,252 - INFO - [GINSLIB] processing : 2020/10/04 02:50:46 Q=5
2026-01-08 19:38:04,252 - INFO - [GINSLIB] processing : 2020/10/04 02:50:47 Q=5
2026-01-08 19:38:04,252 - INFO - [GINSLIB] processing : 2020/10/04 02:50:48 Q=5
2026-01-08 19:38:04,252 - INFO - [GINSLIB] processing : 2020/10/04 02:50:49 Q=5
2026-01-08 19:38:04,252 - INFO - [GINSLIB] processing : 2020/10/04 02:50:50 Q=5
2026-01-08 19:38:04,252 - INFO - [GINSLIB] processing : 2020/10/04 02:50:51 Q=5
2026-01-08 19:38:04,252 - INFO - [GINSLIB] processing : 2020/10/04 02:50:52 Q=5
2026-01-08 19:38:04,253 - INFO - [GINSLIB] processing : 2020/10/04 02:50:53 Q=5
2026-01-08 19:38:04,253 - INFO - [GINSLIB] processing : 2020/10/04 02:50:54 Q=5
2026-01-08 19:38:04,253 - INFO - [GINSLIB] processing : 2020/10/04 02:50:55 Q=5
2026-01-08 19:38:04,253 - INFO - [GINSLIB] processing : 2020/10/04 02:50:56 Q=5
2026-01-08 19:38:04,253 - INFO - [GINSLIB] processing : 2020/10/04 02:50:57 Q=5
2026-01-08 19:38:04,253 - INFO - [GINSLIB] processing : 2020/10/04 02:50:58 Q=5
2026-01-08 19:38:04,253 - INFO - [GINSLIB] processing : 2020/10/04 02:50:59 Q=5
2026-01-08 19:38:04,253 - INFO - [GINSLIB] processing : 2020/10/04 02:51:00 Q=5
2026-01-08 19:38:04,253 - INFO - [GINSLIB] processing : 2020/10/04 02:51:01 Q=5
2026-01-08 19:38:04,253 - INFO - [GINSLIB] processing : 2020/10/04 02:51:02 Q=5
2026-01-08 19:38:04,253 - INFO - [GINSLIB] processing : 2020/10/04 02:51:03 Q=5
2026-01-08 19:38:04,254 - INFO - [GINSLIB] processing : 2020/10/04 02:51:04 Q=5
2026-01-08 19:38:04,254 - INFO - [GINSLIB] processing : 2020/10/04 02:51:05 Q=5
2026-01-08 19:38:04,254 - INFO - [GINSLIB] processing : 2020/10/04 02:51:06 Q=5
2026-01-08 19:38:04,254 - INFO - [GINSLIB] processing : 2020/10/04 02:51:07 Q=5
2026-01-08 19:38:04,254 - INFO - [GINSLIB] processing : 2020/10/04 02:51:08 Q=5
2026-01-08 19:38:04,254 - INFO - [GINSLIB] processing : 2020/10/04 02:51:09 Q=5
2026-01-08 19:38:04,254 - INFO - [GINSLIB] processing : 2020/10/04 02:51:10 Q=5
2026-01-08 19:38:04,254 - INFO - [GINSLIB] processing : 2020/10/04 02:51:11 Q=5
2026-01-08 19:38:04,254 - INFO - [GINSLIB] processing : 2020/10/04 02:51:12 Q=5
2026-01-08 19:38:04,254 - INFO - [GINSLIB] processing : 2020/10/04 02:51:13 Q=5
2026-01-08 19:38:04,254 - INFO - [GINSLIB] processing : 2020/10/04 02:51:14 Q=5
2026-01-08 19:38:04,255 - INFO - [GINSLIB] processing : 2020/10/04 02:51:15 Q=5
2026-01-08 19:38:04,255 - INFO - [GINSLIB] processing : 2020/10/04 02:51:16 Q=5
2026-01-08 19:38:04,255 - INFO - [GINSLIB] processing : 2020/10/04 02:51:17 Q=5
2026-01-08 19:38:04,255 - INFO - [GINSLIB] processing : 2020/10/04 02:51:18 Q=5
2026-01-08 19:38:04,255 - INFO - [GINSLIB] processing : 2020/10/04 02:51:19 Q=5
2026-01-08 19:38:04,255 - INFO - [GINSLIB] processing : 2020/10/04 02:51:20 Q=5
2026-01-08 19:38:04,255 - INFO - [GINSLIB] processing : 2020/10/04 02:51:21 Q=5
2026-01-08 19:38:04,255 - INFO - [GINSLIB] processing : 2020/10/04 02:51:22 Q=5
2026-01-08 19:38:04,255 - INFO - [GINSLIB] processing : 2020/10/04 02:51:23 Q=5
2026-01-08 19:38:04,255 - INFO - [GINSLIB] processing : 2020/10/04 02:51:24 Q=5
2026-01-08 19:38:04,255 - INFO - [GINSLIB] processing : 2020/10/04 02:51:25 Q=5
2026-01-08 19:38:04,256 - INFO - [GINSLIB] processing : 2020/10/04 02:51:26 Q=5
2026-01-08 19:38:04,256 - INFO - [GINSLIB] processing : 2020/10/04 02:51:27 Q=5
2026-01-08 19:38:04,256 - INFO - [GINSLIB] processing : 2020/10/04 02:51:28 Q=5
2026-01-08 19:38:04,256 - INFO - [GINSLIB] processing : 2020/10/04 02:51:29 Q=5
2026-01-08 19:38:04,256 - INFO - [GINSLIB] processing : 2020/10/04 02:51:30 Q=5
2026-01-08 19:38:04,256 - INFO - [GINSLIB] processing : 2020/10/04 02:51:31 Q=5
2026-01-08 19:38:04,257 - INFO - [GINSLIB] processing : 2020/10/04 02:51:32 Q=5
2026-01-08 19:38:04,257 - INFO - [GINSLIB] processing : 2020/10/04 02:51:33 Q=5
2026-01-08 19:38:04,257 - INFO - [GINSLIB] processing : 2020/10/04 02:51:34 Q=5
2026-01-08 19:38:04,257 - INFO - [GINSLIB] processing : 2020/10/04 02:51:35 Q=5
2026-01-08 19:38:04,258 - INFO - [GINSLIB] processing : 2020/10/04 02:51:36 Q=5
2026-01-08 19:38:04,534 - INFO - [GINSLIB] processing : 2020/10/04 02:51:37 Q=5
2026-01-08 19:38:04,534 - INFO - [GINSLIB] processing : 2020/10/04 02:51:38 Q=5
2026-01-08 19:38:04,535 - INFO - [GINSLIB] processing : 2020/10/04 02:51:39 Q=5
2026-01-08 19:38:04,535 - INFO - [GINSLIB] processing : 2020/10/04 02:51:40 Q=5
2026-01-08 19:38:04,535 - INFO - [GINSLIB] processing : 2020/10/04 02:51:41 Q=5
2026-01-08 19:38:04,535 - INFO - [GINSLIB] processing : 2020/10/04 02:51:42 Q=5
2026-01-08 19:38:04,535 - INFO - [GINSLIB] processing : 2020/10/04 02:51:43 Q=5
2026-01-08 19:38:04,536 - INFO - [GINSLIB] processing : 2020/10/04 02:51:44 Q=5
2026-01-08 19:38:04,536 - INFO - [GINSLIB] processing : 2020/10/04 02:51:45 Q=5
2026-01-08 19:38:04,536 - INFO - [GINSLIB] processing : 2020/10/04 02:51:46 Q=5
2026-01-08 19:38:04,536 - INFO - [GINSLIB] processing : 2020/10/04 02:51:47 Q=5
2026-01-08 19:38:04,536 - INFO - [GINSLIB] processing : 2020/10/04 02:51:48 Q=5
2026-01-08 19:38:04,537 - INFO - [GINSLIB] processing : 2020/10/04 02:51:49 Q=5
2026-01-08 19:38:04,537 - INFO - [GINSLIB] processing : 2020/10/04 02:51:50 Q=5
2026-01-08 19:38:04,537 - INFO - [GINSLIB] processing : 2020/10/04 02:51:51 Q=5
2026-01-08 19:38:04,537 - INFO - [GINSLIB] processing : 2020/10/04 02:51:52 Q=5
2026-01-08 19:38:04,537 - INFO - [GINSLIB] processing : 2020/10/04 02:51:53 Q=5
2026-01-08 19:38:04,537 - INFO - [GINSLIB] processing : 2020/10/04 02:51:54 Q=5
2026-01-08 19:38:04,538 - INFO - [GINSLIB] processing : 2020/10/04 02:51:55 Q=5
2026-01-08 19:38:04,538 - INFO - [GINSLIB] processing : 2020/10/04 02:51:56 Q=5
2026-01-08 19:38:04,538 - INFO - [GINSLIB] processing : 2020/10/04 02:51:57 Q=5
2026-01-08 19:38:04,538 - INFO - [GINSLIB] processing : 2020/10/04 02:51:58 Q=5
2026-01-08 19:38:04,538 - INFO - [GINSLIB] processing : 2020/10/04 02:51:59 Q=5
2026-01-08 19:38:04,538 - INFO - [GINSLIB] processing : 2020/10/04 02:52:00 Q=5
2026-01-08 19:38:04,538 - INFO - [GINSLIB] processing : 2020/10/04 02:52:01 Q=5
2026-01-08 19:38:04,538 - INFO - [GINSLIB] processing : 2020/10/04 02:52:02 Q=5
2026-01-08 19:38:04,539 - INFO - [GINSLIB] processing : 2020/10/04 02:52:03 Q=5
2026-01-08 19:38:04,539 - INFO - [GINSLIB] processing : 2020/10/04 02:52:04 Q=5
2026-01-08 19:38:04,539 - INFO - [GINSLIB] processing : 2020/10/04 02:52:05 Q=5
2026-01-08 19:38:04,539 - INFO - [GINSLIB] processing : 2020/10/04 02:52:06 Q=5
2026-01-08 19:38:04,539 - INFO - [GINSLIB] processing : 2020/10/04 02:52:07 Q=5
2026-01-08 19:38:04,539 - INFO - [GINSLIB] processing : 2020/10/04 02:52:08 Q=5
2026-01-08 19:38:04,540 - INFO - [GINSLIB] processing : 2020/10/04 02:52:09 Q=5
2026-01-08 19:38:04,540 - INFO - [GINSLIB] processing : 2020/10/04 02:52:10 Q=5
2026-01-08 19:38:04,540 - INFO - [GINSLIB] processing : 2020/10/04 02:52:11 Q=5
2026-01-08 19:38:04,540 - INFO - [GINSLIB] processing : 2020/10/04 02:52:12 Q=5
2026-01-08 19:38:04,540 - INFO - [GINSLIB] processing : 2020/10/04 02:52:13 Q=5
2026-01-08 19:38:04,541 - INFO - [GINSLIB] processing : 2020/10/04 02:52:14 Q=5
2026-01-08 19:38:04,541 - INFO - [GINSLIB] processing : 2020/10/04 02:52:15 Q=5
2026-01-08 19:38:04,541 - INFO - [GINSLIB] processing : 2020/10/04 02:52:16 Q=5
2026-01-08 19:38:04,542 - INFO - [GINSLIB] processing : 2020/10/04 02:52:17 Q=5
2026-01-08 19:38:04,542 - INFO - [GINSLIB] processing : 2020/10/04 02:52:18 Q=5
2026-01-08 19:38:04,542 - INFO - [GINSLIB] processing : 2020/10/04 02:52:19 Q=5
2026-01-08 19:38:04,542 - INFO - [GINSLIB] processing : 2020/10/04 02:52:20 Q=5
2026-01-08 19:38:04,542 - INFO - [GINSLIB] processing : 2020/10/04 02:52:21 Q=5
2026-01-08 19:38:04,543 - INFO - [GINSLIB] processing : 2020/10/04 02:52:22 Q=5
2026-01-08 19:38:04,543 - INFO - [GINSLIB] processing : 2020/10/04 02:52:23 Q=5
2026-01-08 19:38:04,543 - INFO - [GINSLIB] processing : 2020/10/04 02:52:24 Q=5
2026-01-08 19:38:04,543 - INFO - [GINSLIB] processing : 2020/10/04 02:52:25 Q=5
2026-01-08 19:38:04,543 - INFO - [GINSLIB] processing : 2020/10/04 02:52:26 Q=5
2026-01-08 19:38:04,544 - INFO - [GINSLIB] processing : 2020/10/04 02:52:27 Q=5
2026-01-08 19:38:04,544 - INFO - [GINSLIB] processing : 2020/10/04 02:52:28 Q=5
2026-01-08 19:38:04,544 - INFO - [GINSLIB] processing : 2020/10/04 02:52:29 Q=5
2026-01-08 19:38:04,544 - INFO - [GINSLIB] processing : 2020/10/04 02:52:30 Q=5
2026-01-08 19:38:04,544 - INFO - [GINSLIB] processing : 2020/10/04 02:52:31 Q=5
2026-01-08 19:38:04,544 - INFO - [GINSLIB] processing : 2020/10/04 02:52:32 Q=5
2026-01-08 19:38:04,544 - INFO - [GINSLIB] processing : 2020/10/04 02:52:33 Q=5
2026-01-08 19:38:04,545 - INFO - [GINSLIB] processing : 2020/10/04 02:52:34 Q=5
2026-01-08 19:38:04,545 - INFO - [GINSLIB] processing : 2020/10/04 02:52:35 Q=5
2026-01-08 19:38:04,545 - INFO - [GINSLIB] processing : 2020/10/04 02:52:36 Q=5
2026-01-08 19:38:04,545 - INFO - [GINSLIB] processing : 2020/10/04 02:52:37 Q=5
2026-01-08 19:38:04,545 - INFO - [GINSLIB] processing : 2020/10/04 02:52:38 Q=5
2026-01-08 19:38:04,545 - INFO - [GINSLIB] processing : 2020/10/04 02:52:39 Q=5
2026-01-08 19:38:04,545 - INFO - [GINSLIB] processing : 2020/10/04 02:52:40 Q=5
2026-01-08 19:38:04,546 - INFO - [GINSLIB] processing : 2020/10/04 02:52:41 Q=5
2026-01-08 19:38:04,546 - INFO - [GINSLIB] processing : 2020/10/04 02:52:42 Q=5
2026-01-08 19:38:04,546 - INFO - [GINSLIB] processing : 2020/10/04 02:52:43 Q=5
2026-01-08 19:38:04,546 - INFO - [GINSLIB] processing : 2020/10/04 02:52:44 Q=5
2026-01-08 19:38:04,546 - INFO - [GINSLIB] processing : 2020/10/04 02:52:45 Q=5
2026-01-08 19:38:04,546 - INFO - [GINSLIB] processing : 2020/10/04 02:52:46 Q=5
2026-01-08 19:38:04,547 - INFO - [GINSLIB] processing : 2020/10/04 02:52:47 Q=5
2026-01-08 19:38:04,547 - INFO - [GINSLIB] processing : 2020/10/04 02:52:48 Q=5
2026-01-08 19:38:04,547 - INFO - [GINSLIB] processing : 2020/10/04 02:52:49 Q=5
2026-01-08 19:38:04,547 - INFO - [GINSLIB] processing : 2020/10/04 02:52:50 Q=5
2026-01-08 19:38:04,547 - INFO - [GINSLIB] processing : 2020/10/04 02:52:51 Q=5
2026-01-08 19:38:04,547 - INFO - [GINSLIB] processing : 2020/10/04 02:52:52 Q=5
2026-01-08 19:38:04,548 - INFO - [GINSLIB] processing : 2020/10/04 02:52:53 Q=5
2026-01-08 19:38:04,548 - INFO - [GINSLIB] processing : 2020/10/04 02:52:54 Q=5
2026-01-08 19:38:04,548 - INFO - [GINSLIB] processing : 2020/10/04 02:52:55 Q=5
2026-01-08 19:38:04,548 - INFO - [GINSLIB] processing : 2020/10/04 02:52:56 Q=5
2026-01-08 19:38:04,548 - INFO - [GINSLIB] processing : 2020/10/04 02:52:57 Q=5
2026-01-08 19:38:04,548 - INFO - [GINSLIB] processing : 2020/10/04 02:52:58 Q=5
2026-01-08 19:38:04,548 - INFO - [GINSLIB] processing : 2020/10/04 02:52:59 Q=5
2026-01-08 19:38:04,549 - INFO - [GINSLIB] processing : 2020/10/04 02:53:00 Q=5
2026-01-08 19:38:04,549 - INFO - [GINSLIB] processing : 2020/10/04 02:53:01 Q=5
2026-01-08 19:38:04,549 - INFO - [GINSLIB] processing : 2020/10/04 02:53:02 Q=5
2026-01-08 19:38:04,549 - INFO - [GINSLIB] processing : 2020/10/04 02:53:03 Q=5
2026-01-08 19:38:04,549 - INFO - [GINSLIB] processing : 2020/10/04 02:53:04 Q=5
2026-01-08 19:38:04,549 - INFO - [GINSLIB] processing : 2020/10/04 02:53:05 Q=5
2026-01-08 19:38:04,549 - INFO - [GINSLIB] processing : 2020/10/04 02:53:06 Q=5
2026-01-08 19:38:04,549 - INFO - [GINSLIB] processing : 2020/10/04 02:53:07 Q=5
2026-01-08 19:38:04,549 - INFO - [GINSLIB] processing : 2020/10/04 02:53:08 Q=5
2026-01-08 19:38:04,550 - INFO - [GINSLIB] processing : 2020/10/04 02:53:09 Q=5
2026-01-08 19:38:04,550 - INFO - [GINSLIB] processing : 2020/10/04 02:53:10 Q=5
2026-01-08 19:38:04,550 - INFO - [GINSLIB] processing : 2020/10/04 02:53:11 Q=5
2026-01-08 19:38:04,550 - INFO - [GINSLIB] processing : 2020/10/04 02:53:12 Q=5
2026-01-08 19:38:04,550 - INFO - [GINSLIB] processing : 2020/10/04 02:53:13 Q=5
2026-01-08 19:38:04,550 - INFO - [GINSLIB] processing : 2020/10/04 02:53:14 Q=5
2026-01-08 19:38:04,551 - INFO - [GINSLIB] processing : 2020/10/04 02:53:15 Q=5
2026-01-08 19:38:04,551 - INFO - [GINSLIB] processing : 2020/10/04 02:53:16 Q=5
2026-01-08 19:38:04,551 - INFO - [GINSLIB] processing : 2020/10/04 02:53:17 Q=5
2026-01-08 19:38:04,551 - INFO - [GINSLIB] processing : 2020/10/04 02:53:18 Q=5
2026-01-08 19:38:04,551 - INFO - [GINSLIB] processing : 2020/10/04 02:53:19 Q=5
2026-01-08 19:38:04,551 - INFO - [GINSLIB] processing : 2020/10/04 02:53:20 Q=5
2026-01-08 19:38:04,551 - INFO - [GINSLIB] processing : 2020/10/04 02:53:21 Q=5
2026-01-08 19:38:04,551 - INFO - [GINSLIB] processing : 2020/10/04 02:53:22 Q=5
2026-01-08 19:38:04,552 - INFO - [GINSLIB] processing : 2020/10/04 02:53:23 Q=5
2026-01-08 19:38:04,552 - INFO - [GINSLIB] processing : 2020/10/04 02:53:24 Q=5
2026-01-08 19:38:04,552 - INFO - [GINSLIB] processing : 2020/10/04 02:53:25 Q=5
2026-01-08 19:38:04,552 - INFO - [GINSLIB] processing : 2020/10/04 02:53:26 Q=5
2026-01-08 19:38:04,814 - INFO - [GINSLIB] processing : 2020/10/04 02:53:27 Q=5
2026-01-08 19:38:04,815 - INFO - [GINSLIB] processing : 2020/10/04 02:53:28 Q=5
2026-01-08 19:38:04,815 - INFO - [GINSLIB] processing : 2020/10/04 02:53:29 Q=5
2026-01-08 19:38:04,815 - INFO - [GINSLIB] processing : 2020/10/04 02:53:30 Q=5
2026-01-08 19:38:04,815 - INFO - [GINSLIB] processing : 2020/10/04 02:53:31 Q=5
2026-01-08 19:38:04,815 - INFO - [GINSLIB] processing : 2020/10/04 02:53:32 Q=5
2026-01-08 19:38:04,816 - INFO - [GINSLIB] processing : 2020/10/04 02:53:33 Q=5
2026-01-08 19:38:04,816 - INFO - [GINSLIB] processing : 2020/10/04 02:53:34 Q=5
2026-01-08 19:38:04,816 - INFO - [GINSLIB] processing : 2020/10/04 02:53:35 Q=5
2026-01-08 19:38:04,816 - INFO - [GINSLIB] processing : 2020/10/04 02:53:36 Q=5
2026-01-08 19:38:04,816 - INFO - [GINSLIB] processing : 2020/10/04 02:53:37 Q=5
2026-01-08 19:38:04,816 - INFO - [GINSLIB] processing : 2020/10/04 02:53:38 Q=5
2026-01-08 19:38:04,817 - INFO - [GINSLIB] processing : 2020/10/04 02:53:39 Q=5
2026-01-08 19:38:04,817 - INFO - [GINSLIB] processing : 2020/10/04 02:53:40 Q=5
2026-01-08 19:38:04,817 - INFO - [GINSLIB] processing : 2020/10/04 02:53:41 Q=5
2026-01-08 19:38:04,817 - INFO - [GINSLIB] processing : 2020/10/04 02:53:42 Q=5
2026-01-08 19:38:04,817 - INFO - [GINSLIB] processing : 2020/10/04 02:53:43 Q=5
2026-01-08 19:38:04,817 - INFO - [GINSLIB] processing : 2020/10/04 02:53:44 Q=5
2026-01-08 19:38:04,817 - INFO - [GINSLIB] processing : 2020/10/04 02:53:45 Q=5
2026-01-08 19:38:04,818 - INFO - [GINSLIB] processing : 2020/10/04 02:53:46 Q=5
2026-01-08 19:38:04,818 - INFO - [GINSLIB] processing : 2020/10/04 02:53:47 Q=5
2026-01-08 19:38:04,818 - INFO - [GINSLIB] processing : 2020/10/04 02:53:48 Q=5
2026-01-08 19:38:04,818 - INFO - [GINSLIB] processing : 2020/10/04 02:53:49 Q=5
2026-01-08 19:38:04,818 - INFO - [GINSLIB] processing : 2020/10/04 02:53:50 Q=5
2026-01-08 19:38:04,818 - INFO - [GINSLIB] processing : 2020/10/04 02:53:51 Q=5
2026-01-08 19:38:04,818 - INFO - [GINSLIB] processing : 2020/10/04 02:53:52 Q=5
2026-01-08 19:38:04,818 - INFO - [GINSLIB] processing : 2020/10/04 02:53:53 Q=5
2026-01-08 19:38:04,819 - INFO - [GINSLIB] processing : 2020/10/04 02:53:54 Q=5
2026-01-08 19:38:04,819 - INFO - [GINSLIB] processing : 2020/10/04 02:53:55 Q=5
2026-01-08 19:38:04,819 - INFO - [GINSLIB] processing : 2020/10/04 02:53:56 Q=5
2026-01-08 19:38:04,819 - INFO - [GINSLIB] processing : 2020/10/04 02:53:57 Q=5
2026-01-08 19:38:04,819 - INFO - [GINSLIB] processing : 2020/10/04 02:53:58 Q=5
2026-01-08 19:38:04,819 - INFO - [GINSLIB] processing : 2020/10/04 02:53:59 Q=5
2026-01-08 19:38:04,819 - INFO - [GINSLIB] processing : 2020/10/04 02:54:00 Q=5
2026-01-08 19:38:04,819 - INFO - [GINSLIB] processing : 2020/10/04 02:54:01 Q=5
2026-01-08 19:38:04,819 - INFO - [GINSLIB] processing : 2020/10/04 02:54:02 Q=5
2026-01-08 19:38:04,819 - INFO - [GINSLIB] processing : 2020/10/04 02:54:03 Q=5
2026-01-08 19:38:04,819 - INFO - [GINSLIB] processing : 2020/10/04 02:54:04 Q=5
2026-01-08 19:38:04,820 - INFO - [GINSLIB] processing : 2020/10/04 02:54:05 Q=5
2026-01-08 19:38:04,820 - INFO - [GINSLIB] processing : 2020/10/04 02:54:06 Q=5
2026-01-08 19:38:04,820 - INFO - [GINSLIB] processing : 2020/10/04 02:54:07 Q=5
2026-01-08 19:38:04,820 - INFO - [GINSLIB] processing : 2020/10/04 02:54:08 Q=5
2026-01-08 19:38:04,820 - INFO - [GINSLIB] processing : 2020/10/04 02:54:09 Q=5
2026-01-08 19:38:04,820 - INFO - [GINSLIB] processing : 2020/10/04 02:54:10 Q=5
2026-01-08 19:38:04,820 - INFO - [GINSLIB] processing : 2020/10/04 02:54:11 Q=5
2026-01-08 19:38:04,820 - INFO - [GINSLIB] processing : 2020/10/04 02:54:12 Q=5
2026-01-08 19:38:04,821 - INFO - [GINSLIB] processing : 2020/10/04 02:54:13 Q=5
2026-01-08 19:38:04,821 - INFO - [GINSLIB] processing : 2020/10/04 02:54:14 Q=5
2026-01-08 19:38:04,821 - INFO - [GINSLIB] processing : 2020/10/04 02:54:15 Q=5
2026-01-08 19:38:04,821 - INFO - [GINSLIB] processing : 2020/10/04 02:54:16 Q=5
2026-01-08 19:38:04,821 - INFO - [GINSLIB] processing : 2020/10/04 02:54:17 Q=5
2026-01-08 19:38:04,822 - INFO - [GINSLIB] processing : 2020/10/04 02:54:18 Q=5
2026-01-08 19:38:04,822 - INFO - [GINSLIB] processing : 2020/10/04 02:54:19 Q=5
2026-01-08 19:38:04,822 - INFO - [GINSLIB] processing : 2020/10/04 02:54:20 Q=5
2026-01-08 19:38:04,822 - INFO - [GINSLIB] processing : 2020/10/04 02:54:21 Q=5
2026-01-08 19:38:04,822 - INFO - [GINSLIB] processing : 2020/10/04 02:54:22 Q=5
2026-01-08 19:38:04,822 - INFO - [GINSLIB] processing : 2020/10/04 02:54:23 Q=5
2026-01-08 19:38:04,823 - INFO - [GINSLIB] processing : 2020/10/04 02:54:24 Q=5
2026-01-08 19:38:04,823 - INFO - [GINSLIB] processing : 2020/10/04 02:54:25 Q=5
2026-01-08 19:38:04,823 - INFO - [GINSLIB] processing : 2020/10/04 02:54:26 Q=5
2026-01-08 19:38:04,823 - INFO - [GINSLIB] processing : 2020/10/04 02:54:27 Q=5
2026-01-08 19:38:04,823 - INFO - [GINSLIB] processing : 2020/10/04 02:54:28 Q=5
2026-01-08 19:38:04,824 - INFO - [GINSLIB] processing : 2020/10/04 02:54:29 Q=5
2026-01-08 19:38:04,824 - INFO - [GINSLIB] processing : 2020/10/04 02:54:30 Q=5
2026-01-08 19:38:04,824 - INFO - [GINSLIB] processing : 2020/10/04 02:54:31 Q=5
2026-01-08 19:38:04,824 - INFO - [GINSLIB] processing : 2020/10/04 02:54:32 Q=5
2026-01-08 19:38:04,824 - INFO - [GINSLIB] processing : 2020/10/04 02:54:33 Q=5
2026-01-08 19:38:04,825 - INFO - [GINSLIB] processing : 2020/10/04 02:54:34 Q=5
2026-01-08 19:38:04,825 - INFO - [GINSLIB] processing : 2020/10/04 02:54:35 Q=5
2026-01-08 19:38:04,825 - INFO - [GINSLIB] processing : 2020/10/04 02:54:36 Q=5
2026-01-08 19:38:04,825 - INFO - [GINSLIB] processing : 2020/10/04 02:54:37 Q=5
2026-01-08 19:38:04,826 - INFO - [GINSLIB] processing : 2020/10/04 02:54:38 Q=5
2026-01-08 19:38:04,826 - INFO - [GINSLIB] processing : 2020/10/04 02:54:39 Q=5
2026-01-08 19:38:04,826 - INFO - [GINSLIB] processing : 2020/10/04 02:54:40 Q=5
2026-01-08 19:38:04,826 - INFO - [GINSLIB] processing : 2020/10/04 02:54:41 Q=5
2026-01-08 19:38:04,826 - INFO - [GINSLIB] processing : 2020/10/04 02:54:42 Q=5
2026-01-08 19:38:04,826 - INFO - [GINSLIB] processing : 2020/10/04 02:54:43 Q=5
2026-01-08 19:38:04,827 - INFO - [GINSLIB] processing : 2020/10/04 02:54:44 Q=5
2026-01-08 19:38:04,827 - INFO - [GINSLIB] processing : 2020/10/04 02:54:45 Q=5
2026-01-08 19:38:04,827 - INFO - [GINSLIB] processing : 2020/10/04 02:54:46 Q=5
2026-01-08 19:38:04,827 - INFO - [GINSLIB] processing : 2020/10/04 02:54:47 Q=5
2026-01-08 19:38:04,827 - INFO - [GINSLIB] processing : 2020/10/04 02:54:48 Q=5
2026-01-08 19:38:04,827 - INFO - [GINSLIB] processing : 2020/10/04 02:54:49 Q=5
2026-01-08 19:38:04,828 - INFO - [GINSLIB] processing : 2020/10/04 02:54:50 Q=5
2026-01-08 19:38:04,828 - INFO - [GINSLIB] processing : 2020/10/04 02:54:51 Q=5
2026-01-08 19:38:04,828 - INFO - [GINSLIB] processing : 2020/10/04 02:54:52 Q=5
2026-01-08 19:38:04,828 - INFO - [GINSLIB] processing : 2020/10/04 02:54:53 Q=5
2026-01-08 19:38:04,828 - INFO - [GINSLIB] processing : 2020/10/04 02:54:54 Q=5
2026-01-08 19:38:04,828 - INFO - [GINSLIB] processing : 2020/10/04 02:54:55 Q=5
2026-01-08 19:38:04,828 - INFO - [GINSLIB] processing : 2020/10/04 02:54:56 Q=5
2026-01-08 19:38:04,828 - INFO - [GINSLIB] processing : 2020/10/04 02:54:57 Q=5
2026-01-08 19:38:04,828 - INFO - [GINSLIB] processing : 2020/10/04 02:54:58 Q=5
2026-01-08 19:38:04,828 - INFO - [GINSLIB] processing : 2020/10/04 02:54:59 Q=5
2026-01-08 19:38:04,829 - INFO - [GINSLIB] processing : 2020/10/04 02:55:00 Q=5
2026-01-08 19:38:04,829 - INFO - [GINSLIB] processing : 2020/10/04 02:55:01 Q=5
2026-01-08 19:38:04,829 - INFO - [GINSLIB] processing : 2020/10/04 02:55:02 Q=5
2026-01-08 19:38:04,829 - INFO - [GINSLIB] processing : 2020/10/04 02:55:03 Q=5
2026-01-08 19:38:04,829 - INFO - [GINSLIB] processing : 2020/10/04 02:55:04 Q=5
2026-01-08 19:38:04,829 - INFO - [GINSLIB] processing : 2020/10/04 02:55:05 Q=5
2026-01-08 19:38:04,829 - INFO - [GINSLIB] processing : 2020/10/04 02:55:06 Q=5
2026-01-08 19:38:04,829 - INFO - [GINSLIB] processing : 2020/10/04 02:55:07 Q=5
2026-01-08 19:38:04,829 - INFO - [GINSLIB] processing : 2020/10/04 02:55:08 Q=5
2026-01-08 19:38:04,829 - INFO - [GINSLIB] processing : 2020/10/04 02:55:09 Q=5
2026-01-08 19:38:04,830 - INFO - [GINSLIB] processing : 2020/10/04 02:55:10 Q=5
2026-01-08 19:38:04,830 - INFO - [GINSLIB] processing : 2020/10/04 02:55:11 Q=5
2026-01-08 19:38:04,830 - INFO - [GINSLIB] processing : 2020/10/04 02:55:12 Q=5
2026-01-08 19:38:04,830 - INFO - [GINSLIB] processing : 2020/10/04 02:55:13 Q=5
2026-01-08 19:38:04,830 - INFO - [GINSLIB] processing : 2020/10/04 02:55:14 Q=5
2026-01-08 19:38:04,830 - INFO - [GINSLIB] processing : 2020/10/04 02:55:15 Q=5
2026-01-08 19:38:04,830 - INFO - [GINSLIB] processing : 2020/10/04 02:55:16 Q=5
2026-01-08 19:38:04,830 - INFO - [GINSLIB] processing : 2020/10/04 02:55:17 Q=5
2026-01-08 19:38:05,126 - INFO - [GINSLIB] processing : 2020/10/04 02:55:18 Q=5
2026-01-08 19:38:05,127 - INFO - [GINSLIB] processing : 2020/10/04 02:55:19 Q=5
2026-01-08 19:38:05,127 - INFO - [GINSLIB] processing : 2020/10/04 02:55:20 Q=5
2026-01-08 19:38:05,127 - INFO - [GINSLIB] processing : 2020/10/04 02:55:21 Q=5
2026-01-08 19:38:05,128 - INFO - [GINSLIB] processing : 2020/10/04 02:55:22 Q=5
2026-01-08 19:38:05,128 - INFO - [GINSLIB] processing : 2020/10/04 02:55:23 Q=5
2026-01-08 19:38:05,128 - INFO - [GINSLIB] processing : 2020/10/04 02:55:24 Q=5
2026-01-08 19:38:05,128 - INFO - [GINSLIB] processing : 2020/10/04 02:55:25 Q=5
2026-01-08 19:38:05,128 - INFO - [GINSLIB] processing : 2020/10/04 02:55:26 Q=5
2026-01-08 19:38:05,129 - INFO - [GINSLIB] processing : 2020/10/04 02:55:27 Q=5
2026-01-08 19:38:05,129 - INFO - [GINSLIB] processing : 2020/10/04 02:55:28 Q=5
2026-01-08 19:38:05,129 - INFO - [GINSLIB] processing : 2020/10/04 02:55:29 Q=5
2026-01-08 19:38:05,129 - INFO - [GINSLIB] processing : 2020/10/04 02:55:30 Q=5
2026-01-08 19:38:05,129 - INFO - [GINSLIB] processing : 2020/10/04 02:55:31 Q=5
2026-01-08 19:38:05,130 - INFO - [GINSLIB] processing : 2020/10/04 02:55:32 Q=5
2026-01-08 19:38:05,130 - INFO - [GINSLIB] processing : 2020/10/04 02:55:33 Q=5
2026-01-08 19:38:05,130 - INFO - [GINSLIB] processing : 2020/10/04 02:55:34 Q=5
2026-01-08 19:38:05,130 - INFO - [GINSLIB] processing : 2020/10/04 02:55:35 Q=5
2026-01-08 19:38:05,131 - INFO - [GINSLIB] processing : 2020/10/04 02:55:36 Q=5
2026-01-08 19:38:05,131 - INFO - [GINSLIB] processing : 2020/10/04 02:55:37 Q=5
2026-01-08 19:38:05,131 - INFO - [GINSLIB] processing : 2020/10/04 02:55:38 Q=5
2026-01-08 19:38:05,131 - INFO - [GINSLIB] processing : 2020/10/04 02:55:39 Q=5
2026-01-08 19:38:05,131 - INFO - [GINSLIB] processing : 2020/10/04 02:55:40 Q=5
2026-01-08 19:38:05,131 - INFO - [GINSLIB] processing : 2020/10/04 02:55:41 Q=5
2026-01-08 19:38:05,131 - INFO - [GINSLIB] processing : 2020/10/04 02:55:42 Q=5
2026-01-08 19:38:05,132 - INFO - [GINSLIB] processing : 2020/10/04 02:55:43 Q=5
2026-01-08 19:38:05,132 - INFO - [GINSLIB] processing : 2020/10/04 02:55:44 Q=5
2026-01-08 19:38:05,132 - INFO - [GINSLIB] processing : 2020/10/04 02:55:45 Q=5
2026-01-08 19:38:05,132 - INFO - [GINSLIB] processing : 2020/10/04 02:55:46 Q=5
2026-01-08 19:38:05,132 - INFO - [GINSLIB] processing : 2020/10/04 02:55:47 Q=5
2026-01-08 19:38:05,132 - INFO - [GINSLIB] processing : 2020/10/04 02:55:48 Q=5
2026-01-08 19:38:05,133 - INFO - [GINSLIB] processing : 2020/10/04 02:55:49 Q=5
2026-01-08 19:38:05,133 - INFO - [GINSLIB] processing : 2020/10/04 02:55:50 Q=5
2026-01-08 19:38:05,133 - INFO - [GINSLIB] processing : 2020/10/04 02:55:51 Q=5
2026-01-08 19:38:05,133 - INFO - [GINSLIB] processing : 2020/10/04 02:55:52 Q=5
2026-01-08 19:38:05,133 - INFO - [GINSLIB] processing : 2020/10/04 02:55:53 Q=5
2026-01-08 19:38:05,133 - INFO - [GINSLIB] processing : 2020/10/04 02:55:54 Q=5
2026-01-08 19:38:05,133 - INFO - [GINSLIB] processing : 2020/10/04 02:55:55 Q=5
2026-01-08 19:38:05,134 - INFO - [GINSLIB] processing : 2020/10/04 02:55:56 Q=5
2026-01-08 19:38:05,134 - INFO - [GINSLIB] processing : 2020/10/04 02:55:57 Q=5
2026-01-08 19:38:05,134 - INFO - [GINSLIB] processing : 2020/10/04 02:55:58 Q=5
2026-01-08 19:38:05,134 - INFO - [GINSLIB] processing : 2020/10/04 02:55:59 Q=5
2026-01-08 19:38:05,134 - INFO - [GINSLIB] processing : 2020/10/04 02:56:00 Q=5
2026-01-08 19:38:05,134 - INFO - [GINSLIB] processing : 2020/10/04 02:56:01 Q=5
2026-01-08 19:38:05,134 - INFO - [GINSLIB] processing : 2020/10/04 02:56:02 Q=5
2026-01-08 19:38:05,134 - INFO - [GINSLIB] processing : 2020/10/04 02:56:03 Q=5
2026-01-08 19:38:05,134 - INFO - [GINSLIB] processing : 2020/10/04 02:56:04 Q=5
2026-01-08 19:38:05,135 - INFO - [GINSLIB] processing : 2020/10/04 02:56:05 Q=5
2026-01-08 19:38:05,135 - INFO - [GINSLIB] processing : 2020/10/04 02:56:06 Q=5
2026-01-08 19:38:05,135 - INFO - [GINSLIB] processing : 2020/10/04 02:56:07 Q=5
2026-01-08 19:38:05,135 - INFO - [GINSLIB] processing : 2020/10/04 02:56:08 Q=5
2026-01-08 19:38:05,135 - INFO - [GINSLIB] processing : 2020/10/04 02:56:09 Q=5
2026-01-08 19:38:05,135 - INFO - [GINSLIB] processing : 2020/10/04 02:56:10 Q=5
2026-01-08 19:38:05,135 - INFO - [GINSLIB] processing : 2020/10/04 02:56:11 Q=5
2026-01-08 19:38:05,135 - INFO - [GINSLIB] processing : 2020/10/04 02:56:12 Q=5
2026-01-08 19:38:05,135 - INFO - [GINSLIB] processing : 2020/10/04 02:56:13 Q=5
2026-01-08 19:38:05,135 - INFO - [GINSLIB] processing : 2020/10/04 02:56:14 Q=5
2026-01-08 19:38:05,136 - INFO - [GINSLIB] processing : 2020/10/04 02:56:15 Q=5
2026-01-08 19:38:05,136 - INFO - [GINSLIB] processing : 2020/10/04 02:56:16 Q=5
2026-01-08 19:38:05,136 - INFO - [GINSLIB] processing : 2020/10/04 02:56:17 Q=5
2026-01-08 19:38:05,136 - INFO - [GINSLIB] processing : 2020/10/04 02:56:18 Q=5
2026-01-08 19:38:05,136 - INFO - [GINSLIB] processing : 2020/10/04 02:56:19 Q=5
2026-01-08 19:38:05,136 - INFO - [GINSLIB] processing : 2020/10/04 02:56:20 Q=5
2026-01-08 19:38:05,136 - INFO - [GINSLIB] processing : 2020/10/04 02:56:21 Q=5
2026-01-08 19:38:05,136 - INFO - [GINSLIB] processing : 2020/10/04 02:56:22 Q=5
2026-01-08 19:38:05,136 - INFO - [GINSLIB] processing : 2020/10/04 02:56:23 Q=5
2026-01-08 19:38:05,136 - INFO - [GINSLIB] processing : 2020/10/04 02:56:24 Q=5
2026-01-08 19:38:05,137 - INFO - [GINSLIB] processing : 2020/10/04 02:56:25 Q=5
2026-01-08 19:38:05,137 - INFO - [GINSLIB] processing : 2020/10/04 02:56:26 Q=5
2026-01-08 19:38:05,137 - INFO - [GINSLIB] processing : 2020/10/04 02:56:27 Q=5
2026-01-08 19:38:05,137 - INFO - [GINSLIB] processing : 2020/10/04 02:56:28 Q=5
2026-01-08 19:38:05,137 - INFO - [GINSLIB] processing : 2020/10/04 02:56:29 Q=5
2026-01-08 19:38:05,137 - INFO - [GINSLIB] processing : 2020/10/04 02:56:30 Q=5
2026-01-08 19:38:05,137 - INFO - [GINSLIB] processing : 2020/10/04 02:56:31 Q=5
2026-01-08 19:38:05,137 - INFO - [GINSLIB] processing : 2020/10/04 02:56:32 Q=5
2026-01-08 19:38:05,137 - INFO - [GINSLIB] processing : 2020/10/04 02:56:33 Q=5
2026-01-08 19:38:05,137 - INFO - [GINSLIB] processing : 2020/10/04 02:56:34 Q=5
2026-01-08 19:38:05,138 - INFO - [GINSLIB] processing : 2020/10/04 02:56:35 Q=5
2026-01-08 19:38:05,138 - INFO - [GINSLIB] processing : 2020/10/04 02:56:36 Q=5
2026-01-08 19:38:05,138 - INFO - [GINSLIB] processing : 2020/10/04 02:56:37 Q=5
2026-01-08 19:38:05,138 - INFO - [GINSLIB] processing : 2020/10/04 02:56:38 Q=5
2026-01-08 19:38:05,138 - INFO - [GINSLIB] processing : 2020/10/04 02:56:39 Q=5
2026-01-08 19:38:05,138 - INFO - [GINSLIB] processing : 2020/10/04 02:56:40 Q=5
2026-01-08 19:38:05,139 - INFO - [GINSLIB] processing : 2020/10/04 02:56:41 Q=5
2026-01-08 19:38:05,139 - INFO - [GINSLIB] processing : 2020/10/04 02:56:42 Q=5
2026-01-08 19:38:05,139 - INFO - [GINSLIB] processing : 2020/10/04 02:56:43 Q=5
2026-01-08 19:38:05,139 - INFO - [GINSLIB] processing : 2020/10/04 02:56:44 Q=5
2026-01-08 19:38:05,139 - INFO - [GINSLIB] processing : 2020/10/04 02:56:45 Q=5
2026-01-08 19:38:05,139 - INFO - [GINSLIB] processing : 2020/10/04 02:56:46 Q=5
2026-01-08 19:38:05,139 - INFO - [GINSLIB] processing : 2020/10/04 02:56:47 Q=5
2026-01-08 19:38:05,139 - INFO - [GINSLIB] processing : 2020/10/04 02:56:48 Q=5
2026-01-08 19:38:05,140 - INFO - [GINSLIB] processing : 2020/10/04 02:56:49 Q=5
2026-01-08 19:38:05,140 - INFO - [GINSLIB] processing : 2020/10/04 02:56:50 Q=5
2026-01-08 19:38:05,140 - INFO - [GINSLIB] processing : 2020/10/04 02:56:51 Q=5
2026-01-08 19:38:05,140 - INFO - [GINSLIB] processing : 2020/10/04 02:56:52 Q=5
2026-01-08 19:38:05,140 - INFO - [GINSLIB] processing : 2020/10/04 02:56:53 Q=5
2026-01-08 19:38:05,141 - INFO - [GINSLIB] processing : 2020/10/04 02:56:54 Q=5
2026-01-08 19:38:05,141 - INFO - [GINSLIB] processing : 2020/10/04 02:56:55 Q=5
2026-01-08 19:38:05,141 - INFO - [GINSLIB] processing : 2020/10/04 02:56:56 Q=5
2026-01-08 19:38:05,141 - INFO - [GINSLIB] processing : 2020/10/04 02:56:57 Q=5
2026-01-08 19:38:05,141 - INFO - [GINSLIB] processing : 2020/10/04 02:56:58 Q=5
2026-01-08 19:38:05,141 - INFO - [GINSLIB] processing : 2020/10/04 02:56:59 Q=5
2026-01-08 19:38:05,141 - INFO - [GINSLIB] processing : 2020/10/04 02:57:00 Q=5
2026-01-08 19:38:05,141 - INFO - [GINSLIB] processing : 2020/10/04 02:57:01 Q=5
2026-01-08 19:38:05,142 - INFO - [GINSLIB] processing : 2020/10/04 02:57:02 Q=5
2026-01-08 19:38:05,142 - INFO - [GINSLIB] processing : 2020/10/04 02:57:03 Q=5
2026-01-08 19:38:05,142 - INFO - [GINSLIB] processing : 2020/10/04 02:57:04 Q=5
2026-01-08 19:38:05,142 - INFO - [GINSLIB] processing : 2020/10/04 02:57:05 Q=5
2026-01-08 19:38:05,142 - INFO - [GINSLIB] processing : 2020/10/04 02:57:06 Q=5
2026-01-08 19:38:05,142 - INFO - [GINSLIB] processing : 2020/10/04 02:57:07 Q=5
2026-01-08 19:38:05,142 - INFO - [GINSLIB] processing : 2020/10/04 02:57:08 Q=5
2026-01-08 19:38:05,423 - INFO - [GINSLIB] processing : 2020/10/04 02:57:09 Q=5
2026-01-08 19:38:05,423 - INFO - [GINSLIB] processing : 2020/10/04 02:57:10 Q=5
2026-01-08 19:38:05,424 - INFO - [GINSLIB] processing : 2020/10/04 02:57:11 Q=5
2026-01-08 19:38:05,424 - INFO - [GINSLIB] processing : 2020/10/04 02:57:12 Q=5
2026-01-08 19:38:05,424 - INFO - [GINSLIB] processing : 2020/10/04 02:57:13 Q=5
2026-01-08 19:38:05,424 - INFO - [GINSLIB] processing : 2020/10/04 02:57:14 Q=5
2026-01-08 19:38:05,425 - INFO - [GINSLIB] processing : 2020/10/04 02:57:15 Q=5
2026-01-08 19:38:05,425 - INFO - [GINSLIB] processing : 2020/10/04 02:57:16 Q=5
2026-01-08 19:38:05,425 - INFO - [GINSLIB] processing : 2020/10/04 02:57:17 Q=5
2026-01-08 19:38:05,425 - INFO - [GINSLIB] processing : 2020/10/04 02:57:18 Q=5
2026-01-08 19:38:05,426 - INFO - [GINSLIB] processing : 2020/10/04 02:57:19 Q=5
2026-01-08 19:38:05,426 - INFO - [GINSLIB] processing : 2020/10/04 02:57:20 Q=5
2026-01-08 19:38:05,426 - INFO - [GINSLIB] processing : 2020/10/04 02:57:21 Q=5
2026-01-08 19:38:05,426 - INFO - [GINSLIB] processing : 2020/10/04 02:57:22 Q=5
2026-01-08 19:38:05,427 - INFO - [GINSLIB] processing : 2020/10/04 02:57:23 Q=5
2026-01-08 19:38:05,427 - INFO - [GINSLIB] processing : 2020/10/04 02:57:24 Q=5
2026-01-08 19:38:05,427 - INFO - [GINSLIB] processing : 2020/10/04 02:57:25 Q=5
2026-01-08 19:38:05,427 - INFO - [GINSLIB] processing : 2020/10/04 02:57:26 Q=5
2026-01-08 19:38:05,427 - INFO - [GINSLIB] processing : 2020/10/04 02:57:27 Q=5
2026-01-08 19:38:05,428 - INFO - [GINSLIB] processing : 2020/10/04 02:57:28 Q=5
2026-01-08 19:38:05,428 - INFO - [GINSLIB] processing : 2020/10/04 02:57:29 Q=5
2026-01-08 19:38:05,428 - INFO - [GINSLIB] processing : 2020/10/04 02:57:30 Q=5
2026-01-08 19:38:05,428 - INFO - [GINSLIB] processing : 2020/10/04 02:57:31 Q=5
2026-01-08 19:38:05,429 - INFO - [GINSLIB] processing : 2020/10/04 02:57:32 Q=5
2026-01-08 19:38:05,429 - INFO - [GINSLIB] processing : 2020/10/04 02:57:33 Q=5
2026-01-08 19:38:05,429 - INFO - [GINSLIB] processing : 2020/10/04 02:57:34 Q=5
2026-01-08 19:38:05,429 - INFO - [GINSLIB] processing : 2020/10/04 02:57:35 Q=5
2026-01-08 19:38:05,429 - INFO - [GINSLIB] processing : 2020/10/04 02:57:36 Q=5
2026-01-08 19:38:05,430 - INFO - [GINSLIB] processing : 2020/10/04 02:57:37 Q=5
2026-01-08 19:38:05,430 - INFO - [GINSLIB] processing : 2020/10/04 02:57:38 Q=5
2026-01-08 19:38:05,430 - INFO - [GINSLIB] processing : 2020/10/04 02:57:39 Q=5
2026-01-08 19:38:05,430 - INFO - [GINSLIB] processing : 2020/10/04 02:57:40 Q=5
2026-01-08 19:38:05,430 - INFO - [GINSLIB] processing : 2020/10/04 02:57:41 Q=5
2026-01-08 19:38:05,431 - INFO - [GINSLIB] processing : 2020/10/04 02:57:42 Q=5
2026-01-08 19:38:05,431 - INFO - [GINSLIB] processing : 2020/10/04 02:57:43 Q=5
2026-01-08 19:38:05,431 - INFO - [GINSLIB] processing : 2020/10/04 02:57:44 Q=5
2026-01-08 19:38:05,431 - INFO - [GINSLIB] processing : 2020/10/04 02:57:45 Q=5
2026-01-08 19:38:05,431 - INFO - [GINSLIB] processing : 2020/10/04 02:57:46 Q=5
2026-01-08 19:38:05,431 - INFO - [GINSLIB] processing : 2020/10/04 02:57:47 Q=5
2026-01-08 19:38:05,431 - INFO - [GINSLIB] processing : 2020/10/04 02:57:48 Q=5
2026-01-08 19:38:05,431 - INFO - [GINSLIB] processing : 2020/10/04 02:57:49 Q=5
2026-01-08 19:38:05,432 - INFO - [GINSLIB] processing : 2020/10/04 02:57:50 Q=5
2026-01-08 19:38:05,432 - INFO - [GINSLIB] processing : 2020/10/04 02:57:51 Q=5
2026-01-08 19:38:05,432 - INFO - [GINSLIB] processing : 2020/10/04 02:57:52 Q=5
2026-01-08 19:38:05,432 - INFO - [GINSLIB] processing : 2020/10/04 02:57:53 Q=5
2026-01-08 19:38:05,432 - INFO - [GINSLIB] processing : 2020/10/04 02:57:54 Q=5
2026-01-08 19:38:05,432 - INFO - [GINSLIB] processing : 2020/10/04 02:57:55 Q=5
2026-01-08 19:38:05,432 - INFO - [GINSLIB] processing : 2020/10/04 02:57:56 Q=5
2026-01-08 19:38:05,433 - INFO - [GINSLIB] processing : 2020/10/04 02:57:57 Q=5
2026-01-08 19:38:05,433 - INFO - [GINSLIB] processing : 2020/10/04 02:57:58 Q=5
2026-01-08 19:38:05,433 - INFO - [GINSLIB] processing : 2020/10/04 02:57:59 Q=5
2026-01-08 19:38:05,433 - INFO - [GINSLIB] processing : 2020/10/04 02:58:00 Q=5
2026-01-08 19:38:05,433 - INFO - [GINSLIB] processing : 2020/10/04 02:58:01 Q=5
2026-01-08 19:38:05,433 - INFO - [GINSLIB] processing : 2020/10/04 02:58:02 Q=5
2026-01-08 19:38:05,433 - INFO - [GINSLIB] processing : 2020/10/04 02:58:03 Q=5
2026-01-08 19:38:05,433 - INFO - [GINSLIB] processing : 2020/10/04 02:58:04 Q=5
2026-01-08 19:38:05,434 - INFO - [GINSLIB] processing : 2020/10/04 02:58:05 Q=5
2026-01-08 19:38:05,434 - INFO - [GINSLIB] processing : 2020/10/04 02:58:06 Q=5
2026-01-08 19:38:05,434 - INFO - [GINSLIB] processing : 2020/10/04 02:58:07 Q=5
2026-01-08 19:38:05,434 - INFO - [GINSLIB] processing : 2020/10/04 02:58:08 Q=5
2026-01-08 19:38:05,435 - INFO - [GINSLIB] processing : 2020/10/04 02:58:09 Q=5
2026-01-08 19:38:05,435 - INFO - [GINSLIB] processing : 2020/10/04 02:58:10 Q=5
2026-01-08 19:38:05,435 - INFO - [GINSLIB] processing : 2020/10/04 02:58:11 Q=5
2026-01-08 19:38:05,435 - INFO - [GINSLIB] processing : 2020/10/04 02:58:12 Q=5
2026-01-08 19:38:05,436 - INFO - [GINSLIB] processing : 2020/10/04 02:58:13 Q=5
2026-01-08 19:38:05,436 - INFO - [GINSLIB] processing : 2020/10/04 02:58:14 Q=5
2026-01-08 19:38:05,436 - INFO - [GINSLIB] processing : 2020/10/04 02:58:15 Q=5
2026-01-08 19:38:05,436 - INFO - [GINSLIB] processing : 2020/10/04 02:58:16 Q=5
2026-01-08 19:38:05,436 - INFO - [GINSLIB] processing : 2020/10/04 02:58:17 Q=5
2026-01-08 19:38:05,437 - INFO - [GINSLIB] processing : 2020/10/04 02:58:18 Q=5
2026-01-08 19:38:05,437 - INFO - [GINSLIB] processing : 2020/10/04 02:58:19 Q=5
2026-01-08 19:38:05,437 - INFO - [GINSLIB] processing : 2020/10/04 02:58:20 Q=5
2026-01-08 19:38:05,437 - INFO - [GINSLIB] processing : 2020/10/04 02:58:21 Q=5
2026-01-08 19:38:05,437 - INFO - [GINSLIB] processing : 2020/10/04 02:58:22 Q=5
2026-01-08 19:38:05,437 - INFO - [GINSLIB] processing : 2020/10/04 02:58:23 Q=5
2026-01-08 19:38:05,437 - INFO - [GINSLIB] processing : 2020/10/04 02:58:24 Q=5
2026-01-08 19:38:05,437 - INFO - [GINSLIB] processing : 2020/10/04 02:58:25 Q=5
2026-01-08 19:38:05,438 - INFO - [GINSLIB] processing : 2020/10/04 02:58:26 Q=5
2026-01-08 19:38:05,438 - INFO - [GINSLIB] processing : 2020/10/04 02:58:27 Q=5
2026-01-08 19:38:05,438 - INFO - [GINSLIB] processing : 2020/10/04 02:58:28 Q=5
2026-01-08 19:38:05,438 - INFO - [GINSLIB] processing : 2020/10/04 02:58:29 Q=5
2026-01-08 19:38:05,438 - INFO - [GINSLIB] processing : 2020/10/04 02:58:30 Q=5
2026-01-08 19:38:05,438 - INFO - [GINSLIB] processing : 2020/10/04 02:58:31 Q=5
2026-01-08 19:38:05,438 - INFO - [GINSLIB] processing : 2020/10/04 02:58:32 Q=5
2026-01-08 19:38:05,438 - INFO - [GINSLIB] processing : 2020/10/04 02:58:33 Q=5
2026-01-08 19:38:05,438 - INFO - [GINSLIB] processing : 2020/10/04 02:58:34 Q=5
2026-01-08 19:38:05,439 - INFO - [GINSLIB] processing : 2020/10/04 02:58:35 Q=5
2026-01-08 19:38:05,439 - INFO - [GINSLIB] processing : 2020/10/04 02:58:36 Q=5
2026-01-08 19:38:05,439 - INFO - [GINSLIB] processing : 2020/10/04 02:58:37 Q=5
2026-01-08 19:38:05,439 - INFO - [GINSLIB] processing : 2020/10/04 02:58:38 Q=5
2026-01-08 19:38:05,439 - INFO - [GINSLIB] processing : 2020/10/04 02:58:39 Q=5
2026-01-08 19:38:05,439 - INFO - [GINSLIB] processing : 2020/10/04 02:58:40 Q=5
2026-01-08 19:38:05,439 - INFO - [GINSLIB] processing : 2020/10/04 02:58:41 Q=5
2026-01-08 19:38:05,440 - INFO - [GINSLIB] processing : 2020/10/04 02:58:42 Q=5
2026-01-08 19:38:05,440 - INFO - [GINSLIB] processing : 2020/10/04 02:58:43 Q=5
2026-01-08 19:38:05,440 - INFO - [GINSLIB] processing : 2020/10/04 02:58:44 Q=5
2026-01-08 19:38:05,440 - INFO - [GINSLIB] processing : 2020/10/04 02:58:45 Q=5
2026-01-08 19:38:05,440 - INFO - [GINSLIB] processing : 2020/10/04 02:58:46 Q=5
2026-01-08 19:38:05,440 - INFO - [GINSLIB] processing : 2020/10/04 02:58:47 Q=5
2026-01-08 19:38:05,440 - INFO - [GINSLIB] processing : 2020/10/04 02:58:48 Q=5
2026-01-08 19:38:05,440 - INFO - [GINSLIB] processing : 2020/10/04 02:58:49 Q=5
2026-01-08 19:38:05,441 - INFO - [GINSLIB] processing : 2020/10/04 02:58:50 Q=5
2026-01-08 19:38:05,441 - INFO - [GINSLIB] processing : 2020/10/04 02:58:51 Q=5
2026-01-08 19:38:05,441 - INFO - [GINSLIB] processing : 2020/10/04 02:58:52 Q=5
2026-01-08 19:38:05,441 - INFO - [GINSLIB] processing : 2020/10/04 02:58:53 Q=5
2026-01-08 19:38:05,441 - INFO - [GINSLIB] processing : 2020/10/04 02:58:54 Q=5
2026-01-08 19:38:05,441 - INFO - [GINSLIB] processing : 2020/10/04 02:58:55 Q=5
2026-01-08 19:38:05,441 - INFO - [GINSLIB] processing : 2020/10/04 02:58:56 Q=5
2026-01-08 19:38:05,441 - INFO - [GINSLIB] processing : 2020/10/04 02:58:57 Q=5
2026-01-08 19:38:05,441 - INFO - [GINSLIB] processing : 2020/10/04 02:58:58 Q=5
2026-01-08 19:38:05,441 - INFO - [GINSLIB] processing : 2020/10/04 02:58:59 Q=5
2026-01-08 19:38:05,702 - INFO - [GINSLIB] processing : 2020/10/04 02:59:00 Q=5
2026-01-08 19:38:05,703 - INFO - [GINSLIB] processing : 2020/10/04 02:59:01 Q=5
2026-01-08 19:38:05,703 - INFO - [GINSLIB] processing : 2020/10/04 02:59:02 Q=5
2026-01-08 19:38:05,703 - INFO - [GINSLIB] processing : 2020/10/04 02:59:03 Q=5
2026-01-08 19:38:05,703 - INFO - [GINSLIB] processing : 2020/10/04 02:59:04 Q=5
2026-01-08 19:38:05,704 - INFO - [GINSLIB] processing : 2020/10/04 02:59:05 Q=5
2026-01-08 19:38:05,704 - INFO - [GINSLIB] processing : 2020/10/04 02:59:06 Q=5
2026-01-08 19:38:05,704 - INFO - [GINSLIB] processing : 2020/10/04 02:59:07 Q=5
2026-01-08 19:38:05,704 - INFO - [GINSLIB] processing : 2020/10/04 02:59:08 Q=5
2026-01-08 19:38:05,704 - INFO - [GINSLIB] processing : 2020/10/04 02:59:09 Q=5
2026-01-08 19:38:05,705 - INFO - [GINSLIB] processing : 2020/10/04 02:59:10 Q=5
2026-01-08 19:38:05,705 - INFO - [GINSLIB] processing : 2020/10/04 02:59:11 Q=5
2026-01-08 19:38:05,705 - INFO - [GINSLIB] processing : 2020/10/04 02:59:12 Q=5
2026-01-08 19:38:05,705 - INFO - [GINSLIB] processing : 2020/10/04 02:59:13 Q=5
2026-01-08 19:38:05,705 - INFO - [GINSLIB] processing : 2020/10/04 02:59:14 Q=5
2026-01-08 19:38:05,706 - INFO - [GINSLIB] processing : 2020/10/04 02:59:15 Q=5
2026-01-08 19:38:05,706 - INFO - [GINSLIB] processing : 2020/10/04 02:59:16 Q=5
2026-01-08 19:38:05,706 - INFO - [GINSLIB] processing : 2020/10/04 02:59:17 Q=5
2026-01-08 19:38:05,706 - INFO - [GINSLIB] processing : 2020/10/04 02:59:18 Q=5
2026-01-08 19:38:05,706 - INFO - [GINSLIB] processing : 2020/10/04 02:59:19 Q=5
2026-01-08 19:38:05,707 - INFO - [GINSLIB] processing : 2020/10/04 02:59:20 Q=5
2026-01-08 19:38:05,707 - INFO - [GINSLIB] processing : 2020/10/04 02:59:21 Q=5
2026-01-08 19:38:05,707 - INFO - [GINSLIB] processing : 2020/10/04 02:59:22 Q=5
2026-01-08 19:38:05,707 - INFO - [GINSLIB] processing : 2020/10/04 02:59:23 Q=5
2026-01-08 19:38:05,708 - INFO - [GINSLIB] processing : 2020/10/04 02:59:24 Q=5
2026-01-08 19:38:05,708 - INFO - [GINSLIB] processing : 2020/10/04 02:59:25 Q=5
2026-01-08 19:38:05,708 - INFO - [GINSLIB] processing : 2020/10/04 02:59:26 Q=5
2026-01-08 19:38:05,708 - INFO - [GINSLIB] processing : 2020/10/04 02:59:27 Q=5
2026-01-08 19:38:05,708 - INFO - [GINSLIB] processing : 2020/10/04 02:59:28 Q=5
2026-01-08 19:38:05,708 - INFO - [GINSLIB] processing : 2020/10/04 02:59:29 Q=5
2026-01-08 19:38:05,708 - INFO - [GINSLIB] processing : 2020/10/04 02:59:30 Q=5
2026-01-08 19:38:05,708 - INFO - [GINSLIB] processing : 2020/10/04 02:59:31 Q=5
2026-01-08 19:38:05,708 - INFO - [GINSLIB] processing : 2020/10/04 02:59:32 Q=5
2026-01-08 19:38:05,709 - INFO - [GINSLIB] processing : 2020/10/04 02:59:33 Q=5
2026-01-08 19:38:05,709 - INFO - [GINSLIB] processing : 2020/10/04 02:59:34 Q=5
2026-01-08 19:38:05,709 - INFO - [GINSLIB] processing : 2020/10/04 02:59:35 Q=5
2026-01-08 19:38:05,709 - INFO - [GINSLIB] processing : 2020/10/04 02:59:36 Q=5
2026-01-08 19:38:05,709 - INFO - [GINSLIB] processing : 2020/10/04 02:59:37 Q=5
2026-01-08 19:38:05,709 - INFO - [GINSLIB] processing : 2020/10/04 02:59:38 Q=5
2026-01-08 19:38:05,709 - INFO - [GINSLIB] processing : 2020/10/04 02:59:39 Q=5
2026-01-08 19:38:05,709 - INFO - [GINSLIB] processing : 2020/10/04 02:59:40 Q=5
2026-01-08 19:38:05,709 - INFO - [GINSLIB] processing : 2020/10/04 02:59:41 Q=5
2026-01-08 19:38:05,710 - INFO - [GINSLIB] processing : 2020/10/04 02:59:42 Q=5
2026-01-08 19:38:05,710 - INFO - [GINSLIB] processing : 2020/10/04 02:59:43 Q=5
2026-01-08 19:38:05,710 - INFO - [GINSLIB] processing : 2020/10/04 02:59:44 Q=5
2026-01-08 19:38:05,710 - INFO - [GINSLIB] processing : 2020/10/04 02:59:45 Q=5
2026-01-08 19:38:05,710 - INFO - [GINSLIB] processing : 2020/10/04 02:59:46 Q=5
2026-01-08 19:38:05,710 - INFO - [GINSLIB] processing : 2020/10/04 02:59:47 Q=5
2026-01-08 19:38:05,710 - INFO - [GINSLIB] processing : 2020/10/04 02:59:48 Q=5
2026-01-08 19:38:05,710 - INFO - [GINSLIB] processing : 2020/10/04 02:59:49 Q=5
2026-01-08 19:38:05,710 - INFO - [GINSLIB] processing : 2020/10/04 02:59:50 Q=5
2026-01-08 19:38:05,710 - INFO - [GINSLIB] processing : 2020/10/04 02:59:51 Q=5
2026-01-08 19:38:05,710 - INFO - [GINSLIB] processing : 2020/10/04 02:59:52 Q=5
2026-01-08 19:38:05,711 - INFO - [GINSLIB] processing : 2020/10/04 02:59:53 Q=5
2026-01-08 19:38:05,711 - INFO - [GINSLIB] processing : 2020/10/04 02:59:54 Q=5
2026-01-08 19:38:05,711 - INFO - [GINSLIB] processing : 2020/10/04 02:59:55 Q=5
2026-01-08 19:38:05,711 - INFO - [GINSLIB] processing : 2020/10/04 02:59:56 Q=5
2026-01-08 19:38:05,711 - INFO - [GINSLIB] processing : 2020/10/04 02:59:57 Q=5
2026-01-08 19:38:05,711 - INFO - [GINSLIB] processing : 2020/10/04 02:59:58 Q=5
2026-01-08 19:38:05,711 - INFO - [GINSLIB] processing : 2020/10/04 02:59:59 Q=5
2026-01-08 19:38:05,711 - INFO - [GINSLIB] processing : 2020/10/04 03:00:00 Q=5
2026-01-08 19:38:05,711 - INFO - [GINSLIB] processing : 2020/10/04 03:00:01 Q=5
2026-01-08 19:38:05,711 - INFO - [GINSLIB] processing : 2020/10/04 03:00:02 Q=5
2026-01-08 19:38:05,711 - INFO - [GINSLIB] processing : 2020/10/04 03:00:03 Q=5
2026-01-08 19:38:05,712 - INFO - [GINSLIB] processing : 2020/10/04 03:00:04 Q=5
2026-01-08 19:38:05,712 - INFO - [GINSLIB] processing : 2020/10/04 03:00:05 Q=5
2026-01-08 19:38:05,712 - INFO - [GINSLIB] processing : 2020/10/04 03:00:06 Q=5
2026-01-08 19:38:05,712 - INFO - [GINSLIB] processing : 2020/10/04 03:00:07 Q=5
2026-01-08 19:38:05,712 - INFO - [GINSLIB] processing : 2020/10/04 03:00:08 Q=5
2026-01-08 19:38:05,712 - INFO - [GINSLIB] processing : 2020/10/04 03:00:09 Q=5
2026-01-08 19:38:05,712 - INFO - [GINSLIB] processing : 2020/10/04 03:00:10 Q=5
2026-01-08 19:38:05,712 - INFO - [GINSLIB] processing : 2020/10/04 03:00:11 Q=5
2026-01-08 19:38:05,712 - INFO - [GINSLIB] processing : 2020/10/04 03:00:12 Q=5
2026-01-08 19:38:05,712 - INFO - [GINSLIB] processing : 2020/10/04 03:00:13 Q=5
2026-01-08 19:38:05,712 - INFO - [GINSLIB] processing : 2020/10/04 03:00:14 Q=5
2026-01-08 19:38:05,713 - INFO - [GINSLIB] processing : 2020/10/04 03:00:15 Q=5
2026-01-08 19:38:05,713 - INFO - [GINSLIB] processing : 2020/10/04 03:00:16 Q=5
2026-01-08 19:38:05,713 - INFO - [GINSLIB] processing : 2020/10/04 03:00:17 Q=5
2026-01-08 19:38:05,713 - INFO - [GINSLIB] processing : 2020/10/04 03:00:18 Q=5
2026-01-08 19:38:05,713 - INFO - [GINSLIB] processing : 2020/10/04 03:00:19 Q=5
2026-01-08 19:38:05,713 - INFO - [GINSLIB] processing : 2020/10/04 03:00:20 Q=5
2026-01-08 19:38:05,713 - INFO - [GINSLIB] processing : 2020/10/04 03:00:21 Q=5
2026-01-08 19:38:05,713 - INFO - [GINSLIB] processing : 2020/10/04 03:00:22 Q=5
2026-01-08 19:38:05,713 - INFO - [GINSLIB] processing : 2020/10/04 03:00:23 Q=5
2026-01-08 19:38:05,713 - INFO - [GINSLIB] processing : 2020/10/04 03:00:24 Q=5
2026-01-08 19:38:05,713 - INFO - [GINSLIB] processing : 2020/10/04 03:00:25 Q=5
2026-01-08 19:38:05,714 - INFO - [GINSLIB] processing : 2020/10/04 03:00:26 Q=5
2026-01-08 19:38:05,714 - INFO - [GINSLIB] processing : 2020/10/04 03:00:27 Q=5
2026-01-08 19:38:05,714 - INFO - [GINSLIB] processing : 2020/10/04 03:00:28 Q=5
2026-01-08 19:38:05,714 - INFO - [GINSLIB] processing : 2020/10/04 03:00:29 Q=5
2026-01-08 19:38:05,714 - INFO - [GINSLIB] processing : 2020/10/04 03:00:30 Q=5
2026-01-08 19:38:05,714 - INFO - [GINSLIB] processing : 2020/10/04 03:00:31 Q=5
2026-01-08 19:38:05,714 - INFO - [GINSLIB] processing : 2020/10/04 03:00:32 Q=5
2026-01-08 19:38:05,714 - INFO - [GINSLIB] processing : 2020/10/04 03:00:33 Q=5
2026-01-08 19:38:05,714 - INFO - [GINSLIB] processing : 2020/10/04 03:00:34 Q=5
2026-01-08 19:38:05,714 - INFO - [GINSLIB] processing : 2020/10/04 03:00:35 Q=5
2026-01-08 19:38:05,714 - INFO - [GINSLIB] processing : 2020/10/04 03:00:36 Q=5
2026-01-08 19:38:05,715 - INFO - [GINSLIB] processing : 2020/10/04 03:00:37 Q=5
2026-01-08 19:38:05,715 - INFO - [GINSLIB] processing : 2020/10/04 03:00:38 Q=5
2026-01-08 19:38:05,715 - INFO - [GINSLIB] processing : 2020/10/04 03:00:39 Q=5
2026-01-08 19:38:05,715 - INFO - [GINSLIB] processing : 2020/10/04 03:00:40 Q=5
2026-01-08 19:38:05,715 - INFO - [GINSLIB] processing : 2020/10/04 03:00:41 Q=5
2026-01-08 19:38:05,715 - INFO - [GINSLIB] processing : 2020/10/04 03:00:42 Q=5
2026-01-08 19:38:05,715 - INFO - [GINSLIB] processing : 2020/10/04 03:00:43 Q=5
2026-01-08 19:38:05,715 - INFO - [GINSLIB] processing : 2020/10/04 03:00:44 Q=5
2026-01-08 19:38:05,715 - INFO - [GINSLIB] processing : 2020/10/04 03:00:45 Q=5
2026-01-08 19:38:05,715 - INFO - [GINSLIB] processing : 2020/10/04 03:00:46 Q=5
2026-01-08 19:38:05,715 - INFO - [GINSLIB] processing : 2020/10/04 03:00:47 Q=5
2026-01-08 19:38:05,716 - INFO - [GINSLIB] processing : 2020/10/04 03:00:48 Q=5
2026-01-08 19:38:05,716 - INFO - [GINSLIB] processing : 2020/10/04 03:00:49 Q=5
2026-01-08 19:38:06,017 - INFO - [GINSLIB] processing : 2020/10/04 03:00:50 Q=5
2026-01-08 19:38:06,018 - INFO - [GINSLIB] processing : 2020/10/04 03:00:51 Q=5
2026-01-08 19:38:06,018 - INFO - [GINSLIB] processing : 2020/10/04 03:00:52 Q=5
2026-01-08 19:38:06,018 - INFO - [GINSLIB] processing : 2020/10/04 03:00:53 Q=5
2026-01-08 19:38:06,019 - INFO - [GINSLIB] processing : 2020/10/04 03:00:54 Q=5
2026-01-08 19:38:06,019 - INFO - [GINSLIB] processing : 2020/10/04 03:00:55 Q=5
2026-01-08 19:38:06,019 - INFO - [GINSLIB] processing : 2020/10/04 03:00:56 Q=5
2026-01-08 19:38:06,019 - INFO - [GINSLIB] processing : 2020/10/04 03:00:57 Q=5
2026-01-08 19:38:06,019 - INFO - [GINSLIB] processing : 2020/10/04 03:00:58 Q=5
2026-01-08 19:38:06,020 - INFO - [GINSLIB] processing : 2020/10/04 03:00:59 Q=5
2026-01-08 19:38:06,020 - INFO - [GINSLIB] processing : 2020/10/04 03:01:00 Q=5
2026-01-08 19:38:06,020 - INFO - [GINSLIB] processing : 2020/10/04 03:01:01 Q=5
2026-01-08 19:38:06,020 - INFO - [GINSLIB] processing : 2020/10/04 03:01:02 Q=5
2026-01-08 19:38:06,020 - INFO - [GINSLIB] processing : 2020/10/04 03:01:03 Q=5
2026-01-08 19:38:06,021 - INFO - [GINSLIB] processing : 2020/10/04 03:01:04 Q=5
2026-01-08 19:38:06,021 - INFO - [GINSLIB] processing : 2020/10/04 03:01:05 Q=5
2026-01-08 19:38:06,021 - INFO - [GINSLIB] processing : 2020/10/04 03:01:06 Q=5
2026-01-08 19:38:06,021 - INFO - [GINSLIB] processing : 2020/10/04 03:01:07 Q=5
2026-01-08 19:38:06,022 - INFO - [GINSLIB] processing : 2020/10/04 03:01:08 Q=5
2026-01-08 19:38:06,022 - INFO - [GINSLIB] processing : 2020/10/04 03:01:09 Q=5
2026-01-08 19:38:06,022 - INFO - [GINSLIB] processing : 2020/10/04 03:01:10 Q=5
2026-01-08 19:38:06,022 - INFO - [GINSLIB] processing : 2020/10/04 03:01:11 Q=5
2026-01-08 19:38:06,023 - INFO - [GINSLIB] processing : 2020/10/04 03:01:12 Q=5
2026-01-08 19:38:06,023 - INFO - [GINSLIB] processing : 2020/10/04 03:01:13 Q=5
2026-01-08 19:38:06,023 - INFO - [GINSLIB] processing : 2020/10/04 03:01:14 Q=5
2026-01-08 19:38:06,024 - INFO - [GINSLIB] processing : 2020/10/04 03:01:15 Q=5
2026-01-08 19:38:06,024 - INFO - [GINSLIB] processing : 2020/10/04 03:01:16 Q=5
2026-01-08 19:38:06,025 - INFO - [GINSLIB] processing : 2020/10/04 03:01:17 Q=5
2026-01-08 19:38:06,025 - INFO - [GINSLIB] processing : 2020/10/04 03:01:18 Q=5
2026-01-08 19:38:06,025 - INFO - [GINSLIB] processing : 2020/10/04 03:01:19 Q=5
2026-01-08 19:38:06,026 - INFO - [GINSLIB] processing : 2020/10/04 03:01:20 Q=5
2026-01-08 19:38:06,026 - INFO - [GINSLIB] processing : 2020/10/04 03:01:21 Q=5
2026-01-08 19:38:06,026 - INFO - [GINSLIB] processing : 2020/10/04 03:01:22 Q=5
2026-01-08 19:38:06,026 - INFO - [GINSLIB] processing : 2020/10/04 03:01:23 Q=5
2026-01-08 19:38:06,027 - INFO - [GINSLIB] processing : 2020/10/04 03:01:24 Q=5
2026-01-08 19:38:06,027 - INFO - [GINSLIB] processing : 2020/10/04 03:01:25 Q=5
2026-01-08 19:38:06,027 - INFO - [GINSLIB] processing : 2020/10/04 03:01:26 Q=5
2026-01-08 19:38:06,028 - INFO - [GINSLIB] processing : 2020/10/04 03:01:27 Q=5
2026-01-08 19:38:06,028 - INFO - [GINSLIB] processing : 2020/10/04 03:01:28 Q=5
2026-01-08 19:38:06,028 - INFO - [GINSLIB] processing : 2020/10/04 03:01:29 Q=5
2026-01-08 19:38:06,028 - INFO - [GINSLIB] processing : 2020/10/04 03:01:30 Q=5
2026-01-08 19:38:06,028 - INFO - [GINSLIB] processing : 2020/10/04 03:01:31 Q=5
2026-01-08 19:38:06,029 - INFO - [GINSLIB] processing : 2020/10/04 03:01:32 Q=5
2026-01-08 19:38:06,029 - INFO - [GINSLIB] processing : 2020/10/04 03:01:33 Q=5
2026-01-08 19:38:06,029 - INFO - [GINSLIB] processing : 2020/10/04 03:01:34 Q=5
2026-01-08 19:38:06,029 - INFO - [GINSLIB] processing : 2020/10/04 03:01:35 Q=5
2026-01-08 19:38:06,029 - INFO - [GINSLIB] processing : 2020/10/04 03:01:36 Q=5
2026-01-08 19:38:06,029 - INFO - [GINSLIB] processing : 2020/10/04 03:01:37 Q=5
2026-01-08 19:38:06,030 - INFO - [GINSLIB] processing : 2020/10/04 03:01:38 Q=5
2026-01-08 19:38:06,030 - INFO - [GINSLIB] processing : 2020/10/04 03:01:39 Q=5
2026-01-08 19:38:06,030 - INFO - [GINSLIB] processing : 2020/10/04 03:01:40 Q=5
2026-01-08 19:38:06,030 - INFO - [GINSLIB] processing : 2020/10/04 03:01:41 Q=5
2026-01-08 19:38:06,030 - INFO - [GINSLIB] processing : 2020/10/04 03:01:42 Q=5
2026-01-08 19:38:06,030 - INFO - [GINSLIB] processing : 2020/10/04 03:01:43 Q=5
2026-01-08 19:38:06,030 - INFO - [GINSLIB] processing : 2020/10/04 03:01:44 Q=5
2026-01-08 19:38:06,031 - INFO - [GINSLIB] processing : 2020/10/04 03:01:45 Q=5
2026-01-08 19:38:06,031 - INFO - [GINSLIB] processing : 2020/10/04 03:01:46 Q=5
2026-01-08 19:38:06,031 - INFO - [GINSLIB] processing : 2020/10/04 03:01:47 Q=5
2026-01-08 19:38:06,031 - INFO - [GINSLIB] processing : 2020/10/04 03:01:48 Q=5
2026-01-08 19:38:06,031 - INFO - [GINSLIB] processing : 2020/10/04 03:01:49 Q=5
2026-01-08 19:38:06,031 - INFO - [GINSLIB] processing : 2020/10/04 03:01:50 Q=5
2026-01-08 19:38:06,031 - INFO - [GINSLIB] processing : 2020/10/04 03:01:51 Q=5
2026-01-08 19:38:06,032 - INFO - [GINSLIB] processing : 2020/10/04 03:01:52 Q=5
2026-01-08 19:38:06,032 - INFO - [GINSLIB] processing : 2020/10/04 03:01:53 Q=5
2026-01-08 19:38:06,032 - INFO - [GINSLIB] processing : 2020/10/04 03:01:54 Q=5
2026-01-08 19:38:06,032 - INFO - [GINSLIB] processing : 2020/10/04 03:01:55 Q=5
2026-01-08 19:38:06,032 - INFO - [GINSLIB] processing : 2020/10/04 03:01:56 Q=5
2026-01-08 19:38:06,032 - INFO - [GINSLIB] processing : 2020/10/04 03:01:57 Q=5
2026-01-08 19:38:06,032 - INFO - [GINSLIB] processing : 2020/10/04 03:01:58 Q=5
2026-01-08 19:38:06,033 - INFO - [GINSLIB] processing : 2020/10/04 03:01:59 Q=5
2026-01-08 19:38:06,033 - INFO - [GINSLIB] processing : 2020/10/04 03:02:00 Q=5
2026-01-08 19:38:06,033 - INFO - [GINSLIB] processing : 2020/10/04 03:02:01 Q=5
2026-01-08 19:38:06,033 - INFO - [GINSLIB] processing : 2020/10/04 03:02:02 Q=5
2026-01-08 19:38:06,033 - INFO - [GINSLIB] processing : 2020/10/04 03:02:03 Q=5
2026-01-08 19:38:06,034 - INFO - [GINSLIB] processing : 2020/10/04 03:02:04 Q=5
2026-01-08 19:38:06,034 - INFO - [GINSLIB] processing : 2020/10/04 03:02:05 Q=5
2026-01-08 19:38:06,034 - INFO - [GINSLIB] processing : 2020/10/04 03:02:06 Q=5
2026-01-08 19:38:06,034 - INFO - [GINSLIB] processing : 2020/10/04 03:02:07 Q=5
2026-01-08 19:38:06,034 - INFO - [GINSLIB] processing : 2020/10/04 03:02:08 Q=5
2026-01-08 19:38:06,034 - INFO - [GINSLIB] processing : 2020/10/04 03:02:09 Q=5
2026-01-08 19:38:06,035 - INFO - [GINSLIB] processing : 2020/10/04 03:02:10 Q=5
2026-01-08 19:38:06,035 - INFO - [GINSLIB] processing : 2020/10/04 03:02:11 Q=5
2026-01-08 19:38:06,035 - INFO - [GINSLIB] processing : 2020/10/04 03:02:12 Q=5
2026-01-08 19:38:06,035 - INFO - [GINSLIB] processing : 2020/10/04 03:02:13 Q=5
2026-01-08 19:38:06,035 - INFO - [GINSLIB] processing : 2020/10/04 03:02:14 Q=5
2026-01-08 19:38:06,035 - INFO - [GINSLIB] processing : 2020/10/04 03:02:15 Q=5
2026-01-08 19:38:06,035 - INFO - [GINSLIB] processing : 2020/10/04 03:02:16 Q=5
2026-01-08 19:38:06,035 - INFO - [GINSLIB] processing : 2020/10/04 03:02:17 Q=5
2026-01-08 19:38:06,036 - INFO - [GINSLIB] processing : 2020/10/04 03:02:18 Q=5
2026-01-08 19:38:06,036 - INFO - [GINSLIB] processing : 2020/10/04 03:02:19 Q=5
2026-01-08 19:38:06,036 - INFO - [GINSLIB] processing : 2020/10/04 03:02:20 Q=5
2026-01-08 19:38:06,036 - INFO - [GINSLIB] processing : 2020/10/04 03:02:21 Q=5
2026-01-08 19:38:06,036 - INFO - [GINSLIB] processing : 2020/10/04 03:02:22 Q=5
2026-01-08 19:38:06,036 - INFO - [GINSLIB] processing : 2020/10/04 03:02:23 Q=5
2026-01-08 19:38:06,036 - INFO - [GINSLIB] processing : 2020/10/04 03:02:24 Q=5
2026-01-08 19:38:06,036 - INFO - [GINSLIB] processing : 2020/10/04 03:02:25 Q=5
2026-01-08 19:38:06,037 - INFO - [GINSLIB] processing : 2020/10/04 03:02:26 Q=5
2026-01-08 19:38:06,037 - INFO - [GINSLIB] processing : 2020/10/04 03:02:27 Q=5
2026-01-08 19:38:06,037 - INFO - [GINSLIB] processing : 2020/10/04 03:02:28 Q=5
2026-01-08 19:38:06,037 - INFO - [GINSLIB] processing : 2020/10/04 03:02:29 Q=5
2026-01-08 19:38:06,037 - INFO - [GINSLIB] processing : 2020/10/04 03:02:30 Q=5
2026-01-08 19:38:06,037 - INFO - [GINSLIB] processing : 2020/10/04 03:02:31 Q=5
2026-01-08 19:38:06,037 - INFO - [GINSLIB] processing : 2020/10/04 03:02:32 Q=5
2026-01-08 19:38:06,038 - INFO - [GINSLIB] processing : 2020/10/04 03:02:33 Q=5
2026-01-08 19:38:06,038 - INFO - [GINSLIB] processing : 2020/10/04 03:02:34 Q=5
2026-01-08 19:38:06,038 - INFO - [GINSLIB] processing : 2020/10/04 03:02:35 Q=5
2026-01-08 19:38:06,038 - INFO - [GINSLIB] processing : 2020/10/04 03:02:36 Q=5
2026-01-08 19:38:06,038 - INFO - [GINSLIB] processing : 2020/10/04 03:02:37 Q=5
2026-01-08 19:38:06,038 - INFO - [GINSLIB] processing : 2020/10/04 03:02:38 Q=5
2026-01-08 19:38:06,038 - INFO - [GINSLIB] processing : 2020/10/04 03:02:39 Q=5
2026-01-08 19:38:06,039 - INFO - [GINSLIB] processing : 2020/10/04 03:02:40 Q=5
2026-01-08 19:38:06,346 - INFO - [GINSLIB] processing : 2020/10/04 03:02:41 Q=5
2026-01-08 19:38:06,346 - INFO - [GINSLIB] processing : 2020/10/04 03:02:42 Q=5
2026-01-08 19:38:06,346 - INFO - [GINSLIB] processing : 2020/10/04 03:02:43 Q=5
2026-01-08 19:38:06,346 - INFO - [GINSLIB] processing : 2020/10/04 03:02:44 Q=5
2026-01-08 19:38:06,347 - INFO - [GINSLIB] processing : 2020/10/04 03:02:45 Q=5
2026-01-08 19:38:06,347 - INFO - [GINSLIB] processing : 2020/10/04 03:02:46 Q=5
2026-01-08 19:38:06,347 - INFO - [GINSLIB] processing : 2020/10/04 03:02:47 Q=5
2026-01-08 19:38:06,347 - INFO - [GINSLIB] processing : 2020/10/04 03:02:48 Q=5
2026-01-08 19:38:06,347 - INFO - [GINSLIB] processing : 2020/10/04 03:02:49 Q=5
2026-01-08 19:38:06,348 - INFO - [GINSLIB] processing : 2020/10/04 03:02:50 Q=5
2026-01-08 19:38:06,348 - INFO - [GINSLIB] processing : 2020/10/04 03:02:51 Q=5
2026-01-08 19:38:06,348 - INFO - [GINSLIB] processing : 2020/10/04 03:02:52 Q=5
2026-01-08 19:38:06,348 - INFO - [GINSLIB] processing : 2020/10/04 03:02:53 Q=5
2026-01-08 19:38:06,349 - INFO - [GINSLIB] processing : 2020/10/04 03:02:54 Q=5
2026-01-08 19:38:06,349 - INFO - [GINSLIB] processing : 2020/10/04 03:02:55 Q=5
2026-01-08 19:38:06,349 - INFO - [GINSLIB] processing : 2020/10/04 03:02:56 Q=5
2026-01-08 19:38:06,349 - INFO - [GINSLIB] processing : 2020/10/04 03:02:57 Q=5
2026-01-08 19:38:06,350 - INFO - [GINSLIB] processing : 2020/10/04 03:02:58 Q=5
2026-01-08 19:38:06,350 - INFO - [GINSLIB] processing : 2020/10/04 03:02:59 Q=5
2026-01-08 19:38:06,350 - INFO - [GINSLIB] processing : 2020/10/04 03:03:00 Q=5
2026-01-08 19:38:06,350 - INFO - [GINSLIB] processing : 2020/10/04 03:03:01 Q=5
2026-01-08 19:38:06,351 - INFO - [GINSLIB] processing : 2020/10/04 03:03:02 Q=5
2026-01-08 19:38:06,351 - INFO - [GINSLIB] processing : 2020/10/04 03:03:03 Q=5
2026-01-08 19:38:06,351 - INFO - [GINSLIB] processing : 2020/10/04 03:03:04 Q=5
2026-01-08 19:38:06,351 - INFO - [GINSLIB] processing : 2020/10/04 03:03:05 Q=5
2026-01-08 19:38:06,351 - INFO - [GINSLIB] processing : 2020/10/04 03:03:06 Q=5
2026-01-08 19:38:06,351 - INFO - [GINSLIB] processing : 2020/10/04 03:03:07 Q=5
2026-01-08 19:38:06,352 - INFO - [GINSLIB] processing : 2020/10/04 03:03:08 Q=5
2026-01-08 19:38:06,352 - INFO - [GINSLIB] processing : 2020/10/04 03:03:09 Q=5
2026-01-08 19:38:06,352 - INFO - [GINSLIB] processing : 2020/10/04 03:03:10 Q=5
2026-01-08 19:38:06,352 - INFO - [GINSLIB] processing : 2020/10/04 03:03:11 Q=5
2026-01-08 19:38:06,353 - INFO - [GINSLIB] processing : 2020/10/04 03:03:12 Q=5
2026-01-08 19:38:06,353 - INFO - [GINSLIB] processing : 2020/10/04 03:03:13 Q=5
2026-01-08 19:38:06,353 - INFO - [GINSLIB] processing : 2020/10/04 03:03:14 Q=5
2026-01-08 19:38:06,353 - INFO - [GINSLIB] processing : 2020/10/04 03:03:15 Q=5
2026-01-08 19:38:06,353 - INFO - [GINSLIB] processing : 2020/10/04 03:03:16 Q=5
2026-01-08 19:38:06,353 - INFO - [GINSLIB] processing : 2020/10/04 03:03:17 Q=5
2026-01-08 19:38:06,354 - INFO - [GINSLIB] processing : 2020/10/04 03:03:18 Q=5
2026-01-08 19:38:06,354 - INFO - [GINSLIB] processing : 2020/10/04 03:03:19 Q=5
2026-01-08 19:38:06,354 - INFO - [GINSLIB] processing : 2020/10/04 03:03:20 Q=5
2026-01-08 19:38:06,354 - INFO - [GINSLIB] processing : 2020/10/04 03:03:21 Q=5
2026-01-08 19:38:06,354 - INFO - [GINSLIB] processing : 2020/10/04 03:03:22 Q=5
2026-01-08 19:38:06,354 - INFO - [GINSLIB] processing : 2020/10/04 03:03:23 Q=5
2026-01-08 19:38:06,354 - INFO - [GINSLIB] processing : 2020/10/04 03:03:24 Q=5
2026-01-08 19:38:06,354 - INFO - [GINSLIB] processing : 2020/10/04 03:03:25 Q=5
2026-01-08 19:38:06,354 - INFO - [GINSLIB] processing : 2020/10/04 03:03:26 Q=5
2026-01-08 19:38:06,355 - INFO - [GINSLIB] processing : 2020/10/04 03:03:27 Q=5
2026-01-08 19:38:06,355 - INFO - [GINSLIB] processing : 2020/10/04 03:03:28 Q=5
2026-01-08 19:38:06,355 - INFO - [GINSLIB] processing : 2020/10/04 03:03:29 Q=5
2026-01-08 19:38:06,355 - INFO - [GINSLIB] processing : 2020/10/04 03:03:30 Q=5
2026-01-08 19:38:06,355 - INFO - [GINSLIB] processing : 2020/10/04 03:03:31 Q=5
2026-01-08 19:38:06,355 - INFO - [GINSLIB] processing : 2020/10/04 03:03:32 Q=5
2026-01-08 19:38:06,355 - INFO - [GINSLIB] processing : 2020/10/04 03:03:33 Q=5
2026-01-08 19:38:06,355 - INFO - [GINSLIB] processing : 2020/10/04 03:03:34 Q=5
2026-01-08 19:38:06,356 - INFO - [GINSLIB] processing : 2020/10/04 03:03:35 Q=5
2026-01-08 19:38:06,356 - INFO - [GINSLIB] processing : 2020/10/04 03:03:36 Q=5
2026-01-08 19:38:06,356 - INFO - [GINSLIB] processing : 2020/10/04 03:03:37 Q=5
2026-01-08 19:38:06,356 - INFO - [GINSLIB] processing : 2020/10/04 03:03:38 Q=5
2026-01-08 19:38:06,356 - INFO - [GINSLIB] processing : 2020/10/04 03:03:39 Q=5
2026-01-08 19:38:06,356 - INFO - [GINSLIB] processing : 2020/10/04 03:03:40 Q=5
2026-01-08 19:38:06,356 - INFO - [GINSLIB] processing : 2020/10/04 03:03:41 Q=5
2026-01-08 19:38:06,357 - INFO - [GINSLIB] processing : 2020/10/04 03:03:42 Q=5
2026-01-08 19:38:06,357 - INFO - [GINSLIB] processing : 2020/10/04 03:03:43 Q=5
2026-01-08 19:38:06,357 - INFO - [GINSLIB] processing : 2020/10/04 03:03:44 Q=5
2026-01-08 19:38:06,357 - INFO - [GINSLIB] processing : 2020/10/04 03:03:45 Q=5
2026-01-08 19:38:06,357 - INFO - [GINSLIB] processing : 2020/10/04 03:03:46 Q=5
2026-01-08 19:38:06,358 - INFO - [GINSLIB] processing : 2020/10/04 03:03:47 Q=5
2026-01-08 19:38:06,358 - INFO - [GINSLIB] processing : 2020/10/04 03:03:48 Q=5
2026-01-08 19:38:06,358 - INFO - [GINSLIB] processing : 2020/10/04 03:03:49 Q=5
2026-01-08 19:38:06,358 - INFO - [GINSLIB] processing : 2020/10/04 03:03:50 Q=5
2026-01-08 19:38:06,358 - INFO - [GINSLIB] processing : 2020/10/04 03:03:51 Q=5
2026-01-08 19:38:06,359 - INFO - [GINSLIB] processing : 2020/10/04 03:03:52 Q=5
2026-01-08 19:38:06,359 - INFO - [GINSLIB] processing : 2020/10/04 03:03:53 Q=5
2026-01-08 19:38:06,359 - INFO - [GINSLIB] processing : 2020/10/04 03:03:54 Q=5
2026-01-08 19:38:06,359 - INFO - [GINSLIB] processing : 2020/10/04 03:03:55 Q=5
2026-01-08 19:38:06,359 - INFO - [GINSLIB] processing : 2020/10/04 03:03:56 Q=5
2026-01-08 19:38:06,359 - INFO - [GINSLIB] processing : 2020/10/04 03:03:57 Q=5
2026-01-08 19:38:06,359 - INFO - [GINSLIB] processing : 2020/10/04 03:03:58 Q=5
2026-01-08 19:38:06,360 - INFO - [GINSLIB] processing : 2020/10/04 03:03:59 Q=5
2026-01-08 19:38:06,360 - INFO - [GINSLIB] processing : 2020/10/04 03:04:00 Q=5
2026-01-08 19:38:06,360 - INFO - [GINSLIB] processing : 2020/10/04 03:04:01 Q=5
2026-01-08 19:38:06,360 - INFO - [GINSLIB] processing : 2020/10/04 03:04:02 Q=5
2026-01-08 19:38:06,360 - INFO - [GINSLIB] processing : 2020/10/04 03:04:03 Q=5
2026-01-08 19:38:06,360 - INFO - [GINSLIB] processing : 2020/10/04 03:04:04 Q=5
2026-01-08 19:38:06,360 - INFO - [GINSLIB] processing : 2020/10/04 03:04:05 Q=5
2026-01-08 19:38:06,361 - INFO - [GINSLIB] processing : 2020/10/04 03:04:06 Q=5
2026-01-08 19:38:06,361 - INFO - [GINSLIB] processing : 2020/10/04 03:04:07 Q=5
2026-01-08 19:38:06,361 - INFO - [GINSLIB] processing : 2020/10/04 03:04:08 Q=5
2026-01-08 19:38:06,361 - INFO - [GINSLIB] processing : 2020/10/04 03:04:09 Q=5
2026-01-08 19:38:06,361 - INFO - [GINSLIB] processing : 2020/10/04 03:04:10 Q=5
2026-01-08 19:38:06,361 - INFO - [GINSLIB] processing : 2020/10/04 03:04:11 Q=5
2026-01-08 19:38:06,361 - INFO - [GINSLIB] processing : 2020/10/04 03:04:12 Q=5
2026-01-08 19:38:06,361 - INFO - [GINSLIB] processing : 2020/10/04 03:04:13 Q=5
2026-01-08 19:38:06,361 - INFO - [GINSLIB] processing : 2020/10/04 03:04:14 Q=5
2026-01-08 19:38:06,362 - INFO - [GINSLIB] processing : 2020/10/04 03:04:15 Q=5
2026-01-08 19:38:06,362 - INFO - [GINSLIB] processing : 2020/10/04 03:04:16 Q=5
2026-01-08 19:38:06,362 - INFO - [GINSLIB] processing : 2020/10/04 03:04:17 Q=5
2026-01-08 19:38:06,362 - INFO - [GINSLIB] processing : 2020/10/04 03:04:18 Q=5
2026-01-08 19:38:06,362 - INFO - [GINSLIB] processing : 2020/10/04 03:04:19 Q=5
2026-01-08 19:38:06,362 - INFO - [GINSLIB] processing : 2020/10/04 03:04:20 Q=5
2026-01-08 19:38:06,362 - INFO - [GINSLIB] processing : 2020/10/04 03:04:21 Q=5
2026-01-08 19:38:06,363 - INFO - [GINSLIB] processing : 2020/10/04 03:04:22 Q=5
2026-01-08 19:38:06,363 - INFO - [GINSLIB] processing : 2020/10/04 03:04:23 Q=5
2026-01-08 19:38:06,363 - INFO - [GINSLIB] processing : 2020/10/04 03:04:24 Q=5
2026-01-08 19:38:06,363 - INFO - [GINSLIB] processing : 2020/10/04 03:04:25 Q=5
2026-01-08 19:38:06,363 - INFO - [GINSLIB] processing : 2020/10/04 03:04:26 Q=5
2026-01-08 19:38:06,363 - INFO - [GINSLIB] processing : 2020/10/04 03:04:27 Q=5
2026-01-08 19:38:06,363 - INFO - [GINSLIB] processing : 2020/10/04 03:04:28 Q=5
2026-01-08 19:38:06,363 - INFO - [GINSLIB] processing : 2020/10/04 03:04:29 Q=5
2026-01-08 19:38:06,363 - INFO - [GINSLIB] processing : 2020/10/04 03:04:30 Q=5
2026-01-08 19:38:06,363 - INFO - [GINSLIB] processing : 2020/10/04 03:04:31 Q=5
2026-01-08 19:38:06,621 - INFO - [GINSLIB] processing : 2020/10/04 03:04:32 Q=5
2026-01-08 19:38:06,621 - INFO - [GINSLIB] processing : 2020/10/04 03:04:33 Q=5
2026-01-08 19:38:06,621 - INFO - [GINSLIB] processing : 2020/10/04 03:04:34 Q=5
2026-01-08 19:38:06,621 - INFO - [GINSLIB] processing : 2020/10/04 03:04:35 Q=5
2026-01-08 19:38:06,621 - INFO - [GINSLIB] processing : 2020/10/04 03:04:36 Q=5
2026-01-08 19:38:06,622 - INFO - [GINSLIB] processing : 2020/10/04 03:04:37 Q=5
2026-01-08 19:38:06,622 - INFO - [GINSLIB] processing : 2020/10/04 03:04:38 Q=5
2026-01-08 19:38:06,622 - INFO - [GINSLIB] processing : 2020/10/04 03:04:39 Q=5
2026-01-08 19:38:06,622 - INFO - [GINSLIB] processing : 2020/10/04 03:04:40 Q=5
2026-01-08 19:38:06,622 - INFO - [GINSLIB] processing : 2020/10/04 03:04:41 Q=5
2026-01-08 19:38:06,622 - INFO - [GINSLIB] processing : 2020/10/04 03:04:42 Q=5
2026-01-08 19:38:06,622 - INFO - [GINSLIB] processing : 2020/10/04 03:04:43 Q=5
2026-01-08 19:38:06,622 - INFO - [GINSLIB] processing : 2020/10/04 03:04:44 Q=5
2026-01-08 19:38:06,622 - INFO - [GINSLIB] processing : 2020/10/04 03:04:45 Q=5
2026-01-08 19:38:06,622 - INFO - [GINSLIB] processing : 2020/10/04 03:04:46 Q=5
2026-01-08 19:38:06,623 - INFO - [GINSLIB] processing : 2020/10/04 03:04:47 Q=5
2026-01-08 19:38:06,623 - INFO - [GINSLIB] processing : 2020/10/04 03:04:48 Q=5
2026-01-08 19:38:06,623 - INFO - [GINSLIB] processing : 2020/10/04 03:04:49 Q=5
2026-01-08 19:38:06,623 - INFO - [GINSLIB] processing : 2020/10/04 03:04:50 Q=5
2026-01-08 19:38:06,623 - INFO - [GINSLIB] processing : 2020/10/04 03:04:51 Q=5
2026-01-08 19:38:06,623 - INFO - [GINSLIB] processing : 2020/10/04 03:04:52 Q=5
2026-01-08 19:38:06,623 - INFO - [GINSLIB] processing : 2020/10/04 03:04:53 Q=5
2026-01-08 19:38:06,624 - INFO - [GINSLIB] processing : 2020/10/04 03:04:54 Q=5
2026-01-08 19:38:06,624 - INFO - [GINSLIB] processing : 2020/10/04 03:04:55 Q=5
2026-01-08 19:38:06,624 - INFO - [GINSLIB] processing : 2020/10/04 03:04:56 Q=5
2026-01-08 19:38:06,624 - INFO - [GINSLIB] processing : 2020/10/04 03:04:57 Q=5
2026-01-08 19:38:06,624 - INFO - [GINSLIB] processing : 2020/10/04 03:04:58 Q=5
2026-01-08 19:38:06,624 - INFO - [GINSLIB] processing : 2020/10/04 03:04:59 Q=5
2026-01-08 19:38:06,624 - INFO - [GINSLIB] processing : 2020/10/04 03:05:00 Q=5
2026-01-08 19:38:06,624 - INFO - [GINSLIB] processing : 2020/10/04 03:05:01 Q=5
2026-01-08 19:38:06,625 - INFO - [GINSLIB] processing : 2020/10/04 03:05:02 Q=5
2026-01-08 19:38:06,625 - INFO - [GINSLIB] processing : 2020/10/04 03:05:03 Q=5
2026-01-08 19:38:06,625 - INFO - [GINSLIB] processing : 2020/10/04 03:05:04 Q=5
2026-01-08 19:38:06,625 - INFO - [GINSLIB] processing : 2020/10/04 03:05:05 Q=5
2026-01-08 19:38:06,625 - INFO - [GINSLIB] processing : 2020/10/04 03:05:06 Q=5
2026-01-08 19:38:06,625 - INFO - [GINSLIB] processing : 2020/10/04 03:05:07 Q=5
2026-01-08 19:38:06,625 - INFO - [GINSLIB] processing : 2020/10/04 03:05:08 Q=5
2026-01-08 19:38:06,625 - INFO - [GINSLIB] processing : 2020/10/04 03:05:09 Q=5
2026-01-08 19:38:06,625 - INFO - [GINSLIB] processing : 2020/10/04 03:05:10 Q=5
2026-01-08 19:38:06,626 - INFO - [GINSLIB] processing : 2020/10/04 03:05:11 Q=5
2026-01-08 19:38:06,626 - INFO - [GINSLIB] processing : 2020/10/04 03:05:12 Q=5
2026-01-08 19:38:06,626 - INFO - [GINSLIB] processing : 2020/10/04 03:05:13 Q=5
2026-01-08 19:38:06,626 - INFO - [GINSLIB] processing : 2020/10/04 03:05:14 Q=5
2026-01-08 19:38:06,626 - INFO - [GINSLIB] processing : 2020/10/04 03:05:15 Q=5
2026-01-08 19:38:06,626 - INFO - [GINSLIB] processing : 2020/10/04 03:05:16 Q=5
2026-01-08 19:38:06,626 - INFO - [GINSLIB] processing : 2020/10/04 03:05:17 Q=5
2026-01-08 19:38:06,626 - INFO - [GINSLIB] processing : 2020/10/04 03:05:18 Q=5
2026-01-08 19:38:06,626 - INFO - [GINSLIB] processing : 2020/10/04 03:05:19 Q=5
2026-01-08 19:38:06,626 - INFO - [GINSLIB] processing : 2020/10/04 03:05:20 Q=5
2026-01-08 19:38:06,627 - INFO - [GINSLIB] processing : 2020/10/04 03:05:21 Q=5
2026-01-08 19:38:06,627 - INFO - [GINSLIB] processing : 2020/10/04 03:05:22 Q=5
2026-01-08 19:38:06,627 - INFO - [GINSLIB] processing : 2020/10/04 03:05:23 Q=5
2026-01-08 19:38:06,627 - INFO - [GINSLIB] processing : 2020/10/04 03:05:24 Q=5
2026-01-08 19:38:06,627 - INFO - [GINSLIB] processing : 2020/10/04 03:05:25 Q=5
2026-01-08 19:38:06,627 - INFO - [GINSLIB] processing : 2020/10/04 03:05:26 Q=5
2026-01-08 19:38:06,627 - INFO - [GINSLIB] processing : 2020/10/04 03:05:27 Q=5
2026-01-08 19:38:06,627 - INFO - [GINSLIB] processing : 2020/10/04 03:05:28 Q=5
2026-01-08 19:38:06,627 - INFO - [GINSLIB] processing : 2020/10/04 03:05:29 Q=5
2026-01-08 19:38:06,627 - INFO - [GINSLIB] processing : 2020/10/04 03:05:30 Q=5
2026-01-08 19:38:06,627 - INFO - [GINSLIB] processing : 2020/10/04 03:05:31 Q=5
2026-01-08 19:38:06,628 - INFO - [GINSLIB] processing : 2020/10/04 03:05:32 Q=5
2026-01-08 19:38:06,628 - INFO - [GINSLIB] processing : 2020/10/04 03:05:33 Q=5
2026-01-08 19:38:06,628 - INFO - [GINSLIB] processing : 2020/10/04 03:05:34 Q=5
2026-01-08 19:38:06,628 - INFO - [GINSLIB] processing : 2020/10/04 03:05:35 Q=5
2026-01-08 19:38:06,628 - INFO - [GINSLIB] processing : 2020/10/04 03:05:36 Q=5
2026-01-08 19:38:06,628 - INFO - [GINSLIB] processing : 2020/10/04 03:05:37 Q=5
2026-01-08 19:38:06,628 - INFO - [GINSLIB] processing : 2020/10/04 03:05:38 Q=5
2026-01-08 19:38:06,628 - INFO - [GINSLIB] processing : 2020/10/04 03:05:39 Q=5
2026-01-08 19:38:06,628 - INFO - [GINSLIB] processing : 2020/10/04 03:05:40 Q=5
2026-01-08 19:38:06,628 - INFO - [GINSLIB] processing : 2020/10/04 03:05:41 Q=5
2026-01-08 19:38:06,628 - INFO - [GINSLIB] processing : 2020/10/04 03:05:42 Q=5
2026-01-08 19:38:06,629 - INFO - [GINSLIB] processing : 2020/10/04 03:05:43 Q=5
2026-01-08 19:38:06,629 - INFO - [GINSLIB] processing : 2020/10/04 03:05:44 Q=5
2026-01-08 19:38:06,629 - INFO - [GINSLIB] processing : 2020/10/04 03:05:45 Q=5
2026-01-08 19:38:06,629 - INFO - [GINSLIB] processing : 2020/10/04 03:05:46 Q=5
2026-01-08 19:38:06,629 - INFO - [GINSLIB] processing : 2020/10/04 03:05:47 Q=5
2026-01-08 19:38:06,629 - INFO - [GINSLIB] processing : 2020/10/04 03:05:48 Q=5
2026-01-08 19:38:06,629 - INFO - [GINSLIB] processing : 2020/10/04 03:05:49 Q=5
2026-01-08 19:38:06,629 - INFO - [GINSLIB] processing : 2020/10/04 03:05:50 Q=5
2026-01-08 19:38:06,629 - INFO - [GINSLIB] processing : 2020/10/04 03:05:51 Q=5
2026-01-08 19:38:06,629 - INFO - [GINSLIB] processing : 2020/10/04 03:05:52 Q=5
2026-01-08 19:38:06,629 - INFO - [GINSLIB] processing : 2020/10/04 03:05:53 Q=5
2026-01-08 19:38:06,630 - INFO - [GINSLIB] processing : 2020/10/04 03:05:54 Q=5
2026-01-08 19:38:06,630 - INFO - [GINSLIB] processing : 2020/10/04 03:05:55 Q=5
2026-01-08 19:38:06,630 - INFO - [GINSLIB] processing : 2020/10/04 03:05:56 Q=5
2026-01-08 19:38:06,630 - INFO - [GINSLIB] processing : 2020/10/04 03:05:57 Q=5
2026-01-08 19:38:06,630 - INFO - [GINSLIB] processing : 2020/10/04 03:05:58 Q=5
2026-01-08 19:38:06,630 - INFO - [GINSLIB] processing : 2020/10/04 03:05:59 Q=5
2026-01-08 19:38:06,630 - INFO - [GINSLIB] processing : 2020/10/04 03:06:00 Q=5
2026-01-08 19:38:06,630 - INFO - [GINSLIB] processing : 2020/10/04 03:06:01 Q=5
2026-01-08 19:38:06,630 - INFO - [GINSLIB] processing : 2020/10/04 03:06:02 Q=5
2026-01-08 19:38:06,630 - INFO - [GINSLIB] processing : 2020/10/04 03:06:03 Q=5
2026-01-08 19:38:06,630 - INFO - [GINSLIB] processing : 2020/10/04 03:06:04 Q=5
2026-01-08 19:38:06,631 - INFO - [GINSLIB] processing : 2020/10/04 03:06:05 Q=5
2026-01-08 19:38:06,631 - INFO - [GINSLIB] processing : 2020/10/04 03:06:06 Q=5
2026-01-08 19:38:06,631 - INFO - [GINSLIB] processing : 2020/10/04 03:06:07 Q=5
2026-01-08 19:38:06,631 - INFO - [GINSLIB] processing : 2020/10/04 03:06:08 Q=5
2026-01-08 19:38:06,631 - INFO - [GINSLIB] processing : 2020/10/04 03:06:09 Q=5
2026-01-08 19:38:06,631 - INFO - [GINSLIB] processing : 2020/10/04 03:06:10 Q=5
2026-01-08 19:38:06,631 - INFO - [GINSLIB] processing : 2020/10/04 03:06:11 Q=5
2026-01-08 19:38:06,631 - INFO - [GINSLIB] processing : 2020/10/04 03:06:12 Q=5
2026-01-08 19:38:06,631 - INFO - [GINSLIB] processing : 2020/10/04 03:06:13 Q=5
2026-01-08 19:38:06,632 - INFO - [GINSLIB] processing : 2020/10/04 03:06:14 Q=5
2026-01-08 19:38:06,632 - INFO - [GINSLIB] processing : 2020/10/04 03:06:15 Q=5
2026-01-08 19:38:06,632 - INFO - [GINSLIB] processing : 2020/10/04 03:06:16 Q=5
2026-01-08 19:38:06,632 - INFO - [GINSLIB] processing : 2020/10/04 03:06:17 Q=5
2026-01-08 19:38:06,632 - INFO - [GINSLIB] processing : 2020/10/04 03:06:18 Q=5
2026-01-08 19:38:06,632 - INFO - [GINSLIB] processing : 2020/10/04 03:06:19 Q=5
2026-01-08 19:38:06,632 - INFO - [GINSLIB] processing : 2020/10/04 03:06:20 Q=5
2026-01-08 19:38:06,633 - INFO - [GINSLIB] processing : 2020/10/04 03:06:21 Q=5
2026-01-08 19:38:06,907 - INFO - [GINSLIB] processing : 2020/10/04 03:06:22 Q=5
2026-01-08 19:38:06,907 - INFO - [GINSLIB] processing : 2020/10/04 03:06:23 Q=5
2026-01-08 19:38:06,907 - INFO - [GINSLIB] processing : 2020/10/04 03:06:24 Q=5
2026-01-08 19:38:06,908 - INFO - [GINSLIB] processing : 2020/10/04 03:06:25 Q=5
2026-01-08 19:38:06,908 - INFO - [GINSLIB] processing : 2020/10/04 03:06:26 Q=5
2026-01-08 19:38:06,908 - INFO - [GINSLIB] processing : 2020/10/04 03:06:27 Q=5
2026-01-08 19:38:06,909 - INFO - [GINSLIB] processing : 2020/10/04 03:06:28 Q=5
2026-01-08 19:38:06,909 - INFO - [GINSLIB] processing : 2020/10/04 03:06:29 Q=5
2026-01-08 19:38:06,909 - INFO - [GINSLIB] processing : 2020/10/04 03:06:30 Q=5
2026-01-08 19:38:06,909 - INFO - [GINSLIB] processing : 2020/10/04 03:06:31 Q=5
2026-01-08 19:38:06,910 - INFO - [GINSLIB] processing : 2020/10/04 03:06:32 Q=5
2026-01-08 19:38:06,910 - INFO - [GINSLIB] processing : 2020/10/04 03:06:33 Q=5
2026-01-08 19:38:06,910 - INFO - [GINSLIB] processing : 2020/10/04 03:06:34 Q=5
2026-01-08 19:38:06,910 - INFO - [GINSLIB] processing : 2020/10/04 03:06:35 Q=5
2026-01-08 19:38:06,910 - INFO - [GINSLIB] processing : 2020/10/04 03:06:36 Q=5
2026-01-08 19:38:06,911 - INFO - [GINSLIB] processing : 2020/10/04 03:06:37 Q=5
2026-01-08 19:38:06,911 - INFO - [GINSLIB] processing : 2020/10/04 03:06:38 Q=5
2026-01-08 19:38:06,911 - INFO - [GINSLIB] processing : 2020/10/04 03:06:39 Q=5
2026-01-08 19:38:06,911 - INFO - [GINSLIB] processing : 2020/10/04 03:06:40 Q=5
2026-01-08 19:38:06,911 - INFO - [GINSLIB] processing : 2020/10/04 03:06:41 Q=5
2026-01-08 19:38:06,912 - INFO - [GINSLIB] processing : 2020/10/04 03:06:42 Q=5
2026-01-08 19:38:06,912 - INFO - [GINSLIB] processing : 2020/10/04 03:06:43 Q=5
2026-01-08 19:38:06,912 - INFO - [GINSLIB] processing : 2020/10/04 03:06:44 Q=5
2026-01-08 19:38:06,912 - INFO - [GINSLIB] processing : 2020/10/04 03:06:45 Q=5
2026-01-08 19:38:06,912 - INFO - [GINSLIB] processing : 2020/10/04 03:06:46 Q=5
2026-01-08 19:38:06,912 - INFO - [GINSLIB] processing : 2020/10/04 03:06:47 Q=5
2026-01-08 19:38:06,913 - INFO - [GINSLIB] processing : 2020/10/04 03:06:48 Q=5
2026-01-08 19:38:06,913 - INFO - [GINSLIB] processing : 2020/10/04 03:06:49 Q=5
2026-01-08 19:38:06,913 - INFO - [GINSLIB] processing : 2020/10/04 03:06:50 Q=5
2026-01-08 19:38:06,913 - INFO - [GINSLIB] processing : 2020/10/04 03:06:51 Q=5
2026-01-08 19:38:06,913 - INFO - [GINSLIB] processing : 2020/10/04 03:06:52 Q=5
2026-01-08 19:38:06,913 - INFO - [GINSLIB] processing : 2020/10/04 03:06:53 Q=5
2026-01-08 19:38:06,914 - INFO - [GINSLIB] processing : 2020/10/04 03:06:54 Q=5
2026-01-08 19:38:06,914 - INFO - [GINSLIB] processing : 2020/10/04 03:06:55 Q=5
2026-01-08 19:38:06,914 - INFO - [GINSLIB] processing : 2020/10/04 03:06:56 Q=5
2026-01-08 19:38:06,914 - INFO - [GINSLIB] processing : 2020/10/04 03:06:57 Q=5
2026-01-08 19:38:06,914 - INFO - [GINSLIB] processing : 2020/10/04 03:06:58 Q=5
2026-01-08 19:38:06,914 - INFO - [GINSLIB] processing : 2020/10/04 03:06:59 Q=5
2026-01-08 19:38:06,915 - INFO - [GINSLIB] processing : 2020/10/04 03:07:00 Q=5
2026-01-08 19:38:06,915 - INFO - [GINSLIB] processing : 2020/10/04 03:07:01 Q=5
2026-01-08 19:38:06,915 - INFO - [GINSLIB] processing : 2020/10/04 03:07:02 Q=5
2026-01-08 19:38:06,915 - INFO - [GINSLIB] processing : 2020/10/04 03:07:03 Q=5
2026-01-08 19:38:06,915 - INFO - [GINSLIB] processing : 2020/10/04 03:07:04 Q=5
2026-01-08 19:38:06,915 - INFO - [GINSLIB] processing : 2020/10/04 03:07:05 Q=5
2026-01-08 19:38:06,915 - INFO - [GINSLIB] processing : 2020/10/04 03:07:06 Q=5
2026-01-08 19:38:06,915 - INFO - [GINSLIB] processing : 2020/10/04 03:07:07 Q=5
2026-01-08 19:38:06,916 - INFO - [GINSLIB] processing : 2020/10/04 03:07:08 Q=5
2026-01-08 19:38:06,916 - INFO - [GINSLIB] processing : 2020/10/04 03:07:09 Q=5
2026-01-08 19:38:06,916 - INFO - [GINSLIB] processing : 2020/10/04 03:07:10 Q=5
2026-01-08 19:38:06,916 - INFO - [GINSLIB] processing : 2020/10/04 03:07:11 Q=5
2026-01-08 19:38:06,916 - INFO - [GINSLIB] processing : 2020/10/04 03:07:12 Q=5
2026-01-08 19:38:06,916 - INFO - [GINSLIB] processing : 2020/10/04 03:07:13 Q=5
2026-01-08 19:38:06,916 - INFO - [GINSLIB] processing : 2020/10/04 03:07:14 Q=5
2026-01-08 19:38:06,916 - INFO - [GINSLIB] processing : 2020/10/04 03:07:15 Q=5
2026-01-08 19:38:06,916 - INFO - [GINSLIB] processing : 2020/10/04 03:07:16 Q=5
2026-01-08 19:38:06,917 - INFO - [GINSLIB] processing : 2020/10/04 03:07:17 Q=5
2026-01-08 19:38:06,917 - INFO - [GINSLIB] processing : 2020/10/04 03:07:18 Q=5
2026-01-08 19:38:06,917 - INFO - [GINSLIB] processing : 2020/10/04 03:07:19 Q=5
2026-01-08 19:38:06,917 - INFO - [GINSLIB] processing : 2020/10/04 03:07:20 Q=5
2026-01-08 19:38:06,917 - INFO - [GINSLIB] processing : 2020/10/04 03:07:21 Q=5
2026-01-08 19:38:06,917 - INFO - [GINSLIB] processing : 2020/10/04 03:07:22 Q=5
2026-01-08 19:38:06,917 - INFO - [GINSLIB] processing : 2020/10/04 03:07:23 Q=5
2026-01-08 19:38:06,917 - INFO - [GINSLIB] processing : 2020/10/04 03:07:24 Q=5
2026-01-08 19:38:06,918 - INFO - [GINSLIB] processing : 2020/10/04 03:07:25 Q=5
2026-01-08 19:38:06,918 - INFO - [GINSLIB] processing : 2020/10/04 03:07:26 Q=5
2026-01-08 19:38:06,918 - INFO - [GINSLIB] processing : 2020/10/04 03:07:27 Q=5
2026-01-08 19:38:06,918 - INFO - [GINSLIB] processing : 2020/10/04 03:07:28 Q=5
2026-01-08 19:38:06,918 - INFO - [GINSLIB] processing : 2020/10/04 03:07:29 Q=5
2026-01-08 19:38:06,918 - INFO - [GINSLIB] processing : 2020/10/04 03:07:30 Q=5
2026-01-08 19:38:06,918 - INFO - [GINSLIB] processing : 2020/10/04 03:07:31 Q=5
2026-01-08 19:38:06,918 - INFO - [GINSLIB] processing : 2020/10/04 03:07:32 Q=5
2026-01-08 19:38:06,918 - INFO - [GINSLIB] processing : 2020/10/04 03:07:33 Q=5
2026-01-08 19:38:06,918 - INFO - [GINSLIB] processing : 2020/10/04 03:07:34 Q=5
2026-01-08 19:38:06,919 - INFO - [GINSLIB] processing : 2020/10/04 03:07:35 Q=5
2026-01-08 19:38:06,919 - INFO - [GINSLIB] processing : 2020/10/04 03:07:36 Q=5
2026-01-08 19:38:06,919 - INFO - [GINSLIB] processing : 2020/10/04 03:07:37 Q=5
2026-01-08 19:38:06,919 - INFO - [GINSLIB] processing : 2020/10/04 03:07:38 Q=5
2026-01-08 19:38:06,919 - INFO - [GINSLIB] processing : 2020/10/04 03:07:39 Q=5
2026-01-08 19:38:06,919 - INFO - [GINSLIB] processing : 2020/10/04 03:07:40 Q=5
2026-01-08 19:38:06,919 - INFO - [GINSLIB] processing : 2020/10/04 03:07:41 Q=5
2026-01-08 19:38:06,920 - INFO - [GINSLIB] processing : 2020/10/04 03:07:42 Q=5
2026-01-08 19:38:06,920 - INFO - [GINSLIB] processing : 2020/10/04 03:07:43 Q=5
2026-01-08 19:38:06,920 - INFO - [GINSLIB] processing : 2020/10/04 03:07:44 Q=5
2026-01-08 19:38:06,920 - INFO - [GINSLIB] processing : 2020/10/04 03:07:45 Q=5
2026-01-08 19:38:06,920 - INFO - [GINSLIB] processing : 2020/10/04 03:07:46 Q=5
2026-01-08 19:38:06,921 - INFO - [GINSLIB] processing : 2020/10/04 03:07:47 Q=5
2026-01-08 19:38:06,921 - INFO - [GINSLIB] processing : 2020/10/04 03:07:48 Q=5
2026-01-08 19:38:06,921 - INFO - [GINSLIB] processing : 2020/10/04 03:07:49 Q=5
2026-01-08 19:38:06,921 - INFO - [GINSLIB] processing : 2020/10/04 03:07:50 Q=5
2026-01-08 19:38:06,921 - INFO - [GINSLIB] processing : 2020/10/04 03:07:51 Q=5
2026-01-08 19:38:06,922 - INFO - [GINSLIB] processing : 2020/10/04 03:07:52 Q=5
2026-01-08 19:38:06,922 - INFO - [GINSLIB] processing : 2020/10/04 03:07:53 Q=5
2026-01-08 19:38:06,922 - INFO - [GINSLIB] processing : 2020/10/04 03:07:54 Q=5
2026-01-08 19:38:06,922 - INFO - [GINSLIB] processing : 2020/10/04 03:07:55 Q=5
2026-01-08 19:38:06,923 - INFO - [GINSLIB] processing : 2020/10/04 03:07:56 Q=5
2026-01-08 19:38:06,923 - INFO - [GINSLIB] processing : 2020/10/04 03:07:57 Q=5
2026-01-08 19:38:06,923 - INFO - [GINSLIB] processing : 2020/10/04 03:07:58 Q=5
2026-01-08 19:38:06,923 - INFO - [GINSLIB] processing : 2020/10/04 03:07:59 Q=5
2026-01-08 19:38:06,923 - INFO - [GINSLIB] processing : 2020/10/04 03:08:00 Q=5
2026-01-08 19:38:06,924 - INFO - [GINSLIB] processing : 2020/10/04 03:08:01 Q=5
2026-01-08 19:38:06,924 - INFO - [GINSLIB] processing : 2020/10/04 03:08:02 Q=5
2026-01-08 19:38:06,924 - INFO - [GINSLIB] processing : 2020/10/04 03:08:03 Q=5
2026-01-08 19:38:06,924 - INFO - [GINSLIB] processing : 2020/10/04 03:08:04 Q=5
2026-01-08 19:38:06,924 - INFO - [GINSLIB] processing : 2020/10/04 03:08:05 Q=5
2026-01-08 19:38:06,924 - INFO - [GINSLIB] processing : 2020/10/04 03:08:06 Q=5
2026-01-08 19:38:06,925 - INFO - [GINSLIB] processing : 2020/10/04 03:08:07 Q=5
2026-01-08 19:38:06,925 - INFO - [GINSLIB] processing : 2020/10/04 03:08:08 Q=5
2026-01-08 19:38:06,925 - INFO - [GINSLIB] processing : 2020/10/04 03:08:09 Q=5
2026-01-08 19:38:06,925 - INFO - [GINSLIB] processing : 2020/10/04 03:08:10 Q=5
2026-01-08 19:38:06,925 - INFO - [GINSLIB] processing : 2020/10/04 03:08:11 Q=5
2026-01-08 19:38:06,925 - INFO - [GINSLIB] processing : 2020/10/04 03:08:12 Q=5
2026-01-08 19:38:07,188 - INFO - [GINSLIB] processing : 2020/10/04 03:08:13 Q=5
2026-01-08 19:38:07,188 - INFO - [GINSLIB] processing : 2020/10/04 03:08:14 Q=5
2026-01-08 19:38:07,188 - INFO - [GINSLIB] processing : 2020/10/04 03:08:15 Q=5
2026-01-08 19:38:07,189 - INFO - [GINSLIB] processing : 2020/10/04 03:08:16 Q=5
2026-01-08 19:38:07,189 - INFO - [GINSLIB] processing : 2020/10/04 03:08:17 Q=5
2026-01-08 19:38:07,189 - INFO - [GINSLIB] processing : 2020/10/04 03:08:18 Q=5
2026-01-08 19:38:07,189 - INFO - [GINSLIB] processing : 2020/10/04 03:08:19 Q=5
2026-01-08 19:38:07,189 - INFO - [GINSLIB] processing : 2020/10/04 03:08:20 Q=5
2026-01-08 19:38:07,190 - INFO - [GINSLIB] processing : 2020/10/04 03:08:21 Q=5
2026-01-08 19:38:07,190 - INFO - [GINSLIB] processing : 2020/10/04 03:08:22 Q=5
2026-01-08 19:38:07,190 - INFO - [GINSLIB] processing : 2020/10/04 03:08:23 Q=5
2026-01-08 19:38:07,190 - INFO - [GINSLIB] processing : 2020/10/04 03:08:24 Q=5
2026-01-08 19:38:07,191 - INFO - [GINSLIB] processing : 2020/10/04 03:08:25 Q=5
2026-01-08 19:38:07,191 - INFO - [GINSLIB] processing : 2020/10/04 03:08:26 Q=5
2026-01-08 19:38:07,191 - INFO - [GINSLIB] processing : 2020/10/04 03:08:27 Q=5
2026-01-08 19:38:07,191 - INFO - [GINSLIB] processing : 2020/10/04 03:08:28 Q=5
2026-01-08 19:38:07,192 - INFO - [GINSLIB] processing : 2020/10/04 03:08:29 Q=5
2026-01-08 19:38:07,192 - INFO - [GINSLIB] processing : 2020/10/04 03:08:30 Q=5
2026-01-08 19:38:07,192 - INFO - [GINSLIB] processing : 2020/10/04 03:08:31 Q=5
2026-01-08 19:38:07,193 - INFO - [GINSLIB] processing : 2020/10/04 03:08:32 Q=5
2026-01-08 19:38:07,193 - INFO - [GINSLIB] processing : 2020/10/04 03:08:33 Q=5
2026-01-08 19:38:07,193 - INFO - [GINSLIB] processing : 2020/10/04 03:08:34 Q=5
2026-01-08 19:38:07,194 - INFO - [GINSLIB] processing : 2020/10/04 03:08:35 Q=5
2026-01-08 19:38:07,194 - INFO - [GINSLIB] processing : 2020/10/04 03:08:36 Q=5
2026-01-08 19:38:07,194 - INFO - [GINSLIB] processing : 2020/10/04 03:08:37 Q=5
2026-01-08 19:38:07,194 - INFO - [GINSLIB] processing : 2020/10/04 03:08:38 Q=5
2026-01-08 19:38:07,194 - INFO - [GINSLIB] processing : 2020/10/04 03:08:39 Q=5
2026-01-08 19:38:07,195 - INFO - [GINSLIB] processing : 2020/10/04 03:08:40 Q=5
2026-01-08 19:38:07,195 - INFO - [GINSLIB] processing : 2020/10/04 03:08:41 Q=5
2026-01-08 19:38:07,195 - INFO - [GINSLIB] processing : 2020/10/04 03:08:42 Q=5
2026-01-08 19:38:07,195 - INFO - [GINSLIB] processing : 2020/10/04 03:08:43 Q=5
2026-01-08 19:38:07,196 - INFO - [GINSLIB] processing : 2020/10/04 03:08:44 Q=5
2026-01-08 19:38:07,196 - INFO - [GINSLIB] processing : 2020/10/04 03:08:45 Q=5
2026-01-08 19:38:07,196 - INFO - [GINSLIB] processing : 2020/10/04 03:08:46 Q=5
2026-01-08 19:38:07,196 - INFO - [GINSLIB] processing : 2020/10/04 03:08:47 Q=5
2026-01-08 19:38:07,196 - INFO - [GINSLIB] processing : 2020/10/04 03:08:48 Q=5
2026-01-08 19:38:07,196 - INFO - [GINSLIB] processing : 2020/10/04 03:08:49 Q=5
2026-01-08 19:38:07,197 - INFO - [GINSLIB] processing : 2020/10/04 03:08:50 Q=5
2026-01-08 19:38:07,197 - INFO - [GINSLIB] processing : 2020/10/04 03:08:51 Q=5
2026-01-08 19:38:07,197 - INFO - [GINSLIB] processing : 2020/10/04 03:08:52 Q=5
2026-01-08 19:38:07,197 - INFO - [GINSLIB] processing : 2020/10/04 03:08:53 Q=5
2026-01-08 19:38:07,197 - INFO - [GINSLIB] processing : 2020/10/04 03:08:54 Q=5
2026-01-08 19:38:07,197 - INFO - [GINSLIB] processing : 2020/10/04 03:08:55 Q=5
2026-01-08 19:38:07,198 - INFO - [GINSLIB] processing : 2020/10/04 03:08:56 Q=5
2026-01-08 19:38:07,198 - INFO - [GINSLIB] processing : 2020/10/04 03:08:57 Q=5
2026-01-08 19:38:07,198 - INFO - [GINSLIB] processing : 2020/10/04 03:08:58 Q=5
2026-01-08 19:38:07,198 - INFO - [GINSLIB] processing : 2020/10/04 03:08:59 Q=5
2026-01-08 19:38:07,198 - INFO - [GINSLIB] processing : 2020/10/04 03:09:00 Q=5
2026-01-08 19:38:07,198 - INFO - [GINSLIB] processing : 2020/10/04 03:09:01 Q=5
2026-01-08 19:38:07,198 - INFO - [GINSLIB] processing : 2020/10/04 03:09:02 Q=5
2026-01-08 19:38:07,198 - INFO - [GINSLIB] processing : 2020/10/04 03:09:03 Q=5
2026-01-08 19:38:07,198 - INFO - [GINSLIB] processing : 2020/10/04 03:09:04 Q=5
2026-01-08 19:38:07,199 - INFO - [GINSLIB] processing : 2020/10/04 03:09:05 Q=5
2026-01-08 19:38:07,199 - INFO - [GINSLIB] processing : 2020/10/04 03:09:06 Q=5
2026-01-08 19:38:07,199 - INFO - [GINSLIB] processing : 2020/10/04 03:09:07 Q=5
2026-01-08 19:38:07,199 - INFO - [GINSLIB] processing : 2020/10/04 03:09:08 Q=5
2026-01-08 19:38:07,199 - INFO - [GINSLIB] processing : 2020/10/04 03:09:09 Q=5
2026-01-08 19:38:07,199 - INFO - [GINSLIB] processing : 2020/10/04 03:09:10 Q=5
2026-01-08 19:38:07,199 - INFO - [GINSLIB] processing : 2020/10/04 03:09:11 Q=5
2026-01-08 19:38:07,199 - INFO - [GINSLIB] processing : 2020/10/04 03:09:12 Q=5
2026-01-08 19:38:07,200 - INFO - [GINSLIB] processing : 2020/10/04 03:09:13 Q=5
2026-01-08 19:38:07,200 - INFO - [GINSLIB] processing : 2020/10/04 03:09:14 Q=5
2026-01-08 19:38:07,200 - INFO - [GINSLIB] processing : 2020/10/04 03:09:15 Q=5
2026-01-08 19:38:07,200 - INFO - [GINSLIB] processing : 2020/10/04 03:09:16 Q=5
2026-01-08 19:38:07,200 - INFO - [GINSLIB] processing : 2020/10/04 03:09:17 Q=5
2026-01-08 19:38:07,200 - INFO - [GINSLIB] processing : 2020/10/04 03:09:18 Q=5
2026-01-08 19:38:07,201 - INFO - [GINSLIB] processing : 2020/10/04 03:09:19 Q=5
2026-01-08 19:38:07,201 - INFO - [GINSLIB] processing : 2020/10/04 03:09:20 Q=5
2026-01-08 19:38:07,201 - INFO - [GINSLIB] processing : 2020/10/04 03:09:21 Q=5
2026-01-08 19:38:07,201 - INFO - [GINSLIB] processing : 2020/10/04 03:09:22 Q=5
2026-01-08 19:38:07,201 - INFO - [GINSLIB] processing : 2020/10/04 03:09:23 Q=5
2026-01-08 19:38:07,201 - INFO - [GINSLIB] processing : 2020/10/04 03:09:24 Q=5
2026-01-08 19:38:07,201 - INFO - [GINSLIB] processing : 2020/10/04 03:09:25 Q=5
2026-01-08 19:38:07,201 - INFO - [GINSLIB] processing : 2020/10/04 03:09:26 Q=5
2026-01-08 19:38:07,201 - INFO - [GINSLIB] processing : 2020/10/04 03:09:27 Q=5
2026-01-08 19:38:07,201 - INFO - [GINSLIB] processing : 2020/10/04 03:09:28 Q=5
2026-01-08 19:38:07,202 - INFO - [GINSLIB] processing : 2020/10/04 03:09:29 Q=5
2026-01-08 19:38:07,202 - INFO - [GINSLIB] processing : 2020/10/04 03:09:30 Q=5
2026-01-08 19:38:07,202 - INFO - [GINSLIB] processing : 2020/10/04 03:09:31 Q=5
2026-01-08 19:38:07,202 - INFO - [GINSLIB] processing : 2020/10/04 03:09:32 Q=5
2026-01-08 19:38:07,202 - INFO - [GINSLIB] processing : 2020/10/04 03:09:33 Q=5
2026-01-08 19:38:07,202 - INFO - [GINSLIB] processing : 2020/10/04 03:09:34 Q=5
2026-01-08 19:38:07,202 - INFO - [GINSLIB] processing : 2020/10/04 03:09:35 Q=5
2026-01-08 19:38:07,202 - INFO - [GINSLIB] processing : 2020/10/04 03:09:36 Q=5
2026-01-08 19:38:07,202 - INFO - [GINSLIB] processing : 2020/10/04 03:09:37 Q=5
2026-01-08 19:38:07,202 - INFO - [GINSLIB] processing : 2020/10/04 03:09:38 Q=5
2026-01-08 19:38:07,202 - INFO - [GINSLIB] processing : 2020/10/04 03:09:39 Q=5
2026-01-08 19:38:07,203 - INFO - [GINSLIB] processing : 2020/10/04 03:09:40 Q=5
2026-01-08 19:38:07,203 - INFO - [GINSLIB] processing : 2020/10/04 03:09:41 Q=5
2026-01-08 19:38:07,203 - INFO - [GINSLIB] processing : 2020/10/04 03:09:42 Q=5
2026-01-08 19:38:07,203 - INFO - [GINSLIB] processing : 2020/10/04 03:09:43 Q=5
2026-01-08 19:38:07,203 - INFO - [GINSLIB] processing : 2020/10/04 03:09:44 Q=5
2026-01-08 19:38:07,203 - INFO - [GINSLIB] processing : 2020/10/04 03:09:45 Q=5
2026-01-08 19:38:07,203 - INFO - [GINSLIB] processing : 2020/10/04 03:09:46 Q=5
2026-01-08 19:38:07,203 - INFO - [GINSLIB] processing : 2020/10/04 03:09:47 Q=5
2026-01-08 19:38:07,203 - INFO - [GINSLIB] processing : 2020/10/04 03:09:48 Q=5
2026-01-08 19:38:07,203 - INFO - [GINSLIB] processing : 2020/10/04 03:09:49 Q=5
2026-01-08 19:38:07,203 - INFO - [GINSLIB] processing : 2020/10/04 03:09:50 Q=5
2026-01-08 19:38:07,204 - INFO - [GINSLIB] processing : 2020/10/04 03:09:51 Q=5
2026-01-08 19:38:07,204 - INFO - [GINSLIB] processing : 2020/10/04 03:09:52 Q=5
2026-01-08 19:38:07,204 - INFO - [GINSLIB] processing : 2020/10/04 03:09:53 Q=5
2026-01-08 19:38:07,204 - INFO - [GINSLIB] processing : 2020/10/04 03:09:54 Q=5
2026-01-08 19:38:07,204 - INFO - [GINSLIB] processing : 2020/10/04 03:09:55 Q=5
2026-01-08 19:38:07,204 - INFO - [GINSLIB] processing : 2020/10/04 03:09:56 Q=5
2026-01-08 19:38:07,204 - INFO - [GINSLIB] processing : 2020/10/04 03:09:57 Q=5
2026-01-08 19:38:07,204 - INFO - [GINSLIB] processing : 2020/10/04 03:09:58 Q=5
2026-01-08 19:38:07,204 - INFO - [GINSLIB] processing : 2020/10/04 03:09:59 Q=5
2026-01-08 19:38:07,204 - INFO - [GINSLIB] processing : 2020/10/04 03:10:00 Q=5
2026-01-08 19:38:07,204 - INFO - [GINSLIB] processing : 2020/10/04 03:10:01 Q=5
2026-01-08 19:38:07,205 - INFO - [GINSLIB] processing : 2020/10/04 03:10:02 Q=5
2026-01-08 19:38:07,205 - INFO - [GINSLIB] processing : 2020/10/04 03:10:03 Q=5
2026-01-08 19:38:07,470 - INFO - [GINSLIB] processing : 2020/10/04 03:10:04 Q=5
2026-01-08 19:38:07,470 - INFO - [GINSLIB] processing : 2020/10/04 03:10:05 Q=5
2026-01-08 19:38:07,470 - INFO - [GINSLIB] processing : 2020/10/04 03:10:06 Q=5
2026-01-08 19:38:07,470 - INFO - [GINSLIB] processing : 2020/10/04 03:10:07 Q=5
2026-01-08 19:38:07,470 - INFO - [GINSLIB] processing : 2020/10/04 03:10:08 Q=5
2026-01-08 19:38:07,471 - INFO - [GINSLIB] processing : 2020/10/04 03:10:09 Q=5
2026-01-08 19:38:07,471 - INFO - [GINSLIB] processing : 2020/10/04 03:10:10 Q=5
2026-01-08 19:38:07,471 - INFO - [GINSLIB] processing : 2020/10/04 03:10:11 Q=5
2026-01-08 19:38:07,471 - INFO - [GINSLIB] processing : 2020/10/04 03:10:12 Q=5
2026-01-08 19:38:07,471 - INFO - [GINSLIB] processing : 2020/10/04 03:10:13 Q=5
2026-01-08 19:38:07,472 - INFO - [GINSLIB] processing : 2020/10/04 03:10:14 Q=5
2026-01-08 19:38:07,472 - INFO - [GINSLIB] processing : 2020/10/04 03:10:15 Q=5
2026-01-08 19:38:07,472 - INFO - [GINSLIB] processing : 2020/10/04 03:10:16 Q=5
2026-01-08 19:38:07,472 - INFO - [GINSLIB] processing : 2020/10/04 03:10:17 Q=5
2026-01-08 19:38:07,473 - INFO - [GINSLIB] processing : 2020/10/04 03:10:18 Q=5
2026-01-08 19:38:07,473 - INFO - [GINSLIB] processing : 2020/10/04 03:10:19 Q=5
2026-01-08 19:38:07,473 - INFO - [GINSLIB] processing : 2020/10/04 03:10:20 Q=5
2026-01-08 19:38:07,473 - INFO - [GINSLIB] processing : 2020/10/04 03:10:21 Q=5
2026-01-08 19:38:07,474 - INFO - [GINSLIB] processing : 2020/10/04 03:10:22 Q=5
2026-01-08 19:38:07,474 - INFO - [GINSLIB] processing : 2020/10/04 03:10:23 Q=5
2026-01-08 19:38:07,474 - INFO - [GINSLIB] processing : 2020/10/04 03:10:24 Q=5
2026-01-08 19:38:07,474 - INFO - [GINSLIB] processing : 2020/10/04 03:10:25 Q=5
2026-01-08 19:38:07,475 - INFO - [GINSLIB] processing : 2020/10/04 03:10:26 Q=5
2026-01-08 19:38:07,475 - INFO - [GINSLIB] processing : 2020/10/04 03:10:27 Q=5
2026-01-08 19:38:07,475 - INFO - [GINSLIB] processing : 2020/10/04 03:10:28 Q=5
2026-01-08 19:38:07,476 - INFO - [GINSLIB] processing : 2020/10/04 03:10:29 Q=5
2026-01-08 19:38:07,476 - INFO - [GINSLIB] processing : 2020/10/04 03:10:30 Q=5
2026-01-08 19:38:07,476 - INFO - [GINSLIB] processing : 2020/10/04 03:10:31 Q=5
2026-01-08 19:38:07,476 - INFO - [GINSLIB] processing : 2020/10/04 03:10:32 Q=5
2026-01-08 19:38:07,476 - INFO - [GINSLIB] processing : 2020/10/04 03:10:33 Q=5
2026-01-08 19:38:07,477 - INFO - [GINSLIB] processing : 2020/10/04 03:10:34 Q=5
2026-01-08 19:38:07,477 - INFO - [GINSLIB] processing : 2020/10/04 03:10:35 Q=5
2026-01-08 19:38:07,477 - INFO - [GINSLIB] processing : 2020/10/04 03:10:36 Q=5
2026-01-08 19:38:07,477 - INFO - [GINSLIB] processing : 2020/10/04 03:10:37 Q=5
2026-01-08 19:38:07,477 - INFO - [GINSLIB] processing : 2020/10/04 03:10:38 Q=5
2026-01-08 19:38:07,478 - INFO - [GINSLIB] processing : 2020/10/04 03:10:39 Q=5
2026-01-08 19:38:07,478 - INFO - [GINSLIB] processing : 2020/10/04 03:10:40 Q=5
2026-01-08 19:38:07,478 - INFO - [GINSLIB] processing : 2020/10/04 03:10:41 Q=5
2026-01-08 19:38:07,478 - INFO - [GINSLIB] processing : 2020/10/04 03:10:42 Q=5
2026-01-08 19:38:07,478 - INFO - [GINSLIB] processing : 2020/10/04 03:10:43 Q=5
2026-01-08 19:38:07,478 - INFO - [GINSLIB] processing : 2020/10/04 03:10:44 Q=5
2026-01-08 19:38:07,479 - INFO - [GINSLIB] processing : 2020/10/04 03:10:45 Q=5
2026-01-08 19:38:07,479 - INFO - [GINSLIB] processing : 2020/10/04 03:10:46 Q=5
2026-01-08 19:38:07,479 - INFO - [GINSLIB] processing : 2020/10/04 03:10:47 Q=5
2026-01-08 19:38:07,479 - INFO - [GINSLIB] processing : 2020/10/04 03:10:48 Q=5
2026-01-08 19:38:07,479 - INFO - [GINSLIB] processing : 2020/10/04 03:10:49 Q=5
2026-01-08 19:38:07,479 - INFO - [GINSLIB] processing : 2020/10/04 03:10:50 Q=5
2026-01-08 19:38:07,480 - INFO - [GINSLIB] processing : 2020/10/04 03:10:51 Q=5
2026-01-08 19:38:07,480 - INFO - [GINSLIB] processing : 2020/10/04 03:10:52 Q=5
2026-01-08 19:38:07,480 - INFO - [GINSLIB] processing : 2020/10/04 03:10:53 Q=5
2026-01-08 19:38:07,480 - INFO - [GINSLIB] processing : 2020/10/04 03:10:54 Q=5
2026-01-08 19:38:07,480 - INFO - [GINSLIB] processing : 2020/10/04 03:10:55 Q=5
2026-01-08 19:38:07,480 - INFO - [GINSLIB] processing : 2020/10/04 03:10:56 Q=5
2026-01-08 19:38:07,480 - INFO - [GINSLIB] processing : 2020/10/04 03:10:57 Q=5
2026-01-08 19:38:07,480 - INFO - [GINSLIB] processing : 2020/10/04 03:10:58 Q=5
2026-01-08 19:38:07,480 - INFO - [GINSLIB] processing : 2020/10/04 03:10:59 Q=5
2026-01-08 19:38:07,481 - INFO - [GINSLIB] processing : 2020/10/04 03:11:00 Q=5
2026-01-08 19:38:07,481 - INFO - [GINSLIB] processing : 2020/10/04 03:11:01 Q=5
2026-01-08 19:38:07,481 - INFO - [GINSLIB] processing : 2020/10/04 03:11:02 Q=5
2026-01-08 19:38:07,481 - INFO - [GINSLIB] processing : 2020/10/04 03:11:03 Q=5
2026-01-08 19:38:07,481 - INFO - [GINSLIB] processing : 2020/10/04 03:11:04 Q=5
2026-01-08 19:38:07,481 - INFO - [GINSLIB] processing : 2020/10/04 03:11:05 Q=5
2026-01-08 19:38:07,481 - INFO - [GINSLIB] processing : 2020/10/04 03:11:06 Q=5
2026-01-08 19:38:07,481 - INFO - [GINSLIB] processing : 2020/10/04 03:11:07 Q=5
2026-01-08 19:38:07,481 - INFO - [GINSLIB] processing : 2020/10/04 03:11:08 Q=5
2026-01-08 19:38:07,482 - INFO - [GINSLIB] processing : 2020/10/04 03:11:09 Q=5
2026-01-08 19:38:07,482 - INFO - [GINSLIB] processing : 2020/10/04 03:11:10 Q=5
2026-01-08 19:38:07,482 - INFO - [GINSLIB] processing : 2020/10/04 03:11:11 Q=5
2026-01-08 19:38:07,482 - INFO - [GINSLIB] processing : 2020/10/04 03:11:12 Q=5
2026-01-08 19:38:07,482 - INFO - [GINSLIB] processing : 2020/10/04 03:11:13 Q=5
2026-01-08 19:38:07,482 - INFO - [GINSLIB] processing : 2020/10/04 03:11:14 Q=5
2026-01-08 19:38:07,482 - INFO - [GINSLIB] processing : 2020/10/04 03:11:15 Q=5
2026-01-08 19:38:07,482 - INFO - [GINSLIB] processing : 2020/10/04 03:11:16 Q=5
2026-01-08 19:38:07,482 - INFO - [GINSLIB] processing : 2020/10/04 03:11:17 Q=5
2026-01-08 19:38:07,482 - INFO - [GINSLIB] processing : 2020/10/04 03:11:18 Q=5
2026-01-08 19:38:07,483 - INFO - [GINSLIB] processing : 2020/10/04 03:11:19 Q=5
2026-01-08 19:38:07,483 - INFO - [GINSLIB] processing : 2020/10/04 03:11:20 Q=5
2026-01-08 19:38:07,483 - INFO - [GINSLIB] processing : 2020/10/04 03:11:21 Q=5
2026-01-08 19:38:07,483 - INFO - [GINSLIB] processing : 2020/10/04 03:11:22 Q=5
2026-01-08 19:38:07,483 - INFO - [GINSLIB] processing : 2020/10/04 03:11:23 Q=5
2026-01-08 19:38:07,483 - INFO - [GINSLIB] processing : 2020/10/04 03:11:24 Q=5
2026-01-08 19:38:07,483 - INFO - [GINSLIB] processing : 2020/10/04 03:11:25 Q=5
2026-01-08 19:38:07,483 - INFO - [GINSLIB] processing : 2020/10/04 03:11:26 Q=5
2026-01-08 19:38:07,483 - INFO - [GINSLIB] processing : 2020/10/04 03:11:27 Q=5
2026-01-08 19:38:07,483 - INFO - [GINSLIB] processing : 2020/10/04 03:11:28 Q=5
2026-01-08 19:38:07,483 - INFO - [GINSLIB] processing : 2020/10/04 03:11:29 Q=5
2026-01-08 19:38:07,484 - INFO - [GINSLIB] processing : 2020/10/04 03:11:30 Q=5
2026-01-08 19:38:07,484 - INFO - [GINSLIB] processing : 2020/10/04 03:11:31 Q=5
2026-01-08 19:38:07,484 - INFO - [GINSLIB] processing : 2020/10/04 03:11:32 Q=5
2026-01-08 19:38:07,484 - INFO - [GINSLIB] processing : 2020/10/04 03:11:33 Q=5
2026-01-08 19:38:07,484 - INFO - [GINSLIB] processing : 2020/10/04 03:11:34 Q=5
2026-01-08 19:38:07,484 - INFO - [GINSLIB] processing : 2020/10/04 03:11:35 Q=5
2026-01-08 19:38:07,484 - INFO - [GINSLIB] processing : 2020/10/04 03:11:36 Q=5
2026-01-08 19:38:07,484 - INFO - [GINSLIB] processing : 2020/10/04 03:11:37 Q=5
2026-01-08 19:38:07,484 - INFO - [GINSLIB] processing : 2020/10/04 03:11:38 Q=5
2026-01-08 19:38:07,484 - INFO - [GINSLIB] processing : 2020/10/04 03:11:39 Q=5
2026-01-08 19:38:07,485 - INFO - [GINSLIB] processing : 2020/10/04 03:11:40 Q=5
2026-01-08 19:38:07,485 - INFO - [GINSLIB] processing : 2020/10/04 03:11:41 Q=5
2026-01-08 19:38:07,485 - INFO - [GINSLIB] processing : 2020/10/04 03:11:42 Q=5
2026-01-08 19:38:07,485 - INFO - [GINSLIB] processing : 2020/10/04 03:11:43 Q=5
2026-01-08 19:38:07,485 - INFO - [GINSLIB] processing : 2020/10/04 03:11:44 Q=5
2026-01-08 19:38:07,485 - INFO - [GINSLIB] processing : 2020/10/04 03:11:45 Q=5
2026-01-08 19:38:07,485 - INFO - [GINSLIB] processing : 2020/10/04 03:11:46 Q=5
2026-01-08 19:38:07,485 - INFO - [GINSLIB] processing : 2020/10/04 03:11:47 Q=5
2026-01-08 19:38:07,485 - INFO - [GINSLIB] processing : 2020/10/04 03:11:48 Q=5
2026-01-08 19:38:07,485 - INFO - [GINSLIB] processing : 2020/10/04 03:11:49 Q=5
2026-01-08 19:38:07,485 - INFO - [GINSLIB] processing : 2020/10/04 03:11:50 Q=5
2026-01-08 19:38:07,486 - INFO - [GINSLIB] processing : 2020/10/04 03:11:51 Q=5
2026-01-08 19:38:07,486 - INFO - [GINSLIB] processing : 2020/10/04 03:11:52 Q=5
2026-01-08 19:38:07,486 - INFO - [GINSLIB] processing : 2020/10/04 03:11:53 Q=5
2026-01-08 19:38:07,738 - INFO - [GINSLIB] processing : 2020/10/04 03:11:54 Q=5
2026-01-08 19:38:07,738 - INFO - [GINSLIB] processing : 2020/10/04 03:11:55 Q=5
2026-01-08 19:38:07,738 - INFO - [GINSLIB] processing : 2020/10/04 03:11:56 Q=5
2026-01-08 19:38:07,738 - INFO - [GINSLIB] processing : 2020/10/04 03:11:57 Q=5
2026-01-08 19:38:07,738 - INFO - [GINSLIB] processing : 2020/10/04 03:11:58 Q=5
2026-01-08 19:38:07,738 - INFO - [GINSLIB] processing : 2020/10/04 03:11:59 Q=5
2026-01-08 19:38:07,739 - INFO - [GINSLIB] processing : 2020/10/04 03:12:00 Q=5
2026-01-08 19:38:07,739 - INFO - [GINSLIB] processing : 2020/10/04 03:12:01 Q=5
2026-01-08 19:38:07,739 - INFO - [GINSLIB] processing : 2020/10/04 03:12:02 Q=5
2026-01-08 19:38:07,739 - INFO - [GINSLIB] processing : 2020/10/04 03:12:03 Q=5
2026-01-08 19:38:07,739 - INFO - [GINSLIB] processing : 2020/10/04 03:12:04 Q=5
2026-01-08 19:38:07,739 - INFO - [GINSLIB] processing : 2020/10/04 03:12:05 Q=5
2026-01-08 19:38:07,739 - INFO - [GINSLIB] processing : 2020/10/04 03:12:06 Q=5
2026-01-08 19:38:07,739 - INFO - [GINSLIB] processing : 2020/10/04 03:12:07 Q=5
2026-01-08 19:38:07,739 - INFO - [GINSLIB] processing : 2020/10/04 03:12:08 Q=5
2026-01-08 19:38:07,740 - INFO - [GINSLIB] processing : 2020/10/04 03:12:09 Q=5
2026-01-08 19:38:07,740 - INFO - [GINSLIB] processing : 2020/10/04 03:12:10 Q=5
2026-01-08 19:38:07,740 - INFO - [GINSLIB] processing : 2020/10/04 03:12:11 Q=5
2026-01-08 19:38:07,740 - INFO - [GINSLIB] processing : 2020/10/04 03:12:12 Q=5
2026-01-08 19:38:07,740 - INFO - [GINSLIB] processing : 2020/10/04 03:12:13 Q=5
2026-01-08 19:38:07,740 - INFO - [GINSLIB] processing : 2020/10/04 03:12:14 Q=5
2026-01-08 19:38:07,741 - INFO - [GINSLIB] processing : 2020/10/04 03:12:15 Q=5
2026-01-08 19:38:07,741 - INFO - [GINSLIB] processing : 2020/10/04 03:12:16 Q=5
2026-01-08 19:38:07,741 - INFO - [GINSLIB] processing : 2020/10/04 03:12:17 Q=5
2026-01-08 19:38:07,741 - INFO - [GINSLIB] processing : 2020/10/04 03:12:18 Q=5
2026-01-08 19:38:07,741 - INFO - [GINSLIB] processing : 2020/10/04 03:12:19 Q=5
2026-01-08 19:38:07,741 - INFO - [GINSLIB] processing : 2020/10/04 03:12:20 Q=5
2026-01-08 19:38:07,742 - INFO - [GINSLIB] processing : 2020/10/04 03:12:21 Q=5
2026-01-08 19:38:07,742 - INFO - [GINSLIB] processing : 2020/10/04 03:12:22 Q=5
2026-01-08 19:38:07,742 - INFO - [GINSLIB] processing : 2020/10/04 03:12:23 Q=5
2026-01-08 19:38:07,742 - INFO - [GINSLIB] processing : 2020/10/04 03:12:24 Q=5
2026-01-08 19:38:07,742 - INFO - [GINSLIB] processing : 2020/10/04 03:12:25 Q=5
2026-01-08 19:38:07,743 - INFO - [GINSLIB] processing : 2020/10/04 03:12:26 Q=5
2026-01-08 19:38:07,743 - INFO - [GINSLIB] processing : 2020/10/04 03:12:27 Q=5
2026-01-08 19:38:07,743 - INFO - [GINSLIB] processing : 2020/10/04 03:12:28 Q=5
2026-01-08 19:38:07,743 - INFO - [GINSLIB] processing : 2020/10/04 03:12:29 Q=5
2026-01-08 19:38:07,743 - INFO - [GINSLIB] processing : 2020/10/04 03:12:30 Q=5
2026-01-08 19:38:07,744 - INFO - [GINSLIB] processing : 2020/10/04 03:12:31 Q=5
2026-01-08 19:38:07,744 - INFO - [GINSLIB] processing : 2020/10/04 03:12:32 Q=5
2026-01-08 19:38:07,744 - INFO - [GINSLIB] processing : 2020/10/04 03:12:33 Q=5
2026-01-08 19:38:07,744 - INFO - [GINSLIB] processing : 2020/10/04 03:12:34 Q=5
2026-01-08 19:38:07,744 - INFO - [GINSLIB] processing : 2020/10/04 03:12:35 Q=5
2026-01-08 19:38:07,744 - INFO - [GINSLIB] processing : 2020/10/04 03:12:36 Q=5
2026-01-08 19:38:07,744 - INFO - [GINSLIB] processing : 2020/10/04 03:12:37 Q=5
2026-01-08 19:38:07,744 - INFO - [GINSLIB] processing : 2020/10/04 03:12:38 Q=5
2026-01-08 19:38:07,745 - INFO - [GINSLIB] processing : 2020/10/04 03:12:39 Q=5
2026-01-08 19:38:07,745 - INFO - [GINSLIB] processing : 2020/10/04 03:12:40 Q=5
2026-01-08 19:38:07,745 - INFO - [GINSLIB] processing : 2020/10/04 03:12:41 Q=5
2026-01-08 19:38:07,745 - INFO - [GINSLIB] processing : 2020/10/04 03:12:42 Q=5
2026-01-08 19:38:07,745 - INFO - [GINSLIB] processing : 2020/10/04 03:12:43 Q=5
2026-01-08 19:38:07,745 - INFO - [GINSLIB] processing : 2020/10/04 03:12:44 Q=5
2026-01-08 19:38:07,745 - INFO - [GINSLIB] processing : 2020/10/04 03:12:45 Q=5
2026-01-08 19:38:07,746 - INFO - [GINSLIB] processing : 2020/10/04 03:12:46 Q=5
2026-01-08 19:38:07,746 - INFO - [GINSLIB] processing : 2020/10/04 03:12:47 Q=5
2026-01-08 19:38:07,746 - INFO - [GINSLIB] processing : 2020/10/04 03:12:48 Q=5
2026-01-08 19:38:07,746 - INFO - [GINSLIB] processing : 2020/10/04 03:12:49 Q=5
2026-01-08 19:38:07,746 - INFO - [GINSLIB] processing : 2020/10/04 03:12:50 Q=5
2026-01-08 19:38:07,747 - INFO - [GINSLIB] processing : 2020/10/04 03:12:51 Q=5
2026-01-08 19:38:07,747 - INFO - [GINSLIB] processing : 2020/10/04 03:12:52 Q=5
2026-01-08 19:38:07,747 - INFO - [GINSLIB] processing : 2020/10/04 03:12:53 Q=5
2026-01-08 19:38:07,747 - INFO - [GINSLIB] processing : 2020/10/04 03:12:54 Q=5
2026-01-08 19:38:07,747 - INFO - [GINSLIB] processing : 2020/10/04 03:12:55 Q=5
2026-01-08 19:38:07,748 - INFO - [GINSLIB] processing : 2020/10/04 03:12:56 Q=5
2026-01-08 19:38:07,748 - INFO - [GINSLIB] processing : 2020/10/04 03:12:57 Q=5
2026-01-08 19:38:07,748 - INFO - [GINSLIB] processing : 2020/10/04 03:12:58 Q=5
2026-01-08 19:38:07,748 - INFO - [GINSLIB] processing : 2020/10/04 03:12:59 Q=5
2026-01-08 19:38:07,748 - INFO - [GINSLIB] processing : 2020/10/04 03:13:00 Q=5
2026-01-08 19:38:07,748 - INFO - [GINSLIB] processing : 2020/10/04 03:13:01 Q=5
2026-01-08 19:38:07,748 - INFO - [GINSLIB] processing : 2020/10/04 03:13:02 Q=5
2026-01-08 19:38:07,748 - INFO - [GINSLIB] processing : 2020/10/04 03:13:03 Q=5
2026-01-08 19:38:07,749 - INFO - [GINSLIB] processing : 2020/10/04 03:13:04 Q=5
2026-01-08 19:38:07,749 - INFO - [GINSLIB] processing : 2020/10/04 03:13:05 Q=5
2026-01-08 19:38:07,749 - INFO - [GINSLIB] processing : 2020/10/04 03:13:06 Q=5
2026-01-08 19:38:07,749 - INFO - [GINSLIB] processing : 2020/10/04 03:13:07 Q=5
2026-01-08 19:38:07,749 - INFO - [GINSLIB] processing : 2020/10/04 03:13:08 Q=5
2026-01-08 19:38:07,749 - INFO - [GINSLIB] processing : 2020/10/04 03:13:09 Q=5
2026-01-08 19:38:07,749 - INFO - [GINSLIB] processing : 2020/10/04 03:13:10 Q=5
2026-01-08 19:38:07,750 - INFO - [GINSLIB] processing : 2020/10/04 03:13:11 Q=5
2026-01-08 19:38:07,750 - INFO - [GINSLIB] processing : 2020/10/04 03:13:12 Q=5
2026-01-08 19:38:07,750 - INFO - [GINSLIB] processing : 2020/10/04 03:13:13 Q=5
2026-01-08 19:38:07,750 - INFO - [GINSLIB] processing : 2020/10/04 03:13:14 Q=5
2026-01-08 19:38:07,750 - INFO - [GINSLIB] processing : 2020/10/04 03:13:15 Q=5
2026-01-08 19:38:07,751 - INFO - [GINSLIB] processing : 2020/10/04 03:13:16 Q=5
2026-01-08 19:38:07,751 - INFO - [GINSLIB] processing : 2020/10/04 03:13:17 Q=5
2026-01-08 19:38:07,751 - INFO - [GINSLIB] processing : 2020/10/04 03:13:18 Q=5
2026-01-08 19:38:07,751 - INFO - [GINSLIB] processing : 2020/10/04 03:13:19 Q=5
2026-01-08 19:38:07,751 - INFO - [GINSLIB] processing : 2020/10/04 03:13:20 Q=5
2026-01-08 19:38:07,751 - INFO - [GINSLIB] processing : 2020/10/04 03:13:21 Q=5
2026-01-08 19:38:07,751 - INFO - [GINSLIB] processing : 2020/10/04 03:13:22 Q=5
2026-01-08 19:38:07,752 - INFO - [GINSLIB] processing : 2020/10/04 03:13:23 Q=5
2026-01-08 19:38:07,752 - INFO - [GINSLIB] processing : 2020/10/04 03:13:24 Q=5
2026-01-08 19:38:07,752 - INFO - [GINSLIB] processing : 2020/10/04 03:13:25 Q=5
2026-01-08 19:38:07,752 - INFO - [GINSLIB] processing : 2020/10/04 03:13:26 Q=5
2026-01-08 19:38:07,752 - INFO - [GINSLIB] processing : 2020/10/04 03:13:27 Q=5
2026-01-08 19:38:07,752 - INFO - [GINSLIB] processing : 2020/10/04 03:13:28 Q=5
2026-01-08 19:38:07,752 - INFO - [GINSLIB] processing : 2020/10/04 03:13:29 Q=5
2026-01-08 19:38:07,752 - INFO - [GINSLIB] processing : 2020/10/04 03:13:30 Q=5
2026-01-08 19:38:07,753 - INFO - [GINSLIB] processing : 2020/10/04 03:13:31 Q=5
2026-01-08 19:38:07,753 - INFO - [GINSLIB] processing : 2020/10/04 03:13:32 Q=5
2026-01-08 19:38:07,753 - INFO - [GINSLIB] processing : 2020/10/04 03:13:33 Q=5
2026-01-08 19:38:07,753 - INFO - [GINSLIB] processing : 2020/10/04 03:13:34 Q=5
2026-01-08 19:38:07,753 - INFO - [GINSLIB] processing : 2020/10/04 03:13:35 Q=5
2026-01-08 19:38:07,753 - INFO - [GINSLIB] processing : 2020/10/04 03:13:36 Q=5
2026-01-08 19:38:07,753 - INFO - [GINSLIB] processing : 2020/10/04 03:13:37 Q=5
2026-01-08 19:38:07,753 - INFO - [GINSLIB] processing : 2020/10/04 03:13:38 Q=5
2026-01-08 19:38:07,753 - INFO - [GINSLIB] processing : 2020/10/04 03:13:39 Q=5
2026-01-08 19:38:07,753 - INFO - [GINSLIB] processing : 2020/10/04 03:13:40 Q=5
2026-01-08 19:38:07,753 - INFO - [GINSLIB] processing : 2020/10/04 03:13:41 Q=5
2026-01-08 19:38:07,754 - INFO - [GINSLIB] processing : 2020/10/04 03:13:42 Q=5
2026-01-08 19:38:07,754 - INFO - [GINSLIB] processing : 2020/10/04 03:13:43 Q=5
2026-01-08 19:38:07,754 - INFO - [GINSLIB] processing : 2020/10/04 03:13:44 Q=5
2026-01-08 19:38:08,047 - INFO - [GINSLIB] processing : 2020/10/04 03:13:45 Q=5
2026-01-08 19:38:08,047 - INFO - [GINSLIB] processing : 2020/10/04 03:13:46 Q=5
2026-01-08 19:38:08,047 - INFO - [GINSLIB] processing : 2020/10/04 03:13:47 Q=5
2026-01-08 19:38:08,048 - INFO - [GINSLIB] processing : 2020/10/04 03:13:48 Q=5
2026-01-08 19:38:08,048 - INFO - [GINSLIB] processing : 2020/10/04 03:13:49 Q=5
2026-01-08 19:38:08,048 - INFO - [GINSLIB] processing : 2020/10/04 03:13:50 Q=5
2026-01-08 19:38:08,048 - INFO - [GINSLIB] processing : 2020/10/04 03:13:51 Q=5
2026-01-08 19:38:08,048 - INFO - [GINSLIB] processing : 2020/10/04 03:13:52 Q=5
2026-01-08 19:38:08,048 - INFO - [GINSLIB] processing : 2020/10/04 03:13:53 Q=5
2026-01-08 19:38:08,049 - INFO - [GINSLIB] processing : 2020/10/04 03:13:54 Q=5
2026-01-08 19:38:08,049 - INFO - [GINSLIB] processing : 2020/10/04 03:13:55 Q=5
2026-01-08 19:38:08,049 - INFO - [GINSLIB] processing : 2020/10/04 03:13:56 Q=5
2026-01-08 19:38:08,049 - INFO - [GINSLIB] processing : 2020/10/04 03:13:57 Q=5
2026-01-08 19:38:08,049 - INFO - [GINSLIB] processing : 2020/10/04 03:13:58 Q=5
2026-01-08 19:38:08,049 - INFO - [GINSLIB] processing : 2020/10/04 03:13:59 Q=5
2026-01-08 19:38:08,050 - INFO - [GINSLIB] processing : 2020/10/04 03:14:00 Q=5
2026-01-08 19:38:08,050 - INFO - [GINSLIB] processing : 2020/10/04 03:14:01 Q=5
2026-01-08 19:38:08,050 - INFO - [GINSLIB] processing : 2020/10/04 03:14:02 Q=5
2026-01-08 19:38:08,050 - INFO - [GINSLIB] processing : 2020/10/04 03:14:03 Q=5
2026-01-08 19:38:08,050 - INFO - [GINSLIB] processing : 2020/10/04 03:14:04 Q=5
2026-01-08 19:38:08,050 - INFO - [GINSLIB] processing : 2020/10/04 03:14:05 Q=5
2026-01-08 19:38:08,051 - INFO - [GINSLIB] processing : 2020/10/04 03:14:06 Q=5
2026-01-08 19:38:08,051 - INFO - [GINSLIB] processing : 2020/10/04 03:14:07 Q=5
2026-01-08 19:38:08,051 - INFO - [GINSLIB] processing : 2020/10/04 03:14:08 Q=5
2026-01-08 19:38:08,051 - INFO - [GINSLIB] processing : 2020/10/04 03:14:09 Q=5
2026-01-08 19:38:08,051 - INFO - [GINSLIB] processing : 2020/10/04 03:14:10 Q=5
2026-01-08 19:38:08,051 - INFO - [GINSLIB] processing : 2020/10/04 03:14:11 Q=5
2026-01-08 19:38:08,051 - INFO - [GINSLIB] processing : 2020/10/04 03:14:12 Q=5
2026-01-08 19:38:08,052 - INFO - [GINSLIB] processing : 2020/10/04 03:14:13 Q=5
2026-01-08 19:38:08,052 - INFO - [GINSLIB] processing : 2020/10/04 03:14:14 Q=5
2026-01-08 19:38:08,052 - INFO - [GINSLIB] processing : 2020/10/04 03:14:15 Q=5
2026-01-08 19:38:08,052 - INFO - [GINSLIB] processing : 2020/10/04 03:14:16 Q=5
2026-01-08 19:38:08,052 - INFO - [GINSLIB] processing : 2020/10/04 03:14:17 Q=5
2026-01-08 19:38:08,052 - INFO - [GINSLIB] processing : 2020/10/04 03:14:18 Q=5
2026-01-08 19:38:08,052 - INFO - [GINSLIB] processing : 2020/10/04 03:14:19 Q=5
2026-01-08 19:38:08,052 - INFO - [GINSLIB] processing : 2020/10/04 03:14:20 Q=5
2026-01-08 19:38:08,052 - INFO - [GINSLIB] processing : 2020/10/04 03:14:21 Q=5
2026-01-08 19:38:08,052 - INFO - [GINSLIB] processing : 2020/10/04 03:14:22 Q=5
2026-01-08 19:38:08,053 - INFO - [GINSLIB] processing : 2020/10/04 03:14:23 Q=5
2026-01-08 19:38:08,053 - INFO - [GINSLIB] processing : 2020/10/04 03:14:24 Q=5
2026-01-08 19:38:08,053 - INFO - [GINSLIB] processing : 2020/10/04 03:14:25 Q=5
2026-01-08 19:38:08,053 - INFO - [GINSLIB] processing : 2020/10/04 03:14:26 Q=5
2026-01-08 19:38:08,053 - INFO - [GINSLIB] processing : 2020/10/04 03:14:27 Q=5
2026-01-08 19:38:08,053 - INFO - [GINSLIB] processing : 2020/10/04 03:14:28 Q=5
2026-01-08 19:38:08,053 - INFO - [GINSLIB] processing : 2020/10/04 03:14:29 Q=5
2026-01-08 19:38:08,053 - INFO - [GINSLIB] processing : 2020/10/04 03:14:30 Q=5
2026-01-08 19:38:08,053 - INFO - [GINSLIB] processing : 2020/10/04 03:14:31 Q=5
2026-01-08 19:38:08,053 - INFO - [GINSLIB] processing : 2020/10/04 03:14:32 Q=5
2026-01-08 19:38:08,053 - INFO - [GINSLIB] processing : 2020/10/04 03:14:33 Q=5
2026-01-08 19:38:08,053 - INFO - [GINSLIB] processing : 2020/10/04 03:14:34 Q=5
2026-01-08 19:38:08,054 - INFO - [GINSLIB] processing : 2020/10/04 03:14:35 Q=5
2026-01-08 19:38:08,054 - INFO - [GINSLIB] processing : 2020/10/04 03:14:36 Q=5
2026-01-08 19:38:08,054 - INFO - [GINSLIB] processing : 2020/10/04 03:14:37 Q=5
2026-01-08 19:38:08,054 - INFO - [GINSLIB] processing : 2020/10/04 03:14:38 Q=5
2026-01-08 19:38:08,054 - INFO - [GINSLIB] processing : 2020/10/04 03:14:39 Q=5
2026-01-08 19:38:08,054 - INFO - [GINSLIB] processing : 2020/10/04 03:14:40 Q=5
2026-01-08 19:38:08,054 - INFO - [GINSLIB] processing : 2020/10/04 03:14:41 Q=5
2026-01-08 19:38:08,054 - INFO - [GINSLIB] processing : 2020/10/04 03:14:42 Q=5
2026-01-08 19:38:08,054 - INFO - [GINSLIB] processing : 2020/10/04 03:14:43 Q=5
2026-01-08 19:38:08,054 - INFO - [GINSLIB] processing : 2020/10/04 03:14:44 Q=5
2026-01-08 19:38:08,054 - INFO - [GINSLIB] processing : 2020/10/04 03:14:45 Q=5
2026-01-08 19:38:08,055 - INFO - [GINSLIB] processing : 2020/10/04 03:14:46 Q=5
2026-01-08 19:38:08,055 - INFO - [GINSLIB] processing : 2020/10/04 03:14:47 Q=5
2026-01-08 19:38:08,055 - INFO - [GINSLIB] processing : 2020/10/04 03:14:48 Q=5
2026-01-08 19:38:08,055 - INFO - [GINSLIB] processing : 2020/10/04 03:14:49 Q=5
2026-01-08 19:38:08,055 - INFO - [GINSLIB] processing : 2020/10/04 03:14:50 Q=5
2026-01-08 19:38:08,055 - INFO - [GINSLIB] processing : 2020/10/04 03:14:51 Q=5
2026-01-08 19:38:08,055 - INFO - [GINSLIB] processing : 2020/10/04 03:14:52 Q=5
2026-01-08 19:38:08,055 - INFO - [GINSLIB] processing : 2020/10/04 03:14:53 Q=5
2026-01-08 19:38:08,055 - INFO - [GINSLIB] processing : 2020/10/04 03:14:54 Q=5
2026-01-08 19:38:08,055 - INFO - [GINSLIB] processing : 2020/10/04 03:14:55 Q=5
2026-01-08 19:38:08,055 - INFO - [GINSLIB] processing : 2020/10/04 03:14:56 Q=5
2026-01-08 19:38:08,056 - INFO - [GINSLIB] processing : 2020/10/04 03:14:57 Q=5
2026-01-08 19:38:08,056 - INFO - [GINSLIB] processing : 2020/10/04 03:14:58 Q=5
2026-01-08 19:38:08,056 - INFO - [GINSLIB] processing : 2020/10/04 03:14:59 Q=5
2026-01-08 19:38:08,056 - INFO - [GINSLIB] processing : 2020/10/04 03:15:00 Q=5
2026-01-08 19:38:08,056 - INFO - [GINSLIB] processing : 2020/10/04 03:15:01 Q=5
2026-01-08 19:38:08,056 - INFO - [GINSLIB] processing : 2020/10/04 03:15:02 Q=5
2026-01-08 19:38:08,056 - INFO - [GINSLIB] processing : 2020/10/04 03:15:03 Q=5
2026-01-08 19:38:08,056 - INFO - [GINSLIB] processing : 2020/10/04 03:15:04 Q=5
2026-01-08 19:38:08,056 - INFO - [GINSLIB] processing : 2020/10/04 03:15:05 Q=5
2026-01-08 19:38:08,057 - INFO - [GINSLIB] processing : 2020/10/04 03:15:06 Q=5
2026-01-08 19:38:08,057 - INFO - [GINSLIB] processing : 2020/10/04 03:15:07 Q=5
2026-01-08 19:38:08,057 - INFO - [GINSLIB] processing : 2020/10/04 03:15:08 Q=5
2026-01-08 19:38:08,057 - INFO - [GINSLIB] processing : 2020/10/04 03:15:09 Q=5
2026-01-08 19:38:08,058 - INFO - [GINSLIB] processing : 2020/10/04 03:15:10 Q=5
2026-01-08 19:38:08,058 - INFO - [GINSLIB] processing : 2020/10/04 03:15:11 Q=5
2026-01-08 19:38:08,058 - INFO - [GINSLIB] processing : 2020/10/04 03:15:12 Q=5
2026-01-08 19:38:08,058 - INFO - [GINSLIB] processing : 2020/10/04 03:15:13 Q=5
2026-01-08 19:38:08,059 - INFO - [GINSLIB] processing : 2020/10/04 03:15:14 Q=5
2026-01-08 19:38:08,059 - INFO - [GINSLIB] processing : 2020/10/04 03:15:15 Q=5
2026-01-08 19:38:08,059 - INFO - [GINSLIB] processing : 2020/10/04 03:15:16 Q=5
2026-01-08 19:38:08,060 - INFO - [GINSLIB] processing : 2020/10/04 03:15:17 Q=5
2026-01-08 19:38:08,060 - INFO - [GINSLIB] processing : 2020/10/04 03:15:18 Q=5
2026-01-08 19:38:08,060 - INFO - [GINSLIB] processing : 2020/10/04 03:15:19 Q=5
2026-01-08 19:38:08,060 - INFO - [GINSLIB] processing : 2020/10/04 03:15:20 Q=5
2026-01-08 19:38:08,060 - INFO - [GINSLIB] processing : 2020/10/04 03:15:21 Q=5
2026-01-08 19:38:08,061 - INFO - [GINSLIB] processing : 2020/10/04 03:15:22 Q=5
2026-01-08 19:38:08,061 - INFO - [GINSLIB] processing : 2020/10/04 03:15:23 Q=5
2026-01-08 19:38:08,061 - INFO - [GINSLIB] processing : 2020/10/04 03:15:24 Q=5
2026-01-08 19:38:08,061 - INFO - [GINSLIB] processing : 2020/10/04 03:15:25 Q=5
2026-01-08 19:38:08,062 - INFO - [GINSLIB] processing : 2020/10/04 03:15:26 Q=5
2026-01-08 19:38:08,062 - INFO - [GINSLIB] processing : 2020/10/04 03:15:27 Q=5
2026-01-08 19:38:08,062 - INFO - [GINSLIB] processing : 2020/10/04 03:15:28 Q=5
2026-01-08 19:38:08,062 - INFO - [GINSLIB] processing : 2020/10/04 03:15:29 Q=5
2026-01-08 19:38:08,062 - INFO - [GINSLIB] processing : 2020/10/04 03:15:30 Q=5
2026-01-08 19:38:08,062 - INFO - [GINSLIB] processing : 2020/10/04 03:15:31 Q=5
2026-01-08 19:38:08,062 - INFO - [GINSLIB] processing : 2020/10/04 03:15:32 Q=5
2026-01-08 19:38:08,062 - INFO - [GINSLIB] processing : 2020/10/04 03:15:33 Q=5
2026-01-08 19:38:08,063 - INFO - [GINSLIB] processing : 2020/10/04 03:15:34 Q=5
2026-01-08 19:38:08,063 - INFO - [GINSLIB] processing : 2020/10/04 03:15:35 Q=5
2026-01-08 19:38:08,331 - INFO - [GINSLIB] processing : 2020/10/04 03:15:36 Q=5
2026-01-08 19:38:08,331 - INFO - [GINSLIB] processing : 2020/10/04 03:15:37 Q=5
2026-01-08 19:38:08,332 - INFO - [GINSLIB] processing : 2020/10/04 03:15:38 Q=5
2026-01-08 19:38:08,332 - INFO - [GINSLIB] processing : 2020/10/04 03:15:39 Q=5
2026-01-08 19:38:08,332 - INFO - [GINSLIB] processing : 2020/10/04 03:15:40 Q=5
2026-01-08 19:38:08,332 - INFO - [GINSLIB] processing : 2020/10/04 03:15:41 Q=5
2026-01-08 19:38:08,332 - INFO - [GINSLIB] processing : 2020/10/04 03:15:42 Q=5
2026-01-08 19:38:08,332 - INFO - [GINSLIB] processing : 2020/10/04 03:15:43 Q=5
2026-01-08 19:38:08,332 - INFO - [GINSLIB] processing : 2020/10/04 03:15:44 Q=5
2026-01-08 19:38:08,333 - INFO - [GINSLIB] processing : 2020/10/04 03:15:45 Q=5
2026-01-08 19:38:08,333 - INFO - [GINSLIB] processing : 2020/10/04 03:15:46 Q=5
2026-01-08 19:38:08,333 - INFO - [GINSLIB] processing : 2020/10/04 03:15:47 Q=5
2026-01-08 19:38:08,333 - INFO - [GINSLIB] processing : 2020/10/04 03:15:48 Q=5
2026-01-08 19:38:08,333 - INFO - [GINSLIB] processing : 2020/10/04 03:15:49 Q=5
2026-01-08 19:38:08,333 - INFO - [GINSLIB] processing : 2020/10/04 03:15:50 Q=5
2026-01-08 19:38:08,333 - INFO - [GINSLIB] processing : 2020/10/04 03:15:51 Q=5
2026-01-08 19:38:08,333 - INFO - [GINSLIB] processing : 2020/10/04 03:15:52 Q=5
2026-01-08 19:38:08,334 - INFO - [GINSLIB] processing : 2020/10/04 03:15:53 Q=5
2026-01-08 19:38:08,334 - INFO - [GINSLIB] processing : 2020/10/04 03:15:54 Q=5
2026-01-08 19:38:08,334 - INFO - [GINSLIB] processing : 2020/10/04 03:15:55 Q=5
2026-01-08 19:38:08,334 - INFO - [GINSLIB] processing : 2020/10/04 03:15:56 Q=5
2026-01-08 19:38:08,334 - INFO - [GINSLIB] processing : 2020/10/04 03:15:57 Q=5
2026-01-08 19:38:08,334 - INFO - [GINSLIB] processing : 2020/10/04 03:15:58 Q=5
2026-01-08 19:38:08,334 - INFO - [GINSLIB] processing : 2020/10/04 03:15:59 Q=5
2026-01-08 19:38:08,334 - INFO - [GINSLIB] processing : 2020/10/04 03:16:00 Q=5
2026-01-08 19:38:08,334 - INFO - [GINSLIB] processing : 2020/10/04 03:16:01 Q=5
2026-01-08 19:38:08,334 - INFO - [GINSLIB] processing : 2020/10/04 03:16:02 Q=5
2026-01-08 19:38:08,334 - INFO - [GINSLIB] processing : 2020/10/04 03:16:03 Q=5
2026-01-08 19:38:08,335 - INFO - [GINSLIB] processing : 2020/10/04 03:16:04 Q=5
2026-01-08 19:38:08,335 - INFO - [GINSLIB] processing : 2020/10/04 03:16:05 Q=5
2026-01-08 19:38:08,335 - INFO - [GINSLIB] processing : 2020/10/04 03:16:06 Q=5
2026-01-08 19:38:08,335 - INFO - [GINSLIB] processing : 2020/10/04 03:16:07 Q=5
2026-01-08 19:38:08,335 - INFO - [GINSLIB] processing : 2020/10/04 03:16:08 Q=5
2026-01-08 19:38:08,335 - INFO - [GINSLIB] processing : 2020/10/04 03:16:09 Q=5
2026-01-08 19:38:08,335 - INFO - [GINSLIB] processing : 2020/10/04 03:16:10 Q=5
2026-01-08 19:38:08,335 - INFO - [GINSLIB] processing : 2020/10/04 03:16:11 Q=5
2026-01-08 19:38:08,335 - INFO - [GINSLIB] processing : 2020/10/04 03:16:12 Q=5
2026-01-08 19:38:08,335 - INFO - [GINSLIB] processing : 2020/10/04 03:16:13 Q=5
2026-01-08 19:38:08,336 - INFO - [GINSLIB] processing : 2020/10/04 03:16:14 Q=5
2026-01-08 19:38:08,336 - INFO - [GINSLIB] processing : 2020/10/04 03:16:15 Q=5
2026-01-08 19:38:08,336 - INFO - [GINSLIB] processing : 2020/10/04 03:16:16 Q=5
2026-01-08 19:38:08,336 - INFO - [GINSLIB] processing : 2020/10/04 03:16:17 Q=5
2026-01-08 19:38:08,336 - INFO - [GINSLIB] processing : 2020/10/04 03:16:18 Q=5
2026-01-08 19:38:08,336 - INFO - [GINSLIB] processing : 2020/10/04 03:16:19 Q=5
2026-01-08 19:38:08,336 - INFO - [GINSLIB] processing : 2020/10/04 03:16:20 Q=5
2026-01-08 19:38:08,336 - INFO - [GINSLIB] processing : 2020/10/04 03:16:21 Q=5
2026-01-08 19:38:08,336 - INFO - [GINSLIB] processing : 2020/10/04 03:16:22 Q=5
2026-01-08 19:38:08,336 - INFO - [GINSLIB] processing : 2020/10/04 03:16:23 Q=5
2026-01-08 19:38:08,336 - INFO - [GINSLIB] processing : 2020/10/04 03:16:24 Q=5
2026-01-08 19:38:08,337 - INFO - [GINSLIB] processing : 2020/10/04 03:16:25 Q=5
2026-01-08 19:38:08,337 - INFO - [GINSLIB] processing : 2020/10/04 03:16:26 Q=5
2026-01-08 19:38:08,337 - INFO - [GINSLIB] processing : 2020/10/04 03:16:27 Q=5
2026-01-08 19:38:08,337 - INFO - [GINSLIB] processing : 2020/10/04 03:16:28 Q=5
2026-01-08 19:38:08,337 - INFO - [GINSLIB] processing : 2020/10/04 03:16:29 Q=5
2026-01-08 19:38:08,337 - INFO - [GINSLIB] processing : 2020/10/04 03:16:30 Q=5
2026-01-08 19:38:08,337 - INFO - [GINSLIB] processing : 2020/10/04 03:16:31 Q=5
2026-01-08 19:38:08,337 - INFO - [GINSLIB] processing : 2020/10/04 03:16:32 Q=5
2026-01-08 19:38:08,337 - INFO - [GINSLIB] processing : 2020/10/04 03:16:33 Q=5
2026-01-08 19:38:08,337 - INFO - [GINSLIB] processing : 2020/10/04 03:16:34 Q=5
2026-01-08 19:38:08,337 - INFO - [GINSLIB] processing : 2020/10/04 03:16:35 Q=5
2026-01-08 19:38:08,338 - INFO - [GINSLIB] processing : 2020/10/04 03:16:36 Q=5
2026-01-08 19:38:08,338 - INFO - [GINSLIB] processing : 2020/10/04 03:16:37 Q=5
2026-01-08 19:38:08,338 - INFO - [GINSLIB] processing : 2020/10/04 03:16:38 Q=5
2026-01-08 19:38:08,338 - INFO - [GINSLIB] processing : 2020/10/04 03:16:39 Q=5
2026-01-08 19:38:08,338 - INFO - [GINSLIB] processing : 2020/10/04 03:16:40 Q=5
2026-01-08 19:38:08,338 - INFO - [GINSLIB] processing : 2020/10/04 03:16:41 Q=5
2026-01-08 19:38:08,338 - INFO - [GINSLIB] processing : 2020/10/04 03:16:42 Q=5
2026-01-08 19:38:08,338 - INFO - [GINSLIB] processing : 2020/10/04 03:16:43 Q=5
2026-01-08 19:38:08,338 - INFO - [GINSLIB] processing : 2020/10/04 03:16:44 Q=5
2026-01-08 19:38:08,338 - INFO - [GINSLIB] processing : 2020/10/04 03:16:45 Q=5
2026-01-08 19:38:08,339 - INFO - [GINSLIB] processing : 2020/10/04 03:16:46 Q=5
2026-01-08 19:38:08,339 - INFO - [GINSLIB] processing : 2020/10/04 03:16:47 Q=5
2026-01-08 19:38:08,339 - INFO - [GINSLIB] processing : 2020/10/04 03:16:48 Q=5
2026-01-08 19:38:08,339 - INFO - [GINSLIB] processing : 2020/10/04 03:16:49 Q=5
2026-01-08 19:38:08,339 - INFO - [GINSLIB] processing : 2020/10/04 03:16:50 Q=5
2026-01-08 19:38:08,339 - INFO - [GINSLIB] processing : 2020/10/04 03:16:51 Q=5
2026-01-08 19:38:08,339 - INFO - [GINSLIB] processing : 2020/10/04 03:16:52 Q=5
2026-01-08 19:38:08,339 - INFO - [GINSLIB] processing : 2020/10/04 03:16:53 Q=5
2026-01-08 19:38:08,339 - INFO - [GINSLIB] processing : 2020/10/04 03:16:54 Q=5
2026-01-08 19:38:08,339 - INFO - [GINSLIB] processing : 2020/10/04 03:16:55 Q=5
2026-01-08 19:38:08,339 - INFO - [GINSLIB] processing : 2020/10/04 03:16:56 Q=5
2026-01-08 19:38:08,340 - INFO - [GINSLIB] processing : 2020/10/04 03:16:57 Q=5
2026-01-08 19:38:08,340 - INFO - [GINSLIB] processing : 2020/10/04 03:16:58 Q=5
2026-01-08 19:38:08,340 - INFO - [GINSLIB] processing : 2020/10/04 03:16:59 Q=5
2026-01-08 19:38:08,340 - INFO - [GINSLIB] processing : 2020/10/04 03:17:00 Q=5
2026-01-08 19:38:08,340 - INFO - [GINSLIB] processing : 2020/10/04 03:17:01 Q=5
2026-01-08 19:38:08,340 - INFO - [GINSLIB] processing : 2020/10/04 03:17:02 Q=5
2026-01-08 19:38:08,341 - INFO - [GINSLIB] processing : 2020/10/04 03:17:03 Q=5
2026-01-08 19:38:08,341 - INFO - [GINSLIB] processing : 2020/10/04 03:17:04 Q=5
2026-01-08 19:38:08,341 - INFO - [GINSLIB] processing : 2020/10/04 03:17:05 Q=5
2026-01-08 19:38:08,341 - INFO - [GINSLIB] processing : 2020/10/04 03:17:06 Q=5
2026-01-08 19:38:08,341 - INFO - [GINSLIB] processing : 2020/10/04 03:17:07 Q=5
2026-01-08 19:38:08,342 - INFO - [GINSLIB] processing : 2020/10/04 03:17:08 Q=5
2026-01-08 19:38:08,342 - INFO - [GINSLIB] processing : 2020/10/04 03:17:09 Q=5
2026-01-08 19:38:08,342 - INFO - [GINSLIB] processing : 2020/10/04 03:17:10 Q=5
2026-01-08 19:38:08,342 - INFO - [GINSLIB] processing : 2020/10/04 03:17:11 Q=5
2026-01-08 19:38:08,342 - INFO - [GINSLIB] processing : 2020/10/04 03:17:12 Q=5
2026-01-08 19:38:08,343 - INFO - [GINSLIB] processing : 2020/10/04 03:17:13 Q=5
2026-01-08 19:38:08,343 - INFO - [GINSLIB] processing : 2020/10/04 03:17:14 Q=5
2026-01-08 19:38:08,343 - INFO - [GINSLIB] processing : 2020/10/04 03:17:15 Q=5
2026-01-08 19:38:08,343 - INFO - [GINSLIB] processing : 2020/10/04 03:17:16 Q=5
2026-01-08 19:38:08,343 - INFO - [GINSLIB] processing : 2020/10/04 03:17:17 Q=5
2026-01-08 19:38:08,343 - INFO - [GINSLIB] processing : 2020/10/04 03:17:18 Q=5
2026-01-08 19:38:08,343 - INFO - [GINSLIB] processing : 2020/10/04 03:17:19 Q=5
2026-01-08 19:38:08,344 - INFO - [GINSLIB] processing : 2020/10/04 03:17:20 Q=5
2026-01-08 19:38:08,344 - INFO - [GINSLIB] processing : 2020/10/04 03:17:21 Q=5
2026-01-08 19:38:08,344 - INFO - [GINSLIB] processing : 2020/10/04 03:17:22 Q=5
2026-01-08 19:38:08,344 - INFO - [GINSLIB] processing : 2020/10/04 03:17:23 Q=5
2026-01-08 19:38:08,344 - INFO - [GINSLIB] processing : 2020/10/04 03:17:24 Q=5
2026-01-08 19:38:08,344 - INFO - [GINSLIB] processing : 2020/10/04 03:17:25 Q=5
2026-01-08 19:38:08,344 - INFO - [GINSLIB] processing : 2020/10/04 03:17:26 Q=5
2026-01-08 19:38:08,638 - INFO - [GINSLIB] processing : 2020/10/04 03:17:27 Q=5
2026-01-08 19:38:08,638 - INFO - [GINSLIB] processing : 2020/10/04 03:17:28 Q=5
2026-01-08 19:38:08,638 - INFO - [GINSLIB] processing : 2020/10/04 03:17:29 Q=5
2026-01-08 19:38:08,639 - INFO - [GINSLIB] processing : 2020/10/04 03:17:30 Q=5
2026-01-08 19:38:08,639 - INFO - [GINSLIB] processing : 2020/10/04 03:17:31 Q=5
2026-01-08 19:38:08,639 - INFO - [GINSLIB] processing : 2020/10/04 03:17:32 Q=5
2026-01-08 19:38:08,639 - INFO - [GINSLIB] processing : 2020/10/04 03:17:33 Q=5
2026-01-08 19:38:08,639 - INFO - [GINSLIB] processing : 2020/10/04 03:17:34 Q=5
2026-01-08 19:38:08,639 - INFO - [GINSLIB] processing : 2020/10/04 03:17:35 Q=5
2026-01-08 19:38:08,640 - INFO - [GINSLIB] processing : 2020/10/04 03:17:36 Q=5
2026-01-08 19:38:08,640 - INFO - [GINSLIB] processing : 2020/10/04 03:17:37 Q=5
2026-01-08 19:38:08,640 - INFO - [GINSLIB] processing : 2020/10/04 03:17:38 Q=5
2026-01-08 19:38:08,640 - INFO - [GINSLIB] processing : 2020/10/04 03:17:39 Q=5
2026-01-08 19:38:08,641 - INFO - [GINSLIB] processing : 2020/10/04 03:17:40 Q=5
2026-01-08 19:38:08,641 - INFO - [GINSLIB] processing : 2020/10/04 03:17:41 Q=5
2026-01-08 19:38:08,641 - INFO - [GINSLIB] processing : 2020/10/04 03:17:42 Q=5
2026-01-08 19:38:08,641 - INFO - [GINSLIB] processing : 2020/10/04 03:17:43 Q=5
2026-01-08 19:38:08,641 - INFO - [GINSLIB] processing : 2020/10/04 03:17:44 Q=5
2026-01-08 19:38:08,642 - INFO - [GINSLIB] processing : 2020/10/04 03:17:45 Q=5
2026-01-08 19:38:08,642 - INFO - [GINSLIB] processing : 2020/10/04 03:17:46 Q=5
2026-01-08 19:38:08,642 - INFO - [GINSLIB] processing : 2020/10/04 03:17:47 Q=5
2026-01-08 19:38:08,642 - INFO - [GINSLIB] processing : 2020/10/04 03:17:48 Q=5
2026-01-08 19:38:08,643 - INFO - [GINSLIB] processing : 2020/10/04 03:17:49 Q=5
2026-01-08 19:38:08,643 - INFO - [GINSLIB] processing : 2020/10/04 03:17:50 Q=5
2026-01-08 19:38:08,643 - INFO - [GINSLIB] processing : 2020/10/04 03:17:51 Q=5
2026-01-08 19:38:08,643 - INFO - [GINSLIB] processing : 2020/10/04 03:17:52 Q=5
2026-01-08 19:38:08,643 - INFO - [GINSLIB] processing : 2020/10/04 03:17:53 Q=5
2026-01-08 19:38:08,643 - INFO - [GINSLIB] processing : 2020/10/04 03:17:54 Q=5
2026-01-08 19:38:08,644 - INFO - [GINSLIB] processing : 2020/10/04 03:17:55 Q=5
2026-01-08 19:38:08,644 - INFO - [GINSLIB] processing : 2020/10/04 03:17:56 Q=5
2026-01-08 19:38:08,644 - INFO - [GINSLIB] processing : 2020/10/04 03:17:57 Q=5
2026-01-08 19:38:08,644 - INFO - [GINSLIB] processing : 2020/10/04 03:17:58 Q=5
2026-01-08 19:38:08,644 - INFO - [GINSLIB] processing : 2020/10/04 03:17:59 Q=5
2026-01-08 19:38:08,644 - INFO - [GINSLIB] processing : 2020/10/04 03:18:00 Q=5
2026-01-08 19:38:08,645 - INFO - [GINSLIB] processing : 2020/10/04 03:18:01 Q=5
2026-01-08 19:38:08,645 - INFO - [GINSLIB] processing : 2020/10/04 03:18:02 Q=5
2026-01-08 19:38:08,645 - INFO - [GINSLIB] processing : 2020/10/04 03:18:03 Q=5
2026-01-08 19:38:08,645 - INFO - [GINSLIB] processing : 2020/10/04 03:18:04 Q=5
2026-01-08 19:38:08,645 - INFO - [GINSLIB] processing : 2020/10/04 03:18:05 Q=5
2026-01-08 19:38:08,645 - INFO - [GINSLIB] processing : 2020/10/04 03:18:06 Q=5
2026-01-08 19:38:08,645 - INFO - [GINSLIB] processing : 2020/10/04 03:18:07 Q=5
2026-01-08 19:38:08,646 - INFO - [GINSLIB] processing : 2020/10/04 03:18:08 Q=5
2026-01-08 19:38:08,646 - INFO - [GINSLIB] processing : 2020/10/04 03:18:09 Q=5
2026-01-08 19:38:08,646 - INFO - [GINSLIB] processing : 2020/10/04 03:18:10 Q=5
2026-01-08 19:38:08,646 - INFO - [GINSLIB] processing : 2020/10/04 03:18:11 Q=5
2026-01-08 19:38:08,646 - INFO - [GINSLIB] processing : 2020/10/04 03:18:12 Q=5
2026-01-08 19:38:08,647 - INFO - [GINSLIB] processing : 2020/10/04 03:18:13 Q=5
2026-01-08 19:38:08,647 - INFO - [GINSLIB] processing : 2020/10/04 03:18:14 Q=5
2026-01-08 19:38:08,647 - INFO - [GINSLIB] processing : 2020/10/04 03:18:15 Q=5
2026-01-08 19:38:08,647 - INFO - [GINSLIB] processing : 2020/10/04 03:18:16 Q=5
2026-01-08 19:38:08,648 - INFO - [GINSLIB] processing : 2020/10/04 03:18:17 Q=5
2026-01-08 19:38:08,648 - INFO - [GINSLIB] processing : 2020/10/04 03:18:18 Q=5
2026-01-08 19:38:08,648 - INFO - [GINSLIB] processing : 2020/10/04 03:18:19 Q=5
2026-01-08 19:38:08,648 - INFO - [GINSLIB] processing : 2020/10/04 03:18:20 Q=5
2026-01-08 19:38:08,648 - INFO - [GINSLIB] processing : 2020/10/04 03:18:21 Q=5
2026-01-08 19:38:08,649 - INFO - [GINSLIB] processing : 2020/10/04 03:18:22 Q=5
2026-01-08 19:38:08,649 - INFO - [GINSLIB] processing : 2020/10/04 03:18:23 Q=5
2026-01-08 19:38:08,649 - INFO - [GINSLIB] processing : 2020/10/04 03:18:24 Q=5
2026-01-08 19:38:08,649 - INFO - [GINSLIB] processing : 2020/10/04 03:18:25 Q=5
2026-01-08 19:38:08,650 - INFO - [GINSLIB] processing : 2020/10/04 03:18:26 Q=5
2026-01-08 19:38:08,650 - INFO - [GINSLIB] processing : 2020/10/04 03:18:27 Q=0
2026-01-08 19:38:08,650 - INFO - [GINSLIB] processing : 2020/10/04 03:18:28 Q=5
2026-01-08 19:38:08,650 - INFO - [GINSLIB] processing : 2020/10/04 03:18:29 Q=5
2026-01-08 19:38:08,650 - INFO - [GINSLIB] processing : 2020/10/04 03:18:30 Q=5
2026-01-08 19:38:08,651 - INFO - [GINSLIB] processing : 2020/10/04 03:18:31 Q=5
2026-01-08 19:38:08,651 - INFO - [GINSLIB] processing : 2020/10/04 03:18:32 Q=5
2026-01-08 19:38:08,651 - INFO - [GINSLIB] processing : 2020/10/04 03:18:33 Q=5
2026-01-08 19:38:08,651 - INFO - [GINSLIB] processing : 2020/10/04 03:18:34 Q=5
2026-01-08 19:38:08,651 - INFO - [GINSLIB] processing : 2020/10/04 03:18:35 Q=5
2026-01-08 19:38:08,651 - INFO - [GINSLIB] processing : 2020/10/04 03:18:36 Q=5
2026-01-08 19:38:08,652 - INFO - [GINSLIB] processing : 2020/10/04 03:18:37 Q=5
2026-01-08 19:38:08,652 - INFO - [GINSLIB] processing : 2020/10/04 03:18:38 Q=5
2026-01-08 19:38:08,652 - INFO - [GINSLIB] processing : 2020/10/04 03:18:39 Q=5
2026-01-08 19:38:08,652 - INFO - [GINSLIB] processing : 2020/10/04 03:18:40 Q=5
2026-01-08 19:38:08,652 - INFO - [GINSLIB] processing : 2020/10/04 03:18:41 Q=5
2026-01-08 19:38:08,652 - INFO - [GINSLIB] processing : 2020/10/04 03:18:42 Q=5
2026-01-08 19:38:08,652 - INFO - [GINSLIB] processing : 2020/10/04 03:18:43 Q=5
2026-01-08 19:38:08,653 - INFO - [GINSLIB] processing : 2020/10/04 03:18:44 Q=5
2026-01-08 19:38:08,653 - INFO - [GINSLIB] processing : 2020/10/04 03:18:45 Q=5
2026-01-08 19:38:08,653 - INFO - [GINSLIB] processing : 2020/10/04 03:18:46 Q=5
2026-01-08 19:38:08,653 - INFO - [GINSLIB] processing : 2020/10/04 03:18:47 Q=5
2026-01-08 19:38:08,653 - INFO - [GINSLIB] processing : 2020/10/04 03:18:48 Q=5
2026-01-08 19:38:08,653 - INFO - [GINSLIB] processing : 2020/10/04 03:18:49 Q=0
2026-01-08 19:38:08,653 - INFO - [GINSLIB] processing : 2020/10/04 03:18:50 Q=5
2026-01-08 19:38:08,653 - INFO - [GINSLIB] processing : 2020/10/04 03:18:51 Q=5
2026-01-08 19:38:08,653 - INFO - [GINSLIB] processing : 2020/10/04 03:18:52 Q=5
2026-01-08 19:38:08,654 - INFO - [GINSLIB] processing : 2020/10/04 03:18:53 Q=5
2026-01-08 19:38:08,654 - INFO - [GINSLIB] processing : 2020/10/04 03:18:54 Q=5
2026-01-08 19:38:08,654 - INFO - [GINSLIB] processing : 2020/10/04 03:18:55 Q=5
2026-01-08 19:38:08,654 - INFO - [GINSLIB] processing : 2020/10/04 03:18:56 Q=5
2026-01-08 19:38:08,654 - INFO - [GINSLIB] processing : 2020/10/04 03:18:57 Q=5
2026-01-08 19:38:08,654 - INFO - [GINSLIB] processing : 2020/10/04 03:18:58 Q=5
2026-01-08 19:38:08,654 - INFO - [GINSLIB] processing : 2020/10/04 03:18:59 Q=5
2026-01-08 19:38:08,654 - INFO - [GINSLIB] processing : 2020/10/04 03:19:00 Q=5
2026-01-08 19:38:08,654 - INFO - [GINSLIB] processing : 2020/10/04 03:19:01 Q=5
2026-01-08 19:38:08,654 - INFO - [GINSLIB] processing : 2020/10/04 03:19:02 Q=5
2026-01-08 19:38:08,655 - INFO - [GINSLIB] processing : 2020/10/04 03:19:03 Q=5
2026-01-08 19:38:08,655 - INFO - [GINSLIB] processing : 2020/10/04 03:19:04 Q=5
2026-01-08 19:38:08,655 - INFO - [GINSLIB] processing : 2020/10/04 03:19:05 Q=5
2026-01-08 19:38:08,655 - INFO - [GINSLIB] processing : 2020/10/04 03:19:06 Q=5
2026-01-08 19:38:08,655 - INFO - [GINSLIB] processing : 2020/10/04 03:19:07 Q=5
2026-01-08 19:38:08,655 - INFO - [GINSLIB] processing : 2020/10/04 03:19:08 Q=5
2026-01-08 19:38:08,655 - INFO - [GINSLIB] processing : 2020/10/04 03:19:09 Q=5
2026-01-08 19:38:08,655 - INFO - [GINSLIB] processing : 2020/10/04 03:19:10 Q=5
2026-01-08 19:38:08,655 - INFO - [GINSLIB] processing : 2020/10/04 03:19:11 Q=5
2026-01-08 19:38:08,655 - INFO - [GINSLIB] processing : 2020/10/04 03:19:12 Q=5
2026-01-08 19:38:08,656 - INFO - [GINSLIB] processing : 2020/10/04 03:19:13 Q=5
2026-01-08 19:38:08,656 - INFO - [GINSLIB] processing : 2020/10/04 03:19:14 Q=5
2026-01-08 19:38:08,656 - INFO - [GINSLIB] processing : 2020/10/04 03:19:15 Q=5
2026-01-08 19:38:08,656 - INFO - [GINSLIB] processing : 2020/10/04 03:19:16 Q=5
2026-01-08 19:38:08,951 - INFO - [GINSLIB] processing : 2020/10/04 03:19:17 Q=5
2026-01-08 19:38:08,951 - INFO - [GINSLIB] processing : 2020/10/04 03:19:18 Q=5
2026-01-08 19:38:08,951 - INFO - [GINSLIB] processing : 2020/10/04 03:19:19 Q=5
2026-01-08 19:38:08,952 - INFO - [GINSLIB] processing : 2020/10/04 03:19:20 Q=5
2026-01-08 19:38:08,952 - INFO - [GINSLIB] processing : 2020/10/04 03:19:21 Q=5
2026-01-08 19:38:08,952 - INFO - [GINSLIB] processing : 2020/10/04 03:19:22 Q=5
2026-01-08 19:38:08,952 - INFO - [GINSLIB] processing : 2020/10/04 03:19:23 Q=5
2026-01-08 19:38:08,952 - INFO - [GINSLIB] processing : 2020/10/04 03:19:24 Q=5
2026-01-08 19:38:08,952 - INFO - [GINSLIB] processing : 2020/10/04 03:19:25 Q=5
2026-01-08 19:38:08,953 - INFO - [GINSLIB] processing : 2020/10/04 03:19:26 Q=5
2026-01-08 19:38:08,953 - INFO - [GINSLIB] processing : 2020/10/04 03:19:27 Q=5
2026-01-08 19:38:08,953 - INFO - [GINSLIB] processing : 2020/10/04 03:19:28 Q=5
2026-01-08 19:38:08,953 - INFO - [GINSLIB] processing : 2020/10/04 03:19:29 Q=5
2026-01-08 19:38:08,953 - INFO - [GINSLIB] processing : 2020/10/04 03:19:30 Q=5
2026-01-08 19:38:08,953 - INFO - [GINSLIB] processing : 2020/10/04 03:19:31 Q=5
2026-01-08 19:38:08,954 - INFO - [GINSLIB] processing : 2020/10/04 03:19:32 Q=0
2026-01-08 19:38:08,954 - INFO - [GINSLIB] processing : 2020/10/04 03:19:33 Q=0
2026-01-08 19:38:08,954 - INFO - [GINSLIB] processing : 2020/10/04 03:19:34 Q=0
2026-01-08 19:38:08,954 - INFO - [GINSLIB] processing : 2020/10/04 03:19:35 Q=0
2026-01-08 19:38:08,954 - INFO - [GINSLIB] processing : 2020/10/04 03:19:36 Q=5
2026-01-08 19:38:08,954 - INFO - [GINSLIB] processing : 2020/10/04 03:19:37 Q=5
2026-01-08 19:38:08,955 - INFO - [GINSLIB] processing : 2020/10/04 03:19:38 Q=5
2026-01-08 19:38:08,955 - INFO - [GINSLIB] processing : 2020/10/04 03:19:39 Q=5
2026-01-08 19:38:08,955 - INFO - [GINSLIB] processing : 2020/10/04 03:19:40 Q=5
2026-01-08 19:38:08,955 - INFO - [GINSLIB] processing : 2020/10/04 03:19:41 Q=0
2026-01-08 19:38:08,955 - INFO - [GINSLIB] processing : 2020/10/04 03:19:42 Q=0
2026-01-08 19:38:08,956 - INFO - [GINSLIB] processing : 2020/10/04 03:19:43 Q=5
2026-01-08 19:38:08,956 - INFO - [GINSLIB] processing : 2020/10/04 03:19:44 Q=5
2026-01-08 19:38:08,956 - INFO - [GINSLIB] processing : 2020/10/04 03:19:45 Q=5
2026-01-08 19:38:08,956 - INFO - [GINSLIB] processing : 2020/10/04 03:19:46 Q=5
2026-01-08 19:38:08,956 - INFO - [GINSLIB] processing : 2020/10/04 03:19:47 Q=5
2026-01-08 19:38:08,956 - INFO - [GINSLIB] processing : 2020/10/04 03:19:48 Q=5
2026-01-08 19:38:08,956 - INFO - [GINSLIB] processing : 2020/10/04 03:19:49 Q=5
2026-01-08 19:38:08,956 - INFO - [GINSLIB] processing : 2020/10/04 03:19:50 Q=5
2026-01-08 19:38:08,956 - INFO - [GINSLIB] processing : 2020/10/04 03:19:51 Q=5
2026-01-08 19:38:08,957 - INFO - [GINSLIB] processing : 2020/10/04 03:19:52 Q=5
2026-01-08 19:38:08,957 - INFO - [GINSLIB] processing : 2020/10/04 03:19:53 Q=5
2026-01-08 19:38:08,957 - INFO - [GINSLIB] processing : 2020/10/04 03:19:54 Q=5
2026-01-08 19:38:08,957 - INFO - [GINSLIB] processing : 2020/10/04 03:19:55 Q=5
2026-01-08 19:38:08,957 - INFO - [GINSLIB] processing : 2020/10/04 03:19:56 Q=5
2026-01-08 19:38:08,957 - INFO - [GINSLIB] processing : 2020/10/04 03:19:57 Q=5
2026-01-08 19:38:08,958 - INFO - [GINSLIB] processing : 2020/10/04 03:19:58 Q=5
2026-01-08 19:38:08,958 - INFO - [GINSLIB] processing : 2020/10/04 03:19:59 Q=5
2026-01-08 19:38:08,958 - INFO - [GINSLIB] processing : 2020/10/04 03:20:00 Q=5
2026-01-08 19:38:08,958 - INFO - [GINSLIB] processing : 2020/10/04 03:20:01 Q=5
2026-01-08 19:38:08,959 - INFO - [GINSLIB] processing : 2020/10/04 03:20:02 Q=5
2026-01-08 19:38:08,959 - INFO - [GINSLIB] processing : 2020/10/04 03:20:03 Q=5
2026-01-08 19:38:08,959 - INFO - [GINSLIB] processing : 2020/10/04 03:20:04 Q=5
2026-01-08 19:38:08,960 - INFO - [GINSLIB] processing : 2020/10/04 03:20:05 Q=5
2026-01-08 19:38:08,960 - INFO - [GINSLIB] processing : 2020/10/04 03:20:06 Q=5
2026-01-08 19:38:08,960 - INFO - [GINSLIB] processing : 2020/10/04 03:20:07 Q=5
2026-01-08 19:38:08,960 - INFO - [GINSLIB] processing : 2020/10/04 03:20:08 Q=5
2026-01-08 19:38:08,960 - INFO - [GINSLIB] processing : 2020/10/04 03:20:09 Q=5
2026-01-08 19:38:08,961 - INFO - [GINSLIB] processing : 2020/10/04 03:20:10 Q=5
2026-01-08 19:38:08,961 - INFO - [GINSLIB] processing : 2020/10/04 03:20:11 Q=5
2026-01-08 19:38:08,961 - INFO - [GINSLIB] processing : 2020/10/04 03:20:12 Q=5
2026-01-08 19:38:08,961 - INFO - [GINSLIB] processing : 2020/10/04 03:20:13 Q=5
2026-01-08 19:38:08,961 - INFO - [GINSLIB] processing : 2020/10/04 03:20:14 Q=5
2026-01-08 19:38:08,961 - INFO - [GINSLIB] processing : 2020/10/04 03:20:15 Q=5
2026-01-08 19:38:08,962 - INFO - [GINSLIB] processing : 2020/10/04 03:20:16 Q=5
2026-01-08 19:38:08,962 - INFO - [GINSLIB] processing : 2020/10/04 03:20:17 Q=0
2026-01-08 19:38:08,962 - INFO - [GINSLIB] processing : 2020/10/04 03:20:18 Q=5
2026-01-08 19:38:08,962 - INFO - [GINSLIB] processing : 2020/10/04 03:20:19 Q=0
2026-01-08 19:38:08,962 - INFO - [GINSLIB] processing : 2020/10/04 03:20:20 Q=5
2026-01-08 19:38:08,962 - INFO - [GINSLIB] processing : 2020/10/04 03:20:21 Q=5
2026-01-08 19:38:08,963 - INFO - [GINSLIB] processing : 2020/10/04 03:20:22 Q=0
2026-01-08 19:38:08,963 - INFO - [GINSLIB] processing : 2020/10/04 03:20:23 Q=5
2026-01-08 19:38:08,963 - INFO - [GINSLIB] processing : 2020/10/04 03:20:24 Q=5
2026-01-08 19:38:08,963 - INFO - [GINSLIB] processing : 2020/10/04 03:20:25 Q=5
2026-01-08 19:38:08,963 - INFO - [GINSLIB] processing : 2020/10/04 03:20:26 Q=5
2026-01-08 19:38:08,963 - INFO - [GINSLIB] processing : 2020/10/04 03:20:27 Q=5
2026-01-08 19:38:08,963 - INFO - [GINSLIB] processing : 2020/10/04 03:20:28 Q=5
2026-01-08 19:38:08,963 - INFO - [GINSLIB] processing : 2020/10/04 03:20:29 Q=5
2026-01-08 19:38:08,963 - INFO - [GINSLIB] processing : 2020/10/04 03:20:30 Q=5
2026-01-08 19:38:08,964 - INFO - [GINSLIB] processing : 2020/10/04 03:20:31 Q=5
2026-01-08 19:38:08,964 - INFO - [GINSLIB] processing : 2020/10/04 03:20:32 Q=5
2026-01-08 19:38:08,964 - INFO - [GINSLIB] processing : 2020/10/04 03:20:33 Q=0
2026-01-08 19:38:08,964 - INFO - [GINSLIB] processing : 2020/10/04 03:20:34 Q=5
2026-01-08 19:38:08,964 - INFO - [GINSLIB] processing : 2020/10/04 03:20:35 Q=5
2026-01-08 19:38:08,964 - INFO - [GINSLIB] processing : 2020/10/04 03:20:36 Q=5
2026-01-08 19:38:08,964 - INFO - [GINSLIB] processing : 2020/10/04 03:20:37 Q=5
2026-01-08 19:38:08,964 - INFO - [GINSLIB] processing : 2020/10/04 03:20:38 Q=5
2026-01-08 19:38:08,965 - INFO - [GINSLIB] processing : 2020/10/04 03:20:39 Q=5
2026-01-08 19:38:08,965 - INFO - [GINSLIB] processing : 2020/10/04 03:20:40 Q=5
2026-01-08 19:38:08,965 - INFO - [GINSLIB] processing : 2020/10/04 03:20:41 Q=5
2026-01-08 19:38:08,965 - INFO - [GINSLIB] processing : 2020/10/04 03:20:42 Q=5
2026-01-08 19:38:08,965 - INFO - [GINSLIB] processing : 2020/10/04 03:20:43 Q=5
2026-01-08 19:38:08,965 - INFO - [GINSLIB] processing : 2020/10/04 03:20:44 Q=5
2026-01-08 19:38:08,965 - INFO - [GINSLIB] processing : 2020/10/04 03:20:45 Q=5
2026-01-08 19:38:08,965 - INFO - [GINSLIB] processing : 2020/10/04 03:20:46 Q=5
2026-01-08 19:38:08,965 - INFO - [GINSLIB] processing : 2020/10/04 03:20:47 Q=5
2026-01-08 19:38:08,966 - INFO - [GINSLIB] processing : 2020/10/04 03:20:48 Q=0
2026-01-08 19:38:08,966 - INFO - [GINSLIB] processing : 2020/10/04 03:20:49 Q=5
2026-01-08 19:38:08,966 - INFO - [GINSLIB] processing : 2020/10/04 03:20:50 Q=0
2026-01-08 19:38:08,966 - INFO - [GINSLIB] processing : 2020/10/04 03:20:51 Q=5
2026-01-08 19:38:08,966 - INFO - [GINSLIB] processing : 2020/10/04 03:20:52 Q=0
2026-01-08 19:38:08,966 - INFO - [GINSLIB] processing : 2020/10/04 03:20:53 Q=0
2026-01-08 19:38:08,966 - INFO - [GINSLIB] processing : 2020/10/04 03:20:54 Q=5
2026-01-08 19:38:08,966 - INFO - [GINSLIB] processing : 2020/10/04 03:20:55 Q=5
2026-01-08 19:38:08,966 - INFO - [GINSLIB] processing : 2020/10/04 03:20:56 Q=5
2026-01-08 19:38:08,966 - INFO - [GINSLIB] processing : 2020/10/04 03:20:57 Q=0
2026-01-08 19:38:08,967 - INFO - [GINSLIB] processing : 2020/10/04 03:20:58 Q=5
2026-01-08 19:38:08,967 - INFO - [GINSLIB] processing : 2020/10/04 03:20:59 Q=5
2026-01-08 19:38:08,967 - INFO - [GINSLIB] processing : 2020/10/04 03:21:00 Q=5
2026-01-08 19:38:08,967 - INFO - [GINSLIB] processing : 2020/10/04 03:21:01 Q=0
2026-01-08 19:38:08,967 - INFO - [GINSLIB] processing : 2020/10/04 03:21:02 Q=5
2026-01-08 19:38:08,967 - INFO - [GINSLIB] processing : 2020/10/04 03:21:03 Q=5
2026-01-08 19:38:08,967 - INFO - [GINSLIB] processing : 2020/10/04 03:21:04 Q=0
2026-01-08 19:38:08,967 - INFO - [GINSLIB] processing : 2020/10/04 03:21:05 Q=5
2026-01-08 19:38:08,967 - INFO - [GINSLIB] processing : 2020/10/04 03:21:06 Q=0
2026-01-08 19:38:08,967 - INFO - [GINSLIB] processing : 2020/10/04 03:21:07 Q=5
2026-01-08 19:38:09,253 - INFO - [GINSLIB] processing : 2020/10/04 03:21:08 Q=5
2026-01-08 19:38:09,253 - INFO - [GINSLIB] processing : 2020/10/04 03:21:09 Q=0
2026-01-08 19:38:09,253 - INFO - [GINSLIB] processing : 2020/10/04 03:21:10 Q=0
2026-01-08 19:38:09,253 - INFO - [GINSLIB] processing : 2020/10/04 03:21:11 Q=0
2026-01-08 19:38:09,254 - INFO - [GINSLIB] processing : 2020/10/04 03:21:12 Q=0
2026-01-08 19:38:09,254 - INFO - [GINSLIB] processing : 2020/10/04 03:21:13 Q=0
2026-01-08 19:38:09,254 - INFO - [GINSLIB] processing : 2020/10/04 03:21:14 Q=0
2026-01-08 19:38:09,254 - INFO - [GINSLIB] processing : 2020/10/04 03:21:15 Q=0
2026-01-08 19:38:09,254 - INFO - [GINSLIB] processing : 2020/10/04 03:21:16 Q=0
2026-01-08 19:38:09,254 - INFO - [GINSLIB] processing : 2020/10/04 03:21:17 Q=0
2026-01-08 19:38:09,255 - INFO - [GINSLIB] processing : 2020/10/04 03:21:18 Q=5
2026-01-08 19:38:09,255 - INFO - [GINSLIB] processing : 2020/10/04 03:21:19 Q=5
2026-01-08 19:38:09,255 - INFO - [GINSLIB] processing : 2020/10/04 03:21:20 Q=0
2026-01-08 19:38:09,255 - INFO - [GINSLIB] processing : 2020/10/04 03:21:21 Q=0
2026-01-08 19:38:09,256 - INFO - [GINSLIB] processing : 2020/10/04 03:21:22 Q=5
2026-01-08 19:38:09,256 - INFO - [GINSLIB] processing : 2020/10/04 03:21:23 Q=0
2026-01-08 19:38:09,256 - INFO - [GINSLIB] processing : 2020/10/04 03:21:24 Q=5
2026-01-08 19:38:09,256 - INFO - [GINSLIB] processing : 2020/10/04 03:21:25 Q=5
2026-01-08 19:38:09,257 - INFO - [GINSLIB] processing : 2020/10/04 03:21:26 Q=5
2026-01-08 19:38:09,257 - INFO - [GINSLIB] processing : 2020/10/04 03:21:27 Q=5
2026-01-08 19:38:09,257 - INFO - [GINSLIB] processing : 2020/10/04 03:21:28 Q=5
2026-01-08 19:38:09,257 - INFO - [GINSLIB] processing : 2020/10/04 03:21:29 Q=5
2026-01-08 19:38:09,258 - INFO - [GINSLIB] processing : 2020/10/04 03:21:30 Q=5
2026-01-08 19:38:09,258 - INFO - [GINSLIB] processing : 2020/10/04 03:21:31 Q=5
2026-01-08 19:38:09,258 - INFO - [GINSLIB] processing : 2020/10/04 03:21:32 Q=0
2026-01-08 19:38:09,258 - INFO - [GINSLIB] processing : 2020/10/04 03:21:33 Q=5
2026-01-08 19:38:09,258 - INFO - [GINSLIB] processing : 2020/10/04 03:21:34 Q=5
2026-01-08 19:38:09,258 - INFO - [GINSLIB] processing : 2020/10/04 03:21:35 Q=5
2026-01-08 19:38:09,259 - INFO - [GINSLIB] processing : 2020/10/04 03:21:36 Q=5
2026-01-08 19:38:09,259 - INFO - [GINSLIB] processing : 2020/10/04 03:21:37 Q=5
2026-01-08 19:38:09,259 - INFO - [GINSLIB] processing : 2020/10/04 03:21:38 Q=5
2026-01-08 19:38:09,259 - INFO - [GINSLIB] processing : 2020/10/04 03:21:39 Q=5
2026-01-08 19:38:09,259 - INFO - [GINSLIB] processing : 2020/10/04 03:21:40 Q=5
2026-01-08 19:38:09,259 - INFO - [GINSLIB] processing : 2020/10/04 03:21:41 Q=5
2026-01-08 19:38:09,259 - INFO - [GINSLIB] processing : 2020/10/04 03:21:42 Q=5
2026-01-08 19:38:09,260 - INFO - [GINSLIB] processing : 2020/10/04 03:21:43 Q=5
2026-01-08 19:38:09,260 - INFO - [GINSLIB] processing : 2020/10/04 03:21:44 Q=5
2026-01-08 19:38:09,260 - INFO - [GINSLIB] processing : 2020/10/04 03:21:45 Q=5
2026-01-08 19:38:09,260 - INFO - [GINSLIB] processing : 2020/10/04 03:21:46 Q=5
2026-01-08 19:38:09,260 - INFO - [GINSLIB] processing : 2020/10/04 03:21:47 Q=5
2026-01-08 19:38:09,260 - INFO - [GINSLIB] processing : 2020/10/04 03:21:48 Q=5
2026-01-08 19:38:09,260 - INFO - [GINSLIB] processing : 2020/10/04 03:21:49 Q=5
2026-01-08 19:38:09,261 - INFO - [GINSLIB] processing : 2020/10/04 03:21:50 Q=5
2026-01-08 19:38:09,261 - INFO - [GINSLIB] processing : 2020/10/04 03:21:51 Q=5
2026-01-08 19:38:09,261 - INFO - [GINSLIB] processing : 2020/10/04 03:21:52 Q=5
2026-01-08 19:38:09,261 - INFO - [GINSLIB] processing : 2020/10/04 03:21:53 Q=5
2026-01-08 19:38:09,261 - INFO - [GINSLIB] processing : 2020/10/04 03:21:54 Q=5
2026-01-08 19:38:09,261 - INFO - [GINSLIB] processing : 2020/10/04 03:21:55 Q=5
2026-01-08 19:38:09,261 - INFO - [GINSLIB] processing : 2020/10/04 03:21:56 Q=5
2026-01-08 19:38:09,261 - INFO - [GINSLIB] processing : 2020/10/04 03:21:57 Q=5
2026-01-08 19:38:09,262 - INFO - [GINSLIB] processing : 2020/10/04 03:21:58 Q=5
2026-01-08 19:38:09,262 - INFO - [GINSLIB] processing : 2020/10/04 03:21:59 Q=5
2026-01-08 19:38:09,262 - INFO - [GINSLIB] processing : 2020/10/04 03:22:00 Q=5
2026-01-08 19:38:09,262 - INFO - [GINSLIB] processing : 2020/10/04 03:22:01 Q=5
2026-01-08 19:38:09,262 - INFO - [GINSLIB] processing : 2020/10/04 03:22:02 Q=5
2026-01-08 19:38:09,262 - INFO - [GINSLIB] processing : 2020/10/04 03:22:03 Q=5
2026-01-08 19:38:09,262 - INFO - [GINSLIB] processing : 2020/10/04 03:22:04 Q=5
2026-01-08 19:38:09,262 - INFO - [GINSLIB] processing : 2020/10/04 03:22:05 Q=5
2026-01-08 19:38:09,262 - INFO - [GINSLIB] processing : 2020/10/04 03:22:06 Q=5
2026-01-08 19:38:09,262 - INFO - [GINSLIB] processing : 2020/10/04 03:22:07 Q=5
2026-01-08 19:38:09,263 - INFO - [GINSLIB] processing : 2020/10/04 03:22:08 Q=5
2026-01-08 19:38:09,263 - INFO - [GINSLIB] processing : 2020/10/04 03:22:09 Q=5
2026-01-08 19:38:09,263 - INFO - [GINSLIB] processing : 2020/10/04 03:22:10 Q=5
2026-01-08 19:38:09,263 - INFO - [GINSLIB] processing : 2020/10/04 03:22:11 Q=5
2026-01-08 19:38:09,263 - INFO - [GINSLIB] processing : 2020/10/04 03:22:12 Q=5
2026-01-08 19:38:09,263 - INFO - [GINSLIB] processing : 2020/10/04 03:22:13 Q=5
2026-01-08 19:38:09,263 - INFO - [GINSLIB] processing : 2020/10/04 03:22:14 Q=5
2026-01-08 19:38:09,263 - INFO - [GINSLIB] processing : 2020/10/04 03:22:15 Q=5
2026-01-08 19:38:09,263 - INFO - [GINSLIB] processing : 2020/10/04 03:22:16 Q=5
2026-01-08 19:38:09,263 - INFO - [GINSLIB] processing : 2020/10/04 03:22:17 Q=5
2026-01-08 19:38:09,263 - INFO - [GINSLIB] processing : 2020/10/04 03:22:18 Q=5
2026-01-08 19:38:09,264 - INFO - [GINSLIB] processing : 2020/10/04 03:22:19 Q=5
2026-01-08 19:38:09,264 - INFO - [GINSLIB] processing : 2020/10/04 03:22:20 Q=5
2026-01-08 19:38:09,264 - INFO - [GINSLIB] processing : 2020/10/04 03:22:21 Q=5
2026-01-08 19:38:09,264 - INFO - [GINSLIB] processing : 2020/10/04 03:22:22 Q=5
2026-01-08 19:38:09,264 - INFO - [GINSLIB] processing : 2020/10/04 03:22:23 Q=5
2026-01-08 19:38:09,264 - INFO - [GINSLIB] processing : 2020/10/04 03:22:24 Q=5
2026-01-08 19:38:09,264 - INFO - [GINSLIB] processing : 2020/10/04 03:22:25 Q=5
2026-01-08 19:38:09,264 - INFO - [GINSLIB] processing : 2020/10/04 03:22:26 Q=5
2026-01-08 19:38:09,264 - INFO - [GINSLIB] processing : 2020/10/04 03:22:27 Q=5
2026-01-08 19:38:09,264 - INFO - [GINSLIB] processing : 2020/10/04 03:22:28 Q=5
2026-01-08 19:38:09,264 - INFO - [GINSLIB] processing : 2020/10/04 03:22:29 Q=5
2026-01-08 19:38:09,265 - INFO - [GINSLIB] processing : 2020/10/04 03:22:30 Q=5
2026-01-08 19:38:09,265 - INFO - [GINSLIB] processing : 2020/10/04 03:22:31 Q=0
2026-01-08 19:38:09,265 - INFO - [GINSLIB] processing : 2020/10/04 03:22:32 Q=5
2026-01-08 19:38:09,265 - INFO - [GINSLIB] processing : 2020/10/04 03:22:33 Q=5
2026-01-08 19:38:09,265 - INFO - [GINSLIB] processing : 2020/10/04 03:22:34 Q=5
2026-01-08 19:38:09,265 - INFO - [GINSLIB] processing : 2020/10/04 03:22:35 Q=5
2026-01-08 19:38:09,265 - INFO - [GINSLIB] processing : 2020/10/04 03:22:36 Q=5
2026-01-08 19:38:09,265 - INFO - [GINSLIB] processing : 2020/10/04 03:22:37 Q=5
2026-01-08 19:38:09,265 - INFO - [GINSLIB] processing : 2020/10/04 03:22:38 Q=5
2026-01-08 19:38:09,265 - INFO - [GINSLIB] processing : 2020/10/04 03:22:39 Q=5
2026-01-08 19:38:09,265 - INFO - [GINSLIB] processing : 2020/10/04 03:22:40 Q=5
2026-01-08 19:38:09,266 - INFO - [GINSLIB] processing : 2020/10/04 03:22:41 Q=5
2026-01-08 19:38:09,266 - INFO - [GINSLIB] processing : 2020/10/04 03:22:42 Q=5
2026-01-08 19:38:09,266 - INFO - [GINSLIB] processing : 2020/10/04 03:22:43 Q=5
2026-01-08 19:38:09,266 - INFO - [GINSLIB] processing : 2020/10/04 03:22:44 Q=5
2026-01-08 19:38:09,266 - INFO - [GINSLIB] processing : 2020/10/04 03:22:45 Q=5
2026-01-08 19:38:09,266 - INFO - [GINSLIB] processing : 2020/10/04 03:22:46 Q=5
2026-01-08 19:38:09,266 - INFO - [GINSLIB] processing : 2020/10/04 03:22:47 Q=5
2026-01-08 19:38:09,266 - INFO - [GINSLIB] processing : 2020/10/04 03:22:48 Q=5
2026-01-08 19:38:09,266 - INFO - [GINSLIB] processing : 2020/10/04 03:22:49 Q=5
2026-01-08 19:38:09,266 - INFO - [GINSLIB] processing : 2020/10/04 03:22:50 Q=5
2026-01-08 19:38:09,266 - INFO - [GINSLIB] processing : 2020/10/04 03:22:51 Q=5
2026-01-08 19:38:09,267 - INFO - [GINSLIB] processing : 2020/10/04 03:22:52 Q=5
2026-01-08 19:38:09,267 - INFO - [GINSLIB] processing : 2020/10/04 03:22:53 Q=5
2026-01-08 19:38:09,267 - INFO - [GINSLIB] processing : 2020/10/04 03:22:54 Q=5
2026-01-08 19:38:09,267 - INFO - [GINSLIB] processing : 2020/10/04 03:22:55 Q=5
2026-01-08 19:38:09,267 - INFO - [GINSLIB] processing : 2020/10/04 03:22:56 Q=5
2026-01-08 19:38:09,267 - INFO - [GINSLIB] processing : 2020/10/04 03:22:57 Q=5
2026-01-08 19:38:09,267 - INFO - [GINSLIB] processing : 2020/10/04 03:22:58 Q=5
2026-01-08 19:38:09,548 - INFO - [GINSLIB] processing : 2020/10/04 03:22:59 Q=5
2026-01-08 19:38:09,549 - INFO - [GINSLIB] processing : 2020/10/04 03:23:00 Q=5
2026-01-08 19:38:09,549 - INFO - [GINSLIB] processing : 2020/10/04 03:23:01 Q=5
2026-01-08 19:38:09,549 - INFO - [GINSLIB] processing : 2020/10/04 03:23:02 Q=5
2026-01-08 19:38:09,549 - INFO - [GINSLIB] processing : 2020/10/04 03:23:03 Q=5
2026-01-08 19:38:09,549 - INFO - [GINSLIB] processing : 2020/10/04 03:23:04 Q=5
2026-01-08 19:38:09,550 - INFO - [GINSLIB] processing : 2020/10/04 03:23:05 Q=5
2026-01-08 19:38:09,550 - INFO - [GINSLIB] processing : 2020/10/04 03:23:06 Q=5
2026-01-08 19:38:09,550 - INFO - [GINSLIB] processing : 2020/10/04 03:23:07 Q=5
2026-01-08 19:38:09,550 - INFO - [GINSLIB] processing : 2020/10/04 03:23:08 Q=5
2026-01-08 19:38:09,550 - INFO - [GINSLIB] processing : 2020/10/04 03:23:09 Q=5
2026-01-08 19:38:09,551 - INFO - [GINSLIB] processing : 2020/10/04 03:23:10 Q=5
2026-01-08 19:38:09,551 - INFO - [GINSLIB] processing : 2020/10/04 03:23:11 Q=5
2026-01-08 19:38:09,551 - INFO - [GINSLIB] processing : 2020/10/04 03:23:12 Q=5
2026-01-08 19:38:09,551 - INFO - [GINSLIB] processing : 2020/10/04 03:23:13 Q=5
2026-01-08 19:38:09,551 - INFO - [GINSLIB] processing : 2020/10/04 03:23:14 Q=5
2026-01-08 19:38:09,551 - INFO - [GINSLIB] processing : 2020/10/04 03:23:15 Q=5
2026-01-08 19:38:09,551 - INFO - [GINSLIB] processing : 2020/10/04 03:23:16 Q=5
2026-01-08 19:38:09,551 - INFO - [GINSLIB] processing : 2020/10/04 03:23:17 Q=5
2026-01-08 19:38:09,552 - INFO - [GINSLIB] processing : 2020/10/04 03:23:18 Q=5
2026-01-08 19:38:09,552 - INFO - [GINSLIB] processing : 2020/10/04 03:23:19 Q=5
2026-01-08 19:38:09,552 - INFO - [GINSLIB] processing : 2020/10/04 03:23:20 Q=5
2026-01-08 19:38:09,552 - INFO - [GINSLIB] processing : 2020/10/04 03:23:21 Q=5
2026-01-08 19:38:09,552 - INFO - [GINSLIB] processing : 2020/10/04 03:23:22 Q=5
2026-01-08 19:38:09,552 - INFO - [GINSLIB] processing : 2020/10/04 03:23:23 Q=5
2026-01-08 19:38:09,552 - INFO - [GINSLIB] processing : 2020/10/04 03:23:24 Q=5
2026-01-08 19:38:09,552 - INFO - [GINSLIB] processing : 2020/10/04 03:23:25 Q=5
2026-01-08 19:38:09,552 - INFO - [GINSLIB] processing : 2020/10/04 03:23:26 Q=5
2026-01-08 19:38:09,552 - INFO - [GINSLIB] processing : 2020/10/04 03:23:27 Q=5
2026-01-08 19:38:09,553 - INFO - [GINSLIB] processing : 2020/10/04 03:23:28 Q=5
2026-01-08 19:38:09,553 - INFO - [GINSLIB] processing : 2020/10/04 03:23:29 Q=5
2026-01-08 19:38:09,553 - INFO - [GINSLIB] processing : 2020/10/04 03:23:30 Q=5
2026-01-08 19:38:09,553 - INFO - [GINSLIB] processing : 2020/10/04 03:23:31 Q=5
2026-01-08 19:38:09,553 - INFO - [GINSLIB] processing : 2020/10/04 03:23:32 Q=5
2026-01-08 19:38:09,553 - INFO - [GINSLIB] processing : 2020/10/04 03:23:33 Q=5
2026-01-08 19:38:09,553 - INFO - [GINSLIB] processing : 2020/10/04 03:23:34 Q=5
2026-01-08 19:38:09,553 - INFO - [GINSLIB] processing : 2020/10/04 03:23:35 Q=5
2026-01-08 19:38:09,553 - INFO - [GINSLIB] processing : 2020/10/04 03:23:36 Q=5
2026-01-08 19:38:09,553 - INFO - [GINSLIB] processing : 2020/10/04 03:23:37 Q=5
2026-01-08 19:38:09,554 - INFO - [GINSLIB] processing : 2020/10/04 03:23:38 Q=5
2026-01-08 19:38:09,554 - INFO - [GINSLIB] processing : 2020/10/04 03:23:39 Q=5
2026-01-08 19:38:09,554 - INFO - [GINSLIB] processing : 2020/10/04 03:23:40 Q=5
2026-01-08 19:38:09,554 - INFO - [GINSLIB] processing : 2020/10/04 03:23:41 Q=5
2026-01-08 19:38:09,554 - INFO - [GINSLIB] processing : 2020/10/04 03:23:42 Q=5
2026-01-08 19:38:09,554 - INFO - [GINSLIB] processing : 2020/10/04 03:23:43 Q=5
2026-01-08 19:38:09,554 - INFO - [GINSLIB] processing : 2020/10/04 03:23:44 Q=5
2026-01-08 19:38:09,554 - INFO - [GINSLIB] processing : 2020/10/04 03:23:45 Q=5
2026-01-08 19:38:09,554 - INFO - [GINSLIB] processing : 2020/10/04 03:23:46 Q=5
2026-01-08 19:38:09,554 - INFO - [GINSLIB] processing : 2020/10/04 03:23:47 Q=5
2026-01-08 19:38:09,554 - INFO - [GINSLIB] processing : 2020/10/04 03:23:48 Q=5
2026-01-08 19:38:09,555 - INFO - [GINSLIB] processing : 2020/10/04 03:23:49 Q=5
2026-01-08 19:38:09,555 - INFO - [GINSLIB] processing : 2020/10/04 03:23:50 Q=5
2026-01-08 19:38:09,555 - INFO - [GINSLIB] processing : 2020/10/04 03:23:51 Q=5
2026-01-08 19:38:09,555 - INFO - [GINSLIB] processing : 2020/10/04 03:23:52 Q=5
2026-01-08 19:38:09,555 - INFO - [GINSLIB] processing : 2020/10/04 03:23:53 Q=5
2026-01-08 19:38:09,555 - INFO - [GINSLIB] processing : 2020/10/04 03:23:54 Q=5
2026-01-08 19:38:09,555 - INFO - [GINSLIB] processing : 2020/10/04 03:23:55 Q=5
2026-01-08 19:38:09,555 - INFO - [GINSLIB] processing : 2020/10/04 03:23:56 Q=5
2026-01-08 19:38:09,555 - INFO - [GINSLIB] processing : 2020/10/04 03:23:57 Q=5
2026-01-08 19:38:09,555 - INFO - [GINSLIB] processing : 2020/10/04 03:23:58 Q=5
2026-01-08 19:38:09,555 - INFO - [GINSLIB] processing : 2020/10/04 03:23:59 Q=5
2026-01-08 19:38:09,556 - INFO - [GINSLIB] processing : 2020/10/04 03:24:00 Q=5
2026-01-08 19:38:09,556 - INFO - [GINSLIB] processing : 2020/10/04 03:24:01 Q=5
2026-01-08 19:38:09,556 - INFO - [GINSLIB] processing : 2020/10/04 03:24:02 Q=5
2026-01-08 19:38:09,556 - INFO - [GINSLIB] processing : 2020/10/04 03:24:03 Q=5
2026-01-08 19:38:09,556 - INFO - [GINSLIB] processing : 2020/10/04 03:24:04 Q=5
2026-01-08 19:38:09,556 - INFO - [GINSLIB] processing : 2020/10/04 03:24:05 Q=5
2026-01-08 19:38:09,556 - INFO - [GINSLIB] processing : 2020/10/04 03:24:06 Q=5
2026-01-08 19:38:09,556 - INFO - [GINSLIB] processing : 2020/10/04 03:24:07 Q=5
2026-01-08 19:38:09,557 - INFO - [GINSLIB] processing : 2020/10/04 03:24:08 Q=5
2026-01-08 19:38:09,557 - INFO - [GINSLIB] processing : 2020/10/04 03:24:09 Q=5
2026-01-08 19:38:09,557 - INFO - [GINSLIB] processing : 2020/10/04 03:24:10 Q=5
2026-01-08 19:38:09,557 - INFO - [GINSLIB] processing : 2020/10/04 03:24:11 Q=5
2026-01-08 19:38:09,557 - INFO - [GINSLIB] processing : 2020/10/04 03:24:12 Q=5
2026-01-08 19:38:09,558 - INFO - [GINSLIB] processing : 2020/10/04 03:24:13 Q=5
2026-01-08 19:38:09,558 - INFO - [GINSLIB] processing : 2020/10/04 03:24:14 Q=5
2026-01-08 19:38:09,558 - INFO - [GINSLIB] processing : 2020/10/04 03:24:15 Q=5
2026-01-08 19:38:09,558 - INFO - [GINSLIB] processing : 2020/10/04 03:24:16 Q=5
2026-01-08 19:38:09,559 - INFO - [GINSLIB] processing : 2020/10/04 03:24:17 Q=5
2026-01-08 19:38:09,559 - INFO - [GINSLIB] processing : 2020/10/04 03:24:18 Q=5
2026-01-08 19:38:09,559 - INFO - [GINSLIB] processing : 2020/10/04 03:24:19 Q=5
2026-01-08 19:38:09,559 - INFO - [GINSLIB] processing : 2020/10/04 03:24:20 Q=5
2026-01-08 19:38:09,559 - INFO - [GINSLIB] processing : 2020/10/04 03:24:21 Q=5
2026-01-08 19:38:09,559 - INFO - [GINSLIB] processing : 2020/10/04 03:24:22 Q=5
2026-01-08 19:38:09,560 - INFO - [GINSLIB] processing : 2020/10/04 03:24:23 Q=5
2026-01-08 19:38:09,560 - INFO - [GINSLIB] processing : 2020/10/04 03:24:24 Q=5
2026-01-08 19:38:09,560 - INFO - [GINSLIB] processing : 2020/10/04 03:24:25 Q=5
2026-01-08 19:38:09,560 - INFO - [GINSLIB] processing : 2020/10/04 03:24:26 Q=5
2026-01-08 19:38:09,560 - INFO - [GINSLIB] processing : 2020/10/04 03:24:27 Q=5
2026-01-08 19:38:09,560 - INFO - [GINSLIB] processing : 2020/10/04 03:24:28 Q=5
2026-01-08 19:38:09,560 - INFO - [GINSLIB] processing : 2020/10/04 03:24:29 Q=5
2026-01-08 19:38:09,561 - INFO - [GINSLIB] processing : 2020/10/04 03:24:30 Q=5
2026-01-08 19:38:09,561 - INFO - [GINSLIB] processing : 2020/10/04 03:24:31 Q=5
2026-01-08 19:38:09,561 - INFO - [GINSLIB] processing : 2020/10/04 03:24:32 Q=5
2026-01-08 19:38:09,561 - INFO - [GINSLIB] processing : 2020/10/04 03:24:33 Q=5
2026-01-08 19:38:09,561 - INFO - [GINSLIB] processing : 2020/10/04 03:24:34 Q=5
2026-01-08 19:38:09,561 - INFO - [GINSLIB] processing : 2020/10/04 03:24:35 Q=5
2026-01-08 19:38:09,561 - INFO - [GINSLIB] processing : 2020/10/04 03:24:36 Q=5
2026-01-08 19:38:09,561 - INFO - [GINSLIB] processing : 2020/10/04 03:24:37 Q=5
2026-01-08 19:38:09,561 - INFO - [GINSLIB] processing : 2020/10/04 03:24:38 Q=5
2026-01-08 19:38:09,562 - INFO - [GINSLIB] processing : 2020/10/04 03:24:39 Q=5
2026-01-08 19:38:09,562 - INFO - [GINSLIB] processing : 2020/10/04 03:24:40 Q=5
2026-01-08 19:38:09,562 - INFO - [GINSLIB] processing : 2020/10/04 03:24:41 Q=5
2026-01-08 19:38:09,562 - INFO - [GINSLIB] processing : 2020/10/04 03:24:42 Q=5
2026-01-08 19:38:09,562 - INFO - [GINSLIB] processing : 2020/10/04 03:24:43 Q=5
2026-01-08 19:38:09,562 - INFO - [GINSLIB] processing : 2020/10/04 03:24:44 Q=5
2026-01-08 19:38:09,562 - INFO - [GINSLIB] processing : 2020/10/04 03:24:45 Q=5
2026-01-08 19:38:09,562 - INFO - [GINSLIB] processing : 2020/10/04 03:24:46 Q=5
2026-01-08 19:38:09,563 - INFO - [GINSLIB] processing : 2020/10/04 03:24:47 Q=5
2026-01-08 19:38:09,563 - INFO - [GINSLIB] processing : 2020/10/04 03:24:48 Q=5
2026-01-08 19:38:09,844 - INFO - [GINSLIB] processing : 2020/10/04 03:24:49 Q=5
2026-01-08 19:38:09,844 - INFO - [GINSLIB] processing : 2020/10/04 03:24:50 Q=5
2026-01-08 19:38:09,844 - INFO - [GINSLIB] processing : 2020/10/04 03:24:51 Q=5
2026-01-08 19:38:09,844 - INFO - [GINSLIB] processing : 2020/10/04 03:24:52 Q=5
2026-01-08 19:38:09,845 - INFO - [GINSLIB] processing : 2020/10/04 03:24:53 Q=5
2026-01-08 19:38:09,845 - INFO - [GINSLIB] processing : 2020/10/04 03:24:54 Q=5
2026-01-08 19:38:09,845 - INFO - [GINSLIB] processing : 2020/10/04 03:24:55 Q=5
2026-01-08 19:38:09,845 - INFO - [GINSLIB] processing : 2020/10/04 03:24:56 Q=5
2026-01-08 19:38:09,846 - INFO - [GINSLIB] processing : 2020/10/04 03:24:57 Q=5
2026-01-08 19:38:09,846 - INFO - [GINSLIB] processing : 2020/10/04 03:24:58 Q=5
2026-01-08 19:38:09,846 - INFO - [GINSLIB] processing : 2020/10/04 03:24:59 Q=5
2026-01-08 19:38:09,846 - INFO - [GINSLIB] processing : 2020/10/04 03:25:00 Q=5
2026-01-08 19:38:09,846 - INFO - [GINSLIB] processing : 2020/10/04 03:25:01 Q=5
2026-01-08 19:38:09,846 - INFO - [GINSLIB] processing : 2020/10/04 03:25:02 Q=5
2026-01-08 19:38:09,846 - INFO - [GINSLIB] processing : 2020/10/04 03:25:03 Q=5
2026-01-08 19:38:09,846 - INFO - [GINSLIB] processing : 2020/10/04 03:25:04 Q=5
2026-01-08 19:38:09,847 - INFO - [GINSLIB] processing : 2020/10/04 03:25:05 Q=5
2026-01-08 19:38:09,847 - INFO - [GINSLIB] processing : 2020/10/04 03:25:06 Q=5
2026-01-08 19:38:09,847 - INFO - [GINSLIB] processing : 2020/10/04 03:25:07 Q=5
2026-01-08 19:38:09,847 - INFO - [GINSLIB] processing : 2020/10/04 03:25:08 Q=5
2026-01-08 19:38:09,847 - INFO - [GINSLIB] processing : 2020/10/04 03:25:09 Q=5
2026-01-08 19:38:09,848 - INFO - [GINSLIB] processing : 2020/10/04 03:25:10 Q=5
2026-01-08 19:38:09,848 - INFO - [GINSLIB] processing : 2020/10/04 03:25:11 Q=5
2026-01-08 19:38:09,848 - INFO - [GINSLIB] processing : 2020/10/04 03:25:12 Q=5
2026-01-08 19:38:09,848 - INFO - [GINSLIB] processing : 2020/10/04 03:25:13 Q=5
2026-01-08 19:38:09,848 - INFO - [GINSLIB] processing : 2020/10/04 03:25:14 Q=5
2026-01-08 19:38:09,848 - INFO - [GINSLIB] processing : 2020/10/04 03:25:15 Q=5
2026-01-08 19:38:09,848 - INFO - [GINSLIB] processing : 2020/10/04 03:25:16 Q=5
2026-01-08 19:38:09,849 - INFO - [GINSLIB] processing : 2020/10/04 03:25:17 Q=5
2026-01-08 19:38:09,849 - INFO - [GINSLIB] processing : 2020/10/04 03:25:18 Q=5
2026-01-08 19:38:09,849 - INFO - [GINSLIB] processing : 2020/10/04 03:25:19 Q=5
2026-01-08 19:38:09,849 - INFO - [GINSLIB] processing : 2020/10/04 03:25:20 Q=5
2026-01-08 19:38:09,849 - INFO - [GINSLIB] processing : 2020/10/04 03:25:21 Q=5
2026-01-08 19:38:09,849 - INFO - [GINSLIB] processing : 2020/10/04 03:25:22 Q=5
2026-01-08 19:38:09,849 - INFO - [GINSLIB] processing : 2020/10/04 03:25:23 Q=5
2026-01-08 19:38:09,849 - INFO - [GINSLIB] processing : 2020/10/04 03:25:24 Q=5
2026-01-08 19:38:09,849 - INFO - [GINSLIB] processing : 2020/10/04 03:25:25 Q=5
2026-01-08 19:38:09,849 - INFO - [GINSLIB] processing : 2020/10/04 03:25:26 Q=5
2026-01-08 19:38:09,850 - INFO - [GINSLIB] processing : 2020/10/04 03:25:27 Q=5
2026-01-08 19:38:09,850 - INFO - [GINSLIB] processing : 2020/10/04 03:25:28 Q=5
2026-01-08 19:38:09,850 - INFO - [GINSLIB] processing : 2020/10/04 03:25:29 Q=5
2026-01-08 19:38:09,850 - INFO - [GINSLIB] processing : 2020/10/04 03:25:30 Q=5
2026-01-08 19:38:09,850 - INFO - [GINSLIB] processing : 2020/10/04 03:25:31 Q=5
2026-01-08 19:38:09,850 - INFO - [GINSLIB] processing : 2020/10/04 03:25:32 Q=5
2026-01-08 19:38:09,850 - INFO - [GINSLIB] processing : 2020/10/04 03:25:33 Q=5
2026-01-08 19:38:09,850 - INFO - [GINSLIB] processing : 2020/10/04 03:25:34 Q=5
2026-01-08 19:38:09,850 - INFO - [GINSLIB] processing : 2020/10/04 03:25:35 Q=5
2026-01-08 19:38:09,850 - INFO - [GINSLIB] processing : 2020/10/04 03:25:36 Q=5
2026-01-08 19:38:09,851 - INFO - [GINSLIB] processing : 2020/10/04 03:25:37 Q=5
2026-01-08 19:38:09,851 - INFO - [GINSLIB] processing : 2020/10/04 03:25:38 Q=5
2026-01-08 19:38:09,851 - INFO - [GINSLIB] processing : 2020/10/04 03:25:39 Q=5
2026-01-08 19:38:09,851 - INFO - [GINSLIB] processing : 2020/10/04 03:25:40 Q=5
2026-01-08 19:38:09,851 - INFO - [GINSLIB] processing : 2020/10/04 03:25:41 Q=5
2026-01-08 19:38:09,851 - INFO - [GINSLIB] processing : 2020/10/04 03:25:42 Q=5
2026-01-08 19:38:09,851 - INFO - [GINSLIB] processing : 2020/10/04 03:25:43 Q=5
2026-01-08 19:38:09,851 - INFO - [GINSLIB] processing : 2020/10/04 03:25:44 Q=5
2026-01-08 19:38:09,851 - INFO - [GINSLIB] processing : 2020/10/04 03:25:45 Q=5
2026-01-08 19:38:09,851 - INFO - [GINSLIB] processing : 2020/10/04 03:25:46 Q=5
2026-01-08 19:38:09,851 - INFO - [GINSLIB] processing : 2020/10/04 03:25:47 Q=5
2026-01-08 19:38:09,852 - INFO - [GINSLIB] processing : 2020/10/04 03:25:48 Q=5
2026-01-08 19:38:09,852 - INFO - [GINSLIB] processing : 2020/10/04 03:25:49 Q=5
2026-01-08 19:38:09,852 - INFO - [GINSLIB] processing : 2020/10/04 03:25:50 Q=5
2026-01-08 19:38:09,852 - INFO - [GINSLIB] processing : 2020/10/04 03:25:51 Q=5
2026-01-08 19:38:09,852 - INFO - [GINSLIB] processing : 2020/10/04 03:25:52 Q=5
2026-01-08 19:38:09,852 - INFO - [GINSLIB] processing : 2020/10/04 03:25:53 Q=5
2026-01-08 19:38:09,852 - INFO - [GINSLIB] processing : 2020/10/04 03:25:54 Q=5
2026-01-08 19:38:09,852 - INFO - [GINSLIB] processing : 2020/10/04 03:25:55 Q=5
2026-01-08 19:38:09,852 - INFO - [GINSLIB] processing : 2020/10/04 03:25:56 Q=5
2026-01-08 19:38:09,852 - INFO - [GINSLIB] processing : 2020/10/04 03:25:57 Q=5
2026-01-08 19:38:09,852 - INFO - [GINSLIB] processing : 2020/10/04 03:25:58 Q=5
2026-01-08 19:38:09,853 - INFO - [GINSLIB] processing : 2020/10/04 03:25:59 Q=5
2026-01-08 19:38:09,853 - INFO - [GINSLIB] processing : 2020/10/04 03:26:00 Q=5
2026-01-08 19:38:09,853 - INFO - [GINSLIB] processing : 2020/10/04 03:26:01 Q=5
2026-01-08 19:38:09,853 - INFO - [GINSLIB] processing : 2020/10/04 03:26:02 Q=5
2026-01-08 19:38:09,853 - INFO - [GINSLIB] processing : 2020/10/04 03:26:03 Q=5
2026-01-08 19:38:09,853 - INFO - [GINSLIB] processing : 2020/10/04 03:26:04 Q=5
2026-01-08 19:38:09,853 - INFO - [GINSLIB] processing : 2020/10/04 03:26:05 Q=5
2026-01-08 19:38:09,853 - INFO - [GINSLIB] processing : 2020/10/04 03:26:06 Q=5
2026-01-08 19:38:09,853 - INFO - [GINSLIB] processing : 2020/10/04 03:26:07 Q=5
2026-01-08 19:38:09,853 - INFO - [GINSLIB] processing : 2020/10/04 03:26:08 Q=5
2026-01-08 19:38:09,854 - INFO - [GINSLIB] processing : 2020/10/04 03:26:09 Q=5
2026-01-08 19:38:09,854 - INFO - [GINSLIB] processing : 2020/10/04 03:26:10 Q=5
2026-01-08 19:38:09,854 - INFO - [GINSLIB] processing : 2020/10/04 03:26:11 Q=5
2026-01-08 19:38:09,854 - INFO - [GINSLIB] processing : 2020/10/04 03:26:12 Q=5
2026-01-08 19:38:09,854 - INFO - [GINSLIB] processing : 2020/10/04 03:26:13 Q=5
2026-01-08 19:38:09,854 - INFO - [GINSLIB] processing : 2020/10/04 03:26:14 Q=5
2026-01-08 19:38:09,854 - INFO - [GINSLIB] processing : 2020/10/04 03:26:15 Q=5
2026-01-08 19:38:09,854 - INFO - [GINSLIB] processing : 2020/10/04 03:26:16 Q=5
2026-01-08 19:38:09,854 - INFO - [GINSLIB] processing : 2020/10/04 03:26:17 Q=5
2026-01-08 19:38:09,854 - INFO - [GINSLIB] processing : 2020/10/04 03:26:18 Q=5
2026-01-08 19:38:09,854 - INFO - [GINSLIB] processing : 2020/10/04 03:26:19 Q=5
2026-01-08 19:38:09,855 - INFO - [GINSLIB] processing : 2020/10/04 03:26:20 Q=5
2026-01-08 19:38:09,855 - INFO - [GINSLIB] processing : 2020/10/04 03:26:21 Q=5
2026-01-08 19:38:09,855 - INFO - [GINSLIB] processing : 2020/10/04 03:26:22 Q=5
2026-01-08 19:38:09,855 - INFO - [GINSLIB] processing : 2020/10/04 03:26:23 Q=5
2026-01-08 19:38:09,855 - INFO - [GINSLIB] processing : 2020/10/04 03:26:24 Q=5
2026-01-08 19:38:09,855 - INFO - [GINSLIB] processing : 2020/10/04 03:26:25 Q=5
2026-01-08 19:38:09,855 - INFO - [GINSLIB] processing : 2020/10/04 03:26:26 Q=5
2026-01-08 19:38:09,855 - INFO - [GINSLIB] processing : 2020/10/04 03:26:27 Q=5
2026-01-08 19:38:09,855 - INFO - [GINSLIB] processing : 2020/10/04 03:26:28 Q=5
2026-01-08 19:38:09,855 - INFO - [GINSLIB] processing : 2020/10/04 03:26:29 Q=5
2026-01-08 19:38:09,855 - INFO - [GINSLIB] processing : 2020/10/04 03:26:30 Q=5
2026-01-08 19:38:09,855 - INFO - [GINSLIB] processing : 2020/10/04 03:26:31 Q=5
2026-01-08 19:38:09,856 - INFO - [GINSLIB] processing : 2020/10/04 03:26:32 Q=5
2026-01-08 19:38:09,856 - INFO - [GINSLIB] processing : 2020/10/04 03:26:33 Q=5
2026-01-08 19:38:09,856 - INFO - [GINSLIB] processing : 2020/10/04 03:26:34 Q=5
2026-01-08 19:38:09,856 - INFO - [GINSLIB] processing : 2020/10/04 03:26:35 Q=5
2026-01-08 19:38:09,856 - INFO - [GINSLIB] processing : 2020/10/04 03:26:36 Q=5
2026-01-08 19:38:09,856 - INFO - [GINSLIB] processing : 2020/10/04 03:26:37 Q=5
2026-01-08 19:38:09,857 - INFO - [GINSLIB] processing : 2020/10/04 03:26:38 Q=5
2026-01-08 19:38:09,857 - INFO - [GINSLIB] processing : 2020/10/04 03:26:39 Q=5
2026-01-08 19:38:10,134 - INFO - [GINSLIB] processing : 2020/10/04 03:26:40 Q=5
2026-01-08 19:38:10,134 - INFO - [GINSLIB] processing : 2020/10/04 03:26:41 Q=5
2026-01-08 19:38:10,134 - INFO - [GINSLIB] processing : 2020/10/04 03:26:42 Q=5
2026-01-08 19:38:10,135 - INFO - [GINSLIB] processing : 2020/10/04 03:26:43 Q=5
2026-01-08 19:38:10,135 - INFO - [GINSLIB] processing : 2020/10/04 03:26:44 Q=5
2026-01-08 19:38:10,135 - INFO - [GINSLIB] processing : 2020/10/04 03:26:45 Q=5
2026-01-08 19:38:10,135 - INFO - [GINSLIB] processing : 2020/10/04 03:26:46 Q=5
2026-01-08 19:38:10,135 - INFO - [GINSLIB] processing : 2020/10/04 03:26:47 Q=5
2026-01-08 19:38:10,135 - INFO - [GINSLIB] processing : 2020/10/04 03:26:48 Q=5
2026-01-08 19:38:10,135 - INFO - [GINSLIB] processing : 2020/10/04 03:26:49 Q=5
2026-01-08 19:38:10,135 - INFO - [GINSLIB] processing : 2020/10/04 03:26:50 Q=5
2026-01-08 19:38:10,136 - INFO - [GINSLIB] processing : 2020/10/04 03:26:51 Q=5
2026-01-08 19:38:10,136 - INFO - [GINSLIB] processing : 2020/10/04 03:26:52 Q=5
2026-01-08 19:38:10,136 - INFO - [GINSLIB] processing : 2020/10/04 03:26:53 Q=5
2026-01-08 19:38:10,136 - INFO - [GINSLIB] processing : 2020/10/04 03:26:54 Q=5
2026-01-08 19:38:10,136 - INFO - [GINSLIB] processing : 2020/10/04 03:26:55 Q=5
2026-01-08 19:38:10,136 - INFO - [GINSLIB] processing : 2020/10/04 03:26:56 Q=5
2026-01-08 19:38:10,136 - INFO - [GINSLIB] processing : 2020/10/04 03:26:57 Q=5
2026-01-08 19:38:10,136 - INFO - [GINSLIB] processing : 2020/10/04 03:26:58 Q=5
2026-01-08 19:38:10,136 - INFO - [GINSLIB] processing : 2020/10/04 03:26:59 Q=5
2026-01-08 19:38:10,137 - INFO - [GINSLIB] processing : 2020/10/04 03:27:00 Q=5
2026-01-08 19:38:10,137 - INFO - [GINSLIB] processing : 2020/10/04 03:27:01 Q=5
2026-01-08 19:38:10,137 - INFO - [GINSLIB] processing : 2020/10/04 03:27:02 Q=5
2026-01-08 19:38:10,137 - INFO - [GINSLIB] processing : 2020/10/04 03:27:03 Q=5
2026-01-08 19:38:10,137 - INFO - [GINSLIB] processing : 2020/10/04 03:27:04 Q=5
2026-01-08 19:38:10,137 - INFO - [GINSLIB] processing : 2020/10/04 03:27:05 Q=5
2026-01-08 19:38:10,137 - INFO - [GINSLIB] processing : 2020/10/04 03:27:06 Q=5
2026-01-08 19:38:10,137 - INFO - [GINSLIB] processing : 2020/10/04 03:27:07 Q=5
2026-01-08 19:38:10,137 - INFO - [GINSLIB] processing : 2020/10/04 03:27:08 Q=5
2026-01-08 19:38:10,137 - INFO - [GINSLIB] processing : 2020/10/04 03:27:09 Q=5
2026-01-08 19:38:10,137 - INFO - [GINSLIB] processing : 2020/10/04 03:27:10 Q=5
2026-01-08 19:38:10,138 - INFO - [GINSLIB] processing : 2020/10/04 03:27:11 Q=5
2026-01-08 19:38:10,138 - INFO - [GINSLIB] processing : 2020/10/04 03:27:12 Q=5
2026-01-08 19:38:10,138 - INFO - [GINSLIB] processing : 2020/10/04 03:27:13 Q=5
2026-01-08 19:38:10,138 - INFO - [GINSLIB] processing : 2020/10/04 03:27:14 Q=5
2026-01-08 19:38:10,138 - INFO - [GINSLIB] processing : 2020/10/04 03:27:15 Q=5
2026-01-08 19:38:10,138 - INFO - [GINSLIB] processing : 2020/10/04 03:27:16 Q=5
2026-01-08 19:38:10,138 - INFO - [GINSLIB] processing : 2020/10/04 03:27:17 Q=5
2026-01-08 19:38:10,138 - INFO - [GINSLIB] processing : 2020/10/04 03:27:18 Q=5
2026-01-08 19:38:10,138 - INFO - [GINSLIB] processing : 2020/10/04 03:27:19 Q=5
2026-01-08 19:38:10,138 - INFO - [GINSLIB] processing : 2020/10/04 03:27:20 Q=5
2026-01-08 19:38:10,138 - INFO - [GINSLIB] processing : 2020/10/04 03:27:21 Q=5
2026-01-08 19:38:10,139 - INFO - [GINSLIB] processing : 2020/10/04 03:27:22 Q=5
2026-01-08 19:38:10,139 - INFO - [GINSLIB] processing : 2020/10/04 03:27:23 Q=5
2026-01-08 19:38:10,139 - INFO - [GINSLIB] processing : 2020/10/04 03:27:24 Q=5
2026-01-08 19:38:10,139 - INFO - [GINSLIB] processing : 2020/10/04 03:27:25 Q=5
2026-01-08 19:38:10,139 - INFO - [GINSLIB] processing : 2020/10/04 03:27:26 Q=5
2026-01-08 19:38:10,139 - INFO - [GINSLIB] processing : 2020/10/04 03:27:27 Q=5
2026-01-08 19:38:10,139 - INFO - [GINSLIB] processing : 2020/10/04 03:27:28 Q=5
2026-01-08 19:38:10,139 - INFO - [GINSLIB] processing : 2020/10/04 03:27:29 Q=5
2026-01-08 19:38:10,140 - INFO - [GINSLIB] processing : 2020/10/04 03:27:30 Q=5
2026-01-08 19:38:10,140 - INFO - [GINSLIB] processing : 2020/10/04 03:27:31 Q=5
2026-01-08 19:38:10,140 - INFO - [GINSLIB] processing : 2020/10/04 03:27:32 Q=5
2026-01-08 19:38:10,140 - INFO - [GINSLIB] processing : 2020/10/04 03:27:33 Q=5
2026-01-08 19:38:10,140 - INFO - [GINSLIB] processing : 2020/10/04 03:27:34 Q=5
2026-01-08 19:38:10,141 - INFO - [GINSLIB] processing : 2020/10/04 03:27:35 Q=5
2026-01-08 19:38:10,141 - INFO - [GINSLIB] processing : 2020/10/04 03:27:36 Q=5
2026-01-08 19:38:10,141 - INFO - [GINSLIB] processing : 2020/10/04 03:27:37 Q=5
2026-01-08 19:38:10,141 - INFO - [GINSLIB] processing : 2020/10/04 03:27:38 Q=5
2026-01-08 19:38:10,141 - INFO - [GINSLIB] processing : 2020/10/04 03:27:39 Q=5
2026-01-08 19:38:10,142 - INFO - [GINSLIB] processing : 2020/10/04 03:27:40 Q=5
2026-01-08 19:38:10,142 - INFO - [GINSLIB] processing : 2020/10/04 03:27:41 Q=5
2026-01-08 19:38:10,142 - INFO - [GINSLIB] processing : 2020/10/04 03:27:42 Q=5
2026-01-08 19:38:10,142 - INFO - [GINSLIB] processing : 2020/10/04 03:27:43 Q=5
2026-01-08 19:38:10,143 - INFO - [GINSLIB] processing : 2020/10/04 03:27:44 Q=5
2026-01-08 19:38:10,143 - INFO - [GINSLIB] processing : 2020/10/04 03:27:45 Q=5
2026-01-08 19:38:10,143 - INFO - [GINSLIB] processing : 2020/10/04 03:27:46 Q=5
2026-01-08 19:38:10,143 - INFO - [GINSLIB] processing : 2020/10/04 03:27:47 Q=5
2026-01-08 19:38:10,143 - INFO - [GINSLIB] processing : 2020/10/04 03:27:48 Q=5
2026-01-08 19:38:10,144 - INFO - [GINSLIB] processing : 2020/10/04 03:27:49 Q=5
2026-01-08 19:38:10,144 - INFO - [GINSLIB] processing : 2020/10/04 03:27:50 Q=5
2026-01-08 19:38:10,144 - INFO - [GINSLIB] processing : 2020/10/04 03:27:51 Q=5
2026-01-08 19:38:10,144 - INFO - [GINSLIB] processing : 2020/10/04 03:27:52 Q=5
2026-01-08 19:38:10,144 - INFO - [GINSLIB] processing : 2020/10/04 03:27:53 Q=5
2026-01-08 19:38:10,144 - INFO - [GINSLIB] processing : 2020/10/04 03:27:54 Q=5
2026-01-08 19:38:10,145 - INFO - [GINSLIB] processing : 2020/10/04 03:27:55 Q=5
2026-01-08 19:38:10,145 - INFO - [GINSLIB] processing : 2020/10/04 03:27:56 Q=5
2026-01-08 19:38:10,145 - INFO - [GINSLIB] processing : 2020/10/04 03:27:57 Q=5
2026-01-08 19:38:10,145 - INFO - [GINSLIB] processing : 2020/10/04 03:27:58 Q=5
2026-01-08 19:38:10,145 - INFO - [GINSLIB] processing : 2020/10/04 03:27:59 Q=5
2026-01-08 19:38:10,145 - INFO - [GINSLIB] processing : 2020/10/04 03:28:00 Q=5
2026-01-08 19:38:10,146 - INFO - [GINSLIB] processing : 2020/10/04 03:28:01 Q=5
2026-01-08 19:38:10,146 - INFO - [GINSLIB] processing : 2020/10/04 03:28:02 Q=5
2026-01-08 19:38:10,146 - INFO - [GINSLIB] processing : 2020/10/04 03:28:03 Q=5
2026-01-08 19:38:10,146 - INFO - [GINSLIB] processing : 2020/10/04 03:28:04 Q=5
2026-01-08 19:38:10,146 - INFO - [GINSLIB] processing : 2020/10/04 03:28:05 Q=5
2026-01-08 19:38:10,146 - INFO - [GINSLIB] processing : 2020/10/04 03:28:06 Q=5
2026-01-08 19:38:10,146 - INFO - [GINSLIB] processing : 2020/10/04 03:28:07 Q=5
2026-01-08 19:38:10,146 - INFO - [GINSLIB] processing : 2020/10/04 03:28:08 Q=5
2026-01-08 19:38:10,146 - INFO - [GINSLIB] processing : 2020/10/04 03:28:09 Q=5
2026-01-08 19:38:10,146 - INFO - [GINSLIB] processing : 2020/10/04 03:28:10 Q=5
2026-01-08 19:38:10,147 - INFO - [GINSLIB] processing : 2020/10/04 03:28:11 Q=5
2026-01-08 19:38:10,147 - INFO - [GINSLIB] processing : 2020/10/04 03:28:12 Q=5
2026-01-08 19:38:10,147 - INFO - [GINSLIB] processing : 2020/10/04 03:28:13 Q=5
2026-01-08 19:38:10,147 - INFO - [GINSLIB] processing : 2020/10/04 03:28:14 Q=5
2026-01-08 19:38:10,147 - INFO - [GINSLIB] processing : 2020/10/04 03:28:15 Q=5
2026-01-08 19:38:10,147 - INFO - [GINSLIB] processing : 2020/10/04 03:28:16 Q=5
2026-01-08 19:38:10,147 - INFO - [GINSLIB] processing : 2020/10/04 03:28:17 Q=5
2026-01-08 19:38:10,147 - INFO - [GINSLIB] processing : 2020/10/04 03:28:18 Q=5
2026-01-08 19:38:10,147 - INFO - [GINSLIB] processing : 2020/10/04 03:28:19 Q=5
2026-01-08 19:38:10,147 - INFO - [GINSLIB] processing : 2020/10/04 03:28:20 Q=5
2026-01-08 19:38:10,148 - INFO - [GINSLIB] processing : 2020/10/04 03:28:21 Q=5
2026-01-08 19:38:10,148 - INFO - [GINSLIB] processing : 2020/10/04 03:28:22 Q=5
2026-01-08 19:38:10,148 - INFO - [GINSLIB] processing : 2020/10/04 03:28:23 Q=5
2026-01-08 19:38:10,148 - INFO - [GINSLIB] processing : 2020/10/04 03:28:24 Q=5
2026-01-08 19:38:10,148 - INFO - [GINSLIB] processing : 2020/10/04 03:28:25 Q=5
2026-01-08 19:38:10,148 - INFO - [GINSLIB] processing : 2020/10/04 03:28:26 Q=5
2026-01-08 19:38:10,148 - INFO - [GINSLIB] processing : 2020/10/04 03:28:27 Q=5
2026-01-08 19:38:10,148 - INFO - [GINSLIB] processing : 2020/10/04 03:28:28 Q=5
2026-01-08 19:38:10,148 - INFO - [GINSLIB] processing : 2020/10/04 03:28:29 Q=5
2026-01-08 19:38:10,148 - INFO - [GINSLIB] processing : 2020/10/04 03:28:30 Q=5
2026-01-08 19:38:10,413 - INFO - [GINSLIB] processing : 2020/10/04 03:28:31 Q=5
2026-01-08 19:38:10,413 - INFO - [GINSLIB] processing : 2020/10/04 03:28:32 Q=5
2026-01-08 19:38:10,413 - INFO - [GINSLIB] processing : 2020/10/04 03:28:33 Q=5
2026-01-08 19:38:10,414 - INFO - [GINSLIB] processing : 2020/10/04 03:28:34 Q=5
2026-01-08 19:38:10,414 - INFO - [GINSLIB] processing : 2020/10/04 03:28:35 Q=5
2026-01-08 19:38:10,414 - INFO - [GINSLIB] processing : 2020/10/04 03:28:36 Q=5
2026-01-08 19:38:10,414 - INFO - [GINSLIB] processing : 2020/10/04 03:28:37 Q=5
2026-01-08 19:38:10,414 - INFO - [GINSLIB] processing : 2020/10/04 03:28:38 Q=5
2026-01-08 19:38:10,414 - INFO - [GINSLIB] processing : 2020/10/04 03:28:39 Q=5
2026-01-08 19:38:10,415 - INFO - [GINSLIB] processing : 2020/10/04 03:28:40 Q=5
2026-01-08 19:38:10,415 - INFO - [GINSLIB] processing : 2020/10/04 03:28:41 Q=5
2026-01-08 19:38:10,415 - INFO - [GINSLIB] processing : 2020/10/04 03:28:42 Q=5
2026-01-08 19:38:10,415 - INFO - [GINSLIB] processing : 2020/10/04 03:28:43 Q=5
2026-01-08 19:38:10,415 - INFO - [GINSLIB] processing : 2020/10/04 03:28:44 Q=5
2026-01-08 19:38:10,416 - INFO - [GINSLIB] processing : 2020/10/04 03:28:45 Q=5
2026-01-08 19:38:10,416 - INFO - [GINSLIB] processing : 2020/10/04 03:28:46 Q=5
2026-01-08 19:38:10,416 - INFO - [GINSLIB] processing : 2020/10/04 03:28:47 Q=5
2026-01-08 19:38:10,416 - INFO - [GINSLIB] processing : 2020/10/04 03:28:48 Q=5
2026-01-08 19:38:10,416 - INFO - [GINSLIB] processing : 2020/10/04 03:28:49 Q=5
2026-01-08 19:38:10,417 - INFO - [GINSLIB] processing : 2020/10/04 03:28:50 Q=5
2026-01-08 19:38:10,417 - INFO - [GINSLIB] processing : 2020/10/04 03:28:51 Q=5
2026-01-08 19:38:10,417 - INFO - [GINSLIB] processing : 2020/10/04 03:28:52 Q=5
2026-01-08 19:38:10,417 - INFO - [GINSLIB] processing : 2020/10/04 03:28:53 Q=5
2026-01-08 19:38:10,418 - INFO - [GINSLIB] processing : 2020/10/04 03:28:54 Q=5
2026-01-08 19:38:10,418 - INFO - [GINSLIB] processing : 2020/10/04 03:28:55 Q=5
2026-01-08 19:38:10,418 - INFO - [GINSLIB] processing : 2020/10/04 03:28:56 Q=5
2026-01-08 19:38:10,418 - INFO - [GINSLIB] processing : 2020/10/04 03:28:57 Q=5
2026-01-08 19:38:10,418 - INFO - [GINSLIB] processing : 2020/10/04 03:28:58 Q=5
2026-01-08 19:38:10,419 - INFO - [GINSLIB] processing : 2020/10/04 03:28:59 Q=5
2026-01-08 19:38:10,419 - INFO - [GINSLIB] processing : 2020/10/04 03:29:00 Q=5
2026-01-08 19:38:10,419 - INFO - [GINSLIB] processing : 2020/10/04 03:29:01 Q=5
2026-01-08 19:38:10,419 - INFO - [GINSLIB] processing : 2020/10/04 03:29:02 Q=5
2026-01-08 19:38:10,419 - INFO - [GINSLIB] processing : 2020/10/04 03:29:03 Q=5
2026-01-08 19:38:10,420 - INFO - [GINSLIB] processing : 2020/10/04 03:29:04 Q=5
2026-01-08 19:38:10,420 - INFO - [GINSLIB] processing : 2020/10/04 03:29:05 Q=5
2026-01-08 19:38:10,420 - INFO - [GINSLIB] processing : 2020/10/04 03:29:06 Q=5
2026-01-08 19:38:10,420 - INFO - [GINSLIB] processing : 2020/10/04 03:29:07 Q=5
2026-01-08 19:38:10,420 - INFO - [GINSLIB] processing : 2020/10/04 03:29:08 Q=5
2026-01-08 19:38:10,420 - INFO - [GINSLIB] processing : 2020/10/04 03:29:09 Q=5
2026-01-08 19:38:10,420 - INFO - [GINSLIB] processing : 2020/10/04 03:29:10 Q=5
2026-01-08 19:38:10,421 - INFO - [GINSLIB] processing : 2020/10/04 03:29:11 Q=5
2026-01-08 19:38:10,421 - INFO - [GINSLIB] processing : 2020/10/04 03:29:12 Q=5
2026-01-08 19:38:10,421 - INFO - [GINSLIB] processing : 2020/10/04 03:29:13 Q=5
2026-01-08 19:38:10,421 - INFO - [GINSLIB] processing : 2020/10/04 03:29:14 Q=5
2026-01-08 19:38:10,421 - INFO - [GINSLIB] processing : 2020/10/04 03:29:15 Q=5
2026-01-08 19:38:10,421 - INFO - [GINSLIB] processing : 2020/10/04 03:29:16 Q=5
2026-01-08 19:38:10,421 - INFO - [GINSLIB] processing : 2020/10/04 03:29:17 Q=5
2026-01-08 19:38:10,421 - INFO - [GINSLIB] processing : 2020/10/04 03:29:18 Q=5
2026-01-08 19:38:10,422 - INFO - [GINSLIB] processing : 2020/10/04 03:29:19 Q=5
2026-01-08 19:38:10,422 - INFO - [GINSLIB] processing : 2020/10/04 03:29:20 Q=5
2026-01-08 19:38:10,422 - INFO - [GINSLIB] processing : 2020/10/04 03:29:21 Q=5
2026-01-08 19:38:10,422 - INFO - [GINSLIB] processing : 2020/10/04 03:29:22 Q=5
2026-01-08 19:38:10,422 - INFO - [GINSLIB] processing : 2020/10/04 03:29:23 Q=5
2026-01-08 19:38:10,422 - INFO - [GINSLIB] processing : 2020/10/04 03:29:24 Q=5
2026-01-08 19:38:10,422 - INFO - [GINSLIB] processing : 2020/10/04 03:29:25 Q=5
2026-01-08 19:38:10,422 - INFO - [GINSLIB] processing : 2020/10/04 03:29:26 Q=5
2026-01-08 19:38:10,422 - INFO - [GINSLIB] processing : 2020/10/04 03:29:27 Q=5
2026-01-08 19:38:10,422 - INFO - [GINSLIB] processing : 2020/10/04 03:29:28 Q=5
2026-01-08 19:38:10,423 - INFO - [GINSLIB] processing : 2020/10/04 03:29:29 Q=5
2026-01-08 19:38:10,423 - INFO - [GINSLIB] processing : 2020/10/04 03:29:30 Q=5
2026-01-08 19:38:10,423 - INFO - [GINSLIB] processing : 2020/10/04 03:29:31 Q=5
2026-01-08 19:38:10,423 - INFO - [GINSLIB] processing : 2020/10/04 03:29:32 Q=5
2026-01-08 19:38:10,423 - INFO - [GINSLIB] processing : 2020/10/04 03:29:33 Q=5
2026-01-08 19:38:10,423 - INFO - [GINSLIB] processing : 2020/10/04 03:29:34 Q=5
2026-01-08 19:38:10,423 - INFO - [GINSLIB] processing : 2020/10/04 03:29:35 Q=5
2026-01-08 19:38:10,423 - INFO - [GINSLIB] processing : 2020/10/04 03:29:36 Q=5
2026-01-08 19:38:10,424 - INFO - [GINSLIB] processing : 2020/10/04 03:29:37 Q=5
2026-01-08 19:38:10,424 - INFO - [GINSLIB] processing : 2020/10/04 03:29:38 Q=5
2026-01-08 19:38:10,424 - INFO - [GINSLIB] processing : 2020/10/04 03:29:39 Q=5
2026-01-08 19:38:10,424 - INFO - [GINSLIB] processing : 2020/10/04 03:29:40 Q=5
2026-01-08 19:38:10,424 - INFO - [GINSLIB] processing : 2020/10/04 03:29:41 Q=5
2026-01-08 19:38:10,424 - INFO - [GINSLIB] processing : 2020/10/04 03:29:42 Q=5
2026-01-08 19:38:10,424 - INFO - [GINSLIB] processing : 2020/10/04 03:29:43 Q=5
2026-01-08 19:38:10,424 - INFO - [GINSLIB] processing : 2020/10/04 03:29:44 Q=5
2026-01-08 19:38:10,424 - INFO - [GINSLIB] processing : 2020/10/04 03:29:45 Q=5
2026-01-08 19:38:10,425 - INFO - [GINSLIB] processing : 2020/10/04 03:29:46 Q=5
2026-01-08 19:38:10,425 - INFO - [GINSLIB] processing : 2020/10/04 03:29:47 Q=5
2026-01-08 19:38:10,425 - INFO - [GINSLIB] processing : 2020/10/04 03:29:48 Q=5
2026-01-08 19:38:10,425 - INFO - [GINSLIB] processing : 2020/10/04 03:29:49 Q=5
2026-01-08 19:38:10,425 - INFO - [GINSLIB] processing : 2020/10/04 03:29:50 Q=5
2026-01-08 19:38:10,425 - INFO - [GINSLIB] processing : 2020/10/04 03:29:51 Q=5
2026-01-08 19:38:10,425 - INFO - [GINSLIB] processing : 2020/10/04 03:29:52 Q=5
2026-01-08 19:38:10,425 - INFO - [GINSLIB] processing : 2020/10/04 03:29:53 Q=5
2026-01-08 19:38:10,425 - INFO - [GINSLIB] processing : 2020/10/04 03:29:54 Q=5
2026-01-08 19:38:10,425 - INFO - [GINSLIB] processing : 2020/10/04 03:29:55 Q=5
2026-01-08 19:38:10,426 - INFO - [GINSLIB] processing : 2020/10/04 03:29:56 Q=5
2026-01-08 19:38:10,426 - INFO - [GINSLIB] processing : 2020/10/04 03:29:57 Q=5
2026-01-08 19:38:10,426 - INFO - [GINSLIB] processing : 2020/10/04 03:29:58 Q=5
2026-01-08 19:38:10,426 - INFO - [GINSLIB] processing : 2020/10/04 03:29:59 Q=5
2026-01-08 19:38:10,426 - INFO - [GINSLIB] processing : 2020/10/04 03:30:00 Q=5
2026-01-08 19:38:10,426 - INFO - [GINSLIB] processing : 2020/10/04 03:30:01 Q=5
2026-01-08 19:38:10,426 - INFO - [GINSLIB] processing : 2020/10/04 03:30:02 Q=5
2026-01-08 19:38:10,426 - INFO - [GINSLIB] processing : 2020/10/04 03:30:03 Q=5
2026-01-08 19:38:10,426 - INFO - [GINSLIB] processing : 2020/10/04 03:30:04 Q=5
2026-01-08 19:38:10,426 - INFO - [GINSLIB] processing : 2020/10/04 03:30:05 Q=5
2026-01-08 19:38:10,426 - INFO - [GINSLIB] processing : 2020/10/04 03:30:06 Q=5
2026-01-08 19:38:10,427 - INFO - [GINSLIB] processing : 2020/10/04 03:30:07 Q=5
2026-01-08 19:38:10,427 - INFO - [GINSLIB] processing : 2020/10/04 03:30:08 Q=5
2026-01-08 19:38:10,427 - INFO - [GINSLIB] processing : 2020/10/04 03:30:09 Q=5
2026-01-08 19:38:10,427 - INFO - [GINSLIB] processing : 2020/10/04 03:30:10 Q=5
2026-01-08 19:38:10,427 - INFO - [GINSLIB] processing : 2020/10/04 03:30:11 Q=5
2026-01-08 19:38:10,427 - INFO - [GINSLIB] processing : 2020/10/04 03:30:12 Q=5
2026-01-08 19:38:10,427 - INFO - [GINSLIB] processing : 2020/10/04 03:30:13 Q=5
2026-01-08 19:38:10,427 - INFO - [GINSLIB] processing : 2020/10/04 03:30:14 Q=5
2026-01-08 19:38:10,427 - INFO - [GINSLIB] processing : 2020/10/04 03:30:15 Q=5
2026-01-08 19:38:10,427 - INFO - [GINSLIB] processing : 2020/10/04 03:30:16 Q=5
2026-01-08 19:38:10,428 - INFO - [GINSLIB] processing : 2020/10/04 03:30:17 Q=5
2026-01-08 19:38:10,428 - INFO - [GINSLIB] processing : 2020/10/04 03:30:18 Q=5
2026-01-08 19:38:10,428 - INFO - [GINSLIB] processing : 2020/10/04 03:30:19 Q=5
2026-01-08 19:38:10,428 - INFO - [GINSLIB] processing : 2020/10/04 03:30:20 Q=5
2026-01-08 19:38:10,702 - INFO - [GINSLIB] processing : 2020/10/04 03:30:21 Q=5
2026-01-08 19:38:10,702 - INFO - [GINSLIB] processing : 2020/10/04 03:30:22 Q=5
2026-01-08 19:38:10,703 - INFO - [GINSLIB] processing : 2020/10/04 03:30:23 Q=5
2026-01-08 19:38:10,703 - INFO - [GINSLIB] processing : 2020/10/04 03:30:24 Q=5
2026-01-08 19:38:10,703 - INFO - [GINSLIB] processing : 2020/10/04 03:30:25 Q=5
2026-01-08 19:38:10,703 - INFO - [GINSLIB] processing : 2020/10/04 03:30:26 Q=5
2026-01-08 19:38:10,703 - INFO - [GINSLIB] processing : 2020/10/04 03:30:27 Q=5
2026-01-08 19:38:10,704 - INFO - [GINSLIB] processing : 2020/10/04 03:30:28 Q=5
2026-01-08 19:38:10,704 - INFO - [GINSLIB] processing : 2020/10/04 03:30:29 Q=5
2026-01-08 19:38:10,704 - INFO - [GINSLIB] processing : 2020/10/04 03:30:30 Q=5
2026-01-08 19:38:10,704 - INFO - [GINSLIB] processing : 2020/10/04 03:30:31 Q=5
2026-01-08 19:38:10,704 - INFO - [GINSLIB] processing : 2020/10/04 03:30:32 Q=5
2026-01-08 19:38:10,705 - INFO - [GINSLIB] processing : 2020/10/04 03:30:33 Q=5
2026-01-08 19:38:10,705 - INFO - [GINSLIB] processing : 2020/10/04 03:30:34 Q=5
2026-01-08 19:38:10,705 - INFO - [GINSLIB] processing : 2020/10/04 03:30:35 Q=5
2026-01-08 19:38:10,705 - INFO - [GINSLIB] processing : 2020/10/04 03:30:36 Q=5
2026-01-08 19:38:10,705 - INFO - [GINSLIB] processing : 2020/10/04 03:30:37 Q=5
2026-01-08 19:38:10,705 - INFO - [GINSLIB] processing : 2020/10/04 03:30:38 Q=5
2026-01-08 19:38:10,706 - INFO - [GINSLIB] processing : 2020/10/04 03:30:39 Q=5
2026-01-08 19:38:10,706 - INFO - [GINSLIB] processing : 2020/10/04 03:30:40 Q=5
2026-01-08 19:38:10,706 - INFO - [GINSLIB] processing : 2020/10/04 03:30:41 Q=5
2026-01-08 19:38:10,707 - INFO - [GINSLIB] processing : 2020/10/04 03:30:42 Q=5
2026-01-08 19:38:10,707 - INFO - [GINSLIB] processing : 2020/10/04 03:30:43 Q=5
2026-01-08 19:38:10,707 - INFO - [GINSLIB] processing : 2020/10/04 03:30:44 Q=5
2026-01-08 19:38:10,707 - INFO - [GINSLIB] processing : 2020/10/04 03:30:45 Q=5
2026-01-08 19:38:10,708 - INFO - [GINSLIB] processing : 2020/10/04 03:30:46 Q=5
2026-01-08 19:38:10,708 - INFO - [GINSLIB] processing : 2020/10/04 03:30:47 Q=5
2026-01-08 19:38:10,708 - INFO - [GINSLIB] processing : 2020/10/04 03:30:48 Q=0
2026-01-08 19:38:10,708 - INFO - [GINSLIB] processing : 2020/10/04 03:30:49 Q=0
2026-01-08 19:38:10,709 - INFO - [GINSLIB] processing : 2020/10/04 03:30:50 Q=5
2026-01-08 19:38:10,709 - INFO - [GINSLIB] processing : 2020/10/04 03:30:51 Q=5
2026-01-08 19:38:10,709 - INFO - [GINSLIB] processing : 2020/10/04 03:30:52 Q=5
2026-01-08 19:38:10,710 - INFO - [GINSLIB] processing : 2020/10/04 03:30:53 Q=5
2026-01-08 19:38:10,710 - INFO - [GINSLIB] processing : 2020/10/04 03:30:54 Q=5
2026-01-08 19:38:10,710 - INFO - [GINSLIB] processing : 2020/10/04 03:30:55 Q=5
2026-01-08 19:38:10,710 - INFO - [GINSLIB] processing : 2020/10/04 03:30:56 Q=5
2026-01-08 19:38:10,711 - INFO - [GINSLIB] processing : 2020/10/04 03:30:57 Q=5
2026-01-08 19:38:10,711 - INFO - [GINSLIB] processing : 2020/10/04 03:30:58 Q=5
2026-01-08 19:38:10,711 - INFO - [GINSLIB] processing : 2020/10/04 03:30:59 Q=5
2026-01-08 19:38:10,711 - INFO - [GINSLIB] processing : 2020/10/04 03:31:00 Q=5
2026-01-08 19:38:10,711 - INFO - [GINSLIB] processing : 2020/10/04 03:31:01 Q=5
2026-01-08 19:38:10,712 - INFO - [GINSLIB] processing : 2020/10/04 03:31:02 Q=5
2026-01-08 19:38:10,712 - INFO - [GINSLIB] processing : 2020/10/04 03:31:03 Q=5
2026-01-08 19:38:10,712 - INFO - [GINSLIB] processing : 2020/10/04 03:31:04 Q=5
2026-01-08 19:38:10,712 - INFO - [GINSLIB] processing : 2020/10/04 03:31:05 Q=5
2026-01-08 19:38:10,713 - INFO - [GINSLIB] processing : 2020/10/04 03:31:06 Q=5
2026-01-08 19:38:10,713 - INFO - [GINSLIB] processing : 2020/10/04 03:31:07 Q=5
2026-01-08 19:38:10,713 - INFO - [GINSLIB] processing : 2020/10/04 03:31:08 Q=5
2026-01-08 19:38:10,713 - INFO - [GINSLIB] processing : 2020/10/04 03:31:09 Q=5
2026-01-08 19:38:10,713 - INFO - [GINSLIB] processing : 2020/10/04 03:31:10 Q=5
2026-01-08 19:38:10,713 - INFO - [GINSLIB] processing : 2020/10/04 03:31:11 Q=5
2026-01-08 19:38:10,713 - INFO - [GINSLIB] processing : 2020/10/04 03:31:12 Q=5
2026-01-08 19:38:10,713 - INFO - [GINSLIB] processing : 2020/10/04 03:31:13 Q=5
2026-01-08 19:38:10,714 - INFO - [GINSLIB] processing : 2020/10/04 03:31:14 Q=5
2026-01-08 19:38:10,714 - INFO - [GINSLIB] processing : 2020/10/04 03:31:15 Q=5
2026-01-08 19:38:10,714 - INFO - [GINSLIB] processing : 2020/10/04 03:31:16 Q=5
2026-01-08 19:38:10,714 - INFO - [GINSLIB] processing : 2020/10/04 03:31:17 Q=5
2026-01-08 19:38:10,714 - INFO - [GINSLIB] processing : 2020/10/04 03:31:18 Q=5
2026-01-08 19:38:10,714 - INFO - [GINSLIB] processing : 2020/10/04 03:31:19 Q=5
2026-01-08 19:38:10,714 - INFO - [GINSLIB] processing : 2020/10/04 03:31:20 Q=5
2026-01-08 19:38:10,715 - INFO - [GINSLIB] processing : 2020/10/04 03:31:21 Q=5
2026-01-08 19:38:10,715 - INFO - [GINSLIB] processing : 2020/10/04 03:31:22 Q=5
2026-01-08 19:38:10,715 - INFO - [GINSLIB] processing : 2020/10/04 03:31:23 Q=5
2026-01-08 19:38:10,715 - INFO - [GINSLIB] processing : 2020/10/04 03:31:24 Q=5
2026-01-08 19:38:10,715 - INFO - [GINSLIB] processing : 2020/10/04 03:31:25 Q=5
2026-01-08 19:38:10,715 - INFO - [GINSLIB] processing : 2020/10/04 03:31:26 Q=5
2026-01-08 19:38:10,715 - INFO - [GINSLIB] processing : 2020/10/04 03:31:27 Q=5
2026-01-08 19:38:10,715 - INFO - [GINSLIB] processing : 2020/10/04 03:31:28 Q=5
2026-01-08 19:38:10,716 - INFO - [GINSLIB] processing : 2020/10/04 03:31:29 Q=5
2026-01-08 19:38:10,716 - INFO - [GINSLIB] processing : 2020/10/04 03:31:30 Q=5
2026-01-08 19:38:10,716 - INFO - [GINSLIB] processing : 2020/10/04 03:31:31 Q=5
2026-01-08 19:38:10,716 - INFO - [GINSLIB] processing : 2020/10/04 03:31:32 Q=5
2026-01-08 19:38:10,716 - INFO - [GINSLIB] processing : 2020/10/04 03:31:33 Q=5
2026-01-08 19:38:10,716 - INFO - [GINSLIB] processing : 2020/10/04 03:31:34 Q=5
2026-01-08 19:38:10,716 - INFO - [GINSLIB] processing : 2020/10/04 03:31:35 Q=5
2026-01-08 19:38:10,716 - INFO - [GINSLIB] processing : 2020/10/04 03:31:36 Q=5
2026-01-08 19:38:10,716 - INFO - [GINSLIB] processing : 2020/10/04 03:31:37 Q=5
2026-01-08 19:38:10,716 - INFO - [GINSLIB] processing : 2020/10/04 03:31:38 Q=5
2026-01-08 19:38:10,717 - INFO - [GINSLIB] processing : 2020/10/04 03:31:39 Q=5
2026-01-08 19:38:10,717 - INFO - [GINSLIB] processing : 2020/10/04 03:31:40 Q=5
2026-01-08 19:38:10,717 - INFO - [GINSLIB] processing : 2020/10/04 03:31:41 Q=5
2026-01-08 19:38:10,717 - INFO - [GINSLIB] processing : 2020/10/04 03:31:42 Q=5
2026-01-08 19:38:10,717 - INFO - [GINSLIB] processing : 2020/10/04 03:31:43 Q=5
2026-01-08 19:38:10,717 - INFO - [GINSLIB] processing : 2020/10/04 03:31:44 Q=5
2026-01-08 19:38:10,717 - INFO - [GINSLIB] processing : 2020/10/04 03:31:45 Q=5
2026-01-08 19:38:10,717 - INFO - [GINSLIB] processing : 2020/10/04 03:31:46 Q=5
2026-01-08 19:38:10,717 - INFO - [GINSLIB] processing : 2020/10/04 03:31:47 Q=5
2026-01-08 19:38:10,717 - INFO - [GINSLIB] processing : 2020/10/04 03:31:48 Q=5
2026-01-08 19:38:10,717 - INFO - [GINSLIB] processing : 2020/10/04 03:31:49 Q=5
2026-01-08 19:38:10,718 - INFO - [GINSLIB] processing : 2020/10/04 03:31:50 Q=5
2026-01-08 19:38:10,718 - INFO - [GINSLIB] processing : 2020/10/04 03:31:51 Q=5
2026-01-08 19:38:10,718 - INFO - [GINSLIB] processing : 2020/10/04 03:31:52 Q=5
2026-01-08 19:38:10,718 - INFO - [GINSLIB] processing : 2020/10/04 03:31:53 Q=5
2026-01-08 19:38:10,718 - INFO - [GINSLIB] processing : 2020/10/04 03:31:54 Q=5
2026-01-08 19:38:10,718 - INFO - [GINSLIB] processing : 2020/10/04 03:31:55 Q=5
2026-01-08 19:38:10,718 - INFO - [GINSLIB] processing : 2020/10/04 03:31:56 Q=5
2026-01-08 19:38:10,718 - INFO - [GINSLIB] processing : 2020/10/04 03:31:57 Q=5
2026-01-08 19:38:10,718 - INFO - [GINSLIB] processing : 2020/10/04 03:31:58 Q=5
2026-01-08 19:38:10,718 - INFO - [GINSLIB] processing : 2020/10/04 03:31:59 Q=5
2026-01-08 19:38:10,719 - INFO - [GINSLIB] processing : 2020/10/04 03:32:00 Q=5
2026-01-08 19:38:10,719 - INFO - [GINSLIB] processing : 2020/10/04 03:32:01 Q=5
2026-01-08 19:38:10,719 - INFO - [GINSLIB] processing : 2020/10/04 03:32:02 Q=5
2026-01-08 19:38:10,719 - INFO - [GINSLIB] processing : 2020/10/04 03:32:03 Q=5
2026-01-08 19:38:10,719 - INFO - [GINSLIB] processing : 2020/10/04 03:32:04 Q=5
2026-01-08 19:38:10,719 - INFO - [GINSLIB] processing : 2020/10/04 03:32:05 Q=5
2026-01-08 19:38:10,719 - INFO - [GINSLIB] processing : 2020/10/04 03:32:06 Q=5
2026-01-08 19:38:10,719 - INFO - [GINSLIB] processing : 2020/10/04 03:32:07 Q=5
2026-01-08 19:38:10,719 - INFO - [GINSLIB] processing : 2020/10/04 03:32:08 Q=5
2026-01-08 19:38:10,719 - INFO - [GINSLIB] processing : 2020/10/04 03:32:09 Q=5
2026-01-08 19:38:10,719 - INFO - [GINSLIB] processing : 2020/10/04 03:32:10 Q=5
2026-01-08 19:38:10,720 - INFO - [GINSLIB] processing : 2020/10/04 03:32:11 Q=5
2026-01-08 19:38:10,984 - INFO - [GINSLIB] processing : 2020/10/04 03:32:12 Q=5
2026-01-08 19:38:10,985 - INFO - [GINSLIB] processing : 2020/10/04 03:32:13 Q=5
2026-01-08 19:38:10,985 - INFO - [GINSLIB] processing : 2020/10/04 03:32:14 Q=5
2026-01-08 19:38:10,985 - INFO - [GINSLIB] processing : 2020/10/04 03:32:15 Q=5
2026-01-08 19:38:10,985 - INFO - [GINSLIB] processing : 2020/10/04 03:32:16 Q=5
2026-01-08 19:38:10,986 - INFO - [GINSLIB] processing : 2020/10/04 03:32:17 Q=5
2026-01-08 19:38:10,986 - INFO - [GINSLIB] processing : 2020/10/04 03:32:18 Q=5
2026-01-08 19:38:10,986 - INFO - [GINSLIB] processing : 2020/10/04 03:32:19 Q=5
2026-01-08 19:38:10,986 - INFO - [GINSLIB] processing : 2020/10/04 03:32:20 Q=5
2026-01-08 19:38:10,986 - INFO - [GINSLIB] processing : 2020/10/04 03:32:21 Q=5
2026-01-08 19:38:10,987 - INFO - [GINSLIB] processing : 2020/10/04 03:32:22 Q=5
2026-01-08 19:38:10,987 - INFO - [GINSLIB] processing : 2020/10/04 03:32:23 Q=5
2026-01-08 19:38:10,987 - INFO - [GINSLIB] processing : 2020/10/04 03:32:24 Q=5
2026-01-08 19:38:10,987 - INFO - [GINSLIB] processing : 2020/10/04 03:32:25 Q=5
2026-01-08 19:38:10,987 - INFO - [GINSLIB] processing : 2020/10/04 03:32:26 Q=5
2026-01-08 19:38:10,988 - INFO - [GINSLIB] processing : 2020/10/04 03:32:27 Q=5
2026-01-08 19:38:10,988 - INFO - [GINSLIB] processing : 2020/10/04 03:32:28 Q=5
2026-01-08 19:38:10,988 - INFO - [GINSLIB] processing : 2020/10/04 03:32:29 Q=5
2026-01-08 19:38:10,988 - INFO - [GINSLIB] processing : 2020/10/04 03:32:30 Q=5
2026-01-08 19:38:10,988 - INFO - [GINSLIB] processing : 2020/10/04 03:32:31 Q=5
2026-01-08 19:38:10,988 - INFO - [GINSLIB] processing : 2020/10/04 03:32:32 Q=5
2026-01-08 19:38:10,989 - INFO - [GINSLIB] processing : 2020/10/04 03:32:33 Q=5
2026-01-08 19:38:10,989 - INFO - [GINSLIB] processing : 2020/10/04 03:32:34 Q=5
2026-01-08 19:38:10,989 - INFO - [GINSLIB] processing : 2020/10/04 03:32:35 Q=5
2026-01-08 19:38:10,989 - INFO - [GINSLIB] processing : 2020/10/04 03:32:36 Q=5
2026-01-08 19:38:10,990 - INFO - [GINSLIB] processing : 2020/10/04 03:32:37 Q=5
2026-01-08 19:38:10,990 - INFO - [GINSLIB] processing : 2020/10/04 03:32:38 Q=5
2026-01-08 19:38:10,990 - INFO - [GINSLIB] processing : 2020/10/04 03:32:39 Q=5
2026-01-08 19:38:10,990 - INFO - [GINSLIB] processing : 2020/10/04 03:32:40 Q=5
2026-01-08 19:38:10,991 - INFO - [GINSLIB] processing : 2020/10/04 03:32:41 Q=5
2026-01-08 19:38:10,991 - INFO - [GINSLIB] processing : 2020/10/04 03:32:42 Q=5
2026-01-08 19:38:10,991 - INFO - [GINSLIB] processing : 2020/10/04 03:32:43 Q=5
2026-01-08 19:38:10,992 - INFO - [GINSLIB] processing : 2020/10/04 03:32:44 Q=5
2026-01-08 19:38:10,992 - INFO - [GINSLIB] processing : 2020/10/04 03:32:45 Q=5
2026-01-08 19:38:10,992 - INFO - [GINSLIB] processing : 2020/10/04 03:32:46 Q=5
2026-01-08 19:38:10,992 - INFO - [GINSLIB] processing : 2020/10/04 03:32:47 Q=5
2026-01-08 19:38:10,993 - INFO - [GINSLIB] processing : 2020/10/04 03:32:48 Q=5
2026-01-08 19:38:10,993 - INFO - [GINSLIB] processing : 2020/10/04 03:32:49 Q=5
2026-01-08 19:38:10,993 - INFO - [GINSLIB] processing : 2020/10/04 03:32:50 Q=5
2026-01-08 19:38:10,993 - INFO - [GINSLIB] processing : 2020/10/04 03:32:51 Q=5
2026-01-08 19:38:10,993 - INFO - [GINSLIB] processing : 2020/10/04 03:32:52 Q=5
2026-01-08 19:38:10,994 - INFO - [GINSLIB] processing : 2020/10/04 03:32:53 Q=5
2026-01-08 19:38:10,994 - INFO - [GINSLIB] processing : 2020/10/04 03:32:54 Q=5
2026-01-08 19:38:10,994 - INFO - [GINSLIB] processing : 2020/10/04 03:32:55 Q=5
2026-01-08 19:38:10,994 - INFO - [GINSLIB] processing : 2020/10/04 03:32:56 Q=5
2026-01-08 19:38:10,994 - INFO - [GINSLIB] processing : 2020/10/04 03:32:57 Q=5
2026-01-08 19:38:10,995 - INFO - [GINSLIB] processing : 2020/10/04 03:32:58 Q=5
2026-01-08 19:38:10,995 - INFO - [GINSLIB] processing : 2020/10/04 03:32:59 Q=5
2026-01-08 19:38:10,995 - INFO - [GINSLIB] processing : 2020/10/04 03:33:00 Q=5
2026-01-08 19:38:10,995 - INFO - [GINSLIB] processing : 2020/10/04 03:33:01 Q=5
2026-01-08 19:38:10,995 - INFO - [GINSLIB] processing : 2020/10/04 03:33:02 Q=5
2026-01-08 19:38:10,996 - INFO - [GINSLIB] processing : 2020/10/04 03:33:03 Q=5
2026-01-08 19:38:10,996 - INFO - [GINSLIB] processing : 2020/10/04 03:33:04 Q=5
2026-01-08 19:38:10,996 - INFO - [GINSLIB] processing : 2020/10/04 03:33:05 Q=5
2026-01-08 19:38:10,996 - INFO - [GINSLIB] processing : 2020/10/04 03:33:06 Q=5
2026-01-08 19:38:10,996 - INFO - [GINSLIB] processing : 2020/10/04 03:33:07 Q=5
2026-01-08 19:38:10,996 - INFO - [GINSLIB] processing : 2020/10/04 03:33:08 Q=5
2026-01-08 19:38:10,997 - INFO - [GINSLIB] processing : 2020/10/04 03:33:09 Q=5
2026-01-08 19:38:10,997 - INFO - [GINSLIB] processing : 2020/10/04 03:33:10 Q=5
2026-01-08 19:38:10,997 - INFO - [GINSLIB] processing : 2020/10/04 03:33:11 Q=5
2026-01-08 19:38:10,997 - INFO - [GINSLIB] processing : 2020/10/04 03:33:12 Q=5
2026-01-08 19:38:10,997 - INFO - [GINSLIB] processing : 2020/10/04 03:33:13 Q=5
2026-01-08 19:38:10,997 - INFO - [GINSLIB] processing : 2020/10/04 03:33:14 Q=5
2026-01-08 19:38:10,997 - INFO - [GINSLIB] processing : 2020/10/04 03:33:15 Q=5
2026-01-08 19:38:10,997 - INFO - [GINSLIB] processing : 2020/10/04 03:33:16 Q=5
2026-01-08 19:38:10,998 - INFO - [GINSLIB] processing : 2020/10/04 03:33:17 Q=5
2026-01-08 19:38:10,998 - INFO - [GINSLIB] processing : 2020/10/04 03:33:18 Q=5
2026-01-08 19:38:10,998 - INFO - [GINSLIB] processing : 2020/10/04 03:33:19 Q=5
2026-01-08 19:38:10,998 - INFO - [GINSLIB] processing : 2020/10/04 03:33:20 Q=5
2026-01-08 19:38:10,998 - INFO - [GINSLIB] processing : 2020/10/04 03:33:21 Q=5
2026-01-08 19:38:10,998 - INFO - [GINSLIB] processing : 2020/10/04 03:33:22 Q=5
2026-01-08 19:38:10,998 - INFO - [GINSLIB] processing : 2020/10/04 03:33:23 Q=5
2026-01-08 19:38:10,998 - INFO - [GINSLIB] processing : 2020/10/04 03:33:24 Q=5
2026-01-08 19:38:10,998 - INFO - [GINSLIB] processing : 2020/10/04 03:33:25 Q=5
2026-01-08 19:38:10,999 - INFO - [GINSLIB] processing : 2020/10/04 03:33:26 Q=5
2026-01-08 19:38:10,999 - INFO - [GINSLIB] processing : 2020/10/04 03:33:27 Q=5
2026-01-08 19:38:10,999 - INFO - [GINSLIB] processing : 2020/10/04 03:33:28 Q=5
2026-01-08 19:38:10,999 - INFO - [GINSLIB] processing : 2020/10/04 03:33:29 Q=5
2026-01-08 19:38:10,999 - INFO - [GINSLIB] processing : 2020/10/04 03:33:30 Q=5
2026-01-08 19:38:10,999 - INFO - [GINSLIB] processing : 2020/10/04 03:33:31 Q=5
2026-01-08 19:38:10,999 - INFO - [GINSLIB] processing : 2020/10/04 03:33:32 Q=5
2026-01-08 19:38:10,999 - INFO - [GINSLIB] processing : 2020/10/04 03:33:33 Q=5
2026-01-08 19:38:10,999 - INFO - [GINSLIB] processing : 2020/10/04 03:33:34 Q=5
2026-01-08 19:38:10,999 - INFO - [GINSLIB] processing : 2020/10/04 03:33:35 Q=5
2026-01-08 19:38:11,000 - INFO - [GINSLIB] processing : 2020/10/04 03:33:36 Q=5
2026-01-08 19:38:11,000 - INFO - [GINSLIB] processing : 2020/10/04 03:33:37 Q=5
2026-01-08 19:38:11,000 - INFO - [GINSLIB] processing : 2020/10/04 03:33:38 Q=5
2026-01-08 19:38:11,000 - INFO - [GINSLIB] processing : 2020/10/04 03:33:39 Q=5
2026-01-08 19:38:11,000 - INFO - [GINSLIB] processing : 2020/10/04 03:33:40 Q=5
2026-01-08 19:38:11,000 - INFO - [GINSLIB] processing : 2020/10/04 03:33:41 Q=5
2026-01-08 19:38:11,000 - INFO - [GINSLIB] processing : 2020/10/04 03:33:42 Q=5
2026-01-08 19:38:11,000 - INFO - [GINSLIB] processing : 2020/10/04 03:33:43 Q=5
2026-01-08 19:38:11,000 - INFO - [GINSLIB] processing : 2020/10/04 03:33:44 Q=5
2026-01-08 19:38:11,000 - INFO - [GINSLIB] processing : 2020/10/04 03:33:45 Q=5
2026-01-08 19:38:11,000 - INFO - [GINSLIB] processing : 2020/10/04 03:33:46 Q=5
2026-01-08 19:38:11,001 - INFO - [GINSLIB] processing : 2020/10/04 03:33:47 Q=5
2026-01-08 19:38:11,001 - INFO - [GINSLIB] processing : 2020/10/04 03:33:48 Q=5
2026-01-08 19:38:11,001 - INFO - [GINSLIB] processing : 2020/10/04 03:33:49 Q=5
2026-01-08 19:38:11,001 - INFO - [GINSLIB] processing : 2020/10/04 03:33:50 Q=5
2026-01-08 19:38:11,001 - INFO - [GINSLIB] processing : 2020/10/04 03:33:51 Q=5
2026-01-08 19:38:11,001 - INFO - [GINSLIB] processing : 2020/10/04 03:33:52 Q=5
2026-01-08 19:38:11,001 - INFO - [GINSLIB] processing : 2020/10/04 03:33:53 Q=5
2026-01-08 19:38:11,001 - INFO - [GINSLIB] processing : 2020/10/04 03:33:54 Q=5
2026-01-08 19:38:11,001 - INFO - [GINSLIB] processing : 2020/10/04 03:33:55 Q=5
2026-01-08 19:38:11,001 - INFO - [GINSLIB] processing : 2020/10/04 03:33:56 Q=5
2026-01-08 19:38:11,002 - INFO - [GINSLIB] processing : 2020/10/04 03:33:57 Q=5
2026-01-08 19:38:11,002 - INFO - [GINSLIB] processing : 2020/10/04 03:33:58 Q=5
2026-01-08 19:38:11,002 - INFO - [GINSLIB] processing : 2020/10/04 03:33:59 Q=5
2026-01-08 19:38:11,002 - INFO - [GINSLIB] processing : 2020/10/04 03:34:00 Q=5
2026-01-08 19:38:11,002 - INFO - [GINSLIB] processing : 2020/10/04 03:34:01 Q=5
2026-01-08 19:38:11,002 - INFO - [GINSLIB] processing : 2020/10/04 03:34:02 Q=5
2026-01-08 19:38:11,272 - INFO - [GINSLIB] processing : 2020/10/04 03:34:03 Q=5
2026-01-08 19:38:11,272 - INFO - [GINSLIB] processing : 2020/10/04 03:34:04 Q=5
2026-01-08 19:38:11,272 - INFO - [GINSLIB] processing : 2020/10/04 03:34:05 Q=5
2026-01-08 19:38:11,273 - INFO - [GINSLIB] processing : 2020/10/04 03:34:06 Q=5
2026-01-08 19:38:11,273 - INFO - [GINSLIB] processing : 2020/10/04 03:34:07 Q=5
2026-01-08 19:38:11,273 - INFO - [GINSLIB] processing : 2020/10/04 03:34:08 Q=5
2026-01-08 19:38:11,273 - INFO - [GINSLIB] processing : 2020/10/04 03:34:09 Q=5
2026-01-08 19:38:11,274 - INFO - [GINSLIB] processing : 2020/10/04 03:34:10 Q=5
2026-01-08 19:38:11,274 - INFO - [GINSLIB] processing : 2020/10/04 03:34:11 Q=5
2026-01-08 19:38:11,274 - INFO - [GINSLIB] processing : 2020/10/04 03:34:12 Q=5
2026-01-08 19:38:11,275 - INFO - [GINSLIB] processing : 2020/10/04 03:34:13 Q=5
2026-01-08 19:38:11,275 - INFO - [GINSLIB] processing : 2020/10/04 03:34:14 Q=5
2026-01-08 19:38:11,275 - INFO - [GINSLIB] processing : 2020/10/04 03:34:15 Q=5
2026-01-08 19:38:11,275 - INFO - [GINSLIB] processing : 2020/10/04 03:34:16 Q=5
2026-01-08 19:38:11,276 - INFO - [GINSLIB] processing : 2020/10/04 03:34:17 Q=5
2026-01-08 19:38:11,276 - INFO - [GINSLIB] processing : 2020/10/04 03:34:18 Q=5
2026-01-08 19:38:11,276 - INFO - [GINSLIB] processing : 2020/10/04 03:34:19 Q=5
2026-01-08 19:38:11,277 - INFO - [GINSLIB] processing : 2020/10/04 03:34:20 Q=5
2026-01-08 19:38:11,277 - INFO - [GINSLIB] processing : 2020/10/04 03:34:21 Q=5
2026-01-08 19:38:11,277 - INFO - [GINSLIB] processing : 2020/10/04 03:34:22 Q=5
2026-01-08 19:38:11,277 - INFO - [GINSLIB] processing : 2020/10/04 03:34:23 Q=5
2026-01-08 19:38:11,278 - INFO - [GINSLIB] processing : 2020/10/04 03:34:24 Q=5
2026-01-08 19:38:11,278 - INFO - [GINSLIB] processing : 2020/10/04 03:34:25 Q=5
2026-01-08 19:38:11,278 - INFO - [GINSLIB] processing : 2020/10/04 03:34:26 Q=5
2026-01-08 19:38:11,278 - INFO - [GINSLIB] processing : 2020/10/04 03:34:27 Q=5
2026-01-08 19:38:11,278 - INFO - [GINSLIB] processing : 2020/10/04 03:34:28 Q=5
2026-01-08 19:38:11,279 - INFO - [GINSLIB] processing : 2020/10/04 03:34:29 Q=5
2026-01-08 19:38:11,279 - INFO - [GINSLIB] processing : 2020/10/04 03:34:30 Q=5
2026-01-08 19:38:11,279 - INFO - [GINSLIB] processing : 2020/10/04 03:34:31 Q=5
2026-01-08 19:38:11,279 - INFO - [GINSLIB] processing : 2020/10/04 03:34:32 Q=5
2026-01-08 19:38:11,279 - INFO - [GINSLIB] processing : 2020/10/04 03:34:33 Q=5
2026-01-08 19:38:11,279 - INFO - [GINSLIB] processing : 2020/10/04 03:34:34 Q=5
2026-01-08 19:38:11,279 - INFO - [GINSLIB] processing : 2020/10/04 03:34:35 Q=5
2026-01-08 19:38:11,280 - INFO - [GINSLIB] processing : 2020/10/04 03:34:36 Q=5
2026-01-08 19:38:11,280 - INFO - [GINSLIB] processing : 2020/10/04 03:34:37 Q=5
2026-01-08 19:38:11,280 - INFO - [GINSLIB] processing : 2020/10/04 03:34:38 Q=5
2026-01-08 19:38:11,280 - INFO - [GINSLIB] processing : 2020/10/04 03:34:39 Q=5
2026-01-08 19:38:11,280 - INFO - [GINSLIB] processing : 2020/10/04 03:34:40 Q=5
2026-01-08 19:38:11,280 - INFO - [GINSLIB] processing : 2020/10/04 03:34:41 Q=5
2026-01-08 19:38:11,280 - INFO - [GINSLIB] processing : 2020/10/04 03:34:42 Q=5
2026-01-08 19:38:11,280 - INFO - [GINSLIB] processing : 2020/10/04 03:34:43 Q=5
2026-01-08 19:38:11,280 - INFO - [GINSLIB] processing : 2020/10/04 03:34:44 Q=5
2026-01-08 19:38:11,280 - INFO - [GINSLIB] processing : 2020/10/04 03:34:45 Q=5
2026-01-08 19:38:11,281 - INFO - [GINSLIB] processing : 2020/10/04 03:34:46 Q=5
2026-01-08 19:38:11,281 - INFO - [GINSLIB] processing : 2020/10/04 03:34:47 Q=5
2026-01-08 19:38:11,281 - INFO - [GINSLIB] processing : 2020/10/04 03:34:48 Q=5
2026-01-08 19:38:11,281 - INFO - [GINSLIB] processing : 2020/10/04 03:34:49 Q=5
2026-01-08 19:38:11,281 - INFO - [GINSLIB] processing : 2020/10/04 03:34:50 Q=5
2026-01-08 19:38:11,281 - INFO - [GINSLIB] processing : 2020/10/04 03:34:51 Q=5
2026-01-08 19:38:11,281 - INFO - [GINSLIB] processing : 2020/10/04 03:34:52 Q=5
2026-01-08 19:38:11,281 - INFO - [GINSLIB] processing : 2020/10/04 03:34:53 Q=5
2026-01-08 19:38:11,281 - INFO - [GINSLIB] processing : 2020/10/04 03:34:54 Q=5
2026-01-08 19:38:11,281 - INFO - [GINSLIB] processing : 2020/10/04 03:34:55 Q=5
2026-01-08 19:38:11,282 - INFO - [GINSLIB] processing : 2020/10/04 03:34:56 Q=5
2026-01-08 19:38:11,282 - INFO - [GINSLIB] processing : 2020/10/04 03:34:57 Q=5
2026-01-08 19:38:11,282 - INFO - [GINSLIB] processing : 2020/10/04 03:34:58 Q=5
2026-01-08 19:38:11,282 - INFO - [GINSLIB] processing : 2020/10/04 03:34:59 Q=5
2026-01-08 19:38:11,282 - INFO - [GINSLIB] processing : 2020/10/04 03:35:00 Q=5
2026-01-08 19:38:11,282 - INFO - [GINSLIB] processing : 2020/10/04 03:35:01 Q=5
2026-01-08 19:38:11,282 - INFO - [GINSLIB] processing : 2020/10/04 03:35:02 Q=5
2026-01-08 19:38:11,282 - INFO - [GINSLIB] processing : 2020/10/04 03:35:03 Q=5
2026-01-08 19:38:11,282 - INFO - [GINSLIB] processing : 2020/10/04 03:35:04 Q=5
2026-01-08 19:38:11,282 - INFO - [GINSLIB] processing : 2020/10/04 03:35:05 Q=5
2026-01-08 19:38:11,283 - INFO - [GINSLIB] processing : 2020/10/04 03:35:06 Q=5
2026-01-08 19:38:11,283 - INFO - [GINSLIB] processing : 2020/10/04 03:35:07 Q=5
2026-01-08 19:38:11,283 - INFO - [GINSLIB] processing : 2020/10/04 03:35:08 Q=5
2026-01-08 19:38:11,283 - INFO - [GINSLIB] processing : 2020/10/04 03:35:09 Q=5
2026-01-08 19:38:11,283 - INFO - [GINSLIB] processing : 2020/10/04 03:35:10 Q=5
2026-01-08 19:38:11,283 - INFO - [GINSLIB] processing : 2020/10/04 03:35:11 Q=5
2026-01-08 19:38:11,283 - INFO - [GINSLIB] processing : 2020/10/04 03:35:12 Q=5
2026-01-08 19:38:11,283 - INFO - [GINSLIB] processing : 2020/10/04 03:35:13 Q=5
2026-01-08 19:38:11,283 - INFO - [GINSLIB] processing : 2020/10/04 03:35:14 Q=5
2026-01-08 19:38:11,283 - INFO - [GINSLIB] processing : 2020/10/04 03:35:15 Q=5
2026-01-08 19:38:11,283 - INFO - [GINSLIB] processing : 2020/10/04 03:35:16 Q=5
2026-01-08 19:38:11,284 - INFO - [GINSLIB] processing : 2020/10/04 03:35:17 Q=5
2026-01-08 19:38:11,284 - INFO - [GINSLIB] processing : 2020/10/04 03:35:18 Q=5
2026-01-08 19:38:11,284 - INFO - [GINSLIB] processing : 2020/10/04 03:35:19 Q=5
2026-01-08 19:38:11,284 - INFO - [GINSLIB] processing : 2020/10/04 03:35:20 Q=5
2026-01-08 19:38:11,284 - INFO - [GINSLIB] processing : 2020/10/04 03:35:21 Q=5
2026-01-08 19:38:11,284 - INFO - [GINSLIB] processing : 2020/10/04 03:35:22 Q=5
2026-01-08 19:38:11,284 - INFO - [GINSLIB] processing : 2020/10/04 03:35:23 Q=5
2026-01-08 19:38:11,284 - INFO - [GINSLIB] processing : 2020/10/04 03:35:24 Q=5
2026-01-08 19:38:11,284 - INFO - [GINSLIB] processing : 2020/10/04 03:35:25 Q=5
2026-01-08 19:38:11,285 - INFO - [GINSLIB] processing : 2020/10/04 03:35:26 Q=5
2026-01-08 19:38:11,285 - INFO - [GINSLIB] processing : 2020/10/04 03:35:27 Q=5
2026-01-08 19:38:11,285 - INFO - [GINSLIB] processing : 2020/10/04 03:35:28 Q=5
2026-01-08 19:38:11,285 - INFO - [GINSLIB] processing : 2020/10/04 03:35:29 Q=5
2026-01-08 19:38:11,285 - INFO - [GINSLIB] processing : 2020/10/04 03:35:30 Q=5
2026-01-08 19:38:11,285 - INFO - [GINSLIB] processing : 2020/10/04 03:35:31 Q=5
2026-01-08 19:38:11,285 - INFO - [GINSLIB] processing : 2020/10/04 03:35:32 Q=5
2026-01-08 19:38:11,286 - INFO - [GINSLIB] processing : 2020/10/04 03:35:33 Q=5
2026-01-08 19:38:11,286 - INFO - [GINSLIB] processing : 2020/10/04 03:35:34 Q=5
2026-01-08 19:38:11,286 - INFO - [GINSLIB] processing : 2020/10/04 03:35:35 Q=5
2026-01-08 19:38:11,286 - INFO - [GINSLIB] processing : 2020/10/04 03:35:36 Q=5
2026-01-08 19:38:11,286 - INFO - [GINSLIB] processing : 2020/10/04 03:35:37 Q=5
2026-01-08 19:38:11,286 - INFO - [GINSLIB] processing : 2020/10/04 03:35:38 Q=5
2026-01-08 19:38:11,286 - INFO - [GINSLIB] processing : 2020/10/04 03:35:39 Q=5
2026-01-08 19:38:11,286 - INFO - [GINSLIB] processing : 2020/10/04 03:35:40 Q=5
2026-01-08 19:38:11,286 - INFO - [GINSLIB] processing : 2020/10/04 03:35:41 Q=5
2026-01-08 19:38:11,287 - INFO - [GINSLIB] processing : 2020/10/04 03:35:42 Q=5
2026-01-08 19:38:11,287 - INFO - [GINSLIB] processing : 2020/10/04 03:35:43 Q=5
2026-01-08 19:38:11,287 - INFO - [GINSLIB] processing : 2020/10/04 03:35:44 Q=5
2026-01-08 19:38:11,287 - INFO - [GINSLIB] processing : 2020/10/04 03:35:45 Q=5
2026-01-08 19:38:11,287 - INFO - [GINSLIB] processing : 2020/10/04 03:35:46 Q=5
2026-01-08 19:38:11,287 - INFO - [GINSLIB] processing : 2020/10/04 03:35:47 Q=5
2026-01-08 19:38:11,287 - INFO - [GINSLIB] processing : 2020/10/04 03:35:48 Q=5
2026-01-08 19:38:11,287 - INFO - [GINSLIB] processing : 2020/10/04 03:35:49 Q=5
2026-01-08 19:38:11,287 - INFO - [GINSLIB] processing : 2020/10/04 03:35:50 Q=5
2026-01-08 19:38:11,287 - INFO - [GINSLIB] processing : 2020/10/04 03:35:51 Q=5
2026-01-08 19:38:11,288 - INFO - [GINSLIB] processing : 2020/10/04 03:35:52 Q=5
2026-01-08 19:38:11,288 - INFO - [GINSLIB] processing : 2020/10/04 03:35:53 Q=5
2026-01-08 19:38:11,552 - INFO - [GINSLIB] processing : 2020/10/04 03:35:54 Q=5
2026-01-08 19:38:11,552 - INFO - [GINSLIB] processing : 2020/10/04 03:35:55 Q=5
2026-01-08 19:38:11,552 - INFO - [GINSLIB] processing : 2020/10/04 03:35:56 Q=5
2026-01-08 19:38:11,553 - INFO - [GINSLIB] processing : 2020/10/04 03:35:57 Q=5
2026-01-08 19:38:11,553 - INFO - [GINSLIB] processing : 2020/10/04 03:35:58 Q=5
2026-01-08 19:38:11,553 - INFO - [GINSLIB] processing : 2020/10/04 03:35:59 Q=5
2026-01-08 19:38:11,553 - INFO - [GINSLIB] processing : 2020/10/04 03:36:00 Q=5
2026-01-08 19:38:11,553 - INFO - [GINSLIB] processing : 2020/10/04 03:36:01 Q=5
2026-01-08 19:38:11,553 - INFO - [GINSLIB] processing : 2020/10/04 03:36:02 Q=5
2026-01-08 19:38:11,553 - INFO - [GINSLIB] processing : 2020/10/04 03:36:03 Q=5
2026-01-08 19:38:11,553 - INFO - [GINSLIB] processing : 2020/10/04 03:36:04 Q=5
2026-01-08 19:38:11,554 - INFO - [GINSLIB] processing : 2020/10/04 03:36:05 Q=5
2026-01-08 19:38:11,554 - INFO - [GINSLIB] processing : 2020/10/04 03:36:06 Q=5
2026-01-08 19:38:11,554 - INFO - [GINSLIB] processing : 2020/10/04 03:36:07 Q=5
2026-01-08 19:38:11,554 - INFO - [GINSLIB] processing : 2020/10/04 03:36:08 Q=5
2026-01-08 19:38:11,554 - INFO - [GINSLIB] processing : 2020/10/04 03:36:09 Q=5
2026-01-08 19:38:11,554 - INFO - [GINSLIB] processing : 2020/10/04 03:36:10 Q=5
2026-01-08 19:38:11,554 - INFO - [GINSLIB] processing : 2020/10/04 03:36:11 Q=5
2026-01-08 19:38:11,554 - INFO - [GINSLIB] processing : 2020/10/04 03:36:12 Q=5
2026-01-08 19:38:11,554 - INFO - [GINSLIB] processing : 2020/10/04 03:36:13 Q=5
2026-01-08 19:38:11,554 - INFO - [GINSLIB] processing : 2020/10/04 03:36:14 Q=5
2026-01-08 19:38:11,554 - INFO - [GINSLIB] processing : 2020/10/04 03:36:15 Q=5
2026-01-08 19:38:11,555 - INFO - [GINSLIB] processing : 2020/10/04 03:36:16 Q=5
2026-01-08 19:38:11,555 - INFO - [GINSLIB] processing : 2020/10/04 03:36:17 Q=5
2026-01-08 19:38:11,555 - INFO - [GINSLIB] processing : 2020/10/04 03:36:18 Q=5
2026-01-08 19:38:11,555 - INFO - [GINSLIB] processing : 2020/10/04 03:36:19 Q=5
2026-01-08 19:38:11,555 - INFO - [GINSLIB] processing : 2020/10/04 03:36:20 Q=5
2026-01-08 19:38:11,555 - INFO - [GINSLIB] processing : 2020/10/04 03:36:21 Q=5
2026-01-08 19:38:11,555 - INFO - [GINSLIB] processing : 2020/10/04 03:36:22 Q=5
2026-01-08 19:38:11,555 - INFO - [GINSLIB] processing : 2020/10/04 03:36:23 Q=5
2026-01-08 19:38:11,555 - INFO - [GINSLIB] processing : 2020/10/04 03:36:24 Q=5
2026-01-08 19:38:11,556 - INFO - [GINSLIB] processing : 2020/10/04 03:36:25 Q=5
2026-01-08 19:38:11,556 - INFO - [GINSLIB] processing : 2020/10/04 03:36:26 Q=5
2026-01-08 19:38:11,556 - INFO - [GINSLIB] processing : 2020/10/04 03:36:27 Q=5
2026-01-08 19:38:11,556 - INFO - [GINSLIB] processing : 2020/10/04 03:36:28 Q=5
2026-01-08 19:38:11,556 - INFO - [GINSLIB] processing : 2020/10/04 03:36:29 Q=5
2026-01-08 19:38:11,556 - INFO - [GINSLIB] processing : 2020/10/04 03:36:30 Q=5
2026-01-08 19:38:11,556 - INFO - [GINSLIB] processing : 2020/10/04 03:36:31 Q=5
2026-01-08 19:38:11,556 - INFO - [GINSLIB] processing : 2020/10/04 03:36:32 Q=5
2026-01-08 19:38:11,557 - INFO - [GINSLIB] processing : 2020/10/04 03:36:33 Q=5
2026-01-08 19:38:11,557 - INFO - [GINSLIB] processing : 2020/10/04 03:36:34 Q=5
2026-01-08 19:38:11,557 - INFO - [GINSLIB] processing : 2020/10/04 03:36:35 Q=5
2026-01-08 19:38:11,557 - INFO - [GINSLIB] processing : 2020/10/04 03:36:36 Q=5
2026-01-08 19:38:11,557 - INFO - [GINSLIB] processing : 2020/10/04 03:36:37 Q=5
2026-01-08 19:38:11,558 - INFO - [GINSLIB] processing : 2020/10/04 03:36:38 Q=5
2026-01-08 19:38:11,558 - INFO - [GINSLIB] processing : 2020/10/04 03:36:39 Q=5
2026-01-08 19:38:11,558 - INFO - [GINSLIB] processing : 2020/10/04 03:36:40 Q=5
2026-01-08 19:38:11,558 - INFO - [GINSLIB] processing : 2020/10/04 03:36:41 Q=5
2026-01-08 19:38:11,558 - INFO - [GINSLIB] processing : 2020/10/04 03:36:42 Q=5
2026-01-08 19:38:11,558 - INFO - [GINSLIB] processing : 2020/10/04 03:36:43 Q=5
2026-01-08 19:38:11,558 - INFO - [GINSLIB] processing : 2020/10/04 03:36:44 Q=5
2026-01-08 19:38:11,559 - INFO - [GINSLIB] processing : 2020/10/04 03:36:45 Q=5
2026-01-08 19:38:11,559 - INFO - [GINSLIB] processing : 2020/10/04 03:36:46 Q=5
2026-01-08 19:38:11,559 - INFO - [GINSLIB] processing : 2020/10/04 03:36:47 Q=5
2026-01-08 19:38:11,559 - INFO - [GINSLIB] processing : 2020/10/04 03:36:48 Q=5
2026-01-08 19:38:11,559 - INFO - [GINSLIB] processing : 2020/10/04 03:36:49 Q=5
2026-01-08 19:38:11,559 - INFO - [GINSLIB] processing : 2020/10/04 03:36:50 Q=5
2026-01-08 19:38:11,559 - INFO - [GINSLIB] processing : 2020/10/04 03:36:51 Q=5
2026-01-08 19:38:11,559 - INFO - [GINSLIB] processing : 2020/10/04 03:36:52 Q=5
2026-01-08 19:38:11,559 - INFO - [GINSLIB] processing : 2020/10/04 03:36:53 Q=5
2026-01-08 19:38:11,560 - INFO - [GINSLIB] processing : 2020/10/04 03:36:54 Q=5
2026-01-08 19:38:11,560 - INFO - [GINSLIB] processing : 2020/10/04 03:36:55 Q=5
2026-01-08 19:38:11,560 - INFO - [GINSLIB] processing : 2020/10/04 03:36:56 Q=5
2026-01-08 19:38:11,560 - INFO - [GINSLIB] processing : 2020/10/04 03:36:57 Q=5
2026-01-08 19:38:11,560 - INFO - [GINSLIB] processing : 2020/10/04 03:36:58 Q=5
2026-01-08 19:38:11,560 - INFO - [GINSLIB] processing : 2020/10/04 03:36:59 Q=5
2026-01-08 19:38:11,560 - INFO - [GINSLIB] processing : 2020/10/04 03:37:00 Q=5
2026-01-08 19:38:11,560 - INFO - [GINSLIB] processing : 2020/10/04 03:37:01 Q=5
2026-01-08 19:38:11,560 - INFO - [GINSLIB] processing : 2020/10/04 03:37:02 Q=5
2026-01-08 19:38:11,561 - INFO - [GINSLIB] processing : 2020/10/04 03:37:03 Q=5
2026-01-08 19:38:11,561 - INFO - [GINSLIB] processing : 2020/10/04 03:37:04 Q=5
2026-01-08 19:38:11,561 - INFO - [GINSLIB] processing : 2020/10/04 03:37:05 Q=5
2026-01-08 19:38:11,561 - INFO - [GINSLIB] processing : 2020/10/04 03:37:06 Q=5
2026-01-08 19:38:11,561 - INFO - [GINSLIB] processing : 2020/10/04 03:37:07 Q=5
2026-01-08 19:38:11,561 - INFO - [GINSLIB] processing : 2020/10/04 03:37:08 Q=5
2026-01-08 19:38:11,562 - INFO - [GINSLIB] processing : 2020/10/04 03:37:09 Q=5
2026-01-08 19:38:11,562 - INFO - [GINSLIB] processing : 2020/10/04 03:37:10 Q=5
2026-01-08 19:38:11,562 - INFO - [GINSLIB] processing : 2020/10/04 03:37:11 Q=5
2026-01-08 19:38:11,562 - INFO - [GINSLIB] processing : 2020/10/04 03:37:12 Q=5
2026-01-08 19:38:11,562 - INFO - [GINSLIB] processing : 2020/10/04 03:37:13 Q=5
2026-01-08 19:38:11,562 - INFO - [GINSLIB] processing : 2020/10/04 03:37:14 Q=5
2026-01-08 19:38:11,562 - INFO - [GINSLIB] processing : 2020/10/04 03:37:15 Q=5
2026-01-08 19:38:11,562 - INFO - [GINSLIB] processing : 2020/10/04 03:37:16 Q=5
2026-01-08 19:38:11,563 - INFO - [GINSLIB] processing : 2020/10/04 03:37:17 Q=5
2026-01-08 19:38:11,563 - INFO - [GINSLIB] processing : 2020/10/04 03:37:18 Q=5
2026-01-08 19:38:11,563 - INFO - [GINSLIB] processing : 2020/10/04 03:37:19 Q=5
2026-01-08 19:38:11,563 - INFO - [GINSLIB] processing : 2020/10/04 03:37:20 Q=5
2026-01-08 19:38:11,563 - INFO - [GINSLIB] processing : 2020/10/04 03:37:21 Q=5
2026-01-08 19:38:11,563 - INFO - [GINSLIB] processing : 2020/10/04 03:37:22 Q=5
2026-01-08 19:38:11,564 - INFO - [GINSLIB] processing : 2020/10/04 03:37:23 Q=5
2026-01-08 19:38:11,564 - INFO - [GINSLIB] processing : 2020/10/04 03:37:24 Q=5
2026-01-08 19:38:11,564 - INFO - [GINSLIB] processing : 2020/10/04 03:37:25 Q=5
2026-01-08 19:38:11,564 - INFO - [GINSLIB] processing : 2020/10/04 03:37:26 Q=5
2026-01-08 19:38:11,564 - INFO - [GINSLIB] processing : 2020/10/04 03:37:27 Q=5
2026-01-08 19:38:11,564 - INFO - [GINSLIB] processing : 2020/10/04 03:37:28 Q=5
2026-01-08 19:38:11,564 - INFO - [GINSLIB] processing : 2020/10/04 03:37:29 Q=5
2026-01-08 19:38:11,564 - INFO - [GINSLIB] processing : 2020/10/04 03:37:30 Q=5
2026-01-08 19:38:11,564 - INFO - [GINSLIB] processing : 2020/10/04 03:37:31 Q=5
2026-01-08 19:38:11,565 - INFO - [GINSLIB] processing : 2020/10/04 03:37:32 Q=5
2026-01-08 19:38:11,565 - INFO - [GINSLIB] processing : 2020/10/04 03:37:33 Q=5
2026-01-08 19:38:11,565 - INFO - [GINSLIB] processing : 2020/10/04 03:37:34 Q=5
2026-01-08 19:38:11,565 - INFO - [GINSLIB] processing : 2020/10/04 03:37:35 Q=5
2026-01-08 19:38:11,565 - INFO - [GINSLIB] processing : 2020/10/04 03:37:36 Q=5
2026-01-08 19:38:11,565 - INFO - [GINSLIB] processing : 2020/10/04 03:37:37 Q=5
2026-01-08 19:38:11,566 - INFO - [GINSLIB] processing : 2020/10/04 03:37:38 Q=5
2026-01-08 19:38:11,566 - INFO - [GINSLIB] processing : 2020/10/04 03:37:39 Q=5
2026-01-08 19:38:11,566 - INFO - [GINSLIB] processing : 2020/10/04 03:37:40 Q=5
2026-01-08 19:38:11,566 - INFO - [GINSLIB] processing : 2020/10/04 03:37:41 Q=5
2026-01-08 19:38:11,566 - INFO - [GINSLIB] processing : 2020/10/04 03:37:42 Q=5
2026-01-08 19:38:11,566 - INFO - [GINSLIB] processing : 2020/10/04 03:37:43 Q=5
2026-01-08 19:38:11,837 - INFO - [GINSLIB] processing : 2020/10/04 03:37:44 Q=5
2026-01-08 19:38:11,837 - INFO - [GINSLIB] processing : 2020/10/04 03:37:45 Q=5
2026-01-08 19:38:11,838 - INFO - [GINSLIB] processing : 2020/10/04 03:37:46 Q=5
2026-01-08 19:38:11,838 - INFO - [GINSLIB] processing : 2020/10/04 03:37:47 Q=5
2026-01-08 19:38:11,838 - INFO - [GINSLIB] processing : 2020/10/04 03:37:48 Q=5
2026-01-08 19:38:11,839 - INFO - [GINSLIB] processing : 2020/10/04 03:37:49 Q=5
2026-01-08 19:38:11,839 - INFO - [GINSLIB] processing : 2020/10/04 03:37:50 Q=5
2026-01-08 19:38:11,839 - INFO - [GINSLIB] processing : 2020/10/04 03:37:51 Q=5
2026-01-08 19:38:11,839 - INFO - [GINSLIB] processing : 2020/10/04 03:37:52 Q=5
2026-01-08 19:38:11,840 - INFO - [GINSLIB] processing : 2020/10/04 03:37:53 Q=5
2026-01-08 19:38:11,840 - INFO - [GINSLIB] processing : 2020/10/04 03:37:54 Q=5
2026-01-08 19:38:11,840 - INFO - [GINSLIB] processing : 2020/10/04 03:37:55 Q=5
2026-01-08 19:38:11,840 - INFO - [GINSLIB] processing : 2020/10/04 03:37:56 Q=5
2026-01-08 19:38:11,841 - INFO - [GINSLIB] processing : 2020/10/04 03:37:57 Q=5
2026-01-08 19:38:11,841 - INFO - [GINSLIB] processing : 2020/10/04 03:37:58 Q=5
2026-01-08 19:38:11,841 - INFO - [GINSLIB] processing : 2020/10/04 03:37:59 Q=5
2026-01-08 19:38:11,841 - INFO - [GINSLIB] processing : 2020/10/04 03:38:00 Q=5
2026-01-08 19:38:11,841 - INFO - [GINSLIB] processing : 2020/10/04 03:38:01 Q=5
2026-01-08 19:38:11,842 - INFO - [GINSLIB] processing : 2020/10/04 03:38:02 Q=5
2026-01-08 19:38:11,842 - INFO - [GINSLIB] processing : 2020/10/04 03:38:03 Q=5
2026-01-08 19:38:11,842 - INFO - [GINSLIB] processing : 2020/10/04 03:38:04 Q=5
2026-01-08 19:38:11,842 - INFO - [GINSLIB] processing : 2020/10/04 03:38:05 Q=5
2026-01-08 19:38:11,842 - INFO - [GINSLIB] processing : 2020/10/04 03:38:06 Q=5
2026-01-08 19:38:11,842 - INFO - [GINSLIB] processing : 2020/10/04 03:38:07 Q=5
2026-01-08 19:38:11,842 - INFO - [GINSLIB] processing : 2020/10/04 03:38:08 Q=5
2026-01-08 19:38:11,843 - INFO - [GINSLIB] processing : 2020/10/04 03:38:09 Q=5
2026-01-08 19:38:11,843 - INFO - [GINSLIB] processing : 2020/10/04 03:38:10 Q=5
2026-01-08 19:38:11,843 - INFO - [GINSLIB] processing : 2020/10/04 03:38:11 Q=5
2026-01-08 19:38:11,843 - INFO - [GINSLIB] processing : 2020/10/04 03:38:12 Q=5
2026-01-08 19:38:11,843 - INFO - [GINSLIB] processing : 2020/10/04 03:38:13 Q=5
2026-01-08 19:38:11,844 - INFO - [GINSLIB] processing : 2020/10/04 03:38:14 Q=5
2026-01-08 19:38:11,844 - INFO - [GINSLIB] processing : 2020/10/04 03:38:15 Q=5
2026-01-08 19:38:11,844 - INFO - [GINSLIB] processing : 2020/10/04 03:38:16 Q=5
2026-01-08 19:38:11,844 - INFO - [GINSLIB] processing : 2020/10/04 03:38:17 Q=5
2026-01-08 19:38:11,844 - INFO - [GINSLIB] processing : 2020/10/04 03:38:18 Q=5
2026-01-08 19:38:11,844 - INFO - [GINSLIB] processing : 2020/10/04 03:38:19 Q=5
2026-01-08 19:38:11,844 - INFO - [GINSLIB] processing : 2020/10/04 03:38:20 Q=5
2026-01-08 19:38:11,844 - INFO - [GINSLIB] processing : 2020/10/04 03:38:21 Q=5
2026-01-08 19:38:11,845 - INFO - [GINSLIB] processing : 2020/10/04 03:38:22 Q=5
2026-01-08 19:38:11,845 - INFO - [GINSLIB] processing : 2020/10/04 03:38:23 Q=5
2026-01-08 19:38:11,845 - INFO - [GINSLIB] processing : 2020/10/04 03:38:24 Q=5
2026-01-08 19:38:11,845 - INFO - [GINSLIB] processing : 2020/10/04 03:38:25 Q=5
2026-01-08 19:38:11,845 - INFO - [GINSLIB] processing : 2020/10/04 03:38:26 Q=5
2026-01-08 19:38:11,845 - INFO - [GINSLIB] processing : 2020/10/04 03:38:27 Q=5
2026-01-08 19:38:11,845 - INFO - [GINSLIB] processing : 2020/10/04 03:38:28 Q=5
2026-01-08 19:38:11,845 - INFO - [GINSLIB] processing : 2020/10/04 03:38:29 Q=5
2026-01-08 19:38:11,845 - INFO - [GINSLIB] processing : 2020/10/04 03:38:30 Q=5
2026-01-08 19:38:11,845 - INFO - [GINSLIB] processing : 2020/10/04 03:38:31 Q=5
2026-01-08 19:38:11,846 - INFO - [GINSLIB] processing : 2020/10/04 03:38:32 Q=5
2026-01-08 19:38:11,846 - INFO - [GINSLIB] processing : 2020/10/04 03:38:33 Q=5
2026-01-08 19:38:11,846 - INFO - [GINSLIB] processing : 2020/10/04 03:38:34 Q=5
2026-01-08 19:38:11,846 - INFO - [GINSLIB] processing : 2020/10/04 03:38:35 Q=5
2026-01-08 19:38:11,846 - INFO - [GINSLIB] processing : 2020/10/04 03:38:36 Q=5
2026-01-08 19:38:11,846 - INFO - [GINSLIB] processing : 2020/10/04 03:38:37 Q=5
2026-01-08 19:38:11,846 - INFO - [GINSLIB] processing : 2020/10/04 03:38:38 Q=5
2026-01-08 19:38:11,846 - INFO - [GINSLIB] processing : 2020/10/04 03:38:39 Q=5
2026-01-08 19:38:11,846 - INFO - [GINSLIB] processing : 2020/10/04 03:38:40 Q=5
2026-01-08 19:38:11,846 - INFO - [GINSLIB] processing : 2020/10/04 03:38:41 Q=5
2026-01-08 19:38:11,846 - INFO - [GINSLIB] processing : 2020/10/04 03:38:42 Q=5
2026-01-08 19:38:11,847 - INFO - [GINSLIB] processing : 2020/10/04 03:38:43 Q=5
2026-01-08 19:38:11,847 - INFO - [GINSLIB] processing : 2020/10/04 03:38:44 Q=5
2026-01-08 19:38:11,847 - INFO - [GINSLIB] processing : 2020/10/04 03:38:45 Q=5
2026-01-08 19:38:11,847 - INFO - [GINSLIB] processing : 2020/10/04 03:38:46 Q=5
2026-01-08 19:38:11,847 - INFO - [GINSLIB] processing : 2020/10/04 03:38:47 Q=5
2026-01-08 19:38:11,847 - INFO - [GINSLIB] processing : 2020/10/04 03:38:48 Q=5
2026-01-08 19:38:11,847 - INFO - [GINSLIB] processing : 2020/10/04 03:38:49 Q=5
2026-01-08 19:38:11,847 - INFO - [GINSLIB] processing : 2020/10/04 03:38:50 Q=5
2026-01-08 19:38:11,847 - INFO - [GINSLIB] processing : 2020/10/04 03:38:51 Q=5
2026-01-08 19:38:11,847 - INFO - [GINSLIB] processing : 2020/10/04 03:38:52 Q=5
2026-01-08 19:38:11,847 - INFO - [GINSLIB] processing : 2020/10/04 03:38:53 Q=5
2026-01-08 19:38:11,848 - INFO - [GINSLIB] processing : 2020/10/04 03:38:54 Q=5
2026-01-08 19:38:11,848 - INFO - [GINSLIB] processing : 2020/10/04 03:38:55 Q=5
2026-01-08 19:38:11,848 - INFO - [GINSLIB] processing : 2020/10/04 03:38:56 Q=5
2026-01-08 19:38:11,848 - INFO - [GINSLIB] processing : 2020/10/04 03:38:57 Q=5
2026-01-08 19:38:11,848 - INFO - [GINSLIB] processing : 2020/10/04 03:38:58 Q=5
2026-01-08 19:38:11,848 - INFO - [GINSLIB] processing : 2020/10/04 03:38:59 Q=5
2026-01-08 19:38:11,848 - INFO - [GINSLIB] processing : 2020/10/04 03:39:00 Q=5
2026-01-08 19:38:11,848 - INFO - [GINSLIB] processing : 2020/10/04 03:39:01 Q=5
2026-01-08 19:38:11,848 - INFO - [GINSLIB] processing : 2020/10/04 03:39:02 Q=5
2026-01-08 19:38:11,848 - INFO - [GINSLIB] processing : 2020/10/04 03:39:03 Q=5
2026-01-08 19:38:11,848 - INFO - [GINSLIB] processing : 2020/10/04 03:39:04 Q=5
2026-01-08 19:38:11,849 - INFO - [GINSLIB] processing : 2020/10/04 03:39:05 Q=5
2026-01-08 19:38:11,849 - INFO - [GINSLIB] processing : 2020/10/04 03:39:06 Q=5
2026-01-08 19:38:11,849 - INFO - [GINSLIB] processing : 2020/10/04 03:39:07 Q=5
2026-01-08 19:38:11,849 - INFO - [GINSLIB] processing : 2020/10/04 03:39:08 Q=5
2026-01-08 19:38:11,849 - INFO - [GINSLIB] processing : 2020/10/04 03:39:09 Q=5
2026-01-08 19:38:11,849 - INFO - [GINSLIB] processing : 2020/10/04 03:39:10 Q=5
2026-01-08 19:38:11,849 - INFO - [GINSLIB] processing : 2020/10/04 03:39:11 Q=5
2026-01-08 19:38:11,849 - INFO - [GINSLIB] processing : 2020/10/04 03:39:12 Q=5
2026-01-08 19:38:11,849 - INFO - [GINSLIB] processing : 2020/10/04 03:39:13 Q=5
2026-01-08 19:38:11,849 - INFO - [GINSLIB] processing : 2020/10/04 03:39:14 Q=5
2026-01-08 19:38:11,850 - INFO - [GINSLIB] processing : 2020/10/04 03:39:15 Q=5
2026-01-08 19:38:11,850 - INFO - [GINSLIB] processing : 2020/10/04 03:39:16 Q=5
2026-01-08 19:38:11,850 - INFO - [GINSLIB] processing : 2020/10/04 03:39:17 Q=5
2026-01-08 19:38:11,850 - INFO - [GINSLIB] processing : 2020/10/04 03:39:18 Q=5
2026-01-08 19:38:11,850 - INFO - [GINSLIB] processing : 2020/10/04 03:39:19 Q=5
2026-01-08 19:38:11,850 - INFO - [GINSLIB] processing : 2020/10/04 03:39:20 Q=5
2026-01-08 19:38:11,850 - INFO - [GINSLIB] processing : 2020/10/04 03:39:21 Q=5
2026-01-08 19:38:11,850 - INFO - [GINSLIB] processing : 2020/10/04 03:39:22 Q=5
2026-01-08 19:38:11,850 - INFO - [GINSLIB] processing : 2020/10/04 03:39:23 Q=5
2026-01-08 19:38:11,850 - INFO - [GINSLIB] processing : 2020/10/04 03:39:24 Q=5
2026-01-08 19:38:11,850 - INFO - [GINSLIB] processing : 2020/10/04 03:39:25 Q=5
2026-01-08 19:38:11,851 - INFO - [GINSLIB] processing : 2020/10/04 03:39:26 Q=5
2026-01-08 19:38:11,851 - INFO - [GINSLIB] processing : 2020/10/04 03:39:27 Q=5
2026-01-08 19:38:11,851 - INFO - [GINSLIB] processing : 2020/10/04 03:39:28 Q=5
2026-01-08 19:38:11,851 - INFO - [GINSLIB] processing : 2020/10/04 03:39:29 Q=5
2026-01-08 19:38:11,851 - INFO - [GINSLIB] processing : 2020/10/04 03:39:30 Q=5
2026-01-08 19:38:11,851 - INFO - [GINSLIB] processing : 2020/10/04 03:39:31 Q=5
2026-01-08 19:38:11,851 - INFO - [GINSLIB] processing : 2020/10/04 03:39:32 Q=5
2026-01-08 19:38:11,851 - INFO - [GINSLIB] processing : 2020/10/04 03:39:33 Q=5
2026-01-08 19:38:11,851 - INFO - [GINSLIB] processing : 2020/10/04 03:39:34 Q=5
2026-01-08 19:38:12,109 - INFO - [GINSLIB] processing : 2020/10/04 03:39:35 Q=5
2026-01-08 19:38:12,110 - INFO - [GINSLIB] processing : 2020/10/04 03:39:36 Q=5
2026-01-08 19:38:12,110 - INFO - [GINSLIB] processing : 2020/10/04 03:39:37 Q=5
2026-01-08 19:38:12,110 - INFO - [GINSLIB] processing : 2020/10/04 03:39:38 Q=5
2026-01-08 19:38:12,110 - INFO - [GINSLIB] processing : 2020/10/04 03:39:39 Q=5
2026-01-08 19:38:12,111 - INFO - [GINSLIB] processing : 2020/10/04 03:39:40 Q=5
2026-01-08 19:38:12,111 - INFO - [GINSLIB] processing : 2020/10/04 03:39:41 Q=5
2026-01-08 19:38:12,111 - INFO - [GINSLIB] processing : 2020/10/04 03:39:42 Q=5
2026-01-08 19:38:12,111 - INFO - [GINSLIB] processing : 2020/10/04 03:39:43 Q=5
2026-01-08 19:38:12,112 - INFO - [GINSLIB] processing : 2020/10/04 03:39:44 Q=5
2026-01-08 19:38:12,112 - INFO - [GINSLIB] processing : 2020/10/04 03:39:45 Q=5
2026-01-08 19:38:12,112 - INFO - [GINSLIB] processing : 2020/10/04 03:39:46 Q=5
2026-01-08 19:38:12,112 - INFO - [GINSLIB] processing : 2020/10/04 03:39:47 Q=5
2026-01-08 19:38:12,112 - INFO - [GINSLIB] processing : 2020/10/04 03:39:48 Q=5
2026-01-08 19:38:12,113 - INFO - [GINSLIB] processing : 2020/10/04 03:39:49 Q=5
2026-01-08 19:38:12,113 - INFO - [GINSLIB] processing : 2020/10/04 03:39:50 Q=5
2026-01-08 19:38:12,113 - INFO - [GINSLIB] processing : 2020/10/04 03:39:51 Q=5
2026-01-08 19:38:12,113 - INFO - [GINSLIB] processing : 2020/10/04 03:39:52 Q=5
2026-01-08 19:38:12,113 - INFO - [GINSLIB] processing : 2020/10/04 03:39:53 Q=5
2026-01-08 19:38:12,114 - INFO - [GINSLIB] processing : 2020/10/04 03:39:54 Q=5
2026-01-08 19:38:12,114 - INFO - [GINSLIB] processing : 2020/10/04 03:39:55 Q=5
2026-01-08 19:38:12,114 - INFO - [GINSLIB] processing : 2020/10/04 03:39:56 Q=5
2026-01-08 19:38:12,114 - INFO - [GINSLIB] processing : 2020/10/04 03:39:57 Q=5
2026-01-08 19:38:12,114 - INFO - [GINSLIB] processing : 2020/10/04 03:39:58 Q=5
2026-01-08 19:38:12,114 - INFO - [GINSLIB] processing : 2020/10/04 03:39:59 Q=5
2026-01-08 19:38:12,115 - INFO - [GINSLIB] processing : 2020/10/04 03:40:00 Q=5
2026-01-08 19:38:12,115 - INFO - [GINSLIB] processing : 2020/10/04 03:40:01 Q=5
2026-01-08 19:38:12,115 - INFO - [GINSLIB] processing : 2020/10/04 03:40:02 Q=5
2026-01-08 19:38:12,115 - INFO - [GINSLIB] processing : 2020/10/04 03:40:03 Q=5
2026-01-08 19:38:12,115 - INFO - [GINSLIB] processing : 2020/10/04 03:40:04 Q=5
2026-01-08 19:38:12,115 - INFO - [GINSLIB] processing : 2020/10/04 03:40:05 Q=5
2026-01-08 19:38:12,115 - INFO - [GINSLIB] processing : 2020/10/04 03:40:06 Q=5
2026-01-08 19:38:12,115 - INFO - [GINSLIB] processing : 2020/10/04 03:40:07 Q=5
2026-01-08 19:38:12,115 - INFO - [GINSLIB] processing : 2020/10/04 03:40:08 Q=5
2026-01-08 19:38:12,115 - INFO - [GINSLIB] processing : 2020/10/04 03:40:09 Q=5
2026-01-08 19:38:12,116 - INFO - [GINSLIB] processing : 2020/10/04 03:40:10 Q=5
2026-01-08 19:38:12,116 - INFO - [GINSLIB] processing : 2020/10/04 03:40:11 Q=5
2026-01-08 19:38:12,116 - INFO - [GINSLIB] processing : 2020/10/04 03:40:12 Q=5
2026-01-08 19:38:12,116 - INFO - [GINSLIB] processing : 2020/10/04 03:40:13 Q=5
2026-01-08 19:38:12,116 - INFO - [GINSLIB] processing : 2020/10/04 03:40:14 Q=5
2026-01-08 19:38:12,116 - INFO - [GINSLIB] processing : 2020/10/04 03:40:15 Q=5
2026-01-08 19:38:12,116 - INFO - [GINSLIB] processing : 2020/10/04 03:40:16 Q=5
2026-01-08 19:38:12,116 - INFO - [GINSLIB] processing : 2020/10/04 03:40:17 Q=5
2026-01-08 19:38:12,116 - INFO - [GINSLIB] processing : 2020/10/04 03:40:18 Q=5
2026-01-08 19:38:12,116 - INFO - [GINSLIB] processing : 2020/10/04 03:40:19 Q=5
2026-01-08 19:38:12,116 - INFO - [GINSLIB] processing : 2020/10/04 03:40:20 Q=5
2026-01-08 19:38:12,117 - INFO - [GINSLIB] processing : 2020/10/04 03:40:21 Q=5
2026-01-08 19:38:12,117 - INFO - [GINSLIB] processing : 2020/10/04 03:40:22 Q=5
2026-01-08 19:38:12,117 - INFO - [GINSLIB] processing : 2020/10/04 03:40:23 Q=5
2026-01-08 19:38:12,117 - INFO - [GINSLIB] processing : 2020/10/04 03:40:24 Q=5
2026-01-08 19:38:12,117 - INFO - [GINSLIB] processing : 2020/10/04 03:40:25 Q=5
2026-01-08 19:38:12,117 - INFO - [GINSLIB] processing : 2020/10/04 03:40:26 Q=5
2026-01-08 19:38:12,117 - INFO - [GINSLIB] processing : 2020/10/04 03:40:27 Q=5
2026-01-08 19:38:12,117 - INFO - [GINSLIB] processing : 2020/10/04 03:40:28 Q=5
2026-01-08 19:38:12,117 - INFO - [GINSLIB] processing : 2020/10/04 03:40:29 Q=5
2026-01-08 19:38:12,117 - INFO - [GINSLIB] processing : 2020/10/04 03:40:30 Q=5
2026-01-08 19:38:12,118 - INFO - [GINSLIB] processing : 2020/10/04 03:40:31 Q=5
2026-01-08 19:38:12,118 - INFO - [GINSLIB] processing : 2020/10/04 03:40:32 Q=5
2026-01-08 19:38:12,118 - INFO - [GINSLIB] processing : 2020/10/04 03:40:33 Q=5
2026-01-08 19:38:12,118 - INFO - [GINSLIB] processing : 2020/10/04 03:40:34 Q=5
2026-01-08 19:38:12,118 - INFO - [GINSLIB] processing : 2020/10/04 03:40:35 Q=5
2026-01-08 19:38:12,118 - INFO - [GINSLIB] processing : 2020/10/04 03:40:36 Q=5
2026-01-08 19:38:12,118 - INFO - [GINSLIB] processing : 2020/10/04 03:40:37 Q=5
2026-01-08 19:38:12,118 - INFO - [GINSLIB] processing : 2020/10/04 03:40:38 Q=5
2026-01-08 19:38:12,118 - INFO - [GINSLIB] processing : 2020/10/04 03:40:39 Q=5
2026-01-08 19:38:12,118 - INFO - [GINSLIB] processing : 2020/10/04 03:40:40 Q=5
2026-01-08 19:38:12,118 - INFO - [GINSLIB] processing : 2020/10/04 03:40:41 Q=5
2026-01-08 19:38:12,119 - INFO - [GINSLIB] processing : 2020/10/04 03:40:42 Q=5
2026-01-08 19:38:12,119 - INFO - [GINSLIB] processing : 2020/10/04 03:40:43 Q=5
2026-01-08 19:38:12,119 - INFO - [GINSLIB] processing : 2020/10/04 03:40:44 Q=5
2026-01-08 19:38:12,119 - INFO - [GINSLIB] processing : 2020/10/04 03:40:45 Q=5
2026-01-08 19:38:12,119 - INFO - [GINSLIB] processing : 2020/10/04 03:40:46 Q=5
2026-01-08 19:38:12,119 - INFO - [GINSLIB] processing : 2020/10/04 03:40:47 Q=5
2026-01-08 19:38:12,119 - INFO - [GINSLIB] processing : 2020/10/04 03:40:48 Q=5
2026-01-08 19:38:12,119 - INFO - [GINSLIB] processing : 2020/10/04 03:40:49 Q=5
2026-01-08 19:38:12,119 - INFO - [GINSLIB] processing : 2020/10/04 03:40:50 Q=5
2026-01-08 19:38:12,119 - INFO - [GINSLIB] processing : 2020/10/04 03:40:51 Q=5
2026-01-08 19:38:12,119 - INFO - [GINSLIB] processing : 2020/10/04 03:40:52 Q=5
2026-01-08 19:38:12,120 - INFO - [GINSLIB] processing : 2020/10/04 03:40:53 Q=5
2026-01-08 19:38:12,120 - INFO - [GINSLIB] processing : 2020/10/04 03:40:54 Q=5
2026-01-08 19:38:12,120 - INFO - [GINSLIB] processing : 2020/10/04 03:40:55 Q=5
2026-01-08 19:38:12,120 - INFO - [GINSLIB] processing : 2020/10/04 03:40:56 Q=5
2026-01-08 19:38:12,120 - INFO - [GINSLIB] processing : 2020/10/04 03:40:57 Q=5
2026-01-08 19:38:12,120 - INFO - [GINSLIB] processing : 2020/10/04 03:40:58 Q=5
2026-01-08 19:38:12,120 - INFO - [GINSLIB] processing : 2020/10/04 03:40:59 Q=5
2026-01-08 19:38:12,120 - INFO - [GINSLIB] processing : 2020/10/04 03:41:00 Q=5
2026-01-08 19:38:12,120 - INFO - [GINSLIB] processing : 2020/10/04 03:41:01 Q=5
2026-01-08 19:38:12,120 - INFO - [GINSLIB] processing : 2020/10/04 03:41:02 Q=5
2026-01-08 19:38:12,120 - INFO - [GINSLIB] processing : 2020/10/04 03:41:03 Q=5
2026-01-08 19:38:12,120 - INFO - [GINSLIB] processing : 2020/10/04 03:41:04 Q=5
2026-01-08 19:38:12,121 - INFO - [GINSLIB] processing : 2020/10/04 03:41:05 Q=5
2026-01-08 19:38:12,121 - INFO - [GINSLIB] processing : 2020/10/04 03:41:06 Q=5
2026-01-08 19:38:12,121 - INFO - [GINSLIB] processing : 2020/10/04 03:41:07 Q=5
2026-01-08 19:38:12,121 - INFO - [GINSLIB] processing : 2020/10/04 03:41:08 Q=5
2026-01-08 19:38:12,121 - INFO - [GINSLIB] processing : 2020/10/04 03:41:09 Q=5
2026-01-08 19:38:12,121 - INFO - [GINSLIB] processing : 2020/10/04 03:41:10 Q=5
2026-01-08 19:38:12,121 - INFO - [GINSLIB] processing : 2020/10/04 03:41:11 Q=5
2026-01-08 19:38:12,121 - INFO - [GINSLIB] processing : 2020/10/04 03:41:12 Q=5
2026-01-08 19:38:12,121 - INFO - [GINSLIB] processing : 2020/10/04 03:41:13 Q=5
2026-01-08 19:38:12,121 - INFO - [GINSLIB] processing : 2020/10/04 03:41:14 Q=5
2026-01-08 19:38:12,121 - INFO - [GINSLIB] processing : 2020/10/04 03:41:15 Q=5
2026-01-08 19:38:12,122 - INFO - [GINSLIB] processing : 2020/10/04 03:41:16 Q=5
2026-01-08 19:38:12,122 - INFO - [GINSLIB] processing : 2020/10/04 03:41:17 Q=5
2026-01-08 19:38:12,122 - INFO - [GINSLIB] processing : 2020/10/04 03:41:18 Q=5
2026-01-08 19:38:12,122 - INFO - [GINSLIB] processing : 2020/10/04 03:41:19 Q=5
2026-01-08 19:38:12,122 - INFO - [GINSLIB] processing : 2020/10/04 03:41:20 Q=5
2026-01-08 19:38:12,122 - INFO - [GINSLIB] processing : 2020/10/04 03:41:21 Q=5
2026-01-08 19:38:12,122 - INFO - [GINSLIB] processing : 2020/10/04 03:41:22 Q=5
2026-01-08 19:38:12,122 - INFO - [GINSLIB] processing : 2020/10/04 03:41:23 Q=5
2026-01-08 19:38:12,122 - INFO - [GINSLIB] processing : 2020/10/04 03:41:24 Q=5
2026-01-08 19:38:12,122 - INFO - [GINSLIB] processing : 2020/10/04 03:41:25 Q=5
2026-01-08 19:38:12,398 - INFO - [GINSLIB] processing : 2020/10/04 03:41:26 Q=5
2026-01-08 19:38:12,399 - INFO - [GINSLIB] processing : 2020/10/04 03:41:27 Q=5
2026-01-08 19:38:12,399 - INFO - [GINSLIB] processing : 2020/10/04 03:41:28 Q=5
2026-01-08 19:38:12,399 - INFO - [GINSLIB] processing : 2020/10/04 03:41:29 Q=5
2026-01-08 19:38:12,399 - INFO - [GINSLIB] processing : 2020/10/04 03:41:30 Q=5
2026-01-08 19:38:12,400 - INFO - [GINSLIB] processing : 2020/10/04 03:41:31 Q=5
2026-01-08 19:38:12,400 - INFO - [GINSLIB] processing : 2020/10/04 03:41:32 Q=5
2026-01-08 19:38:12,400 - INFO - [GINSLIB] processing : 2020/10/04 03:41:33 Q=5
2026-01-08 19:38:12,401 - INFO - [GINSLIB] processing : 2020/10/04 03:41:34 Q=5
2026-01-08 19:38:12,401 - INFO - [GINSLIB] processing : 2020/10/04 03:41:35 Q=5
2026-01-08 19:38:12,401 - INFO - [GINSLIB] processing : 2020/10/04 03:41:36 Q=5
2026-01-08 19:38:12,401 - INFO - [GINSLIB] processing : 2020/10/04 03:41:37 Q=5
2026-01-08 19:38:12,402 - INFO - [GINSLIB] processing : 2020/10/04 03:41:38 Q=5
2026-01-08 19:38:12,402 - INFO - [GINSLIB] processing : 2020/10/04 03:41:39 Q=5
2026-01-08 19:38:12,402 - INFO - [GINSLIB] processing : 2020/10/04 03:41:40 Q=5
2026-01-08 19:38:12,402 - INFO - [GINSLIB] processing : 2020/10/04 03:41:41 Q=5
2026-01-08 19:38:12,402 - INFO - [GINSLIB] processing : 2020/10/04 03:41:42 Q=5
2026-01-08 19:38:12,403 - INFO - [GINSLIB] processing : 2020/10/04 03:41:43 Q=5
2026-01-08 19:38:12,403 - INFO - [GINSLIB] processing : 2020/10/04 03:41:44 Q=5
2026-01-08 19:38:12,403 - INFO - [GINSLIB] processing : 2020/10/04 03:41:45 Q=5
2026-01-08 19:38:12,403 - INFO - [GINSLIB] processing : 2020/10/04 03:41:46 Q=5
2026-01-08 19:38:12,403 - INFO - [GINSLIB] processing : 2020/10/04 03:41:47 Q=5
2026-01-08 19:38:12,404 - INFO - [GINSLIB] processing : 2020/10/04 03:41:48 Q=5
2026-01-08 19:38:12,404 - INFO - [GINSLIB] processing : 2020/10/04 03:41:49 Q=5
2026-01-08 19:38:12,404 - INFO - [GINSLIB] processing : 2020/10/04 03:41:50 Q=5
2026-01-08 19:38:12,404 - INFO - [GINSLIB] processing : 2020/10/04 03:41:51 Q=5
2026-01-08 19:38:12,404 - INFO - [GINSLIB] processing : 2020/10/04 03:41:52 Q=5
2026-01-08 19:38:12,404 - INFO - [GINSLIB] processing : 2020/10/04 03:41:53 Q=5
2026-01-08 19:38:12,405 - INFO - [GINSLIB] processing : 2020/10/04 03:41:54 Q=5
2026-01-08 19:38:12,405 - INFO - [GINSLIB] processing : 2020/10/04 03:41:55 Q=5
2026-01-08 19:38:12,405 - INFO - [GINSLIB] processing : 2020/10/04 03:41:56 Q=5
2026-01-08 19:38:12,405 - INFO - [GINSLIB] processing : 2020/10/04 03:41:57 Q=5
2026-01-08 19:38:12,405 - INFO - [GINSLIB] processing : 2020/10/04 03:41:58 Q=5
2026-01-08 19:38:12,405 - INFO - [GINSLIB] processing : 2020/10/04 03:41:59 Q=5
2026-01-08 19:38:12,405 - INFO - [GINSLIB] processing : 2020/10/04 03:42:00 Q=5
2026-01-08 19:38:12,406 - INFO - [GINSLIB] processing : 2020/10/04 03:42:01 Q=5
2026-01-08 19:38:12,406 - INFO - [GINSLIB] processing : 2020/10/04 03:42:02 Q=5
2026-01-08 19:38:12,406 - INFO - [GINSLIB] processing : 2020/10/04 03:42:03 Q=5
2026-01-08 19:38:12,406 - INFO - [GINSLIB] processing : 2020/10/04 03:42:04 Q=5
2026-01-08 19:38:12,406 - INFO - [GINSLIB] processing : 2020/10/04 03:42:05 Q=5
2026-01-08 19:38:12,406 - INFO - [GINSLIB] processing : 2020/10/04 03:42:06 Q=5
2026-01-08 19:38:12,407 - INFO - [GINSLIB] processing : 2020/10/04 03:42:07 Q=5
2026-01-08 19:38:12,407 - INFO - [GINSLIB] processing : 2020/10/04 03:42:08 Q=5
2026-01-08 19:38:12,407 - INFO - [GINSLIB] processing : 2020/10/04 03:42:09 Q=5
2026-01-08 19:38:12,407 - INFO - [GINSLIB] processing : 2020/10/04 03:42:10 Q=5
2026-01-08 19:38:12,407 - INFO - [GINSLIB] processing : 2020/10/04 03:42:11 Q=5
2026-01-08 19:38:12,407 - INFO - [GINSLIB] processing : 2020/10/04 03:42:12 Q=5
2026-01-08 19:38:12,408 - INFO - [GINSLIB] processing : 2020/10/04 03:42:13 Q=5
2026-01-08 19:38:12,408 - INFO - [GINSLIB] processing : 2020/10/04 03:42:14 Q=5
2026-01-08 19:38:12,408 - INFO - [GINSLIB] processing : 2020/10/04 03:42:15 Q=5
2026-01-08 19:38:12,408 - INFO - [GINSLIB] processing : 2020/10/04 03:42:16 Q=5
2026-01-08 19:38:12,408 - INFO - [GINSLIB] processing : 2020/10/04 03:42:17 Q=5
2026-01-08 19:38:12,408 - INFO - [GINSLIB] processing : 2020/10/04 03:42:18 Q=5
2026-01-08 19:38:12,408 - INFO - [GINSLIB] processing : 2020/10/04 03:42:19 Q=5
2026-01-08 19:38:12,408 - INFO - [GINSLIB] processing : 2020/10/04 03:42:20 Q=5
2026-01-08 19:38:12,409 - INFO - [GINSLIB] processing : 2020/10/04 03:42:21 Q=5
2026-01-08 19:38:12,409 - INFO - [GINSLIB] processing : 2020/10/04 03:42:22 Q=5
2026-01-08 19:38:12,409 - INFO - [GINSLIB] processing : 2020/10/04 03:42:23 Q=5
2026-01-08 19:38:12,409 - INFO - [GINSLIB] processing : 2020/10/04 03:42:24 Q=5
2026-01-08 19:38:12,409 - INFO - [GINSLIB] processing : 2020/10/04 03:42:25 Q=5
2026-01-08 19:38:12,409 - INFO - [GINSLIB] processing : 2020/10/04 03:42:26 Q=5
2026-01-08 19:38:12,409 - INFO - [GINSLIB] processing : 2020/10/04 03:42:27 Q=5
2026-01-08 19:38:12,409 - INFO - [GINSLIB] processing : 2020/10/04 03:42:28 Q=5
2026-01-08 19:38:12,409 - INFO - [GINSLIB] processing : 2020/10/04 03:42:29 Q=5
2026-01-08 19:38:12,410 - INFO - [GINSLIB] processing : 2020/10/04 03:42:30 Q=5
2026-01-08 19:38:12,410 - INFO - [GINSLIB] processing : 2020/10/04 03:42:31 Q=5
2026-01-08 19:38:12,410 - INFO - [GINSLIB] processing : 2020/10/04 03:42:32 Q=5
2026-01-08 19:38:12,410 - INFO - [GINSLIB] processing : 2020/10/04 03:42:33 Q=5
2026-01-08 19:38:12,410 - INFO - [GINSLIB] processing : 2020/10/04 03:42:34 Q=5
2026-01-08 19:38:12,410 - INFO - [GINSLIB] processing : 2020/10/04 03:42:35 Q=5
2026-01-08 19:38:12,410 - INFO - [GINSLIB] processing : 2020/10/04 03:42:36 Q=5
2026-01-08 19:38:12,410 - INFO - [GINSLIB] processing : 2020/10/04 03:42:37 Q=5
2026-01-08 19:38:12,411 - INFO - [GINSLIB] processing : 2020/10/04 03:42:38 Q=5
2026-01-08 19:38:12,411 - INFO - [GINSLIB] processing : 2020/10/04 03:42:39 Q=5
2026-01-08 19:38:12,411 - INFO - [GINSLIB] processing : 2020/10/04 03:42:40 Q=5
2026-01-08 19:38:12,411 - INFO - [GINSLIB] processing : 2020/10/04 03:42:41 Q=5
2026-01-08 19:38:12,411 - INFO - [GINSLIB] processing : 2020/10/04 03:42:42 Q=5
2026-01-08 19:38:12,411 - INFO - [GINSLIB] processing : 2020/10/04 03:42:43 Q=5
2026-01-08 19:38:12,411 - INFO - [GINSLIB] processing : 2020/10/04 03:42:44 Q=5
2026-01-08 19:38:12,411 - INFO - [GINSLIB] processing : 2020/10/04 03:42:45 Q=5
2026-01-08 19:38:12,411 - INFO - [GINSLIB] processing : 2020/10/04 03:42:46 Q=5
2026-01-08 19:38:12,411 - INFO - [GINSLIB] processing : 2020/10/04 03:42:47 Q=5
2026-01-08 19:38:12,411 - INFO - [GINSLIB] processing : 2020/10/04 03:42:48 Q=5
2026-01-08 19:38:12,412 - INFO - [GINSLIB] processing : 2020/10/04 03:42:49 Q=5
2026-01-08 19:38:12,412 - INFO - [GINSLIB] processing : 2020/10/04 03:42:50 Q=5
2026-01-08 19:38:12,412 - INFO - [GINSLIB] processing : 2020/10/04 03:42:51 Q=5
2026-01-08 19:38:12,412 - INFO - [GINSLIB] processing : 2020/10/04 03:42:52 Q=5
2026-01-08 19:38:12,412 - INFO - [GINSLIB] processing : 2020/10/04 03:42:53 Q=5
2026-01-08 19:38:12,412 - INFO - [GINSLIB] processing : 2020/10/04 03:42:54 Q=5
2026-01-08 19:38:12,412 - INFO - [GINSLIB] processing : 2020/10/04 03:42:55 Q=5
2026-01-08 19:38:12,412 - INFO - [GINSLIB] processing : 2020/10/04 03:42:56 Q=5
2026-01-08 19:38:12,412 - INFO - [GINSLIB] processing : 2020/10/04 03:42:57 Q=5
2026-01-08 19:38:12,412 - INFO - [GINSLIB] processing : 2020/10/04 03:42:58 Q=5
2026-01-08 19:38:12,413 - INFO - [GINSLIB] processing : 2020/10/04 03:42:59 Q=5
2026-01-08 19:38:12,413 - INFO - [GINSLIB] processing : 2020/10/04 03:43:00 Q=5
2026-01-08 19:38:12,413 - INFO - [GINSLIB] processing : 2020/10/04 03:43:01 Q=5
2026-01-08 19:38:12,413 - INFO - [GINSLIB] processing : 2020/10/04 03:43:02 Q=5
2026-01-08 19:38:12,413 - INFO - [GINSLIB] processing : 2020/10/04 03:43:03 Q=5
2026-01-08 19:38:12,413 - INFO - [GINSLIB] processing : 2020/10/04 03:43:04 Q=5
2026-01-08 19:38:12,413 - INFO - [GINSLIB] processing : 2020/10/04 03:43:05 Q=5
2026-01-08 19:38:12,413 - INFO - [GINSLIB] processing : 2020/10/04 03:43:06 Q=5
2026-01-08 19:38:12,413 - INFO - [GINSLIB] processing : 2020/10/04 03:43:07 Q=5
2026-01-08 19:38:12,413 - INFO - [GINSLIB] processing : 2020/10/04 03:43:08 Q=5
2026-01-08 19:38:12,413 - INFO - [GINSLIB] processing : 2020/10/04 03:43:09 Q=5
2026-01-08 19:38:12,414 - INFO - [GINSLIB] processing : 2020/10/04 03:43:10 Q=5
2026-01-08 19:38:12,414 - INFO - [GINSLIB] processing : 2020/10/04 03:43:11 Q=5
2026-01-08 19:38:12,414 - INFO - [GINSLIB] processing : 2020/10/04 03:43:12 Q=5
2026-01-08 19:38:12,414 - INFO - [GINSLIB] processing : 2020/10/04 03:43:13 Q=5
2026-01-08 19:38:12,414 - INFO - [GINSLIB] processing : 2020/10/04 03:43:14 Q=5
2026-01-08 19:38:12,414 - INFO - [GINSLIB] processing : 2020/10/04 03:43:15 Q=5
2026-01-08 19:38:12,651 - INFO - [GINSLIB] processing : 2020/10/04 03:43:16 Q=5
2026-01-08 19:38:12,651 - INFO - [GINSLIB] processing : 2020/10/04 03:43:17 Q=5
2026-01-08 19:38:12,651 - INFO - [GINSLIB] processing : 2020/10/04 03:43:18 Q=5
2026-01-08 19:38:12,652 - INFO - [GINSLIB] processing : 2020/10/04 03:43:19 Q=5
2026-01-08 19:38:12,652 - INFO - [GINSLIB] processing : 2020/10/04 03:43:20 Q=5
2026-01-08 19:38:12,652 - INFO - [GINSLIB] processing : 2020/10/04 03:43:21 Q=5
2026-01-08 19:38:12,652 - INFO - [GINSLIB] processing : 2020/10/04 03:43:22 Q=5
2026-01-08 19:38:12,652 - INFO - [GINSLIB] processing : 2020/10/04 03:43:23 Q=5
2026-01-08 19:38:12,652 - INFO - [GINSLIB] processing : 2020/10/04 03:43:24 Q=5
2026-01-08 19:38:12,652 - INFO - [GINSLIB] processing : 2020/10/04 03:43:25 Q=5
2026-01-08 19:38:12,653 - INFO - [GINSLIB] processing : 2020/10/04 03:43:26 Q=5
2026-01-08 19:38:12,653 - INFO - [GINSLIB] processing : 2020/10/04 03:43:27 Q=5
2026-01-08 19:38:12,653 - INFO - [GINSLIB] processing : 2020/10/04 03:43:28 Q=5
2026-01-08 19:38:12,653 - INFO - [GINSLIB] processing : 2020/10/04 03:43:29 Q=5
2026-01-08 19:38:12,653 - INFO - [GINSLIB] processing : 2020/10/04 03:43:30 Q=5
2026-01-08 19:38:12,653 - INFO - [GINSLIB] processing : 2020/10/04 03:43:31 Q=5
2026-01-08 19:38:12,653 - INFO - [GINSLIB] processing : 2020/10/04 03:43:32 Q=5
2026-01-08 19:38:12,654 - INFO - [GINSLIB] processing : 2020/10/04 03:43:33 Q=5
2026-01-08 19:38:12,654 - INFO - [GINSLIB] processing : 2020/10/04 03:43:34 Q=5
2026-01-08 19:38:12,654 - INFO - [GINSLIB] processing : 2020/10/04 03:43:35 Q=5
2026-01-08 19:38:12,654 - INFO - [GINSLIB] processing : 2020/10/04 03:43:36 Q=5
2026-01-08 19:38:12,654 - INFO - [GINSLIB] processing : 2020/10/04 03:43:37 Q=5
2026-01-08 19:38:12,654 - INFO - [GINSLIB] processing : 2020/10/04 03:43:38 Q=5
2026-01-08 19:38:12,654 - INFO - [GINSLIB] processing : 2020/10/04 03:43:39 Q=5
2026-01-08 19:38:12,654 - INFO - [GINSLIB] processing : 2020/10/04 03:43:40 Q=5
2026-01-08 19:38:12,654 - INFO - [GINSLIB] processing : 2020/10/04 03:43:41 Q=5
2026-01-08 19:38:12,654 - INFO - [GINSLIB] processing : 2020/10/04 03:43:42 Q=5
2026-01-08 19:38:12,655 - INFO - [GINSLIB] processing : 2020/10/04 03:43:43 Q=5
2026-01-08 19:38:12,655 - INFO - [GINSLIB] processing : 2020/10/04 03:43:44 Q=5
2026-01-08 19:38:12,655 - INFO - [GINSLIB] processing : 2020/10/04 03:43:45 Q=5
2026-01-08 19:38:12,655 - INFO - [GINSLIB] processing : 2020/10/04 03:43:46 Q=5
2026-01-08 19:38:12,655 - INFO - [GINSLIB] processing : 2020/10/04 03:43:47 Q=5
2026-01-08 19:38:12,655 - INFO - [GINSLIB] processing : 2020/10/04 03:43:48 Q=5
2026-01-08 19:38:12,655 - INFO - [GINSLIB] processing : 2020/10/04 03:43:49 Q=5
2026-01-08 19:38:12,656 - INFO - [GINSLIB] processing : 2020/10/04 03:43:50 Q=5
2026-01-08 19:38:12,656 - INFO - [GINSLIB] processing : 2020/10/04 03:43:51 Q=5
2026-01-08 19:38:12,656 - INFO - [GINSLIB] processing : 2020/10/04 03:43:52 Q=5
2026-01-08 19:38:12,656 - INFO - [GINSLIB] processing : 2020/10/04 03:43:53 Q=0
2026-01-08 19:38:12,656 - INFO - [GINSLIB] processing : 2020/10/04 03:43:54 Q=5
2026-01-08 19:38:12,656 - INFO - [GINSLIB] processing : 2020/10/04 03:43:55 Q=5
2026-01-08 19:38:12,657 - INFO - [GINSLIB] processing : 2020/10/04 03:43:56 Q=5
2026-01-08 19:38:12,657 - INFO - [GINSLIB] processing : 2020/10/04 03:43:57 Q=5
2026-01-08 19:38:12,657 - INFO - [GINSLIB] processing : 2020/10/04 03:43:58 Q=5
2026-01-08 19:38:12,657 - INFO - [GINSLIB] processing : 2020/10/04 03:43:59 Q=5
2026-01-08 19:38:12,657 - INFO - [GINSLIB] processing : 2020/10/04 03:44:00 Q=5
2026-01-08 19:38:12,658 - INFO - [GINSLIB] processing : 2020/10/04 03:44:01 Q=5
2026-01-08 19:38:12,658 - INFO - [GINSLIB] processing : 2020/10/04 03:44:02 Q=5
2026-01-08 19:38:12,658 - INFO - [GINSLIB] processing : 2020/10/04 03:44:03 Q=5
2026-01-08 19:38:12,658 - INFO - [GINSLIB] processing : 2020/10/04 03:44:04 Q=5
2026-01-08 19:38:12,658 - INFO - [GINSLIB] processing : 2020/10/04 03:44:05 Q=5
2026-01-08 19:38:12,658 - INFO - [GINSLIB] processing : 2020/10/04 03:44:06 Q=5
2026-01-08 19:38:12,658 - INFO - [GINSLIB] processing : 2020/10/04 03:44:07 Q=5
2026-01-08 19:38:12,658 - INFO - [GINSLIB] processing : 2020/10/04 03:44:08 Q=5
2026-01-08 19:38:12,659 - INFO - [GINSLIB] processing : 2020/10/04 03:44:09 Q=5
2026-01-08 19:38:12,659 - INFO - [GINSLIB] processing : 2020/10/04 03:44:10 Q=5
2026-01-08 19:38:12,659 - INFO - [GINSLIB] processing : 2020/10/04 03:44:11 Q=5
2026-01-08 19:38:12,659 - INFO - [GINSLIB] processing : 2020/10/04 03:44:12 Q=5
2026-01-08 19:38:12,659 - INFO - [GINSLIB] processing : 2020/10/04 03:44:13 Q=5
2026-01-08 19:38:12,659 - INFO - [GINSLIB] processing : 2020/10/04 03:44:14 Q=5
2026-01-08 19:38:12,659 - INFO - [GINSLIB] processing : 2020/10/04 03:44:15 Q=5
2026-01-08 19:38:12,659 - INFO - [GINSLIB] processing : 2020/10/04 03:44:16 Q=5
2026-01-08 19:38:12,659 - INFO - [GINSLIB] processing : 2020/10/04 03:44:17 Q=5
2026-01-08 19:38:12,660 - INFO - [GINSLIB] processing : 2020/10/04 03:44:18 Q=5
2026-01-08 19:38:12,660 - INFO - [GINSLIB] processing : 2020/10/04 03:44:19 Q=5
2026-01-08 19:38:12,660 - INFO - [GINSLIB] processing : 2020/10/04 03:44:20 Q=5
2026-01-08 19:38:12,660 - INFO - [GINSLIB] processing : 2020/10/04 03:44:21 Q=5
2026-01-08 19:38:12,660 - INFO - [GINSLIB] processing : 2020/10/04 03:44:22 Q=5
2026-01-08 19:38:12,660 - INFO - [GINSLIB] processing : 2020/10/04 03:44:23 Q=5
2026-01-08 19:38:12,660 - INFO - [GINSLIB] processing : 2020/10/04 03:44:24 Q=5
2026-01-08 19:38:12,660 - INFO - [GINSLIB] processing : 2020/10/04 03:44:25 Q=5
2026-01-08 19:38:12,660 - INFO - [GINSLIB] processing : 2020/10/04 03:44:26 Q=5
2026-01-08 19:38:12,660 - INFO - [GINSLIB] processing : 2020/10/04 03:44:27 Q=5
2026-01-08 19:38:12,660 - INFO - [GINSLIB] processing : 2020/10/04 03:44:28 Q=5
2026-01-08 19:38:12,661 - INFO - [GINSLIB] processing : 2020/10/04 03:44:29 Q=5
2026-01-08 19:38:12,661 - INFO - [GINSLIB] processing : 2020/10/04 03:44:30 Q=5
2026-01-08 19:38:12,661 - INFO - [GINSLIB] processing : 2020/10/04 03:44:31 Q=5
2026-01-08 19:38:12,661 - INFO - [GINSLIB] processing : 2020/10/04 03:44:32 Q=5
2026-01-08 19:38:12,661 - INFO - [GINSLIB] processing : 2020/10/04 03:44:33 Q=5
2026-01-08 19:38:12,661 - INFO - [GINSLIB] processing : 2020/10/04 03:44:34 Q=5
2026-01-08 19:38:12,661 - INFO - [GINSLIB] processing : 2020/10/04 03:44:35 Q=5
2026-01-08 19:38:12,661 - INFO - [GINSLIB] processing : 2020/10/04 03:44:36 Q=5
2026-01-08 19:38:12,661 - INFO - [GINSLIB] processing : 2020/10/04 03:44:37 Q=5
2026-01-08 19:38:12,661 - INFO - [GINSLIB] processing : 2020/10/04 03:44:38 Q=5
2026-01-08 19:38:12,661 - INFO - [GINSLIB] processing : 2020/10/04 03:44:39 Q=5
2026-01-08 19:38:12,662 - INFO - [GINSLIB] processing : 2020/10/04 03:44:40 Q=5
2026-01-08 19:38:12,662 - INFO - [GINSLIB] processing : 2020/10/04 03:44:41 Q=5
2026-01-08 19:38:12,662 - INFO - [GINSLIB] processing : 2020/10/04 03:44:42 Q=5
2026-01-08 19:38:12,662 - INFO - [GINSLIB] processing : 2020/10/04 03:44:43 Q=5
2026-01-08 19:38:12,662 - INFO - [GINSLIB] processing : 2020/10/04 03:44:44 Q=5
2026-01-08 19:38:12,662 - INFO - [GINSLIB] processing : 2020/10/04 03:44:45 Q=5
2026-01-08 19:38:12,662 - INFO - [GINSLIB] processing : 2020/10/04 03:44:46 Q=5
2026-01-08 19:38:12,662 - INFO - [GINSLIB] processing : 2020/10/04 03:44:47 Q=5
2026-01-08 19:38:12,662 - INFO - [GINSLIB] processing : 2020/10/04 03:44:48 Q=5
2026-01-08 19:38:12,662 - INFO - [GINSLIB] processing : 2020/10/04 03:44:49 Q=5
2026-01-08 19:38:12,662 - INFO - [GINSLIB] processing : 2020/10/04 03:44:50 Q=5
2026-01-08 19:38:12,663 - INFO - [GINSLIB] processing : 2020/10/04 03:44:51 Q=5
2026-01-08 19:38:12,663 - INFO - [GINSLIB] processing : 2020/10/04 03:44:52 Q=5
2026-01-08 19:38:12,663 - INFO - [GINSLIB] processing : 2020/10/04 03:44:53 Q=5
2026-01-08 19:38:12,663 - INFO - [GINSLIB] processing : 2020/10/04 03:44:54 Q=5
2026-01-08 19:38:12,663 - INFO - [GINSLIB] processing : 2020/10/04 03:44:55 Q=5
2026-01-08 19:38:12,663 - INFO - [GINSLIB] processing : 2020/10/04 03:44:56 Q=5
2026-01-08 19:38:12,663 - INFO - [GINSLIB] processing : 2020/10/04 03:44:57 Q=5
2026-01-08 19:38:12,663 - INFO - [GINSLIB] processing : 2020/10/04 03:44:58 Q=5
2026-01-08 19:38:12,663 - INFO - [GINSLIB] processing : 2020/10/04 03:44:59 Q=5
2026-01-08 19:38:12,663 - INFO - [GINSLIB] processing : 2020/10/04 03:45:00 Q=5
2026-01-08 19:38:12,663 - INFO - [GINSLIB] processing : 2020/10/04 03:45:01 Q=5
2026-01-08 19:38:12,664 - INFO - [GINSLIB] processing : 2020/10/04 03:45:02 Q=5
2026-01-08 19:38:12,664 - INFO - [GINSLIB] processing : 2020/10/04 03:45:03 Q=5
2026-01-08 19:38:12,664 - INFO - [GINSLIB] processing : 2020/10/04 03:45:04 Q=5
2026-01-08 19:38:12,664 - INFO - [GINSLIB] processing : 2020/10/04 03:45:05 Q=5
2026-01-08 19:38:12,664 - INFO - [GINSLIB] processing : 2020/10/04 03:45:06 Q=5
2026-01-08 19:38:12,940 - INFO - [GINSLIB] processing : 2020/10/04 03:45:07 Q=5
2026-01-08 19:38:12,940 - INFO - [GINSLIB] processing : 2020/10/04 03:45:08 Q=5
2026-01-08 19:38:12,940 - INFO - [GINSLIB] processing : 2020/10/04 03:45:09 Q=5
2026-01-08 19:38:12,940 - INFO - [GINSLIB] processing : 2020/10/04 03:45:10 Q=5
2026-01-08 19:38:12,940 - INFO - [GINSLIB] processing : 2020/10/04 03:45:11 Q=5
2026-01-08 19:38:12,941 - INFO - [GINSLIB] processing : 2020/10/04 03:45:12 Q=5
2026-01-08 19:38:12,941 - INFO - [GINSLIB] processing : 2020/10/04 03:45:13 Q=5
2026-01-08 19:38:12,941 - INFO - [GINSLIB] processing : 2020/10/04 03:45:14 Q=5
2026-01-08 19:38:12,941 - INFO - [GINSLIB] processing : 2020/10/04 03:45:15 Q=5
2026-01-08 19:38:12,941 - INFO - [GINSLIB] processing : 2020/10/04 03:45:16 Q=5
2026-01-08 19:38:12,941 - INFO - [GINSLIB] processing : 2020/10/04 03:45:17 Q=5
2026-01-08 19:38:12,942 - INFO - [GINSLIB] processing : 2020/10/04 03:45:18 Q=5
2026-01-08 19:38:12,942 - INFO - [GINSLIB] processing : 2020/10/04 03:45:19 Q=5
2026-01-08 19:38:12,942 - INFO - [GINSLIB] processing : 2020/10/04 03:45:20 Q=5
2026-01-08 19:38:12,942 - INFO - [GINSLIB] processing : 2020/10/04 03:45:21 Q=5
2026-01-08 19:38:12,942 - INFO - [GINSLIB] processing : 2020/10/04 03:45:22 Q=5
2026-01-08 19:38:12,942 - INFO - [GINSLIB] processing : 2020/10/04 03:45:23 Q=5
2026-01-08 19:38:12,942 - INFO - [GINSLIB] processing : 2020/10/04 03:45:24 Q=5
2026-01-08 19:38:12,942 - INFO - [GINSLIB] processing : 2020/10/04 03:45:25 Q=5
2026-01-08 19:38:12,943 - INFO - [GINSLIB] processing : 2020/10/04 03:45:26 Q=5
2026-01-08 19:38:12,943 - INFO - [GINSLIB] processing : 2020/10/04 03:45:27 Q=5
2026-01-08 19:38:12,943 - INFO - [GINSLIB] processing : 2020/10/04 03:45:28 Q=5
2026-01-08 19:38:12,943 - INFO - [GINSLIB] processing : 2020/10/04 03:45:29 Q=5
2026-01-08 19:38:12,943 - INFO - [GINSLIB] processing : 2020/10/04 03:45:30 Q=5
2026-01-08 19:38:12,943 - INFO - [GINSLIB] processing : 2020/10/04 03:45:31 Q=5
2026-01-08 19:38:12,943 - INFO - [GINSLIB] processing : 2020/10/04 03:45:32 Q=5
2026-01-08 19:38:12,943 - INFO - [GINSLIB] processing : 2020/10/04 03:45:33 Q=5
2026-01-08 19:38:12,944 - INFO - [GINSLIB] processing : 2020/10/04 03:45:34 Q=5
2026-01-08 19:38:12,944 - INFO - [GINSLIB] processing : 2020/10/04 03:45:35 Q=5
2026-01-08 19:38:12,944 - INFO - [GINSLIB] processing : 2020/10/04 03:45:36 Q=5
2026-01-08 19:38:12,944 - INFO - [GINSLIB] processing : 2020/10/04 03:45:37 Q=5
2026-01-08 19:38:12,944 - INFO - [GINSLIB] processing : 2020/10/04 03:45:38 Q=5
2026-01-08 19:38:12,944 - INFO - [GINSLIB] processing : 2020/10/04 03:45:39 Q=5
2026-01-08 19:38:12,945 - INFO - [GINSLIB] processing : 2020/10/04 03:45:40 Q=5
2026-01-08 19:38:12,945 - INFO - [GINSLIB] processing : 2020/10/04 03:45:41 Q=5
2026-01-08 19:38:12,945 - INFO - [GINSLIB] processing : 2020/10/04 03:45:42 Q=5
2026-01-08 19:38:12,945 - INFO - [GINSLIB] processing : 2020/10/04 03:45:43 Q=5
2026-01-08 19:38:12,945 - INFO - [GINSLIB] processing : 2020/10/04 03:45:44 Q=5
2026-01-08 19:38:12,945 - INFO - [GINSLIB] processing : 2020/10/04 03:45:45 Q=5
2026-01-08 19:38:12,946 - INFO - [GINSLIB] processing : 2020/10/04 03:45:46 Q=5
2026-01-08 19:38:12,946 - INFO - [GINSLIB] processing : 2020/10/04 03:45:47 Q=5
2026-01-08 19:38:12,946 - INFO - [GINSLIB] processing : 2020/10/04 03:45:48 Q=5
2026-01-08 19:38:12,946 - INFO - [GINSLIB] processing : 2020/10/04 03:45:49 Q=5
2026-01-08 19:38:12,946 - INFO - [GINSLIB] processing : 2020/10/04 03:45:50 Q=5
2026-01-08 19:38:12,946 - INFO - [GINSLIB] processing : 2020/10/04 03:45:51 Q=5
2026-01-08 19:38:12,947 - INFO - [GINSLIB] processing : 2020/10/04 03:45:52 Q=5
2026-01-08 19:38:12,947 - INFO - [GINSLIB] processing : 2020/10/04 03:45:53 Q=5
2026-01-08 19:38:12,947 - INFO - [GINSLIB] processing : 2020/10/04 03:45:54 Q=5
2026-01-08 19:38:12,947 - INFO - [GINSLIB] processing : 2020/10/04 03:45:55 Q=5
2026-01-08 19:38:12,947 - INFO - [GINSLIB] processing : 2020/10/04 03:45:56 Q=5
2026-01-08 19:38:12,947 - INFO - [GINSLIB] processing : 2020/10/04 03:45:57 Q=5
2026-01-08 19:38:12,947 - INFO - [GINSLIB] processing : 2020/10/04 03:45:58 Q=5
2026-01-08 19:38:12,948 - INFO - [GINSLIB] processing : 2020/10/04 03:45:59 Q=5
2026-01-08 19:38:12,948 - INFO - [GINSLIB] processing : 2020/10/04 03:46:00 Q=5
2026-01-08 19:38:12,948 - INFO - [GINSLIB] processing : 2020/10/04 03:46:01 Q=5
2026-01-08 19:38:12,948 - INFO - [GINSLIB] processing : 2020/10/04 03:46:02 Q=5
2026-01-08 19:38:12,948 - INFO - [GINSLIB] processing : 2020/10/04 03:46:03 Q=5
2026-01-08 19:38:12,948 - INFO - [GINSLIB] processing : 2020/10/04 03:46:04 Q=5
2026-01-08 19:38:12,948 - INFO - [GINSLIB] processing : 2020/10/04 03:46:05 Q=5
2026-01-08 19:38:12,948 - INFO - [GINSLIB] processing : 2020/10/04 03:46:06 Q=5
2026-01-08 19:38:12,949 - INFO - [GINSLIB] processing : 2020/10/04 03:46:07 Q=5
2026-01-08 19:38:12,949 - INFO - [GINSLIB] processing : 2020/10/04 03:46:08 Q=5
2026-01-08 19:38:12,949 - INFO - [GINSLIB] processing : 2020/10/04 03:46:09 Q=5
2026-01-08 19:38:12,949 - INFO - [GINSLIB] processing : 2020/10/04 03:46:10 Q=5
2026-01-08 19:38:12,949 - INFO - [GINSLIB] processing : 2020/10/04 03:46:11 Q=5
2026-01-08 19:38:12,949 - INFO - [GINSLIB] processing : 2020/10/04 03:46:12 Q=5
2026-01-08 19:38:12,949 - INFO - [GINSLIB] processing : 2020/10/04 03:46:13 Q=5
2026-01-08 19:38:12,949 - INFO - [GINSLIB] processing : 2020/10/04 03:46:14 Q=5
2026-01-08 19:38:12,950 - INFO - [GINSLIB] processing : 2020/10/04 03:46:15 Q=5
2026-01-08 19:38:12,950 - INFO - [GINSLIB] processing : 2020/10/04 03:46:16 Q=5
2026-01-08 19:38:12,950 - INFO - [GINSLIB] processing : 2020/10/04 03:46:17 Q=5
2026-01-08 19:38:12,950 - INFO - [GINSLIB] processing : 2020/10/04 03:46:18 Q=5
2026-01-08 19:38:12,950 - INFO - [GINSLIB] processing : 2020/10/04 03:46:19 Q=5
2026-01-08 19:38:12,950 - INFO - [GINSLIB] processing : 2020/10/04 03:46:20 Q=5
2026-01-08 19:38:12,950 - INFO - [GINSLIB] processing : 2020/10/04 03:46:21 Q=5
2026-01-08 19:38:12,950 - INFO - [GINSLIB] processing : 2020/10/04 03:46:22 Q=5
2026-01-08 19:38:12,950 - INFO - [GINSLIB] processing : 2020/10/04 03:46:23 Q=5
2026-01-08 19:38:12,950 - INFO - [GINSLIB] processing : 2020/10/04 03:46:24 Q=5
2026-01-08 19:38:12,951 - INFO - [GINSLIB] processing : 2020/10/04 03:46:25 Q=5
2026-01-08 19:38:12,951 - INFO - [GINSLIB] processing : 2020/10/04 03:46:26 Q=5
2026-01-08 19:38:12,951 - INFO - [GINSLIB] processing : 2020/10/04 03:46:27 Q=5
2026-01-08 19:38:12,951 - INFO - [GINSLIB] processing : 2020/10/04 03:46:28 Q=5
2026-01-08 19:38:12,951 - INFO - [GINSLIB] processing : 2020/10/04 03:46:29 Q=5
2026-01-08 19:38:12,951 - INFO - [GINSLIB] processing : 2020/10/04 03:46:30 Q=5
2026-01-08 19:38:12,951 - INFO - [GINSLIB] processing : 2020/10/04 03:46:31 Q=5
2026-01-08 19:38:12,951 - INFO - [GINSLIB] processing : 2020/10/04 03:46:32 Q=5
2026-01-08 19:38:12,951 - INFO - [GINSLIB] processing : 2020/10/04 03:46:33 Q=5
2026-01-08 19:38:12,951 - INFO - [GINSLIB] processing : 2020/10/04 03:46:34 Q=5
2026-01-08 19:38:12,952 - INFO - [GINSLIB] processing : 2020/10/04 03:46:35 Q=5
2026-01-08 19:38:12,952 - INFO - [GINSLIB] processing : 2020/10/04 03:46:36 Q=5
2026-01-08 19:38:12,952 - INFO - [GINSLIB] processing : 2020/10/04 03:46:37 Q=5
2026-01-08 19:38:12,952 - INFO - [GINSLIB] processing : 2020/10/04 03:46:38 Q=5
2026-01-08 19:38:12,952 - INFO - [GINSLIB] processing : 2020/10/04 03:46:39 Q=5
2026-01-08 19:38:12,952 - INFO - [GINSLIB] processing : 2020/10/04 03:46:40 Q=5
2026-01-08 19:38:12,952 - INFO - [GINSLIB] processing : 2020/10/04 03:46:41 Q=5
2026-01-08 19:38:12,952 - INFO - [GINSLIB] processing : 2020/10/04 03:46:42 Q=5
2026-01-08 19:38:12,952 - INFO - [GINSLIB] processing : 2020/10/04 03:46:43 Q=5
2026-01-08 19:38:12,953 - INFO - [GINSLIB] processing : 2020/10/04 03:46:44 Q=5
2026-01-08 19:38:12,953 - INFO - [GINSLIB] processing : 2020/10/04 03:46:45 Q=5
2026-01-08 19:38:12,953 - INFO - [GINSLIB] processing : 2020/10/04 03:46:46 Q=5
2026-01-08 19:38:12,953 - INFO - [GINSLIB] processing : 2020/10/04 03:46:47 Q=5
2026-01-08 19:38:12,953 - INFO - [GINSLIB] processing : 2020/10/04 03:46:48 Q=5
2026-01-08 19:38:12,953 - INFO - [GINSLIB] processing : 2020/10/04 03:46:49 Q=5
2026-01-08 19:38:12,953 - INFO - [GINSLIB] processing : 2020/10/04 03:46:50 Q=5
2026-01-08 19:38:12,953 - INFO - [GINSLIB] processing : 2020/10/04 03:46:51 Q=5
2026-01-08 19:38:12,954 - INFO - [GINSLIB] processing : 2020/10/04 03:46:52 Q=5
2026-01-08 19:38:12,954 - INFO - [GINSLIB] processing : 2020/10/04 03:46:53 Q=5
2026-01-08 19:38:12,954 - INFO - [GINSLIB] processing : 2020/10/04 03:46:54 Q=5
2026-01-08 19:38:12,954 - INFO - [GINSLIB] processing : 2020/10/04 03:46:55 Q=5
2026-01-08 19:38:12,954 - INFO - [GINSLIB] processing : 2020/10/04 03:46:56 Q=5
2026-01-08 19:38:12,954 - INFO - [GINSLIB] processing : 2020/10/04 03:46:57 Q=5
2026-01-08 19:38:13,228 - INFO - [GINSLIB] processing : 2020/10/04 03:46:58 Q=5
2026-01-08 19:38:13,228 - INFO - [GINSLIB] processing : 2020/10/04 03:46:59 Q=5
2026-01-08 19:38:13,229 - INFO - [GINSLIB] processing : 2020/10/04 03:47:00 Q=5
2026-01-08 19:38:13,229 - INFO - [GINSLIB] processing : 2020/10/04 03:47:01 Q=5
2026-01-08 19:38:13,229 - INFO - [GINSLIB] processing : 2020/10/04 03:47:02 Q=5
2026-01-08 19:38:13,229 - INFO - [GINSLIB] processing : 2020/10/04 03:47:03 Q=5
2026-01-08 19:38:13,230 - INFO - [GINSLIB] processing : 2020/10/04 03:47:04 Q=5
2026-01-08 19:38:13,230 - INFO - [GINSLIB] processing : 2020/10/04 03:47:05 Q=5
2026-01-08 19:38:13,230 - INFO - [GINSLIB] processing : 2020/10/04 03:47:06 Q=5
2026-01-08 19:38:13,230 - INFO - [GINSLIB] processing : 2020/10/04 03:47:07 Q=5
2026-01-08 19:38:13,230 - INFO - [GINSLIB] processing : 2020/10/04 03:47:08 Q=5
2026-01-08 19:38:13,231 - INFO - [GINSLIB] processing : 2020/10/04 03:47:09 Q=5
2026-01-08 19:38:13,231 - INFO - [GINSLIB] processing : 2020/10/04 03:47:10 Q=5
2026-01-08 19:38:13,231 - INFO - [GINSLIB] processing : 2020/10/04 03:47:11 Q=5
2026-01-08 19:38:13,231 - INFO - [GINSLIB] processing : 2020/10/04 03:47:12 Q=5
2026-01-08 19:38:13,231 - INFO - [GINSLIB] processing : 2020/10/04 03:47:13 Q=5
2026-01-08 19:38:13,232 - INFO - [GINSLIB] processing : 2020/10/04 03:47:14 Q=5
2026-01-08 19:38:13,232 - INFO - [GINSLIB] processing : 2020/10/04 03:47:15 Q=5
2026-01-08 19:38:13,232 - INFO - [GINSLIB] processing : 2020/10/04 03:47:16 Q=5
2026-01-08 19:38:13,232 - INFO - [GINSLIB] processing : 2020/10/04 03:47:17 Q=5
2026-01-08 19:38:13,232 - INFO - [GINSLIB] processing : 2020/10/04 03:47:18 Q=5
2026-01-08 19:38:13,233 - INFO - [GINSLIB] processing : 2020/10/04 03:47:19 Q=5
2026-01-08 19:38:13,233 - INFO - [GINSLIB] processing : 2020/10/04 03:47:20 Q=5
2026-01-08 19:38:13,233 - INFO - [GINSLIB] processing : 2020/10/04 03:47:21 Q=5
2026-01-08 19:38:13,233 - INFO - [GINSLIB] processing : 2020/10/04 03:47:22 Q=5
2026-01-08 19:38:13,233 - INFO - [GINSLIB] processing : 2020/10/04 03:47:23 Q=5
2026-01-08 19:38:13,233 - INFO - [GINSLIB] processing : 2020/10/04 03:47:24 Q=5
2026-01-08 19:38:13,233 - INFO - [GINSLIB] processing : 2020/10/04 03:47:25 Q=5
2026-01-08 19:38:13,234 - INFO - [GINSLIB] processing : 2020/10/04 03:47:26 Q=5
2026-01-08 19:38:13,234 - INFO - [GINSLIB] processing : 2020/10/04 03:47:27 Q=5
2026-01-08 19:38:13,234 - INFO - [GINSLIB] processing : 2020/10/04 03:47:28 Q=5
2026-01-08 19:38:13,234 - INFO - [GINSLIB] processing : 2020/10/04 03:47:29 Q=5
2026-01-08 19:38:13,234 - INFO - [GINSLIB] processing : 2020/10/04 03:47:30 Q=5
2026-01-08 19:38:13,234 - INFO - [GINSLIB] processing : 2020/10/04 03:47:31 Q=5
2026-01-08 19:38:13,234 - INFO - [GINSLIB] processing : 2020/10/04 03:47:32 Q=5
2026-01-08 19:38:13,234 - INFO - [GINSLIB] processing : 2020/10/04 03:47:33 Q=5
2026-01-08 19:38:13,234 - INFO - [GINSLIB] processing : 2020/10/04 03:47:34 Q=5
2026-01-08 19:38:13,234 - INFO - [GINSLIB] processing : 2020/10/04 03:47:35 Q=5
2026-01-08 19:38:13,234 - INFO - [GINSLIB] processing : 2020/10/04 03:47:36 Q=5
2026-01-08 19:38:13,235 - INFO - [GINSLIB] processing : 2020/10/04 03:47:37 Q=5
2026-01-08 19:38:13,235 - INFO - [GINSLIB] processing : 2020/10/04 03:47:38 Q=5
2026-01-08 19:38:13,235 - INFO - [GINSLIB] processing : 2020/10/04 03:47:39 Q=5
2026-01-08 19:38:13,235 - INFO - [GINSLIB] processing : 2020/10/04 03:47:40 Q=5
2026-01-08 19:38:13,235 - INFO - [GINSLIB] processing : 2020/10/04 03:47:41 Q=5
2026-01-08 19:38:13,235 - INFO - [GINSLIB] processing : 2020/10/04 03:47:42 Q=5
2026-01-08 19:38:13,235 - INFO - [GINSLIB] processing : 2020/10/04 03:47:43 Q=5
2026-01-08 19:38:13,235 - INFO - [GINSLIB] processing : 2020/10/04 03:47:44 Q=5
2026-01-08 19:38:13,235 - INFO - [GINSLIB] processing : 2020/10/04 03:47:45 Q=5
2026-01-08 19:38:13,235 - INFO - [GINSLIB] processing : 2020/10/04 03:47:46 Q=5
2026-01-08 19:38:13,236 - INFO - [GINSLIB] processing : 2020/10/04 03:47:47 Q=5
2026-01-08 19:38:13,236 - INFO - [GINSLIB] processing : 2020/10/04 03:47:48 Q=5
2026-01-08 19:38:13,236 - INFO - [GINSLIB] processing : 2020/10/04 03:47:49 Q=5
2026-01-08 19:38:13,236 - INFO - [GINSLIB] processing : 2020/10/04 03:47:50 Q=5
2026-01-08 19:38:13,236 - INFO - [GINSLIB] processing : 2020/10/04 03:47:51 Q=5
2026-01-08 19:38:13,236 - INFO - [GINSLIB] processing : 2020/10/04 03:47:52 Q=5
2026-01-08 19:38:13,237 - INFO - [GINSLIB] processing : 2020/10/04 03:47:53 Q=5
2026-01-08 19:38:13,237 - INFO - [GINSLIB] processing : 2020/10/04 03:47:54 Q=5
2026-01-08 19:38:13,237 - INFO - [GINSLIB] processing : 2020/10/04 03:47:55 Q=5
2026-01-08 19:38:13,237 - INFO - [GINSLIB] processing : 2020/10/04 03:47:56 Q=5
2026-01-08 19:38:13,237 - INFO - [GINSLIB] processing : 2020/10/04 03:47:57 Q=5
2026-01-08 19:38:13,237 - INFO - [GINSLIB] processing : 2020/10/04 03:47:58 Q=5
2026-01-08 19:38:13,237 - INFO - [GINSLIB] processing : 2020/10/04 03:47:59 Q=5
2026-01-08 19:38:13,237 - INFO - [GINSLIB] processing : 2020/10/04 03:48:00 Q=5
2026-01-08 19:38:13,238 - INFO - [GINSLIB] processing : 2020/10/04 03:48:01 Q=5
2026-01-08 19:38:13,238 - INFO - [GINSLIB] processing : 2020/10/04 03:48:02 Q=5
2026-01-08 19:38:13,238 - INFO - [GINSLIB] processing : 2020/10/04 03:48:03 Q=5
2026-01-08 19:38:13,238 - INFO - [GINSLIB] processing : 2020/10/04 03:48:04 Q=5
2026-01-08 19:38:13,238 - INFO - [GINSLIB] processing : 2020/10/04 03:48:05 Q=5
2026-01-08 19:38:13,238 - INFO - [GINSLIB] processing : 2020/10/04 03:48:06 Q=5
2026-01-08 19:38:13,238 - INFO - [GINSLIB] processing : 2020/10/04 03:48:07 Q=5
2026-01-08 19:38:13,238 - INFO - [GINSLIB] processing : 2020/10/04 03:48:08 Q=5
2026-01-08 19:38:13,238 - INFO - [GINSLIB] processing : 2020/10/04 03:48:09 Q=5
2026-01-08 19:38:13,238 - INFO - [GINSLIB] processing : 2020/10/04 03:48:10 Q=5
2026-01-08 19:38:13,238 - INFO - [GINSLIB] processing : 2020/10/04 03:48:11 Q=5
2026-01-08 19:38:13,239 - INFO - [GINSLIB] processing : 2020/10/04 03:48:12 Q=5
2026-01-08 19:38:13,239 - INFO - [GINSLIB] processing : 2020/10/04 03:48:13 Q=5
2026-01-08 19:38:13,239 - INFO - [GINSLIB] processing : 2020/10/04 03:48:14 Q=5
2026-01-08 19:38:13,239 - INFO - [GINSLIB] processing : 2020/10/04 03:48:15 Q=5
2026-01-08 19:38:13,239 - INFO - [GINSLIB] processing : 2020/10/04 03:48:16 Q=5
2026-01-08 19:38:13,239 - INFO - [GINSLIB] processing : 2020/10/04 03:48:17 Q=5
2026-01-08 19:38:13,239 - INFO - [GINSLIB] processing : 2020/10/04 03:48:18 Q=5
2026-01-08 19:38:13,240 - INFO - [GINSLIB] processing : 2020/10/04 03:48:19 Q=5
2026-01-08 19:38:13,240 - INFO - [GINSLIB] processing : 2020/10/04 03:48:20 Q=5
2026-01-08 19:38:13,240 - INFO - [GINSLIB] processing : 2020/10/04 03:48:21 Q=5
2026-01-08 19:38:13,240 - INFO - [GINSLIB] processing : 2020/10/04 03:48:22 Q=5
2026-01-08 19:38:13,240 - INFO - [GINSLIB] processing : 2020/10/04 03:48:23 Q=5
2026-01-08 19:38:13,240 - INFO - [GINSLIB] processing : 2020/10/04 03:48:24 Q=5
2026-01-08 19:38:13,241 - INFO - [GINSLIB] processing : 2020/10/04 03:48:25 Q=5
2026-01-08 19:38:13,241 - INFO - [GINSLIB] processing : 2020/10/04 03:48:26 Q=5
2026-01-08 19:38:13,241 - INFO - [GINSLIB] processing : 2020/10/04 03:48:27 Q=5
2026-01-08 19:38:13,241 - INFO - [GINSLIB] processing : 2020/10/04 03:48:28 Q=5
2026-01-08 19:38:13,241 - INFO - [GINSLIB] processing : 2020/10/04 03:48:29 Q=5
2026-01-08 19:38:13,241 - INFO - [GINSLIB] processing : 2020/10/04 03:48:30 Q=5
2026-01-08 19:38:13,242 - INFO - [GINSLIB] processing : 2020/10/04 03:48:31 Q=5
2026-01-08 19:38:13,242 - INFO - [GINSLIB] processing : 2020/10/04 03:48:32 Q=5
2026-01-08 19:38:13,242 - INFO - [GINSLIB] processing : 2020/10/04 03:48:33 Q=5
2026-01-08 19:38:13,242 - INFO - [GINSLIB] processing : 2020/10/04 03:48:34 Q=5
2026-01-08 19:38:13,242 - INFO - [GINSLIB] processing : 2020/10/04 03:48:35 Q=5
2026-01-08 19:38:13,242 - INFO - [GINSLIB] processing : 2020/10/04 03:48:36 Q=5
2026-01-08 19:38:13,242 - INFO - [GINSLIB] processing : 2020/10/04 03:48:37 Q=5
2026-01-08 19:38:13,243 - INFO - [GINSLIB] processing : 2020/10/04 03:48:38 Q=5
2026-01-08 19:38:13,243 - INFO - [GINSLIB] processing : 2020/10/04 03:48:39 Q=5
2026-01-08 19:38:13,243 - INFO - [GINSLIB] processing : 2020/10/04 03:48:40 Q=5
2026-01-08 19:38:13,244 - INFO - [GINSLIB] processing : 2020/10/04 03:48:41 Q=5
2026-01-08 19:38:13,244 - INFO - [GINSLIB] processing : 2020/10/04 03:48:42 Q=5
2026-01-08 19:38:13,244 - INFO - [GINSLIB] processing : 2020/10/04 03:48:43 Q=5
2026-01-08 19:38:13,244 - INFO - [GINSLIB] processing : 2020/10/04 03:48:44 Q=5
2026-01-08 19:38:13,244 - INFO - [GINSLIB] processing : 2020/10/04 03:48:45 Q=5
2026-01-08 19:38:13,244 - INFO - [GINSLIB] processing : 2020/10/04 03:48:46 Q=5
2026-01-08 19:38:13,245 - INFO - [GINSLIB] processing : 2020/10/04 03:48:47 Q=5
2026-01-08 19:38:13,551 - INFO - [GINSLIB] processing : 2020/10/04 03:48:48 Q=5
2026-01-08 19:38:13,551 - INFO - [GINSLIB] processing : 2020/10/04 03:48:49 Q=5
2026-01-08 19:38:13,551 - INFO - [GINSLIB] processing : 2020/10/04 03:48:50 Q=5
2026-01-08 19:38:13,552 - INFO - [GINSLIB] processing : 2020/10/04 03:48:51 Q=5
2026-01-08 19:38:13,552 - INFO - [GINSLIB] processing : 2020/10/04 03:48:52 Q=5
2026-01-08 19:38:13,552 - INFO - [GINSLIB] processing : 2020/10/04 03:48:53 Q=5
2026-01-08 19:38:13,553 - INFO - [GINSLIB] processing : 2020/10/04 03:48:54 Q=5
2026-01-08 19:38:13,553 - INFO - [GINSLIB] processing : 2020/10/04 03:48:55 Q=5
2026-01-08 19:38:13,553 - INFO - [GINSLIB] processing : 2020/10/04 03:48:56 Q=5
2026-01-08 19:38:13,553 - INFO - [GINSLIB] processing : 2020/10/04 03:48:57 Q=5
2026-01-08 19:38:13,553 - INFO - [GINSLIB] processing : 2020/10/04 03:48:58 Q=5
2026-01-08 19:38:13,554 - INFO - [GINSLIB] processing : 2020/10/04 03:48:59 Q=5
2026-01-08 19:38:13,554 - INFO - [GINSLIB] processing : 2020/10/04 03:49:00 Q=5
2026-01-08 19:38:13,554 - INFO - [GINSLIB] processing : 2020/10/04 03:49:01 Q=5
2026-01-08 19:38:13,554 - INFO - [GINSLIB] processing : 2020/10/04 03:49:02 Q=5
2026-01-08 19:38:13,554 - INFO - [GINSLIB] processing : 2020/10/04 03:49:03 Q=5
2026-01-08 19:38:13,555 - INFO - [GINSLIB] processing : 2020/10/04 03:49:04 Q=5
2026-01-08 19:38:13,555 - INFO - [GINSLIB] processing : 2020/10/04 03:49:05 Q=5
2026-01-08 19:38:13,555 - INFO - [GINSLIB] processing : 2020/10/04 03:49:06 Q=5
2026-01-08 19:38:13,555 - INFO - [GINSLIB] processing : 2020/10/04 03:49:07 Q=5
2026-01-08 19:38:13,556 - INFO - [GINSLIB] processing : 2020/10/04 03:49:08 Q=5
2026-01-08 19:38:13,556 - INFO - [GINSLIB] processing : 2020/10/04 03:49:09 Q=5
2026-01-08 19:38:13,556 - INFO - [GINSLIB] processing : 2020/10/04 03:49:10 Q=5
2026-01-08 19:38:13,556 - INFO - [GINSLIB] processing : 2020/10/04 03:49:11 Q=5
2026-01-08 19:38:13,557 - INFO - [GINSLIB] processing : 2020/10/04 03:49:12 Q=5
2026-01-08 19:38:13,557 - INFO - [GINSLIB] processing : 2020/10/04 03:49:13 Q=5
2026-01-08 19:38:13,557 - INFO - [GINSLIB] processing : 2020/10/04 03:49:14 Q=5
2026-01-08 19:38:13,558 - INFO - [GINSLIB] processing : 2020/10/04 03:49:15 Q=5
2026-01-08 19:38:13,558 - INFO - [GINSLIB] processing : 2020/10/04 03:49:16 Q=5
2026-01-08 19:38:13,559 - INFO - [GINSLIB] processing : 2020/10/04 03:49:17 Q=5
2026-01-08 19:38:13,559 - INFO - [GINSLIB] processing : 2020/10/04 03:49:18 Q=5
2026-01-08 19:38:13,560 - INFO - [GINSLIB] processing : 2020/10/04 03:49:19 Q=5
2026-01-08 19:38:13,560 - INFO - [GINSLIB] processing : 2020/10/04 03:49:20 Q=5
2026-01-08 19:38:13,560 - INFO - [GINSLIB] processing : 2020/10/04 03:49:21 Q=5
2026-01-08 19:38:13,561 - INFO - [GINSLIB] processing : 2020/10/04 03:49:22 Q=0
2026-01-08 19:38:13,561 - INFO - [GINSLIB] processing : 2020/10/04 03:49:23 Q=5
2026-01-08 19:38:13,561 - INFO - [GINSLIB] processing : 2020/10/04 03:49:24 Q=0
2026-01-08 19:38:13,562 - INFO - [GINSLIB] processing : 2020/10/04 03:49:25 Q=5
2026-01-08 19:38:13,562 - INFO - [GINSLIB] processing : 2020/10/04 03:49:26 Q=5
2026-01-08 19:38:13,562 - INFO - [GINSLIB] processing : 2020/10/04 03:49:27 Q=5
2026-01-08 19:38:13,562 - INFO - [GINSLIB] processing : 2020/10/04 03:49:28 Q=5
2026-01-08 19:38:13,563 - INFO - [GINSLIB] processing : 2020/10/04 03:49:29 Q=5
2026-01-08 19:38:13,563 - INFO - [GINSLIB] processing : 2020/10/04 03:49:30 Q=5
2026-01-08 19:38:13,563 - INFO - [GINSLIB] processing : 2020/10/04 03:49:31 Q=5
2026-01-08 19:38:13,563 - INFO - [GINSLIB] processing : 2020/10/04 03:49:32 Q=5
2026-01-08 19:38:13,564 - INFO - [GINSLIB] processing : 2020/10/04 03:49:33 Q=5
2026-01-08 19:38:13,564 - INFO - [GINSLIB] processing : 2020/10/04 03:49:34 Q=5
2026-01-08 19:38:13,564 - INFO - [GINSLIB] processing : 2020/10/04 03:49:35 Q=5
2026-01-08 19:38:13,564 - INFO - [GINSLIB] processing : 2020/10/04 03:49:36 Q=5
2026-01-08 19:38:13,564 - INFO - [GINSLIB] processing : 2020/10/04 03:49:37 Q=5
2026-01-08 19:38:13,565 - INFO - [GINSLIB] processing : 2020/10/04 03:49:38 Q=5
2026-01-08 19:38:13,565 - INFO - [GINSLIB] processing : 2020/10/04 03:49:39 Q=5
2026-01-08 19:38:13,565 - INFO - [GINSLIB] processing : 2020/10/04 03:49:40 Q=5
2026-01-08 19:38:13,565 - INFO - [GINSLIB] processing : 2020/10/04 03:49:41 Q=5
2026-01-08 19:38:13,565 - INFO - [GINSLIB] processing : 2020/10/04 03:49:42 Q=5
2026-01-08 19:38:13,566 - INFO - [GINSLIB] processing : 2020/10/04 03:49:43 Q=5
2026-01-08 19:38:13,566 - INFO - [GINSLIB] processing : 2020/10/04 03:49:44 Q=5
2026-01-08 19:38:13,566 - INFO - [GINSLIB] processing : 2020/10/04 03:49:45 Q=5
2026-01-08 19:38:13,566 - INFO - [GINSLIB] processing : 2020/10/04 03:49:46 Q=5
2026-01-08 19:38:13,566 - INFO - [GINSLIB] processing : 2020/10/04 03:49:47 Q=0
2026-01-08 19:38:13,566 - INFO - [GINSLIB] processing : 2020/10/04 03:49:48 Q=0
2026-01-08 19:38:13,567 - INFO - [GINSLIB] processing : 2020/10/04 03:49:49 Q=5
2026-01-08 19:38:13,567 - INFO - [GINSLIB] processing : 2020/10/04 03:49:50 Q=5
2026-01-08 19:38:13,567 - INFO - [GINSLIB] processing : 2020/10/04 03:49:51 Q=5
2026-01-08 19:38:13,567 - INFO - [GINSLIB] processing : 2020/10/04 03:49:52 Q=5
2026-01-08 19:38:13,567 - INFO - [GINSLIB] processing : 2020/10/04 03:49:53 Q=5
2026-01-08 19:38:13,567 - INFO - [GINSLIB] processing : 2020/10/04 03:49:54 Q=5
2026-01-08 19:38:13,568 - INFO - [GINSLIB] processing : 2020/10/04 03:49:55 Q=0
2026-01-08 19:38:13,568 - INFO - [GINSLIB] processing : 2020/10/04 03:49:56 Q=0
2026-01-08 19:38:13,568 - INFO - [GINSLIB] processing : 2020/10/04 03:49:57 Q=0
2026-01-08 19:38:13,568 - INFO - [GINSLIB] processing : 2020/10/04 03:49:58 Q=0
2026-01-08 19:38:13,568 - INFO - [GINSLIB] processing : 2020/10/04 03:49:59 Q=0
2026-01-08 19:38:13,568 - INFO - [GINSLIB] processing : 2020/10/04 03:50:00 Q=0
2026-01-08 19:38:13,569 - INFO - [GINSLIB] processing : 2020/10/04 03:50:01 Q=5
2026-01-08 19:38:13,569 - INFO - [GINSLIB] processing : 2020/10/04 03:50:02 Q=5
2026-01-08 19:38:13,569 - INFO - [GINSLIB] processing : 2020/10/04 03:50:03 Q=5
2026-01-08 19:38:13,569 - INFO - [GINSLIB] processing : 2020/10/04 03:50:04 Q=0
2026-01-08 19:38:13,569 - INFO - [GINSLIB] processing : 2020/10/04 03:50:05 Q=5
2026-01-08 19:38:13,569 - INFO - [GINSLIB] processing : 2020/10/04 03:50:06 Q=5
2026-01-08 19:38:13,569 - INFO - [GINSLIB] processing : 2020/10/04 03:50:07 Q=5
2026-01-08 19:38:13,569 - INFO - [GINSLIB] processing : 2020/10/04 03:50:08 Q=5
2026-01-08 19:38:13,570 - INFO - [GINSLIB] processing : 2020/10/04 03:50:09 Q=5
2026-01-08 19:38:13,570 - INFO - [GINSLIB] processing : 2020/10/04 03:50:10 Q=5
2026-01-08 19:38:13,570 - INFO - [GINSLIB] processing : 2020/10/04 03:50:11 Q=5
2026-01-08 19:38:13,570 - INFO - [GINSLIB] processing : 2020/10/04 03:50:12 Q=5
2026-01-08 19:38:13,570 - INFO - [GINSLIB] processing : 2020/10/04 03:50:13 Q=5
2026-01-08 19:38:13,570 - INFO - [GINSLIB] processing : 2020/10/04 03:50:14 Q=5
2026-01-08 19:38:13,570 - INFO - [GINSLIB] processing : 2020/10/04 03:50:15 Q=5
2026-01-08 19:38:13,570 - INFO - [GINSLIB] processing : 2020/10/04 03:50:16 Q=5
2026-01-08 19:38:13,570 - INFO - [GINSLIB] processing : 2020/10/04 03:50:17 Q=5
2026-01-08 19:38:13,570 - INFO - [GINSLIB] processing : 2020/10/04 03:50:18 Q=5
2026-01-08 19:38:13,570 - INFO - [GINSLIB] processing : 2020/10/04 03:50:19 Q=5
2026-01-08 19:38:13,571 - INFO - [GINSLIB] processing : 2020/10/04 03:50:20 Q=5
2026-01-08 19:38:13,571 - INFO - [GINSLIB] processing : 2020/10/04 03:50:21 Q=5
2026-01-08 19:38:13,571 - INFO - [GINSLIB] processing : 2020/10/04 03:50:22 Q=5
2026-01-08 19:38:13,571 - INFO - [GINSLIB] processing : 2020/10/04 03:50:23 Q=5
2026-01-08 19:38:13,571 - INFO - [GINSLIB] processing : 2020/10/04 03:50:24 Q=5
2026-01-08 19:38:13,571 - INFO - [GINSLIB] processing : 2020/10/04 03:50:25 Q=5
2026-01-08 19:38:13,571 - INFO - [GINSLIB] processing : 2020/10/04 03:50:26 Q=5
2026-01-08 19:38:13,571 - INFO - [GINSLIB] processing : 2020/10/04 03:50:27 Q=5
2026-01-08 19:38:13,572 - INFO - [GINSLIB] processing : 2020/10/04 03:50:28 Q=5
2026-01-08 19:38:13,572 - INFO - [GINSLIB] processing : 2020/10/04 03:50:29 Q=5
2026-01-08 19:38:13,572 - INFO - [GINSLIB] processing : 2020/10/04 03:50:30 Q=5
2026-01-08 19:38:13,572 - INFO - [GINSLIB] processing : 2020/10/04 03:50:31 Q=5
2026-01-08 19:38:13,572 - INFO - [GINSLIB] processing : 2020/10/04 03:50:32 Q=5
2026-01-08 19:38:13,572 - INFO - [GINSLIB] processing : 2020/10/04 03:50:33 Q=5
2026-01-08 19:38:13,572 - INFO - [GINSLIB] processing : 2020/10/04 03:50:34 Q=5
2026-01-08 19:38:13,573 - INFO - [GINSLIB] processing : 2020/10/04 03:50:35 Q=5
2026-01-08 19:38:13,573 - INFO - [GINSLIB] processing : 2020/10/04 03:50:36 Q=5
2026-01-08 19:38:13,573 - INFO - [GINSLIB] processing : 2020/10/04 03:50:37 Q=5
2026-01-08 19:38:13,573 - INFO - [GINSLIB] processing : 2020/10/04 03:50:38 Q=5
2026-01-08 19:38:13,910 - INFO - [GINSLIB] processing : 2020/10/04 03:50:39 Q=5
2026-01-08 19:38:13,910 - INFO - [GINSLIB] processing : 2020/10/04 03:50:40 Q=5
2026-01-08 19:38:13,910 - INFO - [GINSLIB] processing : 2020/10/04 03:50:41 Q=5
2026-01-08 19:38:13,910 - INFO - [GINSLIB] processing : 2020/10/04 03:50:42 Q=5
2026-01-08 19:38:13,910 - INFO - [GINSLIB] processing : 2020/10/04 03:50:43 Q=5
2026-01-08 19:38:13,911 - INFO - [GINSLIB] processing : 2020/10/04 03:50:44 Q=5
2026-01-08 19:38:13,911 - INFO - [GINSLIB] processing : 2020/10/04 03:50:45 Q=5
2026-01-08 19:38:13,911 - INFO - [GINSLIB] processing : 2020/10/04 03:50:46 Q=5
2026-01-08 19:38:13,911 - INFO - [GINSLIB] processing : 2020/10/04 03:50:47 Q=5
2026-01-08 19:38:13,911 - INFO - [GINSLIB] processing : 2020/10/04 03:50:48 Q=5
2026-01-08 19:38:13,912 - INFO - [GINSLIB] processing : 2020/10/04 03:50:49 Q=5
2026-01-08 19:38:13,912 - INFO - [GINSLIB] processing : 2020/10/04 03:50:50 Q=5
2026-01-08 19:38:13,912 - INFO - [GINSLIB] processing : 2020/10/04 03:50:51 Q=5
2026-01-08 19:38:13,912 - INFO - [GINSLIB] processing : 2020/10/04 03:50:52 Q=5
2026-01-08 19:38:13,912 - INFO - [GINSLIB] processing : 2020/10/04 03:50:53 Q=5
2026-01-08 19:38:13,913 - INFO - [GINSLIB] processing : 2020/10/04 03:50:54 Q=5
2026-01-08 19:38:13,913 - INFO - [GINSLIB] processing : 2020/10/04 03:50:55 Q=5
2026-01-08 19:38:13,913 - INFO - [GINSLIB] processing : 2020/10/04 03:50:56 Q=5
2026-01-08 19:38:13,913 - INFO - [GINSLIB] processing : 2020/10/04 03:50:57 Q=5
2026-01-08 19:38:13,913 - INFO - [GINSLIB] processing : 2020/10/04 03:50:58 Q=5
2026-01-08 19:38:13,913 - INFO - [GINSLIB] processing : 2020/10/04 03:50:59 Q=5
2026-01-08 19:38:13,913 - INFO - [GINSLIB] processing : 2020/10/04 03:51:00 Q=5
2026-01-08 19:38:13,913 - INFO - [GINSLIB] processing : 2020/10/04 03:51:01 Q=5
2026-01-08 19:38:13,914 - INFO - [GINSLIB] processing : 2020/10/04 03:51:02 Q=5
2026-01-08 19:38:13,914 - INFO - [GINSLIB] processing : 2020/10/04 03:51:03 Q=5
2026-01-08 19:38:13,914 - INFO - [GINSLIB] processing : 2020/10/04 03:51:04 Q=5
2026-01-08 19:38:13,914 - INFO - [GINSLIB] processing : 2020/10/04 03:51:05 Q=5
2026-01-08 19:38:13,914 - INFO - [GINSLIB] processing : 2020/10/04 03:51:06 Q=5
2026-01-08 19:38:13,914 - INFO - [GINSLIB] processing : 2020/10/04 03:51:07 Q=5
2026-01-08 19:38:13,914 - INFO - [GINSLIB] processing : 2020/10/04 03:51:08 Q=5
2026-01-08 19:38:13,915 - INFO - [GINSLIB] processing : 2020/10/04 03:51:09 Q=5
2026-01-08 19:38:13,915 - INFO - [GINSLIB] processing : 2020/10/04 03:51:10 Q=5
2026-01-08 19:38:13,915 - INFO - [GINSLIB] processing : 2020/10/04 03:51:11 Q=5
2026-01-08 19:38:13,915 - INFO - [GINSLIB] processing : 2020/10/04 03:51:12 Q=5
2026-01-08 19:38:13,915 - INFO - [GINSLIB] processing : 2020/10/04 03:51:13 Q=5
2026-01-08 19:38:13,915 - INFO - [GINSLIB] processing : 2020/10/04 03:51:14 Q=5
2026-01-08 19:38:13,916 - INFO - [GINSLIB] processing : 2020/10/04 03:51:15 Q=5
2026-01-08 19:38:13,916 - INFO - [GINSLIB] processing : 2020/10/04 03:51:16 Q=5
2026-01-08 19:38:13,916 - INFO - [GINSLIB] processing : 2020/10/04 03:51:17 Q=5
2026-01-08 19:38:13,916 - INFO - [GINSLIB] processing : 2020/10/04 03:51:18 Q=5
2026-01-08 19:38:13,916 - INFO - [GINSLIB] processing : 2020/10/04 03:51:19 Q=5
2026-01-08 19:38:13,916 - INFO - [GINSLIB] processing : 2020/10/04 03:51:20 Q=5
2026-01-08 19:38:13,917 - INFO - [GINSLIB] processing : 2020/10/04 03:51:21 Q=5
2026-01-08 19:38:13,917 - INFO - [GINSLIB] processing : 2020/10/04 03:51:22 Q=5
2026-01-08 19:38:13,917 - INFO - [GINSLIB] processing : 2020/10/04 03:51:23 Q=5
2026-01-08 19:38:13,917 - INFO - [GINSLIB] processing : 2020/10/04 03:51:24 Q=5
2026-01-08 19:38:13,917 - INFO - [GINSLIB] processing : 2020/10/04 03:51:25 Q=5
2026-01-08 19:38:13,917 - INFO - [GINSLIB] processing : 2020/10/04 03:51:26 Q=5
2026-01-08 19:38:13,918 - INFO - [GINSLIB] processing : 2020/10/04 03:51:27 Q=5
2026-01-08 19:38:13,918 - INFO - [GINSLIB] processing : 2020/10/04 03:51:28 Q=5
2026-01-08 19:38:13,918 - INFO - [GINSLIB] processing : 2020/10/04 03:51:29 Q=5
2026-01-08 19:38:13,918 - INFO - [GINSLIB] processing : 2020/10/04 03:51:30 Q=5
2026-01-08 19:38:13,918 - INFO - [GINSLIB] processing : 2020/10/04 03:51:31 Q=5
2026-01-08 19:38:13,918 - INFO - [GINSLIB] processing : 2020/10/04 03:51:32 Q=5
2026-01-08 19:38:13,918 - INFO - [GINSLIB] processing : 2020/10/04 03:51:33 Q=5
2026-01-08 19:38:13,918 - INFO - [GINSLIB] processing : 2020/10/04 03:51:34 Q=5
2026-01-08 19:38:13,918 - INFO - [GINSLIB] processing : 2020/10/04 03:51:35 Q=5
2026-01-08 19:38:13,919 - INFO - [GINSLIB] processing : 2020/10/04 03:51:36 Q=5
2026-01-08 19:38:13,919 - INFO - [GINSLIB] processing : 2020/10/04 03:51:37 Q=5
2026-01-08 19:38:13,919 - INFO - [GINSLIB] processing : 2020/10/04 03:51:38 Q=5
2026-01-08 19:38:13,919 - INFO - [GINSLIB] processing : 2020/10/04 03:51:39 Q=5
2026-01-08 19:38:13,919 - INFO - [GINSLIB] processing : 2020/10/04 03:51:40 Q=5
2026-01-08 19:38:13,919 - INFO - [GINSLIB] processing : 2020/10/04 03:51:41 Q=5
2026-01-08 19:38:13,919 - INFO - [GINSLIB] processing : 2020/10/04 03:51:42 Q=5
2026-01-08 19:38:13,919 - INFO - [GINSLIB] processing : 2020/10/04 03:51:43 Q=5
2026-01-08 19:38:13,919 - INFO - [GINSLIB] processing : 2020/10/04 03:51:44 Q=5
2026-01-08 19:38:13,920 - INFO - [GINSLIB] processing : 2020/10/04 03:51:45 Q=5
2026-01-08 19:38:13,920 - INFO - [GINSLIB] processing : 2020/10/04 03:51:46 Q=5
2026-01-08 19:38:13,920 - INFO - [GINSLIB] processing : 2020/10/04 03:51:47 Q=5
2026-01-08 19:38:13,920 - INFO - [GINSLIB] processing : 2020/10/04 03:51:48 Q=5
2026-01-08 19:38:13,920 - INFO - [GINSLIB] processing : 2020/10/04 03:51:49 Q=5
2026-01-08 19:38:13,920 - INFO - [GINSLIB] processing : 2020/10/04 03:51:50 Q=5
2026-01-08 19:38:13,921 - INFO - [GINSLIB] processing : 2020/10/04 03:51:51 Q=5
2026-01-08 19:38:13,921 - INFO - [GINSLIB] processing : 2020/10/04 03:51:52 Q=5
2026-01-08 19:38:13,921 - INFO - [GINSLIB] processing : 2020/10/04 03:51:53 Q=5
2026-01-08 19:38:13,921 - INFO - [GINSLIB] processing : 2020/10/04 03:51:54 Q=5
2026-01-08 19:38:13,921 - INFO - [GINSLIB] processing : 2020/10/04 03:51:55 Q=5
2026-01-08 19:38:13,921 - INFO - [GINSLIB] processing : 2020/10/04 03:51:56 Q=5
2026-01-08 19:38:13,921 - INFO - [GINSLIB] processing : 2020/10/04 03:51:57 Q=5
2026-01-08 19:38:13,921 - INFO - [GINSLIB] processing : 2020/10/04 03:51:58 Q=5
2026-01-08 19:38:13,922 - INFO - [GINSLIB] processing : 2020/10/04 03:51:59 Q=5
2026-01-08 19:38:13,922 - INFO - [GINSLIB] processing : 2020/10/04 03:52:00 Q=5
2026-01-08 19:38:13,922 - INFO - [GINSLIB] processing : 2020/10/04 03:52:01 Q=5
2026-01-08 19:38:13,922 - INFO - [GINSLIB] processing : 2020/10/04 03:52:02 Q=5
2026-01-08 19:38:13,922 - INFO - [GINSLIB] processing : 2020/10/04 03:52:03 Q=5
2026-01-08 19:38:13,922 - INFO - [GINSLIB] processing : 2020/10/04 03:52:04 Q=5
2026-01-08 19:38:13,922 - INFO - [GINSLIB] processing : 2020/10/04 03:52:05 Q=5
2026-01-08 19:38:13,922 - INFO - [GINSLIB] processing : 2020/10/04 03:52:06 Q=5
2026-01-08 19:38:13,922 - INFO - [GINSLIB] processing : 2020/10/04 03:52:07 Q=5
2026-01-08 19:38:13,922 - INFO - [GINSLIB] processing : 2020/10/04 03:52:08 Q=5
2026-01-08 19:38:13,922 - INFO - [GINSLIB] processing : 2020/10/04 03:52:09 Q=5
2026-01-08 19:38:13,923 - INFO - [GINSLIB] processing : 2020/10/04 03:52:10 Q=5
2026-01-08 19:38:13,923 - INFO - [GINSLIB] processing : 2020/10/04 03:52:11 Q=5
2026-01-08 19:38:13,923 - INFO - [GINSLIB] processing : 2020/10/04 03:52:12 Q=5
2026-01-08 19:38:13,923 - INFO - [GINSLIB] processing : 2020/10/04 03:52:13 Q=5
2026-01-08 19:38:13,923 - INFO - [GINSLIB] processing : 2020/10/04 03:52:14 Q=5
2026-01-08 19:38:13,923 - INFO - [GINSLIB] processing : 2020/10/04 03:52:15 Q=5
2026-01-08 19:38:13,924 - INFO - [GINSLIB] processing : 2020/10/04 03:52:16 Q=5
2026-01-08 19:38:13,924 - INFO - [GINSLIB] processing : 2020/10/04 03:52:17 Q=5
2026-01-08 19:38:13,924 - INFO - [GINSLIB] processing : 2020/10/04 03:52:18 Q=5
2026-01-08 19:38:13,924 - INFO - [GINSLIB] processing : 2020/10/04 03:52:19 Q=5
2026-01-08 19:38:13,924 - INFO - [GINSLIB] processing : 2020/10/04 03:52:20 Q=5
2026-01-08 19:38:13,924 - INFO - [GINSLIB] processing : 2020/10/04 03:52:21 Q=5
2026-01-08 19:38:13,925 - INFO - [GINSLIB] processing : 2020/10/04 03:52:22 Q=5
2026-01-08 19:38:13,925 - INFO - [GINSLIB] processing : 2020/10/04 03:52:23 Q=5
2026-01-08 19:38:13,925 - INFO - [GINSLIB] processing : 2020/10/04 03:52:24 Q=5
2026-01-08 19:38:13,925 - INFO - [GINSLIB] processing : 2020/10/04 03:52:25 Q=5
2026-01-08 19:38:13,925 - INFO - [GINSLIB] processing : 2020/10/04 03:52:26 Q=5
2026-01-08 19:38:13,926 - INFO - [GINSLIB] processing : 2020/10/04 03:52:27 Q=5
2026-01-08 19:38:13,926 - INFO - [GINSLIB] processing : 2020/10/04 03:52:28 Q=5
2026-01-08 19:38:13,926 - INFO - [GINSLIB] processing : 2020/10/04 03:52:29 Q=5
2026-01-08 19:38:14,245 - INFO - [GINSLIB] processing : 2020/10/04 03:52:30 Q=5
2026-01-08 19:38:14,245 - INFO - [GINSLIB] processing : 2020/10/04 03:52:31 Q=5
2026-01-08 19:38:14,245 - INFO - [GINSLIB] processing : 2020/10/04 03:52:32 Q=5
2026-01-08 19:38:14,246 - INFO - [GINSLIB] processing : 2020/10/04 03:52:33 Q=5
2026-01-08 19:38:14,246 - INFO - [GINSLIB] processing : 2020/10/04 03:52:34 Q=5
2026-01-08 19:38:14,246 - INFO - [GINSLIB] processing : 2020/10/04 03:52:35 Q=5
2026-01-08 19:38:14,247 - INFO - [GINSLIB] processing : 2020/10/04 03:52:36 Q=5
2026-01-08 19:38:14,247 - INFO - [GINSLIB] processing : 2020/10/04 03:52:37 Q=5
2026-01-08 19:38:14,247 - INFO - [GINSLIB] processing : 2020/10/04 03:52:38 Q=5
2026-01-08 19:38:14,247 - INFO - [GINSLIB] processing : 2020/10/04 03:52:39 Q=5
2026-01-08 19:38:14,247 - INFO - [GINSLIB] processing : 2020/10/04 03:52:40 Q=5
2026-01-08 19:38:14,248 - INFO - [GINSLIB] processing : 2020/10/04 03:52:41 Q=5
2026-01-08 19:38:14,248 - INFO - [GINSLIB] processing : 2020/10/04 03:52:42 Q=5
2026-01-08 19:38:14,248 - INFO - [GINSLIB] processing : 2020/10/04 03:52:43 Q=5
2026-01-08 19:38:14,249 - INFO - [GINSLIB] processing : 2020/10/04 03:52:44 Q=5
2026-01-08 19:38:14,249 - INFO - [GINSLIB] processing : 2020/10/04 03:52:45 Q=5
2026-01-08 19:38:14,249 - INFO - [GINSLIB] processing : 2020/10/04 03:52:46 Q=5
2026-01-08 19:38:14,249 - INFO - [GINSLIB] processing : 2020/10/04 03:52:47 Q=5
2026-01-08 19:38:14,250 - INFO - [GINSLIB] processing : 2020/10/04 03:52:48 Q=5
2026-01-08 19:38:14,250 - INFO - [GINSLIB] processing : 2020/10/04 03:52:49 Q=5
2026-01-08 19:38:14,250 - INFO - [GINSLIB] processing : 2020/10/04 03:52:50 Q=5
2026-01-08 19:38:14,250 - INFO - [GINSLIB] processing : 2020/10/04 03:52:51 Q=5
2026-01-08 19:38:14,250 - INFO - [GINSLIB] processing : 2020/10/04 03:52:52 Q=5
2026-01-08 19:38:14,251 - INFO - [GINSLIB] processing : 2020/10/04 03:52:53 Q=5
2026-01-08 19:38:14,251 - INFO - [GINSLIB] processing : 2020/10/04 03:52:54 Q=5
2026-01-08 19:38:14,251 - INFO - [GINSLIB] processing : 2020/10/04 03:52:55 Q=5
2026-01-08 19:38:14,251 - INFO - [GINSLIB] processing : 2020/10/04 03:52:56 Q=5
2026-01-08 19:38:14,251 - INFO - [GINSLIB] processing : 2020/10/04 03:52:57 Q=5
2026-01-08 19:38:14,252 - INFO - [GINSLIB] processing : 2020/10/04 03:52:58 Q=5
2026-01-08 19:38:14,252 - INFO - [GINSLIB] processing : 2020/10/04 03:52:59 Q=5
2026-01-08 19:38:14,252 - INFO - [GINSLIB] processing : 2020/10/04 03:53:00 Q=5
2026-01-08 19:38:14,252 - INFO - [GINSLIB] processing : 2020/10/04 03:53:01 Q=5
2026-01-08 19:38:14,252 - INFO - [GINSLIB] processing : 2020/10/04 03:53:02 Q=5
2026-01-08 19:38:14,253 - INFO - [GINSLIB] processing : 2020/10/04 03:53:03 Q=5
2026-01-08 19:38:14,253 - INFO - [GINSLIB] processing : 2020/10/04 03:53:04 Q=5
2026-01-08 19:38:14,253 - INFO - [GINSLIB] processing : 2020/10/04 03:53:05 Q=5
2026-01-08 19:38:14,253 - INFO - [GINSLIB] processing : 2020/10/04 03:53:06 Q=5
2026-01-08 19:38:14,253 - INFO - [GINSLIB] processing : 2020/10/04 03:53:07 Q=5
2026-01-08 19:38:14,253 - INFO - [GINSLIB] processing : 2020/10/04 03:53:08 Q=5
2026-01-08 19:38:14,254 - INFO - [GINSLIB] processing : 2020/10/04 03:53:09 Q=5
2026-01-08 19:38:14,254 - INFO - [GINSLIB] processing : 2020/10/04 03:53:10 Q=5
2026-01-08 19:38:14,254 - INFO - [GINSLIB] processing : 2020/10/04 03:53:11 Q=5
2026-01-08 19:38:14,254 - INFO - [GINSLIB] processing : 2020/10/04 03:53:12 Q=5
2026-01-08 19:38:14,260 - INFO - [GINSLIB] processing : 2020/10/04 03:53:13 Q=5
2026-01-08 19:38:14,260 - INFO - [GINSLIB] processing : 2020/10/04 03:53:14 Q=5
2026-01-08 19:38:14,260 - INFO - [GINSLIB] processing : 2020/10/04 03:53:15 Q=5
2026-01-08 19:38:14,260 - INFO - [GINSLIB] processing : 2020/10/04 03:53:16 Q=5
2026-01-08 19:38:14,260 - INFO - [GINSLIB] processing : 2020/10/04 03:53:17 Q=5
2026-01-08 19:38:14,261 - INFO - [GINSLIB] processing : 2020/10/04 03:53:18 Q=5
2026-01-08 19:38:14,261 - INFO - [GINSLIB] processing : 2020/10/04 03:53:19 Q=5
2026-01-08 19:38:14,261 - INFO - [GINSLIB] processing : 2020/10/04 03:53:20 Q=5
2026-01-08 19:38:14,261 - INFO - [GINSLIB] processing : 2020/10/04 03:53:21 Q=5
2026-01-08 19:38:14,261 - INFO - [GINSLIB] processing : 2020/10/04 03:53:22 Q=5
2026-01-08 19:38:14,261 - INFO - [GINSLIB] processing : 2020/10/04 03:53:23 Q=5
2026-01-08 19:38:14,262 - INFO - [GINSLIB] processing : 2020/10/04 03:53:24 Q=5
2026-01-08 19:38:14,262 - INFO - [GINSLIB] processing : 2020/10/04 03:53:25 Q=5
2026-01-08 19:38:14,262 - INFO - [GINSLIB] processing : 2020/10/04 03:53:26 Q=5
2026-01-08 19:38:14,262 - INFO - [GINSLIB] processing : 2020/10/04 03:53:27 Q=5
2026-01-08 19:38:14,262 - INFO - [GINSLIB] processing : 2020/10/04 03:53:28 Q=5
2026-01-08 19:38:14,263 - INFO - [GINSLIB] processing : 2020/10/04 03:53:29 Q=5
2026-01-08 19:38:14,263 - INFO - [GINSLIB] processing : 2020/10/04 03:53:30 Q=5
2026-01-08 19:38:14,263 - INFO - [GINSLIB] processing : 2020/10/04 03:53:31 Q=5
2026-01-08 19:38:14,263 - INFO - [GINSLIB] processing : 2020/10/04 03:53:32 Q=5
2026-01-08 19:38:14,263 - INFO - [GINSLIB] processing : 2020/10/04 03:53:33 Q=5
2026-01-08 19:38:14,264 - INFO - [GINSLIB] processing : 2020/10/04 03:53:34 Q=5
2026-01-08 19:38:14,264 - INFO - [GINSLIB] processing : 2020/10/04 03:53:35 Q=5
2026-01-08 19:38:14,264 - INFO - [GINSLIB] processing : 2020/10/04 03:53:36 Q=5
2026-01-08 19:38:14,264 - INFO - [GINSLIB] processing : 2020/10/04 03:53:37 Q=5
2026-01-08 19:38:14,264 - INFO - [GINSLIB] processing : 2020/10/04 03:53:38 Q=5
2026-01-08 19:38:14,264 - INFO - [GINSLIB] processing : 2020/10/04 03:53:39 Q=5
2026-01-08 19:38:14,265 - INFO - [GINSLIB] processing : 2020/10/04 03:53:40 Q=5
2026-01-08 19:38:14,265 - INFO - [GINSLIB] processing : 2020/10/04 03:53:41 Q=5
2026-01-08 19:38:14,265 - INFO - [GINSLIB] processing : 2020/10/04 03:53:42 Q=5
2026-01-08 19:38:14,265 - INFO - [GINSLIB] processing : 2020/10/04 03:53:43 Q=5
2026-01-08 19:38:14,265 - INFO - [GINSLIB] processing : 2020/10/04 03:53:44 Q=5
2026-01-08 19:38:14,265 - INFO - [GINSLIB] processing : 2020/10/04 03:53:45 Q=5
2026-01-08 19:38:14,266 - INFO - [GINSLIB] processing : 2020/10/04 03:53:46 Q=5
2026-01-08 19:38:14,266 - INFO - [GINSLIB] processing : 2020/10/04 03:53:47 Q=5
2026-01-08 19:38:14,266 - INFO - [GINSLIB] processing : 2020/10/04 03:53:48 Q=5
2026-01-08 19:38:14,266 - INFO - [GINSLIB] processing : 2020/10/04 03:53:49 Q=5
2026-01-08 19:38:14,266 - INFO - [GINSLIB] processing : 2020/10/04 03:53:50 Q=5
2026-01-08 19:38:14,266 - INFO - [GINSLIB] processing : 2020/10/04 03:53:51 Q=5
2026-01-08 19:38:14,266 - INFO - [GINSLIB] processing : 2020/10/04 03:53:52 Q=5
2026-01-08 19:38:14,266 - INFO - [GINSLIB] processing : 2020/10/04 03:53:53 Q=5
2026-01-08 19:38:14,267 - INFO - [GINSLIB] processing : 2020/10/04 03:53:54 Q=5
2026-01-08 19:38:14,267 - INFO - [GINSLIB] processing : 2020/10/04 03:53:55 Q=5
2026-01-08 19:38:14,267 - INFO - [GINSLIB] processing : 2020/10/04 03:53:56 Q=5
2026-01-08 19:38:14,267 - INFO - [GINSLIB] processing : 2020/10/04 03:53:57 Q=5
2026-01-08 19:38:14,267 - INFO - [GINSLIB] processing : 2020/10/04 03:53:58 Q=5
2026-01-08 19:38:14,267 - INFO - [GINSLIB] processing : 2020/10/04 03:53:59 Q=5
2026-01-08 19:38:14,267 - INFO - [GINSLIB] processing : 2020/10/04 03:54:00 Q=5
2026-01-08 19:38:14,267 - INFO - [GINSLIB] processing : 2020/10/04 03:54:01 Q=5
2026-01-08 19:38:14,267 - INFO - [GINSLIB] processing : 2020/10/04 03:54:02 Q=5
2026-01-08 19:38:14,267 - INFO - [GINSLIB] processing : 2020/10/04 03:54:03 Q=5
2026-01-08 19:38:14,268 - INFO - [GINSLIB] processing : 2020/10/04 03:54:04 Q=5
2026-01-08 19:38:14,268 - INFO - [GINSLIB] processing : 2020/10/04 03:54:05 Q=5
2026-01-08 19:38:14,268 - INFO - [GINSLIB] processing : 2020/10/04 03:54:06 Q=5
2026-01-08 19:38:14,268 - INFO - [GINSLIB] processing : 2020/10/04 03:54:07 Q=5
2026-01-08 19:38:14,268 - INFO - [GINSLIB] processing : 2020/10/04 03:54:08 Q=5
2026-01-08 19:38:14,268 - INFO - [GINSLIB] processing : 2020/10/04 03:54:09 Q=5
2026-01-08 19:38:14,268 - INFO - [GINSLIB] processing : 2020/10/04 03:54:10 Q=5
2026-01-08 19:38:14,268 - INFO - [GINSLIB] processing : 2020/10/04 03:54:11 Q=5
2026-01-08 19:38:14,268 - INFO - [GINSLIB] processing : 2020/10/04 03:54:12 Q=5
2026-01-08 19:38:14,268 - INFO - [GINSLIB] processing : 2020/10/04 03:54:13 Q=5
2026-01-08 19:38:14,269 - INFO - [GINSLIB] processing : 2020/10/04 03:54:14 Q=5
2026-01-08 19:38:14,269 - INFO - [GINSLIB] processing : 2020/10/04 03:54:15 Q=5
2026-01-08 19:38:14,269 - INFO - [GINSLIB] processing : 2020/10/04 03:54:16 Q=5
2026-01-08 19:38:14,269 - INFO - [GINSLIB] processing : 2020/10/04 03:54:17 Q=5
2026-01-08 19:38:14,269 - INFO - [GINSLIB] processing : 2020/10/04 03:54:18 Q=5
2026-01-08 19:38:14,269 - INFO - [GINSLIB] processing : 2020/10/04 03:54:19 Q=5
2026-01-08 19:38:14,269 - INFO - [GINSLIB] processing : 2020/10/04 03:54:20 Q=5
2026-01-08 19:38:14,591 - INFO - [GINSLIB] processing : 2020/10/04 03:54:21 Q=5
2026-01-08 19:38:14,591 - INFO - [GINSLIB] processing : 2020/10/04 03:54:22 Q=5
2026-01-08 19:38:14,591 - INFO - [GINSLIB] processing : 2020/10/04 03:54:23 Q=5
2026-01-08 19:38:14,592 - INFO - [GINSLIB] processing : 2020/10/04 03:54:24 Q=5
2026-01-08 19:38:14,592 - INFO - [GINSLIB] processing : 2020/10/04 03:54:25 Q=5
2026-01-08 19:38:14,592 - INFO - [GINSLIB] processing : 2020/10/04 03:54:26 Q=5
2026-01-08 19:38:14,592 - INFO - [GINSLIB] processing : 2020/10/04 03:54:27 Q=5
2026-01-08 19:38:14,592 - INFO - [GINSLIB] processing : 2020/10/04 03:54:28 Q=5
2026-01-08 19:38:14,592 - INFO - [GINSLIB] processing : 2020/10/04 03:54:29 Q=5
2026-01-08 19:38:14,593 - INFO - [GINSLIB] processing : 2020/10/04 03:54:30 Q=5
2026-01-08 19:38:14,593 - INFO - [GINSLIB] processing : 2020/10/04 03:54:31 Q=5
2026-01-08 19:38:14,593 - INFO - [GINSLIB] processing : 2020/10/04 03:54:32 Q=5
2026-01-08 19:38:14,593 - INFO - [GINSLIB] processing : 2020/10/04 03:54:33 Q=5
2026-01-08 19:38:14,593 - INFO - [GINSLIB] processing : 2020/10/04 03:54:34 Q=5
2026-01-08 19:38:14,593 - INFO - [GINSLIB] processing : 2020/10/04 03:54:35 Q=5
2026-01-08 19:38:14,594 - INFO - [GINSLIB] processing : 2020/10/04 03:54:36 Q=5
2026-01-08 19:38:14,594 - INFO - [GINSLIB] processing : 2020/10/04 03:54:37 Q=5
2026-01-08 19:38:14,594 - INFO - [GINSLIB] processing : 2020/10/04 03:54:38 Q=5
2026-01-08 19:38:14,594 - INFO - [GINSLIB] processing : 2020/10/04 03:54:39 Q=5
2026-01-08 19:38:14,594 - INFO - [GINSLIB] processing : 2020/10/04 03:54:40 Q=5
2026-01-08 19:38:14,594 - INFO - [GINSLIB] processing : 2020/10/04 03:54:41 Q=5
2026-01-08 19:38:14,594 - INFO - [GINSLIB] processing : 2020/10/04 03:54:42 Q=5
2026-01-08 19:38:14,594 - INFO - [GINSLIB] processing : 2020/10/04 03:54:43 Q=5
2026-01-08 19:38:14,595 - INFO - [GINSLIB] processing : 2020/10/04 03:54:44 Q=5
2026-01-08 19:38:14,595 - INFO - [GINSLIB] processing : 2020/10/04 03:54:45 Q=5
2026-01-08 19:38:14,595 - INFO - [GINSLIB] processing : 2020/10/04 03:54:46 Q=5
2026-01-08 19:38:14,595 - INFO - [GINSLIB] processing : 2020/10/04 03:54:47 Q=5
2026-01-08 19:38:14,595 - INFO - [GINSLIB] processing : 2020/10/04 03:54:48 Q=5
2026-01-08 19:38:14,595 - INFO - [GINSLIB] processing : 2020/10/04 03:54:49 Q=5
2026-01-08 19:38:14,595 - INFO - [GINSLIB] processing : 2020/10/04 03:54:50 Q=5
2026-01-08 19:38:14,595 - INFO - [GINSLIB] processing : 2020/10/04 03:54:51 Q=5
2026-01-08 19:38:14,596 - INFO - [GINSLIB] processing : 2020/10/04 03:54:52 Q=5
2026-01-08 19:38:14,596 - INFO - [GINSLIB] processing : 2020/10/04 03:54:53 Q=5
2026-01-08 19:38:14,596 - INFO - [GINSLIB] processing : 2020/10/04 03:54:54 Q=5
2026-01-08 19:38:14,596 - INFO - [GINSLIB] processing : 2020/10/04 03:54:55 Q=5
2026-01-08 19:38:14,596 - INFO - [GINSLIB] processing : 2020/10/04 03:54:56 Q=5
2026-01-08 19:38:14,596 - INFO - [GINSLIB] processing : 2020/10/04 03:54:57 Q=5
2026-01-08 19:38:14,596 - INFO - [GINSLIB] processing : 2020/10/04 03:54:58 Q=5
2026-01-08 19:38:14,596 - INFO - [GINSLIB] processing : 2020/10/04 03:54:59 Q=5
2026-01-08 19:38:14,596 - INFO - [GINSLIB] processing : 2020/10/04 03:55:00 Q=5
2026-01-08 19:38:14,596 - INFO - [GINSLIB] processing : 2020/10/04 03:55:01 Q=5
2026-01-08 19:38:14,596 - INFO - [GINSLIB] processing : 2020/10/04 03:55:02 Q=5
2026-01-08 19:38:14,597 - INFO - [GINSLIB] processing : 2020/10/04 03:55:03 Q=5
2026-01-08 19:38:14,597 - INFO - [GINSLIB] processing : 2020/10/04 03:55:04 Q=5
2026-01-08 19:38:14,597 - INFO - [GINSLIB] processing : 2020/10/04 03:55:05 Q=5
2026-01-08 19:38:14,597 - INFO - [GINSLIB] processing : 2020/10/04 03:55:06 Q=5
2026-01-08 19:38:14,597 - INFO - [GINSLIB] processing : 2020/10/04 03:55:07 Q=5
2026-01-08 19:38:14,597 - INFO - [GINSLIB] processing : 2020/10/04 03:55:08 Q=0
2026-01-08 19:38:14,597 - INFO - [GINSLIB] processing : 2020/10/04 03:55:09 Q=5
2026-01-08 19:38:14,597 - INFO - [GINSLIB] processing : 2020/10/04 03:55:10 Q=5
2026-01-08 19:38:14,597 - INFO - [GINSLIB] processing : 2020/10/04 03:55:11 Q=0
2026-01-08 19:38:14,597 - INFO - [GINSLIB] processing : 2020/10/04 03:55:12 Q=0
2026-01-08 19:38:14,597 - INFO - [GINSLIB] processing : 2020/10/04 03:55:13 Q=5
2026-01-08 19:38:14,598 - INFO - [GINSLIB] processing : 2020/10/04 03:55:14 Q=5
2026-01-08 19:38:14,598 - INFO - [GINSLIB] processing : 2020/10/04 03:55:15 Q=0
2026-01-08 19:38:14,598 - INFO - [GINSLIB] processing : 2020/10/04 03:55:16 Q=5
2026-01-08 19:38:14,598 - INFO - [GINSLIB] processing : 2020/10/04 03:55:17 Q=5
2026-01-08 19:38:14,598 - INFO - [GINSLIB] processing : 2020/10/04 03:55:18 Q=5
2026-01-08 19:38:14,598 - INFO - [GINSLIB] processing : 2020/10/04 03:55:19 Q=5
2026-01-08 19:38:14,598 - INFO - [GINSLIB] processing : 2020/10/04 03:55:20 Q=5
2026-01-08 19:38:14,598 - INFO - [GINSLIB] processing : 2020/10/04 03:55:21 Q=5
2026-01-08 19:38:14,598 - INFO - [GINSLIB] processing : 2020/10/04 03:55:22 Q=5
2026-01-08 19:38:14,598 - INFO - [GINSLIB] processing : 2020/10/04 03:55:23 Q=5
2026-01-08 19:38:14,598 - INFO - [GINSLIB] processing : 2020/10/04 03:55:24 Q=5
2026-01-08 19:38:14,599 - INFO - [GINSLIB] processing : 2020/10/04 03:55:25 Q=5
2026-01-08 19:38:14,599 - INFO - [GINSLIB] processing : 2020/10/04 03:55:26 Q=5
2026-01-08 19:38:14,599 - INFO - [GINSLIB] processing : 2020/10/04 03:55:27 Q=5
2026-01-08 19:38:14,599 - INFO - [GINSLIB] processing : 2020/10/04 03:55:28 Q=5
2026-01-08 19:38:14,599 - INFO - [GINSLIB] processing : 2020/10/04 03:55:29 Q=5
2026-01-08 19:38:14,599 - INFO - [GINSLIB] processing : 2020/10/04 03:55:30 Q=5
2026-01-08 19:38:14,599 - INFO - [GINSLIB] processing : 2020/10/04 03:55:31 Q=5
2026-01-08 19:38:14,599 - INFO - [GINSLIB] processing : 2020/10/04 03:55:32 Q=5
2026-01-08 19:38:14,599 - INFO - [GINSLIB] processing : 2020/10/04 03:55:33 Q=5
2026-01-08 19:38:14,599 - INFO - [GINSLIB] processing : 2020/10/04 03:55:34 Q=5
2026-01-08 19:38:14,599 - INFO - [GINSLIB] processing : 2020/10/04 03:55:35 Q=5
2026-01-08 19:38:14,600 - INFO - [GINSLIB] processing : 2020/10/04 03:55:36 Q=5
2026-01-08 19:38:14,600 - INFO - [GINSLIB] processing : 2020/10/04 03:55:37 Q=5
2026-01-08 19:38:14,600 - INFO - [GINSLIB] processing : 2020/10/04 03:55:38 Q=5
2026-01-08 19:38:14,600 - INFO - [GINSLIB] processing : 2020/10/04 03:55:39 Q=5
2026-01-08 19:38:14,600 - INFO - [GINSLIB] processing : 2020/10/04 03:55:40 Q=5
2026-01-08 19:38:14,600 - INFO - [GINSLIB] processing : 2020/10/04 03:55:41 Q=5
2026-01-08 19:38:14,600 - INFO - [GINSLIB] processing : 2020/10/04 03:55:42 Q=5
2026-01-08 19:38:14,600 - INFO - [GINSLIB] processing : 2020/10/04 03:55:43 Q=5
2026-01-08 19:38:14,600 - INFO - [GINSLIB] processing : 2020/10/04 03:55:44 Q=5
2026-01-08 19:38:14,600 - INFO - [GINSLIB] processing : 2020/10/04 03:55:45 Q=5
2026-01-08 19:38:14,600 - INFO - [GINSLIB] processing : 2020/10/04 03:55:46 Q=5
2026-01-08 19:38:14,601 - INFO - [GINSLIB] processing : 2020/10/04 03:55:47 Q=5
2026-01-08 19:38:14,601 - INFO - [GINSLIB] processing : 2020/10/04 03:55:48 Q=5
2026-01-08 19:38:14,601 - INFO - [GINSLIB] processing : 2020/10/04 03:55:49 Q=5
2026-01-08 19:38:14,601 - INFO - [GINSLIB] processing : 2020/10/04 03:55:50 Q=5
2026-01-08 19:38:14,601 - INFO - [GINSLIB] processing : 2020/10/04 03:55:51 Q=5
2026-01-08 19:38:14,601 - INFO - [GINSLIB] processing : 2020/10/04 03:55:52 Q=5
2026-01-08 19:38:14,601 - INFO - [GINSLIB] processing : 2020/10/04 03:55:53 Q=5
2026-01-08 19:38:14,601 - INFO - [GINSLIB] processing : 2020/10/04 03:55:54 Q=0
2026-01-08 19:38:14,601 - INFO - [GINSLIB] processing : 2020/10/04 03:55:55 Q=5
2026-01-08 19:38:14,601 - INFO - [GINSLIB] processing : 2020/10/04 03:55:56 Q=5
2026-01-08 19:38:14,601 - INFO - [GINSLIB] processing : 2020/10/04 03:55:57 Q=5
2026-01-08 19:38:14,602 - INFO - [GINSLIB] processing : 2020/10/04 03:55:58 Q=5
2026-01-08 19:38:14,602 - INFO - [GINSLIB] processing : 2020/10/04 03:55:59 Q=5
2026-01-08 19:38:14,602 - INFO - [GINSLIB] processing : 2020/10/04 03:56:00 Q=5
2026-01-08 19:38:14,602 - INFO - [GINSLIB] processing : 2020/10/04 03:56:01 Q=5
2026-01-08 19:38:14,602 - INFO - [GINSLIB] processing : 2020/10/04 03:56:02 Q=5
2026-01-08 19:38:14,602 - INFO - [GINSLIB] processing : 2020/10/04 03:56:03 Q=5
2026-01-08 19:38:14,602 - INFO - [GINSLIB] processing : 2020/10/04 03:56:04 Q=5
2026-01-08 19:38:14,602 - INFO - [GINSLIB] processing : 2020/10/04 03:56:05 Q=5
2026-01-08 19:38:14,602 - INFO - [GINSLIB] processing : 2020/10/04 03:56:06 Q=5
2026-01-08 19:38:14,602 - INFO - [GINSLIB] processing : 2020/10/04 03:56:07 Q=5
2026-01-08 19:38:14,602 - INFO - [GINSLIB] processing : 2020/10/04 03:56:08 Q=5
2026-01-08 19:38:14,602 - INFO - [GINSLIB] processing : 2020/10/04 03:56:09 Q=5
2026-01-08 19:38:14,603 - INFO - [GINSLIB] processing : 2020/10/04 03:56:10 Q=5
2026-01-08 19:38:14,930 - INFO - [GINSLIB] processing : 2020/10/04 03:56:11 Q=5
2026-01-08 19:38:14,931 - INFO - [GINSLIB] processing : 2020/10/04 03:56:12 Q=5
2026-01-08 19:38:14,931 - INFO - [GINSLIB] processing : 2020/10/04 03:56:13 Q=5
2026-01-08 19:38:14,931 - INFO - [GINSLIB] processing : 2020/10/04 03:56:14 Q=5
2026-01-08 19:38:14,932 - INFO - [GINSLIB] processing : 2020/10/04 03:56:15 Q=5
2026-01-08 19:38:14,932 - INFO - [GINSLIB] processing : 2020/10/04 03:56:16 Q=5
2026-01-08 19:38:14,932 - INFO - [GINSLIB] processing : 2020/10/04 03:56:17 Q=5
2026-01-08 19:38:14,933 - INFO - [GINSLIB] processing : 2020/10/04 03:56:18 Q=5
2026-01-08 19:38:14,933 - INFO - [GINSLIB] processing : 2020/10/04 03:56:19 Q=5
2026-01-08 19:38:14,933 - INFO - [GINSLIB] processing : 2020/10/04 03:56:20 Q=5
2026-01-08 19:38:14,934 - INFO - [GINSLIB] processing : 2020/10/04 03:56:21 Q=5
2026-01-08 19:38:14,934 - INFO - [GINSLIB] processing : 2020/10/04 03:56:22 Q=5
2026-01-08 19:38:14,934 - INFO - [GINSLIB] processing : 2020/10/04 03:56:23 Q=5
2026-01-08 19:38:14,934 - INFO - [GINSLIB] processing : 2020/10/04 03:56:24 Q=5
2026-01-08 19:38:14,934 - INFO - [GINSLIB] processing : 2020/10/04 03:56:25 Q=5
2026-01-08 19:38:14,935 - INFO - [GINSLIB] processing : 2020/10/04 03:56:26 Q=5
2026-01-08 19:38:14,935 - INFO - [GINSLIB] processing : 2020/10/04 03:56:27 Q=5
2026-01-08 19:38:14,935 - INFO - [GINSLIB] processing : 2020/10/04 03:56:28 Q=5
2026-01-08 19:38:14,935 - INFO - [GINSLIB] processing : 2020/10/04 03:56:29 Q=5
2026-01-08 19:38:14,935 - INFO - [GINSLIB] processing : 2020/10/04 03:56:30 Q=5
2026-01-08 19:38:14,936 - INFO - [GINSLIB] processing : 2020/10/04 03:56:31 Q=5
2026-01-08 19:38:14,936 - INFO - [GINSLIB] processing : 2020/10/04 03:56:32 Q=5
2026-01-08 19:38:14,936 - INFO - [GINSLIB] processing : 2020/10/04 03:56:33 Q=5
2026-01-08 19:38:14,936 - INFO - [GINSLIB] processing : 2020/10/04 03:56:34 Q=5
2026-01-08 19:38:14,937 - INFO - [GINSLIB] processing : 2020/10/04 03:56:35 Q=5
2026-01-08 19:38:14,937 - INFO - [GINSLIB] processing : 2020/10/04 03:56:36 Q=5
2026-01-08 19:38:14,937 - INFO - [GINSLIB] processing : 2020/10/04 03:56:37 Q=5
2026-01-08 19:38:14,937 - INFO - [GINSLIB] processing : 2020/10/04 03:56:38 Q=5
2026-01-08 19:38:14,937 - INFO - [GINSLIB] processing : 2020/10/04 03:56:39 Q=5
2026-01-08 19:38:14,937 - INFO - [GINSLIB] processing : 2020/10/04 03:56:40 Q=5
2026-01-08 19:38:14,937 - INFO - [GINSLIB] processing : 2020/10/04 03:56:41 Q=5
2026-01-08 19:38:14,938 - INFO - [GINSLIB] processing : 2020/10/04 03:56:42 Q=5
2026-01-08 19:38:14,938 - INFO - [GINSLIB] processing : 2020/10/04 03:56:43 Q=5
2026-01-08 19:38:14,938 - INFO - [GINSLIB] processing : 2020/10/04 03:56:44 Q=5
2026-01-08 19:38:14,938 - INFO - [GINSLIB] processing : 2020/10/04 03:56:45 Q=5
2026-01-08 19:38:14,938 - INFO - [GINSLIB] processing : 2020/10/04 03:56:46 Q=5
2026-01-08 19:38:14,938 - INFO - [GINSLIB] processing : 2020/10/04 03:56:47 Q=5
2026-01-08 19:38:14,939 - INFO - [GINSLIB] processing : 2020/10/04 03:56:48 Q=5
2026-01-08 19:38:14,939 - INFO - [GINSLIB] processing : 2020/10/04 03:56:49 Q=5
2026-01-08 19:38:14,939 - INFO - [GINSLIB] processing : 2020/10/04 03:56:50 Q=5
2026-01-08 19:38:14,939 - INFO - [GINSLIB] processing : 2020/10/04 03:56:51 Q=5
2026-01-08 19:38:14,939 - INFO - [GINSLIB] processing : 2020/10/04 03:56:52 Q=5
2026-01-08 19:38:14,940 - INFO - [GINSLIB] processing : 2020/10/04 03:56:53 Q=5
2026-01-08 19:38:14,940 - INFO - [GINSLIB] processing : 2020/10/04 03:56:54 Q=5
2026-01-08 19:38:14,940 - INFO - [GINSLIB] processing : 2020/10/04 03:56:55 Q=5
2026-01-08 19:38:14,940 - INFO - [GINSLIB] processing : 2020/10/04 03:56:56 Q=5
2026-01-08 19:38:14,940 - INFO - [GINSLIB] processing : 2020/10/04 03:56:57 Q=5
2026-01-08 19:38:14,941 - INFO - [GINSLIB] processing : 2020/10/04 03:56:58 Q=5
2026-01-08 19:38:14,941 - INFO - [GINSLIB] processing : 2020/10/04 03:56:59 Q=5
2026-01-08 19:38:14,941 - INFO - [GINSLIB] processing : 2020/10/04 03:57:00 Q=5
2026-01-08 19:38:14,941 - INFO - [GINSLIB] processing : 2020/10/04 03:57:01 Q=5
2026-01-08 19:38:14,941 - INFO - [GINSLIB] processing : 2020/10/04 03:57:02 Q=5
2026-01-08 19:38:14,942 - INFO - [GINSLIB] processing : 2020/10/04 03:57:03 Q=5
2026-01-08 19:38:14,942 - INFO - [GINSLIB] processing : 2020/10/04 03:57:04 Q=5
2026-01-08 19:38:14,942 - INFO - [GINSLIB] processing : 2020/10/04 03:57:05 Q=5
2026-01-08 19:38:14,942 - INFO - [GINSLIB] processing : 2020/10/04 03:57:06 Q=5
2026-01-08 19:38:14,942 - INFO - [GINSLIB] processing : 2020/10/04 03:57:07 Q=5
2026-01-08 19:38:14,942 - INFO - [GINSLIB] processing : 2020/10/04 03:57:08 Q=5
2026-01-08 19:38:14,942 - INFO - [GINSLIB] processing : 2020/10/04 03:57:09 Q=5
2026-01-08 19:38:14,942 - INFO - [GINSLIB] processing : 2020/10/04 03:57:10 Q=5
2026-01-08 19:38:14,943 - INFO - [GINSLIB] processing : 2020/10/04 03:57:11 Q=5
2026-01-08 19:38:14,943 - INFO - [GINSLIB] processing : 2020/10/04 03:57:12 Q=5
2026-01-08 19:38:14,943 - INFO - [GINSLIB] processing : 2020/10/04 03:57:13 Q=5
2026-01-08 19:38:14,943 - INFO - [GINSLIB] processing : 2020/10/04 03:57:14 Q=5
2026-01-08 19:38:14,943 - INFO - [GINSLIB] processing : 2020/10/04 03:57:15 Q=5
2026-01-08 19:38:14,943 - INFO - [GINSLIB] processing : 2020/10/04 03:57:16 Q=5
2026-01-08 19:38:14,943 - INFO - [GINSLIB] processing : 2020/10/04 03:57:17 Q=5
2026-01-08 19:38:14,943 - INFO - [GINSLIB] processing : 2020/10/04 03:57:18 Q=5
2026-01-08 19:38:14,944 - INFO - [GINSLIB] processing : 2020/10/04 03:57:19 Q=5
2026-01-08 19:38:14,944 - INFO - [GINSLIB] processing : 2020/10/04 03:57:20 Q=5
2026-01-08 19:38:14,944 - INFO - [GINSLIB] processing : 2020/10/04 03:57:21 Q=5
2026-01-08 19:38:14,944 - INFO - [GINSLIB] processing : 2020/10/04 03:57:22 Q=5
2026-01-08 19:38:14,944 - INFO - [GINSLIB] processing : 2020/10/04 03:57:23 Q=5
2026-01-08 19:38:14,944 - INFO - [GINSLIB] processing : 2020/10/04 03:57:24 Q=5
2026-01-08 19:38:14,944 - INFO - [GINSLIB] processing : 2020/10/04 03:57:25 Q=5
2026-01-08 19:38:14,945 - INFO - [GINSLIB] processing : 2020/10/04 03:57:26 Q=5
2026-01-08 19:38:14,945 - INFO - [GINSLIB] processing : 2020/10/04 03:57:27 Q=5
2026-01-08 19:38:14,945 - INFO - [GINSLIB] processing : 2020/10/04 03:57:28 Q=5
2026-01-08 19:38:14,945 - INFO - [GINSLIB] processing : 2020/10/04 03:57:29 Q=5
2026-01-08 19:38:14,945 - INFO - [GINSLIB] processing : 2020/10/04 03:57:30 Q=5
2026-01-08 19:38:14,946 - INFO - [GINSLIB] processing : 2020/10/04 03:57:31 Q=5
2026-01-08 19:38:14,946 - INFO - [GINSLIB] processing : 2020/10/04 03:57:32 Q=5
2026-01-08 19:38:14,946 - INFO - [GINSLIB] processing : 2020/10/04 03:57:33 Q=5
2026-01-08 19:38:14,946 - INFO - [GINSLIB] processing : 2020/10/04 03:57:34 Q=5
2026-01-08 19:38:14,946 - INFO - [GINSLIB] processing : 2020/10/04 03:57:35 Q=5
2026-01-08 19:38:14,946 - INFO - [GINSLIB] processing : 2020/10/04 03:57:36 Q=5
2026-01-08 19:38:14,946 - INFO - [GINSLIB] processing : 2020/10/04 03:57:37 Q=5
2026-01-08 19:38:14,946 - INFO - [GINSLIB] processing : 2020/10/04 03:57:38 Q=5
2026-01-08 19:38:14,947 - INFO - [GINSLIB] processing : 2020/10/04 03:57:39 Q=5
2026-01-08 19:38:14,947 - INFO - [GINSLIB] processing : 2020/10/04 03:57:40 Q=5
2026-01-08 19:38:14,947 - INFO - [GINSLIB] processing : 2020/10/04 03:57:41 Q=5
2026-01-08 19:38:14,947 - INFO - [GINSLIB] processing : 2020/10/04 03:57:42 Q=5
2026-01-08 19:38:14,947 - INFO - [GINSLIB] processing : 2020/10/04 03:57:43 Q=5
2026-01-08 19:38:14,948 - INFO - [GINSLIB] processing : 2020/10/04 03:57:44 Q=5
2026-01-08 19:38:14,948 - INFO - [GINSLIB] processing : 2020/10/04 03:57:45 Q=5
2026-01-08 19:38:14,948 - INFO - [GINSLIB] processing : 2020/10/04 03:57:46 Q=5
2026-01-08 19:38:14,948 - INFO - [GINSLIB] processing : 2020/10/04 03:57:47 Q=5
2026-01-08 19:38:14,948 - INFO - [GINSLIB] processing : 2020/10/04 03:57:48 Q=5
2026-01-08 19:38:14,948 - INFO - [GINSLIB] processing : 2020/10/04 03:57:49 Q=5
2026-01-08 19:38:14,949 - INFO - [GINSLIB] processing : 2020/10/04 03:57:50 Q=5
2026-01-08 19:38:14,949 - INFO - [GINSLIB] processing : 2020/10/04 03:57:51 Q=5
2026-01-08 19:38:14,949 - INFO - [GINSLIB] processing : 2020/10/04 03:57:52 Q=5
2026-01-08 19:38:14,949 - INFO - [GINSLIB] processing : 2020/10/04 03:57:53 Q=5
2026-01-08 19:38:14,949 - INFO - [GINSLIB] processing : 2020/10/04 03:57:54 Q=5
2026-01-08 19:38:14,949 - INFO - [GINSLIB] processing : 2020/10/04 03:57:55 Q=5
2026-01-08 19:38:14,949 - INFO - [GINSLIB] processing : 2020/10/04 03:57:56 Q=5
2026-01-08 19:38:14,950 - INFO - [GINSLIB] processing : 2020/10/04 03:57:57 Q=5
2026-01-08 19:38:14,950 - INFO - [GINSLIB] processing : 2020/10/04 03:57:58 Q=5
2026-01-08 19:38:14,950 - INFO - [GINSLIB] processing : 2020/10/04 03:57:59 Q=5
2026-01-08 19:38:14,950 - INFO - [GINSLIB] processing : 2020/10/04 03:58:00 Q=5
2026-01-08 19:38:14,950 - INFO - [GINSLIB] processing : 2020/10/04 03:58:01 Q=5
2026-01-08 19:38:15,241 - INFO - [GINSLIB] processing : 2020/10/04 03:58:02 Q=5
2026-01-08 19:38:15,242 - INFO - [GINSLIB] processing : 2020/10/04 03:58:03 Q=5
2026-01-08 19:38:15,242 - INFO - [GINSLIB] processing : 2020/10/04 03:58:04 Q=5
2026-01-08 19:38:15,242 - INFO - [GINSLIB] processing : 2020/10/04 03:58:05 Q=5
2026-01-08 19:38:15,242 - INFO - [GINSLIB] processing : 2020/10/04 03:58:06 Q=5
2026-01-08 19:38:15,243 - INFO - [GINSLIB] processing : 2020/10/04 03:58:07 Q=5
2026-01-08 19:38:15,243 - INFO - [GINSLIB] processing : 2020/10/04 03:58:08 Q=5
2026-01-08 19:38:15,243 - INFO - [GINSLIB] processing : 2020/10/04 03:58:09 Q=5
2026-01-08 19:38:15,244 - INFO - [GINSLIB] processing : 2020/10/04 03:58:10 Q=5
2026-01-08 19:38:15,244 - INFO - [GINSLIB] processing : 2020/10/04 03:58:11 Q=5
2026-01-08 19:38:15,244 - INFO - [GINSLIB] processing : 2020/10/04 03:58:12 Q=5
2026-01-08 19:38:15,244 - INFO - [GINSLIB] processing : 2020/10/04 03:58:13 Q=5
2026-01-08 19:38:15,244 - INFO - [GINSLIB] processing : 2020/10/04 03:58:14 Q=5
2026-01-08 19:38:15,245 - INFO - [GINSLIB] processing : 2020/10/04 03:58:15 Q=5
2026-01-08 19:38:15,245 - INFO - [GINSLIB] processing : 2020/10/04 03:58:16 Q=5
2026-01-08 19:38:15,245 - INFO - [GINSLIB] processing : 2020/10/04 03:58:17 Q=5
2026-01-08 19:38:15,246 - INFO - [GINSLIB] processing : 2020/10/04 03:58:18 Q=5
2026-01-08 19:38:15,246 - INFO - [GINSLIB] processing : 2020/10/04 03:58:19 Q=5
2026-01-08 19:38:15,246 - INFO - [GINSLIB] processing : 2020/10/04 03:58:20 Q=5
2026-01-08 19:38:15,246 - INFO - [GINSLIB] processing : 2020/10/04 03:58:21 Q=5
2026-01-08 19:38:15,247 - INFO - [GINSLIB] processing : 2020/10/04 03:58:22 Q=5
2026-01-08 19:38:15,247 - INFO - [GINSLIB] processing : 2020/10/04 03:58:23 Q=5
2026-01-08 19:38:15,247 - INFO - [GINSLIB] processing : 2020/10/04 03:58:24 Q=5
2026-01-08 19:38:15,247 - INFO - [GINSLIB] processing : 2020/10/04 03:58:25 Q=5
2026-01-08 19:38:15,247 - INFO - [GINSLIB] processing : 2020/10/04 03:58:26 Q=5
2026-01-08 19:38:15,248 - INFO - [GINSLIB] processing : 2020/10/04 03:58:27 Q=5
2026-01-08 19:38:15,248 - INFO - [GINSLIB] processing : 2020/10/04 03:58:28 Q=5
2026-01-08 19:38:15,248 - INFO - [GINSLIB] processing : 2020/10/04 03:58:29 Q=5
2026-01-08 19:38:15,248 - INFO - [GINSLIB] processing : 2020/10/04 03:58:30 Q=5
2026-01-08 19:38:15,248 - INFO - [GINSLIB] processing : 2020/10/04 03:58:31 Q=5
2026-01-08 19:38:15,248 - INFO - [GINSLIB] processing : 2020/10/04 03:58:32 Q=5
2026-01-08 19:38:15,249 - INFO - [GINSLIB] processing : 2020/10/04 03:58:33 Q=5
2026-01-08 19:38:15,249 - INFO - [GINSLIB] processing : 2020/10/04 03:58:34 Q=5
2026-01-08 19:38:15,249 - INFO - [GINSLIB] processing : 2020/10/04 03:58:35 Q=5
2026-01-08 19:38:15,249 - INFO - [GINSLIB] processing : 2020/10/04 03:58:36 Q=5
2026-01-08 19:38:15,249 - INFO - [GINSLIB] processing : 2020/10/04 03:58:37 Q=5
2026-01-08 19:38:15,249 - INFO - [GINSLIB] processing : 2020/10/04 03:58:38 Q=5
2026-01-08 19:38:15,249 - INFO - [GINSLIB] processing : 2020/10/04 03:58:39 Q=5
2026-01-08 19:38:15,249 - INFO - [GINSLIB] processing : 2020/10/04 03:58:40 Q=5
2026-01-08 19:38:15,249 - INFO - [GINSLIB] processing : 2020/10/04 03:58:41 Q=5
2026-01-08 19:38:15,249 - INFO - [GINSLIB] processing : 2020/10/04 03:58:42 Q=5
2026-01-08 19:38:15,250 - INFO - [GINSLIB] processing : 2020/10/04 03:58:43 Q=5
2026-01-08 19:38:15,250 - INFO - [GINSLIB] processing : 2020/10/04 03:58:44 Q=5
2026-01-08 19:38:15,250 - INFO - [GINSLIB] processing : 2020/10/04 03:58:45 Q=5
2026-01-08 19:38:15,250 - INFO - [GINSLIB] processing : 2020/10/04 03:58:46 Q=5
2026-01-08 19:38:15,250 - INFO - [GINSLIB] processing : 2020/10/04 03:58:47 Q=5
2026-01-08 19:38:15,250 - INFO - [GINSLIB] processing : 2020/10/04 03:58:48 Q=5
2026-01-08 19:38:15,250 - INFO - [GINSLIB] processing : 2020/10/04 03:58:49 Q=5
2026-01-08 19:38:15,250 - INFO - [GINSLIB] processing : 2020/10/04 03:58:50 Q=5
2026-01-08 19:38:15,250 - INFO - [GINSLIB] processing : 2020/10/04 03:58:51 Q=5
2026-01-08 19:38:15,250 - INFO - [GINSLIB] processing : 2020/10/04 03:58:52 Q=5
2026-01-08 19:38:15,251 - INFO - [GINSLIB] processing : 2020/10/04 03:58:53 Q=5
2026-01-08 19:38:15,251 - INFO - [GINSLIB] processing : 2020/10/04 03:58:54 Q=5
2026-01-08 19:38:15,251 - INFO - [GINSLIB] processing : 2020/10/04 03:58:55 Q=5
2026-01-08 19:38:15,251 - INFO - [GINSLIB] processing : 2020/10/04 03:58:56 Q=5
2026-01-08 19:38:15,251 - INFO - [GINSLIB] processing : 2020/10/04 03:58:57 Q=5
2026-01-08 19:38:15,251 - INFO - [GINSLIB] processing : 2020/10/04 03:58:58 Q=5
2026-01-08 19:38:15,251 - INFO - [GINSLIB] processing : 2020/10/04 03:58:59 Q=5
2026-01-08 19:38:15,251 - INFO - [GINSLIB] processing : 2020/10/04 03:59:00 Q=5
2026-01-08 19:38:15,252 - INFO - [GINSLIB] processing : 2020/10/04 03:59:01 Q=5
2026-01-08 19:38:15,252 - INFO - [GINSLIB] processing : 2020/10/04 03:59:02 Q=5
2026-01-08 19:38:15,252 - INFO - [GINSLIB] processing : 2020/10/04 03:59:03 Q=5
2026-01-08 19:38:15,252 - INFO - [GINSLIB] processing : 2020/10/04 03:59:04 Q=5
2026-01-08 19:38:15,252 - INFO - [GINSLIB] processing : 2020/10/04 03:59:05 Q=5
2026-01-08 19:38:15,252 - INFO - [GINSLIB] processing : 2020/10/04 03:59:06 Q=5
2026-01-08 19:38:15,252 - INFO - [GINSLIB] processing : 2020/10/04 03:59:07 Q=5
2026-01-08 19:38:15,253 - INFO - [GINSLIB] processing : 2020/10/04 03:59:08 Q=5
2026-01-08 19:38:15,253 - INFO - [GINSLIB] processing : 2020/10/04 03:59:09 Q=5
2026-01-08 19:38:15,253 - INFO - [GINSLIB] processing : 2020/10/04 03:59:10 Q=5
2026-01-08 19:38:15,253 - INFO - [GINSLIB] processing : 2020/10/04 03:59:11 Q=5
2026-01-08 19:38:15,253 - INFO - [GINSLIB] processing : 2020/10/04 03:59:12 Q=5
2026-01-08 19:38:15,253 - INFO - [GINSLIB] processing : 2020/10/04 03:59:13 Q=5
2026-01-08 19:38:15,254 - INFO - [GINSLIB] processing : 2020/10/04 03:59:14 Q=5
2026-01-08 19:38:15,254 - INFO - [GINSLIB] processing : 2020/10/04 03:59:15 Q=5
2026-01-08 19:38:15,254 - INFO - [GINSLIB] processing : 2020/10/04 03:59:16 Q=5
2026-01-08 19:38:15,254 - INFO - [GINSLIB] processing : 2020/10/04 03:59:17 Q=5
2026-01-08 19:38:15,254 - INFO - [GINSLIB] processing : 2020/10/04 03:59:18 Q=5
2026-01-08 19:38:15,254 - INFO - [GINSLIB] processing : 2020/10/04 03:59:19 Q=5
2026-01-08 19:38:15,255 - INFO - [GINSLIB] processing : 2020/10/04 03:59:20 Q=5
2026-01-08 19:38:15,255 - INFO - [GINSLIB] processing : 2020/10/04 03:59:21 Q=5
2026-01-08 19:38:15,255 - INFO - [GINSLIB] processing : 2020/10/04 03:59:22 Q=5
2026-01-08 19:38:15,255 - INFO - [GINSLIB] processing : 2020/10/04 03:59:23 Q=5
2026-01-08 19:38:15,255 - INFO - [GINSLIB] processing : 2020/10/04 03:59:24 Q=5
2026-01-08 19:38:15,256 - INFO - [GINSLIB] processing : 2020/10/04 03:59:25 Q=5
2026-01-08 19:38:15,256 - INFO - [GINSLIB] processing : 2020/10/04 03:59:26 Q=5
2026-01-08 19:38:15,256 - INFO - [GINSLIB] processing : 2020/10/04 03:59:27 Q=5
2026-01-08 19:38:15,256 - INFO - [GINSLIB] processing : 2020/10/04 03:59:28 Q=5
2026-01-08 19:38:15,257 - INFO - [GINSLIB] processing : 2020/10/04 03:59:29 Q=5
2026-01-08 19:38:15,257 - INFO - [GINSLIB] processing : 2020/10/04 03:59:30 Q=5
2026-01-08 19:38:15,257 - INFO - [GINSLIB] processing : 2020/10/04 03:59:31 Q=5
2026-01-08 19:38:15,257 - INFO - [GINSLIB] processing : 2020/10/04 03:59:32 Q=5
2026-01-08 19:38:15,257 - INFO - [GINSLIB] processing : 2020/10/04 03:59:33 Q=5
2026-01-08 19:38:15,257 - INFO - [GINSLIB] processing : 2020/10/04 03:59:34 Q=5
2026-01-08 19:38:15,257 - INFO - [GINSLIB] processing : 2020/10/04 03:59:35 Q=5
2026-01-08 19:38:15,258 - INFO - [GINSLIB] processing : 2020/10/04 03:59:36 Q=5
2026-01-08 19:38:15,258 - INFO - [GINSLIB] processing : 2020/10/04 03:59:37 Q=5
2026-01-08 19:38:15,258 - INFO - [GINSLIB] processing : 2020/10/04 03:59:38 Q=5
2026-01-08 19:38:15,258 - INFO - [GINSLIB] processing : 2020/10/04 03:59:39 Q=5
2026-01-08 19:38:15,258 - INFO - [GINSLIB] processing : 2020/10/04 03:59:40 Q=5
2026-01-08 19:38:15,258 - INFO - [GINSLIB] processing : 2020/10/04 03:59:41 Q=5
2026-01-08 19:38:15,258 - INFO - [GINSLIB] processing : 2020/10/04 03:59:42 Q=5
2026-01-08 19:38:15,259 - INFO - [GINSLIB] processing : 2020/10/04 03:59:43 Q=5
2026-01-08 19:38:15,259 - INFO - [GINSLIB] processing : 2020/10/04 03:59:44 Q=5
2026-01-08 19:38:15,259 - INFO - [GINSLIB] processing : 2020/10/04 03:59:45 Q=5
2026-01-08 19:38:15,259 - INFO - [GINSLIB] processing : 2020/10/04 03:59:46 Q=5
2026-01-08 19:38:15,259 - INFO - [GINSLIB] processing : 2020/10/04 03:59:47 Q=5
2026-01-08 19:38:15,259 - INFO - [GINSLIB] processing : 2020/10/04 03:59:48 Q=5
2026-01-08 19:38:15,260 - INFO - [GINSLIB] processing : 2020/10/04 03:59:49 Q=5
2026-01-08 19:38:15,260 - INFO - [GINSLIB] processing : 2020/10/04 03:59:50 Q=5
2026-01-08 19:38:15,260 - INFO - [GINSLIB] processing : 2020/10/04 03:59:51 Q=5
2026-01-08 19:38:15,260 - INFO - [GINSLIB] processing : 2020/10/04 03:59:52 Q=5
2026-01-08 19:38:15,543 - INFO - [GINSLIB] processing : 2020/10/04 03:59:53 Q=5
2026-01-08 19:38:15,544 - INFO - [GINSLIB] processing : 2020/10/04 03:59:54 Q=5
2026-01-08 19:38:15,544 - INFO - [GINSLIB] processing : 2020/10/04 03:59:55 Q=5
2026-01-08 19:38:15,544 - INFO - [GINSLIB] processing : 2020/10/04 03:59:56 Q=5
2026-01-08 19:38:15,544 - INFO - [GINSLIB] processing : 2020/10/04 03:59:57 Q=5
2026-01-08 19:38:15,544 - INFO - [GINSLIB] processing : 2020/10/04 03:59:58 Q=5
2026-01-08 19:38:15,544 - INFO - [GINSLIB] processing : 2020/10/04 03:59:59 Q=5
2026-01-08 19:38:15,544 - INFO - [GINSLIB] processing : 2020/10/04 04:00:00 Q=5
2026-01-08 19:38:15,545 - INFO - [GINSLIB] processing : 2020/10/04 04:00:01 Q=5
2026-01-08 19:38:15,545 - INFO - [GINSLIB] processing : 2020/10/04 04:00:02 Q=5
2026-01-08 19:38:15,545 - INFO - [GINSLIB] processing : 2020/10/04 04:00:03 Q=5
2026-01-08 19:38:15,545 - INFO - [GINSLIB] processing : 2020/10/04 04:00:04 Q=5
2026-01-08 19:38:15,545 - INFO - [GINSLIB] processing : 2020/10/04 04:00:05 Q=5
2026-01-08 19:38:15,545 - INFO - [GINSLIB] processing : 2020/10/04 04:00:06 Q=5
2026-01-08 19:38:15,546 - INFO - [GINSLIB] processing : 2020/10/04 04:00:07 Q=5
2026-01-08 19:38:15,546 - INFO - [GINSLIB] processing : 2020/10/04 04:00:08 Q=5
2026-01-08 19:38:15,546 - INFO - [GINSLIB] processing : 2020/10/04 04:00:09 Q=5
2026-01-08 19:38:15,546 - INFO - [GINSLIB] processing : 2020/10/04 04:00:10 Q=5
2026-01-08 19:38:15,546 - INFO - [GINSLIB] processing : 2020/10/04 04:00:11 Q=5
2026-01-08 19:38:15,546 - INFO - [GINSLIB] processing : 2020/10/04 04:00:12 Q=5
2026-01-08 19:38:15,546 - INFO - [GINSLIB] processing : 2020/10/04 04:00:13 Q=5
2026-01-08 19:38:15,546 - INFO - [GINSLIB] processing : 2020/10/04 04:00:14 Q=5
2026-01-08 19:38:15,547 - INFO - [GINSLIB] processing : 2020/10/04 04:00:15 Q=5
2026-01-08 19:38:15,547 - INFO - [GINSLIB] processing : 2020/10/04 04:00:16 Q=5
2026-01-08 19:38:15,547 - INFO - [GINSLIB] processing : 2020/10/04 04:00:17 Q=5
2026-01-08 19:38:15,547 - INFO - [GINSLIB] processing : 2020/10/04 04:00:18 Q=5
2026-01-08 19:38:15,547 - INFO - [GINSLIB] processing : 2020/10/04 04:00:19 Q=5
2026-01-08 19:38:15,547 - INFO - [GINSLIB] processing : 2020/10/04 04:00:20 Q=5
2026-01-08 19:38:15,547 - INFO - [GINSLIB] processing : 2020/10/04 04:00:21 Q=5
2026-01-08 19:38:15,547 - INFO - [GINSLIB] processing : 2020/10/04 04:00:22 Q=5
2026-01-08 19:38:15,547 - INFO - [GINSLIB] processing : 2020/10/04 04:00:23 Q=5
2026-01-08 19:38:15,547 - INFO - [GINSLIB] processing : 2020/10/04 04:00:24 Q=5
2026-01-08 19:38:15,547 - INFO - [GINSLIB] processing : 2020/10/04 04:00:25 Q=5
2026-01-08 19:38:15,548 - INFO - [GINSLIB] processing : 2020/10/04 04:00:26 Q=5
2026-01-08 19:38:15,548 - INFO - [GINSLIB] processing : 2020/10/04 04:00:27 Q=5
2026-01-08 19:38:15,548 - INFO - [GINSLIB] processing : 2020/10/04 04:00:28 Q=5
2026-01-08 19:38:15,548 - INFO - [GINSLIB] processing : 2020/10/04 04:00:29 Q=5
2026-01-08 19:38:15,548 - INFO - [GINSLIB] processing : 2020/10/04 04:00:30 Q=5
2026-01-08 19:38:15,548 - INFO - [GINSLIB] processing : 2020/10/04 04:00:31 Q=5
2026-01-08 19:38:15,548 - INFO - [GINSLIB] processing : 2020/10/04 04:00:32 Q=5
2026-01-08 19:38:15,548 - INFO - [GINSLIB] processing : 2020/10/04 04:00:33 Q=5
2026-01-08 19:38:15,548 - INFO - [GINSLIB] processing : 2020/10/04 04:00:34 Q=5
2026-01-08 19:38:15,548 - INFO - [GINSLIB] processing : 2020/10/04 04:00:35 Q=5
2026-01-08 19:38:15,548 - INFO - [GINSLIB] processing : 2020/10/04 04:00:36 Q=5
2026-01-08 19:38:15,549 - INFO - [GINSLIB] processing : 2020/10/04 04:00:37 Q=5
2026-01-08 19:38:15,549 - INFO - [GINSLIB] processing : 2020/10/04 04:00:38 Q=5
2026-01-08 19:38:15,549 - INFO - [GINSLIB] processing : 2020/10/04 04:00:39 Q=5
2026-01-08 19:38:15,549 - INFO - [GINSLIB] processing : 2020/10/04 04:00:40 Q=5
2026-01-08 19:38:15,549 - INFO - [GINSLIB] processing : 2020/10/04 04:00:41 Q=5
2026-01-08 19:38:15,549 - INFO - [GINSLIB] processing : 2020/10/04 04:00:42 Q=5
2026-01-08 19:38:15,549 - INFO - [GINSLIB] processing : 2020/10/04 04:00:43 Q=5
2026-01-08 19:38:15,549 - INFO - [GINSLIB] processing : 2020/10/04 04:00:44 Q=5
2026-01-08 19:38:15,549 - INFO - [GINSLIB] processing : 2020/10/04 04:00:45 Q=5
2026-01-08 19:38:15,549 - INFO - [GINSLIB] processing : 2020/10/04 04:00:46 Q=5
2026-01-08 19:38:15,550 - INFO - [GINSLIB] processing : 2020/10/04 04:00:47 Q=5
2026-01-08 19:38:15,550 - INFO - [GINSLIB] processing : 2020/10/04 04:00:48 Q=5
2026-01-08 19:38:15,550 - INFO - [GINSLIB] processing : 2020/10/04 04:00:49 Q=5
2026-01-08 19:38:15,550 - INFO - [GINSLIB] processing : 2020/10/04 04:00:50 Q=5
2026-01-08 19:38:15,550 - INFO - [GINSLIB] processing : 2020/10/04 04:00:51 Q=5
2026-01-08 19:38:15,550 - INFO - [GINSLIB] processing : 2020/10/04 04:00:52 Q=5
2026-01-08 19:38:15,550 - INFO - [GINSLIB] processing : 2020/10/04 04:00:53 Q=5
2026-01-08 19:38:15,550 - INFO - [GINSLIB] processing : 2020/10/04 04:00:54 Q=5
2026-01-08 19:38:15,550 - INFO - [GINSLIB] processing : 2020/10/04 04:00:55 Q=5
2026-01-08 19:38:15,550 - INFO - [GINSLIB] processing : 2020/10/04 04:00:56 Q=5
2026-01-08 19:38:15,551 - INFO - [GINSLIB] processing : 2020/10/04 04:00:57 Q=5
2026-01-08 19:38:15,551 - INFO - [GINSLIB] processing : 2020/10/04 04:00:58 Q=5
2026-01-08 19:38:15,551 - INFO - [GINSLIB] processing : 2020/10/04 04:00:59 Q=5
2026-01-08 19:38:15,551 - INFO - [GINSLIB] processing : 2020/10/04 04:01:00 Q=5
2026-01-08 19:38:15,551 - INFO - [GINSLIB] processing : 2020/10/04 04:01:01 Q=5
2026-01-08 19:38:15,551 - INFO - [GINSLIB] processing : 2020/10/04 04:01:02 Q=5
2026-01-08 19:38:15,552 - INFO - [GINSLIB] processing : 2020/10/04 04:01:03 Q=5
2026-01-08 19:38:15,552 - INFO - [GINSLIB] processing : 2020/10/04 04:01:04 Q=5
2026-01-08 19:38:15,552 - INFO - [GINSLIB] processing : 2020/10/04 04:01:05 Q=5
2026-01-08 19:38:15,552 - INFO - [GINSLIB] processing : 2020/10/04 04:01:06 Q=5
2026-01-08 19:38:15,552 - INFO - [GINSLIB] processing : 2020/10/04 04:01:07 Q=5
2026-01-08 19:38:15,553 - INFO - [GINSLIB] processing : 2020/10/04 04:01:08 Q=5
2026-01-08 19:38:15,553 - INFO - [GINSLIB] processing : 2020/10/04 04:01:09 Q=5
2026-01-08 19:38:15,553 - INFO - [GINSLIB] processing : 2020/10/04 04:01:10 Q=5
2026-01-08 19:38:15,553 - INFO - [GINSLIB] processing : 2020/10/04 04:01:11 Q=5
2026-01-08 19:38:15,553 - INFO - [GINSLIB] processing : 2020/10/04 04:01:12 Q=5
2026-01-08 19:38:15,553 - INFO - [GINSLIB] processing : 2020/10/04 04:01:13 Q=5
2026-01-08 19:38:15,553 - INFO - [GINSLIB] processing : 2020/10/04 04:01:14 Q=5
2026-01-08 19:38:15,554 - INFO - [GINSLIB] processing : 2020/10/04 04:01:15 Q=5
2026-01-08 19:38:15,554 - INFO - [GINSLIB] processing : 2020/10/04 04:01:16 Q=5
2026-01-08 19:38:15,554 - INFO - [GINSLIB] processing : 2020/10/04 04:01:17 Q=5
2026-01-08 19:38:15,554 - INFO - [GINSLIB] processing : 2020/10/04 04:01:18 Q=5
2026-01-08 19:38:15,554 - INFO - [GINSLIB] processing : 2020/10/04 04:01:19 Q=5
2026-01-08 19:38:15,554 - INFO - [GINSLIB] processing : 2020/10/04 04:01:20 Q=5
2026-01-08 19:38:15,555 - INFO - [GINSLIB] processing : 2020/10/04 04:01:21 Q=5
2026-01-08 19:38:15,555 - INFO - [GINSLIB] processing : 2020/10/04 04:01:22 Q=5
2026-01-08 19:38:15,555 - INFO - [GINSLIB] processing : 2020/10/04 04:01:23 Q=5
2026-01-08 19:38:15,555 - INFO - [GINSLIB] processing : 2020/10/04 04:01:24 Q=5
2026-01-08 19:38:15,555 - INFO - [GINSLIB] processing : 2020/10/04 04:01:25 Q=5
2026-01-08 19:38:15,555 - INFO - [GINSLIB] processing : 2020/10/04 04:01:26 Q=5
2026-01-08 19:38:15,555 - INFO - [GINSLIB] processing : 2020/10/04 04:01:27 Q=5
2026-01-08 19:38:15,556 - INFO - [GINSLIB] processing : 2020/10/04 04:01:28 Q=5
2026-01-08 19:38:15,556 - INFO - [GINSLIB] processing : 2020/10/04 04:01:29 Q=5
2026-01-08 19:38:15,556 - INFO - [GINSLIB] processing : 2020/10/04 04:01:30 Q=5
2026-01-08 19:38:15,556 - INFO - [GINSLIB] processing : 2020/10/04 04:01:31 Q=5
2026-01-08 19:38:15,556 - INFO - [GINSLIB] processing : 2020/10/04 04:01:32 Q=5
2026-01-08 19:38:15,556 - INFO - [GINSLIB] processing : 2020/10/04 04:01:33 Q=5
2026-01-08 19:38:15,556 - INFO - [GINSLIB] processing : 2020/10/04 04:01:34 Q=5
2026-01-08 19:38:15,556 - INFO - [GINSLIB] processing : 2020/10/04 04:01:35 Q=5
2026-01-08 19:38:15,556 - INFO - [GINSLIB] processing : 2020/10/04 04:01:36 Q=5
2026-01-08 19:38:15,557 - INFO - [GINSLIB] processing : 2020/10/04 04:01:37 Q=5
2026-01-08 19:38:15,557 - INFO - [GINSLIB] processing : 2020/10/04 04:01:38 Q=5
2026-01-08 19:38:15,557 - INFO - [GINSLIB] processing : 2020/10/04 04:01:39 Q=5
2026-01-08 19:38:15,557 - INFO - [GINSLIB] processing : 2020/10/04 04:01:40 Q=5
2026-01-08 19:38:15,557 - INFO - [GINSLIB] processing : 2020/10/04 04:01:41 Q=5
2026-01-08 19:38:15,557 - INFO - [GINSLIB] processing : 2020/10/04 04:01:42 Q=5
2026-01-08 19:38:15,822 - INFO - [GINSLIB] processing : 2020/10/04 04:01:43 Q=5
2026-01-08 19:38:15,823 - INFO - [GINSLIB] processing : 2020/10/04 04:01:44 Q=5
2026-01-08 19:38:15,823 - INFO - [GINSLIB] processing : 2020/10/04 04:01:45 Q=5
2026-01-08 19:38:15,823 - INFO - [GINSLIB] processing : 2020/10/04 04:01:46 Q=5
2026-01-08 19:38:15,823 - INFO - [GINSLIB] processing : 2020/10/04 04:01:47 Q=5
2026-01-08 19:38:15,823 - INFO - [GINSLIB] processing : 2020/10/04 04:01:48 Q=5
2026-01-08 19:38:15,824 - INFO - [GINSLIB] processing : 2020/10/04 04:01:49 Q=5
2026-01-08 19:38:15,824 - INFO - [GINSLIB] processing : 2020/10/04 04:01:50 Q=5
2026-01-08 19:38:15,824 - INFO - [GINSLIB] processing : 2020/10/04 04:01:51 Q=5
2026-01-08 19:38:15,824 - INFO - [GINSLIB] processing : 2020/10/04 04:01:52 Q=5
2026-01-08 19:38:15,825 - INFO - [GINSLIB] processing : 2020/10/04 04:01:53 Q=5
2026-01-08 19:38:15,825 - INFO - [GINSLIB] processing : 2020/10/04 04:01:54 Q=5
2026-01-08 19:38:15,825 - INFO - [GINSLIB] processing : 2020/10/04 04:01:55 Q=5
2026-01-08 19:38:15,825 - INFO - [GINSLIB] processing : 2020/10/04 04:01:56 Q=5
2026-01-08 19:38:15,825 - INFO - [GINSLIB] processing : 2020/10/04 04:01:57 Q=5
2026-01-08 19:38:15,826 - INFO - [GINSLIB] processing : 2020/10/04 04:01:58 Q=5
2026-01-08 19:38:15,826 - INFO - [GINSLIB] processing : 2020/10/04 04:01:59 Q=5
2026-01-08 19:38:15,826 - INFO - [GINSLIB] processing : 2020/10/04 04:02:00 Q=5
2026-01-08 19:38:15,826 - INFO - [GINSLIB] processing : 2020/10/04 04:02:01 Q=5
2026-01-08 19:38:15,827 - INFO - [GINSLIB] processing : 2020/10/04 04:02:02 Q=5
2026-01-08 19:38:15,827 - INFO - [GINSLIB] processing : 2020/10/04 04:02:03 Q=5
2026-01-08 19:38:15,827 - INFO - [GINSLIB] processing : 2020/10/04 04:02:04 Q=5
2026-01-08 19:38:15,827 - INFO - [GINSLIB] processing : 2020/10/04 04:02:05 Q=5
2026-01-08 19:38:15,827 - INFO - [GINSLIB] processing : 2020/10/04 04:02:06 Q=5
2026-01-08 19:38:15,828 - INFO - [GINSLIB] processing : 2020/10/04 04:02:07 Q=5
2026-01-08 19:38:15,828 - INFO - [GINSLIB] processing : 2020/10/04 04:02:08 Q=5
2026-01-08 19:38:15,828 - INFO - [GINSLIB] processing : 2020/10/04 04:02:09 Q=5
2026-01-08 19:38:15,828 - INFO - [GINSLIB] processing : 2020/10/04 04:02:10 Q=5
2026-01-08 19:38:15,828 - INFO - [GINSLIB] processing : 2020/10/04 04:02:11 Q=5
2026-01-08 19:38:15,829 - INFO - [GINSLIB] processing : 2020/10/04 04:02:12 Q=5
2026-01-08 19:38:15,829 - INFO - [GINSLIB] processing : 2020/10/04 04:02:13 Q=5
2026-01-08 19:38:15,829 - INFO - [GINSLIB] processing : 2020/10/04 04:02:14 Q=5
2026-01-08 19:38:15,829 - INFO - [GINSLIB] processing : 2020/10/04 04:02:15 Q=5
2026-01-08 19:38:15,829 - INFO - [GINSLIB] processing : 2020/10/04 04:02:16 Q=5
2026-01-08 19:38:15,829 - INFO - [GINSLIB] processing : 2020/10/04 04:02:17 Q=5
2026-01-08 19:38:15,830 - INFO - [GINSLIB] processing : 2020/10/04 04:02:18 Q=5
2026-01-08 19:38:15,830 - INFO - [GINSLIB] processing : 2020/10/04 04:02:19 Q=5
2026-01-08 19:38:15,830 - INFO - [GINSLIB] processing : 2020/10/04 04:02:20 Q=5
2026-01-08 19:38:15,830 - INFO - [GINSLIB] processing : 2020/10/04 04:02:21 Q=5
2026-01-08 19:38:15,830 - INFO - [GINSLIB] processing : 2020/10/04 04:02:22 Q=5
2026-01-08 19:38:15,830 - INFO - [GINSLIB] processing : 2020/10/04 04:02:23 Q=5
2026-01-08 19:38:15,830 - INFO - [GINSLIB] processing : 2020/10/04 04:02:24 Q=5
2026-01-08 19:38:15,830 - INFO - [GINSLIB] processing : 2020/10/04 04:02:25 Q=5
2026-01-08 19:38:15,831 - INFO - [GINSLIB] processing : 2020/10/04 04:02:26 Q=5
2026-01-08 19:38:15,831 - INFO - [GINSLIB] processing : 2020/10/04 04:02:27 Q=5
2026-01-08 19:38:15,831 - INFO - [GINSLIB] processing : 2020/10/04 04:02:28 Q=5
2026-01-08 19:38:15,831 - INFO - [GINSLIB] processing : 2020/10/04 04:02:29 Q=5
2026-01-08 19:38:15,831 - INFO - [GINSLIB] processing : 2020/10/04 04:02:30 Q=5
2026-01-08 19:38:15,831 - INFO - [GINSLIB] processing : 2020/10/04 04:02:31 Q=5
2026-01-08 19:38:15,831 - INFO - [GINSLIB] processing : 2020/10/04 04:02:32 Q=5
2026-01-08 19:38:15,832 - INFO - [GINSLIB] processing : 2020/10/04 04:02:33 Q=5
2026-01-08 19:38:15,832 - INFO - [GINSLIB] processing : 2020/10/04 04:02:34 Q=5
2026-01-08 19:38:15,832 - INFO - [GINSLIB] processing : 2020/10/04 04:02:35 Q=5
2026-01-08 19:38:15,832 - INFO - [GINSLIB] processing : 2020/10/04 04:02:36 Q=5
2026-01-08 19:38:15,832 - INFO - [GINSLIB] processing : 2020/10/04 04:02:37 Q=5
2026-01-08 19:38:15,832 - INFO - [GINSLIB] processing : 2020/10/04 04:02:38 Q=5
2026-01-08 19:38:15,832 - INFO - [GINSLIB] processing : 2020/10/04 04:02:39 Q=5
2026-01-08 19:38:15,832 - INFO - [GINSLIB] processing : 2020/10/04 04:02:40 Q=5
2026-01-08 19:38:15,832 - INFO - [GINSLIB] processing : 2020/10/04 04:02:41 Q=5
2026-01-08 19:38:15,833 - INFO - [GINSLIB] processing : 2020/10/04 04:02:42 Q=5
2026-01-08 19:38:15,833 - INFO - [GINSLIB] processing : 2020/10/04 04:02:43 Q=5
2026-01-08 19:38:15,833 - INFO - [GINSLIB] processing : 2020/10/04 04:02:44 Q=5
2026-01-08 19:38:15,833 - INFO - [GINSLIB] processing : 2020/10/04 04:02:45 Q=5
2026-01-08 19:38:15,833 - INFO - [GINSLIB] processing : 2020/10/04 04:02:46 Q=5
2026-01-08 19:38:15,833 - INFO - [GINSLIB] processing : 2020/10/04 04:02:47 Q=5
2026-01-08 19:38:15,833 - INFO - [GINSLIB] processing : 2020/10/04 04:02:48 Q=5
2026-01-08 19:38:15,833 - INFO - [GINSLIB] processing : 2020/10/04 04:02:49 Q=5
2026-01-08 19:38:15,833 - INFO - [GINSLIB] processing : 2020/10/04 04:02:50 Q=5
2026-01-08 19:38:15,833 - INFO - [GINSLIB] processing : 2020/10/04 04:02:51 Q=5
2026-01-08 19:38:15,834 - INFO - [GINSLIB] processing : 2020/10/04 04:02:52 Q=5
2026-01-08 19:38:15,834 - INFO - [GINSLIB] processing : 2020/10/04 04:02:53 Q=5
2026-01-08 19:38:15,834 - INFO - [GINSLIB] processing : 2020/10/04 04:02:54 Q=5
2026-01-08 19:38:15,834 - INFO - [GINSLIB] processing : 2020/10/04 04:02:55 Q=5
2026-01-08 19:38:15,834 - INFO - [GINSLIB] processing : 2020/10/04 04:02:56 Q=5
2026-01-08 19:38:15,834 - INFO - [GINSLIB] processing : 2020/10/04 04:02:57 Q=5
2026-01-08 19:38:15,834 - INFO - [GINSLIB] processing : 2020/10/04 04:02:58 Q=5
2026-01-08 19:38:15,834 - INFO - [GINSLIB] processing : 2020/10/04 04:02:59 Q=5
2026-01-08 19:38:15,834 - INFO - [GINSLIB] processing : 2020/10/04 04:03:00 Q=5
2026-01-08 19:38:15,834 - INFO - [GINSLIB] processing : 2020/10/04 04:03:01 Q=5
2026-01-08 19:38:15,835 - INFO - [GINSLIB] processing : 2020/10/04 04:03:02 Q=5
2026-01-08 19:38:15,835 - INFO - [GINSLIB] processing : 2020/10/04 04:03:03 Q=5
2026-01-08 19:38:15,835 - INFO - [GINSLIB] processing : 2020/10/04 04:03:04 Q=5
2026-01-08 19:38:15,835 - INFO - [GINSLIB] processing : 2020/10/04 04:03:05 Q=5
2026-01-08 19:38:15,835 - INFO - [GINSLIB] processing : 2020/10/04 04:03:06 Q=5
2026-01-08 19:38:15,835 - INFO - [GINSLIB] processing : 2020/10/04 04:03:07 Q=5
2026-01-08 19:38:15,835 - INFO - [GINSLIB] processing : 2020/10/04 04:03:08 Q=5
2026-01-08 19:38:15,835 - INFO - [GINSLIB] processing : 2020/10/04 04:03:09 Q=5
2026-01-08 19:38:15,835 - INFO - [GINSLIB] processing : 2020/10/04 04:03:10 Q=5
2026-01-08 19:38:15,835 - INFO - [GINSLIB] processing : 2020/10/04 04:03:11 Q=5
2026-01-08 19:38:15,835 - INFO - [GINSLIB] processing : 2020/10/04 04:03:12 Q=5
2026-01-08 19:38:15,836 - INFO - [GINSLIB] processing : 2020/10/04 04:03:13 Q=5
2026-01-08 19:38:15,836 - INFO - [GINSLIB] processing : 2020/10/04 04:03:14 Q=5
2026-01-08 19:38:15,836 - INFO - [GINSLIB] processing : 2020/10/04 04:03:15 Q=5
2026-01-08 19:38:15,836 - INFO - [GINSLIB] processing : 2020/10/04 04:03:16 Q=5
2026-01-08 19:38:15,836 - INFO - [GINSLIB] processing : 2020/10/04 04:03:17 Q=5
2026-01-08 19:38:15,836 - INFO - [GINSLIB] processing : 2020/10/04 04:03:18 Q=5
2026-01-08 19:38:15,836 - INFO - [GINSLIB] processing : 2020/10/04 04:03:19 Q=5
2026-01-08 19:38:15,836 - INFO - [GINSLIB] processing : 2020/10/04 04:03:20 Q=5
2026-01-08 19:38:15,836 - INFO - [GINSLIB] processing : 2020/10/04 04:03:21 Q=5
2026-01-08 19:38:15,836 - INFO - [GINSLIB] processing : 2020/10/04 04:03:22 Q=5
2026-01-08 19:38:15,836 - INFO - [GINSLIB] processing : 2020/10/04 04:03:23 Q=5
2026-01-08 19:38:15,837 - INFO - [GINSLIB] processing : 2020/10/04 04:03:24 Q=5
2026-01-08 19:38:15,837 - INFO - [GINSLIB] processing : 2020/10/04 04:03:25 Q=5
2026-01-08 19:38:15,837 - INFO - [GINSLIB] processing : 2020/10/04 04:03:26 Q=5
2026-01-08 19:38:15,837 - INFO - [GINSLIB] processing : 2020/10/04 04:03:27 Q=5
2026-01-08 19:38:15,837 - INFO - [GINSLIB] processing : 2020/10/04 04:03:28 Q=5
2026-01-08 19:38:15,837 - INFO - [GINSLIB] processing : 2020/10/04 04:03:29 Q=5
2026-01-08 19:38:15,837 - INFO - [GINSLIB] processing : 2020/10/04 04:03:30 Q=5
2026-01-08 19:38:15,837 - INFO - [GINSLIB] processing : 2020/10/04 04:03:31 Q=5
2026-01-08 19:38:15,837 - INFO - [GINSLIB] processing : 2020/10/04 04:03:32 Q=5
2026-01-08 19:38:15,837 - INFO - [GINSLIB] processing : 2020/10/04 04:03:33 Q=5
2026-01-08 19:38:16,100 - INFO - [GINSLIB] processing : 2020/10/04 04:03:34 Q=5
2026-01-08 19:38:16,100 - INFO - [GINSLIB] processing : 2020/10/04 04:03:35 Q=5
2026-01-08 19:38:16,100 - INFO - [GINSLIB] processing : 2020/10/04 04:03:36 Q=5
2026-01-08 19:38:16,101 - INFO - [GINSLIB] processing : 2020/10/04 04:03:37 Q=5
2026-01-08 19:38:16,101 - INFO - [GINSLIB] processing : 2020/10/04 04:03:38 Q=5
2026-01-08 19:38:16,101 - INFO - [GINSLIB] processing : 2020/10/04 04:03:39 Q=5
2026-01-08 19:38:16,101 - INFO - [GINSLIB] processing : 2020/10/04 04:03:40 Q=5
2026-01-08 19:38:16,101 - INFO - [GINSLIB] processing : 2020/10/04 04:03:41 Q=5
2026-01-08 19:38:16,102 - INFO - [GINSLIB] processing : 2020/10/04 04:03:42 Q=5
2026-01-08 19:38:16,102 - INFO - [GINSLIB] processing : 2020/10/04 04:03:43 Q=5
2026-01-08 19:38:16,102 - INFO - [GINSLIB] processing : 2020/10/04 04:03:44 Q=5
2026-01-08 19:38:16,102 - INFO - [GINSLIB] processing : 2020/10/04 04:03:45 Q=5
2026-01-08 19:38:16,102 - INFO - [GINSLIB] processing : 2020/10/04 04:03:46 Q=5
2026-01-08 19:38:16,102 - INFO - [GINSLIB] processing : 2020/10/04 04:03:47 Q=5
2026-01-08 19:38:16,103 - INFO - [GINSLIB] processing : 2020/10/04 04:03:48 Q=5
2026-01-08 19:38:16,103 - INFO - [GINSLIB] processing : 2020/10/04 04:03:49 Q=5
2026-01-08 19:38:16,103 - INFO - [GINSLIB] processing : 2020/10/04 04:03:50 Q=5
2026-01-08 19:38:16,103 - INFO - [GINSLIB] processing : 2020/10/04 04:03:51 Q=5
2026-01-08 19:38:16,103 - INFO - [GINSLIB] processing : 2020/10/04 04:03:52 Q=5
2026-01-08 19:38:16,103 - INFO - [GINSLIB] processing : 2020/10/04 04:03:53 Q=5
2026-01-08 19:38:16,104 - INFO - [GINSLIB] processing : 2020/10/04 04:03:54 Q=5
2026-01-08 19:38:16,104 - INFO - [GINSLIB] processing : 2020/10/04 04:03:55 Q=5
2026-01-08 19:38:16,104 - INFO - [GINSLIB] processing : 2020/10/04 04:03:56 Q=5
2026-01-08 19:38:16,104 - INFO - [GINSLIB] processing : 2020/10/04 04:03:57 Q=5
2026-01-08 19:38:16,105 - INFO - [GINSLIB] processing : 2020/10/04 04:03:58 Q=5
2026-01-08 19:38:16,105 - INFO - [GINSLIB] processing : 2020/10/04 04:03:59 Q=5
2026-01-08 19:38:16,105 - INFO - [GINSLIB] processing : 2020/10/04 04:04:00 Q=5
2026-01-08 19:38:16,106 - INFO - [GINSLIB] processing : 2020/10/04 04:04:01 Q=5
2026-01-08 19:38:16,106 - INFO - [GINSLIB] processing : 2020/10/04 04:04:02 Q=5
2026-01-08 19:38:16,106 - INFO - [GINSLIB] processing : 2020/10/04 04:04:03 Q=5
2026-01-08 19:38:16,106 - INFO - [GINSLIB] processing : 2020/10/04 04:04:04 Q=5
2026-01-08 19:38:16,107 - INFO - [GINSLIB] processing : 2020/10/04 04:04:05 Q=5
2026-01-08 19:38:16,107 - INFO - [GINSLIB] processing : 2020/10/04 04:04:06 Q=5
2026-01-08 19:38:16,107 - INFO - [GINSLIB] processing : 2020/10/04 04:04:07 Q=5
2026-01-08 19:38:16,107 - INFO - [GINSLIB] processing : 2020/10/04 04:04:08 Q=5
2026-01-08 19:38:16,108 - INFO - [GINSLIB] processing : 2020/10/04 04:04:09 Q=5
2026-01-08 19:38:16,108 - INFO - [GINSLIB] processing : 2020/10/04 04:04:10 Q=5
2026-01-08 19:38:16,108 - INFO - [GINSLIB] processing : 2020/10/04 04:04:11 Q=5
2026-01-08 19:38:16,108 - INFO - [GINSLIB] processing : 2020/10/04 04:04:12 Q=5
2026-01-08 19:38:16,108 - INFO - [GINSLIB] processing : 2020/10/04 04:04:13 Q=5
2026-01-08 19:38:16,109 - INFO - [GINSLIB] processing : 2020/10/04 04:04:14 Q=5
2026-01-08 19:38:16,109 - INFO - [GINSLIB] processing : 2020/10/04 04:04:15 Q=5
2026-01-08 19:38:16,109 - INFO - [GINSLIB] processing : 2020/10/04 04:04:16 Q=5
2026-01-08 19:38:16,109 - INFO - [GINSLIB] processing : 2020/10/04 04:04:17 Q=5
2026-01-08 19:38:16,109 - INFO - [GINSLIB] processing : 2020/10/04 04:04:18 Q=5
2026-01-08 19:38:16,109 - INFO - [GINSLIB] processing : 2020/10/04 04:04:19 Q=5
2026-01-08 19:38:16,109 - INFO - [GINSLIB] processing : 2020/10/04 04:04:20 Q=5
2026-01-08 19:38:16,110 - INFO - [GINSLIB] processing : 2020/10/04 04:04:21 Q=5
2026-01-08 19:38:16,110 - INFO - [GINSLIB] processing : 2020/10/04 04:04:22 Q=5
2026-01-08 19:38:16,110 - INFO - [GINSLIB] processing : 2020/10/04 04:04:23 Q=5
2026-01-08 19:38:16,110 - INFO - [GINSLIB] processing : 2020/10/04 04:04:24 Q=5
2026-01-08 19:38:16,110 - INFO - [GINSLIB] processing : 2020/10/04 04:04:25 Q=5
2026-01-08 19:38:16,110 - INFO - [GINSLIB] processing : 2020/10/04 04:04:26 Q=5
2026-01-08 19:38:16,110 - INFO - [GINSLIB] processing : 2020/10/04 04:04:27 Q=5
2026-01-08 19:38:16,110 - INFO - [GINSLIB] processing : 2020/10/04 04:04:28 Q=5
2026-01-08 19:38:16,110 - INFO - [GINSLIB] processing : 2020/10/04 04:04:29 Q=5
2026-01-08 19:38:16,111 - INFO - [GINSLIB] processing : 2020/10/04 04:04:30 Q=5
2026-01-08 19:38:16,111 - INFO - [GINSLIB] processing : 2020/10/04 04:04:31 Q=5
2026-01-08 19:38:16,111 - INFO - [GINSLIB] processing : 2020/10/04 04:04:32 Q=5
2026-01-08 19:38:16,111 - INFO - [GINSLIB] processing : 2020/10/04 04:04:33 Q=5
2026-01-08 19:38:16,111 - INFO - [GINSLIB] processing : 2020/10/04 04:04:34 Q=5
2026-01-08 19:38:16,111 - INFO - [GINSLIB] processing : 2020/10/04 04:04:35 Q=5
2026-01-08 19:38:16,111 - INFO - [GINSLIB] processing : 2020/10/04 04:04:36 Q=5
2026-01-08 19:38:16,111 - INFO - [GINSLIB] processing : 2020/10/04 04:04:37 Q=5
2026-01-08 19:38:16,111 - INFO - [GINSLIB] processing : 2020/10/04 04:04:38 Q=5
2026-01-08 19:38:16,112 - INFO - [GINSLIB] processing : 2020/10/04 04:04:39 Q=5
2026-01-08 19:38:16,112 - INFO - [GINSLIB] processing : 2020/10/04 04:04:40 Q=5
2026-01-08 19:38:16,112 - INFO - [GINSLIB] processing : 2020/10/04 04:04:41 Q=0
2026-01-08 19:38:16,112 - INFO - [GINSLIB] processing : 2020/10/04 04:04:42 Q=5
2026-01-08 19:38:16,112 - INFO - [GINSLIB] processing : 2020/10/04 04:04:43 Q=5
2026-01-08 19:38:16,112 - INFO - [GINSLIB] processing : 2020/10/04 04:04:44 Q=0
2026-01-08 19:38:16,112 - INFO - [GINSLIB] processing : 2020/10/04 04:04:45 Q=5
2026-01-08 19:38:16,112 - INFO - [GINSLIB] processing : 2020/10/04 04:04:46 Q=5
2026-01-08 19:38:16,112 - INFO - [GINSLIB] processing : 2020/10/04 04:04:47 Q=0
2026-01-08 19:38:16,112 - INFO - [GINSLIB] processing : 2020/10/04 04:04:48 Q=5
2026-01-08 19:38:16,112 - INFO - [GINSLIB] processing : 2020/10/04 04:04:49 Q=0
2026-01-08 19:38:16,113 - INFO - [GINSLIB] processing : 2020/10/04 04:04:50 Q=0
2026-01-08 19:38:16,113 - INFO - [GINSLIB] processing : 2020/10/04 04:04:51 Q=0
2026-01-08 19:38:16,113 - INFO - [GINSLIB] processing : 2020/10/04 04:04:52 Q=0
2026-01-08 19:38:16,113 - INFO - [GINSLIB] processing : 2020/10/04 04:04:53 Q=0
2026-01-08 19:38:16,113 - INFO - [GINSLIB] processing : 2020/10/04 04:04:54 Q=5
2026-01-08 19:38:16,113 - INFO - [GINSLIB] processing : 2020/10/04 04:04:55 Q=0
2026-01-08 19:38:16,113 - INFO - [GINSLIB] processing : 2020/10/04 04:04:56 Q=0
2026-01-08 19:38:16,113 - INFO - [GINSLIB] processing : 2020/10/04 04:04:57 Q=0
2026-01-08 19:38:16,113 - INFO - [GINSLIB] processing : 2020/10/04 04:04:58 Q=0
2026-01-08 19:38:16,113 - INFO - [GINSLIB] processing : 2020/10/04 04:04:59 Q=0
2026-01-08 19:38:16,113 - INFO - [GINSLIB] processing : 2020/10/04 04:05:00 Q=0
2026-01-08 19:38:16,114 - INFO - [GINSLIB] processing : 2020/10/04 04:05:01 Q=0
2026-01-08 19:38:16,114 - INFO - [GINSLIB] processing : 2020/10/04 04:05:02 Q=0
2026-01-08 19:38:16,114 - INFO - [GINSLIB] processing : 2020/10/04 04:05:03 Q=0
2026-01-08 19:38:16,114 - INFO - [GINSLIB] processing : 2020/10/04 04:05:04 Q=0
2026-01-08 19:38:16,114 - INFO - [GINSLIB] processing : 2020/10/04 04:05:05 Q=0
2026-01-08 19:38:16,114 - INFO - [GINSLIB] processing : 2020/10/04 04:05:06 Q=0
2026-01-08 19:38:16,114 - INFO - [GINSLIB] processing : 2020/10/04 04:05:07 Q=0
2026-01-08 19:38:16,114 - INFO - [GINSLIB] processing : 2020/10/04 04:05:08 Q=0
2026-01-08 19:38:16,114 - INFO - [GINSLIB] processing : 2020/10/04 04:05:09 Q=0
2026-01-08 19:38:16,115 - INFO - [GINSLIB] processing : 2020/10/04 04:05:10 Q=0
2026-01-08 19:38:16,115 - INFO - [GINSLIB] processing : 2020/10/04 04:05:11 Q=5
2026-01-08 19:38:16,115 - INFO - [GINSLIB] processing : 2020/10/04 04:05:12 Q=5
2026-01-08 19:38:16,115 - INFO - [GINSLIB] processing : 2020/10/04 04:05:13 Q=5
2026-01-08 19:38:16,115 - INFO - [GINSLIB] processing : 2020/10/04 04:05:14 Q=5
2026-01-08 19:38:16,115 - INFO - [GINSLIB] processing : 2020/10/04 04:05:15 Q=5
2026-01-08 19:38:16,115 - INFO - [GINSLIB] processing : 2020/10/04 04:05:16 Q=5
2026-01-08 19:38:16,115 - INFO - [GINSLIB] processing : 2020/10/04 04:05:17 Q=5
2026-01-08 19:38:16,115 - INFO - [GINSLIB] processing : 2020/10/04 04:05:18 Q=5
2026-01-08 19:38:16,115 - INFO - [GINSLIB] processing : 2020/10/04 04:05:19 Q=5
2026-01-08 19:38:16,116 - INFO - [GINSLIB] processing : 2020/10/04 04:05:20 Q=5
2026-01-08 19:38:16,116 - INFO - [GINSLIB] processing : 2020/10/04 04:05:21 Q=5
2026-01-08 19:38:16,116 - INFO - [GINSLIB] processing : 2020/10/04 04:05:22 Q=0
2026-01-08 19:38:16,116 - INFO - [GINSLIB] processing : 2020/10/04 04:05:23 Q=5
2026-01-08 19:38:16,116 - INFO - [GINSLIB] processing : 2020/10/04 04:05:24 Q=5
2026-01-08 19:38:16,388 - INFO - [GINSLIB] processing : 2020/10/04 04:05:25 Q=5
2026-01-08 19:38:16,388 - INFO - [GINSLIB] processing : 2020/10/04 04:05:26 Q=5
2026-01-08 19:38:16,388 - INFO - [GINSLIB] processing : 2020/10/04 04:05:27 Q=5
2026-01-08 19:38:16,388 - INFO - [GINSLIB] processing : 2020/10/04 04:05:28 Q=5
2026-01-08 19:38:16,389 - INFO - [GINSLIB] processing : 2020/10/04 04:05:29 Q=5
2026-01-08 19:38:16,389 - INFO - [GINSLIB] processing : 2020/10/04 04:05:30 Q=5
2026-01-08 19:38:16,389 - INFO - [GINSLIB] processing : 2020/10/04 04:05:31 Q=5
2026-01-08 19:38:16,389 - INFO - [GINSLIB] processing : 2020/10/04 04:05:32 Q=5
2026-01-08 19:38:16,389 - INFO - [GINSLIB] processing : 2020/10/04 04:05:33 Q=5
2026-01-08 19:38:16,389 - INFO - [GINSLIB] processing : 2020/10/04 04:05:34 Q=5
2026-01-08 19:38:16,390 - INFO - [GINSLIB] processing : 2020/10/04 04:05:35 Q=5
2026-01-08 19:38:16,390 - INFO - [GINSLIB] processing : 2020/10/04 04:05:36 Q=5
2026-01-08 19:38:16,390 - INFO - [GINSLIB] processing : 2020/10/04 04:05:37 Q=5
2026-01-08 19:38:16,390 - INFO - [GINSLIB] processing : 2020/10/04 04:05:38 Q=5
2026-01-08 19:38:16,390 - INFO - [GINSLIB] processing : 2020/10/04 04:05:39 Q=5
2026-01-08 19:38:16,391 - INFO - [GINSLIB] processing : 2020/10/04 04:05:40 Q=5
2026-01-08 19:38:16,391 - INFO - [GINSLIB] processing : 2020/10/04 04:05:41 Q=5
2026-01-08 19:38:16,391 - INFO - [GINSLIB] processing : 2020/10/04 04:05:42 Q=5
2026-01-08 19:38:16,391 - INFO - [GINSLIB] processing : 2020/10/04 04:05:43 Q=0
2026-01-08 19:38:16,391 - INFO - [GINSLIB] processing : 2020/10/04 04:05:44 Q=5
2026-01-08 19:38:16,391 - INFO - [GINSLIB] processing : 2020/10/04 04:05:45 Q=5
2026-01-08 19:38:16,392 - INFO - [GINSLIB] processing : 2020/10/04 04:05:46 Q=5
2026-01-08 19:38:16,392 - INFO - [GINSLIB] processing : 2020/10/04 04:05:47 Q=5
2026-01-08 19:38:16,392 - INFO - [GINSLIB] processing : 2020/10/04 04:05:48 Q=5
2026-01-08 19:38:16,392 - INFO - [GINSLIB] processing : 2020/10/04 04:05:49 Q=5
2026-01-08 19:38:16,392 - INFO - [GINSLIB] processing : 2020/10/04 04:05:50 Q=5
2026-01-08 19:38:16,392 - INFO - [GINSLIB] processing : 2020/10/04 04:05:51 Q=5
2026-01-08 19:38:16,392 - INFO - [GINSLIB] processing : 2020/10/04 04:05:52 Q=5
2026-01-08 19:38:16,393 - INFO - [GINSLIB] processing : 2020/10/04 04:05:53 Q=5
2026-01-08 19:38:16,393 - INFO - [GINSLIB] processing : 2020/10/04 04:05:54 Q=5
2026-01-08 19:38:16,393 - INFO - [GINSLIB] processing : 2020/10/04 04:05:55 Q=5
2026-01-08 19:38:16,393 - INFO - [GINSLIB] processing : 2020/10/04 04:05:56 Q=0
2026-01-08 19:38:16,393 - INFO - [GINSLIB] processing : 2020/10/04 04:05:57 Q=5
2026-01-08 19:38:16,393 - INFO - [GINSLIB] processing : 2020/10/04 04:05:58 Q=5
2026-01-08 19:38:16,393 - INFO - [GINSLIB] processing : 2020/10/04 04:05:59 Q=5
2026-01-08 19:38:16,394 - INFO - [GINSLIB] processing : 2020/10/04 04:06:00 Q=5
2026-01-08 19:38:16,394 - INFO - [GINSLIB] processing : 2020/10/04 04:06:01 Q=5
2026-01-08 19:38:16,394 - INFO - [GINSLIB] processing : 2020/10/04 04:06:02 Q=5
2026-01-08 19:38:16,394 - INFO - [GINSLIB] processing : 2020/10/04 04:06:03 Q=5
2026-01-08 19:38:16,394 - INFO - [GINSLIB] processing : 2020/10/04 04:06:04 Q=5
2026-01-08 19:38:16,394 - INFO - [GINSLIB] processing : 2020/10/04 04:06:05 Q=5
2026-01-08 19:38:16,394 - INFO - [GINSLIB] processing : 2020/10/04 04:06:06 Q=5
2026-01-08 19:38:16,394 - INFO - [GINSLIB] processing : 2020/10/04 04:06:07 Q=5
2026-01-08 19:38:16,395 - INFO - [GINSLIB] processing : 2020/10/04 04:06:08 Q=5
2026-01-08 19:38:16,395 - INFO - [GINSLIB] processing : 2020/10/04 04:06:09 Q=5
2026-01-08 19:38:16,395 - INFO - [GINSLIB] processing : 2020/10/04 04:06:10 Q=5
2026-01-08 19:38:16,395 - INFO - [GINSLIB] processing : 2020/10/04 04:06:11 Q=5
2026-01-08 19:38:16,395 - INFO - [GINSLIB] processing : 2020/10/04 04:06:12 Q=5
2026-01-08 19:38:16,395 - INFO - [GINSLIB] processing : 2020/10/04 04:06:13 Q=5
2026-01-08 19:38:16,395 - INFO - [GINSLIB] processing : 2020/10/04 04:06:14 Q=5
2026-01-08 19:38:16,395 - INFO - [GINSLIB] processing : 2020/10/04 04:06:15 Q=5
2026-01-08 19:38:16,395 - INFO - [GINSLIB] processing : 2020/10/04 04:06:16 Q=5
2026-01-08 19:38:16,396 - INFO - [GINSLIB] processing : 2020/10/04 04:06:17 Q=5
2026-01-08 19:38:16,396 - INFO - [GINSLIB] processing : 2020/10/04 04:06:18 Q=5
2026-01-08 19:38:16,396 - INFO - [GINSLIB] processing : 2020/10/04 04:06:19 Q=0
2026-01-08 19:38:16,396 - INFO - [GINSLIB] processing : 2020/10/04 04:06:20 Q=0
2026-01-08 19:38:16,396 - INFO - [GINSLIB] processing : 2020/10/04 04:06:21 Q=0
2026-01-08 19:38:16,396 - INFO - [GINSLIB] processing : 2020/10/04 04:06:22 Q=0
2026-01-08 19:38:16,397 - INFO - [GINSLIB] processing : 2020/10/04 04:06:23 Q=0
2026-01-08 19:38:16,397 - INFO - [GINSLIB] processing : 2020/10/04 04:06:24 Q=0
2026-01-08 19:38:16,397 - INFO - [GINSLIB] processing : 2020/10/04 04:06:25 Q=5
2026-01-08 19:38:16,397 - INFO - [GINSLIB] processing : 2020/10/04 04:06:26 Q=5
2026-01-08 19:38:16,397 - INFO - [GINSLIB] processing : 2020/10/04 04:06:27 Q=5
2026-01-08 19:38:16,397 - INFO - [GINSLIB] processing : 2020/10/04 04:06:28 Q=5
2026-01-08 19:38:16,398 - INFO - [GINSLIB] processing : 2020/10/04 04:06:29 Q=5
2026-01-08 19:38:16,398 - INFO - [GINSLIB] processing : 2020/10/04 04:06:30 Q=5
2026-01-08 19:38:16,398 - INFO - [GINSLIB] processing : 2020/10/04 04:06:31 Q=5
2026-01-08 19:38:16,398 - INFO - [GINSLIB] processing : 2020/10/04 04:06:32 Q=5
2026-01-08 19:38:16,398 - INFO - [GINSLIB] processing : 2020/10/04 04:06:33 Q=5
2026-01-08 19:38:16,399 - INFO - [GINSLIB] processing : 2020/10/04 04:06:34 Q=5
2026-01-08 19:38:16,399 - INFO - [GINSLIB] processing : 2020/10/04 04:06:35 Q=5
2026-01-08 19:38:16,399 - INFO - [GINSLIB] processing : 2020/10/04 04:06:36 Q=5
2026-01-08 19:38:16,399 - INFO - [GINSLIB] processing : 2020/10/04 04:06:37 Q=5
2026-01-08 19:38:16,399 - INFO - [GINSLIB] processing : 2020/10/04 04:06:38 Q=5
2026-01-08 19:38:16,399 - INFO - [GINSLIB] processing : 2020/10/04 04:06:39 Q=5
2026-01-08 19:38:16,399 - INFO - [GINSLIB] processing : 2020/10/04 04:06:40 Q=5
2026-01-08 19:38:16,399 - INFO - [GINSLIB] processing : 2020/10/04 04:06:41 Q=5
2026-01-08 19:38:16,400 - INFO - [GINSLIB] processing : 2020/10/04 04:06:42 Q=5
2026-01-08 19:38:16,400 - INFO - [GINSLIB] processing : 2020/10/04 04:06:43 Q=5
2026-01-08 19:38:16,400 - INFO - [GINSLIB] processing : 2020/10/04 04:06:44 Q=5
2026-01-08 19:38:16,400 - INFO - [GINSLIB] processing : 2020/10/04 04:06:45 Q=0
2026-01-08 19:38:16,400 - INFO - [GINSLIB] processing : 2020/10/04 04:06:46 Q=5
2026-01-08 19:38:16,400 - INFO - [GINSLIB] processing : 2020/10/04 04:06:47 Q=5
2026-01-08 19:38:16,400 - INFO - [GINSLIB] processing : 2020/10/04 04:06:48 Q=5
2026-01-08 19:38:16,400 - INFO - [GINSLIB] processing : 2020/10/04 04:06:49 Q=5
2026-01-08 19:38:16,400 - INFO - [GINSLIB] processing : 2020/10/04 04:06:50 Q=5
2026-01-08 19:38:16,401 - INFO - [GINSLIB] processing : 2020/10/04 04:06:51 Q=5
2026-01-08 19:38:16,401 - INFO - [GINSLIB] processing : 2020/10/04 04:06:52 Q=0
2026-01-08 19:38:16,401 - INFO - [GINSLIB] processing : 2020/10/04 04:06:53 Q=5
2026-01-08 19:38:16,401 - INFO - [GINSLIB] processing : 2020/10/04 04:06:54 Q=5
2026-01-08 19:38:16,401 - INFO - [GINSLIB] processing : 2020/10/04 04:06:55 Q=5
2026-01-08 19:38:16,401 - INFO - [GINSLIB] processing : 2020/10/04 04:06:56 Q=5
2026-01-08 19:38:16,401 - INFO - [GINSLIB] processing : 2020/10/04 04:06:57 Q=5
2026-01-08 19:38:16,401 - INFO - [GINSLIB] processing : 2020/10/04 04:06:58 Q=5
2026-01-08 19:38:16,401 - INFO - [GINSLIB] processing : 2020/10/04 04:06:59 Q=5
2026-01-08 19:38:16,401 - INFO - [GINSLIB] processing : 2020/10/04 04:07:00 Q=5
2026-01-08 19:38:16,402 - INFO - [GINSLIB] processing : 2020/10/04 04:07:01 Q=0
2026-01-08 19:38:16,402 - INFO - [GINSLIB] processing : 2020/10/04 04:07:02 Q=0
2026-01-08 19:38:16,402 - INFO - [GINSLIB] processing : 2020/10/04 04:07:03 Q=0
2026-01-08 19:38:16,402 - INFO - [GINSLIB] processing : 2020/10/04 04:07:04 Q=5
2026-01-08 19:38:16,402 - INFO - [GINSLIB] processing : 2020/10/04 04:07:05 Q=5
2026-01-08 19:38:16,402 - INFO - [GINSLIB] processing : 2020/10/04 04:07:06 Q=5
2026-01-08 19:38:16,402 - INFO - [GINSLIB] processing : 2020/10/04 04:07:07 Q=5
2026-01-08 19:38:16,402 - INFO - [GINSLIB] processing : 2020/10/04 04:07:08 Q=5
2026-01-08 19:38:16,402 - INFO - [GINSLIB] processing : 2020/10/04 04:07:09 Q=5
2026-01-08 19:38:16,402 - INFO - [GINSLIB] processing : 2020/10/04 04:07:10 Q=5
2026-01-08 19:38:16,403 - INFO - [GINSLIB] processing : 2020/10/04 04:07:11 Q=5
2026-01-08 19:38:16,403 - INFO - [GINSLIB] processing : 2020/10/04 04:07:12 Q=5
2026-01-08 19:38:16,403 - INFO - [GINSLIB] processing : 2020/10/04 04:07:13 Q=5
2026-01-08 19:38:16,403 - INFO - [GINSLIB] processing : 2020/10/04 04:07:14 Q=5
2026-01-08 19:38:16,403 - INFO - [GINSLIB] processing : 2020/10/04 04:07:15 Q=5
2026-01-08 19:38:16,671 - INFO - [GINSLIB] processing : 2020/10/04 04:07:16 Q=5
2026-01-08 19:38:16,671 - INFO - [GINSLIB] processing : 2020/10/04 04:07:17 Q=0
2026-01-08 19:38:16,671 - INFO - [GINSLIB] processing : 2020/10/04 04:07:18 Q=5
2026-01-08 19:38:16,672 - INFO - [GINSLIB] processing : 2020/10/04 04:07:19 Q=0
2026-01-08 19:38:16,672 - INFO - [GINSLIB] processing : 2020/10/04 04:07:20 Q=0
2026-01-08 19:38:16,672 - INFO - [GINSLIB] processing : 2020/10/04 04:07:21 Q=5
2026-01-08 19:38:16,672 - INFO - [GINSLIB] processing : 2020/10/04 04:07:22 Q=5
2026-01-08 19:38:16,672 - INFO - [GINSLIB] processing : 2020/10/04 04:07:23 Q=5
2026-01-08 19:38:16,672 - INFO - [GINSLIB] processing : 2020/10/04 04:07:24 Q=5
2026-01-08 19:38:16,673 - INFO - [GINSLIB] processing : 2020/10/04 04:07:25 Q=5
2026-01-08 19:38:16,673 - INFO - [GINSLIB] processing : 2020/10/04 04:07:26 Q=5
2026-01-08 19:38:16,673 - INFO - [GINSLIB] processing : 2020/10/04 04:07:27 Q=5
2026-01-08 19:38:16,673 - INFO - [GINSLIB] processing : 2020/10/04 04:07:28 Q=5
2026-01-08 19:38:16,673 - INFO - [GINSLIB] processing : 2020/10/04 04:07:29 Q=5
2026-01-08 19:38:16,674 - INFO - [GINSLIB] processing : 2020/10/04 04:07:30 Q=5
2026-01-08 19:38:16,674 - INFO - [GINSLIB] processing : 2020/10/04 04:07:31 Q=5
2026-01-08 19:38:16,674 - INFO - [GINSLIB] processing : 2020/10/04 04:07:32 Q=5
2026-01-08 19:38:16,674 - INFO - [GINSLIB] processing : 2020/10/04 04:07:33 Q=5
2026-01-08 19:38:16,674 - INFO - [GINSLIB] processing : 2020/10/04 04:07:34 Q=5
2026-01-08 19:38:16,674 - INFO - [GINSLIB] processing : 2020/10/04 04:07:35 Q=5
2026-01-08 19:38:16,675 - INFO - [GINSLIB] processing : 2020/10/04 04:07:36 Q=5
2026-01-08 19:38:16,675 - INFO - [GINSLIB] processing : 2020/10/04 04:07:37 Q=5
2026-01-08 19:38:16,675 - INFO - [GINSLIB] processing : 2020/10/04 04:07:38 Q=5
2026-01-08 19:38:16,675 - INFO - [GINSLIB] processing : 2020/10/04 04:07:39 Q=5
2026-01-08 19:38:16,675 - INFO - [GINSLIB] processing : 2020/10/04 04:07:40 Q=5
2026-01-08 19:38:16,676 - INFO - [GINSLIB] processing : 2020/10/04 04:07:41 Q=5
2026-01-08 19:38:16,676 - INFO - [GINSLIB] processing : 2020/10/04 04:07:42 Q=5
2026-01-08 19:38:16,676 - INFO - [GINSLIB] processing : 2020/10/04 04:07:43 Q=5
2026-01-08 19:38:16,676 - INFO - [GINSLIB] processing : 2020/10/04 04:07:44 Q=5
2026-01-08 19:38:16,676 - INFO - [GINSLIB] processing : 2020/10/04 04:07:45 Q=5
2026-01-08 19:38:16,676 - INFO - [GINSLIB] processing : 2020/10/04 04:07:46 Q=5
2026-01-08 19:38:16,676 - INFO - [GINSLIB] processing : 2020/10/04 04:07:47 Q=5
2026-01-08 19:38:16,676 - INFO - [GINSLIB] processing : 2020/10/04 04:07:48 Q=5
2026-01-08 19:38:16,676 - INFO - [GINSLIB] processing : 2020/10/04 04:07:49 Q=5
2026-01-08 19:38:16,676 - INFO - [GINSLIB] processing : 2020/10/04 04:07:50 Q=5
2026-01-08 19:38:16,677 - INFO - [GINSLIB] processing : 2020/10/04 04:07:51 Q=5
2026-01-08 19:38:16,677 - INFO - [GINSLIB] processing : 2020/10/04 04:07:52 Q=5
2026-01-08 19:38:16,677 - INFO - [GINSLIB] processing : 2020/10/04 04:07:53 Q=5
2026-01-08 19:38:16,677 - INFO - [GINSLIB] processing : 2020/10/04 04:07:54 Q=5
2026-01-08 19:38:16,677 - INFO - [GINSLIB] processing : 2020/10/04 04:07:55 Q=5
2026-01-08 19:38:16,677 - INFO - [GINSLIB] processing : 2020/10/04 04:07:56 Q=5
2026-01-08 19:38:16,677 - INFO - [GINSLIB] processing : 2020/10/04 04:07:57 Q=5
2026-01-08 19:38:16,677 - INFO - [GINSLIB] processing : 2020/10/04 04:07:58 Q=5
2026-01-08 19:38:16,677 - INFO - [GINSLIB] processing : 2020/10/04 04:07:59 Q=5
2026-01-08 19:38:16,677 - INFO - [GINSLIB] processing : 2020/10/04 04:08:00 Q=5
2026-01-08 19:38:16,677 - INFO - [GINSLIB] processing : 2020/10/04 04:08:01 Q=5
2026-01-08 19:38:16,678 - INFO - [GINSLIB] processing : 2020/10/04 04:08:02 Q=5
2026-01-08 19:38:16,678 - INFO - [GINSLIB] processing : 2020/10/04 04:08:03 Q=5
2026-01-08 19:38:16,678 - INFO - [GINSLIB] processing : 2020/10/04 04:08:04 Q=5
2026-01-08 19:38:16,678 - INFO - [GINSLIB] processing : 2020/10/04 04:08:05 Q=5
2026-01-08 19:38:16,678 - INFO - [GINSLIB] processing : 2020/10/04 04:08:06 Q=5
2026-01-08 19:38:16,678 - INFO - [GINSLIB] processing : 2020/10/04 04:08:07 Q=5
2026-01-08 19:38:16,678 - INFO - [GINSLIB] processing : 2020/10/04 04:08:08 Q=5
2026-01-08 19:38:16,678 - INFO - [GINSLIB] processing : 2020/10/04 04:08:09 Q=5
2026-01-08 19:38:16,678 - INFO - [GINSLIB] processing : 2020/10/04 04:08:10 Q=5
2026-01-08 19:38:16,678 - INFO - [GINSLIB] processing : 2020/10/04 04:08:11 Q=5
2026-01-08 19:38:16,678 - INFO - [GINSLIB] processing : 2020/10/04 04:08:12 Q=5
2026-01-08 19:38:16,679 - INFO - [GINSLIB] processing : 2020/10/04 04:08:13 Q=5
2026-01-08 19:38:16,679 - INFO - [GINSLIB] processing : 2020/10/04 04:08:14 Q=5
2026-01-08 19:38:16,679 - INFO - [GINSLIB] processing : 2020/10/04 04:08:15 Q=5
2026-01-08 19:38:16,679 - INFO - [GINSLIB] processing : 2020/10/04 04:08:16 Q=5
2026-01-08 19:38:16,679 - INFO - [GINSLIB] processing : 2020/10/04 04:08:17 Q=5
2026-01-08 19:38:16,679 - INFO - [GINSLIB] processing : 2020/10/04 04:08:18 Q=5
2026-01-08 19:38:16,679 - INFO - [GINSLIB] processing : 2020/10/04 04:08:19 Q=5
2026-01-08 19:38:16,679 - INFO - [GINSLIB] processing : 2020/10/04 04:08:20 Q=5
2026-01-08 19:38:16,679 - INFO - [GINSLIB] processing : 2020/10/04 04:08:21 Q=5
2026-01-08 19:38:16,679 - INFO - [GINSLIB] processing : 2020/10/04 04:08:22 Q=5
2026-01-08 19:38:16,679 - INFO - [GINSLIB] processing : 2020/10/04 04:08:23 Q=5
2026-01-08 19:38:16,680 - INFO - [GINSLIB] processing : 2020/10/04 04:08:24 Q=5
2026-01-08 19:38:16,680 - INFO - [GINSLIB] processing : 2020/10/04 04:08:25 Q=5
2026-01-08 19:38:16,680 - INFO - [GINSLIB] processing : 2020/10/04 04:08:26 Q=5
2026-01-08 19:38:16,680 - INFO - [GINSLIB] processing : 2020/10/04 04:08:27 Q=5
2026-01-08 19:38:16,680 - INFO - [GINSLIB] processing : 2020/10/04 04:08:28 Q=5
2026-01-08 19:38:16,680 - INFO - [GINSLIB] processing : 2020/10/04 04:08:29 Q=5
2026-01-08 19:38:16,681 - INFO - [GINSLIB] processing : 2020/10/04 04:08:30 Q=5
2026-01-08 19:38:16,681 - INFO - [GINSLIB] processing : 2020/10/04 04:08:31 Q=5
2026-01-08 19:38:16,681 - INFO - [GINSLIB] processing : 2020/10/04 04:08:32 Q=5
2026-01-08 19:38:16,681 - INFO - [GINSLIB] processing : 2020/10/04 04:08:33 Q=5
2026-01-08 19:38:16,681 - INFO - [GINSLIB] processing : 2020/10/04 04:08:34 Q=5
2026-01-08 19:38:16,681 - INFO - [GINSLIB] processing : 2020/10/04 04:08:35 Q=5
2026-01-08 19:38:16,681 - INFO - [GINSLIB] processing : 2020/10/04 04:08:36 Q=5
2026-01-08 19:38:16,681 - INFO - [GINSLIB] processing : 2020/10/04 04:08:37 Q=5
2026-01-08 19:38:16,682 - INFO - [GINSLIB] processing : 2020/10/04 04:08:38 Q=5
2026-01-08 19:38:16,682 - INFO - [GINSLIB] processing : 2020/10/04 04:08:39 Q=5
2026-01-08 19:38:16,682 - INFO - [GINSLIB] processing : 2020/10/04 04:08:40 Q=5
2026-01-08 19:38:16,682 - INFO - [GINSLIB] processing : 2020/10/04 04:08:41 Q=5
2026-01-08 19:38:16,682 - INFO - [GINSLIB] processing : 2020/10/04 04:08:42 Q=5
2026-01-08 19:38:16,682 - INFO - [GINSLIB] processing : 2020/10/04 04:08:43 Q=5
2026-01-08 19:38:16,682 - INFO - [GINSLIB] processing : 2020/10/04 04:08:44 Q=5
2026-01-08 19:38:16,683 - INFO - [GINSLIB] processing : 2020/10/04 04:08:45 Q=5
2026-01-08 19:38:16,683 - INFO - [GINSLIB] processing : 2020/10/04 04:08:46 Q=5
2026-01-08 19:38:16,683 - INFO - [GINSLIB] processing : 2020/10/04 04:08:47 Q=5
2026-01-08 19:38:16,683 - INFO - [GINSLIB] processing : 2020/10/04 04:08:48 Q=5
2026-01-08 19:38:16,683 - INFO - [GINSLIB] processing : 2020/10/04 04:08:49 Q=5
2026-01-08 19:38:16,683 - INFO - [GINSLIB] processing : 2020/10/04 04:08:50 Q=5
2026-01-08 19:38:16,683 - INFO - [GINSLIB] processing : 2020/10/04 04:08:51 Q=5
2026-01-08 19:38:16,684 - INFO - [GINSLIB] processing : 2020/10/04 04:08:52 Q=5
2026-01-08 19:38:16,684 - INFO - [GINSLIB] processing : 2020/10/04 04:08:53 Q=5
2026-01-08 19:38:16,684 - INFO - [GINSLIB] processing : 2020/10/04 04:08:54 Q=5
2026-01-08 19:38:16,684 - INFO - [GINSLIB] processing : 2020/10/04 04:08:55 Q=5
2026-01-08 19:38:16,684 - INFO - [GINSLIB] processing : 2020/10/04 04:08:56 Q=5
2026-01-08 19:38:16,684 - INFO - [GINSLIB] processing : 2020/10/04 04:08:57 Q=5
2026-01-08 19:38:16,684 - INFO - [GINSLIB] processing : 2020/10/04 04:08:58 Q=5
2026-01-08 19:38:16,684 - INFO - [GINSLIB] processing : 2020/10/04 04:08:59 Q=5
2026-01-08 19:38:16,684 - INFO - [GINSLIB] processing : 2020/10/04 04:09:00 Q=5
2026-01-08 19:38:16,685 - INFO - [GINSLIB] processing : 2020/10/04 04:09:01 Q=5
2026-01-08 19:38:16,685 - INFO - [GINSLIB] processing : 2020/10/04 04:09:02 Q=5
2026-01-08 19:38:16,685 - INFO - [GINSLIB] processing : 2020/10/04 04:09:03 Q=5
2026-01-08 19:38:16,685 - INFO - [GINSLIB] processing : 2020/10/04 04:09:04 Q=5
2026-01-08 19:38:16,685 - INFO - [GINSLIB] processing : 2020/10/04 04:09:05 Q=5
2026-01-08 19:38:16,942 - INFO - [GINSLIB] processing : 2020/10/04 04:09:06 Q=5
2026-01-08 19:38:16,943 - INFO - [GINSLIB] processing : 2020/10/04 04:09:07 Q=5
2026-01-08 19:38:16,943 - INFO - [GINSLIB] processing : 2020/10/04 04:09:08 Q=5
2026-01-08 19:38:16,943 - INFO - [GINSLIB] processing : 2020/10/04 04:09:09 Q=5
2026-01-08 19:38:16,944 - INFO - [GINSLIB] processing : 2020/10/04 04:09:10 Q=5
2026-01-08 19:38:16,944 - INFO - [GINSLIB] processing : 2020/10/04 04:09:11 Q=5
2026-01-08 19:38:16,944 - INFO - [GINSLIB] processing : 2020/10/04 04:09:12 Q=5
2026-01-08 19:38:16,944 - INFO - [GINSLIB] processing : 2020/10/04 04:09:13 Q=5
2026-01-08 19:38:16,944 - INFO - [GINSLIB] processing : 2020/10/04 04:09:14 Q=5
2026-01-08 19:38:16,945 - INFO - [GINSLIB] processing : 2020/10/04 04:09:15 Q=5
2026-01-08 19:38:16,945 - INFO - [GINSLIB] processing : 2020/10/04 04:09:16 Q=5
2026-01-08 19:38:16,945 - INFO - [GINSLIB] processing : 2020/10/04 04:09:17 Q=5
2026-01-08 19:38:16,945 - INFO - [GINSLIB] processing : 2020/10/04 04:09:18 Q=5
2026-01-08 19:38:16,945 - INFO - [GINSLIB] processing : 2020/10/04 04:09:19 Q=5
2026-01-08 19:38:16,946 - INFO - [GINSLIB] processing : 2020/10/04 04:09:20 Q=5
2026-01-08 19:38:16,946 - INFO - [GINSLIB] processing : 2020/10/04 04:09:21 Q=5
2026-01-08 19:38:16,946 - INFO - [GINSLIB] processing : 2020/10/04 04:09:22 Q=5
2026-01-08 19:38:16,946 - INFO - [GINSLIB] processing : 2020/10/04 04:09:23 Q=5
2026-01-08 19:38:16,946 - INFO - [GINSLIB] processing : 2020/10/04 04:09:24 Q=5
2026-01-08 19:38:16,946 - INFO - [GINSLIB] processing : 2020/10/04 04:09:25 Q=5
2026-01-08 19:38:16,946 - INFO - [GINSLIB] processing : 2020/10/04 04:09:26 Q=5
2026-01-08 19:38:16,947 - INFO - [GINSLIB] processing : 2020/10/04 04:09:27 Q=5
2026-01-08 19:38:16,947 - INFO - [GINSLIB] processing : 2020/10/04 04:09:28 Q=5
2026-01-08 19:38:16,947 - INFO - [GINSLIB] processing : 2020/10/04 04:09:29 Q=5
2026-01-08 19:38:16,947 - INFO - [GINSLIB] processing : 2020/10/04 04:09:30 Q=5
2026-01-08 19:38:16,947 - INFO - [GINSLIB] processing : 2020/10/04 04:09:31 Q=5
2026-01-08 19:38:16,947 - INFO - [GINSLIB] processing : 2020/10/04 04:09:32 Q=5
2026-01-08 19:38:16,947 - INFO - [GINSLIB] processing : 2020/10/04 04:09:33 Q=5
2026-01-08 19:38:16,947 - INFO - [GINSLIB] processing : 2020/10/04 04:09:34 Q=5
2026-01-08 19:38:16,948 - INFO - [GINSLIB] processing : 2020/10/04 04:09:35 Q=5
2026-01-08 19:38:16,948 - INFO - [GINSLIB] processing : 2020/10/04 04:09:36 Q=5
2026-01-08 19:38:16,948 - INFO - [GINSLIB] processing : 2020/10/04 04:09:37 Q=5
2026-01-08 19:38:16,948 - INFO - [GINSLIB] processing : 2020/10/04 04:09:38 Q=5
2026-01-08 19:38:16,948 - INFO - [GINSLIB] processing : 2020/10/04 04:09:39 Q=5
2026-01-08 19:38:16,948 - INFO - [GINSLIB] processing : 2020/10/04 04:09:40 Q=5
2026-01-08 19:38:16,948 - INFO - [GINSLIB] processing : 2020/10/04 04:09:41 Q=5
2026-01-08 19:38:16,948 - INFO - [GINSLIB] processing : 2020/10/04 04:09:42 Q=5
2026-01-08 19:38:16,948 - INFO - [GINSLIB] processing : 2020/10/04 04:09:43 Q=5
2026-01-08 19:38:16,948 - INFO - [GINSLIB] processing : 2020/10/04 04:09:44 Q=5
2026-01-08 19:38:16,949 - INFO - [GINSLIB] processing : 2020/10/04 04:09:45 Q=5
2026-01-08 19:38:16,949 - INFO - [GINSLIB] processing : 2020/10/04 04:09:46 Q=5
2026-01-08 19:38:16,949 - INFO - [GINSLIB] processing : 2020/10/04 04:09:47 Q=5
2026-01-08 19:38:16,949 - INFO - [GINSLIB] processing : 2020/10/04 04:09:48 Q=5
2026-01-08 19:38:16,949 - INFO - [GINSLIB] processing : 2020/10/04 04:09:49 Q=5
2026-01-08 19:38:16,949 - INFO - [GINSLIB] processing : 2020/10/04 04:09:50 Q=5
2026-01-08 19:38:16,949 - INFO - [GINSLIB] processing : 2020/10/04 04:09:51 Q=5
2026-01-08 19:38:16,949 - INFO - [GINSLIB] processing : 2020/10/04 04:09:52 Q=5
2026-01-08 19:38:16,950 - INFO - [GINSLIB] processing : 2020/10/04 04:09:53 Q=5
2026-01-08 19:38:16,950 - INFO - [GINSLIB] processing : 2020/10/04 04:09:54 Q=5
2026-01-08 19:38:16,950 - INFO - [GINSLIB] processing : 2020/10/04 04:09:55 Q=5
2026-01-08 19:38:16,950 - INFO - [GINSLIB] processing : 2020/10/04 04:09:56 Q=5
2026-01-08 19:38:16,950 - INFO - [GINSLIB] processing : 2020/10/04 04:09:57 Q=5
2026-01-08 19:38:16,950 - INFO - [GINSLIB] processing : 2020/10/04 04:09:58 Q=5
2026-01-08 19:38:16,950 - INFO - [GINSLIB] processing : 2020/10/04 04:09:59 Q=5
2026-01-08 19:38:16,951 - INFO - [GINSLIB] processing : 2020/10/04 04:10:00 Q=5
2026-01-08 19:38:16,951 - INFO - [GINSLIB] processing : 2020/10/04 04:10:01 Q=5
2026-01-08 19:38:16,951 - INFO - [GINSLIB] processing : 2020/10/04 04:10:02 Q=5
2026-01-08 19:38:16,951 - INFO - [GINSLIB] processing : 2020/10/04 04:10:03 Q=5
2026-01-08 19:38:16,951 - INFO - [GINSLIB] processing : 2020/10/04 04:10:04 Q=5
2026-01-08 19:38:16,951 - INFO - [GINSLIB] processing : 2020/10/04 04:10:05 Q=5
2026-01-08 19:38:16,951 - INFO - [GINSLIB] processing : 2020/10/04 04:10:06 Q=5
2026-01-08 19:38:16,951 - INFO - [GINSLIB] processing : 2020/10/04 04:10:07 Q=5
2026-01-08 19:38:16,951 - INFO - [GINSLIB] processing : 2020/10/04 04:10:08 Q=5
2026-01-08 19:38:16,951 - INFO - [GINSLIB] processing : 2020/10/04 04:10:09 Q=5
2026-01-08 19:38:16,951 - INFO - [GINSLIB] processing : 2020/10/04 04:10:10 Q=5
2026-01-08 19:38:16,952 - INFO - [GINSLIB] processing : 2020/10/04 04:10:11 Q=5
2026-01-08 19:38:16,952 - INFO - [GINSLIB] processing : 2020/10/04 04:10:12 Q=5
2026-01-08 19:38:16,952 - INFO - [GINSLIB] processing : 2020/10/04 04:10:13 Q=5
2026-01-08 19:38:16,952 - INFO - [GINSLIB] processing : 2020/10/04 04:10:14 Q=5
2026-01-08 19:38:16,952 - INFO - [GINSLIB] processing : 2020/10/04 04:10:15 Q=5
2026-01-08 19:38:16,952 - INFO - [GINSLIB] processing : 2020/10/04 04:10:16 Q=5
2026-01-08 19:38:16,952 - INFO - [GINSLIB] processing : 2020/10/04 04:10:17 Q=5
2026-01-08 19:38:16,952 - INFO - [GINSLIB] processing : 2020/10/04 04:10:18 Q=5
2026-01-08 19:38:16,952 - INFO - [GINSLIB] processing : 2020/10/04 04:10:19 Q=5
2026-01-08 19:38:16,952 - INFO - [GINSLIB] processing : 2020/10/04 04:10:20 Q=5
2026-01-08 19:38:16,953 - INFO - [GINSLIB] processing : 2020/10/04 04:10:21 Q=5
2026-01-08 19:38:16,953 - INFO - [GINSLIB] processing : 2020/10/04 04:10:22 Q=5
2026-01-08 19:38:16,953 - INFO - [GINSLIB] processing : 2020/10/04 04:10:23 Q=5
2026-01-08 19:38:16,953 - INFO - [GINSLIB] processing : 2020/10/04 04:10:24 Q=5
2026-01-08 19:38:16,954 - INFO - [GINSLIB] processing : 2020/10/04 04:10:25 Q=0
2026-01-08 19:38:16,954 - INFO - [GINSLIB] processing : 2020/10/04 04:10:26 Q=5
2026-01-08 19:38:16,954 - INFO - [GINSLIB] processing : 2020/10/04 04:10:27 Q=0
2026-01-08 19:38:16,954 - INFO - [GINSLIB] processing : 2020/10/04 04:10:28 Q=0
2026-01-08 19:38:16,955 - INFO - [GINSLIB] processing : 2020/10/04 04:10:29 Q=0
2026-01-08 19:38:16,955 - INFO - [GINSLIB] processing : 2020/10/04 04:10:30 Q=5
2026-01-08 19:38:16,955 - INFO - [GINSLIB] processing : 2020/10/04 04:10:31 Q=5
2026-01-08 19:38:16,955 - INFO - [GINSLIB] processing : 2020/10/04 04:10:32 Q=5
2026-01-08 19:38:16,955 - INFO - [GINSLIB] processing : 2020/10/04 04:10:33 Q=5
2026-01-08 19:38:16,955 - INFO - [GINSLIB] processing : 2020/10/04 04:10:34 Q=5
2026-01-08 19:38:16,955 - INFO - [GINSLIB] processing : 2020/10/04 04:10:35 Q=5
2026-01-08 19:38:16,956 - INFO - [GINSLIB] processing : 2020/10/04 04:10:36 Q=5
2026-01-08 19:38:16,956 - INFO - [GINSLIB] processing : 2020/10/04 04:10:37 Q=5
2026-01-08 19:38:16,956 - INFO - [GINSLIB] processing : 2020/10/04 04:10:38 Q=5
2026-01-08 19:38:16,956 - INFO - [GINSLIB] processing : 2020/10/04 04:10:39 Q=5
2026-01-08 19:38:16,956 - INFO - [GINSLIB] processing : 2020/10/04 04:10:40 Q=5
2026-01-08 19:38:16,956 - INFO - [GINSLIB] processing : 2020/10/04 04:10:41 Q=5
2026-01-08 19:38:16,957 - INFO - [GINSLIB] processing : 2020/10/04 04:10:42 Q=5
2026-01-08 19:38:16,957 - INFO - [GINSLIB] processing : 2020/10/04 04:10:43 Q=5
2026-01-08 19:38:16,957 - INFO - [GINSLIB] processing : 2020/10/04 04:10:44 Q=5
2026-01-08 19:38:16,957 - INFO - [GINSLIB] processing : 2020/10/04 04:10:45 Q=0
2026-01-08 19:38:16,957 - INFO - [GINSLIB] processing : 2020/10/04 04:10:46 Q=5
2026-01-08 19:38:16,957 - INFO - [GINSLIB] processing : 2020/10/04 04:10:47 Q=0
2026-01-08 19:38:16,958 - INFO - [GINSLIB] processing : 2020/10/04 04:10:48 Q=5
2026-01-08 19:38:16,958 - INFO - [GINSLIB] processing : 2020/10/04 04:10:49 Q=5
2026-01-08 19:38:16,958 - INFO - [GINSLIB] processing : 2020/10/04 04:10:50 Q=5
2026-01-08 19:38:16,958 - INFO - [GINSLIB] processing : 2020/10/04 04:10:51 Q=5
2026-01-08 19:38:16,958 - INFO - [GINSLIB] processing : 2020/10/04 04:10:52 Q=5
2026-01-08 19:38:16,959 - INFO - [GINSLIB] processing : 2020/10/04 04:10:53 Q=5
2026-01-08 19:38:16,959 - INFO - [GINSLIB] processing : 2020/10/04 04:10:54 Q=5
2026-01-08 19:38:16,959 - INFO - [GINSLIB] processing : 2020/10/04 04:10:55 Q=5
2026-01-08 19:38:16,959 - INFO - [GINSLIB] processing : 2020/10/04 04:10:56 Q=5
2026-01-08 19:38:17,252 - INFO - [GINSLIB] processing : 2020/10/04 04:10:57 Q=5
2026-01-08 19:38:17,253 - INFO - [GINSLIB] processing : 2020/10/04 04:10:58 Q=5
2026-01-08 19:38:17,253 - INFO - [GINSLIB] processing : 2020/10/04 04:10:59 Q=5
2026-01-08 19:38:17,253 - INFO - [GINSLIB] processing : 2020/10/04 04:11:00 Q=5
2026-01-08 19:38:17,253 - INFO - [GINSLIB] processing : 2020/10/04 04:11:01 Q=5
2026-01-08 19:38:17,254 - INFO - [GINSLIB] processing : 2020/10/04 04:11:02 Q=5
2026-01-08 19:38:17,254 - INFO - [GINSLIB] processing : 2020/10/04 04:11:03 Q=5
2026-01-08 19:38:17,254 - INFO - [GINSLIB] processing : 2020/10/04 04:11:04 Q=5
2026-01-08 19:38:17,254 - INFO - [GINSLIB] processing : 2020/10/04 04:11:05 Q=5
2026-01-08 19:38:17,255 - INFO - [GINSLIB] processing : 2020/10/04 04:11:06 Q=5
2026-01-08 19:38:17,255 - INFO - [GINSLIB] processing : 2020/10/04 04:11:07 Q=5
2026-01-08 19:38:17,255 - INFO - [GINSLIB] processing : 2020/10/04 04:11:08 Q=5
2026-01-08 19:38:17,255 - INFO - [GINSLIB] processing : 2020/10/04 04:11:09 Q=5
2026-01-08 19:38:17,256 - INFO - [GINSLIB] processing : 2020/10/04 04:11:10 Q=5
2026-01-08 19:38:17,256 - INFO - [GINSLIB] processing : 2020/10/04 04:11:11 Q=5
2026-01-08 19:38:17,256 - INFO - [GINSLIB] processing : 2020/10/04 04:11:12 Q=5
2026-01-08 19:38:17,256 - INFO - [GINSLIB] processing : 2020/10/04 04:11:13 Q=5
2026-01-08 19:38:17,257 - INFO - [GINSLIB] processing : 2020/10/04 04:11:14 Q=5
2026-01-08 19:38:17,258 - INFO - [GINSLIB] processing : 2020/10/04 04:11:15 Q=5
2026-01-08 19:38:17,258 - INFO - [GINSLIB] processing : 2020/10/04 04:11:16 Q=5
2026-01-08 19:38:17,258 - INFO - [GINSLIB] processing : 2020/10/04 04:11:17 Q=5
2026-01-08 19:38:17,258 - INFO - [GINSLIB] processing : 2020/10/04 04:11:18 Q=5
2026-01-08 19:38:17,258 - INFO - [GINSLIB] processing : 2020/10/04 04:11:19 Q=5
2026-01-08 19:38:17,259 - INFO - [GINSLIB] processing : 2020/10/04 04:11:20 Q=5
2026-01-08 19:38:17,259 - INFO - [GINSLIB] processing : 2020/10/04 04:11:21 Q=5
2026-01-08 19:38:17,259 - INFO - [GINSLIB] processing : 2020/10/04 04:11:22 Q=5
2026-01-08 19:38:17,259 - INFO - [GINSLIB] processing : 2020/10/04 04:11:23 Q=5
2026-01-08 19:38:17,259 - INFO - [GINSLIB] processing : 2020/10/04 04:11:24 Q=5
2026-01-08 19:38:17,260 - INFO - [GINSLIB] processing : 2020/10/04 04:11:25 Q=5
2026-01-08 19:38:17,260 - INFO - [GINSLIB] processing : 2020/10/04 04:11:26 Q=5
2026-01-08 19:38:17,260 - INFO - [GINSLIB] processing : 2020/10/04 04:11:27 Q=5
2026-01-08 19:38:17,260 - INFO - [GINSLIB] processing : 2020/10/04 04:11:28 Q=5
2026-01-08 19:38:17,260 - INFO - [GINSLIB] processing : 2020/10/04 04:11:29 Q=5
2026-01-08 19:38:17,261 - INFO - [GINSLIB] processing : 2020/10/04 04:11:30 Q=5
2026-01-08 19:38:17,261 - INFO - [GINSLIB] processing : 2020/10/04 04:11:31 Q=5
2026-01-08 19:38:17,261 - INFO - [GINSLIB] processing : 2020/10/04 04:11:32 Q=5
2026-01-08 19:38:17,261 - INFO - [GINSLIB] processing : 2020/10/04 04:11:33 Q=5
2026-01-08 19:38:17,262 - INFO - [GINSLIB] processing : 2020/10/04 04:11:34 Q=5
2026-01-08 19:38:17,262 - INFO - [GINSLIB] processing : 2020/10/04 04:11:35 Q=5
2026-01-08 19:38:17,262 - INFO - [GINSLIB] processing : 2020/10/04 04:11:36 Q=5
2026-01-08 19:38:17,262 - INFO - [GINSLIB] processing : 2020/10/04 04:11:37 Q=5
2026-01-08 19:38:17,262 - INFO - [GINSLIB] processing : 2020/10/04 04:11:38 Q=5
2026-01-08 19:38:17,262 - INFO - [GINSLIB] processing : 2020/10/04 04:11:39 Q=5
2026-01-08 19:38:17,263 - INFO - [GINSLIB] processing : 2020/10/04 04:11:40 Q=5
2026-01-08 19:38:17,263 - INFO - [GINSLIB] processing : 2020/10/04 04:11:41 Q=5
2026-01-08 19:38:17,263 - INFO - [GINSLIB] processing : 2020/10/04 04:11:42 Q=5
2026-01-08 19:38:17,263 - INFO - [GINSLIB] processing : 2020/10/04 04:11:43 Q=5
2026-01-08 19:38:17,263 - INFO - [GINSLIB] processing : 2020/10/04 04:11:44 Q=5
2026-01-08 19:38:17,263 - INFO - [GINSLIB] processing : 2020/10/04 04:11:45 Q=5
2026-01-08 19:38:17,263 - INFO - [GINSLIB] processing : 2020/10/04 04:11:46 Q=5
2026-01-08 19:38:17,263 - INFO - [GINSLIB] processing : 2020/10/04 04:11:47 Q=5
2026-01-08 19:38:17,263 - INFO - [GINSLIB] processing : 2020/10/04 04:11:48 Q=5
2026-01-08 19:38:17,264 - INFO - [GINSLIB] processing : 2020/10/04 04:11:49 Q=5
2026-01-08 19:38:17,264 - INFO - [GINSLIB] processing : 2020/10/04 04:11:50 Q=5
2026-01-08 19:38:17,264 - INFO - [GINSLIB] processing : 2020/10/04 04:11:51 Q=5
2026-01-08 19:38:17,264 - INFO - [GINSLIB] processing : 2020/10/04 04:11:52 Q=5
2026-01-08 19:38:17,264 - INFO - [GINSLIB] processing : 2020/10/04 04:11:53 Q=5
2026-01-08 19:38:17,264 - INFO - [GINSLIB] processing : 2020/10/04 04:11:54 Q=5
2026-01-08 19:38:17,264 - INFO - [GINSLIB] processing : 2020/10/04 04:11:55 Q=5
2026-01-08 19:38:17,265 - INFO - [GINSLIB] processing : 2020/10/04 04:11:56 Q=5
2026-01-08 19:38:17,265 - INFO - [GINSLIB] processing : 2020/10/04 04:11:57 Q=5
2026-01-08 19:38:17,265 - INFO - [GINSLIB] processing : 2020/10/04 04:11:58 Q=5
2026-01-08 19:38:17,265 - INFO - [GINSLIB] processing : 2020/10/04 04:11:59 Q=5
2026-01-08 19:38:17,265 - INFO - [GINSLIB] processing : 2020/10/04 04:12:00 Q=5
2026-01-08 19:38:17,265 - INFO - [GINSLIB] processing : 2020/10/04 04:12:01 Q=5
2026-01-08 19:38:17,265 - INFO - [GINSLIB] processing : 2020/10/04 04:12:02 Q=5
2026-01-08 19:38:17,265 - INFO - [GINSLIB] processing : 2020/10/04 04:12:03 Q=5
2026-01-08 19:38:17,265 - INFO - [GINSLIB] processing : 2020/10/04 04:12:04 Q=0
2026-01-08 19:38:17,265 - INFO - [GINSLIB] processing : 2020/10/04 04:12:05 Q=5
2026-01-08 19:38:17,266 - INFO - [GINSLIB] processing : 2020/10/04 04:12:06 Q=5
2026-01-08 19:38:17,266 - INFO - [GINSLIB] processing : 2020/10/04 04:12:07 Q=0
2026-01-08 19:38:17,266 - INFO - [GINSLIB] processing : 2020/10/04 04:12:08 Q=5
2026-01-08 19:38:17,266 - INFO - [GINSLIB] processing : 2020/10/04 04:12:09 Q=5
2026-01-08 19:38:17,266 - INFO - [GINSLIB] processing : 2020/10/04 04:12:10 Q=5
2026-01-08 19:38:17,266 - INFO - [GINSLIB] processing : 2020/10/04 04:12:11 Q=5
2026-01-08 19:38:17,266 - INFO - [GINSLIB] processing : 2020/10/04 04:12:12 Q=0
2026-01-08 19:38:17,266 - INFO - [GINSLIB] processing : 2020/10/04 04:12:13 Q=0
2026-01-08 19:38:17,266 - INFO - [GINSLIB] processing : 2020/10/04 04:12:14 Q=0
2026-01-08 19:38:17,266 - INFO - [GINSLIB] processing : 2020/10/04 04:12:15 Q=0
2026-01-08 19:38:17,267 - INFO - [GINSLIB] processing : 2020/10/04 04:12:16 Q=0
2026-01-08 19:38:17,267 - INFO - [GINSLIB] processing : 2020/10/04 04:12:17 Q=0
2026-01-08 19:38:17,267 - INFO - [GINSLIB] processing : 2020/10/04 04:12:18 Q=0
2026-01-08 19:38:17,267 - INFO - [GINSLIB] processing : 2020/10/04 04:12:19 Q=0
2026-01-08 19:38:17,267 - INFO - [GINSLIB] processing : 2020/10/04 04:12:20 Q=0
2026-01-08 19:38:17,267 - INFO - [GINSLIB] processing : 2020/10/04 04:12:21 Q=0
2026-01-08 19:38:17,267 - INFO - [GINSLIB] processing : 2020/10/04 04:12:22 Q=0
2026-01-08 19:38:17,267 - INFO - [GINSLIB] processing : 2020/10/04 04:12:23 Q=5
2026-01-08 19:38:17,267 - INFO - [GINSLIB] processing : 2020/10/04 04:12:24 Q=0
2026-01-08 19:38:17,268 - INFO - [GINSLIB] processing : 2020/10/04 04:12:25 Q=5
2026-01-08 19:38:17,268 - INFO - [GINSLIB] processing : 2020/10/04 04:12:26 Q=5
2026-01-08 19:38:17,268 - INFO - [GINSLIB] processing : 2020/10/04 04:12:27 Q=0
2026-01-08 19:38:17,268 - INFO - [GINSLIB] processing : 2020/10/04 04:12:28 Q=0
2026-01-08 19:38:17,268 - INFO - [GINSLIB] processing : 2020/10/04 04:12:29 Q=0
2026-01-08 19:38:17,268 - INFO - [GINSLIB] processing : 2020/10/04 04:12:30 Q=0
2026-01-08 19:38:17,268 - INFO - [GINSLIB] processing : 2020/10/04 04:12:31 Q=0
2026-01-08 19:38:17,268 - INFO - [GINSLIB] processing : 2020/10/04 04:12:32 Q=0
2026-01-08 19:38:17,268 - INFO - [GINSLIB] processing : 2020/10/04 04:12:33 Q=0
2026-01-08 19:38:17,269 - INFO - [GINSLIB] processing : 2020/10/04 04:12:34 Q=0
2026-01-08 19:38:17,269 - INFO - [GINSLIB] processing : 2020/10/04 04:12:35 Q=0
2026-01-08 19:38:17,269 - INFO - [GINSLIB] processing : 2020/10/04 04:12:36 Q=0
2026-01-08 19:38:17,269 - INFO - [GINSLIB] processing : 2020/10/04 04:12:37 Q=5
2026-01-08 19:38:17,269 - INFO - [GINSLIB] processing : 2020/10/04 04:12:38 Q=0
2026-01-08 19:38:17,269 - INFO - [GINSLIB] processing : 2020/10/04 04:12:39 Q=0
2026-01-08 19:38:17,269 - INFO - [GINSLIB] processing : 2020/10/04 04:12:40 Q=5
2026-01-08 19:38:17,269 - INFO - [GINSLIB] processing : 2020/10/04 04:12:41 Q=5
2026-01-08 19:38:17,269 - INFO - [GINSLIB] processing : 2020/10/04 04:12:42 Q=0
2026-01-08 19:38:17,270 - INFO - [GINSLIB] processing : 2020/10/04 04:12:43 Q=0
2026-01-08 19:38:17,270 - INFO - [GINSLIB] processing : 2020/10/04 04:12:44 Q=0
2026-01-08 19:38:17,270 - INFO - [GINSLIB] processing : 2020/10/04 04:12:45 Q=0
2026-01-08 19:38:17,270 - INFO - [GINSLIB] processing : 2020/10/04 04:12:46 Q=0
2026-01-08 19:38:17,270 - INFO - [GINSLIB] processing : 2020/10/04 04:12:47 Q=5
2026-01-08 19:38:17,540 - INFO - [GINSLIB] processing : 2020/10/04 04:12:48 Q=5
2026-01-08 19:38:17,540 - INFO - [GINSLIB] processing : 2020/10/04 04:12:49 Q=5
2026-01-08 19:38:17,540 - INFO - [GINSLIB] processing : 2020/10/04 04:12:50 Q=5
2026-01-08 19:38:17,540 - INFO - [GINSLIB] processing : 2020/10/04 04:12:51 Q=5
2026-01-08 19:38:17,541 - INFO - [GINSLIB] processing : 2020/10/04 04:12:52 Q=5
2026-01-08 19:38:17,541 - INFO - [GINSLIB] processing : 2020/10/04 04:12:53 Q=5
2026-01-08 19:38:17,541 - INFO - [GINSLIB] processing : 2020/10/04 04:12:54 Q=5
2026-01-08 19:38:17,541 - INFO - [GINSLIB] processing : 2020/10/04 04:12:55 Q=5
2026-01-08 19:38:17,541 - INFO - [GINSLIB] processing : 2020/10/04 04:12:56 Q=5
2026-01-08 19:38:17,542 - INFO - [GINSLIB] processing : 2020/10/04 04:12:57 Q=5
2026-01-08 19:38:17,542 - INFO - [GINSLIB] processing : 2020/10/04 04:12:58 Q=5
2026-01-08 19:38:17,542 - INFO - [GINSLIB] processing : 2020/10/04 04:12:59 Q=5
2026-01-08 19:38:17,542 - INFO - [GINSLIB] processing : 2020/10/04 04:13:00 Q=5
2026-01-08 19:38:17,542 - INFO - [GINSLIB] processing : 2020/10/04 04:13:01 Q=5
2026-01-08 19:38:17,543 - INFO - [GINSLIB] processing : 2020/10/04 04:13:02 Q=5
2026-01-08 19:38:17,543 - INFO - [GINSLIB] processing : 2020/10/04 04:13:03 Q=5
2026-01-08 19:38:17,543 - INFO - [GINSLIB] processing : 2020/10/04 04:13:04 Q=5
2026-01-08 19:38:17,543 - INFO - [GINSLIB] processing : 2020/10/04 04:13:05 Q=5
2026-01-08 19:38:17,543 - INFO - [GINSLIB] processing : 2020/10/04 04:13:06 Q=5
2026-01-08 19:38:17,543 - INFO - [GINSLIB] processing : 2020/10/04 04:13:07 Q=5
2026-01-08 19:38:17,544 - INFO - [GINSLIB] processing : 2020/10/04 04:13:08 Q=5
2026-01-08 19:38:17,544 - INFO - [GINSLIB] processing : 2020/10/04 04:13:09 Q=5
2026-01-08 19:38:17,544 - INFO - [GINSLIB] processing : 2020/10/04 04:13:10 Q=5
2026-01-08 19:38:17,544 - INFO - [GINSLIB] processing : 2020/10/04 04:13:11 Q=5
2026-01-08 19:38:17,544 - INFO - [GINSLIB] processing : 2020/10/04 04:13:12 Q=5
2026-01-08 19:38:17,544 - INFO - [GINSLIB] processing : 2020/10/04 04:13:13 Q=5
2026-01-08 19:38:17,544 - INFO - [GINSLIB] processing : 2020/10/04 04:13:14 Q=5
2026-01-08 19:38:17,545 - INFO - [GINSLIB] processing : 2020/10/04 04:13:15 Q=5
2026-01-08 19:38:17,545 - INFO - [GINSLIB] processing : 2020/10/04 04:13:16 Q=5
2026-01-08 19:38:17,545 - INFO - [GINSLIB] processing : 2020/10/04 04:13:17 Q=5
2026-01-08 19:38:17,545 - INFO - [GINSLIB] processing : 2020/10/04 04:13:18 Q=5
2026-01-08 19:38:17,545 - INFO - [GINSLIB] processing : 2020/10/04 04:13:19 Q=5
2026-01-08 19:38:17,545 - INFO - [GINSLIB] processing : 2020/10/04 04:13:20 Q=5
2026-01-08 19:38:17,545 - INFO - [GINSLIB] processing : 2020/10/04 04:13:21 Q=5
2026-01-08 19:38:17,545 - INFO - [GINSLIB] processing : 2020/10/04 04:13:22 Q=5
2026-01-08 19:38:17,546 - INFO - [GINSLIB] processing : 2020/10/04 04:13:23 Q=5
2026-01-08 19:38:17,546 - INFO - [GINSLIB] processing : 2020/10/04 04:13:24 Q=5
2026-01-08 19:38:17,546 - INFO - [GINSLIB] processing : 2020/10/04 04:13:25 Q=5
2026-01-08 19:38:17,546 - INFO - [GINSLIB] processing : 2020/10/04 04:13:26 Q=5
2026-01-08 19:38:17,546 - INFO - [GINSLIB] processing : 2020/10/04 04:13:27 Q=5
2026-01-08 19:38:17,546 - INFO - [GINSLIB] processing : 2020/10/04 04:13:28 Q=5
2026-01-08 19:38:17,546 - INFO - [GINSLIB] processing : 2020/10/04 04:13:29 Q=5
2026-01-08 19:38:17,546 - INFO - [GINSLIB] processing : 2020/10/04 04:13:30 Q=5
2026-01-08 19:38:17,546 - INFO - [GINSLIB] processing : 2020/10/04 04:13:31 Q=5
2026-01-08 19:38:17,546 - INFO - [GINSLIB] processing : 2020/10/04 04:13:32 Q=5
2026-01-08 19:38:17,546 - INFO - [GINSLIB] processing : 2020/10/04 04:13:33 Q=5
2026-01-08 19:38:17,547 - INFO - [GINSLIB] processing : 2020/10/04 04:13:34 Q=0
2026-01-08 19:38:17,547 - INFO - [GINSLIB] processing : 2020/10/04 04:13:35 Q=5
2026-01-08 19:38:17,547 - INFO - [GINSLIB] processing : 2020/10/04 04:13:36 Q=5
2026-01-08 19:38:17,547 - INFO - [GINSLIB] processing : 2020/10/04 04:13:37 Q=5
2026-01-08 19:38:17,547 - INFO - [GINSLIB] processing : 2020/10/04 04:13:38 Q=5
2026-01-08 19:38:17,547 - INFO - [GINSLIB] processing : 2020/10/04 04:13:39 Q=5
2026-01-08 19:38:17,547 - INFO - [GINSLIB] processing : 2020/10/04 04:13:40 Q=5
2026-01-08 19:38:17,547 - INFO - [GINSLIB] processing : 2020/10/04 04:13:41 Q=0
2026-01-08 19:38:17,547 - INFO - [GINSLIB] processing : 2020/10/04 04:13:42 Q=5
2026-01-08 19:38:17,547 - INFO - [GINSLIB] processing : 2020/10/04 04:13:43 Q=5
2026-01-08 19:38:17,547 - INFO - [GINSLIB] processing : 2020/10/04 04:13:44 Q=5
2026-01-08 19:38:17,548 - INFO - [GINSLIB] processing : 2020/10/04 04:13:45 Q=5
2026-01-08 19:38:17,548 - INFO - [GINSLIB] processing : 2020/10/04 04:13:46 Q=5
2026-01-08 19:38:17,548 - INFO - [GINSLIB] processing : 2020/10/04 04:13:47 Q=5
2026-01-08 19:38:17,548 - INFO - [GINSLIB] processing : 2020/10/04 04:13:48 Q=5
2026-01-08 19:38:17,548 - INFO - [GINSLIB] processing : 2020/10/04 04:13:49 Q=5
2026-01-08 19:38:17,548 - INFO - [GINSLIB] processing : 2020/10/04 04:13:50 Q=5
2026-01-08 19:38:17,549 - INFO - [GINSLIB] processing : 2020/10/04 04:13:51 Q=5
2026-01-08 19:38:17,549 - INFO - [GINSLIB] processing : 2020/10/04 04:13:52 Q=0
2026-01-08 19:38:17,549 - INFO - [GINSLIB] processing : 2020/10/04 04:13:53 Q=5
2026-01-08 19:38:17,549 - INFO - [GINSLIB] processing : 2020/10/04 04:13:54 Q=5
2026-01-08 19:38:17,549 - INFO - [GINSLIB] processing : 2020/10/04 04:13:55 Q=5
2026-01-08 19:38:17,549 - INFO - [GINSLIB] processing : 2020/10/04 04:13:56 Q=5
2026-01-08 19:38:17,549 - INFO - [GINSLIB] processing : 2020/10/04 04:13:57 Q=5
2026-01-08 19:38:17,549 - INFO - [GINSLIB] processing : 2020/10/04 04:13:58 Q=5
2026-01-08 19:38:17,549 - INFO - [GINSLIB] processing : 2020/10/04 04:13:59 Q=0
2026-01-08 19:38:17,550 - INFO - [GINSLIB] processing : 2020/10/04 04:14:00 Q=5
2026-01-08 19:38:17,550 - INFO - [GINSLIB] processing : 2020/10/04 04:14:01 Q=5
2026-01-08 19:38:17,550 - INFO - [GINSLIB] processing : 2020/10/04 04:14:02 Q=5
2026-01-08 19:38:17,550 - INFO - [GINSLIB] processing : 2020/10/04 04:14:03 Q=5
2026-01-08 19:38:17,550 - INFO - [GINSLIB] processing : 2020/10/04 04:14:04 Q=5
2026-01-08 19:38:17,551 - INFO - [GINSLIB] processing : 2020/10/04 04:14:05 Q=5
2026-01-08 19:38:17,551 - INFO - [GINSLIB] processing : 2020/10/04 04:14:06 Q=5
2026-01-08 19:38:17,551 - INFO - [GINSLIB] processing : 2020/10/04 04:14:07 Q=5
2026-01-08 19:38:17,551 - INFO - [GINSLIB] processing : 2020/10/04 04:14:08 Q=5
2026-01-08 19:38:17,551 - INFO - [GINSLIB] processing : 2020/10/04 04:14:09 Q=5
2026-01-08 19:38:17,551 - INFO - [GINSLIB] processing : 2020/10/04 04:14:10 Q=5
2026-01-08 19:38:17,551 - INFO - [GINSLIB] processing : 2020/10/04 04:14:11 Q=5
2026-01-08 19:38:17,552 - INFO - [GINSLIB] processing : 2020/10/04 04:14:12 Q=5
2026-01-08 19:38:17,552 - INFO - [GINSLIB] processing : 2020/10/04 04:14:13 Q=5
2026-01-08 19:38:17,552 - INFO - [GINSLIB] processing : 2020/10/04 04:14:14 Q=0
2026-01-08 19:38:17,552 - INFO - [GINSLIB] processing : 2020/10/04 04:14:15 Q=5
2026-01-08 19:38:17,552 - INFO - [GINSLIB] processing : 2020/10/04 04:14:16 Q=5
2026-01-08 19:38:17,552 - INFO - [GINSLIB] processing : 2020/10/04 04:14:17 Q=5
2026-01-08 19:38:17,552 - INFO - [GINSLIB] processing : 2020/10/04 04:14:18 Q=5
2026-01-08 19:38:17,552 - INFO - [GINSLIB] processing : 2020/10/04 04:14:19 Q=5
2026-01-08 19:38:17,553 - INFO - [GINSLIB] processing : 2020/10/04 04:14:20 Q=5
2026-01-08 19:38:17,553 - INFO - [GINSLIB] processing : 2020/10/04 04:14:21 Q=5
2026-01-08 19:38:17,553 - INFO - [GINSLIB] processing : 2020/10/04 04:14:22 Q=5
2026-01-08 19:38:17,553 - INFO - [GINSLIB] processing : 2020/10/04 04:14:23 Q=5
2026-01-08 19:38:17,553 - INFO - [GINSLIB] processing : 2020/10/04 04:14:24 Q=5
2026-01-08 19:38:17,553 - INFO - [GINSLIB] processing : 2020/10/04 04:14:25 Q=5
2026-01-08 19:38:17,553 - INFO - [GINSLIB] processing : 2020/10/04 04:14:26 Q=5
2026-01-08 19:38:17,553 - INFO - [GINSLIB] processing : 2020/10/04 04:14:27 Q=5
2026-01-08 19:38:17,553 - INFO - [GINSLIB] processing : 2020/10/04 04:14:28 Q=5
2026-01-08 19:38:17,554 - INFO - [GINSLIB] processing : 2020/10/04 04:14:29 Q=5
2026-01-08 19:38:17,554 - INFO - [GINSLIB] processing : 2020/10/04 04:14:30 Q=5
2026-01-08 19:38:17,554 - INFO - [GINSLIB] processing : 2020/10/04 04:14:31 Q=5
2026-01-08 19:38:17,554 - INFO - [GINSLIB] processing : 2020/10/04 04:14:32 Q=5
2026-01-08 19:38:17,554 - INFO - [GINSLIB] processing : 2020/10/04 04:14:33 Q=5
2026-01-08 19:38:17,554 - INFO - [GINSLIB] processing : 2020/10/04 04:14:34 Q=5
2026-01-08 19:38:17,554 - INFO - [GINSLIB] processing : 2020/10/04 04:14:35 Q=5
2026-01-08 19:38:17,554 - INFO - [GINSLIB] processing : 2020/10/04 04:14:36 Q=5
2026-01-08 19:38:17,554 - INFO - [GINSLIB] processing : 2020/10/04 04:14:37 Q=5
2026-01-08 19:38:17,836 - INFO - [GINSLIB] processing : 2020/10/04 04:14:38 Q=5
2026-01-08 19:38:17,836 - INFO - [GINSLIB] processing : 2020/10/04 04:14:39 Q=5
2026-01-08 19:38:17,837 - INFO - [GINSLIB] processing : 2020/10/04 04:14:40 Q=5
2026-01-08 19:38:17,837 - INFO - [GINSLIB] processing : 2020/10/04 04:14:41 Q=5
2026-01-08 19:38:17,837 - INFO - [GINSLIB] processing : 2020/10/04 04:14:42 Q=0
2026-01-08 19:38:17,838 - INFO - [GINSLIB] processing : 2020/10/04 04:14:43 Q=0
2026-01-08 19:38:17,838 - INFO - [GINSLIB] processing : 2020/10/04 04:14:44 Q=0
2026-01-08 19:38:17,838 - INFO - [GINSLIB] processing : 2020/10/04 04:14:45 Q=0
2026-01-08 19:38:17,839 - INFO - [GINSLIB] processing : 2020/10/04 04:14:46 Q=0
2026-01-08 19:38:17,839 - INFO - [GINSLIB] processing : 2020/10/04 04:14:47 Q=0
2026-01-08 19:38:17,839 - INFO - [GINSLIB] processing : 2020/10/04 04:14:48 Q=0
2026-01-08 19:38:17,839 - INFO - [GINSLIB] processing : 2020/10/04 04:14:49 Q=0
2026-01-08 19:38:17,839 - INFO - [GINSLIB] processing : 2020/10/04 04:14:50 Q=0
2026-01-08 19:38:17,840 - INFO - [GINSLIB] processing : 2020/10/04 04:14:51 Q=0
2026-01-08 19:38:17,840 - INFO - [GINSLIB] processing : 2020/10/04 04:14:52 Q=5
2026-01-08 19:38:17,840 - INFO - [GINSLIB] processing : 2020/10/04 04:14:53 Q=5
2026-01-08 19:38:17,841 - INFO - [GINSLIB] processing : 2020/10/04 04:14:54 Q=5
2026-01-08 19:38:17,841 - INFO - [GINSLIB] processing : 2020/10/04 04:14:55 Q=5
2026-01-08 19:38:17,841 - INFO - [GINSLIB] processing : 2020/10/04 04:14:56 Q=5
2026-01-08 19:38:17,841 - INFO - [GINSLIB] processing : 2020/10/04 04:14:57 Q=5
2026-01-08 19:38:17,842 - INFO - [GINSLIB] processing : 2020/10/04 04:14:58 Q=5
2026-01-08 19:38:17,842 - INFO - [GINSLIB] processing : 2020/10/04 04:14:59 Q=5
2026-01-08 19:38:17,842 - INFO - [GINSLIB] processing : 2020/10/04 04:15:00 Q=0
2026-01-08 19:38:17,843 - INFO - [GINSLIB] processing : 2020/10/04 04:15:01 Q=5
2026-01-08 19:38:17,843 - INFO - [GINSLIB] processing : 2020/10/04 04:15:02 Q=5
2026-01-08 19:38:17,843 - INFO - [GINSLIB] processing : 2020/10/04 04:15:03 Q=0
2026-01-08 19:38:17,843 - INFO - [GINSLIB] processing : 2020/10/04 04:15:04 Q=5
2026-01-08 19:38:17,844 - INFO - [GINSLIB] processing : 2020/10/04 04:15:05 Q=0
2026-01-08 19:38:17,844 - INFO - [GINSLIB] processing : 2020/10/04 04:15:06 Q=5
2026-01-08 19:38:17,844 - INFO - [GINSLIB] processing : 2020/10/04 04:15:07 Q=5
2026-01-08 19:38:17,845 - INFO - [GINSLIB] processing : 2020/10/04 04:15:08 Q=0
2026-01-08 19:38:17,845 - INFO - [GINSLIB] processing : 2020/10/04 04:15:09 Q=0
2026-01-08 19:38:17,845 - INFO - [GINSLIB] processing : 2020/10/04 04:15:10 Q=0
2026-01-08 19:38:17,845 - INFO - [GINSLIB] processing : 2020/10/04 04:15:11 Q=5
2026-01-08 19:38:17,845 - INFO - [GINSLIB] processing : 2020/10/04 04:15:12 Q=5
2026-01-08 19:38:17,845 - INFO - [GINSLIB] processing : 2020/10/04 04:15:13 Q=5
2026-01-08 19:38:17,846 - INFO - [GINSLIB] processing : 2020/10/04 04:15:14 Q=5
2026-01-08 19:38:17,846 - INFO - [GINSLIB] processing : 2020/10/04 04:15:15 Q=5
2026-01-08 19:38:17,846 - INFO - [GINSLIB] processing : 2020/10/04 04:15:16 Q=5
2026-01-08 19:38:17,846 - INFO - [GINSLIB] processing : 2020/10/04 04:15:17 Q=5
2026-01-08 19:38:17,846 - INFO - [GINSLIB] processing : 2020/10/04 04:15:18 Q=5
2026-01-08 19:38:17,846 - INFO - [GINSLIB] processing : 2020/10/04 04:15:19 Q=5
2026-01-08 19:38:17,846 - INFO - [GINSLIB] processing : 2020/10/04 04:15:20 Q=5
2026-01-08 19:38:17,846 - INFO - [GINSLIB] processing : 2020/10/04 04:15:21 Q=5
2026-01-08 19:38:17,847 - INFO - [GINSLIB] processing : 2020/10/04 04:15:22 Q=5
2026-01-08 19:38:17,847 - INFO - [GINSLIB] processing : 2020/10/04 04:15:23 Q=5
2026-01-08 19:38:17,847 - INFO - [GINSLIB] processing : 2020/10/04 04:15:24 Q=5
2026-01-08 19:38:17,847 - INFO - [GINSLIB] processing : 2020/10/04 04:15:25 Q=5
2026-01-08 19:38:17,847 - INFO - [GINSLIB] processing : 2020/10/04 04:15:26 Q=5
2026-01-08 19:38:17,847 - INFO - [GINSLIB] processing : 2020/10/04 04:15:27 Q=0
2026-01-08 19:38:17,847 - INFO - [GINSLIB] processing : 2020/10/04 04:15:28 Q=5
2026-01-08 19:38:17,848 - INFO - [GINSLIB] processing : 2020/10/04 04:15:29 Q=5
2026-01-08 19:38:17,848 - INFO - [GINSLIB] processing : 2020/10/04 04:15:30 Q=5
2026-01-08 19:38:17,848 - INFO - [GINSLIB] processing : 2020/10/04 04:15:31 Q=5
2026-01-08 19:38:17,848 - INFO - [GINSLIB] processing : 2020/10/04 04:15:32 Q=5
2026-01-08 19:38:17,848 - INFO - [GINSLIB] processing : 2020/10/04 04:15:33 Q=5
2026-01-08 19:38:17,848 - INFO - [GINSLIB] processing : 2020/10/04 04:15:34 Q=5
2026-01-08 19:38:17,848 - INFO - [GINSLIB] processing : 2020/10/04 04:15:35 Q=5
2026-01-08 19:38:17,848 - INFO - [GINSLIB] processing : 2020/10/04 04:15:36 Q=5
2026-01-08 19:38:17,849 - INFO - [GINSLIB] processing : 2020/10/04 04:15:37 Q=5
2026-01-08 19:38:17,849 - INFO - [GINSLIB] processing : 2020/10/04 04:15:38 Q=5
2026-01-08 19:38:17,849 - INFO - [GINSLIB] processing : 2020/10/04 04:15:39 Q=5
2026-01-08 19:38:17,849 - INFO - [GINSLIB] processing : 2020/10/04 04:15:40 Q=5
2026-01-08 19:38:17,849 - INFO - [GINSLIB] processing : 2020/10/04 04:15:41 Q=5
2026-01-08 19:38:17,849 - INFO - [GINSLIB] processing : 2020/10/04 04:15:42 Q=5
2026-01-08 19:38:17,849 - INFO - [GINSLIB] processing : 2020/10/04 04:15:43 Q=5
2026-01-08 19:38:17,849 - INFO - [GINSLIB] processing : 2020/10/04 04:15:44 Q=5
2026-01-08 19:38:17,849 - INFO - [GINSLIB] processing : 2020/10/04 04:15:45 Q=5
2026-01-08 19:38:17,850 - INFO - [GINSLIB] processing : 2020/10/04 04:15:46 Q=5
2026-01-08 19:38:17,850 - INFO - [GINSLIB] processing : 2020/10/04 04:15:47 Q=5
2026-01-08 19:38:17,850 - INFO - [GINSLIB] processing : 2020/10/04 04:15:48 Q=5
2026-01-08 19:38:17,850 - INFO - [GINSLIB] processing : 2020/10/04 04:15:49 Q=5
2026-01-08 19:38:17,850 - INFO - [GINSLIB] processing : 2020/10/04 04:15:50 Q=5
2026-01-08 19:38:17,850 - INFO - [GINSLIB] processing : 2020/10/04 04:15:51 Q=5
2026-01-08 19:38:17,850 - INFO - [GINSLIB] processing : 2020/10/04 04:15:52 Q=5
2026-01-08 19:38:17,850 - INFO - [GINSLIB] processing : 2020/10/04 04:15:53 Q=5
2026-01-08 19:38:17,850 - INFO - [GINSLIB] processing : 2020/10/04 04:15:54 Q=5
2026-01-08 19:38:17,850 - INFO - [GINSLIB] processing : 2020/10/04 04:15:55 Q=5
2026-01-08 19:38:17,851 - INFO - [GINSLIB] processing : 2020/10/04 04:15:56 Q=5
2026-01-08 19:38:17,851 - INFO - [GINSLIB] processing : 2020/10/04 04:15:57 Q=5
2026-01-08 19:38:17,851 - INFO - [GINSLIB] processing : 2020/10/04 04:15:58 Q=5
2026-01-08 19:38:17,851 - INFO - [GINSLIB] processing : 2020/10/04 04:15:59 Q=5
2026-01-08 19:38:17,851 - INFO - [GINSLIB] processing : 2020/10/04 04:16:00 Q=5
2026-01-08 19:38:17,851 - INFO - [GINSLIB] processing : 2020/10/04 04:16:01 Q=5
2026-01-08 19:38:17,851 - INFO - [GINSLIB] processing : 2020/10/04 04:16:02 Q=5
2026-01-08 19:38:17,851 - INFO - [GINSLIB] processing : 2020/10/04 04:16:03 Q=5
2026-01-08 19:38:17,851 - INFO - [GINSLIB] processing : 2020/10/04 04:16:04 Q=5
2026-01-08 19:38:17,851 - INFO - [GINSLIB] processing : 2020/10/04 04:16:05 Q=5
2026-01-08 19:38:17,852 - INFO - [GINSLIB] processing : 2020/10/04 04:16:06 Q=5
2026-01-08 19:38:17,852 - INFO - [GINSLIB] processing : 2020/10/04 04:16:07 Q=5
2026-01-08 19:38:17,852 - INFO - [GINSLIB] processing : 2020/10/04 04:16:08 Q=5
2026-01-08 19:38:17,852 - INFO - [GINSLIB] processing : 2020/10/04 04:16:09 Q=5
2026-01-08 19:38:17,852 - INFO - [GINSLIB] processing : 2020/10/04 04:16:10 Q=5
2026-01-08 19:38:17,852 - INFO - [GINSLIB] processing : 2020/10/04 04:16:11 Q=5
2026-01-08 19:38:17,852 - INFO - [GINSLIB] processing : 2020/10/04 04:16:12 Q=5
2026-01-08 19:38:17,852 - INFO - [GINSLIB] processing : 2020/10/04 04:16:13 Q=5
2026-01-08 19:38:17,853 - INFO - [GINSLIB] processing : 2020/10/04 04:16:14 Q=5
2026-01-08 19:38:17,853 - INFO - [GINSLIB] processing : 2020/10/04 04:16:15 Q=5
2026-01-08 19:38:17,853 - INFO - [GINSLIB] processing : 2020/10/04 04:16:16 Q=5
2026-01-08 19:38:17,853 - INFO - [GINSLIB] processing : 2020/10/04 04:16:17 Q=5
2026-01-08 19:38:17,853 - INFO - [GINSLIB] processing : 2020/10/04 04:16:18 Q=5
2026-01-08 19:38:17,853 - INFO - [GINSLIB] processing : 2020/10/04 04:16:19 Q=5
2026-01-08 19:38:17,854 - INFO - [GINSLIB] processing : 2020/10/04 04:16:20 Q=5
2026-01-08 19:38:17,854 - INFO - [GINSLIB] processing : 2020/10/04 04:16:21 Q=5
2026-01-08 19:38:17,854 - INFO - [GINSLIB] processing : 2020/10/04 04:16:22 Q=5
2026-01-08 19:38:17,854 - INFO - [GINSLIB] processing : 2020/10/04 04:16:23 Q=5
2026-01-08 19:38:17,855 - INFO - [GINSLIB] processing : 2020/10/04 04:16:24 Q=5
2026-01-08 19:38:17,855 - INFO - [GINSLIB] processing : 2020/10/04 04:16:25 Q=5
2026-01-08 19:38:17,855 - INFO - [GINSLIB] processing : 2020/10/04 04:16:26 Q=5
2026-01-08 19:38:17,855 - INFO - [GINSLIB] processing : 2020/10/04 04:16:27 Q=5
2026-01-08 19:38:17,855 - INFO - [GINSLIB] processing : 2020/10/04 04:16:28 Q=5
2026-01-08 19:38:18,148 - INFO - [GINSLIB] processing : 2020/10/04 04:16:29 Q=5
2026-01-08 19:38:18,148 - INFO - [GINSLIB] processing : 2020/10/04 04:16:30 Q=5
2026-01-08 19:38:18,148 - INFO - [GINSLIB] processing : 2020/10/04 04:16:31 Q=5
2026-01-08 19:38:18,149 - INFO - [GINSLIB] processing : 2020/10/04 04:16:32 Q=5
2026-01-08 19:38:18,149 - INFO - [GINSLIB] processing : 2020/10/04 04:16:33 Q=5
2026-01-08 19:38:18,149 - INFO - [GINSLIB] processing : 2020/10/04 04:16:34 Q=5
2026-01-08 19:38:18,149 - INFO - [GINSLIB] processing : 2020/10/04 04:16:35 Q=5
2026-01-08 19:38:18,149 - INFO - [GINSLIB] processing : 2020/10/04 04:16:36 Q=5
2026-01-08 19:38:18,150 - INFO - [GINSLIB] processing : 2020/10/04 04:16:37 Q=5
2026-01-08 19:38:18,150 - INFO - [GINSLIB] processing : 2020/10/04 04:16:38 Q=5
2026-01-08 19:38:18,150 - INFO - [GINSLIB] processing : 2020/10/04 04:16:39 Q=5
2026-01-08 19:38:18,150 - INFO - [GINSLIB] processing : 2020/10/04 04:16:40 Q=5
2026-01-08 19:38:18,150 - INFO - [GINSLIB] processing : 2020/10/04 04:16:41 Q=5
2026-01-08 19:38:18,150 - INFO - [GINSLIB] processing : 2020/10/04 04:16:42 Q=5
2026-01-08 19:38:18,150 - INFO - [GINSLIB] processing : 2020/10/04 04:16:43 Q=5
2026-01-08 19:38:18,150 - INFO - [GINSLIB] processing : 2020/10/04 04:16:44 Q=5
2026-01-08 19:38:18,150 - INFO - [GINSLIB] processing : 2020/10/04 04:16:45 Q=5
2026-01-08 19:38:18,150 - INFO - [GINSLIB] processing : 2020/10/04 04:16:46 Q=5
2026-01-08 19:38:18,151 - INFO - [GINSLIB] processing : 2020/10/04 04:16:47 Q=5
2026-01-08 19:38:18,151 - INFO - [GINSLIB] processing : 2020/10/04 04:16:48 Q=5
2026-01-08 19:38:18,151 - INFO - [GINSLIB] processing : 2020/10/04 04:16:49 Q=5
2026-01-08 19:38:18,151 - INFO - [GINSLIB] processing : 2020/10/04 04:16:50 Q=5
2026-01-08 19:38:18,151 - INFO - [GINSLIB] processing : 2020/10/04 04:16:51 Q=5
2026-01-08 19:38:18,151 - INFO - [GINSLIB] processing : 2020/10/04 04:16:52 Q=5
2026-01-08 19:38:18,151 - INFO - [GINSLIB] processing : 2020/10/04 04:16:53 Q=5
2026-01-08 19:38:18,151 - INFO - [GINSLIB] processing : 2020/10/04 04:16:54 Q=5
2026-01-08 19:38:18,152 - INFO - [GINSLIB] processing : 2020/10/04 04:16:55 Q=5
2026-01-08 19:38:18,152 - INFO - [GINSLIB] processing : 2020/10/04 04:16:56 Q=5
2026-01-08 19:38:18,152 - INFO - [GINSLIB] processing : 2020/10/04 04:16:57 Q=5
2026-01-08 19:38:18,152 - INFO - [GINSLIB] processing : 2020/10/04 04:16:58 Q=5
2026-01-08 19:38:18,152 - INFO - [GINSLIB] processing : 2020/10/04 04:16:59 Q=5
2026-01-08 19:38:18,152 - INFO - [GINSLIB] processing : 2020/10/04 04:17:00 Q=5
2026-01-08 19:38:18,152 - INFO - [GINSLIB] processing : 2020/10/04 04:17:01 Q=5
2026-01-08 19:38:18,152 - INFO - [GINSLIB] processing : 2020/10/04 04:17:02 Q=5
2026-01-08 19:38:18,152 - INFO - [GINSLIB] processing : 2020/10/04 04:17:03 Q=5
2026-01-08 19:38:18,152 - INFO - [GINSLIB] processing : 2020/10/04 04:17:04 Q=5
2026-01-08 19:38:18,152 - INFO - [GINSLIB] processing : 2020/10/04 04:17:05 Q=5
2026-01-08 19:38:18,153 - INFO - [GINSLIB] processing : 2020/10/04 04:17:06 Q=5
2026-01-08 19:38:18,153 - INFO - [GINSLIB] processing : 2020/10/04 04:17:07 Q=5
2026-01-08 19:38:18,153 - INFO - [GINSLIB] processing : 2020/10/04 04:17:08 Q=5
2026-01-08 19:38:18,153 - INFO - [GINSLIB] processing : 2020/10/04 04:17:09 Q=5
2026-01-08 19:38:18,153 - INFO - [GINSLIB] processing : 2020/10/04 04:17:10 Q=5
2026-01-08 19:38:18,153 - INFO - [GINSLIB] processing : 2020/10/04 04:17:11 Q=5
2026-01-08 19:38:18,153 - INFO - [GINSLIB] processing : 2020/10/04 04:17:12 Q=5
2026-01-08 19:38:18,153 - INFO - [GINSLIB] processing : 2020/10/04 04:17:13 Q=5
2026-01-08 19:38:18,153 - INFO - [GINSLIB] processing : 2020/10/04 04:17:14 Q=5
2026-01-08 19:38:18,153 - INFO - [GINSLIB] processing : 2020/10/04 04:17:15 Q=5
2026-01-08 19:38:18,153 - INFO - [GINSLIB] processing : 2020/10/04 04:17:16 Q=5
2026-01-08 19:38:18,154 - INFO - [GINSLIB] processing : 2020/10/04 04:17:17 Q=5
2026-01-08 19:38:18,154 - INFO - [GINSLIB] processing : 2020/10/04 04:17:18 Q=5
2026-01-08 19:38:18,154 - INFO - [GINSLIB] processing : 2020/10/04 04:17:19 Q=5
2026-01-08 19:38:18,154 - INFO - [GINSLIB] processing : 2020/10/04 04:17:20 Q=5
2026-01-08 19:38:18,154 - INFO - [GINSLIB] processing : 2020/10/04 04:17:21 Q=5
2026-01-08 19:38:18,154 - INFO - [GINSLIB] processing : 2020/10/04 04:17:22 Q=5
2026-01-08 19:38:18,154 - INFO - [GINSLIB] processing : 2020/10/04 04:17:23 Q=5
2026-01-08 19:38:18,154 - INFO - [GINSLIB] processing : 2020/10/04 04:17:24 Q=5
2026-01-08 19:38:18,154 - INFO - [GINSLIB] processing : 2020/10/04 04:17:25 Q=5
2026-01-08 19:38:18,154 - INFO - [GINSLIB] processing : 2020/10/04 04:17:26 Q=5
2026-01-08 19:38:18,155 - INFO - [GINSLIB] processing : 2020/10/04 04:17:27 Q=5
2026-01-08 19:38:18,155 - INFO - [GINSLIB] processing : 2020/10/04 04:17:28 Q=5
2026-01-08 19:38:18,155 - INFO - [GINSLIB] processing : 2020/10/04 04:17:29 Q=5
2026-01-08 19:38:18,155 - INFO - [GINSLIB] processing : 2020/10/04 04:17:30 Q=5
2026-01-08 19:38:18,155 - INFO - [GINSLIB] processing : 2020/10/04 04:17:31 Q=5
2026-01-08 19:38:18,155 - INFO - [GINSLIB] processing : 2020/10/04 04:17:32 Q=5
2026-01-08 19:38:18,155 - INFO - [GINSLIB] processing : 2020/10/04 04:17:33 Q=5
2026-01-08 19:38:18,155 - INFO - [GINSLIB] processing : 2020/10/04 04:17:34 Q=5
2026-01-08 19:38:18,155 - INFO - [GINSLIB] processing : 2020/10/04 04:17:35 Q=5
2026-01-08 19:38:18,155 - INFO - [GINSLIB] processing : 2020/10/04 04:17:36 Q=5
2026-01-08 19:38:18,155 - INFO - [GINSLIB] processing : 2020/10/04 04:17:37 Q=5
2026-01-08 19:38:18,156 - INFO - [GINSLIB] processing : 2020/10/04 04:17:38 Q=5
2026-01-08 19:38:18,156 - INFO - [GINSLIB] processing : 2020/10/04 04:17:39 Q=5
2026-01-08 19:38:18,156 - INFO - [GINSLIB] processing : 2020/10/04 04:17:40 Q=5
2026-01-08 19:38:18,156 - INFO - [GINSLIB] processing : 2020/10/04 04:17:41 Q=5
2026-01-08 19:38:18,156 - INFO - [GINSLIB] processing : 2020/10/04 04:17:42 Q=5
2026-01-08 19:38:18,156 - INFO - [GINSLIB] processing : 2020/10/04 04:17:43 Q=5
2026-01-08 19:38:18,156 - INFO - [GINSLIB] processing : 2020/10/04 04:17:44 Q=5
2026-01-08 19:38:18,156 - INFO - [GINSLIB] processing : 2020/10/04 04:17:45 Q=5
2026-01-08 19:38:18,156 - INFO - [GINSLIB] processing : 2020/10/04 04:17:46 Q=5
2026-01-08 19:38:18,157 - INFO - [GINSLIB] processing : 2020/10/04 04:17:47 Q=5
2026-01-08 19:38:18,157 - INFO - [GINSLIB] processing : 2020/10/04 04:17:48 Q=5
2026-01-08 19:38:18,157 - INFO - [GINSLIB] processing : 2020/10/04 04:17:49 Q=5
2026-01-08 19:38:18,157 - INFO - [GINSLIB] processing : 2020/10/04 04:17:50 Q=5
2026-01-08 19:38:18,157 - INFO - [GINSLIB] processing : 2020/10/04 04:17:51 Q=5
2026-01-08 19:38:18,157 - INFO - [GINSLIB] processing : 2020/10/04 04:17:52 Q=5
2026-01-08 19:38:18,158 - INFO - [GINSLIB] processing : 2020/10/04 04:17:53 Q=5
2026-01-08 19:38:18,158 - INFO - [GINSLIB] processing : 2020/10/04 04:17:54 Q=5
2026-01-08 19:38:18,158 - INFO - [GINSLIB] processing : 2020/10/04 04:17:55 Q=5
2026-01-08 19:38:18,158 - INFO - [GINSLIB] processing : 2020/10/04 04:17:56 Q=5
2026-01-08 19:38:18,158 - INFO - [GINSLIB] processing : 2020/10/04 04:17:57 Q=5
2026-01-08 19:38:18,158 - INFO - [GINSLIB] processing : 2020/10/04 04:17:58 Q=5
2026-01-08 19:38:18,158 - INFO - [GINSLIB] processing : 2020/10/04 04:17:59 Q=5
2026-01-08 19:38:18,158 - INFO - [GINSLIB] processing : 2020/10/04 04:18:00 Q=5
2026-01-08 19:38:18,159 - INFO - [GINSLIB] processing : 2020/10/04 04:18:01 Q=5
2026-01-08 19:38:18,159 - INFO - [GINSLIB] processing : 2020/10/04 04:18:02 Q=5
2026-01-08 19:38:18,159 - INFO - [GINSLIB] processing : 2020/10/04 04:18:03 Q=5
2026-01-08 19:38:18,159 - INFO - [GINSLIB] processing : 2020/10/04 04:18:04 Q=5
2026-01-08 19:38:18,159 - INFO - [GINSLIB] processing : 2020/10/04 04:18:05 Q=5
2026-01-08 19:38:18,159 - INFO - [GINSLIB] processing : 2020/10/04 04:18:06 Q=5
2026-01-08 19:38:18,159 - INFO - [GINSLIB] processing : 2020/10/04 04:18:07 Q=5
2026-01-08 19:38:18,160 - INFO - [GINSLIB] processing : 2020/10/04 04:18:08 Q=5
2026-01-08 19:38:18,160 - INFO - [GINSLIB] processing : 2020/10/04 04:18:09 Q=5
2026-01-08 19:38:18,160 - INFO - [GINSLIB] processing : 2020/10/04 04:18:10 Q=5
2026-01-08 19:38:18,160 - INFO - [GINSLIB] processing : 2020/10/04 04:18:11 Q=5
2026-01-08 19:38:18,160 - INFO - [GINSLIB] processing : 2020/10/04 04:18:12 Q=5
2026-01-08 19:38:18,160 - INFO - [GINSLIB] processing : 2020/10/04 04:18:13 Q=5
2026-01-08 19:38:18,160 - INFO - [GINSLIB] processing : 2020/10/04 04:18:14 Q=5
2026-01-08 19:38:18,160 - INFO - [GINSLIB] processing : 2020/10/04 04:18:15 Q=5
2026-01-08 19:38:18,161 - INFO - [GINSLIB] processing : 2020/10/04 04:18:16 Q=5
2026-01-08 19:38:18,161 - INFO - [GINSLIB] processing : 2020/10/04 04:18:17 Q=5
2026-01-08 19:38:18,161 - INFO - [GINSLIB] processing : 2020/10/04 04:18:18 Q=5
2026-01-08 19:38:18,161 - INFO - [GINSLIB] processing : 2020/10/04 04:18:19 Q=5
2026-01-08 19:38:18,435 - INFO - [GINSLIB] processing : 2020/10/04 04:18:20 Q=5
2026-01-08 19:38:18,436 - INFO - [GINSLIB] processing : 2020/10/04 04:18:21 Q=5
2026-01-08 19:38:18,436 - INFO - [GINSLIB] processing : 2020/10/04 04:18:22 Q=5
2026-01-08 19:38:18,436 - INFO - [GINSLIB] processing : 2020/10/04 04:18:23 Q=5
2026-01-08 19:38:18,436 - INFO - [GINSLIB] processing : 2020/10/04 04:18:24 Q=5
2026-01-08 19:38:18,436 - INFO - [GINSLIB] processing : 2020/10/04 04:18:25 Q=5
2026-01-08 19:38:18,437 - INFO - [GINSLIB] processing : 2020/10/04 04:18:26 Q=5
2026-01-08 19:38:18,437 - INFO - [GINSLIB] processing : 2020/10/04 04:18:27 Q=5
2026-01-08 19:38:18,437 - INFO - [GINSLIB] processing : 2020/10/04 04:18:28 Q=5
2026-01-08 19:38:18,437 - INFO - [GINSLIB] processing : 2020/10/04 04:18:29 Q=5
2026-01-08 19:38:18,438 - INFO - [GINSLIB] processing : 2020/10/04 04:18:30 Q=5
2026-01-08 19:38:18,438 - INFO - [GINSLIB] processing : 2020/10/04 04:18:31 Q=5
2026-01-08 19:38:18,438 - INFO - [GINSLIB] processing : 2020/10/04 04:18:32 Q=5
2026-01-08 19:38:18,438 - INFO - [GINSLIB] processing : 2020/10/04 04:18:33 Q=5
2026-01-08 19:38:18,438 - INFO - [GINSLIB] processing : 2020/10/04 04:18:34 Q=5
2026-01-08 19:38:18,439 - INFO - [GINSLIB] processing : 2020/10/04 04:18:35 Q=5
2026-01-08 19:38:18,439 - INFO - [GINSLIB] processing : 2020/10/04 04:18:36 Q=5
2026-01-08 19:38:18,439 - INFO - [GINSLIB] processing : 2020/10/04 04:18:37 Q=5
2026-01-08 19:38:18,439 - INFO - [GINSLIB] processing : 2020/10/04 04:18:38 Q=5
2026-01-08 19:38:18,439 - INFO - [GINSLIB] processing : 2020/10/04 04:18:39 Q=5
2026-01-08 19:38:18,440 - INFO - [GINSLIB] processing : 2020/10/04 04:18:40 Q=5
2026-01-08 19:38:18,440 - INFO - [GINSLIB] processing : 2020/10/04 04:18:41 Q=5
2026-01-08 19:38:18,440 - INFO - [GINSLIB] processing : 2020/10/04 04:18:42 Q=5
2026-01-08 19:38:18,440 - INFO - [GINSLIB] processing : 2020/10/04 04:18:43 Q=5
2026-01-08 19:38:18,441 - INFO - [GINSLIB] processing : 2020/10/04 04:18:44 Q=5
2026-01-08 19:38:18,441 - INFO - [GINSLIB] processing : 2020/10/04 04:18:45 Q=5
2026-01-08 19:38:18,441 - INFO - [GINSLIB] processing : 2020/10/04 04:18:46 Q=5
2026-01-08 19:38:18,441 - INFO - [GINSLIB] processing : 2020/10/04 04:18:47 Q=5
2026-01-08 19:38:18,442 - INFO - [GINSLIB] processing : 2020/10/04 04:18:48 Q=5
2026-01-08 19:38:18,442 - INFO - [GINSLIB] processing : 2020/10/04 04:18:49 Q=5
2026-01-08 19:38:18,442 - INFO - [GINSLIB] processing : 2020/10/04 04:18:50 Q=5
2026-01-08 19:38:18,442 - INFO - [GINSLIB] processing : 2020/10/04 04:18:51 Q=5
2026-01-08 19:38:18,442 - INFO - [GINSLIB] processing : 2020/10/04 04:18:52 Q=5
2026-01-08 19:38:18,443 - INFO - [GINSLIB] processing : 2020/10/04 04:18:53 Q=5
2026-01-08 19:38:18,443 - INFO - [GINSLIB] processing : 2020/10/04 04:18:54 Q=5
2026-01-08 19:38:18,443 - INFO - [GINSLIB] processing : 2020/10/04 04:18:55 Q=5
2026-01-08 19:38:18,443 - INFO - [GINSLIB] processing : 2020/10/04 04:18:56 Q=5
2026-01-08 19:38:18,443 - INFO - [GINSLIB] processing : 2020/10/04 04:18:57 Q=5
2026-01-08 19:38:18,443 - INFO - [GINSLIB] processing : 2020/10/04 04:18:58 Q=5
2026-01-08 19:38:18,444 - INFO - [GINSLIB] processing : 2020/10/04 04:18:59 Q=5
2026-01-08 19:38:18,444 - INFO - [GINSLIB] processing : 2020/10/04 04:19:00 Q=5
2026-01-08 19:38:18,444 - INFO - [GINSLIB] processing : 2020/10/04 04:19:01 Q=5
2026-01-08 19:38:18,444 - INFO - [GINSLIB] processing : 2020/10/04 04:19:02 Q=5
2026-01-08 19:38:18,444 - INFO - [GINSLIB] processing : 2020/10/04 04:19:03 Q=5
2026-01-08 19:38:18,444 - INFO - [GINSLIB] processing : 2020/10/04 04:19:04 Q=5
2026-01-08 19:38:18,445 - INFO - [GINSLIB] processing : 2020/10/04 04:19:05 Q=5
2026-01-08 19:38:18,445 - INFO - [GINSLIB] processing : 2020/10/04 04:19:06 Q=5
2026-01-08 19:38:18,445 - INFO - [GINSLIB] processing : 2020/10/04 04:19:07 Q=5
2026-01-08 19:38:18,445 - INFO - [GINSLIB] processing : 2020/10/04 04:19:08 Q=5
2026-01-08 19:38:18,445 - INFO - [GINSLIB] processing : 2020/10/04 04:19:09 Q=5
2026-01-08 19:38:18,445 - INFO - [GINSLIB] processing : 2020/10/04 04:19:10 Q=5
2026-01-08 19:38:18,445 - INFO - [GINSLIB] processing : 2020/10/04 04:19:11 Q=5
2026-01-08 19:38:18,445 - INFO - [GINSLIB] processing : 2020/10/04 04:19:12 Q=5
2026-01-08 19:38:18,445 - INFO - [GINSLIB] processing : 2020/10/04 04:19:13 Q=5
2026-01-08 19:38:18,446 - INFO - [GINSLIB] processing : 2020/10/04 04:19:14 Q=5
2026-01-08 19:38:18,446 - INFO - [GINSLIB] processing : 2020/10/04 04:19:15 Q=5
2026-01-08 19:38:18,446 - INFO - [GINSLIB] processing : 2020/10/04 04:19:16 Q=5
2026-01-08 19:38:18,446 - INFO - [GINSLIB] processing : 2020/10/04 04:19:17 Q=5
2026-01-08 19:38:18,446 - INFO - [GINSLIB] processing : 2020/10/04 04:19:18 Q=5
2026-01-08 19:38:18,446 - INFO - [GINSLIB] processing : 2020/10/04 04:19:19 Q=5
2026-01-08 19:38:18,446 - INFO - [GINSLIB] processing : 2020/10/04 04:19:20 Q=5
2026-01-08 19:38:18,446 - INFO - [GINSLIB] processing : 2020/10/04 04:19:21 Q=5
2026-01-08 19:38:18,446 - INFO - [GINSLIB] processing : 2020/10/04 04:19:22 Q=5
2026-01-08 19:38:18,446 - INFO - [GINSLIB] processing : 2020/10/04 04:19:23 Q=5
2026-01-08 19:38:18,446 - INFO - [GINSLIB] processing : 2020/10/04 04:19:24 Q=5
2026-01-08 19:38:18,447 - INFO - [GINSLIB] processing : 2020/10/04 04:19:25 Q=5
2026-01-08 19:38:18,447 - INFO - [GINSLIB] processing : 2020/10/04 04:19:26 Q=5
2026-01-08 19:38:18,447 - INFO - [GINSLIB] processing : 2020/10/04 04:19:27 Q=5
2026-01-08 19:38:18,447 - INFO - [GINSLIB] processing : 2020/10/04 04:19:28 Q=5
2026-01-08 19:38:18,447 - INFO - [GINSLIB] processing : 2020/10/04 04:19:29 Q=5
2026-01-08 19:38:18,447 - INFO - [GINSLIB] processing : 2020/10/04 04:19:30 Q=5
2026-01-08 19:38:18,447 - INFO - [GINSLIB] processing : 2020/10/04 04:19:31 Q=5
2026-01-08 19:38:18,447 - INFO - [GINSLIB] processing : 2020/10/04 04:19:32 Q=5
2026-01-08 19:38:18,447 - INFO - [GINSLIB] processing : 2020/10/04 04:19:33 Q=5
2026-01-08 19:38:18,447 - INFO - [GINSLIB] processing : 2020/10/04 04:19:34 Q=5
2026-01-08 19:38:18,447 - INFO - [GINSLIB] processing : 2020/10/04 04:19:35 Q=5
2026-01-08 19:38:18,448 - INFO - [GINSLIB] processing : 2020/10/04 04:19:36 Q=5
2026-01-08 19:38:18,448 - INFO - [GINSLIB] processing : 2020/10/04 04:19:37 Q=5
2026-01-08 19:38:18,448 - INFO - [GINSLIB] processing : 2020/10/04 04:19:38 Q=5
2026-01-08 19:38:18,448 - INFO - [GINSLIB] processing : 2020/10/04 04:19:39 Q=5
2026-01-08 19:38:18,448 - INFO - [GINSLIB] processing : 2020/10/04 04:19:40 Q=5
2026-01-08 19:38:18,448 - INFO - [GINSLIB] processing : 2020/10/04 04:19:41 Q=5
2026-01-08 19:38:18,448 - INFO - [GINSLIB] processing : 2020/10/04 04:19:42 Q=5
2026-01-08 19:38:18,448 - INFO - [GINSLIB] processing : 2020/10/04 04:19:43 Q=5
2026-01-08 19:38:18,448 - INFO - [GINSLIB] processing : 2020/10/04 04:19:44 Q=5
2026-01-08 19:38:18,448 - INFO - [GINSLIB] processing : 2020/10/04 04:19:45 Q=5
2026-01-08 19:38:18,448 - INFO - [GINSLIB] processing : 2020/10/04 04:19:46 Q=5
2026-01-08 19:38:18,449 - INFO - [GINSLIB] processing : 2020/10/04 04:19:47 Q=5
2026-01-08 19:38:18,449 - INFO - [GINSLIB] processing : 2020/10/04 04:19:48 Q=5
2026-01-08 19:38:18,449 - INFO - [GINSLIB] processing : 2020/10/04 04:19:49 Q=5
2026-01-08 19:38:18,449 - INFO - [GINSLIB] processing : 2020/10/04 04:19:50 Q=5
2026-01-08 19:38:18,449 - INFO - [GINSLIB] processing : 2020/10/04 04:19:51 Q=5
2026-01-08 19:38:18,449 - INFO - [GINSLIB] processing : 2020/10/04 04:19:52 Q=5
2026-01-08 19:38:18,449 - INFO - [GINSLIB] processing : 2020/10/04 04:19:53 Q=5
2026-01-08 19:38:18,449 - INFO - [GINSLIB] processing : 2020/10/04 04:19:54 Q=0
2026-01-08 19:38:18,449 - INFO - [GINSLIB] processing : 2020/10/04 04:19:55 Q=5
2026-01-08 19:38:18,449 - INFO - [GINSLIB] processing : 2020/10/04 04:19:56 Q=5
2026-01-08 19:38:18,450 - INFO - [GINSLIB] processing : 2020/10/04 04:19:57 Q=5
2026-01-08 19:38:18,450 - INFO - [GINSLIB] processing : 2020/10/04 04:19:58 Q=5
2026-01-08 19:38:18,450 - INFO - [GINSLIB] processing : 2020/10/04 04:19:59 Q=5
2026-01-08 19:38:18,450 - INFO - [GINSLIB] processing : 2020/10/04 04:20:00 Q=5
2026-01-08 19:38:18,450 - INFO - [GINSLIB] processing : 2020/10/04 04:20:01 Q=5
2026-01-08 19:38:18,450 - INFO - [GINSLIB] processing : 2020/10/04 04:20:02 Q=5
2026-01-08 19:38:18,450 - INFO - [GINSLIB] processing : 2020/10/04 04:20:03 Q=5
2026-01-08 19:38:18,450 - INFO - [GINSLIB] processing : 2020/10/04 04:20:04 Q=5
2026-01-08 19:38:18,450 - INFO - [GINSLIB] processing : 2020/10/04 04:20:05 Q=5
2026-01-08 19:38:18,450 - INFO - [GINSLIB] processing : 2020/10/04 04:20:06 Q=5
2026-01-08 19:38:18,450 - INFO - [GINSLIB] processing : 2020/10/04 04:20:07 Q=5
2026-01-08 19:38:18,451 - INFO - [GINSLIB] processing : 2020/10/04 04:20:08 Q=5
2026-01-08 19:38:18,451 - INFO - [GINSLIB] processing : 2020/10/04 04:20:09 Q=5
2026-01-08 19:38:18,733 - INFO - [GINSLIB] processing : 2020/10/04 04:20:10 Q=5
2026-01-08 19:38:18,733 - INFO - [GINSLIB] processing : 2020/10/04 04:20:11 Q=5
2026-01-08 19:38:18,734 - INFO - [GINSLIB] processing : 2020/10/04 04:20:12 Q=5
2026-01-08 19:38:18,734 - INFO - [GINSLIB] processing : 2020/10/04 04:20:13 Q=5
2026-01-08 19:38:18,734 - INFO - [GINSLIB] processing : 2020/10/04 04:20:14 Q=5
2026-01-08 19:38:18,734 - INFO - [GINSLIB] processing : 2020/10/04 04:20:15 Q=5
2026-01-08 19:38:18,735 - INFO - [GINSLIB] processing : 2020/10/04 04:20:16 Q=5
2026-01-08 19:38:18,735 - INFO - [GINSLIB] processing : 2020/10/04 04:20:17 Q=5
2026-01-08 19:38:18,735 - INFO - [GINSLIB] processing : 2020/10/04 04:20:18 Q=5
2026-01-08 19:38:18,735 - INFO - [GINSLIB] processing : 2020/10/04 04:20:19 Q=5
2026-01-08 19:38:18,735 - INFO - [GINSLIB] processing : 2020/10/04 04:20:20 Q=5
2026-01-08 19:38:18,736 - INFO - [GINSLIB] processing : 2020/10/04 04:20:21 Q=5
2026-01-08 19:38:18,736 - INFO - [GINSLIB] processing : 2020/10/04 04:20:22 Q=5
2026-01-08 19:38:18,736 - INFO - [GINSLIB] processing : 2020/10/04 04:20:23 Q=5
2026-01-08 19:38:18,736 - INFO - [GINSLIB] processing : 2020/10/04 04:20:24 Q=5
2026-01-08 19:38:18,737 - INFO - [GINSLIB] processing : 2020/10/04 04:20:25 Q=5
2026-01-08 19:38:18,737 - INFO - [GINSLIB] processing : 2020/10/04 04:20:26 Q=5
2026-01-08 19:38:18,737 - INFO - [GINSLIB] processing : 2020/10/04 04:20:27 Q=5
2026-01-08 19:38:18,737 - INFO - [GINSLIB] processing : 2020/10/04 04:20:28 Q=5
2026-01-08 19:38:18,737 - INFO - [GINSLIB] processing : 2020/10/04 04:20:29 Q=5
2026-01-08 19:38:18,738 - INFO - [GINSLIB] processing : 2020/10/04 04:20:30 Q=5
2026-01-08 19:38:18,738 - INFO - [GINSLIB] processing : 2020/10/04 04:20:31 Q=0
2026-01-08 19:38:18,738 - INFO - [GINSLIB] processing : 2020/10/04 04:20:32 Q=0
2026-01-08 19:38:18,738 - INFO - [GINSLIB] processing : 2020/10/04 04:20:33 Q=5
2026-01-08 19:38:18,738 - INFO - [GINSLIB] processing : 2020/10/04 04:20:34 Q=5
2026-01-08 19:38:18,738 - INFO - [GINSLIB] processing : 2020/10/04 04:20:35 Q=5
2026-01-08 19:38:18,738 - INFO - [GINSLIB] processing : 2020/10/04 04:20:36 Q=5
2026-01-08 19:38:18,738 - INFO - [GINSLIB] processing : 2020/10/04 04:20:37 Q=5
2026-01-08 19:38:18,739 - INFO - [GINSLIB] processing : 2020/10/04 04:20:38 Q=5
2026-01-08 19:38:18,739 - INFO - [GINSLIB] processing : 2020/10/04 04:20:39 Q=5
2026-01-08 19:38:18,739 - INFO - [GINSLIB] processing : 2020/10/04 04:20:40 Q=5
2026-01-08 19:38:18,739 - INFO - [GINSLIB] processing : 2020/10/04 04:20:41 Q=5
2026-01-08 19:38:18,739 - INFO - [GINSLIB] processing : 2020/10/04 04:20:42 Q=5
2026-01-08 19:38:18,739 - INFO - [GINSLIB] processing : 2020/10/04 04:20:43 Q=5
2026-01-08 19:38:18,739 - INFO - [GINSLIB] processing : 2020/10/04 04:20:44 Q=5
2026-01-08 19:38:18,739 - INFO - [GINSLIB] processing : 2020/10/04 04:20:45 Q=5
2026-01-08 19:38:18,739 - INFO - [GINSLIB] processing : 2020/10/04 04:20:46 Q=5
2026-01-08 19:38:18,739 - INFO - [GINSLIB] processing : 2020/10/04 04:20:47 Q=5
2026-01-08 19:38:18,739 - INFO - [GINSLIB] processing : 2020/10/04 04:20:48 Q=5
2026-01-08 19:38:18,740 - INFO - [GINSLIB] processing : 2020/10/04 04:20:49 Q=5
2026-01-08 19:38:18,740 - INFO - [GINSLIB] processing : 2020/10/04 04:20:50 Q=5
2026-01-08 19:38:18,740 - INFO - [GINSLIB] processing : 2020/10/04 04:20:51 Q=5
2026-01-08 19:38:18,740 - INFO - [GINSLIB] processing : 2020/10/04 04:20:52 Q=5
2026-01-08 19:38:18,741 - INFO - [GINSLIB] processing : 2020/10/04 04:20:53 Q=5
2026-01-08 19:38:18,741 - INFO - [GINSLIB] processing : 2020/10/04 04:20:54 Q=5
2026-01-08 19:38:18,741 - INFO - [GINSLIB] processing : 2020/10/04 04:20:55 Q=5
2026-01-08 19:38:18,741 - INFO - [GINSLIB] processing : 2020/10/04 04:20:56 Q=5
2026-01-08 19:38:18,741 - INFO - [GINSLIB] processing : 2020/10/04 04:20:57 Q=5
2026-01-08 19:38:18,742 - INFO - [GINSLIB] processing : 2020/10/04 04:20:58 Q=5
2026-01-08 19:38:18,742 - INFO - [GINSLIB] processing : 2020/10/04 04:20:59 Q=0
2026-01-08 19:38:18,742 - INFO - [GINSLIB] processing : 2020/10/04 04:21:00 Q=5
2026-01-08 19:38:18,742 - INFO - [GINSLIB] processing : 2020/10/04 04:21:01 Q=5
2026-01-08 19:38:18,742 - INFO - [GINSLIB] processing : 2020/10/04 04:21:02 Q=0
2026-01-08 19:38:18,742 - INFO - [GINSLIB] processing : 2020/10/04 04:21:03 Q=0
2026-01-08 19:38:18,743 - INFO - [GINSLIB] processing : 2020/10/04 04:21:04 Q=0
2026-01-08 19:38:18,743 - INFO - [GINSLIB] processing : 2020/10/04 04:21:05 Q=5
2026-01-08 19:38:18,743 - INFO - [GINSLIB] processing : 2020/10/04 04:21:06 Q=5
2026-01-08 19:38:18,743 - INFO - [GINSLIB] processing : 2020/10/04 04:21:07 Q=5
2026-01-08 19:38:18,743 - INFO - [GINSLIB] processing : 2020/10/04 04:21:08 Q=5
2026-01-08 19:38:18,744 - INFO - [GINSLIB] processing : 2020/10/04 04:21:09 Q=5
2026-01-08 19:38:18,744 - INFO - [GINSLIB] processing : 2020/10/04 04:21:10 Q=5
2026-01-08 19:38:18,744 - INFO - [GINSLIB] processing : 2020/10/04 04:21:11 Q=5
2026-01-08 19:38:18,744 - INFO - [GINSLIB] processing : 2020/10/04 04:21:12 Q=5
2026-01-08 19:38:18,744 - INFO - [GINSLIB] processing : 2020/10/04 04:21:13 Q=5
2026-01-08 19:38:18,744 - INFO - [GINSLIB] processing : 2020/10/04 04:21:14 Q=5
2026-01-08 19:38:18,744 - INFO - [GINSLIB] processing : 2020/10/04 04:21:15 Q=0
2026-01-08 19:38:18,745 - INFO - [GINSLIB] processing : 2020/10/04 04:21:16 Q=0
2026-01-08 19:38:18,745 - INFO - [GINSLIB] processing : 2020/10/04 04:21:17 Q=5
2026-01-08 19:38:18,745 - INFO - [GINSLIB] processing : 2020/10/04 04:21:18 Q=5
2026-01-08 19:38:18,745 - INFO - [GINSLIB] processing : 2020/10/04 04:21:19 Q=5
2026-01-08 19:38:18,745 - INFO - [GINSLIB] processing : 2020/10/04 04:21:20 Q=5
2026-01-08 19:38:18,745 - INFO - [GINSLIB] processing : 2020/10/04 04:21:21 Q=5
2026-01-08 19:38:18,745 - INFO - [GINSLIB] processing : 2020/10/04 04:21:22 Q=5
2026-01-08 19:38:18,746 - INFO - [GINSLIB] processing : 2020/10/04 04:21:23 Q=5
2026-01-08 19:38:18,746 - INFO - [GINSLIB] processing : 2020/10/04 04:21:24 Q=5
2026-01-08 19:38:18,746 - INFO - [GINSLIB] processing : 2020/10/04 04:21:25 Q=5
2026-01-08 19:38:18,747 - INFO - [GINSLIB] processing : 2020/10/04 04:21:26 Q=5
2026-01-08 19:38:18,747 - INFO - [GINSLIB] processing : 2020/10/04 04:21:27 Q=5
2026-01-08 19:38:18,747 - INFO - [GINSLIB] processing : 2020/10/04 04:21:28 Q=5
2026-01-08 19:38:18,747 - INFO - [GINSLIB] processing : 2020/10/04 04:21:29 Q=5
2026-01-08 19:38:18,748 - INFO - [GINSLIB] processing : 2020/10/04 04:21:30 Q=5
2026-01-08 19:38:18,748 - INFO - [GINSLIB] processing : 2020/10/04 04:21:31 Q=5
2026-01-08 19:38:18,748 - INFO - [GINSLIB] processing : 2020/10/04 04:21:32 Q=5
2026-01-08 19:38:18,748 - INFO - [GINSLIB] processing : 2020/10/04 04:21:33 Q=5
2026-01-08 19:38:18,749 - INFO - [GINSLIB] processing : 2020/10/04 04:21:34 Q=5
2026-01-08 19:38:18,749 - INFO - [GINSLIB] processing : 2020/10/04 04:21:35 Q=5
2026-01-08 19:38:18,749 - INFO - [GINSLIB] processing : 2020/10/04 04:21:36 Q=5
2026-01-08 19:38:18,749 - INFO - [GINSLIB] processing : 2020/10/04 04:21:37 Q=5
2026-01-08 19:38:18,749 - INFO - [GINSLIB] processing : 2020/10/04 04:21:38 Q=5
2026-01-08 19:38:18,750 - INFO - [GINSLIB] processing : 2020/10/04 04:21:39 Q=5
2026-01-08 19:38:18,750 - INFO - [GINSLIB] processing : 2020/10/04 04:21:40 Q=5
2026-01-08 19:38:18,750 - INFO - [GINSLIB] processing : 2020/10/04 04:21:41 Q=5
2026-01-08 19:38:18,750 - INFO - [GINSLIB] processing : 2020/10/04 04:21:42 Q=5
2026-01-08 19:38:18,751 - INFO - [GINSLIB] processing : 2020/10/04 04:21:43 Q=5
2026-01-08 19:38:18,751 - INFO - [GINSLIB] processing : 2020/10/04 04:21:44 Q=5
2026-01-08 19:38:18,751 - INFO - [GINSLIB] processing : 2020/10/04 04:21:45 Q=5
2026-01-08 19:38:18,751 - INFO - [GINSLIB] processing : 2020/10/04 04:21:46 Q=5
2026-01-08 19:38:18,751 - INFO - [GINSLIB] processing : 2020/10/04 04:21:47 Q=5
2026-01-08 19:38:18,752 - INFO - [GINSLIB] processing : 2020/10/04 04:21:48 Q=5
2026-01-08 19:38:18,752 - INFO - [GINSLIB] processing : 2020/10/04 04:21:49 Q=5
2026-01-08 19:38:18,752 - INFO - [GINSLIB] processing : 2020/10/04 04:21:50 Q=5
2026-01-08 19:38:18,752 - INFO - [GINSLIB] processing : 2020/10/04 04:21:51 Q=5
2026-01-08 19:38:18,752 - INFO - [GINSLIB] processing : 2020/10/04 04:21:52 Q=5
2026-01-08 19:38:18,752 - INFO - [GINSLIB] processing : 2020/10/04 04:21:53 Q=5
2026-01-08 19:38:18,753 - INFO - [GINSLIB] processing : 2020/10/04 04:21:54 Q=5
2026-01-08 19:38:18,753 - INFO - [GINSLIB] processing : 2020/10/04 04:21:55 Q=5
2026-01-08 19:38:18,753 - INFO - [GINSLIB] processing : 2020/10/04 04:21:56 Q=5
2026-01-08 19:38:18,753 - INFO - [GINSLIB] processing : 2020/10/04 04:21:57 Q=5
2026-01-08 19:38:18,753 - INFO - [GINSLIB] processing : 2020/10/04 04:21:58 Q=5
2026-01-08 19:38:18,753 - INFO - [GINSLIB] processing : 2020/10/04 04:21:59 Q=5
2026-01-08 19:38:18,753 - INFO - [GINSLIB] processing : 2020/10/04 04:22:00 Q=5
2026-01-08 19:38:19,003 - INFO - [GINSLIB] processing : 2020/10/04 04:22:01 Q=5
2026-01-08 19:38:19,003 - INFO - [GINSLIB] processing : 2020/10/04 04:22:02 Q=5
2026-01-08 19:38:19,004 - INFO - [GINSLIB] processing : 2020/10/04 04:22:03 Q=5
2026-01-08 19:38:19,004 - INFO - [GINSLIB] processing : 2020/10/04 04:22:04 Q=5
2026-01-08 19:38:19,004 - INFO - [GINSLIB] processing : 2020/10/04 04:22:05 Q=5
2026-01-08 19:38:19,004 - INFO - [GINSLIB] processing : 2020/10/04 04:22:06 Q=5
2026-01-08 19:38:19,004 - INFO - [GINSLIB] processing : 2020/10/04 04:22:07 Q=5
2026-01-08 19:38:19,005 - INFO - [GINSLIB] processing : 2020/10/04 04:22:08 Q=5
2026-01-08 19:38:19,005 - INFO - [GINSLIB] processing : 2020/10/04 04:22:09 Q=5
2026-01-08 19:38:19,005 - INFO - [GINSLIB] processing : 2020/10/04 04:22:10 Q=5
2026-01-08 19:38:19,005 - INFO - [GINSLIB] processing : 2020/10/04 04:22:11 Q=5
2026-01-08 19:38:19,005 - INFO - [GINSLIB] processing : 2020/10/04 04:22:12 Q=5
2026-01-08 19:38:19,006 - INFO - [GINSLIB] processing : 2020/10/04 04:22:13 Q=5
2026-01-08 19:38:19,006 - INFO - [GINSLIB] processing : 2020/10/04 04:22:14 Q=5
2026-01-08 19:38:19,006 - INFO - [GINSLIB] processing : 2020/10/04 04:22:15 Q=5
2026-01-08 19:38:19,006 - INFO - [GINSLIB] processing : 2020/10/04 04:22:16 Q=5
2026-01-08 19:38:19,007 - INFO - [GINSLIB] processing : 2020/10/04 04:22:17 Q=5
2026-01-08 19:38:19,007 - INFO - [GINSLIB] processing : 2020/10/04 04:22:18 Q=5
2026-01-08 19:38:19,007 - INFO - [GINSLIB] processing : 2020/10/04 04:22:19 Q=5
2026-01-08 19:38:19,007 - INFO - [GINSLIB] processing : 2020/10/04 04:22:20 Q=5
2026-01-08 19:38:19,008 - INFO - [GINSLIB] processing : 2020/10/04 04:22:21 Q=5
2026-01-08 19:38:19,008 - INFO - [GINSLIB] processing : 2020/10/04 04:22:22 Q=5
2026-01-08 19:38:19,008 - INFO - [GINSLIB] processing : 2020/10/04 04:22:23 Q=5
2026-01-08 19:38:19,008 - INFO - [GINSLIB] processing : 2020/10/04 04:22:24 Q=5
2026-01-08 19:38:19,009 - INFO - [GINSLIB] processing : 2020/10/04 04:22:25 Q=5
2026-01-08 19:38:19,009 - INFO - [GINSLIB] processing : 2020/10/04 04:22:26 Q=5
2026-01-08 19:38:19,009 - INFO - [GINSLIB] processing : 2020/10/04 04:22:27 Q=5
2026-01-08 19:38:19,009 - INFO - [GINSLIB] processing : 2020/10/04 04:22:28 Q=5
2026-01-08 19:38:19,009 - INFO - [GINSLIB] processing : 2020/10/04 04:22:29 Q=5
2026-01-08 19:38:19,010 - INFO - [GINSLIB] processing : 2020/10/04 04:22:30 Q=5
2026-01-08 19:38:19,010 - INFO - [GINSLIB] processing : 2020/10/04 04:22:31 Q=5
2026-01-08 19:38:19,010 - INFO - [GINSLIB] processing : 2020/10/04 04:22:32 Q=5
2026-01-08 19:38:19,010 - INFO - [GINSLIB] processing : 2020/10/04 04:22:33 Q=5
2026-01-08 19:38:19,010 - INFO - [GINSLIB] processing : 2020/10/04 04:22:34 Q=5
2026-01-08 19:38:19,011 - INFO - [GINSLIB] processing : 2020/10/04 04:22:35 Q=5
2026-01-08 19:38:19,011 - INFO - [GINSLIB] processing : 2020/10/04 04:22:36 Q=5
2026-01-08 19:38:19,011 - INFO - [GINSLIB] processing : 2020/10/04 04:22:37 Q=5
2026-01-08 19:38:19,011 - INFO - [GINSLIB] processing : 2020/10/04 04:22:38 Q=5
2026-01-08 19:38:19,011 - INFO - [GINSLIB] processing : 2020/10/04 04:22:39 Q=5
2026-01-08 19:38:19,011 - INFO - [GINSLIB] processing : 2020/10/04 04:22:40 Q=5
2026-01-08 19:38:19,012 - INFO - [GINSLIB] processing : 2020/10/04 04:22:41 Q=5
2026-01-08 19:38:19,012 - INFO - [GINSLIB] processing : 2020/10/04 04:22:42 Q=5
2026-01-08 19:38:19,012 - INFO - [GINSLIB] processing : 2020/10/04 04:22:43 Q=5
2026-01-08 19:38:19,012 - INFO - [GINSLIB] processing : 2020/10/04 04:22:44 Q=5
2026-01-08 19:38:19,012 - INFO - [GINSLIB] processing : 2020/10/04 04:22:45 Q=5
2026-01-08 19:38:19,012 - INFO - [GINSLIB] processing : 2020/10/04 04:22:46 Q=5
2026-01-08 19:38:19,012 - INFO - [GINSLIB] processing : 2020/10/04 04:22:47 Q=5
2026-01-08 19:38:19,013 - INFO - [GINSLIB] processing : 2020/10/04 04:22:48 Q=5
2026-01-08 19:38:19,013 - INFO - [GINSLIB] processing : 2020/10/04 04:22:49 Q=5
2026-01-08 19:38:19,013 - INFO - [GINSLIB] processing : 2020/10/04 04:22:50 Q=5
2026-01-08 19:38:19,013 - INFO - [GINSLIB] processing : 2020/10/04 04:22:51 Q=5
2026-01-08 19:38:19,013 - INFO - [GINSLIB] processing : 2020/10/04 04:22:52 Q=5
2026-01-08 19:38:19,013 - INFO - [GINSLIB] processing : 2020/10/04 04:22:53 Q=5
2026-01-08 19:38:19,013 - INFO - [GINSLIB] processing : 2020/10/04 04:22:54 Q=5
2026-01-08 19:38:19,013 - INFO - [GINSLIB] processing : 2020/10/04 04:22:55 Q=5
2026-01-08 19:38:19,014 - INFO - [GINSLIB] processing : 2020/10/04 04:22:56 Q=5
2026-01-08 19:38:19,014 - INFO - [GINSLIB] processing : 2020/10/04 04:22:57 Q=5
2026-01-08 19:38:19,014 - INFO - [GINSLIB] processing : 2020/10/04 04:22:58 Q=5
2026-01-08 19:38:19,014 - INFO - [GINSLIB] processing : 2020/10/04 04:22:59 Q=5
2026-01-08 19:38:19,014 - INFO - [GINSLIB] processing : 2020/10/04 04:23:00 Q=5
2026-01-08 19:38:19,014 - INFO - [GINSLIB] processing : 2020/10/04 04:23:01 Q=5
2026-01-08 19:38:19,014 - INFO - [GINSLIB] processing : 2020/10/04 04:23:02 Q=5
2026-01-08 19:38:19,014 - INFO - [GINSLIB] processing : 2020/10/04 04:23:03 Q=5
2026-01-08 19:38:19,014 - INFO - [GINSLIB] processing : 2020/10/04 04:23:04 Q=5
2026-01-08 19:38:19,015 - INFO - [GINSLIB] processing : 2020/10/04 04:23:05 Q=5
2026-01-08 19:38:19,015 - INFO - [GINSLIB] processing : 2020/10/04 04:23:06 Q=5
2026-01-08 19:38:19,015 - INFO - [GINSLIB] processing : 2020/10/04 04:23:07 Q=5
2026-01-08 19:38:19,015 - INFO - [GINSLIB] processing : 2020/10/04 04:23:08 Q=5
2026-01-08 19:38:19,015 - INFO - [GINSLIB] processing : 2020/10/04 04:23:09 Q=5
2026-01-08 19:38:19,015 - INFO - [GINSLIB] processing : 2020/10/04 04:23:10 Q=5
2026-01-08 19:38:19,015 - INFO - [GINSLIB] processing : 2020/10/04 04:23:11 Q=5
2026-01-08 19:38:19,015 - INFO - [GINSLIB] processing : 2020/10/04 04:23:12 Q=5
2026-01-08 19:38:19,015 - INFO - [GINSLIB] processing : 2020/10/04 04:23:13 Q=5
2026-01-08 19:38:19,016 - INFO - [GINSLIB] processing : 2020/10/04 04:23:14 Q=5
2026-01-08 19:38:19,016 - INFO - [GINSLIB] processing : 2020/10/04 04:23:15 Q=5
2026-01-08 19:38:19,016 - INFO - [GINSLIB] processing : 2020/10/04 04:23:16 Q=5
2026-01-08 19:38:19,016 - INFO - [GINSLIB] processing : 2020/10/04 04:23:17 Q=5
2026-01-08 19:38:19,016 - INFO - [GINSLIB] processing : 2020/10/04 04:23:18 Q=5
2026-01-08 19:38:19,016 - INFO - [GINSLIB] processing : 2020/10/04 04:23:19 Q=5
2026-01-08 19:38:19,016 - INFO - [GINSLIB] processing : 2020/10/04 04:23:20 Q=5
2026-01-08 19:38:19,016 - INFO - [GINSLIB] processing : 2020/10/04 04:23:21 Q=5
2026-01-08 19:38:19,016 - INFO - [GINSLIB] processing : 2020/10/04 04:23:22 Q=5
2026-01-08 19:38:19,016 - INFO - [GINSLIB] processing : 2020/10/04 04:23:23 Q=5
2026-01-08 19:38:19,016 - INFO - [GINSLIB] processing : 2020/10/04 04:23:24 Q=5
2026-01-08 19:38:19,017 - INFO - [GINSLIB] processing : 2020/10/04 04:23:25 Q=5
2026-01-08 19:38:19,017 - INFO - [GINSLIB] processing : 2020/10/04 04:23:26 Q=5
2026-01-08 19:38:19,017 - INFO - [GINSLIB] processing : 2020/10/04 04:23:27 Q=5
2026-01-08 19:38:19,017 - INFO - [GINSLIB] processing : 2020/10/04 04:23:28 Q=5
2026-01-08 19:38:19,017 - INFO - [GINSLIB] processing : 2020/10/04 04:23:29 Q=5
2026-01-08 19:38:19,017 - INFO - [GINSLIB] processing : 2020/10/04 04:23:30 Q=5
2026-01-08 19:38:19,017 - INFO - [GINSLIB] processing : 2020/10/04 04:23:31 Q=5
2026-01-08 19:38:19,017 - INFO - [GINSLIB] processing : 2020/10/04 04:23:32 Q=5
2026-01-08 19:38:19,018 - INFO - [GINSLIB] processing : 2020/10/04 04:23:33 Q=5
2026-01-08 19:38:19,018 - INFO - [GINSLIB] processing : 2020/10/04 04:23:34 Q=5
2026-01-08 19:38:19,018 - INFO - [GINSLIB] processing : 2020/10/04 04:23:35 Q=5
2026-01-08 19:38:19,018 - INFO - [GINSLIB] processing : 2020/10/04 04:23:36 Q=5
2026-01-08 19:38:19,018 - INFO - [GINSLIB] processing : 2020/10/04 04:23:37 Q=5
2026-01-08 19:38:19,018 - INFO - [GINSLIB] processing : 2020/10/04 04:23:38 Q=5
2026-01-08 19:38:19,019 - INFO - [GINSLIB] processing : 2020/10/04 04:23:39 Q=5
2026-01-08 19:38:19,019 - INFO - [GINSLIB] processing : 2020/10/04 04:23:40 Q=5
2026-01-08 19:38:19,019 - INFO - [GINSLIB] processing : 2020/10/04 04:23:41 Q=5
2026-01-08 19:38:19,019 - INFO - [GINSLIB] processing : 2020/10/04 04:23:42 Q=5
2026-01-08 19:38:19,019 - INFO - [GINSLIB] processing : 2020/10/04 04:23:43 Q=5
2026-01-08 19:38:19,020 - INFO - [GINSLIB] processing : 2020/10/04 04:23:44 Q=5
2026-01-08 19:38:19,020 - INFO - [GINSLIB] processing : 2020/10/04 04:23:45 Q=5
2026-01-08 19:38:19,020 - INFO - [GINSLIB] processing : 2020/10/04 04:23:46 Q=5
2026-01-08 19:38:19,020 - INFO - [GINSLIB] processing : 2020/10/04 04:23:47 Q=5
2026-01-08 19:38:19,020 - INFO - [GINSLIB] processing : 2020/10/04 04:23:48 Q=5
2026-01-08 19:38:19,020 - INFO - [GINSLIB] processing : 2020/10/04 04:23:49 Q=5
2026-01-08 19:38:19,021 - INFO - [GINSLIB] processing : 2020/10/04 04:23:50 Q=5
2026-01-08 19:38:19,021 - INFO - [GINSLIB] processing : 2020/10/04 04:23:51 Q=5
2026-01-08 19:38:19,284 - INFO - [GINSLIB] processing : 2020/10/04 04:23:52 Q=5
2026-01-08 19:38:19,285 - INFO - [GINSLIB] processing : 2020/10/04 04:23:53 Q=5
2026-01-08 19:38:19,285 - INFO - [GINSLIB] processing : 2020/10/04 04:23:54 Q=5
2026-01-08 19:38:19,285 - INFO - [GINSLIB] processing : 2020/10/04 04:23:55 Q=5
2026-01-08 19:38:19,285 - INFO - [GINSLIB] processing : 2020/10/04 04:23:56 Q=5
2026-01-08 19:38:19,286 - INFO - [GINSLIB] processing : 2020/10/04 04:23:57 Q=5
2026-01-08 19:38:19,286 - INFO - [GINSLIB] processing : 2020/10/04 04:23:58 Q=5
2026-01-08 19:38:19,286 - INFO - [GINSLIB] processing : 2020/10/04 04:23:59 Q=5
2026-01-08 19:38:19,286 - INFO - [GINSLIB] processing : 2020/10/04 04:24:00 Q=5
2026-01-08 19:38:19,287 - INFO - [GINSLIB] processing : 2020/10/04 04:24:01 Q=5
2026-01-08 19:38:19,287 - INFO - [GINSLIB] processing : 2020/10/04 04:24:02 Q=5
2026-01-08 19:38:19,287 - INFO - [GINSLIB] processing : 2020/10/04 04:24:03 Q=5
2026-01-08 19:38:19,287 - INFO - [GINSLIB] processing : 2020/10/04 04:24:04 Q=5
2026-01-08 19:38:19,287 - INFO - [GINSLIB] processing : 2020/10/04 04:24:05 Q=5
2026-01-08 19:38:19,288 - INFO - [GINSLIB] processing : 2020/10/04 04:24:06 Q=5
2026-01-08 19:38:19,288 - INFO - [GINSLIB] processing : 2020/10/04 04:24:07 Q=5
2026-01-08 19:38:19,288 - INFO - [GINSLIB] processing : 2020/10/04 04:24:08 Q=5
2026-01-08 19:38:19,288 - INFO - [GINSLIB] processing : 2020/10/04 04:24:09 Q=5
2026-01-08 19:38:19,289 - INFO - [GINSLIB] processing : 2020/10/04 04:24:10 Q=5
2026-01-08 19:38:19,289 - INFO - [GINSLIB] processing : 2020/10/04 04:24:11 Q=5
2026-01-08 19:38:19,289 - INFO - [GINSLIB] processing : 2020/10/04 04:24:12 Q=5
2026-01-08 19:38:19,289 - INFO - [GINSLIB] processing : 2020/10/04 04:24:13 Q=5
2026-01-08 19:38:19,290 - INFO - [GINSLIB] processing : 2020/10/04 04:24:14 Q=5
2026-01-08 19:38:19,290 - INFO - [GINSLIB] processing : 2020/10/04 04:24:15 Q=5
2026-01-08 19:38:19,290 - INFO - [GINSLIB] processing : 2020/10/04 04:24:16 Q=5
2026-01-08 19:38:19,290 - INFO - [GINSLIB] processing : 2020/10/04 04:24:17 Q=5
2026-01-08 19:38:19,291 - INFO - [GINSLIB] processing : 2020/10/04 04:24:18 Q=5
2026-01-08 19:38:19,291 - INFO - [GINSLIB] processing : 2020/10/04 04:24:19 Q=5
2026-01-08 19:38:19,291 - INFO - [GINSLIB] processing : 2020/10/04 04:24:20 Q=5
2026-01-08 19:38:19,292 - INFO - [GINSLIB] processing : 2020/10/04 04:24:21 Q=5
2026-01-08 19:38:19,292 - INFO - [GINSLIB] processing : 2020/10/04 04:24:22 Q=5
2026-01-08 19:38:19,292 - INFO - [GINSLIB] processing : 2020/10/04 04:24:23 Q=5
2026-01-08 19:38:19,293 - INFO - [GINSLIB] processing : 2020/10/04 04:24:24 Q=5
2026-01-08 19:38:19,293 - INFO - [GINSLIB] processing : 2020/10/04 04:24:25 Q=5
2026-01-08 19:38:19,293 - INFO - [GINSLIB] processing : 2020/10/04 04:24:26 Q=5
2026-01-08 19:38:19,293 - INFO - [GINSLIB] processing : 2020/10/04 04:24:27 Q=5
2026-01-08 19:38:19,293 - INFO - [GINSLIB] processing : 2020/10/04 04:24:28 Q=5
2026-01-08 19:38:19,293 - INFO - [GINSLIB] processing : 2020/10/04 04:24:29 Q=5
2026-01-08 19:38:19,294 - INFO - [GINSLIB] processing : 2020/10/04 04:24:30 Q=5
2026-01-08 19:38:19,294 - INFO - [GINSLIB] processing : 2020/10/04 04:24:31 Q=5
2026-01-08 19:38:19,294 - INFO - [GINSLIB] processing : 2020/10/04 04:24:32 Q=5
2026-01-08 19:38:19,294 - INFO - [GINSLIB] processing : 2020/10/04 04:24:33 Q=5
2026-01-08 19:38:19,294 - INFO - [GINSLIB] processing : 2020/10/04 04:24:34 Q=5
2026-01-08 19:38:19,295 - INFO - [GINSLIB] processing : 2020/10/04 04:24:35 Q=5
2026-01-08 19:38:19,295 - INFO - [GINSLIB] processing : 2020/10/04 04:24:36 Q=5
2026-01-08 19:38:19,295 - INFO - [GINSLIB] processing : 2020/10/04 04:24:37 Q=5
2026-01-08 19:38:19,295 - INFO - [GINSLIB] processing : 2020/10/04 04:24:38 Q=5
2026-01-08 19:38:19,296 - INFO - [GINSLIB] processing : 2020/10/04 04:24:39 Q=5
2026-01-08 19:38:19,296 - INFO - [GINSLIB] processing : 2020/10/04 04:24:40 Q=5
2026-01-08 19:38:19,296 - INFO - [GINSLIB] processing : 2020/10/04 04:24:41 Q=5
2026-01-08 19:38:19,296 - INFO - [GINSLIB] processing : 2020/10/04 04:24:42 Q=5
2026-01-08 19:38:19,296 - INFO - [GINSLIB] processing : 2020/10/04 04:24:43 Q=5
2026-01-08 19:38:19,297 - INFO - [GINSLIB] processing : 2020/10/04 04:24:44 Q=5
2026-01-08 19:38:19,297 - INFO - [GINSLIB] processing : 2020/10/04 04:24:45 Q=5
2026-01-08 19:38:19,297 - INFO - [GINSLIB] processing : 2020/10/04 04:24:46 Q=5
2026-01-08 19:38:19,297 - INFO - [GINSLIB] processing : 2020/10/04 04:24:47 Q=5
2026-01-08 19:38:19,297 - INFO - [GINSLIB] processing : 2020/10/04 04:24:48 Q=5
2026-01-08 19:38:19,297 - INFO - [GINSLIB] processing : 2020/10/04 04:24:49 Q=5
2026-01-08 19:38:19,298 - INFO - [GINSLIB] processing : 2020/10/04 04:24:50 Q=5
2026-01-08 19:38:19,298 - INFO - [GINSLIB] processing : 2020/10/04 04:24:51 Q=5
2026-01-08 19:38:19,298 - INFO - [GINSLIB] processing : 2020/10/04 04:24:52 Q=5
2026-01-08 19:38:19,298 - INFO - [GINSLIB] processing : 2020/10/04 04:24:53 Q=5
2026-01-08 19:38:19,298 - INFO - [GINSLIB] processing : 2020/10/04 04:24:54 Q=5
2026-01-08 19:38:19,298 - INFO - [GINSLIB] processing : 2020/10/04 04:24:55 Q=5
2026-01-08 19:38:19,298 - INFO - [GINSLIB] processing : 2020/10/04 04:24:56 Q=5
2026-01-08 19:38:19,298 - INFO - [GINSLIB] processing : 2020/10/04 04:24:57 Q=5
2026-01-08 19:38:19,298 - INFO - [GINSLIB] processing : 2020/10/04 04:24:58 Q=5
2026-01-08 19:38:19,298 - INFO - [GINSLIB] processing : 2020/10/04 04:24:59 Q=5
2026-01-08 19:38:19,298 - INFO - [GINSLIB] processing : 2020/10/04 04:25:00 Q=5
2026-01-08 19:38:19,299 - INFO - [GINSLIB] processing : 2020/10/04 04:25:01 Q=5
2026-01-08 19:38:19,299 - INFO - [GINSLIB] processing : 2020/10/04 04:25:02 Q=5
2026-01-08 19:38:19,299 - INFO - [GINSLIB] processing : 2020/10/04 04:25:03 Q=5
2026-01-08 19:38:19,299 - INFO - [GINSLIB] processing : 2020/10/04 04:25:04 Q=5
2026-01-08 19:38:19,299 - INFO - [GINSLIB] processing : 2020/10/04 04:25:05 Q=5
2026-01-08 19:38:19,299 - INFO - [GINSLIB] processing : 2020/10/04 04:25:06 Q=5
2026-01-08 19:38:19,299 - INFO - [GINSLIB] processing : 2020/10/04 04:25:07 Q=5
2026-01-08 19:38:19,299 - INFO - [GINSLIB] processing : 2020/10/04 04:25:08 Q=5
2026-01-08 19:38:19,299 - INFO - [GINSLIB] processing : 2020/10/04 04:25:09 Q=5
2026-01-08 19:38:19,299 - INFO - [GINSLIB] processing : 2020/10/04 04:25:10 Q=5
2026-01-08 19:38:19,300 - INFO - [GINSLIB] processing : 2020/10/04 04:25:11 Q=5
2026-01-08 19:38:19,300 - INFO - [GINSLIB] processing : 2020/10/04 04:25:12 Q=5
2026-01-08 19:38:19,300 - INFO - [GINSLIB] processing : 2020/10/04 04:25:13 Q=5
2026-01-08 19:38:19,300 - INFO - [GINSLIB] processing : 2020/10/04 04:25:14 Q=5
2026-01-08 19:38:19,300 - INFO - [GINSLIB] processing : 2020/10/04 04:25:15 Q=5
2026-01-08 19:38:19,300 - INFO - [GINSLIB] processing : 2020/10/04 04:25:16 Q=5
2026-01-08 19:38:19,300 - INFO - [GINSLIB] processing : 2020/10/04 04:25:17 Q=5
2026-01-08 19:38:19,300 - INFO - [GINSLIB] processing : 2020/10/04 04:25:18 Q=5
2026-01-08 19:38:19,300 - INFO - [GINSLIB] processing : 2020/10/04 04:25:19 Q=5
2026-01-08 19:38:19,300 - INFO - [GINSLIB] processing : 2020/10/04 04:25:20 Q=5
2026-01-08 19:38:19,301 - INFO - [GINSLIB] processing : 2020/10/04 04:25:21 Q=5
2026-01-08 19:38:19,301 - INFO - [GINSLIB] processing : 2020/10/04 04:25:22 Q=5
2026-01-08 19:38:19,301 - INFO - [GINSLIB] processing : 2020/10/04 04:25:23 Q=5
2026-01-08 19:38:19,301 - INFO - [GINSLIB] processing : 2020/10/04 04:25:24 Q=5
2026-01-08 19:38:19,301 - INFO - [GINSLIB] processing : 2020/10/04 04:25:25 Q=5
2026-01-08 19:38:19,301 - INFO - [GINSLIB] processing : 2020/10/04 04:25:26 Q=5
2026-01-08 19:38:19,301 - INFO - [GINSLIB] processing : 2020/10/04 04:25:27 Q=5
2026-01-08 19:38:19,301 - INFO - [GINSLIB] processing : 2020/10/04 04:25:28 Q=5
2026-01-08 19:38:19,301 - INFO - [GINSLIB] processing : 2020/10/04 04:25:29 Q=5
2026-01-08 19:38:19,301 - INFO - [GINSLIB] processing : 2020/10/04 04:25:30 Q=5
2026-01-08 19:38:19,301 - INFO - [GINSLIB] processing : 2020/10/04 04:25:31 Q=5
2026-01-08 19:38:19,302 - INFO - [GINSLIB] processing : 2020/10/04 04:25:32 Q=5
2026-01-08 19:38:19,302 - INFO - [GINSLIB] processing : 2020/10/04 04:25:33 Q=5
2026-01-08 19:38:19,302 - INFO - [GINSLIB] processing : 2020/10/04 04:25:34 Q=5
2026-01-08 19:38:19,302 - INFO - [GINSLIB] processing : 2020/10/04 04:25:35 Q=5
2026-01-08 19:38:19,302 - INFO - [GINSLIB] processing : 2020/10/04 04:25:36 Q=5
2026-01-08 19:38:19,302 - INFO - [GINSLIB] processing : 2020/10/04 04:25:37 Q=5
2026-01-08 19:38:19,302 - INFO - [GINSLIB] processing : 2020/10/04 04:25:38 Q=5
2026-01-08 19:38:19,302 - INFO - [GINSLIB] processing : 2020/10/04 04:25:39 Q=5
2026-01-08 19:38:19,302 - INFO - [GINSLIB] processing : 2020/10/04 04:25:40 Q=5
2026-01-08 19:38:19,302 - INFO - [GINSLIB] processing : 2020/10/04 04:25:41 Q=5
2026-01-08 19:38:19,303 - INFO - [GINSLIB] processing : 2020/10/04 04:25:42 Q=5
2026-01-08 19:38:19,558 - INFO - [GINSLIB] processing : 2020/10/04 04:25:43 Q=5
2026-01-08 19:38:19,559 - INFO - [GINSLIB] processing : 2020/10/04 04:25:44 Q=5
2026-01-08 19:38:19,559 - INFO - [GINSLIB] processing : 2020/10/04 04:25:45 Q=5
2026-01-08 19:38:19,559 - INFO - [GINSLIB] processing : 2020/10/04 04:25:46 Q=5
2026-01-08 19:38:19,559 - INFO - [GINSLIB] processing : 2020/10/04 04:25:47 Q=5
2026-01-08 19:38:19,559 - INFO - [GINSLIB] processing : 2020/10/04 04:25:48 Q=5
2026-01-08 19:38:19,560 - INFO - [GINSLIB] processing : 2020/10/04 04:25:49 Q=5
2026-01-08 19:38:19,560 - INFO - [GINSLIB] processing : 2020/10/04 04:25:50 Q=5
2026-01-08 19:38:19,560 - INFO - [GINSLIB] processing : 2020/10/04 04:25:51 Q=5
2026-01-08 19:38:19,560 - INFO - [GINSLIB] processing : 2020/10/04 04:25:52 Q=5
2026-01-08 19:38:19,561 - INFO - [GINSLIB] processing : 2020/10/04 04:25:53 Q=5
2026-01-08 19:38:19,561 - INFO - [GINSLIB] processing : 2020/10/04 04:25:54 Q=5
2026-01-08 19:38:19,561 - INFO - [GINSLIB] processing : 2020/10/04 04:25:55 Q=5
2026-01-08 19:38:19,561 - INFO - [GINSLIB] processing : 2020/10/04 04:25:56 Q=5
2026-01-08 19:38:19,561 - INFO - [GINSLIB] processing : 2020/10/04 04:25:57 Q=5
2026-01-08 19:38:19,561 - INFO - [GINSLIB] processing : 2020/10/04 04:25:58 Q=5
2026-01-08 19:38:19,562 - INFO - [GINSLIB] processing : 2020/10/04 04:25:59 Q=5
2026-01-08 19:38:19,562 - INFO - [GINSLIB] processing : 2020/10/04 04:26:00 Q=5
2026-01-08 19:38:19,562 - INFO - [GINSLIB] processing : 2020/10/04 04:26:01 Q=5
2026-01-08 19:38:19,562 - INFO - [GINSLIB] processing : 2020/10/04 04:26:02 Q=5
2026-01-08 19:38:19,562 - INFO - [GINSLIB] processing : 2020/10/04 04:26:03 Q=5
2026-01-08 19:38:19,563 - INFO - [GINSLIB] processing : 2020/10/04 04:26:04 Q=5
2026-01-08 19:38:19,563 - INFO - [GINSLIB] processing : 2020/10/04 04:26:05 Q=5
2026-01-08 19:38:19,563 - INFO - [GINSLIB] processing : 2020/10/04 04:26:06 Q=5
2026-01-08 19:38:19,563 - INFO - [GINSLIB] processing : 2020/10/04 04:26:07 Q=5
2026-01-08 19:38:19,563 - INFO - [GINSLIB] processing : 2020/10/04 04:26:08 Q=5
2026-01-08 19:38:19,564 - INFO - [GINSLIB] processing : 2020/10/04 04:26:09 Q=5
2026-01-08 19:38:19,564 - INFO - [GINSLIB] processing : 2020/10/04 04:26:10 Q=5
2026-01-08 19:38:19,564 - INFO - [GINSLIB] processing : 2020/10/04 04:26:11 Q=5
2026-01-08 19:38:19,564 - INFO - [GINSLIB] processing : 2020/10/04 04:26:12 Q=5
2026-01-08 19:38:19,564 - INFO - [GINSLIB] processing : 2020/10/04 04:26:13 Q=5
2026-01-08 19:38:19,564 - INFO - [GINSLIB] processing : 2020/10/04 04:26:14 Q=5
2026-01-08 19:38:19,564 - INFO - [GINSLIB] processing : 2020/10/04 04:26:15 Q=5
2026-01-08 19:38:19,565 - INFO - [GINSLIB] processing : 2020/10/04 04:26:16 Q=5
2026-01-08 19:38:19,565 - INFO - [GINSLIB] processing : 2020/10/04 04:26:17 Q=5
2026-01-08 19:38:19,565 - INFO - [GINSLIB] processing : 2020/10/04 04:26:18 Q=5
2026-01-08 19:38:19,565 - INFO - [GINSLIB] processing : 2020/10/04 04:26:19 Q=5
2026-01-08 19:38:19,565 - INFO - [GINSLIB] processing : 2020/10/04 04:26:20 Q=5
2026-01-08 19:38:19,565 - INFO - [GINSLIB] processing : 2020/10/04 04:26:21 Q=5
2026-01-08 19:38:19,566 - INFO - [GINSLIB] processing : 2020/10/04 04:26:22 Q=5
2026-01-08 19:38:19,566 - INFO - [GINSLIB] processing : 2020/10/04 04:26:23 Q=5
2026-01-08 19:38:19,566 - INFO - [GINSLIB] processing : 2020/10/04 04:26:24 Q=5
2026-01-08 19:38:19,566 - INFO - [GINSLIB] processing : 2020/10/04 04:26:25 Q=5
2026-01-08 19:38:19,566 - INFO - [GINSLIB] processing : 2020/10/04 04:26:26 Q=5
2026-01-08 19:38:19,566 - INFO - [GINSLIB] processing : 2020/10/04 04:26:27 Q=5
2026-01-08 19:38:19,566 - INFO - [GINSLIB] processing : 2020/10/04 04:26:28 Q=5
2026-01-08 19:38:19,566 - INFO - [GINSLIB] processing : 2020/10/04 04:26:29 Q=5
2026-01-08 19:38:19,566 - INFO - [GINSLIB] processing : 2020/10/04 04:26:30 Q=5
2026-01-08 19:38:19,567 - INFO - [GINSLIB] processing : 2020/10/04 04:26:31 Q=5
2026-01-08 19:38:19,567 - INFO - [GINSLIB] processing : 2020/10/04 04:26:32 Q=5
2026-01-08 19:38:19,567 - INFO - [GINSLIB] processing : 2020/10/04 04:26:33 Q=5
2026-01-08 19:38:19,567 - INFO - [GINSLIB] processing : 2020/10/04 04:26:34 Q=0
2026-01-08 19:38:19,567 - INFO - [GINSLIB] processing : 2020/10/04 04:26:35 Q=5
2026-01-08 19:38:19,567 - INFO - [GINSLIB] processing : 2020/10/04 04:26:36 Q=5
2026-01-08 19:38:19,567 - INFO - [GINSLIB] processing : 2020/10/04 04:26:37 Q=5
2026-01-08 19:38:19,567 - INFO - [GINSLIB] processing : 2020/10/04 04:26:38 Q=5
2026-01-08 19:38:19,567 - INFO - [GINSLIB] processing : 2020/10/04 04:26:39 Q=5
2026-01-08 19:38:19,567 - INFO - [GINSLIB] processing : 2020/10/04 04:26:40 Q=5
2026-01-08 19:38:19,568 - INFO - [GINSLIB] processing : 2020/10/04 04:26:41 Q=5
2026-01-08 19:38:19,568 - INFO - [GINSLIB] processing : 2020/10/04 04:26:42 Q=5
2026-01-08 19:38:19,568 - INFO - [GINSLIB] processing : 2020/10/04 04:26:43 Q=5
2026-01-08 19:38:19,568 - INFO - [GINSLIB] processing : 2020/10/04 04:26:44 Q=5
2026-01-08 19:38:19,568 - INFO - [GINSLIB] processing : 2020/10/04 04:26:45 Q=5
2026-01-08 19:38:19,568 - INFO - [GINSLIB] processing : 2020/10/04 04:26:46 Q=5
2026-01-08 19:38:19,568 - INFO - [GINSLIB] processing : 2020/10/04 04:26:47 Q=5
2026-01-08 19:38:19,568 - INFO - [GINSLIB] processing : 2020/10/04 04:26:48 Q=5
2026-01-08 19:38:19,568 - INFO - [GINSLIB] processing : 2020/10/04 04:26:49 Q=5
2026-01-08 19:38:19,568 - INFO - [GINSLIB] processing : 2020/10/04 04:26:50 Q=5
2026-01-08 19:38:19,569 - INFO - [GINSLIB] processing : 2020/10/04 04:26:51 Q=5
2026-01-08 19:38:19,569 - INFO - [GINSLIB] processing : 2020/10/04 04:26:52 Q=5
2026-01-08 19:38:19,569 - INFO - [GINSLIB] processing : 2020/10/04 04:26:53 Q=5
2026-01-08 19:38:19,569 - INFO - [GINSLIB] processing : 2020/10/04 04:26:54 Q=5
2026-01-08 19:38:19,569 - INFO - [GINSLIB] processing : 2020/10/04 04:26:55 Q=5
2026-01-08 19:38:19,569 - INFO - [GINSLIB] processing : 2020/10/04 04:26:56 Q=5
2026-01-08 19:38:19,569 - INFO - [GINSLIB] processing : 2020/10/04 04:26:57 Q=5
2026-01-08 19:38:19,569 - INFO - [GINSLIB] processing : 2020/10/04 04:26:58 Q=5
2026-01-08 19:38:19,569 - INFO - [GINSLIB] processing : 2020/10/04 04:26:59 Q=5
2026-01-08 19:38:19,569 - INFO - [GINSLIB] processing : 2020/10/04 04:27:00 Q=5
2026-01-08 19:38:19,570 - INFO - [GINSLIB] processing : 2020/10/04 04:27:01 Q=5
2026-01-08 19:38:19,570 - INFO - [GINSLIB] processing : 2020/10/04 04:27:02 Q=5
2026-01-08 19:38:19,570 - INFO - [GINSLIB] processing : 2020/10/04 04:27:03 Q=5
2026-01-08 19:38:19,570 - INFO - [GINSLIB] processing : 2020/10/04 04:27:04 Q=5
2026-01-08 19:38:19,570 - INFO - [GINSLIB] processing : 2020/10/04 04:27:05 Q=5
2026-01-08 19:38:19,570 - INFO - [GINSLIB] processing : 2020/10/04 04:27:06 Q=5
2026-01-08 19:38:19,570 - INFO - [GINSLIB] processing : 2020/10/04 04:27:07 Q=5
2026-01-08 19:38:19,570 - INFO - [GINSLIB] processing : 2020/10/04 04:27:08 Q=5
2026-01-08 19:38:19,570 - INFO - [GINSLIB] processing : 2020/10/04 04:27:09 Q=5
2026-01-08 19:38:19,570 - INFO - [GINSLIB] processing : 2020/10/04 04:27:10 Q=5
2026-01-08 19:38:19,571 - INFO - [GINSLIB] processing : 2020/10/04 04:27:11 Q=5
2026-01-08 19:38:19,571 - INFO - [GINSLIB] processing : 2020/10/04 04:27:12 Q=5
2026-01-08 19:38:19,571 - INFO - [GINSLIB] processing : 2020/10/04 04:27:13 Q=5
2026-01-08 19:38:19,571 - INFO - [GINSLIB] processing : 2020/10/04 04:27:14 Q=5
2026-01-08 19:38:19,571 - INFO - [GINSLIB] processing : 2020/10/04 04:27:15 Q=5
2026-01-08 19:38:19,571 - INFO - [GINSLIB] processing : 2020/10/04 04:27:16 Q=5
2026-01-08 19:38:19,571 - INFO - [GINSLIB] processing : 2020/10/04 04:27:17 Q=5
2026-01-08 19:38:19,571 - INFO - [GINSLIB] processing : 2020/10/04 04:27:18 Q=5
2026-01-08 19:38:19,571 - INFO - [GINSLIB] processing : 2020/10/04 04:27:19 Q=5
2026-01-08 19:38:19,571 - INFO - [GINSLIB] processing : 2020/10/04 04:27:20 Q=5
2026-01-08 19:38:19,571 - INFO - [GINSLIB] processing : 2020/10/04 04:27:21 Q=5
2026-01-08 19:38:19,571 - INFO - [GINSLIB] processing : 2020/10/04 04:27:22 Q=5
2026-01-08 19:38:19,572 - INFO - [GINSLIB] processing : 2020/10/04 04:27:23 Q=5
2026-01-08 19:38:19,572 - INFO - [GINSLIB] processing : 2020/10/04 04:27:24 Q=5
2026-01-08 19:38:19,572 - INFO - [GINSLIB] processing : 2020/10/04 04:27:25 Q=5
2026-01-08 19:38:19,572 - INFO - [GINSLIB] processing : 2020/10/04 04:27:26 Q=5
2026-01-08 19:38:19,572 - INFO - [GINSLIB] processing : 2020/10/04 04:27:27 Q=5
2026-01-08 19:38:19,572 - INFO - [GINSLIB] processing : 2020/10/04 04:27:28 Q=5
2026-01-08 19:38:19,572 - INFO - [GINSLIB] processing : 2020/10/04 04:27:29 Q=5
2026-01-08 19:38:19,572 - INFO - [GINSLIB] processing : 2020/10/04 04:27:30 Q=5
2026-01-08 19:38:19,572 - INFO - [GINSLIB] processing : 2020/10/04 04:27:31 Q=5
2026-01-08 19:38:19,572 - INFO - [GINSLIB] processing : 2020/10/04 04:27:32 Q=5
2026-01-08 19:38:19,836 - INFO - [GINSLIB] processing : 2020/10/04 04:27:33 Q=5
2026-01-08 19:38:19,837 - INFO - [GINSLIB] processing : 2020/10/04 04:27:34 Q=5
2026-01-08 19:38:19,837 - INFO - [GINSLIB] processing : 2020/10/04 04:27:35 Q=5
2026-01-08 19:38:19,837 - INFO - [GINSLIB] processing : 2020/10/04 04:27:36 Q=5
2026-01-08 19:38:19,837 - INFO - [GINSLIB] processing : 2020/10/04 04:27:37 Q=5
2026-01-08 19:38:19,838 - INFO - [GINSLIB] processing : 2020/10/04 04:27:38 Q=5
2026-01-08 19:38:19,838 - INFO - [GINSLIB] processing : 2020/10/04 04:27:39 Q=5
2026-01-08 19:38:19,838 - INFO - [GINSLIB] processing : 2020/10/04 04:27:40 Q=5
2026-01-08 19:38:19,838 - INFO - [GINSLIB] processing : 2020/10/04 04:27:41 Q=5
2026-01-08 19:38:19,838 - INFO - [GINSLIB] processing : 2020/10/04 04:27:42 Q=5
2026-01-08 19:38:19,839 - INFO - [GINSLIB] processing : 2020/10/04 04:27:43 Q=5
2026-01-08 19:38:19,839 - INFO - [GINSLIB] processing : 2020/10/04 04:27:44 Q=5
2026-01-08 19:38:19,839 - INFO - [GINSLIB] processing : 2020/10/04 04:27:45 Q=5
2026-01-08 19:38:19,839 - INFO - [GINSLIB] processing : 2020/10/04 04:27:46 Q=5
2026-01-08 19:38:19,839 - INFO - [GINSLIB] processing : 2020/10/04 04:27:47 Q=5
2026-01-08 19:38:19,839 - INFO - [GINSLIB] processing : 2020/10/04 04:27:48 Q=5
2026-01-08 19:38:19,840 - INFO - [GINSLIB] processing : 2020/10/04 04:27:49 Q=5
2026-01-08 19:38:19,840 - INFO - [GINSLIB] processing : 2020/10/04 04:27:50 Q=5
2026-01-08 19:38:19,840 - INFO - [GINSLIB] processing : 2020/10/04 04:27:51 Q=5
2026-01-08 19:38:19,840 - INFO - [GINSLIB] processing : 2020/10/04 04:27:52 Q=5
2026-01-08 19:38:19,841 - INFO - [GINSLIB] processing : 2020/10/04 04:27:53 Q=5
2026-01-08 19:38:19,841 - INFO - [GINSLIB] processing : 2020/10/04 04:27:54 Q=5
2026-01-08 19:38:19,841 - INFO - [GINSLIB] processing : 2020/10/04 04:27:55 Q=5
2026-01-08 19:38:19,841 - INFO - [GINSLIB] processing : 2020/10/04 04:27:56 Q=5
2026-01-08 19:38:19,841 - INFO - [GINSLIB] processing : 2020/10/04 04:27:57 Q=5
2026-01-08 19:38:19,841 - INFO - [GINSLIB] processing : 2020/10/04 04:27:58 Q=5
2026-01-08 19:38:19,841 - INFO - [GINSLIB] processing : 2020/10/04 04:27:59 Q=5
2026-01-08 19:38:19,842 - INFO - [GINSLIB] processing : 2020/10/04 04:28:00 Q=5
2026-01-08 19:38:19,842 - INFO - [GINSLIB] processing : 2020/10/04 04:28:01 Q=5
2026-01-08 19:38:19,842 - INFO - [GINSLIB] processing : 2020/10/04 04:28:02 Q=5
2026-01-08 19:38:19,842 - INFO - [GINSLIB] processing : 2020/10/04 04:28:03 Q=5
2026-01-08 19:38:19,842 - INFO - [GINSLIB] processing : 2020/10/04 04:28:04 Q=5
2026-01-08 19:38:19,843 - INFO - [GINSLIB] processing : 2020/10/04 04:28:05 Q=5
2026-01-08 19:38:19,843 - INFO - [GINSLIB] processing : 2020/10/04 04:28:06 Q=5
2026-01-08 19:38:19,843 - INFO - [GINSLIB] processing : 2020/10/04 04:28:07 Q=5
2026-01-08 19:38:19,843 - INFO - [GINSLIB] processing : 2020/10/04 04:28:08 Q=5
2026-01-08 19:38:19,843 - INFO - [GINSLIB] processing : 2020/10/04 04:28:09 Q=5
2026-01-08 19:38:19,843 - INFO - [GINSLIB] processing : 2020/10/04 04:28:10 Q=5
2026-01-08 19:38:19,843 - INFO - [GINSLIB] processing : 2020/10/04 04:28:11 Q=5
2026-01-08 19:38:19,844 - INFO - [GINSLIB] processing : 2020/10/04 04:28:12 Q=5
2026-01-08 19:38:19,844 - INFO - [GINSLIB] processing : 2020/10/04 04:28:13 Q=5
2026-01-08 19:38:19,844 - INFO - [GINSLIB] processing : 2020/10/04 04:28:14 Q=5
2026-01-08 19:38:19,844 - INFO - [GINSLIB] processing : 2020/10/04 04:28:15 Q=5
2026-01-08 19:38:19,844 - INFO - [GINSLIB] processing : 2020/10/04 04:28:16 Q=5
2026-01-08 19:38:19,844 - INFO - [GINSLIB] processing : 2020/10/04 04:28:17 Q=5
2026-01-08 19:38:19,844 - INFO - [GINSLIB] processing : 2020/10/04 04:28:18 Q=5
2026-01-08 19:38:19,844 - INFO - [GINSLIB] processing : 2020/10/04 04:28:19 Q=5
2026-01-08 19:38:19,844 - INFO - [GINSLIB] processing : 2020/10/04 04:28:20 Q=5
2026-01-08 19:38:19,844 - INFO - [GINSLIB] processing : 2020/10/04 04:28:21 Q=5
2026-01-08 19:38:19,845 - INFO - [GINSLIB] processing : 2020/10/04 04:28:22 Q=5
2026-01-08 19:38:19,845 - INFO - [GINSLIB] processing : 2020/10/04 04:28:23 Q=5
2026-01-08 19:38:19,845 - INFO - [GINSLIB] processing : 2020/10/04 04:28:24 Q=5
2026-01-08 19:38:19,845 - INFO - [GINSLIB] processing : 2020/10/04 04:28:25 Q=5
2026-01-08 19:38:19,845 - INFO - [GINSLIB] processing : 2020/10/04 04:28:26 Q=5
2026-01-08 19:38:19,845 - INFO - [GINSLIB] processing : 2020/10/04 04:28:27 Q=5
2026-01-08 19:38:19,845 - INFO - [GINSLIB] processing : 2020/10/04 04:28:28 Q=5
2026-01-08 19:38:19,845 - INFO - [GINSLIB] processing : 2020/10/04 04:28:29 Q=5
2026-01-08 19:38:19,845 - INFO - [GINSLIB] processing : 2020/10/04 04:28:30 Q=5
2026-01-08 19:38:19,845 - INFO - [GINSLIB] processing : 2020/10/04 04:28:31 Q=5
2026-01-08 19:38:19,845 - INFO - [GINSLIB] processing : 2020/10/04 04:28:32 Q=5
2026-01-08 19:38:19,846 - INFO - [GINSLIB] processing : 2020/10/04 04:28:33 Q=5
2026-01-08 19:38:19,846 - INFO - [GINSLIB] processing : 2020/10/04 04:28:34 Q=5
2026-01-08 19:38:19,846 - INFO - [GINSLIB] processing : 2020/10/04 04:28:35 Q=5
2026-01-08 19:38:19,846 - INFO - [GINSLIB] processing : 2020/10/04 04:28:36 Q=5
2026-01-08 19:38:19,846 - INFO - [GINSLIB] processing : 2020/10/04 04:28:37 Q=5
2026-01-08 19:38:19,846 - INFO - [GINSLIB] processing : 2020/10/04 04:28:38 Q=5
2026-01-08 19:38:19,846 - INFO - [GINSLIB] processing : 2020/10/04 04:28:39 Q=5
2026-01-08 19:38:19,846 - INFO - [GINSLIB] processing : 2020/10/04 04:28:40 Q=5
2026-01-08 19:38:19,846 - INFO - [GINSLIB] processing : 2020/10/04 04:28:41 Q=5
2026-01-08 19:38:19,846 - INFO - [GINSLIB] processing : 2020/10/04 04:28:42 Q=5
2026-01-08 19:38:19,846 - INFO - [GINSLIB] processing : 2020/10/04 04:28:43 Q=5
2026-01-08 19:38:19,847 - INFO - [GINSLIB] processing : 2020/10/04 04:28:44 Q=5
2026-01-08 19:38:19,847 - INFO - [GINSLIB] processing : 2020/10/04 04:28:45 Q=5
2026-01-08 19:38:19,847 - INFO - [GINSLIB] processing : 2020/10/04 04:28:46 Q=5
2026-01-08 19:38:19,847 - INFO - [GINSLIB] processing : 2020/10/04 04:28:47 Q=5
2026-01-08 19:38:19,847 - INFO - [GINSLIB] processing : 2020/10/04 04:28:48 Q=5
2026-01-08 19:38:19,847 - INFO - [GINSLIB] processing : 2020/10/04 04:28:49 Q=5
2026-01-08 19:38:19,847 - INFO - [GINSLIB] processing : 2020/10/04 04:28:50 Q=5
2026-01-08 19:38:19,847 - INFO - [GINSLIB] processing : 2020/10/04 04:28:51 Q=5
2026-01-08 19:38:19,847 - INFO - [GINSLIB] processing : 2020/10/04 04:28:52 Q=5
2026-01-08 19:38:19,847 - INFO - [GINSLIB] processing : 2020/10/04 04:28:53 Q=5
2026-01-08 19:38:19,847 - INFO - [GINSLIB] processing : 2020/10/04 04:28:54 Q=5
2026-01-08 19:38:19,848 - INFO - [GINSLIB] processing : 2020/10/04 04:28:55 Q=5
2026-01-08 19:38:19,848 - INFO - [GINSLIB] processing : 2020/10/04 04:28:56 Q=5
2026-01-08 19:38:19,848 - INFO - [GINSLIB] processing : 2020/10/04 04:28:57 Q=5
2026-01-08 19:38:19,848 - INFO - [GINSLIB] processing : 2020/10/04 04:28:58 Q=5
2026-01-08 19:38:19,848 - INFO - [GINSLIB] processing : 2020/10/04 04:28:59 Q=5
2026-01-08 19:38:19,848 - INFO - [GINSLIB] processing : 2020/10/04 04:29:00 Q=5
2026-01-08 19:38:19,848 - INFO - [GINSLIB] processing : 2020/10/04 04:29:01 Q=5
2026-01-08 19:38:19,848 - INFO - [GINSLIB] processing : 2020/10/04 04:29:02 Q=5
2026-01-08 19:38:19,848 - INFO - [GINSLIB] processing : 2020/10/04 04:29:03 Q=5
2026-01-08 19:38:19,848 - INFO - [GINSLIB] processing : 2020/10/04 04:29:04 Q=5
2026-01-08 19:38:19,848 - INFO - [GINSLIB] processing : 2020/10/04 04:29:05 Q=5
2026-01-08 19:38:19,849 - INFO - [GINSLIB] processing : 2020/10/04 04:29:06 Q=5
2026-01-08 19:38:19,849 - INFO - [GINSLIB] processing : 2020/10/04 04:29:07 Q=5
2026-01-08 19:38:19,849 - INFO - [GINSLIB] processing : 2020/10/04 04:29:08 Q=5
2026-01-08 19:38:19,849 - INFO - [GINSLIB] processing : 2020/10/04 04:29:09 Q=5
2026-01-08 19:38:19,849 - INFO - [GINSLIB] processing : 2020/10/04 04:29:10 Q=5
2026-01-08 19:38:19,849 - INFO - [GINSLIB] processing : 2020/10/04 04:29:11 Q=5
2026-01-08 19:38:19,849 - INFO - [GINSLIB] processing : 2020/10/04 04:29:12 Q=5
2026-01-08 19:38:19,849 - INFO - [GINSLIB] processing : 2020/10/04 04:29:13 Q=5
2026-01-08 19:38:19,849 - INFO - [GINSLIB] processing : 2020/10/04 04:29:14 Q=5
2026-01-08 19:38:19,849 - INFO - [GINSLIB] processing : 2020/10/04 04:29:15 Q=5
2026-01-08 19:38:19,849 - INFO - [GINSLIB] processing : 2020/10/04 04:29:16 Q=5
2026-01-08 19:38:19,850 - INFO - [GINSLIB] processing : 2020/10/04 04:29:17 Q=5
2026-01-08 19:38:19,850 - INFO - [GINSLIB] processing : 2020/10/04 04:29:18 Q=5
2026-01-08 19:38:19,850 - INFO - [GINSLIB] processing : 2020/10/04 04:29:19 Q=5
2026-01-08 19:38:19,850 - INFO - [GINSLIB] processing : 2020/10/04 04:29:20 Q=5
2026-01-08 19:38:19,850 - INFO - [GINSLIB] processing : 2020/10/04 04:29:21 Q=5
2026-01-08 19:38:19,850 - INFO - [GINSLIB] processing : 2020/10/04 04:29:22 Q=5
2026-01-08 19:38:19,850 - INFO - [GINSLIB] processing : 2020/10/04 04:29:23 Q=5
2026-01-08 19:38:20,113 - INFO - [GINSLIB] processing : 2020/10/04 04:29:24 Q=5
2026-01-08 19:38:20,113 - INFO - [GINSLIB] processing : 2020/10/04 04:29:25 Q=5
2026-01-08 19:38:20,113 - INFO - [GINSLIB] processing : 2020/10/04 04:29:26 Q=5
2026-01-08 19:38:20,114 - INFO - [GINSLIB] processing : 2020/10/04 04:29:27 Q=5
2026-01-08 19:38:20,114 - INFO - [GINSLIB] processing : 2020/10/04 04:29:28 Q=5
2026-01-08 19:38:20,115 - INFO - [GINSLIB] processing : 2020/10/04 04:29:29 Q=5
2026-01-08 19:38:20,115 - INFO - [GINSLIB] processing : 2020/10/04 04:29:30 Q=5
2026-01-08 19:38:20,115 - INFO - [GINSLIB] processing : 2020/10/04 04:29:31 Q=5
2026-01-08 19:38:20,115 - INFO - [GINSLIB] processing : 2020/10/04 04:29:32 Q=5
2026-01-08 19:38:20,116 - INFO - [GINSLIB] processing : 2020/10/04 04:29:33 Q=5
2026-01-08 19:38:20,116 - INFO - [GINSLIB] processing : 2020/10/04 04:29:34 Q=5
2026-01-08 19:38:20,116 - INFO - [GINSLIB] processing : 2020/10/04 04:29:35 Q=5
2026-01-08 19:38:20,116 - INFO - [GINSLIB] processing : 2020/10/04 04:29:36 Q=5
2026-01-08 19:38:20,117 - INFO - [GINSLIB] processing : 2020/10/04 04:29:37 Q=5
2026-01-08 19:38:20,117 - INFO - [GINSLIB] processing : 2020/10/04 04:29:38 Q=5
2026-01-08 19:38:20,117 - INFO - [GINSLIB] processing : 2020/10/04 04:29:39 Q=5
2026-01-08 19:38:20,117 - INFO - [GINSLIB] processing : 2020/10/04 04:29:40 Q=5
2026-01-08 19:38:20,117 - INFO - [GINSLIB] processing : 2020/10/04 04:29:41 Q=5
2026-01-08 19:38:20,118 - INFO - [GINSLIB] processing : 2020/10/04 04:29:42 Q=5
2026-01-08 19:38:20,118 - INFO - [GINSLIB] processing : 2020/10/04 04:29:43 Q=5
2026-01-08 19:38:20,118 - INFO - [GINSLIB] processing : 2020/10/04 04:29:44 Q=5
2026-01-08 19:38:20,118 - INFO - [GINSLIB] processing : 2020/10/04 04:29:45 Q=5
2026-01-08 19:38:20,118 - INFO - [GINSLIB] processing : 2020/10/04 04:29:46 Q=5
2026-01-08 19:38:20,118 - INFO - [GINSLIB] processing : 2020/10/04 04:29:47 Q=5
2026-01-08 19:38:20,118 - INFO - [GINSLIB] processing : 2020/10/04 04:29:48 Q=5
2026-01-08 19:38:20,119 - INFO - [GINSLIB] processing : 2020/10/04 04:29:49 Q=5
2026-01-08 19:38:20,119 - INFO - [GINSLIB] processing : 2020/10/04 04:29:50 Q=5
2026-01-08 19:38:20,119 - INFO - [GINSLIB] processing : 2020/10/04 04:29:51 Q=5
2026-01-08 19:38:20,119 - INFO - [GINSLIB] processing : 2020/10/04 04:29:52 Q=5
2026-01-08 19:38:20,119 - INFO - [GINSLIB] processing : 2020/10/04 04:29:53 Q=5
2026-01-08 19:38:20,119 - INFO - [GINSLIB] processing : 2020/10/04 04:29:54 Q=5
2026-01-08 19:38:20,119 - INFO - [GINSLIB] processing : 2020/10/04 04:29:55 Q=5
2026-01-08 19:38:20,119 - INFO - [GINSLIB] processing : 2020/10/04 04:29:56 Q=5
2026-01-08 19:38:20,119 - INFO - [GINSLIB] processing : 2020/10/04 04:29:57 Q=5
2026-01-08 19:38:20,119 - INFO - [GINSLIB] processing : 2020/10/04 04:29:58 Q=5
2026-01-08 19:38:20,120 - INFO - [GINSLIB] processing : 2020/10/04 04:29:59 Q=5
2026-01-08 19:38:20,120 - INFO - [GINSLIB] processing : 2020/10/04 04:30:00 Q=5
2026-01-08 19:38:20,120 - INFO - [GINSLIB] processing : 2020/10/04 04:30:01 Q=5
2026-01-08 19:38:20,120 - INFO - [GINSLIB] processing : 2020/10/04 04:30:02 Q=5
2026-01-08 19:38:20,120 - INFO - [GINSLIB] processing : 2020/10/04 04:30:03 Q=5
2026-01-08 19:38:20,120 - INFO - [GINSLIB] processing : 2020/10/04 04:30:04 Q=5
2026-01-08 19:38:20,120 - INFO - [GINSLIB] processing : 2020/10/04 04:30:05 Q=5
2026-01-08 19:38:20,121 - INFO - [GINSLIB] processing : 2020/10/04 04:30:06 Q=5
2026-01-08 19:38:20,121 - INFO - [GINSLIB] processing : 2020/10/04 04:30:07 Q=5
2026-01-08 19:38:20,121 - INFO - [GINSLIB] processing : 2020/10/04 04:30:08 Q=5
2026-01-08 19:38:20,121 - INFO - [GINSLIB] processing : 2020/10/04 04:30:09 Q=5
2026-01-08 19:38:20,121 - INFO - [GINSLIB] processing : 2020/10/04 04:30:10 Q=5
2026-01-08 19:38:20,121 - INFO - [GINSLIB] processing : 2020/10/04 04:30:11 Q=5
2026-01-08 19:38:20,121 - INFO - [GINSLIB] processing : 2020/10/04 04:30:12 Q=5
2026-01-08 19:38:20,122 - INFO - [GINSLIB] processing : 2020/10/04 04:30:13 Q=5
2026-01-08 19:38:20,122 - INFO - [GINSLIB] processing : 2020/10/04 04:30:14 Q=5
2026-01-08 19:38:20,122 - INFO - [GINSLIB] processing : 2020/10/04 04:30:15 Q=5
2026-01-08 19:38:20,122 - INFO - [GINSLIB] processing : 2020/10/04 04:30:16 Q=5
2026-01-08 19:38:20,122 - INFO - [GINSLIB] processing : 2020/10/04 04:30:17 Q=5
2026-01-08 19:38:20,122 - INFO - [GINSLIB] processing : 2020/10/04 04:30:18 Q=5
2026-01-08 19:38:20,122 - INFO - [GINSLIB] processing : 2020/10/04 04:30:19 Q=5
2026-01-08 19:38:20,122 - INFO - [GINSLIB] processing : 2020/10/04 04:30:20 Q=5
2026-01-08 19:38:20,123 - INFO - [GINSLIB] processing : 2020/10/04 04:30:21 Q=5
2026-01-08 19:38:20,123 - INFO - [GINSLIB] processing : 2020/10/04 04:30:22 Q=5
2026-01-08 19:38:20,123 - INFO - [GINSLIB] processing : 2020/10/04 04:30:23 Q=5
2026-01-08 19:38:20,123 - INFO - [GINSLIB] processing : 2020/10/04 04:30:24 Q=5
2026-01-08 19:38:20,123 - INFO - [GINSLIB] processing : 2020/10/04 04:30:25 Q=5
2026-01-08 19:38:20,123 - INFO - [GINSLIB] processing : 2020/10/04 04:30:26 Q=5
2026-01-08 19:38:20,123 - INFO - [GINSLIB] processing : 2020/10/04 04:30:27 Q=5
2026-01-08 19:38:20,123 - INFO - [GINSLIB] processing : 2020/10/04 04:30:28 Q=5
2026-01-08 19:38:20,124 - INFO - [GINSLIB] processing : 2020/10/04 04:30:29 Q=5
2026-01-08 19:38:20,124 - INFO - [GINSLIB] processing : 2020/10/04 04:30:30 Q=5
2026-01-08 19:38:20,124 - INFO - [GINSLIB] processing : 2020/10/04 04:30:31 Q=5
2026-01-08 19:38:20,124 - INFO - [GINSLIB] processing : 2020/10/04 04:30:32 Q=5
2026-01-08 19:38:20,124 - INFO - [GINSLIB] processing : 2020/10/04 04:30:33 Q=5
2026-01-08 19:38:20,124 - INFO - [GINSLIB] processing : 2020/10/04 04:30:34 Q=5
2026-01-08 19:38:20,125 - INFO - [GINSLIB] processing : 2020/10/04 04:30:35 Q=5
2026-01-08 19:38:20,125 - INFO - [GINSLIB] processing : 2020/10/04 04:30:36 Q=5
2026-01-08 19:38:20,125 - INFO - [GINSLIB] processing : 2020/10/04 04:30:37 Q=5
2026-01-08 19:38:20,125 - INFO - [GINSLIB] processing : 2020/10/04 04:30:38 Q=5
2026-01-08 19:38:20,125 - INFO - [GINSLIB] processing : 2020/10/04 04:30:39 Q=5
2026-01-08 19:38:20,125 - INFO - [GINSLIB] processing : 2020/10/04 04:30:40 Q=5
2026-01-08 19:38:20,125 - INFO - [GINSLIB] processing : 2020/10/04 04:30:41 Q=5
2026-01-08 19:38:20,125 - INFO - [GINSLIB] processing : 2020/10/04 04:30:42 Q=5
2026-01-08 19:38:20,125 - INFO - [GINSLIB] processing : 2020/10/04 04:30:43 Q=5
2026-01-08 19:38:20,125 - INFO - [GINSLIB] processing : 2020/10/04 04:30:44 Q=5
2026-01-08 19:38:20,126 - INFO - [GINSLIB] processing : 2020/10/04 04:30:45 Q=5
2026-01-08 19:38:20,126 - INFO - [GINSLIB] processing : 2020/10/04 04:30:46 Q=5
2026-01-08 19:38:20,126 - INFO - [GINSLIB] processing : 2020/10/04 04:30:47 Q=5
2026-01-08 19:38:20,126 - INFO - [GINSLIB] processing : 2020/10/04 04:30:48 Q=5
2026-01-08 19:38:20,126 - INFO - [GINSLIB] processing : 2020/10/04 04:30:49 Q=5
2026-01-08 19:38:20,127 - INFO - [GINSLIB] processing : 2020/10/04 04:30:50 Q=5
2026-01-08 19:38:20,127 - INFO - [GINSLIB] processing : 2020/10/04 04:30:51 Q=5
2026-01-08 19:38:20,127 - INFO - [GINSLIB] processing : 2020/10/04 04:30:52 Q=5
2026-01-08 19:38:20,127 - INFO - [GINSLIB] processing : 2020/10/04 04:30:53 Q=5
2026-01-08 19:38:20,127 - INFO - [GINSLIB] processing : 2020/10/04 04:30:54 Q=5
2026-01-08 19:38:20,127 - INFO - [GINSLIB] processing : 2020/10/04 04:30:55 Q=5
2026-01-08 19:38:20,127 - INFO - [GINSLIB] processing : 2020/10/04 04:30:56 Q=5
2026-01-08 19:38:20,127 - INFO - [GINSLIB] processing : 2020/10/04 04:30:57 Q=5
2026-01-08 19:38:20,128 - INFO - [GINSLIB] processing : 2020/10/04 04:30:58 Q=5
2026-01-08 19:38:20,128 - INFO - [GINSLIB] processing : 2020/10/04 04:30:59 Q=5
2026-01-08 19:38:20,128 - INFO - [GINSLIB] processing : 2020/10/04 04:31:00 Q=5
2026-01-08 19:38:20,128 - INFO - [GINSLIB] processing : 2020/10/04 04:31:01 Q=5
2026-01-08 19:38:20,128 - INFO - [GINSLIB] processing : 2020/10/04 04:31:02 Q=5
2026-01-08 19:38:20,128 - INFO - [GINSLIB] processing : 2020/10/04 04:31:03 Q=5
2026-01-08 19:38:20,128 - INFO - [GINSLIB] processing : 2020/10/04 04:31:04 Q=5
2026-01-08 19:38:20,128 - INFO - [GINSLIB] processing : 2020/10/04 04:31:05 Q=5
2026-01-08 19:38:20,128 - INFO - [GINSLIB] processing : 2020/10/04 04:31:06 Q=5
2026-01-08 19:38:20,128 - INFO - [GINSLIB] processing : 2020/10/04 04:31:07 Q=5
2026-01-08 19:38:20,129 - INFO - [GINSLIB] processing : 2020/10/04 04:31:08 Q=5
2026-01-08 19:38:20,129 - INFO - [GINSLIB] processing : 2020/10/04 04:31:09 Q=5
2026-01-08 19:38:20,129 - INFO - [GINSLIB] processing : 2020/10/04 04:31:10 Q=5
2026-01-08 19:38:20,129 - INFO - [GINSLIB] processing : 2020/10/04 04:31:11 Q=5
2026-01-08 19:38:20,129 - INFO - [GINSLIB] processing : 2020/10/04 04:31:12 Q=5
2026-01-08 19:38:20,129 - INFO - [GINSLIB] processing : 2020/10/04 04:31:13 Q=5
2026-01-08 19:38:20,129 - INFO - [GINSLIB] processing : 2020/10/04 04:31:14 Q=5
2026-01-08 19:38:20,397 - INFO - [GINSLIB] processing : 2020/10/04 04:31:15 Q=5
2026-01-08 19:38:20,397 - INFO - [GINSLIB] processing : 2020/10/04 04:31:16 Q=5
2026-01-08 19:38:20,397 - INFO - [GINSLIB] processing : 2020/10/04 04:31:17 Q=5
2026-01-08 19:38:20,397 - INFO - [GINSLIB] processing : 2020/10/04 04:31:18 Q=5
2026-01-08 19:38:20,398 - INFO - [GINSLIB] processing : 2020/10/04 04:31:19 Q=5
2026-01-08 19:38:20,398 - INFO - [GINSLIB] processing : 2020/10/04 04:31:20 Q=5
2026-01-08 19:38:20,398 - INFO - [GINSLIB] processing : 2020/10/04 04:31:21 Q=5
2026-01-08 19:38:20,399 - INFO - [GINSLIB] processing : 2020/10/04 04:31:22 Q=5
2026-01-08 19:38:20,399 - INFO - [GINSLIB] processing : 2020/10/04 04:31:23 Q=5
2026-01-08 19:38:20,399 - INFO - [GINSLIB] processing : 2020/10/04 04:31:24 Q=5
2026-01-08 19:38:20,400 - INFO - [GINSLIB] processing : 2020/10/04 04:31:25 Q=5
2026-01-08 19:38:20,400 - INFO - [GINSLIB] processing : 2020/10/04 04:31:26 Q=5
2026-01-08 19:38:20,400 - INFO - [GINSLIB] processing : 2020/10/04 04:31:27 Q=5
2026-01-08 19:38:20,400 - INFO - [GINSLIB] processing : 2020/10/04 04:31:28 Q=5
2026-01-08 19:38:20,401 - INFO - [GINSLIB] processing : 2020/10/04 04:31:29 Q=5
2026-01-08 19:38:20,401 - INFO - [GINSLIB] processing : 2020/10/04 04:31:30 Q=5
2026-01-08 19:38:20,401 - INFO - [GINSLIB] processing : 2020/10/04 04:31:31 Q=5
2026-01-08 19:38:20,401 - INFO - [GINSLIB] processing : 2020/10/04 04:31:32 Q=5
2026-01-08 19:38:20,401 - INFO - [GINSLIB] processing : 2020/10/04 04:31:33 Q=5
2026-01-08 19:38:20,401 - INFO - [GINSLIB] processing : 2020/10/04 04:31:34 Q=5
2026-01-08 19:38:20,402 - INFO - [GINSLIB] processing : 2020/10/04 04:31:35 Q=5
2026-01-08 19:38:20,402 - INFO - [GINSLIB] processing : 2020/10/04 04:31:36 Q=5
2026-01-08 19:38:20,402 - INFO - [GINSLIB] processing : 2020/10/04 04:31:37 Q=5
2026-01-08 19:38:20,402 - INFO - [GINSLIB] processing : 2020/10/04 04:31:38 Q=5
2026-01-08 19:38:20,402 - INFO - [GINSLIB] processing : 2020/10/04 04:31:39 Q=5
2026-01-08 19:38:20,402 - INFO - [GINSLIB] processing : 2020/10/04 04:31:40 Q=5
2026-01-08 19:38:20,402 - INFO - [GINSLIB] processing : 2020/10/04 04:31:41 Q=5
2026-01-08 19:38:20,403 - INFO - [GINSLIB] processing : 2020/10/04 04:31:42 Q=5
2026-01-08 19:38:20,403 - INFO - [GINSLIB] processing : 2020/10/04 04:31:43 Q=5
2026-01-08 19:38:20,403 - INFO - [GINSLIB] processing : 2020/10/04 04:31:44 Q=5
2026-01-08 19:38:20,403 - INFO - [GINSLIB] processing : 2020/10/04 04:31:45 Q=5
2026-01-08 19:38:20,403 - INFO - [GINSLIB] processing : 2020/10/04 04:31:46 Q=5
2026-01-08 19:38:20,403 - INFO - [GINSLIB] processing : 2020/10/04 04:31:47 Q=5
2026-01-08 19:38:20,403 - INFO - [GINSLIB] processing : 2020/10/04 04:31:48 Q=5
2026-01-08 19:38:20,404 - INFO - [GINSLIB] processing : 2020/10/04 04:31:49 Q=5
2026-01-08 19:38:20,404 - INFO - [GINSLIB] processing : 2020/10/04 04:31:50 Q=5
2026-01-08 19:38:20,404 - INFO - [GINSLIB] processing : 2020/10/04 04:31:51 Q=5
2026-01-08 19:38:20,404 - INFO - [GINSLIB] processing : 2020/10/04 04:31:52 Q=5
2026-01-08 19:38:20,404 - INFO - [GINSLIB] processing : 2020/10/04 04:31:53 Q=5
2026-01-08 19:38:20,404 - INFO - [GINSLIB] processing : 2020/10/04 04:31:54 Q=5
2026-01-08 19:38:20,404 - INFO - [GINSLIB] processing : 2020/10/04 04:31:55 Q=5
2026-01-08 19:38:20,404 - INFO - [GINSLIB] processing : 2020/10/04 04:31:56 Q=5
2026-01-08 19:38:20,404 - INFO - [GINSLIB] processing : 2020/10/04 04:31:57 Q=5
2026-01-08 19:38:20,404 - INFO - [GINSLIB] processing : 2020/10/04 04:31:58 Q=5
2026-01-08 19:38:20,404 - INFO - [GINSLIB] processing : 2020/10/04 04:31:59 Q=5
2026-01-08 19:38:20,405 - INFO - [GINSLIB] processing : 2020/10/04 04:32:00 Q=5
2026-01-08 19:38:20,405 - INFO - [GINSLIB] processing : 2020/10/04 04:32:01 Q=5
2026-01-08 19:38:20,405 - INFO - [GINSLIB] processing : 2020/10/04 04:32:02 Q=5
2026-01-08 19:38:20,405 - INFO - [GINSLIB] processing : 2020/10/04 04:32:03 Q=5
2026-01-08 19:38:20,405 - INFO - [GINSLIB] processing : 2020/10/04 04:32:04 Q=5
2026-01-08 19:38:20,405 - INFO - [GINSLIB] processing : 2020/10/04 04:32:05 Q=5
2026-01-08 19:38:20,405 - INFO - [GINSLIB] processing : 2020/10/04 04:32:06 Q=5
2026-01-08 19:38:20,405 - INFO - [GINSLIB] processing : 2020/10/04 04:32:07 Q=5
2026-01-08 19:38:20,405 - INFO - [GINSLIB] processing : 2020/10/04 04:32:08 Q=5
2026-01-08 19:38:20,405 - INFO - [GINSLIB] processing : 2020/10/04 04:32:09 Q=5
2026-01-08 19:38:20,405 - INFO - [GINSLIB] processing : 2020/10/04 04:32:10 Q=5
2026-01-08 19:38:20,406 - INFO - [GINSLIB] processing : 2020/10/04 04:32:11 Q=5
2026-01-08 19:38:20,406 - INFO - [GINSLIB] processing : 2020/10/04 04:32:12 Q=5
2026-01-08 19:38:20,406 - INFO - [GINSLIB] processing : 2020/10/04 04:32:13 Q=5
2026-01-08 19:38:20,406 - INFO - [GINSLIB] processing : 2020/10/04 04:32:14 Q=5
2026-01-08 19:38:20,406 - INFO - [GINSLIB] processing : 2020/10/04 04:32:15 Q=5
2026-01-08 19:38:20,406 - INFO - [GINSLIB] processing : 2020/10/04 04:32:16 Q=5
2026-01-08 19:38:20,406 - INFO - [GINSLIB] processing : 2020/10/04 04:32:17 Q=5
2026-01-08 19:38:20,406 - INFO - [GINSLIB] processing : 2020/10/04 04:32:18 Q=5
2026-01-08 19:38:20,406 - INFO - [GINSLIB] processing : 2020/10/04 04:32:19 Q=5
2026-01-08 19:38:20,406 - INFO - [GINSLIB] processing : 2020/10/04 04:32:20 Q=5
2026-01-08 19:38:20,407 - INFO - [GINSLIB] processing : 2020/10/04 04:32:21 Q=5
2026-01-08 19:38:20,407 - INFO - [GINSLIB] processing : 2020/10/04 04:32:22 Q=5
2026-01-08 19:38:20,407 - INFO - [GINSLIB] processing : 2020/10/04 04:32:23 Q=5
2026-01-08 19:38:20,407 - INFO - [GINSLIB] processing : 2020/10/04 04:32:24 Q=5
2026-01-08 19:38:20,407 - INFO - [GINSLIB] processing : 2020/10/04 04:32:25 Q=5
2026-01-08 19:38:20,407 - INFO - [GINSLIB] processing : 2020/10/04 04:32:26 Q=5
2026-01-08 19:38:20,408 - INFO - [GINSLIB] processing : 2020/10/04 04:32:27 Q=5
2026-01-08 19:38:20,408 - INFO - [GINSLIB] processing : 2020/10/04 04:32:28 Q=5
2026-01-08 19:38:20,408 - INFO - [GINSLIB] processing : 2020/10/04 04:32:29 Q=5
2026-01-08 19:38:20,408 - INFO - [GINSLIB] processing : 2020/10/04 04:32:30 Q=5
2026-01-08 19:38:20,408 - INFO - [GINSLIB] processing : 2020/10/04 04:32:31 Q=5
2026-01-08 19:38:20,408 - INFO - [GINSLIB] processing : 2020/10/04 04:32:32 Q=5
2026-01-08 19:38:20,408 - INFO - [GINSLIB] processing : 2020/10/04 04:32:33 Q=5
2026-01-08 19:38:20,408 - INFO - [GINSLIB] processing : 2020/10/04 04:32:34 Q=5
2026-01-08 19:38:20,408 - INFO - [GINSLIB] processing : 2020/10/04 04:32:35 Q=5
2026-01-08 19:38:20,408 - INFO - [GINSLIB] processing : 2020/10/04 04:32:36 Q=5
2026-01-08 19:38:20,408 - INFO - [GINSLIB] processing : 2020/10/04 04:32:37 Q=5
2026-01-08 19:38:20,409 - INFO - [GINSLIB] processing : 2020/10/04 04:32:38 Q=5
2026-01-08 19:38:20,409 - INFO - [GINSLIB] processing : 2020/10/04 04:32:39 Q=5
2026-01-08 19:38:20,409 - INFO - [GINSLIB] processing : 2020/10/04 04:32:40 Q=5
2026-01-08 19:38:20,409 - INFO - [GINSLIB] processing : 2020/10/04 04:32:41 Q=5
2026-01-08 19:38:20,409 - INFO - [GINSLIB] processing : 2020/10/04 04:32:42 Q=5
2026-01-08 19:38:20,409 - INFO - [GINSLIB] processing : 2020/10/04 04:32:43 Q=5
2026-01-08 19:38:20,409 - INFO - [GINSLIB] processing : 2020/10/04 04:32:44 Q=5
2026-01-08 19:38:20,409 - INFO - [GINSLIB] processing : 2020/10/04 04:32:45 Q=5
2026-01-08 19:38:20,409 - INFO - [GINSLIB] processing : 2020/10/04 04:32:46 Q=5
2026-01-08 19:38:20,409 - INFO - [GINSLIB] processing : 2020/10/04 04:32:47 Q=5
2026-01-08 19:38:20,410 - INFO - [GINSLIB] processing : 2020/10/04 04:32:48 Q=5
2026-01-08 19:38:20,410 - INFO - [GINSLIB] processing : 2020/10/04 04:32:49 Q=5
2026-01-08 19:38:20,410 - INFO - [GINSLIB] processing : 2020/10/04 04:32:50 Q=5
2026-01-08 19:38:20,410 - INFO - [GINSLIB] processing : 2020/10/04 04:32:51 Q=5
2026-01-08 19:38:20,410 - INFO - [GINSLIB] processing : 2020/10/04 04:32:52 Q=5
2026-01-08 19:38:20,410 - INFO - [GINSLIB] processing : 2020/10/04 04:32:53 Q=5
2026-01-08 19:38:20,410 - INFO - [GINSLIB] processing : 2020/10/04 04:32:54 Q=5
2026-01-08 19:38:20,410 - INFO - [GINSLIB] processing : 2020/10/04 04:32:55 Q=5
2026-01-08 19:38:20,410 - INFO - [GINSLIB] processing : 2020/10/04 04:32:56 Q=5
2026-01-08 19:38:20,410 - INFO - [GINSLIB] processing : 2020/10/04 04:32:57 Q=5
2026-01-08 19:38:20,410 - INFO - [GINSLIB] processing : 2020/10/04 04:32:58 Q=5
2026-01-08 19:38:20,411 - INFO - [GINSLIB] processing : 2020/10/04 04:32:59 Q=5
2026-01-08 19:38:20,411 - INFO - [GINSLIB] processing : 2020/10/04 04:33:00 Q=5
2026-01-08 19:38:20,411 - INFO - [GINSLIB] processing : 2020/10/04 04:33:01 Q=5
2026-01-08 19:38:20,411 - INFO - [GINSLIB] processing : 2020/10/04 04:33:02 Q=5
2026-01-08 19:38:20,411 - INFO - [GINSLIB] processing : 2020/10/04 04:33:03 Q=5
2026-01-08 19:38:20,411 - INFO - [GINSLIB] processing : 2020/10/04 04:33:04 Q=5
2026-01-08 19:38:20,676 - INFO - [GINSLIB] processing : 2020/10/04 04:33:05 Q=5
2026-01-08 19:38:20,676 - INFO - [GINSLIB] processing : 2020/10/04 04:33:06 Q=5
2026-01-08 19:38:20,676 - INFO - [GINSLIB] processing : 2020/10/04 04:33:07 Q=5
2026-01-08 19:38:20,676 - INFO - [GINSLIB] processing : 2020/10/04 04:33:08 Q=5
2026-01-08 19:38:20,677 - INFO - [GINSLIB] processing : 2020/10/04 04:33:09 Q=5
2026-01-08 19:38:20,677 - INFO - [GINSLIB] processing : 2020/10/04 04:33:10 Q=5
2026-01-08 19:38:20,677 - INFO - [GINSLIB] processing : 2020/10/04 04:33:11 Q=5
2026-01-08 19:38:20,677 - INFO - [GINSLIB] processing : 2020/10/04 04:33:12 Q=5
2026-01-08 19:38:20,677 - INFO - [GINSLIB] processing : 2020/10/04 04:33:13 Q=5
2026-01-08 19:38:20,678 - INFO - [GINSLIB] processing : 2020/10/04 04:33:14 Q=5
2026-01-08 19:38:20,678 - INFO - [GINSLIB] processing : 2020/10/04 04:33:15 Q=5
2026-01-08 19:38:20,678 - INFO - [GINSLIB] processing : 2020/10/04 04:33:16 Q=5
2026-01-08 19:38:20,678 - INFO - [GINSLIB] processing : 2020/10/04 04:33:17 Q=5
2026-01-08 19:38:20,678 - INFO - [GINSLIB] processing : 2020/10/04 04:33:18 Q=5
2026-01-08 19:38:20,679 - INFO - [GINSLIB] processing : 2020/10/04 04:33:19 Q=5
2026-01-08 19:38:20,679 - INFO - [GINSLIB] processing : 2020/10/04 04:33:20 Q=5
2026-01-08 19:38:20,679 - INFO - [GINSLIB] processing : 2020/10/04 04:33:21 Q=5
2026-01-08 19:38:20,679 - INFO - [GINSLIB] processing : 2020/10/04 04:33:22 Q=5
2026-01-08 19:38:20,679 - INFO - [GINSLIB] processing : 2020/10/04 04:33:23 Q=5
2026-01-08 19:38:20,679 - INFO - [GINSLIB] processing : 2020/10/04 04:33:24 Q=5
2026-01-08 19:38:20,679 - INFO - [GINSLIB] processing : 2020/10/04 04:33:25 Q=5
2026-01-08 19:38:20,680 - INFO - [GINSLIB] processing : 2020/10/04 04:33:26 Q=5
2026-01-08 19:38:20,680 - INFO - [GINSLIB] processing : 2020/10/04 04:33:27 Q=5
2026-01-08 19:38:20,680 - INFO - [GINSLIB] processing : 2020/10/04 04:33:28 Q=5
2026-01-08 19:38:20,680 - INFO - [GINSLIB] processing : 2020/10/04 04:33:29 Q=5
2026-01-08 19:38:20,680 - INFO - [GINSLIB] processing : 2020/10/04 04:33:30 Q=5
2026-01-08 19:38:20,680 - INFO - [GINSLIB] processing : 2020/10/04 04:33:31 Q=5
2026-01-08 19:38:20,680 - INFO - [GINSLIB] processing : 2020/10/04 04:33:32 Q=5
2026-01-08 19:38:20,680 - INFO - [GINSLIB] processing : 2020/10/04 04:33:33 Q=5
2026-01-08 19:38:20,680 - INFO - [GINSLIB] processing : 2020/10/04 04:33:34 Q=5
2026-01-08 19:38:20,680 - INFO - [GINSLIB] processing : 2020/10/04 04:33:35 Q=5
2026-01-08 19:38:20,681 - INFO - [GINSLIB] processing : 2020/10/04 04:33:36 Q=5
2026-01-08 19:38:20,681 - INFO - [GINSLIB] processing : 2020/10/04 04:33:37 Q=5
2026-01-08 19:38:20,681 - INFO - [GINSLIB] processing : 2020/10/04 04:33:38 Q=5
2026-01-08 19:38:20,681 - INFO - [GINSLIB] processing : 2020/10/04 04:33:39 Q=5
2026-01-08 19:38:20,681 - INFO - [GINSLIB] processing : 2020/10/04 04:33:40 Q=5
2026-01-08 19:38:20,681 - INFO - [GINSLIB] processing : 2020/10/04 04:33:41 Q=5
2026-01-08 19:38:20,681 - INFO - [GINSLIB] processing : 2020/10/04 04:33:42 Q=5
2026-01-08 19:38:20,681 - INFO - [GINSLIB] processing : 2020/10/04 04:33:43 Q=5
2026-01-08 19:38:20,681 - INFO - [GINSLIB] processing : 2020/10/04 04:33:44 Q=5
2026-01-08 19:38:20,681 - INFO - [GINSLIB] processing : 2020/10/04 04:33:45 Q=5
2026-01-08 19:38:20,681 - INFO - [GINSLIB] processing : 2020/10/04 04:33:46 Q=5
2026-01-08 19:38:20,682 - INFO - [GINSLIB] processing : 2020/10/04 04:33:47 Q=5
2026-01-08 19:38:20,682 - INFO - [GINSLIB] processing : 2020/10/04 04:33:48 Q=5
2026-01-08 19:38:20,682 - INFO - [GINSLIB] processing : 2020/10/04 04:33:49 Q=5
2026-01-08 19:38:20,682 - INFO - [GINSLIB] processing : 2020/10/04 04:33:50 Q=5
2026-01-08 19:38:20,682 - INFO - [GINSLIB] processing : 2020/10/04 04:33:51 Q=5
2026-01-08 19:38:20,682 - INFO - [GINSLIB] processing : 2020/10/04 04:33:52 Q=5
2026-01-08 19:38:20,682 - INFO - [GINSLIB] processing : 2020/10/04 04:33:53 Q=5
2026-01-08 19:38:20,682 - INFO - [GINSLIB] processing : 2020/10/04 04:33:54 Q=5
2026-01-08 19:38:20,682 - INFO - [GINSLIB] processing : 2020/10/04 04:33:55 Q=5
2026-01-08 19:38:20,682 - INFO - [GINSLIB] processing : 2020/10/04 04:33:56 Q=5
2026-01-08 19:38:20,682 - INFO - [GINSLIB] processing : 2020/10/04 04:33:57 Q=5
2026-01-08 19:38:20,683 - INFO - [GINSLIB] processing : 2020/10/04 04:33:58 Q=5
2026-01-08 19:38:20,683 - INFO - [GINSLIB] processing : 2020/10/04 04:33:59 Q=5
2026-01-08 19:38:20,683 - INFO - [GINSLIB] processing : 2020/10/04 04:34:00 Q=5
2026-01-08 19:38:20,683 - INFO - [GINSLIB] processing : 2020/10/04 04:34:01 Q=5
2026-01-08 19:38:20,683 - INFO - [GINSLIB] processing : 2020/10/04 04:34:02 Q=5
2026-01-08 19:38:20,683 - INFO - [GINSLIB] processing : 2020/10/04 04:34:03 Q=5
2026-01-08 19:38:20,683 - INFO - [GINSLIB] processing : 2020/10/04 04:34:04 Q=5
2026-01-08 19:38:20,683 - INFO - [GINSLIB] processing : 2020/10/04 04:34:05 Q=5
2026-01-08 19:38:20,683 - INFO - [GINSLIB] processing : 2020/10/04 04:34:06 Q=5
2026-01-08 19:38:20,683 - INFO - [GINSLIB] processing : 2020/10/04 04:34:07 Q=5
2026-01-08 19:38:20,683 - INFO - [GINSLIB] processing : 2020/10/04 04:34:08 Q=5
2026-01-08 19:38:20,684 - INFO - [GINSLIB] processing : 2020/10/04 04:34:09 Q=5
2026-01-08 19:38:20,684 - INFO - [GINSLIB] processing : 2020/10/04 04:34:10 Q=5
2026-01-08 19:38:20,684 - INFO - [GINSLIB] processing : 2020/10/04 04:34:11 Q=5
2026-01-08 19:38:20,684 - INFO - [GINSLIB] processing : 2020/10/04 04:34:12 Q=5
2026-01-08 19:38:20,684 - INFO - [GINSLIB] processing : 2020/10/04 04:34:13 Q=5
2026-01-08 19:38:20,684 - INFO - [GINSLIB] processing : 2020/10/04 04:34:14 Q=5
2026-01-08 19:38:20,684 - INFO - [GINSLIB] processing : 2020/10/04 04:34:15 Q=5
2026-01-08 19:38:20,684 - INFO - [GINSLIB] processing : 2020/10/04 04:34:16 Q=5
2026-01-08 19:38:20,685 - INFO - [GINSLIB] processing : 2020/10/04 04:34:17 Q=5
2026-01-08 19:38:20,685 - INFO - [GINSLIB] processing : 2020/10/04 04:34:18 Q=5
2026-01-08 19:38:20,685 - INFO - [GINSLIB] processing : 2020/10/04 04:34:19 Q=5
2026-01-08 19:38:20,685 - INFO - [GINSLIB] processing : 2020/10/04 04:34:20 Q=5
2026-01-08 19:38:20,685 - INFO - [GINSLIB] processing : 2020/10/04 04:34:21 Q=5
2026-01-08 19:38:20,685 - INFO - [GINSLIB] processing : 2020/10/04 04:34:22 Q=5
2026-01-08 19:38:20,685 - INFO - [GINSLIB] processing : 2020/10/04 04:34:23 Q=5
2026-01-08 19:38:20,685 - INFO - [GINSLIB] processing : 2020/10/04 04:34:24 Q=5
2026-01-08 19:38:20,686 - INFO - [GINSLIB] processing : 2020/10/04 04:34:25 Q=5
2026-01-08 19:38:20,686 - INFO - [GINSLIB] processing : 2020/10/04 04:34:26 Q=5
2026-01-08 19:38:20,686 - INFO - [GINSLIB] processing : 2020/10/04 04:34:27 Q=5
2026-01-08 19:38:20,686 - INFO - [GINSLIB] processing : 2020/10/04 04:34:28 Q=5
2026-01-08 19:38:20,686 - INFO - [GINSLIB] processing : 2020/10/04 04:34:29 Q=5
2026-01-08 19:38:20,686 - INFO - [GINSLIB] processing : 2020/10/04 04:34:30 Q=5
2026-01-08 19:38:20,687 - INFO - [GINSLIB] processing : 2020/10/04 04:34:31 Q=5
2026-01-08 19:38:20,687 - INFO - [GINSLIB] processing : 2020/10/04 04:34:32 Q=5
2026-01-08 19:38:20,687 - INFO - [GINSLIB] processing : 2020/10/04 04:34:33 Q=5
2026-01-08 19:38:20,687 - INFO - [GINSLIB] processing : 2020/10/04 04:34:34 Q=5
2026-01-08 19:38:20,687 - INFO - [GINSLIB] processing : 2020/10/04 04:34:35 Q=5
2026-01-08 19:38:20,687 - INFO - [GINSLIB] processing : 2020/10/04 04:34:36 Q=5
2026-01-08 19:38:20,687 - INFO - [GINSLIB] processing : 2020/10/04 04:34:37 Q=5
2026-01-08 19:38:20,687 - INFO - [GINSLIB] processing : 2020/10/04 04:34:38 Q=5
2026-01-08 19:38:20,688 - INFO - [GINSLIB] processing : 2020/10/04 04:34:39 Q=5
2026-01-08 19:38:20,688 - INFO - [GINSLIB] processing : 2020/10/04 04:34:40 Q=5
2026-01-08 19:38:20,688 - INFO - [GINSLIB] processing : 2020/10/04 04:34:41 Q=5
2026-01-08 19:38:20,688 - INFO - [GINSLIB] processing : 2020/10/04 04:34:42 Q=5
2026-01-08 19:38:20,688 - INFO - [GINSLIB] processing : 2020/10/04 04:34:43 Q=5
2026-01-08 19:38:20,688 - INFO - [GINSLIB] processing : 2020/10/04 04:34:44 Q=5
2026-01-08 19:38:20,688 - INFO - [GINSLIB] processing : 2020/10/04 04:34:45 Q=5
2026-01-08 19:38:20,688 - INFO - [GINSLIB] processing : 2020/10/04 04:34:46 Q=5
2026-01-08 19:38:20,688 - INFO - [GINSLIB] processing : 2020/10/04 04:34:47 Q=5
2026-01-08 19:38:20,688 - INFO - [GINSLIB] processing : 2020/10/04 04:34:48 Q=5
2026-01-08 19:38:20,689 - INFO - [GINSLIB] processing : 2020/10/04 04:34:49 Q=5
2026-01-08 19:38:20,689 - INFO - [GINSLIB] processing : 2020/10/04 04:34:50 Q=5
2026-01-08 19:38:20,689 - INFO - [GINSLIB] processing : 2020/10/04 04:34:51 Q=5
2026-01-08 19:38:20,689 - INFO - [GINSLIB] processing : 2020/10/04 04:34:52 Q=5
2026-01-08 19:38:20,689 - INFO - [GINSLIB] processing : 2020/10/04 04:34:53 Q=5
2026-01-08 19:38:20,689 - INFO - [GINSLIB] processing : 2020/10/04 04:34:54 Q=5
2026-01-08 19:38:20,689 - INFO - [GINSLIB] processing : 2020/10/04 04:34:55 Q=5
2026-01-08 19:38:20,960 - INFO - [GINSLIB] processing : 2020/10/04 04:34:56 Q=5
2026-01-08 19:38:20,960 - INFO - [GINSLIB] processing : 2020/10/04 04:34:57 Q=5
2026-01-08 19:38:20,960 - INFO - [GINSLIB] processing : 2020/10/04 04:34:58 Q=5
2026-01-08 19:38:20,961 - INFO - [GINSLIB] processing : 2020/10/04 04:34:59 Q=5
2026-01-08 19:38:20,961 - INFO - [GINSLIB] processing : 2020/10/04 04:35:00 Q=5
2026-01-08 19:38:20,961 - INFO - [GINSLIB] processing : 2020/10/04 04:35:01 Q=5
2026-01-08 19:38:20,961 - INFO - [GINSLIB] processing : 2020/10/04 04:35:02 Q=5
2026-01-08 19:38:20,961 - INFO - [GINSLIB] processing : 2020/10/04 04:35:03 Q=5
2026-01-08 19:38:20,962 - INFO - [GINSLIB] processing : 2020/10/04 04:35:04 Q=5
2026-01-08 19:38:20,962 - INFO - [GINSLIB] processing : 2020/10/04 04:35:05 Q=5
2026-01-08 19:38:20,962 - INFO - [GINSLIB] processing : 2020/10/04 04:35:06 Q=5
2026-01-08 19:38:20,962 - INFO - [GINSLIB] processing : 2020/10/04 04:35:07 Q=5
2026-01-08 19:38:20,963 - INFO - [GINSLIB] processing : 2020/10/04 04:35:08 Q=5
2026-01-08 19:38:20,963 - INFO - [GINSLIB] processing : 2020/10/04 04:35:09 Q=5
2026-01-08 19:38:20,963 - INFO - [GINSLIB] processing : 2020/10/04 04:35:10 Q=5
2026-01-08 19:38:20,963 - INFO - [GINSLIB] processing : 2020/10/04 04:35:11 Q=5
2026-01-08 19:38:20,963 - INFO - [GINSLIB] processing : 2020/10/04 04:35:12 Q=5
2026-01-08 19:38:20,964 - INFO - [GINSLIB] processing : 2020/10/04 04:35:13 Q=5
2026-01-08 19:38:20,964 - INFO - [GINSLIB] processing : 2020/10/04 04:35:14 Q=5
2026-01-08 19:38:20,964 - INFO - [GINSLIB] processing : 2020/10/04 04:35:15 Q=5
2026-01-08 19:38:20,964 - INFO - [GINSLIB] processing : 2020/10/04 04:35:16 Q=5
2026-01-08 19:38:20,964 - INFO - [GINSLIB] processing : 2020/10/04 04:35:17 Q=5
2026-01-08 19:38:20,964 - INFO - [GINSLIB] processing : 2020/10/04 04:35:18 Q=5
2026-01-08 19:38:20,965 - INFO - [GINSLIB] processing : 2020/10/04 04:35:19 Q=5
2026-01-08 19:38:20,965 - INFO - [GINSLIB] processing : 2020/10/04 04:35:20 Q=5
2026-01-08 19:38:20,965 - INFO - [GINSLIB] processing : 2020/10/04 04:35:21 Q=5
2026-01-08 19:38:20,965 - INFO - [GINSLIB] processing : 2020/10/04 04:35:22 Q=5
2026-01-08 19:38:20,965 - INFO - [GINSLIB] processing : 2020/10/04 04:35:23 Q=5
2026-01-08 19:38:20,965 - INFO - [GINSLIB] processing : 2020/10/04 04:35:24 Q=5
2026-01-08 19:38:20,966 - INFO - [GINSLIB] processing : 2020/10/04 04:35:25 Q=5
2026-01-08 19:38:20,966 - INFO - [GINSLIB] processing : 2020/10/04 04:35:26 Q=5
2026-01-08 19:38:20,966 - INFO - [GINSLIB] processing : 2020/10/04 04:35:27 Q=5
2026-01-08 19:38:20,966 - INFO - [GINSLIB] processing : 2020/10/04 04:35:28 Q=5
2026-01-08 19:38:20,966 - INFO - [GINSLIB] processing : 2020/10/04 04:35:29 Q=5
2026-01-08 19:38:20,966 - INFO - [GINSLIB] processing : 2020/10/04 04:35:30 Q=5
2026-01-08 19:38:20,966 - INFO - [GINSLIB] processing : 2020/10/04 04:35:31 Q=5
2026-01-08 19:38:20,966 - INFO - [GINSLIB] processing : 2020/10/04 04:35:32 Q=5
2026-01-08 19:38:20,966 - INFO - [GINSLIB] processing : 2020/10/04 04:35:33 Q=5
2026-01-08 19:38:20,966 - INFO - [GINSLIB] processing : 2020/10/04 04:35:34 Q=5
2026-01-08 19:38:20,967 - INFO - [GINSLIB] processing : 2020/10/04 04:35:35 Q=5
2026-01-08 19:38:20,967 - INFO - [GINSLIB] processing : 2020/10/04 04:35:36 Q=5
2026-01-08 19:38:20,967 - INFO - [GINSLIB] processing : 2020/10/04 04:35:37 Q=5
2026-01-08 19:38:20,967 - INFO - [GINSLIB] processing : 2020/10/04 04:35:38 Q=5
2026-01-08 19:38:20,967 - INFO - [GINSLIB] processing : 2020/10/04 04:35:39 Q=5
2026-01-08 19:38:20,967 - INFO - [GINSLIB] processing : 2020/10/04 04:35:40 Q=5
2026-01-08 19:38:20,967 - INFO - [GINSLIB] processing : 2020/10/04 04:35:41 Q=5
2026-01-08 19:38:20,967 - INFO - [GINSLIB] processing : 2020/10/04 04:35:42 Q=5
2026-01-08 19:38:20,967 - INFO - [GINSLIB] processing : 2020/10/04 04:35:43 Q=5
2026-01-08 19:38:20,967 - INFO - [GINSLIB] processing : 2020/10/04 04:35:44 Q=5
2026-01-08 19:38:20,968 - INFO - [GINSLIB] processing : 2020/10/04 04:35:45 Q=5
2026-01-08 19:38:20,968 - INFO - [GINSLIB] processing : 2020/10/04 04:35:46 Q=5
2026-01-08 19:38:20,968 - INFO - [GINSLIB] processing : 2020/10/04 04:35:47 Q=5
2026-01-08 19:38:20,968 - INFO - [GINSLIB] processing : 2020/10/04 04:35:48 Q=5
2026-01-08 19:38:20,968 - INFO - [GINSLIB] processing : 2020/10/04 04:35:49 Q=5
2026-01-08 19:38:20,968 - INFO - [GINSLIB] processing : 2020/10/04 04:35:50 Q=5
2026-01-08 19:38:20,968 - INFO - [GINSLIB] processing : 2020/10/04 04:35:51 Q=5
2026-01-08 19:38:20,968 - INFO - [GINSLIB] processing : 2020/10/04 04:35:52 Q=5
2026-01-08 19:38:20,968 - INFO - [GINSLIB] processing : 2020/10/04 04:35:53 Q=5
2026-01-08 19:38:20,968 - INFO - [GINSLIB] processing : 2020/10/04 04:35:54 Q=5
2026-01-08 19:38:20,968 - INFO - [GINSLIB] processing : 2020/10/04 04:35:55 Q=5
2026-01-08 19:38:20,969 - INFO - [GINSLIB] processing : 2020/10/04 04:35:56 Q=5
2026-01-08 19:38:20,969 - INFO - [GINSLIB] processing : 2020/10/04 04:35:57 Q=5
2026-01-08 19:38:20,969 - INFO - [GINSLIB] processing : 2020/10/04 04:35:58 Q=5
2026-01-08 19:38:20,969 - INFO - [GINSLIB] processing : 2020/10/04 04:35:59 Q=5
2026-01-08 19:38:20,969 - INFO - [GINSLIB] processing : 2020/10/04 04:36:00 Q=5
2026-01-08 19:38:20,969 - INFO - [GINSLIB] processing : 2020/10/04 04:36:01 Q=5
2026-01-08 19:38:20,969 - INFO - [GINSLIB] processing : 2020/10/04 04:36:02 Q=5
2026-01-08 19:38:20,969 - INFO - [GINSLIB] processing : 2020/10/04 04:36:03 Q=5
2026-01-08 19:38:20,969 - INFO - [GINSLIB] processing : 2020/10/04 04:36:04 Q=5
2026-01-08 19:38:20,969 - INFO - [GINSLIB] processing : 2020/10/04 04:36:05 Q=5
2026-01-08 19:38:20,969 - INFO - [GINSLIB] processing : 2020/10/04 04:36:06 Q=5
2026-01-08 19:38:20,970 - INFO - [GINSLIB] processing : 2020/10/04 04:36:07 Q=5
2026-01-08 19:38:20,970 - INFO - [GINSLIB] processing : 2020/10/04 04:36:08 Q=5
2026-01-08 19:38:20,970 - INFO - [GINSLIB] processing : 2020/10/04 04:36:09 Q=5
2026-01-08 19:38:20,970 - INFO - [GINSLIB] processing : 2020/10/04 04:36:10 Q=5
2026-01-08 19:38:20,970 - INFO - [GINSLIB] processing : 2020/10/04 04:36:11 Q=5
2026-01-08 19:38:20,970 - INFO - [GINSLIB] processing : 2020/10/04 04:36:12 Q=5
2026-01-08 19:38:20,970 - INFO - [GINSLIB] processing : 2020/10/04 04:36:13 Q=5
2026-01-08 19:38:20,970 - INFO - [GINSLIB] processing : 2020/10/04 04:36:14 Q=5
2026-01-08 19:38:20,970 - INFO - [GINSLIB] processing : 2020/10/04 04:36:15 Q=5
2026-01-08 19:38:20,970 - INFO - [GINSLIB] processing : 2020/10/04 04:36:16 Q=5
2026-01-08 19:38:20,970 - INFO - [GINSLIB] processing : 2020/10/04 04:36:17 Q=5
2026-01-08 19:38:20,971 - INFO - [GINSLIB] processing : 2020/10/04 04:36:18 Q=5
2026-01-08 19:38:20,971 - INFO - [GINSLIB] processing : 2020/10/04 04:36:19 Q=5
2026-01-08 19:38:20,971 - INFO - [GINSLIB] processing : 2020/10/04 04:36:20 Q=5
2026-01-08 19:38:20,971 - INFO - [GINSLIB] processing : 2020/10/04 04:36:21 Q=5
2026-01-08 19:38:20,971 - INFO - [GINSLIB] processing : 2020/10/04 04:36:22 Q=5
2026-01-08 19:38:20,971 - INFO - [GINSLIB] processing : 2020/10/04 04:36:23 Q=5
2026-01-08 19:38:20,971 - INFO - [GINSLIB] processing : 2020/10/04 04:36:24 Q=5
2026-01-08 19:38:20,971 - INFO - [GINSLIB] processing : 2020/10/04 04:36:25 Q=5
2026-01-08 19:38:20,971 - INFO - [GINSLIB] processing : 2020/10/04 04:36:26 Q=5
2026-01-08 19:38:20,971 - INFO - [GINSLIB] processing : 2020/10/04 04:36:27 Q=5
2026-01-08 19:38:20,972 - INFO - [GINSLIB] processing : 2020/10/04 04:36:28 Q=5
2026-01-08 19:38:20,972 - INFO - [GINSLIB] processing : 2020/10/04 04:36:29 Q=5
2026-01-08 19:38:20,972 - INFO - [GINSLIB] processing : 2020/10/04 04:36:30 Q=5
2026-01-08 19:38:20,972 - INFO - [GINSLIB] processing : 2020/10/04 04:36:31 Q=5
2026-01-08 19:38:20,972 - INFO - [GINSLIB] processing : 2020/10/04 04:36:32 Q=5
2026-01-08 19:38:20,973 - INFO - [GINSLIB] processing : 2020/10/04 04:36:33 Q=5
2026-01-08 19:38:20,973 - INFO - [GINSLIB] processing : 2020/10/04 04:36:34 Q=5
2026-01-08 19:38:20,973 - INFO - [GINSLIB] processing : 2020/10/04 04:36:35 Q=5
2026-01-08 19:38:20,973 - INFO - [GINSLIB] processing : 2020/10/04 04:36:36 Q=5
2026-01-08 19:38:20,973 - INFO - [GINSLIB] processing : 2020/10/04 04:36:37 Q=5
2026-01-08 19:38:20,974 - INFO - [GINSLIB] processing : 2020/10/04 04:36:38 Q=5
2026-01-08 19:38:20,974 - INFO - [GINSLIB] processing : 2020/10/04 04:36:39 Q=5
2026-01-08 19:38:20,974 - INFO - [GINSLIB] processing : 2020/10/04 04:36:40 Q=5
2026-01-08 19:38:20,974 - INFO - [GINSLIB] processing : 2020/10/04 04:36:41 Q=5
2026-01-08 19:38:20,974 - INFO - [GINSLIB] processing : 2020/10/04 04:36:42 Q=5
2026-01-08 19:38:20,974 - INFO - [GINSLIB] processing : 2020/10/04 04:36:43 Q=5
2026-01-08 19:38:20,975 - INFO - [GINSLIB] processing : 2020/10/04 04:36:44 Q=5
2026-01-08 19:38:20,975 - INFO - [GINSLIB] processing : 2020/10/04 04:36:45 Q=5
2026-01-08 19:38:20,975 - INFO - [GINSLIB] processing : 2020/10/04 04:36:46 Q=5
2026-01-08 19:38:21,258 - INFO - [GINSLIB] processing : 2020/10/04 04:36:47 Q=5
2026-01-08 19:38:21,258 - INFO - [GINSLIB] processing : 2020/10/04 04:36:48 Q=5
2026-01-08 19:38:21,258 - INFO - [GINSLIB] processing : 2020/10/04 04:36:49 Q=5
2026-01-08 19:38:21,258 - INFO - [GINSLIB] processing : 2020/10/04 04:36:50 Q=5
2026-01-08 19:38:21,258 - INFO - [GINSLIB] processing : 2020/10/04 04:36:51 Q=5
2026-01-08 19:38:21,259 - INFO - [GINSLIB] processing : 2020/10/04 04:36:52 Q=5
2026-01-08 19:38:21,259 - INFO - [GINSLIB] processing : 2020/10/04 04:36:53 Q=5
2026-01-08 19:38:21,259 - INFO - [GINSLIB] processing : 2020/10/04 04:36:54 Q=5
2026-01-08 19:38:21,259 - INFO - [GINSLIB] processing : 2020/10/04 04:36:55 Q=5
2026-01-08 19:38:21,259 - INFO - [GINSLIB] processing : 2020/10/04 04:36:56 Q=5
2026-01-08 19:38:21,260 - INFO - [GINSLIB] processing : 2020/10/04 04:36:57 Q=5
2026-01-08 19:38:21,260 - INFO - [GINSLIB] processing : 2020/10/04 04:36:58 Q=5
2026-01-08 19:38:21,260 - INFO - [GINSLIB] processing : 2020/10/04 04:36:59 Q=5
2026-01-08 19:38:21,260 - INFO - [GINSLIB] processing : 2020/10/04 04:37:00 Q=5
2026-01-08 19:38:21,261 - INFO - [GINSLIB] processing : 2020/10/04 04:37:01 Q=5
2026-01-08 19:38:21,261 - INFO - [GINSLIB] processing : 2020/10/04 04:37:02 Q=5
2026-01-08 19:38:21,261 - INFO - [GINSLIB] processing : 2020/10/04 04:37:03 Q=5
2026-01-08 19:38:21,261 - INFO - [GINSLIB] processing : 2020/10/04 04:37:04 Q=5
2026-01-08 19:38:21,262 - INFO - [GINSLIB] processing : 2020/10/04 04:37:05 Q=5
2026-01-08 19:38:21,262 - INFO - [GINSLIB] processing : 2020/10/04 04:37:06 Q=5
2026-01-08 19:38:21,262 - INFO - [GINSLIB] processing : 2020/10/04 04:37:07 Q=5
2026-01-08 19:38:21,262 - INFO - [GINSLIB] processing : 2020/10/04 04:37:08 Q=5
2026-01-08 19:38:21,262 - INFO - [GINSLIB] processing : 2020/10/04 04:37:09 Q=5
2026-01-08 19:38:21,263 - INFO - [GINSLIB] processing : 2020/10/04 04:37:10 Q=5
2026-01-08 19:38:21,263 - INFO - [GINSLIB] processing : 2020/10/04 04:37:11 Q=5
2026-01-08 19:38:21,263 - INFO - [GINSLIB] processing : 2020/10/04 04:37:12 Q=5
2026-01-08 19:38:21,263 - INFO - [GINSLIB] processing : 2020/10/04 04:37:13 Q=5
2026-01-08 19:38:21,264 - INFO - [GINSLIB] processing : 2020/10/04 04:37:14 Q=5
2026-01-08 19:38:21,264 - INFO - [GINSLIB] processing : 2020/10/04 04:37:15 Q=5
2026-01-08 19:38:21,264 - INFO - [GINSLIB] processing : 2020/10/04 04:37:16 Q=5
2026-01-08 19:38:21,264 - INFO - [GINSLIB] processing : 2020/10/04 04:37:17 Q=5
2026-01-08 19:38:21,264 - INFO - [GINSLIB] processing : 2020/10/04 04:37:18 Q=5
2026-01-08 19:38:21,265 - INFO - [GINSLIB] processing : 2020/10/04 04:37:19 Q=5
2026-01-08 19:38:21,265 - INFO - [GINSLIB] processing : 2020/10/04 04:37:20 Q=5
2026-01-08 19:38:21,265 - INFO - [GINSLIB] processing : 2020/10/04 04:37:21 Q=5
2026-01-08 19:38:21,265 - INFO - [GINSLIB] processing : 2020/10/04 04:37:22 Q=5
2026-01-08 19:38:21,265 - INFO - [GINSLIB] processing : 2020/10/04 04:37:23 Q=5
2026-01-08 19:38:21,266 - INFO - [GINSLIB] processing : 2020/10/04 04:37:24 Q=5
2026-01-08 19:38:21,266 - INFO - [GINSLIB] processing : 2020/10/04 04:37:25 Q=5
2026-01-08 19:38:21,266 - INFO - [GINSLIB] processing : 2020/10/04 04:37:26 Q=5
2026-01-08 19:38:21,266 - INFO - [GINSLIB] processing : 2020/10/04 04:37:27 Q=5
2026-01-08 19:38:21,266 - INFO - [GINSLIB] processing : 2020/10/04 04:37:28 Q=5
2026-01-08 19:38:21,266 - INFO - [GINSLIB] processing : 2020/10/04 04:37:29 Q=5
2026-01-08 19:38:21,267 - INFO - [GINSLIB] processing : 2020/10/04 04:37:30 Q=5
2026-01-08 19:38:21,267 - INFO - [GINSLIB] processing : 2020/10/04 04:37:31 Q=5
2026-01-08 19:38:21,267 - INFO - [GINSLIB] processing : 2020/10/04 04:37:32 Q=5
2026-01-08 19:38:21,267 - INFO - [GINSLIB] processing : 2020/10/04 04:37:33 Q=5
2026-01-08 19:38:21,267 - INFO - [GINSLIB] processing : 2020/10/04 04:37:34 Q=5
2026-01-08 19:38:21,267 - INFO - [GINSLIB] processing : 2020/10/04 04:37:35 Q=5
2026-01-08 19:38:21,267 - INFO - [GINSLIB] processing : 2020/10/04 04:37:36 Q=5
2026-01-08 19:38:21,267 - INFO - [GINSLIB] processing : 2020/10/04 04:37:37 Q=5
2026-01-08 19:38:21,267 - INFO - [GINSLIB] processing : 2020/10/04 04:37:38 Q=5
2026-01-08 19:38:21,268 - INFO - [GINSLIB] processing : 2020/10/04 04:37:39 Q=5
2026-01-08 19:38:21,268 - INFO - [GINSLIB] processing : 2020/10/04 04:37:40 Q=5
2026-01-08 19:38:21,268 - INFO - [GINSLIB] processing : 2020/10/04 04:37:41 Q=5
2026-01-08 19:38:21,268 - INFO - [GINSLIB] processing : 2020/10/04 04:37:42 Q=5
2026-01-08 19:38:21,268 - INFO - [GINSLIB] processing : 2020/10/04 04:37:43 Q=5
2026-01-08 19:38:21,268 - INFO - [GINSLIB] processing : 2020/10/04 04:37:44 Q=5
2026-01-08 19:38:21,268 - INFO - [GINSLIB] processing : 2020/10/04 04:37:45 Q=5
2026-01-08 19:38:21,268 - INFO - [GINSLIB] processing : 2020/10/04 04:37:46 Q=5
2026-01-08 19:38:21,268 - INFO - [GINSLIB] processing : 2020/10/04 04:37:47 Q=5
2026-01-08 19:38:21,268 - INFO - [GINSLIB] processing : 2020/10/04 04:37:48 Q=5
2026-01-08 19:38:21,269 - INFO - [GINSLIB] processing : 2020/10/04 04:37:49 Q=5
2026-01-08 19:38:21,269 - INFO - [GINSLIB] processing : 2020/10/04 04:37:50 Q=5
2026-01-08 19:38:21,269 - INFO - [GINSLIB] processing : 2020/10/04 04:37:51 Q=5
2026-01-08 19:38:21,269 - INFO - [GINSLIB] processing : 2020/10/04 04:37:52 Q=5
2026-01-08 19:38:21,269 - INFO - [GINSLIB] processing : 2020/10/04 04:37:53 Q=5
2026-01-08 19:38:21,269 - INFO - [GINSLIB] processing : 2020/10/04 04:37:54 Q=5
2026-01-08 19:38:21,269 - INFO - [GINSLIB] processing : 2020/10/04 04:37:55 Q=5
2026-01-08 19:38:21,269 - INFO - [GINSLIB] processing : 2020/10/04 04:37:56 Q=5
2026-01-08 19:38:21,269 - INFO - [GINSLIB] processing : 2020/10/04 04:37:57 Q=5
2026-01-08 19:38:21,269 - INFO - [GINSLIB] processing : 2020/10/04 04:37:58 Q=5
2026-01-08 19:38:21,270 - INFO - [GINSLIB] processing : 2020/10/04 04:37:59 Q=5
2026-01-08 19:38:21,270 - INFO - [GINSLIB] processing : 2020/10/04 04:38:00 Q=5
2026-01-08 19:38:21,270 - INFO - [GINSLIB] processing : 2020/10/04 04:38:01 Q=5
2026-01-08 19:38:21,270 - INFO - [GINSLIB] processing : 2020/10/04 04:38:02 Q=5
2026-01-08 19:38:21,270 - INFO - [GINSLIB] processing : 2020/10/04 04:38:03 Q=5
2026-01-08 19:38:21,270 - INFO - [GINSLIB] processing : 2020/10/04 04:38:04 Q=5
2026-01-08 19:38:21,270 - INFO - [GINSLIB] processing : 2020/10/04 04:38:05 Q=5
2026-01-08 19:38:21,270 - INFO - [GINSLIB] processing : 2020/10/04 04:38:06 Q=5
2026-01-08 19:38:21,270 - INFO - [GINSLIB] processing : 2020/10/04 04:38:07 Q=5
2026-01-08 19:38:21,270 - INFO - [GINSLIB] processing : 2020/10/04 04:38:08 Q=5
2026-01-08 19:38:21,270 - INFO - [GINSLIB] processing : 2020/10/04 04:38:09 Q=5
2026-01-08 19:38:21,271 - INFO - [GINSLIB] processing : 2020/10/04 04:38:10 Q=5
2026-01-08 19:38:21,271 - INFO - [GINSLIB] processing : 2020/10/04 04:38:11 Q=5
2026-01-08 19:38:21,271 - INFO - [GINSLIB] processing : 2020/10/04 04:38:12 Q=5
2026-01-08 19:38:21,271 - INFO - [GINSLIB] processing : 2020/10/04 04:38:13 Q=5
2026-01-08 19:38:21,271 - INFO - [GINSLIB] processing : 2020/10/04 04:38:14 Q=5
2026-01-08 19:38:21,271 - INFO - [GINSLIB] processing : 2020/10/04 04:38:15 Q=5
2026-01-08 19:38:21,271 - INFO - [GINSLIB] processing : 2020/10/04 04:38:16 Q=5
2026-01-08 19:38:21,271 - INFO - [GINSLIB] processing : 2020/10/04 04:38:17 Q=5
2026-01-08 19:38:21,271 - INFO - [GINSLIB] processing : 2020/10/04 04:38:18 Q=5
2026-01-08 19:38:21,271 - INFO - [GINSLIB] processing : 2020/10/04 04:38:19 Q=5
2026-01-08 19:38:21,271 - INFO - [GINSLIB] processing : 2020/10/04 04:38:20 Q=5
2026-01-08 19:38:21,272 - INFO - [GINSLIB] processing : 2020/10/04 04:38:21 Q=5
2026-01-08 19:38:21,272 - INFO - [GINSLIB] processing : 2020/10/04 04:38:22 Q=5
2026-01-08 19:38:21,272 - INFO - [GINSLIB] processing : 2020/10/04 04:38:23 Q=5
2026-01-08 19:38:21,272 - INFO - [GINSLIB] processing : 2020/10/04 04:38:24 Q=5
2026-01-08 19:38:21,272 - INFO - [GINSLIB] processing : 2020/10/04 04:38:25 Q=5
2026-01-08 19:38:21,272 - INFO - [GINSLIB] processing : 2020/10/04 04:38:26 Q=5
2026-01-08 19:38:21,272 - INFO - [GINSLIB] processing : 2020/10/04 04:38:27 Q=5
2026-01-08 19:38:21,272 - INFO - [GINSLIB] processing : 2020/10/04 04:38:28 Q=5
2026-01-08 19:38:21,272 - INFO - [GINSLIB] processing : 2020/10/04 04:38:29 Q=5
2026-01-08 19:38:21,272 - INFO - [GINSLIB] processing : 2020/10/04 04:38:30 Q=5
2026-01-08 19:38:21,272 - INFO - [GINSLIB] processing : 2020/10/04 04:38:31 Q=5
2026-01-08 19:38:21,273 - INFO - [GINSLIB] processing : 2020/10/04 04:38:32 Q=5
2026-01-08 19:38:21,273 - INFO - [GINSLIB] processing : 2020/10/04 04:38:33 Q=5
2026-01-08 19:38:21,273 - INFO - [GINSLIB] processing : 2020/10/04 04:38:34 Q=5
2026-01-08 19:38:21,273 - INFO - [GINSLIB] processing : 2020/10/04 04:38:35 Q=5
2026-01-08 19:38:21,273 - INFO - [GINSLIB] processing : 2020/10/04 04:38:36 Q=5
2026-01-08 19:38:21,575 - INFO - [GINSLIB] processing : 2020/10/04 04:38:37 Q=5
2026-01-08 19:38:21,575 - INFO - [GINSLIB] processing : 2020/10/04 04:38:38 Q=5
2026-01-08 19:38:21,575 - INFO - [GINSLIB] processing : 2020/10/04 04:38:39 Q=5
2026-01-08 19:38:21,575 - INFO - [GINSLIB] processing : 2020/10/04 04:38:40 Q=5
2026-01-08 19:38:21,575 - INFO - [GINSLIB] processing : 2020/10/04 04:38:41 Q=5
2026-01-08 19:38:21,576 - INFO - [GINSLIB] processing : 2020/10/04 04:38:42 Q=5
2026-01-08 19:38:21,576 - INFO - [GINSLIB] processing : 2020/10/04 04:38:43 Q=5
2026-01-08 19:38:21,576 - INFO - [GINSLIB] processing : 2020/10/04 04:38:44 Q=5
2026-01-08 19:38:21,576 - INFO - [GINSLIB] processing : 2020/10/04 04:38:45 Q=5
2026-01-08 19:38:21,576 - INFO - [GINSLIB] processing : 2020/10/04 04:38:46 Q=5
2026-01-08 19:38:21,576 - INFO - [GINSLIB] processing : 2020/10/04 04:38:47 Q=5
2026-01-08 19:38:21,577 - INFO - [GINSLIB] processing : 2020/10/04 04:38:48 Q=5
2026-01-08 19:38:21,577 - INFO - [GINSLIB] processing : 2020/10/04 04:38:49 Q=5
2026-01-08 19:38:21,577 - INFO - [GINSLIB] processing : 2020/10/04 04:38:50 Q=5
2026-01-08 19:38:21,577 - INFO - [GINSLIB] processing : 2020/10/04 04:38:51 Q=5
2026-01-08 19:38:21,577 - INFO - [GINSLIB] processing : 2020/10/04 04:38:52 Q=5
2026-01-08 19:38:21,577 - INFO - [GINSLIB] processing : 2020/10/04 04:38:53 Q=5
2026-01-08 19:38:21,577 - INFO - [GINSLIB] processing : 2020/10/04 04:38:54 Q=5
2026-01-08 19:38:21,578 - INFO - [GINSLIB] processing : 2020/10/04 04:38:55 Q=5
2026-01-08 19:38:21,578 - INFO - [GINSLIB] processing : 2020/10/04 04:38:56 Q=5
2026-01-08 19:38:21,578 - INFO - [GINSLIB] processing : 2020/10/04 04:38:57 Q=5
2026-01-08 19:38:21,578 - INFO - [GINSLIB] processing : 2020/10/04 04:38:58 Q=5
2026-01-08 19:38:21,578 - INFO - [GINSLIB] processing : 2020/10/04 04:38:59 Q=5
2026-01-08 19:38:21,578 - INFO - [GINSLIB] processing : 2020/10/04 04:39:00 Q=5
2026-01-08 19:38:21,578 - INFO - [GINSLIB] processing : 2020/10/04 04:39:01 Q=5
2026-01-08 19:38:21,579 - INFO - [GINSLIB] processing : 2020/10/04 04:39:02 Q=5
2026-01-08 19:38:21,579 - INFO - [GINSLIB] processing : 2020/10/04 04:39:03 Q=5
2026-01-08 19:38:21,579 - INFO - [GINSLIB] processing : 2020/10/04 04:39:04 Q=5
2026-01-08 19:38:21,579 - INFO - [GINSLIB] processing : 2020/10/04 04:39:05 Q=5
2026-01-08 19:38:21,579 - INFO - [GINSLIB] processing : 2020/10/04 04:39:06 Q=5
2026-01-08 19:38:21,579 - INFO - [GINSLIB] processing : 2020/10/04 04:39:07 Q=5
2026-01-08 19:38:21,580 - INFO - [GINSLIB] processing : 2020/10/04 04:39:08 Q=5
2026-01-08 19:38:21,580 - INFO - [GINSLIB] processing : 2020/10/04 04:39:09 Q=5
2026-01-08 19:38:21,580 - INFO - [GINSLIB] processing : 2020/10/04 04:39:10 Q=5
2026-01-08 19:38:21,580 - INFO - [GINSLIB] processing : 2020/10/04 04:39:11 Q=5
2026-01-08 19:38:21,581 - INFO - [GINSLIB] processing : 2020/10/04 04:39:12 Q=5
2026-01-08 19:38:21,581 - INFO - [GINSLIB] processing : 2020/10/04 04:39:13 Q=5
2026-01-08 19:38:21,581 - INFO - [GINSLIB] processing : 2020/10/04 04:39:14 Q=5
2026-01-08 19:38:21,581 - INFO - [GINSLIB] processing : 2020/10/04 04:39:15 Q=5
2026-01-08 19:38:21,581 - INFO - [GINSLIB] processing : 2020/10/04 04:39:16 Q=5
2026-01-08 19:38:21,581 - INFO - [GINSLIB] processing : 2020/10/04 04:39:17 Q=5
2026-01-08 19:38:21,582 - INFO - [GINSLIB] processing : 2020/10/04 04:39:18 Q=5
2026-01-08 19:38:21,582 - INFO - [GINSLIB] processing : 2020/10/04 04:39:19 Q=5
2026-01-08 19:38:21,582 - INFO - [GINSLIB] processing : 2020/10/04 04:39:20 Q=5
2026-01-08 19:38:21,582 - INFO - [GINSLIB] processing : 2020/10/04 04:39:21 Q=5
2026-01-08 19:38:21,582 - INFO - [GINSLIB] processing : 2020/10/04 04:39:22 Q=5
2026-01-08 19:38:21,582 - INFO - [GINSLIB] processing : 2020/10/04 04:39:23 Q=5
2026-01-08 19:38:21,582 - INFO - [GINSLIB] processing : 2020/10/04 04:39:24 Q=5
2026-01-08 19:38:21,582 - INFO - [GINSLIB] processing : 2020/10/04 04:39:25 Q=5
2026-01-08 19:38:21,583 - INFO - [GINSLIB] processing : 2020/10/04 04:39:26 Q=5
2026-01-08 19:38:21,583 - INFO - [GINSLIB] processing : 2020/10/04 04:39:27 Q=5
2026-01-08 19:38:21,583 - INFO - [GINSLIB] processing : 2020/10/04 04:39:28 Q=5
2026-01-08 19:38:21,583 - INFO - [GINSLIB] processing : 2020/10/04 04:39:29 Q=5
2026-01-08 19:38:21,583 - INFO - [GINSLIB] processing : 2020/10/04 04:39:30 Q=5
2026-01-08 19:38:21,583 - INFO - [GINSLIB] processing : 2020/10/04 04:39:31 Q=5
2026-01-08 19:38:21,583 - INFO - [GINSLIB] processing : 2020/10/04 04:39:32 Q=5
2026-01-08 19:38:21,583 - INFO - [GINSLIB] processing : 2020/10/04 04:39:33 Q=5
2026-01-08 19:38:21,583 - INFO - [GINSLIB] processing : 2020/10/04 04:39:34 Q=5
2026-01-08 19:38:21,583 - INFO - [GINSLIB] processing : 2020/10/04 04:39:35 Q=5
2026-01-08 19:38:21,584 - INFO - [GINSLIB] processing : 2020/10/04 04:39:36 Q=5
2026-01-08 19:38:21,584 - INFO - [GINSLIB] processing : 2020/10/04 04:39:37 Q=5
2026-01-08 19:38:21,584 - INFO - [GINSLIB] processing : 2020/10/04 04:39:38 Q=5
2026-01-08 19:38:21,584 - INFO - [GINSLIB] processing : 2020/10/04 04:39:39 Q=5
2026-01-08 19:38:21,584 - INFO - [GINSLIB] processing : 2020/10/04 04:39:40 Q=5
2026-01-08 19:38:21,584 - INFO - [GINSLIB] processing : 2020/10/04 04:39:41 Q=5
2026-01-08 19:38:21,584 - INFO - [GINSLIB] processing : 2020/10/04 04:39:42 Q=5
2026-01-08 19:38:21,584 - INFO - [GINSLIB] processing : 2020/10/04 04:39:43 Q=5
2026-01-08 19:38:21,584 - INFO - [GINSLIB] processing : 2020/10/04 04:39:44 Q=5
2026-01-08 19:38:21,584 - INFO - [GINSLIB] processing : 2020/10/04 04:39:45 Q=5
2026-01-08 19:38:21,585 - INFO - [GINSLIB] processing : 2020/10/04 04:39:46 Q=5
2026-01-08 19:38:21,585 - INFO - [GINSLIB] processing : 2020/10/04 04:39:47 Q=5
2026-01-08 19:38:21,585 - INFO - [GINSLIB] processing : 2020/10/04 04:39:48 Q=5
2026-01-08 19:38:21,585 - INFO - [GINSLIB] processing : 2020/10/04 04:39:49 Q=5
2026-01-08 19:38:21,585 - INFO - [GINSLIB] processing : 2020/10/04 04:39:50 Q=5
2026-01-08 19:38:21,585 - INFO - [GINSLIB] processing : 2020/10/04 04:39:51 Q=5
2026-01-08 19:38:21,585 - INFO - [GINSLIB] processing : 2020/10/04 04:39:52 Q=5
2026-01-08 19:38:21,585 - INFO - [GINSLIB] processing : 2020/10/04 04:39:53 Q=5
2026-01-08 19:38:21,585 - INFO - [GINSLIB] processing : 2020/10/04 04:39:54 Q=5
2026-01-08 19:38:21,585 - INFO - [GINSLIB] processing : 2020/10/04 04:39:55 Q=5
2026-01-08 19:38:21,585 - INFO - [GINSLIB] processing : 2020/10/04 04:39:56 Q=5
2026-01-08 19:38:21,586 - INFO - [GINSLIB] processing : 2020/10/04 04:39:57 Q=5
2026-01-08 19:38:21,586 - INFO - [GINSLIB] processing : 2020/10/04 04:39:58 Q=5
2026-01-08 19:38:21,586 - INFO - [GINSLIB] processing : 2020/10/04 04:39:59 Q=5
2026-01-08 19:38:21,586 - INFO - [GINSLIB] processing : 2020/10/04 04:40:00 Q=5
2026-01-08 19:38:21,586 - INFO - [GINSLIB] processing : 2020/10/04 04:40:01 Q=5
2026-01-08 19:38:21,586 - INFO - [GINSLIB] processing : 2020/10/04 04:40:02 Q=5
2026-01-08 19:38:21,586 - INFO - [GINSLIB] processing : 2020/10/04 04:40:03 Q=5
2026-01-08 19:38:21,586 - INFO - [GINSLIB] processing : 2020/10/04 04:40:04 Q=5
2026-01-08 19:38:21,586 - INFO - [GINSLIB] processing : 2020/10/04 04:40:05 Q=5
2026-01-08 19:38:21,586 - INFO - [GINSLIB] processing : 2020/10/04 04:40:06 Q=5
2026-01-08 19:38:21,586 - INFO - [GINSLIB] processing : 2020/10/04 04:40:07 Q=5
2026-01-08 19:38:21,587 - INFO - [GINSLIB] processing : 2020/10/04 04:40:08 Q=5
2026-01-08 19:38:21,587 - INFO - [GINSLIB] processing : 2020/10/04 04:40:09 Q=5
2026-01-08 19:38:21,587 - INFO - [GINSLIB] processing : 2020/10/04 04:40:10 Q=5
2026-01-08 19:38:21,587 - INFO - [GINSLIB] processing : 2020/10/04 04:40:11 Q=5
2026-01-08 19:38:21,587 - INFO - [GINSLIB] processing : 2020/10/04 04:40:12 Q=5
2026-01-08 19:38:21,587 - INFO - [GINSLIB] processing : 2020/10/04 04:40:13 Q=5
2026-01-08 19:38:21,587 - INFO - [GINSLIB] processing : 2020/10/04 04:40:14 Q=5
2026-01-08 19:38:21,587 - INFO - [GINSLIB] processing : 2020/10/04 04:40:15 Q=5
2026-01-08 19:38:21,587 - INFO - [GINSLIB] processing : 2020/10/04 04:40:16 Q=5
2026-01-08 19:38:21,587 - INFO - [GINSLIB] processing : 2020/10/04 04:40:17 Q=5
2026-01-08 19:38:21,588 - INFO - [GINSLIB] processing : 2020/10/04 04:40:18 Q=5
2026-01-08 19:38:21,588 - INFO - [GINSLIB] processing : 2020/10/04 04:40:19 Q=5
2026-01-08 19:38:21,588 - INFO - [GINSLIB] processing : 2020/10/04 04:40:20 Q=5
2026-01-08 19:38:21,588 - INFO - [GINSLIB] processing : 2020/10/04 04:40:21 Q=5
2026-01-08 19:38:21,588 - INFO - [GINSLIB] processing : 2020/10/04 04:40:22 Q=5
2026-01-08 19:38:21,588 - INFO - [GINSLIB] processing : 2020/10/04 04:40:23 Q=5
2026-01-08 19:38:21,589 - INFO - [GINSLIB] processing : 2020/10/04 04:40:24 Q=5
2026-01-08 19:38:21,589 - INFO - [GINSLIB] processing : 2020/10/04 04:40:25 Q=0
2026-01-08 19:38:21,589 - INFO - [GINSLIB] processing : 2020/10/04 04:40:26 Q=5
2026-01-08 19:38:21,589 - INFO - [GINSLIB] processing : 2020/10/04 04:40:27 Q=5
2026-01-08 19:38:21,870 - INFO - [GINSLIB] processing : 2020/10/04 04:40:28 Q=5
2026-01-08 19:38:21,870 - INFO - [GINSLIB] processing : 2020/10/04 04:40:29 Q=5
2026-01-08 19:38:21,871 - INFO - [GINSLIB] processing : 2020/10/04 04:40:30 Q=5
2026-01-08 19:38:21,871 - INFO - [GINSLIB] processing : 2020/10/04 04:40:31 Q=5
2026-01-08 19:38:21,871 - INFO - [GINSLIB] processing : 2020/10/04 04:40:32 Q=5
2026-01-08 19:38:21,871 - INFO - [GINSLIB] processing : 2020/10/04 04:40:33 Q=5
2026-01-08 19:38:21,872 - INFO - [GINSLIB] processing : 2020/10/04 04:40:34 Q=5
2026-01-08 19:38:21,872 - INFO - [GINSLIB] processing : 2020/10/04 04:40:35 Q=5
2026-01-08 19:38:21,872 - INFO - [GINSLIB] processing : 2020/10/04 04:40:36 Q=5
2026-01-08 19:38:21,872 - INFO - [GINSLIB] processing : 2020/10/04 04:40:37 Q=5
2026-01-08 19:38:21,873 - INFO - [GINSLIB] processing : 2020/10/04 04:40:38 Q=5
2026-01-08 19:38:21,873 - INFO - [GINSLIB] processing : 2020/10/04 04:40:39 Q=5
2026-01-08 19:38:21,873 - INFO - [GINSLIB] processing : 2020/10/04 04:40:40 Q=5
2026-01-08 19:38:21,874 - INFO - [GINSLIB] processing : 2020/10/04 04:40:41 Q=5
2026-01-08 19:38:21,874 - INFO - [GINSLIB] processing : 2020/10/04 04:40:42 Q=5
2026-01-08 19:38:21,874 - INFO - [GINSLIB] processing : 2020/10/04 04:40:43 Q=5
2026-01-08 19:38:21,874 - INFO - [GINSLIB] processing : 2020/10/04 04:40:44 Q=5
2026-01-08 19:38:21,875 - INFO - [GINSLIB] processing : 2020/10/04 04:40:45 Q=5
2026-01-08 19:38:21,875 - INFO - [GINSLIB] processing : 2020/10/04 04:40:46 Q=5
2026-01-08 19:38:21,875 - INFO - [GINSLIB] processing : 2020/10/04 04:40:47 Q=5
2026-01-08 19:38:21,875 - INFO - [GINSLIB] processing : 2020/10/04 04:40:48 Q=5
2026-01-08 19:38:21,875 - INFO - [GINSLIB] processing : 2020/10/04 04:40:49 Q=5
2026-01-08 19:38:21,876 - INFO - [GINSLIB] processing : 2020/10/04 04:40:50 Q=5
2026-01-08 19:38:21,876 - INFO - [GINSLIB] processing : 2020/10/04 04:40:51 Q=5
2026-01-08 19:38:21,876 - INFO - [GINSLIB] processing : 2020/10/04 04:40:52 Q=5
2026-01-08 19:38:21,876 - INFO - [GINSLIB] processing : 2020/10/04 04:40:53 Q=5
2026-01-08 19:38:21,876 - INFO - [GINSLIB] processing : 2020/10/04 04:40:54 Q=5
2026-01-08 19:38:21,876 - INFO - [GINSLIB] processing : 2020/10/04 04:40:55 Q=5
2026-01-08 19:38:21,876 - INFO - [GINSLIB] processing : 2020/10/04 04:40:56 Q=5
2026-01-08 19:38:21,877 - INFO - [GINSLIB] processing : 2020/10/04 04:40:57 Q=5
2026-01-08 19:38:21,877 - INFO - [GINSLIB] processing : 2020/10/04 04:40:58 Q=5
2026-01-08 19:38:21,877 - INFO - [GINSLIB] processing : 2020/10/04 04:40:59 Q=5
2026-01-08 19:38:21,877 - INFO - [GINSLIB] processing : 2020/10/04 04:41:00 Q=5
2026-01-08 19:38:21,877 - INFO - [GINSLIB] processing : 2020/10/04 04:41:01 Q=5
2026-01-08 19:38:21,877 - INFO - [GINSLIB] processing : 2020/10/04 04:41:02 Q=5
2026-01-08 19:38:21,877 - INFO - [GINSLIB] processing : 2020/10/04 04:41:03 Q=5
2026-01-08 19:38:21,878 - INFO - [GINSLIB] processing : 2020/10/04 04:41:04 Q=5
2026-01-08 19:38:21,878 - INFO - [GINSLIB] processing : 2020/10/04 04:41:05 Q=5
2026-01-08 19:38:21,878 - INFO - [GINSLIB] processing : 2020/10/04 04:41:06 Q=5
2026-01-08 19:38:21,878 - INFO - [GINSLIB] processing : 2020/10/04 04:41:07 Q=5
2026-01-08 19:38:21,878 - INFO - [GINSLIB] processing : 2020/10/04 04:41:08 Q=5
2026-01-08 19:38:21,878 - INFO - [GINSLIB] processing : 2020/10/04 04:41:09 Q=5
2026-01-08 19:38:21,878 - INFO - [GINSLIB] processing : 2020/10/04 04:41:10 Q=5
2026-01-08 19:38:21,878 - INFO - [GINSLIB] processing : 2020/10/04 04:41:11 Q=5
2026-01-08 19:38:21,878 - INFO - [GINSLIB] processing : 2020/10/04 04:41:12 Q=5
2026-01-08 19:38:21,879 - INFO - [GINSLIB] processing : 2020/10/04 04:41:13 Q=5
2026-01-08 19:38:21,879 - INFO - [GINSLIB] processing : 2020/10/04 04:41:14 Q=5
2026-01-08 19:38:21,879 - INFO - [GINSLIB] processing : 2020/10/04 04:41:15 Q=5
2026-01-08 19:38:21,879 - INFO - [GINSLIB] processing : 2020/10/04 04:41:16 Q=5
2026-01-08 19:38:21,879 - INFO - [GINSLIB] processing : 2020/10/04 04:41:17 Q=5
2026-01-08 19:38:21,879 - INFO - [GINSLIB] processing : 2020/10/04 04:41:18 Q=5
2026-01-08 19:38:21,879 - INFO - [GINSLIB] processing : 2020/10/04 04:41:19 Q=5
2026-01-08 19:38:21,879 - INFO - [GINSLIB] processing : 2020/10/04 04:41:20 Q=5
2026-01-08 19:38:21,879 - INFO - [GINSLIB] processing : 2020/10/04 04:41:21 Q=5
2026-01-08 19:38:21,879 - INFO - [GINSLIB] processing : 2020/10/04 04:41:22 Q=5
2026-01-08 19:38:21,879 - INFO - [GINSLIB] processing : 2020/10/04 04:41:23 Q=5
2026-01-08 19:38:21,880 - INFO - [GINSLIB] processing : 2020/10/04 04:41:24 Q=5
2026-01-08 19:38:21,880 - INFO - [GINSLIB] processing : 2020/10/04 04:41:25 Q=5
2026-01-08 19:38:21,880 - INFO - [GINSLIB] processing : 2020/10/04 04:41:26 Q=5
2026-01-08 19:38:21,880 - INFO - [GINSLIB] processing : 2020/10/04 04:41:27 Q=5
2026-01-08 19:38:21,880 - INFO - [GINSLIB] processing : 2020/10/04 04:41:28 Q=5
2026-01-08 19:38:21,880 - INFO - [GINSLIB] processing : 2020/10/04 04:41:29 Q=5
2026-01-08 19:38:21,880 - INFO - [GINSLIB] processing : 2020/10/04 04:41:30 Q=5
2026-01-08 19:38:21,880 - INFO - [GINSLIB] processing : 2020/10/04 04:41:31 Q=5
2026-01-08 19:38:21,880 - INFO - [GINSLIB] processing : 2020/10/04 04:41:32 Q=5
2026-01-08 19:38:21,880 - INFO - [GINSLIB] processing : 2020/10/04 04:41:33 Q=5
2026-01-08 19:38:21,881 - INFO - [GINSLIB] processing : 2020/10/04 04:41:34 Q=5
2026-01-08 19:38:21,881 - INFO - [GINSLIB] processing : 2020/10/04 04:41:35 Q=5
2026-01-08 19:38:21,881 - INFO - [GINSLIB] processing : 2020/10/04 04:41:36 Q=5
2026-01-08 19:38:21,881 - INFO - [GINSLIB] processing : 2020/10/04 04:41:37 Q=5
2026-01-08 19:38:21,881 - INFO - [GINSLIB] processing : 2020/10/04 04:41:38 Q=5
2026-01-08 19:38:21,881 - INFO - [GINSLIB] processing : 2020/10/04 04:41:39 Q=5
2026-01-08 19:38:21,881 - INFO - [GINSLIB] processing : 2020/10/04 04:41:40 Q=5
2026-01-08 19:38:21,881 - INFO - [GINSLIB] processing : 2020/10/04 04:41:41 Q=5
2026-01-08 19:38:21,881 - INFO - [GINSLIB] processing : 2020/10/04 04:41:42 Q=5
2026-01-08 19:38:21,881 - INFO - [GINSLIB] processing : 2020/10/04 04:41:43 Q=5
2026-01-08 19:38:21,881 - INFO - [GINSLIB] processing : 2020/10/04 04:41:44 Q=5
2026-01-08 19:38:21,882 - INFO - [GINSLIB] processing : 2020/10/04 04:41:45 Q=5
2026-01-08 19:38:21,882 - INFO - [GINSLIB] processing : 2020/10/04 04:41:46 Q=5
2026-01-08 19:38:21,882 - INFO - [GINSLIB] processing : 2020/10/04 04:41:47 Q=5
2026-01-08 19:38:21,882 - INFO - [GINSLIB] processing : 2020/10/04 04:41:48 Q=5
2026-01-08 19:38:21,882 - INFO - [GINSLIB] processing : 2020/10/04 04:41:49 Q=5
2026-01-08 19:38:21,882 - INFO - [GINSLIB] processing : 2020/10/04 04:41:50 Q=5
2026-01-08 19:38:21,882 - INFO - [GINSLIB] processing : 2020/10/04 04:41:51 Q=5
2026-01-08 19:38:21,882 - INFO - [GINSLIB] processing : 2020/10/04 04:41:52 Q=5
2026-01-08 19:38:21,882 - INFO - [GINSLIB] processing : 2020/10/04 04:41:53 Q=5
2026-01-08 19:38:21,882 - INFO - [GINSLIB] processing : 2020/10/04 04:41:54 Q=5
2026-01-08 19:38:21,883 - INFO - [GINSLIB] processing : 2020/10/04 04:41:55 Q=5
2026-01-08 19:38:21,883 - INFO - [GINSLIB] processing : 2020/10/04 04:41:56 Q=5
2026-01-08 19:38:21,883 - INFO - [GINSLIB] processing : 2020/10/04 04:41:57 Q=5
2026-01-08 19:38:21,883 - INFO - [GINSLIB] processing : 2020/10/04 04:41:58 Q=5
2026-01-08 19:38:21,883 - INFO - [GINSLIB] processing : 2020/10/04 04:41:59 Q=5
2026-01-08 19:38:21,883 - INFO - [GINSLIB] processing : 2020/10/04 04:42:00 Q=5
2026-01-08 19:38:21,883 - INFO - [GINSLIB] processing : 2020/10/04 04:42:01 Q=5
2026-01-08 19:38:21,883 - INFO - [GINSLIB] processing : 2020/10/04 04:42:02 Q=5
2026-01-08 19:38:21,883 - INFO - [GINSLIB] processing : 2020/10/04 04:42:03 Q=5
2026-01-08 19:38:21,883 - INFO - [GINSLIB] processing : 2020/10/04 04:42:04 Q=5
2026-01-08 19:38:21,883 - INFO - [GINSLIB] processing : 2020/10/04 04:42:05 Q=5
2026-01-08 19:38:21,884 - INFO - [GINSLIB] processing : 2020/10/04 04:42:06 Q=5
2026-01-08 19:38:21,884 - INFO - [GINSLIB] processing : 2020/10/04 04:42:07 Q=5
2026-01-08 19:38:21,884 - INFO - [GINSLIB] processing : 2020/10/04 04:42:08 Q=5
2026-01-08 19:38:21,884 - INFO - [GINSLIB] processing : 2020/10/04 04:42:09 Q=5
2026-01-08 19:38:21,884 - INFO - [GINSLIB] processing : 2020/10/04 04:42:10 Q=5
2026-01-08 19:38:21,884 - INFO - [GINSLIB] processing : 2020/10/04 04:42:11 Q=5
2026-01-08 19:38:21,884 - INFO - [GINSLIB] processing : 2020/10/04 04:42:12 Q=5
2026-01-08 19:38:21,884 - INFO - [GINSLIB] processing : 2020/10/04 04:42:13 Q=5
2026-01-08 19:38:21,885 - INFO - [GINSLIB] processing : 2020/10/04 04:42:14 Q=5
2026-01-08 19:38:21,885 - INFO - [GINSLIB] processing : 2020/10/04 04:42:15 Q=5
2026-01-08 19:38:21,885 - INFO - [GINSLIB] processing : 2020/10/04 04:42:16 Q=5
2026-01-08 19:38:21,885 - INFO - [GINSLIB] processing : 2020/10/04 04:42:17 Q=5
2026-01-08 19:38:21,885 - INFO - [GINSLIB] processing : 2020/10/04 04:42:18 Q=5
2026-01-08 19:38:22,169 - INFO - [GINSLIB] processing : 2020/10/04 04:42:19 Q=5
2026-01-08 19:38:22,169 - INFO - [GINSLIB] processing : 2020/10/04 04:42:20 Q=5
2026-01-08 19:38:22,169 - INFO - [GINSLIB] processing : 2020/10/04 04:42:21 Q=5
2026-01-08 19:38:22,169 - INFO - [GINSLIB] processing : 2020/10/04 04:42:22 Q=5
2026-01-08 19:38:22,169 - INFO - [GINSLIB] processing : 2020/10/04 04:42:23 Q=5
2026-01-08 19:38:22,170 - INFO - [GINSLIB] processing : 2020/10/04 04:42:24 Q=5
2026-01-08 19:38:22,170 - INFO - [GINSLIB] processing : 2020/10/04 04:42:25 Q=5
2026-01-08 19:38:22,170 - INFO - [GINSLIB] processing : 2020/10/04 04:42:26 Q=5
2026-01-08 19:38:22,170 - INFO - [GINSLIB] processing : 2020/10/04 04:42:27 Q=5
2026-01-08 19:38:22,170 - INFO - [GINSLIB] processing : 2020/10/04 04:42:28 Q=5
2026-01-08 19:38:22,170 - INFO - [GINSLIB] processing : 2020/10/04 04:42:29 Q=5
2026-01-08 19:38:22,171 - INFO - [GINSLIB] processing : 2020/10/04 04:42:30 Q=5
2026-01-08 19:38:22,171 - INFO - [GINSLIB] processing : 2020/10/04 04:42:31 Q=5
2026-01-08 19:38:22,171 - INFO - [GINSLIB] processing : 2020/10/04 04:42:32 Q=5
2026-01-08 19:38:22,171 - INFO - [GINSLIB] processing : 2020/10/04 04:42:33 Q=5
2026-01-08 19:38:22,171 - INFO - [GINSLIB] processing : 2020/10/04 04:42:34 Q=5
2026-01-08 19:38:22,171 - INFO - [GINSLIB] processing : 2020/10/04 04:42:35 Q=5
2026-01-08 19:38:22,171 - INFO - [GINSLIB] processing : 2020/10/04 04:42:36 Q=5
2026-01-08 19:38:22,171 - INFO - [GINSLIB] processing : 2020/10/04 04:42:37 Q=5
2026-01-08 19:38:22,172 - INFO - [GINSLIB] processing : 2020/10/04 04:42:38 Q=5
2026-01-08 19:38:22,172 - INFO - [GINSLIB] processing : 2020/10/04 04:42:39 Q=5
2026-01-08 19:38:22,172 - INFO - [GINSLIB] processing : 2020/10/04 04:42:40 Q=5
2026-01-08 19:38:22,172 - INFO - [GINSLIB] processing : 2020/10/04 04:42:41 Q=5
2026-01-08 19:38:22,172 - INFO - [GINSLIB] processing : 2020/10/04 04:42:42 Q=5
2026-01-08 19:38:22,172 - INFO - [GINSLIB] processing : 2020/10/04 04:42:43 Q=5
2026-01-08 19:38:22,172 - INFO - [GINSLIB] processing : 2020/10/04 04:42:44 Q=5
2026-01-08 19:38:22,172 - INFO - [GINSLIB] processing : 2020/10/04 04:42:45 Q=5
2026-01-08 19:38:22,172 - INFO - [GINSLIB] processing : 2020/10/04 04:42:46 Q=5
2026-01-08 19:38:22,172 - INFO - [GINSLIB] processing : 2020/10/04 04:42:47 Q=5
2026-01-08 19:38:22,172 - INFO - [GINSLIB] processing : 2020/10/04 04:42:48 Q=5
2026-01-08 19:38:22,173 - INFO - [GINSLIB] processing : 2020/10/04 04:42:49 Q=5
2026-01-08 19:38:22,173 - INFO - [GINSLIB] processing : 2020/10/04 04:42:50 Q=5
2026-01-08 19:38:22,173 - INFO - [GINSLIB] processing : 2020/10/04 04:42:51 Q=5
2026-01-08 19:38:22,173 - INFO - [GINSLIB] processing : 2020/10/04 04:42:52 Q=5
2026-01-08 19:38:22,173 - INFO - [GINSLIB] processing : 2020/10/04 04:42:53 Q=5
2026-01-08 19:38:22,173 - INFO - [GINSLIB] processing : 2020/10/04 04:42:54 Q=5
2026-01-08 19:38:22,173 - INFO - [GINSLIB] processing : 2020/10/04 04:42:55 Q=5
2026-01-08 19:38:22,173 - INFO - [GINSLIB] processing : 2020/10/04 04:42:56 Q=5
2026-01-08 19:38:22,174 - INFO - [GINSLIB] processing : 2020/10/04 04:42:57 Q=5
2026-01-08 19:38:22,174 - INFO - [GINSLIB] processing : 2020/10/04 04:42:58 Q=5
2026-01-08 19:38:22,174 - INFO - [GINSLIB] processing : 2020/10/04 04:42:59 Q=5
2026-01-08 19:38:22,174 - INFO - [GINSLIB] processing : 2020/10/04 04:43:00 Q=5
2026-01-08 19:38:22,174 - INFO - [GINSLIB] processing : 2020/10/04 04:43:01 Q=5
2026-01-08 19:38:22,174 - INFO - [GINSLIB] processing : 2020/10/04 04:43:02 Q=5
2026-01-08 19:38:22,175 - INFO - [GINSLIB] processing : 2020/10/04 04:43:03 Q=5
2026-01-08 19:38:22,175 - INFO - [GINSLIB] processing : 2020/10/04 04:43:04 Q=5
2026-01-08 19:38:22,175 - INFO - [GINSLIB] processing : 2020/10/04 04:43:05 Q=5
2026-01-08 19:38:22,175 - INFO - [GINSLIB] processing : 2020/10/04 04:43:06 Q=5
2026-01-08 19:38:22,175 - INFO - [GINSLIB] processing : 2020/10/04 04:43:07 Q=5
2026-01-08 19:38:22,175 - INFO - [GINSLIB] processing : 2020/10/04 04:43:08 Q=5
2026-01-08 19:38:22,175 - INFO - [GINSLIB] processing : 2020/10/04 04:43:09 Q=5
2026-01-08 19:38:22,176 - INFO - [GINSLIB] processing : 2020/10/04 04:43:10 Q=5
2026-01-08 19:38:22,176 - INFO - [GINSLIB] processing : 2020/10/04 04:43:11 Q=5
2026-01-08 19:38:22,176 - INFO - [GINSLIB] processing : 2020/10/04 04:43:12 Q=5
2026-01-08 19:38:22,176 - INFO - [GINSLIB] processing : 2020/10/04 04:43:13 Q=5
2026-01-08 19:38:22,176 - INFO - [GINSLIB] processing : 2020/10/04 04:43:14 Q=5
2026-01-08 19:38:22,176 - INFO - [GINSLIB] processing : 2020/10/04 04:43:15 Q=5
2026-01-08 19:38:22,177 - INFO - [GINSLIB] processing : 2020/10/04 04:43:16 Q=5
2026-01-08 19:38:22,177 - INFO - [GINSLIB] processing : 2020/10/04 04:43:17 Q=5
2026-01-08 19:38:22,177 - INFO - [GINSLIB] processing : 2020/10/04 04:43:18 Q=5
2026-01-08 19:38:22,177 - INFO - [GINSLIB] processing : 2020/10/04 04:43:19 Q=5
2026-01-08 19:38:22,177 - INFO - [GINSLIB] processing : 2020/10/04 04:43:20 Q=5
2026-01-08 19:38:22,177 - INFO - [GINSLIB] processing : 2020/10/04 04:43:21 Q=5
2026-01-08 19:38:22,178 - INFO - [GINSLIB] processing : 2020/10/04 04:43:22 Q=5
2026-01-08 19:38:22,178 - INFO - [GINSLIB] processing : 2020/10/04 04:43:23 Q=5
2026-01-08 19:38:22,178 - INFO - [GINSLIB] processing : 2020/10/04 04:43:24 Q=5
2026-01-08 19:38:22,178 - INFO - [GINSLIB] processing : 2020/10/04 04:43:25 Q=5
2026-01-08 19:38:22,178 - INFO - [GINSLIB] processing : 2020/10/04 04:43:26 Q=5
2026-01-08 19:38:22,178 - INFO - [GINSLIB] processing : 2020/10/04 04:43:27 Q=5
2026-01-08 19:38:22,179 - INFO - [GINSLIB] processing : 2020/10/04 04:43:28 Q=5
2026-01-08 19:38:22,179 - INFO - [GINSLIB] processing : 2020/10/04 04:43:29 Q=5
2026-01-08 19:38:22,179 - INFO - [GINSLIB] processing : 2020/10/04 04:43:30 Q=5
2026-01-08 19:38:22,179 - INFO - [GINSLIB] processing : 2020/10/04 04:43:31 Q=5
2026-01-08 19:38:22,179 - INFO - [GINSLIB] processing : 2020/10/04 04:43:32 Q=5
2026-01-08 19:38:22,179 - INFO - [GINSLIB] processing : 2020/10/04 04:43:33 Q=5
2026-01-08 19:38:22,180 - INFO - [GINSLIB] processing : 2020/10/04 04:43:34 Q=5
2026-01-08 19:38:22,180 - INFO - [GINSLIB] processing : 2020/10/04 04:43:35 Q=5
2026-01-08 19:38:22,180 - INFO - [GINSLIB] processing : 2020/10/04 04:43:36 Q=5
2026-01-08 19:38:22,180 - INFO - [GINSLIB] processing : 2020/10/04 04:43:37 Q=5
2026-01-08 19:38:22,180 - INFO - [GINSLIB] processing : 2020/10/04 04:43:38 Q=5
2026-01-08 19:38:22,180 - INFO - [GINSLIB] processing : 2020/10/04 04:43:39 Q=5
2026-01-08 19:38:22,181 - INFO - [GINSLIB] processing : 2020/10/04 04:43:40 Q=5
2026-01-08 19:38:22,181 - INFO - [GINSLIB] processing : 2020/10/04 04:43:41 Q=5
2026-01-08 19:38:22,181 - INFO - [GINSLIB] processing : 2020/10/04 04:43:42 Q=5
2026-01-08 19:38:22,181 - INFO - [GINSLIB] processing : 2020/10/04 04:43:43 Q=5
2026-01-08 19:38:22,181 - INFO - [GINSLIB] processing : 2020/10/04 04:43:44 Q=5
2026-01-08 19:38:22,181 - INFO - [GINSLIB] processing : 2020/10/04 04:43:45 Q=5
2026-01-08 19:38:22,181 - INFO - [GINSLIB] processing : 2020/10/04 04:43:46 Q=5
2026-01-08 19:38:22,181 - INFO - [GINSLIB] processing : 2020/10/04 04:43:47 Q=5
2026-01-08 19:38:22,181 - INFO - [GINSLIB] processing : 2020/10/04 04:43:48 Q=5
2026-01-08 19:38:22,182 - INFO - [GINSLIB] processing : 2020/10/04 04:43:49 Q=5
2026-01-08 19:38:22,182 - INFO - [GINSLIB] processing : 2020/10/04 04:43:50 Q=5
2026-01-08 19:38:22,182 - INFO - [GINSLIB] processing : 2020/10/04 04:43:51 Q=5
2026-01-08 19:38:22,182 - INFO - [GINSLIB] processing : 2020/10/04 04:43:52 Q=5
2026-01-08 19:38:22,182 - INFO - [GINSLIB] processing : 2020/10/04 04:43:53 Q=5
2026-01-08 19:38:22,182 - INFO - [GINSLIB] processing : 2020/10/04 04:43:54 Q=5
2026-01-08 19:38:22,182 - INFO - [GINSLIB] processing : 2020/10/04 04:43:55 Q=5
2026-01-08 19:38:22,183 - INFO - [GINSLIB] processing : 2020/10/04 04:43:56 Q=5
2026-01-08 19:38:22,183 - INFO - [GINSLIB] processing : 2020/10/04 04:43:57 Q=5
2026-01-08 19:38:22,183 - INFO - [GINSLIB] processing : 2020/10/04 04:43:58 Q=5
2026-01-08 19:38:22,183 - INFO - [GINSLIB] processing : 2020/10/04 04:43:59 Q=5
2026-01-08 19:38:22,183 - INFO - [GINSLIB] processing : 2020/10/04 04:44:00 Q=5
2026-01-08 19:38:22,183 - INFO - [GINSLIB] processing : 2020/10/04 04:44:01 Q=5
2026-01-08 19:38:22,183 - INFO - [GINSLIB] processing : 2020/10/04 04:44:02 Q=5
2026-01-08 19:38:22,183 - INFO - [GINSLIB] processing : 2020/10/04 04:44:03 Q=5
2026-01-08 19:38:22,184 - INFO - [GINSLIB] processing : 2020/10/04 04:44:04 Q=5
2026-01-08 19:38:22,184 - INFO - [GINSLIB] processing : 2020/10/04 04:44:05 Q=5
2026-01-08 19:38:22,184 - INFO - [GINSLIB] processing : 2020/10/04 04:44:06 Q=5
2026-01-08 19:38:22,184 - INFO - [GINSLIB] processing : 2020/10/04 04:44:07 Q=5
2026-01-08 19:38:22,184 - INFO - [GINSLIB] processing : 2020/10/04 04:44:08 Q=5
2026-01-08 19:38:22,184 - INFO - [GINSLIB] processing : 2020/10/04 04:44:09 Q=5
2026-01-08 19:38:22,445 - INFO - [GINSLIB] processing : 2020/10/04 04:44:10 Q=5
2026-01-08 19:38:22,445 - INFO - [GINSLIB] processing : 2020/10/04 04:44:11 Q=5
2026-01-08 19:38:22,446 - INFO - [GINSLIB] processing : 2020/10/04 04:44:12 Q=5
2026-01-08 19:38:22,446 - INFO - [GINSLIB] processing : 2020/10/04 04:44:13 Q=5
2026-01-08 19:38:22,446 - INFO - [GINSLIB] processing : 2020/10/04 04:44:14 Q=5
2026-01-08 19:38:22,446 - INFO - [GINSLIB] processing : 2020/10/04 04:44:15 Q=5
2026-01-08 19:38:22,447 - INFO - [GINSLIB] processing : 2020/10/04 04:44:16 Q=5
2026-01-08 19:38:22,447 - INFO - [GINSLIB] processing : 2020/10/04 04:44:17 Q=5
2026-01-08 19:38:22,447 - INFO - [GINSLIB] processing : 2020/10/04 04:44:18 Q=5
2026-01-08 19:38:22,447 - INFO - [GINSLIB] processing : 2020/10/04 04:44:19 Q=5
2026-01-08 19:38:22,447 - INFO - [GINSLIB] processing : 2020/10/04 04:44:20 Q=5
2026-01-08 19:38:22,447 - INFO - [GINSLIB] processing : 2020/10/04 04:44:21 Q=5
2026-01-08 19:38:22,448 - INFO - [GINSLIB] processing : 2020/10/04 04:44:22 Q=5
2026-01-08 19:38:22,448 - INFO - [GINSLIB] processing : 2020/10/04 04:44:23 Q=5
2026-01-08 19:38:22,448 - INFO - [GINSLIB] processing : 2020/10/04 04:44:24 Q=5
2026-01-08 19:38:22,448 - INFO - [GINSLIB] processing : 2020/10/04 04:44:25 Q=5
2026-01-08 19:38:22,448 - INFO - [GINSLIB] processing : 2020/10/04 04:44:26 Q=5
2026-01-08 19:38:22,448 - INFO - [GINSLIB] processing : 2020/10/04 04:44:27 Q=5
2026-01-08 19:38:22,448 - INFO - [GINSLIB] processing : 2020/10/04 04:44:28 Q=5
2026-01-08 19:38:22,448 - INFO - [GINSLIB] processing : 2020/10/04 04:44:29 Q=5
2026-01-08 19:38:22,448 - INFO - [GINSLIB] processing : 2020/10/04 04:44:30 Q=5
2026-01-08 19:38:22,448 - INFO - [GINSLIB] processing : 2020/10/04 04:44:31 Q=5
2026-01-08 19:38:22,449 - INFO - [GINSLIB] processing : 2020/10/04 04:44:32 Q=5
2026-01-08 19:38:22,449 - INFO - [GINSLIB] processing : 2020/10/04 04:44:33 Q=5
2026-01-08 19:38:22,449 - INFO - [GINSLIB] processing : 2020/10/04 04:44:34 Q=5
2026-01-08 19:38:22,449 - INFO - [GINSLIB] processing : 2020/10/04 04:44:35 Q=5
2026-01-08 19:38:22,449 - INFO - [GINSLIB] processing : 2020/10/04 04:44:36 Q=5
2026-01-08 19:38:22,449 - INFO - [GINSLIB] processing : 2020/10/04 04:44:37 Q=5
2026-01-08 19:38:22,449 - INFO - [GINSLIB] processing : 2020/10/04 04:44:38 Q=5
2026-01-08 19:38:22,449 - INFO - [GINSLIB] processing : 2020/10/04 04:44:39 Q=5
2026-01-08 19:38:22,449 - INFO - [GINSLIB] processing : 2020/10/04 04:44:40 Q=5
2026-01-08 19:38:22,449 - INFO - [GINSLIB] processing : 2020/10/04 04:44:41 Q=5
2026-01-08 19:38:22,450 - INFO - [GINSLIB] processing : 2020/10/04 04:44:42 Q=5
2026-01-08 19:38:22,450 - INFO - [GINSLIB] processing : 2020/10/04 04:44:43 Q=5
2026-01-08 19:38:22,450 - INFO - [GINSLIB] processing : 2020/10/04 04:44:44 Q=5
2026-01-08 19:38:22,450 - INFO - [GINSLIB] processing : 2020/10/04 04:44:45 Q=5
2026-01-08 19:38:22,450 - INFO - [GINSLIB] processing : 2020/10/04 04:44:46 Q=5
2026-01-08 19:38:22,450 - INFO - [GINSLIB] processing : 2020/10/04 04:44:47 Q=5
2026-01-08 19:38:22,450 - INFO - [GINSLIB] processing : 2020/10/04 04:44:48 Q=5
2026-01-08 19:38:22,450 - INFO - [GINSLIB] processing : 2020/10/04 04:44:49 Q=5
2026-01-08 19:38:22,450 - INFO - [GINSLIB] processing : 2020/10/04 04:44:50 Q=5
2026-01-08 19:38:22,450 - INFO - [GINSLIB] processing : 2020/10/04 04:44:51 Q=5
2026-01-08 19:38:22,451 - INFO - [GINSLIB] processing : 2020/10/04 04:44:52 Q=5
2026-01-08 19:38:22,451 - INFO - [GINSLIB] processing : 2020/10/04 04:44:53 Q=5
2026-01-08 19:38:22,451 - INFO - [GINSLIB] processing : 2020/10/04 04:44:54 Q=5
2026-01-08 19:38:22,451 - INFO - [GINSLIB] processing : 2020/10/04 04:44:55 Q=5
2026-01-08 19:38:22,451 - INFO - [GINSLIB] processing : 2020/10/04 04:44:56 Q=5
2026-01-08 19:38:22,451 - INFO - [GINSLIB] processing : 2020/10/04 04:44:57 Q=5
2026-01-08 19:38:22,451 - INFO - [GINSLIB] processing : 2020/10/04 04:44:58 Q=5
2026-01-08 19:38:22,451 - INFO - [GINSLIB] processing : 2020/10/04 04:44:59 Q=5
2026-01-08 19:38:22,451 - INFO - [GINSLIB] processing : 2020/10/04 04:45:00 Q=5
2026-01-08 19:38:22,451 - INFO - [GINSLIB] processing : 2020/10/04 04:45:01 Q=5
2026-01-08 19:38:22,452 - INFO - [GINSLIB] processing : 2020/10/04 04:45:02 Q=5
2026-01-08 19:38:22,452 - INFO - [GINSLIB] processing : 2020/10/04 04:45:03 Q=5
2026-01-08 19:38:22,452 - INFO - [GINSLIB] processing : 2020/10/04 04:45:04 Q=5
2026-01-08 19:38:22,452 - INFO - [GINSLIB] processing : 2020/10/04 04:45:05 Q=5
2026-01-08 19:38:22,452 - INFO - [GINSLIB] processing : 2020/10/04 04:45:06 Q=5
2026-01-08 19:38:22,452 - INFO - [GINSLIB] processing : 2020/10/04 04:45:07 Q=5
2026-01-08 19:38:22,452 - INFO - [GINSLIB] processing : 2020/10/04 04:45:08 Q=5
2026-01-08 19:38:22,452 - INFO - [GINSLIB] processing : 2020/10/04 04:45:09 Q=5
2026-01-08 19:38:22,452 - INFO - [GINSLIB] processing : 2020/10/04 04:45:10 Q=5
2026-01-08 19:38:22,452 - INFO - [GINSLIB] processing : 2020/10/04 04:45:11 Q=5
2026-01-08 19:38:22,453 - INFO - [GINSLIB] processing : 2020/10/04 04:45:12 Q=5
2026-01-08 19:38:22,453 - INFO - [GINSLIB] processing : 2020/10/04 04:45:13 Q=5
2026-01-08 19:38:22,453 - INFO - [GINSLIB] processing : 2020/10/04 04:45:14 Q=5
2026-01-08 19:38:22,453 - INFO - [GINSLIB] processing : 2020/10/04 04:45:15 Q=5
2026-01-08 19:38:22,453 - INFO - [GINSLIB] processing : 2020/10/04 04:45:16 Q=5
2026-01-08 19:38:22,453 - INFO - [GINSLIB] processing : 2020/10/04 04:45:17 Q=5
2026-01-08 19:38:22,453 - INFO - [GINSLIB] processing : 2020/10/04 04:45:18 Q=5
2026-01-08 19:38:22,453 - INFO - [GINSLIB] processing : 2020/10/04 04:45:19 Q=5
2026-01-08 19:38:22,453 - INFO - [GINSLIB] processing : 2020/10/04 04:45:20 Q=5
2026-01-08 19:38:22,453 - INFO - [GINSLIB] processing : 2020/10/04 04:45:21 Q=5
2026-01-08 19:38:22,453 - INFO - [GINSLIB] processing : 2020/10/04 04:45:22 Q=5
2026-01-08 19:38:22,454 - INFO - [GINSLIB] processing : 2020/10/04 04:45:23 Q=5
2026-01-08 19:38:22,454 - INFO - [GINSLIB] processing : 2020/10/04 04:45:24 Q=5
2026-01-08 19:38:22,454 - INFO - [GINSLIB] processing : 2020/10/04 04:45:25 Q=5
2026-01-08 19:38:22,454 - INFO - [GINSLIB] processing : 2020/10/04 04:45:26 Q=5
2026-01-08 19:38:22,454 - INFO - [GINSLIB] processing : 2020/10/04 04:45:27 Q=5
2026-01-08 19:38:22,454 - INFO - [GINSLIB] processing : 2020/10/04 04:45:28 Q=5
2026-01-08 19:38:22,454 - INFO - [GINSLIB] processing : 2020/10/04 04:45:29 Q=5
2026-01-08 19:38:22,454 - INFO - [GINSLIB] processing : 2020/10/04 04:45:30 Q=5
2026-01-08 19:38:22,454 - INFO - [GINSLIB] processing : 2020/10/04 04:45:31 Q=5
2026-01-08 19:38:22,455 - INFO - [GINSLIB] processing : 2020/10/04 04:45:32 Q=5
2026-01-08 19:38:22,455 - INFO - [GINSLIB] processing : 2020/10/04 04:45:33 Q=5
2026-01-08 19:38:22,455 - INFO - [GINSLIB] processing : 2020/10/04 04:45:34 Q=5
2026-01-08 19:38:22,455 - INFO - [GINSLIB] processing : 2020/10/04 04:45:35 Q=5
2026-01-08 19:38:22,455 - INFO - [GINSLIB] processing : 2020/10/04 04:45:36 Q=5
2026-01-08 19:38:22,455 - INFO - [GINSLIB] processing : 2020/10/04 04:45:37 Q=5
2026-01-08 19:38:22,455 - INFO - [GINSLIB] processing : 2020/10/04 04:45:38 Q=5
2026-01-08 19:38:22,455 - INFO - [GINSLIB] processing : 2020/10/04 04:45:39 Q=5
2026-01-08 19:38:22,455 - INFO - [GINSLIB] processing : 2020/10/04 04:45:40 Q=5
2026-01-08 19:38:22,456 - INFO - [GINSLIB] processing : 2020/10/04 04:45:41 Q=5
2026-01-08 19:38:22,456 - INFO - [GINSLIB] processing : 2020/10/04 04:45:42 Q=5
2026-01-08 19:38:22,456 - INFO - [GINSLIB] processing : 2020/10/04 04:45:43 Q=5
2026-01-08 19:38:22,456 - INFO - [GINSLIB] processing : 2020/10/04 04:45:44 Q=5
2026-01-08 19:38:22,456 - INFO - [GINSLIB] processing : 2020/10/04 04:45:45 Q=5
2026-01-08 19:38:22,456 - INFO - [GINSLIB] processing : 2020/10/04 04:45:46 Q=5
2026-01-08 19:38:22,456 - INFO - [GINSLIB] processing : 2020/10/04 04:45:47 Q=5
2026-01-08 19:38:22,456 - INFO - [GINSLIB] processing : 2020/10/04 04:45:48 Q=5
2026-01-08 19:38:22,457 - INFO - [GINSLIB] processing : 2020/10/04 04:45:49 Q=5
2026-01-08 19:38:22,457 - INFO - [GINSLIB] processing : 2020/10/04 04:45:50 Q=5
2026-01-08 19:38:22,457 - INFO - [GINSLIB] processing : 2020/10/04 04:45:51 Q=5
2026-01-08 19:38:22,457 - INFO - [GINSLIB] processing : 2020/10/04 04:45:52 Q=5
2026-01-08 19:38:22,457 - INFO - [GINSLIB] processing : 2020/10/04 04:45:53 Q=5
2026-01-08 19:38:22,457 - INFO - [GINSLIB] processing : 2020/10/04 04:45:54 Q=5
2026-01-08 19:38:22,457 - INFO - [GINSLIB] processing : 2020/10/04 04:45:55 Q=5
2026-01-08 19:38:22,457 - INFO - [GINSLIB] processing : 2020/10/04 04:45:56 Q=5
2026-01-08 19:38:22,458 - INFO - [GINSLIB] processing : 2020/10/04 04:45:57 Q=5
2026-01-08 19:38:22,458 - INFO - [GINSLIB] processing : 2020/10/04 04:45:58 Q=5
2026-01-08 19:38:22,458 - INFO - [GINSLIB] processing : 2020/10/04 04:45:59 Q=5
2026-01-08 19:38:22,730 - INFO - [GINSLIB] processing : 2020/10/04 04:46:00 Q=5
2026-01-08 19:38:22,730 - INFO - [GINSLIB] processing : 2020/10/04 04:46:01 Q=5
2026-01-08 19:38:22,731 - INFO - [GINSLIB] processing : 2020/10/04 04:46:02 Q=5
2026-01-08 19:38:22,731 - INFO - [GINSLIB] processing : 2020/10/04 04:46:03 Q=5
2026-01-08 19:38:22,731 - INFO - [GINSLIB] processing : 2020/10/04 04:46:04 Q=5
2026-01-08 19:38:22,731 - INFO - [GINSLIB] processing : 2020/10/04 04:46:05 Q=5
2026-01-08 19:38:22,732 - INFO - [GINSLIB] processing : 2020/10/04 04:46:06 Q=5
2026-01-08 19:38:22,732 - INFO - [GINSLIB] processing : 2020/10/04 04:46:07 Q=5
2026-01-08 19:38:22,732 - INFO - [GINSLIB] processing : 2020/10/04 04:46:08 Q=5
2026-01-08 19:38:22,732 - INFO - [GINSLIB] processing : 2020/10/04 04:46:09 Q=5
2026-01-08 19:38:22,732 - INFO - [GINSLIB] processing : 2020/10/04 04:46:10 Q=5
2026-01-08 19:38:22,733 - INFO - [GINSLIB] processing : 2020/10/04 04:46:11 Q=5
2026-01-08 19:38:22,733 - INFO - [GINSLIB] processing : 2020/10/04 04:46:12 Q=5
2026-01-08 19:38:22,733 - INFO - [GINSLIB] processing : 2020/10/04 04:46:13 Q=5
2026-01-08 19:38:22,733 - INFO - [GINSLIB] processing : 2020/10/04 04:46:14 Q=5
2026-01-08 19:38:22,733 - INFO - [GINSLIB] processing : 2020/10/04 04:46:15 Q=5
2026-01-08 19:38:22,733 - INFO - [GINSLIB] processing : 2020/10/04 04:46:16 Q=5
2026-01-08 19:38:22,733 - INFO - [GINSLIB] processing : 2020/10/04 04:46:17 Q=5
2026-01-08 19:38:22,734 - INFO - [GINSLIB] processing : 2020/10/04 04:46:18 Q=5
2026-01-08 19:38:22,734 - INFO - [GINSLIB] processing : 2020/10/04 04:46:19 Q=5
2026-01-08 19:38:22,734 - INFO - [GINSLIB] processing : 2020/10/04 04:46:20 Q=5
2026-01-08 19:38:22,734 - INFO - [GINSLIB] processing : 2020/10/04 04:46:21 Q=5
2026-01-08 19:38:22,734 - INFO - [GINSLIB] processing : 2020/10/04 04:46:22 Q=5
2026-01-08 19:38:22,734 - INFO - [GINSLIB] processing : 2020/10/04 04:46:23 Q=5
2026-01-08 19:38:22,734 - INFO - [GINSLIB] processing : 2020/10/04 04:46:24 Q=5
2026-01-08 19:38:22,735 - INFO - [GINSLIB] processing : 2020/10/04 04:46:25 Q=5
2026-01-08 19:38:22,735 - INFO - [GINSLIB] processing : 2020/10/04 04:46:26 Q=5
2026-01-08 19:38:22,735 - INFO - [GINSLIB] processing : 2020/10/04 04:46:27 Q=5
2026-01-08 19:38:22,735 - INFO - [GINSLIB] processing : 2020/10/04 04:46:28 Q=5
2026-01-08 19:38:22,735 - INFO - [GINSLIB] processing : 2020/10/04 04:46:29 Q=5
2026-01-08 19:38:22,735 - INFO - [GINSLIB] processing : 2020/10/04 04:46:30 Q=5
2026-01-08 19:38:22,735 - INFO - [GINSLIB] processing : 2020/10/04 04:46:31 Q=5
2026-01-08 19:38:22,735 - INFO - [GINSLIB] processing : 2020/10/04 04:46:32 Q=5
2026-01-08 19:38:22,735 - INFO - [GINSLIB] processing : 2020/10/04 04:46:33 Q=5
2026-01-08 19:38:22,735 - INFO - [GINSLIB] processing : 2020/10/04 04:46:34 Q=5
2026-01-08 19:38:22,735 - INFO - [GINSLIB] processing : 2020/10/04 04:46:35 Q=5
2026-01-08 19:38:22,736 - INFO - [GINSLIB] processing : 2020/10/04 04:46:36 Q=5
2026-01-08 19:38:22,736 - INFO - [GINSLIB] processing : 2020/10/04 04:46:37 Q=5
2026-01-08 19:38:22,736 - INFO - [GINSLIB] processing : 2020/10/04 04:46:38 Q=5
2026-01-08 19:38:22,736 - INFO - [GINSLIB] processing : 2020/10/04 04:46:39 Q=5
2026-01-08 19:38:22,736 - INFO - [GINSLIB] processing : 2020/10/04 04:46:40 Q=5
2026-01-08 19:38:22,736 - INFO - [GINSLIB] processing : 2020/10/04 04:46:41 Q=5
2026-01-08 19:38:22,736 - INFO - [GINSLIB] processing : 2020/10/04 04:46:42 Q=5
2026-01-08 19:38:22,736 - INFO - [GINSLIB] processing : 2020/10/04 04:46:43 Q=5
2026-01-08 19:38:22,736 - INFO - [GINSLIB] processing : 2020/10/04 04:46:44 Q=5
2026-01-08 19:38:22,736 - INFO - [GINSLIB] processing : 2020/10/04 04:46:45 Q=5
2026-01-08 19:38:22,736 - INFO - [GINSLIB] processing : 2020/10/04 04:46:46 Q=5
2026-01-08 19:38:22,737 - INFO - [GINSLIB] processing : 2020/10/04 04:46:47 Q=5
2026-01-08 19:38:22,737 - INFO - [GINSLIB] processing : 2020/10/04 04:46:48 Q=5
2026-01-08 19:38:22,737 - INFO - [GINSLIB] processing : 2020/10/04 04:46:49 Q=5
2026-01-08 19:38:22,737 - INFO - [GINSLIB] processing : 2020/10/04 04:46:50 Q=5
2026-01-08 19:38:22,737 - INFO - [GINSLIB] processing : 2020/10/04 04:46:51 Q=5
2026-01-08 19:38:22,737 - INFO - [GINSLIB] processing : 2020/10/04 04:46:52 Q=5
2026-01-08 19:38:22,737 - INFO - [GINSLIB] processing : 2020/10/04 04:46:53 Q=5
2026-01-08 19:38:22,737 - INFO - [GINSLIB] processing : 2020/10/04 04:46:54 Q=5
2026-01-08 19:38:22,737 - INFO - [GINSLIB] processing : 2020/10/04 04:46:55 Q=5
2026-01-08 19:38:22,737 - INFO - [GINSLIB] processing : 2020/10/04 04:46:56 Q=5
2026-01-08 19:38:22,738 - INFO - [GINSLIB] processing : 2020/10/04 04:46:57 Q=5
2026-01-08 19:38:22,738 - INFO - [GINSLIB] processing : 2020/10/04 04:46:58 Q=5
2026-01-08 19:38:22,738 - INFO - [GINSLIB] processing : 2020/10/04 04:46:59 Q=5
2026-01-08 19:38:22,738 - INFO - [GINSLIB] processing : 2020/10/04 04:47:00 Q=5
2026-01-08 19:38:22,738 - INFO - [GINSLIB] processing : 2020/10/04 04:47:01 Q=5
2026-01-08 19:38:22,738 - INFO - [GINSLIB] processing : 2020/10/04 04:47:02 Q=5
2026-01-08 19:38:22,738 - INFO - [GINSLIB] processing : 2020/10/04 04:47:03 Q=5
2026-01-08 19:38:22,738 - INFO - [GINSLIB] processing : 2020/10/04 04:47:04 Q=5
2026-01-08 19:38:22,738 - INFO - [GINSLIB] processing : 2020/10/04 04:47:05 Q=5
2026-01-08 19:38:22,738 - INFO - [GINSLIB] processing : 2020/10/04 04:47:06 Q=5
2026-01-08 19:38:22,739 - INFO - [GINSLIB] processing : 2020/10/04 04:47:07 Q=5
2026-01-08 19:38:22,739 - INFO - [GINSLIB] processing : 2020/10/04 04:47:08 Q=5
2026-01-08 19:38:22,739 - INFO - [GINSLIB] processing : 2020/10/04 04:47:09 Q=5
2026-01-08 19:38:22,739 - INFO - [GINSLIB] processing : 2020/10/04 04:47:10 Q=5
2026-01-08 19:38:22,739 - INFO - [GINSLIB] processing : 2020/10/04 04:47:11 Q=5
2026-01-08 19:38:22,739 - INFO - [GINSLIB] processing : 2020/10/04 04:47:12 Q=5
2026-01-08 19:38:22,739 - INFO - [GINSLIB] processing : 2020/10/04 04:47:13 Q=5
2026-01-08 19:38:22,739 - INFO - [GINSLIB] processing : 2020/10/04 04:47:14 Q=5
2026-01-08 19:38:22,739 - INFO - [GINSLIB] processing : 2020/10/04 04:47:15 Q=5
2026-01-08 19:38:22,739 - INFO - [GINSLIB] processing : 2020/10/04 04:47:16 Q=5
2026-01-08 19:38:22,739 - INFO - [GINSLIB] processing : 2020/10/04 04:47:17 Q=5
2026-01-08 19:38:22,740 - INFO - [GINSLIB] processing : 2020/10/04 04:47:18 Q=5
2026-01-08 19:38:22,740 - INFO - [GINSLIB] processing : 2020/10/04 04:47:19 Q=5
2026-01-08 19:38:22,740 - INFO - [GINSLIB] processing : 2020/10/04 04:47:20 Q=5
2026-01-08 19:38:22,740 - INFO - [GINSLIB] processing : 2020/10/04 04:47:21 Q=5
2026-01-08 19:38:22,740 - INFO - [GINSLIB] processing : 2020/10/04 04:47:22 Q=5
2026-01-08 19:38:22,740 - INFO - [GINSLIB] processing : 2020/10/04 04:47:23 Q=5
2026-01-08 19:38:22,740 - INFO - [GINSLIB] processing : 2020/10/04 04:47:24 Q=5
2026-01-08 19:38:22,741 - INFO - [GINSLIB] processing : 2020/10/04 04:47:25 Q=5
2026-01-08 19:38:22,741 - INFO - [GINSLIB] processing : 2020/10/04 04:47:26 Q=5
2026-01-08 19:38:22,741 - INFO - [GINSLIB] processing : 2020/10/04 04:47:27 Q=5
2026-01-08 19:38:22,741 - INFO - [GINSLIB] processing : 2020/10/04 04:47:28 Q=5
2026-01-08 19:38:22,741 - INFO - [GINSLIB] processing : 2020/10/04 04:47:29 Q=5
2026-01-08 19:38:22,741 - INFO - [GINSLIB] processing : 2020/10/04 04:47:30 Q=5
2026-01-08 19:38:22,741 - INFO - [GINSLIB] processing : 2020/10/04 04:47:31 Q=5
2026-01-08 19:38:22,741 - INFO - [GINSLIB] processing : 2020/10/04 04:47:32 Q=5
2026-01-08 19:38:22,741 - INFO - [GINSLIB] processing : 2020/10/04 04:47:33 Q=5
2026-01-08 19:38:22,742 - INFO - [GINSLIB] processing : 2020/10/04 04:47:34 Q=5
2026-01-08 19:38:22,742 - INFO - [GINSLIB] processing : 2020/10/04 04:47:35 Q=5
2026-01-08 19:38:22,742 - INFO - [GINSLIB] processing : 2020/10/04 04:47:36 Q=5
2026-01-08 19:38:22,742 - INFO - [GINSLIB] processing : 2020/10/04 04:47:37 Q=5
2026-01-08 19:38:22,742 - INFO - [GINSLIB] processing : 2020/10/04 04:47:38 Q=5
2026-01-08 19:38:22,742 - INFO - [GINSLIB] processing : 2020/10/04 04:47:39 Q=5
2026-01-08 19:38:22,742 - INFO - [GINSLIB] processing : 2020/10/04 04:47:40 Q=5
2026-01-08 19:38:22,742 - INFO - [GINSLIB] processing : 2020/10/04 04:47:41 Q=5
2026-01-08 19:38:22,742 - INFO - [GINSLIB] processing : 2020/10/04 04:47:42 Q=5
2026-01-08 19:38:22,742 - INFO - [GINSLIB] processing : 2020/10/04 04:47:43 Q=5
2026-01-08 19:38:22,742 - INFO - [GINSLIB] processing : 2020/10/04 04:47:44 Q=5
2026-01-08 19:38:22,743 - INFO - [GINSLIB] processing : 2020/10/04 04:47:45 Q=5
2026-01-08 19:38:22,743 - INFO - [GINSLIB] processing : 2020/10/04 04:47:46 Q=5
2026-01-08 19:38:22,743 - INFO - [GINSLIB] processing : 2020/10/04 04:47:47 Q=5
2026-01-08 19:38:22,743 - INFO - [GINSLIB] processing : 2020/10/04 04:47:48 Q=5
2026-01-08 19:38:22,743 - INFO - [GINSLIB] processing : 2020/10/04 04:47:49 Q=5
2026-01-08 19:38:22,743 - INFO - [GINSLIB] processing : 2020/10/04 04:47:50 Q=5
2026-01-08 19:38:23,025 - INFO - [GINSLIB] processing : 2020/10/04 04:47:51 Q=5
2026-01-08 19:38:23,025 - INFO - [GINSLIB] processing : 2020/10/04 04:47:52 Q=5
2026-01-08 19:38:23,026 - INFO - [GINSLIB] processing : 2020/10/04 04:47:53 Q=5
2026-01-08 19:38:23,026 - INFO - [GINSLIB] processing : 2020/10/04 04:47:54 Q=5
2026-01-08 19:38:23,026 - INFO - [GINSLIB] processing : 2020/10/04 04:47:55 Q=5
2026-01-08 19:38:23,026 - INFO - [GINSLIB] processing : 2020/10/04 04:47:56 Q=5
2026-01-08 19:38:23,026 - INFO - [GINSLIB] processing : 2020/10/04 04:47:57 Q=5
2026-01-08 19:38:23,027 - INFO - [GINSLIB] processing : 2020/10/04 04:47:58 Q=5
2026-01-08 19:38:23,027 - INFO - [GINSLIB] processing : 2020/10/04 04:47:59 Q=5
2026-01-08 19:38:23,027 - INFO - [GINSLIB] processing : 2020/10/04 04:48:00 Q=5
2026-01-08 19:38:23,027 - INFO - [GINSLIB] processing : 2020/10/04 04:48:01 Q=5
2026-01-08 19:38:23,027 - INFO - [GINSLIB] processing : 2020/10/04 04:48:02 Q=5
2026-01-08 19:38:23,028 - INFO - [GINSLIB] processing : 2020/10/04 04:48:03 Q=5
2026-01-08 19:38:23,028 - INFO - [GINSLIB] processing : 2020/10/04 04:48:04 Q=5
2026-01-08 19:38:23,028 - INFO - [GINSLIB] processing : 2020/10/04 04:48:05 Q=5
2026-01-08 19:38:23,028 - INFO - [GINSLIB] processing : 2020/10/04 04:48:06 Q=5
2026-01-08 19:38:23,028 - INFO - [GINSLIB] processing : 2020/10/04 04:48:07 Q=5
2026-01-08 19:38:23,029 - INFO - [GINSLIB] processing : 2020/10/04 04:48:08 Q=5
2026-01-08 19:38:23,029 - INFO - [GINSLIB] processing : 2020/10/04 04:48:09 Q=5
2026-01-08 19:38:23,029 - INFO - [GINSLIB] processing : 2020/10/04 04:48:10 Q=5
2026-01-08 19:38:23,029 - INFO - [GINSLIB] processing : 2020/10/04 04:48:11 Q=5
2026-01-08 19:38:23,029 - INFO - [GINSLIB] processing : 2020/10/04 04:48:12 Q=5
2026-01-08 19:38:23,029 - INFO - [GINSLIB] processing : 2020/10/04 04:48:13 Q=5
2026-01-08 19:38:23,030 - INFO - [GINSLIB] processing : 2020/10/04 04:48:14 Q=5
2026-01-08 19:38:23,030 - INFO - [GINSLIB] processing : 2020/10/04 04:48:15 Q=5
2026-01-08 19:38:23,030 - INFO - [GINSLIB] processing : 2020/10/04 04:48:16 Q=5
2026-01-08 19:38:23,030 - INFO - [GINSLIB] processing : 2020/10/04 04:48:17 Q=5
2026-01-08 19:38:23,030 - INFO - [GINSLIB] processing : 2020/10/04 04:48:18 Q=5
2026-01-08 19:38:23,030 - INFO - [GINSLIB] processing : 2020/10/04 04:48:19 Q=5
2026-01-08 19:38:23,030 - INFO - [GINSLIB] processing : 2020/10/04 04:48:20 Q=5
2026-01-08 19:38:23,031 - INFO - [GINSLIB] processing : 2020/10/04 04:48:21 Q=5
2026-01-08 19:38:23,031 - INFO - [GINSLIB] processing : 2020/10/04 04:48:22 Q=5
2026-01-08 19:38:23,031 - INFO - [GINSLIB] processing : 2020/10/04 04:48:23 Q=5
2026-01-08 19:38:23,031 - INFO - [GINSLIB] processing : 2020/10/04 04:48:24 Q=5
2026-01-08 19:38:23,031 - INFO - [GINSLIB] processing : 2020/10/04 04:48:25 Q=5
2026-01-08 19:38:23,031 - INFO - [GINSLIB] processing : 2020/10/04 04:48:26 Q=5
2026-01-08 19:38:23,031 - INFO - [GINSLIB] processing : 2020/10/04 04:48:27 Q=5
2026-01-08 19:38:23,032 - INFO - [GINSLIB] processing : 2020/10/04 04:48:28 Q=5
2026-01-08 19:38:23,032 - INFO - [GINSLIB] processing : 2020/10/04 04:48:29 Q=5
2026-01-08 19:38:23,032 - INFO - [GINSLIB] processing : 2020/10/04 04:48:30 Q=5
2026-01-08 19:38:23,032 - INFO - [GINSLIB] processing : 2020/10/04 04:48:31 Q=5
2026-01-08 19:38:23,032 - INFO - [GINSLIB] processing : 2020/10/04 04:48:32 Q=5
2026-01-08 19:38:23,032 - INFO - [GINSLIB] processing : 2020/10/04 04:48:33 Q=5
2026-01-08 19:38:23,032 - INFO - [GINSLIB] processing : 2020/10/04 04:48:34 Q=5
2026-01-08 19:38:23,032 - INFO - [GINSLIB] processing : 2020/10/04 04:48:35 Q=5
2026-01-08 19:38:23,032 - INFO - [GINSLIB] processing : 2020/10/04 04:48:36 Q=5
2026-01-08 19:38:23,033 - INFO - [GINSLIB] processing : 2020/10/04 04:48:37 Q=5
2026-01-08 19:38:23,033 - INFO - [GINSLIB] processing : 2020/10/04 04:48:38 Q=5
2026-01-08 19:38:23,033 - INFO - [GINSLIB] processing : 2020/10/04 04:48:39 Q=5
2026-01-08 19:38:23,033 - INFO - [GINSLIB] processing : 2020/10/04 04:48:40 Q=5
2026-01-08 19:38:23,033 - INFO - [GINSLIB] processing : 2020/10/04 04:48:41 Q=5
2026-01-08 19:38:23,033 - INFO - [GINSLIB] processing : 2020/10/04 04:48:42 Q=5
2026-01-08 19:38:23,033 - INFO - [GINSLIB] processing : 2020/10/04 04:48:43 Q=5
2026-01-08 19:38:23,033 - INFO - [GINSLIB] processing : 2020/10/04 04:48:44 Q=5
2026-01-08 19:38:23,033 - INFO - [GINSLIB] processing : 2020/10/04 04:48:45 Q=5
2026-01-08 19:38:23,033 - INFO - [GINSLIB] processing : 2020/10/04 04:48:46 Q=5
2026-01-08 19:38:23,034 - INFO - [GINSLIB] processing : 2020/10/04 04:48:47 Q=5
2026-01-08 19:38:23,034 - INFO - [GINSLIB] processing : 2020/10/04 04:48:48 Q=5
2026-01-08 19:38:23,034 - INFO - [GINSLIB] processing : 2020/10/04 04:48:49 Q=5
2026-01-08 19:38:23,034 - INFO - [GINSLIB] processing : 2020/10/04 04:48:50 Q=5
2026-01-08 19:38:23,034 - INFO - [GINSLIB] processing : 2020/10/04 04:48:51 Q=5
2026-01-08 19:38:23,034 - INFO - [GINSLIB] processing : 2020/10/04 04:48:52 Q=5
2026-01-08 19:38:23,034 - INFO - [GINSLIB] processing : 2020/10/04 04:48:53 Q=5
2026-01-08 19:38:23,034 - INFO - [GINSLIB] processing : 2020/10/04 04:48:54 Q=5
2026-01-08 19:38:23,034 - INFO - [GINSLIB] processing : 2020/10/04 04:48:55 Q=5
2026-01-08 19:38:23,034 - INFO - [GINSLIB] processing : 2020/10/04 04:48:56 Q=5
2026-01-08 19:38:23,034 - INFO - [GINSLIB] processing : 2020/10/04 04:48:57 Q=5
2026-01-08 19:38:23,035 - INFO - [GINSLIB] processing : 2020/10/04 04:48:58 Q=5
2026-01-08 19:38:23,035 - INFO - [GINSLIB] processing : 2020/10/04 04:48:59 Q=5
2026-01-08 19:38:23,035 - INFO - [GINSLIB] processing : 2020/10/04 04:49:00 Q=5
2026-01-08 19:38:23,035 - INFO - [GINSLIB] processing : 2020/10/04 04:49:01 Q=5
2026-01-08 19:38:23,035 - INFO - [GINSLIB] processing : 2020/10/04 04:49:02 Q=5
2026-01-08 19:38:23,035 - INFO - [GINSLIB] processing : 2020/10/04 04:49:03 Q=5
2026-01-08 19:38:23,035 - INFO - [GINSLIB] processing : 2020/10/04 04:49:04 Q=5
2026-01-08 19:38:23,035 - INFO - [GINSLIB] processing : 2020/10/04 04:49:05 Q=5
2026-01-08 19:38:23,035 - INFO - [GINSLIB] processing : 2020/10/04 04:49:06 Q=5
2026-01-08 19:38:23,035 - INFO - [GINSLIB] processing : 2020/10/04 04:49:07 Q=5
2026-01-08 19:38:23,036 - INFO - [GINSLIB] processing : 2020/10/04 04:49:08 Q=5
2026-01-08 19:38:23,036 - INFO - [GINSLIB] processing : 2020/10/04 04:49:09 Q=5
2026-01-08 19:38:23,036 - INFO - [GINSLIB] processing : 2020/10/04 04:49:10 Q=5
2026-01-08 19:38:23,036 - INFO - [GINSLIB] processing : 2020/10/04 04:49:11 Q=5
2026-01-08 19:38:23,036 - INFO - [GINSLIB] processing : 2020/10/04 04:49:12 Q=5
2026-01-08 19:38:23,036 - INFO - [GINSLIB] processing : 2020/10/04 04:49:13 Q=5
2026-01-08 19:38:23,036 - INFO - [GINSLIB] processing : 2020/10/04 04:49:14 Q=5
2026-01-08 19:38:23,037 - INFO - [GINSLIB] processing : 2020/10/04 04:49:15 Q=5
2026-01-08 19:38:23,037 - INFO - [GINSLIB] processing : 2020/10/04 04:49:16 Q=5
2026-01-08 19:38:23,037 - INFO - [GINSLIB] processing : 2020/10/04 04:49:17 Q=5
2026-01-08 19:38:23,037 - INFO - [GINSLIB] processing : 2020/10/04 04:49:18 Q=5
2026-01-08 19:38:23,037 - INFO - [GINSLIB] processing : 2020/10/04 04:49:19 Q=5
2026-01-08 19:38:23,037 - INFO - [GINSLIB] processing : 2020/10/04 04:49:20 Q=5
2026-01-08 19:38:23,038 - INFO - [GINSLIB] processing : 2020/10/04 04:49:21 Q=5
2026-01-08 19:38:23,038 - INFO - [GINSLIB] processing : 2020/10/04 04:49:22 Q=5
2026-01-08 19:38:23,038 - INFO - [GINSLIB] processing : 2020/10/04 04:49:23 Q=5
2026-01-08 19:38:23,038 - INFO - [GINSLIB] processing : 2020/10/04 04:49:24 Q=5
2026-01-08 19:38:23,038 - INFO - [GINSLIB] processing : 2020/10/04 04:49:25 Q=5
2026-01-08 19:38:23,038 - INFO - [GINSLIB] processing : 2020/10/04 04:49:26 Q=5
2026-01-08 19:38:23,038 - INFO - [GINSLIB] processing : 2020/10/04 04:49:27 Q=5
2026-01-08 19:38:23,039 - INFO - [GINSLIB] processing : 2020/10/04 04:49:28 Q=5
2026-01-08 19:38:23,039 - INFO - [GINSLIB] processing : 2020/10/04 04:49:29 Q=5
2026-01-08 19:38:23,039 - INFO - [GINSLIB] processing : 2020/10/04 04:49:30 Q=5
2026-01-08 19:38:23,039 - INFO - [GINSLIB] processing : 2020/10/04 04:49:31 Q=5
2026-01-08 19:38:23,039 - INFO - [GINSLIB] processing : 2020/10/04 04:49:32 Q=5
2026-01-08 19:38:23,039 - INFO - [GINSLIB] processing : 2020/10/04 04:49:33 Q=5
2026-01-08 19:38:23,039 - INFO - [GINSLIB] processing : 2020/10/04 04:49:34 Q=5
2026-01-08 19:38:23,040 - INFO - [GINSLIB] processing : 2020/10/04 04:49:35 Q=5
2026-01-08 19:38:23,040 - INFO - [GINSLIB] processing : 2020/10/04 04:49:36 Q=5
2026-01-08 19:38:23,040 - INFO - [GINSLIB] processing : 2020/10/04 04:49:37 Q=5
2026-01-08 19:38:23,040 - INFO - [GINSLIB] processing : 2020/10/04 04:49:38 Q=5
2026-01-08 19:38:23,040 - INFO - [GINSLIB] processing : 2020/10/04 04:49:39 Q=5
2026-01-08 19:38:23,040 - INFO - [GINSLIB] processing : 2020/10/04 04:49:40 Q=5
2026-01-08 19:38:23,041 - INFO - [GINSLIB] processing : 2020/10/04 04:49:41 Q=5
2026-01-08 19:38:23,312 - INFO - [GINSLIB] processing : 2020/10/04 04:49:42 Q=5
2026-01-08 19:38:23,312 - INFO - [GINSLIB] processing : 2020/10/04 04:49:43 Q=5
2026-01-08 19:38:23,312 - INFO - [GINSLIB] processing : 2020/10/04 04:49:44 Q=5
2026-01-08 19:38:23,313 - INFO - [GINSLIB] processing : 2020/10/04 04:49:45 Q=5
2026-01-08 19:38:23,313 - INFO - [GINSLIB] processing : 2020/10/04 04:49:46 Q=5
2026-01-08 19:38:23,313 - INFO - [GINSLIB] processing : 2020/10/04 04:49:47 Q=5
2026-01-08 19:38:23,313 - INFO - [GINSLIB] processing : 2020/10/04 04:49:48 Q=5
2026-01-08 19:38:23,313 - INFO - [GINSLIB] processing : 2020/10/04 04:49:49 Q=5
2026-01-08 19:38:23,314 - INFO - [GINSLIB] processing : 2020/10/04 04:49:50 Q=5
2026-01-08 19:38:23,314 - INFO - [GINSLIB] processing : 2020/10/04 04:49:51 Q=5
2026-01-08 19:38:23,314 - INFO - [GINSLIB] processing : 2020/10/04 04:49:52 Q=5
2026-01-08 19:38:23,314 - INFO - [GINSLIB] processing : 2020/10/04 04:49:53 Q=5
2026-01-08 19:38:23,315 - INFO - [GINSLIB] processing : 2020/10/04 04:49:54 Q=5
2026-01-08 19:38:23,315 - INFO - [GINSLIB] processing : 2020/10/04 04:49:55 Q=5
2026-01-08 19:38:23,315 - INFO - [GINSLIB] processing : 2020/10/04 04:49:56 Q=5
2026-01-08 19:38:23,315 - INFO - [GINSLIB] processing : 2020/10/04 04:49:57 Q=5
2026-01-08 19:38:23,316 - INFO - [GINSLIB] processing : 2020/10/04 04:49:58 Q=5
2026-01-08 19:38:23,316 - INFO - [GINSLIB] processing : 2020/10/04 04:49:59 Q=5
2026-01-08 19:38:23,316 - INFO - [GINSLIB] processing : 2020/10/04 04:50:00 Q=5
2026-01-08 19:38:23,316 - INFO - [GINSLIB] processing : 2020/10/04 04:50:01 Q=5
2026-01-08 19:38:23,316 - INFO - [GINSLIB] processing : 2020/10/04 04:50:02 Q=5
2026-01-08 19:38:23,316 - INFO - [GINSLIB] processing : 2020/10/04 04:50:03 Q=5
2026-01-08 19:38:23,317 - INFO - [GINSLIB] processing : 2020/10/04 04:50:04 Q=5
2026-01-08 19:38:23,317 - INFO - [GINSLIB] processing : 2020/10/04 04:50:05 Q=5
2026-01-08 19:38:23,317 - INFO - [GINSLIB] processing : 2020/10/04 04:50:06 Q=5
2026-01-08 19:38:23,317 - INFO - [GINSLIB] processing : 2020/10/04 04:50:07 Q=5
2026-01-08 19:38:23,317 - INFO - [GINSLIB] processing : 2020/10/04 04:50:08 Q=5
2026-01-08 19:38:23,317 - INFO - [GINSLIB] processing : 2020/10/04 04:50:09 Q=5
2026-01-08 19:38:23,317 - INFO - [GINSLIB] processing : 2020/10/04 04:50:10 Q=5
2026-01-08 19:38:23,318 - INFO - [GINSLIB] processing : 2020/10/04 04:50:11 Q=5
2026-01-08 19:38:23,318 - INFO - [GINSLIB] processing : 2020/10/04 04:50:12 Q=5
2026-01-08 19:38:23,318 - INFO - [GINSLIB] processing : 2020/10/04 04:50:13 Q=5
2026-01-08 19:38:23,318 - INFO - [GINSLIB] processing : 2020/10/04 04:50:14 Q=5
2026-01-08 19:38:23,318 - INFO - [GINSLIB] processing : 2020/10/04 04:50:15 Q=5
2026-01-08 19:38:23,318 - INFO - [GINSLIB] processing : 2020/10/04 04:50:16 Q=5
2026-01-08 19:38:23,318 - INFO - [GINSLIB] processing : 2020/10/04 04:50:17 Q=5
2026-01-08 19:38:23,318 - INFO - [GINSLIB] processing : 2020/10/04 04:50:18 Q=5
2026-01-08 19:38:23,318 - INFO - [GINSLIB] processing : 2020/10/04 04:50:19 Q=5
2026-01-08 19:38:23,319 - INFO - [GINSLIB] processing : 2020/10/04 04:50:20 Q=5
2026-01-08 19:38:23,319 - INFO - [GINSLIB] processing : 2020/10/04 04:50:21 Q=5
2026-01-08 19:38:23,319 - INFO - [GINSLIB] processing : 2020/10/04 04:50:22 Q=5
2026-01-08 19:38:23,319 - INFO - [GINSLIB] processing : 2020/10/04 04:50:23 Q=5
2026-01-08 19:38:23,319 - INFO - [GINSLIB] processing : 2020/10/04 04:50:24 Q=5
2026-01-08 19:38:23,319 - INFO - [GINSLIB] processing : 2020/10/04 04:50:25 Q=5
2026-01-08 19:38:23,319 - INFO - [GINSLIB] processing : 2020/10/04 04:50:26 Q=5
2026-01-08 19:38:23,319 - INFO - [GINSLIB] processing : 2020/10/04 04:50:27 Q=5
2026-01-08 19:38:23,319 - INFO - [GINSLIB] processing : 2020/10/04 04:50:28 Q=5
2026-01-08 19:38:23,319 - INFO - [GINSLIB] processing : 2020/10/04 04:50:29 Q=5
2026-01-08 19:38:23,319 - INFO - [GINSLIB] processing : 2020/10/04 04:50:30 Q=5
2026-01-08 19:38:23,320 - INFO - [GINSLIB] processing : 2020/10/04 04:50:31 Q=5
2026-01-08 19:38:23,320 - INFO - [GINSLIB] processing : 2020/10/04 04:50:32 Q=5
2026-01-08 19:38:23,320 - INFO - [GINSLIB] processing : 2020/10/04 04:50:33 Q=5
2026-01-08 19:38:23,320 - INFO - [GINSLIB] processing : 2020/10/04 04:50:34 Q=5
2026-01-08 19:38:23,320 - INFO - [GINSLIB] processing : 2020/10/04 04:50:35 Q=5
2026-01-08 19:38:23,320 - INFO - [GINSLIB] processing : 2020/10/04 04:50:36 Q=5
2026-01-08 19:38:23,320 - INFO - [GINSLIB] processing : 2020/10/04 04:50:37 Q=5
2026-01-08 19:38:23,320 - INFO - [GINSLIB] processing : 2020/10/04 04:50:38 Q=5
2026-01-08 19:38:23,320 - INFO - [GINSLIB] processing : 2020/10/04 04:50:39 Q=5
2026-01-08 19:38:23,320 - INFO - [GINSLIB] processing : 2020/10/04 04:50:40 Q=5
2026-01-08 19:38:23,320 - INFO - [GINSLIB] processing : 2020/10/04 04:50:41 Q=5
2026-01-08 19:38:23,321 - INFO - [GINSLIB] processing : 2020/10/04 04:50:42 Q=5
2026-01-08 19:38:23,321 - INFO - [GINSLIB] processing : 2020/10/04 04:50:43 Q=5
2026-01-08 19:38:23,321 - INFO - [GINSLIB] processing : 2020/10/04 04:50:44 Q=5
2026-01-08 19:38:23,321 - INFO - [GINSLIB] processing : 2020/10/04 04:50:45 Q=5
2026-01-08 19:38:23,321 - INFO - [GINSLIB] processing : 2020/10/04 04:50:46 Q=5
2026-01-08 19:38:23,321 - INFO - [GINSLIB] processing : 2020/10/04 04:50:47 Q=5
2026-01-08 19:38:23,321 - INFO - [GINSLIB] processing : 2020/10/04 04:50:48 Q=5
2026-01-08 19:38:23,321 - INFO - [GINSLIB] processing : 2020/10/04 04:50:49 Q=5
2026-01-08 19:38:23,321 - INFO - [GINSLIB] processing : 2020/10/04 04:50:50 Q=5
2026-01-08 19:38:23,321 - INFO - [GINSLIB] processing : 2020/10/04 04:50:51 Q=5
2026-01-08 19:38:23,321 - INFO - [GINSLIB] processing : 2020/10/04 04:50:52 Q=5
2026-01-08 19:38:23,322 - INFO - [GINSLIB] processing : 2020/10/04 04:50:53 Q=5
2026-01-08 19:38:23,322 - INFO - [GINSLIB] processing : 2020/10/04 04:50:54 Q=5
2026-01-08 19:38:23,322 - INFO - [GINSLIB] processing : 2020/10/04 04:50:55 Q=5
2026-01-08 19:38:23,322 - INFO - [GINSLIB] processing : 2020/10/04 04:50:56 Q=5
2026-01-08 19:38:23,322 - INFO - [GINSLIB] processing : 2020/10/04 04:50:57 Q=5
2026-01-08 19:38:23,322 - INFO - [GINSLIB] processing : 2020/10/04 04:50:58 Q=5
2026-01-08 19:38:23,322 - INFO - [GINSLIB] processing : 2020/10/04 04:50:59 Q=5
2026-01-08 19:38:23,322 - INFO - [GINSLIB] processing : 2020/10/04 04:51:00 Q=5
2026-01-08 19:38:23,322 - INFO - [GINSLIB] processing : 2020/10/04 04:51:01 Q=5
2026-01-08 19:38:23,322 - INFO - [GINSLIB] processing : 2020/10/04 04:51:02 Q=5
2026-01-08 19:38:23,322 - INFO - [GINSLIB] processing : 2020/10/04 04:51:03 Q=5
2026-01-08 19:38:23,323 - INFO - [GINSLIB] processing : 2020/10/04 04:51:04 Q=5
2026-01-08 19:38:23,323 - INFO - [GINSLIB] processing : 2020/10/04 04:51:05 Q=5
2026-01-08 19:38:23,323 - INFO - [GINSLIB] processing : 2020/10/04 04:51:06 Q=5
2026-01-08 19:38:23,323 - INFO - [GINSLIB] processing : 2020/10/04 04:51:07 Q=5
2026-01-08 19:38:23,323 - INFO - [GINSLIB] processing : 2020/10/04 04:51:08 Q=5
2026-01-08 19:38:23,323 - INFO - [GINSLIB] processing : 2020/10/04 04:51:09 Q=5
2026-01-08 19:38:23,323 - INFO - [GINSLIB] processing : 2020/10/04 04:51:10 Q=5
2026-01-08 19:38:23,323 - INFO - [GINSLIB] processing : 2020/10/04 04:51:11 Q=5
2026-01-08 19:38:23,323 - INFO - [GINSLIB] processing : 2020/10/04 04:51:12 Q=5
2026-01-08 19:38:23,324 - INFO - [GINSLIB] processing : 2020/10/04 04:51:13 Q=5
2026-01-08 19:38:23,324 - INFO - [GINSLIB] processing : 2020/10/04 04:51:14 Q=5
2026-01-08 19:38:23,324 - INFO - [GINSLIB] processing : 2020/10/04 04:51:15 Q=5
2026-01-08 19:38:23,324 - INFO - [GINSLIB] processing : 2020/10/04 04:51:16 Q=5
2026-01-08 19:38:23,324 - INFO - [GINSLIB] processing : 2020/10/04 04:51:17 Q=5
2026-01-08 19:38:23,324 - INFO - [GINSLIB] processing : 2020/10/04 04:51:18 Q=5
2026-01-08 19:38:23,324 - INFO - [GINSLIB] processing : 2020/10/04 04:51:19 Q=5
2026-01-08 19:38:23,324 - INFO - [GINSLIB] processing : 2020/10/04 04:51:20 Q=5
2026-01-08 19:38:23,324 - INFO - [GINSLIB] processing : 2020/10/04 04:51:21 Q=5
2026-01-08 19:38:23,325 - INFO - [GINSLIB] processing : 2020/10/04 04:51:22 Q=5
2026-01-08 19:38:23,325 - INFO - [GINSLIB] processing : 2020/10/04 04:51:23 Q=5
2026-01-08 19:38:23,325 - INFO - [GINSLIB] processing : 2020/10/04 04:51:24 Q=5
2026-01-08 19:38:23,325 - INFO - [GINSLIB] processing : 2020/10/04 04:51:25 Q=5
2026-01-08 19:38:23,325 - INFO - [GINSLIB] processing : 2020/10/04 04:51:26 Q=5
2026-01-08 19:38:23,325 - INFO - [GINSLIB] processing : 2020/10/04 04:51:27 Q=5
2026-01-08 19:38:23,325 - INFO - [GINSLIB] processing : 2020/10/04 04:51:28 Q=5
2026-01-08 19:38:23,325 - INFO - [GINSLIB] processing : 2020/10/04 04:51:29 Q=5
2026-01-08 19:38:23,325 - INFO - [GINSLIB] processing : 2020/10/04 04:51:30 Q=5
2026-01-08 19:38:23,325 - INFO - [GINSLIB] processing : 2020/10/04 04:51:31 Q=5
2026-01-08 19:38:23,607 - INFO - [GINSLIB] processing : 2020/10/04 04:51:32 Q=5
2026-01-08 19:38:23,607 - INFO - [GINSLIB] processing : 2020/10/04 04:51:33 Q=5
2026-01-08 19:38:23,607 - INFO - [GINSLIB] processing : 2020/10/04 04:51:34 Q=5
2026-01-08 19:38:23,607 - INFO - [GINSLIB] processing : 2020/10/04 04:51:35 Q=5
2026-01-08 19:38:23,608 - INFO - [GINSLIB] processing : 2020/10/04 04:51:36 Q=5
2026-01-08 19:38:23,608 - INFO - [GINSLIB] processing : 2020/10/04 04:51:37 Q=5
2026-01-08 19:38:23,608 - INFO - [GINSLIB] processing : 2020/10/04 04:51:38 Q=5
2026-01-08 19:38:23,608 - INFO - [GINSLIB] processing : 2020/10/04 04:51:39 Q=5
2026-01-08 19:38:23,608 - INFO - [GINSLIB] processing : 2020/10/04 04:51:40 Q=5
2026-01-08 19:38:23,609 - INFO - [GINSLIB] processing : 2020/10/04 04:51:41 Q=5
2026-01-08 19:38:23,609 - INFO - [GINSLIB] processing : 2020/10/04 04:51:42 Q=5
2026-01-08 19:38:23,609 - INFO - [GINSLIB] processing : 2020/10/04 04:51:43 Q=5
2026-01-08 19:38:23,609 - INFO - [GINSLIB] processing : 2020/10/04 04:51:44 Q=5
2026-01-08 19:38:23,609 - INFO - [GINSLIB] processing : 2020/10/04 04:51:45 Q=5
2026-01-08 19:38:23,610 - INFO - [GINSLIB] processing : 2020/10/04 04:51:46 Q=5
2026-01-08 19:38:23,610 - INFO - [GINSLIB] processing : 2020/10/04 04:51:47 Q=5
2026-01-08 19:38:23,610 - INFO - [GINSLIB] processing : 2020/10/04 04:51:48 Q=5
2026-01-08 19:38:23,610 - INFO - [GINSLIB] processing : 2020/10/04 04:51:49 Q=5
2026-01-08 19:38:23,610 - INFO - [GINSLIB] processing : 2020/10/04 04:51:50 Q=5
2026-01-08 19:38:23,610 - INFO - [GINSLIB] processing : 2020/10/04 04:51:51 Q=5
2026-01-08 19:38:23,611 - INFO - [GINSLIB] processing : 2020/10/04 04:51:52 Q=5
2026-01-08 19:38:23,611 - INFO - [GINSLIB] processing : 2020/10/04 04:51:53 Q=5
2026-01-08 19:38:23,611 - INFO - [GINSLIB] processing : 2020/10/04 04:51:54 Q=5
2026-01-08 19:38:23,611 - INFO - [GINSLIB] processing : 2020/10/04 04:51:55 Q=5
2026-01-08 19:38:23,611 - INFO - [GINSLIB] processing : 2020/10/04 04:51:56 Q=5
2026-01-08 19:38:23,611 - INFO - [GINSLIB] processing : 2020/10/04 04:51:57 Q=5
2026-01-08 19:38:23,611 - INFO - [GINSLIB] processing : 2020/10/04 04:51:58 Q=5
2026-01-08 19:38:23,611 - INFO - [GINSLIB] processing : 2020/10/04 04:51:59 Q=5
2026-01-08 19:38:23,612 - INFO - [GINSLIB] processing : 2020/10/04 04:52:00 Q=5
2026-01-08 19:38:23,612 - INFO - [GINSLIB] processing : 2020/10/04 04:52:01 Q=5
2026-01-08 19:38:23,612 - INFO - [GINSLIB] processing : 2020/10/04 04:52:02 Q=5
2026-01-08 19:38:23,612 - INFO - [GINSLIB] processing : 2020/10/04 04:52:03 Q=5
2026-01-08 19:38:23,612 - INFO - [GINSLIB] processing : 2020/10/04 04:52:04 Q=5
2026-01-08 19:38:23,612 - INFO - [GINSLIB] processing : 2020/10/04 04:52:05 Q=5
2026-01-08 19:38:23,612 - INFO - [GINSLIB] processing : 2020/10/04 04:52:06 Q=5
2026-01-08 19:38:23,612 - INFO - [GINSLIB] processing : 2020/10/04 04:52:07 Q=5
2026-01-08 19:38:23,613 - INFO - [GINSLIB] processing : 2020/10/04 04:52:08 Q=5
2026-01-08 19:38:23,613 - INFO - [GINSLIB] processing : 2020/10/04 04:52:09 Q=5
2026-01-08 19:38:23,613 - INFO - [GINSLIB] processing : 2020/10/04 04:52:10 Q=5
2026-01-08 19:38:23,613 - INFO - [GINSLIB] processing : 2020/10/04 04:52:11 Q=5
2026-01-08 19:38:23,613 - INFO - [GINSLIB] processing : 2020/10/04 04:52:12 Q=5
2026-01-08 19:38:23,613 - INFO - [GINSLIB] processing : 2020/10/04 04:52:13 Q=5
2026-01-08 19:38:23,613 - INFO - [GINSLIB] processing : 2020/10/04 04:52:14 Q=5
2026-01-08 19:38:23,613 - INFO - [GINSLIB] processing : 2020/10/04 04:52:15 Q=5
2026-01-08 19:38:23,613 - INFO - [GINSLIB] processing : 2020/10/04 04:52:16 Q=5
2026-01-08 19:38:23,613 - INFO - [GINSLIB] processing : 2020/10/04 04:52:17 Q=5
2026-01-08 19:38:23,613 - INFO - [GINSLIB] processing : 2020/10/04 04:52:18 Q=5
2026-01-08 19:38:23,614 - INFO - [GINSLIB] processing : 2020/10/04 04:52:19 Q=5
2026-01-08 19:38:23,614 - INFO - [GINSLIB] processing : 2020/10/04 04:52:20 Q=5
2026-01-08 19:38:23,614 - INFO - [GINSLIB] processing : 2020/10/04 04:52:21 Q=5
2026-01-08 19:38:23,614 - INFO - [GINSLIB] processing : 2020/10/04 04:52:22 Q=5
2026-01-08 19:38:23,614 - INFO - [GINSLIB] processing : 2020/10/04 04:52:23 Q=5
2026-01-08 19:38:23,614 - INFO - [GINSLIB] processing : 2020/10/04 04:52:24 Q=5
2026-01-08 19:38:23,614 - INFO - [GINSLIB] processing : 2020/10/04 04:52:25 Q=5
2026-01-08 19:38:23,614 - INFO - [GINSLIB] processing : 2020/10/04 04:52:26 Q=5
2026-01-08 19:38:23,614 - INFO - [GINSLIB] processing : 2020/10/04 04:52:27 Q=5
2026-01-08 19:38:23,614 - INFO - [GINSLIB] processing : 2020/10/04 04:52:28 Q=5
2026-01-08 19:38:23,615 - INFO - [GINSLIB] processing : 2020/10/04 04:52:29 Q=5
2026-01-08 19:38:23,615 - INFO - [GINSLIB] processing : 2020/10/04 04:52:30 Q=5
2026-01-08 19:38:23,615 - INFO - [GINSLIB] processing : 2020/10/04 04:52:31 Q=5
2026-01-08 19:38:23,615 - INFO - [GINSLIB] processing : 2020/10/04 04:52:32 Q=5
2026-01-08 19:38:23,615 - INFO - [GINSLIB] processing : 2020/10/04 04:52:33 Q=5
2026-01-08 19:38:23,616 - INFO - [GINSLIB] processing : 2020/10/04 04:52:34 Q=5
2026-01-08 19:38:23,616 - INFO - [GINSLIB] processing : 2020/10/04 04:52:35 Q=5
2026-01-08 19:38:23,616 - INFO - [GINSLIB] processing : 2020/10/04 04:52:36 Q=0
2026-01-08 19:38:23,616 - INFO - [GINSLIB] processing : 2020/10/04 04:52:37 Q=0
2026-01-08 19:38:23,616 - INFO - [GINSLIB] processing : 2020/10/04 04:52:38 Q=5
2026-01-08 19:38:23,616 - INFO - [GINSLIB] processing : 2020/10/04 04:52:39 Q=5
2026-01-08 19:38:23,617 - INFO - [GINSLIB] processing : 2020/10/04 04:52:40 Q=5
2026-01-08 19:38:23,617 - INFO - [GINSLIB] processing : 2020/10/04 04:52:41 Q=5
2026-01-08 19:38:23,617 - INFO - [GINSLIB] processing : 2020/10/04 04:52:42 Q=5
2026-01-08 19:38:23,617 - INFO - [GINSLIB] processing : 2020/10/04 04:52:43 Q=5
2026-01-08 19:38:23,617 - INFO - [GINSLIB] processing : 2020/10/04 04:52:44 Q=5
2026-01-08 19:38:23,617 - INFO - [GINSLIB] processing : 2020/10/04 04:52:45 Q=5
2026-01-08 19:38:23,617 - INFO - [GINSLIB] processing : 2020/10/04 04:52:46 Q=5
2026-01-08 19:38:23,618 - INFO - [GINSLIB] processing : 2020/10/04 04:52:47 Q=5
2026-01-08 19:38:23,618 - INFO - [GINSLIB] processing : 2020/10/04 04:52:48 Q=5
2026-01-08 19:38:23,618 - INFO - [GINSLIB] processing : 2020/10/04 04:52:49 Q=5
2026-01-08 19:38:23,618 - INFO - [GINSLIB] processing : 2020/10/04 04:52:50 Q=5
2026-01-08 19:38:23,618 - INFO - [GINSLIB] processing : 2020/10/04 04:52:51 Q=5
2026-01-08 19:38:23,618 - INFO - [GINSLIB] processing : 2020/10/04 04:52:52 Q=5
2026-01-08 19:38:23,618 - INFO - [GINSLIB] processing : 2020/10/04 04:52:53 Q=5
2026-01-08 19:38:23,619 - INFO - [GINSLIB] processing : 2020/10/04 04:52:54 Q=5
2026-01-08 19:38:23,619 - INFO - [GINSLIB] processing : 2020/10/04 04:52:55 Q=5
2026-01-08 19:38:23,619 - INFO - [GINSLIB] processing : 2020/10/04 04:52:56 Q=5
2026-01-08 19:38:23,619 - INFO - [GINSLIB] processing : 2020/10/04 04:52:57 Q=5
2026-01-08 19:38:23,619 - INFO - [GINSLIB] processing : 2020/10/04 04:52:58 Q=5
2026-01-08 19:38:23,619 - INFO - [GINSLIB] processing : 2020/10/04 04:52:59 Q=5
2026-01-08 19:38:23,619 - INFO - [GINSLIB] processing : 2020/10/04 04:53:00 Q=5
2026-01-08 19:38:23,619 - INFO - [GINSLIB] processing : 2020/10/04 04:53:01 Q=5
2026-01-08 19:38:23,620 - INFO - [GINSLIB] processing : 2020/10/04 04:53:02 Q=5
2026-01-08 19:38:23,620 - INFO - [GINSLIB] processing : 2020/10/04 04:53:03 Q=5
2026-01-08 19:38:23,620 - INFO - [GINSLIB] processing : 2020/10/04 04:53:04 Q=5
2026-01-08 19:38:23,620 - INFO - [GINSLIB] processing : 2020/10/04 04:53:05 Q=5
2026-01-08 19:38:23,620 - INFO - [GINSLIB] processing : 2020/10/04 04:53:06 Q=5
2026-01-08 19:38:23,620 - INFO - [GINSLIB] processing : 2020/10/04 04:53:07 Q=5
2026-01-08 19:38:23,620 - INFO - [GINSLIB] processing : 2020/10/04 04:53:08 Q=5
2026-01-08 19:38:23,620 - INFO - [GINSLIB] processing : 2020/10/04 04:53:09 Q=5
2026-01-08 19:38:23,620 - INFO - [GINSLIB] processing : 2020/10/04 04:53:10 Q=5
2026-01-08 19:38:23,621 - INFO - [GINSLIB] processing : 2020/10/04 04:53:11 Q=5
2026-01-08 19:38:23,621 - INFO - [GINSLIB] processing : 2020/10/04 04:53:12 Q=5
2026-01-08 19:38:23,621 - INFO - [GINSLIB] processing : 2020/10/04 04:53:13 Q=5
2026-01-08 19:38:23,621 - INFO - [GINSLIB] processing : 2020/10/04 04:53:14 Q=5
2026-01-08 19:38:23,621 - INFO - [GINSLIB] processing : 2020/10/04 04:53:15 Q=5
2026-01-08 19:38:23,621 - INFO - [GINSLIB] processing : 2020/10/04 04:53:16 Q=5
2026-01-08 19:38:23,621 - INFO - [GINSLIB] processing : 2020/10/04 04:53:17 Q=5
2026-01-08 19:38:23,621 - INFO - [GINSLIB] processing : 2020/10/04 04:53:18 Q=5
2026-01-08 19:38:23,621 - INFO - [GINSLIB] processing : 2020/10/04 04:53:19 Q=5
2026-01-08 19:38:23,621 - INFO - [GINSLIB] processing : 2020/10/04 04:53:20 Q=5
2026-01-08 19:38:23,621 - INFO - [GINSLIB] processing : 2020/10/04 04:53:21 Q=5
2026-01-08 19:38:23,622 - INFO - [GINSLIB] processing : 2020/10/04 04:53:22 Q=5
2026-01-08 19:38:23,893 - INFO - [GINSLIB] processing : 2020/10/04 04:53:23 Q=5
2026-01-08 19:38:23,893 - INFO - [GINSLIB] processing : 2020/10/04 04:53:24 Q=5
2026-01-08 19:38:23,893 - INFO - [GINSLIB] processing : 2020/10/04 04:53:25 Q=5
2026-01-08 19:38:23,894 - INFO - [GINSLIB] processing : 2020/10/04 04:53:26 Q=5
2026-01-08 19:38:23,894 - INFO - [GINSLIB] processing : 2020/10/04 04:53:27 Q=5
2026-01-08 19:38:23,894 - INFO - [GINSLIB] processing : 2020/10/04 04:53:28 Q=5
2026-01-08 19:38:23,894 - INFO - [GINSLIB] processing : 2020/10/04 04:53:29 Q=5
2026-01-08 19:38:23,894 - INFO - [GINSLIB] processing : 2020/10/04 04:53:30 Q=5
2026-01-08 19:38:23,895 - INFO - [GINSLIB] processing : 2020/10/04 04:53:31 Q=5
2026-01-08 19:38:23,895 - INFO - [GINSLIB] processing : 2020/10/04 04:53:32 Q=5
2026-01-08 19:38:23,895 - INFO - [GINSLIB] processing : 2020/10/04 04:53:33 Q=5
2026-01-08 19:38:23,895 - INFO - [GINSLIB] processing : 2020/10/04 04:53:34 Q=5
2026-01-08 19:38:23,895 - INFO - [GINSLIB] processing : 2020/10/04 04:53:35 Q=5
2026-01-08 19:38:23,895 - INFO - [GINSLIB] processing : 2020/10/04 04:53:36 Q=5
2026-01-08 19:38:23,895 - INFO - [GINSLIB] processing : 2020/10/04 04:53:37 Q=5
2026-01-08 19:38:23,896 - INFO - [GINSLIB] processing : 2020/10/04 04:53:38 Q=5
2026-01-08 19:38:23,896 - INFO - [GINSLIB] processing : 2020/10/04 04:53:39 Q=5
2026-01-08 19:38:23,896 - INFO - [GINSLIB] processing : 2020/10/04 04:53:40 Q=5
2026-01-08 19:38:23,896 - INFO - [GINSLIB] processing : 2020/10/04 04:53:41 Q=5
2026-01-08 19:38:23,896 - INFO - [GINSLIB] processing : 2020/10/04 04:53:42 Q=5
2026-01-08 19:38:23,896 - INFO - [GINSLIB] processing : 2020/10/04 04:53:43 Q=5
2026-01-08 19:38:23,896 - INFO - [GINSLIB] processing : 2020/10/04 04:53:44 Q=5
2026-01-08 19:38:23,896 - INFO - [GINSLIB] processing : 2020/10/04 04:53:45 Q=5
2026-01-08 19:38:23,896 - INFO - [GINSLIB] processing : 2020/10/04 04:53:46 Q=5
2026-01-08 19:38:23,896 - INFO - [GINSLIB] processing : 2020/10/04 04:53:47 Q=5
2026-01-08 19:38:23,897 - INFO - [GINSLIB] processing : 2020/10/04 04:53:48 Q=5
2026-01-08 19:38:23,897 - INFO - [GINSLIB] processing : 2020/10/04 04:53:49 Q=5
2026-01-08 19:38:23,897 - INFO - [GINSLIB] processing : 2020/10/04 04:53:50 Q=5
2026-01-08 19:38:23,897 - INFO - [GINSLIB] processing : 2020/10/04 04:53:51 Q=5
2026-01-08 19:38:23,897 - INFO - [GINSLIB] processing : 2020/10/04 04:53:52 Q=5
2026-01-08 19:38:23,897 - INFO - [GINSLIB] processing : 2020/10/04 04:53:53 Q=5
2026-01-08 19:38:23,897 - INFO - [GINSLIB] processing : 2020/10/04 04:53:54 Q=5
2026-01-08 19:38:23,897 - INFO - [GINSLIB] processing : 2020/10/04 04:53:55 Q=5
2026-01-08 19:38:23,897 - INFO - [GINSLIB] processing : 2020/10/04 04:53:56 Q=5
2026-01-08 19:38:23,897 - INFO - [GINSLIB] processing : 2020/10/04 04:53:57 Q=5
2026-01-08 19:38:23,897 - INFO - [GINSLIB] processing : 2020/10/04 04:53:58 Q=5
2026-01-08 19:38:23,898 - INFO - [GINSLIB] processing : 2020/10/04 04:53:59 Q=5
2026-01-08 19:38:23,898 - INFO - [GINSLIB] processing : 2020/10/04 04:54:00 Q=5
2026-01-08 19:38:23,898 - INFO - [GINSLIB] processing : 2020/10/04 04:54:01 Q=5
2026-01-08 19:38:23,898 - INFO - [GINSLIB] processing : 2020/10/04 04:54:02 Q=5
2026-01-08 19:38:23,898 - INFO - [GINSLIB] processing : 2020/10/04 04:54:03 Q=5
2026-01-08 19:38:23,898 - INFO - [GINSLIB] processing : 2020/10/04 04:54:04 Q=5
2026-01-08 19:38:23,898 - INFO - [GINSLIB] processing : 2020/10/04 04:54:05 Q=5
2026-01-08 19:38:23,898 - INFO - [GINSLIB] processing : 2020/10/04 04:54:06 Q=5
2026-01-08 19:38:23,898 - INFO - [GINSLIB] processing : 2020/10/04 04:54:07 Q=5
2026-01-08 19:38:23,898 - INFO - [GINSLIB] processing : 2020/10/04 04:54:08 Q=5
2026-01-08 19:38:23,898 - INFO - [GINSLIB] processing : 2020/10/04 04:54:09 Q=5
2026-01-08 19:38:23,899 - INFO - [GINSLIB] processing : 2020/10/04 04:54:10 Q=5
2026-01-08 19:38:23,899 - INFO - [GINSLIB] processing : 2020/10/04 04:54:11 Q=5
2026-01-08 19:38:23,899 - INFO - [GINSLIB] processing : 2020/10/04 04:54:12 Q=5
2026-01-08 19:38:23,899 - INFO - [GINSLIB] processing : 2020/10/04 04:54:13 Q=5
2026-01-08 19:38:23,899 - INFO - [GINSLIB] processing : 2020/10/04 04:54:14 Q=5
2026-01-08 19:38:23,899 - INFO - [GINSLIB] processing : 2020/10/04 04:54:15 Q=5
2026-01-08 19:38:23,899 - INFO - [GINSLIB] processing : 2020/10/04 04:54:16 Q=5
2026-01-08 19:38:23,900 - INFO - [GINSLIB] processing : 2020/10/04 04:54:17 Q=5
2026-01-08 19:38:23,900 - INFO - [GINSLIB] processing : 2020/10/04 04:54:18 Q=5
2026-01-08 19:38:23,900 - INFO - [GINSLIB] processing : 2020/10/04 04:54:19 Q=5
2026-01-08 19:38:23,900 - INFO - [GINSLIB] processing : 2020/10/04 04:54:20 Q=5
2026-01-08 19:38:23,900 - INFO - [GINSLIB] processing : 2020/10/04 04:54:21 Q=5
2026-01-08 19:38:23,901 - INFO - [GINSLIB] processing : 2020/10/04 04:54:22 Q=5
2026-01-08 19:38:23,901 - INFO - [GINSLIB] processing : 2020/10/04 04:54:23 Q=5
2026-01-08 19:38:23,901 - INFO - [GINSLIB] processing : 2020/10/04 04:54:24 Q=5
2026-01-08 19:38:23,901 - INFO - [GINSLIB] processing : 2020/10/04 04:54:25 Q=5
2026-01-08 19:38:23,901 - INFO - [GINSLIB] processing : 2020/10/04 04:54:26 Q=5
2026-01-08 19:38:23,901 - INFO - [GINSLIB] processing : 2020/10/04 04:54:27 Q=5
2026-01-08 19:38:23,902 - INFO - [GINSLIB] processing : 2020/10/04 04:54:28 Q=5
2026-01-08 19:38:23,902 - INFO - [GINSLIB] processing : 2020/10/04 04:54:29 Q=5
2026-01-08 19:38:23,902 - INFO - [GINSLIB] processing : 2020/10/04 04:54:30 Q=5
2026-01-08 19:38:23,902 - INFO - [GINSLIB] processing : 2020/10/04 04:54:31 Q=5
2026-01-08 19:38:23,902 - INFO - [GINSLIB] processing : 2020/10/04 04:54:32 Q=5
2026-01-08 19:38:23,902 - INFO - [GINSLIB] processing : 2020/10/04 04:54:33 Q=5
2026-01-08 19:38:23,902 - INFO - [GINSLIB] processing : 2020/10/04 04:54:34 Q=5
2026-01-08 19:38:23,902 - INFO - [GINSLIB] processing : 2020/10/04 04:54:35 Q=5
2026-01-08 19:38:23,903 - INFO - [GINSLIB] processing : 2020/10/04 04:54:36 Q=5
2026-01-08 19:38:23,903 - INFO - [GINSLIB] processing : 2020/10/04 04:54:37 Q=5
2026-01-08 19:38:23,903 - INFO - [GINSLIB] processing : 2020/10/04 04:54:38 Q=5
2026-01-08 19:38:23,903 - INFO - [GINSLIB] processing : 2020/10/04 04:54:39 Q=5
2026-01-08 19:38:23,903 - INFO - [GINSLIB] processing : 2020/10/04 04:54:40 Q=5
2026-01-08 19:38:23,903 - INFO - [GINSLIB] processing : 2020/10/04 04:54:41 Q=5
2026-01-08 19:38:23,903 - INFO - [GINSLIB] processing : 2020/10/04 04:54:42 Q=5
2026-01-08 19:38:23,903 - INFO - [GINSLIB] processing : 2020/10/04 04:54:43 Q=5
2026-01-08 19:38:23,903 - INFO - [GINSLIB] processing : 2020/10/04 04:54:44 Q=5
2026-01-08 19:38:23,903 - INFO - [GINSLIB] processing : 2020/10/04 04:54:45 Q=5
2026-01-08 19:38:23,903 - INFO - [GINSLIB] processing : 2020/10/04 04:54:46 Q=5
2026-01-08 19:38:23,904 - INFO - [GINSLIB] processing : 2020/10/04 04:54:47 Q=5
2026-01-08 19:38:23,904 - INFO - [GINSLIB] processing : 2020/10/04 04:54:48 Q=5
2026-01-08 19:38:23,904 - INFO - [GINSLIB] processing : 2020/10/04 04:54:49 Q=5
2026-01-08 19:38:23,904 - INFO - [GINSLIB] processing : 2020/10/04 04:54:50 Q=5
2026-01-08 19:38:23,905 - INFO - [GINSLIB] processing : 2020/10/04 04:54:51 Q=5
2026-01-08 19:38:23,905 - INFO - [GINSLIB] processing : 2020/10/04 04:54:52 Q=5
2026-01-08 19:38:23,905 - INFO - [GINSLIB] processing : 2020/10/04 04:54:53 Q=5
2026-01-08 19:38:23,905 - INFO - [GINSLIB] processing : 2020/10/04 04:54:54 Q=5
2026-01-08 19:38:23,906 - INFO - [GINSLIB] processing : 2020/10/04 04:54:55 Q=5
2026-01-08 19:38:23,906 - INFO - [GINSLIB] processing : 2020/10/04 04:54:56 Q=5
2026-01-08 19:38:23,906 - INFO - [GINSLIB] processing : 2020/10/04 04:54:57 Q=5
2026-01-08 19:38:23,906 - INFO - [GINSLIB] processing : 2020/10/04 04:54:58 Q=5
2026-01-08 19:38:23,906 - INFO - [GINSLIB] processing : 2020/10/04 04:54:59 Q=5
2026-01-08 19:38:23,907 - INFO - [GINSLIB] processing : 2020/10/04 04:55:00 Q=5
2026-01-08 19:38:23,907 - INFO - [GINSLIB] processing : 2020/10/04 04:55:01 Q=5
2026-01-08 19:38:23,907 - INFO - [GINSLIB] processing : 2020/10/04 04:55:02 Q=5
2026-01-08 19:38:23,907 - INFO - [GINSLIB] processing : 2020/10/04 04:55:03 Q=5
2026-01-08 19:38:23,907 - INFO - [GINSLIB] processing : 2020/10/04 04:55:04 Q=5
2026-01-08 19:38:23,908 - INFO - [GINSLIB] processing : 2020/10/04 04:55:05 Q=5
2026-01-08 19:38:23,908 - INFO - [GINSLIB] processing : 2020/10/04 04:55:06 Q=5
2026-01-08 19:38:23,908 - INFO - [GINSLIB] processing : 2020/10/04 04:55:07 Q=5
2026-01-08 19:38:23,908 - INFO - [GINSLIB] processing : 2020/10/04 04:55:08 Q=5
2026-01-08 19:38:23,908 - INFO - [GINSLIB] processing : 2020/10/04 04:55:09 Q=5
2026-01-08 19:38:23,908 - INFO - [GINSLIB] processing : 2020/10/04 04:55:10 Q=5
2026-01-08 19:38:23,909 - INFO - [GINSLIB] processing : 2020/10/04 04:55:11 Q=5
2026-01-08 19:38:23,909 - INFO - [GINSLIB] processing : 2020/10/04 04:55:12 Q=5
2026-01-08 19:38:23,909 - INFO - [GINSLIB] processing : 2020/10/04 04:55:13 Q=5
2026-01-08 19:38:24,209 - INFO - [GINSLIB] processing : 2020/10/04 04:55:14 Q=5
2026-01-08 19:38:24,210 - INFO - [GINSLIB] processing : 2020/10/04 04:55:15 Q=5
2026-01-08 19:38:24,210 - INFO - [GINSLIB] processing : 2020/10/04 04:55:16 Q=5
2026-01-08 19:38:24,210 - INFO - [GINSLIB] processing : 2020/10/04 04:55:17 Q=5
2026-01-08 19:38:24,210 - INFO - [GINSLIB] processing : 2020/10/04 04:55:18 Q=5
2026-01-08 19:38:24,210 - INFO - [GINSLIB] processing : 2020/10/04 04:55:19 Q=5
2026-01-08 19:38:24,211 - INFO - [GINSLIB] processing : 2020/10/04 04:55:20 Q=5
2026-01-08 19:38:24,211 - INFO - [GINSLIB] processing : 2020/10/04 04:55:21 Q=5
2026-01-08 19:38:24,211 - INFO - [GINSLIB] processing : 2020/10/04 04:55:22 Q=5
2026-01-08 19:38:24,211 - INFO - [GINSLIB] processing : 2020/10/04 04:55:23 Q=5
2026-01-08 19:38:24,211 - INFO - [GINSLIB] processing : 2020/10/04 04:55:24 Q=5
2026-01-08 19:38:24,212 - INFO - [GINSLIB] processing : 2020/10/04 04:55:25 Q=5
2026-01-08 19:38:24,212 - INFO - [GINSLIB] processing : 2020/10/04 04:55:26 Q=5
2026-01-08 19:38:24,212 - INFO - [GINSLIB] processing : 2020/10/04 04:55:27 Q=5
2026-01-08 19:38:24,212 - INFO - [GINSLIB] processing : 2020/10/04 04:55:28 Q=5
2026-01-08 19:38:24,212 - INFO - [GINSLIB] processing : 2020/10/04 04:55:29 Q=5
2026-01-08 19:38:24,213 - INFO - [GINSLIB] processing : 2020/10/04 04:55:30 Q=5
2026-01-08 19:38:24,213 - INFO - [GINSLIB] processing : 2020/10/04 04:55:31 Q=5
2026-01-08 19:38:24,213 - INFO - [GINSLIB] processing : 2020/10/04 04:55:32 Q=5
2026-01-08 19:38:24,213 - INFO - [GINSLIB] processing : 2020/10/04 04:55:33 Q=5
2026-01-08 19:38:24,213 - INFO - [GINSLIB] processing : 2020/10/04 04:55:34 Q=5
2026-01-08 19:38:24,213 - INFO - [GINSLIB] processing : 2020/10/04 04:55:35 Q=5
2026-01-08 19:38:24,214 - INFO - [GINSLIB] processing : 2020/10/04 04:55:36 Q=5
2026-01-08 19:38:24,214 - INFO - [GINSLIB] processing : 2020/10/04 04:55:37 Q=5
2026-01-08 19:38:24,214 - INFO - [GINSLIB] processing : 2020/10/04 04:55:38 Q=0
2026-01-08 19:38:24,214 - INFO - [GINSLIB] processing : 2020/10/04 04:55:39 Q=5
2026-01-08 19:38:24,214 - INFO - [GINSLIB] processing : 2020/10/04 04:55:40 Q=5
2026-01-08 19:38:24,214 - INFO - [GINSLIB] processing : 2020/10/04 04:55:41 Q=5
2026-01-08 19:38:24,214 - INFO - [GINSLIB] processing : 2020/10/04 04:55:42 Q=5
2026-01-08 19:38:24,215 - INFO - [GINSLIB] processing : 2020/10/04 04:55:43 Q=5
2026-01-08 19:38:24,215 - INFO - [GINSLIB] processing : 2020/10/04 04:55:44 Q=5
2026-01-08 19:38:24,215 - INFO - [GINSLIB] processing : 2020/10/04 04:55:45 Q=5
2026-01-08 19:38:24,215 - INFO - [GINSLIB] processing : 2020/10/04 04:55:46 Q=5
2026-01-08 19:38:24,215 - INFO - [GINSLIB] processing : 2020/10/04 04:55:47 Q=5
2026-01-08 19:38:24,215 - INFO - [GINSLIB] processing : 2020/10/04 04:55:48 Q=5
2026-01-08 19:38:24,215 - INFO - [GINSLIB] processing : 2020/10/04 04:55:49 Q=5
2026-01-08 19:38:24,215 - INFO - [GINSLIB] processing : 2020/10/04 04:55:50 Q=5
2026-01-08 19:38:24,216 - INFO - [GINSLIB] processing : 2020/10/04 04:55:51 Q=5
2026-01-08 19:38:24,216 - INFO - [GINSLIB] processing : 2020/10/04 04:55:52 Q=5
2026-01-08 19:38:24,216 - INFO - [GINSLIB] processing : 2020/10/04 04:55:53 Q=5
2026-01-08 19:38:24,216 - INFO - [GINSLIB] processing : 2020/10/04 04:55:54 Q=5
2026-01-08 19:38:24,216 - INFO - [GINSLIB] processing : 2020/10/04 04:55:55 Q=5
2026-01-08 19:38:24,216 - INFO - [GINSLIB] processing : 2020/10/04 04:55:56 Q=5
2026-01-08 19:38:24,216 - INFO - [GINSLIB] processing : 2020/10/04 04:55:57 Q=5
2026-01-08 19:38:24,216 - INFO - [GINSLIB] processing : 2020/10/04 04:55:58 Q=5
2026-01-08 19:38:24,217 - INFO - [GINSLIB] processing : 2020/10/04 04:55:59 Q=5
2026-01-08 19:38:24,217 - INFO - [GINSLIB] processing : 2020/10/04 04:56:00 Q=5
2026-01-08 19:38:24,217 - INFO - [GINSLIB] processing : 2020/10/04 04:56:01 Q=5
2026-01-08 19:38:24,217 - INFO - [GINSLIB] processing : 2020/10/04 04:56:02 Q=5
2026-01-08 19:38:24,217 - INFO - [GINSLIB] processing : 2020/10/04 04:56:03 Q=5
2026-01-08 19:38:24,217 - INFO - [GINSLIB] processing : 2020/10/04 04:56:04 Q=5
2026-01-08 19:38:24,217 - INFO - [GINSLIB] processing : 2020/10/04 04:56:05 Q=5
2026-01-08 19:38:24,217 - INFO - [GINSLIB] processing : 2020/10/04 04:56:06 Q=5
2026-01-08 19:38:24,217 - INFO - [GINSLIB] processing : 2020/10/04 04:56:07 Q=5
2026-01-08 19:38:24,217 - INFO - [GINSLIB] processing : 2020/10/04 04:56:08 Q=5
2026-01-08 19:38:24,218 - INFO - [GINSLIB] processing : 2020/10/04 04:56:09 Q=5
2026-01-08 19:38:24,218 - INFO - [GINSLIB] processing : 2020/10/04 04:56:10 Q=5
2026-01-08 19:38:24,218 - INFO - [GINSLIB] processing : 2020/10/04 04:56:11 Q=5
2026-01-08 19:38:24,218 - INFO - [GINSLIB] processing : 2020/10/04 04:56:12 Q=5
2026-01-08 19:38:24,218 - INFO - [GINSLIB] processing : 2020/10/04 04:56:13 Q=5
2026-01-08 19:38:24,218 - INFO - [GINSLIB] processing : 2020/10/04 04:56:14 Q=5
2026-01-08 19:38:24,218 - INFO - [GINSLIB] processing : 2020/10/04 04:56:15 Q=5
2026-01-08 19:38:24,218 - INFO - [GINSLIB] processing : 2020/10/04 04:56:16 Q=5
2026-01-08 19:38:24,218 - INFO - [GINSLIB] processing : 2020/10/04 04:56:17 Q=5
2026-01-08 19:38:24,218 - INFO - [GINSLIB] processing : 2020/10/04 04:56:18 Q=5
2026-01-08 19:38:24,219 - INFO - [GINSLIB] processing : 2020/10/04 04:56:19 Q=5
2026-01-08 19:38:24,219 - INFO - [GINSLIB] processing : 2020/10/04 04:56:20 Q=5
2026-01-08 19:38:24,219 - INFO - [GINSLIB] processing : 2020/10/04 04:56:21 Q=5
2026-01-08 19:38:24,219 - INFO - [GINSLIB] processing : 2020/10/04 04:56:22 Q=5
2026-01-08 19:38:24,219 - INFO - [GINSLIB] processing : 2020/10/04 04:56:23 Q=5
2026-01-08 19:38:24,219 - INFO - [GINSLIB] processing : 2020/10/04 04:56:24 Q=5
2026-01-08 19:38:24,219 - INFO - [GINSLIB] processing : 2020/10/04 04:56:25 Q=5
2026-01-08 19:38:24,219 - INFO - [GINSLIB] processing : 2020/10/04 04:56:26 Q=5
2026-01-08 19:38:24,219 - INFO - [GINSLIB] processing : 2020/10/04 04:56:27 Q=5
2026-01-08 19:38:24,219 - INFO - [GINSLIB] processing : 2020/10/04 04:56:28 Q=5
2026-01-08 19:38:24,220 - INFO - [GINSLIB] processing : 2020/10/04 04:56:29 Q=5
2026-01-08 19:38:24,220 - INFO - [GINSLIB] processing : 2020/10/04 04:56:30 Q=5
2026-01-08 19:38:24,220 - INFO - [GINSLIB] processing : 2020/10/04 04:56:31 Q=5
2026-01-08 19:38:24,220 - INFO - [GINSLIB] processing : 2020/10/04 04:56:32 Q=5
2026-01-08 19:38:24,220 - INFO - [GINSLIB] processing : 2020/10/04 04:56:33 Q=5
2026-01-08 19:38:24,221 - INFO - [GINSLIB] processing : 2020/10/04 04:56:34 Q=5
2026-01-08 19:38:24,221 - INFO - [GINSLIB] processing : 2020/10/04 04:56:35 Q=5
2026-01-08 19:38:24,221 - INFO - [GINSLIB] processing : 2020/10/04 04:56:36 Q=5
2026-01-08 19:38:24,221 - INFO - [GINSLIB] processing : 2020/10/04 04:56:37 Q=5
2026-01-08 19:38:24,221 - INFO - [GINSLIB] processing : 2020/10/04 04:56:38 Q=5
2026-01-08 19:38:24,221 - INFO - [GINSLIB] processing : 2020/10/04 04:56:39 Q=5
2026-01-08 19:38:24,221 - INFO - [GINSLIB] processing : 2020/10/04 04:56:40 Q=5
2026-01-08 19:38:24,221 - INFO - [GINSLIB] processing : 2020/10/04 04:56:41 Q=5
2026-01-08 19:38:24,221 - INFO - [GINSLIB] processing : 2020/10/04 04:56:42 Q=5
2026-01-08 19:38:24,222 - INFO - [GINSLIB] processing : 2020/10/04 04:56:43 Q=5
2026-01-08 19:38:24,222 - INFO - [GINSLIB] processing : 2020/10/04 04:56:44 Q=5
2026-01-08 19:38:24,222 - INFO - [GINSLIB] processing : 2020/10/04 04:56:45 Q=5
2026-01-08 19:38:24,222 - INFO - [GINSLIB] processing : 2020/10/04 04:56:46 Q=5
2026-01-08 19:38:24,222 - INFO - [GINSLIB] processing : 2020/10/04 04:56:47 Q=5
2026-01-08 19:38:24,223 - INFO - [GINSLIB] processing : 2020/10/04 04:56:48 Q=5
2026-01-08 19:38:24,223 - INFO - [GINSLIB] processing : 2020/10/04 04:56:49 Q=5
2026-01-08 19:38:24,223 - INFO - [GINSLIB] processing : 2020/10/04 04:56:50 Q=5
2026-01-08 19:38:24,223 - INFO - [GINSLIB] processing : 2020/10/04 04:56:51 Q=5
2026-01-08 19:38:24,223 - INFO - [GINSLIB] processing : 2020/10/04 04:56:52 Q=5
2026-01-08 19:38:24,223 - INFO - [GINSLIB] processing : 2020/10/04 04:56:53 Q=5
2026-01-08 19:38:24,223 - INFO - [GINSLIB] processing : 2020/10/04 04:56:54 Q=5
2026-01-08 19:38:24,224 - INFO - [GINSLIB] processing : 2020/10/04 04:56:55 Q=5
2026-01-08 19:38:24,224 - INFO - [GINSLIB] processing : 2020/10/04 04:56:56 Q=5
2026-01-08 19:38:24,224 - INFO - [GINSLIB] processing : 2020/10/04 04:56:57 Q=5
2026-01-08 19:38:24,224 - INFO - [GINSLIB] processing : 2020/10/04 04:56:58 Q=5
2026-01-08 19:38:24,224 - INFO - [GINSLIB] processing : 2020/10/04 04:56:59 Q=5
2026-01-08 19:38:24,225 - INFO - [GINSLIB] processing : 2020/10/04 04:57:00 Q=5
2026-01-08 19:38:24,225 - INFO - [GINSLIB] processing : 2020/10/04 04:57:01 Q=5
2026-01-08 19:38:24,225 - INFO - [GINSLIB] processing : 2020/10/04 04:57:02 Q=5
2026-01-08 19:38:24,225 - INFO - [GINSLIB] processing : 2020/10/04 04:57:03 Q=5
2026-01-08 19:38:24,512 - INFO - [GINSLIB] processing : 2020/10/04 04:57:04 Q=5
2026-01-08 19:38:24,512 - INFO - [GINSLIB] processing : 2020/10/04 04:57:05 Q=5
2026-01-08 19:38:24,512 - INFO - [GINSLIB] processing : 2020/10/04 04:57:06 Q=5
2026-01-08 19:38:24,512 - INFO - [GINSLIB] processing : 2020/10/04 04:57:07 Q=5
2026-01-08 19:38:24,513 - INFO - [GINSLIB] processing : 2020/10/04 04:57:08 Q=5
2026-01-08 19:38:24,513 - INFO - [GINSLIB] processing : 2020/10/04 04:57:09 Q=5
2026-01-08 19:38:24,513 - INFO - [GINSLIB] processing : 2020/10/04 04:57:10 Q=5
2026-01-08 19:38:24,513 - INFO - [GINSLIB] processing : 2020/10/04 04:57:11 Q=5
2026-01-08 19:38:24,514 - INFO - [GINSLIB] processing : 2020/10/04 04:57:12 Q=5
2026-01-08 19:38:24,514 - INFO - [GINSLIB] processing : 2020/10/04 04:57:13 Q=5
2026-01-08 19:38:24,514 - INFO - [GINSLIB] processing : 2020/10/04 04:57:14 Q=5
2026-01-08 19:38:24,514 - INFO - [GINSLIB] processing : 2020/10/04 04:57:15 Q=5
2026-01-08 19:38:24,514 - INFO - [GINSLIB] processing : 2020/10/04 04:57:16 Q=5
2026-01-08 19:38:24,514 - INFO - [GINSLIB] processing : 2020/10/04 04:57:17 Q=5
2026-01-08 19:38:24,515 - INFO - [GINSLIB] processing : 2020/10/04 04:57:18 Q=5
2026-01-08 19:38:24,515 - INFO - [GINSLIB] processing : 2020/10/04 04:57:19 Q=5
2026-01-08 19:38:24,515 - INFO - [GINSLIB] processing : 2020/10/04 04:57:20 Q=5
2026-01-08 19:38:24,515 - INFO - [GINSLIB] processing : 2020/10/04 04:57:21 Q=5
2026-01-08 19:38:24,515 - INFO - [GINSLIB] processing : 2020/10/04 04:57:22 Q=5
2026-01-08 19:38:24,516 - INFO - [GINSLIB] processing : 2020/10/04 04:57:23 Q=5
2026-01-08 19:38:24,516 - INFO - [GINSLIB] processing : 2020/10/04 04:57:24 Q=5
2026-01-08 19:38:24,516 - INFO - [GINSLIB] processing : 2020/10/04 04:57:25 Q=5
2026-01-08 19:38:24,516 - INFO - [GINSLIB] processing : 2020/10/04 04:57:26 Q=5
2026-01-08 19:38:24,516 - INFO - [GINSLIB] processing : 2020/10/04 04:57:27 Q=5
2026-01-08 19:38:24,516 - INFO - [GINSLIB] processing : 2020/10/04 04:57:28 Q=5
2026-01-08 19:38:24,516 - INFO - [GINSLIB] processing : 2020/10/04 04:57:29 Q=5
2026-01-08 19:38:24,517 - INFO - [GINSLIB] processing : 2020/10/04 04:57:30 Q=5
2026-01-08 19:38:24,517 - INFO - [GINSLIB] processing : 2020/10/04 04:57:31 Q=5
2026-01-08 19:38:24,517 - INFO - [GINSLIB] processing : 2020/10/04 04:57:32 Q=5
2026-01-08 19:38:24,517 - INFO - [GINSLIB] processing : 2020/10/04 04:57:33 Q=5
2026-01-08 19:38:24,517 - INFO - [GINSLIB] processing : 2020/10/04 04:57:34 Q=5
2026-01-08 19:38:24,517 - INFO - [GINSLIB] processing : 2020/10/04 04:57:35 Q=5
2026-01-08 19:38:24,517 - INFO - [GINSLIB] processing : 2020/10/04 04:57:36 Q=5
2026-01-08 19:38:24,517 - INFO - [GINSLIB] processing : 2020/10/04 04:57:37 Q=5
2026-01-08 19:38:24,517 - INFO - [GINSLIB] processing : 2020/10/04 04:57:38 Q=5
2026-01-08 19:38:24,518 - INFO - [GINSLIB] processing : 2020/10/04 04:57:39 Q=5
2026-01-08 19:38:24,518 - INFO - [GINSLIB] processing : 2020/10/04 04:57:40 Q=5
2026-01-08 19:38:24,518 - INFO - [GINSLIB] processing : 2020/10/04 04:57:41 Q=5
2026-01-08 19:38:24,518 - INFO - [GINSLIB] processing : 2020/10/04 04:57:42 Q=5
2026-01-08 19:38:24,518 - INFO - [GINSLIB] processing : 2020/10/04 04:57:43 Q=5
2026-01-08 19:38:24,518 - INFO - [GINSLIB] processing : 2020/10/04 04:57:44 Q=5
2026-01-08 19:38:24,518 - INFO - [GINSLIB] processing : 2020/10/04 04:57:45 Q=5
2026-01-08 19:38:24,518 - INFO - [GINSLIB] processing : 2020/10/04 04:57:46 Q=5
2026-01-08 19:38:24,518 - INFO - [GINSLIB] processing : 2020/10/04 04:57:47 Q=5
2026-01-08 19:38:24,519 - INFO - [GINSLIB] processing : 2020/10/04 04:57:48 Q=5
2026-01-08 19:38:24,519 - INFO - [GINSLIB] processing : 2020/10/04 04:57:49 Q=5
2026-01-08 19:38:24,519 - INFO - [GINSLIB] processing : 2020/10/04 04:57:50 Q=5
2026-01-08 19:38:24,519 - INFO - [GINSLIB] processing : 2020/10/04 04:57:51 Q=5
2026-01-08 19:38:24,519 - INFO - [GINSLIB] processing : 2020/10/04 04:57:52 Q=5
2026-01-08 19:38:24,519 - INFO - [GINSLIB] processing : 2020/10/04 04:57:53 Q=5
2026-01-08 19:38:24,519 - INFO - [GINSLIB] processing : 2020/10/04 04:57:54 Q=5
2026-01-08 19:38:24,519 - INFO - [GINSLIB] processing : 2020/10/04 04:57:55 Q=5
2026-01-08 19:38:24,519 - INFO - [GINSLIB] processing : 2020/10/04 04:57:56 Q=5
2026-01-08 19:38:24,519 - INFO - [GINSLIB] processing : 2020/10/04 04:57:57 Q=5
2026-01-08 19:38:24,519 - INFO - [GINSLIB] processing : 2020/10/04 04:57:58 Q=5
2026-01-08 19:38:24,520 - INFO - [GINSLIB] processing : 2020/10/04 04:57:59 Q=5
2026-01-08 19:38:24,520 - INFO - [GINSLIB] processing : 2020/10/04 04:58:00 Q=5
2026-01-08 19:38:24,520 - INFO - [GINSLIB] processing : 2020/10/04 04:58:01 Q=5
2026-01-08 19:38:24,520 - INFO - [GINSLIB] processing : 2020/10/04 04:58:02 Q=5
2026-01-08 19:38:24,520 - INFO - [GINSLIB] processing : 2020/10/04 04:58:03 Q=5
2026-01-08 19:38:24,520 - INFO - [GINSLIB] processing : 2020/10/04 04:58:04 Q=5
2026-01-08 19:38:24,520 - INFO - [GINSLIB] processing : 2020/10/04 04:58:05 Q=5
2026-01-08 19:38:24,520 - INFO - [GINSLIB] processing : 2020/10/04 04:58:06 Q=5
2026-01-08 19:38:24,520 - INFO - [GINSLIB] processing : 2020/10/04 04:58:07 Q=5
2026-01-08 19:38:24,520 - INFO - [GINSLIB] processing : 2020/10/04 04:58:08 Q=5
2026-01-08 19:38:24,520 - INFO - [GINSLIB] processing : 2020/10/04 04:58:09 Q=5
2026-01-08 19:38:24,521 - INFO - [GINSLIB] processing : 2020/10/04 04:58:10 Q=5
2026-01-08 19:38:24,521 - INFO - [GINSLIB] processing : 2020/10/04 04:58:11 Q=5
2026-01-08 19:38:24,521 - INFO - [GINSLIB] processing : 2020/10/04 04:58:12 Q=5
2026-01-08 19:38:24,521 - INFO - [GINSLIB] processing : 2020/10/04 04:58:13 Q=5
2026-01-08 19:38:24,521 - INFO - [GINSLIB] processing : 2020/10/04 04:58:14 Q=5
2026-01-08 19:38:24,521 - INFO - [GINSLIB] processing : 2020/10/04 04:58:15 Q=5
2026-01-08 19:38:24,521 - INFO - [GINSLIB] processing : 2020/10/04 04:58:16 Q=5
2026-01-08 19:38:24,521 - INFO - [GINSLIB] processing : 2020/10/04 04:58:17 Q=5
2026-01-08 19:38:24,521 - INFO - [GINSLIB] processing : 2020/10/04 04:58:18 Q=5
2026-01-08 19:38:24,521 - INFO - [GINSLIB] processing : 2020/10/04 04:58:19 Q=5
2026-01-08 19:38:24,521 - INFO - [GINSLIB] processing : 2020/10/04 04:58:20 Q=5
2026-01-08 19:38:24,522 - INFO - [GINSLIB] processing : 2020/10/04 04:58:21 Q=5
2026-01-08 19:38:24,522 - INFO - [GINSLIB] processing : 2020/10/04 04:58:22 Q=5
2026-01-08 19:38:24,522 - INFO - [GINSLIB] processing : 2020/10/04 04:58:23 Q=5
2026-01-08 19:38:24,522 - INFO - [GINSLIB] processing : 2020/10/04 04:58:24 Q=5
2026-01-08 19:38:24,522 - INFO - [GINSLIB] processing : 2020/10/04 04:58:25 Q=5
2026-01-08 19:38:24,522 - INFO - [GINSLIB] processing : 2020/10/04 04:58:26 Q=5
2026-01-08 19:38:24,522 - INFO - [GINSLIB] processing : 2020/10/04 04:58:27 Q=5
2026-01-08 19:38:24,522 - INFO - [GINSLIB] processing : 2020/10/04 04:58:28 Q=5
2026-01-08 19:38:24,522 - INFO - [GINSLIB] processing : 2020/10/04 04:58:29 Q=5
2026-01-08 19:38:24,522 - INFO - [GINSLIB] processing : 2020/10/04 04:58:30 Q=5
2026-01-08 19:38:24,522 - INFO - [GINSLIB] processing : 2020/10/04 04:58:31 Q=5
2026-01-08 19:38:24,523 - INFO - [GINSLIB] processing : 2020/10/04 04:58:32 Q=5
2026-01-08 19:38:24,523 - INFO - [GINSLIB] processing : 2020/10/04 04:58:33 Q=5
2026-01-08 19:38:24,523 - INFO - [GINSLIB] processing : 2020/10/04 04:58:34 Q=5
2026-01-08 19:38:24,523 - INFO - [GINSLIB] processing : 2020/10/04 04:58:35 Q=5
2026-01-08 19:38:24,523 - INFO - [GINSLIB] processing : 2020/10/04 04:58:36 Q=5
2026-01-08 19:38:24,523 - INFO - [GINSLIB] processing : 2020/10/04 04:58:37 Q=5
2026-01-08 19:38:24,523 - INFO - [GINSLIB] processing : 2020/10/04 04:58:38 Q=5
2026-01-08 19:38:24,523 - INFO - [GINSLIB] processing : 2020/10/04 04:58:39 Q=5
2026-01-08 19:38:24,524 - INFO - [GINSLIB] processing : 2020/10/04 04:58:40 Q=5
2026-01-08 19:38:24,524 - INFO - [GINSLIB] processing : 2020/10/04 04:58:41 Q=5
2026-01-08 19:38:24,524 - INFO - [GINSLIB] processing : 2020/10/04 04:58:42 Q=5
2026-01-08 19:38:24,524 - INFO - [GINSLIB] processing : 2020/10/04 04:58:43 Q=5
2026-01-08 19:38:24,525 - INFO - [GINSLIB] processing : 2020/10/04 04:58:44 Q=5
2026-01-08 19:38:24,525 - INFO - [GINSLIB] processing : 2020/10/04 04:58:45 Q=5
2026-01-08 19:38:24,525 - INFO - [GINSLIB] processing : 2020/10/04 04:58:46 Q=5
2026-01-08 19:38:24,525 - INFO - [GINSLIB] processing : 2020/10/04 04:58:47 Q=5
2026-01-08 19:38:24,526 - INFO - [GINSLIB] processing : 2020/10/04 04:58:48 Q=5
2026-01-08 19:38:24,526 - INFO - [GINSLIB] processing : 2020/10/04 04:58:49 Q=5
2026-01-08 19:38:24,526 - INFO - [GINSLIB] processing : 2020/10/04 04:58:50 Q=5
2026-01-08 19:38:24,526 - INFO - [GINSLIB] processing : 2020/10/04 04:58:51 Q=5
2026-01-08 19:38:24,526 - INFO - [GINSLIB] processing : 2020/10/04 04:58:52 Q=5
2026-01-08 19:38:24,527 - INFO - [GINSLIB] processing : 2020/10/04 04:58:53 Q=5
2026-01-08 19:38:24,527 - INFO - [GINSLIB] processing : 2020/10/04 04:58:54 Q=5
2026-01-08 19:38:24,810 - INFO - [GINSLIB] processing : 2020/10/04 04:58:55 Q=5
2026-01-08 19:38:24,811 - INFO - [GINSLIB] processing : 2020/10/04 04:58:56 Q=5
2026-01-08 19:38:24,811 - INFO - [GINSLIB] processing : 2020/10/04 04:58:57 Q=5
2026-01-08 19:38:24,811 - INFO - [GINSLIB] processing : 2020/10/04 04:58:58 Q=5
2026-01-08 19:38:24,811 - INFO - [GINSLIB] processing : 2020/10/04 04:58:59 Q=5
2026-01-08 19:38:24,811 - INFO - [GINSLIB] processing : 2020/10/04 04:59:00 Q=5
2026-01-08 19:38:24,811 - INFO - [GINSLIB] processing : 2020/10/04 04:59:01 Q=5
2026-01-08 19:38:24,811 - INFO - [GINSLIB] processing : 2020/10/04 04:59:02 Q=5
2026-01-08 19:38:24,811 - INFO - [GINSLIB] processing : 2020/10/04 04:59:03 Q=5
2026-01-08 19:38:24,812 - INFO - [GINSLIB] processing : 2020/10/04 04:59:04 Q=5
2026-01-08 19:38:24,812 - INFO - [GINSLIB] processing : 2020/10/04 04:59:05 Q=5
2026-01-08 19:38:24,812 - INFO - [GINSLIB] processing : 2020/10/04 04:59:06 Q=5
2026-01-08 19:38:24,812 - INFO - [GINSLIB] processing : 2020/10/04 04:59:07 Q=5
2026-01-08 19:38:24,812 - INFO - [GINSLIB] processing : 2020/10/04 04:59:08 Q=5
2026-01-08 19:38:24,812 - INFO - [GINSLIB] processing : 2020/10/04 04:59:09 Q=5
2026-01-08 19:38:24,812 - INFO - [GINSLIB] processing : 2020/10/04 04:59:10 Q=5
2026-01-08 19:38:24,813 - INFO - [GINSLIB] processing : 2020/10/04 04:59:11 Q=0
2026-01-08 19:38:24,813 - INFO - [GINSLIB] processing : 2020/10/04 04:59:12 Q=5
2026-01-08 19:38:24,813 - INFO - [GINSLIB] processing : 2020/10/04 04:59:13 Q=5
2026-01-08 19:38:24,813 - INFO - [GINSLIB] processing : 2020/10/04 04:59:14 Q=5
2026-01-08 19:38:24,813 - INFO - [GINSLIB] processing : 2020/10/04 04:59:15 Q=5
2026-01-08 19:38:24,813 - INFO - [GINSLIB] processing : 2020/10/04 04:59:16 Q=5
2026-01-08 19:38:24,813 - INFO - [GINSLIB] processing : 2020/10/04 04:59:17 Q=0
2026-01-08 19:38:24,813 - INFO - [GINSLIB] processing : 2020/10/04 04:59:18 Q=5
2026-01-08 19:38:24,813 - INFO - [GINSLIB] processing : 2020/10/04 04:59:19 Q=5
2026-01-08 19:38:24,813 - INFO - [GINSLIB] processing : 2020/10/04 04:59:20 Q=5
2026-01-08 19:38:24,814 - INFO - [GINSLIB] processing : 2020/10/04 04:59:21 Q=5
2026-01-08 19:38:24,814 - INFO - [GINSLIB] processing : 2020/10/04 04:59:22 Q=5
2026-01-08 19:38:24,814 - INFO - [GINSLIB] processing : 2020/10/04 04:59:23 Q=5
2026-01-08 19:38:24,814 - INFO - [GINSLIB] processing : 2020/10/04 04:59:24 Q=5
2026-01-08 19:38:24,814 - INFO - [GINSLIB] processing : 2020/10/04 04:59:25 Q=5
2026-01-08 19:38:24,814 - INFO - [GINSLIB] processing : 2020/10/04 04:59:26 Q=5
2026-01-08 19:38:24,814 - INFO - [GINSLIB] processing : 2020/10/04 04:59:27 Q=5
2026-01-08 19:38:24,814 - INFO - [GINSLIB] processing : 2020/10/04 04:59:28 Q=5
2026-01-08 19:38:24,814 - INFO - [GINSLIB] processing : 2020/10/04 04:59:29 Q=5
2026-01-08 19:38:24,814 - INFO - [GINSLIB] processing : 2020/10/04 04:59:30 Q=5
2026-01-08 19:38:24,814 - INFO - [GINSLIB] processing : 2020/10/04 04:59:31 Q=5
2026-01-08 19:38:24,815 - INFO - [GINSLIB] processing : 2020/10/04 04:59:32 Q=5
2026-01-08 19:38:24,815 - INFO - [GINSLIB] processing : 2020/10/04 04:59:33 Q=5
2026-01-08 19:38:24,815 - INFO - [GINSLIB] processing : 2020/10/04 04:59:34 Q=5
2026-01-08 19:38:24,815 - INFO - [GINSLIB] processing : 2020/10/04 04:59:35 Q=5
2026-01-08 19:38:24,815 - INFO - [GINSLIB] processing : 2020/10/04 04:59:36 Q=5
2026-01-08 19:38:24,815 - INFO - [GINSLIB] processing : 2020/10/04 04:59:37 Q=5
2026-01-08 19:38:24,815 - INFO - [GINSLIB] processing : 2020/10/04 04:59:38 Q=5
2026-01-08 19:38:24,815 - INFO - [GINSLIB] processing : 2020/10/04 04:59:39 Q=5
2026-01-08 19:38:24,815 - INFO - [GINSLIB] processing : 2020/10/04 04:59:40 Q=5
2026-01-08 19:38:24,815 - INFO - [GINSLIB] processing : 2020/10/04 04:59:41 Q=5
2026-01-08 19:38:24,816 - INFO - [GINSLIB] processing : 2020/10/04 04:59:42 Q=5
2026-01-08 19:38:24,816 - INFO - [GINSLIB] processing : 2020/10/04 04:59:43 Q=5
2026-01-08 19:38:24,816 - INFO - [GINSLIB] processing : 2020/10/04 04:59:44 Q=5
2026-01-08 19:38:24,816 - INFO - [GINSLIB] processing : 2020/10/04 04:59:45 Q=5
2026-01-08 19:38:24,816 - INFO - [GINSLIB] processing : 2020/10/04 04:59:46 Q=5
2026-01-08 19:38:24,816 - INFO - [GINSLIB] processing : 2020/10/04 04:59:47 Q=5
2026-01-08 19:38:24,816 - INFO - [GINSLIB] processing : 2020/10/04 04:59:48 Q=5
2026-01-08 19:38:24,816 - INFO - [GINSLIB] processing : 2020/10/04 04:59:49 Q=5
2026-01-08 19:38:24,816 - INFO - [GINSLIB] processing : 2020/10/04 04:59:50 Q=5
2026-01-08 19:38:24,816 - INFO - [GINSLIB] processing : 2020/10/04 04:59:51 Q=5
2026-01-08 19:38:24,816 - INFO - [GINSLIB] processing : 2020/10/04 04:59:52 Q=5
2026-01-08 19:38:24,817 - INFO - [GINSLIB] processing : 2020/10/04 04:59:53 Q=5
2026-01-08 19:38:24,817 - INFO - [GINSLIB] processing : 2020/10/04 04:59:54 Q=5
2026-01-08 19:38:24,817 - INFO - [GINSLIB] processing : 2020/10/04 04:59:55 Q=5
2026-01-08 19:38:24,817 - INFO - [GINSLIB] processing : 2020/10/04 04:59:56 Q=5
2026-01-08 19:38:24,817 - INFO - [GINSLIB] processing : 2020/10/04 04:59:57 Q=5
2026-01-08 19:38:24,817 - INFO - [GINSLIB] processing : 2020/10/04 04:59:58 Q=5
2026-01-08 19:38:24,817 - INFO - [GINSLIB] processing : 2020/10/04 04:59:59 Q=5
2026-01-08 19:38:24,817 - INFO - [GINSLIB] processing : 2020/10/04 05:00:00 Q=5
2026-01-08 19:38:24,817 - INFO - [GINSLIB] processing : 2020/10/04 05:00:01 Q=5
2026-01-08 19:38:24,817 - INFO - [GINSLIB] processing : 2020/10/04 05:00:02 Q=5
2026-01-08 19:38:24,817 - INFO - [GINSLIB] processing : 2020/10/04 05:00:03 Q=5
2026-01-08 19:38:24,818 - INFO - [GINSLIB] processing : 2020/10/04 05:00:04 Q=5
2026-01-08 19:38:24,818 - INFO - [GINSLIB] processing : 2020/10/04 05:00:05 Q=5
2026-01-08 19:38:24,818 - INFO - [GINSLIB] processing : 2020/10/04 05:00:06 Q=5
2026-01-08 19:38:24,818 - INFO - [GINSLIB] processing : 2020/10/04 05:00:07 Q=5
2026-01-08 19:38:24,818 - INFO - [GINSLIB] processing : 2020/10/04 05:00:08 Q=5
2026-01-08 19:38:24,818 - INFO - [GINSLIB] processing : 2020/10/04 05:00:09 Q=5
2026-01-08 19:38:24,818 - INFO - [GINSLIB] processing : 2020/10/04 05:00:10 Q=5
2026-01-08 19:38:24,818 - INFO - [GINSLIB] processing : 2020/10/04 05:00:11 Q=5
2026-01-08 19:38:24,818 - INFO - [GINSLIB] processing : 2020/10/04 05:00:12 Q=5
2026-01-08 19:38:24,818 - INFO - [GINSLIB] processing : 2020/10/04 05:00:13 Q=5
2026-01-08 19:38:24,819 - INFO - [GINSLIB] processing : 2020/10/04 05:00:14 Q=5
2026-01-08 19:38:24,819 - INFO - [GINSLIB] processing : 2020/10/04 05:00:15 Q=5
2026-01-08 19:38:24,819 - INFO - [GINSLIB] processing : 2020/10/04 05:00:16 Q=5
2026-01-08 19:38:24,819 - INFO - [GINSLIB] processing : 2020/10/04 05:00:17 Q=5
2026-01-08 19:38:24,819 - INFO - [GINSLIB] processing : 2020/10/04 05:00:18 Q=5
2026-01-08 19:38:24,819 - INFO - [GINSLIB] processing : 2020/10/04 05:00:19 Q=5
2026-01-08 19:38:24,819 - INFO - [GINSLIB] processing : 2020/10/04 05:00:20 Q=5
2026-01-08 19:38:24,819 - INFO - [GINSLIB] processing : 2020/10/04 05:00:21 Q=5
2026-01-08 19:38:24,819 - INFO - [GINSLIB] processing : 2020/10/04 05:00:22 Q=5
2026-01-08 19:38:24,820 - INFO - [GINSLIB] processing : 2020/10/04 05:00:23 Q=5
2026-01-08 19:38:24,820 - INFO - [GINSLIB] processing : 2020/10/04 05:00:24 Q=5
2026-01-08 19:38:24,820 - INFO - [GINSLIB] processing : 2020/10/04 05:00:25 Q=5
2026-01-08 19:38:24,820 - INFO - [GINSLIB] processing : 2020/10/04 05:00:26 Q=5
2026-01-08 19:38:24,820 - INFO - [GINSLIB] processing : 2020/10/04 05:00:27 Q=5
2026-01-08 19:38:24,820 - INFO - [GINSLIB] processing : 2020/10/04 05:00:28 Q=5
2026-01-08 19:38:24,820 - INFO - [GINSLIB] processing : 2020/10/04 05:00:29 Q=5
2026-01-08 19:38:24,820 - INFO - [GINSLIB] processing : 2020/10/04 05:00:30 Q=5
2026-01-08 19:38:24,821 - INFO - [GINSLIB] processing : 2020/10/04 05:00:31 Q=5
2026-01-08 19:38:24,821 - INFO - [GINSLIB] processing : 2020/10/04 05:00:32 Q=5
2026-01-08 19:38:24,821 - INFO - [GINSLIB] processing : 2020/10/04 05:00:33 Q=5
2026-01-08 19:38:24,821 - INFO - [GINSLIB] processing : 2020/10/04 05:00:34 Q=5
2026-01-08 19:38:24,821 - INFO - [GINSLIB] processing : 2020/10/04 05:00:35 Q=5
2026-01-08 19:38:24,821 - INFO - [GINSLIB] processing : 2020/10/04 05:00:36 Q=5
2026-01-08 19:38:24,821 - INFO - [GINSLIB] processing : 2020/10/04 05:00:37 Q=5
2026-01-08 19:38:24,822 - INFO - [GINSLIB] processing : 2020/10/04 05:00:38 Q=5
2026-01-08 19:38:24,822 - INFO - [GINSLIB] processing : 2020/10/04 05:00:39 Q=5
2026-01-08 19:38:24,822 - INFO - [GINSLIB] processing : 2020/10/04 05:00:40 Q=0
2026-01-08 19:38:24,822 - INFO - [GINSLIB] processing : 2020/10/04 05:00:41 Q=5
2026-01-08 19:38:24,822 - INFO - [GINSLIB] processing : 2020/10/04 05:00:42 Q=5
2026-01-08 19:38:24,822 - INFO - [GINSLIB] processing : 2020/10/04 05:00:43 Q=5
2026-01-08 19:38:24,822 - INFO - [GINSLIB] processing : 2020/10/04 05:00:44 Q=5
2026-01-08 19:38:24,822 - INFO - [GINSLIB] processing : 2020/10/04 05:00:45 Q=5
2026-01-08 19:38:25,136 - INFO - [GINSLIB] processing : 2020/10/04 05:00:46 Q=5
2026-01-08 19:38:25,137 - INFO - [GINSLIB] processing : 2020/10/04 05:00:47 Q=5
2026-01-08 19:38:25,137 - INFO - [GINSLIB] processing : 2020/10/04 05:00:48 Q=0
2026-01-08 19:38:25,137 - INFO - [GINSLIB] processing : 2020/10/04 05:00:49 Q=0
2026-01-08 19:38:25,137 - INFO - [GINSLIB] processing : 2020/10/04 05:00:50 Q=0
2026-01-08 19:38:25,138 - INFO - [GINSLIB] processing : 2020/10/04 05:00:51 Q=0
2026-01-08 19:38:25,138 - INFO - [GINSLIB] processing : 2020/10/04 05:00:52 Q=0
2026-01-08 19:38:25,139 - INFO - [GINSLIB] processing : 2020/10/04 05:00:53 Q=0
2026-01-08 19:38:25,139 - INFO - [GINSLIB] processing : 2020/10/04 05:00:54 Q=0
2026-01-08 19:38:25,139 - INFO - [GINSLIB] processing : 2020/10/04 05:00:55 Q=0
2026-01-08 19:38:25,139 - INFO - [GINSLIB] processing : 2020/10/04 05:00:56 Q=0
2026-01-08 19:38:25,140 - INFO - [GINSLIB] processing : 2020/10/04 05:00:57 Q=5
2026-01-08 19:38:25,140 - INFO - [GINSLIB] processing : 2020/10/04 05:00:58 Q=5
2026-01-08 19:38:25,140 - INFO - [GINSLIB] processing : 2020/10/04 05:00:59 Q=5
2026-01-08 19:38:25,140 - INFO - [GINSLIB] processing : 2020/10/04 05:01:00 Q=5
2026-01-08 19:38:25,141 - INFO - [GINSLIB] processing : 2020/10/04 05:01:01 Q=5
2026-01-08 19:38:25,141 - INFO - [GINSLIB] processing : 2020/10/04 05:01:02 Q=5
2026-01-08 19:38:25,141 - INFO - [GINSLIB] processing : 2020/10/04 05:01:03 Q=5
2026-01-08 19:38:25,141 - INFO - [GINSLIB] processing : 2020/10/04 05:01:04 Q=5
2026-01-08 19:38:25,141 - INFO - [GINSLIB] processing : 2020/10/04 05:01:05 Q=5
2026-01-08 19:38:25,142 - INFO - [GINSLIB] processing : 2020/10/04 05:01:06 Q=5
2026-01-08 19:38:25,142 - INFO - [GINSLIB] processing : 2020/10/04 05:01:07 Q=5
2026-01-08 19:38:25,142 - INFO - [GINSLIB] processing : 2020/10/04 05:01:08 Q=5
2026-01-08 19:38:25,142 - INFO - [GINSLIB] processing : 2020/10/04 05:01:09 Q=5
2026-01-08 19:38:25,142 - INFO - [GINSLIB] processing : 2020/10/04 05:01:10 Q=5
2026-01-08 19:38:25,142 - INFO - [GINSLIB] processing : 2020/10/04 05:01:11 Q=5
2026-01-08 19:38:25,143 - INFO - [GINSLIB] processing : 2020/10/04 05:01:12 Q=5
2026-01-08 19:38:25,143 - INFO - [GINSLIB] processing : 2020/10/04 05:01:13 Q=5
2026-01-08 19:38:25,143 - INFO - [GINSLIB] processing : 2020/10/04 05:01:14 Q=5
2026-01-08 19:38:25,143 - INFO - [GINSLIB] processing : 2020/10/04 05:01:15 Q=5
2026-01-08 19:38:25,143 - INFO - [GINSLIB] processing : 2020/10/04 05:01:16 Q=5
2026-01-08 19:38:25,143 - INFO - [GINSLIB] processing : 2020/10/04 05:01:17 Q=5
2026-01-08 19:38:25,144 - INFO - [GINSLIB] processing : 2020/10/04 05:01:18 Q=5
2026-01-08 19:38:25,144 - INFO - [GINSLIB] processing : 2020/10/04 05:01:19 Q=5
2026-01-08 19:38:25,144 - INFO - [GINSLIB] processing : 2020/10/04 05:01:20 Q=5
2026-01-08 19:38:25,144 - INFO - [GINSLIB] processing : 2020/10/04 05:01:21 Q=5
2026-01-08 19:38:25,144 - INFO - [GINSLIB] processing : 2020/10/04 05:01:22 Q=5
2026-01-08 19:38:25,144 - INFO - [GINSLIB] processing : 2020/10/04 05:01:23 Q=5
2026-01-08 19:38:25,144 - INFO - [GINSLIB] processing : 2020/10/04 05:01:24 Q=5
2026-01-08 19:38:25,144 - INFO - [GINSLIB] processing : 2020/10/04 05:01:25 Q=5
2026-01-08 19:38:25,144 - INFO - [GINSLIB] processing : 2020/10/04 05:01:26 Q=5
2026-01-08 19:38:25,144 - INFO - [GINSLIB] processing : 2020/10/04 05:01:27 Q=5
2026-01-08 19:38:25,145 - INFO - [GINSLIB] processing : 2020/10/04 05:01:28 Q=5
2026-01-08 19:38:25,145 - INFO - [GINSLIB] processing : 2020/10/04 05:01:29 Q=5
2026-01-08 19:38:25,145 - INFO - [GINSLIB] processing : 2020/10/04 05:01:30 Q=5
2026-01-08 19:38:25,145 - INFO - [GINSLIB] processing : 2020/10/04 05:01:31 Q=5
2026-01-08 19:38:25,145 - INFO - [GINSLIB] processing : 2020/10/04 05:01:32 Q=5
2026-01-08 19:38:25,145 - INFO - [GINSLIB] processing : 2020/10/04 05:01:33 Q=5
2026-01-08 19:38:25,145 - INFO - [GINSLIB] processing : 2020/10/04 05:01:34 Q=5
2026-01-08 19:38:25,145 - INFO - [GINSLIB] processing : 2020/10/04 05:01:35 Q=5
2026-01-08 19:38:25,145 - INFO - [GINSLIB] processing : 2020/10/04 05:01:36 Q=5
2026-01-08 19:38:25,145 - INFO - [GINSLIB] processing : 2020/10/04 05:01:37 Q=5
2026-01-08 19:38:25,146 - INFO - [GINSLIB] processing : 2020/10/04 05:01:38 Q=5
2026-01-08 19:38:25,146 - INFO - [GINSLIB] processing : 2020/10/04 05:01:39 Q=5
2026-01-08 19:38:25,146 - INFO - [GINSLIB] processing : 2020/10/04 05:01:40 Q=5
2026-01-08 19:38:25,146 - INFO - [GINSLIB] processing : 2020/10/04 05:01:41 Q=0
2026-01-08 19:38:25,146 - INFO - [GINSLIB] processing : 2020/10/04 05:01:42 Q=5
2026-01-08 19:38:25,146 - INFO - [GINSLIB] processing : 2020/10/04 05:01:43 Q=5
2026-01-08 19:38:25,146 - INFO - [GINSLIB] processing : 2020/10/04 05:01:44 Q=5
2026-01-08 19:38:25,146 - INFO - [GINSLIB] processing : 2020/10/04 05:01:45 Q=5
2026-01-08 19:38:25,146 - INFO - [GINSLIB] processing : 2020/10/04 05:01:46 Q=5
2026-01-08 19:38:25,146 - INFO - [GINSLIB] processing : 2020/10/04 05:01:47 Q=5
2026-01-08 19:38:25,146 - INFO - [GINSLIB] processing : 2020/10/04 05:01:48 Q=5
2026-01-08 19:38:25,147 - INFO - [GINSLIB] processing : 2020/10/04 05:01:49 Q=5
2026-01-08 19:38:25,147 - INFO - [GINSLIB] processing : 2020/10/04 05:01:50 Q=5
2026-01-08 19:38:25,147 - INFO - [GINSLIB] processing : 2020/10/04 05:01:51 Q=5
2026-01-08 19:38:25,147 - INFO - [GINSLIB] processing : 2020/10/04 05:01:52 Q=5
2026-01-08 19:38:25,147 - INFO - [GINSLIB] processing : 2020/10/04 05:01:53 Q=5
2026-01-08 19:38:25,147 - INFO - [GINSLIB] processing : 2020/10/04 05:01:54 Q=5
2026-01-08 19:38:25,147 - INFO - [GINSLIB] processing : 2020/10/04 05:01:55 Q=5
2026-01-08 19:38:25,147 - INFO - [GINSLIB] processing : 2020/10/04 05:01:56 Q=5
2026-01-08 19:38:25,147 - INFO - [GINSLIB] processing : 2020/10/04 05:01:57 Q=5
2026-01-08 19:38:25,147 - INFO - [GINSLIB] processing : 2020/10/04 05:01:58 Q=5
2026-01-08 19:38:25,148 - INFO - [GINSLIB] processing : 2020/10/04 05:01:59 Q=5
2026-01-08 19:38:25,148 - INFO - [GINSLIB] processing : 2020/10/04 05:02:00 Q=5
2026-01-08 19:38:25,148 - INFO - [GINSLIB] processing : 2020/10/04 05:02:01 Q=5
2026-01-08 19:38:25,148 - INFO - [GINSLIB] processing : 2020/10/04 05:02:02 Q=5
2026-01-08 19:38:25,148 - INFO - [GINSLIB] processing : 2020/10/04 05:02:03 Q=5
2026-01-08 19:38:25,148 - INFO - [GINSLIB] processing : 2020/10/04 05:02:04 Q=5
2026-01-08 19:38:25,148 - INFO - [GINSLIB] processing : 2020/10/04 05:02:05 Q=5
2026-01-08 19:38:25,148 - INFO - [GINSLIB] processing : 2020/10/04 05:02:06 Q=5
2026-01-08 19:38:25,148 - INFO - [GINSLIB] processing : 2020/10/04 05:02:07 Q=5
2026-01-08 19:38:25,148 - INFO - [GINSLIB] processing : 2020/10/04 05:02:08 Q=5
2026-01-08 19:38:25,148 - INFO - [GINSLIB] processing : 2020/10/04 05:02:09 Q=0
2026-01-08 19:38:25,149 - INFO - [GINSLIB] processing : 2020/10/04 05:02:10 Q=5
2026-01-08 19:38:25,149 - INFO - [GINSLIB] processing : 2020/10/04 05:02:11 Q=5
2026-01-08 19:38:25,149 - INFO - [GINSLIB] processing : 2020/10/04 05:02:12 Q=5
2026-01-08 19:38:25,149 - INFO - [GINSLIB] processing : 2020/10/04 05:02:13 Q=5
2026-01-08 19:38:25,149 - INFO - [GINSLIB] processing : 2020/10/04 05:02:14 Q=5
2026-01-08 19:38:25,149 - INFO - [GINSLIB] processing : 2020/10/04 05:02:15 Q=5
2026-01-08 19:38:25,149 - INFO - [GINSLIB] processing : 2020/10/04 05:02:16 Q=5
2026-01-08 19:38:25,149 - INFO - [GINSLIB] processing : 2020/10/04 05:02:17 Q=5
2026-01-08 19:38:25,149 - INFO - [GINSLIB] processing : 2020/10/04 05:02:18 Q=5
2026-01-08 19:38:25,149 - INFO - [GINSLIB] processing : 2020/10/04 05:02:19 Q=5
2026-01-08 19:38:25,149 - INFO - [GINSLIB] processing : 2020/10/04 05:02:20 Q=5
2026-01-08 19:38:25,150 - INFO - [GINSLIB] processing : 2020/10/04 05:02:21 Q=5
2026-01-08 19:38:25,150 - INFO - [GINSLIB] processing : 2020/10/04 05:02:22 Q=5
2026-01-08 19:38:25,150 - INFO - [GINSLIB] processing : 2020/10/04 05:02:23 Q=5
2026-01-08 19:38:25,150 - INFO - [GINSLIB] processing : 2020/10/04 05:02:24 Q=5
2026-01-08 19:38:25,150 - INFO - [GINSLIB] processing : 2020/10/04 05:02:25 Q=5
2026-01-08 19:38:25,150 - INFO - [GINSLIB] processing : 2020/10/04 05:02:26 Q=5
2026-01-08 19:38:25,150 - INFO - [GINSLIB] processing : 2020/10/04 05:02:27 Q=5
2026-01-08 19:38:25,150 - INFO - [GINSLIB] processing : 2020/10/04 05:02:28 Q=5
2026-01-08 19:38:25,150 - INFO - [GINSLIB] processing : 2020/10/04 05:02:29 Q=5
2026-01-08 19:38:25,150 - INFO - [GINSLIB] processing : 2020/10/04 05:02:30 Q=5
2026-01-08 19:38:25,150 - INFO - [GINSLIB] processing : 2020/10/04 05:02:31 Q=5
2026-01-08 19:38:25,151 - INFO - [GINSLIB] processing : 2020/10/04 05:02:32 Q=5
2026-01-08 19:38:25,151 - INFO - [GINSLIB] processing : 2020/10/04 05:02:33 Q=5
2026-01-08 19:38:25,151 - INFO - [GINSLIB] processing : 2020/10/04 05:02:34 Q=5
2026-01-08 19:38:25,151 - INFO - [GINSLIB] processing : 2020/10/04 05:02:35 Q=5
2026-01-08 19:38:25,151 - INFO - [GINSLIB] processing : 2020/10/04 05:02:36 Q=5
2026-01-08 19:38:25,460 - INFO - [GINSLIB] processing : 2020/10/04 05:02:37 Q=5
2026-01-08 19:38:25,461 - INFO - [GINSLIB] processing : 2020/10/04 05:02:38 Q=5
2026-01-08 19:38:25,461 - INFO - [GINSLIB] processing : 2020/10/04 05:02:39 Q=5
2026-01-08 19:38:25,461 - INFO - [GINSLIB] processing : 2020/10/04 05:02:40 Q=5
2026-01-08 19:38:25,461 - INFO - [GINSLIB] processing : 2020/10/04 05:02:41 Q=5
2026-01-08 19:38:25,462 - INFO - [GINSLIB] processing : 2020/10/04 05:02:42 Q=5
2026-01-08 19:38:25,462 - INFO - [GINSLIB] processing : 2020/10/04 05:02:43 Q=5
2026-01-08 19:38:25,462 - INFO - [GINSLIB] processing : 2020/10/04 05:02:44 Q=5
2026-01-08 19:38:25,462 - INFO - [GINSLIB] processing : 2020/10/04 05:02:45 Q=5
2026-01-08 19:38:25,462 - INFO - [GINSLIB] processing : 2020/10/04 05:02:46 Q=5
2026-01-08 19:38:25,462 - INFO - [GINSLIB] processing : 2020/10/04 05:02:47 Q=5
2026-01-08 19:38:25,463 - INFO - [GINSLIB] processing : 2020/10/04 05:02:48 Q=5
2026-01-08 19:38:25,463 - INFO - [GINSLIB] processing : 2020/10/04 05:02:49 Q=5
2026-01-08 19:38:25,463 - INFO - [GINSLIB] processing : 2020/10/04 05:02:50 Q=5
2026-01-08 19:38:25,463 - INFO - [GINSLIB] processing : 2020/10/04 05:02:51 Q=5
2026-01-08 19:38:25,463 - INFO - [GINSLIB] processing : 2020/10/04 05:02:52 Q=5
2026-01-08 19:38:25,463 - INFO - [GINSLIB] processing : 2020/10/04 05:02:53 Q=5
2026-01-08 19:38:25,464 - INFO - [GINSLIB] processing : 2020/10/04 05:02:54 Q=5
2026-01-08 19:38:25,464 - INFO - [GINSLIB] processing : 2020/10/04 05:02:55 Q=5
2026-01-08 19:38:25,464 - INFO - [GINSLIB] processing : 2020/10/04 05:02:56 Q=5
2026-01-08 19:38:25,464 - INFO - [GINSLIB] processing : 2020/10/04 05:02:57 Q=5
2026-01-08 19:38:25,464 - INFO - [GINSLIB] processing : 2020/10/04 05:02:58 Q=5
2026-01-08 19:38:25,464 - INFO - [GINSLIB] processing : 2020/10/04 05:02:59 Q=5
2026-01-08 19:38:25,464 - INFO - [GINSLIB] processing : 2020/10/04 05:03:00 Q=5
2026-01-08 19:38:25,464 - INFO - [GINSLIB] processing : 2020/10/04 05:03:01 Q=5
2026-01-08 19:38:25,464 - INFO - [GINSLIB] processing : 2020/10/04 05:03:02 Q=5
2026-01-08 19:38:25,464 - INFO - [GINSLIB] processing : 2020/10/04 05:03:03 Q=5
2026-01-08 19:38:25,465 - INFO - [GINSLIB] processing : 2020/10/04 05:03:04 Q=5
2026-01-08 19:38:25,465 - INFO - [GINSLIB] processing : 2020/10/04 05:03:05 Q=5
2026-01-08 19:38:25,465 - INFO - [GINSLIB] processing : 2020/10/04 05:03:06 Q=5
2026-01-08 19:38:25,465 - INFO - [GINSLIB] processing : 2020/10/04 05:03:07 Q=5
2026-01-08 19:38:25,465 - INFO - [GINSLIB] processing : 2020/10/04 05:03:08 Q=5
2026-01-08 19:38:25,465 - INFO - [GINSLIB] processing : 2020/10/04 05:03:09 Q=5
2026-01-08 19:38:25,465 - INFO - [GINSLIB] processing : 2020/10/04 05:03:10 Q=5
2026-01-08 19:38:25,465 - INFO - [GINSLIB] processing : 2020/10/04 05:03:11 Q=5
2026-01-08 19:38:25,465 - INFO - [GINSLIB] processing : 2020/10/04 05:03:12 Q=5
2026-01-08 19:38:25,465 - INFO - [GINSLIB] processing : 2020/10/04 05:03:13 Q=5
2026-01-08 19:38:25,466 - INFO - [GINSLIB] processing : 2020/10/04 05:03:14 Q=5
2026-01-08 19:38:25,466 - INFO - [GINSLIB] processing : 2020/10/04 05:03:15 Q=5
2026-01-08 19:38:25,466 - INFO - [GINSLIB] processing : 2020/10/04 05:03:16 Q=5
2026-01-08 19:38:25,466 - INFO - [GINSLIB] processing : 2020/10/04 05:03:17 Q=5
2026-01-08 19:38:25,466 - INFO - [GINSLIB] processing : 2020/10/04 05:03:18 Q=5
2026-01-08 19:38:25,466 - INFO - [GINSLIB] processing : 2020/10/04 05:03:19 Q=5
2026-01-08 19:38:25,466 - INFO - [GINSLIB] processing : 2020/10/04 05:03:20 Q=5
2026-01-08 19:38:25,466 - INFO - [GINSLIB] processing : 2020/10/04 05:03:21 Q=5
2026-01-08 19:38:25,466 - INFO - [GINSLIB] processing : 2020/10/04 05:03:22 Q=5
2026-01-08 19:38:25,466 - INFO - [GINSLIB] processing : 2020/10/04 05:03:23 Q=5
2026-01-08 19:38:25,466 - INFO - [GINSLIB] processing : 2020/10/04 05:03:24 Q=5
2026-01-08 19:38:25,467 - INFO - [GINSLIB] processing : 2020/10/04 05:03:25 Q=5
2026-01-08 19:38:25,467 - INFO - [GINSLIB] processing : 2020/10/04 05:03:26 Q=5
2026-01-08 19:38:25,467 - INFO - [GINSLIB] processing : 2020/10/04 05:03:27 Q=5
2026-01-08 19:38:25,467 - INFO - [GINSLIB] processing : 2020/10/04 05:03:28 Q=5
2026-01-08 19:38:25,467 - INFO - [GINSLIB] processing : 2020/10/04 05:03:29 Q=5
2026-01-08 19:38:25,467 - INFO - [GINSLIB] processing : 2020/10/04 05:03:30 Q=5
2026-01-08 19:38:25,467 - INFO - [GINSLIB] processing : 2020/10/04 05:03:31 Q=5
2026-01-08 19:38:25,467 - INFO - [GINSLIB] processing : 2020/10/04 05:03:32 Q=5
2026-01-08 19:38:25,467 - INFO - [GINSLIB] processing : 2020/10/04 05:03:33 Q=5
2026-01-08 19:38:25,467 - INFO - [GINSLIB] processing : 2020/10/04 05:03:34 Q=5
2026-01-08 19:38:25,467 - INFO - [GINSLIB] processing : 2020/10/04 05:03:35 Q=5
2026-01-08 19:38:25,468 - INFO - [GINSLIB] processing : 2020/10/04 05:03:36 Q=5
2026-01-08 19:38:25,468 - INFO - [GINSLIB] processing : 2020/10/04 05:03:37 Q=5
2026-01-08 19:38:25,468 - INFO - [GINSLIB] processing : 2020/10/04 05:03:38 Q=5
2026-01-08 19:38:25,468 - INFO - [GINSLIB] processing : 2020/10/04 05:03:39 Q=5
2026-01-08 19:38:25,468 - INFO - [GINSLIB] processing : 2020/10/04 05:03:40 Q=5
2026-01-08 19:38:25,468 - INFO - [GINSLIB] processing : 2020/10/04 05:03:41 Q=5
2026-01-08 19:38:25,468 - INFO - [GINSLIB] processing : 2020/10/04 05:03:42 Q=5
2026-01-08 19:38:25,468 - INFO - [GINSLIB] processing : 2020/10/04 05:03:43 Q=5
2026-01-08 19:38:25,468 - INFO - [GINSLIB] processing : 2020/10/04 05:03:44 Q=5
2026-01-08 19:38:25,468 - INFO - [GINSLIB] processing : 2020/10/04 05:03:45 Q=5
2026-01-08 19:38:25,469 - INFO - [GINSLIB] processing : 2020/10/04 05:03:46 Q=5
2026-01-08 19:38:25,469 - INFO - [GINSLIB] processing : 2020/10/04 05:03:47 Q=5
2026-01-08 19:38:25,469 - INFO - [GINSLIB] processing : 2020/10/04 05:03:48 Q=5
2026-01-08 19:38:25,469 - INFO - [GINSLIB] processing : 2020/10/04 05:03:49 Q=5
2026-01-08 19:38:25,469 - INFO - [GINSLIB] processing : 2020/10/04 05:03:50 Q=5
2026-01-08 19:38:25,469 - INFO - [GINSLIB] processing : 2020/10/04 05:03:51 Q=5
2026-01-08 19:38:25,469 - INFO - [GINSLIB] processing : 2020/10/04 05:03:52 Q=5
2026-01-08 19:38:25,469 - INFO - [GINSLIB] processing : 2020/10/04 05:03:53 Q=5
2026-01-08 19:38:25,469 - INFO - [GINSLIB] processing : 2020/10/04 05:03:54 Q=5
2026-01-08 19:38:25,469 - INFO - [GINSLIB] processing : 2020/10/04 05:03:55 Q=5
2026-01-08 19:38:25,469 - INFO - [GINSLIB] processing : 2020/10/04 05:03:56 Q=5
2026-01-08 19:38:25,470 - INFO - [GINSLIB] processing : 2020/10/04 05:03:57 Q=5
2026-01-08 19:38:25,470 - INFO - [GINSLIB] processing : 2020/10/04 05:03:58 Q=5
2026-01-08 19:38:25,470 - INFO - [GINSLIB] processing : 2020/10/04 05:03:59 Q=5
2026-01-08 19:38:25,470 - INFO - [GINSLIB] processing : 2020/10/04 05:04:00 Q=5
2026-01-08 19:38:25,470 - INFO - [GINSLIB] processing : 2020/10/04 05:04:01 Q=5
2026-01-08 19:38:25,470 - INFO - [GINSLIB] processing : 2020/10/04 05:04:02 Q=5
2026-01-08 19:38:25,470 - INFO - [GINSLIB] processing : 2020/10/04 05:04:03 Q=5
2026-01-08 19:38:25,470 - INFO - [GINSLIB] processing : 2020/10/04 05:04:04 Q=5
2026-01-08 19:38:25,470 - INFO - [GINSLIB] processing : 2020/10/04 05:04:05 Q=5
2026-01-08 19:38:25,470 - INFO - [GINSLIB] processing : 2020/10/04 05:04:06 Q=5
2026-01-08 19:38:25,470 - INFO - [GINSLIB] processing : 2020/10/04 05:04:07 Q=5
2026-01-08 19:38:25,471 - INFO - [GINSLIB] processing : 2020/10/04 05:04:08 Q=5
2026-01-08 19:38:25,471 - INFO - [GINSLIB] processing : 2020/10/04 05:04:09 Q=5
2026-01-08 19:38:25,471 - INFO - [GINSLIB] processing : 2020/10/04 05:04:10 Q=5
2026-01-08 19:38:25,471 - INFO - [GINSLIB] processing : 2020/10/04 05:04:11 Q=5
2026-01-08 19:38:25,471 - INFO - [GINSLIB] processing : 2020/10/04 05:04:12 Q=5
2026-01-08 19:38:25,471 - INFO - [GINSLIB] processing : 2020/10/04 05:04:13 Q=5
2026-01-08 19:38:25,471 - INFO - [GINSLIB] processing : 2020/10/04 05:04:14 Q=5
2026-01-08 19:38:25,472 - INFO - [GINSLIB] processing : 2020/10/04 05:04:15 Q=5
2026-01-08 19:38:25,472 - INFO - [GINSLIB] processing : 2020/10/04 05:04:16 Q=5
2026-01-08 19:38:25,472 - INFO - [GINSLIB] processing : 2020/10/04 05:04:17 Q=5
2026-01-08 19:38:25,472 - INFO - [GINSLIB] processing : 2020/10/04 05:04:18 Q=5
2026-01-08 19:38:25,472 - INFO - [GINSLIB] processing : 2020/10/04 05:04:19 Q=5
2026-01-08 19:38:25,472 - INFO - [GINSLIB] processing : 2020/10/04 05:04:20 Q=5
2026-01-08 19:38:25,472 - INFO - [GINSLIB] processing : 2020/10/04 05:04:21 Q=5
2026-01-08 19:38:25,472 - INFO - [GINSLIB] processing : 2020/10/04 05:04:22 Q=5
2026-01-08 19:38:25,473 - INFO - [GINSLIB] processing : 2020/10/04 05:04:23 Q=5
2026-01-08 19:38:25,473 - INFO - [GINSLIB] processing : 2020/10/04 05:04:24 Q=5
2026-01-08 19:38:25,473 - INFO - [GINSLIB] processing : 2020/10/04 05:04:25 Q=5
2026-01-08 19:38:25,473 - INFO - [GINSLIB] processing : 2020/10/04 05:04:26 Q=5
2026-01-08 19:38:25,822 - INFO - [GINSLIB] processing : 2020/10/04 05:04:27 Q=5
2026-01-08 19:38:25,822 - INFO - [GINSLIB] processing : 2020/10/04 05:04:28 Q=5
2026-01-08 19:38:25,822 - INFO - [GINSLIB] processing : 2020/10/04 05:04:29 Q=5
2026-01-08 19:38:25,823 - INFO - [GINSLIB] processing : 2020/10/04 05:04:30 Q=5
2026-01-08 19:38:25,823 - INFO - [GINSLIB] processing : 2020/10/04 05:04:31 Q=5
2026-01-08 19:38:25,823 - INFO - [GINSLIB] processing : 2020/10/04 05:04:32 Q=5
2026-01-08 19:38:25,823 - INFO - [GINSLIB] processing : 2020/10/04 05:04:33 Q=5
2026-01-08 19:38:25,823 - INFO - [GINSLIB] processing : 2020/10/04 05:04:34 Q=5
2026-01-08 19:38:25,824 - INFO - [GINSLIB] processing : 2020/10/04 05:04:35 Q=5
2026-01-08 19:38:25,824 - INFO - [GINSLIB] processing : 2020/10/04 05:04:36 Q=5
2026-01-08 19:38:25,824 - INFO - [GINSLIB] processing : 2020/10/04 05:04:37 Q=5
2026-01-08 19:38:25,824 - INFO - [GINSLIB] processing : 2020/10/04 05:04:38 Q=5
2026-01-08 19:38:25,824 - INFO - [GINSLIB] processing : 2020/10/04 05:04:39 Q=5
2026-01-08 19:38:25,825 - INFO - [GINSLIB] processing : 2020/10/04 05:04:40 Q=5
2026-01-08 19:38:25,825 - INFO - [GINSLIB] processing : 2020/10/04 05:04:41 Q=5
2026-01-08 19:38:25,825 - INFO - [GINSLIB] processing : 2020/10/04 05:04:42 Q=5
2026-01-08 19:38:25,825 - INFO - [GINSLIB] processing : 2020/10/04 05:04:43 Q=5
2026-01-08 19:38:25,825 - INFO - [GINSLIB] processing : 2020/10/04 05:04:44 Q=5
2026-01-08 19:38:25,825 - INFO - [GINSLIB] processing : 2020/10/04 05:04:45 Q=5
2026-01-08 19:38:25,826 - INFO - [GINSLIB] processing : 2020/10/04 05:04:46 Q=5
2026-01-08 19:38:25,826 - INFO - [GINSLIB] processing : 2020/10/04 05:04:47 Q=5
2026-01-08 19:38:25,826 - INFO - [GINSLIB] processing : 2020/10/04 05:04:48 Q=5
2026-01-08 19:38:25,826 - INFO - [GINSLIB] processing : 2020/10/04 05:04:49 Q=5
2026-01-08 19:38:25,826 - INFO - [GINSLIB] processing : 2020/10/04 05:04:50 Q=5
2026-01-08 19:38:25,826 - INFO - [GINSLIB] processing : 2020/10/04 05:04:51 Q=5
2026-01-08 19:38:25,826 - INFO - [GINSLIB] processing : 2020/10/04 05:04:52 Q=5
2026-01-08 19:38:25,826 - INFO - [GINSLIB] processing : 2020/10/04 05:04:53 Q=5
2026-01-08 19:38:25,827 - INFO - [GINSLIB] processing : 2020/10/04 05:04:54 Q=5
2026-01-08 19:38:25,827 - INFO - [GINSLIB] processing : 2020/10/04 05:04:55 Q=5
2026-01-08 19:38:25,827 - INFO - [GINSLIB] processing : 2020/10/04 05:04:56 Q=5
2026-01-08 19:38:25,827 - INFO - [GINSLIB] processing : 2020/10/04 05:04:57 Q=5
2026-01-08 19:38:25,827 - INFO - [GINSLIB] processing : 2020/10/04 05:04:58 Q=5
2026-01-08 19:38:25,827 - INFO - [GINSLIB] processing : 2020/10/04 05:04:59 Q=5
2026-01-08 19:38:25,827 - INFO - [GINSLIB] processing : 2020/10/04 05:05:00 Q=5
2026-01-08 19:38:25,827 - INFO - [GINSLIB] processing : 2020/10/04 05:05:01 Q=5
2026-01-08 19:38:25,827 - INFO - [GINSLIB] processing : 2020/10/04 05:05:02 Q=5
2026-01-08 19:38:25,827 - INFO - [GINSLIB] processing : 2020/10/04 05:05:03 Q=5
2026-01-08 19:38:25,828 - INFO - [GINSLIB] processing : 2020/10/04 05:05:04 Q=5
2026-01-08 19:38:25,828 - INFO - [GINSLIB] processing : 2020/10/04 05:05:05 Q=5
2026-01-08 19:38:25,828 - INFO - [GINSLIB] processing : 2020/10/04 05:05:06 Q=5
2026-01-08 19:38:25,828 - INFO - [GINSLIB] processing : 2020/10/04 05:05:07 Q=5
2026-01-08 19:38:25,828 - INFO - [GINSLIB] processing : 2020/10/04 05:05:08 Q=5
2026-01-08 19:38:25,828 - INFO - [GINSLIB] processing : 2020/10/04 05:05:09 Q=5
2026-01-08 19:38:25,828 - INFO - [GINSLIB] processing : 2020/10/04 05:05:10 Q=5
2026-01-08 19:38:25,828 - INFO - [GINSLIB] processing : 2020/10/04 05:05:11 Q=5
2026-01-08 19:38:25,828 - INFO - [GINSLIB] processing : 2020/10/04 05:05:12 Q=5
2026-01-08 19:38:25,828 - INFO - [GINSLIB] processing : 2020/10/04 05:05:13 Q=5
2026-01-08 19:38:25,828 - INFO - [GINSLIB] processing : 2020/10/04 05:05:14 Q=5
2026-01-08 19:38:25,829 - INFO - [GINSLIB] processing : 2020/10/04 05:05:15 Q=5
2026-01-08 19:38:25,829 - INFO - [GINSLIB] processing : 2020/10/04 05:05:16 Q=5
2026-01-08 19:38:25,829 - INFO - [GINSLIB] processing : 2020/10/04 05:05:17 Q=5
2026-01-08 19:38:25,829 - INFO - [GINSLIB] processing : 2020/10/04 05:05:18 Q=5
2026-01-08 19:38:25,829 - INFO - [GINSLIB] processing : 2020/10/04 05:05:19 Q=5
2026-01-08 19:38:25,829 - INFO - [GINSLIB] processing : 2020/10/04 05:05:20 Q=5
2026-01-08 19:38:25,829 - INFO - [GINSLIB] processing : 2020/10/04 05:05:21 Q=5
2026-01-08 19:38:25,829 - INFO - [GINSLIB] processing : 2020/10/04 05:05:22 Q=5
2026-01-08 19:38:25,829 - INFO - [GINSLIB] processing : 2020/10/04 05:05:23 Q=5
2026-01-08 19:38:25,829 - INFO - [GINSLIB] processing : 2020/10/04 05:05:24 Q=5
2026-01-08 19:38:25,830 - INFO - [GINSLIB] processing : 2020/10/04 05:05:25 Q=5
2026-01-08 19:38:25,830 - INFO - [GINSLIB] processing : 2020/10/04 05:05:26 Q=5
2026-01-08 19:38:25,830 - INFO - [GINSLIB] processing : 2020/10/04 05:05:27 Q=5
2026-01-08 19:38:25,830 - INFO - [GINSLIB] processing : 2020/10/04 05:05:28 Q=5
2026-01-08 19:38:25,830 - INFO - [GINSLIB] processing : 2020/10/04 05:05:29 Q=5
2026-01-08 19:38:25,830 - INFO - [GINSLIB] processing : 2020/10/04 05:05:30 Q=5
2026-01-08 19:38:25,830 - INFO - [GINSLIB] processing : 2020/10/04 05:05:31 Q=5
2026-01-08 19:38:25,830 - INFO - [GINSLIB] processing : 2020/10/04 05:05:32 Q=5
2026-01-08 19:38:25,830 - INFO - [GINSLIB] processing : 2020/10/04 05:05:33 Q=5
2026-01-08 19:38:25,830 - INFO - [GINSLIB] processing : 2020/10/04 05:05:34 Q=5
2026-01-08 19:38:25,830 - INFO - [GINSLIB] processing : 2020/10/04 05:05:35 Q=5
2026-01-08 19:38:25,831 - INFO - [GINSLIB] processing : 2020/10/04 05:05:36 Q=5
2026-01-08 19:38:25,831 - INFO - [GINSLIB] processing : 2020/10/04 05:05:37 Q=5
2026-01-08 19:38:25,831 - INFO - [GINSLIB] processing : 2020/10/04 05:05:38 Q=5
2026-01-08 19:38:25,831 - INFO - [GINSLIB] processing : 2020/10/04 05:05:39 Q=5
2026-01-08 19:38:25,831 - INFO - [GINSLIB] processing : 2020/10/04 05:05:40 Q=5
2026-01-08 19:38:25,831 - INFO - [GINSLIB] processing : 2020/10/04 05:05:41 Q=5
2026-01-08 19:38:25,831 - INFO - [GINSLIB] processing : 2020/10/04 05:05:42 Q=5
2026-01-08 19:38:25,831 - INFO - [GINSLIB] processing : 2020/10/04 05:05:43 Q=5
2026-01-08 19:38:25,831 - INFO - [GINSLIB] processing : 2020/10/04 05:05:44 Q=5
2026-01-08 19:38:25,831 - INFO - [GINSLIB] processing : 2020/10/04 05:05:45 Q=5
2026-01-08 19:38:25,831 - INFO - [GINSLIB] processing : 2020/10/04 05:05:46 Q=5
2026-01-08 19:38:25,832 - INFO - [GINSLIB] processing : 2020/10/04 05:05:47 Q=5
2026-01-08 19:38:25,832 - INFO - [GINSLIB] processing : 2020/10/04 05:05:48 Q=5
2026-01-08 19:38:25,832 - INFO - [GINSLIB] processing : 2020/10/04 05:05:49 Q=5
2026-01-08 19:38:25,832 - INFO - [GINSLIB] processing : 2020/10/04 05:05:50 Q=5
2026-01-08 19:38:25,832 - INFO - [GINSLIB] processing : 2020/10/04 05:05:51 Q=5
2026-01-08 19:38:25,832 - INFO - [GINSLIB] processing : 2020/10/04 05:05:52 Q=5
2026-01-08 19:38:25,832 - INFO - [GINSLIB] processing : 2020/10/04 05:05:53 Q=5
2026-01-08 19:38:25,832 - INFO - [GINSLIB] processing : 2020/10/04 05:05:54 Q=5
2026-01-08 19:38:25,832 - INFO - [GINSLIB] processing : 2020/10/04 05:05:55 Q=5
2026-01-08 19:38:25,832 - INFO - [GINSLIB] processing : 2020/10/04 05:05:56 Q=5
2026-01-08 19:38:25,832 - INFO - [GINSLIB] processing : 2020/10/04 05:05:57 Q=5
2026-01-08 19:38:25,833 - INFO - [GINSLIB] processing : 2020/10/04 05:05:58 Q=5
2026-01-08 19:38:25,833 - INFO - [GINSLIB] processing : 2020/10/04 05:05:59 Q=5
2026-01-08 19:38:25,833 - INFO - [GINSLIB] processing : 2020/10/04 05:06:00 Q=5
2026-01-08 19:38:25,833 - INFO - [GINSLIB] processing : 2020/10/04 05:06:01 Q=5
2026-01-08 19:38:25,833 - INFO - [GINSLIB] processing : 2020/10/04 05:06:02 Q=5
2026-01-08 19:38:25,833 - INFO - [GINSLIB] processing : 2020/10/04 05:06:03 Q=5
2026-01-08 19:38:25,833 - INFO - [GINSLIB] processing : 2020/10/04 05:06:04 Q=5
2026-01-08 19:38:25,833 - INFO - [GINSLIB] processing : 2020/10/04 05:06:05 Q=5
2026-01-08 19:38:25,833 - INFO - [GINSLIB] processing : 2020/10/04 05:06:06 Q=5
2026-01-08 19:38:25,833 - INFO - [GINSLIB] processing : 2020/10/04 05:06:07 Q=5
2026-01-08 19:38:25,833 - INFO - [GINSLIB] processing : 2020/10/04 05:06:08 Q=5
2026-01-08 19:38:25,833 - INFO - [GINSLIB] processing : 2020/10/04 05:06:09 Q=5
2026-01-08 19:38:25,834 - INFO - [GINSLIB] processing : 2020/10/04 05:06:10 Q=5
2026-01-08 19:38:25,834 - INFO - [GINSLIB] processing : 2020/10/04 05:06:11 Q=5
2026-01-08 19:38:25,834 - INFO - [GINSLIB] processing : 2020/10/04 05:06:12 Q=5
2026-01-08 19:38:25,834 - INFO - [GINSLIB] processing : 2020/10/04 05:06:13 Q=5
2026-01-08 19:38:25,834 - INFO - [GINSLIB] processing : 2020/10/04 05:06:14 Q=5
2026-01-08 19:38:25,834 - INFO - [GINSLIB] processing : 2020/10/04 05:06:15 Q=5
2026-01-08 19:38:25,834 - INFO - [GINSLIB] processing : 2020/10/04 05:06:16 Q=5
2026-01-08 19:38:25,834 - INFO - [GINSLIB] processing : 2020/10/04 05:06:17 Q=5
2026-01-08 19:38:26,157 - INFO - [GINSLIB] processing : 2020/10/04 05:06:18 Q=5
2026-01-08 19:38:26,158 - INFO - [GINSLIB] processing : 2020/10/04 05:06:19 Q=5
2026-01-08 19:38:26,158 - INFO - [GINSLIB] processing : 2020/10/04 05:06:20 Q=5
2026-01-08 19:38:26,158 - INFO - [GINSLIB] processing : 2020/10/04 05:06:21 Q=5
2026-01-08 19:38:26,159 - INFO - [GINSLIB] processing : 2020/10/04 05:06:22 Q=5
2026-01-08 19:38:26,159 - INFO - [GINSLIB] processing : 2020/10/04 05:06:23 Q=5
2026-01-08 19:38:26,159 - INFO - [GINSLIB] processing : 2020/10/04 05:06:24 Q=5
2026-01-08 19:38:26,160 - INFO - [GINSLIB] processing : 2020/10/04 05:06:25 Q=5
2026-01-08 19:38:26,160 - INFO - [GINSLIB] processing : 2020/10/04 05:06:26 Q=5
2026-01-08 19:38:26,160 - INFO - [GINSLIB] processing : 2020/10/04 05:06:27 Q=5
2026-01-08 19:38:26,160 - INFO - [GINSLIB] processing : 2020/10/04 05:06:28 Q=5
2026-01-08 19:38:26,161 - INFO - [GINSLIB] processing : 2020/10/04 05:06:29 Q=5
2026-01-08 19:38:26,161 - INFO - [GINSLIB] processing : 2020/10/04 05:06:30 Q=5
2026-01-08 19:38:26,161 - INFO - [GINSLIB] processing : 2020/10/04 05:06:31 Q=5
2026-01-08 19:38:26,161 - INFO - [GINSLIB] processing : 2020/10/04 05:06:32 Q=5
2026-01-08 19:38:26,162 - INFO - [GINSLIB] processing : 2020/10/04 05:06:33 Q=5
2026-01-08 19:38:26,162 - INFO - [GINSLIB] processing : 2020/10/04 05:06:34 Q=5
2026-01-08 19:38:26,162 - INFO - [GINSLIB] processing : 2020/10/04 05:06:35 Q=5
2026-01-08 19:38:26,162 - INFO - [GINSLIB] processing : 2020/10/04 05:06:36 Q=5
2026-01-08 19:38:26,162 - INFO - [GINSLIB] processing : 2020/10/04 05:06:37 Q=5
2026-01-08 19:38:26,163 - INFO - [GINSLIB] processing : 2020/10/04 05:06:38 Q=5
2026-01-08 19:38:26,163 - INFO - [GINSLIB] processing : 2020/10/04 05:06:39 Q=5
2026-01-08 19:38:26,163 - INFO - [GINSLIB] processing : 2020/10/04 05:06:40 Q=5
2026-01-08 19:38:26,163 - INFO - [GINSLIB] processing : 2020/10/04 05:06:41 Q=5
2026-01-08 19:38:26,163 - INFO - [GINSLIB] processing : 2020/10/04 05:06:42 Q=5
2026-01-08 19:38:26,163 - INFO - [GINSLIB] processing : 2020/10/04 05:06:43 Q=5
2026-01-08 19:38:26,163 - INFO - [GINSLIB] processing : 2020/10/04 05:06:44 Q=5
2026-01-08 19:38:26,164 - INFO - [GINSLIB] processing : 2020/10/04 05:06:45 Q=5
2026-01-08 19:38:26,164 - INFO - [GINSLIB] processing : 2020/10/04 05:06:46 Q=5
2026-01-08 19:38:26,164 - INFO - [GINSLIB] processing : 2020/10/04 05:06:47 Q=5
2026-01-08 19:38:26,164 - INFO - [GINSLIB] processing : 2020/10/04 05:06:48 Q=5
2026-01-08 19:38:26,164 - INFO - [GINSLIB] processing : 2020/10/04 05:06:49 Q=5
2026-01-08 19:38:26,164 - INFO - [GINSLIB] processing : 2020/10/04 05:06:50 Q=5
2026-01-08 19:38:26,164 - INFO - [GINSLIB] processing : 2020/10/04 05:06:51 Q=5
2026-01-08 19:38:26,164 - INFO - [GINSLIB] processing : 2020/10/04 05:06:52 Q=5
2026-01-08 19:38:26,164 - INFO - [GINSLIB] processing : 2020/10/04 05:06:53 Q=5
2026-01-08 19:38:26,164 - INFO - [GINSLIB] processing : 2020/10/04 05:06:54 Q=5
2026-01-08 19:38:26,165 - INFO - [GINSLIB] processing : 2020/10/04 05:06:55 Q=5
2026-01-08 19:38:26,165 - INFO - [GINSLIB] processing : 2020/10/04 05:06:56 Q=5
2026-01-08 19:38:26,165 - INFO - [GINSLIB] processing : 2020/10/04 05:06:57 Q=5
2026-01-08 19:38:26,165 - INFO - [GINSLIB] processing : 2020/10/04 05:06:58 Q=5
2026-01-08 19:38:26,165 - INFO - [GINSLIB] processing : 2020/10/04 05:06:59 Q=5
2026-01-08 19:38:26,165 - INFO - [GINSLIB] processing : 2020/10/04 05:07:00 Q=5
2026-01-08 19:38:26,165 - INFO - [GINSLIB] processing : 2020/10/04 05:07:01 Q=5
2026-01-08 19:38:26,165 - INFO - [GINSLIB] processing : 2020/10/04 05:07:02 Q=5
2026-01-08 19:38:26,165 - INFO - [GINSLIB] processing : 2020/10/04 05:07:03 Q=5
2026-01-08 19:38:26,165 - INFO - [GINSLIB] processing : 2020/10/04 05:07:04 Q=5
2026-01-08 19:38:26,166 - INFO - [GINSLIB] processing : 2020/10/04 05:07:05 Q=5
2026-01-08 19:38:26,166 - INFO - [GINSLIB] processing : 2020/10/04 05:07:06 Q=5
2026-01-08 19:38:26,166 - INFO - [GINSLIB] processing : 2020/10/04 05:07:07 Q=5
2026-01-08 19:38:26,166 - INFO - [GINSLIB] processing : 2020/10/04 05:07:08 Q=5
2026-01-08 19:38:26,166 - INFO - [GINSLIB] processing : 2020/10/04 05:07:09 Q=5
2026-01-08 19:38:26,166 - INFO - [GINSLIB] processing : 2020/10/04 05:07:10 Q=5
2026-01-08 19:38:26,166 - INFO - [GINSLIB] processing : 2020/10/04 05:07:11 Q=5
2026-01-08 19:38:26,166 - INFO - [GINSLIB] processing : 2020/10/04 05:07:12 Q=5
2026-01-08 19:38:26,166 - INFO - [GINSLIB] processing : 2020/10/04 05:07:13 Q=5
2026-01-08 19:38:26,166 - INFO - [GINSLIB] processing : 2020/10/04 05:07:14 Q=5
2026-01-08 19:38:26,166 - INFO - [GINSLIB] processing : 2020/10/04 05:07:15 Q=5
2026-01-08 19:38:26,167 - INFO - [GINSLIB] processing : 2020/10/04 05:07:16 Q=5
2026-01-08 19:38:26,167 - INFO - [GINSLIB] processing : 2020/10/04 05:07:17 Q=5
2026-01-08 19:38:26,167 - INFO - [GINSLIB] processing : 2020/10/04 05:07:18 Q=5
2026-01-08 19:38:26,167 - INFO - [GINSLIB] processing : 2020/10/04 05:07:19 Q=5
2026-01-08 19:38:26,167 - INFO - [GINSLIB] processing : 2020/10/04 05:07:20 Q=5
2026-01-08 19:38:26,167 - INFO - [GINSLIB] processing : 2020/10/04 05:07:21 Q=5
2026-01-08 19:38:26,167 - INFO - [GINSLIB] processing : 2020/10/04 05:07:22 Q=5
2026-01-08 19:38:26,167 - INFO - [GINSLIB] processing : 2020/10/04 05:07:23 Q=5
2026-01-08 19:38:26,167 - INFO - [GINSLIB] processing : 2020/10/04 05:07:24 Q=5
2026-01-08 19:38:26,167 - INFO - [GINSLIB] processing : 2020/10/04 05:07:25 Q=5
2026-01-08 19:38:26,167 - INFO - [GINSLIB] processing : 2020/10/04 05:07:26 Q=5
2026-01-08 19:38:26,168 - INFO - [GINSLIB] processing : 2020/10/04 05:07:27 Q=5
2026-01-08 19:38:26,168 - INFO - [GINSLIB] processing : 2020/10/04 05:07:28 Q=5
2026-01-08 19:38:26,168 - INFO - [GINSLIB] processing : 2020/10/04 05:07:29 Q=5
2026-01-08 19:38:26,168 - INFO - [GINSLIB] processing : 2020/10/04 05:07:30 Q=5
2026-01-08 19:38:26,168 - INFO - [GINSLIB] processing : 2020/10/04 05:07:31 Q=5
2026-01-08 19:38:26,168 - INFO - [GINSLIB] processing : 2020/10/04 05:07:32 Q=5
2026-01-08 19:38:26,168 - INFO - [GINSLIB] processing : 2020/10/04 05:07:33 Q=5
2026-01-08 19:38:26,168 - INFO - [GINSLIB] processing : 2020/10/04 05:07:34 Q=5
2026-01-08 19:38:26,168 - INFO - [GINSLIB] processing : 2020/10/04 05:07:35 Q=5
2026-01-08 19:38:26,168 - INFO - [GINSLIB] processing : 2020/10/04 05:07:36 Q=5
2026-01-08 19:38:26,168 - INFO - [GINSLIB] processing : 2020/10/04 05:07:37 Q=5
2026-01-08 19:38:26,169 - INFO - [GINSLIB] processing : 2020/10/04 05:07:38 Q=5
2026-01-08 19:38:26,169 - INFO - [GINSLIB] processing : 2020/10/04 05:07:39 Q=5
2026-01-08 19:38:26,169 - INFO - [GINSLIB] processing : 2020/10/04 05:07:40 Q=5
2026-01-08 19:38:26,169 - INFO - [GINSLIB] processing : 2020/10/04 05:07:41 Q=5
2026-01-08 19:38:26,169 - INFO - [GINSLIB] processing : 2020/10/04 05:07:42 Q=5
2026-01-08 19:38:26,169 - INFO - [GINSLIB] processing : 2020/10/04 05:07:43 Q=5
2026-01-08 19:38:26,169 - INFO - [GINSLIB] processing : 2020/10/04 05:07:44 Q=5
2026-01-08 19:38:26,169 - INFO - [GINSLIB] processing : 2020/10/04 05:07:45 Q=5
2026-01-08 19:38:26,169 - INFO - [GINSLIB] processing : 2020/10/04 05:07:46 Q=5
2026-01-08 19:38:26,169 - INFO - [GINSLIB] processing : 2020/10/04 05:07:47 Q=5
2026-01-08 19:38:26,169 - INFO - [GINSLIB] processing : 2020/10/04 05:07:48 Q=5
2026-01-08 19:38:26,170 - INFO - [GINSLIB] processing : 2020/10/04 05:07:49 Q=5
2026-01-08 19:38:26,170 - INFO - [GINSLIB] processing : 2020/10/04 05:07:50 Q=5
2026-01-08 19:38:26,170 - INFO - [GINSLIB] processing : 2020/10/04 05:07:51 Q=5
2026-01-08 19:38:26,170 - INFO - [GINSLIB] processing : 2020/10/04 05:07:52 Q=5
2026-01-08 19:38:26,170 - INFO - [GINSLIB] processing : 2020/10/04 05:07:53 Q=5
2026-01-08 19:38:26,170 - INFO - [GINSLIB] processing : 2020/10/04 05:07:54 Q=5
2026-01-08 19:38:26,170 - INFO - [GINSLIB] processing : 2020/10/04 05:07:55 Q=5
2026-01-08 19:38:26,170 - INFO - [GINSLIB] processing : 2020/10/04 05:07:56 Q=5
2026-01-08 19:38:26,170 - INFO - [GINSLIB] processing : 2020/10/04 05:07:57 Q=5
2026-01-08 19:38:26,171 - INFO - [GINSLIB] processing : 2020/10/04 05:07:58 Q=5
2026-01-08 19:38:26,171 - INFO - [GINSLIB] processing : 2020/10/04 05:07:59 Q=5
2026-01-08 19:38:26,171 - INFO - [GINSLIB] processing : 2020/10/04 05:08:00 Q=5
2026-01-08 19:38:26,171 - INFO - [GINSLIB] processing : 2020/10/04 05:08:01 Q=5
2026-01-08 19:38:26,171 - INFO - [GINSLIB] processing : 2020/10/04 05:08:02 Q=5
2026-01-08 19:38:26,171 - INFO - [GINSLIB] processing : 2020/10/04 05:08:03 Q=5
2026-01-08 19:38:26,171 - INFO - [GINSLIB] processing : 2020/10/04 05:08:04 Q=5
2026-01-08 19:38:26,171 - INFO - [GINSLIB] processing : 2020/10/04 05:08:05 Q=5
2026-01-08 19:38:26,171 - INFO - [GINSLIB] processing : 2020/10/04 05:08:06 Q=5
2026-01-08 19:38:26,172 - INFO - [GINSLIB] processing : 2020/10/04 05:08:07 Q=5
2026-01-08 19:38:26,172 - INFO - [GINSLIB] processing : 2020/10/04 05:08:08 Q=5
2026-01-08 19:38:26,527 - INFO - [GINSLIB] processing : 2020/10/04 05:08:09 Q=5
2026-01-08 19:38:26,531 - INFO - [GINSLIB] processing : 2020/10/04 05:08:10 Q=5
2026-01-08 19:38:26,531 - INFO - [GINSLIB] processing : 2020/10/04 05:08:11 Q=5
2026-01-08 19:38:26,532 - INFO - [GINSLIB] processing : 2020/10/04 05:08:12 Q=5
2026-01-08 19:38:26,532 - INFO - [GINSLIB] processing : 2020/10/04 05:08:13 Q=5
2026-01-08 19:38:26,532 - INFO - [GINSLIB] processing : 2020/10/04 05:08:14 Q=5
2026-01-08 19:38:26,532 - INFO - [GINSLIB] processing : 2020/10/04 05:08:15 Q=5
2026-01-08 19:38:26,532 - INFO - [GINSLIB] processing : 2020/10/04 05:08:16 Q=5
2026-01-08 19:38:26,532 - INFO - [GINSLIB] processing : 2020/10/04 05:08:17 Q=5
2026-01-08 19:38:26,533 - INFO - [GINSLIB] processing : 2020/10/04 05:08:18 Q=5
2026-01-08 19:38:26,533 - INFO - [GINSLIB] processing : 2020/10/04 05:08:19 Q=5
2026-01-08 19:38:26,533 - INFO - [GINSLIB] processing : 2020/10/04 05:08:20 Q=5
2026-01-08 19:38:26,533 - INFO - [GINSLIB] processing : 2020/10/04 05:08:21 Q=5
2026-01-08 19:38:26,533 - INFO - [GINSLIB] processing : 2020/10/04 05:08:22 Q=5
2026-01-08 19:38:26,534 - INFO - [GINSLIB] processing : 2020/10/04 05:08:23 Q=5
2026-01-08 19:38:26,534 - INFO - [GINSLIB] processing : 2020/10/04 05:08:24 Q=5
2026-01-08 19:38:26,534 - INFO - [GINSLIB] processing : 2020/10/04 05:08:25 Q=5
2026-01-08 19:38:26,534 - INFO - [GINSLIB] processing : 2020/10/04 05:08:26 Q=5
2026-01-08 19:38:26,534 - INFO - [GINSLIB] processing : 2020/10/04 05:08:27 Q=5
2026-01-08 19:38:26,534 - INFO - [GINSLIB] processing : 2020/10/04 05:08:28 Q=5
2026-01-08 19:38:26,535 - INFO - [GINSLIB] processing : 2020/10/04 05:08:29 Q=5
2026-01-08 19:38:26,535 - INFO - [GINSLIB] processing : 2020/10/04 05:08:30 Q=5
2026-01-08 19:38:26,535 - INFO - [GINSLIB] processing : 2020/10/04 05:08:31 Q=5
2026-01-08 19:38:26,535 - INFO - [GINSLIB] processing : 2020/10/04 05:08:32 Q=5
2026-01-08 19:38:26,535 - INFO - [GINSLIB] processing : 2020/10/04 05:08:33 Q=5
2026-01-08 19:38:26,535 - INFO - [GINSLIB] processing : 2020/10/04 05:08:34 Q=5
2026-01-08 19:38:26,536 - INFO - [GINSLIB] processing : 2020/10/04 05:08:35 Q=5
2026-01-08 19:38:26,536 - INFO - [GINSLIB] processing : 2020/10/04 05:08:36 Q=5
2026-01-08 19:38:26,536 - INFO - [GINSLIB] processing : 2020/10/04 05:08:37 Q=5
2026-01-08 19:38:26,536 - INFO - [GINSLIB] processing : 2020/10/04 05:08:38 Q=5
2026-01-08 19:38:26,536 - INFO - [GINSLIB] processing : 2020/10/04 05:08:39 Q=5
2026-01-08 19:38:26,536 - INFO - [GINSLIB] processing : 2020/10/04 05:08:40 Q=5
2026-01-08 19:38:26,537 - INFO - [GINSLIB] processing : 2020/10/04 05:08:41 Q=5
2026-01-08 19:38:26,537 - INFO - [GINSLIB] processing : 2020/10/04 05:08:42 Q=5
2026-01-08 19:38:26,537 - INFO - [GINSLIB] processing : 2020/10/04 05:08:43 Q=5
2026-01-08 19:38:26,537 - INFO - [GINSLIB] processing : 2020/10/04 05:08:44 Q=5
2026-01-08 19:38:26,537 - INFO - [GINSLIB] processing : 2020/10/04 05:08:45 Q=5
2026-01-08 19:38:26,537 - INFO - [GINSLIB] processing : 2020/10/04 05:08:46 Q=5
2026-01-08 19:38:26,537 - INFO - [GINSLIB] processing : 2020/10/04 05:08:47 Q=5
2026-01-08 19:38:26,537 - INFO - [GINSLIB] processing : 2020/10/04 05:08:48 Q=5
2026-01-08 19:38:26,538 - INFO - [GINSLIB] processing : 2020/10/04 05:08:49 Q=5
2026-01-08 19:38:26,538 - INFO - [GINSLIB] processing : 2020/10/04 05:08:50 Q=5
2026-01-08 19:38:26,538 - INFO - [GINSLIB] processing : 2020/10/04 05:08:51 Q=5
2026-01-08 19:38:26,538 - INFO - [GINSLIB] processing : 2020/10/04 05:08:52 Q=5
2026-01-08 19:38:26,538 - INFO - [GINSLIB] processing : 2020/10/04 05:08:53 Q=5
2026-01-08 19:38:26,538 - INFO - [GINSLIB] processing : 2020/10/04 05:08:54 Q=5
2026-01-08 19:38:26,538 - INFO - [GINSLIB] processing : 2020/10/04 05:08:55 Q=5
2026-01-08 19:38:26,538 - INFO - [GINSLIB] processing : 2020/10/04 05:08:56 Q=5
2026-01-08 19:38:26,538 - INFO - [GINSLIB] processing : 2020/10/04 05:08:57 Q=5
2026-01-08 19:38:26,539 - INFO - [GINSLIB] processing : 2020/10/04 05:08:58 Q=5
2026-01-08 19:38:26,539 - INFO - [GINSLIB] processing : 2020/10/04 05:08:59 Q=5
2026-01-08 19:38:26,539 - INFO - [GINSLIB] processing : 2020/10/04 05:09:00 Q=5
2026-01-08 19:38:26,539 - INFO - [GINSLIB] processing : 2020/10/04 05:09:01 Q=5
2026-01-08 19:38:26,539 - INFO - [GINSLIB] processing : 2020/10/04 05:09:02 Q=5
2026-01-08 19:38:26,539 - INFO - [GINSLIB] processing : 2020/10/04 05:09:03 Q=5
2026-01-08 19:38:26,539 - INFO - [GINSLIB] processing : 2020/10/04 05:09:04 Q=5
2026-01-08 19:38:26,539 - INFO - [GINSLIB] processing : 2020/10/04 05:09:05 Q=5
2026-01-08 19:38:26,540 - INFO - [GINSLIB] processing : 2020/10/04 05:09:06 Q=5
2026-01-08 19:38:26,540 - INFO - [GINSLIB] processing : 2020/10/04 05:09:07 Q=5
2026-01-08 19:38:26,540 - INFO - [GINSLIB] processing : 2020/10/04 05:09:08 Q=5
2026-01-08 19:38:26,540 - INFO - [GINSLIB] processing : 2020/10/04 05:09:09 Q=5
2026-01-08 19:38:26,543 - INFO - [GINSLIB] processing : 2020/10/04 05:09:10 Q=5
2026-01-08 19:38:26,544 - INFO - [GINSLIB] processing : 2020/10/04 05:09:11 Q=5
2026-01-08 19:38:26,544 - INFO - [GINSLIB] processing : 2020/10/04 05:09:12 Q=5
2026-01-08 19:38:26,544 - INFO - [GINSLIB] processing : 2020/10/04 05:09:13 Q=5
2026-01-08 19:38:26,544 - INFO - [GINSLIB] processing : 2020/10/04 05:09:14 Q=5
2026-01-08 19:38:26,544 - INFO - [GINSLIB] processing : 2020/10/04 05:09:15 Q=5
2026-01-08 19:38:26,544 - INFO - [GINSLIB] processing : 2020/10/04 05:09:16 Q=5
2026-01-08 19:38:26,544 - INFO - [GINSLIB] processing : 2020/10/04 05:09:17 Q=5
2026-01-08 19:38:26,544 - INFO - [GINSLIB] processing : 2020/10/04 05:09:18 Q=5
2026-01-08 19:38:26,545 - INFO - [GINSLIB] processing : 2020/10/04 05:09:19 Q=5
2026-01-08 19:38:26,545 - INFO - [GINSLIB] processing : 2020/10/04 05:09:20 Q=5
2026-01-08 19:38:26,545 - INFO - [GINSLIB] processing : 2020/10/04 05:09:21 Q=5
2026-01-08 19:38:26,545 - INFO - [GINSLIB] processing : 2020/10/04 05:09:22 Q=5
2026-01-08 19:38:26,545 - INFO - [GINSLIB] processing : 2020/10/04 05:09:23 Q=5
2026-01-08 19:38:26,545 - INFO - [GINSLIB] processing : 2020/10/04 05:09:24 Q=5
2026-01-08 19:38:26,545 - INFO - [GINSLIB] processing : 2020/10/04 05:09:25 Q=5
2026-01-08 19:38:26,545 - INFO - [GINSLIB] processing : 2020/10/04 05:09:26 Q=5
2026-01-08 19:38:26,546 - INFO - [GINSLIB] processing : 2020/10/04 05:09:27 Q=5
2026-01-08 19:38:26,546 - INFO - [GINSLIB] processing : 2020/10/04 05:09:28 Q=5
2026-01-08 19:38:26,546 - INFO - [GINSLIB] processing : 2020/10/04 05:09:29 Q=5
2026-01-08 19:38:26,546 - INFO - [GINSLIB] processing : 2020/10/04 05:09:30 Q=5
2026-01-08 19:38:26,546 - INFO - [GINSLIB] processing : 2020/10/04 05:09:31 Q=5
2026-01-08 19:38:26,546 - INFO - [GINSLIB] processing : 2020/10/04 05:09:32 Q=5
2026-01-08 19:38:26,547 - INFO - [GINSLIB] processing : 2020/10/04 05:09:33 Q=5
2026-01-08 19:38:26,547 - INFO - [GINSLIB] processing : 2020/10/04 05:09:34 Q=5
2026-01-08 19:38:26,547 - INFO - [GINSLIB] processing : 2020/10/04 05:09:35 Q=5
2026-01-08 19:38:26,547 - INFO - [GINSLIB] processing : 2020/10/04 05:09:36 Q=5
2026-01-08 19:38:26,547 - INFO - [GINSLIB] processing : 2020/10/04 05:09:37 Q=5
2026-01-08 19:38:26,547 - INFO - [GINSLIB] processing : 2020/10/04 05:09:38 Q=5
2026-01-08 19:38:26,547 - INFO - [GINSLIB] processing : 2020/10/04 05:09:39 Q=5
2026-01-08 19:38:26,547 - INFO - [GINSLIB] processing : 2020/10/04 05:09:40 Q=5
2026-01-08 19:38:26,548 - INFO - [GINSLIB] processing : 2020/10/04 05:09:41 Q=5
2026-01-08 19:38:26,548 - INFO - [GINSLIB] processing : 2020/10/04 05:09:42 Q=5
2026-01-08 19:38:26,548 - INFO - [GINSLIB] processing : 2020/10/04 05:09:43 Q=5
2026-01-08 19:38:26,548 - INFO - [GINSLIB] processing : 2020/10/04 05:09:44 Q=5
2026-01-08 19:38:26,548 - INFO - [GINSLIB] processing : 2020/10/04 05:09:45 Q=5
2026-01-08 19:38:26,548 - INFO - [GINSLIB] processing : 2020/10/04 05:09:46 Q=5
2026-01-08 19:38:26,548 - INFO - [GINSLIB] processing : 2020/10/04 05:09:47 Q=5
2026-01-08 19:38:26,548 - INFO - [GINSLIB] processing : 2020/10/04 05:09:48 Q=5
2026-01-08 19:38:26,548 - INFO - [GINSLIB] processing : 2020/10/04 05:09:49 Q=5
2026-01-08 19:38:26,549 - INFO - [GINSLIB] processing : 2020/10/04 05:09:50 Q=5
2026-01-08 19:38:26,549 - INFO - [GINSLIB] processing : 2020/10/04 05:09:51 Q=5
2026-01-08 19:38:26,549 - INFO - [GINSLIB] processing : 2020/10/04 05:09:52 Q=5
2026-01-08 19:38:26,549 - INFO - [GINSLIB] processing : 2020/10/04 05:09:53 Q=5
2026-01-08 19:38:26,549 - INFO - [GINSLIB] processing : 2020/10/04 05:09:54 Q=5
2026-01-08 19:38:26,549 - INFO - [GINSLIB] processing : 2020/10/04 05:09:55 Q=5
2026-01-08 19:38:26,549 - INFO - [GINSLIB] processing : 2020/10/04 05:09:56 Q=5
2026-01-08 19:38:26,549 - INFO - [GINSLIB] processing : 2020/10/04 05:09:57 Q=5
2026-01-08 19:38:26,549 - INFO - [GINSLIB] processing : 2020/10/04 05:09:58 Q=5
2026-01-08 19:38:26,898 - INFO - [GINSLIB] processing : 2020/10/04 05:09:59 Q=5
2026-01-08 19:38:26,898 - INFO - [GINSLIB] processing : 2020/10/04 05:10:00 Q=5
2026-01-08 19:38:26,898 - INFO - [GINSLIB] processing : 2020/10/04 05:10:01 Q=5
2026-01-08 19:38:26,898 - INFO - [GINSLIB] processing : 2020/10/04 05:10:02 Q=5
2026-01-08 19:38:26,899 - INFO - [GINSLIB] processing : 2020/10/04 05:10:03 Q=5
2026-01-08 19:38:26,899 - INFO - [GINSLIB] processing : 2020/10/04 05:10:04 Q=5
2026-01-08 19:38:26,899 - INFO - [GINSLIB] processing : 2020/10/04 05:10:05 Q=5
2026-01-08 19:38:26,899 - INFO - [GINSLIB] processing : 2020/10/04 05:10:06 Q=5
2026-01-08 19:38:26,899 - INFO - [GINSLIB] processing : 2020/10/04 05:10:07 Q=5
2026-01-08 19:38:26,899 - INFO - [GINSLIB] processing : 2020/10/04 05:10:08 Q=5
2026-01-08 19:38:26,900 - INFO - [GINSLIB] processing : 2020/10/04 05:10:09 Q=5
2026-01-08 19:38:26,900 - INFO - [GINSLIB] processing : 2020/10/04 05:10:10 Q=5
2026-01-08 19:38:26,900 - INFO - [GINSLIB] processing : 2020/10/04 05:10:11 Q=5
2026-01-08 19:38:26,900 - INFO - [GINSLIB] processing : 2020/10/04 05:10:12 Q=5
2026-01-08 19:38:26,900 - INFO - [GINSLIB] processing : 2020/10/04 05:10:13 Q=5
2026-01-08 19:38:26,900 - INFO - [GINSLIB] processing : 2020/10/04 05:10:14 Q=5
2026-01-08 19:38:26,900 - INFO - [GINSLIB] processing : 2020/10/04 05:10:15 Q=5
2026-01-08 19:38:26,900 - INFO - [GINSLIB] processing : 2020/10/04 05:10:16 Q=5
2026-01-08 19:38:26,901 - INFO - [GINSLIB] processing : 2020/10/04 05:10:17 Q=5
2026-01-08 19:38:26,901 - INFO - [GINSLIB] processing : 2020/10/04 05:10:18 Q=5
2026-01-08 19:38:26,901 - INFO - [GINSLIB] processing : 2020/10/04 05:10:19 Q=5
2026-01-08 19:38:26,901 - INFO - [GINSLIB] processing : 2020/10/04 05:10:20 Q=5
2026-01-08 19:38:26,901 - INFO - [GINSLIB] processing : 2020/10/04 05:10:21 Q=5
2026-01-08 19:38:26,901 - INFO - [GINSLIB] processing : 2020/10/04 05:10:22 Q=5
2026-01-08 19:38:26,902 - INFO - [GINSLIB] processing : 2020/10/04 05:10:23 Q=5
2026-01-08 19:38:26,902 - INFO - [GINSLIB] processing : 2020/10/04 05:10:24 Q=5
2026-01-08 19:38:26,902 - INFO - [GINSLIB] processing : 2020/10/04 05:10:25 Q=5
2026-01-08 19:38:26,902 - INFO - [GINSLIB] processing : 2020/10/04 05:10:26 Q=5
2026-01-08 19:38:26,902 - INFO - [GINSLIB] processing : 2020/10/04 05:10:27 Q=5
2026-01-08 19:38:26,902 - INFO - [GINSLIB] processing : 2020/10/04 05:10:28 Q=5
2026-01-08 19:38:26,902 - INFO - [GINSLIB] processing : 2020/10/04 05:10:29 Q=5
2026-01-08 19:38:26,902 - INFO - [GINSLIB] processing : 2020/10/04 05:10:30 Q=5
2026-01-08 19:38:26,902 - INFO - [GINSLIB] processing : 2020/10/04 05:10:31 Q=5
2026-01-08 19:38:26,903 - INFO - [GINSLIB] processing : 2020/10/04 05:10:32 Q=5
2026-01-08 19:38:26,903 - INFO - [GINSLIB] processing : 2020/10/04 05:10:33 Q=5
2026-01-08 19:38:26,903 - INFO - [GINSLIB] processing : 2020/10/04 05:10:34 Q=5
2026-01-08 19:38:26,903 - INFO - [GINSLIB] processing : 2020/10/04 05:10:35 Q=5
2026-01-08 19:38:26,903 - INFO - [GINSLIB] processing : 2020/10/04 05:10:36 Q=5
2026-01-08 19:38:26,903 - INFO - [GINSLIB] processing : 2020/10/04 05:10:37 Q=5
2026-01-08 19:38:26,903 - INFO - [GINSLIB] processing : 2020/10/04 05:10:38 Q=5
2026-01-08 19:38:26,903 - INFO - [GINSLIB] processing : 2020/10/04 05:10:39 Q=5
2026-01-08 19:38:26,903 - INFO - [GINSLIB] processing : 2020/10/04 05:10:40 Q=5
2026-01-08 19:38:26,903 - INFO - [GINSLIB] processing : 2020/10/04 05:10:41 Q=5
2026-01-08 19:38:26,904 - INFO - [GINSLIB] processing : 2020/10/04 05:10:42 Q=5
2026-01-08 19:38:26,904 - INFO - [GINSLIB] processing : 2020/10/04 05:10:43 Q=5
2026-01-08 19:38:26,904 - INFO - [GINSLIB] processing : 2020/10/04 05:10:44 Q=5
2026-01-08 19:38:26,904 - INFO - [GINSLIB] processing : 2020/10/04 05:10:45 Q=5
2026-01-08 19:38:26,904 - INFO - [GINSLIB] processing : 2020/10/04 05:10:46 Q=5
2026-01-08 19:38:26,904 - INFO - [GINSLIB] processing : 2020/10/04 05:10:47 Q=5
2026-01-08 19:38:26,904 - INFO - [GINSLIB] processing : 2020/10/04 05:10:48 Q=5
2026-01-08 19:38:26,904 - INFO - [GINSLIB] processing : 2020/10/04 05:10:49 Q=5
2026-01-08 19:38:26,904 - INFO - [GINSLIB] processing : 2020/10/04 05:10:50 Q=5
2026-01-08 19:38:26,904 - INFO - [GINSLIB] processing : 2020/10/04 05:10:51 Q=5
2026-01-08 19:38:26,904 - INFO - [GINSLIB] processing : 2020/10/04 05:10:52 Q=5
2026-01-08 19:38:26,905 - INFO - [GINSLIB] processing : 2020/10/04 05:10:53 Q=5
2026-01-08 19:38:26,905 - INFO - [GINSLIB] processing : 2020/10/04 05:10:54 Q=5
2026-01-08 19:38:26,905 - INFO - [GINSLIB] processing : 2020/10/04 05:10:55 Q=5
2026-01-08 19:38:26,905 - INFO - [GINSLIB] processing : 2020/10/04 05:10:56 Q=5
2026-01-08 19:38:26,905 - INFO - [GINSLIB] processing : 2020/10/04 05:10:57 Q=5
2026-01-08 19:38:26,905 - INFO - [GINSLIB] processing : 2020/10/04 05:10:58 Q=5
2026-01-08 19:38:26,905 - INFO - [GINSLIB] processing : 2020/10/04 05:10:59 Q=5
2026-01-08 19:38:26,905 - INFO - [GINSLIB] processing : 2020/10/04 05:11:00 Q=5
2026-01-08 19:38:26,905 - INFO - [GINSLIB] processing : 2020/10/04 05:11:01 Q=5
2026-01-08 19:38:26,905 - INFO - [GINSLIB] processing : 2020/10/04 05:11:02 Q=5
2026-01-08 19:38:26,905 - INFO - [GINSLIB] processing : 2020/10/04 05:11:03 Q=5
2026-01-08 19:38:26,906 - INFO - [GINSLIB] processing : 2020/10/04 05:11:04 Q=5
2026-01-08 19:38:26,906 - INFO - [GINSLIB] processing : 2020/10/04 05:11:05 Q=5
2026-01-08 19:38:26,906 - INFO - [GINSLIB] processing : 2020/10/04 05:11:06 Q=5
2026-01-08 19:38:26,906 - INFO - [GINSLIB] processing : 2020/10/04 05:11:07 Q=5
2026-01-08 19:38:26,906 - INFO - [GINSLIB] processing : 2020/10/04 05:11:08 Q=5
2026-01-08 19:38:26,906 - INFO - [GINSLIB] processing : 2020/10/04 05:11:09 Q=5
2026-01-08 19:38:26,906 - INFO - [GINSLIB] processing : 2020/10/04 05:11:10 Q=5
2026-01-08 19:38:26,906 - INFO - [GINSLIB] processing : 2020/10/04 05:11:11 Q=5
2026-01-08 19:38:26,906 - INFO - [GINSLIB] processing : 2020/10/04 05:11:12 Q=5
2026-01-08 19:38:26,906 - INFO - [GINSLIB] processing : 2020/10/04 05:11:13 Q=5
2026-01-08 19:38:26,907 - INFO - [GINSLIB] processing : 2020/10/04 05:11:14 Q=5
2026-01-08 19:38:26,907 - INFO - [GINSLIB] processing : 2020/10/04 05:11:15 Q=5
2026-01-08 19:38:26,907 - INFO - [GINSLIB] processing : 2020/10/04 05:11:16 Q=5
2026-01-08 19:38:26,907 - INFO - [GINSLIB] processing : 2020/10/04 05:11:17 Q=5
2026-01-08 19:38:26,907 - INFO - [GINSLIB] processing : 2020/10/04 05:11:18 Q=5
2026-01-08 19:38:26,908 - INFO - [GINSLIB] processing : 2020/10/04 05:11:19 Q=5
2026-01-08 19:38:26,908 - INFO - [GINSLIB] processing : 2020/10/04 05:11:20 Q=5
2026-01-08 19:38:26,908 - INFO - [GINSLIB] processing : 2020/10/04 05:11:21 Q=5
2026-01-08 19:38:26,908 - INFO - [GINSLIB] processing : 2020/10/04 05:11:22 Q=5
2026-01-08 19:38:26,909 - INFO - [GINSLIB] processing : 2020/10/04 05:11:23 Q=5
2026-01-08 19:38:26,909 - INFO - [GINSLIB] processing : 2020/10/04 05:11:24 Q=5
2026-01-08 19:38:26,909 - INFO - [GINSLIB] processing : 2020/10/04 05:11:25 Q=5
2026-01-08 19:38:26,909 - INFO - [GINSLIB] processing : 2020/10/04 05:11:26 Q=5
2026-01-08 19:38:26,910 - INFO - [GINSLIB] processing : 2020/10/04 05:11:27 Q=5
2026-01-08 19:38:26,910 - INFO - [GINSLIB] processing : 2020/10/04 05:11:28 Q=5
2026-01-08 19:38:26,910 - INFO - [GINSLIB] processing : 2020/10/04 05:11:29 Q=5
2026-01-08 19:38:26,910 - INFO - [GINSLIB] processing : 2020/10/04 05:11:30 Q=5
2026-01-08 19:38:26,910 - INFO - [GINSLIB] processing : 2020/10/04 05:11:31 Q=5
2026-01-08 19:38:26,910 - INFO - [GINSLIB] processing : 2020/10/04 05:11:32 Q=5
2026-01-08 19:38:26,910 - INFO - [GINSLIB] processing : 2020/10/04 05:11:33 Q=5
2026-01-08 19:38:26,911 - INFO - [GINSLIB] processing : 2020/10/04 05:11:34 Q=5
2026-01-08 19:38:26,911 - INFO - [GINSLIB] processing : 2020/10/04 05:11:35 Q=5
2026-01-08 19:38:26,911 - INFO - [GINSLIB] processing : 2020/10/04 05:11:36 Q=5
2026-01-08 19:38:26,911 - INFO - [GINSLIB] processing : 2020/10/04 05:11:37 Q=5
2026-01-08 19:38:26,911 - INFO - [GINSLIB] processing : 2020/10/04 05:11:38 Q=5
2026-01-08 19:38:26,911 - INFO - [GINSLIB] processing : 2020/10/04 05:11:39 Q=5
2026-01-08 19:38:26,912 - INFO - [GINSLIB] processing : 2020/10/04 05:11:40 Q=5
2026-01-08 19:38:26,912 - INFO - [GINSLIB] processing : 2020/10/04 05:11:41 Q=5
2026-01-08 19:38:26,912 - INFO - [GINSLIB] processing : 2020/10/04 05:11:42 Q=5
2026-01-08 19:38:26,912 - INFO - [GINSLIB] processing : 2020/10/04 05:11:43 Q=5
2026-01-08 19:38:26,912 - INFO - [GINSLIB] processing : 2020/10/04 05:11:44 Q=5
2026-01-08 19:38:26,912 - INFO - [GINSLIB] processing : 2020/10/04 05:11:45 Q=5
2026-01-08 19:38:26,912 - INFO - [GINSLIB] processing : 2020/10/04 05:11:46 Q=5
2026-01-08 19:38:26,913 - INFO - [GINSLIB] processing : 2020/10/04 05:11:47 Q=5
2026-01-08 19:38:26,913 - INFO - [GINSLIB] processing : 2020/10/04 05:11:48 Q=5
2026-01-08 19:38:26,913 - INFO - [GINSLIB] processing : 2020/10/04 05:11:49 Q=5
2026-01-08 19:38:27,218 - INFO - [GINSLIB] processing : 2020/10/04 05:11:50 Q=5
2026-01-08 19:38:27,218 - INFO - [GINSLIB] processing : 2020/10/04 05:11:51 Q=5
2026-01-08 19:38:27,218 - INFO - [GINSLIB] processing : 2020/10/04 05:11:52 Q=5
2026-01-08 19:38:27,219 - INFO - [GINSLIB] processing : 2020/10/04 05:11:53 Q=5
2026-01-08 19:38:27,219 - INFO - [GINSLIB] processing : 2020/10/04 05:11:54 Q=5
2026-01-08 19:38:27,219 - INFO - [GINSLIB] processing : 2020/10/04 05:11:55 Q=5
2026-01-08 19:38:27,220 - INFO - [GINSLIB] processing : 2020/10/04 05:11:56 Q=5
2026-01-08 19:38:27,220 - INFO - [GINSLIB] processing : 2020/10/04 05:11:57 Q=5
2026-01-08 19:38:27,220 - INFO - [GINSLIB] processing : 2020/10/04 05:11:58 Q=5
2026-01-08 19:38:27,220 - INFO - [GINSLIB] processing : 2020/10/04 05:11:59 Q=5
2026-01-08 19:38:27,221 - INFO - [GINSLIB] processing : 2020/10/04 05:12:00 Q=5
2026-01-08 19:38:27,221 - INFO - [GINSLIB] processing : 2020/10/04 05:12:01 Q=5
2026-01-08 19:38:27,221 - INFO - [GINSLIB] processing : 2020/10/04 05:12:02 Q=5
2026-01-08 19:38:27,222 - INFO - [GINSLIB] processing : 2020/10/04 05:12:03 Q=5
2026-01-08 19:38:27,222 - INFO - [GINSLIB] processing : 2020/10/04 05:12:04 Q=5
2026-01-08 19:38:27,222 - INFO - [GINSLIB] processing : 2020/10/04 05:12:05 Q=5
2026-01-08 19:38:27,222 - INFO - [GINSLIB] processing : 2020/10/04 05:12:06 Q=5
2026-01-08 19:38:27,222 - INFO - [GINSLIB] processing : 2020/10/04 05:12:07 Q=5
2026-01-08 19:38:27,222 - INFO - [GINSLIB] processing : 2020/10/04 05:12:08 Q=5
2026-01-08 19:38:27,222 - INFO - [GINSLIB] processing : 2020/10/04 05:12:09 Q=5
2026-01-08 19:38:27,223 - INFO - [GINSLIB] processing : 2020/10/04 05:12:10 Q=5
2026-01-08 19:38:27,223 - INFO - [GINSLIB] processing : 2020/10/04 05:12:11 Q=5
2026-01-08 19:38:27,223 - INFO - [GINSLIB] processing : 2020/10/04 05:12:12 Q=5
2026-01-08 19:38:27,223 - INFO - [GINSLIB] processing : 2020/10/04 05:12:13 Q=5
2026-01-08 19:38:27,223 - INFO - [GINSLIB] processing : 2020/10/04 05:12:14 Q=5
2026-01-08 19:38:27,224 - INFO - [GINSLIB] processing : 2020/10/04 05:12:15 Q=5
2026-01-08 19:38:27,224 - INFO - [GINSLIB] processing : 2020/10/04 05:12:16 Q=5
2026-01-08 19:38:27,225 - INFO - [GINSLIB] processing : 2020/10/04 05:12:17 Q=5
2026-01-08 19:38:27,225 - INFO - [GINSLIB] processing : 2020/10/04 05:12:18 Q=5
2026-01-08 19:38:27,225 - INFO - [GINSLIB] processing : 2020/10/04 05:12:19 Q=5
2026-01-08 19:38:27,225 - INFO - [GINSLIB] processing : 2020/10/04 05:12:20 Q=5
2026-01-08 19:38:27,225 - INFO - [GINSLIB] processing : 2020/10/04 05:12:21 Q=5
2026-01-08 19:38:27,225 - INFO - [GINSLIB] processing : 2020/10/04 05:12:22 Q=5
2026-01-08 19:38:27,226 - INFO - [GINSLIB] processing : 2020/10/04 05:12:23 Q=5
2026-01-08 19:38:27,226 - INFO - [GINSLIB] processing : 2020/10/04 05:12:24 Q=5
2026-01-08 19:38:27,226 - INFO - [GINSLIB] processing : 2020/10/04 05:12:25 Q=5
2026-01-08 19:38:27,226 - INFO - [GINSLIB] processing : 2020/10/04 05:12:26 Q=5
2026-01-08 19:38:27,226 - INFO - [GINSLIB] processing : 2020/10/04 05:12:27 Q=5
2026-01-08 19:38:27,226 - INFO - [GINSLIB] processing : 2020/10/04 05:12:28 Q=5
2026-01-08 19:38:27,227 - INFO - [GINSLIB] processing : 2020/10/04 05:12:29 Q=5
2026-01-08 19:38:27,227 - INFO - [GINSLIB] processing : 2020/10/04 05:12:30 Q=5
2026-01-08 19:38:27,227 - INFO - [GINSLIB] processing : 2020/10/04 05:12:31 Q=5
2026-01-08 19:38:27,227 - INFO - [GINSLIB] processing : 2020/10/04 05:12:32 Q=5
2026-01-08 19:38:27,227 - INFO - [GINSLIB] processing : 2020/10/04 05:12:33 Q=5
2026-01-08 19:38:27,227 - INFO - [GINSLIB] processing : 2020/10/04 05:12:34 Q=5
2026-01-08 19:38:27,227 - INFO - [GINSLIB] processing : 2020/10/04 05:12:35 Q=5
2026-01-08 19:38:27,227 - INFO - [GINSLIB] processing : 2020/10/04 05:12:36 Q=5
2026-01-08 19:38:27,227 - INFO - [GINSLIB] processing : 2020/10/04 05:12:37 Q=5
2026-01-08 19:38:27,227 - INFO - [GINSLIB] processing : 2020/10/04 05:12:38 Q=5
2026-01-08 19:38:27,228 - INFO - [GINSLIB] processing : 2020/10/04 05:12:39 Q=5
2026-01-08 19:38:27,228 - INFO - [GINSLIB] processing : 2020/10/04 05:12:40 Q=5
2026-01-08 19:38:27,228 - INFO - [GINSLIB] processing : 2020/10/04 05:12:41 Q=5
2026-01-08 19:38:27,228 - INFO - [GINSLIB] processing : 2020/10/04 05:12:42 Q=5
2026-01-08 19:38:27,228 - INFO - [GINSLIB] processing : 2020/10/04 05:12:43 Q=5
2026-01-08 19:38:27,228 - INFO - [GINSLIB] processing : 2020/10/04 05:12:44 Q=5
2026-01-08 19:38:27,228 - INFO - [GINSLIB] processing : 2020/10/04 05:12:45 Q=5
2026-01-08 19:38:27,228 - INFO - [GINSLIB] processing : 2020/10/04 05:12:46 Q=5
2026-01-08 19:38:27,228 - INFO - [GINSLIB] processing : 2020/10/04 05:12:47 Q=5
2026-01-08 19:38:27,228 - INFO - [GINSLIB] processing : 2020/10/04 05:12:48 Q=5
2026-01-08 19:38:27,229 - INFO - [GINSLIB] processing : 2020/10/04 05:12:49 Q=5
2026-01-08 19:38:27,229 - INFO - [GINSLIB] processing : 2020/10/04 05:12:50 Q=5
2026-01-08 19:38:27,229 - INFO - [GINSLIB] processing : 2020/10/04 05:12:51 Q=5
2026-01-08 19:38:27,229 - INFO - [GINSLIB] processing : 2020/10/04 05:12:52 Q=5
2026-01-08 19:38:27,229 - INFO - [GINSLIB] processing : 2020/10/04 05:12:53 Q=5
2026-01-08 19:38:27,229 - INFO - [GINSLIB] processing : 2020/10/04 05:12:54 Q=5
2026-01-08 19:38:27,229 - INFO - [GINSLIB] processing : 2020/10/04 05:12:55 Q=5
2026-01-08 19:38:27,229 - INFO - [GINSLIB] processing : 2020/10/04 05:12:56 Q=5
2026-01-08 19:38:27,229 - INFO - [GINSLIB] processing : 2020/10/04 05:12:57 Q=5
2026-01-08 19:38:27,229 - INFO - [GINSLIB] processing : 2020/10/04 05:12:58 Q=5
2026-01-08 19:38:27,229 - INFO - [GINSLIB] processing : 2020/10/04 05:12:59 Q=5
2026-01-08 19:38:27,230 - INFO - [GINSLIB] processing : 2020/10/04 05:13:00 Q=5
2026-01-08 19:38:27,230 - INFO - [GINSLIB] processing : 2020/10/04 05:13:01 Q=5
2026-01-08 19:38:27,230 - INFO - [GINSLIB] processing : 2020/10/04 05:13:02 Q=5
2026-01-08 19:38:27,230 - INFO - [GINSLIB] processing : 2020/10/04 05:13:03 Q=5
2026-01-08 19:38:27,230 - INFO - [GINSLIB] processing : 2020/10/04 05:13:04 Q=5
2026-01-08 19:38:27,230 - INFO - [GINSLIB] processing : 2020/10/04 05:13:05 Q=5
2026-01-08 19:38:27,230 - INFO - [GINSLIB] processing : 2020/10/04 05:13:06 Q=5
2026-01-08 19:38:27,230 - INFO - [GINSLIB] processing : 2020/10/04 05:13:07 Q=5
2026-01-08 19:38:27,230 - INFO - [GINSLIB] processing : 2020/10/04 05:13:08 Q=5
2026-01-08 19:38:27,230 - INFO - [GINSLIB] processing : 2020/10/04 05:13:09 Q=5
2026-01-08 19:38:27,230 - INFO - [GINSLIB] processing : 2020/10/04 05:13:10 Q=5
2026-01-08 19:38:27,231 - INFO - [GINSLIB] processing : 2020/10/04 05:13:11 Q=5
2026-01-08 19:38:27,231 - INFO - [GINSLIB] processing : 2020/10/04 05:13:12 Q=5
2026-01-08 19:38:27,231 - INFO - [GINSLIB] processing : 2020/10/04 05:13:13 Q=5
2026-01-08 19:38:27,231 - INFO - [GINSLIB] processing : 2020/10/04 05:13:14 Q=5
2026-01-08 19:38:27,231 - INFO - [GINSLIB] processing : 2020/10/04 05:13:15 Q=5
2026-01-08 19:38:27,231 - INFO - [GINSLIB] processing : 2020/10/04 05:13:16 Q=5
2026-01-08 19:38:27,231 - INFO - [GINSLIB] processing : 2020/10/04 05:13:17 Q=5
2026-01-08 19:38:27,231 - INFO - [GINSLIB] processing : 2020/10/04 05:13:18 Q=5
2026-01-08 19:38:27,231 - INFO - [GINSLIB] processing : 2020/10/04 05:13:19 Q=5
2026-01-08 19:38:27,231 - INFO - [GINSLIB] processing : 2020/10/04 05:13:20 Q=5
2026-01-08 19:38:27,231 - INFO - [GINSLIB] processing : 2020/10/04 05:13:21 Q=5
2026-01-08 19:38:27,232 - INFO - [GINSLIB] processing : 2020/10/04 05:13:22 Q=5
2026-01-08 19:38:27,232 - INFO - [GINSLIB] processing : 2020/10/04 05:13:23 Q=5
2026-01-08 19:38:27,232 - INFO - [GINSLIB] processing : 2020/10/04 05:13:24 Q=5
2026-01-08 19:38:27,232 - INFO - [GINSLIB] processing : 2020/10/04 05:13:25 Q=5
2026-01-08 19:38:27,232 - INFO - [GINSLIB] processing : 2020/10/04 05:13:26 Q=5
2026-01-08 19:38:27,232 - INFO - [GINSLIB] processing : 2020/10/04 05:13:27 Q=5
2026-01-08 19:38:27,232 - INFO - [GINSLIB] processing : 2020/10/04 05:13:28 Q=5
2026-01-08 19:38:27,232 - INFO - [GINSLIB] processing : 2020/10/04 05:13:29 Q=5
2026-01-08 19:38:27,232 - INFO - [GINSLIB] processing : 2020/10/04 05:13:30 Q=5
2026-01-08 19:38:27,232 - INFO - [GINSLIB] processing : 2020/10/04 05:13:31 Q=5
2026-01-08 19:38:27,232 - INFO - [GINSLIB] processing : 2020/10/04 05:13:32 Q=5
2026-01-08 19:38:27,233 - INFO - [GINSLIB] processing : 2020/10/04 05:13:33 Q=5
2026-01-08 19:38:27,233 - INFO - [GINSLIB] processing : 2020/10/04 05:13:34 Q=5
2026-01-08 19:38:27,233 - INFO - [GINSLIB] processing : 2020/10/04 05:13:35 Q=5
2026-01-08 19:38:27,233 - INFO - [GINSLIB] processing : 2020/10/04 05:13:36 Q=5
2026-01-08 19:38:27,233 - INFO - [GINSLIB] processing : 2020/10/04 05:13:37 Q=5
2026-01-08 19:38:27,233 - INFO - [GINSLIB] processing : 2020/10/04 05:13:38 Q=5
2026-01-08 19:38:27,233 - INFO - [GINSLIB] processing : 2020/10/04 05:13:39 Q=5
2026-01-08 19:38:27,233 - INFO - [GINSLIB] processing : 2020/10/04 05:13:40 Q=5
2026-01-08 19:38:27,537 - INFO - [GINSLIB] processing : 2020/10/04 05:13:41 Q=5
2026-01-08 19:38:27,538 - INFO - [GINSLIB] processing : 2020/10/04 05:13:42 Q=5
2026-01-08 19:38:27,538 - INFO - [GINSLIB] processing : 2020/10/04 05:13:43 Q=5
2026-01-08 19:38:27,538 - INFO - [GINSLIB] processing : 2020/10/04 05:13:44 Q=5
2026-01-08 19:38:27,538 - INFO - [GINSLIB] processing : 2020/10/04 05:13:45 Q=5
2026-01-08 19:38:27,539 - INFO - [GINSLIB] processing : 2020/10/04 05:13:46 Q=5
2026-01-08 19:38:27,539 - INFO - [GINSLIB] processing : 2020/10/04 05:13:47 Q=5
2026-01-08 19:38:27,539 - INFO - [GINSLIB] processing : 2020/10/04 05:13:48 Q=5
2026-01-08 19:38:27,539 - INFO - [GINSLIB] processing : 2020/10/04 05:13:49 Q=5
2026-01-08 19:38:27,540 - INFO - [GINSLIB] processing : 2020/10/04 05:13:50 Q=5
2026-01-08 19:38:27,540 - INFO - [GINSLIB] processing : 2020/10/04 05:13:51 Q=5
2026-01-08 19:38:27,540 - INFO - [GINSLIB] processing : 2020/10/04 05:13:52 Q=5
2026-01-08 19:38:27,540 - INFO - [GINSLIB] processing : 2020/10/04 05:13:53 Q=5
2026-01-08 19:38:27,541 - INFO - [GINSLIB] processing : 2020/10/04 05:13:54 Q=5
2026-01-08 19:38:27,541 - INFO - [GINSLIB] processing : 2020/10/04 05:13:55 Q=5
2026-01-08 19:38:27,541 - INFO - [GINSLIB] processing : 2020/10/04 05:13:56 Q=5
2026-01-08 19:38:27,541 - INFO - [GINSLIB] processing : 2020/10/04 05:13:57 Q=5
2026-01-08 19:38:27,542 - INFO - [GINSLIB] processing : 2020/10/04 05:13:58 Q=5
2026-01-08 19:38:27,542 - INFO - [GINSLIB] processing : 2020/10/04 05:13:59 Q=5
2026-01-08 19:38:27,542 - INFO - [GINSLIB] processing : 2020/10/04 05:14:00 Q=5
2026-01-08 19:38:27,543 - INFO - [GINSLIB] processing : 2020/10/04 05:14:01 Q=5
2026-01-08 19:38:27,543 - INFO - [GINSLIB] processing : 2020/10/04 05:14:02 Q=5
2026-01-08 19:38:27,543 - INFO - [GINSLIB] processing : 2020/10/04 05:14:03 Q=5
2026-01-08 19:38:27,543 - INFO - [GINSLIB] processing : 2020/10/04 05:14:04 Q=5
2026-01-08 19:38:27,543 - INFO - [GINSLIB] processing : 2020/10/04 05:14:05 Q=5
2026-01-08 19:38:27,544 - INFO - [GINSLIB] processing : 2020/10/04 05:14:06 Q=5
2026-01-08 19:38:27,544 - INFO - [GINSLIB] processing : 2020/10/04 05:14:07 Q=5
2026-01-08 19:38:27,544 - INFO - [GINSLIB] processing : 2020/10/04 05:14:08 Q=5
2026-01-08 19:38:27,544 - INFO - [GINSLIB] processing : 2020/10/04 05:14:09 Q=5
2026-01-08 19:38:27,544 - INFO - [GINSLIB] processing : 2020/10/04 05:14:10 Q=5
2026-01-08 19:38:27,545 - INFO - [GINSLIB] processing : 2020/10/04 05:14:11 Q=5
2026-01-08 19:38:27,545 - INFO - [GINSLIB] processing : 2020/10/04 05:14:12 Q=5
2026-01-08 19:38:27,545 - INFO - [GINSLIB] processing : 2020/10/04 05:14:13 Q=5
2026-01-08 19:38:27,545 - INFO - [GINSLIB] processing : 2020/10/04 05:14:14 Q=5
2026-01-08 19:38:27,545 - INFO - [GINSLIB] processing : 2020/10/04 05:14:15 Q=5
2026-01-08 19:38:27,545 - INFO - [GINSLIB] processing : 2020/10/04 05:14:16 Q=5
2026-01-08 19:38:27,545 - INFO - [GINSLIB] processing : 2020/10/04 05:14:17 Q=5
2026-01-08 19:38:27,545 - INFO - [GINSLIB] processing : 2020/10/04 05:14:18 Q=5
2026-01-08 19:38:27,546 - INFO - [GINSLIB] processing : 2020/10/04 05:14:19 Q=5
2026-01-08 19:38:27,546 - INFO - [GINSLIB] processing : 2020/10/04 05:14:20 Q=5
2026-01-08 19:38:27,546 - INFO - [GINSLIB] processing : 2020/10/04 05:14:21 Q=5
2026-01-08 19:38:27,546 - INFO - [GINSLIB] processing : 2020/10/04 05:14:22 Q=5
2026-01-08 19:38:27,546 - INFO - [GINSLIB] processing : 2020/10/04 05:14:23 Q=5
2026-01-08 19:38:27,546 - INFO - [GINSLIB] processing : 2020/10/04 05:14:24 Q=5
2026-01-08 19:38:27,546 - INFO - [GINSLIB] processing : 2020/10/04 05:14:25 Q=5
2026-01-08 19:38:27,546 - INFO - [GINSLIB] processing : 2020/10/04 05:14:26 Q=5
2026-01-08 19:38:27,546 - INFO - [GINSLIB] processing : 2020/10/04 05:14:27 Q=5
2026-01-08 19:38:27,546 - INFO - [GINSLIB] processing : 2020/10/04 05:14:28 Q=5
2026-01-08 19:38:27,547 - INFO - [GINSLIB] processing : 2020/10/04 05:14:29 Q=5
2026-01-08 19:38:27,547 - INFO - [GINSLIB] processing : 2020/10/04 05:14:30 Q=5
2026-01-08 19:38:27,547 - INFO - [GINSLIB] processing : 2020/10/04 05:14:31 Q=5
2026-01-08 19:38:27,547 - INFO - [GINSLIB] processing : 2020/10/04 05:14:32 Q=5
2026-01-08 19:38:27,547 - INFO - [GINSLIB] processing : 2020/10/04 05:14:33 Q=5
2026-01-08 19:38:27,547 - INFO - [GINSLIB] processing : 2020/10/04 05:14:34 Q=5
2026-01-08 19:38:27,547 - INFO - [GINSLIB] processing : 2020/10/04 05:14:35 Q=5
2026-01-08 19:38:27,547 - INFO - [GINSLIB] processing : 2020/10/04 05:14:36 Q=5
2026-01-08 19:38:27,547 - INFO - [GINSLIB] processing : 2020/10/04 05:14:37 Q=5
2026-01-08 19:38:27,547 - INFO - [GINSLIB] processing : 2020/10/04 05:14:38 Q=5
2026-01-08 19:38:27,548 - INFO - [GINSLIB] processing : 2020/10/04 05:14:39 Q=5
2026-01-08 19:38:27,548 - INFO - [GINSLIB] processing : 2020/10/04 05:14:40 Q=5
2026-01-08 19:38:27,548 - INFO - [GINSLIB] processing : 2020/10/04 05:14:41 Q=5
2026-01-08 19:38:27,548 - INFO - [GINSLIB] processing : 2020/10/04 05:14:42 Q=5
2026-01-08 19:38:27,548 - INFO - [GINSLIB] processing : 2020/10/04 05:14:43 Q=5
2026-01-08 19:38:27,548 - INFO - [GINSLIB] processing : 2020/10/04 05:14:44 Q=5
2026-01-08 19:38:27,548 - INFO - [GINSLIB] processing : 2020/10/04 05:14:45 Q=5
2026-01-08 19:38:27,548 - INFO - [GINSLIB] processing : 2020/10/04 05:14:46 Q=5
2026-01-08 19:38:27,548 - INFO - [GINSLIB] processing : 2020/10/04 05:14:47 Q=5
2026-01-08 19:38:27,548 - INFO - [GINSLIB] processing : 2020/10/04 05:14:48 Q=5
2026-01-08 19:38:27,548 - INFO - [GINSLIB] processing : 2020/10/04 05:14:49 Q=5
2026-01-08 19:38:27,549 - INFO - [GINSLIB] processing : 2020/10/04 05:14:50 Q=5
2026-01-08 19:38:27,549 - INFO - [GINSLIB] processing : 2020/10/04 05:14:51 Q=5
2026-01-08 19:38:27,549 - INFO - [GINSLIB] processing : 2020/10/04 05:14:52 Q=5
2026-01-08 19:38:27,549 - INFO - [GINSLIB] processing : 2020/10/04 05:14:53 Q=5
2026-01-08 19:38:27,549 - INFO - [GINSLIB] processing : 2020/10/04 05:14:54 Q=5
2026-01-08 19:38:27,549 - INFO - [GINSLIB] processing : 2020/10/04 05:14:55 Q=5
2026-01-08 19:38:27,549 - INFO - [GINSLIB] processing : 2020/10/04 05:14:56 Q=5
2026-01-08 19:38:27,549 - INFO - [GINSLIB] processing : 2020/10/04 05:14:57 Q=5
2026-01-08 19:38:27,549 - INFO - [GINSLIB] processing : 2020/10/04 05:14:58 Q=5
2026-01-08 19:38:27,549 - INFO - [GINSLIB] processing : 2020/10/04 05:14:59 Q=5
2026-01-08 19:38:27,549 - INFO - [GINSLIB] processing : 2020/10/04 05:15:00 Q=5
2026-01-08 19:38:27,550 - INFO - [GINSLIB] processing : 2020/10/04 05:15:01 Q=5
2026-01-08 19:38:27,550 - INFO - [GINSLIB] processing : 2020/10/04 05:15:02 Q=5
2026-01-08 19:38:27,550 - INFO - [GINSLIB] processing : 2020/10/04 05:15:03 Q=5
2026-01-08 19:38:27,550 - INFO - [GINSLIB] processing : 2020/10/04 05:15:04 Q=5
2026-01-08 19:38:27,550 - INFO - [GINSLIB] processing : 2020/10/04 05:15:05 Q=5
2026-01-08 19:38:27,550 - INFO - [GINSLIB] processing : 2020/10/04 05:15:06 Q=5
2026-01-08 19:38:27,550 - INFO - [GINSLIB] processing : 2020/10/04 05:15:07 Q=5
2026-01-08 19:38:27,550 - INFO - [GINSLIB] processing : 2020/10/04 05:15:08 Q=5
2026-01-08 19:38:27,550 - INFO - [GINSLIB] processing : 2020/10/04 05:15:09 Q=5
2026-01-08 19:38:27,550 - INFO - [GINSLIB] processing : 2020/10/04 05:15:10 Q=5
2026-01-08 19:38:27,550 - INFO - [GINSLIB] processing : 2020/10/04 05:15:11 Q=5
2026-01-08 19:38:27,551 - INFO - [GINSLIB] processing : 2020/10/04 05:15:12 Q=5
2026-01-08 19:38:27,551 - INFO - [GINSLIB] processing : 2020/10/04 05:15:13 Q=5
2026-01-08 19:38:27,551 - INFO - [GINSLIB] processing : 2020/10/04 05:15:14 Q=5
2026-01-08 19:38:27,551 - INFO - [GINSLIB] processing : 2020/10/04 05:15:15 Q=5
2026-01-08 19:38:27,551 - INFO - [GINSLIB] processing : 2020/10/04 05:15:16 Q=5
2026-01-08 19:38:27,551 - INFO - [GINSLIB] processing : 2020/10/04 05:15:17 Q=5
2026-01-08 19:38:27,551 - INFO - [GINSLIB] processing : 2020/10/04 05:15:18 Q=5
2026-01-08 19:38:27,551 - INFO - [GINSLIB] processing : 2020/10/04 05:15:19 Q=5
2026-01-08 19:38:27,551 - INFO - [GINSLIB] processing : 2020/10/04 05:15:20 Q=5
2026-01-08 19:38:27,551 - INFO - [GINSLIB] processing : 2020/10/04 05:15:21 Q=5
2026-01-08 19:38:27,551 - INFO - [GINSLIB] processing : 2020/10/04 05:15:22 Q=5
2026-01-08 19:38:27,552 - INFO - [GINSLIB] processing : 2020/10/04 05:15:23 Q=5
2026-01-08 19:38:27,552 - INFO - [GINSLIB] processing : 2020/10/04 05:15:24 Q=5
2026-01-08 19:38:27,552 - INFO - [GINSLIB] processing : 2020/10/04 05:15:25 Q=5
2026-01-08 19:38:27,552 - INFO - [GINSLIB] processing : 2020/10/04 05:15:26 Q=5
2026-01-08 19:38:27,552 - INFO - [GINSLIB] processing : 2020/10/04 05:15:27 Q=5
2026-01-08 19:38:27,552 - INFO - [GINSLIB] processing : 2020/10/04 05:15:28 Q=5
2026-01-08 19:38:27,552 - INFO - [GINSLIB] processing : 2020/10/04 05:15:29 Q=5
2026-01-08 19:38:27,552 - INFO - [GINSLIB] processing : 2020/10/04 05:15:30 Q=5
2026-01-08 19:38:27,552 - INFO - [GINSLIB] processing : 2020/10/04 05:15:31 Q=5
2026-01-08 19:38:27,615 - INFO - [GINSLIB] processing : 2020/10/04 05:15:32 Q=5
2026-01-08 19:38:27,616 - INFO - [GINSLIB] processing : 2020/10/04 05:15:33 Q=5
2026-01-08 19:38:27,616 - INFO - [GINSLIB] processing : 2020/10/04 05:15:34 Q=5
2026-01-08 19:38:27,616 - INFO - [GINSLIB] processing : 2020/10/04 05:15:35 Q=5
2026-01-08 19:38:27,616 - INFO - [GINSLIB] processing : 2020/10/04 05:15:36 Q=5
2026-01-08 19:38:27,616 - INFO - [GINSLIB] processing : 2020/10/04 05:15:37 Q=5
2026-01-08 19:38:27,617 - INFO - [GINSLIB] processing : 2020/10/04 05:15:38 Q=5
2026-01-08 19:38:27,617 - INFO - [GINSLIB] processing : 2020/10/04 05:15:39 Q=5
2026-01-08 19:38:27,617 - INFO - [GINSLIB] processing : 2020/10/04 05:15:40 Q=5
2026-01-08 19:38:27,617 - INFO - [GINSLIB] processing : 2020/10/04 05:15:41 Q=5
2026-01-08 19:38:27,618 - INFO - [GINSLIB] processing : 2020/10/04 05:15:42 Q=5
2026-01-08 19:38:27,618 - INFO - [GINSLIB] processing : 2020/10/04 05:15:43 Q=5
2026-01-08 19:38:27,618 - INFO - [GINSLIB] processing : 2020/10/04 05:15:44 Q=5
2026-01-08 19:38:27,618 - INFO - [GINSLIB] processing : 2020/10/04 05:15:45 Q=5
2026-01-08 19:38:27,618 - INFO - [GINSLIB] processing : 2020/10/04 05:15:46 Q=5
2026-01-08 19:38:27,619 - INFO - [GINSLIB] processing : 2020/10/04 05:15:47 Q=5
2026-01-08 19:38:27,619 - INFO - [GINSLIB] processing : 2020/10/04 05:15:48 Q=5
2026-01-08 19:38:27,619 - INFO - [GINSLIB] processing : 2020/10/04 05:15:49 Q=5
2026-01-08 19:38:27,619 - INFO - [GINSLIB] processing : 2020/10/04 05:15:50 Q=5
2026-01-08 19:38:27,619 - INFO - [GINSLIB] Total processing time of program: 27.166000 sec!
2026-01-08 19:38:27,620 - INFO - ✓ INS_Railway_open_20201004 SPP 执行成功
2026-01-08 19:39:58,674 - INFO - 开始误差分析
2026-01-08 19:39:58,675 - INFO - - 结果文件: G:\Navigation_Learn\GNSS\RTKLIB-b34k\data\GNSS_INS\INS_Railway_open_20201004\result\GNSS_Railway_open_20201004_SPP_F.pos
2026-01-08 19:39:58,675 - INFO - - 参考文件: G:\Navigation_Learn\GNSS\RTKLIB-b34k\data\GNSS_INS\INS_Railway_open_20201004\truth.truth
2026-01-08 19:39:58,675 - INFO - ============================================================
2026-01-08 19:39:58,675 - INFO - 开始处理: INS_Railway_open_20201004
2026-01-08 19:39:58,676 - INFO - 处理模式: SPP
2026-01-08 19:39:58,676 - INFO - ============================================================
2026-01-08 19:39:58,676 - INFO - GNSS模式，仅绘制位置误差
2026-01-08 19:39:58,735 - INFO - ✓ 结果文件数据读取成功 G:\Navigation_Learn\GNSS\RTKLIB-b34k\data\GNSS_INS\INS_Railway_open_20201004\result\GNSS_Railway_open_20201004_SPP_F.pos
2026-01-08 19:39:58,820 - INFO - ✓ 参考文件数据读取成功 G:\Navigation_Learn\GNSS\RTKLIB-b34k\data\GNSS_INS\INS_Railway_open_20201004\truth.truth
2026-01-08 19:39:59,968 - INFO - 位置误差RMS: E=0.5824m, N=0.3659m, U=3.2374m, 3D=3.3097m
