2026-01-06 18:52:58,860 - INFO - 日志文件保存位置: G:\Navigation_Learn\GNSS\RTKLIB-b34k\batch_process\log\batch_process_20260106_185258.log
2026-01-06 18:52:58,871 - INFO - 批处理任务开始执行
2026-01-06 18:52:58,871 - INFO - 当前工作目录 (Data Root): G:\Navigation_Learn\GNSS\RTKLIB-b34k\data\GNSS_INS
2026-01-06 18:52:58,871 - INFO - 解算程序路径 (EXE Path):  G:\Navigation_Learn\GNSS\RTKLIB-b34k\build\Bin\GINSLIB.exe
2026-01-06 18:52:58,871 - INFO - ------------------------------------------------------------
2026-01-06 18:52:58,872 - INFO - 共 27 个数据任务，开始批处理...
2026-01-06 18:52:58,872 - INFO - 第 1 个任务: CPT_Vehicle_open_20190328
2026-01-06 18:52:58,872 - INFO - - 路径: G:\Navigation_Learn\GNSS\RTKLIB-b34k\data\GNSS_INS\CPT_Vehicle_open_20190328
2026-01-06 18:52:58,872 - INFO - - 配置: CPT_Vehicle_open_20190328.conf
2026-01-06 18:53:02,031 - INFO - [GINSLIB] processing : 2019/03/28 03:28:09 Q=0
2026-01-06 18:53:02,032 - INFO - [GINSLIB] processing : 2019/03/28 03:28:10 Q=0
2026-01-06 18:53:02,052 - INFO - [GINSLIB] processing : 2019/03/28 03:28:11 Q=0
2026-01-06 18:53:02,071 - INFO - [GINSLIB] processing : 2019/03/28 03:28:12 Q=0
2026-01-06 18:53:02,092 - INFO - [GINSLIB] processing : 2019/03/28 03:28:13 Q=0
2026-01-06 18:53:02,109 - INFO - [GINSLIB] processing : 2019/03/28 03:28:14 Q=0
2026-01-06 18:53:02,109 - INFO - [GINSLIB] processing : 2019/03/28 03:28:15 Q=0
2026-01-06 18:53:02,127 - INFO - [GINSLIB] processing : 2019/03/28 03:28:16 Q=0
2026-01-06 18:53:02,143 - INFO - [GINSLIB] processing : 2019/03/28 03:28:17 Q=0
2026-01-06 18:53:02,158 - INFO - [GINSLIB] processing : 2019/03/28 03:28:18 Q=0
2026-01-06 18:53:02,173 - INFO - [GINSLIB] processing : 2019/03/28 03:28:19 Q=0
2026-01-06 18:53:02,190 - INFO - [GINSLIB] processing : 2019/03/28 03:28:20 Q=0
2026-01-06 18:53:02,205 - INFO - [GINSLIB] processing : 2019/03/28 03:28:21 Q=0
2026-01-06 18:53:02,221 - INFO - [GINSLIB] processing : 2019/03/28 03:28:22 Q=0
2026-01-06 18:53:02,236 - INFO - [GINSLIB] processing : 2019/03/28 03:28:23 Q=0
2026-01-06 18:53:02,252 - INFO - [GINSLIB] processing : 2019/03/28 03:28:24 Q=0
2026-01-06 18:53:02,267 - INFO - [GINSLIB] processing : 2019/03/28 03:28:25 Q=0
2026-01-06 18:53:02,267 - INFO - [GINSLIB] processing : 2019/03/28 03:28:26 Q=0
2026-01-06 18:53:02,278 - INFO - [GINSLIB] INS initial alignment completed: 03:28:26.00  0358106.00!
2026-01-06 18:53:02,278 - INFO - [GINSLIB] processing : 2019/03/28 03:28:26 Q=5
2026-01-06 18:53:02,278 - INFO - [GINSLIB] processing : 2019/03/28 03:28:27 Q=5
2026-01-06 18:53:02,282 - INFO - [GINSLIB] processing : 2019/03/28 03:28:28 Q=5
2026-01-06 18:53:02,286 - INFO - [GINSLIB] processing : 2019/03/28 03:28:29 Q=5
2026-01-06 18:53:02,292 - INFO - [GINSLIB] processing : 2019/03/28 03:28:30 Q=5
2026-01-06 18:53:02,296 - INFO - [GINSLIB] processing : 2019/03/28 03:28:31 Q=5
2026-01-06 18:53:02,301 - INFO - [GINSLIB] processing : 2019/03/28 03:28:32 Q=5
2026-01-06 18:53:02,305 - INFO - [GINSLIB] processing : 2019/03/28 03:28:33 Q=5
2026-01-06 18:53:02,308 - INFO - [GINSLIB] processing : 2019/03/28 03:28:34 Q=5
2026-01-06 18:53:02,312 - INFO - [GINSLIB] processing : 2019/03/28 03:28:35 Q=5
2026-01-06 18:53:02,312 - INFO - [GINSLIB] processing : 2019/03/28 03:28:36 Q=5
2026-01-06 18:53:02,316 - INFO - [GINSLIB] processing : 2019/03/28 03:28:37 Q=5
2026-01-06 18:53:02,320 - INFO - [GINSLIB] processing : 2019/03/28 03:28:38 Q=5
2026-01-06 18:53:02,323 - INFO - [GINSLIB] processing : 2019/03/28 03:28:39 Q=5
2026-01-06 18:53:02,327 - INFO - [GINSLIB] processing : 2019/03/28 03:28:40 Q=5
2026-01-06 18:53:02,334 - INFO - [GINSLIB] processing : 2019/03/28 03:28:41 Q=5
2026-01-06 18:53:02,337 - INFO - [GINSLIB] processing : 2019/03/28 03:28:42 Q=5
2026-01-06 18:53:02,341 - INFO - [GINSLIB] processing : 2019/03/28 03:28:43 Q=5
2026-01-06 18:53:02,346 - INFO - [GINSLIB] processing : 2019/03/28 03:28:44 Q=5
2026-01-06 18:53:02,350 - INFO - [GINSLIB] processing : 2019/03/28 03:28:45 Q=5
2026-01-06 18:53:02,350 - INFO - [GINSLIB] processing : 2019/03/28 03:28:46 Q=5
2026-01-06 18:53:02,353 - INFO - [GINSLIB] processing : 2019/03/28 03:28:47 Q=5
2026-01-06 18:53:02,356 - INFO - [GINSLIB] processing : 2019/03/28 03:28:48 Q=5
2026-01-06 18:53:02,361 - INFO - [GINSLIB] processing : 2019/03/28 03:28:49 Q=5
2026-01-06 18:53:02,365 - INFO - [GINSLIB] processing : 2019/03/28 03:28:50 Q=5
2026-01-06 18:53:02,371 - INFO - [GINSLIB] processing : 2019/03/28 03:28:51 Q=5
2026-01-06 18:53:02,376 - INFO - [GINSLIB] processing : 2019/03/28 03:28:52 Q=5
2026-01-06 18:53:02,380 - INFO - [GINSLIB] processing : 2019/03/28 03:28:53 Q=5
2026-01-06 18:53:02,384 - INFO - [GINSLIB] processing : 2019/03/28 03:28:54 Q=5
2026-01-06 18:53:02,388 - INFO - [GINSLIB] processing : 2019/03/28 03:28:55 Q=5
2026-01-06 18:53:02,391 - INFO - [GINSLIB] processing : 2019/03/28 03:28:56 Q=5
2026-01-06 18:53:02,391 - INFO - [GINSLIB] processing : 2019/03/28 03:28:57 Q=5
2026-01-06 18:53:02,395 - INFO - [GINSLIB] processing : 2019/03/28 03:28:58 Q=5
2026-01-06 18:53:02,399 - INFO - [GINSLIB] processing : 2019/03/28 03:28:59 Q=5
2026-01-06 18:53:02,403 - INFO - [GINSLIB] processing : 2019/03/28 03:29:00 Q=5
2026-01-06 18:53:02,410 - INFO - [GINSLIB] processing : 2019/03/28 03:29:01 Q=5
2026-01-06 18:53:02,414 - INFO - [GINSLIB] processing : 2019/03/28 03:29:02 Q=5
2026-01-06 18:53:02,418 - INFO - [GINSLIB] processing : 2019/03/28 03:29:03 Q=5
2026-01-06 18:53:02,422 - INFO - [GINSLIB] processing : 2019/03/28 03:29:04 Q=5
2026-01-06 18:53:02,426 - INFO - [GINSLIB] processing : 2019/03/28 03:29:05 Q=5
2026-01-06 18:53:02,430 - INFO - [GINSLIB] processing : 2019/03/28 03:29:06 Q=5
2026-01-06 18:53:02,430 - INFO - [GINSLIB] processing : 2019/03/28 03:29:07 Q=5
2026-01-06 18:53:02,434 - INFO - [GINSLIB] processing : 2019/03/28 03:29:08 Q=5
2026-01-06 18:53:02,439 - INFO - [GINSLIB] processing : 2019/03/28 03:29:09 Q=5
2026-01-06 18:53:02,442 - INFO - [GINSLIB] processing : 2019/03/28 03:29:10 Q=5
2026-01-06 18:53:02,446 - INFO - [GINSLIB] processing : 2019/03/28 03:29:11 Q=5
2026-01-06 18:53:02,453 - INFO - [GINSLIB] processing : 2019/03/28 03:29:12 Q=5
2026-01-06 18:53:02,457 - INFO - [GINSLIB] processing : 2019/03/28 03:29:13 Q=5
2026-01-06 18:53:02,460 - INFO - [GINSLIB] processing : 2019/03/28 03:29:14 Q=5
2026-01-06 18:53:02,465 - INFO - [GINSLIB] processing : 2019/03/28 03:29:15 Q=5
2026-01-06 18:53:02,470 - INFO - [GINSLIB] processing : 2019/03/28 03:29:16 Q=5
2026-01-06 18:53:02,470 - INFO - [GINSLIB] processing : 2019/03/28 03:29:17 Q=5
2026-01-06 18:53:02,474 - INFO - [GINSLIB] processing : 2019/03/28 03:29:18 Q=5
2026-01-06 18:53:02,477 - INFO - [GINSLIB] processing : 2019/03/28 03:29:19 Q=5
2026-01-06 18:53:02,482 - INFO - [GINSLIB] processing : 2019/03/28 03:29:20 Q=5
2026-01-06 18:53:02,486 - INFO - [GINSLIB] processing : 2019/03/28 03:29:21 Q=5
2026-01-06 18:53:02,491 - INFO - [GINSLIB] processing : 2019/03/28 03:29:22 Q=5
2026-01-06 18:53:02,496 - INFO - [GINSLIB] processing : 2019/03/28 03:29:23 Q=5
2026-01-06 18:53:02,502 - INFO - [GINSLIB] processing : 2019/03/28 03:29:24 Q=5
2026-01-06 18:53:02,506 - INFO - [GINSLIB] processing : 2019/03/28 03:29:25 Q=5
2026-01-06 18:53:02,509 - INFO - [GINSLIB] processing : 2019/03/28 03:29:26 Q=5
2026-01-06 18:53:02,514 - INFO - [GINSLIB] processing : 2019/03/28 03:29:27 Q=5
2026-01-06 18:53:02,514 - INFO - [GINSLIB] processing : 2019/03/28 03:29:28 Q=5
2026-01-06 18:53:02,518 - INFO - [GINSLIB] processing : 2019/03/28 03:29:29 Q=5
2026-01-06 18:53:02,522 - INFO - [GINSLIB] processing : 2019/03/28 03:29:30 Q=5
2026-01-06 18:53:02,526 - INFO - [GINSLIB] processing : 2019/03/28 03:29:31 Q=5
2026-01-06 18:53:02,534 - INFO - [GINSLIB] processing : 2019/03/28 03:29:32 Q=5
2026-01-06 18:53:02,538 - INFO - [GINSLIB] processing : 2019/03/28 03:29:33 Q=5
2026-01-06 18:53:02,542 - INFO - [GINSLIB] processing : 2019/03/28 03:29:34 Q=5
2026-01-06 18:53:02,545 - INFO - [GINSLIB] processing : 2019/03/28 03:29:35 Q=5
2026-01-06 18:53:02,549 - INFO - [GINSLIB] processing : 2019/03/28 03:29:36 Q=5
2026-01-06 18:53:02,553 - INFO - [GINSLIB] processing : 2019/03/28 03:29:37 Q=5
2026-01-06 18:53:02,553 - INFO - [GINSLIB] processing : 2019/03/28 03:29:38 Q=5
2026-01-06 18:53:02,556 - INFO - [GINSLIB] processing : 2019/03/28 03:29:39 Q=5
2026-01-06 18:53:02,560 - INFO - [GINSLIB] processing : 2019/03/28 03:29:40 Q=5
2026-01-06 18:53:02,565 - INFO - [GINSLIB] processing : 2019/03/28 03:29:41 Q=5
2026-01-06 18:53:02,569 - INFO - [GINSLIB] processing : 2019/03/28 03:29:42 Q=5
2026-01-06 18:53:02,575 - INFO - [GINSLIB] processing : 2019/03/28 03:29:43 Q=5
2026-01-06 18:53:02,578 - INFO - [GINSLIB] processing : 2019/03/28 03:29:44 Q=5
2026-01-06 18:53:02,582 - INFO - [GINSLIB] processing : 2019/03/28 03:29:45 Q=5
2026-01-06 18:53:02,585 - INFO - [GINSLIB] processing : 2019/03/28 03:29:46 Q=5
2026-01-06 18:53:02,588 - INFO - [GINSLIB] processing : 2019/03/28 03:29:47 Q=5
2026-01-06 18:53:02,593 - INFO - [GINSLIB] processing : 2019/03/28 03:29:48 Q=5
2026-01-06 18:53:02,593 - INFO - [GINSLIB] processing : 2019/03/28 03:29:49 Q=5
2026-01-06 18:53:02,597 - INFO - [GINSLIB] processing : 2019/03/28 03:29:50 Q=5
2026-01-06 18:53:02,601 - INFO - [GINSLIB] processing : 2019/03/28 03:29:51 Q=5
2026-01-06 18:53:02,604 - INFO - [GINSLIB] processing : 2019/03/28 03:29:52 Q=5
2026-01-06 18:53:02,609 - INFO - [GINSLIB] processing : 2019/03/28 03:29:53 Q=5
2026-01-06 18:53:02,613 - INFO - [GINSLIB] processing : 2019/03/28 03:29:54 Q=5
2026-01-06 18:53:02,616 - INFO - [GINSLIB] processing : 2019/03/28 03:29:55 Q=5
2026-01-06 18:53:02,620 - INFO - [GINSLIB] processing : 2019/03/28 03:29:56 Q=5
2026-01-06 18:53:02,626 - INFO - [GINSLIB] processing : 2019/03/28 03:29:57 Q=5
2026-01-06 18:53:02,629 - INFO - [GINSLIB] processing : 2019/03/28 03:29:58 Q=5
2026-01-06 18:53:02,629 - INFO - [GINSLIB] processing : 2019/03/28 03:29:59 Q=5
2026-01-06 18:53:02,633 - INFO - [GINSLIB] processing : 2019/03/28 03:30:00 Q=5
2026-01-06 18:53:02,637 - INFO - [GINSLIB] processing : 2019/03/28 03:30:01 Q=5
2026-01-06 18:53:02,640 - INFO - [GINSLIB] processing : 2019/03/28 03:30:02 Q=5
2026-01-06 18:53:02,646 - INFO - [GINSLIB] processing : 2019/03/28 03:30:03 Q=5
2026-01-06 18:53:02,650 - INFO - [GINSLIB] processing : 2019/03/28 03:30:04 Q=5
2026-01-06 18:53:02,654 - INFO - [GINSLIB] processing : 2019/03/28 03:30:05 Q=5
2026-01-06 18:53:02,659 - INFO - [GINSLIB] processing : 2019/03/28 03:30:06 Q=5
2026-01-06 18:53:02,662 - INFO - [GINSLIB] processing : 2019/03/28 03:30:07 Q=5
2026-01-06 18:53:02,667 - INFO - [GINSLIB] processing : 2019/03/28 03:30:08 Q=5
2026-01-06 18:53:02,667 - INFO - [GINSLIB] processing : 2019/03/28 03:30:09 Q=5
2026-01-06 18:53:02,670 - INFO - [GINSLIB] processing : 2019/03/28 03:30:10 Q=5
2026-01-06 18:53:02,674 - INFO - [GINSLIB] processing : 2019/03/28 03:30:11 Q=5
2026-01-06 18:53:02,677 - INFO - [GINSLIB] processing : 2019/03/28 03:30:12 Q=5
2026-01-06 18:53:02,681 - INFO - [GINSLIB] processing : 2019/03/28 03:30:13 Q=5
2026-01-06 18:53:02,688 - INFO - [GINSLIB] processing : 2019/03/28 03:30:14 Q=5
2026-01-06 18:53:02,692 - INFO - [GINSLIB] processing : 2019/03/28 03:30:15 Q=5
2026-01-06 18:53:02,696 - INFO - [GINSLIB] processing : 2019/03/28 03:30:16 Q=5
2026-01-06 18:53:02,700 - INFO - [GINSLIB] processing : 2019/03/28 03:30:17 Q=5
2026-01-06 18:53:02,704 - INFO - [GINSLIB] processing : 2019/03/28 03:30:18 Q=5
2026-01-06 18:53:02,707 - INFO - [GINSLIB] processing : 2019/03/28 03:30:19 Q=5
2026-01-06 18:53:02,708 - INFO - [GINSLIB] processing : 2019/03/28 03:30:20 Q=5
2026-01-06 18:53:02,711 - INFO - [GINSLIB] processing : 2019/03/28 03:30:21 Q=5
2026-01-06 18:53:02,716 - INFO - [GINSLIB] processing : 2019/03/28 03:30:22 Q=5
2026-01-06 18:53:02,721 - INFO - [GINSLIB] processing : 2019/03/28 03:30:23 Q=5
2026-01-06 18:53:02,728 - INFO - [GINSLIB] processing : 2019/03/28 03:30:24 Q=5
2026-01-06 18:53:02,733 - INFO - [GINSLIB] processing : 2019/03/28 03:30:25 Q=5
2026-01-06 18:53:02,737 - INFO - [GINSLIB] processing : 2019/03/28 03:30:26 Q=5
2026-01-06 18:53:02,740 - INFO - [GINSLIB] processing : 2019/03/28 03:30:27 Q=5
2026-01-06 18:53:02,743 - INFO - [GINSLIB] processing : 2019/03/28 03:30:28 Q=5
2026-01-06 18:53:02,749 - INFO - [GINSLIB] processing : 2019/03/28 03:30:29 Q=5
2026-01-06 18:53:02,749 - INFO - [GINSLIB] processing : 2019/03/28 03:30:30 Q=5
2026-01-06 18:53:02,754 - INFO - [GINSLIB] processing : 2019/03/28 03:30:31 Q=5
2026-01-06 18:53:02,757 - INFO - [GINSLIB] processing : 2019/03/28 03:30:32 Q=5
2026-01-06 18:53:02,761 - INFO - [GINSLIB] processing : 2019/03/28 03:30:33 Q=5
2026-01-06 18:53:02,768 - INFO - [GINSLIB] processing : 2019/03/28 03:30:34 Q=5
2026-01-06 18:53:02,771 - INFO - [GINSLIB] processing : 2019/03/28 03:30:35 Q=5
2026-01-06 18:53:02,775 - INFO - [GINSLIB] processing : 2019/03/28 03:30:36 Q=5
2026-01-06 18:53:02,779 - INFO - [GINSLIB] processing : 2019/03/28 03:30:37 Q=5
2026-01-06 18:53:02,784 - INFO - [GINSLIB] processing : 2019/03/28 03:30:38 Q=5
2026-01-06 18:53:02,788 - INFO - [GINSLIB] processing : 2019/03/28 03:30:39 Q=5
2026-01-06 18:53:02,788 - INFO - [GINSLIB] processing : 2019/03/28 03:30:40 Q=5
2026-01-06 18:53:02,791 - INFO - [GINSLIB] processing : 2019/03/28 03:30:41 Q=5
2026-01-06 18:53:02,795 - INFO - [GINSLIB] processing : 2019/03/28 03:30:42 Q=5
2026-01-06 18:53:02,799 - INFO - [GINSLIB] processing : 2019/03/28 03:30:43 Q=5
2026-01-06 18:53:02,803 - INFO - [GINSLIB] processing : 2019/03/28 03:30:44 Q=5
2026-01-06 18:53:02,809 - INFO - [GINSLIB] processing : 2019/03/28 03:30:45 Q=5
2026-01-06 18:53:02,815 - INFO - [GINSLIB] processing : 2019/03/28 03:30:46 Q=5
2026-01-06 18:53:02,818 - INFO - [GINSLIB] processing : 2019/03/28 03:30:47 Q=5
2026-01-06 18:53:02,822 - INFO - [GINSLIB] processing : 2019/03/28 03:30:48 Q=5
2026-01-06 18:53:02,826 - INFO - [GINSLIB] processing : 2019/03/28 03:30:49 Q=5
2026-01-06 18:53:02,829 - INFO - [GINSLIB] processing : 2019/03/28 03:30:50 Q=5
2026-01-06 18:53:02,830 - INFO - [GINSLIB] processing : 2019/03/28 03:30:51 Q=5
2026-01-06 18:53:02,834 - INFO - [GINSLIB] processing : 2019/03/28 03:30:52 Q=5
2026-01-06 18:53:02,837 - INFO - [GINSLIB] processing : 2019/03/28 03:30:53 Q=5
2026-01-06 18:53:02,841 - INFO - [GINSLIB] processing : 2019/03/28 03:30:54 Q=5
2026-01-06 18:53:02,848 - INFO - [GINSLIB] processing : 2019/03/28 03:30:55 Q=5
2026-01-06 18:53:02,852 - INFO - [GINSLIB] processing : 2019/03/28 03:30:56 Q=5
2026-01-06 18:53:02,855 - INFO - [GINSLIB] processing : 2019/03/28 03:30:57 Q=5
2026-01-06 18:53:02,858 - INFO - [GINSLIB] processing : 2019/03/28 03:30:58 Q=5
2026-01-06 18:53:02,861 - INFO - [GINSLIB] processing : 2019/03/28 03:30:59 Q=5
2026-01-06 18:53:02,864 - INFO - [GINSLIB] processing : 2019/03/28 03:31:00 Q=5
2026-01-06 18:53:02,864 - INFO - [GINSLIB] processing : 2019/03/28 03:31:01 Q=5
2026-01-06 18:53:02,868 - INFO - [GINSLIB] processing : 2019/03/28 03:31:02 Q=5
2026-01-06 18:53:02,871 - INFO - [GINSLIB] processing : 2019/03/28 03:31:03 Q=5
2026-01-06 18:53:02,875 - INFO - [GINSLIB] processing : 2019/03/28 03:31:04 Q=5
2026-01-06 18:53:02,881 - INFO - [GINSLIB] processing : 2019/03/28 03:31:05 Q=5
2026-01-06 18:53:02,884 - INFO - [GINSLIB] processing : 2019/03/28 03:31:06 Q=5
2026-01-06 18:53:02,888 - INFO - [GINSLIB] processing : 2019/03/28 03:31:07 Q=5
2026-01-06 18:53:02,891 - INFO - [GINSLIB] processing : 2019/03/28 03:31:08 Q=5
2026-01-06 18:53:02,894 - INFO - [GINSLIB] processing : 2019/03/28 03:31:09 Q=5
2026-01-06 18:53:02,897 - INFO - [GINSLIB] processing : 2019/03/28 03:31:10 Q=5
2026-01-06 18:53:02,897 - INFO - [GINSLIB] processing : 2019/03/28 03:31:11 Q=5
2026-01-06 18:53:02,900 - INFO - [GINSLIB] processing : 2019/03/28 03:31:12 Q=5
2026-01-06 18:53:02,904 - INFO - [GINSLIB] processing : 2019/03/28 03:31:13 Q=5
2026-01-06 18:53:02,907 - INFO - [GINSLIB] processing : 2019/03/28 03:31:14 Q=5
2026-01-06 18:53:02,910 - INFO - [GINSLIB] processing : 2019/03/28 03:31:15 Q=5
2026-01-06 18:53:02,917 - INFO - [GINSLIB] processing : 2019/03/28 03:31:16 Q=5
2026-01-06 18:53:02,920 - INFO - [GINSLIB] processing : 2019/03/28 03:31:17 Q=5
2026-01-06 18:53:02,924 - INFO - [GINSLIB] processing : 2019/03/28 03:31:18 Q=5
2026-01-06 18:53:02,927 - INFO - [GINSLIB] processing : 2019/03/28 03:31:19 Q=5
2026-01-06 18:53:02,931 - INFO - [GINSLIB] processing : 2019/03/28 03:31:20 Q=5
2026-01-06 18:53:02,935 - INFO - [GINSLIB] processing : 2019/03/28 03:31:21 Q=5
2026-01-06 18:53:02,935 - INFO - [GINSLIB] processing : 2019/03/28 03:31:22 Q=5
2026-01-06 18:53:02,939 - INFO - [GINSLIB] processing : 2019/03/28 03:31:23 Q=5
2026-01-06 18:53:02,943 - INFO - [GINSLIB] processing : 2019/03/28 03:31:24 Q=5
2026-01-06 18:53:02,947 - INFO - [GINSLIB] processing : 2019/03/28 03:31:25 Q=5
2026-01-06 18:53:02,953 - INFO - [GINSLIB] processing : 2019/03/28 03:31:26 Q=5
2026-01-06 18:53:02,956 - INFO - [GINSLIB] processing : 2019/03/28 03:31:27 Q=5
2026-01-06 18:53:02,959 - INFO - [GINSLIB] processing : 2019/03/28 03:31:28 Q=5
2026-01-06 18:53:02,962 - INFO - [GINSLIB] processing : 2019/03/28 03:31:29 Q=5
2026-01-06 18:53:02,967 - INFO - [GINSLIB] processing : 2019/03/28 03:31:30 Q=5
2026-01-06 18:53:02,971 - INFO - [GINSLIB] processing : 2019/03/28 03:31:31 Q=5
2026-01-06 18:53:02,971 - INFO - [GINSLIB] processing : 2019/03/28 03:31:32 Q=5
2026-01-06 18:53:02,974 - INFO - [GINSLIB] processing : 2019/03/28 03:31:33 Q=5
2026-01-06 18:53:02,977 - INFO - [GINSLIB] processing : 2019/03/28 03:31:34 Q=5
2026-01-06 18:53:02,981 - INFO - [GINSLIB] processing : 2019/03/28 03:31:35 Q=5
2026-01-06 18:53:02,984 - INFO - [GINSLIB] processing : 2019/03/28 03:31:36 Q=5
2026-01-06 18:53:02,988 - INFO - [GINSLIB] processing : 2019/03/28 03:31:37 Q=5
2026-01-06 18:53:02,991 - INFO - [GINSLIB] processing : 2019/03/28 03:31:38 Q=5
2026-01-06 18:53:02,995 - INFO - [GINSLIB] processing : 2019/03/28 03:31:39 Q=5
2026-01-06 18:53:03,000 - INFO - [GINSLIB] processing : 2019/03/28 03:31:40 Q=5
2026-01-06 18:53:03,004 - INFO - [GINSLIB] processing : 2019/03/28 03:31:41 Q=5
2026-01-06 18:53:03,004 - INFO - [GINSLIB] processing : 2019/03/28 03:31:42 Q=5
2026-01-06 18:53:03,007 - INFO - [GINSLIB] processing : 2019/03/28 03:31:43 Q=5
2026-01-06 18:53:03,011 - INFO - [GINSLIB] processing : 2019/03/28 03:31:44 Q=5
2026-01-06 18:53:03,015 - INFO - [GINSLIB] processing : 2019/03/28 03:31:45 Q=5
2026-01-06 18:53:03,018 - INFO - [GINSLIB] processing : 2019/03/28 03:31:46 Q=5
2026-01-06 18:53:03,024 - INFO - [GINSLIB] processing : 2019/03/28 03:31:47 Q=5
2026-01-06 18:53:03,029 - INFO - [GINSLIB] processing : 2019/03/28 03:31:48 Q=5
2026-01-06 18:53:03,034 - INFO - [GINSLIB] processing : 2019/03/28 03:31:49 Q=5
2026-01-06 18:53:03,038 - INFO - [GINSLIB] processing : 2019/03/28 03:31:50 Q=5
2026-01-06 18:53:03,041 - INFO - [GINSLIB] processing : 2019/03/28 03:31:51 Q=5
2026-01-06 18:53:03,045 - INFO - [GINSLIB] processing : 2019/03/28 03:31:52 Q=5
2026-01-06 18:53:03,045 - INFO - [GINSLIB] processing : 2019/03/28 03:31:53 Q=5
2026-01-06 18:53:03,048 - INFO - [GINSLIB] processing : 2019/03/28 03:31:54 Q=5
2026-01-06 18:53:03,052 - INFO - [GINSLIB] processing : 2019/03/28 03:31:55 Q=5
2026-01-06 18:53:03,055 - INFO - [GINSLIB] processing : 2019/03/28 03:31:56 Q=5
2026-01-06 18:53:03,061 - INFO - [GINSLIB] processing : 2019/03/28 03:31:57 Q=5
2026-01-06 18:53:03,066 - INFO - [GINSLIB] processing : 2019/03/28 03:31:58 Q=5
2026-01-06 18:53:03,070 - INFO - [GINSLIB] processing : 2019/03/28 03:31:59 Q=5
2026-01-06 18:53:03,074 - INFO - [GINSLIB] processing : 2019/03/28 03:32:00 Q=5
2026-01-06 18:53:03,077 - INFO - [GINSLIB] processing : 2019/03/28 03:32:01 Q=5
2026-01-06 18:53:03,081 - INFO - [GINSLIB] processing : 2019/03/28 03:32:02 Q=5
2026-01-06 18:53:03,081 - INFO - [GINSLIB] processing : 2019/03/28 03:32:03 Q=5
2026-01-06 18:53:03,084 - INFO - [GINSLIB] processing : 2019/03/28 03:32:04 Q=5
2026-01-06 18:53:03,088 - INFO - [GINSLIB] processing : 2019/03/28 03:32:05 Q=5
2026-01-06 18:53:03,092 - INFO - [GINSLIB] processing : 2019/03/28 03:32:06 Q=5
2026-01-06 18:53:03,096 - INFO - [GINSLIB] processing : 2019/03/28 03:32:07 Q=5
2026-01-06 18:53:03,102 - INFO - [GINSLIB] processing : 2019/03/28 03:32:08 Q=5
2026-01-06 18:53:03,107 - INFO - [GINSLIB] processing : 2019/03/28 03:32:09 Q=5
2026-01-06 18:53:03,112 - INFO - [GINSLIB] processing : 2019/03/28 03:32:10 Q=5
2026-01-06 18:53:03,116 - INFO - [GINSLIB] processing : 2019/03/28 03:32:11 Q=5
2026-01-06 18:53:03,120 - INFO - [GINSLIB] processing : 2019/03/28 03:32:12 Q=5
2026-01-06 18:53:03,120 - INFO - [GINSLIB] processing : 2019/03/28 03:32:13 Q=5
2026-01-06 18:53:03,123 - INFO - [GINSLIB] processing : 2019/03/28 03:32:14 Q=5
2026-01-06 18:53:03,126 - INFO - [GINSLIB] processing : 2019/03/28 03:32:15 Q=5
2026-01-06 18:53:03,130 - INFO - [GINSLIB] processing : 2019/03/28 03:32:16 Q=5
2026-01-06 18:53:03,133 - INFO - [GINSLIB] processing : 2019/03/28 03:32:17 Q=5
2026-01-06 18:53:03,140 - INFO - [GINSLIB] processing : 2019/03/28 03:32:18 Q=5
2026-01-06 18:53:03,143 - INFO - [GINSLIB] processing : 2019/03/28 03:32:19 Q=5
2026-01-06 18:53:03,147 - INFO - [GINSLIB] processing : 2019/03/28 03:32:20 Q=5
2026-01-06 18:53:03,150 - INFO - [GINSLIB] processing : 2019/03/28 03:32:21 Q=5
2026-01-06 18:53:03,153 - INFO - [GINSLIB] processing : 2019/03/28 03:32:22 Q=5
2026-01-06 18:53:03,156 - INFO - [GINSLIB] processing : 2019/03/28 03:32:23 Q=5
2026-01-06 18:53:03,156 - INFO - [GINSLIB] processing : 2019/03/28 03:32:24 Q=5
2026-01-06 18:53:03,159 - INFO - [GINSLIB] processing : 2019/03/28 03:32:25 Q=5
2026-01-06 18:53:03,162 - INFO - [GINSLIB] processing : 2019/03/28 03:32:26 Q=5
2026-01-06 18:53:03,165 - INFO - [GINSLIB] processing : 2019/03/28 03:32:27 Q=5
2026-01-06 18:53:03,172 - INFO - [GINSLIB] processing : 2019/03/28 03:32:28 Q=5
2026-01-06 18:53:03,175 - INFO - [GINSLIB] processing : 2019/03/28 03:32:29 Q=5
2026-01-06 18:53:03,178 - INFO - [GINSLIB] processing : 2019/03/28 03:32:30 Q=5
2026-01-06 18:53:03,181 - INFO - [GINSLIB] processing : 2019/03/28 03:32:31 Q=5
2026-01-06 18:53:03,184 - INFO - [GINSLIB] processing : 2019/03/28 03:32:32 Q=5
2026-01-06 18:53:03,187 - INFO - [GINSLIB] processing : 2019/03/28 03:32:33 Q=5
2026-01-06 18:53:03,187 - INFO - [GINSLIB] processing : 2019/03/28 03:32:34 Q=5
2026-01-06 18:53:03,190 - INFO - [GINSLIB] processing : 2019/03/28 03:32:35 Q=5
2026-01-06 18:53:03,193 - INFO - [GINSLIB] processing : 2019/03/28 03:32:36 Q=5
2026-01-06 18:53:03,196 - INFO - [GINSLIB] processing : 2019/03/28 03:32:37 Q=5
2026-01-06 18:53:03,201 - INFO - [GINSLIB] processing : 2019/03/28 03:32:38 Q=5
2026-01-06 18:53:03,207 - INFO - [GINSLIB] processing : 2019/03/28 03:32:39 Q=5
2026-01-06 18:53:03,210 - INFO - [GINSLIB] processing : 2019/03/28 03:32:40 Q=5
2026-01-06 18:53:03,214 - INFO - [GINSLIB] processing : 2019/03/28 03:32:41 Q=5
2026-01-06 18:53:03,217 - INFO - [GINSLIB] processing : 2019/03/28 03:32:42 Q=5
2026-01-06 18:53:03,221 - INFO - [GINSLIB] processing : 2019/03/28 03:32:43 Q=5
2026-01-06 18:53:03,221 - INFO - [GINSLIB] processing : 2019/03/28 03:32:44 Q=5
2026-01-06 18:53:03,224 - INFO - [GINSLIB] processing : 2019/03/28 03:32:45 Q=5
2026-01-06 18:53:03,228 - INFO - [GINSLIB] processing : 2019/03/28 03:32:46 Q=5
2026-01-06 18:53:03,233 - INFO - [GINSLIB] processing : 2019/03/28 03:32:47 Q=5
2026-01-06 18:53:03,237 - INFO - [GINSLIB] processing : 2019/03/28 03:32:48 Q=5
2026-01-06 18:53:03,243 - INFO - [GINSLIB] processing : 2019/03/28 03:32:49 Q=5
2026-01-06 18:53:03,246 - INFO - [GINSLIB] processing : 2019/03/28 03:32:50 Q=5
2026-01-06 18:53:03,250 - INFO - [GINSLIB] processing : 2019/03/28 03:32:51 Q=5
2026-01-06 18:53:03,253 - INFO - [GINSLIB] processing : 2019/03/28 03:32:52 Q=5
2026-01-06 18:53:03,256 - INFO - [GINSLIB] processing : 2019/03/28 03:32:53 Q=5
2026-01-06 18:53:03,259 - INFO - [GINSLIB] processing : 2019/03/28 03:32:54 Q=5
2026-01-06 18:53:03,260 - INFO - [GINSLIB] processing : 2019/03/28 03:32:55 Q=5
2026-01-06 18:53:03,264 - INFO - [GINSLIB] processing : 2019/03/28 03:32:56 Q=5
2026-01-06 18:53:03,268 - INFO - [GINSLIB] processing : 2019/03/28 03:32:57 Q=5
2026-01-06 18:53:03,271 - INFO - [GINSLIB] processing : 2019/03/28 03:32:58 Q=5
2026-01-06 18:53:03,275 - INFO - [GINSLIB] processing : 2019/03/28 03:32:59 Q=5
2026-01-06 18:53:03,278 - INFO - [GINSLIB] processing : 2019/03/28 03:33:00 Q=5
2026-01-06 18:53:03,281 - INFO - [GINSLIB] processing : 2019/03/28 03:33:01 Q=5
2026-01-06 18:53:03,284 - INFO - [GINSLIB] processing : 2019/03/28 03:33:02 Q=5
2026-01-06 18:53:03,287 - INFO - [GINSLIB] processing : 2019/03/28 03:33:03 Q=5
2026-01-06 18:53:03,290 - INFO - [GINSLIB] processing : 2019/03/28 03:33:04 Q=5
2026-01-06 18:53:03,290 - INFO - [GINSLIB] processing : 2019/03/28 03:33:05 Q=5
2026-01-06 18:53:03,293 - INFO - [GINSLIB] processing : 2019/03/28 03:33:06 Q=5
2026-01-06 18:53:03,297 - INFO - [GINSLIB] processing : 2019/03/28 03:33:07 Q=5
2026-01-06 18:53:03,300 - INFO - [GINSLIB] processing : 2019/03/28 03:33:08 Q=5
2026-01-06 18:53:03,303 - INFO - [GINSLIB] processing : 2019/03/28 03:33:09 Q=5
2026-01-06 18:53:03,309 - INFO - [GINSLIB] processing : 2019/03/28 03:33:10 Q=5
2026-01-06 18:53:03,313 - INFO - [GINSLIB] processing : 2019/03/28 03:33:11 Q=5
2026-01-06 18:53:03,317 - INFO - [GINSLIB] processing : 2019/03/28 03:33:12 Q=5
2026-01-06 18:53:03,321 - INFO - [GINSLIB] processing : 2019/03/28 03:33:13 Q=5
2026-01-06 18:53:03,324 - INFO - [GINSLIB] processing : 2019/03/28 03:33:14 Q=5
2026-01-06 18:53:03,325 - INFO - [GINSLIB] processing : 2019/03/28 03:33:15 Q=5
2026-01-06 18:53:03,328 - INFO - [GINSLIB] processing : 2019/03/28 03:33:16 Q=5
2026-01-06 18:53:03,331 - INFO - [GINSLIB] processing : 2019/03/28 03:33:17 Q=5
2026-01-06 18:53:03,335 - INFO - [GINSLIB] processing : 2019/03/28 03:33:18 Q=5
2026-01-06 18:53:03,339 - INFO - [GINSLIB] processing : 2019/03/28 03:33:19 Q=5
2026-01-06 18:53:03,344 - INFO - [GINSLIB] processing : 2019/03/28 03:33:20 Q=5
2026-01-06 18:53:03,348 - INFO - [GINSLIB] processing : 2019/03/28 03:33:21 Q=5
2026-01-06 18:53:03,352 - INFO - [GINSLIB] processing : 2019/03/28 03:33:22 Q=5
2026-01-06 18:53:03,356 - INFO - [GINSLIB] processing : 2019/03/28 03:33:23 Q=5
2026-01-06 18:53:03,359 - INFO - [GINSLIB] processing : 2019/03/28 03:33:24 Q=5
2026-01-06 18:53:03,363 - INFO - [GINSLIB] processing : 2019/03/28 03:33:25 Q=5
2026-01-06 18:53:03,363 - INFO - [GINSLIB] processing : 2019/03/28 03:33:26 Q=5
2026-01-06 18:53:03,367 - INFO - [GINSLIB] processing : 2019/03/28 03:33:27 Q=5
2026-01-06 18:53:03,371 - INFO - [GINSLIB] processing : 2019/03/28 03:33:28 Q=5
2026-01-06 18:53:03,374 - INFO - [GINSLIB] processing : 2019/03/28 03:33:29 Q=5
2026-01-06 18:53:03,381 - INFO - [GINSLIB] processing : 2019/03/28 03:33:30 Q=5
2026-01-06 18:53:03,385 - INFO - [GINSLIB] processing : 2019/03/28 03:33:31 Q=5
2026-01-06 18:53:03,389 - INFO - [GINSLIB] processing : 2019/03/28 03:33:32 Q=5
2026-01-06 18:53:03,392 - INFO - [GINSLIB] processing : 2019/03/28 03:33:33 Q=5
2026-01-06 18:53:03,395 - INFO - [GINSLIB] processing : 2019/03/28 03:33:34 Q=5
2026-01-06 18:53:03,400 - INFO - [GINSLIB] processing : 2019/03/28 03:33:35 Q=5
2026-01-06 18:53:03,401 - INFO - [GINSLIB] processing : 2019/03/28 03:33:36 Q=5
2026-01-06 18:53:03,404 - INFO - [GINSLIB] processing : 2019/03/28 03:33:37 Q=5
2026-01-06 18:53:03,407 - INFO - [GINSLIB] processing : 2019/03/28 03:33:38 Q=5
2026-01-06 18:53:03,410 - INFO - [GINSLIB] processing : 2019/03/28 03:33:39 Q=5
2026-01-06 18:53:03,414 - INFO - [GINSLIB] processing : 2019/03/28 03:33:40 Q=5
2026-01-06 18:53:03,421 - INFO - [GINSLIB] processing : 2019/03/28 03:33:41 Q=5
2026-01-06 18:53:03,424 - INFO - [GINSLIB] processing : 2019/03/28 03:33:42 Q=5
2026-01-06 18:53:03,428 - INFO - [GINSLIB] processing : 2019/03/28 03:33:43 Q=5
2026-01-06 18:53:03,433 - INFO - [GINSLIB] processing : 2019/03/28 03:33:44 Q=5
2026-01-06 18:53:03,437 - INFO - [GINSLIB] processing : 2019/03/28 03:33:45 Q=5
2026-01-06 18:53:03,437 - INFO - [GINSLIB] processing : 2019/03/28 03:33:46 Q=5
2026-01-06 18:53:03,440 - INFO - [GINSLIB] processing : 2019/03/28 03:33:47 Q=5
2026-01-06 18:53:03,445 - INFO - [GINSLIB] processing : 2019/03/28 03:33:48 Q=5
2026-01-06 18:53:03,450 - INFO - [GINSLIB] processing : 2019/03/28 03:33:49 Q=5
2026-01-06 18:53:03,454 - INFO - [GINSLIB] processing : 2019/03/28 03:33:50 Q=5
2026-01-06 18:53:03,461 - INFO - [GINSLIB] processing : 2019/03/28 03:33:51 Q=5
2026-01-06 18:53:03,466 - INFO - [GINSLIB] processing : 2019/03/28 03:33:52 Q=5
2026-01-06 18:53:03,470 - INFO - [GINSLIB] processing : 2019/03/28 03:33:53 Q=5
2026-01-06 18:53:03,475 - INFO - [GINSLIB] processing : 2019/03/28 03:33:54 Q=5
2026-01-06 18:53:03,480 - INFO - [GINSLIB] processing : 2019/03/28 03:33:55 Q=5
2026-01-06 18:53:03,484 - INFO - [GINSLIB] processing : 2019/03/28 03:33:56 Q=5
2026-01-06 18:53:03,484 - INFO - [GINSLIB] processing : 2019/03/28 03:33:57 Q=5
2026-01-06 18:53:03,488 - INFO - [GINSLIB] processing : 2019/03/28 03:33:58 Q=5
2026-01-06 18:53:03,492 - INFO - [GINSLIB] processing : 2019/03/28 03:33:59 Q=5
2026-01-06 18:53:03,496 - INFO - [GINSLIB] processing : 2019/03/28 03:34:00 Q=5
2026-01-06 18:53:03,502 - INFO - [GINSLIB] processing : 2019/03/28 03:34:01 Q=5
2026-01-06 18:53:03,507 - INFO - [GINSLIB] processing : 2019/03/28 03:34:02 Q=5
2026-01-06 18:53:03,510 - INFO - [GINSLIB] processing : 2019/03/28 03:34:03 Q=5
2026-01-06 18:53:03,515 - INFO - [GINSLIB] processing : 2019/03/28 03:34:04 Q=5
2026-01-06 18:53:03,519 - INFO - [GINSLIB] processing : 2019/03/28 03:34:05 Q=5
2026-01-06 18:53:03,523 - INFO - [GINSLIB] processing : 2019/03/28 03:34:06 Q=5
2026-01-06 18:53:03,523 - INFO - [GINSLIB] processing : 2019/03/28 03:34:07 Q=5
2026-01-06 18:53:03,526 - INFO - [GINSLIB] processing : 2019/03/28 03:34:08 Q=5
2026-01-06 18:53:03,530 - INFO - [GINSLIB] processing : 2019/03/28 03:34:09 Q=5
2026-01-06 18:53:03,534 - INFO - [GINSLIB] processing : 2019/03/28 03:34:10 Q=5
2026-01-06 18:53:03,538 - INFO - [GINSLIB] processing : 2019/03/28 03:34:11 Q=5
2026-01-06 18:53:03,544 - INFO - [GINSLIB] processing : 2019/03/28 03:34:12 Q=5
2026-01-06 18:53:03,548 - INFO - [GINSLIB] processing : 2019/03/28 03:34:13 Q=5
2026-01-06 18:53:03,553 - INFO - [GINSLIB] processing : 2019/03/28 03:34:14 Q=5
2026-01-06 18:53:03,557 - INFO - [GINSLIB] processing : 2019/03/28 03:34:15 Q=5
2026-01-06 18:53:03,561 - INFO - [GINSLIB] processing : 2019/03/28 03:34:16 Q=5
2026-01-06 18:53:03,562 - INFO - [GINSLIB] processing : 2019/03/28 03:34:17 Q=5
2026-01-06 18:53:03,566 - INFO - [GINSLIB] processing : 2019/03/28 03:34:18 Q=5
2026-01-06 18:53:03,570 - INFO - [GINSLIB] processing : 2019/03/28 03:34:19 Q=5
2026-01-06 18:53:03,574 - INFO - [GINSLIB] processing : 2019/03/28 03:34:20 Q=5
2026-01-06 18:53:03,578 - INFO - [GINSLIB] processing : 2019/03/28 03:34:21 Q=5
2026-01-06 18:53:03,586 - INFO - [GINSLIB] processing : 2019/03/28 03:34:22 Q=5
2026-01-06 18:53:03,590 - INFO - [GINSLIB] processing : 2019/03/28 03:34:23 Q=5
2026-01-06 18:53:03,593 - INFO - [GINSLIB] processing : 2019/03/28 03:34:24 Q=5
2026-01-06 18:53:03,598 - INFO - [GINSLIB] processing : 2019/03/28 03:34:25 Q=5
2026-01-06 18:53:03,603 - INFO - [GINSLIB] processing : 2019/03/28 03:34:26 Q=5
2026-01-06 18:53:03,606 - INFO - [GINSLIB] processing : 2019/03/28 03:34:27 Q=5
2026-01-06 18:53:03,607 - INFO - [GINSLIB] processing : 2019/03/28 03:34:28 Q=5
2026-01-06 18:53:03,610 - INFO - [GINSLIB] processing : 2019/03/28 03:34:29 Q=5
2026-01-06 18:53:03,615 - INFO - [GINSLIB] processing : 2019/03/28 03:34:30 Q=5
2026-01-06 18:53:03,620 - INFO - [GINSLIB] processing : 2019/03/28 03:34:31 Q=5
2026-01-06 18:53:03,626 - INFO - [GINSLIB] processing : 2019/03/28 03:34:32 Q=5
2026-01-06 18:53:03,630 - INFO - [GINSLIB] processing : 2019/03/28 03:34:33 Q=5
2026-01-06 18:53:03,635 - INFO - [GINSLIB] processing : 2019/03/28 03:34:34 Q=5
2026-01-06 18:53:03,639 - INFO - [GINSLIB] processing : 2019/03/28 03:34:35 Q=5
2026-01-06 18:53:03,642 - INFO - [GINSLIB] processing : 2019/03/28 03:34:36 Q=5
2026-01-06 18:53:03,646 - INFO - [GINSLIB] processing : 2019/03/28 03:34:37 Q=5
2026-01-06 18:53:03,646 - INFO - [GINSLIB] processing : 2019/03/28 03:34:38 Q=5
2026-01-06 18:53:03,651 - INFO - [GINSLIB] processing : 2019/03/28 03:34:39 Q=5
2026-01-06 18:53:03,655 - INFO - [GINSLIB] processing : 2019/03/28 03:34:40 Q=5
2026-01-06 18:53:03,659 - INFO - [GINSLIB] processing : 2019/03/28 03:34:41 Q=5
2026-01-06 18:53:03,663 - INFO - [GINSLIB] processing : 2019/03/28 03:34:42 Q=5
2026-01-06 18:53:03,671 - INFO - [GINSLIB] processing : 2019/03/28 03:34:43 Q=5
2026-01-06 18:53:03,674 - INFO - [GINSLIB] processing : 2019/03/28 03:34:44 Q=5
2026-01-06 18:53:03,678 - INFO - [GINSLIB] processing : 2019/03/28 03:34:45 Q=5
2026-01-06 18:53:03,683 - INFO - [GINSLIB] processing : 2019/03/28 03:34:46 Q=5
2026-01-06 18:53:03,686 - INFO - [GINSLIB] processing : 2019/03/28 03:34:47 Q=5
2026-01-06 18:53:03,686 - INFO - [GINSLIB] processing : 2019/03/28 03:34:48 Q=5
2026-01-06 18:53:03,690 - INFO - [GINSLIB] processing : 2019/03/28 03:34:49 Q=5
2026-01-06 18:53:03,694 - INFO - [GINSLIB] processing : 2019/03/28 03:34:50 Q=5
2026-01-06 18:53:03,699 - INFO - [GINSLIB] processing : 2019/03/28 03:34:51 Q=5
2026-01-06 18:53:03,702 - INFO - [GINSLIB] processing : 2019/03/28 03:34:52 Q=5
2026-01-06 18:53:03,708 - INFO - [GINSLIB] processing : 2019/03/28 03:34:53 Q=5
2026-01-06 18:53:03,713 - INFO - [GINSLIB] processing : 2019/03/28 03:34:54 Q=5
2026-01-06 18:53:03,717 - INFO - [GINSLIB] processing : 2019/03/28 03:34:55 Q=5
2026-01-06 18:53:03,720 - INFO - [GINSLIB] processing : 2019/03/28 03:34:56 Q=5
2026-01-06 18:53:03,724 - INFO - [GINSLIB] processing : 2019/03/28 03:34:57 Q=5
2026-01-06 18:53:03,729 - INFO - [GINSLIB] processing : 2019/03/28 03:34:58 Q=5
2026-01-06 18:53:03,729 - INFO - [GINSLIB] processing : 2019/03/28 03:34:59 Q=5
2026-01-06 18:53:03,733 - INFO - [GINSLIB] processing : 2019/03/28 03:35:00 Q=5
2026-01-06 18:53:03,736 - INFO - [GINSLIB] processing : 2019/03/28 03:35:01 Q=5
2026-01-06 18:53:03,741 - INFO - [GINSLIB] processing : 2019/03/28 03:35:02 Q=5
2026-01-06 18:53:03,748 - INFO - [GINSLIB] processing : 2019/03/28 03:35:03 Q=5
2026-01-06 18:53:03,752 - INFO - [GINSLIB] processing : 2019/03/28 03:35:04 Q=5
2026-01-06 18:53:03,756 - INFO - [GINSLIB] processing : 2019/03/28 03:35:05 Q=5
2026-01-06 18:53:03,761 - INFO - [GINSLIB] processing : 2019/03/28 03:35:06 Q=5
2026-01-06 18:53:03,765 - INFO - [GINSLIB] processing : 2019/03/28 03:35:07 Q=5
2026-01-06 18:53:03,769 - INFO - [GINSLIB] processing : 2019/03/28 03:35:08 Q=5
2026-01-06 18:53:03,769 - INFO - [GINSLIB] processing : 2019/03/28 03:35:09 Q=5
2026-01-06 18:53:03,773 - INFO - [GINSLIB] processing : 2019/03/28 03:35:10 Q=5
2026-01-06 18:53:03,777 - INFO - [GINSLIB] processing : 2019/03/28 03:35:11 Q=5
2026-01-06 18:53:03,781 - INFO - [GINSLIB] processing : 2019/03/28 03:35:12 Q=5
2026-01-06 18:53:03,785 - INFO - [GINSLIB] processing : 2019/03/28 03:35:13 Q=5
2026-01-06 18:53:03,792 - INFO - [GINSLIB] processing : 2019/03/28 03:35:14 Q=5
2026-01-06 18:53:03,795 - INFO - [GINSLIB] processing : 2019/03/28 03:35:15 Q=5
2026-01-06 18:53:03,799 - INFO - [GINSLIB] processing : 2019/03/28 03:35:16 Q=5
2026-01-06 18:53:03,804 - INFO - [GINSLIB] processing : 2019/03/28 03:35:17 Q=5
2026-01-06 18:53:03,808 - INFO - [GINSLIB] processing : 2019/03/28 03:35:18 Q=5
2026-01-06 18:53:03,808 - INFO - [GINSLIB] processing : 2019/03/28 03:35:19 Q=5
2026-01-06 18:53:03,811 - INFO - [GINSLIB] processing : 2019/03/28 03:35:20 Q=5
2026-01-06 18:53:03,814 - INFO - [GINSLIB] processing : 2019/03/28 03:35:21 Q=5
2026-01-06 18:53:03,818 - INFO - [GINSLIB] processing : 2019/03/28 03:35:22 Q=5
2026-01-06 18:53:03,823 - INFO - [GINSLIB] processing : 2019/03/28 03:35:23 Q=5
2026-01-06 18:53:03,829 - INFO - [GINSLIB] processing : 2019/03/28 03:35:24 Q=5
2026-01-06 18:53:03,833 - INFO - [GINSLIB] processing : 2019/03/28 03:35:25 Q=5
2026-01-06 18:53:03,838 - INFO - [GINSLIB] processing : 2019/03/28 03:35:26 Q=5
2026-01-06 18:53:03,842 - INFO - [GINSLIB] processing : 2019/03/28 03:35:27 Q=5
2026-01-06 18:53:03,846 - INFO - [GINSLIB] processing : 2019/03/28 03:35:28 Q=5
2026-01-06 18:53:03,851 - INFO - [GINSLIB] processing : 2019/03/28 03:35:29 Q=5
2026-01-06 18:53:03,851 - INFO - [GINSLIB] processing : 2019/03/28 03:35:30 Q=5
2026-01-06 18:53:03,855 - INFO - [GINSLIB] processing : 2019/03/28 03:35:31 Q=5
2026-01-06 18:53:03,859 - INFO - [GINSLIB] processing : 2019/03/28 03:35:32 Q=5
2026-01-06 18:53:03,862 - INFO - [GINSLIB] processing : 2019/03/28 03:35:33 Q=5
2026-01-06 18:53:03,870 - INFO - [GINSLIB] processing : 2019/03/28 03:35:34 Q=5
2026-01-06 18:53:03,873 - INFO - [GINSLIB] processing : 2019/03/28 03:35:35 Q=5
2026-01-06 18:53:03,877 - INFO - [GINSLIB] processing : 2019/03/28 03:35:36 Q=5
2026-01-06 18:53:03,881 - INFO - [GINSLIB] processing : 2019/03/28 03:35:37 Q=5
2026-01-06 18:53:03,885 - INFO - [GINSLIB] processing : 2019/03/28 03:35:38 Q=5
2026-01-06 18:53:03,889 - INFO - [GINSLIB] processing : 2019/03/28 03:35:39 Q=5
2026-01-06 18:53:03,889 - INFO - [GINSLIB] processing : 2019/03/28 03:35:40 Q=5
2026-01-06 18:53:03,892 - INFO - [GINSLIB] processing : 2019/03/28 03:35:41 Q=5
2026-01-06 18:53:03,896 - INFO - [GINSLIB] processing : 2019/03/28 03:35:42 Q=5
2026-01-06 18:53:03,901 - INFO - [GINSLIB] processing : 2019/03/28 03:35:43 Q=5
2026-01-06 18:53:03,905 - INFO - [GINSLIB] processing : 2019/03/28 03:35:44 Q=5
2026-01-06 18:53:03,912 - INFO - [GINSLIB] processing : 2019/03/28 03:35:45 Q=5
2026-01-06 18:53:03,917 - INFO - [GINSLIB] processing : 2019/03/28 03:35:46 Q=5
2026-01-06 18:53:03,921 - INFO - [GINSLIB] processing : 2019/03/28 03:35:47 Q=5
2026-01-06 18:53:03,925 - INFO - [GINSLIB] processing : 2019/03/28 03:35:48 Q=5
2026-01-06 18:53:03,930 - INFO - [GINSLIB] processing : 2019/03/28 03:35:49 Q=5
2026-01-06 18:53:03,934 - INFO - [GINSLIB] processing : 2019/03/28 03:35:50 Q=5
2026-01-06 18:53:03,935 - INFO - [GINSLIB] processing : 2019/03/28 03:35:51 Q=5
2026-01-06 18:53:03,939 - INFO - [GINSLIB] processing : 2019/03/28 03:35:52 Q=5
2026-01-06 18:53:03,943 - INFO - [GINSLIB] processing : 2019/03/28 03:35:53 Q=5
2026-01-06 18:53:03,948 - INFO - [GINSLIB] processing : 2019/03/28 03:35:54 Q=5
2026-01-06 18:53:03,954 - INFO - [GINSLIB] processing : 2019/03/28 03:35:55 Q=5
2026-01-06 18:53:03,959 - INFO - [GINSLIB] processing : 2019/03/28 03:35:56 Q=5
2026-01-06 18:53:03,964 - INFO - [GINSLIB] processing : 2019/03/28 03:35:57 Q=5
2026-01-06 18:53:03,968 - INFO - [GINSLIB] processing : 2019/03/28 03:35:58 Q=5
2026-01-06 18:53:03,972 - INFO - [GINSLIB] processing : 2019/03/28 03:35:59 Q=5
2026-01-06 18:53:03,977 - INFO - [GINSLIB] processing : 2019/03/28 03:36:00 Q=5
2026-01-06 18:53:03,977 - INFO - [GINSLIB] processing : 2019/03/28 03:36:01 Q=5
2026-01-06 18:53:03,981 - INFO - [GINSLIB] processing : 2019/03/28 03:36:02 Q=5
2026-01-06 18:53:03,986 - INFO - [GINSLIB] processing : 2019/03/28 03:36:03 Q=5
2026-01-06 18:53:03,991 - INFO - [GINSLIB] processing : 2019/03/28 03:36:04 Q=5
2026-01-06 18:53:03,998 - INFO - [GINSLIB] processing : 2019/03/28 03:36:05 Q=5
2026-01-06 18:53:04,002 - INFO - [GINSLIB] processing : 2019/03/28 03:36:06 Q=5
2026-01-06 18:53:04,007 - INFO - [GINSLIB] processing : 2019/03/28 03:36:07 Q=5
2026-01-06 18:53:04,011 - INFO - [GINSLIB] processing : 2019/03/28 03:36:08 Q=5
2026-01-06 18:53:04,015 - INFO - [GINSLIB] processing : 2019/03/28 03:36:09 Q=5
2026-01-06 18:53:04,021 - INFO - [GINSLIB] processing : 2019/03/28 03:36:10 Q=5
2026-01-06 18:53:04,021 - INFO - [GINSLIB] processing : 2019/03/28 03:36:11 Q=5
2026-01-06 18:53:04,025 - INFO - [GINSLIB] processing : 2019/03/28 03:36:12 Q=5
2026-01-06 18:53:04,028 - INFO - [GINSLIB] processing : 2019/03/28 03:36:13 Q=5
2026-01-06 18:53:04,033 - INFO - [GINSLIB] processing : 2019/03/28 03:36:14 Q=5
2026-01-06 18:53:04,038 - INFO - [GINSLIB] processing : 2019/03/28 03:36:15 Q=5
2026-01-06 18:53:04,045 - INFO - [GINSLIB] processing : 2019/03/28 03:36:16 Q=5
2026-01-06 18:53:04,050 - INFO - [GINSLIB] processing : 2019/03/28 03:36:17 Q=5
2026-01-06 18:53:04,054 - INFO - [GINSLIB] processing : 2019/03/28 03:36:18 Q=5
2026-01-06 18:53:04,058 - INFO - [GINSLIB] processing : 2019/03/28 03:36:19 Q=5
2026-01-06 18:53:04,062 - INFO - [GINSLIB] processing : 2019/03/28 03:36:20 Q=5
2026-01-06 18:53:04,068 - INFO - [GINSLIB] processing : 2019/03/28 03:36:21 Q=5
2026-01-06 18:53:04,068 - INFO - [GINSLIB] processing : 2019/03/28 03:36:22 Q=5
2026-01-06 18:53:04,072 - INFO - [GINSLIB] processing : 2019/03/28 03:36:23 Q=5
2026-01-06 18:53:04,076 - INFO - [GINSLIB] processing : 2019/03/28 03:36:24 Q=5
2026-01-06 18:53:04,080 - INFO - [GINSLIB] processing : 2019/03/28 03:36:25 Q=5
2026-01-06 18:53:04,088 - INFO - [GINSLIB] processing : 2019/03/28 03:36:26 Q=5
2026-01-06 18:53:04,092 - INFO - [GINSLIB] processing : 2019/03/28 03:36:27 Q=5
2026-01-06 18:53:04,096 - INFO - [GINSLIB] processing : 2019/03/28 03:36:28 Q=5
2026-01-06 18:53:04,101 - INFO - [GINSLIB] processing : 2019/03/28 03:36:29 Q=5
2026-01-06 18:53:04,105 - INFO - [GINSLIB] processing : 2019/03/28 03:36:30 Q=5
2026-01-06 18:53:04,110 - INFO - [GINSLIB] processing : 2019/03/28 03:36:31 Q=5
2026-01-06 18:53:04,110 - INFO - [GINSLIB] processing : 2019/03/28 03:36:32 Q=5
2026-01-06 18:53:04,115 - INFO - [GINSLIB] processing : 2019/03/28 03:36:33 Q=5
2026-01-06 18:53:04,119 - INFO - [GINSLIB] processing : 2019/03/28 03:36:34 Q=5
2026-01-06 18:53:04,123 - INFO - [GINSLIB] processing : 2019/03/28 03:36:35 Q=5
2026-01-06 18:53:04,132 - INFO - [GINSLIB] processing : 2019/03/28 03:36:36 Q=5
2026-01-06 18:53:04,136 - INFO - [GINSLIB] processing : 2019/03/28 03:36:37 Q=5
2026-01-06 18:53:04,139 - INFO - [GINSLIB] processing : 2019/03/28 03:36:38 Q=5
2026-01-06 18:53:04,144 - INFO - [GINSLIB] processing : 2019/03/28 03:36:39 Q=5
2026-01-06 18:53:04,148 - INFO - [GINSLIB] processing : 2019/03/28 03:36:40 Q=5
2026-01-06 18:53:04,151 - INFO - [GINSLIB] processing : 2019/03/28 03:36:41 Q=5
2026-01-06 18:53:04,152 - INFO - [GINSLIB] processing : 2019/03/28 03:36:42 Q=5
2026-01-06 18:53:04,155 - INFO - [GINSLIB] processing : 2019/03/28 03:36:43 Q=5
2026-01-06 18:53:04,159 - INFO - [GINSLIB] processing : 2019/03/28 03:36:44 Q=5
2026-01-06 18:53:04,164 - INFO - [GINSLIB] processing : 2019/03/28 03:36:45 Q=5
2026-01-06 18:53:04,168 - INFO - [GINSLIB] processing : 2019/03/28 03:36:46 Q=5
2026-01-06 18:53:04,175 - INFO - [GINSLIB] processing : 2019/03/28 03:36:47 Q=5
2026-01-06 18:53:04,179 - INFO - [GINSLIB] processing : 2019/03/28 03:36:48 Q=5
2026-01-06 18:53:04,184 - INFO - [GINSLIB] processing : 2019/03/28 03:36:49 Q=5
2026-01-06 18:53:04,188 - INFO - [GINSLIB] processing : 2019/03/28 03:36:50 Q=5
2026-01-06 18:53:04,193 - INFO - [GINSLIB] processing : 2019/03/28 03:36:51 Q=5
2026-01-06 18:53:04,198 - INFO - [GINSLIB] processing : 2019/03/28 03:36:52 Q=5
2026-01-06 18:53:04,198 - INFO - [GINSLIB] processing : 2019/03/28 03:36:53 Q=5
2026-01-06 18:53:04,202 - INFO - [GINSLIB] processing : 2019/03/28 03:36:54 Q=5
2026-01-06 18:53:04,206 - INFO - [GINSLIB] processing : 2019/03/28 03:36:55 Q=5
2026-01-06 18:53:04,211 - INFO - [GINSLIB] processing : 2019/03/28 03:36:56 Q=5
2026-01-06 18:53:04,218 - INFO - [GINSLIB] processing : 2019/03/28 03:36:57 Q=5
2026-01-06 18:53:04,222 - INFO - [GINSLIB] processing : 2019/03/28 03:36:58 Q=5
2026-01-06 18:53:04,227 - INFO - [GINSLIB] processing : 2019/03/28 03:36:59 Q=5
2026-01-06 18:53:04,231 - INFO - [GINSLIB] processing : 2019/03/28 03:37:00 Q=5
2026-01-06 18:53:04,236 - INFO - [GINSLIB] processing : 2019/03/28 03:37:01 Q=5
2026-01-06 18:53:04,241 - INFO - [GINSLIB] processing : 2019/03/28 03:37:02 Q=5
2026-01-06 18:53:04,241 - INFO - [GINSLIB] processing : 2019/03/28 03:37:03 Q=5
2026-01-06 18:53:04,245 - INFO - [GINSLIB] processing : 2019/03/28 03:37:04 Q=5
2026-01-06 18:53:04,249 - INFO - [GINSLIB] processing : 2019/03/28 03:37:05 Q=5
2026-01-06 18:53:04,253 - INFO - [GINSLIB] processing : 2019/03/28 03:37:06 Q=5
2026-01-06 18:53:04,257 - INFO - [GINSLIB] processing : 2019/03/28 03:37:07 Q=5
2026-01-06 18:53:04,264 - INFO - [GINSLIB] processing : 2019/03/28 03:37:08 Q=5
2026-01-06 18:53:04,268 - INFO - [GINSLIB] processing : 2019/03/28 03:37:09 Q=5
2026-01-06 18:53:04,272 - INFO - [GINSLIB] processing : 2019/03/28 03:37:10 Q=5
2026-01-06 18:53:04,276 - INFO - [GINSLIB] processing : 2019/03/28 03:37:11 Q=5
2026-01-06 18:53:04,280 - INFO - [GINSLIB] processing : 2019/03/28 03:37:12 Q=5
2026-01-06 18:53:04,281 - INFO - [GINSLIB] processing : 2019/03/28 03:37:13 Q=5
2026-01-06 18:53:04,286 - INFO - [GINSLIB] processing : 2019/03/28 03:37:14 Q=5
2026-01-06 18:53:04,291 - INFO - [GINSLIB] processing : 2019/03/28 03:37:15 Q=5
2026-01-06 18:53:04,294 - INFO - [GINSLIB] processing : 2019/03/28 03:37:16 Q=5
2026-01-06 18:53:04,299 - INFO - [GINSLIB] processing : 2019/03/28 03:37:17 Q=5
2026-01-06 18:53:04,306 - INFO - [GINSLIB] processing : 2019/03/28 03:37:18 Q=5
2026-01-06 18:53:04,310 - INFO - [GINSLIB] processing : 2019/03/28 03:37:19 Q=5
2026-01-06 18:53:04,315 - INFO - [GINSLIB] processing : 2019/03/28 03:37:20 Q=5
2026-01-06 18:53:04,320 - INFO - [GINSLIB] processing : 2019/03/28 03:37:21 Q=5
2026-01-06 18:53:04,324 - INFO - [GINSLIB] processing : 2019/03/28 03:37:22 Q=5
2026-01-06 18:53:04,328 - INFO - [GINSLIB] processing : 2019/03/28 03:37:23 Q=5
2026-01-06 18:53:04,328 - INFO - [GINSLIB] processing : 2019/03/28 03:37:24 Q=5
2026-01-06 18:53:04,333 - INFO - [GINSLIB] processing : 2019/03/28 03:37:25 Q=5
2026-01-06 18:53:04,337 - INFO - [GINSLIB] processing : 2019/03/28 03:37:26 Q=5
2026-01-06 18:53:04,340 - INFO - [GINSLIB] processing : 2019/03/28 03:37:27 Q=5
2026-01-06 18:53:04,345 - INFO - [GINSLIB] processing : 2019/03/28 03:37:28 Q=5
2026-01-06 18:53:04,350 - INFO - [GINSLIB] processing : 2019/03/28 03:37:29 Q=5
2026-01-06 18:53:04,353 - INFO - [GINSLIB] processing : 2019/03/28 03:37:30 Q=5
2026-01-06 18:53:04,356 - INFO - [GINSLIB] processing : 2019/03/28 03:37:31 Q=5
2026-01-06 18:53:04,359 - INFO - [GINSLIB] processing : 2019/03/28 03:37:32 Q=5
2026-01-06 18:53:04,363 - INFO - [GINSLIB] processing : 2019/03/28 03:37:33 Q=5
2026-01-06 18:53:04,363 - INFO - [GINSLIB] processing : 2019/03/28 03:37:34 Q=5
2026-01-06 18:53:04,367 - INFO - [GINSLIB] processing : 2019/03/28 03:37:35 Q=5
2026-01-06 18:53:04,370 - INFO - [GINSLIB] processing : 2019/03/28 03:37:36 Q=5
2026-01-06 18:53:04,374 - INFO - [GINSLIB] processing : 2019/03/28 03:37:37 Q=5
2026-01-06 18:53:04,378 - INFO - [GINSLIB] processing : 2019/03/28 03:37:38 Q=5
2026-01-06 18:53:04,384 - INFO - [GINSLIB] processing : 2019/03/28 03:37:39 Q=5
2026-01-06 18:53:04,388 - INFO - [GINSLIB] processing : 2019/03/28 03:37:40 Q=5
2026-01-06 18:53:04,392 - INFO - [GINSLIB] processing : 2019/03/28 03:37:41 Q=5
2026-01-06 18:53:04,397 - INFO - [GINSLIB] processing : 2019/03/28 03:37:42 Q=5
2026-01-06 18:53:04,401 - INFO - [GINSLIB] processing : 2019/03/28 03:37:43 Q=5
2026-01-06 18:53:04,401 - INFO - [GINSLIB] processing : 2019/03/28 03:37:44 Q=5
2026-01-06 18:53:04,404 - INFO - [GINSLIB] processing : 2019/03/28 03:37:45 Q=5
2026-01-06 18:53:04,408 - INFO - [GINSLIB] processing : 2019/03/28 03:37:46 Q=5
2026-01-06 18:53:04,412 - INFO - [GINSLIB] processing : 2019/03/28 03:37:47 Q=5
2026-01-06 18:53:04,416 - INFO - [GINSLIB] processing : 2019/03/28 03:37:48 Q=5
2026-01-06 18:53:04,422 - INFO - [GINSLIB] processing : 2019/03/28 03:37:49 Q=5
2026-01-06 18:53:04,426 - INFO - [GINSLIB] processing : 2019/03/28 03:37:50 Q=5
2026-01-06 18:53:04,430 - INFO - [GINSLIB] processing : 2019/03/28 03:37:51 Q=5
2026-01-06 18:53:04,434 - INFO - [GINSLIB] processing : 2019/03/28 03:37:52 Q=5
2026-01-06 18:53:04,439 - INFO - [GINSLIB] processing : 2019/03/28 03:37:53 Q=5
2026-01-06 18:53:04,443 - INFO - [GINSLIB] processing : 2019/03/28 03:37:54 Q=5
2026-01-06 18:53:04,443 - INFO - [GINSLIB] processing : 2019/03/28 03:37:55 Q=5
2026-01-06 18:53:04,447 - INFO - [GINSLIB] processing : 2019/03/28 03:37:56 Q=5
2026-01-06 18:53:04,451 - INFO - [GINSLIB] processing : 2019/03/28 03:37:57 Q=5
2026-01-06 18:53:04,455 - INFO - [GINSLIB] processing : 2019/03/28 03:37:58 Q=5
2026-01-06 18:53:04,461 - INFO - [GINSLIB] processing : 2019/03/28 03:37:59 Q=5
2026-01-06 18:53:04,464 - INFO - [GINSLIB] processing : 2019/03/28 03:38:00 Q=5
2026-01-06 18:53:04,469 - INFO - [GINSLIB] processing : 2019/03/28 03:38:01 Q=5
2026-01-06 18:53:04,473 - INFO - [GINSLIB] processing : 2019/03/28 03:38:02 Q=5
2026-01-06 18:53:04,477 - INFO - [GINSLIB] processing : 2019/03/28 03:38:03 Q=5
2026-01-06 18:53:04,481 - INFO - [GINSLIB] processing : 2019/03/28 03:38:04 Q=5
2026-01-06 18:53:04,481 - INFO - [GINSLIB] processing : 2019/03/28 03:38:05 Q=5
2026-01-06 18:53:04,485 - INFO - [GINSLIB] processing : 2019/03/28 03:38:06 Q=5
2026-01-06 18:53:04,488 - INFO - [GINSLIB] processing : 2019/03/28 03:38:07 Q=5
2026-01-06 18:53:04,492 - INFO - [GINSLIB] processing : 2019/03/28 03:38:08 Q=5
2026-01-06 18:53:04,496 - INFO - [GINSLIB] processing : 2019/03/28 03:38:09 Q=5
2026-01-06 18:53:04,505 - INFO - [GINSLIB] processing : 2019/03/28 03:38:10 Q=5
2026-01-06 18:53:04,509 - INFO - [GINSLIB] processing : 2019/03/28 03:38:11 Q=5
2026-01-06 18:53:04,512 - INFO - [GINSLIB] processing : 2019/03/28 03:38:12 Q=5
2026-01-06 18:53:04,517 - INFO - [GINSLIB] processing : 2019/03/28 03:38:13 Q=5
2026-01-06 18:53:04,520 - INFO - [GINSLIB] processing : 2019/03/28 03:38:14 Q=5
2026-01-06 18:53:04,520 - INFO - [GINSLIB] processing : 2019/03/28 03:38:15 Q=5
2026-01-06 18:53:04,523 - INFO - [GINSLIB] processing : 2019/03/28 03:38:16 Q=5
2026-01-06 18:53:04,527 - INFO - [GINSLIB] processing : 2019/03/28 03:38:17 Q=5
2026-01-06 18:53:04,533 - INFO - [GINSLIB] processing : 2019/03/28 03:38:18 Q=5
2026-01-06 18:53:04,537 - INFO - [GINSLIB] processing : 2019/03/28 03:38:19 Q=5
2026-01-06 18:53:04,544 - INFO - [GINSLIB] processing : 2019/03/28 03:38:20 Q=5
2026-01-06 18:53:04,548 - INFO - [GINSLIB] processing : 2019/03/28 03:38:21 Q=5
2026-01-06 18:53:04,552 - INFO - [GINSLIB] processing : 2019/03/28 03:38:22 Q=5
2026-01-06 18:53:04,555 - INFO - [GINSLIB] processing : 2019/03/28 03:38:23 Q=5
2026-01-06 18:53:04,559 - INFO - [GINSLIB] processing : 2019/03/28 03:38:24 Q=5
2026-01-06 18:53:04,564 - INFO - [GINSLIB] processing : 2019/03/28 03:38:25 Q=5
2026-01-06 18:53:04,564 - INFO - [GINSLIB] processing : 2019/03/28 03:38:26 Q=5
2026-01-06 18:53:04,567 - INFO - [GINSLIB] processing : 2019/03/28 03:38:27 Q=5
2026-01-06 18:53:04,570 - INFO - [GINSLIB] processing : 2019/03/28 03:38:28 Q=5
2026-01-06 18:53:04,574 - INFO - [GINSLIB] processing : 2019/03/28 03:38:29 Q=5
2026-01-06 18:53:04,580 - INFO - [GINSLIB] processing : 2019/03/28 03:38:30 Q=5
2026-01-06 18:53:04,584 - INFO - [GINSLIB] processing : 2019/03/28 03:38:31 Q=5
2026-01-06 18:53:04,587 - INFO - [GINSLIB] processing : 2019/03/28 03:38:32 Q=5
2026-01-06 18:53:04,592 - INFO - [GINSLIB] processing : 2019/03/28 03:38:33 Q=5
2026-01-06 18:53:04,596 - INFO - [GINSLIB] processing : 2019/03/28 03:38:34 Q=5
2026-01-06 18:53:04,600 - INFO - [GINSLIB] processing : 2019/03/28 03:38:35 Q=5
2026-01-06 18:53:04,600 - INFO - [GINSLIB] processing : 2019/03/28 03:38:36 Q=5
2026-01-06 18:53:04,603 - INFO - [GINSLIB] processing : 2019/03/28 03:38:37 Q=5
2026-01-06 18:53:04,607 - INFO - [GINSLIB] processing : 2019/03/28 03:38:38 Q=5
2026-01-06 18:53:04,610 - INFO - [GINSLIB] processing : 2019/03/28 03:38:39 Q=5
2026-01-06 18:53:04,613 - INFO - [GINSLIB] processing : 2019/03/28 03:38:40 Q=5
2026-01-06 18:53:04,619 - INFO - [GINSLIB] processing : 2019/03/28 03:38:41 Q=5
2026-01-06 18:53:04,623 - INFO - [GINSLIB] processing : 2019/03/28 03:38:42 Q=5
2026-01-06 18:53:04,627 - INFO - [GINSLIB] processing : 2019/03/28 03:38:43 Q=5
2026-01-06 18:53:04,631 - INFO - [GINSLIB] processing : 2019/03/28 03:38:44 Q=5
2026-01-06 18:53:04,635 - INFO - [GINSLIB] processing : 2019/03/28 03:38:45 Q=5
2026-01-06 18:53:04,635 - INFO - [GINSLIB] processing : 2019/03/28 03:38:46 Q=5
2026-01-06 18:53:04,638 - INFO - [GINSLIB] processing : 2019/03/28 03:38:47 Q=5
2026-01-06 18:53:04,641 - INFO - [GINSLIB] processing : 2019/03/28 03:38:48 Q=5
2026-01-06 18:53:04,644 - INFO - [GINSLIB] processing : 2019/03/28 03:38:49 Q=5
2026-01-06 18:53:04,648 - INFO - [GINSLIB] processing : 2019/03/28 03:38:50 Q=5
2026-01-06 18:53:04,654 - INFO - [GINSLIB] processing : 2019/03/28 03:38:51 Q=5
2026-01-06 18:53:04,659 - INFO - [GINSLIB] processing : 2019/03/28 03:38:52 Q=5
2026-01-06 18:53:04,662 - INFO - [GINSLIB] processing : 2019/03/28 03:38:53 Q=5
2026-01-06 18:53:04,666 - INFO - [GINSLIB] processing : 2019/03/28 03:38:54 Q=5
2026-01-06 18:53:04,669 - INFO - [GINSLIB] processing : 2019/03/28 03:38:55 Q=5
2026-01-06 18:53:04,672 - INFO - [GINSLIB] processing : 2019/03/28 03:38:56 Q=5
2026-01-06 18:53:04,672 - INFO - [GINSLIB] processing : 2019/03/28 03:38:57 Q=5
2026-01-06 18:53:04,674 - INFO - [GINSLIB] processing : 2019/03/28 03:38:58 Q=5
2026-01-06 18:53:04,677 - INFO - [GINSLIB] processing : 2019/03/28 03:38:59 Q=5
2026-01-06 18:53:04,681 - INFO - [GINSLIB] processing : 2019/03/28 03:39:00 Q=5
2026-01-06 18:53:04,687 - INFO - [GINSLIB] processing : 2019/03/28 03:39:01 Q=5
2026-01-06 18:53:04,690 - INFO - [GINSLIB] processing : 2019/03/28 03:39:02 Q=5
2026-01-06 18:53:04,693 - INFO - [GINSLIB] processing : 2019/03/28 03:39:03 Q=5
2026-01-06 18:53:04,697 - INFO - [GINSLIB] processing : 2019/03/28 03:39:04 Q=5
2026-01-06 18:53:04,701 - INFO - [GINSLIB] processing : 2019/03/28 03:39:05 Q=5
2026-01-06 18:53:04,704 - INFO - [GINSLIB] processing : 2019/03/28 03:39:06 Q=5
2026-01-06 18:53:04,704 - INFO - [GINSLIB] processing : 2019/03/28 03:39:07 Q=5
2026-01-06 18:53:04,707 - INFO - [GINSLIB] processing : 2019/03/28 03:39:08 Q=5
2026-01-06 18:53:04,711 - INFO - [GINSLIB] processing : 2019/03/28 03:39:09 Q=5
2026-01-06 18:53:04,716 - INFO - [GINSLIB] processing : 2019/03/28 03:39:10 Q=5
2026-01-06 18:53:04,719 - INFO - [GINSLIB] processing : 2019/03/28 03:39:11 Q=5
2026-01-06 18:53:04,725 - INFO - [GINSLIB] processing : 2019/03/28 03:39:12 Q=5
2026-01-06 18:53:04,728 - INFO - [GINSLIB] processing : 2019/03/28 03:39:13 Q=5
2026-01-06 18:53:04,733 - INFO - [GINSLIB] processing : 2019/03/28 03:39:14 Q=5
2026-01-06 18:53:04,737 - INFO - [GINSLIB] processing : 2019/03/28 03:39:15 Q=5
2026-01-06 18:53:04,740 - INFO - [GINSLIB] processing : 2019/03/28 03:39:16 Q=5
2026-01-06 18:53:04,741 - INFO - [GINSLIB] processing : 2019/03/28 03:39:17 Q=5
2026-01-06 18:53:04,744 - INFO - [GINSLIB] processing : 2019/03/28 03:39:18 Q=5
2026-01-06 18:53:04,748 - INFO - [GINSLIB] processing : 2019/03/28 03:39:19 Q=5
2026-01-06 18:53:04,752 - INFO - [GINSLIB] processing : 2019/03/28 03:39:20 Q=5
2026-01-06 18:53:04,756 - INFO - [GINSLIB] processing : 2019/03/28 03:39:21 Q=5
2026-01-06 18:53:04,764 - INFO - [GINSLIB] processing : 2019/03/28 03:39:22 Q=5
2026-01-06 18:53:04,768 - INFO - [GINSLIB] processing : 2019/03/28 03:39:23 Q=5
2026-01-06 18:53:04,771 - INFO - [GINSLIB] processing : 2019/03/28 03:39:24 Q=5
2026-01-06 18:53:04,775 - INFO - [GINSLIB] processing : 2019/03/28 03:39:25 Q=5
2026-01-06 18:53:04,778 - INFO - [GINSLIB] processing : 2019/03/28 03:39:26 Q=5
2026-01-06 18:53:04,782 - INFO - [GINSLIB] processing : 2019/03/28 03:39:27 Q=5
2026-01-06 18:53:04,782 - INFO - [GINSLIB] processing : 2019/03/28 03:39:28 Q=5
2026-01-06 18:53:04,785 - INFO - [GINSLIB] processing : 2019/03/28 03:39:29 Q=5
2026-01-06 18:53:04,789 - INFO - [GINSLIB] processing : 2019/03/28 03:39:30 Q=5
2026-01-06 18:53:04,793 - INFO - [GINSLIB] processing : 2019/03/28 03:39:31 Q=5
2026-01-06 18:53:04,799 - INFO - [GINSLIB] processing : 2019/03/28 03:39:32 Q=5
2026-01-06 18:53:04,802 - INFO - [GINSLIB] processing : 2019/03/28 03:39:33 Q=5
2026-01-06 18:53:04,806 - INFO - [GINSLIB] processing : 2019/03/28 03:39:34 Q=5
2026-01-06 18:53:04,809 - INFO - [GINSLIB] processing : 2019/03/28 03:39:35 Q=5
2026-01-06 18:53:04,813 - INFO - [GINSLIB] processing : 2019/03/28 03:39:36 Q=5
2026-01-06 18:53:04,816 - INFO - [GINSLIB] processing : 2019/03/28 03:39:37 Q=5
2026-01-06 18:53:04,816 - INFO - [GINSLIB] processing : 2019/03/28 03:39:38 Q=5
2026-01-06 18:53:04,820 - INFO - [GINSLIB] processing : 2019/03/28 03:39:39 Q=5
2026-01-06 18:53:04,824 - INFO - [GINSLIB] processing : 2019/03/28 03:39:40 Q=5
2026-01-06 18:53:04,827 - INFO - [GINSLIB] processing : 2019/03/28 03:39:41 Q=5
2026-01-06 18:53:04,830 - INFO - [GINSLIB] processing : 2019/03/28 03:39:42 Q=5
2026-01-06 18:53:04,837 - INFO - [GINSLIB] processing : 2019/03/28 03:39:43 Q=5
2026-01-06 18:53:04,841 - INFO - [GINSLIB] processing : 2019/03/28 03:39:44 Q=5
2026-01-06 18:53:04,844 - INFO - [GINSLIB] processing : 2019/03/28 03:39:45 Q=5
2026-01-06 18:53:04,848 - INFO - [GINSLIB] processing : 2019/03/28 03:39:46 Q=5
2026-01-06 18:53:04,851 - INFO - [GINSLIB] processing : 2019/03/28 03:39:47 Q=5
2026-01-06 18:53:04,852 - INFO - [GINSLIB] processing : 2019/03/28 03:39:48 Q=5
2026-01-06 18:53:04,855 - INFO - [GINSLIB] processing : 2019/03/28 03:39:49 Q=5
2026-01-06 18:53:04,859 - INFO - [GINSLIB] processing : 2019/03/28 03:39:50 Q=5
2026-01-06 18:53:04,862 - INFO - [GINSLIB] processing : 2019/03/28 03:39:51 Q=5
2026-01-06 18:53:04,866 - INFO - [GINSLIB] processing : 2019/03/28 03:39:52 Q=5
2026-01-06 18:53:04,872 - INFO - [GINSLIB] processing : 2019/03/28 03:39:53 Q=5
2026-01-06 18:53:04,875 - INFO - [GINSLIB] processing : 2019/03/28 03:39:54 Q=5
2026-01-06 18:53:04,878 - INFO - [GINSLIB] processing : 2019/03/28 03:39:55 Q=5
2026-01-06 18:53:04,883 - INFO - [GINSLIB] processing : 2019/03/28 03:39:56 Q=5
2026-01-06 18:53:04,887 - INFO - [GINSLIB] processing : 2019/03/28 03:39:57 Q=5
2026-01-06 18:53:04,891 - INFO - [GINSLIB] processing : 2019/03/28 03:39:58 Q=5
2026-01-06 18:53:04,891 - INFO - [GINSLIB] processing : 2019/03/28 03:39:59 Q=5
2026-01-06 18:53:04,894 - INFO - [GINSLIB] processing : 2019/03/28 03:40:00 Q=5
2026-01-06 18:53:04,899 - INFO - [GINSLIB] processing : 2019/03/28 03:40:01 Q=5
2026-01-06 18:53:04,903 - INFO - [GINSLIB] processing : 2019/03/28 03:40:02 Q=5
2026-01-06 18:53:04,908 - INFO - [GINSLIB] processing : 2019/03/28 03:40:03 Q=5
2026-01-06 18:53:04,911 - INFO - [GINSLIB] processing : 2019/03/28 03:40:04 Q=5
2026-01-06 18:53:04,916 - INFO - [GINSLIB] processing : 2019/03/28 03:40:05 Q=5
2026-01-06 18:53:04,919 - INFO - [GINSLIB] processing : 2019/03/28 03:40:06 Q=5
2026-01-06 18:53:04,922 - INFO - [GINSLIB] processing : 2019/03/28 03:40:07 Q=5
2026-01-06 18:53:04,926 - INFO - [GINSLIB] processing : 2019/03/28 03:40:08 Q=5
2026-01-06 18:53:04,927 - INFO - [GINSLIB] processing : 2019/03/28 03:40:09 Q=5
2026-01-06 18:53:04,931 - INFO - [GINSLIB] processing : 2019/03/28 03:40:10 Q=5
2026-01-06 18:53:04,935 - INFO - [GINSLIB] processing : 2019/03/28 03:40:11 Q=5
2026-01-06 18:53:04,938 - INFO - [GINSLIB] processing : 2019/03/28 03:40:12 Q=5
2026-01-06 18:53:04,942 - INFO - [GINSLIB] processing : 2019/03/28 03:40:13 Q=5
2026-01-06 18:53:04,948 - INFO - [GINSLIB] processing : 2019/03/28 03:40:14 Q=5
2026-01-06 18:53:04,951 - INFO - [GINSLIB] processing : 2019/03/28 03:40:15 Q=5
2026-01-06 18:53:04,955 - INFO - [GINSLIB] processing : 2019/03/28 03:40:16 Q=5
2026-01-06 18:53:04,959 - INFO - [GINSLIB] processing : 2019/03/28 03:40:17 Q=5
2026-01-06 18:53:04,964 - INFO - [GINSLIB] processing : 2019/03/28 03:40:18 Q=5
2026-01-06 18:53:04,964 - INFO - [GINSLIB] processing : 2019/03/28 03:40:19 Q=5
2026-01-06 18:53:04,967 - INFO - [GINSLIB] processing : 2019/03/28 03:40:20 Q=5
2026-01-06 18:53:04,971 - INFO - [GINSLIB] processing : 2019/03/28 03:40:21 Q=5
2026-01-06 18:53:04,975 - INFO - [GINSLIB] processing : 2019/03/28 03:40:22 Q=5
2026-01-06 18:53:04,979 - INFO - [GINSLIB] processing : 2019/03/28 03:40:23 Q=5
2026-01-06 18:53:04,985 - INFO - [GINSLIB] processing : 2019/03/28 03:40:24 Q=5
2026-01-06 18:53:04,989 - INFO - [GINSLIB] processing : 2019/03/28 03:40:25 Q=5
2026-01-06 18:53:04,994 - INFO - [GINSLIB] processing : 2019/03/28 03:40:26 Q=5
2026-01-06 18:53:04,998 - INFO - [GINSLIB] processing : 2019/03/28 03:40:27 Q=5
2026-01-06 18:53:05,002 - INFO - [GINSLIB] processing : 2019/03/28 03:40:28 Q=5
2026-01-06 18:53:05,006 - INFO - [GINSLIB] processing : 2019/03/28 03:40:29 Q=5
2026-01-06 18:53:05,007 - INFO - [GINSLIB] processing : 2019/03/28 03:40:30 Q=5
2026-01-06 18:53:05,010 - INFO - [GINSLIB] processing : 2019/03/28 03:40:31 Q=5
2026-01-06 18:53:05,014 - INFO - [GINSLIB] processing : 2019/03/28 03:40:32 Q=5
2026-01-06 18:53:05,018 - INFO - [GINSLIB] processing : 2019/03/28 03:40:33 Q=5
2026-01-06 18:53:05,025 - INFO - [GINSLIB] processing : 2019/03/28 03:40:34 Q=5
2026-01-06 18:53:05,028 - INFO - [GINSLIB] processing : 2019/03/28 03:40:35 Q=5
2026-01-06 18:53:05,031 - INFO - [GINSLIB] processing : 2019/03/28 03:40:36 Q=5
2026-01-06 18:53:05,035 - INFO - [GINSLIB] processing : 2019/03/28 03:40:37 Q=5
2026-01-06 18:53:05,038 - INFO - [GINSLIB] processing : 2019/03/28 03:40:38 Q=5
2026-01-06 18:53:05,042 - INFO - [GINSLIB] processing : 2019/03/28 03:40:39 Q=5
2026-01-06 18:53:05,042 - INFO - [GINSLIB] processing : 2019/03/28 03:40:40 Q=5
2026-01-06 18:53:05,045 - INFO - [GINSLIB] processing : 2019/03/28 03:40:41 Q=5
2026-01-06 18:53:05,051 - INFO - [GINSLIB] processing : 2019/03/28 03:40:42 Q=5
2026-01-06 18:53:05,055 - INFO - [GINSLIB] processing : 2019/03/28 03:40:43 Q=5
2026-01-06 18:53:05,058 - INFO - [GINSLIB] processing : 2019/03/28 03:40:44 Q=5
2026-01-06 18:53:05,065 - INFO - [GINSLIB] processing : 2019/03/28 03:40:45 Q=5
2026-01-06 18:53:05,069 - INFO - [GINSLIB] processing : 2019/03/28 03:40:46 Q=5
2026-01-06 18:53:05,073 - INFO - [GINSLIB] processing : 2019/03/28 03:40:47 Q=5
2026-01-06 18:53:05,076 - INFO - [GINSLIB] processing : 2019/03/28 03:40:48 Q=5
2026-01-06 18:53:05,080 - INFO - [GINSLIB] processing : 2019/03/28 03:40:49 Q=5
2026-01-06 18:53:05,080 - INFO - [GINSLIB] processing : 2019/03/28 03:40:50 Q=5
2026-01-06 18:53:05,085 - INFO - [GINSLIB] processing : 2019/03/28 03:40:51 Q=5
2026-01-06 18:53:05,089 - INFO - [GINSLIB] processing : 2019/03/28 03:40:52 Q=5
2026-01-06 18:53:05,093 - INFO - [GINSLIB] processing : 2019/03/28 03:40:53 Q=5
2026-01-06 18:53:05,097 - INFO - [GINSLIB] processing : 2019/03/28 03:40:54 Q=5
2026-01-06 18:53:05,106 - INFO - [GINSLIB] processing : 2019/03/28 03:40:55 Q=5
2026-01-06 18:53:05,110 - INFO - [GINSLIB] processing : 2019/03/28 03:40:56 Q=5
2026-01-06 18:53:05,116 - INFO - [GINSLIB] processing : 2019/03/28 03:40:57 Q=5
2026-01-06 18:53:05,120 - INFO - [GINSLIB] processing : 2019/03/28 03:40:58 Q=5
2026-01-06 18:53:05,124 - INFO - [GINSLIB] processing : 2019/03/28 03:40:59 Q=5
2026-01-06 18:53:05,128 - INFO - [GINSLIB] processing : 2019/03/28 03:41:00 Q=5
2026-01-06 18:53:05,129 - INFO - [GINSLIB] processing : 2019/03/28 03:41:01 Q=5
2026-01-06 18:53:05,134 - INFO - [GINSLIB] processing : 2019/03/28 03:41:02 Q=5
2026-01-06 18:53:05,138 - INFO - [GINSLIB] processing : 2019/03/28 03:41:03 Q=5
2026-01-06 18:53:05,143 - INFO - [GINSLIB] processing : 2019/03/28 03:41:04 Q=5
2026-01-06 18:53:05,152 - INFO - [GINSLIB] processing : 2019/03/28 03:41:05 Q=5
2026-01-06 18:53:05,156 - INFO - [GINSLIB] processing : 2019/03/28 03:41:06 Q=5
2026-01-06 18:53:05,162 - INFO - [GINSLIB] processing : 2019/03/28 03:41:07 Q=5
2026-01-06 18:53:05,167 - INFO - [GINSLIB] processing : 2019/03/28 03:41:08 Q=5
2026-01-06 18:53:05,171 - INFO - [GINSLIB] processing : 2019/03/28 03:41:09 Q=5
2026-01-06 18:53:05,176 - INFO - [GINSLIB] processing : 2019/03/28 03:41:10 Q=5
2026-01-06 18:53:05,176 - INFO - [GINSLIB] processing : 2019/03/28 03:41:11 Q=5
2026-01-06 18:53:05,180 - INFO - [GINSLIB] processing : 2019/03/28 03:41:12 Q=5
2026-01-06 18:53:05,184 - INFO - [GINSLIB] processing : 2019/03/28 03:41:13 Q=5
2026-01-06 18:53:05,189 - INFO - [GINSLIB] processing : 2019/03/28 03:41:14 Q=5
2026-01-06 18:53:05,193 - INFO - [GINSLIB] processing : 2019/03/28 03:41:15 Q=5
2026-01-06 18:53:05,201 - INFO - [GINSLIB] processing : 2019/03/28 03:41:16 Q=5
2026-01-06 18:53:05,205 - INFO - [GINSLIB] processing : 2019/03/28 03:41:17 Q=5
2026-01-06 18:53:05,210 - INFO - [GINSLIB] processing : 2019/03/28 03:41:18 Q=5
2026-01-06 18:53:05,215 - INFO - [GINSLIB] processing : 2019/03/28 03:41:19 Q=5
2026-01-06 18:53:05,219 - INFO - [GINSLIB] processing : 2019/03/28 03:41:20 Q=5
2026-01-06 18:53:05,224 - INFO - [GINSLIB] processing : 2019/03/28 03:41:21 Q=5
2026-01-06 18:53:05,224 - INFO - [GINSLIB] processing : 2019/03/28 03:41:22 Q=5
2026-01-06 18:53:05,228 - INFO - [GINSLIB] processing : 2019/03/28 03:41:23 Q=5
2026-01-06 18:53:05,232 - INFO - [GINSLIB] processing : 2019/03/28 03:41:24 Q=5
2026-01-06 18:53:05,236 - INFO - [GINSLIB] processing : 2019/03/28 03:41:25 Q=5
2026-01-06 18:53:05,244 - INFO - [GINSLIB] processing : 2019/03/28 03:41:26 Q=5
2026-01-06 18:53:05,249 - INFO - [GINSLIB] processing : 2019/03/28 03:41:27 Q=5
2026-01-06 18:53:05,253 - INFO - [GINSLIB] processing : 2019/03/28 03:41:28 Q=5
2026-01-06 18:53:05,258 - INFO - [GINSLIB] processing : 2019/03/28 03:41:29 Q=5
2026-01-06 18:53:05,261 - INFO - [GINSLIB] processing : 2019/03/28 03:41:30 Q=5
2026-01-06 18:53:05,266 - INFO - [GINSLIB] processing : 2019/03/28 03:41:31 Q=5
2026-01-06 18:53:05,266 - INFO - [GINSLIB] processing : 2019/03/28 03:41:32 Q=5
2026-01-06 18:53:05,271 - INFO - [GINSLIB] processing : 2019/03/28 03:41:33 Q=5
2026-01-06 18:53:05,275 - INFO - [GINSLIB] processing : 2019/03/28 03:41:34 Q=5
2026-01-06 18:53:05,278 - INFO - [GINSLIB] processing : 2019/03/28 03:41:35 Q=5
2026-01-06 18:53:05,286 - INFO - [GINSLIB] processing : 2019/03/28 03:41:36 Q=5
2026-01-06 18:53:05,290 - INFO - [GINSLIB] processing : 2019/03/28 03:41:37 Q=5
2026-01-06 18:53:05,294 - INFO - [GINSLIB] processing : 2019/03/28 03:41:38 Q=5
2026-01-06 18:53:05,299 - INFO - [GINSLIB] processing : 2019/03/28 03:41:39 Q=5
2026-01-06 18:53:05,304 - INFO - [GINSLIB] processing : 2019/03/28 03:41:40 Q=5
2026-01-06 18:53:05,308 - INFO - [GINSLIB] processing : 2019/03/28 03:41:41 Q=5
2026-01-06 18:53:05,308 - INFO - [GINSLIB] processing : 2019/03/28 03:41:42 Q=5
2026-01-06 18:53:05,312 - INFO - [GINSLIB] processing : 2019/03/28 03:41:43 Q=5
2026-01-06 18:53:05,317 - INFO - [GINSLIB] processing : 2019/03/28 03:41:44 Q=5
2026-01-06 18:53:05,321 - INFO - [GINSLIB] processing : 2019/03/28 03:41:45 Q=5
2026-01-06 18:53:05,324 - INFO - [GINSLIB] processing : 2019/03/28 03:41:46 Q=5
2026-01-06 18:53:05,332 - INFO - [GINSLIB] processing : 2019/03/28 03:41:47 Q=5
2026-01-06 18:53:05,336 - INFO - [GINSLIB] processing : 2019/03/28 03:41:48 Q=5
2026-01-06 18:53:05,340 - INFO - [GINSLIB] processing : 2019/03/28 03:41:49 Q=5
2026-01-06 18:53:05,343 - INFO - [GINSLIB] processing : 2019/03/28 03:41:50 Q=5
2026-01-06 18:53:05,347 - INFO - [GINSLIB] processing : 2019/03/28 03:41:51 Q=5
2026-01-06 18:53:05,352 - INFO - [GINSLIB] processing : 2019/03/28 03:41:52 Q=5
2026-01-06 18:53:05,352 - INFO - [GINSLIB] processing : 2019/03/28 03:41:53 Q=5
2026-01-06 18:53:05,355 - INFO - [GINSLIB] processing : 2019/03/28 03:41:54 Q=5
2026-01-06 18:53:05,359 - INFO - [GINSLIB] processing : 2019/03/28 03:41:55 Q=5
2026-01-06 18:53:05,363 - INFO - [GINSLIB] processing : 2019/03/28 03:41:56 Q=5
2026-01-06 18:53:05,369 - INFO - [GINSLIB] processing : 2019/03/28 03:41:57 Q=5
2026-01-06 18:53:05,372 - INFO - [GINSLIB] processing : 2019/03/28 03:41:58 Q=5
2026-01-06 18:53:05,376 - INFO - [GINSLIB] processing : 2019/03/28 03:41:59 Q=5
2026-01-06 18:53:05,380 - INFO - [GINSLIB] processing : 2019/03/28 03:42:00 Q=5
2026-01-06 18:53:05,383 - INFO - [GINSLIB] processing : 2019/03/28 03:42:01 Q=5
2026-01-06 18:53:05,386 - INFO - [GINSLIB] processing : 2019/03/28 03:42:02 Q=5
2026-01-06 18:53:05,386 - INFO - [GINSLIB] processing : 2019/03/28 03:42:03 Q=5
2026-01-06 18:53:05,389 - INFO - [GINSLIB] processing : 2019/03/28 03:42:04 Q=5
2026-01-06 18:53:05,393 - INFO - [GINSLIB] processing : 2019/03/28 03:42:05 Q=5
2026-01-06 18:53:05,397 - INFO - [GINSLIB] processing : 2019/03/28 03:42:06 Q=5
2026-01-06 18:53:05,401 - INFO - [GINSLIB] processing : 2019/03/28 03:42:07 Q=5
2026-01-06 18:53:05,404 - INFO - [GINSLIB] processing : 2019/03/28 03:42:08 Q=5
2026-01-06 18:53:05,407 - INFO - [GINSLIB] processing : 2019/03/28 03:42:09 Q=5
2026-01-06 18:53:05,411 - INFO - [GINSLIB] processing : 2019/03/28 03:42:10 Q=5
2026-01-06 18:53:05,414 - INFO - [GINSLIB] processing : 2019/03/28 03:42:11 Q=5
2026-01-06 18:53:05,417 - INFO - [GINSLIB] processing : 2019/03/28 03:42:12 Q=5
2026-01-06 18:53:05,418 - INFO - [GINSLIB] processing : 2019/03/28 03:42:13 Q=5
2026-01-06 18:53:05,421 - INFO - [GINSLIB] processing : 2019/03/28 03:42:14 Q=5
2026-01-06 18:53:05,424 - INFO - [GINSLIB] processing : 2019/03/28 03:42:15 Q=5
2026-01-06 18:53:05,428 - INFO - [GINSLIB] processing : 2019/03/28 03:42:16 Q=5
2026-01-06 18:53:05,431 - INFO - [GINSLIB] processing : 2019/03/28 03:42:17 Q=5
2026-01-06 18:53:05,437 - INFO - [GINSLIB] processing : 2019/03/28 03:42:18 Q=5
2026-01-06 18:53:05,441 - INFO - [GINSLIB] processing : 2019/03/28 03:42:19 Q=5
2026-01-06 18:53:05,444 - INFO - [GINSLIB] processing : 2019/03/28 03:42:20 Q=5
2026-01-06 18:53:05,448 - INFO - [GINSLIB] processing : 2019/03/28 03:42:21 Q=5
2026-01-06 18:53:05,452 - INFO - [GINSLIB] processing : 2019/03/28 03:42:22 Q=5
2026-01-06 18:53:05,456 - INFO - [GINSLIB] processing : 2019/03/28 03:42:23 Q=5
2026-01-06 18:53:05,456 - INFO - [GINSLIB] processing : 2019/03/28 03:42:24 Q=5
2026-01-06 18:53:05,460 - INFO - [GINSLIB] processing : 2019/03/28 03:42:25 Q=5
2026-01-06 18:53:05,463 - INFO - [GINSLIB] processing : 2019/03/28 03:42:26 Q=5
2026-01-06 18:53:05,467 - INFO - [GINSLIB] processing : 2019/03/28 03:42:27 Q=5
2026-01-06 18:53:05,474 - INFO - [GINSLIB] processing : 2019/03/28 03:42:28 Q=5
2026-01-06 18:53:05,478 - INFO - [GINSLIB] processing : 2019/03/28 03:42:29 Q=5
2026-01-06 18:53:05,482 - INFO - [GINSLIB] processing : 2019/03/28 03:42:30 Q=5
2026-01-06 18:53:05,487 - INFO - [GINSLIB] processing : 2019/03/28 03:42:31 Q=5
2026-01-06 18:53:05,491 - INFO - [GINSLIB] processing : 2019/03/28 03:42:32 Q=5
2026-01-06 18:53:05,494 - INFO - [GINSLIB] processing : 2019/03/28 03:42:33 Q=5
2026-01-06 18:53:05,495 - INFO - [GINSLIB] processing : 2019/03/28 03:42:34 Q=5
2026-01-06 18:53:05,499 - INFO - [GINSLIB] processing : 2019/03/28 03:42:35 Q=5
2026-01-06 18:53:05,503 - INFO - [GINSLIB] processing : 2019/03/28 03:42:36 Q=5
2026-01-06 18:53:05,507 - INFO - [GINSLIB] processing : 2019/03/28 03:42:37 Q=5
2026-01-06 18:53:05,515 - INFO - [GINSLIB] processing : 2019/03/28 03:42:38 Q=5
2026-01-06 18:53:05,520 - INFO - [GINSLIB] processing : 2019/03/28 03:42:39 Q=5
2026-01-06 18:53:05,524 - INFO - [GINSLIB] processing : 2019/03/28 03:42:40 Q=5
2026-01-06 18:53:05,528 - INFO - [GINSLIB] processing : 2019/03/28 03:42:41 Q=5
2026-01-06 18:53:05,534 - INFO - [GINSLIB] processing : 2019/03/28 03:42:42 Q=5
2026-01-06 18:53:05,538 - INFO - [GINSLIB] processing : 2019/03/28 03:42:43 Q=5
2026-01-06 18:53:05,538 - INFO - [GINSLIB] processing : 2019/03/28 03:42:44 Q=5
2026-01-06 18:53:05,542 - INFO - [GINSLIB] processing : 2019/03/28 03:42:45 Q=5
2026-01-06 18:53:05,547 - INFO - [GINSLIB] processing : 2019/03/28 03:42:46 Q=5
2026-01-06 18:53:05,551 - INFO - [GINSLIB] processing : 2019/03/28 03:42:47 Q=5
2026-01-06 18:53:05,555 - INFO - [GINSLIB] processing : 2019/03/28 03:42:48 Q=5
2026-01-06 18:53:05,560 - INFO - [GINSLIB] processing : 2019/03/28 03:42:49 Q=5
2026-01-06 18:53:05,564 - INFO - [GINSLIB] processing : 2019/03/28 03:42:50 Q=5
2026-01-06 18:53:05,568 - INFO - [GINSLIB] processing : 2019/03/28 03:42:51 Q=5
2026-01-06 18:53:05,571 - INFO - [GINSLIB] processing : 2019/03/28 03:42:52 Q=5
2026-01-06 18:53:05,574 - INFO - [GINSLIB] processing : 2019/03/28 03:42:53 Q=5
2026-01-06 18:53:05,578 - INFO - [GINSLIB] processing : 2019/03/28 03:42:54 Q=5
2026-01-06 18:53:05,578 - INFO - [GINSLIB] processing : 2019/03/28 03:42:55 Q=5
2026-01-06 18:53:05,582 - INFO - [GINSLIB] processing : 2019/03/28 03:42:56 Q=5
2026-01-06 18:53:05,585 - INFO - [GINSLIB] processing : 2019/03/28 03:42:57 Q=5
2026-01-06 18:53:05,588 - INFO - [GINSLIB] processing : 2019/03/28 03:42:58 Q=5
2026-01-06 18:53:05,594 - INFO - [GINSLIB] processing : 2019/03/28 03:42:59 Q=5
2026-01-06 18:53:05,598 - INFO - [GINSLIB] processing : 2019/03/28 03:43:00 Q=5
2026-01-06 18:53:05,601 - INFO - [GINSLIB] processing : 2019/03/28 03:43:01 Q=5
2026-01-06 18:53:05,604 - INFO - [GINSLIB] processing : 2019/03/28 03:43:02 Q=5
2026-01-06 18:53:05,608 - INFO - [GINSLIB] processing : 2019/03/28 03:43:03 Q=5
2026-01-06 18:53:05,612 - INFO - [GINSLIB] processing : 2019/03/28 03:43:04 Q=5
2026-01-06 18:53:05,612 - INFO - [GINSLIB] processing : 2019/03/28 03:43:05 Q=5
2026-01-06 18:53:05,615 - INFO - [GINSLIB] processing : 2019/03/28 03:43:06 Q=5
2026-01-06 18:53:05,618 - INFO - [GINSLIB] processing : 2019/03/28 03:43:07 Q=5
2026-01-06 18:53:05,622 - INFO - [GINSLIB] processing : 2019/03/28 03:43:08 Q=5
2026-01-06 18:53:05,626 - INFO - [GINSLIB] processing : 2019/03/28 03:43:09 Q=5
2026-01-06 18:53:05,632 - INFO - [GINSLIB] processing : 2019/03/28 03:43:10 Q=5
2026-01-06 18:53:05,636 - INFO - [GINSLIB] processing : 2019/03/28 03:43:11 Q=5
2026-01-06 18:53:05,639 - INFO - [GINSLIB] processing : 2019/03/28 03:43:12 Q=5
2026-01-06 18:53:05,643 - INFO - [GINSLIB] processing : 2019/03/28 03:43:13 Q=5
2026-01-06 18:53:05,646 - INFO - [GINSLIB] processing : 2019/03/28 03:43:14 Q=5
2026-01-06 18:53:05,647 - INFO - [GINSLIB] processing : 2019/03/28 03:43:15 Q=5
2026-01-06 18:53:05,650 - INFO - [GINSLIB] processing : 2019/03/28 03:43:16 Q=5
2026-01-06 18:53:05,653 - INFO - [GINSLIB] processing : 2019/03/28 03:43:17 Q=5
2026-01-06 18:53:05,656 - INFO - [GINSLIB] processing : 2019/03/28 03:43:18 Q=5
2026-01-06 18:53:05,660 - INFO - [GINSLIB] processing : 2019/03/28 03:43:19 Q=5
2026-01-06 18:53:05,665 - INFO - [GINSLIB] processing : 2019/03/28 03:43:20 Q=5
2026-01-06 18:53:05,669 - INFO - [GINSLIB] processing : 2019/03/28 03:43:21 Q=5
2026-01-06 18:53:05,673 - INFO - [GINSLIB] processing : 2019/03/28 03:43:22 Q=5
2026-01-06 18:53:05,677 - INFO - [GINSLIB] processing : 2019/03/28 03:43:23 Q=5
2026-01-06 18:53:05,681 - INFO - [GINSLIB] processing : 2019/03/28 03:43:24 Q=5
2026-01-06 18:53:05,685 - INFO - [GINSLIB] processing : 2019/03/28 03:43:25 Q=5
2026-01-06 18:53:05,685 - INFO - [GINSLIB] processing : 2019/03/28 03:43:26 Q=5
2026-01-06 18:53:05,688 - INFO - [GINSLIB] processing : 2019/03/28 03:43:27 Q=5
2026-01-06 18:53:05,691 - INFO - [GINSLIB] processing : 2019/03/28 03:43:28 Q=5
2026-01-06 18:53:05,694 - INFO - [GINSLIB] processing : 2019/03/28 03:43:29 Q=5
2026-01-06 18:53:05,701 - INFO - [GINSLIB] processing : 2019/03/28 03:43:30 Q=5
2026-01-06 18:53:05,704 - INFO - [GINSLIB] processing : 2019/03/28 03:43:31 Q=5
2026-01-06 18:53:05,708 - INFO - [GINSLIB] processing : 2019/03/28 03:43:32 Q=5
2026-01-06 18:53:05,712 - INFO - [GINSLIB] processing : 2019/03/28 03:43:33 Q=5
2026-01-06 18:53:05,716 - INFO - [GINSLIB] processing : 2019/03/28 03:43:34 Q=5
2026-01-06 18:53:05,720 - INFO - [GINSLIB] processing : 2019/03/28 03:43:35 Q=5
2026-01-06 18:53:05,720 - INFO - [GINSLIB] processing : 2019/03/28 03:43:36 Q=5
2026-01-06 18:53:05,723 - INFO - [GINSLIB] processing : 2019/03/28 03:43:37 Q=5
2026-01-06 18:53:05,727 - INFO - [GINSLIB] processing : 2019/03/28 03:43:38 Q=5
2026-01-06 18:53:05,732 - INFO - [GINSLIB] processing : 2019/03/28 03:43:39 Q=5
2026-01-06 18:53:05,737 - INFO - [GINSLIB] processing : 2019/03/28 03:43:40 Q=5
2026-01-06 18:53:05,744 - INFO - [GINSLIB] processing : 2019/03/28 03:43:41 Q=5
2026-01-06 18:53:05,748 - INFO - [GINSLIB] processing : 2019/03/28 03:43:42 Q=5
2026-01-06 18:53:05,752 - INFO - [GINSLIB] processing : 2019/03/28 03:43:43 Q=5
2026-01-06 18:53:05,756 - INFO - [GINSLIB] processing : 2019/03/28 03:43:44 Q=5
2026-01-06 18:53:05,759 - INFO - [GINSLIB] processing : 2019/03/28 03:43:45 Q=5
2026-01-06 18:53:05,760 - INFO - [GINSLIB] processing : 2019/03/28 03:43:46 Q=5
2026-01-06 18:53:05,764 - INFO - [GINSLIB] processing : 2019/03/28 03:43:47 Q=5
2026-01-06 18:53:05,771 - INFO - [GINSLIB] processing : 2019/03/28 03:43:48 Q=5
2026-01-06 18:53:05,775 - INFO - [GINSLIB] processing : 2019/03/28 03:43:49 Q=5
2026-01-06 18:53:05,779 - INFO - [GINSLIB] processing : 2019/03/28 03:43:50 Q=5
2026-01-06 18:53:05,786 - INFO - [GINSLIB] processing : 2019/03/28 03:43:51 Q=5
2026-01-06 18:53:05,789 - INFO - [GINSLIB] processing : 2019/03/28 03:43:52 Q=5
2026-01-06 18:53:05,793 - INFO - [GINSLIB] processing : 2019/03/28 03:43:53 Q=5
2026-01-06 18:53:05,798 - INFO - [GINSLIB] processing : 2019/03/28 03:43:54 Q=5
2026-01-06 18:53:05,802 - INFO - [GINSLIB] processing : 2019/03/28 03:43:55 Q=5
2026-01-06 18:53:05,806 - INFO - [GINSLIB] processing : 2019/03/28 03:43:56 Q=5
2026-01-06 18:53:05,806 - INFO - [GINSLIB] processing : 2019/03/28 03:43:57 Q=5
2026-01-06 18:53:05,810 - INFO - [GINSLIB] processing : 2019/03/28 03:43:58 Q=5
2026-01-06 18:53:05,814 - INFO - [GINSLIB] processing : 2019/03/28 03:43:59 Q=5
2026-01-06 18:53:05,818 - INFO - [GINSLIB] processing : 2019/03/28 03:44:00 Q=5
2026-01-06 18:53:05,824 - INFO - [GINSLIB] processing : 2019/03/28 03:44:01 Q=5
2026-01-06 18:53:05,828 - INFO - [GINSLIB] processing : 2019/03/28 03:44:02 Q=5
2026-01-06 18:53:05,832 - INFO - [GINSLIB] processing : 2019/03/28 03:44:03 Q=5
2026-01-06 18:53:05,836 - INFO - [GINSLIB] processing : 2019/03/28 03:44:04 Q=5
2026-01-06 18:53:05,840 - INFO - [GINSLIB] processing : 2019/03/28 03:44:05 Q=5
2026-01-06 18:53:05,844 - INFO - [GINSLIB] processing : 2019/03/28 03:44:06 Q=5
2026-01-06 18:53:05,844 - INFO - [GINSLIB] processing : 2019/03/28 03:44:07 Q=5
2026-01-06 18:53:05,848 - INFO - [GINSLIB] processing : 2019/03/28 03:44:08 Q=5
2026-01-06 18:53:05,852 - INFO - [GINSLIB] processing : 2019/03/28 03:44:09 Q=5
2026-01-06 18:53:05,855 - INFO - [GINSLIB] processing : 2019/03/28 03:44:10 Q=5
2026-01-06 18:53:05,859 - INFO - [GINSLIB] processing : 2019/03/28 03:44:11 Q=5
2026-01-06 18:53:05,866 - INFO - [GINSLIB] processing : 2019/03/28 03:44:12 Q=5
2026-01-06 18:53:05,870 - INFO - [GINSLIB] processing : 2019/03/28 03:44:13 Q=5
2026-01-06 18:53:05,873 - INFO - [GINSLIB] processing : 2019/03/28 03:44:14 Q=5
2026-01-06 18:53:05,877 - INFO - [GINSLIB] processing : 2019/03/28 03:44:15 Q=5
2026-01-06 18:53:05,881 - INFO - [GINSLIB] processing : 2019/03/28 03:44:16 Q=5
2026-01-06 18:53:05,881 - INFO - [GINSLIB] processing : 2019/03/28 03:44:17 Q=5
2026-01-06 18:53:05,885 - INFO - [GINSLIB] processing : 2019/03/28 03:44:18 Q=5
2026-01-06 18:53:05,889 - INFO - [GINSLIB] processing : 2019/03/28 03:44:19 Q=5
2026-01-06 18:53:05,893 - INFO - [GINSLIB] processing : 2019/03/28 03:44:20 Q=5
2026-01-06 18:53:05,897 - INFO - [GINSLIB] processing : 2019/03/28 03:44:21 Q=5
2026-01-06 18:53:05,904 - INFO - [GINSLIB] processing : 2019/03/28 03:44:22 Q=5
2026-01-06 18:53:05,907 - INFO - [GINSLIB] processing : 2019/03/28 03:44:23 Q=5
2026-01-06 18:53:05,911 - INFO - [GINSLIB] processing : 2019/03/28 03:44:24 Q=5
2026-01-06 18:53:05,915 - INFO - [GINSLIB] processing : 2019/03/28 03:44:25 Q=5
2026-01-06 18:53:05,921 - INFO - [GINSLIB] processing : 2019/03/28 03:44:26 Q=5
2026-01-06 18:53:05,926 - INFO - [GINSLIB] processing : 2019/03/28 03:44:27 Q=5
2026-01-06 18:53:05,926 - INFO - [GINSLIB] processing : 2019/03/28 03:44:28 Q=5
2026-01-06 18:53:05,930 - INFO - [GINSLIB] processing : 2019/03/28 03:44:29 Q=5
2026-01-06 18:53:05,934 - INFO - [GINSLIB] processing : 2019/03/28 03:44:30 Q=5
2026-01-06 18:53:05,937 - INFO - [GINSLIB] processing : 2019/03/28 03:44:31 Q=5
2026-01-06 18:53:05,943 - INFO - [GINSLIB] processing : 2019/03/28 03:44:32 Q=5
2026-01-06 18:53:05,947 - INFO - [GINSLIB] processing : 2019/03/28 03:44:33 Q=5
2026-01-06 18:53:05,953 - INFO - [GINSLIB] processing : 2019/03/28 03:44:34 Q=5
2026-01-06 18:53:05,957 - INFO - [GINSLIB] processing : 2019/03/28 03:44:35 Q=5
2026-01-06 18:53:05,961 - INFO - [GINSLIB] processing : 2019/03/28 03:44:36 Q=5
2026-01-06 18:53:05,965 - INFO - [GINSLIB] processing : 2019/03/28 03:44:37 Q=5
2026-01-06 18:53:05,965 - INFO - [GINSLIB] processing : 2019/03/28 03:44:38 Q=5
2026-01-06 18:53:05,969 - INFO - [GINSLIB] processing : 2019/03/28 03:44:39 Q=5
2026-01-06 18:53:05,973 - INFO - [GINSLIB] processing : 2019/03/28 03:44:40 Q=5
2026-01-06 18:53:05,976 - INFO - [GINSLIB] processing : 2019/03/28 03:44:41 Q=5
2026-01-06 18:53:05,980 - INFO - [GINSLIB] processing : 2019/03/28 03:44:42 Q=5
2026-01-06 18:53:05,988 - INFO - [GINSLIB] processing : 2019/03/28 03:44:43 Q=5
2026-01-06 18:53:05,992 - INFO - [GINSLIB] processing : 2019/03/28 03:44:44 Q=5
2026-01-06 18:53:05,995 - INFO - [GINSLIB] processing : 2019/03/28 03:44:45 Q=5
2026-01-06 18:53:05,999 - INFO - [GINSLIB] processing : 2019/03/28 03:44:46 Q=5
2026-01-06 18:53:06,004 - INFO - [GINSLIB] processing : 2019/03/28 03:44:47 Q=5
2026-01-06 18:53:06,004 - INFO - [GINSLIB] processing : 2019/03/28 03:44:48 Q=5
2026-01-06 18:53:06,007 - INFO - [GINSLIB] processing : 2019/03/28 03:44:49 Q=5
2026-01-06 18:53:06,012 - INFO - [GINSLIB] processing : 2019/03/28 03:44:50 Q=5
2026-01-06 18:53:06,017 - INFO - [GINSLIB] processing : 2019/03/28 03:44:51 Q=5
2026-01-06 18:53:06,021 - INFO - [GINSLIB] processing : 2019/03/28 03:44:52 Q=5
2026-01-06 18:53:06,028 - INFO - [GINSLIB] processing : 2019/03/28 03:44:53 Q=5
2026-01-06 18:53:06,031 - INFO - [GINSLIB] processing : 2019/03/28 03:44:54 Q=5
2026-01-06 18:53:06,035 - INFO - [GINSLIB] processing : 2019/03/28 03:44:55 Q=5
2026-01-06 18:53:06,038 - INFO - [GINSLIB] processing : 2019/03/28 03:44:56 Q=5
2026-01-06 18:53:06,042 - INFO - [GINSLIB] processing : 2019/03/28 03:44:57 Q=5
2026-01-06 18:53:06,048 - INFO - [GINSLIB] processing : 2019/03/28 03:44:58 Q=5
2026-01-06 18:53:06,048 - INFO - [GINSLIB] processing : 2019/03/28 03:44:59 Q=5
2026-01-06 18:53:06,052 - INFO - [GINSLIB] processing : 2019/03/28 03:45:00 Q=5
2026-01-06 18:53:06,056 - INFO - [GINSLIB] processing : 2019/03/28 03:45:01 Q=5
2026-01-06 18:53:06,060 - INFO - [GINSLIB] processing : 2019/03/28 03:45:02 Q=5
2026-01-06 18:53:06,066 - INFO - [GINSLIB] processing : 2019/03/28 03:45:03 Q=5
2026-01-06 18:53:06,070 - INFO - [GINSLIB] processing : 2019/03/28 03:45:04 Q=5
2026-01-06 18:53:06,074 - INFO - [GINSLIB] processing : 2019/03/28 03:45:05 Q=5
2026-01-06 18:53:06,079 - INFO - [GINSLIB] processing : 2019/03/28 03:45:06 Q=5
2026-01-06 18:53:06,083 - INFO - [GINSLIB] processing : 2019/03/28 03:45:07 Q=5
2026-01-06 18:53:06,087 - INFO - [GINSLIB] processing : 2019/03/28 03:45:08 Q=5
2026-01-06 18:53:06,087 - INFO - [GINSLIB] processing : 2019/03/28 03:45:09 Q=5
2026-01-06 18:53:06,090 - INFO - [GINSLIB] processing : 2019/03/28 03:45:10 Q=5
2026-01-06 18:53:06,094 - INFO - [GINSLIB] processing : 2019/03/28 03:45:11 Q=5
2026-01-06 18:53:06,098 - INFO - [GINSLIB] processing : 2019/03/28 03:45:12 Q=5
2026-01-06 18:53:06,102 - INFO - [GINSLIB] processing : 2019/03/28 03:45:13 Q=5
2026-01-06 18:53:06,108 - INFO - [GINSLIB] processing : 2019/03/28 03:45:14 Q=5
2026-01-06 18:53:06,113 - INFO - [GINSLIB] processing : 2019/03/28 03:45:15 Q=5
2026-01-06 18:53:06,117 - INFO - [GINSLIB] processing : 2019/03/28 03:45:16 Q=5
2026-01-06 18:53:06,120 - INFO - [GINSLIB] processing : 2019/03/28 03:45:17 Q=5
2026-01-06 18:53:06,124 - INFO - [GINSLIB] processing : 2019/03/28 03:45:18 Q=5
2026-01-06 18:53:06,124 - INFO - [GINSLIB] processing : 2019/03/28 03:45:19 Q=5
2026-01-06 18:53:06,128 - INFO - [GINSLIB] processing : 2019/03/28 03:45:20 Q=5
2026-01-06 18:53:06,132 - INFO - [GINSLIB] processing : 2019/03/28 03:45:21 Q=5
2026-01-06 18:53:06,136 - INFO - [GINSLIB] processing : 2019/03/28 03:45:22 Q=5
2026-01-06 18:53:06,140 - INFO - [GINSLIB] processing : 2019/03/28 03:45:23 Q=5
2026-01-06 18:53:06,147 - INFO - [GINSLIB] processing : 2019/03/28 03:45:24 Q=5
2026-01-06 18:53:06,151 - INFO - [GINSLIB] processing : 2019/03/28 03:45:25 Q=5
2026-01-06 18:53:06,156 - INFO - [GINSLIB] processing : 2019/03/28 03:45:26 Q=5
2026-01-06 18:53:06,161 - INFO - [GINSLIB] processing : 2019/03/28 03:45:27 Q=5
2026-01-06 18:53:06,165 - INFO - [GINSLIB] processing : 2019/03/28 03:45:28 Q=5
2026-01-06 18:53:06,168 - INFO - [GINSLIB] processing : 2019/03/28 03:45:29 Q=5
2026-01-06 18:53:06,168 - INFO - [GINSLIB] processing : 2019/03/28 03:45:30 Q=5
2026-01-06 18:53:06,171 - INFO - [GINSLIB] processing : 2019/03/28 03:45:31 Q=5
2026-01-06 18:53:06,174 - INFO - [GINSLIB] processing : 2019/03/28 03:45:32 Q=5
2026-01-06 18:53:06,177 - INFO - [GINSLIB] processing : 2019/03/28 03:45:33 Q=5
2026-01-06 18:53:06,183 - INFO - [GINSLIB] processing : 2019/03/28 03:45:34 Q=5
2026-01-06 18:53:06,188 - INFO - [GINSLIB] processing : 2019/03/28 03:45:35 Q=5
2026-01-06 18:53:06,192 - INFO - [GINSLIB] processing : 2019/03/28 03:45:36 Q=5
2026-01-06 18:53:06,195 - INFO - [GINSLIB] processing : 2019/03/28 03:45:37 Q=5
2026-01-06 18:53:06,200 - INFO - [GINSLIB] processing : 2019/03/28 03:45:38 Q=5
2026-01-06 18:53:06,204 - INFO - [GINSLIB] processing : 2019/03/28 03:45:39 Q=5
2026-01-06 18:53:06,204 - INFO - [GINSLIB] processing : 2019/03/28 03:45:40 Q=5
2026-01-06 18:53:06,207 - INFO - [GINSLIB] processing : 2019/03/28 03:45:41 Q=5
2026-01-06 18:53:06,211 - INFO - [GINSLIB] processing : 2019/03/28 03:45:42 Q=5
2026-01-06 18:53:06,215 - INFO - [GINSLIB] processing : 2019/03/28 03:45:43 Q=5
2026-01-06 18:53:06,219 - INFO - [GINSLIB] processing : 2019/03/28 03:45:44 Q=5
2026-01-06 18:53:06,225 - INFO - [GINSLIB] processing : 2019/03/28 03:45:45 Q=5
2026-01-06 18:53:06,229 - INFO - [GINSLIB] processing : 2019/03/28 03:45:46 Q=5
2026-01-06 18:53:06,233 - INFO - [GINSLIB] processing : 2019/03/28 03:45:47 Q=5
2026-01-06 18:53:06,237 - INFO - [GINSLIB] processing : 2019/03/28 03:45:48 Q=5
2026-01-06 18:53:06,241 - INFO - [GINSLIB] processing : 2019/03/28 03:45:49 Q=5
2026-01-06 18:53:06,241 - INFO - [GINSLIB] processing : 2019/03/28 03:45:50 Q=5
2026-01-06 18:53:06,244 - INFO - [GINSLIB] processing : 2019/03/28 03:45:51 Q=5
2026-01-06 18:53:06,250 - INFO - [GINSLIB] processing : 2019/03/28 03:45:52 Q=5
2026-01-06 18:53:06,254 - INFO - [GINSLIB] processing : 2019/03/28 03:45:53 Q=5
2026-01-06 18:53:06,258 - INFO - [GINSLIB] processing : 2019/03/28 03:45:54 Q=5
2026-01-06 18:53:06,263 - INFO - [GINSLIB] processing : 2019/03/28 03:45:55 Q=5
2026-01-06 18:53:06,267 - INFO - [GINSLIB] processing : 2019/03/28 03:45:56 Q=5
2026-01-06 18:53:06,270 - INFO - [GINSLIB] processing : 2019/03/28 03:45:57 Q=5
2026-01-06 18:53:06,274 - INFO - [GINSLIB] processing : 2019/03/28 03:45:58 Q=5
2026-01-06 18:53:06,278 - INFO - [GINSLIB] processing : 2019/03/28 03:45:59 Q=5
2026-01-06 18:53:06,284 - INFO - [GINSLIB] processing : 2019/03/28 03:46:00 Q=5
2026-01-06 18:53:06,285 - INFO - [GINSLIB] processing : 2019/03/28 03:46:01 Q=5
2026-01-06 18:53:06,289 - INFO - [GINSLIB] processing : 2019/03/28 03:46:02 Q=5
2026-01-06 18:53:06,292 - INFO - [GINSLIB] processing : 2019/03/28 03:46:03 Q=5
2026-01-06 18:53:06,296 - INFO - [GINSLIB] processing : 2019/03/28 03:46:04 Q=5
2026-01-06 18:53:06,302 - INFO - [GINSLIB] processing : 2019/03/28 03:46:05 Q=5
2026-01-06 18:53:06,306 - INFO - [GINSLIB] processing : 2019/03/28 03:46:06 Q=5
2026-01-06 18:53:06,311 - INFO - [GINSLIB] processing : 2019/03/28 03:46:07 Q=5
2026-01-06 18:53:06,315 - INFO - [GINSLIB] processing : 2019/03/28 03:46:08 Q=5
2026-01-06 18:53:06,319 - INFO - [GINSLIB] processing : 2019/03/28 03:46:09 Q=5
2026-01-06 18:53:06,322 - INFO - [GINSLIB] processing : 2019/03/28 03:46:10 Q=5
2026-01-06 18:53:06,322 - INFO - [GINSLIB] processing : 2019/03/28 03:46:11 Q=5
2026-01-06 18:53:06,325 - INFO - [GINSLIB] processing : 2019/03/28 03:46:12 Q=5
2026-01-06 18:53:06,328 - INFO - [GINSLIB] processing : 2019/03/28 03:46:13 Q=5
2026-01-06 18:53:06,333 - INFO - [GINSLIB] processing : 2019/03/28 03:46:14 Q=5
2026-01-06 18:53:06,336 - INFO - [GINSLIB] processing : 2019/03/28 03:46:15 Q=5
2026-01-06 18:53:06,343 - INFO - [GINSLIB] processing : 2019/03/28 03:46:16 Q=5
2026-01-06 18:53:06,348 - INFO - [GINSLIB] processing : 2019/03/28 03:46:17 Q=5
2026-01-06 18:53:06,351 - INFO - [GINSLIB] processing : 2019/03/28 03:46:18 Q=5
2026-01-06 18:53:06,354 - INFO - [GINSLIB] processing : 2019/03/28 03:46:19 Q=5
2026-01-06 18:53:06,358 - INFO - [GINSLIB] processing : 2019/03/28 03:46:20 Q=5
2026-01-06 18:53:06,358 - INFO - [GINSLIB] processing : 2019/03/28 03:46:21 Q=5
2026-01-06 18:53:06,361 - INFO - [GINSLIB] processing : 2019/03/28 03:46:22 Q=5
2026-01-06 18:53:06,366 - INFO - [GINSLIB] processing : 2019/03/28 03:46:23 Q=5
2026-01-06 18:53:06,370 - INFO - [GINSLIB] processing : 2019/03/28 03:46:24 Q=5
2026-01-06 18:53:06,375 - INFO - [GINSLIB] processing : 2019/03/28 03:46:25 Q=5
2026-01-06 18:53:06,382 - INFO - [GINSLIB] processing : 2019/03/28 03:46:26 Q=5
2026-01-06 18:53:06,386 - INFO - [GINSLIB] processing : 2019/03/28 03:46:27 Q=5
2026-01-06 18:53:06,390 - INFO - [GINSLIB] processing : 2019/03/28 03:46:28 Q=5
2026-01-06 18:53:06,394 - INFO - [GINSLIB] processing : 2019/03/28 03:46:29 Q=5
2026-01-06 18:53:06,398 - INFO - [GINSLIB] processing : 2019/03/28 03:46:30 Q=5
2026-01-06 18:53:06,404 - INFO - [GINSLIB] processing : 2019/03/28 03:46:31 Q=5
2026-01-06 18:53:06,404 - INFO - [GINSLIB] processing : 2019/03/28 03:46:32 Q=5
2026-01-06 18:53:06,408 - INFO - [GINSLIB] processing : 2019/03/28 03:46:33 Q=5
2026-01-06 18:53:06,412 - INFO - [GINSLIB] processing : 2019/03/28 03:46:34 Q=5
2026-01-06 18:53:06,416 - INFO - [GINSLIB] processing : 2019/03/28 03:46:35 Q=5
2026-01-06 18:53:06,422 - INFO - [GINSLIB] processing : 2019/03/28 03:46:36 Q=5
2026-01-06 18:53:06,426 - INFO - [GINSLIB] processing : 2019/03/28 03:46:37 Q=5
2026-01-06 18:53:06,429 - INFO - [GINSLIB] processing : 2019/03/28 03:46:38 Q=5
2026-01-06 18:53:06,434 - INFO - [GINSLIB] processing : 2019/03/28 03:46:39 Q=5
2026-01-06 18:53:06,438 - INFO - [GINSLIB] processing : 2019/03/28 03:46:40 Q=5
2026-01-06 18:53:06,442 - INFO - [GINSLIB] processing : 2019/03/28 03:46:41 Q=5
2026-01-06 18:53:06,442 - INFO - [GINSLIB] processing : 2019/03/28 03:46:42 Q=5
2026-01-06 18:53:06,446 - INFO - [GINSLIB] processing : 2019/03/28 03:46:43 Q=5
2026-01-06 18:53:06,450 - INFO - [GINSLIB] processing : 2019/03/28 03:46:44 Q=5
2026-01-06 18:53:06,454 - INFO - [GINSLIB] processing : 2019/03/28 03:46:45 Q=5
2026-01-06 18:53:06,457 - INFO - [GINSLIB] processing : 2019/03/28 03:46:46 Q=5
2026-01-06 18:53:06,465 - INFO - [GINSLIB] processing : 2019/03/28 03:46:47 Q=5
2026-01-06 18:53:06,469 - INFO - [GINSLIB] processing : 2019/03/28 03:46:48 Q=5
2026-01-06 18:53:06,473 - INFO - [GINSLIB] processing : 2019/03/28 03:46:49 Q=5
2026-01-06 18:53:06,477 - INFO - [GINSLIB] processing : 2019/03/28 03:46:50 Q=5
2026-01-06 18:53:06,482 - INFO - [GINSLIB] processing : 2019/03/28 03:46:51 Q=5
2026-01-06 18:53:06,485 - INFO - [GINSLIB] processing : 2019/03/28 03:46:52 Q=5
2026-01-06 18:53:06,486 - INFO - [GINSLIB] processing : 2019/03/28 03:46:53 Q=5
2026-01-06 18:53:06,489 - INFO - [GINSLIB] processing : 2019/03/28 03:46:54 Q=5
2026-01-06 18:53:06,493 - INFO - [GINSLIB] processing : 2019/03/28 03:46:55 Q=5
2026-01-06 18:53:06,498 - INFO - [GINSLIB] processing : 2019/03/28 03:46:56 Q=5
2026-01-06 18:53:06,506 - INFO - [GINSLIB] processing : 2019/03/28 03:46:57 Q=5
2026-01-06 18:53:06,510 - INFO - [GINSLIB] processing : 2019/03/28 03:46:58 Q=5
2026-01-06 18:53:06,514 - INFO - [GINSLIB] processing : 2019/03/28 03:46:59 Q=5
2026-01-06 18:53:06,518 - INFO - [GINSLIB] processing : 2019/03/28 03:47:00 Q=5
2026-01-06 18:53:06,521 - INFO - [GINSLIB] processing : 2019/03/28 03:47:01 Q=5
2026-01-06 18:53:06,524 - INFO - [GINSLIB] processing : 2019/03/28 03:47:02 Q=5
2026-01-06 18:53:06,525 - INFO - [GINSLIB] processing : 2019/03/28 03:47:03 Q=5
2026-01-06 18:53:06,529 - INFO - [GINSLIB] processing : 2019/03/28 03:47:04 Q=5
2026-01-06 18:53:06,534 - INFO - [GINSLIB] processing : 2019/03/28 03:47:05 Q=5
2026-01-06 18:53:06,538 - INFO - [GINSLIB] processing : 2019/03/28 03:47:06 Q=5
2026-01-06 18:53:06,544 - INFO - [GINSLIB] processing : 2019/03/28 03:47:07 Q=5
2026-01-06 18:53:06,548 - INFO - [GINSLIB] processing : 2019/03/28 03:47:08 Q=5
2026-01-06 18:53:06,551 - INFO - [GINSLIB] processing : 2019/03/28 03:47:09 Q=5
2026-01-06 18:53:06,555 - INFO - [GINSLIB] processing : 2019/03/28 03:47:10 Q=5
2026-01-06 18:53:06,559 - INFO - [GINSLIB] processing : 2019/03/28 03:47:11 Q=5
2026-01-06 18:53:06,562 - INFO - [GINSLIB] processing : 2019/03/28 03:47:12 Q=5
2026-01-06 18:53:06,562 - INFO - [GINSLIB] processing : 2019/03/28 03:47:13 Q=5
2026-01-06 18:53:06,566 - INFO - [GINSLIB] processing : 2019/03/28 03:47:14 Q=5
2026-01-06 18:53:06,569 - INFO - [GINSLIB] processing : 2019/03/28 03:47:15 Q=5
2026-01-06 18:53:06,573 - INFO - [GINSLIB] processing : 2019/03/28 03:47:16 Q=5
2026-01-06 18:53:06,577 - INFO - [GINSLIB] processing : 2019/03/28 03:47:17 Q=5
2026-01-06 18:53:06,583 - INFO - [GINSLIB] processing : 2019/03/28 03:47:18 Q=5
2026-01-06 18:53:06,586 - INFO - [GINSLIB] processing : 2019/03/28 03:47:19 Q=5
2026-01-06 18:53:06,590 - INFO - [GINSLIB] processing : 2019/03/28 03:47:20 Q=5
2026-01-06 18:53:06,593 - INFO - [GINSLIB] processing : 2019/03/28 03:47:21 Q=5
2026-01-06 18:53:06,596 - INFO - [GINSLIB] processing : 2019/03/28 03:47:22 Q=5
2026-01-06 18:53:06,600 - INFO - [GINSLIB] processing : 2019/03/28 03:47:23 Q=5
2026-01-06 18:53:06,600 - INFO - [GINSLIB] processing : 2019/03/28 03:47:24 Q=5
2026-01-06 18:53:06,603 - INFO - [GINSLIB] processing : 2019/03/28 03:47:25 Q=5
2026-01-06 18:53:06,608 - INFO - [GINSLIB] processing : 2019/03/28 03:47:26 Q=5
2026-01-06 18:53:06,611 - INFO - [GINSLIB] processing : 2019/03/28 03:47:27 Q=5
2026-01-06 18:53:06,617 - INFO - [GINSLIB] processing : 2019/03/28 03:47:28 Q=5
2026-01-06 18:53:06,620 - INFO - [GINSLIB] processing : 2019/03/28 03:47:29 Q=5
2026-01-06 18:53:06,624 - INFO - [GINSLIB] processing : 2019/03/28 03:47:30 Q=5
2026-01-06 18:53:06,628 - INFO - [GINSLIB] processing : 2019/03/28 03:47:31 Q=5
2026-01-06 18:53:06,632 - INFO - [GINSLIB] processing : 2019/03/28 03:47:32 Q=5
2026-01-06 18:53:06,636 - INFO - [GINSLIB] processing : 2019/03/28 03:47:33 Q=5
2026-01-06 18:53:06,636 - INFO - [GINSLIB] processing : 2019/03/28 03:47:34 Q=5
2026-01-06 18:53:06,641 - INFO - [GINSLIB] processing : 2019/03/28 03:47:35 Q=5
2026-01-06 18:53:06,645 - INFO - [GINSLIB] processing : 2019/03/28 03:47:36 Q=5
2026-01-06 18:53:06,650 - INFO - [GINSLIB] processing : 2019/03/28 03:47:37 Q=5
2026-01-06 18:53:06,656 - INFO - [GINSLIB] processing : 2019/03/28 03:47:38 Q=5
2026-01-06 18:53:06,660 - INFO - [GINSLIB] processing : 2019/03/28 03:47:39 Q=5
2026-01-06 18:53:06,665 - INFO - [GINSLIB] processing : 2019/03/28 03:47:40 Q=5
2026-01-06 18:53:06,669 - INFO - [GINSLIB] processing : 2019/03/28 03:47:41 Q=5
2026-01-06 18:53:06,673 - INFO - [GINSLIB] processing : 2019/03/28 03:47:42 Q=5
2026-01-06 18:53:06,677 - INFO - [GINSLIB] processing : 2019/03/28 03:47:43 Q=5
2026-01-06 18:53:06,678 - INFO - [GINSLIB] processing : 2019/03/28 03:47:44 Q=5
2026-01-06 18:53:06,682 - INFO - [GINSLIB] processing : 2019/03/28 03:47:45 Q=5
2026-01-06 18:53:06,687 - INFO - [GINSLIB] processing : 2019/03/28 03:47:46 Q=5
2026-01-06 18:53:06,691 - INFO - [GINSLIB] processing : 2019/03/28 03:47:47 Q=5
2026-01-06 18:53:06,695 - INFO - [GINSLIB] processing : 2019/03/28 03:47:48 Q=5
2026-01-06 18:53:06,702 - INFO - [GINSLIB] processing : 2019/03/28 03:47:49 Q=5
2026-01-06 18:53:06,705 - INFO - [GINSLIB] processing : 2019/03/28 03:47:50 Q=5
2026-01-06 18:53:06,710 - INFO - [GINSLIB] processing : 2019/03/28 03:47:51 Q=5
2026-01-06 18:53:06,714 - INFO - [GINSLIB] processing : 2019/03/28 03:47:52 Q=5
2026-01-06 18:53:06,718 - INFO - [GINSLIB] processing : 2019/03/28 03:47:53 Q=5
2026-01-06 18:53:06,721 - INFO - [GINSLIB] processing : 2019/03/28 03:47:54 Q=5
2026-01-06 18:53:06,721 - INFO - [GINSLIB] processing : 2019/03/28 03:47:55 Q=5
2026-01-06 18:53:06,726 - INFO - [GINSLIB] processing : 2019/03/28 03:47:56 Q=5
2026-01-06 18:53:06,730 - INFO - [GINSLIB] processing : 2019/03/28 03:47:57 Q=5
2026-01-06 18:53:06,734 - INFO - [GINSLIB] processing : 2019/03/28 03:47:58 Q=5
2026-01-06 18:53:06,740 - INFO - [GINSLIB] processing : 2019/03/28 03:47:59 Q=5
2026-01-06 18:53:06,744 - INFO - [GINSLIB] processing : 2019/03/28 03:48:00 Q=5
2026-01-06 18:53:06,748 - INFO - [GINSLIB] processing : 2019/03/28 03:48:01 Q=5
2026-01-06 18:53:06,751 - INFO - [GINSLIB] processing : 2019/03/28 03:48:02 Q=5
2026-01-06 18:53:06,754 - INFO - [GINSLIB] processing : 2019/03/28 03:48:03 Q=5
2026-01-06 18:53:06,758 - INFO - [GINSLIB] processing : 2019/03/28 03:48:04 Q=5
2026-01-06 18:53:06,758 - INFO - [GINSLIB] processing : 2019/03/28 03:48:05 Q=5
2026-01-06 18:53:06,761 - INFO - [GINSLIB] processing : 2019/03/28 03:48:06 Q=5
2026-01-06 18:53:06,765 - INFO - [GINSLIB] processing : 2019/03/28 03:48:07 Q=5
2026-01-06 18:53:06,768 - INFO - [GINSLIB] processing : 2019/03/28 03:48:08 Q=5
2026-01-06 18:53:06,774 - INFO - [GINSLIB] processing : 2019/03/28 03:48:09 Q=5
2026-01-06 18:53:06,778 - INFO - [GINSLIB] processing : 2019/03/28 03:48:10 Q=5
2026-01-06 18:53:06,782 - INFO - [GINSLIB] processing : 2019/03/28 03:48:11 Q=5
2026-01-06 18:53:06,788 - INFO - [GINSLIB] processing : 2019/03/28 03:48:12 Q=5
2026-01-06 18:53:06,791 - INFO - [GINSLIB] processing : 2019/03/28 03:48:13 Q=5
2026-01-06 18:53:06,794 - INFO - [GINSLIB] processing : 2019/03/28 03:48:14 Q=5
2026-01-06 18:53:06,795 - INFO - [GINSLIB] processing : 2019/03/28 03:48:15 Q=5
2026-01-06 18:53:06,798 - INFO - [GINSLIB] processing : 2019/03/28 03:48:16 Q=5
2026-01-06 18:53:06,802 - INFO - [GINSLIB] processing : 2019/03/28 03:48:17 Q=5
2026-01-06 18:53:06,805 - INFO - [GINSLIB] processing : 2019/03/28 03:48:18 Q=5
2026-01-06 18:53:06,808 - INFO - [GINSLIB] processing : 2019/03/28 03:48:19 Q=5
2026-01-06 18:53:06,814 - INFO - [GINSLIB] processing : 2019/03/28 03:48:20 Q=5
2026-01-06 18:53:06,817 - INFO - [GINSLIB] processing : 2019/03/28 03:48:21 Q=5
2026-01-06 18:53:06,821 - INFO - [GINSLIB] processing : 2019/03/28 03:48:22 Q=5
2026-01-06 18:53:06,825 - INFO - [GINSLIB] processing : 2019/03/28 03:48:23 Q=5
2026-01-06 18:53:06,829 - INFO - [GINSLIB] processing : 2019/03/28 03:48:24 Q=5
2026-01-06 18:53:06,834 - INFO - [GINSLIB] processing : 2019/03/28 03:48:25 Q=5
2026-01-06 18:53:06,834 - INFO - [GINSLIB] processing : 2019/03/28 03:48:26 Q=5
2026-01-06 18:53:06,838 - INFO - [GINSLIB] processing : 2019/03/28 03:48:27 Q=5
2026-01-06 18:53:06,842 - INFO - [GINSLIB] processing : 2019/03/28 03:48:28 Q=5
2026-01-06 18:53:06,845 - INFO - [GINSLIB] processing : 2019/03/28 03:48:29 Q=5
2026-01-06 18:53:06,853 - INFO - [GINSLIB] processing : 2019/03/28 03:48:30 Q=5
2026-01-06 18:53:06,856 - INFO - [GINSLIB] processing : 2019/03/28 03:48:31 Q=5
2026-01-06 18:53:06,859 - INFO - [GINSLIB] processing : 2019/03/28 03:48:32 Q=5
2026-01-06 18:53:06,863 - INFO - [GINSLIB] processing : 2019/03/28 03:48:33 Q=5
2026-01-06 18:53:06,867 - INFO - [GINSLIB] processing : 2019/03/28 03:48:34 Q=5
2026-01-06 18:53:06,871 - INFO - [GINSLIB] processing : 2019/03/28 03:48:35 Q=5
2026-01-06 18:53:06,872 - INFO - [GINSLIB] processing : 2019/03/28 03:48:36 Q=5
2026-01-06 18:53:06,875 - INFO - [GINSLIB] processing : 2019/03/28 03:48:37 Q=5
2026-01-06 18:53:06,878 - INFO - [GINSLIB] processing : 2019/03/28 03:48:38 Q=5
2026-01-06 18:53:06,882 - INFO - [GINSLIB] processing : 2019/03/28 03:48:39 Q=5
2026-01-06 18:53:06,887 - INFO - [GINSLIB] processing : 2019/03/28 03:48:40 Q=5
2026-01-06 18:53:06,893 - INFO - [GINSLIB] processing : 2019/03/28 03:48:41 Q=5
2026-01-06 18:53:06,897 - INFO - [GINSLIB] processing : 2019/03/28 03:48:42 Q=5
2026-01-06 18:53:06,901 - INFO - [GINSLIB] processing : 2019/03/28 03:48:43 Q=5
2026-01-06 18:53:06,905 - INFO - [GINSLIB] processing : 2019/03/28 03:48:44 Q=5
2026-01-06 18:53:06,909 - INFO - [GINSLIB] processing : 2019/03/28 03:48:45 Q=5
2026-01-06 18:53:06,909 - INFO - [GINSLIB] processing : 2019/03/28 03:48:46 Q=5
2026-01-06 18:53:06,912 - INFO - [GINSLIB] processing : 2019/03/28 03:48:47 Q=5
2026-01-06 18:53:06,917 - INFO - [GINSLIB] processing : 2019/03/28 03:48:48 Q=5
2026-01-06 18:53:06,920 - INFO - [GINSLIB] processing : 2019/03/28 03:48:49 Q=5
2026-01-06 18:53:06,924 - INFO - [GINSLIB] processing : 2019/03/28 03:48:50 Q=5
2026-01-06 18:53:06,931 - INFO - [GINSLIB] processing : 2019/03/28 03:48:51 Q=5
2026-01-06 18:53:06,936 - INFO - [GINSLIB] processing : 2019/03/28 03:48:52 Q=5
2026-01-06 18:53:06,941 - INFO - [GINSLIB] processing : 2019/03/28 03:48:53 Q=5
2026-01-06 18:53:06,946 - INFO - [GINSLIB] processing : 2019/03/28 03:48:54 Q=5
2026-01-06 18:53:06,953 - INFO - [GINSLIB] processing : 2019/03/28 03:48:55 Q=5
2026-01-06 18:53:06,957 - INFO - [GINSLIB] processing : 2019/03/28 03:48:56 Q=5
2026-01-06 18:53:06,958 - INFO - [GINSLIB] processing : 2019/03/28 03:48:57 Q=5
2026-01-06 18:53:06,962 - INFO - [GINSLIB] processing : 2019/03/28 03:48:58 Q=5
2026-01-06 18:53:06,966 - INFO - [GINSLIB] processing : 2019/03/28 03:48:59 Q=5
2026-01-06 18:53:06,972 - INFO - [GINSLIB] processing : 2019/03/28 03:49:00 Q=5
2026-01-06 18:53:06,979 - INFO - [GINSLIB] processing : 2019/03/28 03:49:01 Q=5
2026-01-06 18:53:06,983 - INFO - [GINSLIB] processing : 2019/03/28 03:49:02 Q=5
2026-01-06 18:53:06,987 - INFO - [GINSLIB] processing : 2019/03/28 03:49:03 Q=5
2026-01-06 18:53:06,991 - INFO - [GINSLIB] processing : 2019/03/28 03:49:04 Q=5
2026-01-06 18:53:06,995 - INFO - [GINSLIB] processing : 2019/03/28 03:49:05 Q=5
2026-01-06 18:53:06,999 - INFO - [GINSLIB] processing : 2019/03/28 03:49:06 Q=5
2026-01-06 18:53:06,999 - INFO - [GINSLIB] processing : 2019/03/28 03:49:07 Q=5
2026-01-06 18:53:07,002 - INFO - [GINSLIB] processing : 2019/03/28 03:49:08 Q=5
2026-01-06 18:53:07,006 - INFO - [GINSLIB] processing : 2019/03/28 03:49:09 Q=5
2026-01-06 18:53:07,010 - INFO - [GINSLIB] processing : 2019/03/28 03:49:10 Q=5
2026-01-06 18:53:07,014 - INFO - [GINSLIB] processing : 2019/03/28 03:49:11 Q=5
2026-01-06 18:53:07,019 - INFO - [GINSLIB] processing : 2019/03/28 03:49:12 Q=5
2026-01-06 18:53:07,024 - INFO - [GINSLIB] processing : 2019/03/28 03:49:13 Q=5
2026-01-06 18:53:07,028 - INFO - [GINSLIB] processing : 2019/03/28 03:49:14 Q=5
2026-01-06 18:53:07,032 - INFO - [GINSLIB] processing : 2019/03/28 03:49:15 Q=5
2026-01-06 18:53:07,036 - INFO - [GINSLIB] processing : 2019/03/28 03:49:16 Q=5
2026-01-06 18:53:07,036 - INFO - [GINSLIB] processing : 2019/03/28 03:49:17 Q=5
2026-01-06 18:53:07,040 - INFO - [GINSLIB] processing : 2019/03/28 03:49:18 Q=5
2026-01-06 18:53:07,044 - INFO - [GINSLIB] processing : 2019/03/28 03:49:19 Q=5
2026-01-06 18:53:07,048 - INFO - [GINSLIB] processing : 2019/03/28 03:49:20 Q=5
2026-01-06 18:53:07,053 - INFO - [GINSLIB] processing : 2019/03/28 03:49:21 Q=5
2026-01-06 18:53:07,059 - INFO - [GINSLIB] processing : 2019/03/28 03:49:22 Q=5
2026-01-06 18:53:07,063 - INFO - [GINSLIB] processing : 2019/03/28 03:49:23 Q=5
2026-01-06 18:53:07,068 - INFO - [GINSLIB] processing : 2019/03/28 03:49:24 Q=5
2026-01-06 18:53:07,072 - INFO - [GINSLIB] processing : 2019/03/28 03:49:25 Q=5
2026-01-06 18:53:07,076 - INFO - [GINSLIB] processing : 2019/03/28 03:49:26 Q=5
2026-01-06 18:53:07,080 - INFO - [GINSLIB] processing : 2019/03/28 03:49:27 Q=5
2026-01-06 18:53:07,081 - INFO - [GINSLIB] processing : 2019/03/28 03:49:28 Q=5
2026-01-06 18:53:07,086 - INFO - [GINSLIB] processing : 2019/03/28 03:49:29 Q=5
2026-01-06 18:53:07,090 - INFO - [GINSLIB] processing : 2019/03/28 03:49:30 Q=5
2026-01-06 18:53:07,094 - INFO - [GINSLIB] processing : 2019/03/28 03:49:31 Q=5
2026-01-06 18:53:07,103 - INFO - [GINSLIB] processing : 2019/03/28 03:49:32 Q=5
2026-01-06 18:53:07,107 - INFO - [GINSLIB] processing : 2019/03/28 03:49:33 Q=5
2026-01-06 18:53:07,111 - INFO - [GINSLIB] processing : 2019/03/28 03:49:34 Q=5
2026-01-06 18:53:07,116 - INFO - [GINSLIB] processing : 2019/03/28 03:49:35 Q=5
2026-01-06 18:53:07,121 - INFO - [GINSLIB] processing : 2019/03/28 03:49:36 Q=5
2026-01-06 18:53:07,124 - INFO - [GINSLIB] processing : 2019/03/28 03:49:37 Q=5
2026-01-06 18:53:07,124 - INFO - [GINSLIB] processing : 2019/03/28 03:49:38 Q=5
2026-01-06 18:53:07,128 - INFO - [GINSLIB] processing : 2019/03/28 03:49:39 Q=5
2026-01-06 18:53:07,134 - INFO - [GINSLIB] processing : 2019/03/28 03:49:40 Q=5
2026-01-06 18:53:07,138 - INFO - [GINSLIB] processing : 2019/03/28 03:49:41 Q=5
2026-01-06 18:53:07,142 - INFO - [GINSLIB] processing : 2019/03/28 03:49:42 Q=5
2026-01-06 18:53:07,150 - INFO - [GINSLIB] processing : 2019/03/28 03:49:43 Q=5
2026-01-06 18:53:07,154 - INFO - [GINSLIB] processing : 2019/03/28 03:49:44 Q=5
2026-01-06 18:53:07,159 - INFO - [GINSLIB] processing : 2019/03/28 03:49:45 Q=5
2026-01-06 18:53:07,163 - INFO - [GINSLIB] processing : 2019/03/28 03:49:46 Q=5
2026-01-06 18:53:07,168 - INFO - [GINSLIB] processing : 2019/03/28 03:49:47 Q=5
2026-01-06 18:53:07,168 - INFO - [GINSLIB] processing : 2019/03/28 03:49:48 Q=5
2026-01-06 18:53:07,172 - INFO - [GINSLIB] processing : 2019/03/28 03:49:49 Q=5
2026-01-06 18:53:07,177 - INFO - [GINSLIB] processing : 2019/03/28 03:49:50 Q=5
2026-01-06 18:53:07,181 - INFO - [GINSLIB] processing : 2019/03/28 03:49:51 Q=5
2026-01-06 18:53:07,185 - INFO - [GINSLIB] processing : 2019/03/28 03:49:52 Q=5
2026-01-06 18:53:07,193 - INFO - [GINSLIB] processing : 2019/03/28 03:49:53 Q=5
2026-01-06 18:53:07,197 - INFO - [GINSLIB] processing : 2019/03/28 03:49:54 Q=5
2026-01-06 18:53:07,202 - INFO - [GINSLIB] processing : 2019/03/28 03:49:55 Q=5
2026-01-06 18:53:07,207 - INFO - [GINSLIB] processing : 2019/03/28 03:49:56 Q=5
2026-01-06 18:53:07,211 - INFO - [GINSLIB] processing : 2019/03/28 03:49:57 Q=5
2026-01-06 18:53:07,216 - INFO - [GINSLIB] processing : 2019/03/28 03:49:58 Q=5
2026-01-06 18:53:07,216 - INFO - [GINSLIB] processing : 2019/03/28 03:49:59 Q=5
2026-01-06 18:53:07,220 - INFO - [GINSLIB] processing : 2019/03/28 03:50:00 Q=5
2026-01-06 18:53:07,224 - INFO - [GINSLIB] processing : 2019/03/28 03:50:01 Q=5
2026-01-06 18:53:07,228 - INFO - [GINSLIB] processing : 2019/03/28 03:50:02 Q=5
2026-01-06 18:53:07,235 - INFO - [GINSLIB] processing : 2019/03/28 03:50:03 Q=5
2026-01-06 18:53:07,240 - INFO - [GINSLIB] processing : 2019/03/28 03:50:04 Q=5
2026-01-06 18:53:07,243 - INFO - [GINSLIB] processing : 2019/03/28 03:50:05 Q=5
2026-01-06 18:53:07,247 - INFO - [GINSLIB] processing : 2019/03/28 03:50:06 Q=5
2026-01-06 18:53:07,253 - INFO - [GINSLIB] processing : 2019/03/28 03:50:07 Q=5
2026-01-06 18:53:07,256 - INFO - [GINSLIB] processing : 2019/03/28 03:50:08 Q=5
2026-01-06 18:53:07,257 - INFO - [GINSLIB] processing : 2019/03/28 03:50:09 Q=5
2026-01-06 18:53:07,260 - INFO - [GINSLIB] processing : 2019/03/28 03:50:10 Q=5
2026-01-06 18:53:07,264 - INFO - [GINSLIB] processing : 2019/03/28 03:50:11 Q=5
2026-01-06 18:53:07,270 - INFO - [GINSLIB] processing : 2019/03/28 03:50:12 Q=5
2026-01-06 18:53:07,275 - INFO - [GINSLIB] processing : 2019/03/28 03:50:13 Q=5
2026-01-06 18:53:07,284 - INFO - [GINSLIB] processing : 2019/03/28 03:50:14 Q=5
2026-01-06 18:53:07,289 - INFO - [GINSLIB] processing : 2019/03/28 03:50:15 Q=5
2026-01-06 18:53:07,292 - INFO - [GINSLIB] processing : 2019/03/28 03:50:16 Q=5
2026-01-06 18:53:07,297 - INFO - [GINSLIB] processing : 2019/03/28 03:50:17 Q=5
2026-01-06 18:53:07,303 - INFO - [GINSLIB] processing : 2019/03/28 03:50:18 Q=5
2026-01-06 18:53:07,303 - INFO - [GINSLIB] processing : 2019/03/28 03:50:19 Q=5
2026-01-06 18:53:07,307 - INFO - [GINSLIB] processing : 2019/03/28 03:50:20 Q=5
2026-01-06 18:53:07,311 - INFO - [GINSLIB] processing : 2019/03/28 03:50:21 Q=5
2026-01-06 18:53:07,317 - INFO - [GINSLIB] processing : 2019/03/28 03:50:22 Q=5
2026-01-06 18:53:07,320 - INFO - [GINSLIB] processing : 2019/03/28 03:50:23 Q=5
2026-01-06 18:53:07,327 - INFO - [GINSLIB] processing : 2019/03/28 03:50:24 Q=5
2026-01-06 18:53:07,332 - INFO - [GINSLIB] processing : 2019/03/28 03:50:25 Q=5
2026-01-06 18:53:07,336 - INFO - [GINSLIB] processing : 2019/03/28 03:50:26 Q=5
2026-01-06 18:53:07,340 - INFO - [GINSLIB] processing : 2019/03/28 03:50:27 Q=5
2026-01-06 18:53:07,345 - INFO - [GINSLIB] processing : 2019/03/28 03:50:28 Q=5
2026-01-06 18:53:07,350 - INFO - [GINSLIB] processing : 2019/03/28 03:50:29 Q=5
2026-01-06 18:53:07,350 - INFO - [GINSLIB] processing : 2019/03/28 03:50:30 Q=5
2026-01-06 18:53:07,353 - INFO - [GINSLIB] processing : 2019/03/28 03:50:31 Q=5
2026-01-06 18:53:07,357 - INFO - [GINSLIB] processing : 2019/03/28 03:50:32 Q=5
2026-01-06 18:53:07,361 - INFO - [GINSLIB] processing : 2019/03/28 03:50:33 Q=5
2026-01-06 18:53:07,368 - INFO - [GINSLIB] processing : 2019/03/28 03:50:34 Q=5
2026-01-06 18:53:07,372 - INFO - [GINSLIB] processing : 2019/03/28 03:50:35 Q=5
2026-01-06 18:53:07,376 - INFO - [GINSLIB] processing : 2019/03/28 03:50:36 Q=5
2026-01-06 18:53:07,380 - INFO - [GINSLIB] processing : 2019/03/28 03:50:37 Q=5
2026-01-06 18:53:07,384 - INFO - [GINSLIB] processing : 2019/03/28 03:50:38 Q=5
2026-01-06 18:53:07,388 - INFO - [GINSLIB] processing : 2019/03/28 03:50:39 Q=5
2026-01-06 18:53:07,389 - INFO - [GINSLIB] processing : 2019/03/28 03:50:40 Q=5
2026-01-06 18:53:07,393 - INFO - [GINSLIB] processing : 2019/03/28 03:50:41 Q=5
2026-01-06 18:53:07,397 - INFO - [GINSLIB] processing : 2019/03/28 03:50:42 Q=5
2026-01-06 18:53:07,401 - INFO - [GINSLIB] processing : 2019/03/28 03:50:43 Q=5
2026-01-06 18:53:07,405 - INFO - [GINSLIB] processing : 2019/03/28 03:50:44 Q=5
2026-01-06 18:53:07,412 - INFO - [GINSLIB] processing : 2019/03/28 03:50:45 Q=5
2026-01-06 18:53:07,417 - INFO - [GINSLIB] processing : 2019/03/28 03:50:46 Q=5
2026-01-06 18:53:07,423 - INFO - [GINSLIB] processing : 2019/03/28 03:50:47 Q=5
2026-01-06 18:53:07,427 - INFO - [GINSLIB] processing : 2019/03/28 03:50:48 Q=5
2026-01-06 18:53:07,432 - INFO - [GINSLIB] processing : 2019/03/28 03:50:49 Q=5
2026-01-06 18:53:07,433 - INFO - [GINSLIB] processing : 2019/03/28 03:50:50 Q=5
2026-01-06 18:53:07,437 - INFO - [GINSLIB] processing : 2019/03/28 03:50:51 Q=5
2026-01-06 18:53:07,442 - INFO - [GINSLIB] processing : 2019/03/28 03:50:52 Q=5
2026-01-06 18:53:07,447 - INFO - [GINSLIB] processing : 2019/03/28 03:50:53 Q=5
2026-01-06 18:53:07,452 - INFO - [GINSLIB] processing : 2019/03/28 03:50:54 Q=5
2026-01-06 18:53:07,458 - INFO - [GINSLIB] processing : 2019/03/28 03:50:55 Q=5
2026-01-06 18:53:07,462 - INFO - [GINSLIB] processing : 2019/03/28 03:50:56 Q=5
2026-01-06 18:53:07,467 - INFO - [GINSLIB] processing : 2019/03/28 03:50:57 Q=5
2026-01-06 18:53:07,470 - INFO - [GINSLIB] processing : 2019/03/28 03:50:58 Q=5
2026-01-06 18:53:07,474 - INFO - [GINSLIB] processing : 2019/03/28 03:50:59 Q=5
2026-01-06 18:53:07,477 - INFO - [GINSLIB] processing : 2019/03/28 03:51:00 Q=5
2026-01-06 18:53:07,477 - INFO - [GINSLIB] processing : 2019/03/28 03:51:01 Q=5
2026-01-06 18:53:07,482 - INFO - [GINSLIB] processing : 2019/03/28 03:51:02 Q=5
2026-01-06 18:53:07,487 - INFO - [GINSLIB] processing : 2019/03/28 03:51:03 Q=5
2026-01-06 18:53:07,491 - INFO - [GINSLIB] processing : 2019/03/28 03:51:04 Q=5
2026-01-06 18:53:07,497 - INFO - [GINSLIB] processing : 2019/03/28 03:51:05 Q=5
2026-01-06 18:53:07,501 - INFO - [GINSLIB] processing : 2019/03/28 03:51:06 Q=5
2026-01-06 18:53:07,505 - INFO - [GINSLIB] processing : 2019/03/28 03:51:07 Q=5
2026-01-06 18:53:07,508 - INFO - [GINSLIB] processing : 2019/03/28 03:51:08 Q=5
2026-01-06 18:53:07,513 - INFO - [GINSLIB] processing : 2019/03/28 03:51:09 Q=5
2026-01-06 18:53:07,518 - INFO - [GINSLIB] processing : 2019/03/28 03:51:10 Q=5
2026-01-06 18:53:07,518 - INFO - [GINSLIB] processing : 2019/03/28 03:51:11 Q=5
2026-01-06 18:53:07,522 - INFO - [GINSLIB] processing : 2019/03/28 03:51:12 Q=5
2026-01-06 18:53:07,526 - INFO - [GINSLIB] processing : 2019/03/28 03:51:13 Q=5
2026-01-06 18:53:07,531 - INFO - [GINSLIB] processing : 2019/03/28 03:51:14 Q=5
2026-01-06 18:53:07,535 - INFO - [GINSLIB] processing : 2019/03/28 03:51:15 Q=5
2026-01-06 18:53:07,542 - INFO - [GINSLIB] processing : 2019/03/28 03:51:16 Q=5
2026-01-06 18:53:07,547 - INFO - [GINSLIB] processing : 2019/03/28 03:51:17 Q=5
2026-01-06 18:53:07,551 - INFO - [GINSLIB] processing : 2019/03/28 03:51:18 Q=5
2026-01-06 18:53:07,556 - INFO - [GINSLIB] processing : 2019/03/28 03:51:19 Q=5
2026-01-06 18:53:07,559 - INFO - [GINSLIB] processing : 2019/03/28 03:51:20 Q=5
2026-01-06 18:53:07,559 - INFO - [GINSLIB] processing : 2019/03/28 03:51:21 Q=5
2026-01-06 18:53:07,563 - INFO - [GINSLIB] processing : 2019/03/28 03:51:22 Q=5
2026-01-06 18:53:07,568 - INFO - [GINSLIB] processing : 2019/03/28 03:51:23 Q=5
2026-01-06 18:53:07,572 - INFO - [GINSLIB] processing : 2019/03/28 03:51:24 Q=5
2026-01-06 18:53:07,577 - INFO - [GINSLIB] processing : 2019/03/28 03:51:25 Q=5
2026-01-06 18:53:07,585 - INFO - [GINSLIB] processing : 2019/03/28 03:51:26 Q=5
2026-01-06 18:53:07,589 - INFO - [GINSLIB] processing : 2019/03/28 03:51:27 Q=5
2026-01-06 18:53:07,593 - INFO - [GINSLIB] processing : 2019/03/28 03:51:28 Q=5
2026-01-06 18:53:07,598 - INFO - [GINSLIB] processing : 2019/03/28 03:51:29 Q=5
2026-01-06 18:53:07,603 - INFO - [GINSLIB] processing : 2019/03/28 03:51:30 Q=5
2026-01-06 18:53:07,609 - INFO - [GINSLIB] processing : 2019/03/28 03:51:31 Q=5
2026-01-06 18:53:07,609 - INFO - [GINSLIB] processing : 2019/03/28 03:51:32 Q=5
2026-01-06 18:53:07,613 - INFO - [GINSLIB] processing : 2019/03/28 03:51:33 Q=5
2026-01-06 18:53:07,618 - INFO - [GINSLIB] processing : 2019/03/28 03:51:34 Q=5
2026-01-06 18:53:07,623 - INFO - [GINSLIB] processing : 2019/03/28 03:51:35 Q=5
2026-01-06 18:53:07,630 - INFO - [GINSLIB] processing : 2019/03/28 03:51:36 Q=5
2026-01-06 18:53:07,635 - INFO - [GINSLIB] processing : 2019/03/28 03:51:37 Q=5
2026-01-06 18:53:07,639 - INFO - [GINSLIB] processing : 2019/03/28 03:51:38 Q=5
2026-01-06 18:53:07,643 - INFO - [GINSLIB] processing : 2019/03/28 03:51:39 Q=5
2026-01-06 18:53:07,648 - INFO - [GINSLIB] processing : 2019/03/28 03:51:40 Q=5
2026-01-06 18:53:07,653 - INFO - [GINSLIB] processing : 2019/03/28 03:51:41 Q=5
2026-01-06 18:53:07,653 - INFO - [GINSLIB] processing : 2019/03/28 03:51:42 Q=5
2026-01-06 18:53:07,657 - INFO - [GINSLIB] processing : 2019/03/28 03:51:43 Q=5
2026-01-06 18:53:07,661 - INFO - [GINSLIB] processing : 2019/03/28 03:51:44 Q=5
2026-01-06 18:53:07,667 - INFO - [GINSLIB] processing : 2019/03/28 03:51:45 Q=5
2026-01-06 18:53:07,671 - INFO - [GINSLIB] processing : 2019/03/28 03:51:46 Q=5
2026-01-06 18:53:07,678 - INFO - [GINSLIB] processing : 2019/03/28 03:51:47 Q=5
2026-01-06 18:53:07,683 - INFO - [GINSLIB] processing : 2019/03/28 03:51:48 Q=5
2026-01-06 18:53:07,687 - INFO - [GINSLIB] processing : 2019/03/28 03:51:49 Q=5
2026-01-06 18:53:07,691 - INFO - [GINSLIB] processing : 2019/03/28 03:51:50 Q=5
2026-01-06 18:53:07,695 - INFO - [GINSLIB] processing : 2019/03/28 03:51:51 Q=5
2026-01-06 18:53:07,695 - INFO - [GINSLIB] processing : 2019/03/28 03:51:52 Q=5
2026-01-06 18:53:07,701 - INFO - [GINSLIB] processing : 2019/03/28 03:51:53 Q=5
2026-01-06 18:53:07,705 - INFO - [GINSLIB] processing : 2019/03/28 03:51:54 Q=5
2026-01-06 18:53:07,709 - INFO - [GINSLIB] processing : 2019/03/28 03:51:55 Q=5
2026-01-06 18:53:07,713 - INFO - [GINSLIB] processing : 2019/03/28 03:51:56 Q=5
2026-01-06 18:53:07,720 - INFO - [GINSLIB] processing : 2019/03/28 03:51:57 Q=5
2026-01-06 18:53:07,723 - INFO - [GINSLIB] processing : 2019/03/28 03:51:58 Q=5
2026-01-06 18:53:07,728 - INFO - [GINSLIB] processing : 2019/03/28 03:51:59 Q=5
2026-01-06 18:53:07,733 - INFO - [GINSLIB] processing : 2019/03/28 03:52:00 Q=5
2026-01-06 18:53:07,737 - INFO - [GINSLIB] processing : 2019/03/28 03:52:01 Q=5
2026-01-06 18:53:07,741 - INFO - [GINSLIB] processing : 2019/03/28 03:52:02 Q=5
2026-01-06 18:53:07,741 - INFO - [GINSLIB] processing : 2019/03/28 03:52:03 Q=5
2026-01-06 18:53:07,747 - INFO - [GINSLIB] processing : 2019/03/28 03:52:04 Q=5
2026-01-06 18:53:07,751 - INFO - [GINSLIB] processing : 2019/03/28 03:52:05 Q=5
2026-01-06 18:53:07,756 - INFO - [GINSLIB] processing : 2019/03/28 03:52:06 Q=5
2026-01-06 18:53:07,764 - INFO - [GINSLIB] processing : 2019/03/28 03:52:07 Q=5
2026-01-06 18:53:07,768 - INFO - [GINSLIB] processing : 2019/03/28 03:52:08 Q=5
2026-01-06 18:53:07,772 - INFO - [GINSLIB] processing : 2019/03/28 03:52:09 Q=5
2026-01-06 18:53:07,777 - INFO - [GINSLIB] processing : 2019/03/28 03:52:10 Q=5
2026-01-06 18:53:07,781 - INFO - [GINSLIB] processing : 2019/03/28 03:52:11 Q=5
2026-01-06 18:53:07,785 - INFO - [GINSLIB] processing : 2019/03/28 03:52:12 Q=5
2026-01-06 18:53:07,785 - INFO - [GINSLIB] processing : 2019/03/28 03:52:13 Q=5
2026-01-06 18:53:07,790 - INFO - [GINSLIB] processing : 2019/03/28 03:52:14 Q=5
2026-01-06 18:53:07,795 - INFO - [GINSLIB] processing : 2019/03/28 03:52:15 Q=5
2026-01-06 18:53:07,799 - INFO - [GINSLIB] processing : 2019/03/28 03:52:16 Q=5
2026-01-06 18:53:07,803 - INFO - [GINSLIB] processing : 2019/03/28 03:52:17 Q=5
2026-01-06 18:53:07,810 - INFO - [GINSLIB] processing : 2019/03/28 03:52:18 Q=5
2026-01-06 18:53:07,815 - INFO - [GINSLIB] processing : 2019/03/28 03:52:19 Q=5
2026-01-06 18:53:07,819 - INFO - [GINSLIB] processing : 2019/03/28 03:52:20 Q=5
2026-01-06 18:53:07,823 - INFO - [GINSLIB] processing : 2019/03/28 03:52:21 Q=5
2026-01-06 18:53:07,827 - INFO - [GINSLIB] processing : 2019/03/28 03:52:22 Q=5
2026-01-06 18:53:07,827 - INFO - [GINSLIB] processing : 2019/03/28 03:52:23 Q=5
2026-01-06 18:53:07,830 - INFO - [GINSLIB] processing : 2019/03/28 03:52:24 Q=5
2026-01-06 18:53:07,834 - INFO - [GINSLIB] processing : 2019/03/28 03:52:25 Q=5
2026-01-06 18:53:07,838 - INFO - [GINSLIB] processing : 2019/03/28 03:52:26 Q=5
2026-01-06 18:53:07,841 - INFO - [GINSLIB] processing : 2019/03/28 03:52:27 Q=5
2026-01-06 18:53:07,848 - INFO - [GINSLIB] processing : 2019/03/28 03:52:28 Q=5
2026-01-06 18:53:07,852 - INFO - [GINSLIB] processing : 2019/03/28 03:52:29 Q=5
2026-01-06 18:53:07,856 - INFO - [GINSLIB] processing : 2019/03/28 03:52:30 Q=5
2026-01-06 18:53:07,859 - INFO - [GINSLIB] processing : 2019/03/28 03:52:31 Q=5
2026-01-06 18:53:07,862 - INFO - [GINSLIB] processing : 2019/03/28 03:52:32 Q=5
2026-01-06 18:53:07,867 - INFO - [GINSLIB] processing : 2019/03/28 03:52:33 Q=5
2026-01-06 18:53:07,867 - INFO - [GINSLIB] processing : 2019/03/28 03:52:34 Q=5
2026-01-06 18:53:07,870 - INFO - [GINSLIB] processing : 2019/03/28 03:52:35 Q=5
2026-01-06 18:53:07,874 - INFO - [GINSLIB] processing : 2019/03/28 03:52:36 Q=5
2026-01-06 18:53:07,878 - INFO - [GINSLIB] processing : 2019/03/28 03:52:37 Q=5
2026-01-06 18:53:07,886 - INFO - [GINSLIB] processing : 2019/03/28 03:52:38 Q=5
2026-01-06 18:53:07,889 - INFO - [GINSLIB] processing : 2019/03/28 03:52:39 Q=5
2026-01-06 18:53:07,893 - INFO - [GINSLIB] processing : 2019/03/28 03:52:40 Q=5
2026-01-06 18:53:07,896 - INFO - [GINSLIB] processing : 2019/03/28 03:52:41 Q=5
2026-01-06 18:53:07,901 - INFO - [GINSLIB] processing : 2019/03/28 03:52:42 Q=5
2026-01-06 18:53:07,904 - INFO - [GINSLIB] processing : 2019/03/28 03:52:43 Q=5
2026-01-06 18:53:07,905 - INFO - [GINSLIB] processing : 2019/03/28 03:52:44 Q=5
2026-01-06 18:53:07,908 - INFO - [GINSLIB] processing : 2019/03/28 03:52:45 Q=5
2026-01-06 18:53:07,911 - INFO - [GINSLIB] processing : 2019/03/28 03:52:46 Q=5
2026-01-06 18:53:07,916 - INFO - [GINSLIB] processing : 2019/03/28 03:52:47 Q=5
2026-01-06 18:53:07,922 - INFO - [GINSLIB] processing : 2019/03/28 03:52:48 Q=5
2026-01-06 18:53:07,928 - INFO - [GINSLIB] processing : 2019/03/28 03:52:49 Q=5
2026-01-06 18:53:07,932 - INFO - [GINSLIB] processing : 2019/03/28 03:52:50 Q=5
2026-01-06 18:53:07,935 - INFO - [GINSLIB] processing : 2019/03/28 03:52:51 Q=5
2026-01-06 18:53:07,939 - INFO - [GINSLIB] processing : 2019/03/28 03:52:52 Q=5
2026-01-06 18:53:07,943 - INFO - [GINSLIB] processing : 2019/03/28 03:52:53 Q=5
2026-01-06 18:53:07,946 - INFO - [GINSLIB] processing : 2019/03/28 03:52:54 Q=5
2026-01-06 18:53:07,947 - INFO - [GINSLIB] processing : 2019/03/28 03:52:55 Q=5
2026-01-06 18:53:07,950 - INFO - [GINSLIB] processing : 2019/03/28 03:52:56 Q=5
2026-01-06 18:53:07,954 - INFO - [GINSLIB] processing : 2019/03/28 03:52:57 Q=5
2026-01-06 18:53:07,958 - INFO - [GINSLIB] processing : 2019/03/28 03:52:58 Q=5
2026-01-06 18:53:07,966 - INFO - [GINSLIB] processing : 2019/03/28 03:52:59 Q=5
2026-01-06 18:53:07,969 - INFO - [GINSLIB] processing : 2019/03/28 03:53:00 Q=5
2026-01-06 18:53:07,973 - INFO - [GINSLIB] processing : 2019/03/28 03:53:01 Q=5
2026-01-06 18:53:07,977 - INFO - [GINSLIB] processing : 2019/03/28 03:53:02 Q=5
2026-01-06 18:53:07,981 - INFO - [GINSLIB] processing : 2019/03/28 03:53:03 Q=5
2026-01-06 18:53:07,985 - INFO - [GINSLIB] processing : 2019/03/28 03:53:04 Q=5
2026-01-06 18:53:07,985 - INFO - [GINSLIB] processing : 2019/03/28 03:53:05 Q=5
2026-01-06 18:53:07,988 - INFO - [GINSLIB] processing : 2019/03/28 03:53:06 Q=5
2026-01-06 18:53:07,992 - INFO - [GINSLIB] processing : 2019/03/28 03:53:07 Q=5
2026-01-06 18:53:07,996 - INFO - [GINSLIB] processing : 2019/03/28 03:53:08 Q=5
2026-01-06 18:53:08,002 - INFO - [GINSLIB] processing : 2019/03/28 03:53:09 Q=5
2026-01-06 18:53:08,005 - INFO - [GINSLIB] processing : 2019/03/28 03:53:10 Q=5
2026-01-06 18:53:08,010 - INFO - [GINSLIB] processing : 2019/03/28 03:53:11 Q=5
2026-01-06 18:53:08,013 - INFO - [GINSLIB] processing : 2019/03/28 03:53:12 Q=5
2026-01-06 18:53:08,017 - INFO - [GINSLIB] processing : 2019/03/28 03:53:13 Q=5
2026-01-06 18:53:08,022 - INFO - [GINSLIB] processing : 2019/03/28 03:53:14 Q=5
2026-01-06 18:53:08,022 - INFO - [GINSLIB] processing : 2019/03/28 03:53:15 Q=5
2026-01-06 18:53:08,027 - INFO - [GINSLIB] processing : 2019/03/28 03:53:16 Q=5
2026-01-06 18:53:08,031 - INFO - [GINSLIB] processing : 2019/03/28 03:53:17 Q=5
2026-01-06 18:53:08,035 - INFO - [GINSLIB] processing : 2019/03/28 03:53:18 Q=5
2026-01-06 18:53:08,039 - INFO - [GINSLIB] processing : 2019/03/28 03:53:19 Q=5
2026-01-06 18:53:08,045 - INFO - [GINSLIB] processing : 2019/03/28 03:53:20 Q=5
2026-01-06 18:53:08,049 - INFO - [GINSLIB] processing : 2019/03/28 03:53:21 Q=5
2026-01-06 18:53:08,052 - INFO - [GINSLIB] processing : 2019/03/28 03:53:22 Q=5
2026-01-06 18:53:08,056 - INFO - [GINSLIB] processing : 2019/03/28 03:53:23 Q=5
2026-01-06 18:53:08,059 - INFO - [GINSLIB] processing : 2019/03/28 03:53:24 Q=5
2026-01-06 18:53:08,062 - INFO - [GINSLIB] processing : 2019/03/28 03:53:25 Q=5
2026-01-06 18:53:08,063 - INFO - [GINSLIB] processing : 2019/03/28 03:53:26 Q=5
2026-01-06 18:53:08,067 - INFO - [GINSLIB] processing : 2019/03/28 03:53:27 Q=5
2026-01-06 18:53:08,071 - INFO - [GINSLIB] processing : 2019/03/28 03:53:28 Q=5
2026-01-06 18:53:08,074 - INFO - [GINSLIB] processing : 2019/03/28 03:53:29 Q=5
2026-01-06 18:53:08,080 - INFO - [GINSLIB] processing : 2019/03/28 03:53:30 Q=5
2026-01-06 18:53:08,083 - INFO - [GINSLIB] processing : 2019/03/28 03:53:31 Q=5
2026-01-06 18:53:08,087 - INFO - [GINSLIB] processing : 2019/03/28 03:53:32 Q=5
2026-01-06 18:53:08,090 - INFO - [GINSLIB] processing : 2019/03/28 03:53:33 Q=5
2026-01-06 18:53:08,094 - INFO - [GINSLIB] processing : 2019/03/28 03:53:34 Q=5
2026-01-06 18:53:08,097 - INFO - [GINSLIB] processing : 2019/03/28 03:53:35 Q=5
2026-01-06 18:53:08,098 - INFO - [GINSLIB] processing : 2019/03/28 03:53:36 Q=5
2026-01-06 18:53:08,102 - INFO - [GINSLIB] processing : 2019/03/28 03:53:37 Q=5
2026-01-06 18:53:08,106 - INFO - [GINSLIB] processing : 2019/03/28 03:53:38 Q=5
2026-01-06 18:53:08,109 - INFO - [GINSLIB] processing : 2019/03/28 03:53:39 Q=5
2026-01-06 18:53:08,114 - INFO - [GINSLIB] processing : 2019/03/28 03:53:40 Q=5
2026-01-06 18:53:08,119 - INFO - [GINSLIB] processing : 2019/03/28 03:53:41 Q=5
2026-01-06 18:53:08,122 - INFO - [GINSLIB] processing : 2019/03/28 03:53:42 Q=5
2026-01-06 18:53:08,125 - INFO - [GINSLIB] processing : 2019/03/28 03:53:43 Q=5
2026-01-06 18:53:08,128 - INFO - [GINSLIB] processing : 2019/03/28 03:53:44 Q=5
2026-01-06 18:53:08,133 - INFO - [GINSLIB] processing : 2019/03/28 03:53:45 Q=5
2026-01-06 18:53:08,133 - INFO - [GINSLIB] processing : 2019/03/28 03:53:46 Q=5
2026-01-06 18:53:08,137 - INFO - [GINSLIB] processing : 2019/03/28 03:53:47 Q=5
2026-01-06 18:53:08,140 - INFO - [GINSLIB] processing : 2019/03/28 03:53:48 Q=5
2026-01-06 18:53:08,143 - INFO - [GINSLIB] processing : 2019/03/28 03:53:49 Q=5
2026-01-06 18:53:08,149 - INFO - [GINSLIB] processing : 2019/03/28 03:53:50 Q=5
2026-01-06 18:53:08,155 - INFO - [GINSLIB] processing : 2019/03/28 03:53:51 Q=5
2026-01-06 18:53:08,159 - INFO - [GINSLIB] processing : 2019/03/28 03:53:52 Q=5
2026-01-06 18:53:08,162 - INFO - [GINSLIB] processing : 2019/03/28 03:53:53 Q=5
2026-01-06 18:53:08,167 - INFO - [GINSLIB] processing : 2019/03/28 03:53:54 Q=5
2026-01-06 18:53:08,171 - INFO - [GINSLIB] processing : 2019/03/28 03:53:55 Q=5
2026-01-06 18:53:08,174 - INFO - [GINSLIB] processing : 2019/03/28 03:53:56 Q=5
2026-01-06 18:53:08,174 - INFO - [GINSLIB] processing : 2019/03/28 03:53:57 Q=5
2026-01-06 18:53:08,177 - INFO - [GINSLIB] processing : 2019/03/28 03:53:58 Q=5
2026-01-06 18:53:08,184 - INFO - [GINSLIB] processing : 2019/03/28 03:53:59 Q=5
2026-01-06 18:53:08,188 - INFO - [GINSLIB] processing : 2019/03/28 03:54:00 Q=5
2026-01-06 18:53:08,197 - INFO - [GINSLIB] processing : 2019/03/28 03:54:01 Q=5
2026-01-06 18:53:08,201 - INFO - [GINSLIB] processing : 2019/03/28 03:54:02 Q=5
2026-01-06 18:53:08,204 - INFO - [GINSLIB] processing : 2019/03/28 03:54:03 Q=5
2026-01-06 18:53:08,208 - INFO - [GINSLIB] processing : 2019/03/28 03:54:04 Q=5
2026-01-06 18:53:08,212 - INFO - [GINSLIB] processing : 2019/03/28 03:54:05 Q=5
2026-01-06 18:53:08,216 - INFO - [GINSLIB] processing : 2019/03/28 03:54:06 Q=5
2026-01-06 18:53:08,216 - INFO - [GINSLIB] processing : 2019/03/28 03:54:07 Q=5
2026-01-06 18:53:08,219 - INFO - [GINSLIB] processing : 2019/03/28 03:54:08 Q=5
2026-01-06 18:53:08,222 - INFO - [GINSLIB] processing : 2019/03/28 03:54:09 Q=5
2026-01-06 18:53:08,227 - INFO - [GINSLIB] processing : 2019/03/28 03:54:10 Q=5
2026-01-06 18:53:08,231 - INFO - [GINSLIB] processing : 2019/03/28 03:54:11 Q=5
2026-01-06 18:53:08,237 - INFO - [GINSLIB] processing : 2019/03/28 03:54:12 Q=5
2026-01-06 18:53:08,243 - INFO - [GINSLIB] processing : 2019/03/28 03:54:13 Q=5
2026-01-06 18:53:08,248 - INFO - [GINSLIB] processing : 2019/03/28 03:54:14 Q=5
2026-01-06 18:53:08,251 - INFO - [GINSLIB] processing : 2019/03/28 03:54:15 Q=5
2026-01-06 18:53:08,255 - INFO - [GINSLIB] processing : 2019/03/28 03:54:16 Q=5
2026-01-06 18:53:08,255 - INFO - [GINSLIB] processing : 2019/03/28 03:54:17 Q=5
2026-01-06 18:53:08,259 - INFO - [GINSLIB] processing : 2019/03/28 03:54:18 Q=5
2026-01-06 18:53:08,262 - INFO - [GINSLIB] processing : 2019/03/28 03:54:19 Q=5
2026-01-06 18:53:08,267 - INFO - [GINSLIB] processing : 2019/03/28 03:54:20 Q=5
2026-01-06 18:53:08,270 - INFO - [GINSLIB] processing : 2019/03/28 03:54:21 Q=5
2026-01-06 18:53:08,277 - INFO - [GINSLIB] processing : 2019/03/28 03:54:22 Q=5
2026-01-06 18:53:08,281 - INFO - [GINSLIB] processing : 2019/03/28 03:54:23 Q=5
2026-01-06 18:53:08,285 - INFO - [GINSLIB] processing : 2019/03/28 03:54:24 Q=5
2026-01-06 18:53:08,288 - INFO - [GINSLIB] processing : 2019/03/28 03:54:25 Q=5
2026-01-06 18:53:08,292 - INFO - [GINSLIB] processing : 2019/03/28 03:54:26 Q=5
2026-01-06 18:53:08,296 - INFO - [GINSLIB] processing : 2019/03/28 03:54:27 Q=5
2026-01-06 18:53:08,296 - INFO - [GINSLIB] processing : 2019/03/28 03:54:28 Q=5
2026-01-06 18:53:08,300 - INFO - [GINSLIB] processing : 2019/03/28 03:54:29 Q=5
2026-01-06 18:53:08,303 - INFO - [GINSLIB] processing : 2019/03/28 03:54:30 Q=5
2026-01-06 18:53:08,308 - INFO - [GINSLIB] processing : 2019/03/28 03:54:31 Q=5
2026-01-06 18:53:08,314 - INFO - [GINSLIB] processing : 2019/03/28 03:54:32 Q=5
2026-01-06 18:53:08,318 - INFO - [GINSLIB] processing : 2019/03/28 03:54:33 Q=5
2026-01-06 18:53:08,322 - INFO - [GINSLIB] processing : 2019/03/28 03:54:34 Q=5
2026-01-06 18:53:08,325 - INFO - [GINSLIB] processing : 2019/03/28 03:54:35 Q=5
2026-01-06 18:53:08,328 - INFO - [GINSLIB] processing : 2019/03/28 03:54:36 Q=5
2026-01-06 18:53:08,333 - INFO - [GINSLIB] processing : 2019/03/28 03:54:37 Q=5
2026-01-06 18:53:08,333 - INFO - [GINSLIB] processing : 2019/03/28 03:54:38 Q=5
2026-01-06 18:53:08,337 - INFO - [GINSLIB] processing : 2019/03/28 03:54:39 Q=5
2026-01-06 18:53:08,340 - INFO - [GINSLIB] processing : 2019/03/28 03:54:40 Q=5
2026-01-06 18:53:08,344 - INFO - [GINSLIB] processing : 2019/03/28 03:54:41 Q=5
2026-01-06 18:53:08,347 - INFO - [GINSLIB] processing : 2019/03/28 03:54:42 Q=5
2026-01-06 18:53:08,354 - INFO - [GINSLIB] processing : 2019/03/28 03:54:43 Q=5
2026-01-06 18:53:08,357 - INFO - [GINSLIB] processing : 2019/03/28 03:54:44 Q=5
2026-01-06 18:53:08,361 - INFO - [GINSLIB] processing : 2019/03/28 03:54:45 Q=5
2026-01-06 18:53:08,365 - INFO - [GINSLIB] processing : 2019/03/28 03:54:46 Q=5
2026-01-06 18:53:08,368 - INFO - [GINSLIB] processing : 2019/03/28 03:54:47 Q=5
2026-01-06 18:53:08,369 - INFO - [GINSLIB] processing : 2019/03/28 03:54:48 Q=5
2026-01-06 18:53:08,372 - INFO - [GINSLIB] processing : 2019/03/28 03:54:49 Q=5
2026-01-06 18:53:08,376 - INFO - [GINSLIB] processing : 2019/03/28 03:54:50 Q=5
2026-01-06 18:53:08,380 - INFO - [GINSLIB] processing : 2019/03/28 03:54:51 Q=5
2026-01-06 18:53:08,384 - INFO - [GINSLIB] processing : 2019/03/28 03:54:52 Q=5
2026-01-06 18:53:08,390 - INFO - [GINSLIB] processing : 2019/03/28 03:54:53 Q=5
2026-01-06 18:53:08,393 - INFO - [GINSLIB] processing : 2019/03/28 03:54:54 Q=5
2026-01-06 18:53:08,397 - INFO - [GINSLIB] processing : 2019/03/28 03:54:55 Q=5
2026-01-06 18:53:08,401 - INFO - [GINSLIB] processing : 2019/03/28 03:54:56 Q=5
2026-01-06 18:53:08,405 - INFO - [GINSLIB] processing : 2019/03/28 03:54:57 Q=5
2026-01-06 18:53:08,408 - INFO - [GINSLIB] processing : 2019/03/28 03:54:58 Q=5
2026-01-06 18:53:08,408 - INFO - [GINSLIB] processing : 2019/03/28 03:54:59 Q=5
2026-01-06 18:53:08,412 - INFO - [GINSLIB] processing : 2019/03/28 03:55:00 Q=5
2026-01-06 18:53:08,417 - INFO - [GINSLIB] processing : 2019/03/28 03:55:01 Q=5
2026-01-06 18:53:08,421 - INFO - [GINSLIB] processing : 2019/03/28 03:55:02 Q=5
2026-01-06 18:53:08,427 - INFO - [GINSLIB] processing : 2019/03/28 03:55:03 Q=5
2026-01-06 18:53:08,432 - INFO - [GINSLIB] processing : 2019/03/28 03:55:04 Q=5
2026-01-06 18:53:08,435 - INFO - [GINSLIB] processing : 2019/03/28 03:55:05 Q=5
2026-01-06 18:53:08,438 - INFO - [GINSLIB] processing : 2019/03/28 03:55:06 Q=5
2026-01-06 18:53:08,441 - INFO - [GINSLIB] processing : 2019/03/28 03:55:07 Q=5
2026-01-06 18:53:08,445 - INFO - [GINSLIB] processing : 2019/03/28 03:55:08 Q=5
2026-01-06 18:53:08,445 - INFO - [GINSLIB] processing : 2019/03/28 03:55:09 Q=5
2026-01-06 18:53:08,449 - INFO - [GINSLIB] processing : 2019/03/28 03:55:10 Q=5
2026-01-06 18:53:08,452 - INFO - [GINSLIB] processing : 2019/03/28 03:55:11 Q=5
2026-01-06 18:53:08,455 - INFO - [GINSLIB] processing : 2019/03/28 03:55:12 Q=5
2026-01-06 18:53:08,458 - INFO - [GINSLIB] processing : 2019/03/28 03:55:13 Q=5
2026-01-06 18:53:08,465 - INFO - [GINSLIB] processing : 2019/03/28 03:55:14 Q=5
2026-01-06 18:53:08,468 - INFO - [GINSLIB] processing : 2019/03/28 03:55:15 Q=5
2026-01-06 18:53:08,471 - INFO - [GINSLIB] processing : 2019/03/28 03:55:16 Q=5
2026-01-06 18:53:08,474 - INFO - [GINSLIB] processing : 2019/03/28 03:55:17 Q=5
2026-01-06 18:53:08,478 - INFO - [GINSLIB] processing : 2019/03/28 03:55:18 Q=5
2026-01-06 18:53:08,478 - INFO - [GINSLIB] processing : 2019/03/28 03:55:19 Q=5
2026-01-06 18:53:08,482 - INFO - [GINSLIB] processing : 2019/03/28 03:55:20 Q=5
2026-01-06 18:53:08,486 - INFO - [GINSLIB] processing : 2019/03/28 03:55:21 Q=5
2026-01-06 18:53:08,489 - INFO - [GINSLIB] processing : 2019/03/28 03:55:22 Q=5
2026-01-06 18:53:08,494 - INFO - [GINSLIB] processing : 2019/03/28 03:55:23 Q=5
2026-01-06 18:53:08,500 - INFO - [GINSLIB] processing : 2019/03/28 03:55:24 Q=5
2026-01-06 18:53:08,504 - INFO - [GINSLIB] processing : 2019/03/28 03:55:25 Q=5
2026-01-06 18:53:08,508 - INFO - [GINSLIB] processing : 2019/03/28 03:55:26 Q=5
2026-01-06 18:53:08,511 - INFO - [GINSLIB] processing : 2019/03/28 03:55:27 Q=5
2026-01-06 18:53:08,515 - INFO - [GINSLIB] processing : 2019/03/28 03:55:28 Q=5
2026-01-06 18:53:08,518 - INFO - [GINSLIB] processing : 2019/03/28 03:55:29 Q=5
2026-01-06 18:53:08,518 - INFO - [GINSLIB] processing : 2019/03/28 03:55:30 Q=5
2026-01-06 18:53:08,522 - INFO - [GINSLIB] processing : 2019/03/28 03:55:31 Q=5
2026-01-06 18:53:08,525 - INFO - [GINSLIB] processing : 2019/03/28 03:55:32 Q=5
2026-01-06 18:53:08,529 - INFO - [GINSLIB] processing : 2019/03/28 03:55:33 Q=5
2026-01-06 18:53:08,534 - INFO - [GINSLIB] processing : 2019/03/28 03:55:34 Q=5
2026-01-06 18:53:08,538 - INFO - [GINSLIB] processing : 2019/03/28 03:55:35 Q=5
2026-01-06 18:53:08,542 - INFO - [GINSLIB] processing : 2019/03/28 03:55:36 Q=5
2026-01-06 18:53:08,546 - INFO - [GINSLIB] processing : 2019/03/28 03:55:37 Q=5
2026-01-06 18:53:08,550 - INFO - [GINSLIB] processing : 2019/03/28 03:55:38 Q=5
2026-01-06 18:53:08,555 - INFO - [GINSLIB] processing : 2019/03/28 03:55:39 Q=5
2026-01-06 18:53:08,555 - INFO - [GINSLIB] processing : 2019/03/28 03:55:40 Q=5
2026-01-06 18:53:08,559 - INFO - [GINSLIB] processing : 2019/03/28 03:55:41 Q=5
2026-01-06 18:53:08,563 - INFO - [GINSLIB] processing : 2019/03/28 03:55:42 Q=5
2026-01-06 18:53:08,567 - INFO - [GINSLIB] processing : 2019/03/28 03:55:43 Q=5
2026-01-06 18:53:08,572 - INFO - [GINSLIB] processing : 2019/03/28 03:55:44 Q=5
2026-01-06 18:53:08,578 - INFO - [GINSLIB] processing : 2019/03/28 03:55:45 Q=5
2026-01-06 18:53:08,583 - INFO - [GINSLIB] processing : 2019/03/28 03:55:46 Q=5
2026-01-06 18:53:08,587 - INFO - [GINSLIB] processing : 2019/03/28 03:55:47 Q=5
2026-01-06 18:53:08,591 - INFO - [GINSLIB] processing : 2019/03/28 03:55:48 Q=5
2026-01-06 18:53:08,595 - INFO - [GINSLIB] processing : 2019/03/28 03:55:49 Q=5
2026-01-06 18:53:08,595 - INFO - [GINSLIB] processing : 2019/03/28 03:55:50 Q=5
2026-01-06 18:53:08,600 - INFO - [GINSLIB] processing : 2019/03/28 03:55:51 Q=5
2026-01-06 18:53:08,604 - INFO - [GINSLIB] processing : 2019/03/28 03:55:52 Q=5
2026-01-06 18:53:08,609 - INFO - [GINSLIB] processing : 2019/03/28 03:55:53 Q=5
2026-01-06 18:53:08,613 - INFO - [GINSLIB] processing : 2019/03/28 03:55:54 Q=5
2026-01-06 18:53:08,621 - INFO - [GINSLIB] processing : 2019/03/28 03:55:55 Q=5
2026-01-06 18:53:08,625 - INFO - [GINSLIB] processing : 2019/03/28 03:55:56 Q=5
2026-01-06 18:53:08,630 - INFO - [GINSLIB] processing : 2019/03/28 03:55:57 Q=5
2026-01-06 18:53:08,635 - INFO - [GINSLIB] processing : 2019/03/28 03:55:58 Q=5
2026-01-06 18:53:08,639 - INFO - [GINSLIB] processing : 2019/03/28 03:55:59 Q=5
2026-01-06 18:53:08,643 - INFO - [GINSLIB] processing : 2019/03/28 03:56:00 Q=5
2026-01-06 18:53:08,643 - INFO - [GINSLIB] processing : 2019/03/28 03:56:01 Q=5
2026-01-06 18:53:08,648 - INFO - [GINSLIB] processing : 2019/03/28 03:56:02 Q=5
2026-01-06 18:53:08,653 - INFO - [GINSLIB] processing : 2019/03/28 03:56:03 Q=5
2026-01-06 18:53:08,657 - INFO - [GINSLIB] processing : 2019/03/28 03:56:04 Q=5
2026-01-06 18:53:08,665 - INFO - [GINSLIB] processing : 2019/03/28 03:56:05 Q=5
2026-01-06 18:53:08,669 - INFO - [GINSLIB] processing : 2019/03/28 03:56:06 Q=5
2026-01-06 18:53:08,673 - INFO - [GINSLIB] processing : 2019/03/28 03:56:07 Q=5
2026-01-06 18:53:08,677 - INFO - [GINSLIB] processing : 2019/03/28 03:56:08 Q=5
2026-01-06 18:53:08,682 - INFO - [GINSLIB] processing : 2019/03/28 03:56:09 Q=5
2026-01-06 18:53:08,686 - INFO - [GINSLIB] processing : 2019/03/28 03:56:10 Q=5
2026-01-06 18:53:08,686 - INFO - [GINSLIB] processing : 2019/03/28 03:56:11 Q=5
2026-01-06 18:53:08,690 - INFO - [GINSLIB] processing : 2019/03/28 03:56:12 Q=5
2026-01-06 18:53:08,695 - INFO - [GINSLIB] processing : 2019/03/28 03:56:13 Q=5
2026-01-06 18:53:08,700 - INFO - [GINSLIB] processing : 2019/03/28 03:56:14 Q=5
2026-01-06 18:53:08,704 - INFO - [GINSLIB] processing : 2019/03/28 03:56:15 Q=5
2026-01-06 18:53:08,712 - INFO - [GINSLIB] processing : 2019/03/28 03:56:16 Q=5
2026-01-06 18:53:08,716 - INFO - [GINSLIB] processing : 2019/03/28 03:56:17 Q=5
2026-01-06 18:53:08,720 - INFO - [GINSLIB] processing : 2019/03/28 03:56:18 Q=5
2026-01-06 18:53:08,724 - INFO - [GINSLIB] processing : 2019/03/28 03:56:19 Q=5
2026-01-06 18:53:08,729 - INFO - [GINSLIB] processing : 2019/03/28 03:56:20 Q=5
2026-01-06 18:53:08,729 - INFO - [GINSLIB] processing : 2019/03/28 03:56:21 Q=5
2026-01-06 18:53:08,733 - INFO - [GINSLIB] processing : 2019/03/28 03:56:22 Q=5
2026-01-06 18:53:08,737 - INFO - [GINSLIB] processing : 2019/03/28 03:56:23 Q=5
2026-01-06 18:53:08,742 - INFO - [GINSLIB] processing : 2019/03/28 03:56:24 Q=5
2026-01-06 18:53:08,747 - INFO - [GINSLIB] processing : 2019/03/28 03:56:25 Q=5
2026-01-06 18:53:08,754 - INFO - [GINSLIB] processing : 2019/03/28 03:56:26 Q=5
2026-01-06 18:53:08,758 - INFO - [GINSLIB] processing : 2019/03/28 03:56:27 Q=5
2026-01-06 18:53:08,762 - INFO - [GINSLIB] processing : 2019/03/28 03:56:28 Q=5
2026-01-06 18:53:08,767 - INFO - [GINSLIB] processing : 2019/03/28 03:56:29 Q=5
2026-01-06 18:53:08,771 - INFO - [GINSLIB] processing : 2019/03/28 03:56:30 Q=5
2026-01-06 18:53:08,776 - INFO - [GINSLIB] processing : 2019/03/28 03:56:31 Q=5
2026-01-06 18:53:08,776 - INFO - [GINSLIB] processing : 2019/03/28 03:56:32 Q=5
2026-01-06 18:53:08,780 - INFO - [GINSLIB] processing : 2019/03/28 03:56:33 Q=5
2026-01-06 18:53:08,784 - INFO - [GINSLIB] processing : 2019/03/28 03:56:34 Q=5
2026-01-06 18:53:08,789 - INFO - [GINSLIB] processing : 2019/03/28 03:56:35 Q=5
2026-01-06 18:53:08,796 - INFO - [GINSLIB] processing : 2019/03/28 03:56:36 Q=5
2026-01-06 18:53:08,801 - INFO - [GINSLIB] processing : 2019/03/28 03:56:37 Q=5
2026-01-06 18:53:08,806 - INFO - [GINSLIB] processing : 2019/03/28 03:56:38 Q=5
2026-01-06 18:53:08,810 - INFO - [GINSLIB] processing : 2019/03/28 03:56:39 Q=5
2026-01-06 18:53:08,814 - INFO - [GINSLIB] processing : 2019/03/28 03:56:40 Q=5
2026-01-06 18:53:08,819 - INFO - [GINSLIB] processing : 2019/03/28 03:56:41 Q=5
2026-01-06 18:53:08,820 - INFO - [GINSLIB] processing : 2019/03/28 03:56:42 Q=5
2026-01-06 18:53:08,824 - INFO - [GINSLIB] processing : 2019/03/28 03:56:43 Q=5
2026-01-06 18:53:08,828 - INFO - [GINSLIB] processing : 2019/03/28 03:56:44 Q=5
2026-01-06 18:53:08,833 - INFO - [GINSLIB] processing : 2019/03/28 03:56:45 Q=5
2026-01-06 18:53:08,837 - INFO - [GINSLIB] processing : 2019/03/28 03:56:46 Q=5
2026-01-06 18:53:08,844 - INFO - [GINSLIB] processing : 2019/03/28 03:56:47 Q=5
2026-01-06 18:53:08,850 - INFO - [GINSLIB] processing : 2019/03/28 03:56:48 Q=5
2026-01-06 18:53:08,854 - INFO - [GINSLIB] processing : 2019/03/28 03:56:49 Q=5
2026-01-06 18:53:08,858 - INFO - [GINSLIB] processing : 2019/03/28 03:56:50 Q=5
2026-01-06 18:53:08,862 - INFO - [GINSLIB] processing : 2019/03/28 03:56:51 Q=5
2026-01-06 18:53:08,862 - INFO - [GINSLIB] processing : 2019/03/28 03:56:52 Q=5
2026-01-06 18:53:08,868 - INFO - [GINSLIB] processing : 2019/03/28 03:56:53 Q=5
2026-01-06 18:53:08,872 - INFO - [GINSLIB] processing : 2019/03/28 03:56:54 Q=5
2026-01-06 18:53:08,875 - INFO - [GINSLIB] processing : 2019/03/28 03:56:55 Q=5
2026-01-06 18:53:08,880 - INFO - [GINSLIB] processing : 2019/03/28 03:56:56 Q=5
2026-01-06 18:53:08,888 - INFO - [GINSLIB] processing : 2019/03/28 03:56:57 Q=5
2026-01-06 18:53:08,907 - INFO - [GINSLIB] processing : 1970/01/01 00:00:00 Q=5
2026-01-06 18:53:08,908 - INFO - [GINSLIB] Total processing time of program: 9.935000 sec!
2026-01-06 18:53:08,982 - INFO - ✓ CPT_Vehicle_open_20190328 SPP LC 执行成功
2026-01-06 18:53:08,982 - INFO - 开始误差分析
2026-01-06 18:53:08,982 - INFO - - 结果文件: G:\Navigation_Learn\GNSS\RTKLIB-b34k\data\GNSS_INS\CPT_Vehicle_open_20190328\result\CPT_Vehicle_open_20190328_SPP_F_LC.pos
2026-01-06 18:53:08,983 - INFO - - 参考文件: G:\Navigation_Learn\GNSS\RTKLIB-b34k\data\GNSS_INS\CPT_Vehicle_open_20190328\truth.truth
2026-01-06 18:53:08,983 - INFO - ============================================================
2026-01-06 18:53:08,983 - INFO - 开始处理: CPT_Vehicle_open_20190328
2026-01-06 18:53:08,983 - INFO - 处理模式: SPP LC
2026-01-06 18:53:08,983 - INFO - ============================================================
2026-01-06 18:53:08,984 - INFO - GNSS/INS模式，绘制IMU零偏和位置、速度、姿态误差
2026-01-06 18:53:08,999 - INFO - ✓ 结果文件数据读取成功 G:\Navigation_Learn\GNSS\RTKLIB-b34k\data\GNSS_INS\CPT_Vehicle_open_20190328\result\CPT_Vehicle_open_20190328_SPP_F_LC.pos
2026-01-06 18:53:09,025 - INFO - ✓ 参考文件数据读取成功 G:\Navigation_Learn\GNSS\RTKLIB-b34k\data\GNSS_INS\CPT_Vehicle_open_20190328\truth.truth
2026-01-06 18:53:09,025 - INFO - 绘制IMU零偏图...
2026-01-06 18:53:11,035 - INFO - 位置误差RMS: E=0.4050m, N=0.9879m, U=3.5446m, 3D=3.7019m
2026-01-06 18:53:11,035 - INFO - 速度误差RMS: E=0.0348m/s, N=0.0433m/s, U=0.0474m/s, 3D=0.0730m/s
2026-01-06 18:53:11,035 - INFO - 姿态误差RMS: Pitch=0.0565°, Roll=0.1706°, Yaw=0.3453°
2026-01-06 18:53:11,270 - INFO - ✓ 保存图像: G:\Navigation_Learn\GNSS\RTKLIB-b34k\batch_process\figure\CPT_Vehicle_open_20190328\CPT_Vehicle_open_20190328_SPP_F_LC_bg.png
2026-01-06 18:53:11,507 - INFO - ✓ 保存图像: G:\Navigation_Learn\GNSS\RTKLIB-b34k\batch_process\figure\CPT_Vehicle_open_20190328\CPT_Vehicle_open_20190328_SPP_F_LC_ba.png
2026-01-06 18:53:11,759 - INFO - ✓ 保存图像: G:\Navigation_Learn\GNSS\RTKLIB-b34k\batch_process\figure\CPT_Vehicle_open_20190328\CPT_Vehicle_open_20190328_SPP_F_LC_pos.png
2026-01-06 18:53:12,027 - INFO - ✓ 保存图像: G:\Navigation_Learn\GNSS\RTKLIB-b34k\batch_process\figure\CPT_Vehicle_open_20190328\CPT_Vehicle_open_20190328_SPP_F_LC_vel.png
2026-01-06 18:53:12,284 - INFO - ✓ 保存图像: G:\Navigation_Learn\GNSS\RTKLIB-b34k\batch_process\figure\CPT_Vehicle_open_20190328\CPT_Vehicle_open_20190328_SPP_F_LC_att.png
2026-01-06 18:53:12,294 - INFO - ✓ 所有图像已保存到 G:\Navigation_Learn\GNSS\RTKLIB-b34k\batch_process\figure\CPT_Vehicle_open_20190328
2026-01-06 18:53:12,294 - INFO - ✓ 误差分析完成: CPT_Vehicle_open_20190328_SPP_F_LC.pos
2026-01-06 18:53:12,961 - INFO - ✓ 误差统计结果保存到Excel文件: G:\Navigation_Learn\GNSS\RTKLIB-b34k\batch_process\excel\error_stats_SPP LC_20260106_185312.xlsx
2026-01-06 18:53:12,961 - INFO - 27 个批处理任务结束。
2026-01-06 18:53:12,962 - INFO - 总共耗费时间: 14.09 秒 (0.23 分钟)
2026-01-06 18:53:12,962 - INFO - 日志文件保存路径: G:\Navigation_Learn\GNSS\RTKLIB-b34k\batch_process\log\batch_process_20260106_185258.log
