2026-01-07 16:20:01,375 - INFO - 日志文件保存位置: G:\Navigation_Learn\GNSS\RTKLIB-b34k\batch_process\log\batch_process_20260107_162001.log
2026-01-07 16:20:01,377 - INFO - 批处理任务开始执行
2026-01-07 16:20:01,377 - INFO - 当前工作目录 (Data Root): G:\Navigation_Learn\GNSS\RTKLIB-b34k\data\GNSS_INS
2026-01-07 16:20:01,377 - INFO - 解算程序路径 (EXE Path):  G:\Navigation_Learn\GNSS\RTKLIB-b34k\build\Bin\GINSLIB.exe
2026-01-07 16:20:01,377 - INFO - ------------------------------------------------------------
2026-01-07 16:20:01,378 - INFO - 共 41 个数据任务，开始批处理...
2026-01-07 16:20:01,378 - INFO - 第 23 个任务: HGI300_Uav_open_20210119
2026-01-07 16:20:01,383 - INFO - - 路径: G:\Navigation_Learn\GNSS\RTKLIB-b34k\data\GNSS_INS\HGI300_Uav_open_20210119
2026-01-07 16:20:01,383 - INFO - - 配置: HGI300_Uav_open_20210119.conf
2026-01-07 16:20:05,169 - INFO - [GINSLIB] MEGX DCB file open error: G:\Navigation_Learn\GNSS\RTKLIB-b34k\data\GNSS_INS\HGI300_Uav_open_20210119\.\products\CAS0MGXRAP_20210190000_01D_01D_DCB.BSX!
2026-01-07 16:20:05,169 - INFO - [GINSLIB] processing : 2021/01/19 07:29:44 Q=0
2026-01-07 16:20:05,169 - INFO - [GINSLIB] processing : 2021/01/19 07:29:44 Q=5
2026-01-07 16:20:05,170 - INFO - [GINSLIB] processing : 2021/01/19 07:29:45 Q=5
2026-01-07 16:20:05,170 - INFO - [GINSLIB] processing : 2021/01/19 07:29:46 Q=5
2026-01-07 16:20:05,170 - INFO - [GINSLIB] processing : 2021/01/19 07:29:47 Q=5
2026-01-07 16:20:05,170 - INFO - [GINSLIB] processing : 2021/01/19 07:29:48 Q=5
2026-01-07 16:20:05,170 - INFO - [GINSLIB] processing : 2021/01/19 07:29:49 Q=5
2026-01-07 16:20:05,170 - INFO - [GINSLIB] processing : 2021/01/19 07:29:50 Q=5
2026-01-07 16:20:05,171 - INFO - [GINSLIB] processing : 2021/01/19 07:29:51 Q=5
2026-01-07 16:20:05,171 - INFO - [GINSLIB] processing : 2021/01/19 07:29:52 Q=5
2026-01-07 16:20:05,171 - INFO - [GINSLIB] processing : 2021/01/19 07:29:53 Q=5
2026-01-07 16:20:05,171 - INFO - [GINSLIB] processing : 2021/01/19 07:29:54 Q=5
2026-01-07 16:20:05,171 - INFO - [GINSLIB] processing : 2021/01/19 07:29:55 Q=5
2026-01-07 16:20:05,172 - INFO - [GINSLIB] processing : 2021/01/19 07:29:56 Q=5
2026-01-07 16:20:05,172 - INFO - [GINSLIB] processing : 2021/01/19 07:29:57 Q=5
2026-01-07 16:20:05,172 - INFO - [GINSLIB] processing : 2021/01/19 07:29:58 Q=5
2026-01-07 16:20:05,172 - INFO - [GINSLIB] processing : 2021/01/19 07:29:59 Q=5
2026-01-07 16:20:05,172 - INFO - [GINSLIB] processing : 2021/01/19 07:30:00 Q=5
2026-01-07 16:20:05,172 - INFO - [GINSLIB] processing : 2021/01/19 07:30:01 Q=5
2026-01-07 16:20:05,172 - INFO - [GINSLIB] processing : 2021/01/19 07:30:02 Q=5
2026-01-07 16:20:05,172 - INFO - [GINSLIB] processing : 2021/01/19 07:30:03 Q=5
2026-01-07 16:20:05,173 - INFO - [GINSLIB] processing : 2021/01/19 07:30:04 Q=5
2026-01-07 16:20:05,173 - INFO - [GINSLIB] processing : 2021/01/19 07:30:05 Q=5
2026-01-07 16:20:05,373 - INFO - [GINSLIB] processing : 2021/01/19 07:30:06 Q=5
2026-01-07 16:20:05,373 - INFO - [GINSLIB] processing : 2021/01/19 07:30:07 Q=5
2026-01-07 16:20:05,373 - INFO - [GINSLIB] processing : 2021/01/19 07:30:08 Q=5
2026-01-07 16:20:05,373 - INFO - [GINSLIB] processing : 2021/01/19 07:30:09 Q=5
2026-01-07 16:20:05,373 - INFO - [GINSLIB] processing : 2021/01/19 07:30:10 Q=5
2026-01-07 16:20:05,374 - INFO - [GINSLIB] processing : 2021/01/19 07:30:11 Q=5
2026-01-07 16:20:05,374 - INFO - [GINSLIB] processing : 2021/01/19 07:30:12 Q=5
2026-01-07 16:20:05,374 - INFO - [GINSLIB] processing : 2021/01/19 07:30:13 Q=5
2026-01-07 16:20:05,374 - INFO - [GINSLIB] processing : 2021/01/19 07:30:14 Q=5
2026-01-07 16:20:05,374 - INFO - [GINSLIB] processing : 2021/01/19 07:30:15 Q=5
2026-01-07 16:20:05,374 - INFO - [GINSLIB] processing : 2021/01/19 07:30:16 Q=5
2026-01-07 16:20:05,375 - INFO - [GINSLIB] processing : 2021/01/19 07:30:17 Q=5
2026-01-07 16:20:05,375 - INFO - [GINSLIB] processing : 2021/01/19 07:30:18 Q=5
2026-01-07 16:20:05,375 - INFO - [GINSLIB] processing : 2021/01/19 07:30:19 Q=5
2026-01-07 16:20:05,375 - INFO - [GINSLIB] processing : 2021/01/19 07:30:20 Q=5
2026-01-07 16:20:05,375 - INFO - [GINSLIB] processing : 2021/01/19 07:30:21 Q=5
2026-01-07 16:20:05,375 - INFO - [GINSLIB] processing : 2021/01/19 07:30:22 Q=5
2026-01-07 16:20:05,376 - INFO - [GINSLIB] processing : 2021/01/19 07:30:23 Q=5
2026-01-07 16:20:05,376 - INFO - [GINSLIB] processing : 2021/01/19 07:30:24 Q=5
2026-01-07 16:20:05,376 - INFO - [GINSLIB] processing : 2021/01/19 07:30:25 Q=5
2026-01-07 16:20:05,376 - INFO - [GINSLIB] processing : 2021/01/19 07:30:26 Q=5
2026-01-07 16:20:05,376 - INFO - [GINSLIB] processing : 2021/01/19 07:30:27 Q=5
2026-01-07 16:20:05,584 - INFO - [GINSLIB] processing : 2021/01/19 07:30:28 Q=5
2026-01-07 16:20:05,585 - INFO - [GINSLIB] processing : 2021/01/19 07:30:29 Q=5
2026-01-07 16:20:05,585 - INFO - [GINSLIB] processing : 2021/01/19 07:30:30 Q=5
2026-01-07 16:20:05,585 - INFO - [GINSLIB] processing : 2021/01/19 07:30:31 Q=5
2026-01-07 16:20:05,585 - INFO - [GINSLIB] processing : 2021/01/19 07:30:32 Q=5
2026-01-07 16:20:05,585 - INFO - [GINSLIB] processing : 2021/01/19 07:30:33 Q=5
2026-01-07 16:20:05,586 - INFO - [GINSLIB] processing : 2021/01/19 07:30:34 Q=5
2026-01-07 16:20:05,586 - INFO - [GINSLIB] processing : 2021/01/19 07:30:35 Q=5
2026-01-07 16:20:05,586 - INFO - [GINSLIB] processing : 2021/01/19 07:30:36 Q=5
2026-01-07 16:20:05,586 - INFO - [GINSLIB] processing : 2021/01/19 07:30:37 Q=5
2026-01-07 16:20:05,586 - INFO - [GINSLIB] processing : 2021/01/19 07:30:38 Q=5
2026-01-07 16:20:05,586 - INFO - [GINSLIB] processing : 2021/01/19 07:30:39 Q=5
2026-01-07 16:20:05,586 - INFO - [GINSLIB] processing : 2021/01/19 07:30:40 Q=5
2026-01-07 16:20:05,586 - INFO - [GINSLIB] processing : 2021/01/19 07:30:41 Q=5
2026-01-07 16:20:05,586 - INFO - [GINSLIB] processing : 2021/01/19 07:30:42 Q=5
2026-01-07 16:20:05,587 - INFO - [GINSLIB] processing : 2021/01/19 07:30:43 Q=5
2026-01-07 16:20:05,587 - INFO - [GINSLIB] processing : 2021/01/19 07:30:44 Q=5
2026-01-07 16:20:05,587 - INFO - [GINSLIB] processing : 2021/01/19 07:30:45 Q=5
2026-01-07 16:20:05,587 - INFO - [GINSLIB] processing : 2021/01/19 07:30:46 Q=5
2026-01-07 16:20:05,587 - INFO - [GINSLIB] processing : 2021/01/19 07:30:47 Q=5
2026-01-07 16:20:05,587 - INFO - [GINSLIB] processing : 2021/01/19 07:30:48 Q=5
2026-01-07 16:20:05,587 - INFO - [GINSLIB] processing : 2021/01/19 07:30:49 Q=5
2026-01-07 16:20:05,775 - INFO - [GINSLIB] processing : 2021/01/19 07:30:50 Q=5
2026-01-07 16:20:05,776 - INFO - [GINSLIB] processing : 2021/01/19 07:30:51 Q=5
2026-01-07 16:20:05,776 - INFO - [GINSLIB] processing : 2021/01/19 07:30:52 Q=5
2026-01-07 16:20:05,776 - INFO - [GINSLIB] processing : 2021/01/19 07:30:53 Q=5
2026-01-07 16:20:05,776 - INFO - [GINSLIB] processing : 2021/01/19 07:30:54 Q=5
2026-01-07 16:20:05,776 - INFO - [GINSLIB] processing : 2021/01/19 07:30:55 Q=5
2026-01-07 16:20:05,777 - INFO - [GINSLIB] processing : 2021/01/19 07:30:56 Q=5
2026-01-07 16:20:05,777 - INFO - [GINSLIB] processing : 2021/01/19 07:30:57 Q=5
2026-01-07 16:20:05,777 - INFO - [GINSLIB] processing : 2021/01/19 07:30:58 Q=5
2026-01-07 16:20:05,777 - INFO - [GINSLIB] processing : 2021/01/19 07:30:59 Q=5
2026-01-07 16:20:05,777 - INFO - [GINSLIB] processing : 2021/01/19 07:31:00 Q=5
2026-01-07 16:20:05,777 - INFO - [GINSLIB] processing : 2021/01/19 07:31:01 Q=5
2026-01-07 16:20:05,778 - INFO - [GINSLIB] processing : 2021/01/19 07:31:02 Q=5
2026-01-07 16:20:05,778 - INFO - [GINSLIB] processing : 2021/01/19 07:31:03 Q=5
2026-01-07 16:20:05,778 - INFO - [GINSLIB] processing : 2021/01/19 07:31:04 Q=5
2026-01-07 16:20:05,778 - INFO - [GINSLIB] processing : 2021/01/19 07:31:05 Q=5
2026-01-07 16:20:05,778 - INFO - [GINSLIB] processing : 2021/01/19 07:31:06 Q=5
2026-01-07 16:20:05,778 - INFO - [GINSLIB] processing : 2021/01/19 07:31:07 Q=5
2026-01-07 16:20:05,778 - INFO - [GINSLIB] processing : 2021/01/19 07:31:08 Q=5
2026-01-07 16:20:05,778 - INFO - [GINSLIB] processing : 2021/01/19 07:31:09 Q=5
2026-01-07 16:20:05,779 - INFO - [GINSLIB] processing : 2021/01/19 07:31:10 Q=5
2026-01-07 16:20:05,779 - INFO - [GINSLIB] processing : 2021/01/19 07:31:11 Q=5
2026-01-07 16:20:05,963 - INFO - [GINSLIB] processing : 2021/01/19 07:31:12 Q=5
2026-01-07 16:20:05,964 - INFO - [GINSLIB] processing : 2021/01/19 07:31:13 Q=5
2026-01-07 16:20:05,964 - INFO - [GINSLIB] processing : 2021/01/19 07:31:14 Q=5
2026-01-07 16:20:05,964 - INFO - [GINSLIB] processing : 2021/01/19 07:31:15 Q=5
2026-01-07 16:20:05,964 - INFO - [GINSLIB] processing : 2021/01/19 07:31:16 Q=5
2026-01-07 16:20:05,964 - INFO - [GINSLIB] processing : 2021/01/19 07:31:17 Q=5
2026-01-07 16:20:05,964 - INFO - [GINSLIB] processing : 2021/01/19 07:31:18 Q=5
2026-01-07 16:20:05,965 - INFO - [GINSLIB] processing : 2021/01/19 07:31:19 Q=5
2026-01-07 16:20:05,965 - INFO - [GINSLIB] processing : 2021/01/19 07:31:20 Q=5
2026-01-07 16:20:05,965 - INFO - [GINSLIB] processing : 2021/01/19 07:31:21 Q=5
2026-01-07 16:20:05,965 - INFO - [GINSLIB] processing : 2021/01/19 07:31:22 Q=5
2026-01-07 16:20:05,965 - INFO - [GINSLIB] processing : 2021/01/19 07:31:23 Q=5
2026-01-07 16:20:05,966 - INFO - [GINSLIB] processing : 2021/01/19 07:31:24 Q=5
2026-01-07 16:20:05,966 - INFO - [GINSLIB] processing : 2021/01/19 07:31:25 Q=5
2026-01-07 16:20:05,966 - INFO - [GINSLIB] processing : 2021/01/19 07:31:26 Q=5
2026-01-07 16:20:05,966 - INFO - [GINSLIB] processing : 2021/01/19 07:31:27 Q=5
2026-01-07 16:20:05,966 - INFO - [GINSLIB] processing : 2021/01/19 07:31:28 Q=5
2026-01-07 16:20:05,967 - INFO - [GINSLIB] processing : 2021/01/19 07:31:29 Q=5
2026-01-07 16:20:05,967 - INFO - [GINSLIB] processing : 2021/01/19 07:31:30 Q=5
2026-01-07 16:20:05,967 - INFO - [GINSLIB] processing : 2021/01/19 07:31:31 Q=5
2026-01-07 16:20:05,967 - INFO - [GINSLIB] processing : 2021/01/19 07:31:32 Q=5
2026-01-07 16:20:05,967 - INFO - [GINSLIB] processing : 2021/01/19 07:31:33 Q=5
2026-01-07 16:20:05,967 - INFO - [GINSLIB] processing : 2021/01/19 07:31:34 Q=5
2026-01-07 16:20:06,154 - INFO - [GINSLIB] processing : 2021/01/19 07:31:35 Q=5
2026-01-07 16:20:06,154 - INFO - [GINSLIB] processing : 2021/01/19 07:31:36 Q=5
2026-01-07 16:20:06,154 - INFO - [GINSLIB] processing : 2021/01/19 07:31:37 Q=5
2026-01-07 16:20:06,154 - INFO - [GINSLIB] processing : 2021/01/19 07:31:38 Q=5
2026-01-07 16:20:06,154 - INFO - [GINSLIB] processing : 2021/01/19 07:31:39 Q=5
2026-01-07 16:20:06,154 - INFO - [GINSLIB] processing : 2021/01/19 07:31:40 Q=5
2026-01-07 16:20:06,154 - INFO - [GINSLIB] processing : 2021/01/19 07:31:41 Q=5
2026-01-07 16:20:06,154 - INFO - [GINSLIB] processing : 2021/01/19 07:31:42 Q=5
2026-01-07 16:20:06,154 - INFO - [GINSLIB] processing : 2021/01/19 07:31:43 Q=5
2026-01-07 16:20:06,155 - INFO - [GINSLIB] processing : 2021/01/19 07:31:44 Q=5
2026-01-07 16:20:06,155 - INFO - [GINSLIB] processing : 2021/01/19 07:31:45 Q=5
2026-01-07 16:20:06,155 - INFO - [GINSLIB] processing : 2021/01/19 07:31:46 Q=5
2026-01-07 16:20:06,155 - INFO - [GINSLIB] processing : 2021/01/19 07:31:47 Q=5
2026-01-07 16:20:06,155 - INFO - [GINSLIB] processing : 2021/01/19 07:31:48 Q=5
2026-01-07 16:20:06,155 - INFO - [GINSLIB] processing : 2021/01/19 07:31:49 Q=5
2026-01-07 16:20:06,155 - INFO - [GINSLIB] processing : 2021/01/19 07:31:50 Q=5
2026-01-07 16:20:06,155 - INFO - [GINSLIB] processing : 2021/01/19 07:31:51 Q=5
2026-01-07 16:20:06,155 - INFO - [GINSLIB] processing : 2021/01/19 07:31:52 Q=5
2026-01-07 16:20:06,155 - INFO - [GINSLIB] processing : 2021/01/19 07:31:53 Q=5
2026-01-07 16:20:06,155 - INFO - [GINSLIB] processing : 2021/01/19 07:31:54 Q=5
2026-01-07 16:20:06,155 - INFO - [GINSLIB] processing : 2021/01/19 07:31:55 Q=5
2026-01-07 16:20:06,155 - INFO - [GINSLIB] processing : 2021/01/19 07:31:56 Q=5
2026-01-07 16:20:06,353 - INFO - [GINSLIB] processing : 2021/01/19 07:31:57 Q=5
2026-01-07 16:20:06,354 - INFO - [GINSLIB] processing : 2021/01/19 07:31:58 Q=5
2026-01-07 16:20:06,354 - INFO - [GINSLIB] processing : 2021/01/19 07:31:59 Q=5
2026-01-07 16:20:06,354 - INFO - [GINSLIB] processing : 2021/01/19 07:32:00 Q=5
2026-01-07 16:20:06,354 - INFO - [GINSLIB] processing : 2021/01/19 07:32:01 Q=5
2026-01-07 16:20:06,355 - INFO - [GINSLIB] processing : 2021/01/19 07:32:02 Q=5
2026-01-07 16:20:06,355 - INFO - [GINSLIB] processing : 2021/01/19 07:32:03 Q=5
2026-01-07 16:20:06,355 - INFO - [GINSLIB] processing : 2021/01/19 07:32:04 Q=5
2026-01-07 16:20:06,355 - INFO - [GINSLIB] processing : 2021/01/19 07:32:05 Q=5
2026-01-07 16:20:06,355 - INFO - [GINSLIB] processing : 2021/01/19 07:32:06 Q=5
2026-01-07 16:20:06,355 - INFO - [GINSLIB] processing : 2021/01/19 07:32:07 Q=5
2026-01-07 16:20:06,355 - INFO - [GINSLIB] processing : 2021/01/19 07:32:08 Q=5
2026-01-07 16:20:06,356 - INFO - [GINSLIB] processing : 2021/01/19 07:32:09 Q=5
2026-01-07 16:20:06,356 - INFO - [GINSLIB] processing : 2021/01/19 07:32:10 Q=5
2026-01-07 16:20:06,356 - INFO - [GINSLIB] processing : 2021/01/19 07:32:11 Q=5
2026-01-07 16:20:06,356 - INFO - [GINSLIB] processing : 2021/01/19 07:32:12 Q=5
2026-01-07 16:20:06,356 - INFO - [GINSLIB] processing : 2021/01/19 07:32:13 Q=5
2026-01-07 16:20:06,356 - INFO - [GINSLIB] processing : 2021/01/19 07:32:14 Q=5
2026-01-07 16:20:06,357 - INFO - [GINSLIB] processing : 2021/01/19 07:32:15 Q=5
2026-01-07 16:20:06,357 - INFO - [GINSLIB] processing : 2021/01/19 07:32:16 Q=5
2026-01-07 16:20:06,357 - INFO - [GINSLIB] processing : 2021/01/19 07:32:17 Q=5
2026-01-07 16:20:06,357 - INFO - [GINSLIB] processing : 2021/01/19 07:32:18 Q=5
2026-01-07 16:20:06,573 - INFO - [GINSLIB] processing : 2021/01/19 07:32:19 Q=5
2026-01-07 16:20:06,573 - INFO - [GINSLIB] processing : 2021/01/19 07:32:20 Q=5
2026-01-07 16:20:06,573 - INFO - [GINSLIB] processing : 2021/01/19 07:32:21 Q=5
2026-01-07 16:20:06,573 - INFO - [GINSLIB] processing : 2021/01/19 07:32:22 Q=5
2026-01-07 16:20:06,573 - INFO - [GINSLIB] processing : 2021/01/19 07:32:23 Q=5
2026-01-07 16:20:06,573 - INFO - [GINSLIB] processing : 2021/01/19 07:32:24 Q=5
2026-01-07 16:20:06,573 - INFO - [GINSLIB] processing : 2021/01/19 07:32:25 Q=5
2026-01-07 16:20:06,574 - INFO - [GINSLIB] processing : 2021/01/19 07:32:26 Q=5
2026-01-07 16:20:06,574 - INFO - [GINSLIB] processing : 2021/01/19 07:32:27 Q=5
2026-01-07 16:20:06,574 - INFO - [GINSLIB] processing : 2021/01/19 07:32:28 Q=5
2026-01-07 16:20:06,574 - INFO - [GINSLIB] processing : 2021/01/19 07:32:29 Q=5
2026-01-07 16:20:06,574 - INFO - [GINSLIB] processing : 2021/01/19 07:32:30 Q=5
2026-01-07 16:20:06,574 - INFO - [GINSLIB] processing : 2021/01/19 07:32:31 Q=5
2026-01-07 16:20:06,574 - INFO - [GINSLIB] processing : 2021/01/19 07:32:32 Q=5
2026-01-07 16:20:06,574 - INFO - [GINSLIB] processing : 2021/01/19 07:32:33 Q=5
2026-01-07 16:20:06,574 - INFO - [GINSLIB] processing : 2021/01/19 07:32:34 Q=5
2026-01-07 16:20:06,574 - INFO - [GINSLIB] processing : 2021/01/19 07:32:35 Q=5
2026-01-07 16:20:06,574 - INFO - [GINSLIB] processing : 2021/01/19 07:32:36 Q=5
2026-01-07 16:20:06,574 - INFO - [GINSLIB] processing : 2021/01/19 07:32:37 Q=5
2026-01-07 16:20:06,574 - INFO - [GINSLIB] processing : 2021/01/19 07:32:38 Q=5
2026-01-07 16:20:06,574 - INFO - [GINSLIB] processing : 2021/01/19 07:32:39 Q=5
2026-01-07 16:20:06,575 - INFO - [GINSLIB] processing : 2021/01/19 07:32:40 Q=5
2026-01-07 16:20:06,777 - INFO - [GINSLIB] processing : 2021/01/19 07:32:41 Q=5
2026-01-07 16:20:06,777 - INFO - [GINSLIB] processing : 2021/01/19 07:32:42 Q=5
2026-01-07 16:20:06,778 - INFO - [GINSLIB] processing : 2021/01/19 07:32:43 Q=5
2026-01-07 16:20:06,778 - INFO - [GINSLIB] processing : 2021/01/19 07:32:44 Q=5
2026-01-07 16:20:06,778 - INFO - [GINSLIB] processing : 2021/01/19 07:32:45 Q=5
2026-01-07 16:20:06,778 - INFO - [GINSLIB] processing : 2021/01/19 07:32:46 Q=5
2026-01-07 16:20:06,778 - INFO - [GINSLIB] processing : 2021/01/19 07:32:47 Q=5
2026-01-07 16:20:06,778 - INFO - [GINSLIB] processing : 2021/01/19 07:32:48 Q=5
2026-01-07 16:20:06,778 - INFO - [GINSLIB] processing : 2021/01/19 07:32:49 Q=5
2026-01-07 16:20:06,778 - INFO - [GINSLIB] processing : 2021/01/19 07:32:50 Q=5
2026-01-07 16:20:06,778 - INFO - [GINSLIB] processing : 2021/01/19 07:32:51 Q=5
2026-01-07 16:20:06,779 - INFO - [GINSLIB] processing : 2021/01/19 07:32:52 Q=5
2026-01-07 16:20:06,779 - INFO - [GINSLIB] processing : 2021/01/19 07:32:53 Q=5
2026-01-07 16:20:06,779 - INFO - [GINSLIB] processing : 2021/01/19 07:32:54 Q=5
2026-01-07 16:20:06,779 - INFO - [GINSLIB] processing : 2021/01/19 07:32:55 Q=5
2026-01-07 16:20:06,779 - INFO - [GINSLIB] processing : 2021/01/19 07:32:56 Q=5
2026-01-07 16:20:06,779 - INFO - [GINSLIB] processing : 2021/01/19 07:32:57 Q=5
2026-01-07 16:20:06,779 - INFO - [GINSLIB] processing : 2021/01/19 07:32:58 Q=5
2026-01-07 16:20:06,779 - INFO - [GINSLIB] processing : 2021/01/19 07:32:59 Q=5
2026-01-07 16:20:06,780 - INFO - [GINSLIB] processing : 2021/01/19 07:33:00 Q=5
2026-01-07 16:20:06,780 - INFO - [GINSLIB] processing : 2021/01/19 07:33:01 Q=5
2026-01-07 16:20:06,780 - INFO - [GINSLIB] processing : 2021/01/19 07:33:02 Q=5
2026-01-07 16:20:06,988 - INFO - [GINSLIB] processing : 2021/01/19 07:33:03 Q=5
2026-01-07 16:20:06,989 - INFO - [GINSLIB] processing : 2021/01/19 07:33:04 Q=5
2026-01-07 16:20:06,989 - INFO - [GINSLIB] processing : 2021/01/19 07:33:05 Q=5
2026-01-07 16:20:06,989 - INFO - [GINSLIB] processing : 2021/01/19 07:33:06 Q=5
2026-01-07 16:20:06,989 - INFO - [GINSLIB] processing : 2021/01/19 07:33:07 Q=5
2026-01-07 16:20:06,989 - INFO - [GINSLIB] processing : 2021/01/19 07:33:08 Q=5
2026-01-07 16:20:06,989 - INFO - [GINSLIB] processing : 2021/01/19 07:33:09 Q=5
2026-01-07 16:20:06,989 - INFO - [GINSLIB] processing : 2021/01/19 07:33:10 Q=5
2026-01-07 16:20:06,989 - INFO - [GINSLIB] processing : 2021/01/19 07:33:11 Q=5
2026-01-07 16:20:06,989 - INFO - [GINSLIB] processing : 2021/01/19 07:33:12 Q=5
2026-01-07 16:20:06,990 - INFO - [GINSLIB] processing : 2021/01/19 07:33:13 Q=5
2026-01-07 16:20:06,990 - INFO - [GINSLIB] processing : 2021/01/19 07:33:14 Q=5
2026-01-07 16:20:06,990 - INFO - [GINSLIB] processing : 2021/01/19 07:33:15 Q=5
2026-01-07 16:20:06,990 - INFO - [GINSLIB] processing : 2021/01/19 07:33:16 Q=5
2026-01-07 16:20:06,990 - INFO - [GINSLIB] processing : 2021/01/19 07:33:17 Q=5
2026-01-07 16:20:06,990 - INFO - [GINSLIB] processing : 2021/01/19 07:33:18 Q=5
2026-01-07 16:20:06,990 - INFO - [GINSLIB] processing : 2021/01/19 07:33:19 Q=5
2026-01-07 16:20:06,990 - INFO - [GINSLIB] processing : 2021/01/19 07:33:20 Q=5
2026-01-07 16:20:06,990 - INFO - [GINSLIB] processing : 2021/01/19 07:33:21 Q=5
2026-01-07 16:20:06,990 - INFO - [GINSLIB] processing : 2021/01/19 07:33:22 Q=5
2026-01-07 16:20:06,990 - INFO - [GINSLIB] processing : 2021/01/19 07:33:23 Q=5
2026-01-07 16:20:06,991 - INFO - [GINSLIB] processing : 2021/01/19 07:33:24 Q=5
2026-01-07 16:20:07,184 - INFO - [GINSLIB] processing : 2021/01/19 07:33:25 Q=5
2026-01-07 16:20:07,184 - INFO - [GINSLIB] processing : 2021/01/19 07:33:26 Q=5
2026-01-07 16:20:07,185 - INFO - [GINSLIB] processing : 2021/01/19 07:33:27 Q=5
2026-01-07 16:20:07,185 - INFO - [GINSLIB] processing : 2021/01/19 07:33:28 Q=5
2026-01-07 16:20:07,185 - INFO - [GINSLIB] processing : 2021/01/19 07:33:29 Q=5
2026-01-07 16:20:07,185 - INFO - [GINSLIB] processing : 2021/01/19 07:33:30 Q=5
2026-01-07 16:20:07,185 - INFO - [GINSLIB] processing : 2021/01/19 07:33:31 Q=5
2026-01-07 16:20:07,185 - INFO - [GINSLIB] processing : 2021/01/19 07:33:32 Q=5
2026-01-07 16:20:07,185 - INFO - [GINSLIB] processing : 2021/01/19 07:33:33 Q=5
2026-01-07 16:20:07,186 - INFO - [GINSLIB] processing : 2021/01/19 07:33:34 Q=5
2026-01-07 16:20:07,186 - INFO - [GINSLIB] processing : 2021/01/19 07:33:35 Q=5
2026-01-07 16:20:07,186 - INFO - [GINSLIB] processing : 2021/01/19 07:33:36 Q=5
2026-01-07 16:20:07,186 - INFO - [GINSLIB] processing : 2021/01/19 07:33:37 Q=5
2026-01-07 16:20:07,186 - INFO - [GINSLIB] processing : 2021/01/19 07:33:38 Q=5
2026-01-07 16:20:07,186 - INFO - [GINSLIB] processing : 2021/01/19 07:33:39 Q=5
2026-01-07 16:20:07,186 - INFO - [GINSLIB] processing : 2021/01/19 07:33:40 Q=5
2026-01-07 16:20:07,186 - INFO - [GINSLIB] processing : 2021/01/19 07:33:41 Q=5
2026-01-07 16:20:07,187 - INFO - [GINSLIB] processing : 2021/01/19 07:33:42 Q=5
2026-01-07 16:20:07,187 - INFO - [GINSLIB] processing : 2021/01/19 07:33:43 Q=5
2026-01-07 16:20:07,187 - INFO - [GINSLIB] processing : 2021/01/19 07:33:44 Q=5
2026-01-07 16:20:07,187 - INFO - [GINSLIB] processing : 2021/01/19 07:33:45 Q=5
2026-01-07 16:20:07,187 - INFO - [GINSLIB] processing : 2021/01/19 07:33:46 Q=5
2026-01-07 16:20:07,379 - INFO - [GINSLIB] processing : 2021/01/19 07:33:47 Q=5
2026-01-07 16:20:07,379 - INFO - [GINSLIB] processing : 2021/01/19 07:33:48 Q=5
2026-01-07 16:20:07,379 - INFO - [GINSLIB] processing : 2021/01/19 07:33:49 Q=5
2026-01-07 16:20:07,379 - INFO - [GINSLIB] processing : 2021/01/19 07:33:50 Q=5
2026-01-07 16:20:07,380 - INFO - [GINSLIB] processing : 2021/01/19 07:33:51 Q=5
2026-01-07 16:20:07,380 - INFO - [GINSLIB] processing : 2021/01/19 07:33:52 Q=5
2026-01-07 16:20:07,380 - INFO - [GINSLIB] processing : 2021/01/19 07:33:53 Q=5
2026-01-07 16:20:07,380 - INFO - [GINSLIB] processing : 2021/01/19 07:33:54 Q=5
2026-01-07 16:20:07,380 - INFO - [GINSLIB] processing : 2021/01/19 07:33:55 Q=5
2026-01-07 16:20:07,381 - INFO - [GINSLIB] processing : 2021/01/19 07:33:56 Q=5
2026-01-07 16:20:07,381 - INFO - [GINSLIB] processing : 2021/01/19 07:33:57 Q=5
2026-01-07 16:20:07,381 - INFO - [GINSLIB] processing : 2021/01/19 07:33:58 Q=5
2026-01-07 16:20:07,381 - INFO - [GINSLIB] processing : 2021/01/19 07:33:59 Q=5
2026-01-07 16:20:07,381 - INFO - [GINSLIB] processing : 2021/01/19 07:34:00 Q=5
2026-01-07 16:20:07,382 - INFO - [GINSLIB] processing : 2021/01/19 07:34:01 Q=5
2026-01-07 16:20:07,382 - INFO - [GINSLIB] processing : 2021/01/19 07:34:02 Q=5
2026-01-07 16:20:07,382 - INFO - [GINSLIB] processing : 2021/01/19 07:34:03 Q=5
2026-01-07 16:20:07,382 - INFO - [GINSLIB] processing : 2021/01/19 07:34:04 Q=5
2026-01-07 16:20:07,382 - INFO - [GINSLIB] processing : 2021/01/19 07:34:05 Q=5
2026-01-07 16:20:07,382 - INFO - [GINSLIB] processing : 2021/01/19 07:34:06 Q=5
2026-01-07 16:20:07,383 - INFO - [GINSLIB] processing : 2021/01/19 07:34:07 Q=5
2026-01-07 16:20:07,383 - INFO - [GINSLIB] processing : 2021/01/19 07:34:08 Q=5
2026-01-07 16:20:07,383 - INFO - [GINSLIB] processing : 2021/01/19 07:34:09 Q=5
2026-01-07 16:20:07,590 - INFO - [GINSLIB] processing : 2021/01/19 07:34:10 Q=5
2026-01-07 16:20:07,590 - INFO - [GINSLIB] processing : 2021/01/19 07:34:11 Q=5
2026-01-07 16:20:07,590 - INFO - [GINSLIB] processing : 2021/01/19 07:34:12 Q=5
2026-01-07 16:20:07,590 - INFO - [GINSLIB] processing : 2021/01/19 07:34:13 Q=5
2026-01-07 16:20:07,591 - INFO - [GINSLIB] processing : 2021/01/19 07:34:14 Q=5
2026-01-07 16:20:07,591 - INFO - [GINSLIB] processing : 2021/01/19 07:34:15 Q=5
2026-01-07 16:20:07,591 - INFO - [GINSLIB] processing : 2021/01/19 07:34:16 Q=5
2026-01-07 16:20:07,591 - INFO - [GINSLIB] processing : 2021/01/19 07:34:17 Q=5
2026-01-07 16:20:07,591 - INFO - [GINSLIB] processing : 2021/01/19 07:34:18 Q=5
2026-01-07 16:20:07,591 - INFO - [GINSLIB] processing : 2021/01/19 07:34:19 Q=5
2026-01-07 16:20:07,591 - INFO - [GINSLIB] processing : 2021/01/19 07:34:20 Q=5
2026-01-07 16:20:07,592 - INFO - [GINSLIB] processing : 2021/01/19 07:34:21 Q=5
2026-01-07 16:20:07,592 - INFO - [GINSLIB] processing : 2021/01/19 07:34:22 Q=5
2026-01-07 16:20:07,592 - INFO - [GINSLIB] processing : 2021/01/19 07:34:23 Q=5
2026-01-07 16:20:07,592 - INFO - [GINSLIB] processing : 2021/01/19 07:34:24 Q=5
2026-01-07 16:20:07,592 - INFO - [GINSLIB] processing : 2021/01/19 07:34:25 Q=5
2026-01-07 16:20:07,592 - INFO - [GINSLIB] processing : 2021/01/19 07:34:26 Q=5
2026-01-07 16:20:07,592 - INFO - [GINSLIB] processing : 2021/01/19 07:34:27 Q=5
2026-01-07 16:20:07,592 - INFO - [GINSLIB] processing : 2021/01/19 07:34:28 Q=5
2026-01-07 16:20:07,593 - INFO - [GINSLIB] processing : 2021/01/19 07:34:29 Q=5
2026-01-07 16:20:07,593 - INFO - [GINSLIB] processing : 2021/01/19 07:34:30 Q=5
2026-01-07 16:20:07,593 - INFO - [GINSLIB] processing : 2021/01/19 07:34:31 Q=5
2026-01-07 16:20:07,788 - INFO - [GINSLIB] processing : 2021/01/19 07:34:32 Q=5
2026-01-07 16:20:07,788 - INFO - [GINSLIB] processing : 2021/01/19 07:34:33 Q=5
2026-01-07 16:20:07,788 - INFO - [GINSLIB] processing : 2021/01/19 07:34:34 Q=5
2026-01-07 16:20:07,789 - INFO - [GINSLIB] processing : 2021/01/19 07:34:35 Q=5
2026-01-07 16:20:07,789 - INFO - [GINSLIB] processing : 2021/01/19 07:34:36 Q=5
2026-01-07 16:20:07,789 - INFO - [GINSLIB] processing : 2021/01/19 07:34:37 Q=5
2026-01-07 16:20:07,789 - INFO - [GINSLIB] processing : 2021/01/19 07:34:38 Q=5
2026-01-07 16:20:07,789 - INFO - [GINSLIB] processing : 2021/01/19 07:34:39 Q=5
2026-01-07 16:20:07,789 - INFO - [GINSLIB] processing : 2021/01/19 07:34:40 Q=5
2026-01-07 16:20:07,790 - INFO - [GINSLIB] processing : 2021/01/19 07:34:41 Q=5
2026-01-07 16:20:07,790 - INFO - [GINSLIB] processing : 2021/01/19 07:34:42 Q=5
2026-01-07 16:20:07,790 - INFO - [GINSLIB] processing : 2021/01/19 07:34:43 Q=5
2026-01-07 16:20:07,790 - INFO - [GINSLIB] processing : 2021/01/19 07:34:44 Q=5
2026-01-07 16:20:07,790 - INFO - [GINSLIB] processing : 2021/01/19 07:34:45 Q=5
2026-01-07 16:20:07,790 - INFO - [GINSLIB] processing : 2021/01/19 07:34:46 Q=5
2026-01-07 16:20:07,790 - INFO - [GINSLIB] processing : 2021/01/19 07:34:47 Q=5
2026-01-07 16:20:07,790 - INFO - [GINSLIB] processing : 2021/01/19 07:34:48 Q=5
2026-01-07 16:20:07,790 - INFO - [GINSLIB] processing : 2021/01/19 07:34:49 Q=5
2026-01-07 16:20:07,791 - INFO - [GINSLIB] processing : 2021/01/19 07:34:50 Q=5
2026-01-07 16:20:07,791 - INFO - [GINSLIB] processing : 2021/01/19 07:34:51 Q=5
2026-01-07 16:20:07,791 - INFO - [GINSLIB] processing : 2021/01/19 07:34:52 Q=5
2026-01-07 16:20:07,791 - INFO - [GINSLIB] processing : 2021/01/19 07:34:53 Q=5
2026-01-07 16:20:07,990 - INFO - [GINSLIB] processing : 2021/01/19 07:34:54 Q=5
2026-01-07 16:20:07,990 - INFO - [GINSLIB] processing : 2021/01/19 07:34:54 Q=0
2026-01-07 16:20:07,990 - INFO - [GINSLIB] processing : 2021/01/19 07:34:55 Q=0
2026-01-07 16:20:07,991 - INFO - [GINSLIB] processing : 2021/01/19 07:34:55 Q=5
2026-01-07 16:20:07,991 - INFO - [GINSLIB] processing : 2021/01/19 07:34:56 Q=5
2026-01-07 16:20:07,991 - INFO - [GINSLIB] processing : 2021/01/19 07:34:57 Q=5
2026-01-07 16:20:07,991 - INFO - [GINSLIB] processing : 2021/01/19 07:34:58 Q=5
2026-01-07 16:20:07,991 - INFO - [GINSLIB] processing : 2021/01/19 07:34:59 Q=5
2026-01-07 16:20:07,992 - INFO - [GINSLIB] processing : 2021/01/19 07:35:00 Q=5
2026-01-07 16:20:07,992 - INFO - [GINSLIB] processing : 2021/01/19 07:35:01 Q=5
2026-01-07 16:20:07,992 - INFO - [GINSLIB] processing : 2021/01/19 07:35:02 Q=5
2026-01-07 16:20:07,992 - INFO - [GINSLIB] processing : 2021/01/19 07:35:03 Q=5
2026-01-07 16:20:07,992 - INFO - [GINSLIB] processing : 2021/01/19 07:35:04 Q=5
2026-01-07 16:20:07,992 - INFO - [GINSLIB] processing : 2021/01/19 07:35:05 Q=5
2026-01-07 16:20:07,992 - INFO - [GINSLIB] processing : 2021/01/19 07:35:06 Q=5
2026-01-07 16:20:07,993 - INFO - [GINSLIB] processing : 2021/01/19 07:35:07 Q=5
2026-01-07 16:20:07,993 - INFO - [GINSLIB] processing : 2021/01/19 07:35:08 Q=5
2026-01-07 16:20:07,993 - INFO - [GINSLIB] processing : 2021/01/19 07:35:09 Q=5
2026-01-07 16:20:07,993 - INFO - [GINSLIB] processing : 2021/01/19 07:35:10 Q=5
2026-01-07 16:20:07,993 - INFO - [GINSLIB] processing : 2021/01/19 07:35:11 Q=5
2026-01-07 16:20:07,993 - INFO - [GINSLIB] processing : 2021/01/19 07:35:12 Q=5
2026-01-07 16:20:07,993 - INFO - [GINSLIB] processing : 2021/01/19 07:35:13 Q=5
2026-01-07 16:20:07,993 - INFO - [GINSLIB] processing : 2021/01/19 07:35:14 Q=5
2026-01-07 16:20:07,993 - INFO - [GINSLIB] processing : 2021/01/19 07:35:15 Q=5
2026-01-07 16:20:08,196 - INFO - [GINSLIB] processing : 2021/01/19 07:35:16 Q=5
2026-01-07 16:20:08,196 - INFO - [GINSLIB] processing : 2021/01/19 07:35:17 Q=5
2026-01-07 16:20:08,196 - INFO - [GINSLIB] processing : 2021/01/19 07:35:18 Q=5
2026-01-07 16:20:08,197 - INFO - [GINSLIB] processing : 2021/01/19 07:35:19 Q=5
2026-01-07 16:20:08,197 - INFO - [GINSLIB] processing : 2021/01/19 07:35:20 Q=5
2026-01-07 16:20:08,197 - INFO - [GINSLIB] processing : 2021/01/19 07:35:21 Q=5
2026-01-07 16:20:08,197 - INFO - [GINSLIB] processing : 2021/01/19 07:35:22 Q=5
2026-01-07 16:20:08,197 - INFO - [GINSLIB] processing : 2021/01/19 07:35:23 Q=5
2026-01-07 16:20:08,197 - INFO - [GINSLIB] processing : 2021/01/19 07:35:24 Q=5
2026-01-07 16:20:08,198 - INFO - [GINSLIB] processing : 2021/01/19 07:35:25 Q=5
2026-01-07 16:20:08,198 - INFO - [GINSLIB] processing : 2021/01/19 07:35:26 Q=5
2026-01-07 16:20:08,198 - INFO - [GINSLIB] processing : 2021/01/19 07:35:27 Q=5
2026-01-07 16:20:08,198 - INFO - [GINSLIB] processing : 2021/01/19 07:35:28 Q=5
2026-01-07 16:20:08,198 - INFO - [GINSLIB] processing : 2021/01/19 07:35:29 Q=5
2026-01-07 16:20:08,198 - INFO - [GINSLIB] processing : 2021/01/19 07:35:30 Q=5
2026-01-07 16:20:08,199 - INFO - [GINSLIB] processing : 2021/01/19 07:35:31 Q=5
2026-01-07 16:20:08,199 - INFO - [GINSLIB] processing : 2021/01/19 07:35:32 Q=5
2026-01-07 16:20:08,199 - INFO - [GINSLIB] processing : 2021/01/19 07:35:33 Q=5
2026-01-07 16:20:08,199 - INFO - [GINSLIB] processing : 2021/01/19 07:35:34 Q=5
2026-01-07 16:20:08,199 - INFO - [GINSLIB] processing : 2021/01/19 07:35:35 Q=5
2026-01-07 16:20:08,199 - INFO - [GINSLIB] processing : 2021/01/19 07:35:36 Q=5
2026-01-07 16:20:08,199 - INFO - [GINSLIB] processing : 2021/01/19 07:35:37 Q=5
2026-01-07 16:20:08,404 - INFO - [GINSLIB] processing : 2021/01/19 07:35:38 Q=5
2026-01-07 16:20:08,404 - INFO - [GINSLIB] processing : 2021/01/19 07:35:39 Q=5
2026-01-07 16:20:08,404 - INFO - [GINSLIB] processing : 2021/01/19 07:35:40 Q=5
2026-01-07 16:20:08,404 - INFO - [GINSLIB] processing : 2021/01/19 07:35:41 Q=5
2026-01-07 16:20:08,404 - INFO - [GINSLIB] processing : 2021/01/19 07:35:42 Q=5
2026-01-07 16:20:08,404 - INFO - [GINSLIB] processing : 2021/01/19 07:35:43 Q=5
2026-01-07 16:20:08,405 - INFO - [GINSLIB] processing : 2021/01/19 07:35:44 Q=5
2026-01-07 16:20:08,405 - INFO - [GINSLIB] processing : 2021/01/19 07:35:45 Q=5
2026-01-07 16:20:08,405 - INFO - [GINSLIB] processing : 2021/01/19 07:35:46 Q=5
2026-01-07 16:20:08,405 - INFO - [GINSLIB] processing : 2021/01/19 07:35:47 Q=5
2026-01-07 16:20:08,405 - INFO - [GINSLIB] processing : 2021/01/19 07:35:48 Q=5
2026-01-07 16:20:08,405 - INFO - [GINSLIB] processing : 2021/01/19 07:35:49 Q=5
2026-01-07 16:20:08,405 - INFO - [GINSLIB] processing : 2021/01/19 07:35:50 Q=5
2026-01-07 16:20:08,405 - INFO - [GINSLIB] processing : 2021/01/19 07:35:51 Q=5
2026-01-07 16:20:08,406 - INFO - [GINSLIB] processing : 2021/01/19 07:35:52 Q=5
2026-01-07 16:20:08,406 - INFO - [GINSLIB] processing : 2021/01/19 07:35:53 Q=5
2026-01-07 16:20:08,406 - INFO - [GINSLIB] processing : 2021/01/19 07:35:54 Q=5
2026-01-07 16:20:08,406 - INFO - [GINSLIB] processing : 2021/01/19 07:35:55 Q=5
2026-01-07 16:20:08,406 - INFO - [GINSLIB] processing : 2021/01/19 07:35:56 Q=5
2026-01-07 16:20:08,406 - INFO - [GINSLIB] processing : 2021/01/19 07:35:57 Q=5
2026-01-07 16:20:08,406 - INFO - [GINSLIB] processing : 2021/01/19 07:35:58 Q=5
2026-01-07 16:20:08,406 - INFO - [GINSLIB] processing : 2021/01/19 07:35:59 Q=5
2026-01-07 16:20:08,607 - INFO - [GINSLIB] processing : 2021/01/19 07:36:00 Q=5
2026-01-07 16:20:08,607 - INFO - [GINSLIB] processing : 2021/01/19 07:36:01 Q=5
2026-01-07 16:20:08,607 - INFO - [GINSLIB] processing : 2021/01/19 07:36:02 Q=5
2026-01-07 16:20:08,607 - INFO - [GINSLIB] processing : 2021/01/19 07:36:03 Q=5
2026-01-07 16:20:08,607 - INFO - [GINSLIB] processing : 2021/01/19 07:36:04 Q=5
2026-01-07 16:20:08,607 - INFO - [GINSLIB] processing : 2021/01/19 07:36:05 Q=5
2026-01-07 16:20:08,608 - INFO - [GINSLIB] processing : 2021/01/19 07:36:06 Q=5
2026-01-07 16:20:08,608 - INFO - [GINSLIB] processing : 2021/01/19 07:36:07 Q=5
2026-01-07 16:20:08,608 - INFO - [GINSLIB] processing : 2021/01/19 07:36:08 Q=5
2026-01-07 16:20:08,608 - INFO - [GINSLIB] processing : 2021/01/19 07:36:09 Q=5
2026-01-07 16:20:08,608 - INFO - [GINSLIB] processing : 2021/01/19 07:36:10 Q=5
2026-01-07 16:20:08,608 - INFO - [GINSLIB] processing : 2021/01/19 07:36:11 Q=5
2026-01-07 16:20:08,608 - INFO - [GINSLIB] processing : 2021/01/19 07:36:12 Q=5
2026-01-07 16:20:08,608 - INFO - [GINSLIB] processing : 2021/01/19 07:36:13 Q=5
2026-01-07 16:20:08,608 - INFO - [GINSLIB] processing : 2021/01/19 07:36:14 Q=5
2026-01-07 16:20:08,608 - INFO - [GINSLIB] processing : 2021/01/19 07:36:15 Q=5
2026-01-07 16:20:08,609 - INFO - [GINSLIB] processing : 2021/01/19 07:36:16 Q=5
2026-01-07 16:20:08,609 - INFO - [GINSLIB] processing : 2021/01/19 07:36:17 Q=5
2026-01-07 16:20:08,609 - INFO - [GINSLIB] processing : 2021/01/19 07:36:18 Q=5
2026-01-07 16:20:08,609 - INFO - [GINSLIB] processing : 2021/01/19 07:36:19 Q=5
2026-01-07 16:20:08,609 - INFO - [GINSLIB] processing : 2021/01/19 07:36:20 Q=5
2026-01-07 16:20:08,609 - INFO - [GINSLIB] processing : 2021/01/19 07:36:21 Q=5
2026-01-07 16:20:08,807 - INFO - [GINSLIB] processing : 2021/01/19 07:36:22 Q=5
2026-01-07 16:20:08,808 - INFO - [GINSLIB] processing : 2021/01/19 07:36:23 Q=5
2026-01-07 16:20:08,808 - INFO - [GINSLIB] processing : 2021/01/19 07:36:24 Q=5
2026-01-07 16:20:08,808 - INFO - [GINSLIB] processing : 2021/01/19 07:36:25 Q=5
2026-01-07 16:20:08,808 - INFO - [GINSLIB] processing : 2021/01/19 07:36:26 Q=5
2026-01-07 16:20:08,808 - INFO - [GINSLIB] processing : 2021/01/19 07:36:27 Q=5
2026-01-07 16:20:08,809 - INFO - [GINSLIB] processing : 2021/01/19 07:36:28 Q=5
2026-01-07 16:20:08,809 - INFO - [GINSLIB] processing : 2021/01/19 07:36:29 Q=5
2026-01-07 16:20:08,809 - INFO - [GINSLIB] processing : 2021/01/19 07:36:30 Q=5
2026-01-07 16:20:08,809 - INFO - [GINSLIB] processing : 2021/01/19 07:36:31 Q=5
2026-01-07 16:20:08,809 - INFO - [GINSLIB] processing : 2021/01/19 07:36:32 Q=5
2026-01-07 16:20:08,810 - INFO - [GINSLIB] processing : 2021/01/19 07:36:33 Q=5
2026-01-07 16:20:08,810 - INFO - [GINSLIB] processing : 2021/01/19 07:36:34 Q=5
2026-01-07 16:20:08,810 - INFO - [GINSLIB] processing : 2021/01/19 07:36:35 Q=5
2026-01-07 16:20:08,810 - INFO - [GINSLIB] processing : 2021/01/19 07:36:36 Q=5
2026-01-07 16:20:08,810 - INFO - [GINSLIB] processing : 2021/01/19 07:36:37 Q=5
2026-01-07 16:20:08,810 - INFO - [GINSLIB] processing : 2021/01/19 07:36:38 Q=5
2026-01-07 16:20:08,811 - INFO - [GINSLIB] processing : 2021/01/19 07:36:39 Q=5
2026-01-07 16:20:08,811 - INFO - [GINSLIB] processing : 2021/01/19 07:36:40 Q=5
2026-01-07 16:20:08,811 - INFO - [GINSLIB] processing : 2021/01/19 07:36:41 Q=5
2026-01-07 16:20:08,811 - INFO - [GINSLIB] processing : 2021/01/19 07:36:42 Q=5
2026-01-07 16:20:08,811 - INFO - [GINSLIB] processing : 2021/01/19 07:36:43 Q=5
2026-01-07 16:20:08,811 - INFO - [GINSLIB] processing : 2021/01/19 07:36:44 Q=5
2026-01-07 16:20:09,002 - INFO - [GINSLIB] processing : 2021/01/19 07:36:45 Q=5
2026-01-07 16:20:09,002 - INFO - [GINSLIB] processing : 2021/01/19 07:36:46 Q=5
2026-01-07 16:20:09,002 - INFO - [GINSLIB] processing : 2021/01/19 07:36:47 Q=5
2026-01-07 16:20:09,003 - INFO - [GINSLIB] processing : 2021/01/19 07:36:48 Q=5
2026-01-07 16:20:09,003 - INFO - [GINSLIB] processing : 2021/01/19 07:36:49 Q=5
2026-01-07 16:20:09,003 - INFO - [GINSLIB] processing : 2021/01/19 07:36:50 Q=5
2026-01-07 16:20:09,003 - INFO - [GINSLIB] processing : 2021/01/19 07:36:51 Q=5
2026-01-07 16:20:09,003 - INFO - [GINSLIB] processing : 2021/01/19 07:36:52 Q=5
2026-01-07 16:20:09,003 - INFO - [GINSLIB] processing : 2021/01/19 07:36:53 Q=5
2026-01-07 16:20:09,004 - INFO - [GINSLIB] processing : 2021/01/19 07:36:54 Q=5
2026-01-07 16:20:09,004 - INFO - [GINSLIB] processing : 2021/01/19 07:36:55 Q=5
2026-01-07 16:20:09,004 - INFO - [GINSLIB] processing : 2021/01/19 07:36:56 Q=5
2026-01-07 16:20:09,004 - INFO - [GINSLIB] processing : 2021/01/19 07:36:57 Q=5
2026-01-07 16:20:09,004 - INFO - [GINSLIB] processing : 2021/01/19 07:36:58 Q=5
2026-01-07 16:20:09,004 - INFO - [GINSLIB] processing : 2021/01/19 07:36:59 Q=5
2026-01-07 16:20:09,004 - INFO - [GINSLIB] processing : 2021/01/19 07:37:00 Q=5
2026-01-07 16:20:09,005 - INFO - [GINSLIB] processing : 2021/01/19 07:37:01 Q=5
2026-01-07 16:20:09,005 - INFO - [GINSLIB] processing : 2021/01/19 07:37:02 Q=5
2026-01-07 16:20:09,005 - INFO - [GINSLIB] processing : 2021/01/19 07:37:03 Q=5
2026-01-07 16:20:09,005 - INFO - [GINSLIB] processing : 2021/01/19 07:37:04 Q=5
2026-01-07 16:20:09,005 - INFO - [GINSLIB] processing : 2021/01/19 07:37:05 Q=5
2026-01-07 16:20:09,005 - INFO - [GINSLIB] processing : 2021/01/19 07:37:06 Q=5
2026-01-07 16:20:09,208 - INFO - [GINSLIB] processing : 2021/01/19 07:37:07 Q=5
2026-01-07 16:20:09,208 - INFO - [GINSLIB] processing : 2021/01/19 07:37:08 Q=5
2026-01-07 16:20:09,208 - INFO - [GINSLIB] processing : 2021/01/19 07:37:09 Q=5
2026-01-07 16:20:09,208 - INFO - [GINSLIB] processing : 2021/01/19 07:37:10 Q=5
2026-01-07 16:20:09,208 - INFO - [GINSLIB] processing : 2021/01/19 07:37:11 Q=5
2026-01-07 16:20:09,209 - INFO - [GINSLIB] processing : 2021/01/19 07:37:12 Q=5
2026-01-07 16:20:09,209 - INFO - [GINSLIB] processing : 2021/01/19 07:37:13 Q=5
2026-01-07 16:20:09,209 - INFO - [GINSLIB] processing : 2021/01/19 07:37:14 Q=5
2026-01-07 16:20:09,209 - INFO - [GINSLIB] processing : 2021/01/19 07:37:15 Q=5
2026-01-07 16:20:09,209 - INFO - [GINSLIB] processing : 2021/01/19 07:37:16 Q=5
2026-01-07 16:20:09,209 - INFO - [GINSLIB] processing : 2021/01/19 07:37:17 Q=5
2026-01-07 16:20:09,210 - INFO - [GINSLIB] processing : 2021/01/19 07:37:18 Q=5
2026-01-07 16:20:09,210 - INFO - [GINSLIB] processing : 2021/01/19 07:37:19 Q=5
2026-01-07 16:20:09,210 - INFO - [GINSLIB] processing : 2021/01/19 07:37:20 Q=5
2026-01-07 16:20:09,210 - INFO - [GINSLIB] processing : 2021/01/19 07:37:21 Q=5
2026-01-07 16:20:09,210 - INFO - [GINSLIB] processing : 2021/01/19 07:37:22 Q=5
2026-01-07 16:20:09,210 - INFO - [GINSLIB] processing : 2021/01/19 07:37:23 Q=5
2026-01-07 16:20:09,210 - INFO - [GINSLIB] processing : 2021/01/19 07:37:24 Q=5
2026-01-07 16:20:09,211 - INFO - [GINSLIB] processing : 2021/01/19 07:37:25 Q=5
2026-01-07 16:20:09,211 - INFO - [GINSLIB] processing : 2021/01/19 07:37:26 Q=5
2026-01-07 16:20:09,211 - INFO - [GINSLIB] processing : 2021/01/19 07:37:27 Q=5
2026-01-07 16:20:09,211 - INFO - [GINSLIB] processing : 2021/01/19 07:37:28 Q=5
2026-01-07 16:20:09,425 - INFO - [GINSLIB] processing : 2021/01/19 07:37:29 Q=5
2026-01-07 16:20:09,425 - INFO - [GINSLIB] processing : 2021/01/19 07:37:30 Q=5
2026-01-07 16:20:09,425 - INFO - [GINSLIB] processing : 2021/01/19 07:37:31 Q=5
2026-01-07 16:20:09,425 - INFO - [GINSLIB] processing : 2021/01/19 07:37:32 Q=5
2026-01-07 16:20:09,426 - INFO - [GINSLIB] processing : 2021/01/19 07:37:33 Q=5
2026-01-07 16:20:09,426 - INFO - [GINSLIB] processing : 2021/01/19 07:37:34 Q=5
2026-01-07 16:20:09,426 - INFO - [GINSLIB] processing : 2021/01/19 07:37:35 Q=5
2026-01-07 16:20:09,426 - INFO - [GINSLIB] processing : 2021/01/19 07:37:36 Q=5
2026-01-07 16:20:09,426 - INFO - [GINSLIB] processing : 2021/01/19 07:37:37 Q=5
2026-01-07 16:20:09,426 - INFO - [GINSLIB] processing : 2021/01/19 07:37:38 Q=5
2026-01-07 16:20:09,427 - INFO - [GINSLIB] processing : 2021/01/19 07:37:39 Q=5
2026-01-07 16:20:09,427 - INFO - [GINSLIB] processing : 2021/01/19 07:37:40 Q=5
2026-01-07 16:20:09,427 - INFO - [GINSLIB] processing : 2021/01/19 07:37:41 Q=5
2026-01-07 16:20:09,427 - INFO - [GINSLIB] processing : 2021/01/19 07:37:42 Q=5
2026-01-07 16:20:09,427 - INFO - [GINSLIB] processing : 2021/01/19 07:37:43 Q=5
2026-01-07 16:20:09,427 - INFO - [GINSLIB] processing : 2021/01/19 07:37:44 Q=5
2026-01-07 16:20:09,428 - INFO - [GINSLIB] processing : 2021/01/19 07:37:45 Q=5
2026-01-07 16:20:09,428 - INFO - [GINSLIB] processing : 2021/01/19 07:37:46 Q=5
2026-01-07 16:20:09,428 - INFO - [GINSLIB] processing : 2021/01/19 07:37:47 Q=5
2026-01-07 16:20:09,428 - INFO - [GINSLIB] processing : 2021/01/19 07:37:48 Q=5
2026-01-07 16:20:09,428 - INFO - [GINSLIB] processing : 2021/01/19 07:37:49 Q=5
2026-01-07 16:20:09,428 - INFO - [GINSLIB] processing : 2021/01/19 07:37:50 Q=5
2026-01-07 16:20:09,631 - INFO - [GINSLIB] processing : 2021/01/19 07:37:51 Q=5
2026-01-07 16:20:09,632 - INFO - [GINSLIB] processing : 2021/01/19 07:37:52 Q=5
2026-01-07 16:20:09,632 - INFO - [GINSLIB] processing : 2021/01/19 07:37:53 Q=5
2026-01-07 16:20:09,632 - INFO - [GINSLIB] processing : 2021/01/19 07:37:54 Q=5
2026-01-07 16:20:09,633 - INFO - [GINSLIB] processing : 2021/01/19 07:37:55 Q=5
2026-01-07 16:20:09,633 - INFO - [GINSLIB] processing : 2021/01/19 07:37:56 Q=5
2026-01-07 16:20:09,633 - INFO - [GINSLIB] processing : 2021/01/19 07:37:57 Q=5
2026-01-07 16:20:09,633 - INFO - [GINSLIB] processing : 2021/01/19 07:37:58 Q=5
2026-01-07 16:20:09,634 - INFO - [GINSLIB] processing : 2021/01/19 07:37:59 Q=5
2026-01-07 16:20:09,634 - INFO - [GINSLIB] processing : 2021/01/19 07:38:00 Q=5
2026-01-07 16:20:09,634 - INFO - [GINSLIB] processing : 2021/01/19 07:38:01 Q=5
2026-01-07 16:20:09,634 - INFO - [GINSLIB] processing : 2021/01/19 07:38:02 Q=5
2026-01-07 16:20:09,635 - INFO - [GINSLIB] processing : 2021/01/19 07:38:03 Q=5
2026-01-07 16:20:09,635 - INFO - [GINSLIB] processing : 2021/01/19 07:38:04 Q=5
2026-01-07 16:20:09,635 - INFO - [GINSLIB] processing : 2021/01/19 07:38:05 Q=5
2026-01-07 16:20:09,635 - INFO - [GINSLIB] processing : 2021/01/19 07:38:06 Q=5
2026-01-07 16:20:09,635 - INFO - [GINSLIB] processing : 2021/01/19 07:38:07 Q=5
2026-01-07 16:20:09,635 - INFO - [GINSLIB] processing : 2021/01/19 07:38:08 Q=5
2026-01-07 16:20:09,636 - INFO - [GINSLIB] processing : 2021/01/19 07:38:09 Q=5
2026-01-07 16:20:09,636 - INFO - [GINSLIB] processing : 2021/01/19 07:38:10 Q=5
2026-01-07 16:20:09,636 - INFO - [GINSLIB] processing : 2021/01/19 07:38:11 Q=5
2026-01-07 16:20:09,636 - INFO - [GINSLIB] processing : 2021/01/19 07:38:12 Q=5
2026-01-07 16:20:09,823 - INFO - [GINSLIB] processing : 2021/01/19 07:38:13 Q=5
2026-01-07 16:20:09,823 - INFO - [GINSLIB] processing : 2021/01/19 07:38:14 Q=5
2026-01-07 16:20:09,823 - INFO - [GINSLIB] processing : 2021/01/19 07:38:15 Q=5
2026-01-07 16:20:09,823 - INFO - [GINSLIB] processing : 2021/01/19 07:38:16 Q=5
2026-01-07 16:20:09,823 - INFO - [GINSLIB] processing : 2021/01/19 07:38:17 Q=5
2026-01-07 16:20:09,824 - INFO - [GINSLIB] processing : 2021/01/19 07:38:18 Q=5
2026-01-07 16:20:09,824 - INFO - [GINSLIB] processing : 2021/01/19 07:38:19 Q=5
2026-01-07 16:20:09,824 - INFO - [GINSLIB] processing : 2021/01/19 07:38:20 Q=5
2026-01-07 16:20:09,824 - INFO - [GINSLIB] processing : 2021/01/19 07:38:21 Q=5
2026-01-07 16:20:09,824 - INFO - [GINSLIB] processing : 2021/01/19 07:38:22 Q=5
2026-01-07 16:20:09,824 - INFO - [GINSLIB] processing : 2021/01/19 07:38:23 Q=5
2026-01-07 16:20:09,824 - INFO - [GINSLIB] processing : 2021/01/19 07:38:24 Q=5
2026-01-07 16:20:09,825 - INFO - [GINSLIB] processing : 2021/01/19 07:38:25 Q=5
2026-01-07 16:20:09,825 - INFO - [GINSLIB] processing : 2021/01/19 07:38:26 Q=5
2026-01-07 16:20:09,825 - INFO - [GINSLIB] processing : 2021/01/19 07:38:27 Q=5
2026-01-07 16:20:09,825 - INFO - [GINSLIB] processing : 2021/01/19 07:38:28 Q=5
2026-01-07 16:20:09,825 - INFO - [GINSLIB] processing : 2021/01/19 07:38:29 Q=5
2026-01-07 16:20:09,825 - INFO - [GINSLIB] processing : 2021/01/19 07:38:30 Q=5
2026-01-07 16:20:09,825 - INFO - [GINSLIB] processing : 2021/01/19 07:38:31 Q=5
2026-01-07 16:20:09,825 - INFO - [GINSLIB] processing : 2021/01/19 07:38:32 Q=5
2026-01-07 16:20:09,825 - INFO - [GINSLIB] processing : 2021/01/19 07:38:33 Q=5
2026-01-07 16:20:09,825 - INFO - [GINSLIB] processing : 2021/01/19 07:38:34 Q=5
2026-01-07 16:20:10,007 - INFO - [GINSLIB] processing : 2021/01/19 07:38:35 Q=5
2026-01-07 16:20:10,007 - INFO - [GINSLIB] processing : 2021/01/19 07:38:36 Q=5
2026-01-07 16:20:10,007 - INFO - [GINSLIB] processing : 2021/01/19 07:38:37 Q=5
2026-01-07 16:20:10,008 - INFO - [GINSLIB] processing : 2021/01/19 07:38:38 Q=5
2026-01-07 16:20:10,008 - INFO - [GINSLIB] processing : 2021/01/19 07:38:39 Q=5
2026-01-07 16:20:10,008 - INFO - [GINSLIB] processing : 2021/01/19 07:38:40 Q=5
2026-01-07 16:20:10,008 - INFO - [GINSLIB] processing : 2021/01/19 07:38:41 Q=5
2026-01-07 16:20:10,008 - INFO - [GINSLIB] processing : 2021/01/19 07:38:42 Q=5
2026-01-07 16:20:10,008 - INFO - [GINSLIB] processing : 2021/01/19 07:38:43 Q=5
2026-01-07 16:20:10,009 - INFO - [GINSLIB] processing : 2021/01/19 07:38:44 Q=5
2026-01-07 16:20:10,009 - INFO - [GINSLIB] processing : 2021/01/19 07:38:45 Q=5
2026-01-07 16:20:10,009 - INFO - [GINSLIB] processing : 2021/01/19 07:38:46 Q=5
2026-01-07 16:20:10,009 - INFO - [GINSLIB] processing : 2021/01/19 07:38:47 Q=5
2026-01-07 16:20:10,009 - INFO - [GINSLIB] processing : 2021/01/19 07:38:48 Q=5
2026-01-07 16:20:10,009 - INFO - [GINSLIB] processing : 2021/01/19 07:38:49 Q=5
2026-01-07 16:20:10,010 - INFO - [GINSLIB] processing : 2021/01/19 07:38:50 Q=5
2026-01-07 16:20:10,010 - INFO - [GINSLIB] processing : 2021/01/19 07:38:51 Q=5
2026-01-07 16:20:10,010 - INFO - [GINSLIB] processing : 2021/01/19 07:38:52 Q=5
2026-01-07 16:20:10,010 - INFO - [GINSLIB] processing : 2021/01/19 07:38:53 Q=5
2026-01-07 16:20:10,010 - INFO - [GINSLIB] processing : 2021/01/19 07:38:54 Q=5
2026-01-07 16:20:10,010 - INFO - [GINSLIB] processing : 2021/01/19 07:38:55 Q=5
2026-01-07 16:20:10,010 - INFO - [GINSLIB] processing : 2021/01/19 07:38:56 Q=5
2026-01-07 16:20:10,199 - INFO - [GINSLIB] processing : 2021/01/19 07:38:57 Q=5
2026-01-07 16:20:10,199 - INFO - [GINSLIB] processing : 2021/01/19 07:38:58 Q=5
2026-01-07 16:20:10,199 - INFO - [GINSLIB] processing : 2021/01/19 07:38:59 Q=5
2026-01-07 16:20:10,199 - INFO - [GINSLIB] processing : 2021/01/19 07:39:00 Q=5
2026-01-07 16:20:10,200 - INFO - [GINSLIB] processing : 2021/01/19 07:39:01 Q=5
2026-01-07 16:20:10,200 - INFO - [GINSLIB] processing : 2021/01/19 07:39:02 Q=5
2026-01-07 16:20:10,200 - INFO - [GINSLIB] processing : 2021/01/19 07:39:03 Q=5
2026-01-07 16:20:10,200 - INFO - [GINSLIB] processing : 2021/01/19 07:39:04 Q=5
2026-01-07 16:20:10,200 - INFO - [GINSLIB] processing : 2021/01/19 07:39:05 Q=5
2026-01-07 16:20:10,200 - INFO - [GINSLIB] processing : 2021/01/19 07:39:06 Q=5
2026-01-07 16:20:10,201 - INFO - [GINSLIB] processing : 2021/01/19 07:39:07 Q=5
2026-01-07 16:20:10,201 - INFO - [GINSLIB] processing : 2021/01/19 07:39:08 Q=5
2026-01-07 16:20:10,201 - INFO - [GINSLIB] processing : 2021/01/19 07:39:09 Q=5
2026-01-07 16:20:10,201 - INFO - [GINSLIB] processing : 2021/01/19 07:39:10 Q=5
2026-01-07 16:20:10,201 - INFO - [GINSLIB] processing : 2021/01/19 07:39:11 Q=5
2026-01-07 16:20:10,201 - INFO - [GINSLIB] processing : 2021/01/19 07:39:12 Q=5
2026-01-07 16:20:10,201 - INFO - [GINSLIB] processing : 2021/01/19 07:39:13 Q=5
2026-01-07 16:20:10,202 - INFO - [GINSLIB] processing : 2021/01/19 07:39:14 Q=5
2026-01-07 16:20:10,202 - INFO - [GINSLIB] processing : 2021/01/19 07:39:15 Q=5
2026-01-07 16:20:10,202 - INFO - [GINSLIB] processing : 2021/01/19 07:39:16 Q=5
2026-01-07 16:20:10,202 - INFO - [GINSLIB] processing : 2021/01/19 07:39:17 Q=5
2026-01-07 16:20:10,202 - INFO - [GINSLIB] processing : 2021/01/19 07:39:18 Q=5
2026-01-07 16:20:10,202 - INFO - [GINSLIB] processing : 2021/01/19 07:39:19 Q=5
2026-01-07 16:20:10,388 - INFO - [GINSLIB] processing : 2021/01/19 07:39:20 Q=5
2026-01-07 16:20:10,388 - INFO - [GINSLIB] processing : 2021/01/19 07:39:21 Q=5
2026-01-07 16:20:10,389 - INFO - [GINSLIB] processing : 2021/01/19 07:39:22 Q=5
2026-01-07 16:20:10,389 - INFO - [GINSLIB] processing : 2021/01/19 07:39:23 Q=5
2026-01-07 16:20:10,389 - INFO - [GINSLIB] processing : 2021/01/19 07:39:24 Q=5
2026-01-07 16:20:10,389 - INFO - [GINSLIB] processing : 2021/01/19 07:39:25 Q=5
2026-01-07 16:20:10,389 - INFO - [GINSLIB] processing : 2021/01/19 07:39:26 Q=5
2026-01-07 16:20:10,389 - INFO - [GINSLIB] processing : 2021/01/19 07:39:27 Q=5
2026-01-07 16:20:10,390 - INFO - [GINSLIB] processing : 2021/01/19 07:39:28 Q=5
2026-01-07 16:20:10,390 - INFO - [GINSLIB] processing : 2021/01/19 07:39:29 Q=5
2026-01-07 16:20:10,390 - INFO - [GINSLIB] processing : 2021/01/19 07:39:30 Q=5
2026-01-07 16:20:10,390 - INFO - [GINSLIB] processing : 2021/01/19 07:39:31 Q=5
2026-01-07 16:20:10,390 - INFO - [GINSLIB] processing : 2021/01/19 07:39:32 Q=5
2026-01-07 16:20:10,390 - INFO - [GINSLIB] processing : 2021/01/19 07:39:33 Q=5
2026-01-07 16:20:10,391 - INFO - [GINSLIB] processing : 2021/01/19 07:39:34 Q=5
2026-01-07 16:20:10,391 - INFO - [GINSLIB] processing : 2021/01/19 07:39:35 Q=5
2026-01-07 16:20:10,391 - INFO - [GINSLIB] processing : 2021/01/19 07:39:36 Q=5
2026-01-07 16:20:10,391 - INFO - [GINSLIB] processing : 2021/01/19 07:39:37 Q=5
2026-01-07 16:20:10,391 - INFO - [GINSLIB] processing : 2021/01/19 07:39:38 Q=5
2026-01-07 16:20:10,391 - INFO - [GINSLIB] processing : 2021/01/19 07:39:39 Q=5
2026-01-07 16:20:10,391 - INFO - [GINSLIB] processing : 2021/01/19 07:39:40 Q=5
2026-01-07 16:20:10,391 - INFO - [GINSLIB] processing : 2021/01/19 07:39:41 Q=5
2026-01-07 16:20:10,593 - INFO - [GINSLIB] processing : 2021/01/19 07:39:42 Q=5
2026-01-07 16:20:10,593 - INFO - [GINSLIB] processing : 2021/01/19 07:39:43 Q=5
2026-01-07 16:20:10,593 - INFO - [GINSLIB] processing : 2021/01/19 07:39:44 Q=5
2026-01-07 16:20:10,594 - INFO - [GINSLIB] processing : 2021/01/19 07:39:45 Q=5
2026-01-07 16:20:10,594 - INFO - [GINSLIB] processing : 2021/01/19 07:39:46 Q=5
2026-01-07 16:20:10,594 - INFO - [GINSLIB] processing : 2021/01/19 07:39:47 Q=5
2026-01-07 16:20:10,594 - INFO - [GINSLIB] processing : 2021/01/19 07:39:48 Q=5
2026-01-07 16:20:10,594 - INFO - [GINSLIB] processing : 2021/01/19 07:39:49 Q=5
2026-01-07 16:20:10,595 - INFO - [GINSLIB] processing : 2021/01/19 07:39:50 Q=5
2026-01-07 16:20:10,595 - INFO - [GINSLIB] processing : 2021/01/19 07:39:51 Q=5
2026-01-07 16:20:10,595 - INFO - [GINSLIB] processing : 2021/01/19 07:39:52 Q=5
2026-01-07 16:20:10,595 - INFO - [GINSLIB] processing : 2021/01/19 07:39:53 Q=5
2026-01-07 16:20:10,595 - INFO - [GINSLIB] processing : 2021/01/19 07:39:54 Q=5
2026-01-07 16:20:10,596 - INFO - [GINSLIB] processing : 2021/01/19 07:39:55 Q=5
2026-01-07 16:20:10,596 - INFO - [GINSLIB] processing : 2021/01/19 07:39:56 Q=5
2026-01-07 16:20:10,596 - INFO - [GINSLIB] processing : 2021/01/19 07:39:57 Q=5
2026-01-07 16:20:10,596 - INFO - [GINSLIB] processing : 2021/01/19 07:39:58 Q=5
2026-01-07 16:20:10,596 - INFO - [GINSLIB] processing : 2021/01/19 07:39:59 Q=5
2026-01-07 16:20:10,596 - INFO - [GINSLIB] processing : 2021/01/19 07:40:00 Q=5
2026-01-07 16:20:10,596 - INFO - [GINSLIB] processing : 2021/01/19 07:40:01 Q=5
2026-01-07 16:20:10,596 - INFO - [GINSLIB] processing : 2021/01/19 07:40:02 Q=5
2026-01-07 16:20:10,597 - INFO - [GINSLIB] processing : 2021/01/19 07:40:03 Q=5
2026-01-07 16:20:10,799 - INFO - [GINSLIB] processing : 2021/01/19 07:40:04 Q=5
2026-01-07 16:20:10,799 - INFO - [GINSLIB] processing : 2021/01/19 07:40:05 Q=5
2026-01-07 16:20:10,799 - INFO - [GINSLIB] processing : 2021/01/19 07:40:06 Q=5
2026-01-07 16:20:10,799 - INFO - [GINSLIB] processing : 2021/01/19 07:40:07 Q=5
2026-01-07 16:20:10,800 - INFO - [GINSLIB] processing : 2021/01/19 07:40:08 Q=5
2026-01-07 16:20:10,800 - INFO - [GINSLIB] processing : 2021/01/19 07:40:09 Q=5
2026-01-07 16:20:10,800 - INFO - [GINSLIB] processing : 2021/01/19 07:40:10 Q=5
2026-01-07 16:20:10,800 - INFO - [GINSLIB] processing : 2021/01/19 07:40:11 Q=5
2026-01-07 16:20:10,800 - INFO - [GINSLIB] processing : 2021/01/19 07:40:12 Q=5
2026-01-07 16:20:10,800 - INFO - [GINSLIB] processing : 2021/01/19 07:40:13 Q=5
2026-01-07 16:20:10,801 - INFO - [GINSLIB] processing : 2021/01/19 07:40:14 Q=5
2026-01-07 16:20:10,801 - INFO - [GINSLIB] processing : 2021/01/19 07:40:15 Q=5
2026-01-07 16:20:10,801 - INFO - [GINSLIB] processing : 2021/01/19 07:40:16 Q=5
2026-01-07 16:20:10,801 - INFO - [GINSLIB] processing : 2021/01/19 07:40:17 Q=5
2026-01-07 16:20:10,801 - INFO - [GINSLIB] processing : 2021/01/19 07:40:18 Q=5
2026-01-07 16:20:10,802 - INFO - [GINSLIB] processing : 2021/01/19 07:40:19 Q=5
2026-01-07 16:20:10,802 - INFO - [GINSLIB] processing : 2021/01/19 07:40:20 Q=5
2026-01-07 16:20:10,802 - INFO - [GINSLIB] processing : 2021/01/19 07:40:21 Q=5
2026-01-07 16:20:10,802 - INFO - [GINSLIB] processing : 2021/01/19 07:40:22 Q=5
2026-01-07 16:20:10,802 - INFO - [GINSLIB] processing : 2021/01/19 07:40:23 Q=5
2026-01-07 16:20:10,802 - INFO - [GINSLIB] processing : 2021/01/19 07:40:24 Q=5
2026-01-07 16:20:10,802 - INFO - [GINSLIB] processing : 2021/01/19 07:40:25 Q=5
2026-01-07 16:20:11,001 - INFO - [GINSLIB] processing : 2021/01/19 07:40:26 Q=5
2026-01-07 16:20:11,001 - INFO - [GINSLIB] processing : 2021/01/19 07:40:27 Q=5
2026-01-07 16:20:11,001 - INFO - [GINSLIB] processing : 2021/01/19 07:40:28 Q=5
2026-01-07 16:20:11,001 - INFO - [GINSLIB] processing : 2021/01/19 07:40:29 Q=5
2026-01-07 16:20:11,001 - INFO - [GINSLIB] processing : 2021/01/19 07:40:30 Q=5
2026-01-07 16:20:11,002 - INFO - [GINSLIB] processing : 2021/01/19 07:40:31 Q=5
2026-01-07 16:20:11,002 - INFO - [GINSLIB] processing : 2021/01/19 07:40:32 Q=5
2026-01-07 16:20:11,002 - INFO - [GINSLIB] processing : 2021/01/19 07:40:33 Q=5
2026-01-07 16:20:11,002 - INFO - [GINSLIB] processing : 2021/01/19 07:40:34 Q=5
2026-01-07 16:20:11,002 - INFO - [GINSLIB] processing : 2021/01/19 07:40:35 Q=5
2026-01-07 16:20:11,002 - INFO - [GINSLIB] processing : 2021/01/19 07:40:36 Q=5
2026-01-07 16:20:11,002 - INFO - [GINSLIB] processing : 2021/01/19 07:40:37 Q=5
2026-01-07 16:20:11,002 - INFO - [GINSLIB] processing : 2021/01/19 07:40:38 Q=5
2026-01-07 16:20:11,003 - INFO - [GINSLIB] processing : 2021/01/19 07:40:39 Q=5
2026-01-07 16:20:11,003 - INFO - [GINSLIB] processing : 2021/01/19 07:40:40 Q=5
2026-01-07 16:20:11,003 - INFO - [GINSLIB] processing : 2021/01/19 07:40:41 Q=5
2026-01-07 16:20:11,003 - INFO - [GINSLIB] processing : 2021/01/19 07:40:42 Q=5
2026-01-07 16:20:11,003 - INFO - [GINSLIB] processing : 2021/01/19 07:40:43 Q=5
2026-01-07 16:20:11,003 - INFO - [GINSLIB] processing : 2021/01/19 07:40:44 Q=5
2026-01-07 16:20:11,003 - INFO - [GINSLIB] processing : 2021/01/19 07:40:45 Q=5
2026-01-07 16:20:11,003 - INFO - [GINSLIB] processing : 2021/01/19 07:40:46 Q=5
2026-01-07 16:20:11,003 - INFO - [GINSLIB] processing : 2021/01/19 07:40:47 Q=5
2026-01-07 16:20:11,194 - INFO - [GINSLIB] processing : 2021/01/19 07:40:48 Q=5
2026-01-07 16:20:11,194 - INFO - [GINSLIB] processing : 2021/01/19 07:40:49 Q=5
2026-01-07 16:20:11,194 - INFO - [GINSLIB] processing : 2021/01/19 07:40:50 Q=5
2026-01-07 16:20:11,194 - INFO - [GINSLIB] processing : 2021/01/19 07:40:51 Q=5
2026-01-07 16:20:11,195 - INFO - [GINSLIB] processing : 2021/01/19 07:40:52 Q=5
2026-01-07 16:20:11,195 - INFO - [GINSLIB] processing : 2021/01/19 07:40:53 Q=5
2026-01-07 16:20:11,195 - INFO - [GINSLIB] processing : 2021/01/19 07:40:54 Q=5
2026-01-07 16:20:11,195 - INFO - [GINSLIB] processing : 2021/01/19 07:40:55 Q=5
2026-01-07 16:20:11,195 - INFO - [GINSLIB] processing : 2021/01/19 07:40:56 Q=5
2026-01-07 16:20:11,195 - INFO - [GINSLIB] processing : 2021/01/19 07:40:57 Q=5
2026-01-07 16:20:11,196 - INFO - [GINSLIB] processing : 2021/01/19 07:40:58 Q=5
2026-01-07 16:20:11,196 - INFO - [GINSLIB] processing : 2021/01/19 07:40:59 Q=5
2026-01-07 16:20:11,196 - INFO - [GINSLIB] processing : 2021/01/19 07:41:00 Q=5
2026-01-07 16:20:11,196 - INFO - [GINSLIB] processing : 2021/01/19 07:41:01 Q=5
2026-01-07 16:20:11,196 - INFO - [GINSLIB] processing : 2021/01/19 07:41:02 Q=5
2026-01-07 16:20:11,196 - INFO - [GINSLIB] processing : 2021/01/19 07:41:03 Q=5
2026-01-07 16:20:11,197 - INFO - [GINSLIB] processing : 2021/01/19 07:41:04 Q=5
2026-01-07 16:20:11,197 - INFO - [GINSLIB] processing : 2021/01/19 07:41:05 Q=5
2026-01-07 16:20:11,197 - INFO - [GINSLIB] processing : 2021/01/19 07:41:06 Q=5
2026-01-07 16:20:11,197 - INFO - [GINSLIB] processing : 2021/01/19 07:41:07 Q=5
2026-01-07 16:20:11,197 - INFO - [GINSLIB] processing : 2021/01/19 07:41:08 Q=5
2026-01-07 16:20:11,197 - INFO - [GINSLIB] processing : 2021/01/19 07:41:09 Q=5
2026-01-07 16:20:11,390 - INFO - [GINSLIB] processing : 2021/01/19 07:41:10 Q=5
2026-01-07 16:20:11,390 - INFO - [GINSLIB] processing : 2021/01/19 07:41:11 Q=5
2026-01-07 16:20:11,390 - INFO - [GINSLIB] processing : 2021/01/19 07:41:12 Q=5
2026-01-07 16:20:11,390 - INFO - [GINSLIB] processing : 2021/01/19 07:41:13 Q=5
2026-01-07 16:20:11,390 - INFO - [GINSLIB] processing : 2021/01/19 07:41:14 Q=5
2026-01-07 16:20:11,390 - INFO - [GINSLIB] processing : 2021/01/19 07:41:15 Q=5
2026-01-07 16:20:11,391 - INFO - [GINSLIB] processing : 2021/01/19 07:41:16 Q=5
2026-01-07 16:20:11,391 - INFO - [GINSLIB] processing : 2021/01/19 07:41:17 Q=5
2026-01-07 16:20:11,391 - INFO - [GINSLIB] processing : 2021/01/19 07:41:18 Q=5
2026-01-07 16:20:11,391 - INFO - [GINSLIB] processing : 2021/01/19 07:41:19 Q=5
2026-01-07 16:20:11,391 - INFO - [GINSLIB] processing : 2021/01/19 07:41:20 Q=5
2026-01-07 16:20:11,391 - INFO - [GINSLIB] processing : 2021/01/19 07:41:21 Q=5
2026-01-07 16:20:11,392 - INFO - [GINSLIB] processing : 2021/01/19 07:41:22 Q=5
2026-01-07 16:20:11,392 - INFO - [GINSLIB] processing : 2021/01/19 07:41:23 Q=5
2026-01-07 16:20:11,392 - INFO - [GINSLIB] processing : 2021/01/19 07:41:24 Q=5
2026-01-07 16:20:11,392 - INFO - [GINSLIB] processing : 2021/01/19 07:41:25 Q=5
2026-01-07 16:20:11,392 - INFO - [GINSLIB] processing : 2021/01/19 07:41:26 Q=5
2026-01-07 16:20:11,392 - INFO - [GINSLIB] processing : 2021/01/19 07:41:27 Q=5
2026-01-07 16:20:11,393 - INFO - [GINSLIB] processing : 2021/01/19 07:41:28 Q=5
2026-01-07 16:20:11,393 - INFO - [GINSLIB] processing : 2021/01/19 07:41:29 Q=5
2026-01-07 16:20:11,393 - INFO - [GINSLIB] processing : 2021/01/19 07:41:30 Q=5
2026-01-07 16:20:11,393 - INFO - [GINSLIB] processing : 2021/01/19 07:41:31 Q=5
2026-01-07 16:20:11,582 - INFO - [GINSLIB] processing : 2021/01/19 07:41:32 Q=5
2026-01-07 16:20:11,582 - INFO - [GINSLIB] processing : 2021/01/19 07:41:33 Q=5
2026-01-07 16:20:11,583 - INFO - [GINSLIB] processing : 2021/01/19 07:41:34 Q=5
2026-01-07 16:20:11,583 - INFO - [GINSLIB] processing : 2021/01/19 07:41:35 Q=5
2026-01-07 16:20:11,583 - INFO - [GINSLIB] processing : 2021/01/19 07:41:36 Q=5
2026-01-07 16:20:11,583 - INFO - [GINSLIB] processing : 2021/01/19 07:41:37 Q=5
2026-01-07 16:20:11,583 - INFO - [GINSLIB] processing : 2021/01/19 07:41:38 Q=5
2026-01-07 16:20:11,584 - INFO - [GINSLIB] processing : 2021/01/19 07:41:39 Q=5
2026-01-07 16:20:11,584 - INFO - [GINSLIB] processing : 2021/01/19 07:41:40 Q=5
2026-01-07 16:20:11,584 - INFO - [GINSLIB] processing : 2021/01/19 07:41:41 Q=5
2026-01-07 16:20:11,584 - INFO - [GINSLIB] processing : 2021/01/19 07:41:42 Q=5
2026-01-07 16:20:11,584 - INFO - [GINSLIB] processing : 2021/01/19 07:41:43 Q=5
2026-01-07 16:20:11,584 - INFO - [GINSLIB] processing : 2021/01/19 07:41:44 Q=5
2026-01-07 16:20:11,584 - INFO - [GINSLIB] processing : 2021/01/19 07:41:45 Q=5
2026-01-07 16:20:11,585 - INFO - [GINSLIB] processing : 2021/01/19 07:41:46 Q=5
2026-01-07 16:20:11,585 - INFO - [GINSLIB] processing : 2021/01/19 07:41:47 Q=5
2026-01-07 16:20:11,585 - INFO - [GINSLIB] processing : 2021/01/19 07:41:48 Q=5
2026-01-07 16:20:11,585 - INFO - [GINSLIB] processing : 2021/01/19 07:41:49 Q=5
2026-01-07 16:20:11,585 - INFO - [GINSLIB] processing : 2021/01/19 07:41:50 Q=5
2026-01-07 16:20:11,586 - INFO - [GINSLIB] processing : 2021/01/19 07:41:51 Q=5
2026-01-07 16:20:11,586 - INFO - [GINSLIB] processing : 2021/01/19 07:41:52 Q=5
2026-01-07 16:20:11,586 - INFO - [GINSLIB] processing : 2021/01/19 07:41:53 Q=5
2026-01-07 16:20:11,586 - INFO - [GINSLIB] processing : 2021/01/19 07:41:54 Q=5
2026-01-07 16:20:11,786 - INFO - [GINSLIB] processing : 2021/01/19 07:41:55 Q=5
2026-01-07 16:20:11,786 - INFO - [GINSLIB] processing : 2021/01/19 07:41:56 Q=5
2026-01-07 16:20:11,786 - INFO - [GINSLIB] processing : 2021/01/19 07:41:57 Q=5
2026-01-07 16:20:11,786 - INFO - [GINSLIB] processing : 2021/01/19 07:41:58 Q=5
2026-01-07 16:20:11,786 - INFO - [GINSLIB] processing : 2021/01/19 07:41:59 Q=5
2026-01-07 16:20:11,787 - INFO - [GINSLIB] processing : 2021/01/19 07:42:00 Q=5
2026-01-07 16:20:11,787 - INFO - [GINSLIB] processing : 2021/01/19 07:42:01 Q=5
2026-01-07 16:20:11,787 - INFO - [GINSLIB] processing : 2021/01/19 07:42:02 Q=5
2026-01-07 16:20:11,787 - INFO - [GINSLIB] processing : 2021/01/19 07:42:03 Q=5
2026-01-07 16:20:11,787 - INFO - [GINSLIB] processing : 2021/01/19 07:42:04 Q=5
2026-01-07 16:20:11,787 - INFO - [GINSLIB] processing : 2021/01/19 07:42:05 Q=5
2026-01-07 16:20:11,787 - INFO - [GINSLIB] processing : 2021/01/19 07:42:06 Q=5
2026-01-07 16:20:11,787 - INFO - [GINSLIB] processing : 2021/01/19 07:42:07 Q=5
2026-01-07 16:20:11,788 - INFO - [GINSLIB] processing : 2021/01/19 07:42:08 Q=5
2026-01-07 16:20:11,788 - INFO - [GINSLIB] processing : 2021/01/19 07:42:09 Q=5
2026-01-07 16:20:11,788 - INFO - [GINSLIB] processing : 2021/01/19 07:42:10 Q=5
2026-01-07 16:20:11,788 - INFO - [GINSLIB] processing : 2021/01/19 07:42:11 Q=5
2026-01-07 16:20:11,788 - INFO - [GINSLIB] processing : 2021/01/19 07:42:12 Q=5
2026-01-07 16:20:11,788 - INFO - [GINSLIB] processing : 2021/01/19 07:42:13 Q=5
2026-01-07 16:20:11,788 - INFO - [GINSLIB] processing : 2021/01/19 07:42:14 Q=5
2026-01-07 16:20:11,788 - INFO - [GINSLIB] processing : 2021/01/19 07:42:15 Q=5
2026-01-07 16:20:11,788 - INFO - [GINSLIB] processing : 2021/01/19 07:42:16 Q=5
2026-01-07 16:20:11,992 - INFO - [GINSLIB] processing : 2021/01/19 07:42:17 Q=5
2026-01-07 16:20:11,992 - INFO - [GINSLIB] processing : 2021/01/19 07:42:18 Q=5
2026-01-07 16:20:11,992 - INFO - [GINSLIB] processing : 2021/01/19 07:42:19 Q=5
2026-01-07 16:20:11,992 - INFO - [GINSLIB] processing : 2021/01/19 07:42:20 Q=5
2026-01-07 16:20:11,992 - INFO - [GINSLIB] processing : 2021/01/19 07:42:21 Q=5
2026-01-07 16:20:11,992 - INFO - [GINSLIB] processing : 2021/01/19 07:42:22 Q=5
2026-01-07 16:20:11,993 - INFO - [GINSLIB] processing : 2021/01/19 07:42:23 Q=5
2026-01-07 16:20:11,993 - INFO - [GINSLIB] processing : 2021/01/19 07:42:24 Q=5
2026-01-07 16:20:11,993 - INFO - [GINSLIB] processing : 2021/01/19 07:42:25 Q=5
2026-01-07 16:20:11,993 - INFO - [GINSLIB] processing : 2021/01/19 07:42:26 Q=5
2026-01-07 16:20:11,993 - INFO - [GINSLIB] processing : 2021/01/19 07:42:27 Q=5
2026-01-07 16:20:11,993 - INFO - [GINSLIB] processing : 2021/01/19 07:42:28 Q=5
2026-01-07 16:20:11,994 - INFO - [GINSLIB] processing : 2021/01/19 07:42:29 Q=5
2026-01-07 16:20:11,994 - INFO - [GINSLIB] processing : 2021/01/19 07:42:30 Q=5
2026-01-07 16:20:11,994 - INFO - [GINSLIB] processing : 2021/01/19 07:42:31 Q=5
2026-01-07 16:20:11,994 - INFO - [GINSLIB] processing : 2021/01/19 07:42:32 Q=5
2026-01-07 16:20:11,994 - INFO - [GINSLIB] processing : 2021/01/19 07:42:33 Q=5
2026-01-07 16:20:11,994 - INFO - [GINSLIB] processing : 2021/01/19 07:42:34 Q=5
2026-01-07 16:20:11,994 - INFO - [GINSLIB] processing : 2021/01/19 07:42:35 Q=5
2026-01-07 16:20:11,995 - INFO - [GINSLIB] processing : 2021/01/19 07:42:36 Q=5
2026-01-07 16:20:11,995 - INFO - [GINSLIB] processing : 2021/01/19 07:42:37 Q=5
2026-01-07 16:20:11,995 - INFO - [GINSLIB] processing : 2021/01/19 07:42:38 Q=5
2026-01-07 16:20:12,196 - INFO - [GINSLIB] processing : 2021/01/19 07:42:39 Q=5
2026-01-07 16:20:12,197 - INFO - [GINSLIB] processing : 2021/01/19 07:42:40 Q=5
2026-01-07 16:20:12,197 - INFO - [GINSLIB] processing : 2021/01/19 07:42:41 Q=5
2026-01-07 16:20:12,197 - INFO - [GINSLIB] processing : 2021/01/19 07:42:42 Q=5
2026-01-07 16:20:12,197 - INFO - [GINSLIB] processing : 2021/01/19 07:42:43 Q=5
2026-01-07 16:20:12,198 - INFO - [GINSLIB] processing : 2021/01/19 07:42:44 Q=5
2026-01-07 16:20:12,198 - INFO - [GINSLIB] processing : 2021/01/19 07:42:45 Q=5
2026-01-07 16:20:12,198 - INFO - [GINSLIB] processing : 2021/01/19 07:42:46 Q=5
2026-01-07 16:20:12,198 - INFO - [GINSLIB] processing : 2021/01/19 07:42:47 Q=5
2026-01-07 16:20:12,198 - INFO - [GINSLIB] processing : 2021/01/19 07:42:48 Q=5
2026-01-07 16:20:12,199 - INFO - [GINSLIB] processing : 2021/01/19 07:42:49 Q=5
2026-01-07 16:20:12,199 - INFO - [GINSLIB] processing : 2021/01/19 07:42:50 Q=5
2026-01-07 16:20:12,199 - INFO - [GINSLIB] processing : 2021/01/19 07:42:51 Q=5
2026-01-07 16:20:12,199 - INFO - [GINSLIB] processing : 2021/01/19 07:42:52 Q=5
2026-01-07 16:20:12,200 - INFO - [GINSLIB] processing : 2021/01/19 07:42:53 Q=5
2026-01-07 16:20:12,200 - INFO - [GINSLIB] processing : 2021/01/19 07:42:54 Q=5
2026-01-07 16:20:12,200 - INFO - [GINSLIB] processing : 2021/01/19 07:42:55 Q=5
2026-01-07 16:20:12,200 - INFO - [GINSLIB] processing : 2021/01/19 07:42:56 Q=5
2026-01-07 16:20:12,200 - INFO - [GINSLIB] processing : 2021/01/19 07:42:57 Q=5
2026-01-07 16:20:12,201 - INFO - [GINSLIB] processing : 2021/01/19 07:42:58 Q=5
2026-01-07 16:20:12,201 - INFO - [GINSLIB] processing : 2021/01/19 07:42:59 Q=5
2026-01-07 16:20:12,201 - INFO - [GINSLIB] processing : 2021/01/19 07:43:00 Q=5
2026-01-07 16:20:12,396 - INFO - [GINSLIB] processing : 2021/01/19 07:43:01 Q=5
2026-01-07 16:20:12,396 - INFO - [GINSLIB] processing : 2021/01/19 07:43:02 Q=5
2026-01-07 16:20:12,396 - INFO - [GINSLIB] processing : 2021/01/19 07:43:03 Q=5
2026-01-07 16:20:12,396 - INFO - [GINSLIB] processing : 2021/01/19 07:43:04 Q=5
2026-01-07 16:20:12,397 - INFO - [GINSLIB] processing : 2021/01/19 07:43:05 Q=5
2026-01-07 16:20:12,397 - INFO - [GINSLIB] processing : 2021/01/19 07:43:06 Q=5
2026-01-07 16:20:12,397 - INFO - [GINSLIB] processing : 2021/01/19 07:43:07 Q=5
2026-01-07 16:20:12,397 - INFO - [GINSLIB] processing : 2021/01/19 07:43:08 Q=5
2026-01-07 16:20:12,397 - INFO - [GINSLIB] processing : 2021/01/19 07:43:09 Q=5
2026-01-07 16:20:12,397 - INFO - [GINSLIB] processing : 2021/01/19 07:43:10 Q=5
2026-01-07 16:20:12,398 - INFO - [GINSLIB] processing : 2021/01/19 07:43:11 Q=5
2026-01-07 16:20:12,398 - INFO - [GINSLIB] processing : 2021/01/19 07:43:12 Q=5
2026-01-07 16:20:12,398 - INFO - [GINSLIB] processing : 2021/01/19 07:43:13 Q=5
2026-01-07 16:20:12,398 - INFO - [GINSLIB] processing : 2021/01/19 07:43:14 Q=5
2026-01-07 16:20:12,398 - INFO - [GINSLIB] processing : 2021/01/19 07:43:15 Q=5
2026-01-07 16:20:12,399 - INFO - [GINSLIB] processing : 2021/01/19 07:43:16 Q=5
2026-01-07 16:20:12,399 - INFO - [GINSLIB] processing : 2021/01/19 07:43:17 Q=5
2026-01-07 16:20:12,399 - INFO - [GINSLIB] processing : 2021/01/19 07:43:18 Q=5
2026-01-07 16:20:12,399 - INFO - [GINSLIB] processing : 2021/01/19 07:43:19 Q=5
2026-01-07 16:20:12,399 - INFO - [GINSLIB] processing : 2021/01/19 07:43:20 Q=5
2026-01-07 16:20:12,399 - INFO - [GINSLIB] processing : 2021/01/19 07:43:21 Q=5
2026-01-07 16:20:12,400 - INFO - [GINSLIB] processing : 2021/01/19 07:43:22 Q=5
2026-01-07 16:20:12,597 - INFO - [GINSLIB] processing : 2021/01/19 07:43:23 Q=5
2026-01-07 16:20:12,597 - INFO - [GINSLIB] processing : 2021/01/19 07:43:24 Q=5
2026-01-07 16:20:12,598 - INFO - [GINSLIB] processing : 2021/01/19 07:43:25 Q=5
2026-01-07 16:20:12,598 - INFO - [GINSLIB] processing : 2021/01/19 07:43:26 Q=5
2026-01-07 16:20:12,598 - INFO - [GINSLIB] processing : 2021/01/19 07:43:27 Q=5
2026-01-07 16:20:12,598 - INFO - [GINSLIB] processing : 2021/01/19 07:43:28 Q=5
2026-01-07 16:20:12,598 - INFO - [GINSLIB] processing : 2021/01/19 07:43:29 Q=5
2026-01-07 16:20:12,599 - INFO - [GINSLIB] processing : 2021/01/19 07:43:30 Q=5
2026-01-07 16:20:12,599 - INFO - [GINSLIB] processing : 2021/01/19 07:43:31 Q=5
2026-01-07 16:20:12,599 - INFO - [GINSLIB] processing : 2021/01/19 07:43:32 Q=5
2026-01-07 16:20:12,599 - INFO - [GINSLIB] processing : 2021/01/19 07:43:33 Q=5
2026-01-07 16:20:12,599 - INFO - [GINSLIB] processing : 2021/01/19 07:43:34 Q=5
2026-01-07 16:20:12,599 - INFO - [GINSLIB] processing : 2021/01/19 07:43:35 Q=5
2026-01-07 16:20:12,600 - INFO - [GINSLIB] processing : 2021/01/19 07:43:36 Q=5
2026-01-07 16:20:12,600 - INFO - [GINSLIB] processing : 2021/01/19 07:43:37 Q=5
2026-01-07 16:20:12,600 - INFO - [GINSLIB] processing : 2021/01/19 07:43:38 Q=5
2026-01-07 16:20:12,600 - INFO - [GINSLIB] processing : 2021/01/19 07:43:39 Q=5
2026-01-07 16:20:12,600 - INFO - [GINSLIB] processing : 2021/01/19 07:43:40 Q=5
2026-01-07 16:20:12,600 - INFO - [GINSLIB] processing : 2021/01/19 07:43:41 Q=5
2026-01-07 16:20:12,601 - INFO - [GINSLIB] processing : 2021/01/19 07:43:42 Q=5
2026-01-07 16:20:12,601 - INFO - [GINSLIB] processing : 2021/01/19 07:43:43 Q=5
2026-01-07 16:20:12,601 - INFO - [GINSLIB] processing : 2021/01/19 07:43:44 Q=5
2026-01-07 16:20:12,799 - INFO - [GINSLIB] processing : 2021/01/19 07:43:45 Q=5
2026-01-07 16:20:12,799 - INFO - [GINSLIB] processing : 2021/01/19 07:43:46 Q=5
2026-01-07 16:20:12,799 - INFO - [GINSLIB] processing : 2021/01/19 07:43:47 Q=5
2026-01-07 16:20:12,800 - INFO - [GINSLIB] processing : 2021/01/19 07:43:48 Q=5
2026-01-07 16:20:12,800 - INFO - [GINSLIB] processing : 2021/01/19 07:43:49 Q=5
2026-01-07 16:20:12,800 - INFO - [GINSLIB] processing : 2021/01/19 07:43:50 Q=5
2026-01-07 16:20:12,800 - INFO - [GINSLIB] processing : 2021/01/19 07:43:51 Q=5
2026-01-07 16:20:12,801 - INFO - [GINSLIB] processing : 2021/01/19 07:43:52 Q=5
2026-01-07 16:20:12,801 - INFO - [GINSLIB] processing : 2021/01/19 07:43:53 Q=5
2026-01-07 16:20:12,801 - INFO - [GINSLIB] processing : 2021/01/19 07:43:54 Q=5
2026-01-07 16:20:12,801 - INFO - [GINSLIB] processing : 2021/01/19 07:43:55 Q=5
2026-01-07 16:20:12,801 - INFO - [GINSLIB] processing : 2021/01/19 07:43:56 Q=5
2026-01-07 16:20:12,801 - INFO - [GINSLIB] processing : 2021/01/19 07:43:57 Q=5
2026-01-07 16:20:12,801 - INFO - [GINSLIB] processing : 2021/01/19 07:43:58 Q=5
2026-01-07 16:20:12,802 - INFO - [GINSLIB] processing : 2021/01/19 07:43:59 Q=5
2026-01-07 16:20:12,802 - INFO - [GINSLIB] processing : 2021/01/19 07:44:00 Q=5
2026-01-07 16:20:12,802 - INFO - [GINSLIB] processing : 2021/01/19 07:44:01 Q=5
2026-01-07 16:20:12,802 - INFO - [GINSLIB] processing : 2021/01/19 07:44:02 Q=5
2026-01-07 16:20:12,802 - INFO - [GINSLIB] processing : 2021/01/19 07:44:03 Q=5
2026-01-07 16:20:12,803 - INFO - [GINSLIB] processing : 2021/01/19 07:44:04 Q=5
2026-01-07 16:20:12,803 - INFO - [GINSLIB] processing : 2021/01/19 07:44:05 Q=5
2026-01-07 16:20:12,803 - INFO - [GINSLIB] processing : 2021/01/19 07:44:06 Q=5
2026-01-07 16:20:13,009 - INFO - [GINSLIB] processing : 2021/01/19 07:44:07 Q=5
2026-01-07 16:20:13,009 - INFO - [GINSLIB] processing : 2021/01/19 07:44:08 Q=5
2026-01-07 16:20:13,010 - INFO - [GINSLIB] processing : 2021/01/19 07:44:09 Q=5
2026-01-07 16:20:13,010 - INFO - [GINSLIB] processing : 2021/01/19 07:44:10 Q=5
2026-01-07 16:20:13,010 - INFO - [GINSLIB] processing : 2021/01/19 07:44:11 Q=5
2026-01-07 16:20:13,010 - INFO - [GINSLIB] processing : 2021/01/19 07:44:12 Q=5
2026-01-07 16:20:13,010 - INFO - [GINSLIB] processing : 2021/01/19 07:44:13 Q=5
2026-01-07 16:20:13,010 - INFO - [GINSLIB] processing : 2021/01/19 07:44:14 Q=5
2026-01-07 16:20:13,011 - INFO - [GINSLIB] processing : 2021/01/19 07:44:15 Q=5
2026-01-07 16:20:13,011 - INFO - [GINSLIB] processing : 2021/01/19 07:44:16 Q=5
2026-01-07 16:20:13,011 - INFO - [GINSLIB] processing : 2021/01/19 07:44:17 Q=5
2026-01-07 16:20:13,011 - INFO - [GINSLIB] processing : 2021/01/19 07:44:18 Q=5
2026-01-07 16:20:13,011 - INFO - [GINSLIB] processing : 2021/01/19 07:44:19 Q=5
2026-01-07 16:20:13,011 - INFO - [GINSLIB] processing : 2021/01/19 07:44:20 Q=5
2026-01-07 16:20:13,011 - INFO - [GINSLIB] processing : 2021/01/19 07:44:21 Q=5
2026-01-07 16:20:13,011 - INFO - [GINSLIB] processing : 2021/01/19 07:44:22 Q=5
2026-01-07 16:20:13,012 - INFO - [GINSLIB] processing : 2021/01/19 07:44:23 Q=5
2026-01-07 16:20:13,012 - INFO - [GINSLIB] processing : 2021/01/19 07:44:24 Q=5
2026-01-07 16:20:13,012 - INFO - [GINSLIB] processing : 2021/01/19 07:44:25 Q=5
2026-01-07 16:20:13,012 - INFO - [GINSLIB] processing : 2021/01/19 07:44:26 Q=5
2026-01-07 16:20:13,012 - INFO - [GINSLIB] processing : 2021/01/19 07:44:27 Q=5
2026-01-07 16:20:13,012 - INFO - [GINSLIB] processing : 2021/01/19 07:44:28 Q=5
2026-01-07 16:20:13,215 - INFO - [GINSLIB] processing : 2021/01/19 07:44:29 Q=5
2026-01-07 16:20:13,216 - INFO - [GINSLIB] processing : 2021/01/19 07:44:30 Q=5
2026-01-07 16:20:13,216 - INFO - [GINSLIB] processing : 2021/01/19 07:44:31 Q=5
2026-01-07 16:20:13,216 - INFO - [GINSLIB] processing : 2021/01/19 07:44:32 Q=5
2026-01-07 16:20:13,216 - INFO - [GINSLIB] processing : 2021/01/19 07:44:33 Q=5
2026-01-07 16:20:13,216 - INFO - [GINSLIB] processing : 2021/01/19 07:44:34 Q=5
2026-01-07 16:20:13,216 - INFO - [GINSLIB] processing : 2021/01/19 07:44:35 Q=5
2026-01-07 16:20:13,217 - INFO - [GINSLIB] processing : 2021/01/19 07:44:36 Q=5
2026-01-07 16:20:13,217 - INFO - [GINSLIB] processing : 2021/01/19 07:44:37 Q=5
2026-01-07 16:20:13,217 - INFO - [GINSLIB] processing : 2021/01/19 07:44:38 Q=5
2026-01-07 16:20:13,217 - INFO - [GINSLIB] processing : 2021/01/19 07:44:39 Q=5
2026-01-07 16:20:13,218 - INFO - [GINSLIB] processing : 2021/01/19 07:44:40 Q=5
2026-01-07 16:20:13,218 - INFO - [GINSLIB] processing : 2021/01/19 07:44:41 Q=5
2026-01-07 16:20:13,218 - INFO - [GINSLIB] processing : 2021/01/19 07:44:42 Q=5
2026-01-07 16:20:13,218 - INFO - [GINSLIB] processing : 2021/01/19 07:44:43 Q=5
2026-01-07 16:20:13,218 - INFO - [GINSLIB] processing : 2021/01/19 07:44:44 Q=5
2026-01-07 16:20:13,219 - INFO - [GINSLIB] processing : 2021/01/19 07:44:45 Q=5
2026-01-07 16:20:13,219 - INFO - [GINSLIB] processing : 2021/01/19 07:44:46 Q=5
2026-01-07 16:20:13,219 - INFO - [GINSLIB] processing : 2021/01/19 07:44:47 Q=5
2026-01-07 16:20:13,219 - INFO - [GINSLIB] processing : 2021/01/19 07:44:48 Q=5
2026-01-07 16:20:13,219 - INFO - [GINSLIB] processing : 2021/01/19 07:44:49 Q=5
2026-01-07 16:20:13,219 - INFO - [GINSLIB] processing : 2021/01/19 07:44:50 Q=5
2026-01-07 16:20:13,219 - INFO - [GINSLIB] processing : 2021/01/19 07:44:51 Q=5
2026-01-07 16:20:13,417 - INFO - [GINSLIB] processing : 2021/01/19 07:44:52 Q=5
2026-01-07 16:20:13,417 - INFO - [GINSLIB] processing : 2021/01/19 07:44:53 Q=5
2026-01-07 16:20:13,417 - INFO - [GINSLIB] processing : 2021/01/19 07:44:54 Q=5
2026-01-07 16:20:13,418 - INFO - [GINSLIB] processing : 2021/01/19 07:44:55 Q=5
2026-01-07 16:20:13,418 - INFO - [GINSLIB] processing : 2021/01/19 07:44:56 Q=5
2026-01-07 16:20:13,418 - INFO - [GINSLIB] processing : 2021/01/19 07:44:57 Q=5
2026-01-07 16:20:13,418 - INFO - [GINSLIB] processing : 2021/01/19 07:44:58 Q=5
2026-01-07 16:20:13,418 - INFO - [GINSLIB] processing : 2021/01/19 07:44:59 Q=5
2026-01-07 16:20:13,419 - INFO - [GINSLIB] processing : 2021/01/19 07:45:00 Q=5
2026-01-07 16:20:13,419 - INFO - [GINSLIB] processing : 2021/01/19 07:45:01 Q=5
2026-01-07 16:20:13,419 - INFO - [GINSLIB] processing : 2021/01/19 07:45:02 Q=5
2026-01-07 16:20:13,419 - INFO - [GINSLIB] processing : 2021/01/19 07:45:03 Q=5
2026-01-07 16:20:13,419 - INFO - [GINSLIB] processing : 2021/01/19 07:45:04 Q=5
2026-01-07 16:20:13,419 - INFO - [GINSLIB] processing : 2021/01/19 07:45:05 Q=5
2026-01-07 16:20:13,419 - INFO - [GINSLIB] processing : 2021/01/19 07:45:06 Q=5
2026-01-07 16:20:13,419 - INFO - [GINSLIB] processing : 2021/01/19 07:45:07 Q=5
2026-01-07 16:20:13,419 - INFO - [GINSLIB] processing : 2021/01/19 07:45:08 Q=5
2026-01-07 16:20:13,420 - INFO - [GINSLIB] processing : 2021/01/19 07:45:09 Q=5
2026-01-07 16:20:13,420 - INFO - [GINSLIB] processing : 2021/01/19 07:45:10 Q=5
2026-01-07 16:20:13,420 - INFO - [GINSLIB] processing : 2021/01/19 07:45:11 Q=5
2026-01-07 16:20:13,420 - INFO - [GINSLIB] processing : 2021/01/19 07:45:12 Q=5
2026-01-07 16:20:13,420 - INFO - [GINSLIB] processing : 2021/01/19 07:45:13 Q=5
2026-01-07 16:20:13,623 - INFO - [GINSLIB] processing : 2021/01/19 07:45:14 Q=5
2026-01-07 16:20:13,623 - INFO - [GINSLIB] processing : 2021/01/19 07:45:15 Q=5
2026-01-07 16:20:13,623 - INFO - [GINSLIB] processing : 2021/01/19 07:45:16 Q=5
2026-01-07 16:20:13,623 - INFO - [GINSLIB] processing : 2021/01/19 07:45:17 Q=5
2026-01-07 16:20:13,623 - INFO - [GINSLIB] processing : 2021/01/19 07:45:18 Q=5
2026-01-07 16:20:13,624 - INFO - [GINSLIB] processing : 2021/01/19 07:45:19 Q=5
2026-01-07 16:20:13,624 - INFO - [GINSLIB] processing : 2021/01/19 07:45:20 Q=5
2026-01-07 16:20:13,624 - INFO - [GINSLIB] processing : 2021/01/19 07:45:21 Q=5
2026-01-07 16:20:13,624 - INFO - [GINSLIB] processing : 2021/01/19 07:45:22 Q=5
2026-01-07 16:20:13,624 - INFO - [GINSLIB] processing : 2021/01/19 07:45:23 Q=5
2026-01-07 16:20:13,624 - INFO - [GINSLIB] processing : 2021/01/19 07:45:24 Q=5
2026-01-07 16:20:13,625 - INFO - [GINSLIB] processing : 2021/01/19 07:45:25 Q=5
2026-01-07 16:20:13,625 - INFO - [GINSLIB] processing : 2021/01/19 07:45:26 Q=5
2026-01-07 16:20:13,625 - INFO - [GINSLIB] processing : 2021/01/19 07:45:27 Q=5
2026-01-07 16:20:13,625 - INFO - [GINSLIB] processing : 2021/01/19 07:45:28 Q=5
2026-01-07 16:20:13,625 - INFO - [GINSLIB] processing : 2021/01/19 07:45:29 Q=5
2026-01-07 16:20:13,625 - INFO - [GINSLIB] processing : 2021/01/19 07:45:30 Q=5
2026-01-07 16:20:13,625 - INFO - [GINSLIB] processing : 2021/01/19 07:45:31 Q=5
2026-01-07 16:20:13,626 - INFO - [GINSLIB] processing : 2021/01/19 07:45:32 Q=5
2026-01-07 16:20:13,626 - INFO - [GINSLIB] processing : 2021/01/19 07:45:33 Q=5
2026-01-07 16:20:13,626 - INFO - [GINSLIB] processing : 2021/01/19 07:45:34 Q=5
2026-01-07 16:20:13,626 - INFO - [GINSLIB] processing : 2021/01/19 07:45:35 Q=5
2026-01-07 16:20:13,812 - INFO - [GINSLIB] processing : 2021/01/19 07:45:36 Q=5
2026-01-07 16:20:13,812 - INFO - [GINSLIB] processing : 2021/01/19 07:45:37 Q=5
2026-01-07 16:20:13,812 - INFO - [GINSLIB] processing : 2021/01/19 07:45:38 Q=5
2026-01-07 16:20:13,812 - INFO - [GINSLIB] processing : 2021/01/19 07:45:39 Q=5
2026-01-07 16:20:13,812 - INFO - [GINSLIB] processing : 2021/01/19 07:45:40 Q=5
2026-01-07 16:20:13,812 - INFO - [GINSLIB] processing : 2021/01/19 07:45:41 Q=5
2026-01-07 16:20:13,812 - INFO - [GINSLIB] processing : 2021/01/19 07:45:42 Q=5
2026-01-07 16:20:13,812 - INFO - [GINSLIB] processing : 2021/01/19 07:45:43 Q=5
2026-01-07 16:20:13,813 - INFO - [GINSLIB] processing : 2021/01/19 07:45:44 Q=5
2026-01-07 16:20:13,813 - INFO - [GINSLIB] processing : 2021/01/19 07:45:45 Q=5
2026-01-07 16:20:13,813 - INFO - [GINSLIB] processing : 2021/01/19 07:45:46 Q=5
2026-01-07 16:20:13,813 - INFO - [GINSLIB] processing : 2021/01/19 07:45:47 Q=5
2026-01-07 16:20:13,813 - INFO - [GINSLIB] processing : 2021/01/19 07:45:48 Q=5
2026-01-07 16:20:13,813 - INFO - [GINSLIB] processing : 2021/01/19 07:45:49 Q=5
2026-01-07 16:20:13,813 - INFO - [GINSLIB] processing : 2021/01/19 07:45:50 Q=5
2026-01-07 16:20:13,813 - INFO - [GINSLIB] processing : 2021/01/19 07:45:51 Q=5
2026-01-07 16:20:13,814 - INFO - [GINSLIB] processing : 2021/01/19 07:45:52 Q=5
2026-01-07 16:20:13,814 - INFO - [GINSLIB] processing : 2021/01/19 07:45:53 Q=5
2026-01-07 16:20:13,814 - INFO - [GINSLIB] processing : 2021/01/19 07:45:54 Q=5
2026-01-07 16:20:13,814 - INFO - [GINSLIB] processing : 2021/01/19 07:45:55 Q=5
2026-01-07 16:20:13,814 - INFO - [GINSLIB] processing : 2021/01/19 07:45:56 Q=5
2026-01-07 16:20:13,814 - INFO - [GINSLIB] processing : 2021/01/19 07:45:57 Q=5
2026-01-07 16:20:13,993 - INFO - [GINSLIB] processing : 2021/01/19 07:45:58 Q=5
2026-01-07 16:20:13,993 - INFO - [GINSLIB] processing : 2021/01/19 07:45:59 Q=5
2026-01-07 16:20:13,994 - INFO - [GINSLIB] processing : 2021/01/19 07:46:00 Q=5
2026-01-07 16:20:13,994 - INFO - [GINSLIB] processing : 2021/01/19 07:46:01 Q=5
2026-01-07 16:20:13,994 - INFO - [GINSLIB] processing : 2021/01/19 07:46:02 Q=5
2026-01-07 16:20:13,994 - INFO - [GINSLIB] processing : 2021/01/19 07:46:03 Q=5
2026-01-07 16:20:13,994 - INFO - [GINSLIB] processing : 2021/01/19 07:46:04 Q=5
2026-01-07 16:20:13,994 - INFO - [GINSLIB] processing : 2021/01/19 07:46:05 Q=5
2026-01-07 16:20:13,995 - INFO - [GINSLIB] processing : 2021/01/19 07:46:06 Q=5
2026-01-07 16:20:13,995 - INFO - [GINSLIB] processing : 2021/01/19 07:46:07 Q=5
2026-01-07 16:20:13,995 - INFO - [GINSLIB] processing : 2021/01/19 07:46:08 Q=5
2026-01-07 16:20:13,995 - INFO - [GINSLIB] processing : 2021/01/19 07:46:09 Q=5
2026-01-07 16:20:13,995 - INFO - [GINSLIB] processing : 2021/01/19 07:46:10 Q=5
2026-01-07 16:20:13,995 - INFO - [GINSLIB] processing : 2021/01/19 07:46:11 Q=5
2026-01-07 16:20:13,995 - INFO - [GINSLIB] processing : 2021/01/19 07:46:12 Q=5
2026-01-07 16:20:13,996 - INFO - [GINSLIB] processing : 2021/01/19 07:46:13 Q=5
2026-01-07 16:20:13,996 - INFO - [GINSLIB] processing : 2021/01/19 07:46:14 Q=5
2026-01-07 16:20:13,996 - INFO - [GINSLIB] processing : 2021/01/19 07:46:15 Q=5
2026-01-07 16:20:13,996 - INFO - [GINSLIB] processing : 2021/01/19 07:46:16 Q=5
2026-01-07 16:20:13,996 - INFO - [GINSLIB] processing : 2021/01/19 07:46:17 Q=5
2026-01-07 16:20:13,996 - INFO - [GINSLIB] processing : 2021/01/19 07:46:18 Q=5
2026-01-07 16:20:13,996 - INFO - [GINSLIB] processing : 2021/01/19 07:46:19 Q=5
2026-01-07 16:20:14,179 - INFO - [GINSLIB] processing : 2021/01/19 07:46:20 Q=5
2026-01-07 16:20:14,180 - INFO - [GINSLIB] processing : 2021/01/19 07:46:21 Q=5
2026-01-07 16:20:14,180 - INFO - [GINSLIB] processing : 2021/01/19 07:46:22 Q=5
2026-01-07 16:20:14,180 - INFO - [GINSLIB] processing : 2021/01/19 07:46:23 Q=5
2026-01-07 16:20:14,180 - INFO - [GINSLIB] processing : 2021/01/19 07:46:24 Q=5
2026-01-07 16:20:14,180 - INFO - [GINSLIB] processing : 2021/01/19 07:46:25 Q=5
2026-01-07 16:20:14,180 - INFO - [GINSLIB] processing : 2021/01/19 07:46:26 Q=5
2026-01-07 16:20:14,181 - INFO - [GINSLIB] processing : 2021/01/19 07:46:27 Q=5
2026-01-07 16:20:14,181 - INFO - [GINSLIB] processing : 2021/01/19 07:46:28 Q=5
2026-01-07 16:20:14,181 - INFO - [GINSLIB] processing : 2021/01/19 07:46:29 Q=5
2026-01-07 16:20:14,181 - INFO - [GINSLIB] processing : 2021/01/19 07:46:30 Q=5
2026-01-07 16:20:14,181 - INFO - [GINSLIB] processing : 2021/01/19 07:46:31 Q=5
2026-01-07 16:20:14,182 - INFO - [GINSLIB] processing : 2021/01/19 07:46:32 Q=5
2026-01-07 16:20:14,182 - INFO - [GINSLIB] processing : 2021/01/19 07:46:33 Q=5
2026-01-07 16:20:14,182 - INFO - [GINSLIB] processing : 2021/01/19 07:46:34 Q=5
2026-01-07 16:20:14,183 - INFO - [GINSLIB] processing : 2021/01/19 07:46:35 Q=5
2026-01-07 16:20:14,183 - INFO - [GINSLIB] processing : 2021/01/19 07:46:36 Q=5
2026-01-07 16:20:14,183 - INFO - [GINSLIB] processing : 2021/01/19 07:46:37 Q=5
2026-01-07 16:20:14,183 - INFO - [GINSLIB] processing : 2021/01/19 07:46:38 Q=5
2026-01-07 16:20:14,183 - INFO - [GINSLIB] processing : 2021/01/19 07:46:39 Q=5
2026-01-07 16:20:14,184 - INFO - [GINSLIB] processing : 2021/01/19 07:46:40 Q=5
2026-01-07 16:20:14,184 - INFO - [GINSLIB] processing : 2021/01/19 07:46:41 Q=5
2026-01-07 16:20:14,373 - INFO - [GINSLIB] processing : 2021/01/19 07:46:42 Q=5
2026-01-07 16:20:14,373 - INFO - [GINSLIB] processing : 2021/01/19 07:46:43 Q=5
2026-01-07 16:20:14,373 - INFO - [GINSLIB] processing : 2021/01/19 07:46:44 Q=5
2026-01-07 16:20:14,373 - INFO - [GINSLIB] processing : 2021/01/19 07:46:45 Q=5
2026-01-07 16:20:14,374 - INFO - [GINSLIB] processing : 2021/01/19 07:46:46 Q=5
2026-01-07 16:20:14,374 - INFO - [GINSLIB] processing : 2021/01/19 07:46:47 Q=5
2026-01-07 16:20:14,374 - INFO - [GINSLIB] processing : 2021/01/19 07:46:48 Q=5
2026-01-07 16:20:14,374 - INFO - [GINSLIB] processing : 2021/01/19 07:46:49 Q=5
2026-01-07 16:20:14,374 - INFO - [GINSLIB] processing : 2021/01/19 07:46:50 Q=5
2026-01-07 16:20:14,374 - INFO - [GINSLIB] processing : 2021/01/19 07:46:51 Q=5
2026-01-07 16:20:14,375 - INFO - [GINSLIB] processing : 2021/01/19 07:46:52 Q=5
2026-01-07 16:20:14,375 - INFO - [GINSLIB] processing : 2021/01/19 07:46:53 Q=5
2026-01-07 16:20:14,375 - INFO - [GINSLIB] processing : 2021/01/19 07:46:54 Q=5
2026-01-07 16:20:14,375 - INFO - [GINSLIB] processing : 2021/01/19 07:46:55 Q=5
2026-01-07 16:20:14,375 - INFO - [GINSLIB] processing : 2021/01/19 07:46:56 Q=5
2026-01-07 16:20:14,375 - INFO - [GINSLIB] processing : 2021/01/19 07:46:57 Q=5
2026-01-07 16:20:14,376 - INFO - [GINSLIB] processing : 2021/01/19 07:46:58 Q=5
2026-01-07 16:20:14,376 - INFO - [GINSLIB] processing : 2021/01/19 07:46:59 Q=5
2026-01-07 16:20:14,376 - INFO - [GINSLIB] processing : 2021/01/19 07:47:00 Q=5
2026-01-07 16:20:14,376 - INFO - [GINSLIB] processing : 2021/01/19 07:47:01 Q=5
2026-01-07 16:20:14,376 - INFO - [GINSLIB] processing : 2021/01/19 07:47:02 Q=5
2026-01-07 16:20:14,376 - INFO - [GINSLIB] processing : 2021/01/19 07:47:03 Q=5
2026-01-07 16:20:14,557 - INFO - [GINSLIB] processing : 2021/01/19 07:47:04 Q=5
2026-01-07 16:20:14,557 - INFO - [GINSLIB] processing : 2021/01/19 07:47:05 Q=5
2026-01-07 16:20:14,557 - INFO - [GINSLIB] processing : 2021/01/19 07:47:06 Q=5
2026-01-07 16:20:14,558 - INFO - [GINSLIB] processing : 2021/01/19 07:47:07 Q=5
2026-01-07 16:20:14,558 - INFO - [GINSLIB] processing : 2021/01/19 07:47:08 Q=5
2026-01-07 16:20:14,558 - INFO - [GINSLIB] processing : 2021/01/19 07:47:09 Q=5
2026-01-07 16:20:14,558 - INFO - [GINSLIB] processing : 2021/01/19 07:47:10 Q=5
2026-01-07 16:20:14,558 - INFO - [GINSLIB] processing : 2021/01/19 07:47:11 Q=5
2026-01-07 16:20:14,558 - INFO - [GINSLIB] processing : 2021/01/19 07:47:12 Q=5
2026-01-07 16:20:14,559 - INFO - [GINSLIB] processing : 2021/01/19 07:47:13 Q=5
2026-01-07 16:20:14,559 - INFO - [GINSLIB] processing : 2021/01/19 07:47:14 Q=5
2026-01-07 16:20:14,559 - INFO - [GINSLIB] processing : 2021/01/19 07:47:15 Q=5
2026-01-07 16:20:14,559 - INFO - [GINSLIB] processing : 2021/01/19 07:47:16 Q=5
2026-01-07 16:20:14,559 - INFO - [GINSLIB] processing : 2021/01/19 07:47:17 Q=5
2026-01-07 16:20:14,559 - INFO - [GINSLIB] processing : 2021/01/19 07:47:18 Q=5
2026-01-07 16:20:14,560 - INFO - [GINSLIB] processing : 2021/01/19 07:47:19 Q=5
2026-01-07 16:20:14,560 - INFO - [GINSLIB] processing : 2021/01/19 07:47:20 Q=5
2026-01-07 16:20:14,560 - INFO - [GINSLIB] processing : 2021/01/19 07:47:21 Q=5
2026-01-07 16:20:14,560 - INFO - [GINSLIB] processing : 2021/01/19 07:47:22 Q=5
2026-01-07 16:20:14,560 - INFO - [GINSLIB] processing : 2021/01/19 07:47:23 Q=5
2026-01-07 16:20:14,560 - INFO - [GINSLIB] processing : 2021/01/19 07:47:24 Q=5
2026-01-07 16:20:14,560 - INFO - [GINSLIB] processing : 2021/01/19 07:47:25 Q=5
2026-01-07 16:20:14,560 - INFO - [GINSLIB] processing : 2021/01/19 07:47:26 Q=5
2026-01-07 16:20:14,746 - INFO - [GINSLIB] processing : 2021/01/19 07:47:27 Q=5
2026-01-07 16:20:14,746 - INFO - [GINSLIB] processing : 2021/01/19 07:47:28 Q=5
2026-01-07 16:20:14,746 - INFO - [GINSLIB] processing : 2021/01/19 07:47:29 Q=5
2026-01-07 16:20:14,746 - INFO - [GINSLIB] processing : 2021/01/19 07:47:30 Q=5
2026-01-07 16:20:14,747 - INFO - [GINSLIB] processing : 2021/01/19 07:47:31 Q=5
2026-01-07 16:20:14,747 - INFO - [GINSLIB] processing : 2021/01/19 07:47:32 Q=5
2026-01-07 16:20:14,747 - INFO - [GINSLIB] processing : 2021/01/19 07:47:33 Q=5
2026-01-07 16:20:14,747 - INFO - [GINSLIB] processing : 2021/01/19 07:47:34 Q=5
2026-01-07 16:20:14,747 - INFO - [GINSLIB] processing : 2021/01/19 07:47:35 Q=5
2026-01-07 16:20:14,747 - INFO - [GINSLIB] processing : 2021/01/19 07:47:36 Q=5
2026-01-07 16:20:14,747 - INFO - [GINSLIB] processing : 2021/01/19 07:47:37 Q=5
2026-01-07 16:20:14,747 - INFO - [GINSLIB] processing : 2021/01/19 07:47:38 Q=5
2026-01-07 16:20:14,748 - INFO - [GINSLIB] processing : 2021/01/19 07:47:39 Q=5
2026-01-07 16:20:14,748 - INFO - [GINSLIB] processing : 2021/01/19 07:47:40 Q=5
2026-01-07 16:20:14,748 - INFO - [GINSLIB] processing : 2021/01/19 07:47:41 Q=5
2026-01-07 16:20:14,748 - INFO - [GINSLIB] processing : 2021/01/19 07:47:42 Q=5
2026-01-07 16:20:14,748 - INFO - [GINSLIB] processing : 2021/01/19 07:47:43 Q=5
2026-01-07 16:20:14,748 - INFO - [GINSLIB] processing : 2021/01/19 07:47:44 Q=5
2026-01-07 16:20:14,749 - INFO - [GINSLIB] processing : 2021/01/19 07:47:45 Q=5
2026-01-07 16:20:14,749 - INFO - [GINSLIB] processing : 2021/01/19 07:47:46 Q=5
2026-01-07 16:20:14,749 - INFO - [GINSLIB] processing : 2021/01/19 07:47:47 Q=5
2026-01-07 16:20:14,749 - INFO - [GINSLIB] processing : 2021/01/19 07:47:48 Q=5
2026-01-07 16:20:14,939 - INFO - [GINSLIB] processing : 2021/01/19 07:47:49 Q=5
2026-01-07 16:20:14,939 - INFO - [GINSLIB] processing : 2021/01/19 07:47:50 Q=5
2026-01-07 16:20:14,939 - INFO - [GINSLIB] processing : 2021/01/19 07:47:51 Q=5
2026-01-07 16:20:14,940 - INFO - [GINSLIB] processing : 2021/01/19 07:47:52 Q=5
2026-01-07 16:20:14,940 - INFO - [GINSLIB] processing : 2021/01/19 07:47:53 Q=5
2026-01-07 16:20:14,940 - INFO - [GINSLIB] processing : 2021/01/19 07:47:54 Q=5
2026-01-07 16:20:14,940 - INFO - [GINSLIB] processing : 2021/01/19 07:47:55 Q=5
2026-01-07 16:20:14,940 - INFO - [GINSLIB] processing : 2021/01/19 07:47:56 Q=5
2026-01-07 16:20:14,940 - INFO - [GINSLIB] processing : 2021/01/19 07:47:57 Q=5
2026-01-07 16:20:14,940 - INFO - [GINSLIB] processing : 2021/01/19 07:47:58 Q=5
2026-01-07 16:20:14,941 - INFO - [GINSLIB] processing : 2021/01/19 07:47:59 Q=5
2026-01-07 16:20:14,941 - INFO - [GINSLIB] processing : 2021/01/19 07:48:00 Q=5
2026-01-07 16:20:14,941 - INFO - [GINSLIB] processing : 2021/01/19 07:48:01 Q=5
2026-01-07 16:20:14,941 - INFO - [GINSLIB] processing : 2021/01/19 07:48:02 Q=5
2026-01-07 16:20:14,941 - INFO - [GINSLIB] processing : 2021/01/19 07:48:03 Q=5
2026-01-07 16:20:14,941 - INFO - [GINSLIB] processing : 2021/01/19 07:48:04 Q=5
2026-01-07 16:20:14,941 - INFO - [GINSLIB] processing : 2021/01/19 07:48:05 Q=5
2026-01-07 16:20:14,942 - INFO - [GINSLIB] processing : 2021/01/19 07:48:06 Q=5
2026-01-07 16:20:14,942 - INFO - [GINSLIB] processing : 2021/01/19 07:48:07 Q=5
2026-01-07 16:20:14,942 - INFO - [GINSLIB] processing : 2021/01/19 07:48:08 Q=5
2026-01-07 16:20:14,942 - INFO - [GINSLIB] processing : 2021/01/19 07:48:09 Q=5
2026-01-07 16:20:14,942 - INFO - [GINSLIB] processing : 2021/01/19 07:48:10 Q=5
2026-01-07 16:20:15,117 - INFO - [GINSLIB] processing : 2021/01/19 07:48:11 Q=5
2026-01-07 16:20:15,118 - INFO - [GINSLIB] processing : 2021/01/19 07:48:12 Q=5
2026-01-07 16:20:15,118 - INFO - [GINSLIB] processing : 2021/01/19 07:48:13 Q=5
2026-01-07 16:20:15,118 - INFO - [GINSLIB] processing : 2021/01/19 07:48:14 Q=5
2026-01-07 16:20:15,118 - INFO - [GINSLIB] processing : 2021/01/19 07:48:15 Q=5
2026-01-07 16:20:15,118 - INFO - [GINSLIB] processing : 2021/01/19 07:48:16 Q=5
2026-01-07 16:20:15,119 - INFO - [GINSLIB] processing : 2021/01/19 07:48:17 Q=5
2026-01-07 16:20:15,119 - INFO - [GINSLIB] processing : 2021/01/19 07:48:18 Q=5
2026-01-07 16:20:15,119 - INFO - [GINSLIB] processing : 2021/01/19 07:48:19 Q=5
2026-01-07 16:20:15,119 - INFO - [GINSLIB] processing : 2021/01/19 07:48:20 Q=5
2026-01-07 16:20:15,119 - INFO - [GINSLIB] processing : 2021/01/19 07:48:21 Q=5
2026-01-07 16:20:15,119 - INFO - [GINSLIB] processing : 2021/01/19 07:48:22 Q=5
2026-01-07 16:20:15,119 - INFO - [GINSLIB] processing : 2021/01/19 07:48:23 Q=5
2026-01-07 16:20:15,119 - INFO - [GINSLIB] processing : 2021/01/19 07:48:24 Q=5
2026-01-07 16:20:15,119 - INFO - [GINSLIB] processing : 2021/01/19 07:48:25 Q=5
2026-01-07 16:20:15,120 - INFO - [GINSLIB] processing : 2021/01/19 07:48:26 Q=5
2026-01-07 16:20:15,120 - INFO - [GINSLIB] processing : 2021/01/19 07:48:27 Q=5
2026-01-07 16:20:15,120 - INFO - [GINSLIB] processing : 2021/01/19 07:48:28 Q=5
2026-01-07 16:20:15,120 - INFO - [GINSLIB] processing : 2021/01/19 07:48:29 Q=5
2026-01-07 16:20:15,120 - INFO - [GINSLIB] processing : 2021/01/19 07:48:30 Q=5
2026-01-07 16:20:15,120 - INFO - [GINSLIB] processing : 2021/01/19 07:48:31 Q=5
2026-01-07 16:20:15,120 - INFO - [GINSLIB] processing : 2021/01/19 07:48:32 Q=5
2026-01-07 16:20:15,293 - INFO - [GINSLIB] processing : 2021/01/19 07:48:33 Q=5
2026-01-07 16:20:15,293 - INFO - [GINSLIB] processing : 2021/01/19 07:48:34 Q=5
2026-01-07 16:20:15,293 - INFO - [GINSLIB] processing : 2021/01/19 07:48:35 Q=5
2026-01-07 16:20:15,293 - INFO - [GINSLIB] processing : 2021/01/19 07:48:36 Q=5
2026-01-07 16:20:15,293 - INFO - [GINSLIB] processing : 2021/01/19 07:48:37 Q=5
2026-01-07 16:20:15,294 - INFO - [GINSLIB] processing : 2021/01/19 07:48:38 Q=5
2026-01-07 16:20:15,294 - INFO - [GINSLIB] processing : 2021/01/19 07:48:39 Q=5
2026-01-07 16:20:15,294 - INFO - [GINSLIB] processing : 2021/01/19 07:48:40 Q=5
2026-01-07 16:20:15,294 - INFO - [GINSLIB] processing : 2021/01/19 07:48:41 Q=5
2026-01-07 16:20:15,294 - INFO - [GINSLIB] processing : 2021/01/19 07:48:42 Q=5
2026-01-07 16:20:15,294 - INFO - [GINSLIB] processing : 2021/01/19 07:48:43 Q=5
2026-01-07 16:20:15,295 - INFO - [GINSLIB] processing : 2021/01/19 07:48:44 Q=5
2026-01-07 16:20:15,295 - INFO - [GINSLIB] processing : 2021/01/19 07:48:45 Q=5
2026-01-07 16:20:15,295 - INFO - [GINSLIB] processing : 2021/01/19 07:48:46 Q=5
2026-01-07 16:20:15,295 - INFO - [GINSLIB] processing : 2021/01/19 07:48:47 Q=5
2026-01-07 16:20:15,295 - INFO - [GINSLIB] processing : 2021/01/19 07:48:48 Q=5
2026-01-07 16:20:15,295 - INFO - [GINSLIB] processing : 2021/01/19 07:48:49 Q=5
2026-01-07 16:20:15,295 - INFO - [GINSLIB] processing : 2021/01/19 07:48:50 Q=5
2026-01-07 16:20:15,296 - INFO - [GINSLIB] processing : 2021/01/19 07:48:51 Q=5
2026-01-07 16:20:15,296 - INFO - [GINSLIB] processing : 2021/01/19 07:48:52 Q=5
2026-01-07 16:20:15,296 - INFO - [GINSLIB] processing : 2021/01/19 07:48:53 Q=5
2026-01-07 16:20:15,296 - INFO - [GINSLIB] processing : 2021/01/19 07:48:54 Q=5
2026-01-07 16:20:15,475 - INFO - [GINSLIB] processing : 2021/01/19 07:48:55 Q=5
2026-01-07 16:20:15,475 - INFO - [GINSLIB] processing : 2021/01/19 07:48:56 Q=5
2026-01-07 16:20:15,475 - INFO - [GINSLIB] processing : 2021/01/19 07:48:57 Q=5
2026-01-07 16:20:15,475 - INFO - [GINSLIB] processing : 2021/01/19 07:48:58 Q=5
2026-01-07 16:20:15,476 - INFO - [GINSLIB] processing : 2021/01/19 07:48:59 Q=5
2026-01-07 16:20:15,476 - INFO - [GINSLIB] processing : 2021/01/19 07:49:00 Q=5
2026-01-07 16:20:15,476 - INFO - [GINSLIB] processing : 2021/01/19 07:49:01 Q=5
2026-01-07 16:20:15,476 - INFO - [GINSLIB] processing : 2021/01/19 07:49:02 Q=5
2026-01-07 16:20:15,476 - INFO - [GINSLIB] processing : 2021/01/19 07:49:03 Q=5
2026-01-07 16:20:15,476 - INFO - [GINSLIB] processing : 2021/01/19 07:49:04 Q=5
2026-01-07 16:20:15,477 - INFO - [GINSLIB] processing : 2021/01/19 07:49:05 Q=5
2026-01-07 16:20:15,477 - INFO - [GINSLIB] processing : 2021/01/19 07:49:06 Q=5
2026-01-07 16:20:15,477 - INFO - [GINSLIB] processing : 2021/01/19 07:49:07 Q=5
2026-01-07 16:20:15,477 - INFO - [GINSLIB] processing : 2021/01/19 07:49:08 Q=5
2026-01-07 16:20:15,477 - INFO - [GINSLIB] processing : 2021/01/19 07:49:09 Q=5
2026-01-07 16:20:15,477 - INFO - [GINSLIB] processing : 2021/01/19 07:49:10 Q=5
2026-01-07 16:20:15,477 - INFO - [GINSLIB] processing : 2021/01/19 07:49:11 Q=5
2026-01-07 16:20:15,478 - INFO - [GINSLIB] processing : 2021/01/19 07:49:12 Q=5
2026-01-07 16:20:15,478 - INFO - [GINSLIB] processing : 2021/01/19 07:49:13 Q=5
2026-01-07 16:20:15,478 - INFO - [GINSLIB] processing : 2021/01/19 07:49:14 Q=5
2026-01-07 16:20:15,478 - INFO - [GINSLIB] processing : 2021/01/19 07:49:15 Q=5
2026-01-07 16:20:15,478 - INFO - [GINSLIB] processing : 2021/01/19 07:49:16 Q=5
2026-01-07 16:20:15,663 - INFO - [GINSLIB] processing : 2021/01/19 07:49:17 Q=5
2026-01-07 16:20:15,663 - INFO - [GINSLIB] processing : 2021/01/19 07:49:18 Q=5
2026-01-07 16:20:15,663 - INFO - [GINSLIB] processing : 2021/01/19 07:49:19 Q=5
2026-01-07 16:20:15,664 - INFO - [GINSLIB] processing : 2021/01/19 07:49:20 Q=5
2026-01-07 16:20:15,664 - INFO - [GINSLIB] processing : 2021/01/19 07:49:21 Q=5
2026-01-07 16:20:15,664 - INFO - [GINSLIB] processing : 2021/01/19 07:49:22 Q=5
2026-01-07 16:20:15,664 - INFO - [GINSLIB] processing : 2021/01/19 07:49:23 Q=5
2026-01-07 16:20:15,664 - INFO - [GINSLIB] processing : 2021/01/19 07:49:24 Q=5
2026-01-07 16:20:15,664 - INFO - [GINSLIB] processing : 2021/01/19 07:49:25 Q=5
2026-01-07 16:20:15,665 - INFO - [GINSLIB] processing : 2021/01/19 07:49:26 Q=5
2026-01-07 16:20:15,665 - INFO - [GINSLIB] processing : 2021/01/19 07:49:27 Q=5
2026-01-07 16:20:15,665 - INFO - [GINSLIB] processing : 2021/01/19 07:49:28 Q=5
2026-01-07 16:20:15,665 - INFO - [GINSLIB] processing : 2021/01/19 07:49:29 Q=5
2026-01-07 16:20:15,665 - INFO - [GINSLIB] processing : 2021/01/19 07:49:30 Q=5
2026-01-07 16:20:15,666 - INFO - [GINSLIB] processing : 2021/01/19 07:49:31 Q=5
2026-01-07 16:20:15,666 - INFO - [GINSLIB] processing : 2021/01/19 07:49:32 Q=5
2026-01-07 16:20:15,666 - INFO - [GINSLIB] processing : 2021/01/19 07:49:33 Q=5
2026-01-07 16:20:15,666 - INFO - [GINSLIB] processing : 2021/01/19 07:49:34 Q=5
2026-01-07 16:20:15,666 - INFO - [GINSLIB] processing : 2021/01/19 07:49:35 Q=5
2026-01-07 16:20:15,666 - INFO - [GINSLIB] processing : 2021/01/19 07:49:36 Q=5
2026-01-07 16:20:15,667 - INFO - [GINSLIB] processing : 2021/01/19 07:49:37 Q=5
2026-01-07 16:20:15,667 - INFO - [GINSLIB] processing : 2021/01/19 07:49:38 Q=5
2026-01-07 16:20:15,851 - INFO - [GINSLIB] processing : 2021/01/19 07:49:39 Q=5
2026-01-07 16:20:15,851 - INFO - [GINSLIB] processing : 2021/01/19 07:49:40 Q=5
2026-01-07 16:20:15,851 - INFO - [GINSLIB] processing : 2021/01/19 07:49:41 Q=5
2026-01-07 16:20:15,852 - INFO - [GINSLIB] processing : 2021/01/19 07:49:42 Q=5
2026-01-07 16:20:15,852 - INFO - [GINSLIB] processing : 2021/01/19 07:49:43 Q=5
2026-01-07 16:20:15,852 - INFO - [GINSLIB] processing : 2021/01/19 07:49:44 Q=5
2026-01-07 16:20:15,852 - INFO - [GINSLIB] processing : 2021/01/19 07:49:45 Q=5
2026-01-07 16:20:15,852 - INFO - [GINSLIB] processing : 2021/01/19 07:49:46 Q=5
2026-01-07 16:20:15,852 - INFO - [GINSLIB] processing : 2021/01/19 07:49:47 Q=5
2026-01-07 16:20:15,852 - INFO - [GINSLIB] processing : 2021/01/19 07:49:48 Q=5
2026-01-07 16:20:15,853 - INFO - [GINSLIB] processing : 2021/01/19 07:49:49 Q=5
2026-01-07 16:20:15,853 - INFO - [GINSLIB] processing : 2021/01/19 07:49:50 Q=5
2026-01-07 16:20:15,853 - INFO - [GINSLIB] processing : 2021/01/19 07:49:51 Q=5
2026-01-07 16:20:15,853 - INFO - [GINSLIB] processing : 2021/01/19 07:49:52 Q=5
2026-01-07 16:20:15,853 - INFO - [GINSLIB] processing : 2021/01/19 07:49:53 Q=5
2026-01-07 16:20:15,853 - INFO - [GINSLIB] processing : 2021/01/19 07:49:54 Q=5
2026-01-07 16:20:15,853 - INFO - [GINSLIB] processing : 2021/01/19 07:49:55 Q=5
2026-01-07 16:20:15,853 - INFO - [GINSLIB] processing : 2021/01/19 07:49:56 Q=5
2026-01-07 16:20:15,854 - INFO - [GINSLIB] processing : 2021/01/19 07:49:57 Q=5
2026-01-07 16:20:15,854 - INFO - [GINSLIB] processing : 2021/01/19 07:49:58 Q=5
2026-01-07 16:20:15,854 - INFO - [GINSLIB] processing : 2021/01/19 07:49:59 Q=5
2026-01-07 16:20:15,854 - INFO - [GINSLIB] processing : 2021/01/19 07:50:00 Q=5
2026-01-07 16:20:15,854 - INFO - [GINSLIB] processing : 2021/01/19 07:50:01 Q=5
2026-01-07 16:20:16,028 - INFO - [GINSLIB] processing : 2021/01/19 07:50:02 Q=5
2026-01-07 16:20:16,028 - INFO - [GINSLIB] processing : 2021/01/19 07:50:03 Q=5
2026-01-07 16:20:16,028 - INFO - [GINSLIB] processing : 2021/01/19 07:50:04 Q=5
2026-01-07 16:20:16,029 - INFO - [GINSLIB] processing : 2021/01/19 07:50:05 Q=5
2026-01-07 16:20:16,029 - INFO - [GINSLIB] processing : 2021/01/19 07:50:06 Q=5
2026-01-07 16:20:16,029 - INFO - [GINSLIB] processing : 2021/01/19 07:50:07 Q=5
2026-01-07 16:20:16,029 - INFO - [GINSLIB] processing : 2021/01/19 07:50:08 Q=5
2026-01-07 16:20:16,029 - INFO - [GINSLIB] processing : 2021/01/19 07:50:09 Q=5
2026-01-07 16:20:16,030 - INFO - [GINSLIB] processing : 2021/01/19 07:50:10 Q=5
2026-01-07 16:20:16,030 - INFO - [GINSLIB] processing : 2021/01/19 07:50:11 Q=5
2026-01-07 16:20:16,030 - INFO - [GINSLIB] processing : 2021/01/19 07:50:12 Q=5
2026-01-07 16:20:16,030 - INFO - [GINSLIB] processing : 2021/01/19 07:50:13 Q=5
2026-01-07 16:20:16,030 - INFO - [GINSLIB] processing : 2021/01/19 07:50:14 Q=5
2026-01-07 16:20:16,030 - INFO - [GINSLIB] processing : 2021/01/19 07:50:15 Q=5
2026-01-07 16:20:16,031 - INFO - [GINSLIB] processing : 2021/01/19 07:50:16 Q=5
2026-01-07 16:20:16,031 - INFO - [GINSLIB] processing : 2021/01/19 07:50:17 Q=5
2026-01-07 16:20:16,031 - INFO - [GINSLIB] processing : 2021/01/19 07:50:18 Q=5
2026-01-07 16:20:16,031 - INFO - [GINSLIB] processing : 2021/01/19 07:50:19 Q=5
2026-01-07 16:20:16,031 - INFO - [GINSLIB] processing : 2021/01/19 07:50:20 Q=5
2026-01-07 16:20:16,031 - INFO - [GINSLIB] processing : 2021/01/19 07:50:21 Q=5
2026-01-07 16:20:16,031 - INFO - [GINSLIB] processing : 2021/01/19 07:50:22 Q=5
2026-01-07 16:20:16,031 - INFO - [GINSLIB] processing : 2021/01/19 07:50:23 Q=5
2026-01-07 16:20:16,117 - INFO - [GINSLIB] processing : 2021/01/19 07:50:24 Q=5
2026-01-07 16:20:16,118 - INFO - [GINSLIB] processing : 2021/01/19 07:50:25 Q=5
2026-01-07 16:20:16,118 - INFO - [GINSLIB] processing : 2021/01/19 07:50:26 Q=5
2026-01-07 16:20:16,118 - INFO - [GINSLIB] processing : 2021/01/19 07:50:27 Q=5
2026-01-07 16:20:16,118 - INFO - [GINSLIB] processing : 2021/01/19 07:50:28 Q=5
2026-01-07 16:20:16,118 - INFO - [GINSLIB] processing : 2021/01/19 07:50:29 Q=5
2026-01-07 16:20:16,119 - INFO - [GINSLIB] processing : 2021/01/19 07:50:30 Q=5
2026-01-07 16:20:16,119 - INFO - [GINSLIB] processing : 2021/01/19 07:50:31 Q=5
2026-01-07 16:20:16,119 - INFO - [GINSLIB] processing : 2021/01/19 07:50:32 Q=5
2026-01-07 16:20:16,119 - INFO - [GINSLIB] Total processing time of program: 14.706000 sec!
2026-01-07 16:20:16,123 - INFO - ✓ HGI300_Uav_open_20210119 SPP 执行成功
2026-01-07 16:20:16,124 - INFO - 开始误差分析
2026-01-07 16:20:16,124 - INFO - - 结果文件: G:\Navigation_Learn\GNSS\RTKLIB-b34k\data\GNSS_INS\HGI300_Uav_open_20210119\result\GNSS_Uav_open_20210119_SPP_F.pos
2026-01-07 16:20:16,124 - INFO - - 参考文件: G:\Navigation_Learn\GNSS\RTKLIB-b34k\data\GNSS_INS\HGI300_Uav_open_20210119\truth.truth
2026-01-07 16:20:16,124 - INFO - ============================================================
2026-01-07 16:20:16,124 - INFO - 开始处理: HGI300_Uav_open_20210119
2026-01-07 16:20:16,125 - INFO - 处理模式: SPP
2026-01-07 16:20:16,125 - INFO - ============================================================
2026-01-07 16:20:16,125 - INFO - GNSS模式，仅绘制位置误差
2026-01-07 16:20:16,144 - INFO - ✓ 结果文件数据读取成功 G:\Navigation_Learn\GNSS\RTKLIB-b34k\data\GNSS_INS\HGI300_Uav_open_20210119\result\GNSS_Uav_open_20210119_SPP_F.pos
2026-01-07 16:20:16,157 - INFO - ✓ 参考文件数据读取成功 G:\Navigation_Learn\GNSS\RTKLIB-b34k\data\GNSS_INS\HGI300_Uav_open_20210119\truth.truth
2026-01-07 16:20:16,455 - INFO - 位置误差RMS: E=0.5030m, N=1.4193m, U=2.9158m, 3D=3.2817m
2026-01-07 16:20:16,456 - INFO - ✓ 创建保存目录: G:\Navigation_Learn\GNSS\RTKLIB-b34k\batch_process\figure\HGI300_Uav_open_20210119
2026-01-07 16:20:16,706 - INFO - ✓ 保存图像: G:\Navigation_Learn\GNSS\RTKLIB-b34k\batch_process\figure\HGI300_Uav_open_20210119\GNSS_Uav_open_20210119_SPP_F_pos.png
2026-01-07 16:20:16,720 - INFO - ✓ 所有图像已保存到 G:\Navigation_Learn\GNSS\RTKLIB-b34k\batch_process\figure\HGI300_Uav_open_20210119
2026-01-07 16:20:16,720 - INFO - ✓ 误差分析完成: GNSS_Uav_open_20210119_SPP_F.pos
2026-01-07 16:20:21,023 - INFO - [GINSLIB] MEGX DCB file open error: G:\Navigation_Learn\GNSS\RTKLIB-b34k\data\GNSS_INS\HGI300_Uav_open_20210119\.\products\CAS0MGXRAP_20210190000_01D_01D_DCB.BSX!
2026-01-07 16:20:21,024 - INFO - [GINSLIB] processing : 2021/01/19 07:29:43 Q=0
2026-01-07 16:20:21,024 - INFO - [GINSLIB] processing : 2021/01/19 07:29:44 Q=0
2026-01-07 16:20:21,024 - INFO - [GINSLIB] INS initial alignment completed: 07:29:44.00  0199784.00!
2026-01-07 16:20:21,024 - INFO - [GINSLIB] processing : 2021/01/19 07:29:44 Q=5
2026-01-07 16:20:21,060 - INFO - [GINSLIB] processing : 2021/01/19 07:29:45 Q=5
2026-01-07 16:20:21,090 - INFO - [GINSLIB] processing : 2021/01/19 07:29:46 Q=5
2026-01-07 16:20:21,127 - INFO - [GINSLIB] processing : 2021/01/19 07:29:47 Q=5
2026-01-07 16:20:21,160 - INFO - [GINSLIB] processing : 2021/01/19 07:29:48 Q=5
2026-01-07 16:20:21,160 - INFO - [GINSLIB] processing : 2021/01/19 07:29:49 Q=5
2026-01-07 16:20:21,202 - INFO - [GINSLIB] processing : 2021/01/19 07:29:50 Q=5
2026-01-07 16:20:21,238 - INFO - [GINSLIB] processing : 2021/01/19 07:29:51 Q=5
2026-01-07 16:20:21,279 - INFO - [GINSLIB] processing : 2021/01/19 07:29:52 Q=5
2026-01-07 16:20:21,312 - INFO - [GINSLIB] processing : 2021/01/19 07:29:53 Q=5
2026-01-07 16:20:21,350 - INFO - [GINSLIB] processing : 2021/01/19 07:29:54 Q=5
2026-01-07 16:20:21,383 - INFO - [GINSLIB] processing : 2021/01/19 07:29:55 Q=5
2026-01-07 16:20:21,422 - INFO - [GINSLIB] processing : 2021/01/19 07:29:56 Q=5
2026-01-07 16:20:21,454 - INFO - [GINSLIB] processing : 2021/01/19 07:29:57 Q=5
2026-01-07 16:20:21,495 - INFO - [GINSLIB] processing : 2021/01/19 07:29:58 Q=5
2026-01-07 16:20:21,537 - INFO - [GINSLIB] processing : 2021/01/19 07:29:59 Q=5
2026-01-07 16:20:21,537 - INFO - [GINSLIB] processing : 2021/01/19 07:30:00 Q=5
2026-01-07 16:20:21,571 - INFO - [GINSLIB] processing : 2021/01/19 07:30:01 Q=5
2026-01-07 16:20:21,612 - INFO - [GINSLIB] processing : 2021/01/19 07:30:02 Q=5
2026-01-07 16:20:21,646 - INFO - [GINSLIB] processing : 2021/01/19 07:30:03 Q=5
2026-01-07 16:20:21,683 - INFO - [GINSLIB] processing : 2021/01/19 07:30:04 Q=5
2026-01-07 16:20:21,716 - INFO - [GINSLIB] processing : 2021/01/19 07:30:05 Q=5
2026-01-07 16:20:21,755 - INFO - [GINSLIB] processing : 2021/01/19 07:30:06 Q=5
2026-01-07 16:20:21,786 - INFO - [GINSLIB] processing : 2021/01/19 07:30:07 Q=5
2026-01-07 16:20:21,824 - INFO - [GINSLIB] processing : 2021/01/19 07:30:08 Q=5
2026-01-07 16:20:21,854 - INFO - [GINSLIB] processing : 2021/01/19 07:30:09 Q=5
2026-01-07 16:20:21,855 - INFO - [GINSLIB] processing : 2021/01/19 07:30:10 Q=5
2026-01-07 16:20:21,889 - INFO - [GINSLIB] processing : 2021/01/19 07:30:11 Q=5
2026-01-07 16:20:21,921 - INFO - [GINSLIB] processing : 2021/01/19 07:30:12 Q=5
2026-01-07 16:20:21,956 - INFO - [GINSLIB] processing : 2021/01/19 07:30:13 Q=5
2026-01-07 16:20:21,988 - INFO - [GINSLIB] processing : 2021/01/19 07:30:14 Q=5
2026-01-07 16:20:22,024 - INFO - [GINSLIB] processing : 2021/01/19 07:30:15 Q=5
2026-01-07 16:20:22,059 - INFO - [GINSLIB] processing : 2021/01/19 07:30:16 Q=5
2026-01-07 16:20:22,092 - INFO - [GINSLIB] processing : 2021/01/19 07:30:17 Q=5
2026-01-07 16:20:22,133 - INFO - [GINSLIB] processing : 2021/01/19 07:30:18 Q=5
2026-01-07 16:20:22,161 - INFO - [GINSLIB] processing : 2021/01/19 07:30:19 Q=5
2026-01-07 16:20:22,162 - INFO - [GINSLIB] processing : 2021/01/19 07:30:20 Q=5
2026-01-07 16:20:22,197 - INFO - [GINSLIB] processing : 2021/01/19 07:30:21 Q=5
2026-01-07 16:20:22,228 - INFO - [GINSLIB] processing : 2021/01/19 07:30:22 Q=5
2026-01-07 16:20:22,264 - INFO - [GINSLIB] processing : 2021/01/19 07:30:23 Q=5
2026-01-07 16:20:22,297 - INFO - [GINSLIB] processing : 2021/01/19 07:30:24 Q=5
2026-01-07 16:20:22,334 - INFO - [GINSLIB] processing : 2021/01/19 07:30:25 Q=5
2026-01-07 16:20:22,365 - INFO - [GINSLIB] processing : 2021/01/19 07:30:26 Q=5
2026-01-07 16:20:22,401 - INFO - [GINSLIB] processing : 2021/01/19 07:30:27 Q=5
2026-01-07 16:20:22,431 - INFO - [GINSLIB] processing : 2021/01/19 07:30:28 Q=5
2026-01-07 16:20:22,468 - INFO - [GINSLIB] processing : 2021/01/19 07:30:29 Q=5
2026-01-07 16:20:22,506 - INFO - [GINSLIB] processing : 2021/01/19 07:30:30 Q=5
2026-01-07 16:20:22,506 - INFO - [GINSLIB] processing : 2021/01/19 07:30:31 Q=5
2026-01-07 16:20:22,538 - INFO - [GINSLIB] processing : 2021/01/19 07:30:32 Q=5
2026-01-07 16:20:22,575 - INFO - [GINSLIB] processing : 2021/01/19 07:30:33 Q=5
2026-01-07 16:20:22,606 - INFO - [GINSLIB] processing : 2021/01/19 07:30:34 Q=5
2026-01-07 16:20:22,639 - INFO - [GINSLIB] processing : 2021/01/19 07:30:35 Q=5
2026-01-07 16:20:22,667 - INFO - [GINSLIB] processing : 2021/01/19 07:30:36 Q=5
2026-01-07 16:20:22,702 - INFO - [GINSLIB] processing : 2021/01/19 07:30:37 Q=5
2026-01-07 16:20:22,732 - INFO - [GINSLIB] processing : 2021/01/19 07:30:38 Q=5
2026-01-07 16:20:22,766 - INFO - [GINSLIB] processing : 2021/01/19 07:30:39 Q=5
2026-01-07 16:20:22,795 - INFO - [GINSLIB] processing : 2021/01/19 07:30:40 Q=5
2026-01-07 16:20:22,795 - INFO - [GINSLIB] processing : 2021/01/19 07:30:41 Q=5
2026-01-07 16:20:22,830 - INFO - [GINSLIB] processing : 2021/01/19 07:30:42 Q=5
2026-01-07 16:20:22,860 - INFO - [GINSLIB] processing : 2021/01/19 07:30:43 Q=5
2026-01-07 16:20:22,893 - INFO - [GINSLIB] processing : 2021/01/19 07:30:44 Q=5
2026-01-07 16:20:22,923 - INFO - [GINSLIB] processing : 2021/01/19 07:30:45 Q=5
2026-01-07 16:20:22,957 - INFO - [GINSLIB] processing : 2021/01/19 07:30:46 Q=5
2026-01-07 16:20:22,991 - INFO - [GINSLIB] processing : 2021/01/19 07:30:47 Q=5
2026-01-07 16:20:23,020 - INFO - [GINSLIB] processing : 2021/01/19 07:30:48 Q=5
2026-01-07 16:20:23,055 - INFO - [GINSLIB] processing : 2021/01/19 07:30:49 Q=5
2026-01-07 16:20:23,084 - INFO - [GINSLIB] processing : 2021/01/19 07:30:50 Q=5
2026-01-07 16:20:23,085 - INFO - [GINSLIB] processing : 2021/01/19 07:30:51 Q=5
2026-01-07 16:20:23,122 - INFO - [GINSLIB] processing : 2021/01/19 07:30:52 Q=5
2026-01-07 16:20:23,153 - INFO - [GINSLIB] processing : 2021/01/19 07:30:53 Q=5
2026-01-07 16:20:23,190 - INFO - [GINSLIB] processing : 2021/01/19 07:30:54 Q=5
2026-01-07 16:20:23,220 - INFO - [GINSLIB] processing : 2021/01/19 07:30:55 Q=5
2026-01-07 16:20:23,256 - INFO - [GINSLIB] processing : 2021/01/19 07:30:56 Q=5
2026-01-07 16:20:23,286 - INFO - [GINSLIB] processing : 2021/01/19 07:30:57 Q=5
2026-01-07 16:20:23,321 - INFO - [GINSLIB] processing : 2021/01/19 07:30:58 Q=5
2026-01-07 16:20:23,350 - INFO - [GINSLIB] processing : 2021/01/19 07:30:59 Q=5
2026-01-07 16:20:23,384 - INFO - [GINSLIB] processing : 2021/01/19 07:31:00 Q=5
2026-01-07 16:20:23,416 - INFO - [GINSLIB] processing : 2021/01/19 07:31:01 Q=5
2026-01-07 16:20:23,416 - INFO - [GINSLIB] processing : 2021/01/19 07:31:02 Q=5
2026-01-07 16:20:23,443 - INFO - [GINSLIB] processing : 2021/01/19 07:31:03 Q=5
2026-01-07 16:20:23,476 - INFO - [GINSLIB] processing : 2021/01/19 07:31:04 Q=5
2026-01-07 16:20:23,505 - INFO - [GINSLIB] processing : 2021/01/19 07:31:05 Q=5
2026-01-07 16:20:23,538 - INFO - [GINSLIB] processing : 2021/01/19 07:31:06 Q=5
2026-01-07 16:20:23,564 - INFO - [GINSLIB] processing : 2021/01/19 07:31:07 Q=5
2026-01-07 16:20:23,595 - INFO - [GINSLIB] processing : 2021/01/19 07:31:08 Q=5
2026-01-07 16:20:23,623 - INFO - [GINSLIB] processing : 2021/01/19 07:31:09 Q=5
2026-01-07 16:20:23,659 - INFO - [GINSLIB] processing : 2021/01/19 07:31:10 Q=5
2026-01-07 16:20:23,689 - INFO - [GINSLIB] processing : 2021/01/19 07:31:11 Q=5
2026-01-07 16:20:23,689 - INFO - [GINSLIB] processing : 2021/01/19 07:31:12 Q=5
2026-01-07 16:20:23,725 - INFO - [GINSLIB] processing : 2021/01/19 07:31:13 Q=5
2026-01-07 16:20:23,755 - INFO - [GINSLIB] processing : 2021/01/19 07:31:14 Q=5
2026-01-07 16:20:23,789 - INFO - [GINSLIB] processing : 2021/01/19 07:31:15 Q=5
2026-01-07 16:20:23,818 - INFO - [GINSLIB] processing : 2021/01/19 07:31:16 Q=5
2026-01-07 16:20:23,853 - INFO - [GINSLIB] processing : 2021/01/19 07:31:17 Q=5
2026-01-07 16:20:23,887 - INFO - [GINSLIB] processing : 2021/01/19 07:31:18 Q=5
2026-01-07 16:20:23,916 - INFO - [GINSLIB] processing : 2021/01/19 07:31:19 Q=5
2026-01-07 16:20:23,950 - INFO - [GINSLIB] processing : 2021/01/19 07:31:20 Q=5
2026-01-07 16:20:23,980 - INFO - [GINSLIB] processing : 2021/01/19 07:31:21 Q=5
2026-01-07 16:20:23,980 - INFO - [GINSLIB] processing : 2021/01/19 07:31:22 Q=5
2026-01-07 16:20:24,015 - INFO - [GINSLIB] processing : 2021/01/19 07:31:23 Q=5
2026-01-07 16:20:24,044 - INFO - [GINSLIB] processing : 2021/01/19 07:31:24 Q=5
2026-01-07 16:20:24,079 - INFO - [GINSLIB] processing : 2021/01/19 07:31:25 Q=5
2026-01-07 16:20:24,108 - INFO - [GINSLIB] processing : 2021/01/19 07:31:26 Q=5
2026-01-07 16:20:24,142 - INFO - [GINSLIB] processing : 2021/01/19 07:31:27 Q=5
2026-01-07 16:20:24,173 - INFO - [GINSLIB] processing : 2021/01/19 07:31:28 Q=5
2026-01-07 16:20:24,208 - INFO - [GINSLIB] processing : 2021/01/19 07:31:29 Q=5
2026-01-07 16:20:24,239 - INFO - [GINSLIB] processing : 2021/01/19 07:31:30 Q=5
2026-01-07 16:20:24,273 - INFO - [GINSLIB] processing : 2021/01/19 07:31:31 Q=5
2026-01-07 16:20:24,304 - INFO - [GINSLIB] processing : 2021/01/19 07:31:32 Q=5
2026-01-07 16:20:24,304 - INFO - [GINSLIB] processing : 2021/01/19 07:31:33 Q=5
2026-01-07 16:20:24,340 - INFO - [GINSLIB] processing : 2021/01/19 07:31:34 Q=5
2026-01-07 16:20:24,375 - INFO - [GINSLIB] processing : 2021/01/19 07:31:35 Q=5
2026-01-07 16:20:24,403 - INFO - [GINSLIB] processing : 2021/01/19 07:31:36 Q=5
2026-01-07 16:20:24,439 - INFO - [GINSLIB] processing : 2021/01/19 07:31:37 Q=5
2026-01-07 16:20:24,470 - INFO - [GINSLIB] processing : 2021/01/19 07:31:38 Q=5
2026-01-07 16:20:24,510 - INFO - [GINSLIB] processing : 2021/01/19 07:31:39 Q=5
2026-01-07 16:20:24,540 - INFO - [GINSLIB] processing : 2021/01/19 07:31:40 Q=5
2026-01-07 16:20:24,575 - INFO - [GINSLIB] processing : 2021/01/19 07:31:41 Q=5
2026-01-07 16:20:24,604 - INFO - [GINSLIB] processing : 2021/01/19 07:31:42 Q=5
2026-01-07 16:20:24,605 - INFO - [GINSLIB] processing : 2021/01/19 07:31:43 Q=5
2026-01-07 16:20:24,640 - INFO - [GINSLIB] processing : 2021/01/19 07:31:44 Q=5
2026-01-07 16:20:24,670 - INFO - [GINSLIB] processing : 2021/01/19 07:31:45 Q=5
2026-01-07 16:20:24,703 - INFO - [GINSLIB] processing : 2021/01/19 07:31:46 Q=5
2026-01-07 16:20:24,732 - INFO - [GINSLIB] processing : 2021/01/19 07:31:47 Q=5
2026-01-07 16:20:24,768 - INFO - [GINSLIB] processing : 2021/01/19 07:31:48 Q=5
2026-01-07 16:20:24,797 - INFO - [GINSLIB] processing : 2021/01/19 07:31:49 Q=5
2026-01-07 16:20:24,833 - INFO - [GINSLIB] processing : 2021/01/19 07:31:50 Q=5
2026-01-07 16:20:24,869 - INFO - [GINSLIB] processing : 2021/01/19 07:31:51 Q=5
2026-01-07 16:20:24,897 - INFO - [GINSLIB] processing : 2021/01/19 07:31:52 Q=5
2026-01-07 16:20:24,897 - INFO - [GINSLIB] processing : 2021/01/19 07:31:53 Q=5
2026-01-07 16:20:24,931 - INFO - [GINSLIB] processing : 2021/01/19 07:31:54 Q=5
2026-01-07 16:20:24,961 - INFO - [GINSLIB] processing : 2021/01/19 07:31:55 Q=5
2026-01-07 16:20:24,997 - INFO - [GINSLIB] processing : 2021/01/19 07:31:56 Q=5
2026-01-07 16:20:25,027 - INFO - [GINSLIB] processing : 2021/01/19 07:31:57 Q=5
2026-01-07 16:20:25,062 - INFO - [GINSLIB] processing : 2021/01/19 07:31:58 Q=5
2026-01-07 16:20:25,093 - INFO - [GINSLIB] processing : 2021/01/19 07:31:59 Q=5
2026-01-07 16:20:25,129 - INFO - [GINSLIB] processing : 2021/01/19 07:32:00 Q=5
2026-01-07 16:20:25,160 - INFO - [GINSLIB] processing : 2021/01/19 07:32:01 Q=5
2026-01-07 16:20:25,195 - INFO - [GINSLIB] processing : 2021/01/19 07:32:02 Q=5
2026-01-07 16:20:25,224 - INFO - [GINSLIB] processing : 2021/01/19 07:32:03 Q=5
2026-01-07 16:20:25,224 - INFO - [GINSLIB] processing : 2021/01/19 07:32:04 Q=5
2026-01-07 16:20:25,260 - INFO - [GINSLIB] processing : 2021/01/19 07:32:05 Q=5
2026-01-07 16:20:25,289 - INFO - [GINSLIB] processing : 2021/01/19 07:32:06 Q=5
2026-01-07 16:20:25,324 - INFO - [GINSLIB] processing : 2021/01/19 07:32:07 Q=5
2026-01-07 16:20:25,358 - INFO - [GINSLIB] processing : 2021/01/19 07:32:08 Q=5
2026-01-07 16:20:25,384 - INFO - [GINSLIB] processing : 2021/01/19 07:32:09 Q=5
2026-01-07 16:20:25,418 - INFO - [GINSLIB] processing : 2021/01/19 07:32:10 Q=5
2026-01-07 16:20:25,447 - INFO - [GINSLIB] processing : 2021/01/19 07:32:11 Q=5
2026-01-07 16:20:25,482 - INFO - [GINSLIB] processing : 2021/01/19 07:32:12 Q=5
2026-01-07 16:20:25,511 - INFO - [GINSLIB] processing : 2021/01/19 07:32:13 Q=5
2026-01-07 16:20:25,512 - INFO - [GINSLIB] processing : 2021/01/19 07:32:14 Q=5
2026-01-07 16:20:25,547 - INFO - [GINSLIB] processing : 2021/01/19 07:32:15 Q=5
2026-01-07 16:20:25,577 - INFO - [GINSLIB] processing : 2021/01/19 07:32:16 Q=5
2026-01-07 16:20:25,612 - INFO - [GINSLIB] processing : 2021/01/19 07:32:17 Q=5
2026-01-07 16:20:25,643 - INFO - [GINSLIB] processing : 2021/01/19 07:32:18 Q=5
2026-01-07 16:20:25,678 - INFO - [GINSLIB] processing : 2021/01/19 07:32:19 Q=5
2026-01-07 16:20:25,708 - INFO - [GINSLIB] processing : 2021/01/19 07:32:20 Q=5
2026-01-07 16:20:25,741 - INFO - [GINSLIB] processing : 2021/01/19 07:32:21 Q=5
2026-01-07 16:20:25,776 - INFO - [GINSLIB] processing : 2021/01/19 07:32:22 Q=5
2026-01-07 16:20:25,805 - INFO - [GINSLIB] processing : 2021/01/19 07:32:23 Q=5
2026-01-07 16:20:25,806 - INFO - [GINSLIB] processing : 2021/01/19 07:32:24 Q=5
2026-01-07 16:20:25,841 - INFO - [GINSLIB] processing : 2021/01/19 07:32:25 Q=5
2026-01-07 16:20:25,869 - INFO - [GINSLIB] processing : 2021/01/19 07:32:26 Q=5
2026-01-07 16:20:25,904 - INFO - [GINSLIB] processing : 2021/01/19 07:32:27 Q=5
2026-01-07 16:20:25,936 - INFO - [GINSLIB] processing : 2021/01/19 07:32:28 Q=5
2026-01-07 16:20:25,972 - INFO - [GINSLIB] processing : 2021/01/19 07:32:29 Q=5
2026-01-07 16:20:26,003 - INFO - [GINSLIB] processing : 2021/01/19 07:32:30 Q=5
2026-01-07 16:20:26,038 - INFO - [GINSLIB] processing : 2021/01/19 07:32:31 Q=5
2026-01-07 16:20:26,068 - INFO - [GINSLIB] processing : 2021/01/19 07:32:32 Q=5
2026-01-07 16:20:26,103 - INFO - [GINSLIB] processing : 2021/01/19 07:32:33 Q=5
2026-01-07 16:20:26,132 - INFO - [GINSLIB] processing : 2021/01/19 07:32:34 Q=5
2026-01-07 16:20:26,132 - INFO - [GINSLIB] processing : 2021/01/19 07:32:35 Q=5
2026-01-07 16:20:26,168 - INFO - [GINSLIB] processing : 2021/01/19 07:32:36 Q=5
2026-01-07 16:20:26,196 - INFO - [GINSLIB] processing : 2021/01/19 07:32:37 Q=5
2026-01-07 16:20:26,230 - INFO - [GINSLIB] processing : 2021/01/19 07:32:38 Q=5
2026-01-07 16:20:26,266 - INFO - [GINSLIB] processing : 2021/01/19 07:32:39 Q=5
2026-01-07 16:20:26,297 - INFO - [GINSLIB] processing : 2021/01/19 07:32:40 Q=5
2026-01-07 16:20:26,331 - INFO - [GINSLIB] processing : 2021/01/19 07:32:41 Q=5
2026-01-07 16:20:26,360 - INFO - [GINSLIB] processing : 2021/01/19 07:32:42 Q=5
2026-01-07 16:20:26,394 - INFO - [GINSLIB] processing : 2021/01/19 07:32:43 Q=5
2026-01-07 16:20:26,425 - INFO - [GINSLIB] processing : 2021/01/19 07:32:44 Q=5
2026-01-07 16:20:26,425 - INFO - [GINSLIB] processing : 2021/01/19 07:32:45 Q=5
2026-01-07 16:20:26,461 - INFO - [GINSLIB] processing : 2021/01/19 07:32:46 Q=5
2026-01-07 16:20:26,490 - INFO - [GINSLIB] processing : 2021/01/19 07:32:47 Q=5
2026-01-07 16:20:26,526 - INFO - [GINSLIB] processing : 2021/01/19 07:32:48 Q=5
2026-01-07 16:20:26,556 - INFO - [GINSLIB] processing : 2021/01/19 07:32:49 Q=5
2026-01-07 16:20:26,593 - INFO - [GINSLIB] processing : 2021/01/19 07:32:50 Q=5
2026-01-07 16:20:26,621 - INFO - [GINSLIB] processing : 2021/01/19 07:32:51 Q=5
2026-01-07 16:20:26,654 - INFO - [GINSLIB] processing : 2021/01/19 07:32:52 Q=5
2026-01-07 16:20:26,690 - INFO - [GINSLIB] processing : 2021/01/19 07:32:53 Q=5
2026-01-07 16:20:26,720 - INFO - [GINSLIB] processing : 2021/01/19 07:32:54 Q=5
2026-01-07 16:20:26,755 - INFO - [GINSLIB] processing : 2021/01/19 07:32:55 Q=5
2026-01-07 16:20:26,755 - INFO - [GINSLIB] processing : 2021/01/19 07:32:56 Q=5
2026-01-07 16:20:26,785 - INFO - [GINSLIB] processing : 2021/01/19 07:32:57 Q=5
2026-01-07 16:20:26,822 - INFO - [GINSLIB] processing : 2021/01/19 07:32:58 Q=5
2026-01-07 16:20:26,852 - INFO - [GINSLIB] processing : 2021/01/19 07:32:59 Q=5
2026-01-07 16:20:26,885 - INFO - [GINSLIB] processing : 2021/01/19 07:33:00 Q=5
2026-01-07 16:20:26,915 - INFO - [GINSLIB] processing : 2021/01/19 07:33:01 Q=5
2026-01-07 16:20:26,950 - INFO - [GINSLIB] processing : 2021/01/19 07:33:02 Q=5
2026-01-07 16:20:26,979 - INFO - [GINSLIB] processing : 2021/01/19 07:33:03 Q=5
2026-01-07 16:20:27,012 - INFO - [GINSLIB] processing : 2021/01/19 07:33:04 Q=5
2026-01-07 16:20:27,039 - INFO - [GINSLIB] processing : 2021/01/19 07:33:05 Q=5
2026-01-07 16:20:27,039 - INFO - [GINSLIB] processing : 2021/01/19 07:33:06 Q=5
2026-01-07 16:20:27,071 - INFO - [GINSLIB] processing : 2021/01/19 07:33:07 Q=5
2026-01-07 16:20:27,098 - INFO - [GINSLIB] processing : 2021/01/19 07:33:08 Q=5
2026-01-07 16:20:27,130 - INFO - [GINSLIB] processing : 2021/01/19 07:33:09 Q=5
2026-01-07 16:20:27,162 - INFO - [GINSLIB] processing : 2021/01/19 07:33:10 Q=5
2026-01-07 16:20:27,191 - INFO - [GINSLIB] processing : 2021/01/19 07:33:11 Q=5
2026-01-07 16:20:27,228 - INFO - [GINSLIB] processing : 2021/01/19 07:33:12 Q=5
2026-01-07 16:20:27,260 - INFO - [GINSLIB] processing : 2021/01/19 07:33:13 Q=5
2026-01-07 16:20:27,298 - INFO - [GINSLIB] processing : 2021/01/19 07:33:14 Q=5
2026-01-07 16:20:27,334 - INFO - [GINSLIB] processing : 2021/01/19 07:33:15 Q=5
2026-01-07 16:20:27,334 - INFO - [GINSLIB] processing : 2021/01/19 07:33:16 Q=5
2026-01-07 16:20:27,374 - INFO - [GINSLIB] processing : 2021/01/19 07:33:17 Q=5
2026-01-07 16:20:27,410 - INFO - [GINSLIB] processing : 2021/01/19 07:33:18 Q=5
2026-01-07 16:20:27,451 - INFO - [GINSLIB] processing : 2021/01/19 07:33:19 Q=5
2026-01-07 16:20:27,487 - INFO - [GINSLIB] processing : 2021/01/19 07:33:20 Q=5
2026-01-07 16:20:27,526 - INFO - [GINSLIB] processing : 2021/01/19 07:33:21 Q=5
2026-01-07 16:20:27,557 - INFO - [GINSLIB] processing : 2021/01/19 07:33:22 Q=5
2026-01-07 16:20:27,592 - INFO - [GINSLIB] processing : 2021/01/19 07:33:23 Q=5
2026-01-07 16:20:27,624 - INFO - [GINSLIB] processing : 2021/01/19 07:33:24 Q=5
2026-01-07 16:20:27,662 - INFO - [GINSLIB] processing : 2021/01/19 07:33:25 Q=5
2026-01-07 16:20:27,696 - INFO - [GINSLIB] processing : 2021/01/19 07:33:26 Q=5
2026-01-07 16:20:27,696 - INFO - [GINSLIB] processing : 2021/01/19 07:33:27 Q=5
2026-01-07 16:20:27,726 - INFO - [GINSLIB] processing : 2021/01/19 07:33:28 Q=5
2026-01-07 16:20:27,762 - INFO - [GINSLIB] processing : 2021/01/19 07:33:29 Q=5
2026-01-07 16:20:27,792 - INFO - [GINSLIB] processing : 2021/01/19 07:33:30 Q=5
2026-01-07 16:20:27,827 - INFO - [GINSLIB] processing : 2021/01/19 07:33:31 Q=5
2026-01-07 16:20:27,857 - INFO - [GINSLIB] processing : 2021/01/19 07:33:32 Q=5
2026-01-07 16:20:27,891 - INFO - [GINSLIB] processing : 2021/01/19 07:33:33 Q=5
2026-01-07 16:20:27,921 - INFO - [GINSLIB] processing : 2021/01/19 07:33:34 Q=5
2026-01-07 16:20:27,959 - INFO - [GINSLIB] processing : 2021/01/19 07:33:35 Q=5
2026-01-07 16:20:27,990 - INFO - [GINSLIB] processing : 2021/01/19 07:33:36 Q=5
2026-01-07 16:20:27,991 - INFO - [GINSLIB] processing : 2021/01/19 07:33:37 Q=5
2026-01-07 16:20:28,028 - INFO - [GINSLIB] processing : 2021/01/19 07:33:38 Q=5
2026-01-07 16:20:28,059 - INFO - [GINSLIB] processing : 2021/01/19 07:33:39 Q=5
2026-01-07 16:20:28,093 - INFO - [GINSLIB] processing : 2021/01/19 07:33:40 Q=5
2026-01-07 16:20:28,126 - INFO - [GINSLIB] processing : 2021/01/19 07:33:41 Q=5
2026-01-07 16:20:28,154 - INFO - [GINSLIB] processing : 2021/01/19 07:33:42 Q=5
2026-01-07 16:20:28,188 - INFO - [GINSLIB] processing : 2021/01/19 07:33:43 Q=5
2026-01-07 16:20:28,215 - INFO - [GINSLIB] processing : 2021/01/19 07:33:44 Q=5
2026-01-07 16:20:28,249 - INFO - [GINSLIB] processing : 2021/01/19 07:33:45 Q=5
2026-01-07 16:20:28,276 - INFO - [GINSLIB] processing : 2021/01/19 07:33:46 Q=5
2026-01-07 16:20:28,277 - INFO - [GINSLIB] processing : 2021/01/19 07:33:47 Q=5
2026-01-07 16:20:28,310 - INFO - [GINSLIB] processing : 2021/01/19 07:33:48 Q=5
2026-01-07 16:20:28,337 - INFO - [GINSLIB] processing : 2021/01/19 07:33:49 Q=5
2026-01-07 16:20:28,371 - INFO - [GINSLIB] processing : 2021/01/19 07:33:50 Q=5
2026-01-07 16:20:28,400 - INFO - [GINSLIB] processing : 2021/01/19 07:33:51 Q=5
2026-01-07 16:20:28,435 - INFO - [GINSLIB] processing : 2021/01/19 07:33:52 Q=5
2026-01-07 16:20:28,464 - INFO - [GINSLIB] processing : 2021/01/19 07:33:53 Q=5
2026-01-07 16:20:28,498 - INFO - [GINSLIB] processing : 2021/01/19 07:33:54 Q=5
2026-01-07 16:20:28,529 - INFO - [GINSLIB] processing : 2021/01/19 07:33:55 Q=5
2026-01-07 16:20:28,562 - INFO - [GINSLIB] processing : 2021/01/19 07:33:56 Q=5
2026-01-07 16:20:28,596 - INFO - [GINSLIB] processing : 2021/01/19 07:33:57 Q=5
2026-01-07 16:20:28,596 - INFO - [GINSLIB] processing : 2021/01/19 07:33:58 Q=5
2026-01-07 16:20:28,626 - INFO - [GINSLIB] processing : 2021/01/19 07:33:59 Q=5
2026-01-07 16:20:28,660 - INFO - [GINSLIB] processing : 2021/01/19 07:34:00 Q=5
2026-01-07 16:20:28,690 - INFO - [GINSLIB] processing : 2021/01/19 07:34:01 Q=5
2026-01-07 16:20:28,725 - INFO - [GINSLIB] processing : 2021/01/19 07:34:02 Q=5
2026-01-07 16:20:28,755 - INFO - [GINSLIB] processing : 2021/01/19 07:34:03 Q=5
2026-01-07 16:20:28,790 - INFO - [GINSLIB] processing : 2021/01/19 07:34:04 Q=5
2026-01-07 16:20:28,821 - INFO - [GINSLIB] processing : 2021/01/19 07:34:05 Q=5
2026-01-07 16:20:28,859 - INFO - [GINSLIB] processing : 2021/01/19 07:34:06 Q=5
2026-01-07 16:20:28,890 - INFO - [GINSLIB] processing : 2021/01/19 07:34:07 Q=5
2026-01-07 16:20:28,890 - INFO - [GINSLIB] processing : 2021/01/19 07:34:08 Q=5
2026-01-07 16:20:28,925 - INFO - [GINSLIB] processing : 2021/01/19 07:34:09 Q=5
2026-01-07 16:20:28,956 - INFO - [GINSLIB] processing : 2021/01/19 07:34:10 Q=5
2026-01-07 16:20:28,992 - INFO - [GINSLIB] processing : 2021/01/19 07:34:11 Q=5
2026-01-07 16:20:29,024 - INFO - [GINSLIB] processing : 2021/01/19 07:34:12 Q=5
2026-01-07 16:20:29,060 - INFO - [GINSLIB] processing : 2021/01/19 07:34:13 Q=5
2026-01-07 16:20:29,097 - INFO - [GINSLIB] processing : 2021/01/19 07:34:14 Q=5
2026-01-07 16:20:29,127 - INFO - [GINSLIB] processing : 2021/01/19 07:34:15 Q=5
2026-01-07 16:20:29,163 - INFO - [GINSLIB] processing : 2021/01/19 07:34:16 Q=5
2026-01-07 16:20:29,192 - INFO - [GINSLIB] processing : 2021/01/19 07:34:17 Q=5
2026-01-07 16:20:29,192 - INFO - [GINSLIB] processing : 2021/01/19 07:34:18 Q=5
2026-01-07 16:20:29,227 - INFO - [GINSLIB] processing : 2021/01/19 07:34:19 Q=5
2026-01-07 16:20:29,257 - INFO - [GINSLIB] processing : 2021/01/19 07:34:20 Q=5
2026-01-07 16:20:29,291 - INFO - [GINSLIB] processing : 2021/01/19 07:34:21 Q=5
2026-01-07 16:20:29,322 - INFO - [GINSLIB] processing : 2021/01/19 07:34:22 Q=5
2026-01-07 16:20:29,359 - INFO - [GINSLIB] processing : 2021/01/19 07:34:23 Q=5
2026-01-07 16:20:29,391 - INFO - [GINSLIB] processing : 2021/01/19 07:34:24 Q=5
2026-01-07 16:20:29,428 - INFO - [GINSLIB] processing : 2021/01/19 07:34:25 Q=5
2026-01-07 16:20:29,460 - INFO - [GINSLIB] processing : 2021/01/19 07:34:26 Q=5
2026-01-07 16:20:29,495 - INFO - [GINSLIB] processing : 2021/01/19 07:34:27 Q=5
2026-01-07 16:20:29,527 - INFO - [GINSLIB] processing : 2021/01/19 07:34:28 Q=5
2026-01-07 16:20:29,527 - INFO - [GINSLIB] processing : 2021/01/19 07:34:29 Q=5
2026-01-07 16:20:29,561 - INFO - [GINSLIB] processing : 2021/01/19 07:34:30 Q=5
2026-01-07 16:20:29,595 - INFO - [GINSLIB] processing : 2021/01/19 07:34:31 Q=5
2026-01-07 16:20:29,626 - INFO - [GINSLIB] processing : 2021/01/19 07:34:32 Q=5
2026-01-07 16:20:29,660 - INFO - [GINSLIB] processing : 2021/01/19 07:34:33 Q=5
2026-01-07 16:20:29,691 - INFO - [GINSLIB] processing : 2021/01/19 07:34:34 Q=5
2026-01-07 16:20:29,727 - INFO - [GINSLIB] processing : 2021/01/19 07:34:35 Q=5
2026-01-07 16:20:29,759 - INFO - [GINSLIB] processing : 2021/01/19 07:34:36 Q=5
2026-01-07 16:20:29,796 - INFO - [GINSLIB] processing : 2021/01/19 07:34:37 Q=5
2026-01-07 16:20:29,827 - INFO - [GINSLIB] processing : 2021/01/19 07:34:38 Q=5
2026-01-07 16:20:29,828 - INFO - [GINSLIB] processing : 2021/01/19 07:34:39 Q=5
2026-01-07 16:20:29,863 - INFO - [GINSLIB] processing : 2021/01/19 07:34:40 Q=5
2026-01-07 16:20:29,893 - INFO - [GINSLIB] processing : 2021/01/19 07:34:41 Q=5
2026-01-07 16:20:29,930 - INFO - [GINSLIB] processing : 2021/01/19 07:34:42 Q=5
2026-01-07 16:20:29,961 - INFO - [GINSLIB] processing : 2021/01/19 07:34:43 Q=5
2026-01-07 16:20:29,999 - INFO - [GINSLIB] processing : 2021/01/19 07:34:44 Q=5
2026-01-07 16:20:30,037 - INFO - [GINSLIB] processing : 2021/01/19 07:34:45 Q=5
2026-01-07 16:20:30,068 - INFO - [GINSLIB] processing : 2021/01/19 07:34:46 Q=5
2026-01-07 16:20:30,107 - INFO - [GINSLIB] processing : 2021/01/19 07:34:47 Q=5
2026-01-07 16:20:30,137 - INFO - [GINSLIB] processing : 2021/01/19 07:34:48 Q=5
2026-01-07 16:20:30,137 - INFO - [GINSLIB] processing : 2021/01/19 07:34:49 Q=5
2026-01-07 16:20:30,172 - INFO - [GINSLIB] processing : 2021/01/19 07:34:50 Q=5
2026-01-07 16:20:30,201 - INFO - [GINSLIB] processing : 2021/01/19 07:34:51 Q=5
2026-01-07 16:20:30,237 - INFO - [GINSLIB] processing : 2021/01/19 07:34:52 Q=5
2026-01-07 16:20:30,268 - INFO - [GINSLIB] processing : 2021/01/19 07:34:53 Q=5
2026-01-07 16:20:30,305 - INFO - [GINSLIB] processing : 2021/01/19 07:34:54 Q=5
2026-01-07 16:20:30,305 - INFO - [GINSLIB] processing : 2021/01/19 07:34:54 Q=7
2026-01-07 16:20:30,335 - INFO - [GINSLIB] processing : 2021/01/19 07:34:55 Q=7
2026-01-07 16:20:30,335 - INFO - [GINSLIB] processing : 2021/01/19 07:34:55 Q=5
2026-01-07 16:20:30,372 - INFO - [GINSLIB] processing : 2021/01/19 07:34:56 Q=5
2026-01-07 16:20:30,402 - INFO - [GINSLIB] processing : 2021/01/19 07:34:57 Q=5
2026-01-07 16:20:30,439 - INFO - [GINSLIB] processing : 2021/01/19 07:34:58 Q=5
2026-01-07 16:20:30,469 - INFO - [GINSLIB] processing : 2021/01/19 07:34:59 Q=5
2026-01-07 16:20:30,470 - INFO - [GINSLIB] processing : 2021/01/19 07:35:00 Q=5
2026-01-07 16:20:30,508 - INFO - [GINSLIB] processing : 2021/01/19 07:35:01 Q=5
2026-01-07 16:20:30,545 - INFO - [GINSLIB] processing : 2021/01/19 07:35:02 Q=5
2026-01-07 16:20:30,576 - INFO - [GINSLIB] processing : 2021/01/19 07:35:03 Q=5
2026-01-07 16:20:30,610 - INFO - [GINSLIB] processing : 2021/01/19 07:35:04 Q=5
2026-01-07 16:20:30,639 - INFO - [GINSLIB] processing : 2021/01/19 07:35:05 Q=5
2026-01-07 16:20:30,675 - INFO - [GINSLIB] processing : 2021/01/19 07:35:06 Q=5
2026-01-07 16:20:30,705 - INFO - [GINSLIB] processing : 2021/01/19 07:35:07 Q=5
2026-01-07 16:20:30,741 - INFO - [GINSLIB] processing : 2021/01/19 07:35:08 Q=5
2026-01-07 16:20:30,770 - INFO - [GINSLIB] processing : 2021/01/19 07:35:09 Q=5
2026-01-07 16:20:30,770 - INFO - [GINSLIB] processing : 2021/01/19 07:35:10 Q=5
2026-01-07 16:20:30,807 - INFO - [GINSLIB] processing : 2021/01/19 07:35:11 Q=5
2026-01-07 16:20:30,839 - INFO - [GINSLIB] processing : 2021/01/19 07:35:12 Q=5
2026-01-07 16:20:30,875 - INFO - [GINSLIB] processing : 2021/01/19 07:35:13 Q=5
2026-01-07 16:20:30,907 - INFO - [GINSLIB] processing : 2021/01/19 07:35:14 Q=5
2026-01-07 16:20:30,945 - INFO - [GINSLIB] processing : 2021/01/19 07:35:15 Q=5
2026-01-07 16:20:30,976 - INFO - [GINSLIB] processing : 2021/01/19 07:35:16 Q=5
2026-01-07 16:20:31,014 - INFO - [GINSLIB] processing : 2021/01/19 07:35:17 Q=5
2026-01-07 16:20:31,052 - INFO - [GINSLIB] processing : 2021/01/19 07:35:18 Q=5
2026-01-07 16:20:31,083 - INFO - [GINSLIB] processing : 2021/01/19 07:35:19 Q=5
2026-01-07 16:20:31,083 - INFO - [GINSLIB] processing : 2021/01/19 07:35:20 Q=5
2026-01-07 16:20:31,121 - INFO - [GINSLIB] processing : 2021/01/19 07:35:21 Q=5
2026-01-07 16:20:31,150 - INFO - [GINSLIB] processing : 2021/01/19 07:35:22 Q=5
2026-01-07 16:20:31,191 - INFO - [GINSLIB] processing : 2021/01/19 07:35:23 Q=5
2026-01-07 16:20:31,224 - INFO - [GINSLIB] processing : 2021/01/19 07:35:24 Q=5
2026-01-07 16:20:31,262 - INFO - [GINSLIB] processing : 2021/01/19 07:35:25 Q=5
2026-01-07 16:20:31,305 - INFO - [GINSLIB] processing : 2021/01/19 07:35:26 Q=5
2026-01-07 16:20:31,347 - INFO - [GINSLIB] processing : 2021/01/19 07:35:27 Q=5
2026-01-07 16:20:31,378 - INFO - [GINSLIB] processing : 2021/01/19 07:35:28 Q=5
2026-01-07 16:20:31,416 - INFO - [GINSLIB] processing : 2021/01/19 07:35:29 Q=5
2026-01-07 16:20:31,448 - INFO - [GINSLIB] processing : 2021/01/19 07:35:30 Q=5
2026-01-07 16:20:31,448 - INFO - [GINSLIB] processing : 2021/01/19 07:35:31 Q=5
2026-01-07 16:20:31,485 - INFO - [GINSLIB] processing : 2021/01/19 07:35:32 Q=5
2026-01-07 16:20:31,524 - INFO - [GINSLIB] processing : 2021/01/19 07:35:33 Q=5
2026-01-07 16:20:31,556 - INFO - [GINSLIB] processing : 2021/01/19 07:35:34 Q=5
2026-01-07 16:20:31,597 - INFO - [GINSLIB] processing : 2021/01/19 07:35:35 Q=5
2026-01-07 16:20:31,632 - INFO - [GINSLIB] processing : 2021/01/19 07:35:36 Q=5
2026-01-07 16:20:31,673 - INFO - [GINSLIB] processing : 2021/01/19 07:35:37 Q=5
2026-01-07 16:20:31,708 - INFO - [GINSLIB] processing : 2021/01/19 07:35:38 Q=5
2026-01-07 16:20:31,748 - INFO - [GINSLIB] processing : 2021/01/19 07:35:39 Q=5
2026-01-07 16:20:31,781 - INFO - [GINSLIB] processing : 2021/01/19 07:35:40 Q=5
2026-01-07 16:20:31,781 - INFO - [GINSLIB] processing : 2021/01/19 07:35:41 Q=5
2026-01-07 16:20:31,819 - INFO - [GINSLIB] processing : 2021/01/19 07:35:42 Q=5
2026-01-07 16:20:31,851 - INFO - [GINSLIB] processing : 2021/01/19 07:35:43 Q=5
2026-01-07 16:20:31,888 - INFO - [GINSLIB] processing : 2021/01/19 07:35:44 Q=5
2026-01-07 16:20:31,919 - INFO - [GINSLIB] processing : 2021/01/19 07:35:45 Q=5
2026-01-07 16:20:31,956 - INFO - [GINSLIB] processing : 2021/01/19 07:35:46 Q=5
2026-01-07 16:20:31,989 - INFO - [GINSLIB] processing : 2021/01/19 07:35:47 Q=5
2026-01-07 16:20:32,027 - INFO - [GINSLIB] processing : 2021/01/19 07:35:48 Q=5
2026-01-07 16:20:32,065 - INFO - [GINSLIB] processing : 2021/01/19 07:35:49 Q=5
2026-01-07 16:20:32,097 - INFO - [GINSLIB] processing : 2021/01/19 07:35:50 Q=5
2026-01-07 16:20:32,097 - INFO - [GINSLIB] processing : 2021/01/19 07:35:51 Q=5
2026-01-07 16:20:32,136 - INFO - [GINSLIB] processing : 2021/01/19 07:35:52 Q=5
2026-01-07 16:20:32,168 - INFO - [GINSLIB] processing : 2021/01/19 07:35:53 Q=5
2026-01-07 16:20:32,206 - INFO - [GINSLIB] processing : 2021/01/19 07:35:54 Q=5
2026-01-07 16:20:32,238 - INFO - [GINSLIB] processing : 2021/01/19 07:35:55 Q=5
2026-01-07 16:20:32,275 - INFO - [GINSLIB] processing : 2021/01/19 07:35:56 Q=5
2026-01-07 16:20:32,307 - INFO - [GINSLIB] processing : 2021/01/19 07:35:57 Q=5
2026-01-07 16:20:32,344 - INFO - [GINSLIB] processing : 2021/01/19 07:35:58 Q=5
2026-01-07 16:20:32,376 - INFO - [GINSLIB] processing : 2021/01/19 07:35:59 Q=5
2026-01-07 16:20:32,413 - INFO - [GINSLIB] processing : 2021/01/19 07:36:00 Q=5
2026-01-07 16:20:32,444 - INFO - [GINSLIB] processing : 2021/01/19 07:36:01 Q=5
2026-01-07 16:20:32,445 - INFO - [GINSLIB] processing : 2021/01/19 07:36:02 Q=5
2026-01-07 16:20:32,481 - INFO - [GINSLIB] processing : 2021/01/19 07:36:03 Q=5
2026-01-07 16:20:32,519 - INFO - [GINSLIB] processing : 2021/01/19 07:36:04 Q=5
2026-01-07 16:20:32,548 - INFO - [GINSLIB] processing : 2021/01/19 07:36:05 Q=5
2026-01-07 16:20:32,585 - INFO - [GINSLIB] processing : 2021/01/19 07:36:06 Q=5
2026-01-07 16:20:32,616 - INFO - [GINSLIB] processing : 2021/01/19 07:36:07 Q=5
2026-01-07 16:20:32,651 - INFO - [GINSLIB] processing : 2021/01/19 07:36:08 Q=5
2026-01-07 16:20:32,681 - INFO - [GINSLIB] processing : 2021/01/19 07:36:09 Q=5
2026-01-07 16:20:32,718 - INFO - [GINSLIB] processing : 2021/01/19 07:36:10 Q=5
2026-01-07 16:20:32,754 - INFO - [GINSLIB] processing : 2021/01/19 07:36:11 Q=5
2026-01-07 16:20:32,754 - INFO - [GINSLIB] processing : 2021/01/19 07:36:12 Q=5
2026-01-07 16:20:32,790 - INFO - [GINSLIB] processing : 2021/01/19 07:36:13 Q=5
2026-01-07 16:20:32,820 - INFO - [GINSLIB] processing : 2021/01/19 07:36:14 Q=5
2026-01-07 16:20:32,858 - INFO - [GINSLIB] processing : 2021/01/19 07:36:15 Q=5
2026-01-07 16:20:32,887 - INFO - [GINSLIB] processing : 2021/01/19 07:36:16 Q=5
2026-01-07 16:20:32,923 - INFO - [GINSLIB] processing : 2021/01/19 07:36:17 Q=5
2026-01-07 16:20:32,954 - INFO - [GINSLIB] processing : 2021/01/19 07:36:18 Q=5
2026-01-07 16:20:32,989 - INFO - [GINSLIB] processing : 2021/01/19 07:36:19 Q=5
2026-01-07 16:20:33,026 - INFO - [GINSLIB] processing : 2021/01/19 07:36:20 Q=5
2026-01-07 16:20:33,056 - INFO - [GINSLIB] processing : 2021/01/19 07:36:21 Q=5
2026-01-07 16:20:33,056 - INFO - [GINSLIB] processing : 2021/01/19 07:36:22 Q=5
2026-01-07 16:20:33,093 - INFO - [GINSLIB] processing : 2021/01/19 07:36:23 Q=5
2026-01-07 16:20:33,124 - INFO - [GINSLIB] processing : 2021/01/19 07:36:24 Q=5
2026-01-07 16:20:33,160 - INFO - [GINSLIB] processing : 2021/01/19 07:36:25 Q=5
2026-01-07 16:20:33,193 - INFO - [GINSLIB] processing : 2021/01/19 07:36:26 Q=5
2026-01-07 16:20:33,231 - INFO - [GINSLIB] processing : 2021/01/19 07:36:27 Q=5
2026-01-07 16:20:33,262 - INFO - [GINSLIB] processing : 2021/01/19 07:36:28 Q=5
2026-01-07 16:20:33,301 - INFO - [GINSLIB] processing : 2021/01/19 07:36:29 Q=5
2026-01-07 16:20:33,333 - INFO - [GINSLIB] processing : 2021/01/19 07:36:30 Q=5
2026-01-07 16:20:33,369 - INFO - [GINSLIB] processing : 2021/01/19 07:36:31 Q=5
2026-01-07 16:20:33,399 - INFO - [GINSLIB] processing : 2021/01/19 07:36:32 Q=5
2026-01-07 16:20:33,399 - INFO - [GINSLIB] processing : 2021/01/19 07:36:33 Q=5
2026-01-07 16:20:33,438 - INFO - [GINSLIB] processing : 2021/01/19 07:36:34 Q=5
2026-01-07 16:20:33,470 - INFO - [GINSLIB] processing : 2021/01/19 07:36:35 Q=5
2026-01-07 16:20:33,508 - INFO - [GINSLIB] processing : 2021/01/19 07:36:36 Q=5
2026-01-07 16:20:33,545 - INFO - [GINSLIB] processing : 2021/01/19 07:36:37 Q=5
2026-01-07 16:20:33,577 - INFO - [GINSLIB] processing : 2021/01/19 07:36:38 Q=5
2026-01-07 16:20:33,614 - INFO - [GINSLIB] processing : 2021/01/19 07:36:39 Q=5
2026-01-07 16:20:33,646 - INFO - [GINSLIB] processing : 2021/01/19 07:36:40 Q=5
2026-01-07 16:20:33,685 - INFO - [GINSLIB] processing : 2021/01/19 07:36:41 Q=5
2026-01-07 16:20:33,716 - INFO - [GINSLIB] processing : 2021/01/19 07:36:42 Q=5
2026-01-07 16:20:33,716 - INFO - [GINSLIB] processing : 2021/01/19 07:36:43 Q=5
2026-01-07 16:20:33,755 - INFO - [GINSLIB] processing : 2021/01/19 07:36:44 Q=5
2026-01-07 16:20:33,786 - INFO - [GINSLIB] processing : 2021/01/19 07:36:45 Q=5
2026-01-07 16:20:33,824 - INFO - [GINSLIB] processing : 2021/01/19 07:36:46 Q=5
2026-01-07 16:20:33,854 - INFO - [GINSLIB] processing : 2021/01/19 07:36:47 Q=5
2026-01-07 16:20:33,889 - INFO - [GINSLIB] processing : 2021/01/19 07:36:48 Q=5
2026-01-07 16:20:33,921 - INFO - [GINSLIB] processing : 2021/01/19 07:36:49 Q=5
2026-01-07 16:20:33,959 - INFO - [GINSLIB] processing : 2021/01/19 07:36:50 Q=5
2026-01-07 16:20:33,996 - INFO - [GINSLIB] processing : 2021/01/19 07:36:51 Q=5
2026-01-07 16:20:34,028 - INFO - [GINSLIB] processing : 2021/01/19 07:36:52 Q=5
2026-01-07 16:20:34,065 - INFO - [GINSLIB] processing : 2021/01/19 07:36:53 Q=5
2026-01-07 16:20:34,065 - INFO - [GINSLIB] processing : 2021/01/19 07:36:54 Q=5
2026-01-07 16:20:34,095 - INFO - [GINSLIB] processing : 2021/01/19 07:36:55 Q=5
2026-01-07 16:20:34,131 - INFO - [GINSLIB] processing : 2021/01/19 07:36:56 Q=5
2026-01-07 16:20:34,162 - INFO - [GINSLIB] processing : 2021/01/19 07:36:57 Q=5
2026-01-07 16:20:34,199 - INFO - [GINSLIB] processing : 2021/01/19 07:36:58 Q=5
2026-01-07 16:20:34,230 - INFO - [GINSLIB] processing : 2021/01/19 07:36:59 Q=5
2026-01-07 16:20:34,268 - INFO - [GINSLIB] processing : 2021/01/19 07:37:00 Q=5
2026-01-07 16:20:34,298 - INFO - [GINSLIB] processing : 2021/01/19 07:37:01 Q=5
2026-01-07 16:20:34,335 - INFO - [GINSLIB] processing : 2021/01/19 07:37:02 Q=5
2026-01-07 16:20:34,366 - INFO - [GINSLIB] processing : 2021/01/19 07:37:03 Q=5
2026-01-07 16:20:34,366 - INFO - [GINSLIB] processing : 2021/01/19 07:37:04 Q=5
2026-01-07 16:20:34,399 - INFO - [GINSLIB] processing : 2021/01/19 07:37:05 Q=5
2026-01-07 16:20:34,429 - INFO - [GINSLIB] processing : 2021/01/19 07:37:06 Q=5
2026-01-07 16:20:34,465 - INFO - [GINSLIB] processing : 2021/01/19 07:37:07 Q=5
2026-01-07 16:20:34,496 - INFO - [GINSLIB] processing : 2021/01/19 07:37:08 Q=5
2026-01-07 16:20:34,531 - INFO - [GINSLIB] processing : 2021/01/19 07:37:09 Q=5
2026-01-07 16:20:34,568 - INFO - [GINSLIB] processing : 2021/01/19 07:37:10 Q=5
2026-01-07 16:20:34,597 - INFO - [GINSLIB] processing : 2021/01/19 07:37:11 Q=5
2026-01-07 16:20:34,638 - INFO - [GINSLIB] processing : 2021/01/19 07:37:12 Q=5
2026-01-07 16:20:34,669 - INFO - [GINSLIB] processing : 2021/01/19 07:37:13 Q=5
2026-01-07 16:20:34,669 - INFO - [GINSLIB] processing : 2021/01/19 07:37:14 Q=5
2026-01-07 16:20:34,709 - INFO - [GINSLIB] processing : 2021/01/19 07:37:15 Q=5
2026-01-07 16:20:34,743 - INFO - [GINSLIB] processing : 2021/01/19 07:37:16 Q=5
2026-01-07 16:20:34,782 - INFO - [GINSLIB] processing : 2021/01/19 07:37:17 Q=5
2026-01-07 16:20:34,815 - INFO - [GINSLIB] processing : 2021/01/19 07:37:18 Q=5
2026-01-07 16:20:34,853 - INFO - [GINSLIB] processing : 2021/01/19 07:37:19 Q=5
2026-01-07 16:20:34,885 - INFO - [GINSLIB] processing : 2021/01/19 07:37:20 Q=5
2026-01-07 16:20:34,923 - INFO - [GINSLIB] processing : 2021/01/19 07:37:21 Q=5
2026-01-07 16:20:34,955 - INFO - [GINSLIB] processing : 2021/01/19 07:37:22 Q=5
2026-01-07 16:20:34,993 - INFO - [GINSLIB] processing : 2021/01/19 07:37:23 Q=5
2026-01-07 16:20:35,031 - INFO - [GINSLIB] processing : 2021/01/19 07:37:24 Q=5
2026-01-07 16:20:35,032 - INFO - [GINSLIB] processing : 2021/01/19 07:37:25 Q=5
2026-01-07 16:20:35,064 - INFO - [GINSLIB] processing : 2021/01/19 07:37:26 Q=5
2026-01-07 16:20:35,104 - INFO - [GINSLIB] processing : 2021/01/19 07:37:27 Q=5
2026-01-07 16:20:35,136 - INFO - [GINSLIB] processing : 2021/01/19 07:37:28 Q=5
2026-01-07 16:20:35,175 - INFO - [GINSLIB] processing : 2021/01/19 07:37:29 Q=5
2026-01-07 16:20:35,208 - INFO - [GINSLIB] processing : 2021/01/19 07:37:30 Q=5
2026-01-07 16:20:35,248 - INFO - [GINSLIB] processing : 2021/01/19 07:37:31 Q=5
2026-01-07 16:20:35,281 - INFO - [GINSLIB] processing : 2021/01/19 07:37:32 Q=5
2026-01-07 16:20:35,322 - INFO - [GINSLIB] processing : 2021/01/19 07:37:33 Q=5
2026-01-07 16:20:35,355 - INFO - [GINSLIB] processing : 2021/01/19 07:37:34 Q=5
2026-01-07 16:20:35,355 - INFO - [GINSLIB] processing : 2021/01/19 07:37:35 Q=5
2026-01-07 16:20:35,395 - INFO - [GINSLIB] processing : 2021/01/19 07:37:36 Q=5
2026-01-07 16:20:35,430 - INFO - [GINSLIB] processing : 2021/01/19 07:37:37 Q=5
2026-01-07 16:20:35,471 - INFO - [GINSLIB] processing : 2021/01/19 07:37:38 Q=5
2026-01-07 16:20:35,504 - INFO - [GINSLIB] processing : 2021/01/19 07:37:39 Q=5
2026-01-07 16:20:35,546 - INFO - [GINSLIB] processing : 2021/01/19 07:37:40 Q=5
2026-01-07 16:20:35,585 - INFO - [GINSLIB] processing : 2021/01/19 07:37:41 Q=5
2026-01-07 16:20:35,618 - INFO - [GINSLIB] processing : 2021/01/19 07:37:42 Q=5
2026-01-07 16:20:35,658 - INFO - [GINSLIB] processing : 2021/01/19 07:37:43 Q=5
2026-01-07 16:20:35,692 - INFO - [GINSLIB] processing : 2021/01/19 07:37:44 Q=5
2026-01-07 16:20:35,692 - INFO - [GINSLIB] processing : 2021/01/19 07:37:45 Q=5
2026-01-07 16:20:35,731 - INFO - [GINSLIB] processing : 2021/01/19 07:37:46 Q=5
2026-01-07 16:20:35,764 - INFO - [GINSLIB] processing : 2021/01/19 07:37:47 Q=5
2026-01-07 16:20:35,805 - INFO - [GINSLIB] processing : 2021/01/19 07:37:48 Q=5
2026-01-07 16:20:35,842 - INFO - [GINSLIB] processing : 2021/01/19 07:37:49 Q=5
2026-01-07 16:20:35,883 - INFO - [GINSLIB] processing : 2021/01/19 07:37:50 Q=5
2026-01-07 16:20:35,918 - INFO - [GINSLIB] processing : 2021/01/19 07:37:51 Q=5
2026-01-07 16:20:35,961 - INFO - [GINSLIB] processing : 2021/01/19 07:37:52 Q=5
2026-01-07 16:20:35,997 - INFO - [GINSLIB] processing : 2021/01/19 07:37:53 Q=5
2026-01-07 16:20:36,039 - INFO - [GINSLIB] processing : 2021/01/19 07:37:54 Q=5
2026-01-07 16:20:36,073 - INFO - [GINSLIB] processing : 2021/01/19 07:37:55 Q=5
2026-01-07 16:20:36,073 - INFO - [GINSLIB] processing : 2021/01/19 07:37:56 Q=5
2026-01-07 16:20:36,114 - INFO - [GINSLIB] processing : 2021/01/19 07:37:57 Q=5
2026-01-07 16:20:36,152 - INFO - [GINSLIB] processing : 2021/01/19 07:37:58 Q=5
2026-01-07 16:20:36,184 - INFO - [GINSLIB] processing : 2021/01/19 07:37:59 Q=5
2026-01-07 16:20:36,223 - INFO - [GINSLIB] processing : 2021/01/19 07:38:00 Q=5
2026-01-07 16:20:36,257 - INFO - [GINSLIB] processing : 2021/01/19 07:38:01 Q=5
2026-01-07 16:20:36,294 - INFO - [GINSLIB] processing : 2021/01/19 07:38:02 Q=5
2026-01-07 16:20:36,328 - INFO - [GINSLIB] processing : 2021/01/19 07:38:03 Q=5
2026-01-07 16:20:36,363 - INFO - [GINSLIB] processing : 2021/01/19 07:38:04 Q=5
2026-01-07 16:20:36,398 - INFO - [GINSLIB] processing : 2021/01/19 07:38:05 Q=5
2026-01-07 16:20:36,398 - INFO - [GINSLIB] processing : 2021/01/19 07:38:06 Q=5
2026-01-07 16:20:36,437 - INFO - [GINSLIB] processing : 2021/01/19 07:38:07 Q=5
2026-01-07 16:20:36,468 - INFO - [GINSLIB] processing : 2021/01/19 07:38:08 Q=5
2026-01-07 16:20:36,506 - INFO - [GINSLIB] processing : 2021/01/19 07:38:09 Q=5
2026-01-07 16:20:36,538 - INFO - [GINSLIB] processing : 2021/01/19 07:38:10 Q=5
2026-01-07 16:20:36,577 - INFO - [GINSLIB] processing : 2021/01/19 07:38:11 Q=5
2026-01-07 16:20:36,614 - INFO - [GINSLIB] processing : 2021/01/19 07:38:12 Q=5
2026-01-07 16:20:36,646 - INFO - [GINSLIB] processing : 2021/01/19 07:38:13 Q=5
2026-01-07 16:20:36,684 - INFO - [GINSLIB] processing : 2021/01/19 07:38:14 Q=5
2026-01-07 16:20:36,718 - INFO - [GINSLIB] processing : 2021/01/19 07:38:15 Q=5
2026-01-07 16:20:36,718 - INFO - [GINSLIB] processing : 2021/01/19 07:38:16 Q=5
2026-01-07 16:20:36,754 - INFO - [GINSLIB] processing : 2021/01/19 07:38:17 Q=5
2026-01-07 16:20:36,787 - INFO - [GINSLIB] processing : 2021/01/19 07:38:18 Q=5
2026-01-07 16:20:36,825 - INFO - [GINSLIB] processing : 2021/01/19 07:38:19 Q=5
2026-01-07 16:20:36,855 - INFO - [GINSLIB] processing : 2021/01/19 07:38:20 Q=5
2026-01-07 16:20:36,892 - INFO - [GINSLIB] processing : 2021/01/19 07:38:21 Q=5
2026-01-07 16:20:36,922 - INFO - [GINSLIB] processing : 2021/01/19 07:38:22 Q=5
2026-01-07 16:20:36,957 - INFO - [GINSLIB] processing : 2021/01/19 07:38:23 Q=5
2026-01-07 16:20:36,989 - INFO - [GINSLIB] processing : 2021/01/19 07:38:24 Q=5
2026-01-07 16:20:37,025 - INFO - [GINSLIB] processing : 2021/01/19 07:38:25 Q=5
2026-01-07 16:20:37,055 - INFO - [GINSLIB] processing : 2021/01/19 07:38:26 Q=5
2026-01-07 16:20:37,055 - INFO - [GINSLIB] processing : 2021/01/19 07:38:27 Q=5
2026-01-07 16:20:37,090 - INFO - [GINSLIB] processing : 2021/01/19 07:38:28 Q=5
2026-01-07 16:20:37,126 - INFO - [GINSLIB] processing : 2021/01/19 07:38:29 Q=5
2026-01-07 16:20:37,155 - INFO - [GINSLIB] processing : 2021/01/19 07:38:30 Q=5
2026-01-07 16:20:37,191 - INFO - [GINSLIB] processing : 2021/01/19 07:38:31 Q=5
2026-01-07 16:20:37,221 - INFO - [GINSLIB] processing : 2021/01/19 07:38:32 Q=5
2026-01-07 16:20:37,257 - INFO - [GINSLIB] processing : 2021/01/19 07:38:33 Q=5
2026-01-07 16:20:37,288 - INFO - [GINSLIB] processing : 2021/01/19 07:38:34 Q=5
2026-01-07 16:20:37,324 - INFO - [GINSLIB] processing : 2021/01/19 07:38:35 Q=5
2026-01-07 16:20:37,354 - INFO - [GINSLIB] processing : 2021/01/19 07:38:36 Q=5
2026-01-07 16:20:37,355 - INFO - [GINSLIB] processing : 2021/01/19 07:38:37 Q=5
2026-01-07 16:20:37,391 - INFO - [GINSLIB] processing : 2021/01/19 07:38:38 Q=5
2026-01-07 16:20:37,421 - INFO - [GINSLIB] processing : 2021/01/19 07:38:39 Q=5
2026-01-07 16:20:37,456 - INFO - [GINSLIB] processing : 2021/01/19 07:38:40 Q=5
2026-01-07 16:20:37,485 - INFO - [GINSLIB] processing : 2021/01/19 07:38:41 Q=5
2026-01-07 16:20:37,521 - INFO - [GINSLIB] processing : 2021/01/19 07:38:42 Q=5
2026-01-07 16:20:37,556 - INFO - [GINSLIB] processing : 2021/01/19 07:38:43 Q=5
2026-01-07 16:20:37,587 - INFO - [GINSLIB] processing : 2021/01/19 07:38:44 Q=5
2026-01-07 16:20:37,625 - INFO - [GINSLIB] processing : 2021/01/19 07:38:45 Q=5
2026-01-07 16:20:37,655 - INFO - [GINSLIB] processing : 2021/01/19 07:38:46 Q=5
2026-01-07 16:20:37,655 - INFO - [GINSLIB] processing : 2021/01/19 07:38:47 Q=5
2026-01-07 16:20:37,690 - INFO - [GINSLIB] processing : 2021/01/19 07:38:48 Q=5
2026-01-07 16:20:37,721 - INFO - [GINSLIB] processing : 2021/01/19 07:38:49 Q=5
2026-01-07 16:20:37,756 - INFO - [GINSLIB] processing : 2021/01/19 07:38:50 Q=5
2026-01-07 16:20:37,786 - INFO - [GINSLIB] processing : 2021/01/19 07:38:51 Q=5
2026-01-07 16:20:37,823 - INFO - [GINSLIB] processing : 2021/01/19 07:38:52 Q=5
2026-01-07 16:20:37,852 - INFO - [GINSLIB] processing : 2021/01/19 07:38:53 Q=5
2026-01-07 16:20:37,886 - INFO - [GINSLIB] processing : 2021/01/19 07:38:54 Q=5
2026-01-07 16:20:37,915 - INFO - [GINSLIB] processing : 2021/01/19 07:38:55 Q=5
2026-01-07 16:20:37,951 - INFO - [GINSLIB] processing : 2021/01/19 07:38:56 Q=5
2026-01-07 16:20:37,981 - INFO - [GINSLIB] processing : 2021/01/19 07:38:57 Q=5
2026-01-07 16:20:37,981 - INFO - [GINSLIB] processing : 2021/01/19 07:38:58 Q=5
2026-01-07 16:20:38,017 - INFO - [GINSLIB] processing : 2021/01/19 07:38:59 Q=5
2026-01-07 16:20:38,055 - INFO - [GINSLIB] processing : 2021/01/19 07:39:00 Q=5
2026-01-07 16:20:38,086 - INFO - [GINSLIB] processing : 2021/01/19 07:39:01 Q=5
2026-01-07 16:20:38,122 - INFO - [GINSLIB] processing : 2021/01/19 07:39:02 Q=5
2026-01-07 16:20:38,153 - INFO - [GINSLIB] processing : 2021/01/19 07:39:03 Q=5
2026-01-07 16:20:38,191 - INFO - [GINSLIB] processing : 2021/01/19 07:39:04 Q=5
2026-01-07 16:20:38,224 - INFO - [GINSLIB] processing : 2021/01/19 07:39:05 Q=5
2026-01-07 16:20:38,260 - INFO - [GINSLIB] processing : 2021/01/19 07:39:06 Q=5
2026-01-07 16:20:38,290 - INFO - [GINSLIB] processing : 2021/01/19 07:39:07 Q=5
2026-01-07 16:20:38,291 - INFO - [GINSLIB] processing : 2021/01/19 07:39:08 Q=5
2026-01-07 16:20:38,327 - INFO - [GINSLIB] processing : 2021/01/19 07:39:09 Q=5
2026-01-07 16:20:38,356 - INFO - [GINSLIB] processing : 2021/01/19 07:39:10 Q=5
2026-01-07 16:20:38,392 - INFO - [GINSLIB] processing : 2021/01/19 07:39:11 Q=5
2026-01-07 16:20:38,422 - INFO - [GINSLIB] processing : 2021/01/19 07:39:12 Q=5
2026-01-07 16:20:38,459 - INFO - [GINSLIB] processing : 2021/01/19 07:39:13 Q=5
2026-01-07 16:20:38,491 - INFO - [GINSLIB] processing : 2021/01/19 07:39:14 Q=5
2026-01-07 16:20:38,528 - INFO - [GINSLIB] processing : 2021/01/19 07:39:15 Q=5
2026-01-07 16:20:38,567 - INFO - [GINSLIB] processing : 2021/01/19 07:39:16 Q=5
2026-01-07 16:20:38,598 - INFO - [GINSLIB] processing : 2021/01/19 07:39:17 Q=5
2026-01-07 16:20:38,598 - INFO - [GINSLIB] processing : 2021/01/19 07:39:18 Q=5
2026-01-07 16:20:38,635 - INFO - [GINSLIB] processing : 2021/01/19 07:39:19 Q=5
2026-01-07 16:20:38,664 - INFO - [GINSLIB] processing : 2021/01/19 07:39:20 Q=5
2026-01-07 16:20:38,702 - INFO - [GINSLIB] processing : 2021/01/19 07:39:21 Q=5
2026-01-07 16:20:38,734 - INFO - [GINSLIB] processing : 2021/01/19 07:39:22 Q=5
2026-01-07 16:20:38,771 - INFO - [GINSLIB] processing : 2021/01/19 07:39:23 Q=5
2026-01-07 16:20:38,802 - INFO - [GINSLIB] processing : 2021/01/19 07:39:24 Q=5
2026-01-07 16:20:38,839 - INFO - [GINSLIB] processing : 2021/01/19 07:39:25 Q=5
2026-01-07 16:20:38,871 - INFO - [GINSLIB] processing : 2021/01/19 07:39:26 Q=5
2026-01-07 16:20:38,906 - INFO - [GINSLIB] processing : 2021/01/19 07:39:27 Q=5
2026-01-07 16:20:38,936 - INFO - [GINSLIB] processing : 2021/01/19 07:39:28 Q=5
2026-01-07 16:20:38,936 - INFO - [GINSLIB] processing : 2021/01/19 07:39:29 Q=5
2026-01-07 16:20:38,971 - INFO - [GINSLIB] processing : 2021/01/19 07:39:30 Q=5
2026-01-07 16:20:39,006 - INFO - [GINSLIB] processing : 2021/01/19 07:39:31 Q=5
2026-01-07 16:20:39,036 - INFO - [GINSLIB] processing : 2021/01/19 07:39:32 Q=5
2026-01-07 16:20:39,072 - INFO - [GINSLIB] processing : 2021/01/19 07:39:33 Q=5
2026-01-07 16:20:39,101 - INFO - [GINSLIB] processing : 2021/01/19 07:39:34 Q=5
2026-01-07 16:20:39,137 - INFO - [GINSLIB] processing : 2021/01/19 07:39:35 Q=5
2026-01-07 16:20:39,166 - INFO - [GINSLIB] processing : 2021/01/19 07:39:36 Q=5
2026-01-07 16:20:39,201 - INFO - [GINSLIB] processing : 2021/01/19 07:39:37 Q=5
2026-01-07 16:20:39,232 - INFO - [GINSLIB] processing : 2021/01/19 07:39:38 Q=5
2026-01-07 16:20:39,232 - INFO - [GINSLIB] processing : 2021/01/19 07:39:39 Q=5
2026-01-07 16:20:39,266 - INFO - [GINSLIB] processing : 2021/01/19 07:39:40 Q=5
2026-01-07 16:20:39,296 - INFO - [GINSLIB] processing : 2021/01/19 07:39:41 Q=5
2026-01-07 16:20:39,332 - INFO - [GINSLIB] processing : 2021/01/19 07:39:42 Q=5
2026-01-07 16:20:39,363 - INFO - [GINSLIB] processing : 2021/01/19 07:39:43 Q=5
2026-01-07 16:20:39,400 - INFO - [GINSLIB] processing : 2021/01/19 07:39:44 Q=5
2026-01-07 16:20:39,430 - INFO - [GINSLIB] processing : 2021/01/19 07:39:45 Q=5
2026-01-07 16:20:39,467 - INFO - [GINSLIB] processing : 2021/01/19 07:39:46 Q=5
2026-01-07 16:20:39,496 - INFO - [GINSLIB] processing : 2021/01/19 07:39:47 Q=5
2026-01-07 16:20:39,532 - INFO - [GINSLIB] processing : 2021/01/19 07:39:48 Q=5
2026-01-07 16:20:39,533 - INFO - [GINSLIB] processing : 2021/01/19 07:39:49 Q=5
2026-01-07 16:20:39,567 - INFO - [GINSLIB] processing : 2021/01/19 07:39:50 Q=5
2026-01-07 16:20:39,596 - INFO - [GINSLIB] processing : 2021/01/19 07:39:51 Q=5
2026-01-07 16:20:39,634 - INFO - [GINSLIB] processing : 2021/01/19 07:39:52 Q=5
2026-01-07 16:20:39,665 - INFO - [GINSLIB] processing : 2021/01/19 07:39:53 Q=5
2026-01-07 16:20:39,701 - INFO - [GINSLIB] processing : 2021/01/19 07:39:54 Q=5
2026-01-07 16:20:39,732 - INFO - [GINSLIB] processing : 2021/01/19 07:39:55 Q=5
2026-01-07 16:20:39,772 - INFO - [GINSLIB] processing : 2021/01/19 07:39:56 Q=5
2026-01-07 16:20:39,803 - INFO - [GINSLIB] processing : 2021/01/19 07:39:57 Q=5
2026-01-07 16:20:39,840 - INFO - [GINSLIB] processing : 2021/01/19 07:39:58 Q=5
2026-01-07 16:20:39,871 - INFO - [GINSLIB] processing : 2021/01/19 07:39:59 Q=5
2026-01-07 16:20:39,871 - INFO - [GINSLIB] processing : 2021/01/19 07:40:00 Q=5
2026-01-07 16:20:39,908 - INFO - [GINSLIB] processing : 2021/01/19 07:40:01 Q=5
2026-01-07 16:20:39,940 - INFO - [GINSLIB] processing : 2021/01/19 07:40:02 Q=5
2026-01-07 16:20:39,979 - INFO - [GINSLIB] processing : 2021/01/19 07:40:03 Q=5
2026-01-07 16:20:40,017 - INFO - [GINSLIB] processing : 2021/01/19 07:40:04 Q=5
2026-01-07 16:20:40,050 - INFO - [GINSLIB] processing : 2021/01/19 07:40:05 Q=5
2026-01-07 16:20:40,091 - INFO - [GINSLIB] processing : 2021/01/19 07:40:06 Q=5
2026-01-07 16:20:40,122 - INFO - [GINSLIB] processing : 2021/01/19 07:40:07 Q=5
2026-01-07 16:20:40,160 - INFO - [GINSLIB] processing : 2021/01/19 07:40:08 Q=5
2026-01-07 16:20:40,192 - INFO - [GINSLIB] processing : 2021/01/19 07:40:09 Q=5
2026-01-07 16:20:40,192 - INFO - [GINSLIB] processing : 2021/01/19 07:40:10 Q=5
2026-01-07 16:20:40,228 - INFO - [GINSLIB] processing : 2021/01/19 07:40:11 Q=5
2026-01-07 16:20:40,259 - INFO - [GINSLIB] processing : 2021/01/19 07:40:12 Q=5
2026-01-07 16:20:40,297 - INFO - [GINSLIB] processing : 2021/01/19 07:40:13 Q=5
2026-01-07 16:20:40,329 - INFO - [GINSLIB] processing : 2021/01/19 07:40:14 Q=5
2026-01-07 16:20:40,366 - INFO - [GINSLIB] processing : 2021/01/19 07:40:15 Q=5
2026-01-07 16:20:40,397 - INFO - [GINSLIB] processing : 2021/01/19 07:40:16 Q=5
2026-01-07 16:20:40,432 - INFO - [GINSLIB] processing : 2021/01/19 07:40:17 Q=5
2026-01-07 16:20:40,464 - INFO - [GINSLIB] processing : 2021/01/19 07:40:18 Q=5
2026-01-07 16:20:40,503 - INFO - [GINSLIB] processing : 2021/01/19 07:40:19 Q=5
2026-01-07 16:20:40,503 - INFO - [GINSLIB] processing : 2021/01/19 07:40:20 Q=5
2026-01-07 16:20:40,542 - INFO - [GINSLIB] processing : 2021/01/19 07:40:21 Q=5
2026-01-07 16:20:40,573 - INFO - [GINSLIB] processing : 2021/01/19 07:40:22 Q=5
2026-01-07 16:20:40,609 - INFO - [GINSLIB] processing : 2021/01/19 07:40:23 Q=5
2026-01-07 16:20:40,641 - INFO - [GINSLIB] processing : 2021/01/19 07:40:24 Q=5
2026-01-07 16:20:40,680 - INFO - [GINSLIB] processing : 2021/01/19 07:40:25 Q=5
2026-01-07 16:20:40,712 - INFO - [GINSLIB] processing : 2021/01/19 07:40:26 Q=5
2026-01-07 16:20:40,750 - INFO - [GINSLIB] processing : 2021/01/19 07:40:27 Q=5
2026-01-07 16:20:40,784 - INFO - [GINSLIB] processing : 2021/01/19 07:40:28 Q=5
2026-01-07 16:20:40,822 - INFO - [GINSLIB] processing : 2021/01/19 07:40:29 Q=5
2026-01-07 16:20:40,854 - INFO - [GINSLIB] processing : 2021/01/19 07:40:30 Q=5
2026-01-07 16:20:40,854 - INFO - [GINSLIB] processing : 2021/01/19 07:40:31 Q=5
2026-01-07 16:20:40,892 - INFO - [GINSLIB] processing : 2021/01/19 07:40:32 Q=5
2026-01-07 16:20:40,923 - INFO - [GINSLIB] processing : 2021/01/19 07:40:33 Q=5
2026-01-07 16:20:40,961 - INFO - [GINSLIB] processing : 2021/01/19 07:40:34 Q=5
2026-01-07 16:20:40,998 - INFO - [GINSLIB] processing : 2021/01/19 07:40:35 Q=5
2026-01-07 16:20:41,030 - INFO - [GINSLIB] processing : 2021/01/19 07:40:36 Q=5
2026-01-07 16:20:41,070 - INFO - [GINSLIB] processing : 2021/01/19 07:40:37 Q=5
2026-01-07 16:20:41,102 - INFO - [GINSLIB] processing : 2021/01/19 07:40:38 Q=5
2026-01-07 16:20:41,139 - INFO - [GINSLIB] processing : 2021/01/19 07:40:39 Q=5
2026-01-07 16:20:41,170 - INFO - [GINSLIB] processing : 2021/01/19 07:40:40 Q=5
2026-01-07 16:20:41,170 - INFO - [GINSLIB] processing : 2021/01/19 07:40:41 Q=5
2026-01-07 16:20:41,208 - INFO - [GINSLIB] processing : 2021/01/19 07:40:42 Q=5
2026-01-07 16:20:41,240 - INFO - [GINSLIB] processing : 2021/01/19 07:40:43 Q=5
2026-01-07 16:20:41,275 - INFO - [GINSLIB] processing : 2021/01/19 07:40:44 Q=5
2026-01-07 16:20:41,306 - INFO - [GINSLIB] processing : 2021/01/19 07:40:45 Q=5
2026-01-07 16:20:41,345 - INFO - [GINSLIB] processing : 2021/01/19 07:40:46 Q=5
2026-01-07 16:20:41,377 - INFO - [GINSLIB] processing : 2021/01/19 07:40:47 Q=5
2026-01-07 16:20:41,414 - INFO - [GINSLIB] processing : 2021/01/19 07:40:48 Q=5
2026-01-07 16:20:41,444 - INFO - [GINSLIB] processing : 2021/01/19 07:40:49 Q=5
2026-01-07 16:20:41,480 - INFO - [GINSLIB] processing : 2021/01/19 07:40:50 Q=5
2026-01-07 16:20:41,519 - INFO - [GINSLIB] processing : 2021/01/19 07:40:51 Q=5
2026-01-07 16:20:41,519 - INFO - [GINSLIB] processing : 2021/01/19 07:40:52 Q=5
2026-01-07 16:20:41,551 - INFO - [GINSLIB] processing : 2021/01/19 07:40:53 Q=5
2026-01-07 16:20:41,587 - INFO - [GINSLIB] processing : 2021/01/19 07:40:54 Q=5
2026-01-07 16:20:41,616 - INFO - [GINSLIB] processing : 2021/01/19 07:40:55 Q=5
2026-01-07 16:20:41,653 - INFO - [GINSLIB] processing : 2021/01/19 07:40:56 Q=5
2026-01-07 16:20:41,684 - INFO - [GINSLIB] processing : 2021/01/19 07:40:57 Q=5
2026-01-07 16:20:41,722 - INFO - [GINSLIB] processing : 2021/01/19 07:40:58 Q=5
2026-01-07 16:20:41,753 - INFO - [GINSLIB] processing : 2021/01/19 07:40:59 Q=5
2026-01-07 16:20:41,789 - INFO - [GINSLIB] processing : 2021/01/19 07:41:00 Q=5
2026-01-07 16:20:41,820 - INFO - [GINSLIB] processing : 2021/01/19 07:41:01 Q=5
2026-01-07 16:20:41,820 - INFO - [GINSLIB] processing : 2021/01/19 07:41:02 Q=5
2026-01-07 16:20:41,854 - INFO - [GINSLIB] processing : 2021/01/19 07:41:03 Q=5
2026-01-07 16:20:41,883 - INFO - [GINSLIB] processing : 2021/01/19 07:41:04 Q=5
2026-01-07 16:20:41,919 - INFO - [GINSLIB] processing : 2021/01/19 07:41:05 Q=5
2026-01-07 16:20:41,949 - INFO - [GINSLIB] processing : 2021/01/19 07:41:06 Q=5
2026-01-07 16:20:41,984 - INFO - [GINSLIB] processing : 2021/01/19 07:41:07 Q=5
2026-01-07 16:20:42,024 - INFO - [GINSLIB] processing : 2021/01/19 07:41:08 Q=5
2026-01-07 16:20:42,054 - INFO - [GINSLIB] processing : 2021/01/19 07:41:09 Q=5
2026-01-07 16:20:42,091 - INFO - [GINSLIB] processing : 2021/01/19 07:41:10 Q=5
2026-01-07 16:20:42,122 - INFO - [GINSLIB] processing : 2021/01/19 07:41:11 Q=5
2026-01-07 16:20:42,122 - INFO - [GINSLIB] processing : 2021/01/19 07:41:12 Q=5
2026-01-07 16:20:42,157 - INFO - [GINSLIB] processing : 2021/01/19 07:41:13 Q=5
2026-01-07 16:20:42,188 - INFO - [GINSLIB] processing : 2021/01/19 07:41:14 Q=5
2026-01-07 16:20:42,224 - INFO - [GINSLIB] processing : 2021/01/19 07:41:15 Q=5
2026-01-07 16:20:42,256 - INFO - [GINSLIB] processing : 2021/01/19 07:41:16 Q=5
2026-01-07 16:20:42,294 - INFO - [GINSLIB] processing : 2021/01/19 07:41:17 Q=5
2026-01-07 16:20:42,324 - INFO - [GINSLIB] processing : 2021/01/19 07:41:18 Q=5
2026-01-07 16:20:42,360 - INFO - [GINSLIB] processing : 2021/01/19 07:41:19 Q=5
2026-01-07 16:20:42,392 - INFO - [GINSLIB] processing : 2021/01/19 07:41:20 Q=5
2026-01-07 16:20:42,427 - INFO - [GINSLIB] processing : 2021/01/19 07:41:21 Q=5
2026-01-07 16:20:42,464 - INFO - [GINSLIB] processing : 2021/01/19 07:41:22 Q=5
2026-01-07 16:20:42,464 - INFO - [GINSLIB] processing : 2021/01/19 07:41:23 Q=5
2026-01-07 16:20:42,496 - INFO - [GINSLIB] processing : 2021/01/19 07:41:24 Q=5
2026-01-07 16:20:42,534 - INFO - [GINSLIB] processing : 2021/01/19 07:41:25 Q=5
2026-01-07 16:20:42,566 - INFO - [GINSLIB] processing : 2021/01/19 07:41:26 Q=5
2026-01-07 16:20:42,603 - INFO - [GINSLIB] processing : 2021/01/19 07:41:27 Q=5
2026-01-07 16:20:42,635 - INFO - [GINSLIB] processing : 2021/01/19 07:41:28 Q=5
2026-01-07 16:20:42,672 - INFO - [GINSLIB] processing : 2021/01/19 07:41:29 Q=5
2026-01-07 16:20:42,704 - INFO - [GINSLIB] processing : 2021/01/19 07:41:30 Q=5
2026-01-07 16:20:42,741 - INFO - [GINSLIB] processing : 2021/01/19 07:41:31 Q=5
2026-01-07 16:20:42,773 - INFO - [GINSLIB] processing : 2021/01/19 07:41:32 Q=5
2026-01-07 16:20:42,773 - INFO - [GINSLIB] processing : 2021/01/19 07:41:33 Q=5
2026-01-07 16:20:42,810 - INFO - [GINSLIB] processing : 2021/01/19 07:41:34 Q=5
2026-01-07 16:20:42,841 - INFO - [GINSLIB] processing : 2021/01/19 07:41:35 Q=5
2026-01-07 16:20:42,878 - INFO - [GINSLIB] processing : 2021/01/19 07:41:36 Q=5
2026-01-07 16:20:42,909 - INFO - [GINSLIB] processing : 2021/01/19 07:41:37 Q=5
2026-01-07 16:20:42,945 - INFO - [GINSLIB] processing : 2021/01/19 07:41:38 Q=5
2026-01-07 16:20:42,980 - INFO - [GINSLIB] processing : 2021/01/19 07:41:39 Q=5
2026-01-07 16:20:43,011 - INFO - [GINSLIB] processing : 2021/01/19 07:41:40 Q=5
2026-01-07 16:20:43,048 - INFO - [GINSLIB] processing : 2021/01/19 07:41:41 Q=5
2026-01-07 16:20:43,080 - INFO - [GINSLIB] processing : 2021/01/19 07:41:42 Q=5
2026-01-07 16:20:43,080 - INFO - [GINSLIB] processing : 2021/01/19 07:41:43 Q=5
2026-01-07 16:20:43,116 - INFO - [GINSLIB] processing : 2021/01/19 07:41:44 Q=5
2026-01-07 16:20:43,149 - INFO - [GINSLIB] processing : 2021/01/19 07:41:45 Q=5
2026-01-07 16:20:43,187 - INFO - [GINSLIB] processing : 2021/01/19 07:41:46 Q=5
2026-01-07 16:20:43,219 - INFO - [GINSLIB] processing : 2021/01/19 07:41:47 Q=5
2026-01-07 16:20:43,257 - INFO - [GINSLIB] processing : 2021/01/19 07:41:48 Q=5
2026-01-07 16:20:43,289 - INFO - [GINSLIB] processing : 2021/01/19 07:41:49 Q=5
2026-01-07 16:20:43,325 - INFO - [GINSLIB] processing : 2021/01/19 07:41:50 Q=5
2026-01-07 16:20:43,355 - INFO - [GINSLIB] processing : 2021/01/19 07:41:51 Q=5
2026-01-07 16:20:43,392 - INFO - [GINSLIB] processing : 2021/01/19 07:41:52 Q=5
2026-01-07 16:20:43,428 - INFO - [GINSLIB] processing : 2021/01/19 07:41:53 Q=5
2026-01-07 16:20:43,429 - INFO - [GINSLIB] processing : 2021/01/19 07:41:54 Q=5
2026-01-07 16:20:43,460 - INFO - [GINSLIB] processing : 2021/01/19 07:41:55 Q=5
2026-01-07 16:20:43,498 - INFO - [GINSLIB] processing : 2021/01/19 07:41:56 Q=5
2026-01-07 16:20:43,533 - INFO - [GINSLIB] processing : 2021/01/19 07:41:57 Q=5
2026-01-07 16:20:43,574 - INFO - [GINSLIB] processing : 2021/01/19 07:41:58 Q=5
2026-01-07 16:20:43,607 - INFO - [GINSLIB] processing : 2021/01/19 07:41:59 Q=5
2026-01-07 16:20:43,645 - INFO - [GINSLIB] processing : 2021/01/19 07:42:00 Q=5
2026-01-07 16:20:43,678 - INFO - [GINSLIB] processing : 2021/01/19 07:42:01 Q=5
2026-01-07 16:20:43,716 - INFO - [GINSLIB] processing : 2021/01/19 07:42:02 Q=5
2026-01-07 16:20:43,748 - INFO - [GINSLIB] processing : 2021/01/19 07:42:03 Q=5
2026-01-07 16:20:43,749 - INFO - [GINSLIB] processing : 2021/01/19 07:42:04 Q=5
2026-01-07 16:20:43,787 - INFO - [GINSLIB] processing : 2021/01/19 07:42:05 Q=5
2026-01-07 16:20:43,819 - INFO - [GINSLIB] processing : 2021/01/19 07:42:06 Q=5
2026-01-07 16:20:43,857 - INFO - [GINSLIB] processing : 2021/01/19 07:42:07 Q=5
2026-01-07 16:20:43,888 - INFO - [GINSLIB] processing : 2021/01/19 07:42:08 Q=5
2026-01-07 16:20:43,926 - INFO - [GINSLIB] processing : 2021/01/19 07:42:09 Q=5
2026-01-07 16:20:43,964 - INFO - [GINSLIB] processing : 2021/01/19 07:42:10 Q=5
2026-01-07 16:20:43,998 - INFO - [GINSLIB] processing : 2021/01/19 07:42:11 Q=5
2026-01-07 16:20:44,036 - INFO - [GINSLIB] processing : 2021/01/19 07:42:12 Q=5
2026-01-07 16:20:44,069 - INFO - [GINSLIB] processing : 2021/01/19 07:42:13 Q=5
2026-01-07 16:20:44,069 - INFO - [GINSLIB] processing : 2021/01/19 07:42:14 Q=5
2026-01-07 16:20:44,109 - INFO - [GINSLIB] processing : 2021/01/19 07:42:15 Q=5
2026-01-07 16:20:44,141 - INFO - [GINSLIB] processing : 2021/01/19 07:42:16 Q=5
2026-01-07 16:20:44,179 - INFO - [GINSLIB] processing : 2021/01/19 07:42:17 Q=5
2026-01-07 16:20:44,214 - INFO - [GINSLIB] processing : 2021/01/19 07:42:18 Q=5
2026-01-07 16:20:44,260 - INFO - [GINSLIB] processing : 2021/01/19 07:42:19 Q=5
2026-01-07 16:20:44,296 - INFO - [GINSLIB] processing : 2021/01/19 07:42:20 Q=5
2026-01-07 16:20:44,341 - INFO - [GINSLIB] processing : 2021/01/19 07:42:21 Q=5
2026-01-07 16:20:44,376 - INFO - [GINSLIB] processing : 2021/01/19 07:42:22 Q=5
2026-01-07 16:20:44,420 - INFO - [GINSLIB] processing : 2021/01/19 07:42:23 Q=5
2026-01-07 16:20:44,454 - INFO - [GINSLIB] processing : 2021/01/19 07:42:24 Q=5
2026-01-07 16:20:44,454 - INFO - [GINSLIB] processing : 2021/01/19 07:42:25 Q=5
2026-01-07 16:20:44,496 - INFO - [GINSLIB] processing : 2021/01/19 07:42:26 Q=5
2026-01-07 16:20:44,536 - INFO - [GINSLIB] processing : 2021/01/19 07:42:27 Q=5
2026-01-07 16:20:44,570 - INFO - [GINSLIB] processing : 2021/01/19 07:42:28 Q=5
2026-01-07 16:20:44,608 - INFO - [GINSLIB] processing : 2021/01/19 07:42:29 Q=5
2026-01-07 16:20:44,641 - INFO - [GINSLIB] processing : 2021/01/19 07:42:30 Q=5
2026-01-07 16:20:44,685 - INFO - [GINSLIB] processing : 2021/01/19 07:42:31 Q=5
2026-01-07 16:20:44,721 - INFO - [GINSLIB] processing : 2021/01/19 07:42:32 Q=5
2026-01-07 16:20:44,762 - INFO - [GINSLIB] processing : 2021/01/19 07:42:33 Q=5
2026-01-07 16:20:44,798 - INFO - [GINSLIB] processing : 2021/01/19 07:42:34 Q=5
2026-01-07 16:20:44,798 - INFO - [GINSLIB] processing : 2021/01/19 07:42:35 Q=5
2026-01-07 16:20:44,840 - INFO - [GINSLIB] processing : 2021/01/19 07:42:36 Q=5
2026-01-07 16:20:44,873 - INFO - [GINSLIB] processing : 2021/01/19 07:42:37 Q=5
2026-01-07 16:20:44,914 - INFO - [GINSLIB] processing : 2021/01/19 07:42:38 Q=5
2026-01-07 16:20:44,951 - INFO - [GINSLIB] processing : 2021/01/19 07:42:39 Q=5
2026-01-07 16:20:44,994 - INFO - [GINSLIB] processing : 2021/01/19 07:42:40 Q=5
2026-01-07 16:20:45,029 - INFO - [GINSLIB] processing : 2021/01/19 07:42:41 Q=5
2026-01-07 16:20:45,069 - INFO - [GINSLIB] processing : 2021/01/19 07:42:42 Q=5
2026-01-07 16:20:45,106 - INFO - [GINSLIB] processing : 2021/01/19 07:42:43 Q=5
2026-01-07 16:20:45,137 - INFO - [GINSLIB] processing : 2021/01/19 07:42:44 Q=5
2026-01-07 16:20:45,138 - INFO - [GINSLIB] processing : 2021/01/19 07:42:45 Q=5
2026-01-07 16:20:45,175 - INFO - [GINSLIB] processing : 2021/01/19 07:42:46 Q=5
2026-01-07 16:20:45,207 - INFO - [GINSLIB] processing : 2021/01/19 07:42:47 Q=5
2026-01-07 16:20:45,246 - INFO - [GINSLIB] processing : 2021/01/19 07:42:48 Q=5
2026-01-07 16:20:45,278 - INFO - [GINSLIB] processing : 2021/01/19 07:42:49 Q=5
2026-01-07 16:20:45,317 - INFO - [GINSLIB] processing : 2021/01/19 07:42:50 Q=5
2026-01-07 16:20:45,349 - INFO - [GINSLIB] processing : 2021/01/19 07:42:51 Q=5
2026-01-07 16:20:45,386 - INFO - [GINSLIB] processing : 2021/01/19 07:42:52 Q=5
2026-01-07 16:20:45,418 - INFO - [GINSLIB] processing : 2021/01/19 07:42:53 Q=5
2026-01-07 16:20:45,457 - INFO - [GINSLIB] processing : 2021/01/19 07:42:54 Q=5
2026-01-07 16:20:45,491 - INFO - [GINSLIB] processing : 2021/01/19 07:42:55 Q=5
2026-01-07 16:20:45,491 - INFO - [GINSLIB] processing : 2021/01/19 07:42:56 Q=5
2026-01-07 16:20:45,528 - INFO - [GINSLIB] processing : 2021/01/19 07:42:57 Q=5
2026-01-07 16:20:45,560 - INFO - [GINSLIB] processing : 2021/01/19 07:42:58 Q=5
2026-01-07 16:20:45,598 - INFO - [GINSLIB] processing : 2021/01/19 07:42:59 Q=5
2026-01-07 16:20:45,635 - INFO - [GINSLIB] processing : 2021/01/19 07:43:00 Q=5
2026-01-07 16:20:45,668 - INFO - [GINSLIB] processing : 2021/01/19 07:43:01 Q=5
2026-01-07 16:20:45,705 - INFO - [GINSLIB] processing : 2021/01/19 07:43:02 Q=5
2026-01-07 16:20:45,739 - INFO - [GINSLIB] processing : 2021/01/19 07:43:03 Q=5
2026-01-07 16:20:45,783 - INFO - [GINSLIB] processing : 2021/01/19 07:43:04 Q=5
2026-01-07 16:20:45,818 - INFO - [GINSLIB] processing : 2021/01/19 07:43:05 Q=5
2026-01-07 16:20:45,818 - INFO - [GINSLIB] processing : 2021/01/19 07:43:06 Q=5
2026-01-07 16:20:45,853 - INFO - [GINSLIB] processing : 2021/01/19 07:43:07 Q=5
2026-01-07 16:20:45,883 - INFO - [GINSLIB] processing : 2021/01/19 07:43:08 Q=5
2026-01-07 16:20:45,921 - INFO - [GINSLIB] processing : 2021/01/19 07:43:09 Q=5
2026-01-07 16:20:45,952 - INFO - [GINSLIB] processing : 2021/01/19 07:43:10 Q=5
2026-01-07 16:20:45,989 - INFO - [GINSLIB] processing : 2021/01/19 07:43:11 Q=5
2026-01-07 16:20:46,023 - INFO - [GINSLIB] processing : 2021/01/19 07:43:12 Q=5
2026-01-07 16:20:46,061 - INFO - [GINSLIB] processing : 2021/01/19 07:43:13 Q=5
2026-01-07 16:20:46,100 - INFO - [GINSLIB] processing : 2021/01/19 07:43:14 Q=5
2026-01-07 16:20:46,131 - INFO - [GINSLIB] processing : 2021/01/19 07:43:15 Q=5
2026-01-07 16:20:46,131 - INFO - [GINSLIB] processing : 2021/01/19 07:43:16 Q=5
2026-01-07 16:20:46,173 - INFO - [GINSLIB] processing : 2021/01/19 07:43:17 Q=5
2026-01-07 16:20:46,205 - INFO - [GINSLIB] processing : 2021/01/19 07:43:18 Q=5
2026-01-07 16:20:46,244 - INFO - [GINSLIB] processing : 2021/01/19 07:43:19 Q=5
2026-01-07 16:20:46,278 - INFO - [GINSLIB] processing : 2021/01/19 07:43:20 Q=5
2026-01-07 16:20:46,316 - INFO - [GINSLIB] processing : 2021/01/19 07:43:21 Q=5
2026-01-07 16:20:46,348 - INFO - [GINSLIB] processing : 2021/01/19 07:43:22 Q=5
2026-01-07 16:20:46,387 - INFO - [GINSLIB] processing : 2021/01/19 07:43:23 Q=5
2026-01-07 16:20:46,419 - INFO - [GINSLIB] processing : 2021/01/19 07:43:24 Q=5
2026-01-07 16:20:46,457 - INFO - [GINSLIB] processing : 2021/01/19 07:43:25 Q=5
2026-01-07 16:20:46,490 - INFO - [GINSLIB] processing : 2021/01/19 07:43:26 Q=5
2026-01-07 16:20:46,490 - INFO - [GINSLIB] processing : 2021/01/19 07:43:27 Q=5
2026-01-07 16:20:46,527 - INFO - [GINSLIB] processing : 2021/01/19 07:43:28 Q=5
2026-01-07 16:20:46,558 - INFO - [GINSLIB] processing : 2021/01/19 07:43:29 Q=5
2026-01-07 16:20:46,595 - INFO - [GINSLIB] processing : 2021/01/19 07:43:30 Q=5
2026-01-07 16:20:46,632 - INFO - [GINSLIB] processing : 2021/01/19 07:43:31 Q=5
2026-01-07 16:20:46,663 - INFO - [GINSLIB] processing : 2021/01/19 07:43:32 Q=5
2026-01-07 16:20:46,700 - INFO - [GINSLIB] processing : 2021/01/19 07:43:33 Q=5
2026-01-07 16:20:46,730 - INFO - [GINSLIB] processing : 2021/01/19 07:43:34 Q=5
2026-01-07 16:20:46,768 - INFO - [GINSLIB] processing : 2021/01/19 07:43:35 Q=5
2026-01-07 16:20:46,799 - INFO - [GINSLIB] processing : 2021/01/19 07:43:36 Q=5
2026-01-07 16:20:46,800 - INFO - [GINSLIB] processing : 2021/01/19 07:43:37 Q=5
2026-01-07 16:20:46,838 - INFO - [GINSLIB] processing : 2021/01/19 07:43:38 Q=5
2026-01-07 16:20:46,870 - INFO - [GINSLIB] processing : 2021/01/19 07:43:39 Q=5
2026-01-07 16:20:46,907 - INFO - [GINSLIB] processing : 2021/01/19 07:43:40 Q=5
2026-01-07 16:20:46,937 - INFO - [GINSLIB] processing : 2021/01/19 07:43:41 Q=5
2026-01-07 16:20:46,974 - INFO - [GINSLIB] processing : 2021/01/19 07:43:42 Q=5
2026-01-07 16:20:47,004 - INFO - [GINSLIB] processing : 2021/01/19 07:43:43 Q=5
2026-01-07 16:20:47,044 - INFO - [GINSLIB] processing : 2021/01/19 07:43:44 Q=5
2026-01-07 16:20:47,083 - INFO - [GINSLIB] processing : 2021/01/19 07:43:45 Q=5
2026-01-07 16:20:47,114 - INFO - [GINSLIB] processing : 2021/01/19 07:43:46 Q=5
2026-01-07 16:20:47,114 - INFO - [GINSLIB] processing : 2021/01/19 07:43:47 Q=5
2026-01-07 16:20:47,151 - INFO - [GINSLIB] processing : 2021/01/19 07:43:48 Q=5
2026-01-07 16:20:47,182 - INFO - [GINSLIB] processing : 2021/01/19 07:43:49 Q=5
2026-01-07 16:20:47,218 - INFO - [GINSLIB] processing : 2021/01/19 07:43:50 Q=5
2026-01-07 16:20:47,249 - INFO - [GINSLIB] processing : 2021/01/19 07:43:51 Q=5
2026-01-07 16:20:47,286 - INFO - [GINSLIB] processing : 2021/01/19 07:43:52 Q=5
2026-01-07 16:20:47,318 - INFO - [GINSLIB] processing : 2021/01/19 07:43:53 Q=5
2026-01-07 16:20:47,358 - INFO - [GINSLIB] processing : 2021/01/19 07:43:54 Q=5
2026-01-07 16:20:47,389 - INFO - [GINSLIB] processing : 2021/01/19 07:43:55 Q=5
2026-01-07 16:20:47,425 - INFO - [GINSLIB] processing : 2021/01/19 07:43:56 Q=5
2026-01-07 16:20:47,457 - INFO - [GINSLIB] processing : 2021/01/19 07:43:57 Q=5
2026-01-07 16:20:47,457 - INFO - [GINSLIB] processing : 2021/01/19 07:43:58 Q=5
2026-01-07 16:20:47,496 - INFO - [GINSLIB] processing : 2021/01/19 07:43:59 Q=5
2026-01-07 16:20:47,530 - INFO - [GINSLIB] processing : 2021/01/19 07:44:00 Q=5
2026-01-07 16:20:47,570 - INFO - [GINSLIB] processing : 2021/01/19 07:44:01 Q=5
2026-01-07 16:20:47,610 - INFO - [GINSLIB] processing : 2021/01/19 07:44:02 Q=5
2026-01-07 16:20:47,641 - INFO - [GINSLIB] processing : 2021/01/19 07:44:03 Q=5
2026-01-07 16:20:47,680 - INFO - [GINSLIB] processing : 2021/01/19 07:44:04 Q=5
2026-01-07 16:20:47,712 - INFO - [GINSLIB] processing : 2021/01/19 07:44:05 Q=5
2026-01-07 16:20:47,754 - INFO - [GINSLIB] processing : 2021/01/19 07:44:06 Q=5
2026-01-07 16:20:47,787 - INFO - [GINSLIB] processing : 2021/01/19 07:44:07 Q=5
2026-01-07 16:20:47,788 - INFO - [GINSLIB] processing : 2021/01/19 07:44:08 Q=5
2026-01-07 16:20:47,826 - INFO - [GINSLIB] processing : 2021/01/19 07:44:09 Q=5
2026-01-07 16:20:47,856 - INFO - [GINSLIB] processing : 2021/01/19 07:44:10 Q=5
2026-01-07 16:20:47,894 - INFO - [GINSLIB] processing : 2021/01/19 07:44:11 Q=5
2026-01-07 16:20:47,926 - INFO - [GINSLIB] processing : 2021/01/19 07:44:12 Q=5
2026-01-07 16:20:47,965 - INFO - [GINSLIB] processing : 2021/01/19 07:44:13 Q=5
2026-01-07 16:20:47,998 - INFO - [GINSLIB] processing : 2021/01/19 07:44:14 Q=5
2026-01-07 16:20:48,037 - INFO - [GINSLIB] processing : 2021/01/19 07:44:15 Q=5
2026-01-07 16:20:48,067 - INFO - [GINSLIB] processing : 2021/01/19 07:44:16 Q=5
2026-01-07 16:20:48,105 - INFO - [GINSLIB] processing : 2021/01/19 07:44:17 Q=5
2026-01-07 16:20:48,141 - INFO - [GINSLIB] processing : 2021/01/19 07:44:18 Q=5
2026-01-07 16:20:48,142 - INFO - [GINSLIB] processing : 2021/01/19 07:44:19 Q=5
2026-01-07 16:20:48,174 - INFO - [GINSLIB] processing : 2021/01/19 07:44:20 Q=5
2026-01-07 16:20:48,212 - INFO - [GINSLIB] processing : 2021/01/19 07:44:21 Q=5
2026-01-07 16:20:48,249 - INFO - [GINSLIB] processing : 2021/01/19 07:44:22 Q=5
2026-01-07 16:20:48,290 - INFO - [GINSLIB] processing : 2021/01/19 07:44:23 Q=5
2026-01-07 16:20:48,324 - INFO - [GINSLIB] processing : 2021/01/19 07:44:24 Q=5
2026-01-07 16:20:48,365 - INFO - [GINSLIB] processing : 2021/01/19 07:44:25 Q=5
2026-01-07 16:20:48,398 - INFO - [GINSLIB] processing : 2021/01/19 07:44:26 Q=5
2026-01-07 16:20:48,438 - INFO - [GINSLIB] processing : 2021/01/19 07:44:27 Q=5
2026-01-07 16:20:48,473 - INFO - [GINSLIB] processing : 2021/01/19 07:44:28 Q=5
2026-01-07 16:20:48,473 - INFO - [GINSLIB] processing : 2021/01/19 07:44:29 Q=5
2026-01-07 16:20:48,515 - INFO - [GINSLIB] processing : 2021/01/19 07:44:30 Q=5
2026-01-07 16:20:48,551 - INFO - [GINSLIB] processing : 2021/01/19 07:44:31 Q=5
2026-01-07 16:20:48,590 - INFO - [GINSLIB] processing : 2021/01/19 07:44:32 Q=5
2026-01-07 16:20:48,627 - INFO - [GINSLIB] processing : 2021/01/19 07:44:33 Q=5
2026-01-07 16:20:48,661 - INFO - [GINSLIB] processing : 2021/01/19 07:44:34 Q=5
2026-01-07 16:20:48,698 - INFO - [GINSLIB] processing : 2021/01/19 07:44:35 Q=5
2026-01-07 16:20:48,728 - INFO - [GINSLIB] processing : 2021/01/19 07:44:36 Q=5
2026-01-07 16:20:48,763 - INFO - [GINSLIB] processing : 2021/01/19 07:44:37 Q=5
2026-01-07 16:20:48,795 - INFO - [GINSLIB] processing : 2021/01/19 07:44:38 Q=5
2026-01-07 16:20:48,795 - INFO - [GINSLIB] processing : 2021/01/19 07:44:39 Q=5
2026-01-07 16:20:48,832 - INFO - [GINSLIB] processing : 2021/01/19 07:44:40 Q=5
2026-01-07 16:20:48,864 - INFO - [GINSLIB] processing : 2021/01/19 07:44:41 Q=5
2026-01-07 16:20:48,901 - INFO - [GINSLIB] processing : 2021/01/19 07:44:42 Q=5
2026-01-07 16:20:48,934 - INFO - [GINSLIB] processing : 2021/01/19 07:44:43 Q=5
2026-01-07 16:20:48,973 - INFO - [GINSLIB] processing : 2021/01/19 07:44:44 Q=5
2026-01-07 16:20:49,004 - INFO - [GINSLIB] processing : 2021/01/19 07:44:45 Q=5
2026-01-07 16:20:49,040 - INFO - [GINSLIB] processing : 2021/01/19 07:44:46 Q=5
2026-01-07 16:20:49,070 - INFO - [GINSLIB] processing : 2021/01/19 07:44:47 Q=5
2026-01-07 16:20:49,106 - INFO - [GINSLIB] processing : 2021/01/19 07:44:48 Q=5
2026-01-07 16:20:49,141 - INFO - [GINSLIB] processing : 2021/01/19 07:44:49 Q=5
2026-01-07 16:20:49,142 - INFO - [GINSLIB] processing : 2021/01/19 07:44:50 Q=5
2026-01-07 16:20:49,173 - INFO - [GINSLIB] processing : 2021/01/19 07:44:51 Q=5
2026-01-07 16:20:49,209 - INFO - [GINSLIB] processing : 2021/01/19 07:44:52 Q=5
2026-01-07 16:20:49,240 - INFO - [GINSLIB] processing : 2021/01/19 07:44:53 Q=5
2026-01-07 16:20:49,277 - INFO - [GINSLIB] processing : 2021/01/19 07:44:54 Q=5
2026-01-07 16:20:49,310 - INFO - [GINSLIB] processing : 2021/01/19 07:44:55 Q=5
2026-01-07 16:20:49,346 - INFO - [GINSLIB] processing : 2021/01/19 07:44:56 Q=5
2026-01-07 16:20:49,380 - INFO - [GINSLIB] processing : 2021/01/19 07:44:57 Q=5
2026-01-07 16:20:49,420 - INFO - [GINSLIB] processing : 2021/01/19 07:44:58 Q=5
2026-01-07 16:20:49,452 - INFO - [GINSLIB] processing : 2021/01/19 07:44:59 Q=5
2026-01-07 16:20:49,453 - INFO - [GINSLIB] processing : 2021/01/19 07:45:00 Q=5
2026-01-07 16:20:49,490 - INFO - [GINSLIB] processing : 2021/01/19 07:45:01 Q=5
2026-01-07 16:20:49,521 - INFO - [GINSLIB] processing : 2021/01/19 07:45:02 Q=5
2026-01-07 16:20:49,558 - INFO - [GINSLIB] processing : 2021/01/19 07:45:03 Q=5
2026-01-07 16:20:49,589 - INFO - [GINSLIB] processing : 2021/01/19 07:45:04 Q=5
2026-01-07 16:20:49,625 - INFO - [GINSLIB] processing : 2021/01/19 07:45:05 Q=5
2026-01-07 16:20:49,661 - INFO - [GINSLIB] processing : 2021/01/19 07:45:06 Q=5
2026-01-07 16:20:49,693 - INFO - [GINSLIB] processing : 2021/01/19 07:45:07 Q=5
2026-01-07 16:20:49,730 - INFO - [GINSLIB] processing : 2021/01/19 07:45:08 Q=5
2026-01-07 16:20:49,762 - INFO - [GINSLIB] processing : 2021/01/19 07:45:09 Q=5
2026-01-07 16:20:49,762 - INFO - [GINSLIB] processing : 2021/01/19 07:45:10 Q=5
2026-01-07 16:20:49,801 - INFO - [GINSLIB] processing : 2021/01/19 07:45:11 Q=5
2026-01-07 16:20:49,833 - INFO - [GINSLIB] processing : 2021/01/19 07:45:12 Q=5
2026-01-07 16:20:49,870 - INFO - [GINSLIB] processing : 2021/01/19 07:45:13 Q=5
2026-01-07 16:20:49,902 - INFO - [GINSLIB] processing : 2021/01/19 07:45:14 Q=5
2026-01-07 16:20:49,940 - INFO - [GINSLIB] processing : 2021/01/19 07:45:15 Q=5
2026-01-07 16:20:49,971 - INFO - [GINSLIB] processing : 2021/01/19 07:45:16 Q=5
2026-01-07 16:20:50,006 - INFO - [GINSLIB] processing : 2021/01/19 07:45:17 Q=5
2026-01-07 16:20:50,037 - INFO - [GINSLIB] processing : 2021/01/19 07:45:18 Q=5
2026-01-07 16:20:50,073 - INFO - [GINSLIB] processing : 2021/01/19 07:45:19 Q=5
2026-01-07 16:20:50,102 - INFO - [GINSLIB] processing : 2021/01/19 07:45:20 Q=5
2026-01-07 16:20:50,103 - INFO - [GINSLIB] processing : 2021/01/19 07:45:21 Q=5
2026-01-07 16:20:50,140 - INFO - [GINSLIB] processing : 2021/01/19 07:45:22 Q=5
2026-01-07 16:20:50,179 - INFO - [GINSLIB] processing : 2021/01/19 07:45:23 Q=5
2026-01-07 16:20:50,211 - INFO - [GINSLIB] processing : 2021/01/19 07:45:24 Q=5
2026-01-07 16:20:50,251 - INFO - [GINSLIB] processing : 2021/01/19 07:45:25 Q=5
2026-01-07 16:20:50,282 - INFO - [GINSLIB] processing : 2021/01/19 07:45:26 Q=5
2026-01-07 16:20:50,322 - INFO - [GINSLIB] processing : 2021/01/19 07:45:27 Q=5
2026-01-07 16:20:50,355 - INFO - [GINSLIB] processing : 2021/01/19 07:45:28 Q=5
2026-01-07 16:20:50,393 - INFO - [GINSLIB] processing : 2021/01/19 07:45:29 Q=5
2026-01-07 16:20:50,428 - INFO - [GINSLIB] processing : 2021/01/19 07:45:30 Q=5
2026-01-07 16:20:50,428 - INFO - [GINSLIB] processing : 2021/01/19 07:45:31 Q=5
2026-01-07 16:20:50,468 - INFO - [GINSLIB] processing : 2021/01/19 07:45:32 Q=5
2026-01-07 16:20:50,500 - INFO - [GINSLIB] processing : 2021/01/19 07:45:33 Q=5
2026-01-07 16:20:50,540 - INFO - [GINSLIB] processing : 2021/01/19 07:45:34 Q=5
2026-01-07 16:20:50,572 - INFO - [GINSLIB] processing : 2021/01/19 07:45:35 Q=5
2026-01-07 16:20:50,610 - INFO - [GINSLIB] processing : 2021/01/19 07:45:36 Q=5
2026-01-07 16:20:50,646 - INFO - [GINSLIB] processing : 2021/01/19 07:45:37 Q=5
2026-01-07 16:20:50,678 - INFO - [GINSLIB] processing : 2021/01/19 07:45:38 Q=5
2026-01-07 16:20:50,717 - INFO - [GINSLIB] processing : 2021/01/19 07:45:39 Q=5
2026-01-07 16:20:50,748 - INFO - [GINSLIB] processing : 2021/01/19 07:45:40 Q=5
2026-01-07 16:20:50,748 - INFO - [GINSLIB] processing : 2021/01/19 07:45:41 Q=5
2026-01-07 16:20:50,786 - INFO - [GINSLIB] processing : 2021/01/19 07:45:42 Q=5
2026-01-07 16:20:50,819 - INFO - [GINSLIB] processing : 2021/01/19 07:45:43 Q=5
2026-01-07 16:20:50,857 - INFO - [GINSLIB] processing : 2021/01/19 07:45:44 Q=5
2026-01-07 16:20:50,887 - INFO - [GINSLIB] processing : 2021/01/19 07:45:45 Q=5
2026-01-07 16:20:50,921 - INFO - [GINSLIB] processing : 2021/01/19 07:45:46 Q=5
2026-01-07 16:20:50,950 - INFO - [GINSLIB] processing : 2021/01/19 07:45:47 Q=5
2026-01-07 16:20:50,985 - INFO - [GINSLIB] processing : 2021/01/19 07:45:48 Q=5
2026-01-07 16:20:51,012 - INFO - [GINSLIB] processing : 2021/01/19 07:45:49 Q=5
2026-01-07 16:20:51,048 - INFO - [GINSLIB] processing : 2021/01/19 07:45:50 Q=5
2026-01-07 16:20:51,079 - INFO - [GINSLIB] processing : 2021/01/19 07:45:51 Q=5
2026-01-07 16:20:51,079 - INFO - [GINSLIB] processing : 2021/01/19 07:45:52 Q=5
2026-01-07 16:20:51,113 - INFO - [GINSLIB] processing : 2021/01/19 07:45:53 Q=5
2026-01-07 16:20:51,147 - INFO - [GINSLIB] processing : 2021/01/19 07:45:54 Q=5
2026-01-07 16:20:51,175 - INFO - [GINSLIB] processing : 2021/01/19 07:45:55 Q=5
2026-01-07 16:20:51,209 - INFO - [GINSLIB] processing : 2021/01/19 07:45:56 Q=5
2026-01-07 16:20:51,239 - INFO - [GINSLIB] processing : 2021/01/19 07:45:57 Q=5
2026-01-07 16:20:51,274 - INFO - [GINSLIB] processing : 2021/01/19 07:45:58 Q=5
2026-01-07 16:20:51,304 - INFO - [GINSLIB] processing : 2021/01/19 07:45:59 Q=5
2026-01-07 16:20:51,338 - INFO - [GINSLIB] processing : 2021/01/19 07:46:00 Q=5
2026-01-07 16:20:51,367 - INFO - [GINSLIB] processing : 2021/01/19 07:46:01 Q=5
2026-01-07 16:20:51,367 - INFO - [GINSLIB] processing : 2021/01/19 07:46:02 Q=5
2026-01-07 16:20:51,400 - INFO - [GINSLIB] processing : 2021/01/19 07:46:03 Q=5
2026-01-07 16:20:51,429 - INFO - [GINSLIB] processing : 2021/01/19 07:46:04 Q=5
2026-01-07 16:20:51,462 - INFO - [GINSLIB] processing : 2021/01/19 07:46:05 Q=5
2026-01-07 16:20:51,490 - INFO - [GINSLIB] processing : 2021/01/19 07:46:06 Q=5
2026-01-07 16:20:51,524 - INFO - [GINSLIB] processing : 2021/01/19 07:46:07 Q=5
2026-01-07 16:20:51,552 - INFO - [GINSLIB] processing : 2021/01/19 07:46:08 Q=5
2026-01-07 16:20:51,585 - INFO - [GINSLIB] processing : 2021/01/19 07:46:09 Q=5
2026-01-07 16:20:51,618 - INFO - [GINSLIB] processing : 2021/01/19 07:46:10 Q=5
2026-01-07 16:20:51,647 - INFO - [GINSLIB] processing : 2021/01/19 07:46:11 Q=5
2026-01-07 16:20:51,647 - INFO - [GINSLIB] processing : 2021/01/19 07:46:12 Q=5
2026-01-07 16:20:51,683 - INFO - [GINSLIB] processing : 2021/01/19 07:46:13 Q=5
2026-01-07 16:20:51,713 - INFO - [GINSLIB] processing : 2021/01/19 07:46:14 Q=5
2026-01-07 16:20:51,747 - INFO - [GINSLIB] processing : 2021/01/19 07:46:15 Q=5
2026-01-07 16:20:51,777 - INFO - [GINSLIB] processing : 2021/01/19 07:46:16 Q=5
2026-01-07 16:20:51,813 - INFO - [GINSLIB] processing : 2021/01/19 07:46:17 Q=5
2026-01-07 16:20:51,843 - INFO - [GINSLIB] processing : 2021/01/19 07:46:18 Q=5
2026-01-07 16:20:51,877 - INFO - [GINSLIB] processing : 2021/01/19 07:46:19 Q=5
2026-01-07 16:20:51,906 - INFO - [GINSLIB] processing : 2021/01/19 07:46:20 Q=5
2026-01-07 16:20:51,940 - INFO - [GINSLIB] processing : 2021/01/19 07:46:21 Q=5
2026-01-07 16:20:51,970 - INFO - [GINSLIB] processing : 2021/01/19 07:46:22 Q=5
2026-01-07 16:20:51,971 - INFO - [GINSLIB] processing : 2021/01/19 07:46:23 Q=5
2026-01-07 16:20:52,006 - INFO - [GINSLIB] processing : 2021/01/19 07:46:24 Q=5
2026-01-07 16:20:52,040 - INFO - [GINSLIB] processing : 2021/01/19 07:46:25 Q=5
2026-01-07 16:20:52,069 - INFO - [GINSLIB] processing : 2021/01/19 07:46:26 Q=5
2026-01-07 16:20:52,103 - INFO - [GINSLIB] processing : 2021/01/19 07:46:27 Q=5
2026-01-07 16:20:52,132 - INFO - [GINSLIB] processing : 2021/01/19 07:46:28 Q=5
2026-01-07 16:20:52,168 - INFO - [GINSLIB] processing : 2021/01/19 07:46:29 Q=5
2026-01-07 16:20:52,197 - INFO - [GINSLIB] processing : 2021/01/19 07:46:30 Q=5
2026-01-07 16:20:52,233 - INFO - [GINSLIB] processing : 2021/01/19 07:46:31 Q=5
2026-01-07 16:20:52,262 - INFO - [GINSLIB] processing : 2021/01/19 07:46:32 Q=5
2026-01-07 16:20:52,262 - INFO - [GINSLIB] processing : 2021/01/19 07:46:33 Q=5
2026-01-07 16:20:52,298 - INFO - [GINSLIB] processing : 2021/01/19 07:46:34 Q=5
2026-01-07 16:20:52,328 - INFO - [GINSLIB] processing : 2021/01/19 07:46:35 Q=5
2026-01-07 16:20:52,363 - INFO - [GINSLIB] processing : 2021/01/19 07:46:36 Q=5
2026-01-07 16:20:52,393 - INFO - [GINSLIB] processing : 2021/01/19 07:46:37 Q=5
2026-01-07 16:20:52,427 - INFO - [GINSLIB] processing : 2021/01/19 07:46:38 Q=5
2026-01-07 16:20:52,456 - INFO - [GINSLIB] processing : 2021/01/19 07:46:39 Q=5
2026-01-07 16:20:52,493 - INFO - [GINSLIB] processing : 2021/01/19 07:46:40 Q=5
2026-01-07 16:20:52,530 - INFO - [GINSLIB] processing : 2021/01/19 07:46:41 Q=5
2026-01-07 16:20:52,562 - INFO - [GINSLIB] processing : 2021/01/19 07:46:42 Q=5
2026-01-07 16:20:52,562 - INFO - [GINSLIB] processing : 2021/01/19 07:46:43 Q=5
2026-01-07 16:20:52,597 - INFO - [GINSLIB] processing : 2021/01/19 07:46:44 Q=5
2026-01-07 16:20:52,627 - INFO - [GINSLIB] processing : 2021/01/19 07:46:45 Q=5
2026-01-07 16:20:52,661 - INFO - [GINSLIB] processing : 2021/01/19 07:46:46 Q=5
2026-01-07 16:20:52,695 - INFO - [GINSLIB] processing : 2021/01/19 07:46:47 Q=5
2026-01-07 16:20:52,737 - INFO - [GINSLIB] processing : 2021/01/19 07:46:48 Q=5
2026-01-07 16:20:52,771 - INFO - [GINSLIB] processing : 2021/01/19 07:46:49 Q=5
2026-01-07 16:20:52,810 - INFO - [GINSLIB] processing : 2021/01/19 07:46:50 Q=5
2026-01-07 16:20:52,845 - INFO - [GINSLIB] processing : 2021/01/19 07:46:51 Q=5
2026-01-07 16:20:52,884 - INFO - [GINSLIB] processing : 2021/01/19 07:46:52 Q=5
2026-01-07 16:20:52,915 - INFO - [GINSLIB] processing : 2021/01/19 07:46:53 Q=5
2026-01-07 16:20:52,915 - INFO - [GINSLIB] processing : 2021/01/19 07:46:54 Q=5
2026-01-07 16:20:52,953 - INFO - [GINSLIB] processing : 2021/01/19 07:46:55 Q=5
2026-01-07 16:20:52,984 - INFO - [GINSLIB] processing : 2021/01/19 07:46:56 Q=5
2026-01-07 16:20:53,023 - INFO - [GINSLIB] processing : 2021/01/19 07:46:57 Q=5
2026-01-07 16:20:53,061 - INFO - [GINSLIB] processing : 2021/01/19 07:46:58 Q=5
2026-01-07 16:20:53,092 - INFO - [GINSLIB] processing : 2021/01/19 07:46:59 Q=5
2026-01-07 16:20:53,127 - INFO - [GINSLIB] processing : 2021/01/19 07:47:00 Q=5
2026-01-07 16:20:53,156 - INFO - [GINSLIB] processing : 2021/01/19 07:47:01 Q=5
2026-01-07 16:20:53,189 - INFO - [GINSLIB] processing : 2021/01/19 07:47:02 Q=5
2026-01-07 16:20:53,217 - INFO - [GINSLIB] processing : 2021/01/19 07:47:03 Q=5
2026-01-07 16:20:53,217 - INFO - [GINSLIB] processing : 2021/01/19 07:47:04 Q=5
2026-01-07 16:20:53,250 - INFO - [GINSLIB] processing : 2021/01/19 07:47:05 Q=5
2026-01-07 16:20:53,278 - INFO - [GINSLIB] processing : 2021/01/19 07:47:06 Q=5
2026-01-07 16:20:53,313 - INFO - [GINSLIB] processing : 2021/01/19 07:47:07 Q=5
2026-01-07 16:20:53,341 - INFO - [GINSLIB] processing : 2021/01/19 07:47:08 Q=5
2026-01-07 16:20:53,374 - INFO - [GINSLIB] processing : 2021/01/19 07:47:09 Q=5
2026-01-07 16:20:53,404 - INFO - [GINSLIB] processing : 2021/01/19 07:47:10 Q=5
2026-01-07 16:20:53,439 - INFO - [GINSLIB] processing : 2021/01/19 07:47:11 Q=5
2026-01-07 16:20:53,476 - INFO - [GINSLIB] processing : 2021/01/19 07:47:12 Q=5
2026-01-07 16:20:53,506 - INFO - [GINSLIB] processing : 2021/01/19 07:47:13 Q=5
2026-01-07 16:20:53,506 - INFO - [GINSLIB] processing : 2021/01/19 07:47:14 Q=5
2026-01-07 16:20:53,541 - INFO - [GINSLIB] processing : 2021/01/19 07:47:15 Q=5
2026-01-07 16:20:53,571 - INFO - [GINSLIB] processing : 2021/01/19 07:47:16 Q=5
2026-01-07 16:20:53,606 - INFO - [GINSLIB] processing : 2021/01/19 07:47:17 Q=5
2026-01-07 16:20:53,633 - INFO - [GINSLIB] processing : 2021/01/19 07:47:18 Q=5
2026-01-07 16:20:53,669 - INFO - [GINSLIB] processing : 2021/01/19 07:47:19 Q=5
2026-01-07 16:20:53,700 - INFO - [GINSLIB] processing : 2021/01/19 07:47:20 Q=5
2026-01-07 16:20:53,737 - INFO - [GINSLIB] processing : 2021/01/19 07:47:21 Q=5
2026-01-07 16:20:53,765 - INFO - [GINSLIB] processing : 2021/01/19 07:47:22 Q=5
2026-01-07 16:20:53,801 - INFO - [GINSLIB] processing : 2021/01/19 07:47:23 Q=5
2026-01-07 16:20:53,829 - INFO - [GINSLIB] processing : 2021/01/19 07:47:24 Q=5
2026-01-07 16:20:53,830 - INFO - [GINSLIB] processing : 2021/01/19 07:47:25 Q=5
2026-01-07 16:20:53,863 - INFO - [GINSLIB] processing : 2021/01/19 07:47:26 Q=5
2026-01-07 16:20:53,890 - INFO - [GINSLIB] processing : 2021/01/19 07:47:27 Q=5
2026-01-07 16:20:53,925 - INFO - [GINSLIB] processing : 2021/01/19 07:47:28 Q=5
2026-01-07 16:20:53,960 - INFO - [GINSLIB] processing : 2021/01/19 07:47:29 Q=5
2026-01-07 16:20:53,988 - INFO - [GINSLIB] processing : 2021/01/19 07:47:30 Q=5
2026-01-07 16:20:54,021 - INFO - [GINSLIB] processing : 2021/01/19 07:47:31 Q=5
2026-01-07 16:20:54,050 - INFO - [GINSLIB] processing : 2021/01/19 07:47:32 Q=5
2026-01-07 16:20:54,085 - INFO - [GINSLIB] processing : 2021/01/19 07:47:33 Q=5
2026-01-07 16:20:54,112 - INFO - [GINSLIB] processing : 2021/01/19 07:47:34 Q=5
2026-01-07 16:20:54,112 - INFO - [GINSLIB] processing : 2021/01/19 07:47:35 Q=5
2026-01-07 16:20:54,146 - INFO - [GINSLIB] processing : 2021/01/19 07:47:36 Q=5
2026-01-07 16:20:54,174 - INFO - [GINSLIB] processing : 2021/01/19 07:47:37 Q=5
2026-01-07 16:20:54,208 - INFO - [GINSLIB] processing : 2021/01/19 07:47:38 Q=5
2026-01-07 16:20:54,238 - INFO - [GINSLIB] processing : 2021/01/19 07:47:39 Q=5
2026-01-07 16:20:54,273 - INFO - [GINSLIB] processing : 2021/01/19 07:47:40 Q=5
2026-01-07 16:20:54,303 - INFO - [GINSLIB] processing : 2021/01/19 07:47:41 Q=5
2026-01-07 16:20:54,338 - INFO - [GINSLIB] processing : 2021/01/19 07:47:42 Q=5
2026-01-07 16:20:54,372 - INFO - [GINSLIB] processing : 2021/01/19 07:47:43 Q=5
2026-01-07 16:20:54,402 - INFO - [GINSLIB] processing : 2021/01/19 07:47:44 Q=5
2026-01-07 16:20:54,437 - INFO - [GINSLIB] processing : 2021/01/19 07:47:45 Q=5
2026-01-07 16:20:54,437 - INFO - [GINSLIB] processing : 2021/01/19 07:47:46 Q=5
2026-01-07 16:20:54,466 - INFO - [GINSLIB] processing : 2021/01/19 07:47:47 Q=5
2026-01-07 16:20:54,504 - INFO - [GINSLIB] processing : 2021/01/19 07:47:48 Q=5
2026-01-07 16:20:54,534 - INFO - [GINSLIB] processing : 2021/01/19 07:47:49 Q=5
2026-01-07 16:20:54,570 - INFO - [GINSLIB] processing : 2021/01/19 07:47:50 Q=5
2026-01-07 16:20:54,599 - INFO - [GINSLIB] processing : 2021/01/19 07:47:51 Q=5
2026-01-07 16:20:54,632 - INFO - [GINSLIB] processing : 2021/01/19 07:47:52 Q=5
2026-01-07 16:20:54,659 - INFO - [GINSLIB] processing : 2021/01/19 07:47:53 Q=5
2026-01-07 16:20:54,694 - INFO - [GINSLIB] processing : 2021/01/19 07:47:54 Q=5
2026-01-07 16:20:54,724 - INFO - [GINSLIB] processing : 2021/01/19 07:47:55 Q=5
2026-01-07 16:20:54,724 - INFO - [GINSLIB] processing : 2021/01/19 07:47:56 Q=5
2026-01-07 16:20:54,759 - INFO - [GINSLIB] processing : 2021/01/19 07:47:57 Q=5
2026-01-07 16:20:54,788 - INFO - [GINSLIB] processing : 2021/01/19 07:47:58 Q=5
2026-01-07 16:20:54,823 - INFO - [GINSLIB] processing : 2021/01/19 07:47:59 Q=5
2026-01-07 16:20:54,851 - INFO - [GINSLIB] processing : 2021/01/19 07:48:00 Q=5
2026-01-07 16:20:54,885 - INFO - [GINSLIB] processing : 2021/01/19 07:48:01 Q=5
2026-01-07 16:20:54,917 - INFO - [GINSLIB] processing : 2021/01/19 07:48:02 Q=5
2026-01-07 16:20:54,945 - INFO - [GINSLIB] processing : 2021/01/19 07:48:03 Q=5
2026-01-07 16:20:54,980 - INFO - [GINSLIB] processing : 2021/01/19 07:48:04 Q=5
2026-01-07 16:20:55,008 - INFO - [GINSLIB] processing : 2021/01/19 07:48:05 Q=5
2026-01-07 16:20:55,009 - INFO - [GINSLIB] processing : 2021/01/19 07:48:06 Q=5
2026-01-07 16:20:55,042 - INFO - [GINSLIB] processing : 2021/01/19 07:48:07 Q=5
2026-01-07 16:20:55,071 - INFO - [GINSLIB] processing : 2021/01/19 07:48:08 Q=5
2026-01-07 16:20:55,104 - INFO - [GINSLIB] processing : 2021/01/19 07:48:09 Q=5
2026-01-07 16:20:55,133 - INFO - [GINSLIB] processing : 2021/01/19 07:48:10 Q=5
2026-01-07 16:20:55,168 - INFO - [GINSLIB] processing : 2021/01/19 07:48:11 Q=5
2026-01-07 16:20:55,198 - INFO - [GINSLIB] processing : 2021/01/19 07:48:12 Q=5
2026-01-07 16:20:55,235 - INFO - [GINSLIB] processing : 2021/01/19 07:48:13 Q=5
2026-01-07 16:20:55,264 - INFO - [GINSLIB] processing : 2021/01/19 07:48:14 Q=5
2026-01-07 16:20:55,300 - INFO - [GINSLIB] processing : 2021/01/19 07:48:15 Q=5
2026-01-07 16:20:55,338 - INFO - [GINSLIB] processing : 2021/01/19 07:48:16 Q=5
2026-01-07 16:20:55,338 - INFO - [GINSLIB] processing : 2021/01/19 07:48:17 Q=5
2026-01-07 16:20:55,367 - INFO - [GINSLIB] processing : 2021/01/19 07:48:18 Q=5
2026-01-07 16:20:55,403 - INFO - [GINSLIB] processing : 2021/01/19 07:48:19 Q=5
2026-01-07 16:20:55,431 - INFO - [GINSLIB] processing : 2021/01/19 07:48:20 Q=5
2026-01-07 16:20:55,463 - INFO - [GINSLIB] processing : 2021/01/19 07:48:21 Q=5
2026-01-07 16:20:55,492 - INFO - [GINSLIB] processing : 2021/01/19 07:48:22 Q=5
2026-01-07 16:20:55,524 - INFO - [GINSLIB] processing : 2021/01/19 07:48:23 Q=5
2026-01-07 16:20:55,551 - INFO - [GINSLIB] processing : 2021/01/19 07:48:24 Q=5
2026-01-07 16:20:55,583 - INFO - [GINSLIB] processing : 2021/01/19 07:48:25 Q=5
2026-01-07 16:20:55,610 - INFO - [GINSLIB] processing : 2021/01/19 07:48:26 Q=5
2026-01-07 16:20:55,611 - INFO - [GINSLIB] processing : 2021/01/19 07:48:27 Q=5
2026-01-07 16:20:55,642 - INFO - [GINSLIB] processing : 2021/01/19 07:48:28 Q=5
2026-01-07 16:20:55,670 - INFO - [GINSLIB] processing : 2021/01/19 07:48:29 Q=5
2026-01-07 16:20:55,703 - INFO - [GINSLIB] processing : 2021/01/19 07:48:30 Q=5
2026-01-07 16:20:55,730 - INFO - [GINSLIB] processing : 2021/01/19 07:48:31 Q=5
2026-01-07 16:20:55,763 - INFO - [GINSLIB] processing : 2021/01/19 07:48:32 Q=5
2026-01-07 16:20:55,796 - INFO - [GINSLIB] processing : 2021/01/19 07:48:33 Q=5
2026-01-07 16:20:55,824 - INFO - [GINSLIB] processing : 2021/01/19 07:48:34 Q=5
2026-01-07 16:20:55,857 - INFO - [GINSLIB] processing : 2021/01/19 07:48:35 Q=5
2026-01-07 16:20:55,885 - INFO - [GINSLIB] processing : 2021/01/19 07:48:36 Q=5
2026-01-07 16:20:55,885 - INFO - [GINSLIB] processing : 2021/01/19 07:48:37 Q=5
2026-01-07 16:20:55,918 - INFO - [GINSLIB] processing : 2021/01/19 07:48:38 Q=5
2026-01-07 16:20:55,946 - INFO - [GINSLIB] processing : 2021/01/19 07:48:39 Q=5
2026-01-07 16:20:55,980 - INFO - [GINSLIB] processing : 2021/01/19 07:48:40 Q=5
2026-01-07 16:20:56,007 - INFO - [GINSLIB] processing : 2021/01/19 07:48:41 Q=5
2026-01-07 16:20:56,042 - INFO - [GINSLIB] processing : 2021/01/19 07:48:42 Q=5
2026-01-07 16:20:56,071 - INFO - [GINSLIB] processing : 2021/01/19 07:48:43 Q=5
2026-01-07 16:20:56,104 - INFO - [GINSLIB] processing : 2021/01/19 07:48:44 Q=5
2026-01-07 16:20:56,131 - INFO - [GINSLIB] processing : 2021/01/19 07:48:45 Q=5
2026-01-07 16:20:56,163 - INFO - [GINSLIB] processing : 2021/01/19 07:48:46 Q=5
2026-01-07 16:20:56,190 - INFO - [GINSLIB] processing : 2021/01/19 07:48:47 Q=5
2026-01-07 16:20:56,190 - INFO - [GINSLIB] processing : 2021/01/19 07:48:48 Q=5
2026-01-07 16:20:56,223 - INFO - [GINSLIB] processing : 2021/01/19 07:48:49 Q=5
2026-01-07 16:20:56,256 - INFO - [GINSLIB] processing : 2021/01/19 07:48:50 Q=5
2026-01-07 16:20:56,282 - INFO - [GINSLIB] processing : 2021/01/19 07:48:51 Q=5
2026-01-07 16:20:56,318 - INFO - [GINSLIB] processing : 2021/01/19 07:48:52 Q=5
2026-01-07 16:20:56,346 - INFO - [GINSLIB] processing : 2021/01/19 07:48:53 Q=5
2026-01-07 16:20:56,379 - INFO - [GINSLIB] processing : 2021/01/19 07:48:54 Q=5
2026-01-07 16:20:56,408 - INFO - [GINSLIB] processing : 2021/01/19 07:48:55 Q=5
2026-01-07 16:20:56,443 - INFO - [GINSLIB] processing : 2021/01/19 07:48:56 Q=5
2026-01-07 16:20:56,473 - INFO - [GINSLIB] processing : 2021/01/19 07:48:57 Q=5
2026-01-07 16:20:56,473 - INFO - [GINSLIB] processing : 2021/01/19 07:48:58 Q=5
2026-01-07 16:20:56,508 - INFO - [GINSLIB] processing : 2021/01/19 07:48:59 Q=5
2026-01-07 16:20:56,538 - INFO - [GINSLIB] processing : 2021/01/19 07:49:00 Q=5
2026-01-07 16:20:56,573 - INFO - [GINSLIB] processing : 2021/01/19 07:49:01 Q=5
2026-01-07 16:20:56,601 - INFO - [GINSLIB] processing : 2021/01/19 07:49:02 Q=5
2026-01-07 16:20:56,633 - INFO - [GINSLIB] processing : 2021/01/19 07:49:03 Q=5
2026-01-07 16:20:56,665 - INFO - [GINSLIB] processing : 2021/01/19 07:49:04 Q=5
2026-01-07 16:20:56,692 - INFO - [GINSLIB] processing : 2021/01/19 07:49:05 Q=5
2026-01-07 16:20:56,724 - INFO - [GINSLIB] processing : 2021/01/19 07:49:06 Q=5
2026-01-07 16:20:56,751 - INFO - [GINSLIB] processing : 2021/01/19 07:49:07 Q=5
2026-01-07 16:20:56,751 - INFO - [GINSLIB] processing : 2021/01/19 07:49:08 Q=5
2026-01-07 16:20:56,782 - INFO - [GINSLIB] processing : 2021/01/19 07:49:09 Q=5
2026-01-07 16:20:56,809 - INFO - [GINSLIB] processing : 2021/01/19 07:49:10 Q=5
2026-01-07 16:20:56,843 - INFO - [GINSLIB] processing : 2021/01/19 07:49:11 Q=5
2026-01-07 16:20:56,871 - INFO - [GINSLIB] processing : 2021/01/19 07:49:12 Q=5
2026-01-07 16:20:56,906 - INFO - [GINSLIB] processing : 2021/01/19 07:49:13 Q=5
2026-01-07 16:20:56,937 - INFO - [GINSLIB] processing : 2021/01/19 07:49:14 Q=5
2026-01-07 16:20:56,972 - INFO - [GINSLIB] processing : 2021/01/19 07:49:15 Q=5
2026-01-07 16:20:57,003 - INFO - [GINSLIB] processing : 2021/01/19 07:49:16 Q=5
2026-01-07 16:20:57,039 - INFO - [GINSLIB] processing : 2021/01/19 07:49:17 Q=5
2026-01-07 16:20:57,071 - INFO - [GINSLIB] processing : 2021/01/19 07:49:18 Q=5
2026-01-07 16:20:57,071 - INFO - [GINSLIB] processing : 2021/01/19 07:49:19 Q=5
2026-01-07 16:20:57,106 - INFO - [GINSLIB] processing : 2021/01/19 07:49:20 Q=5
2026-01-07 16:20:57,139 - INFO - [GINSLIB] processing : 2021/01/19 07:49:21 Q=5
2026-01-07 16:20:57,165 - INFO - [GINSLIB] processing : 2021/01/19 07:49:22 Q=5
2026-01-07 16:20:57,198 - INFO - [GINSLIB] processing : 2021/01/19 07:49:23 Q=5
2026-01-07 16:20:57,226 - INFO - [GINSLIB] processing : 2021/01/19 07:49:24 Q=5
2026-01-07 16:20:57,257 - INFO - [GINSLIB] processing : 2021/01/19 07:49:25 Q=5
2026-01-07 16:20:57,285 - INFO - [GINSLIB] processing : 2021/01/19 07:49:26 Q=5
2026-01-07 16:20:57,318 - INFO - [GINSLIB] processing : 2021/01/19 07:49:27 Q=5
2026-01-07 16:20:57,345 - INFO - [GINSLIB] processing : 2021/01/19 07:49:28 Q=5
2026-01-07 16:20:57,346 - INFO - [GINSLIB] processing : 2021/01/19 07:49:29 Q=5
2026-01-07 16:20:57,377 - INFO - [GINSLIB] processing : 2021/01/19 07:49:30 Q=5
2026-01-07 16:20:57,406 - INFO - [GINSLIB] processing : 2021/01/19 07:49:31 Q=5
2026-01-07 16:20:57,441 - INFO - [GINSLIB] processing : 2021/01/19 07:49:32 Q=5
2026-01-07 16:20:57,472 - INFO - [GINSLIB] processing : 2021/01/19 07:49:33 Q=5
2026-01-07 16:20:57,506 - INFO - [GINSLIB] processing : 2021/01/19 07:49:34 Q=5
2026-01-07 16:20:57,541 - INFO - [GINSLIB] processing : 2021/01/19 07:49:35 Q=5
2026-01-07 16:20:57,570 - INFO - [GINSLIB] processing : 2021/01/19 07:49:36 Q=5
2026-01-07 16:20:57,609 - INFO - [GINSLIB] processing : 2021/01/19 07:49:37 Q=5
2026-01-07 16:20:57,639 - INFO - [GINSLIB] processing : 2021/01/19 07:49:38 Q=5
2026-01-07 16:20:57,639 - INFO - [GINSLIB] processing : 2021/01/19 07:49:39 Q=5
2026-01-07 16:20:57,674 - INFO - [GINSLIB] processing : 2021/01/19 07:49:40 Q=5
2026-01-07 16:20:57,704 - INFO - [GINSLIB] processing : 2021/01/19 07:49:41 Q=5
2026-01-07 16:20:57,739 - INFO - [GINSLIB] processing : 2021/01/19 07:49:42 Q=5
2026-01-07 16:20:57,768 - INFO - [GINSLIB] processing : 2021/01/19 07:49:43 Q=5
2026-01-07 16:20:57,804 - INFO - [GINSLIB] processing : 2021/01/19 07:49:44 Q=5
2026-01-07 16:20:57,831 - INFO - [GINSLIB] processing : 2021/01/19 07:49:45 Q=5
2026-01-07 16:20:57,865 - INFO - [GINSLIB] processing : 2021/01/19 07:49:46 Q=5
2026-01-07 16:20:57,893 - INFO - [GINSLIB] processing : 2021/01/19 07:49:47 Q=5
2026-01-07 16:20:57,926 - INFO - [GINSLIB] processing : 2021/01/19 07:49:48 Q=5
2026-01-07 16:20:57,954 - INFO - [GINSLIB] processing : 2021/01/19 07:49:49 Q=5
2026-01-07 16:20:57,954 - INFO - [GINSLIB] processing : 2021/01/19 07:49:50 Q=5
2026-01-07 16:20:57,989 - INFO - [GINSLIB] processing : 2021/01/19 07:49:51 Q=5
2026-01-07 16:20:58,024 - INFO - [GINSLIB] processing : 2021/01/19 07:49:52 Q=5
2026-01-07 16:20:58,053 - INFO - [GINSLIB] processing : 2021/01/19 07:49:53 Q=5
2026-01-07 16:20:58,089 - INFO - [GINSLIB] processing : 2021/01/19 07:49:54 Q=5
2026-01-07 16:20:58,116 - INFO - [GINSLIB] processing : 2021/01/19 07:49:55 Q=5
2026-01-07 16:20:58,152 - INFO - [GINSLIB] processing : 2021/01/19 07:49:56 Q=5
2026-01-07 16:20:58,181 - INFO - [GINSLIB] processing : 2021/01/19 07:49:57 Q=5
2026-01-07 16:20:58,217 - INFO - [GINSLIB] processing : 2021/01/19 07:49:58 Q=5
2026-01-07 16:20:58,246 - INFO - [GINSLIB] processing : 2021/01/19 07:49:59 Q=5
2026-01-07 16:20:58,246 - INFO - [GINSLIB] processing : 2021/01/19 07:50:00 Q=5
2026-01-07 16:20:58,278 - INFO - [GINSLIB] processing : 2021/01/19 07:50:01 Q=5
2026-01-07 16:20:58,307 - INFO - [GINSLIB] processing : 2021/01/19 07:50:02 Q=5
2026-01-07 16:20:58,339 - INFO - [GINSLIB] processing : 2021/01/19 07:50:03 Q=5
2026-01-07 16:20:58,365 - INFO - [GINSLIB] processing : 2021/01/19 07:50:04 Q=5
2026-01-07 16:20:58,399 - INFO - [GINSLIB] processing : 2021/01/19 07:50:05 Q=5
2026-01-07 16:20:58,427 - INFO - [GINSLIB] processing : 2021/01/19 07:50:06 Q=5
2026-01-07 16:20:58,461 - INFO - [GINSLIB] processing : 2021/01/19 07:50:07 Q=5
2026-01-07 16:20:58,495 - INFO - [GINSLIB] processing : 2021/01/19 07:50:08 Q=5
2026-01-07 16:20:58,523 - INFO - [GINSLIB] processing : 2021/01/19 07:50:09 Q=5
2026-01-07 16:20:58,523 - INFO - [GINSLIB] processing : 2021/01/19 07:50:10 Q=5
2026-01-07 16:20:58,558 - INFO - [GINSLIB] processing : 2021/01/19 07:50:11 Q=5
2026-01-07 16:20:58,586 - INFO - [GINSLIB] processing : 2021/01/19 07:50:12 Q=5
2026-01-07 16:20:58,620 - INFO - [GINSLIB] processing : 2021/01/19 07:50:13 Q=5
2026-01-07 16:20:58,647 - INFO - [GINSLIB] processing : 2021/01/19 07:50:14 Q=5
2026-01-07 16:20:58,681 - INFO - [GINSLIB] processing : 2021/01/19 07:50:15 Q=5
2026-01-07 16:20:58,710 - INFO - [GINSLIB] processing : 2021/01/19 07:50:16 Q=5
2026-01-07 16:20:58,745 - INFO - [GINSLIB] processing : 2021/01/19 07:50:17 Q=5
2026-01-07 16:20:58,774 - INFO - [GINSLIB] processing : 2021/01/19 07:50:18 Q=5
2026-01-07 16:20:58,808 - INFO - [GINSLIB] processing : 2021/01/19 07:50:19 Q=5
2026-01-07 16:20:58,835 - INFO - [GINSLIB] processing : 2021/01/19 07:50:20 Q=5
2026-01-07 16:20:58,836 - INFO - [GINSLIB] processing : 2021/01/19 07:50:21 Q=5
2026-01-07 16:20:58,870 - INFO - [GINSLIB] processing : 2021/01/19 07:50:22 Q=5
2026-01-07 16:20:58,904 - INFO - [GINSLIB] processing : 2021/01/19 07:50:23 Q=5
2026-01-07 16:20:58,932 - INFO - [GINSLIB] processing : 2021/01/19 07:50:24 Q=5
2026-01-07 16:20:58,968 - INFO - [GINSLIB] processing : 2021/01/19 07:50:25 Q=5
2026-01-07 16:20:58,996 - INFO - [GINSLIB] processing : 2021/01/19 07:50:26 Q=5
2026-01-07 16:20:59,030 - INFO - [GINSLIB] processing : 2021/01/19 07:50:27 Q=5
2026-01-07 16:20:59,059 - INFO - [GINSLIB] processing : 2021/01/19 07:50:28 Q=5
2026-01-07 16:20:59,093 - INFO - [GINSLIB] processing : 2021/01/19 07:50:29 Q=5
2026-01-07 16:20:59,121 - INFO - [GINSLIB] processing : 2021/01/19 07:50:30 Q=5
2026-01-07 16:20:59,121 - INFO - [GINSLIB] processing : 2021/01/19 07:50:31 Q=5
2026-01-07 16:20:59,153 - INFO - [GINSLIB] processing : 2021/01/19 07:50:32 Q=5
2026-01-07 16:20:59,179 - INFO - [GINSLIB] Total processing time of program: 42.437000 sec!
2026-01-07 16:20:59,223 - INFO - ✓ HGI300_Uav_open_20210119 SPP LC 执行成功
2026-01-07 16:20:59,223 - INFO - 开始误差分析
2026-01-07 16:20:59,223 - INFO - - 结果文件: G:\Navigation_Learn\GNSS\RTKLIB-b34k\data\GNSS_INS\HGI300_Uav_open_20210119\result\HGI300_Uav_open_20210119_SPP_F_LC.pos
2026-01-07 16:20:59,223 - INFO - - 参考文件: G:\Navigation_Learn\GNSS\RTKLIB-b34k\data\GNSS_INS\HGI300_Uav_open_20210119\truth.truth
2026-01-07 16:20:59,223 - INFO - ============================================================
2026-01-07 16:20:59,224 - INFO - 开始处理: HGI300_Uav_open_20210119
2026-01-07 16:20:59,224 - INFO - 处理模式: SPP LC
2026-01-07 16:20:59,224 - INFO - ============================================================
2026-01-07 16:20:59,224 - INFO - GNSS/INS模式，绘制IMU零偏和位置、速度、姿态误差
2026-01-07 16:20:59,261 - INFO - ✓ 结果文件数据读取成功 G:\Navigation_Learn\GNSS\RTKLIB-b34k\data\GNSS_INS\HGI300_Uav_open_20210119\result\HGI300_Uav_open_20210119_SPP_F_LC.pos
2026-01-07 16:20:59,267 - INFO - ✓ 参考文件数据读取成功 G:\Navigation_Learn\GNSS\RTKLIB-b34k\data\GNSS_INS\HGI300_Uav_open_20210119\truth.truth
2026-01-07 16:20:59,267 - INFO - 绘制IMU零偏图...
2026-01-07 16:21:00,121 - INFO - 位置误差RMS: E=0.5387m, N=1.4435m, U=2.8611m, 3D=3.2496m
2026-01-07 16:21:00,122 - INFO - 速度误差RMS: E=0.0734m/s, N=0.0901m/s, U=0.0371m/s, 3D=0.1220m/s
2026-01-07 16:21:00,122 - INFO - 姿态误差RMS: Pitch=0.0517°, Roll=0.0599°, Yaw=4.7330°
2026-01-07 16:21:00,355 - INFO - ✓ 保存图像: G:\Navigation_Learn\GNSS\RTKLIB-b34k\batch_process\figure\HGI300_Uav_open_20210119\HGI300_Uav_open_20210119_SPP_F_LC_bg.png
2026-01-07 16:21:00,606 - INFO - ✓ 保存图像: G:\Navigation_Learn\GNSS\RTKLIB-b34k\batch_process\figure\HGI300_Uav_open_20210119\HGI300_Uav_open_20210119_SPP_F_LC_ba.png
2026-01-07 16:21:00,873 - INFO - ✓ 保存图像: G:\Navigation_Learn\GNSS\RTKLIB-b34k\batch_process\figure\HGI300_Uav_open_20210119\HGI300_Uav_open_20210119_SPP_F_LC_pos.png
2026-01-07 16:21:01,126 - INFO - ✓ 保存图像: G:\Navigation_Learn\GNSS\RTKLIB-b34k\batch_process\figure\HGI300_Uav_open_20210119\HGI300_Uav_open_20210119_SPP_F_LC_vel.png
2026-01-07 16:21:01,398 - INFO - ✓ 保存图像: G:\Navigation_Learn\GNSS\RTKLIB-b34k\batch_process\figure\HGI300_Uav_open_20210119\HGI300_Uav_open_20210119_SPP_F_LC_att.png
2026-01-07 16:21:01,406 - INFO - ✓ 所有图像已保存到 G:\Navigation_Learn\GNSS\RTKLIB-b34k\batch_process\figure\HGI300_Uav_open_20210119
2026-01-07 16:21:01,406 - INFO - ✓ 误差分析完成: HGI300_Uav_open_20210119_SPP_F_LC.pos
2026-01-07 16:21:01,738 - INFO - ✓ 误差统计结果保存到Excel文件: G:\Navigation_Learn\GNSS\RTKLIB-b34k\batch_process\excel\error_stats_SPP LC_20260107_162101.xlsx
2026-01-07 16:21:01,738 - INFO - 41 个批处理任务结束。
2026-01-07 16:21:01,738 - INFO - 总共耗费时间: 60.36 秒 (1.01 分钟)
2026-01-07 16:21:01,738 - INFO - 日志文件保存路径: G:\Navigation_Learn\GNSS\RTKLIB-b34k\batch_process\log\batch_process_20260107_162001.log
