2026-01-05 20:20:18,194 - INFO - 日志文件保存位置: G:\Navigation_Learn\GNSS\RTKLIB-b34k\batch_process\log\batch_process_20260105_202018.log
2026-01-05 20:20:18,195 - INFO - 批处理任务开始执行
2026-01-05 20:20:18,195 - INFO - 当前工作目录 (Data Root): G:\Navigation_Learn\GNSS\RTKLIB-b34k\data\GNSS_INS
2026-01-05 20:20:18,195 - INFO - 解算程序路径 (EXE Path):  G:\Navigation_Learn\GNSS\RTKLIB-b34k\build\Bin\GINSLIB.exe
2026-01-05 20:20:18,196 - INFO - ------------------------------------------------------------
2026-01-05 20:20:18,196 - INFO - 共 27 个数据任务，开始批处理...
2026-01-05 20:20:18,196 - INFO - 第 2 个任务: EG320N_Vehicle_complex_20250419
2026-01-05 20:20:18,196 - INFO - - 路径: G:\Navigation_Learn\GNSS\RTKLIB-b34k\data\GNSS_INS\EG320N_Vehicle_complex_20250419
2026-01-05 20:20:18,197 - INFO - - 配置: EG320N_Vehicle_complex_20250419.conf
2026-01-05 20:20:21,390 - INFO - [GINSLIB] processing : 2025/04/19 07:20:30 Q=0
2026-01-05 20:20:21,390 - INFO - [GINSLIB] processing : 2025/04/19 07:20:31 Q=0
2026-01-05 20:20:21,390 - INFO - [GINSLIB] processing : 2025/04/19 07:20:32 Q=0
2026-01-05 20:20:21,390 - INFO - [GINSLIB] processing : 2025/04/19 07:20:33 Q=0
2026-01-05 20:20:21,391 - INFO - [GINSLIB] processing : 2025/04/19 07:20:34 Q=0
2026-01-05 20:20:21,391 - INFO - [GINSLIB] processing : 2025/04/19 07:20:35 Q=0
2026-01-05 20:20:21,391 - INFO - [GINSLIB] processing : 2025/04/19 07:20:36 Q=0
2026-01-05 20:20:21,391 - INFO - [GINSLIB] processing : 2025/04/19 07:20:37 Q=0
2026-01-05 20:20:21,391 - INFO - [GINSLIB] processing : 2025/04/19 07:20:38 Q=0
2026-01-05 20:20:21,391 - INFO - [GINSLIB] processing : 2025/04/19 07:20:39 Q=0
2026-01-05 20:20:21,392 - INFO - [GINSLIB] processing : 2025/04/19 07:20:40 Q=0
2026-01-05 20:20:21,392 - INFO - [GINSLIB] processing : 2025/04/19 07:20:41 Q=5
2026-01-05 20:20:21,392 - INFO - [GINSLIB] processing : 2025/04/19 07:20:42 Q=5
2026-01-05 20:20:21,392 - INFO - [GINSLIB] processing : 2025/04/19 07:20:43 Q=5
2026-01-05 20:20:21,392 - INFO - [GINSLIB] processing : 2025/04/19 07:20:44 Q=5
2026-01-05 20:20:21,392 - INFO - [GINSLIB] processing : 2025/04/19 07:20:45 Q=5
2026-01-05 20:20:21,393 - INFO - [GINSLIB] processing : 2025/04/19 07:20:46 Q=5
2026-01-05 20:20:21,393 - INFO - [GINSLIB] processing : 2025/04/19 07:20:47 Q=5
2026-01-05 20:20:21,393 - INFO - [GINSLIB] processing : 2025/04/19 07:20:48 Q=5
2026-01-05 20:20:21,393 - INFO - [GINSLIB] processing : 2025/04/19 07:20:49 Q=5
2026-01-05 20:20:21,393 - INFO - [GINSLIB] processing : 2025/04/19 07:20:50 Q=5
2026-01-05 20:20:21,393 - INFO - [GINSLIB] processing : 2025/04/19 07:20:51 Q=5
2026-01-05 20:20:21,393 - INFO - [GINSLIB] processing : 2025/04/19 07:20:52 Q=5
2026-01-05 20:20:21,393 - INFO - [GINSLIB] processing : 2025/04/19 07:20:53 Q=5
2026-01-05 20:20:21,393 - INFO - [GINSLIB] processing : 2025/04/19 07:20:54 Q=5
2026-01-05 20:20:21,393 - INFO - [GINSLIB] processing : 2025/04/19 07:20:55 Q=5
2026-01-05 20:20:21,393 - INFO - [GINSLIB] processing : 2025/04/19 07:20:56 Q=5
2026-01-05 20:20:21,393 - INFO - [GINSLIB] processing : 2025/04/19 07:20:57 Q=5
2026-01-05 20:20:21,393 - INFO - [GINSLIB] processing : 2025/04/19 07:20:58 Q=5
2026-01-05 20:20:21,393 - INFO - [GINSLIB] processing : 2025/04/19 07:20:59 Q=5
2026-01-05 20:20:21,393 - INFO - [GINSLIB] processing : 2025/04/19 07:21:00 Q=5
2026-01-05 20:20:21,394 - INFO - [GINSLIB] processing : 2025/04/19 07:21:01 Q=5
2026-01-05 20:20:21,394 - INFO - [GINSLIB] processing : 2025/04/19 07:21:02 Q=5
2026-01-05 20:20:21,394 - INFO - [GINSLIB] processing : 2025/04/19 07:21:03 Q=5
2026-01-05 20:20:21,394 - INFO - [GINSLIB] processing : 2025/04/19 07:21:04 Q=5
2026-01-05 20:20:21,394 - INFO - [GINSLIB] processing : 2025/04/19 07:21:05 Q=5
2026-01-05 20:20:21,394 - INFO - [GINSLIB] processing : 2025/04/19 07:21:06 Q=5
2026-01-05 20:20:21,394 - INFO - [GINSLIB] processing : 2025/04/19 07:21:07 Q=5
2026-01-05 20:20:21,394 - INFO - [GINSLIB] processing : 2025/04/19 07:21:08 Q=5
2026-01-05 20:20:21,394 - INFO - [GINSLIB] processing : 2025/04/19 07:21:09 Q=5
2026-01-05 20:20:21,394 - INFO - [GINSLIB] processing : 2025/04/19 07:21:10 Q=5
2026-01-05 20:20:21,394 - INFO - [GINSLIB] processing : 2025/04/19 07:21:11 Q=5
2026-01-05 20:20:21,394 - INFO - [GINSLIB] processing : 2025/04/19 07:21:12 Q=5
2026-01-05 20:20:21,394 - INFO - [GINSLIB] processing : 2025/04/19 07:21:13 Q=5
2026-01-05 20:20:21,394 - INFO - [GINSLIB] processing : 2025/04/19 07:21:14 Q=5
2026-01-05 20:20:21,394 - INFO - [GINSLIB] processing : 2025/04/19 07:21:15 Q=5
2026-01-05 20:20:21,395 - INFO - [GINSLIB] processing : 2025/04/19 07:21:16 Q=5
2026-01-05 20:20:21,395 - INFO - [GINSLIB] processing : 2025/04/19 07:21:17 Q=5
2026-01-05 20:20:21,395 - INFO - [GINSLIB] processing : 2025/04/19 07:21:18 Q=5
2026-01-05 20:20:21,395 - INFO - [GINSLIB] processing : 2025/04/19 07:21:19 Q=5
2026-01-05 20:20:21,395 - INFO - [GINSLIB] processing : 2025/04/19 07:21:20 Q=5
2026-01-05 20:20:21,395 - INFO - [GINSLIB] processing : 2025/04/19 07:21:21 Q=5
2026-01-05 20:20:21,395 - INFO - [GINSLIB] processing : 2025/04/19 07:21:22 Q=5
2026-01-05 20:20:21,395 - INFO - [GINSLIB] processing : 2025/04/19 07:21:23 Q=5
2026-01-05 20:20:21,395 - INFO - [GINSLIB] processing : 2025/04/19 07:21:24 Q=5
2026-01-05 20:20:21,395 - INFO - [GINSLIB] processing : 2025/04/19 07:21:25 Q=5
2026-01-05 20:20:21,395 - INFO - [GINSLIB] processing : 2025/04/19 07:21:26 Q=5
2026-01-05 20:20:21,395 - INFO - [GINSLIB] processing : 2025/04/19 07:21:27 Q=5
2026-01-05 20:20:21,395 - INFO - [GINSLIB] processing : 2025/04/19 07:21:28 Q=5
2026-01-05 20:20:21,395 - INFO - [GINSLIB] processing : 2025/04/19 07:21:29 Q=5
2026-01-05 20:20:21,395 - INFO - [GINSLIB] processing : 2025/04/19 07:21:30 Q=5
2026-01-05 20:20:21,395 - INFO - [GINSLIB] processing : 2025/04/19 07:21:31 Q=5
2026-01-05 20:20:21,395 - INFO - [GINSLIB] processing : 2025/04/19 07:21:32 Q=5
2026-01-05 20:20:21,396 - INFO - [GINSLIB] processing : 2025/04/19 07:21:33 Q=5
2026-01-05 20:20:21,396 - INFO - [GINSLIB] processing : 2025/04/19 07:21:34 Q=5
2026-01-05 20:20:21,396 - INFO - [GINSLIB] processing : 2025/04/19 07:21:35 Q=5
2026-01-05 20:20:21,396 - INFO - [GINSLIB] processing : 2025/04/19 07:21:36 Q=5
2026-01-05 20:20:21,396 - INFO - [GINSLIB] processing : 2025/04/19 07:21:37 Q=5
2026-01-05 20:20:21,396 - INFO - [GINSLIB] processing : 2025/04/19 07:21:38 Q=5
2026-01-05 20:20:21,396 - INFO - [GINSLIB] processing : 2025/04/19 07:21:39 Q=5
2026-01-05 20:20:21,396 - INFO - [GINSLIB] processing : 2025/04/19 07:21:40 Q=5
2026-01-05 20:20:21,396 - INFO - [GINSLIB] processing : 2025/04/19 07:21:41 Q=5
2026-01-05 20:20:21,396 - INFO - [GINSLIB] processing : 2025/04/19 07:21:42 Q=5
2026-01-05 20:20:21,396 - INFO - [GINSLIB] processing : 2025/04/19 07:21:43 Q=5
2026-01-05 20:20:21,396 - INFO - [GINSLIB] processing : 2025/04/19 07:21:44 Q=5
2026-01-05 20:20:21,396 - INFO - [GINSLIB] processing : 2025/04/19 07:21:45 Q=5
2026-01-05 20:20:21,396 - INFO - [GINSLIB] processing : 2025/04/19 07:21:46 Q=5
2026-01-05 20:20:21,396 - INFO - [GINSLIB] processing : 2025/04/19 07:21:47 Q=5
2026-01-05 20:20:21,396 - INFO - [GINSLIB] processing : 2025/04/19 07:21:48 Q=5
2026-01-05 20:20:21,397 - INFO - [GINSLIB] processing : 2025/04/19 07:21:49 Q=5
2026-01-05 20:20:21,397 - INFO - [GINSLIB] processing : 2025/04/19 07:21:50 Q=5
2026-01-05 20:20:21,397 - INFO - [GINSLIB] processing : 2025/04/19 07:21:51 Q=5
2026-01-05 20:20:21,397 - INFO - [GINSLIB] processing : 2025/04/19 07:21:52 Q=5
2026-01-05 20:20:21,397 - INFO - [GINSLIB] processing : 2025/04/19 07:21:53 Q=5
2026-01-05 20:20:21,397 - INFO - [GINSLIB] processing : 2025/04/19 07:21:54 Q=5
2026-01-05 20:20:21,397 - INFO - [GINSLIB] processing : 2025/04/19 07:21:55 Q=5
2026-01-05 20:20:21,397 - INFO - [GINSLIB] processing : 2025/04/19 07:21:56 Q=5
2026-01-05 20:20:21,397 - INFO - [GINSLIB] processing : 2025/04/19 07:21:57 Q=5
2026-01-05 20:20:21,397 - INFO - [GINSLIB] processing : 2025/04/19 07:21:58 Q=5
2026-01-05 20:20:21,397 - INFO - [GINSLIB] processing : 2025/04/19 07:21:59 Q=5
2026-01-05 20:20:21,398 - INFO - [GINSLIB] processing : 2025/04/19 07:22:00 Q=5
2026-01-05 20:20:21,398 - INFO - [GINSLIB] processing : 2025/04/19 07:22:01 Q=5
2026-01-05 20:20:21,398 - INFO - [GINSLIB] processing : 2025/04/19 07:22:02 Q=5
2026-01-05 20:20:21,398 - INFO - [GINSLIB] processing : 2025/04/19 07:22:03 Q=5
2026-01-05 20:20:21,398 - INFO - [GINSLIB] processing : 2025/04/19 07:22:04 Q=5
2026-01-05 20:20:21,398 - INFO - [GINSLIB] processing : 2025/04/19 07:22:05 Q=5
2026-01-05 20:20:21,398 - INFO - [GINSLIB] processing : 2025/04/19 07:22:06 Q=5
2026-01-05 20:20:21,398 - INFO - [GINSLIB] processing : 2025/04/19 07:22:07 Q=5
2026-01-05 20:20:21,398 - INFO - [GINSLIB] processing : 2025/04/19 07:22:08 Q=5
2026-01-05 20:20:21,398 - INFO - [GINSLIB] processing : 2025/04/19 07:22:09 Q=5
2026-01-05 20:20:21,398 - INFO - [GINSLIB] processing : 2025/04/19 07:22:10 Q=5
2026-01-05 20:20:21,398 - INFO - [GINSLIB] processing : 2025/04/19 07:22:11 Q=5
2026-01-05 20:20:21,398 - INFO - [GINSLIB] processing : 2025/04/19 07:22:12 Q=5
2026-01-05 20:20:21,399 - INFO - [GINSLIB] processing : 2025/04/19 07:22:13 Q=5
2026-01-05 20:20:21,399 - INFO - [GINSLIB] processing : 2025/04/19 07:22:14 Q=5
2026-01-05 20:20:21,399 - INFO - [GINSLIB] processing : 2025/04/19 07:22:15 Q=5
2026-01-05 20:20:21,399 - INFO - [GINSLIB] processing : 2025/04/19 07:22:16 Q=5
2026-01-05 20:20:21,399 - INFO - [GINSLIB] processing : 2025/04/19 07:22:17 Q=5
2026-01-05 20:20:21,399 - INFO - [GINSLIB] processing : 2025/04/19 07:22:18 Q=5
2026-01-05 20:20:21,399 - INFO - [GINSLIB] processing : 2025/04/19 07:22:19 Q=5
2026-01-05 20:20:21,659 - INFO - [GINSLIB] processing : 2025/04/19 07:22:20 Q=5
2026-01-05 20:20:21,659 - INFO - [GINSLIB] processing : 2025/04/19 07:22:21 Q=5
2026-01-05 20:20:21,659 - INFO - [GINSLIB] processing : 2025/04/19 07:22:22 Q=5
2026-01-05 20:20:21,659 - INFO - [GINSLIB] processing : 2025/04/19 07:22:23 Q=5
2026-01-05 20:20:21,660 - INFO - [GINSLIB] processing : 2025/04/19 07:22:24 Q=5
2026-01-05 20:20:21,660 - INFO - [GINSLIB] processing : 2025/04/19 07:22:25 Q=5
2026-01-05 20:20:21,660 - INFO - [GINSLIB] processing : 2025/04/19 07:22:26 Q=5
2026-01-05 20:20:21,660 - INFO - [GINSLIB] processing : 2025/04/19 07:22:27 Q=5
2026-01-05 20:20:21,660 - INFO - [GINSLIB] processing : 2025/04/19 07:22:28 Q=5
2026-01-05 20:20:21,660 - INFO - [GINSLIB] processing : 2025/04/19 07:22:29 Q=5
2026-01-05 20:20:21,661 - INFO - [GINSLIB] processing : 2025/04/19 07:22:30 Q=5
2026-01-05 20:20:21,661 - INFO - [GINSLIB] processing : 2025/04/19 07:22:31 Q=5
2026-01-05 20:20:21,661 - INFO - [GINSLIB] processing : 2025/04/19 07:22:32 Q=5
2026-01-05 20:20:21,661 - INFO - [GINSLIB] processing : 2025/04/19 07:22:33 Q=5
2026-01-05 20:20:21,661 - INFO - [GINSLIB] processing : 2025/04/19 07:22:34 Q=5
2026-01-05 20:20:21,661 - INFO - [GINSLIB] processing : 2025/04/19 07:22:35 Q=5
2026-01-05 20:20:21,662 - INFO - [GINSLIB] processing : 2025/04/19 07:22:36 Q=5
2026-01-05 20:20:21,662 - INFO - [GINSLIB] processing : 2025/04/19 07:22:37 Q=5
2026-01-05 20:20:21,662 - INFO - [GINSLIB] processing : 2025/04/19 07:22:38 Q=5
2026-01-05 20:20:21,662 - INFO - [GINSLIB] processing : 2025/04/19 07:22:39 Q=5
2026-01-05 20:20:21,662 - INFO - [GINSLIB] processing : 2025/04/19 07:22:40 Q=5
2026-01-05 20:20:21,662 - INFO - [GINSLIB] processing : 2025/04/19 07:22:41 Q=5
2026-01-05 20:20:21,662 - INFO - [GINSLIB] processing : 2025/04/19 07:22:42 Q=5
2026-01-05 20:20:21,662 - INFO - [GINSLIB] processing : 2025/04/19 07:22:43 Q=5
2026-01-05 20:20:21,662 - INFO - [GINSLIB] processing : 2025/04/19 07:22:44 Q=5
2026-01-05 20:20:21,662 - INFO - [GINSLIB] processing : 2025/04/19 07:22:45 Q=5
2026-01-05 20:20:21,662 - INFO - [GINSLIB] processing : 2025/04/19 07:22:46 Q=5
2026-01-05 20:20:21,663 - INFO - [GINSLIB] processing : 2025/04/19 07:22:47 Q=5
2026-01-05 20:20:21,663 - INFO - [GINSLIB] processing : 2025/04/19 07:22:48 Q=5
2026-01-05 20:20:21,663 - INFO - [GINSLIB] processing : 2025/04/19 07:22:49 Q=5
2026-01-05 20:20:21,663 - INFO - [GINSLIB] processing : 2025/04/19 07:22:50 Q=5
2026-01-05 20:20:21,663 - INFO - [GINSLIB] processing : 2025/04/19 07:22:51 Q=5
2026-01-05 20:20:21,663 - INFO - [GINSLIB] processing : 2025/04/19 07:22:52 Q=5
2026-01-05 20:20:21,663 - INFO - [GINSLIB] processing : 2025/04/19 07:22:53 Q=5
2026-01-05 20:20:21,663 - INFO - [GINSLIB] processing : 2025/04/19 07:22:54 Q=5
2026-01-05 20:20:21,663 - INFO - [GINSLIB] processing : 2025/04/19 07:22:55 Q=5
2026-01-05 20:20:21,663 - INFO - [GINSLIB] processing : 2025/04/19 07:22:56 Q=5
2026-01-05 20:20:21,663 - INFO - [GINSLIB] processing : 2025/04/19 07:22:57 Q=5
2026-01-05 20:20:21,663 - INFO - [GINSLIB] processing : 2025/04/19 07:22:58 Q=5
2026-01-05 20:20:21,663 - INFO - [GINSLIB] processing : 2025/04/19 07:22:59 Q=5
2026-01-05 20:20:21,663 - INFO - [GINSLIB] processing : 2025/04/19 07:23:00 Q=5
2026-01-05 20:20:21,663 - INFO - [GINSLIB] processing : 2025/04/19 07:23:01 Q=5
2026-01-05 20:20:21,664 - INFO - [GINSLIB] processing : 2025/04/19 07:23:02 Q=5
2026-01-05 20:20:21,664 - INFO - [GINSLIB] processing : 2025/04/19 07:23:03 Q=5
2026-01-05 20:20:21,664 - INFO - [GINSLIB] processing : 2025/04/19 07:23:04 Q=5
2026-01-05 20:20:21,664 - INFO - [GINSLIB] processing : 2025/04/19 07:23:05 Q=5
2026-01-05 20:20:21,665 - INFO - [GINSLIB] processing : 2025/04/19 07:23:06 Q=5
2026-01-05 20:20:21,665 - INFO - [GINSLIB] processing : 2025/04/19 07:23:07 Q=5
2026-01-05 20:20:21,665 - INFO - [GINSLIB] processing : 2025/04/19 07:23:08 Q=5
2026-01-05 20:20:21,665 - INFO - [GINSLIB] processing : 2025/04/19 07:23:09 Q=5
2026-01-05 20:20:21,665 - INFO - [GINSLIB] processing : 2025/04/19 07:23:10 Q=5
2026-01-05 20:20:21,666 - INFO - [GINSLIB] processing : 2025/04/19 07:23:11 Q=5
2026-01-05 20:20:21,666 - INFO - [GINSLIB] processing : 2025/04/19 07:23:12 Q=5
2026-01-05 20:20:21,666 - INFO - [GINSLIB] processing : 2025/04/19 07:23:13 Q=5
2026-01-05 20:20:21,666 - INFO - [GINSLIB] processing : 2025/04/19 07:23:14 Q=5
2026-01-05 20:20:21,666 - INFO - [GINSLIB] processing : 2025/04/19 07:23:15 Q=5
2026-01-05 20:20:21,667 - INFO - [GINSLIB] processing : 2025/04/19 07:23:16 Q=5
2026-01-05 20:20:21,667 - INFO - [GINSLIB] processing : 2025/04/19 07:23:17 Q=5
2026-01-05 20:20:21,667 - INFO - [GINSLIB] processing : 2025/04/19 07:23:18 Q=5
2026-01-05 20:20:21,667 - INFO - [GINSLIB] processing : 2025/04/19 07:23:19 Q=5
2026-01-05 20:20:21,667 - INFO - [GINSLIB] processing : 2025/04/19 07:23:20 Q=0
2026-01-05 20:20:21,668 - INFO - [GINSLIB] processing : 2025/04/19 07:23:21 Q=5
2026-01-05 20:20:21,668 - INFO - [GINSLIB] processing : 2025/04/19 07:23:22 Q=5
2026-01-05 20:20:21,668 - INFO - [GINSLIB] processing : 2025/04/19 07:23:23 Q=5
2026-01-05 20:20:21,668 - INFO - [GINSLIB] processing : 2025/04/19 07:23:24 Q=5
2026-01-05 20:20:21,668 - INFO - [GINSLIB] processing : 2025/04/19 07:23:25 Q=0
2026-01-05 20:20:21,668 - INFO - [GINSLIB] processing : 2025/04/19 07:23:26 Q=5
2026-01-05 20:20:21,668 - INFO - [GINSLIB] processing : 2025/04/19 07:23:27 Q=5
2026-01-05 20:20:21,668 - INFO - [GINSLIB] processing : 2025/04/19 07:23:28 Q=5
2026-01-05 20:20:21,669 - INFO - [GINSLIB] processing : 2025/04/19 07:23:29 Q=5
2026-01-05 20:20:21,669 - INFO - [GINSLIB] processing : 2025/04/19 07:23:30 Q=5
2026-01-05 20:20:21,669 - INFO - [GINSLIB] processing : 2025/04/19 07:23:31 Q=5
2026-01-05 20:20:21,669 - INFO - [GINSLIB] processing : 2025/04/19 07:23:32 Q=5
2026-01-05 20:20:21,669 - INFO - [GINSLIB] processing : 2025/04/19 07:23:33 Q=5
2026-01-05 20:20:21,669 - INFO - [GINSLIB] processing : 2025/04/19 07:23:34 Q=5
2026-01-05 20:20:21,670 - INFO - [GINSLIB] processing : 2025/04/19 07:23:35 Q=5
2026-01-05 20:20:21,670 - INFO - [GINSLIB] processing : 2025/04/19 07:23:36 Q=5
2026-01-05 20:20:21,670 - INFO - [GINSLIB] processing : 2025/04/19 07:23:37 Q=5
2026-01-05 20:20:21,670 - INFO - [GINSLIB] processing : 2025/04/19 07:23:38 Q=5
2026-01-05 20:20:21,670 - INFO - [GINSLIB] processing : 2025/04/19 07:23:39 Q=5
2026-01-05 20:20:21,670 - INFO - [GINSLIB] processing : 2025/04/19 07:23:40 Q=5
2026-01-05 20:20:21,670 - INFO - [GINSLIB] processing : 2025/04/19 07:23:41 Q=5
2026-01-05 20:20:21,671 - INFO - [GINSLIB] processing : 2025/04/19 07:23:42 Q=5
2026-01-05 20:20:21,671 - INFO - [GINSLIB] processing : 2025/04/19 07:23:43 Q=5
2026-01-05 20:20:21,671 - INFO - [GINSLIB] processing : 2025/04/19 07:23:44 Q=5
2026-01-05 20:20:21,671 - INFO - [GINSLIB] processing : 2025/04/19 07:23:45 Q=5
2026-01-05 20:20:21,671 - INFO - [GINSLIB] processing : 2025/04/19 07:23:46 Q=5
2026-01-05 20:20:21,671 - INFO - [GINSLIB] processing : 2025/04/19 07:23:47 Q=5
2026-01-05 20:20:21,671 - INFO - [GINSLIB] processing : 2025/04/19 07:23:48 Q=5
2026-01-05 20:20:21,671 - INFO - [GINSLIB] processing : 2025/04/19 07:23:49 Q=5
2026-01-05 20:20:21,671 - INFO - [GINSLIB] processing : 2025/04/19 07:23:50 Q=5
2026-01-05 20:20:21,671 - INFO - [GINSLIB] processing : 2025/04/19 07:23:51 Q=5
2026-01-05 20:20:21,671 - INFO - [GINSLIB] processing : 2025/04/19 07:23:52 Q=5
2026-01-05 20:20:21,672 - INFO - [GINSLIB] processing : 2025/04/19 07:23:53 Q=5
2026-01-05 20:20:21,672 - INFO - [GINSLIB] processing : 2025/04/19 07:23:54 Q=5
2026-01-05 20:20:21,672 - INFO - [GINSLIB] processing : 2025/04/19 07:23:55 Q=5
2026-01-05 20:20:21,672 - INFO - [GINSLIB] processing : 2025/04/19 07:23:56 Q=5
2026-01-05 20:20:21,672 - INFO - [GINSLIB] processing : 2025/04/19 07:23:57 Q=5
2026-01-05 20:20:21,672 - INFO - [GINSLIB] processing : 2025/04/19 07:23:58 Q=5
2026-01-05 20:20:21,672 - INFO - [GINSLIB] processing : 2025/04/19 07:23:59 Q=5
2026-01-05 20:20:21,672 - INFO - [GINSLIB] processing : 2025/04/19 07:24:00 Q=5
2026-01-05 20:20:21,672 - INFO - [GINSLIB] processing : 2025/04/19 07:24:01 Q=5
2026-01-05 20:20:21,672 - INFO - [GINSLIB] processing : 2025/04/19 07:24:02 Q=5
2026-01-05 20:20:21,672 - INFO - [GINSLIB] processing : 2025/04/19 07:24:03 Q=5
2026-01-05 20:20:21,672 - INFO - [GINSLIB] processing : 2025/04/19 07:24:04 Q=5
2026-01-05 20:20:21,672 - INFO - [GINSLIB] processing : 2025/04/19 07:24:05 Q=5
2026-01-05 20:20:21,672 - INFO - [GINSLIB] processing : 2025/04/19 07:24:06 Q=5
2026-01-05 20:20:21,672 - INFO - [GINSLIB] processing : 2025/04/19 07:24:07 Q=5
2026-01-05 20:20:21,673 - INFO - [GINSLIB] processing : 2025/04/19 07:24:08 Q=5
2026-01-05 20:20:21,673 - INFO - [GINSLIB] processing : 2025/04/19 07:24:09 Q=5
2026-01-05 20:20:21,673 - INFO - [GINSLIB] processing : 2025/04/19 07:24:10 Q=5
2026-01-05 20:20:21,942 - INFO - [GINSLIB] processing : 2025/04/19 07:24:11 Q=5
2026-01-05 20:20:21,942 - INFO - [GINSLIB] processing : 2025/04/19 07:24:12 Q=5
2026-01-05 20:20:21,942 - INFO - [GINSLIB] processing : 2025/04/19 07:24:13 Q=5
2026-01-05 20:20:21,942 - INFO - [GINSLIB] processing : 2025/04/19 07:24:14 Q=5
2026-01-05 20:20:21,943 - INFO - [GINSLIB] processing : 2025/04/19 07:24:15 Q=5
2026-01-05 20:20:21,943 - INFO - [GINSLIB] processing : 2025/04/19 07:24:16 Q=5
2026-01-05 20:20:21,943 - INFO - [GINSLIB] processing : 2025/04/19 07:24:17 Q=5
2026-01-05 20:20:21,943 - INFO - [GINSLIB] processing : 2025/04/19 07:24:18 Q=5
2026-01-05 20:20:21,943 - INFO - [GINSLIB] processing : 2025/04/19 07:24:19 Q=5
2026-01-05 20:20:21,944 - INFO - [GINSLIB] processing : 2025/04/19 07:24:20 Q=5
2026-01-05 20:20:21,944 - INFO - [GINSLIB] processing : 2025/04/19 07:24:21 Q=5
2026-01-05 20:20:21,944 - INFO - [GINSLIB] processing : 2025/04/19 07:24:22 Q=5
2026-01-05 20:20:21,944 - INFO - [GINSLIB] processing : 2025/04/19 07:24:23 Q=5
2026-01-05 20:20:21,945 - INFO - [GINSLIB] processing : 2025/04/19 07:24:24 Q=5
2026-01-05 20:20:21,945 - INFO - [GINSLIB] processing : 2025/04/19 07:24:25 Q=5
2026-01-05 20:20:21,945 - INFO - [GINSLIB] processing : 2025/04/19 07:24:26 Q=5
2026-01-05 20:20:21,945 - INFO - [GINSLIB] processing : 2025/04/19 07:24:27 Q=5
2026-01-05 20:20:21,945 - INFO - [GINSLIB] processing : 2025/04/19 07:24:28 Q=5
2026-01-05 20:20:21,945 - INFO - [GINSLIB] processing : 2025/04/19 07:24:29 Q=5
2026-01-05 20:20:21,945 - INFO - [GINSLIB] processing : 2025/04/19 07:24:30 Q=5
2026-01-05 20:20:21,946 - INFO - [GINSLIB] processing : 2025/04/19 07:24:31 Q=5
2026-01-05 20:20:21,946 - INFO - [GINSLIB] processing : 2025/04/19 07:24:32 Q=5
2026-01-05 20:20:21,946 - INFO - [GINSLIB] processing : 2025/04/19 07:24:33 Q=5
2026-01-05 20:20:21,946 - INFO - [GINSLIB] processing : 2025/04/19 07:24:34 Q=5
2026-01-05 20:20:21,946 - INFO - [GINSLIB] processing : 2025/04/19 07:24:35 Q=5
2026-01-05 20:20:21,946 - INFO - [GINSLIB] processing : 2025/04/19 07:24:36 Q=5
2026-01-05 20:20:21,946 - INFO - [GINSLIB] processing : 2025/04/19 07:24:37 Q=5
2026-01-05 20:20:21,946 - INFO - [GINSLIB] processing : 2025/04/19 07:24:38 Q=5
2026-01-05 20:20:21,947 - INFO - [GINSLIB] processing : 2025/04/19 07:24:39 Q=5
2026-01-05 20:20:21,947 - INFO - [GINSLIB] processing : 2025/04/19 07:24:40 Q=5
2026-01-05 20:20:21,947 - INFO - [GINSLIB] processing : 2025/04/19 07:24:41 Q=5
2026-01-05 20:20:21,947 - INFO - [GINSLIB] processing : 2025/04/19 07:24:42 Q=5
2026-01-05 20:20:21,947 - INFO - [GINSLIB] processing : 2025/04/19 07:24:43 Q=5
2026-01-05 20:20:21,947 - INFO - [GINSLIB] processing : 2025/04/19 07:24:44 Q=5
2026-01-05 20:20:21,947 - INFO - [GINSLIB] processing : 2025/04/19 07:24:45 Q=5
2026-01-05 20:20:21,947 - INFO - [GINSLIB] processing : 2025/04/19 07:24:46 Q=5
2026-01-05 20:20:21,947 - INFO - [GINSLIB] processing : 2025/04/19 07:24:47 Q=5
2026-01-05 20:20:21,947 - INFO - [GINSLIB] processing : 2025/04/19 07:24:48 Q=5
2026-01-05 20:20:21,948 - INFO - [GINSLIB] processing : 2025/04/19 07:24:49 Q=5
2026-01-05 20:20:21,948 - INFO - [GINSLIB] processing : 2025/04/19 07:24:50 Q=5
2026-01-05 20:20:21,948 - INFO - [GINSLIB] processing : 2025/04/19 07:24:51 Q=5
2026-01-05 20:20:21,948 - INFO - [GINSLIB] processing : 2025/04/19 07:24:52 Q=5
2026-01-05 20:20:21,948 - INFO - [GINSLIB] processing : 2025/04/19 07:24:53 Q=5
2026-01-05 20:20:21,948 - INFO - [GINSLIB] processing : 2025/04/19 07:24:54 Q=5
2026-01-05 20:20:21,948 - INFO - [GINSLIB] processing : 2025/04/19 07:24:55 Q=5
2026-01-05 20:20:21,948 - INFO - [GINSLIB] processing : 2025/04/19 07:24:56 Q=5
2026-01-05 20:20:21,949 - INFO - [GINSLIB] processing : 2025/04/19 07:24:57 Q=5
2026-01-05 20:20:21,949 - INFO - [GINSLIB] processing : 2025/04/19 07:24:58 Q=5
2026-01-05 20:20:21,949 - INFO - [GINSLIB] processing : 2025/04/19 07:24:59 Q=5
2026-01-05 20:20:21,949 - INFO - [GINSLIB] processing : 2025/04/19 07:25:00 Q=5
2026-01-05 20:20:21,949 - INFO - [GINSLIB] processing : 2025/04/19 07:25:01 Q=5
2026-01-05 20:20:21,949 - INFO - [GINSLIB] processing : 2025/04/19 07:25:02 Q=5
2026-01-05 20:20:21,949 - INFO - [GINSLIB] processing : 2025/04/19 07:25:03 Q=5
2026-01-05 20:20:21,949 - INFO - [GINSLIB] processing : 2025/04/19 07:25:04 Q=5
2026-01-05 20:20:21,950 - INFO - [GINSLIB] processing : 2025/04/19 07:25:05 Q=5
2026-01-05 20:20:21,950 - INFO - [GINSLIB] processing : 2025/04/19 07:25:06 Q=5
2026-01-05 20:20:21,950 - INFO - [GINSLIB] processing : 2025/04/19 07:25:07 Q=5
2026-01-05 20:20:21,950 - INFO - [GINSLIB] processing : 2025/04/19 07:25:08 Q=5
2026-01-05 20:20:21,950 - INFO - [GINSLIB] processing : 2025/04/19 07:25:09 Q=5
2026-01-05 20:20:21,950 - INFO - [GINSLIB] processing : 2025/04/19 07:25:10 Q=5
2026-01-05 20:20:21,950 - INFO - [GINSLIB] processing : 2025/04/19 07:25:11 Q=5
2026-01-05 20:20:21,950 - INFO - [GINSLIB] processing : 2025/04/19 07:25:12 Q=5
2026-01-05 20:20:21,950 - INFO - [GINSLIB] processing : 2025/04/19 07:25:13 Q=5
2026-01-05 20:20:21,950 - INFO - [GINSLIB] processing : 2025/04/19 07:25:14 Q=5
2026-01-05 20:20:21,950 - INFO - [GINSLIB] processing : 2025/04/19 07:25:15 Q=5
2026-01-05 20:20:21,950 - INFO - [GINSLIB] processing : 2025/04/19 07:25:16 Q=5
2026-01-05 20:20:21,951 - INFO - [GINSLIB] processing : 2025/04/19 07:25:17 Q=5
2026-01-05 20:20:21,951 - INFO - [GINSLIB] processing : 2025/04/19 07:25:18 Q=5
2026-01-05 20:20:21,951 - INFO - [GINSLIB] processing : 2025/04/19 07:25:19 Q=5
2026-01-05 20:20:21,951 - INFO - [GINSLIB] processing : 2025/04/19 07:25:20 Q=5
2026-01-05 20:20:21,951 - INFO - [GINSLIB] processing : 2025/04/19 07:25:21 Q=5
2026-01-05 20:20:21,951 - INFO - [GINSLIB] processing : 2025/04/19 07:25:22 Q=5
2026-01-05 20:20:21,951 - INFO - [GINSLIB] processing : 2025/04/19 07:25:23 Q=5
2026-01-05 20:20:21,951 - INFO - [GINSLIB] processing : 2025/04/19 07:25:24 Q=5
2026-01-05 20:20:21,951 - INFO - [GINSLIB] processing : 2025/04/19 07:25:25 Q=5
2026-01-05 20:20:21,951 - INFO - [GINSLIB] processing : 2025/04/19 07:25:26 Q=5
2026-01-05 20:20:21,951 - INFO - [GINSLIB] processing : 2025/04/19 07:25:27 Q=5
2026-01-05 20:20:21,951 - INFO - [GINSLIB] processing : 2025/04/19 07:25:28 Q=5
2026-01-05 20:20:21,951 - INFO - [GINSLIB] processing : 2025/04/19 07:25:29 Q=5
2026-01-05 20:20:21,951 - INFO - [GINSLIB] processing : 2025/04/19 07:25:30 Q=5
2026-01-05 20:20:21,951 - INFO - [GINSLIB] processing : 2025/04/19 07:25:31 Q=5
2026-01-05 20:20:21,951 - INFO - [GINSLIB] processing : 2025/04/19 07:25:32 Q=5
2026-01-05 20:20:21,952 - INFO - [GINSLIB] processing : 2025/04/19 07:25:33 Q=5
2026-01-05 20:20:21,952 - INFO - [GINSLIB] processing : 2025/04/19 07:25:34 Q=5
2026-01-05 20:20:21,952 - INFO - [GINSLIB] processing : 2025/04/19 07:25:35 Q=5
2026-01-05 20:20:21,952 - INFO - [GINSLIB] processing : 2025/04/19 07:25:36 Q=5
2026-01-05 20:20:21,952 - INFO - [GINSLIB] processing : 2025/04/19 07:25:37 Q=5
2026-01-05 20:20:21,952 - INFO - [GINSLIB] processing : 2025/04/19 07:25:38 Q=5
2026-01-05 20:20:21,952 - INFO - [GINSLIB] processing : 2025/04/19 07:25:39 Q=5
2026-01-05 20:20:21,952 - INFO - [GINSLIB] processing : 2025/04/19 07:25:40 Q=5
2026-01-05 20:20:21,952 - INFO - [GINSLIB] processing : 2025/04/19 07:25:41 Q=5
2026-01-05 20:20:21,952 - INFO - [GINSLIB] processing : 2025/04/19 07:25:42 Q=5
2026-01-05 20:20:21,952 - INFO - [GINSLIB] processing : 2025/04/19 07:25:43 Q=5
2026-01-05 20:20:21,952 - INFO - [GINSLIB] processing : 2025/04/19 07:25:44 Q=5
2026-01-05 20:20:21,952 - INFO - [GINSLIB] processing : 2025/04/19 07:25:45 Q=5
2026-01-05 20:20:21,952 - INFO - [GINSLIB] processing : 2025/04/19 07:25:46 Q=5
2026-01-05 20:20:21,953 - INFO - [GINSLIB] processing : 2025/04/19 07:25:47 Q=5
2026-01-05 20:20:21,953 - INFO - [GINSLIB] processing : 2025/04/19 07:25:48 Q=5
2026-01-05 20:20:21,953 - INFO - [GINSLIB] processing : 2025/04/19 07:25:49 Q=5
2026-01-05 20:20:21,953 - INFO - [GINSLIB] processing : 2025/04/19 07:25:50 Q=5
2026-01-05 20:20:21,953 - INFO - [GINSLIB] processing : 2025/04/19 07:25:51 Q=5
2026-01-05 20:20:21,953 - INFO - [GINSLIB] processing : 2025/04/19 07:25:52 Q=5
2026-01-05 20:20:21,953 - INFO - [GINSLIB] processing : 2025/04/19 07:25:53 Q=5
2026-01-05 20:20:21,953 - INFO - [GINSLIB] processing : 2025/04/19 07:25:54 Q=5
2026-01-05 20:20:21,953 - INFO - [GINSLIB] processing : 2025/04/19 07:25:55 Q=5
2026-01-05 20:20:21,953 - INFO - [GINSLIB] processing : 2025/04/19 07:25:56 Q=5
2026-01-05 20:20:21,953 - INFO - [GINSLIB] processing : 2025/04/19 07:25:57 Q=5
2026-01-05 20:20:21,953 - INFO - [GINSLIB] processing : 2025/04/19 07:25:58 Q=5
2026-01-05 20:20:21,953 - INFO - [GINSLIB] processing : 2025/04/19 07:25:59 Q=5
2026-01-05 20:20:21,953 - INFO - [GINSLIB] processing : 2025/04/19 07:26:00 Q=5
2026-01-05 20:20:21,953 - INFO - [GINSLIB] processing : 2025/04/19 07:26:01 Q=5
2026-01-05 20:20:22,214 - INFO - [GINSLIB] processing : 2025/04/19 07:26:02 Q=5
2026-01-05 20:20:22,214 - INFO - [GINSLIB] processing : 2025/04/19 07:26:03 Q=5
2026-01-05 20:20:22,214 - INFO - [GINSLIB] processing : 2025/04/19 07:26:04 Q=5
2026-01-05 20:20:22,214 - INFO - [GINSLIB] processing : 2025/04/19 07:26:05 Q=5
2026-01-05 20:20:22,215 - INFO - [GINSLIB] processing : 2025/04/19 07:26:06 Q=5
2026-01-05 20:20:22,215 - INFO - [GINSLIB] processing : 2025/04/19 07:26:07 Q=5
2026-01-05 20:20:22,215 - INFO - [GINSLIB] processing : 2025/04/19 07:26:08 Q=5
2026-01-05 20:20:22,215 - INFO - [GINSLIB] processing : 2025/04/19 07:26:09 Q=5
2026-01-05 20:20:22,215 - INFO - [GINSLIB] processing : 2025/04/19 07:26:10 Q=5
2026-01-05 20:20:22,215 - INFO - [GINSLIB] processing : 2025/04/19 07:26:11 Q=5
2026-01-05 20:20:22,215 - INFO - [GINSLIB] processing : 2025/04/19 07:26:12 Q=5
2026-01-05 20:20:22,215 - INFO - [GINSLIB] processing : 2025/04/19 07:26:13 Q=5
2026-01-05 20:20:22,215 - INFO - [GINSLIB] processing : 2025/04/19 07:26:14 Q=5
2026-01-05 20:20:22,215 - INFO - [GINSLIB] processing : 2025/04/19 07:26:15 Q=5
2026-01-05 20:20:22,216 - INFO - [GINSLIB] processing : 2025/04/19 07:26:16 Q=5
2026-01-05 20:20:22,216 - INFO - [GINSLIB] processing : 2025/04/19 07:26:17 Q=5
2026-01-05 20:20:22,216 - INFO - [GINSLIB] processing : 2025/04/19 07:26:18 Q=5
2026-01-05 20:20:22,216 - INFO - [GINSLIB] processing : 2025/04/19 07:26:19 Q=5
2026-01-05 20:20:22,216 - INFO - [GINSLIB] processing : 2025/04/19 07:26:20 Q=5
2026-01-05 20:20:22,216 - INFO - [GINSLIB] processing : 2025/04/19 07:26:21 Q=5
2026-01-05 20:20:22,216 - INFO - [GINSLIB] processing : 2025/04/19 07:26:22 Q=5
2026-01-05 20:20:22,216 - INFO - [GINSLIB] processing : 2025/04/19 07:26:23 Q=5
2026-01-05 20:20:22,216 - INFO - [GINSLIB] processing : 2025/04/19 07:26:24 Q=5
2026-01-05 20:20:22,216 - INFO - [GINSLIB] processing : 2025/04/19 07:26:25 Q=5
2026-01-05 20:20:22,216 - INFO - [GINSLIB] processing : 2025/04/19 07:26:26 Q=5
2026-01-05 20:20:22,216 - INFO - [GINSLIB] processing : 2025/04/19 07:26:27 Q=5
2026-01-05 20:20:22,216 - INFO - [GINSLIB] processing : 2025/04/19 07:26:28 Q=5
2026-01-05 20:20:22,217 - INFO - [GINSLIB] processing : 2025/04/19 07:26:29 Q=5
2026-01-05 20:20:22,217 - INFO - [GINSLIB] processing : 2025/04/19 07:26:30 Q=5
2026-01-05 20:20:22,217 - INFO - [GINSLIB] processing : 2025/04/19 07:26:31 Q=5
2026-01-05 20:20:22,217 - INFO - [GINSLIB] processing : 2025/04/19 07:26:32 Q=5
2026-01-05 20:20:22,217 - INFO - [GINSLIB] processing : 2025/04/19 07:26:33 Q=5
2026-01-05 20:20:22,217 - INFO - [GINSLIB] processing : 2025/04/19 07:26:34 Q=5
2026-01-05 20:20:22,217 - INFO - [GINSLIB] processing : 2025/04/19 07:26:35 Q=5
2026-01-05 20:20:22,217 - INFO - [GINSLIB] processing : 2025/04/19 07:26:36 Q=5
2026-01-05 20:20:22,217 - INFO - [GINSLIB] processing : 2025/04/19 07:26:37 Q=5
2026-01-05 20:20:22,217 - INFO - [GINSLIB] processing : 2025/04/19 07:26:38 Q=5
2026-01-05 20:20:22,217 - INFO - [GINSLIB] processing : 2025/04/19 07:26:39 Q=5
2026-01-05 20:20:22,217 - INFO - [GINSLIB] processing : 2025/04/19 07:26:40 Q=5
2026-01-05 20:20:22,217 - INFO - [GINSLIB] processing : 2025/04/19 07:26:41 Q=5
2026-01-05 20:20:22,217 - INFO - [GINSLIB] processing : 2025/04/19 07:26:42 Q=5
2026-01-05 20:20:22,218 - INFO - [GINSLIB] processing : 2025/04/19 07:26:43 Q=5
2026-01-05 20:20:22,218 - INFO - [GINSLIB] processing : 2025/04/19 07:26:44 Q=5
2026-01-05 20:20:22,218 - INFO - [GINSLIB] processing : 2025/04/19 07:26:45 Q=5
2026-01-05 20:20:22,218 - INFO - [GINSLIB] processing : 2025/04/19 07:26:46 Q=5
2026-01-05 20:20:22,218 - INFO - [GINSLIB] processing : 2025/04/19 07:26:47 Q=5
2026-01-05 20:20:22,218 - INFO - [GINSLIB] processing : 2025/04/19 07:26:48 Q=5
2026-01-05 20:20:22,218 - INFO - [GINSLIB] processing : 2025/04/19 07:26:49 Q=5
2026-01-05 20:20:22,218 - INFO - [GINSLIB] processing : 2025/04/19 07:26:50 Q=5
2026-01-05 20:20:22,218 - INFO - [GINSLIB] processing : 2025/04/19 07:26:51 Q=5
2026-01-05 20:20:22,218 - INFO - [GINSLIB] processing : 2025/04/19 07:26:52 Q=5
2026-01-05 20:20:22,218 - INFO - [GINSLIB] processing : 2025/04/19 07:26:53 Q=5
2026-01-05 20:20:22,218 - INFO - [GINSLIB] processing : 2025/04/19 07:26:54 Q=5
2026-01-05 20:20:22,218 - INFO - [GINSLIB] processing : 2025/04/19 07:26:55 Q=5
2026-01-05 20:20:22,218 - INFO - [GINSLIB] processing : 2025/04/19 07:26:56 Q=5
2026-01-05 20:20:22,218 - INFO - [GINSLIB] processing : 2025/04/19 07:26:57 Q=5
2026-01-05 20:20:22,219 - INFO - [GINSLIB] processing : 2025/04/19 07:26:58 Q=5
2026-01-05 20:20:22,219 - INFO - [GINSLIB] processing : 2025/04/19 07:26:59 Q=5
2026-01-05 20:20:22,219 - INFO - [GINSLIB] processing : 2025/04/19 07:27:00 Q=5
2026-01-05 20:20:22,219 - INFO - [GINSLIB] processing : 2025/04/19 07:27:01 Q=5
2026-01-05 20:20:22,219 - INFO - [GINSLIB] processing : 2025/04/19 07:27:02 Q=5
2026-01-05 20:20:22,219 - INFO - [GINSLIB] processing : 2025/04/19 07:27:03 Q=5
2026-01-05 20:20:22,219 - INFO - [GINSLIB] processing : 2025/04/19 07:27:04 Q=5
2026-01-05 20:20:22,219 - INFO - [GINSLIB] processing : 2025/04/19 07:27:05 Q=5
2026-01-05 20:20:22,219 - INFO - [GINSLIB] processing : 2025/04/19 07:27:06 Q=5
2026-01-05 20:20:22,219 - INFO - [GINSLIB] processing : 2025/04/19 07:27:07 Q=5
2026-01-05 20:20:22,219 - INFO - [GINSLIB] processing : 2025/04/19 07:27:08 Q=5
2026-01-05 20:20:22,219 - INFO - [GINSLIB] processing : 2025/04/19 07:27:09 Q=5
2026-01-05 20:20:22,220 - INFO - [GINSLIB] processing : 2025/04/19 07:27:10 Q=5
2026-01-05 20:20:22,220 - INFO - [GINSLIB] processing : 2025/04/19 07:27:11 Q=5
2026-01-05 20:20:22,220 - INFO - [GINSLIB] processing : 2025/04/19 07:27:12 Q=5
2026-01-05 20:20:22,220 - INFO - [GINSLIB] processing : 2025/04/19 07:27:13 Q=5
2026-01-05 20:20:22,220 - INFO - [GINSLIB] processing : 2025/04/19 07:27:14 Q=5
2026-01-05 20:20:22,220 - INFO - [GINSLIB] processing : 2025/04/19 07:27:15 Q=5
2026-01-05 20:20:22,220 - INFO - [GINSLIB] processing : 2025/04/19 07:27:16 Q=5
2026-01-05 20:20:22,220 - INFO - [GINSLIB] processing : 2025/04/19 07:27:17 Q=5
2026-01-05 20:20:22,220 - INFO - [GINSLIB] processing : 2025/04/19 07:27:18 Q=5
2026-01-05 20:20:22,220 - INFO - [GINSLIB] processing : 2025/04/19 07:27:19 Q=5
2026-01-05 20:20:22,220 - INFO - [GINSLIB] processing : 2025/04/19 07:27:20 Q=5
2026-01-05 20:20:22,220 - INFO - [GINSLIB] processing : 2025/04/19 07:27:21 Q=5
2026-01-05 20:20:22,220 - INFO - [GINSLIB] processing : 2025/04/19 07:27:22 Q=5
2026-01-05 20:20:22,220 - INFO - [GINSLIB] processing : 2025/04/19 07:27:23 Q=5
2026-01-05 20:20:22,221 - INFO - [GINSLIB] processing : 2025/04/19 07:27:24 Q=5
2026-01-05 20:20:22,221 - INFO - [GINSLIB] processing : 2025/04/19 07:27:25 Q=5
2026-01-05 20:20:22,221 - INFO - [GINSLIB] processing : 2025/04/19 07:27:26 Q=5
2026-01-05 20:20:22,221 - INFO - [GINSLIB] processing : 2025/04/19 07:27:27 Q=5
2026-01-05 20:20:22,221 - INFO - [GINSLIB] processing : 2025/04/19 07:27:28 Q=5
2026-01-05 20:20:22,221 - INFO - [GINSLIB] processing : 2025/04/19 07:27:29 Q=5
2026-01-05 20:20:22,221 - INFO - [GINSLIB] processing : 2025/04/19 07:27:30 Q=5
2026-01-05 20:20:22,221 - INFO - [GINSLIB] processing : 2025/04/19 07:27:31 Q=5
2026-01-05 20:20:22,221 - INFO - [GINSLIB] processing : 2025/04/19 07:27:32 Q=5
2026-01-05 20:20:22,221 - INFO - [GINSLIB] processing : 2025/04/19 07:27:33 Q=5
2026-01-05 20:20:22,221 - INFO - [GINSLIB] processing : 2025/04/19 07:27:34 Q=5
2026-01-05 20:20:22,221 - INFO - [GINSLIB] processing : 2025/04/19 07:27:35 Q=5
2026-01-05 20:20:22,221 - INFO - [GINSLIB] processing : 2025/04/19 07:27:36 Q=5
2026-01-05 20:20:22,221 - INFO - [GINSLIB] processing : 2025/04/19 07:27:37 Q=5
2026-01-05 20:20:22,221 - INFO - [GINSLIB] processing : 2025/04/19 07:27:38 Q=5
2026-01-05 20:20:22,221 - INFO - [GINSLIB] processing : 2025/04/19 07:27:39 Q=5
2026-01-05 20:20:22,222 - INFO - [GINSLIB] processing : 2025/04/19 07:27:40 Q=5
2026-01-05 20:20:22,222 - INFO - [GINSLIB] processing : 2025/04/19 07:27:41 Q=5
2026-01-05 20:20:22,222 - INFO - [GINSLIB] processing : 2025/04/19 07:27:42 Q=5
2026-01-05 20:20:22,222 - INFO - [GINSLIB] processing : 2025/04/19 07:27:43 Q=5
2026-01-05 20:20:22,222 - INFO - [GINSLIB] processing : 2025/04/19 07:27:44 Q=5
2026-01-05 20:20:22,222 - INFO - [GINSLIB] processing : 2025/04/19 07:27:45 Q=5
2026-01-05 20:20:22,222 - INFO - [GINSLIB] processing : 2025/04/19 07:27:46 Q=5
2026-01-05 20:20:22,222 - INFO - [GINSLIB] processing : 2025/04/19 07:27:47 Q=5
2026-01-05 20:20:22,222 - INFO - [GINSLIB] processing : 2025/04/19 07:27:48 Q=5
2026-01-05 20:20:22,222 - INFO - [GINSLIB] processing : 2025/04/19 07:27:49 Q=5
2026-01-05 20:20:22,222 - INFO - [GINSLIB] processing : 2025/04/19 07:27:50 Q=5
2026-01-05 20:20:22,222 - INFO - [GINSLIB] processing : 2025/04/19 07:27:51 Q=5
2026-01-05 20:20:22,486 - INFO - [GINSLIB] processing : 2025/04/19 07:27:52 Q=5
2026-01-05 20:20:22,487 - INFO - [GINSLIB] processing : 2025/04/19 07:27:53 Q=5
2026-01-05 20:20:22,487 - INFO - [GINSLIB] processing : 2025/04/19 07:27:54 Q=5
2026-01-05 20:20:22,487 - INFO - [GINSLIB] processing : 2025/04/19 07:27:55 Q=5
2026-01-05 20:20:22,487 - INFO - [GINSLIB] processing : 2025/04/19 07:27:56 Q=0
2026-01-05 20:20:22,488 - INFO - [GINSLIB] processing : 2025/04/19 07:27:57 Q=5
2026-01-05 20:20:22,488 - INFO - [GINSLIB] processing : 2025/04/19 07:27:58 Q=5
2026-01-05 20:20:22,488 - INFO - [GINSLIB] processing : 2025/04/19 07:27:59 Q=5
2026-01-05 20:20:22,488 - INFO - [GINSLIB] processing : 2025/04/19 07:28:00 Q=5
2026-01-05 20:20:22,488 - INFO - [GINSLIB] processing : 2025/04/19 07:28:01 Q=5
2026-01-05 20:20:22,489 - INFO - [GINSLIB] processing : 2025/04/19 07:28:02 Q=5
2026-01-05 20:20:22,489 - INFO - [GINSLIB] processing : 2025/04/19 07:28:03 Q=5
2026-01-05 20:20:22,489 - INFO - [GINSLIB] processing : 2025/04/19 07:28:04 Q=5
2026-01-05 20:20:22,489 - INFO - [GINSLIB] processing : 2025/04/19 07:28:05 Q=5
2026-01-05 20:20:22,489 - INFO - [GINSLIB] processing : 2025/04/19 07:28:06 Q=5
2026-01-05 20:20:22,490 - INFO - [GINSLIB] processing : 2025/04/19 07:28:07 Q=5
2026-01-05 20:20:22,490 - INFO - [GINSLIB] processing : 2025/04/19 07:28:08 Q=0
2026-01-05 20:20:22,490 - INFO - [GINSLIB] processing : 2025/04/19 07:28:09 Q=5
2026-01-05 20:20:22,490 - INFO - [GINSLIB] processing : 2025/04/19 07:28:10 Q=5
2026-01-05 20:20:22,490 - INFO - [GINSLIB] processing : 2025/04/19 07:28:11 Q=5
2026-01-05 20:20:22,490 - INFO - [GINSLIB] processing : 2025/04/19 07:28:12 Q=5
2026-01-05 20:20:22,491 - INFO - [GINSLIB] processing : 2025/04/19 07:28:13 Q=5
2026-01-05 20:20:22,491 - INFO - [GINSLIB] processing : 2025/04/19 07:28:14 Q=5
2026-01-05 20:20:22,491 - INFO - [GINSLIB] processing : 2025/04/19 07:28:15 Q=5
2026-01-05 20:20:22,491 - INFO - [GINSLIB] processing : 2025/04/19 07:28:16 Q=5
2026-01-05 20:20:22,491 - INFO - [GINSLIB] processing : 2025/04/19 07:28:17 Q=5
2026-01-05 20:20:22,491 - INFO - [GINSLIB] processing : 2025/04/19 07:28:18 Q=5
2026-01-05 20:20:22,491 - INFO - [GINSLIB] processing : 2025/04/19 07:28:19 Q=0
2026-01-05 20:20:22,491 - INFO - [GINSLIB] processing : 2025/04/19 07:28:20 Q=0
2026-01-05 20:20:22,491 - INFO - [GINSLIB] processing : 2025/04/19 07:28:21 Q=5
2026-01-05 20:20:22,491 - INFO - [GINSLIB] processing : 2025/04/19 07:28:22 Q=5
2026-01-05 20:20:22,491 - INFO - [GINSLIB] processing : 2025/04/19 07:28:23 Q=0
2026-01-05 20:20:22,491 - INFO - [GINSLIB] processing : 2025/04/19 07:28:24 Q=5
2026-01-05 20:20:22,491 - INFO - [GINSLIB] processing : 2025/04/19 07:28:25 Q=5
2026-01-05 20:20:22,492 - INFO - [GINSLIB] processing : 2025/04/19 07:28:26 Q=0
2026-01-05 20:20:22,492 - INFO - [GINSLIB] processing : 2025/04/19 07:28:27 Q=0
2026-01-05 20:20:22,492 - INFO - [GINSLIB] processing : 2025/04/19 07:28:28 Q=5
2026-01-05 20:20:22,492 - INFO - [GINSLIB] processing : 2025/04/19 07:28:29 Q=5
2026-01-05 20:20:22,492 - INFO - [GINSLIB] processing : 2025/04/19 07:28:30 Q=0
2026-01-05 20:20:22,492 - INFO - [GINSLIB] processing : 2025/04/19 07:28:31 Q=5
2026-01-05 20:20:22,492 - INFO - [GINSLIB] processing : 2025/04/19 07:28:32 Q=5
2026-01-05 20:20:22,492 - INFO - [GINSLIB] processing : 2025/04/19 07:28:33 Q=5
2026-01-05 20:20:22,493 - INFO - [GINSLIB] processing : 2025/04/19 07:28:34 Q=5
2026-01-05 20:20:22,493 - INFO - [GINSLIB] processing : 2025/04/19 07:28:35 Q=5
2026-01-05 20:20:22,493 - INFO - [GINSLIB] processing : 2025/04/19 07:28:36 Q=5
2026-01-05 20:20:22,493 - INFO - [GINSLIB] processing : 2025/04/19 07:28:37 Q=5
2026-01-05 20:20:22,493 - INFO - [GINSLIB] processing : 2025/04/19 07:28:38 Q=5
2026-01-05 20:20:22,493 - INFO - [GINSLIB] processing : 2025/04/19 07:28:39 Q=5
2026-01-05 20:20:22,493 - INFO - [GINSLIB] processing : 2025/04/19 07:28:40 Q=5
2026-01-05 20:20:22,493 - INFO - [GINSLIB] processing : 2025/04/19 07:28:41 Q=5
2026-01-05 20:20:22,493 - INFO - [GINSLIB] processing : 2025/04/19 07:28:42 Q=5
2026-01-05 20:20:22,493 - INFO - [GINSLIB] processing : 2025/04/19 07:28:43 Q=5
2026-01-05 20:20:22,493 - INFO - [GINSLIB] processing : 2025/04/19 07:28:44 Q=5
2026-01-05 20:20:22,493 - INFO - [GINSLIB] processing : 2025/04/19 07:28:45 Q=5
2026-01-05 20:20:22,493 - INFO - [GINSLIB] processing : 2025/04/19 07:28:46 Q=5
2026-01-05 20:20:22,493 - INFO - [GINSLIB] processing : 2025/04/19 07:28:47 Q=5
2026-01-05 20:20:22,493 - INFO - [GINSLIB] processing : 2025/04/19 07:28:48 Q=5
2026-01-05 20:20:22,494 - INFO - [GINSLIB] processing : 2025/04/19 07:28:49 Q=5
2026-01-05 20:20:22,494 - INFO - [GINSLIB] processing : 2025/04/19 07:28:50 Q=5
2026-01-05 20:20:22,494 - INFO - [GINSLIB] processing : 2025/04/19 07:28:51 Q=0
2026-01-05 20:20:22,494 - INFO - [GINSLIB] processing : 2025/04/19 07:28:52 Q=5
2026-01-05 20:20:22,494 - INFO - [GINSLIB] processing : 2025/04/19 07:28:53 Q=5
2026-01-05 20:20:22,494 - INFO - [GINSLIB] processing : 2025/04/19 07:28:54 Q=5
2026-01-05 20:20:22,494 - INFO - [GINSLIB] processing : 2025/04/19 07:28:55 Q=5
2026-01-05 20:20:22,494 - INFO - [GINSLIB] processing : 2025/04/19 07:28:56 Q=5
2026-01-05 20:20:22,494 - INFO - [GINSLIB] processing : 2025/04/19 07:28:57 Q=5
2026-01-05 20:20:22,494 - INFO - [GINSLIB] processing : 2025/04/19 07:28:58 Q=5
2026-01-05 20:20:22,494 - INFO - [GINSLIB] processing : 2025/04/19 07:28:59 Q=5
2026-01-05 20:20:22,494 - INFO - [GINSLIB] processing : 2025/04/19 07:29:00 Q=5
2026-01-05 20:20:22,494 - INFO - [GINSLIB] processing : 2025/04/19 07:29:01 Q=5
2026-01-05 20:20:22,494 - INFO - [GINSLIB] processing : 2025/04/19 07:29:02 Q=5
2026-01-05 20:20:22,494 - INFO - [GINSLIB] processing : 2025/04/19 07:29:03 Q=5
2026-01-05 20:20:22,494 - INFO - [GINSLIB] processing : 2025/04/19 07:29:04 Q=5
2026-01-05 20:20:22,495 - INFO - [GINSLIB] processing : 2025/04/19 07:29:05 Q=5
2026-01-05 20:20:22,495 - INFO - [GINSLIB] processing : 2025/04/19 07:29:06 Q=5
2026-01-05 20:20:22,495 - INFO - [GINSLIB] processing : 2025/04/19 07:29:07 Q=5
2026-01-05 20:20:22,495 - INFO - [GINSLIB] processing : 2025/04/19 07:29:08 Q=5
2026-01-05 20:20:22,495 - INFO - [GINSLIB] processing : 2025/04/19 07:29:09 Q=5
2026-01-05 20:20:22,495 - INFO - [GINSLIB] processing : 2025/04/19 07:29:10 Q=5
2026-01-05 20:20:22,495 - INFO - [GINSLIB] processing : 2025/04/19 07:29:11 Q=5
2026-01-05 20:20:22,495 - INFO - [GINSLIB] processing : 2025/04/19 07:29:12 Q=5
2026-01-05 20:20:22,495 - INFO - [GINSLIB] processing : 2025/04/19 07:29:13 Q=5
2026-01-05 20:20:22,495 - INFO - [GINSLIB] processing : 2025/04/19 07:29:14 Q=5
2026-01-05 20:20:22,495 - INFO - [GINSLIB] processing : 2025/04/19 07:29:15 Q=5
2026-01-05 20:20:22,495 - INFO - [GINSLIB] processing : 2025/04/19 07:29:16 Q=5
2026-01-05 20:20:22,495 - INFO - [GINSLIB] processing : 2025/04/19 07:29:17 Q=5
2026-01-05 20:20:22,495 - INFO - [GINSLIB] processing : 2025/04/19 07:29:18 Q=5
2026-01-05 20:20:22,495 - INFO - [GINSLIB] processing : 2025/04/19 07:29:19 Q=5
2026-01-05 20:20:22,495 - INFO - [GINSLIB] processing : 2025/04/19 07:29:20 Q=5
2026-01-05 20:20:22,495 - INFO - [GINSLIB] processing : 2025/04/19 07:29:21 Q=5
2026-01-05 20:20:22,496 - INFO - [GINSLIB] processing : 2025/04/19 07:29:22 Q=5
2026-01-05 20:20:22,496 - INFO - [GINSLIB] processing : 2025/04/19 07:29:23 Q=5
2026-01-05 20:20:22,496 - INFO - [GINSLIB] processing : 2025/04/19 07:29:24 Q=5
2026-01-05 20:20:22,496 - INFO - [GINSLIB] processing : 2025/04/19 07:29:25 Q=5
2026-01-05 20:20:22,496 - INFO - [GINSLIB] processing : 2025/04/19 07:29:26 Q=5
2026-01-05 20:20:22,496 - INFO - [GINSLIB] processing : 2025/04/19 07:29:27 Q=5
2026-01-05 20:20:22,496 - INFO - [GINSLIB] processing : 2025/04/19 07:29:28 Q=5
2026-01-05 20:20:22,496 - INFO - [GINSLIB] processing : 2025/04/19 07:29:29 Q=5
2026-01-05 20:20:22,496 - INFO - [GINSLIB] processing : 2025/04/19 07:29:30 Q=5
2026-01-05 20:20:22,496 - INFO - [GINSLIB] processing : 2025/04/19 07:29:31 Q=5
2026-01-05 20:20:22,496 - INFO - [GINSLIB] processing : 2025/04/19 07:29:32 Q=5
2026-01-05 20:20:22,496 - INFO - [GINSLIB] processing : 2025/04/19 07:29:33 Q=5
2026-01-05 20:20:22,496 - INFO - [GINSLIB] processing : 2025/04/19 07:29:34 Q=5
2026-01-05 20:20:22,496 - INFO - [GINSLIB] processing : 2025/04/19 07:29:35 Q=5
2026-01-05 20:20:22,496 - INFO - [GINSLIB] processing : 2025/04/19 07:29:36 Q=5
2026-01-05 20:20:22,496 - INFO - [GINSLIB] processing : 2025/04/19 07:29:37 Q=5
2026-01-05 20:20:22,497 - INFO - [GINSLIB] processing : 2025/04/19 07:29:38 Q=5
2026-01-05 20:20:22,497 - INFO - [GINSLIB] processing : 2025/04/19 07:29:39 Q=5
2026-01-05 20:20:22,497 - INFO - [GINSLIB] processing : 2025/04/19 07:29:40 Q=5
2026-01-05 20:20:22,497 - INFO - [GINSLIB] processing : 2025/04/19 07:29:41 Q=5
2026-01-05 20:20:22,497 - INFO - [GINSLIB] processing : 2025/04/19 07:29:42 Q=5
2026-01-05 20:20:22,794 - INFO - [GINSLIB] processing : 2025/04/19 07:29:43 Q=5
2026-01-05 20:20:22,794 - INFO - [GINSLIB] processing : 2025/04/19 07:29:44 Q=5
2026-01-05 20:20:22,794 - INFO - [GINSLIB] processing : 2025/04/19 07:29:45 Q=5
2026-01-05 20:20:22,795 - INFO - [GINSLIB] processing : 2025/04/19 07:29:46 Q=5
2026-01-05 20:20:22,795 - INFO - [GINSLIB] processing : 2025/04/19 07:29:47 Q=5
2026-01-05 20:20:22,795 - INFO - [GINSLIB] processing : 2025/04/19 07:29:48 Q=5
2026-01-05 20:20:22,795 - INFO - [GINSLIB] processing : 2025/04/19 07:29:49 Q=5
2026-01-05 20:20:22,795 - INFO - [GINSLIB] processing : 2025/04/19 07:29:50 Q=5
2026-01-05 20:20:22,796 - INFO - [GINSLIB] processing : 2025/04/19 07:29:51 Q=5
2026-01-05 20:20:22,796 - INFO - [GINSLIB] processing : 2025/04/19 07:29:52 Q=5
2026-01-05 20:20:22,796 - INFO - [GINSLIB] processing : 2025/04/19 07:29:53 Q=5
2026-01-05 20:20:22,796 - INFO - [GINSLIB] processing : 2025/04/19 07:29:54 Q=5
2026-01-05 20:20:22,796 - INFO - [GINSLIB] processing : 2025/04/19 07:29:55 Q=5
2026-01-05 20:20:22,797 - INFO - [GINSLIB] processing : 2025/04/19 07:29:56 Q=5
2026-01-05 20:20:22,797 - INFO - [GINSLIB] processing : 2025/04/19 07:29:57 Q=5
2026-01-05 20:20:22,797 - INFO - [GINSLIB] processing : 2025/04/19 07:29:58 Q=5
2026-01-05 20:20:22,797 - INFO - [GINSLIB] processing : 2025/04/19 07:29:59 Q=5
2026-01-05 20:20:22,797 - INFO - [GINSLIB] processing : 2025/04/19 07:30:00 Q=5
2026-01-05 20:20:22,798 - INFO - [GINSLIB] processing : 2025/04/19 07:30:01 Q=5
2026-01-05 20:20:22,798 - INFO - [GINSLIB] processing : 2025/04/19 07:30:02 Q=5
2026-01-05 20:20:22,798 - INFO - [GINSLIB] processing : 2025/04/19 07:30:03 Q=0
2026-01-05 20:20:22,798 - INFO - [GINSLIB] processing : 2025/04/19 07:30:04 Q=5
2026-01-05 20:20:22,798 - INFO - [GINSLIB] processing : 2025/04/19 07:30:05 Q=5
2026-01-05 20:20:22,799 - INFO - [GINSLIB] processing : 2025/04/19 07:30:06 Q=5
2026-01-05 20:20:22,799 - INFO - [GINSLIB] processing : 2025/04/19 07:30:07 Q=5
2026-01-05 20:20:22,799 - INFO - [GINSLIB] processing : 2025/04/19 07:30:08 Q=5
2026-01-05 20:20:22,799 - INFO - [GINSLIB] processing : 2025/04/19 07:30:09 Q=5
2026-01-05 20:20:22,799 - INFO - [GINSLIB] processing : 2025/04/19 07:30:10 Q=5
2026-01-05 20:20:22,800 - INFO - [GINSLIB] processing : 2025/04/19 07:30:11 Q=5
2026-01-05 20:20:22,800 - INFO - [GINSLIB] processing : 2025/04/19 07:30:12 Q=5
2026-01-05 20:20:22,800 - INFO - [GINSLIB] processing : 2025/04/19 07:30:13 Q=5
2026-01-05 20:20:22,800 - INFO - [GINSLIB] processing : 2025/04/19 07:30:14 Q=5
2026-01-05 20:20:22,800 - INFO - [GINSLIB] processing : 2025/04/19 07:30:15 Q=5
2026-01-05 20:20:22,800 - INFO - [GINSLIB] processing : 2025/04/19 07:30:16 Q=5
2026-01-05 20:20:22,800 - INFO - [GINSLIB] processing : 2025/04/19 07:30:17 Q=5
2026-01-05 20:20:22,800 - INFO - [GINSLIB] processing : 2025/04/19 07:30:18 Q=5
2026-01-05 20:20:22,801 - INFO - [GINSLIB] processing : 2025/04/19 07:30:19 Q=5
2026-01-05 20:20:22,801 - INFO - [GINSLIB] processing : 2025/04/19 07:30:20 Q=5
2026-01-05 20:20:22,801 - INFO - [GINSLIB] processing : 2025/04/19 07:30:21 Q=5
2026-01-05 20:20:22,801 - INFO - [GINSLIB] processing : 2025/04/19 07:30:22 Q=5
2026-01-05 20:20:22,801 - INFO - [GINSLIB] processing : 2025/04/19 07:30:23 Q=5
2026-01-05 20:20:22,801 - INFO - [GINSLIB] processing : 2025/04/19 07:30:24 Q=5
2026-01-05 20:20:22,801 - INFO - [GINSLIB] processing : 2025/04/19 07:30:25 Q=5
2026-01-05 20:20:22,801 - INFO - [GINSLIB] processing : 2025/04/19 07:30:26 Q=5
2026-01-05 20:20:22,802 - INFO - [GINSLIB] processing : 2025/04/19 07:30:27 Q=5
2026-01-05 20:20:22,802 - INFO - [GINSLIB] processing : 2025/04/19 07:30:28 Q=5
2026-01-05 20:20:22,802 - INFO - [GINSLIB] processing : 2025/04/19 07:30:29 Q=5
2026-01-05 20:20:22,802 - INFO - [GINSLIB] processing : 2025/04/19 07:30:30 Q=5
2026-01-05 20:20:22,802 - INFO - [GINSLIB] processing : 2025/04/19 07:30:31 Q=5
2026-01-05 20:20:22,802 - INFO - [GINSLIB] processing : 2025/04/19 07:30:32 Q=5
2026-01-05 20:20:22,802 - INFO - [GINSLIB] processing : 2025/04/19 07:30:33 Q=5
2026-01-05 20:20:22,802 - INFO - [GINSLIB] processing : 2025/04/19 07:30:34 Q=5
2026-01-05 20:20:22,802 - INFO - [GINSLIB] processing : 2025/04/19 07:30:35 Q=5
2026-01-05 20:20:22,802 - INFO - [GINSLIB] processing : 2025/04/19 07:30:36 Q=5
2026-01-05 20:20:22,802 - INFO - [GINSLIB] processing : 2025/04/19 07:30:37 Q=5
2026-01-05 20:20:22,802 - INFO - [GINSLIB] processing : 2025/04/19 07:30:38 Q=5
2026-01-05 20:20:22,803 - INFO - [GINSLIB] processing : 2025/04/19 07:30:39 Q=5
2026-01-05 20:20:22,803 - INFO - [GINSLIB] processing : 2025/04/19 07:30:40 Q=5
2026-01-05 20:20:22,803 - INFO - [GINSLIB] processing : 2025/04/19 07:30:41 Q=5
2026-01-05 20:20:22,803 - INFO - [GINSLIB] processing : 2025/04/19 07:30:42 Q=5
2026-01-05 20:20:22,803 - INFO - [GINSLIB] processing : 2025/04/19 07:30:43 Q=5
2026-01-05 20:20:22,803 - INFO - [GINSLIB] processing : 2025/04/19 07:30:44 Q=5
2026-01-05 20:20:22,803 - INFO - [GINSLIB] processing : 2025/04/19 07:30:45 Q=5
2026-01-05 20:20:22,803 - INFO - [GINSLIB] processing : 2025/04/19 07:30:46 Q=5
2026-01-05 20:20:22,803 - INFO - [GINSLIB] processing : 2025/04/19 07:30:47 Q=0
2026-01-05 20:20:22,803 - INFO - [GINSLIB] processing : 2025/04/19 07:30:48 Q=5
2026-01-05 20:20:22,803 - INFO - [GINSLIB] processing : 2025/04/19 07:30:49 Q=5
2026-01-05 20:20:22,803 - INFO - [GINSLIB] processing : 2025/04/19 07:30:50 Q=5
2026-01-05 20:20:22,804 - INFO - [GINSLIB] processing : 2025/04/19 07:30:51 Q=5
2026-01-05 20:20:22,804 - INFO - [GINSLIB] processing : 2025/04/19 07:30:52 Q=5
2026-01-05 20:20:22,804 - INFO - [GINSLIB] processing : 2025/04/19 07:30:53 Q=0
2026-01-05 20:20:22,804 - INFO - [GINSLIB] processing : 2025/04/19 07:30:54 Q=5
2026-01-05 20:20:22,804 - INFO - [GINSLIB] processing : 2025/04/19 07:30:55 Q=5
2026-01-05 20:20:22,804 - INFO - [GINSLIB] processing : 2025/04/19 07:30:56 Q=0
2026-01-05 20:20:22,804 - INFO - [GINSLIB] processing : 2025/04/19 07:30:57 Q=5
2026-01-05 20:20:22,804 - INFO - [GINSLIB] processing : 2025/04/19 07:30:58 Q=5
2026-01-05 20:20:22,804 - INFO - [GINSLIB] processing : 2025/04/19 07:30:59 Q=5
2026-01-05 20:20:22,804 - INFO - [GINSLIB] processing : 2025/04/19 07:31:00 Q=0
2026-01-05 20:20:22,804 - INFO - [GINSLIB] processing : 2025/04/19 07:31:01 Q=0
2026-01-05 20:20:22,805 - INFO - [GINSLIB] processing : 2025/04/19 07:31:02 Q=5
2026-01-05 20:20:22,805 - INFO - [GINSLIB] processing : 2025/04/19 07:31:03 Q=5
2026-01-05 20:20:22,805 - INFO - [GINSLIB] processing : 2025/04/19 07:31:04 Q=0
2026-01-05 20:20:22,805 - INFO - [GINSLIB] processing : 2025/04/19 07:31:05 Q=5
2026-01-05 20:20:22,805 - INFO - [GINSLIB] processing : 2025/04/19 07:31:06 Q=5
2026-01-05 20:20:22,805 - INFO - [GINSLIB] processing : 2025/04/19 07:31:07 Q=0
2026-01-05 20:20:22,805 - INFO - [GINSLIB] processing : 2025/04/19 07:31:08 Q=5
2026-01-05 20:20:22,805 - INFO - [GINSLIB] processing : 2025/04/19 07:31:09 Q=5
2026-01-05 20:20:22,805 - INFO - [GINSLIB] processing : 2025/04/19 07:31:10 Q=5
2026-01-05 20:20:22,805 - INFO - [GINSLIB] processing : 2025/04/19 07:31:11 Q=5
2026-01-05 20:20:22,805 - INFO - [GINSLIB] processing : 2025/04/19 07:31:12 Q=0
2026-01-05 20:20:22,805 - INFO - [GINSLIB] processing : 2025/04/19 07:31:13 Q=5
2026-01-05 20:20:22,805 - INFO - [GINSLIB] processing : 2025/04/19 07:31:14 Q=5
2026-01-05 20:20:22,805 - INFO - [GINSLIB] processing : 2025/04/19 07:31:15 Q=5
2026-01-05 20:20:22,805 - INFO - [GINSLIB] processing : 2025/04/19 07:31:16 Q=5
2026-01-05 20:20:22,806 - INFO - [GINSLIB] processing : 2025/04/19 07:31:17 Q=5
2026-01-05 20:20:22,806 - INFO - [GINSLIB] processing : 2025/04/19 07:31:18 Q=5
2026-01-05 20:20:22,806 - INFO - [GINSLIB] processing : 2025/04/19 07:31:19 Q=0
2026-01-05 20:20:22,806 - INFO - [GINSLIB] processing : 2025/04/19 07:31:20 Q=5
2026-01-05 20:20:22,806 - INFO - [GINSLIB] processing : 2025/04/19 07:31:21 Q=5
2026-01-05 20:20:22,806 - INFO - [GINSLIB] processing : 2025/04/19 07:31:22 Q=5
2026-01-05 20:20:22,806 - INFO - [GINSLIB] processing : 2025/04/19 07:31:23 Q=5
2026-01-05 20:20:22,806 - INFO - [GINSLIB] processing : 2025/04/19 07:31:24 Q=5
2026-01-05 20:20:22,806 - INFO - [GINSLIB] processing : 2025/04/19 07:31:25 Q=5
2026-01-05 20:20:22,806 - INFO - [GINSLIB] processing : 2025/04/19 07:31:26 Q=5
2026-01-05 20:20:22,806 - INFO - [GINSLIB] processing : 2025/04/19 07:31:27 Q=5
2026-01-05 20:20:22,806 - INFO - [GINSLIB] processing : 2025/04/19 07:31:28 Q=5
2026-01-05 20:20:22,806 - INFO - [GINSLIB] processing : 2025/04/19 07:31:29 Q=5
2026-01-05 20:20:22,806 - INFO - [GINSLIB] processing : 2025/04/19 07:31:30 Q=0
2026-01-05 20:20:22,806 - INFO - [GINSLIB] processing : 2025/04/19 07:31:31 Q=5
2026-01-05 20:20:22,806 - INFO - [GINSLIB] processing : 2025/04/19 07:31:32 Q=5
2026-01-05 20:20:22,807 - INFO - [GINSLIB] processing : 2025/04/19 07:31:33 Q=5
2026-01-05 20:20:23,101 - INFO - [GINSLIB] processing : 2025/04/19 07:31:34 Q=5
2026-01-05 20:20:23,101 - INFO - [GINSLIB] processing : 2025/04/19 07:31:35 Q=5
2026-01-05 20:20:23,101 - INFO - [GINSLIB] processing : 2025/04/19 07:31:36 Q=5
2026-01-05 20:20:23,102 - INFO - [GINSLIB] processing : 2025/04/19 07:31:37 Q=5
2026-01-05 20:20:23,102 - INFO - [GINSLIB] processing : 2025/04/19 07:31:38 Q=5
2026-01-05 20:20:23,102 - INFO - [GINSLIB] processing : 2025/04/19 07:31:39 Q=5
2026-01-05 20:20:23,102 - INFO - [GINSLIB] processing : 2025/04/19 07:31:40 Q=5
2026-01-05 20:20:23,103 - INFO - [GINSLIB] processing : 2025/04/19 07:31:41 Q=5
2026-01-05 20:20:23,103 - INFO - [GINSLIB] processing : 2025/04/19 07:31:42 Q=5
2026-01-05 20:20:23,103 - INFO - [GINSLIB] processing : 2025/04/19 07:31:43 Q=5
2026-01-05 20:20:23,103 - INFO - [GINSLIB] processing : 2025/04/19 07:31:44 Q=5
2026-01-05 20:20:23,103 - INFO - [GINSLIB] processing : 2025/04/19 07:31:45 Q=5
2026-01-05 20:20:23,103 - INFO - [GINSLIB] processing : 2025/04/19 07:31:46 Q=5
2026-01-05 20:20:23,104 - INFO - [GINSLIB] processing : 2025/04/19 07:31:47 Q=5
2026-01-05 20:20:23,104 - INFO - [GINSLIB] processing : 2025/04/19 07:31:48 Q=5
2026-01-05 20:20:23,104 - INFO - [GINSLIB] processing : 2025/04/19 07:31:49 Q=5
2026-01-05 20:20:23,104 - INFO - [GINSLIB] processing : 2025/04/19 07:31:50 Q=5
2026-01-05 20:20:23,104 - INFO - [GINSLIB] processing : 2025/04/19 07:31:51 Q=5
2026-01-05 20:20:23,104 - INFO - [GINSLIB] processing : 2025/04/19 07:31:52 Q=5
2026-01-05 20:20:23,104 - INFO - [GINSLIB] processing : 2025/04/19 07:31:53 Q=5
2026-01-05 20:20:23,104 - INFO - [GINSLIB] processing : 2025/04/19 07:31:54 Q=5
2026-01-05 20:20:23,105 - INFO - [GINSLIB] processing : 2025/04/19 07:31:55 Q=5
2026-01-05 20:20:23,105 - INFO - [GINSLIB] processing : 2025/04/19 07:31:56 Q=5
2026-01-05 20:20:23,105 - INFO - [GINSLIB] processing : 2025/04/19 07:31:57 Q=5
2026-01-05 20:20:23,105 - INFO - [GINSLIB] processing : 2025/04/19 07:31:58 Q=5
2026-01-05 20:20:23,105 - INFO - [GINSLIB] processing : 2025/04/19 07:31:59 Q=5
2026-01-05 20:20:23,105 - INFO - [GINSLIB] processing : 2025/04/19 07:32:00 Q=5
2026-01-05 20:20:23,105 - INFO - [GINSLIB] processing : 2025/04/19 07:32:01 Q=5
2026-01-05 20:20:23,105 - INFO - [GINSLIB] processing : 2025/04/19 07:32:02 Q=5
2026-01-05 20:20:23,105 - INFO - [GINSLIB] processing : 2025/04/19 07:32:03 Q=5
2026-01-05 20:20:23,105 - INFO - [GINSLIB] processing : 2025/04/19 07:32:04 Q=5
2026-01-05 20:20:23,105 - INFO - [GINSLIB] processing : 2025/04/19 07:32:05 Q=5
2026-01-05 20:20:23,105 - INFO - [GINSLIB] processing : 2025/04/19 07:32:06 Q=5
2026-01-05 20:20:23,105 - INFO - [GINSLIB] processing : 2025/04/19 07:32:07 Q=5
2026-01-05 20:20:23,105 - INFO - [GINSLIB] processing : 2025/04/19 07:32:08 Q=5
2026-01-05 20:20:23,105 - INFO - [GINSLIB] processing : 2025/04/19 07:32:09 Q=5
2026-01-05 20:20:23,106 - INFO - [GINSLIB] processing : 2025/04/19 07:32:10 Q=5
2026-01-05 20:20:23,106 - INFO - [GINSLIB] processing : 2025/04/19 07:32:11 Q=5
2026-01-05 20:20:23,106 - INFO - [GINSLIB] processing : 2025/04/19 07:32:12 Q=5
2026-01-05 20:20:23,106 - INFO - [GINSLIB] processing : 2025/04/19 07:32:13 Q=5
2026-01-05 20:20:23,106 - INFO - [GINSLIB] processing : 2025/04/19 07:32:14 Q=5
2026-01-05 20:20:23,106 - INFO - [GINSLIB] processing : 2025/04/19 07:32:15 Q=5
2026-01-05 20:20:23,106 - INFO - [GINSLIB] processing : 2025/04/19 07:32:16 Q=5
2026-01-05 20:20:23,106 - INFO - [GINSLIB] processing : 2025/04/19 07:32:17 Q=5
2026-01-05 20:20:23,106 - INFO - [GINSLIB] processing : 2025/04/19 07:32:18 Q=5
2026-01-05 20:20:23,106 - INFO - [GINSLIB] processing : 2025/04/19 07:32:19 Q=5
2026-01-05 20:20:23,106 - INFO - [GINSLIB] processing : 2025/04/19 07:32:20 Q=5
2026-01-05 20:20:23,106 - INFO - [GINSLIB] processing : 2025/04/19 07:32:21 Q=5
2026-01-05 20:20:23,106 - INFO - [GINSLIB] processing : 2025/04/19 07:32:22 Q=5
2026-01-05 20:20:23,106 - INFO - [GINSLIB] processing : 2025/04/19 07:32:23 Q=5
2026-01-05 20:20:23,106 - INFO - [GINSLIB] processing : 2025/04/19 07:32:24 Q=5
2026-01-05 20:20:23,106 - INFO - [GINSLIB] processing : 2025/04/19 07:32:25 Q=5
2026-01-05 20:20:23,107 - INFO - [GINSLIB] processing : 2025/04/19 07:32:26 Q=5
2026-01-05 20:20:23,107 - INFO - [GINSLIB] processing : 2025/04/19 07:32:27 Q=5
2026-01-05 20:20:23,107 - INFO - [GINSLIB] processing : 2025/04/19 07:32:28 Q=5
2026-01-05 20:20:23,107 - INFO - [GINSLIB] processing : 2025/04/19 07:32:29 Q=5
2026-01-05 20:20:23,107 - INFO - [GINSLIB] processing : 2025/04/19 07:32:30 Q=5
2026-01-05 20:20:23,107 - INFO - [GINSLIB] processing : 2025/04/19 07:32:31 Q=5
2026-01-05 20:20:23,107 - INFO - [GINSLIB] processing : 2025/04/19 07:32:32 Q=5
2026-01-05 20:20:23,107 - INFO - [GINSLIB] processing : 2025/04/19 07:32:33 Q=5
2026-01-05 20:20:23,107 - INFO - [GINSLIB] processing : 2025/04/19 07:32:34 Q=5
2026-01-05 20:20:23,107 - INFO - [GINSLIB] processing : 2025/04/19 07:32:35 Q=5
2026-01-05 20:20:23,107 - INFO - [GINSLIB] processing : 2025/04/19 07:32:36 Q=5
2026-01-05 20:20:23,107 - INFO - [GINSLIB] processing : 2025/04/19 07:32:37 Q=5
2026-01-05 20:20:23,107 - INFO - [GINSLIB] processing : 2025/04/19 07:32:38 Q=5
2026-01-05 20:20:23,107 - INFO - [GINSLIB] processing : 2025/04/19 07:32:39 Q=5
2026-01-05 20:20:23,107 - INFO - [GINSLIB] processing : 2025/04/19 07:32:40 Q=5
2026-01-05 20:20:23,107 - INFO - [GINSLIB] processing : 2025/04/19 07:32:41 Q=5
2026-01-05 20:20:23,108 - INFO - [GINSLIB] processing : 2025/04/19 07:32:42 Q=5
2026-01-05 20:20:23,108 - INFO - [GINSLIB] processing : 2025/04/19 07:32:43 Q=5
2026-01-05 20:20:23,108 - INFO - [GINSLIB] processing : 2025/04/19 07:32:44 Q=5
2026-01-05 20:20:23,108 - INFO - [GINSLIB] processing : 2025/04/19 07:32:45 Q=5
2026-01-05 20:20:23,108 - INFO - [GINSLIB] processing : 2025/04/19 07:32:46 Q=5
2026-01-05 20:20:23,108 - INFO - [GINSLIB] processing : 2025/04/19 07:32:47 Q=5
2026-01-05 20:20:23,108 - INFO - [GINSLIB] processing : 2025/04/19 07:32:48 Q=5
2026-01-05 20:20:23,108 - INFO - [GINSLIB] processing : 2025/04/19 07:32:49 Q=5
2026-01-05 20:20:23,108 - INFO - [GINSLIB] processing : 2025/04/19 07:32:50 Q=5
2026-01-05 20:20:23,108 - INFO - [GINSLIB] processing : 2025/04/19 07:32:51 Q=5
2026-01-05 20:20:23,108 - INFO - [GINSLIB] processing : 2025/04/19 07:32:52 Q=5
2026-01-05 20:20:23,108 - INFO - [GINSLIB] processing : 2025/04/19 07:32:53 Q=5
2026-01-05 20:20:23,108 - INFO - [GINSLIB] processing : 2025/04/19 07:32:54 Q=5
2026-01-05 20:20:23,108 - INFO - [GINSLIB] processing : 2025/04/19 07:32:55 Q=5
2026-01-05 20:20:23,108 - INFO - [GINSLIB] processing : 2025/04/19 07:32:56 Q=5
2026-01-05 20:20:23,108 - INFO - [GINSLIB] processing : 2025/04/19 07:32:57 Q=5
2026-01-05 20:20:23,109 - INFO - [GINSLIB] processing : 2025/04/19 07:32:58 Q=5
2026-01-05 20:20:23,109 - INFO - [GINSLIB] processing : 2025/04/19 07:32:59 Q=5
2026-01-05 20:20:23,109 - INFO - [GINSLIB] processing : 2025/04/19 07:33:00 Q=5
2026-01-05 20:20:23,109 - INFO - [GINSLIB] processing : 2025/04/19 07:33:01 Q=5
2026-01-05 20:20:23,109 - INFO - [GINSLIB] processing : 2025/04/19 07:33:02 Q=5
2026-01-05 20:20:23,109 - INFO - [GINSLIB] processing : 2025/04/19 07:33:03 Q=5
2026-01-05 20:20:23,109 - INFO - [GINSLIB] processing : 2025/04/19 07:33:04 Q=5
2026-01-05 20:20:23,109 - INFO - [GINSLIB] processing : 2025/04/19 07:33:05 Q=5
2026-01-05 20:20:23,109 - INFO - [GINSLIB] processing : 2025/04/19 07:33:06 Q=5
2026-01-05 20:20:23,110 - INFO - [GINSLIB] processing : 2025/04/19 07:33:07 Q=5
2026-01-05 20:20:23,110 - INFO - [GINSLIB] processing : 2025/04/19 07:33:08 Q=5
2026-01-05 20:20:23,110 - INFO - [GINSLIB] processing : 2025/04/19 07:33:09 Q=5
2026-01-05 20:20:23,111 - INFO - [GINSLIB] processing : 2025/04/19 07:33:10 Q=5
2026-01-05 20:20:23,111 - INFO - [GINSLIB] processing : 2025/04/19 07:33:11 Q=5
2026-01-05 20:20:23,111 - INFO - [GINSLIB] processing : 2025/04/19 07:33:12 Q=5
2026-01-05 20:20:23,111 - INFO - [GINSLIB] processing : 2025/04/19 07:33:13 Q=5
2026-01-05 20:20:23,111 - INFO - [GINSLIB] processing : 2025/04/19 07:33:14 Q=5
2026-01-05 20:20:23,111 - INFO - [GINSLIB] processing : 2025/04/19 07:33:15 Q=5
2026-01-05 20:20:23,112 - INFO - [GINSLIB] processing : 2025/04/19 07:33:16 Q=5
2026-01-05 20:20:23,112 - INFO - [GINSLIB] processing : 2025/04/19 07:33:17 Q=5
2026-01-05 20:20:23,112 - INFO - [GINSLIB] processing : 2025/04/19 07:33:18 Q=5
2026-01-05 20:20:23,112 - INFO - [GINSLIB] processing : 2025/04/19 07:33:19 Q=5
2026-01-05 20:20:23,112 - INFO - [GINSLIB] processing : 2025/04/19 07:33:20 Q=5
2026-01-05 20:20:23,113 - INFO - [GINSLIB] processing : 2025/04/19 07:33:21 Q=5
2026-01-05 20:20:23,113 - INFO - [GINSLIB] processing : 2025/04/19 07:33:22 Q=5
2026-01-05 20:20:23,113 - INFO - [GINSLIB] processing : 2025/04/19 07:33:23 Q=5
2026-01-05 20:20:23,417 - INFO - [GINSLIB] processing : 2025/04/19 07:33:24 Q=5
2026-01-05 20:20:23,417 - INFO - [GINSLIB] processing : 2025/04/19 07:33:25 Q=5
2026-01-05 20:20:23,417 - INFO - [GINSLIB] processing : 2025/04/19 07:33:26 Q=5
2026-01-05 20:20:23,417 - INFO - [GINSLIB] processing : 2025/04/19 07:33:27 Q=5
2026-01-05 20:20:23,418 - INFO - [GINSLIB] processing : 2025/04/19 07:33:28 Q=5
2026-01-05 20:20:23,418 - INFO - [GINSLIB] processing : 2025/04/19 07:33:29 Q=5
2026-01-05 20:20:23,418 - INFO - [GINSLIB] processing : 2025/04/19 07:33:30 Q=5
2026-01-05 20:20:23,418 - INFO - [GINSLIB] processing : 2025/04/19 07:33:31 Q=5
2026-01-05 20:20:23,418 - INFO - [GINSLIB] processing : 2025/04/19 07:33:32 Q=5
2026-01-05 20:20:23,418 - INFO - [GINSLIB] processing : 2025/04/19 07:33:33 Q=5
2026-01-05 20:20:23,419 - INFO - [GINSLIB] processing : 2025/04/19 07:33:34 Q=5
2026-01-05 20:20:23,419 - INFO - [GINSLIB] processing : 2025/04/19 07:33:35 Q=5
2026-01-05 20:20:23,419 - INFO - [GINSLIB] processing : 2025/04/19 07:33:36 Q=5
2026-01-05 20:20:23,419 - INFO - [GINSLIB] processing : 2025/04/19 07:33:37 Q=5
2026-01-05 20:20:23,420 - INFO - [GINSLIB] processing : 2025/04/19 07:33:38 Q=5
2026-01-05 20:20:23,420 - INFO - [GINSLIB] processing : 2025/04/19 07:33:39 Q=5
2026-01-05 20:20:23,420 - INFO - [GINSLIB] processing : 2025/04/19 07:33:40 Q=5
2026-01-05 20:20:23,420 - INFO - [GINSLIB] processing : 2025/04/19 07:33:41 Q=5
2026-01-05 20:20:23,420 - INFO - [GINSLIB] processing : 2025/04/19 07:33:42 Q=5
2026-01-05 20:20:23,420 - INFO - [GINSLIB] processing : 2025/04/19 07:33:43 Q=5
2026-01-05 20:20:23,420 - INFO - [GINSLIB] processing : 2025/04/19 07:33:44 Q=5
2026-01-05 20:20:23,421 - INFO - [GINSLIB] processing : 2025/04/19 07:33:45 Q=5
2026-01-05 20:20:23,421 - INFO - [GINSLIB] processing : 2025/04/19 07:33:46 Q=0
2026-01-05 20:20:23,421 - INFO - [GINSLIB] processing : 2025/04/19 07:33:47 Q=5
2026-01-05 20:20:23,421 - INFO - [GINSLIB] processing : 2025/04/19 07:33:48 Q=5
2026-01-05 20:20:23,421 - INFO - [GINSLIB] processing : 2025/04/19 07:33:49 Q=0
2026-01-05 20:20:23,421 - INFO - [GINSLIB] processing : 2025/04/19 07:33:50 Q=5
2026-01-05 20:20:23,422 - INFO - [GINSLIB] processing : 2025/04/19 07:33:51 Q=0
2026-01-05 20:20:23,422 - INFO - [GINSLIB] processing : 2025/04/19 07:33:52 Q=5
2026-01-05 20:20:23,422 - INFO - [GINSLIB] processing : 2025/04/19 07:33:53 Q=0
2026-01-05 20:20:23,422 - INFO - [GINSLIB] processing : 2025/04/19 07:33:54 Q=0
2026-01-05 20:20:23,422 - INFO - [GINSLIB] processing : 2025/04/19 07:33:55 Q=0
2026-01-05 20:20:23,422 - INFO - [GINSLIB] processing : 2025/04/19 07:33:56 Q=0
2026-01-05 20:20:23,422 - INFO - [GINSLIB] processing : 2025/04/19 07:33:57 Q=0
2026-01-05 20:20:23,422 - INFO - [GINSLIB] processing : 2025/04/19 07:33:58 Q=5
2026-01-05 20:20:23,423 - INFO - [GINSLIB] processing : 2025/04/19 07:33:59 Q=5
2026-01-05 20:20:23,423 - INFO - [GINSLIB] processing : 2025/04/19 07:34:00 Q=5
2026-01-05 20:20:23,423 - INFO - [GINSLIB] processing : 2025/04/19 07:34:01 Q=0
2026-01-05 20:20:23,423 - INFO - [GINSLIB] processing : 2025/04/19 07:34:02 Q=0
2026-01-05 20:20:23,423 - INFO - [GINSLIB] processing : 2025/04/19 07:34:03 Q=5
2026-01-05 20:20:23,424 - INFO - [GINSLIB] processing : 2025/04/19 07:34:04 Q=5
2026-01-05 20:20:23,424 - INFO - [GINSLIB] processing : 2025/04/19 07:34:05 Q=5
2026-01-05 20:20:23,424 - INFO - [GINSLIB] processing : 2025/04/19 07:34:06 Q=5
2026-01-05 20:20:23,424 - INFO - [GINSLIB] processing : 2025/04/19 07:34:07 Q=0
2026-01-05 20:20:23,424 - INFO - [GINSLIB] processing : 2025/04/19 07:34:08 Q=0
2026-01-05 20:20:23,424 - INFO - [GINSLIB] processing : 2025/04/19 07:34:09 Q=5
2026-01-05 20:20:23,424 - INFO - [GINSLIB] processing : 2025/04/19 07:34:10 Q=5
2026-01-05 20:20:23,425 - INFO - [GINSLIB] processing : 2025/04/19 07:34:11 Q=5
2026-01-05 20:20:23,425 - INFO - [GINSLIB] processing : 2025/04/19 07:34:12 Q=5
2026-01-05 20:20:23,425 - INFO - [GINSLIB] processing : 2025/04/19 07:34:13 Q=5
2026-01-05 20:20:23,425 - INFO - [GINSLIB] processing : 2025/04/19 07:34:14 Q=5
2026-01-05 20:20:23,425 - INFO - [GINSLIB] processing : 2025/04/19 07:34:15 Q=5
2026-01-05 20:20:23,425 - INFO - [GINSLIB] processing : 2025/04/19 07:34:16 Q=0
2026-01-05 20:20:23,425 - INFO - [GINSLIB] processing : 2025/04/19 07:34:17 Q=5
2026-01-05 20:20:23,425 - INFO - [GINSLIB] processing : 2025/04/19 07:34:18 Q=5
2026-01-05 20:20:23,425 - INFO - [GINSLIB] processing : 2025/04/19 07:34:19 Q=5
2026-01-05 20:20:23,425 - INFO - [GINSLIB] processing : 2025/04/19 07:34:20 Q=0
2026-01-05 20:20:23,426 - INFO - [GINSLIB] processing : 2025/04/19 07:34:21 Q=0
2026-01-05 20:20:23,426 - INFO - [GINSLIB] processing : 2025/04/19 07:34:22 Q=0
2026-01-05 20:20:23,426 - INFO - [GINSLIB] processing : 2025/04/19 07:34:23 Q=5
2026-01-05 20:20:23,426 - INFO - [GINSLIB] processing : 2025/04/19 07:34:24 Q=5
2026-01-05 20:20:23,426 - INFO - [GINSLIB] processing : 2025/04/19 07:34:25 Q=5
2026-01-05 20:20:23,426 - INFO - [GINSLIB] processing : 2025/04/19 07:34:26 Q=5
2026-01-05 20:20:23,426 - INFO - [GINSLIB] processing : 2025/04/19 07:34:27 Q=5
2026-01-05 20:20:23,426 - INFO - [GINSLIB] processing : 2025/04/19 07:34:28 Q=5
2026-01-05 20:20:23,426 - INFO - [GINSLIB] processing : 2025/04/19 07:34:29 Q=0
2026-01-05 20:20:23,426 - INFO - [GINSLIB] processing : 2025/04/19 07:34:30 Q=5
2026-01-05 20:20:23,426 - INFO - [GINSLIB] processing : 2025/04/19 07:34:31 Q=5
2026-01-05 20:20:23,426 - INFO - [GINSLIB] processing : 2025/04/19 07:34:32 Q=5
2026-01-05 20:20:23,426 - INFO - [GINSLIB] processing : 2025/04/19 07:34:33 Q=5
2026-01-05 20:20:23,426 - INFO - [GINSLIB] processing : 2025/04/19 07:34:34 Q=5
2026-01-05 20:20:23,426 - INFO - [GINSLIB] processing : 2025/04/19 07:34:35 Q=5
2026-01-05 20:20:23,426 - INFO - [GINSLIB] processing : 2025/04/19 07:34:36 Q=5
2026-01-05 20:20:23,427 - INFO - [GINSLIB] processing : 2025/04/19 07:34:37 Q=5
2026-01-05 20:20:23,427 - INFO - [GINSLIB] processing : 2025/04/19 07:34:38 Q=5
2026-01-05 20:20:23,427 - INFO - [GINSLIB] processing : 2025/04/19 07:34:39 Q=0
2026-01-05 20:20:23,427 - INFO - [GINSLIB] processing : 2025/04/19 07:34:40 Q=5
2026-01-05 20:20:23,427 - INFO - [GINSLIB] processing : 2025/04/19 07:34:41 Q=5
2026-01-05 20:20:23,427 - INFO - [GINSLIB] processing : 2025/04/19 07:34:42 Q=5
2026-01-05 20:20:23,427 - INFO - [GINSLIB] processing : 2025/04/19 07:34:43 Q=5
2026-01-05 20:20:23,427 - INFO - [GINSLIB] processing : 2025/04/19 07:34:44 Q=5
2026-01-05 20:20:23,427 - INFO - [GINSLIB] processing : 2025/04/19 07:34:45 Q=5
2026-01-05 20:20:23,427 - INFO - [GINSLIB] processing : 2025/04/19 07:34:46 Q=5
2026-01-05 20:20:23,427 - INFO - [GINSLIB] processing : 2025/04/19 07:34:47 Q=5
2026-01-05 20:20:23,427 - INFO - [GINSLIB] processing : 2025/04/19 07:34:48 Q=5
2026-01-05 20:20:23,427 - INFO - [GINSLIB] processing : 2025/04/19 07:34:49 Q=5
2026-01-05 20:20:23,427 - INFO - [GINSLIB] processing : 2025/04/19 07:34:50 Q=5
2026-01-05 20:20:23,427 - INFO - [GINSLIB] processing : 2025/04/19 07:34:51 Q=5
2026-01-05 20:20:23,428 - INFO - [GINSLIB] processing : 2025/04/19 07:34:52 Q=5
2026-01-05 20:20:23,428 - INFO - [GINSLIB] processing : 2025/04/19 07:34:53 Q=5
2026-01-05 20:20:23,428 - INFO - [GINSLIB] processing : 2025/04/19 07:34:54 Q=5
2026-01-05 20:20:23,428 - INFO - [GINSLIB] processing : 2025/04/19 07:34:55 Q=5
2026-01-05 20:20:23,428 - INFO - [GINSLIB] processing : 2025/04/19 07:34:56 Q=5
2026-01-05 20:20:23,428 - INFO - [GINSLIB] processing : 2025/04/19 07:34:57 Q=5
2026-01-05 20:20:23,428 - INFO - [GINSLIB] processing : 2025/04/19 07:34:58 Q=5
2026-01-05 20:20:23,428 - INFO - [GINSLIB] processing : 2025/04/19 07:34:59 Q=5
2026-01-05 20:20:23,428 - INFO - [GINSLIB] processing : 2025/04/19 07:35:00 Q=5
2026-01-05 20:20:23,428 - INFO - [GINSLIB] processing : 2025/04/19 07:35:01 Q=5
2026-01-05 20:20:23,428 - INFO - [GINSLIB] processing : 2025/04/19 07:35:02 Q=5
2026-01-05 20:20:23,428 - INFO - [GINSLIB] processing : 2025/04/19 07:35:03 Q=5
2026-01-05 20:20:23,428 - INFO - [GINSLIB] processing : 2025/04/19 07:35:04 Q=5
2026-01-05 20:20:23,428 - INFO - [GINSLIB] processing : 2025/04/19 07:35:05 Q=5
2026-01-05 20:20:23,428 - INFO - [GINSLIB] processing : 2025/04/19 07:35:06 Q=5
2026-01-05 20:20:23,428 - INFO - [GINSLIB] processing : 2025/04/19 07:35:07 Q=5
2026-01-05 20:20:23,428 - INFO - [GINSLIB] processing : 2025/04/19 07:35:08 Q=5
2026-01-05 20:20:23,429 - INFO - [GINSLIB] processing : 2025/04/19 07:35:09 Q=5
2026-01-05 20:20:23,429 - INFO - [GINSLIB] processing : 2025/04/19 07:35:10 Q=5
2026-01-05 20:20:23,429 - INFO - [GINSLIB] processing : 2025/04/19 07:35:11 Q=5
2026-01-05 20:20:23,429 - INFO - [GINSLIB] processing : 2025/04/19 07:35:12 Q=5
2026-01-05 20:20:23,429 - INFO - [GINSLIB] processing : 2025/04/19 07:35:13 Q=5
2026-01-05 20:20:23,429 - INFO - [GINSLIB] processing : 2025/04/19 07:35:14 Q=5
2026-01-05 20:20:23,730 - INFO - [GINSLIB] processing : 2025/04/19 07:35:15 Q=5
2026-01-05 20:20:23,730 - INFO - [GINSLIB] processing : 2025/04/19 07:35:16 Q=5
2026-01-05 20:20:23,730 - INFO - [GINSLIB] processing : 2025/04/19 07:35:17 Q=5
2026-01-05 20:20:23,730 - INFO - [GINSLIB] processing : 2025/04/19 07:35:18 Q=5
2026-01-05 20:20:23,731 - INFO - [GINSLIB] processing : 2025/04/19 07:35:19 Q=5
2026-01-05 20:20:23,731 - INFO - [GINSLIB] processing : 2025/04/19 07:35:20 Q=5
2026-01-05 20:20:23,731 - INFO - [GINSLIB] processing : 2025/04/19 07:35:21 Q=5
2026-01-05 20:20:23,731 - INFO - [GINSLIB] processing : 2025/04/19 07:35:22 Q=5
2026-01-05 20:20:23,732 - INFO - [GINSLIB] processing : 2025/04/19 07:35:23 Q=5
2026-01-05 20:20:23,732 - INFO - [GINSLIB] processing : 2025/04/19 07:35:24 Q=5
2026-01-05 20:20:23,732 - INFO - [GINSLIB] processing : 2025/04/19 07:35:25 Q=5
2026-01-05 20:20:23,732 - INFO - [GINSLIB] processing : 2025/04/19 07:35:26 Q=5
2026-01-05 20:20:23,733 - INFO - [GINSLIB] processing : 2025/04/19 07:35:27 Q=5
2026-01-05 20:20:23,733 - INFO - [GINSLIB] processing : 2025/04/19 07:35:28 Q=5
2026-01-05 20:20:23,733 - INFO - [GINSLIB] processing : 2025/04/19 07:35:29 Q=5
2026-01-05 20:20:23,733 - INFO - [GINSLIB] processing : 2025/04/19 07:35:30 Q=5
2026-01-05 20:20:23,734 - INFO - [GINSLIB] processing : 2025/04/19 07:35:31 Q=5
2026-01-05 20:20:23,734 - INFO - [GINSLIB] processing : 2025/04/19 07:35:32 Q=5
2026-01-05 20:20:23,734 - INFO - [GINSLIB] processing : 2025/04/19 07:35:33 Q=5
2026-01-05 20:20:23,734 - INFO - [GINSLIB] processing : 2025/04/19 07:35:34 Q=5
2026-01-05 20:20:23,734 - INFO - [GINSLIB] processing : 2025/04/19 07:35:35 Q=5
2026-01-05 20:20:23,734 - INFO - [GINSLIB] processing : 2025/04/19 07:35:36 Q=5
2026-01-05 20:20:23,734 - INFO - [GINSLIB] processing : 2025/04/19 07:35:37 Q=5
2026-01-05 20:20:23,735 - INFO - [GINSLIB] processing : 2025/04/19 07:35:38 Q=5
2026-01-05 20:20:23,735 - INFO - [GINSLIB] processing : 2025/04/19 07:35:39 Q=5
2026-01-05 20:20:23,735 - INFO - [GINSLIB] processing : 2025/04/19 07:35:40 Q=5
2026-01-05 20:20:23,735 - INFO - [GINSLIB] processing : 2025/04/19 07:35:41 Q=5
2026-01-05 20:20:23,735 - INFO - [GINSLIB] processing : 2025/04/19 07:35:42 Q=5
2026-01-05 20:20:23,735 - INFO - [GINSLIB] processing : 2025/04/19 07:35:43 Q=5
2026-01-05 20:20:23,735 - INFO - [GINSLIB] processing : 2025/04/19 07:35:44 Q=5
2026-01-05 20:20:23,736 - INFO - [GINSLIB] processing : 2025/04/19 07:35:45 Q=5
2026-01-05 20:20:23,736 - INFO - [GINSLIB] processing : 2025/04/19 07:35:46 Q=5
2026-01-05 20:20:23,736 - INFO - [GINSLIB] processing : 2025/04/19 07:35:47 Q=5
2026-01-05 20:20:23,736 - INFO - [GINSLIB] processing : 2025/04/19 07:35:48 Q=5
2026-01-05 20:20:23,736 - INFO - [GINSLIB] processing : 2025/04/19 07:35:49 Q=5
2026-01-05 20:20:23,736 - INFO - [GINSLIB] processing : 2025/04/19 07:35:50 Q=5
2026-01-05 20:20:23,736 - INFO - [GINSLIB] processing : 2025/04/19 07:35:51 Q=5
2026-01-05 20:20:23,736 - INFO - [GINSLIB] processing : 2025/04/19 07:35:52 Q=5
2026-01-05 20:20:23,737 - INFO - [GINSLIB] processing : 2025/04/19 07:35:53 Q=5
2026-01-05 20:20:23,737 - INFO - [GINSLIB] processing : 2025/04/19 07:35:54 Q=5
2026-01-05 20:20:23,737 - INFO - [GINSLIB] processing : 2025/04/19 07:35:55 Q=5
2026-01-05 20:20:23,737 - INFO - [GINSLIB] processing : 2025/04/19 07:35:56 Q=5
2026-01-05 20:20:23,737 - INFO - [GINSLIB] processing : 2025/04/19 07:35:57 Q=5
2026-01-05 20:20:23,737 - INFO - [GINSLIB] processing : 2025/04/19 07:35:58 Q=5
2026-01-05 20:20:23,737 - INFO - [GINSLIB] processing : 2025/04/19 07:35:59 Q=5
2026-01-05 20:20:23,738 - INFO - [GINSLIB] processing : 2025/04/19 07:36:00 Q=5
2026-01-05 20:20:23,738 - INFO - [GINSLIB] processing : 2025/04/19 07:36:01 Q=5
2026-01-05 20:20:23,738 - INFO - [GINSLIB] processing : 2025/04/19 07:36:02 Q=5
2026-01-05 20:20:23,738 - INFO - [GINSLIB] processing : 2025/04/19 07:36:03 Q=5
2026-01-05 20:20:23,738 - INFO - [GINSLIB] processing : 2025/04/19 07:36:04 Q=5
2026-01-05 20:20:23,738 - INFO - [GINSLIB] processing : 2025/04/19 07:36:05 Q=5
2026-01-05 20:20:23,738 - INFO - [GINSLIB] processing : 2025/04/19 07:36:06 Q=5
2026-01-05 20:20:23,738 - INFO - [GINSLIB] processing : 2025/04/19 07:36:07 Q=5
2026-01-05 20:20:23,738 - INFO - [GINSLIB] processing : 2025/04/19 07:36:08 Q=5
2026-01-05 20:20:23,738 - INFO - [GINSLIB] processing : 2025/04/19 07:36:09 Q=5
2026-01-05 20:20:23,738 - INFO - [GINSLIB] processing : 2025/04/19 07:36:10 Q=5
2026-01-05 20:20:23,738 - INFO - [GINSLIB] processing : 2025/04/19 07:36:11 Q=5
2026-01-05 20:20:23,738 - INFO - [GINSLIB] processing : 2025/04/19 07:36:12 Q=5
2026-01-05 20:20:23,738 - INFO - [GINSLIB] processing : 2025/04/19 07:36:13 Q=5
2026-01-05 20:20:23,738 - INFO - [GINSLIB] processing : 2025/04/19 07:36:14 Q=5
2026-01-05 20:20:23,739 - INFO - [GINSLIB] processing : 2025/04/19 07:36:15 Q=5
2026-01-05 20:20:23,739 - INFO - [GINSLIB] processing : 2025/04/19 07:36:16 Q=5
2026-01-05 20:20:23,739 - INFO - [GINSLIB] processing : 2025/04/19 07:36:17 Q=5
2026-01-05 20:20:23,739 - INFO - [GINSLIB] processing : 2025/04/19 07:36:18 Q=5
2026-01-05 20:20:23,739 - INFO - [GINSLIB] processing : 2025/04/19 07:36:19 Q=5
2026-01-05 20:20:23,739 - INFO - [GINSLIB] processing : 2025/04/19 07:36:20 Q=5
2026-01-05 20:20:23,739 - INFO - [GINSLIB] processing : 2025/04/19 07:36:21 Q=5
2026-01-05 20:20:23,739 - INFO - [GINSLIB] processing : 2025/04/19 07:36:22 Q=5
2026-01-05 20:20:23,739 - INFO - [GINSLIB] processing : 2025/04/19 07:36:23 Q=5
2026-01-05 20:20:23,739 - INFO - [GINSLIB] processing : 2025/04/19 07:36:24 Q=5
2026-01-05 20:20:23,739 - INFO - [GINSLIB] processing : 2025/04/19 07:36:25 Q=5
2026-01-05 20:20:23,739 - INFO - [GINSLIB] processing : 2025/04/19 07:36:26 Q=5
2026-01-05 20:20:23,739 - INFO - [GINSLIB] processing : 2025/04/19 07:36:27 Q=5
2026-01-05 20:20:23,739 - INFO - [GINSLIB] processing : 2025/04/19 07:36:28 Q=5
2026-01-05 20:20:23,739 - INFO - [GINSLIB] processing : 2025/04/19 07:36:29 Q=5
2026-01-05 20:20:23,739 - INFO - [GINSLIB] processing : 2025/04/19 07:36:30 Q=5
2026-01-05 20:20:23,739 - INFO - [GINSLIB] processing : 2025/04/19 07:36:31 Q=5
2026-01-05 20:20:23,740 - INFO - [GINSLIB] processing : 2025/04/19 07:36:32 Q=5
2026-01-05 20:20:23,740 - INFO - [GINSLIB] processing : 2025/04/19 07:36:33 Q=5
2026-01-05 20:20:23,740 - INFO - [GINSLIB] processing : 2025/04/19 07:36:34 Q=5
2026-01-05 20:20:23,740 - INFO - [GINSLIB] processing : 2025/04/19 07:36:35 Q=5
2026-01-05 20:20:23,740 - INFO - [GINSLIB] processing : 2025/04/19 07:36:36 Q=5
2026-01-05 20:20:23,740 - INFO - [GINSLIB] processing : 2025/04/19 07:36:37 Q=5
2026-01-05 20:20:23,740 - INFO - [GINSLIB] processing : 2025/04/19 07:36:38 Q=5
2026-01-05 20:20:23,740 - INFO - [GINSLIB] processing : 2025/04/19 07:36:39 Q=5
2026-01-05 20:20:23,740 - INFO - [GINSLIB] processing : 2025/04/19 07:36:40 Q=5
2026-01-05 20:20:23,740 - INFO - [GINSLIB] processing : 2025/04/19 07:36:41 Q=5
2026-01-05 20:20:23,740 - INFO - [GINSLIB] processing : 2025/04/19 07:36:42 Q=5
2026-01-05 20:20:23,740 - INFO - [GINSLIB] processing : 2025/04/19 07:36:43 Q=5
2026-01-05 20:20:23,740 - INFO - [GINSLIB] processing : 2025/04/19 07:36:44 Q=5
2026-01-05 20:20:23,740 - INFO - [GINSLIB] processing : 2025/04/19 07:36:45 Q=5
2026-01-05 20:20:23,740 - INFO - [GINSLIB] processing : 2025/04/19 07:36:46 Q=5
2026-01-05 20:20:23,740 - INFO - [GINSLIB] processing : 2025/04/19 07:36:47 Q=5
2026-01-05 20:20:23,741 - INFO - [GINSLIB] processing : 2025/04/19 07:36:48 Q=5
2026-01-05 20:20:23,741 - INFO - [GINSLIB] processing : 2025/04/19 07:36:49 Q=5
2026-01-05 20:20:23,741 - INFO - [GINSLIB] processing : 2025/04/19 07:36:50 Q=5
2026-01-05 20:20:23,741 - INFO - [GINSLIB] processing : 2025/04/19 07:36:51 Q=5
2026-01-05 20:20:23,741 - INFO - [GINSLIB] processing : 2025/04/19 07:36:52 Q=5
2026-01-05 20:20:23,741 - INFO - [GINSLIB] processing : 2025/04/19 07:36:53 Q=5
2026-01-05 20:20:23,741 - INFO - [GINSLIB] processing : 2025/04/19 07:36:54 Q=5
2026-01-05 20:20:23,741 - INFO - [GINSLIB] processing : 2025/04/19 07:36:55 Q=5
2026-01-05 20:20:23,741 - INFO - [GINSLIB] processing : 2025/04/19 07:36:56 Q=5
2026-01-05 20:20:23,741 - INFO - [GINSLIB] processing : 2025/04/19 07:36:57 Q=5
2026-01-05 20:20:23,741 - INFO - [GINSLIB] processing : 2025/04/19 07:36:58 Q=5
2026-01-05 20:20:23,741 - INFO - [GINSLIB] processing : 2025/04/19 07:36:59 Q=5
2026-01-05 20:20:23,741 - INFO - [GINSLIB] processing : 2025/04/19 07:37:00 Q=5
2026-01-05 20:20:23,741 - INFO - [GINSLIB] processing : 2025/04/19 07:37:01 Q=5
2026-01-05 20:20:23,741 - INFO - [GINSLIB] processing : 2025/04/19 07:37:02 Q=5
2026-01-05 20:20:23,741 - INFO - [GINSLIB] processing : 2025/04/19 07:37:03 Q=5
2026-01-05 20:20:23,741 - INFO - [GINSLIB] processing : 2025/04/19 07:37:04 Q=5
2026-01-05 20:20:23,742 - INFO - [GINSLIB] processing : 2025/04/19 07:37:05 Q=5
2026-01-05 20:20:24,041 - INFO - [GINSLIB] processing : 2025/04/19 07:37:06 Q=5
2026-01-05 20:20:24,041 - INFO - [GINSLIB] processing : 2025/04/19 07:37:07 Q=5
2026-01-05 20:20:24,042 - INFO - [GINSLIB] processing : 2025/04/19 07:37:08 Q=5
2026-01-05 20:20:24,042 - INFO - [GINSLIB] processing : 2025/04/19 07:37:09 Q=5
2026-01-05 20:20:24,042 - INFO - [GINSLIB] processing : 2025/04/19 07:37:10 Q=5
2026-01-05 20:20:24,042 - INFO - [GINSLIB] processing : 2025/04/19 07:37:11 Q=5
2026-01-05 20:20:24,043 - INFO - [GINSLIB] processing : 2025/04/19 07:37:12 Q=5
2026-01-05 20:20:24,043 - INFO - [GINSLIB] processing : 2025/04/19 07:37:13 Q=5
2026-01-05 20:20:24,043 - INFO - [GINSLIB] processing : 2025/04/19 07:37:14 Q=5
2026-01-05 20:20:24,043 - INFO - [GINSLIB] processing : 2025/04/19 07:37:15 Q=5
2026-01-05 20:20:24,044 - INFO - [GINSLIB] processing : 2025/04/19 07:37:16 Q=5
2026-01-05 20:20:24,044 - INFO - [GINSLIB] processing : 2025/04/19 07:37:17 Q=5
2026-01-05 20:20:24,044 - INFO - [GINSLIB] processing : 2025/04/19 07:37:18 Q=5
2026-01-05 20:20:24,044 - INFO - [GINSLIB] processing : 2025/04/19 07:37:19 Q=5
2026-01-05 20:20:24,044 - INFO - [GINSLIB] processing : 2025/04/19 07:37:20 Q=5
2026-01-05 20:20:24,044 - INFO - [GINSLIB] processing : 2025/04/19 07:37:21 Q=5
2026-01-05 20:20:24,045 - INFO - [GINSLIB] processing : 2025/04/19 07:37:22 Q=5
2026-01-05 20:20:24,045 - INFO - [GINSLIB] processing : 2025/04/19 07:37:23 Q=5
2026-01-05 20:20:24,045 - INFO - [GINSLIB] processing : 2025/04/19 07:37:24 Q=5
2026-01-05 20:20:24,045 - INFO - [GINSLIB] processing : 2025/04/19 07:37:25 Q=5
2026-01-05 20:20:24,045 - INFO - [GINSLIB] processing : 2025/04/19 07:37:26 Q=5
2026-01-05 20:20:24,045 - INFO - [GINSLIB] processing : 2025/04/19 07:37:27 Q=5
2026-01-05 20:20:24,045 - INFO - [GINSLIB] processing : 2025/04/19 07:37:28 Q=5
2026-01-05 20:20:24,045 - INFO - [GINSLIB] processing : 2025/04/19 07:37:29 Q=5
2026-01-05 20:20:24,045 - INFO - [GINSLIB] processing : 2025/04/19 07:37:30 Q=5
2026-01-05 20:20:24,045 - INFO - [GINSLIB] processing : 2025/04/19 07:37:31 Q=5
2026-01-05 20:20:24,046 - INFO - [GINSLIB] processing : 2025/04/19 07:37:32 Q=5
2026-01-05 20:20:24,046 - INFO - [GINSLIB] processing : 2025/04/19 07:37:33 Q=5
2026-01-05 20:20:24,046 - INFO - [GINSLIB] processing : 2025/04/19 07:37:34 Q=5
2026-01-05 20:20:24,046 - INFO - [GINSLIB] processing : 2025/04/19 07:37:35 Q=5
2026-01-05 20:20:24,046 - INFO - [GINSLIB] processing : 2025/04/19 07:37:36 Q=5
2026-01-05 20:20:24,046 - INFO - [GINSLIB] processing : 2025/04/19 07:37:37 Q=5
2026-01-05 20:20:24,046 - INFO - [GINSLIB] processing : 2025/04/19 07:37:38 Q=5
2026-01-05 20:20:24,046 - INFO - [GINSLIB] processing : 2025/04/19 07:37:39 Q=5
2026-01-05 20:20:24,046 - INFO - [GINSLIB] processing : 2025/04/19 07:37:40 Q=5
2026-01-05 20:20:24,046 - INFO - [GINSLIB] processing : 2025/04/19 07:37:41 Q=5
2026-01-05 20:20:24,046 - INFO - [GINSLIB] processing : 2025/04/19 07:37:42 Q=5
2026-01-05 20:20:24,046 - INFO - [GINSLIB] processing : 2025/04/19 07:37:43 Q=5
2026-01-05 20:20:24,047 - INFO - [GINSLIB] processing : 2025/04/19 07:37:44 Q=5
2026-01-05 20:20:24,047 - INFO - [GINSLIB] processing : 2025/04/19 07:37:45 Q=5
2026-01-05 20:20:24,047 - INFO - [GINSLIB] processing : 2025/04/19 07:37:46 Q=5
2026-01-05 20:20:24,047 - INFO - [GINSLIB] processing : 2025/04/19 07:37:47 Q=5
2026-01-05 20:20:24,047 - INFO - [GINSLIB] processing : 2025/04/19 07:37:48 Q=5
2026-01-05 20:20:24,047 - INFO - [GINSLIB] processing : 2025/04/19 07:37:49 Q=5
2026-01-05 20:20:24,047 - INFO - [GINSLIB] processing : 2025/04/19 07:37:50 Q=5
2026-01-05 20:20:24,047 - INFO - [GINSLIB] processing : 2025/04/19 07:37:51 Q=5
2026-01-05 20:20:24,047 - INFO - [GINSLIB] processing : 2025/04/19 07:37:52 Q=5
2026-01-05 20:20:24,047 - INFO - [GINSLIB] processing : 2025/04/19 07:37:53 Q=5
2026-01-05 20:20:24,047 - INFO - [GINSLIB] processing : 2025/04/19 07:37:54 Q=5
2026-01-05 20:20:24,047 - INFO - [GINSLIB] processing : 2025/04/19 07:37:55 Q=5
2026-01-05 20:20:24,047 - INFO - [GINSLIB] processing : 2025/04/19 07:37:56 Q=5
2026-01-05 20:20:24,047 - INFO - [GINSLIB] processing : 2025/04/19 07:37:57 Q=5
2026-01-05 20:20:24,047 - INFO - [GINSLIB] processing : 2025/04/19 07:37:58 Q=5
2026-01-05 20:20:24,048 - INFO - [GINSLIB] processing : 2025/04/19 07:37:59 Q=5
2026-01-05 20:20:24,048 - INFO - [GINSLIB] processing : 2025/04/19 07:38:00 Q=5
2026-01-05 20:20:24,048 - INFO - [GINSLIB] processing : 2025/04/19 07:38:01 Q=5
2026-01-05 20:20:24,048 - INFO - [GINSLIB] processing : 2025/04/19 07:38:02 Q=5
2026-01-05 20:20:24,048 - INFO - [GINSLIB] processing : 2025/04/19 07:38:03 Q=5
2026-01-05 20:20:24,048 - INFO - [GINSLIB] processing : 2025/04/19 07:38:04 Q=5
2026-01-05 20:20:24,048 - INFO - [GINSLIB] processing : 2025/04/19 07:38:05 Q=0
2026-01-05 20:20:24,048 - INFO - [GINSLIB] processing : 2025/04/19 07:38:06 Q=5
2026-01-05 20:20:24,048 - INFO - [GINSLIB] processing : 2025/04/19 07:38:07 Q=5
2026-01-05 20:20:24,048 - INFO - [GINSLIB] processing : 2025/04/19 07:38:08 Q=5
2026-01-05 20:20:24,048 - INFO - [GINSLIB] processing : 2025/04/19 07:38:09 Q=5
2026-01-05 20:20:24,048 - INFO - [GINSLIB] processing : 2025/04/19 07:38:10 Q=5
2026-01-05 20:20:24,048 - INFO - [GINSLIB] processing : 2025/04/19 07:38:11 Q=0
2026-01-05 20:20:24,048 - INFO - [GINSLIB] processing : 2025/04/19 07:38:12 Q=0
2026-01-05 20:20:24,049 - INFO - [GINSLIB] processing : 2025/04/19 07:38:13 Q=0
2026-01-05 20:20:24,049 - INFO - [GINSLIB] processing : 2025/04/19 07:38:14 Q=5
2026-01-05 20:20:24,049 - INFO - [GINSLIB] processing : 2025/04/19 07:38:15 Q=0
2026-01-05 20:20:24,049 - INFO - [GINSLIB] processing : 2025/04/19 07:38:16 Q=5
2026-01-05 20:20:24,049 - INFO - [GINSLIB] processing : 2025/04/19 07:38:17 Q=5
2026-01-05 20:20:24,049 - INFO - [GINSLIB] processing : 2025/04/19 07:38:18 Q=5
2026-01-05 20:20:24,049 - INFO - [GINSLIB] processing : 2025/04/19 07:38:19 Q=0
2026-01-05 20:20:24,049 - INFO - [GINSLIB] processing : 2025/04/19 07:38:20 Q=5
2026-01-05 20:20:24,049 - INFO - [GINSLIB] processing : 2025/04/19 07:38:21 Q=0
2026-01-05 20:20:24,049 - INFO - [GINSLIB] processing : 2025/04/19 07:38:22 Q=5
2026-01-05 20:20:24,049 - INFO - [GINSLIB] processing : 2025/04/19 07:38:23 Q=5
2026-01-05 20:20:24,049 - INFO - [GINSLIB] processing : 2025/04/19 07:38:24 Q=5
2026-01-05 20:20:24,049 - INFO - [GINSLIB] processing : 2025/04/19 07:38:25 Q=5
2026-01-05 20:20:24,049 - INFO - [GINSLIB] processing : 2025/04/19 07:38:26 Q=5
2026-01-05 20:20:24,049 - INFO - [GINSLIB] processing : 2025/04/19 07:38:27 Q=5
2026-01-05 20:20:24,050 - INFO - [GINSLIB] processing : 2025/04/19 07:38:28 Q=5
2026-01-05 20:20:24,050 - INFO - [GINSLIB] processing : 2025/04/19 07:38:29 Q=5
2026-01-05 20:20:24,050 - INFO - [GINSLIB] processing : 2025/04/19 07:38:30 Q=5
2026-01-05 20:20:24,050 - INFO - [GINSLIB] processing : 2025/04/19 07:38:31 Q=0
2026-01-05 20:20:24,050 - INFO - [GINSLIB] processing : 2025/04/19 07:38:32 Q=5
2026-01-05 20:20:24,050 - INFO - [GINSLIB] processing : 2025/04/19 07:38:33 Q=5
2026-01-05 20:20:24,050 - INFO - [GINSLIB] processing : 2025/04/19 07:38:34 Q=5
2026-01-05 20:20:24,050 - INFO - [GINSLIB] processing : 2025/04/19 07:38:35 Q=5
2026-01-05 20:20:24,050 - INFO - [GINSLIB] processing : 2025/04/19 07:38:36 Q=5
2026-01-05 20:20:24,050 - INFO - [GINSLIB] processing : 2025/04/19 07:38:37 Q=5
2026-01-05 20:20:24,050 - INFO - [GINSLIB] processing : 2025/04/19 07:38:38 Q=5
2026-01-05 20:20:24,050 - INFO - [GINSLIB] processing : 2025/04/19 07:38:39 Q=5
2026-01-05 20:20:24,050 - INFO - [GINSLIB] processing : 2025/04/19 07:38:40 Q=5
2026-01-05 20:20:24,050 - INFO - [GINSLIB] processing : 2025/04/19 07:38:41 Q=5
2026-01-05 20:20:24,050 - INFO - [GINSLIB] processing : 2025/04/19 07:38:42 Q=5
2026-01-05 20:20:24,050 - INFO - [GINSLIB] processing : 2025/04/19 07:38:43 Q=5
2026-01-05 20:20:24,051 - INFO - [GINSLIB] processing : 2025/04/19 07:38:44 Q=5
2026-01-05 20:20:24,051 - INFO - [GINSLIB] processing : 2025/04/19 07:38:45 Q=5
2026-01-05 20:20:24,051 - INFO - [GINSLIB] processing : 2025/04/19 07:38:46 Q=5
2026-01-05 20:20:24,051 - INFO - [GINSLIB] processing : 2025/04/19 07:38:47 Q=5
2026-01-05 20:20:24,051 - INFO - [GINSLIB] processing : 2025/04/19 07:38:48 Q=5
2026-01-05 20:20:24,051 - INFO - [GINSLIB] processing : 2025/04/19 07:38:49 Q=5
2026-01-05 20:20:24,051 - INFO - [GINSLIB] processing : 2025/04/19 07:38:50 Q=5
2026-01-05 20:20:24,051 - INFO - [GINSLIB] processing : 2025/04/19 07:38:51 Q=5
2026-01-05 20:20:24,051 - INFO - [GINSLIB] processing : 2025/04/19 07:38:52 Q=5
2026-01-05 20:20:24,051 - INFO - [GINSLIB] processing : 2025/04/19 07:38:53 Q=5
2026-01-05 20:20:24,051 - INFO - [GINSLIB] processing : 2025/04/19 07:38:54 Q=5
2026-01-05 20:20:24,051 - INFO - [GINSLIB] processing : 2025/04/19 07:38:55 Q=5
2026-01-05 20:20:24,051 - INFO - [GINSLIB] processing : 2025/04/19 07:38:56 Q=5
2026-01-05 20:20:24,336 - INFO - [GINSLIB] processing : 2025/04/19 07:38:57 Q=5
2026-01-05 20:20:24,336 - INFO - [GINSLIB] processing : 2025/04/19 07:38:58 Q=5
2026-01-05 20:20:24,336 - INFO - [GINSLIB] processing : 2025/04/19 07:38:59 Q=5
2026-01-05 20:20:24,337 - INFO - [GINSLIB] processing : 2025/04/19 07:39:00 Q=5
2026-01-05 20:20:24,337 - INFO - [GINSLIB] processing : 2025/04/19 07:39:01 Q=5
2026-01-05 20:20:24,337 - INFO - [GINSLIB] processing : 2025/04/19 07:39:02 Q=5
2026-01-05 20:20:24,338 - INFO - [GINSLIB] processing : 2025/04/19 07:39:03 Q=0
2026-01-05 20:20:24,338 - INFO - [GINSLIB] processing : 2025/04/19 07:39:04 Q=5
2026-01-05 20:20:24,338 - INFO - [GINSLIB] processing : 2025/04/19 07:39:05 Q=5
2026-01-05 20:20:24,338 - INFO - [GINSLIB] processing : 2025/04/19 07:39:06 Q=5
2026-01-05 20:20:24,339 - INFO - [GINSLIB] processing : 2025/04/19 07:39:07 Q=5
2026-01-05 20:20:24,339 - INFO - [GINSLIB] processing : 2025/04/19 07:39:08 Q=5
2026-01-05 20:20:24,339 - INFO - [GINSLIB] processing : 2025/04/19 07:39:09 Q=5
2026-01-05 20:20:24,339 - INFO - [GINSLIB] processing : 2025/04/19 07:39:10 Q=5
2026-01-05 20:20:24,339 - INFO - [GINSLIB] processing : 2025/04/19 07:39:11 Q=5
2026-01-05 20:20:24,340 - INFO - [GINSLIB] processing : 2025/04/19 07:39:12 Q=5
2026-01-05 20:20:24,340 - INFO - [GINSLIB] processing : 2025/04/19 07:39:13 Q=5
2026-01-05 20:20:24,340 - INFO - [GINSLIB] processing : 2025/04/19 07:39:14 Q=5
2026-01-05 20:20:24,340 - INFO - [GINSLIB] processing : 2025/04/19 07:39:15 Q=5
2026-01-05 20:20:24,340 - INFO - [GINSLIB] processing : 2025/04/19 07:39:16 Q=5
2026-01-05 20:20:24,340 - INFO - [GINSLIB] processing : 2025/04/19 07:39:17 Q=5
2026-01-05 20:20:24,340 - INFO - [GINSLIB] processing : 2025/04/19 07:39:18 Q=5
2026-01-05 20:20:24,340 - INFO - [GINSLIB] processing : 2025/04/19 07:39:19 Q=5
2026-01-05 20:20:24,341 - INFO - [GINSLIB] processing : 2025/04/19 07:39:20 Q=5
2026-01-05 20:20:24,341 - INFO - [GINSLIB] processing : 2025/04/19 07:39:21 Q=5
2026-01-05 20:20:24,341 - INFO - [GINSLIB] processing : 2025/04/19 07:39:22 Q=5
2026-01-05 20:20:24,341 - INFO - [GINSLIB] processing : 2025/04/19 07:39:23 Q=5
2026-01-05 20:20:24,341 - INFO - [GINSLIB] processing : 2025/04/19 07:39:24 Q=5
2026-01-05 20:20:24,341 - INFO - [GINSLIB] processing : 2025/04/19 07:39:25 Q=5
2026-01-05 20:20:24,341 - INFO - [GINSLIB] processing : 2025/04/19 07:39:26 Q=5
2026-01-05 20:20:24,341 - INFO - [GINSLIB] processing : 2025/04/19 07:39:27 Q=5
2026-01-05 20:20:24,341 - INFO - [GINSLIB] processing : 2025/04/19 07:39:28 Q=0
2026-01-05 20:20:24,342 - INFO - [GINSLIB] processing : 2025/04/19 07:39:29 Q=5
2026-01-05 20:20:24,342 - INFO - [GINSLIB] processing : 2025/04/19 07:39:30 Q=5
2026-01-05 20:20:24,342 - INFO - [GINSLIB] processing : 2025/04/19 07:39:31 Q=0
2026-01-05 20:20:24,342 - INFO - [GINSLIB] processing : 2025/04/19 07:39:32 Q=5
2026-01-05 20:20:24,342 - INFO - [GINSLIB] processing : 2025/04/19 07:39:33 Q=0
2026-01-05 20:20:24,342 - INFO - [GINSLIB] processing : 2025/04/19 07:39:34 Q=5
2026-01-05 20:20:24,342 - INFO - [GINSLIB] processing : 2025/04/19 07:39:35 Q=5
2026-01-05 20:20:24,342 - INFO - [GINSLIB] processing : 2025/04/19 07:39:36 Q=5
2026-01-05 20:20:24,342 - INFO - [GINSLIB] processing : 2025/04/19 07:39:37 Q=5
2026-01-05 20:20:24,342 - INFO - [GINSLIB] processing : 2025/04/19 07:39:38 Q=5
2026-01-05 20:20:24,342 - INFO - [GINSLIB] processing : 2025/04/19 07:39:39 Q=5
2026-01-05 20:20:24,342 - INFO - [GINSLIB] processing : 2025/04/19 07:39:40 Q=5
2026-01-05 20:20:24,342 - INFO - [GINSLIB] processing : 2025/04/19 07:39:41 Q=5
2026-01-05 20:20:24,342 - INFO - [GINSLIB] processing : 2025/04/19 07:39:42 Q=5
2026-01-05 20:20:24,342 - INFO - [GINSLIB] processing : 2025/04/19 07:39:43 Q=5
2026-01-05 20:20:24,343 - INFO - [GINSLIB] processing : 2025/04/19 07:39:44 Q=5
2026-01-05 20:20:24,343 - INFO - [GINSLIB] processing : 2025/04/19 07:39:45 Q=5
2026-01-05 20:20:24,343 - INFO - [GINSLIB] processing : 2025/04/19 07:39:46 Q=5
2026-01-05 20:20:24,343 - INFO - [GINSLIB] processing : 2025/04/19 07:39:47 Q=5
2026-01-05 20:20:24,343 - INFO - [GINSLIB] processing : 2025/04/19 07:39:48 Q=5
2026-01-05 20:20:24,343 - INFO - [GINSLIB] processing : 2025/04/19 07:39:49 Q=5
2026-01-05 20:20:24,343 - INFO - [GINSLIB] processing : 2025/04/19 07:39:50 Q=5
2026-01-05 20:20:24,343 - INFO - [GINSLIB] processing : 2025/04/19 07:39:51 Q=5
2026-01-05 20:20:24,343 - INFO - [GINSLIB] processing : 2025/04/19 07:39:52 Q=5
2026-01-05 20:20:24,343 - INFO - [GINSLIB] processing : 2025/04/19 07:39:53 Q=5
2026-01-05 20:20:24,343 - INFO - [GINSLIB] processing : 2025/04/19 07:39:54 Q=5
2026-01-05 20:20:24,343 - INFO - [GINSLIB] processing : 2025/04/19 07:39:55 Q=5
2026-01-05 20:20:24,343 - INFO - [GINSLIB] processing : 2025/04/19 07:39:56 Q=5
2026-01-05 20:20:24,343 - INFO - [GINSLIB] processing : 2025/04/19 07:39:57 Q=5
2026-01-05 20:20:24,343 - INFO - [GINSLIB] processing : 2025/04/19 07:39:58 Q=5
2026-01-05 20:20:24,343 - INFO - [GINSLIB] processing : 2025/04/19 07:39:59 Q=5
2026-01-05 20:20:24,344 - INFO - [GINSLIB] processing : 2025/04/19 07:40:00 Q=5
2026-01-05 20:20:24,344 - INFO - [GINSLIB] processing : 2025/04/19 07:40:01 Q=5
2026-01-05 20:20:24,344 - INFO - [GINSLIB] processing : 2025/04/19 07:40:02 Q=5
2026-01-05 20:20:24,344 - INFO - [GINSLIB] processing : 2025/04/19 07:40:03 Q=5
2026-01-05 20:20:24,344 - INFO - [GINSLIB] processing : 2025/04/19 07:40:04 Q=5
2026-01-05 20:20:24,344 - INFO - [GINSLIB] processing : 2025/04/19 07:40:05 Q=5
2026-01-05 20:20:24,344 - INFO - [GINSLIB] processing : 2025/04/19 07:40:06 Q=5
2026-01-05 20:20:24,344 - INFO - [GINSLIB] processing : 2025/04/19 07:40:07 Q=5
2026-01-05 20:20:24,344 - INFO - [GINSLIB] processing : 2025/04/19 07:40:08 Q=5
2026-01-05 20:20:24,344 - INFO - [GINSLIB] processing : 2025/04/19 07:40:09 Q=5
2026-01-05 20:20:24,344 - INFO - [GINSLIB] processing : 2025/04/19 07:40:10 Q=5
2026-01-05 20:20:24,344 - INFO - [GINSLIB] processing : 2025/04/19 07:40:11 Q=5
2026-01-05 20:20:24,345 - INFO - [GINSLIB] processing : 2025/04/19 07:40:12 Q=5
2026-01-05 20:20:24,345 - INFO - [GINSLIB] processing : 2025/04/19 07:40:13 Q=5
2026-01-05 20:20:24,345 - INFO - [GINSLIB] processing : 2025/04/19 07:40:14 Q=0
2026-01-05 20:20:24,345 - INFO - [GINSLIB] processing : 2025/04/19 07:40:15 Q=5
2026-01-05 20:20:24,345 - INFO - [GINSLIB] processing : 2025/04/19 07:40:16 Q=5
2026-01-05 20:20:24,345 - INFO - [GINSLIB] processing : 2025/04/19 07:40:17 Q=5
2026-01-05 20:20:24,345 - INFO - [GINSLIB] processing : 2025/04/19 07:40:18 Q=5
2026-01-05 20:20:24,345 - INFO - [GINSLIB] processing : 2025/04/19 07:40:19 Q=5
2026-01-05 20:20:24,345 - INFO - [GINSLIB] processing : 2025/04/19 07:40:20 Q=5
2026-01-05 20:20:24,345 - INFO - [GINSLIB] processing : 2025/04/19 07:40:21 Q=0
2026-01-05 20:20:24,345 - INFO - [GINSLIB] processing : 2025/04/19 07:40:22 Q=5
2026-01-05 20:20:24,346 - INFO - [GINSLIB] processing : 2025/04/19 07:40:23 Q=5
2026-01-05 20:20:24,346 - INFO - [GINSLIB] processing : 2025/04/19 07:40:24 Q=5
2026-01-05 20:20:24,346 - INFO - [GINSLIB] processing : 2025/04/19 07:40:25 Q=5
2026-01-05 20:20:24,346 - INFO - [GINSLIB] processing : 2025/04/19 07:40:26 Q=5
2026-01-05 20:20:24,346 - INFO - [GINSLIB] processing : 2025/04/19 07:40:27 Q=5
2026-01-05 20:20:24,346 - INFO - [GINSLIB] processing : 2025/04/19 07:40:28 Q=5
2026-01-05 20:20:24,346 - INFO - [GINSLIB] processing : 2025/04/19 07:40:29 Q=5
2026-01-05 20:20:24,346 - INFO - [GINSLIB] processing : 2025/04/19 07:40:30 Q=5
2026-01-05 20:20:24,346 - INFO - [GINSLIB] processing : 2025/04/19 07:40:31 Q=5
2026-01-05 20:20:24,347 - INFO - [GINSLIB] processing : 2025/04/19 07:40:32 Q=5
2026-01-05 20:20:24,347 - INFO - [GINSLIB] processing : 2025/04/19 07:40:33 Q=5
2026-01-05 20:20:24,347 - INFO - [GINSLIB] processing : 2025/04/19 07:40:34 Q=5
2026-01-05 20:20:24,347 - INFO - [GINSLIB] processing : 2025/04/19 07:40:35 Q=5
2026-01-05 20:20:24,347 - INFO - [GINSLIB] processing : 2025/04/19 07:40:36 Q=5
2026-01-05 20:20:24,347 - INFO - [GINSLIB] processing : 2025/04/19 07:40:37 Q=5
2026-01-05 20:20:24,348 - INFO - [GINSLIB] processing : 2025/04/19 07:40:38 Q=5
2026-01-05 20:20:24,348 - INFO - [GINSLIB] processing : 2025/04/19 07:40:39 Q=5
2026-01-05 20:20:24,348 - INFO - [GINSLIB] processing : 2025/04/19 07:40:40 Q=5
2026-01-05 20:20:24,348 - INFO - [GINSLIB] processing : 2025/04/19 07:40:41 Q=5
2026-01-05 20:20:24,348 - INFO - [GINSLIB] processing : 2025/04/19 07:40:42 Q=5
2026-01-05 20:20:24,348 - INFO - [GINSLIB] processing : 2025/04/19 07:40:43 Q=5
2026-01-05 20:20:24,348 - INFO - [GINSLIB] processing : 2025/04/19 07:40:44 Q=5
2026-01-05 20:20:24,348 - INFO - [GINSLIB] processing : 2025/04/19 07:40:45 Q=5
2026-01-05 20:20:24,348 - INFO - [GINSLIB] processing : 2025/04/19 07:40:46 Q=5
2026-01-05 20:20:24,602 - INFO - [GINSLIB] processing : 2025/04/19 07:40:47 Q=5
2026-01-05 20:20:24,603 - INFO - [GINSLIB] processing : 2025/04/19 07:40:48 Q=5
2026-01-05 20:20:24,603 - INFO - [GINSLIB] processing : 2025/04/19 07:40:49 Q=5
2026-01-05 20:20:24,603 - INFO - [GINSLIB] processing : 2025/04/19 07:40:50 Q=5
2026-01-05 20:20:24,603 - INFO - [GINSLIB] processing : 2025/04/19 07:40:51 Q=5
2026-01-05 20:20:24,604 - INFO - [GINSLIB] processing : 2025/04/19 07:40:52 Q=5
2026-01-05 20:20:24,604 - INFO - [GINSLIB] processing : 2025/04/19 07:40:53 Q=5
2026-01-05 20:20:24,604 - INFO - [GINSLIB] processing : 2025/04/19 07:40:54 Q=5
2026-01-05 20:20:24,604 - INFO - [GINSLIB] processing : 2025/04/19 07:40:55 Q=5
2026-01-05 20:20:24,604 - INFO - [GINSLIB] processing : 2025/04/19 07:40:56 Q=5
2026-01-05 20:20:24,605 - INFO - [GINSLIB] processing : 2025/04/19 07:40:57 Q=5
2026-01-05 20:20:24,605 - INFO - [GINSLIB] processing : 2025/04/19 07:40:58 Q=5
2026-01-05 20:20:24,605 - INFO - [GINSLIB] processing : 2025/04/19 07:40:59 Q=5
2026-01-05 20:20:24,605 - INFO - [GINSLIB] processing : 2025/04/19 07:41:00 Q=5
2026-01-05 20:20:24,605 - INFO - [GINSLIB] processing : 2025/04/19 07:41:01 Q=5
2026-01-05 20:20:24,606 - INFO - [GINSLIB] processing : 2025/04/19 07:41:02 Q=5
2026-01-05 20:20:24,606 - INFO - [GINSLIB] processing : 2025/04/19 07:41:03 Q=5
2026-01-05 20:20:24,606 - INFO - [GINSLIB] processing : 2025/04/19 07:41:04 Q=5
2026-01-05 20:20:24,606 - INFO - [GINSLIB] processing : 2025/04/19 07:41:05 Q=5
2026-01-05 20:20:24,606 - INFO - [GINSLIB] processing : 2025/04/19 07:41:06 Q=5
2026-01-05 20:20:24,607 - INFO - [GINSLIB] processing : 2025/04/19 07:41:07 Q=5
2026-01-05 20:20:24,607 - INFO - [GINSLIB] processing : 2025/04/19 07:41:08 Q=5
2026-01-05 20:20:24,607 - INFO - [GINSLIB] processing : 2025/04/19 07:41:09 Q=5
2026-01-05 20:20:24,607 - INFO - [GINSLIB] processing : 2025/04/19 07:41:10 Q=5
2026-01-05 20:20:24,607 - INFO - [GINSLIB] processing : 2025/04/19 07:41:11 Q=5
2026-01-05 20:20:24,608 - INFO - [GINSLIB] processing : 2025/04/19 07:41:12 Q=5
2026-01-05 20:20:24,608 - INFO - [GINSLIB] processing : 2025/04/19 07:41:13 Q=5
2026-01-05 20:20:24,608 - INFO - [GINSLIB] processing : 2025/04/19 07:41:14 Q=5
2026-01-05 20:20:24,608 - INFO - [GINSLIB] processing : 2025/04/19 07:41:15 Q=5
2026-01-05 20:20:24,608 - INFO - [GINSLIB] processing : 2025/04/19 07:41:16 Q=5
2026-01-05 20:20:24,609 - INFO - [GINSLIB] processing : 2025/04/19 07:41:17 Q=5
2026-01-05 20:20:24,609 - INFO - [GINSLIB] processing : 2025/04/19 07:41:18 Q=5
2026-01-05 20:20:24,609 - INFO - [GINSLIB] processing : 2025/04/19 07:41:19 Q=5
2026-01-05 20:20:24,609 - INFO - [GINSLIB] processing : 2025/04/19 07:41:20 Q=5
2026-01-05 20:20:24,610 - INFO - [GINSLIB] processing : 2025/04/19 07:41:21 Q=5
2026-01-05 20:20:24,610 - INFO - [GINSLIB] processing : 2025/04/19 07:41:22 Q=5
2026-01-05 20:20:24,610 - INFO - [GINSLIB] processing : 2025/04/19 07:41:23 Q=5
2026-01-05 20:20:24,610 - INFO - [GINSLIB] processing : 2025/04/19 07:41:24 Q=5
2026-01-05 20:20:24,610 - INFO - [GINSLIB] processing : 2025/04/19 07:41:25 Q=5
2026-01-05 20:20:24,610 - INFO - [GINSLIB] processing : 2025/04/19 07:41:26 Q=5
2026-01-05 20:20:24,611 - INFO - [GINSLIB] processing : 2025/04/19 07:41:27 Q=5
2026-01-05 20:20:24,611 - INFO - [GINSLIB] processing : 2025/04/19 07:41:28 Q=5
2026-01-05 20:20:24,611 - INFO - [GINSLIB] processing : 2025/04/19 07:41:29 Q=5
2026-01-05 20:20:24,611 - INFO - [GINSLIB] processing : 2025/04/19 07:41:30 Q=5
2026-01-05 20:20:24,611 - INFO - [GINSLIB] processing : 2025/04/19 07:41:31 Q=5
2026-01-05 20:20:24,611 - INFO - [GINSLIB] processing : 2025/04/19 07:41:32 Q=5
2026-01-05 20:20:24,612 - INFO - [GINSLIB] processing : 2025/04/19 07:41:33 Q=5
2026-01-05 20:20:24,612 - INFO - [GINSLIB] processing : 2025/04/19 07:41:34 Q=5
2026-01-05 20:20:24,612 - INFO - [GINSLIB] processing : 2025/04/19 07:41:35 Q=5
2026-01-05 20:20:24,612 - INFO - [GINSLIB] processing : 2025/04/19 07:41:36 Q=5
2026-01-05 20:20:24,612 - INFO - [GINSLIB] processing : 2025/04/19 07:41:37 Q=5
2026-01-05 20:20:24,612 - INFO - [GINSLIB] processing : 2025/04/19 07:41:38 Q=5
2026-01-05 20:20:24,612 - INFO - [GINSLIB] processing : 2025/04/19 07:41:39 Q=5
2026-01-05 20:20:24,612 - INFO - [GINSLIB] processing : 2025/04/19 07:41:40 Q=5
2026-01-05 20:20:24,612 - INFO - [GINSLIB] processing : 2025/04/19 07:41:41 Q=5
2026-01-05 20:20:24,613 - INFO - [GINSLIB] processing : 2025/04/19 07:41:42 Q=5
2026-01-05 20:20:24,613 - INFO - [GINSLIB] processing : 2025/04/19 07:41:43 Q=5
2026-01-05 20:20:24,613 - INFO - [GINSLIB] processing : 2025/04/19 07:41:44 Q=5
2026-01-05 20:20:24,613 - INFO - [GINSLIB] processing : 2025/04/19 07:41:45 Q=5
2026-01-05 20:20:24,613 - INFO - [GINSLIB] processing : 2025/04/19 07:41:46 Q=5
2026-01-05 20:20:24,613 - INFO - [GINSLIB] processing : 2025/04/19 07:41:47 Q=5
2026-01-05 20:20:24,613 - INFO - [GINSLIB] processing : 2025/04/19 07:41:48 Q=5
2026-01-05 20:20:24,613 - INFO - [GINSLIB] processing : 2025/04/19 07:41:49 Q=5
2026-01-05 20:20:24,613 - INFO - [GINSLIB] processing : 2025/04/19 07:41:50 Q=5
2026-01-05 20:20:24,613 - INFO - [GINSLIB] processing : 2025/04/19 07:41:51 Q=5
2026-01-05 20:20:24,613 - INFO - [GINSLIB] processing : 2025/04/19 07:41:52 Q=5
2026-01-05 20:20:24,613 - INFO - [GINSLIB] processing : 2025/04/19 07:41:53 Q=5
2026-01-05 20:20:24,613 - INFO - [GINSLIB] processing : 2025/04/19 07:41:54 Q=5
2026-01-05 20:20:24,614 - INFO - [GINSLIB] processing : 2025/04/19 07:41:55 Q=5
2026-01-05 20:20:24,614 - INFO - [GINSLIB] processing : 2025/04/19 07:41:56 Q=5
2026-01-05 20:20:24,614 - INFO - [GINSLIB] processing : 2025/04/19 07:41:57 Q=5
2026-01-05 20:20:24,614 - INFO - [GINSLIB] processing : 2025/04/19 07:41:58 Q=5
2026-01-05 20:20:24,614 - INFO - [GINSLIB] processing : 2025/04/19 07:41:59 Q=5
2026-01-05 20:20:24,614 - INFO - [GINSLIB] processing : 2025/04/19 07:42:00 Q=5
2026-01-05 20:20:24,614 - INFO - [GINSLIB] processing : 2025/04/19 07:42:01 Q=5
2026-01-05 20:20:24,614 - INFO - [GINSLIB] processing : 2025/04/19 07:42:02 Q=5
2026-01-05 20:20:24,614 - INFO - [GINSLIB] processing : 2025/04/19 07:42:03 Q=5
2026-01-05 20:20:24,614 - INFO - [GINSLIB] processing : 2025/04/19 07:42:04 Q=5
2026-01-05 20:20:24,614 - INFO - [GINSLIB] processing : 2025/04/19 07:42:05 Q=5
2026-01-05 20:20:24,614 - INFO - [GINSLIB] processing : 2025/04/19 07:42:06 Q=5
2026-01-05 20:20:24,615 - INFO - [GINSLIB] processing : 2025/04/19 07:42:07 Q=5
2026-01-05 20:20:24,615 - INFO - [GINSLIB] processing : 2025/04/19 07:42:08 Q=5
2026-01-05 20:20:24,615 - INFO - [GINSLIB] processing : 2025/04/19 07:42:09 Q=5
2026-01-05 20:20:24,615 - INFO - [GINSLIB] processing : 2025/04/19 07:42:10 Q=5
2026-01-05 20:20:24,615 - INFO - [GINSLIB] processing : 2025/04/19 07:42:11 Q=5
2026-01-05 20:20:24,615 - INFO - [GINSLIB] processing : 2025/04/19 07:42:12 Q=5
2026-01-05 20:20:24,615 - INFO - [GINSLIB] processing : 2025/04/19 07:42:13 Q=5
2026-01-05 20:20:24,616 - INFO - [GINSLIB] processing : 2025/04/19 07:42:14 Q=5
2026-01-05 20:20:24,616 - INFO - [GINSLIB] processing : 2025/04/19 07:42:15 Q=5
2026-01-05 20:20:24,616 - INFO - [GINSLIB] processing : 2025/04/19 07:42:16 Q=5
2026-01-05 20:20:24,616 - INFO - [GINSLIB] processing : 2025/04/19 07:42:17 Q=5
2026-01-05 20:20:24,616 - INFO - [GINSLIB] processing : 2025/04/19 07:42:18 Q=5
2026-01-05 20:20:24,616 - INFO - [GINSLIB] processing : 2025/04/19 07:42:19 Q=5
2026-01-05 20:20:24,616 - INFO - [GINSLIB] processing : 2025/04/19 07:42:20 Q=5
2026-01-05 20:20:24,617 - INFO - [GINSLIB] processing : 2025/04/19 07:42:21 Q=5
2026-01-05 20:20:24,617 - INFO - [GINSLIB] processing : 2025/04/19 07:42:22 Q=5
2026-01-05 20:20:24,617 - INFO - [GINSLIB] processing : 2025/04/19 07:42:23 Q=5
2026-01-05 20:20:24,617 - INFO - [GINSLIB] processing : 2025/04/19 07:42:24 Q=5
2026-01-05 20:20:24,617 - INFO - [GINSLIB] processing : 2025/04/19 07:42:25 Q=5
2026-01-05 20:20:24,617 - INFO - [GINSLIB] processing : 2025/04/19 07:42:26 Q=5
2026-01-05 20:20:24,617 - INFO - [GINSLIB] processing : 2025/04/19 07:42:27 Q=5
2026-01-05 20:20:24,618 - INFO - [GINSLIB] processing : 2025/04/19 07:42:28 Q=5
2026-01-05 20:20:24,618 - INFO - [GINSLIB] processing : 2025/04/19 07:42:29 Q=5
2026-01-05 20:20:24,618 - INFO - [GINSLIB] processing : 2025/04/19 07:42:30 Q=0
2026-01-05 20:20:24,618 - INFO - [GINSLIB] processing : 2025/04/19 07:42:31 Q=5
2026-01-05 20:20:24,618 - INFO - [GINSLIB] processing : 2025/04/19 07:42:32 Q=0
2026-01-05 20:20:24,618 - INFO - [GINSLIB] processing : 2025/04/19 07:42:33 Q=5
2026-01-05 20:20:24,618 - INFO - [GINSLIB] processing : 2025/04/19 07:42:34 Q=5
2026-01-05 20:20:24,618 - INFO - [GINSLIB] processing : 2025/04/19 07:42:35 Q=5
2026-01-05 20:20:24,618 - INFO - [GINSLIB] processing : 2025/04/19 07:42:36 Q=5
2026-01-05 20:20:24,619 - INFO - [GINSLIB] processing : 2025/04/19 07:42:37 Q=5
2026-01-05 20:20:24,886 - INFO - [GINSLIB] processing : 2025/04/19 07:42:38 Q=5
2026-01-05 20:20:24,886 - INFO - [GINSLIB] processing : 2025/04/19 07:42:39 Q=5
2026-01-05 20:20:24,886 - INFO - [GINSLIB] processing : 2025/04/19 07:42:40 Q=5
2026-01-05 20:20:24,886 - INFO - [GINSLIB] processing : 2025/04/19 07:42:41 Q=5
2026-01-05 20:20:24,886 - INFO - [GINSLIB] processing : 2025/04/19 07:42:42 Q=5
2026-01-05 20:20:24,887 - INFO - [GINSLIB] processing : 2025/04/19 07:42:43 Q=5
2026-01-05 20:20:24,887 - INFO - [GINSLIB] processing : 2025/04/19 07:42:44 Q=5
2026-01-05 20:20:24,887 - INFO - [GINSLIB] processing : 2025/04/19 07:42:45 Q=5
2026-01-05 20:20:24,887 - INFO - [GINSLIB] processing : 2025/04/19 07:42:46 Q=5
2026-01-05 20:20:24,887 - INFO - [GINSLIB] processing : 2025/04/19 07:42:47 Q=5
2026-01-05 20:20:24,887 - INFO - [GINSLIB] processing : 2025/04/19 07:42:48 Q=5
2026-01-05 20:20:24,887 - INFO - [GINSLIB] processing : 2025/04/19 07:42:49 Q=5
2026-01-05 20:20:24,887 - INFO - [GINSLIB] processing : 2025/04/19 07:42:50 Q=5
2026-01-05 20:20:24,887 - INFO - [GINSLIB] processing : 2025/04/19 07:42:51 Q=5
2026-01-05 20:20:24,888 - INFO - [GINSLIB] processing : 2025/04/19 07:42:52 Q=5
2026-01-05 20:20:24,888 - INFO - [GINSLIB] processing : 2025/04/19 07:42:53 Q=5
2026-01-05 20:20:24,888 - INFO - [GINSLIB] processing : 2025/04/19 07:42:54 Q=5
2026-01-05 20:20:24,888 - INFO - [GINSLIB] processing : 2025/04/19 07:42:55 Q=5
2026-01-05 20:20:24,888 - INFO - [GINSLIB] processing : 2025/04/19 07:42:56 Q=5
2026-01-05 20:20:24,888 - INFO - [GINSLIB] processing : 2025/04/19 07:42:57 Q=5
2026-01-05 20:20:24,888 - INFO - [GINSLIB] processing : 2025/04/19 07:42:58 Q=5
2026-01-05 20:20:24,888 - INFO - [GINSLIB] processing : 2025/04/19 07:42:59 Q=5
2026-01-05 20:20:24,888 - INFO - [GINSLIB] processing : 2025/04/19 07:43:00 Q=5
2026-01-05 20:20:24,888 - INFO - [GINSLIB] processing : 2025/04/19 07:43:01 Q=5
2026-01-05 20:20:24,888 - INFO - [GINSLIB] processing : 2025/04/19 07:43:02 Q=5
2026-01-05 20:20:24,888 - INFO - [GINSLIB] processing : 2025/04/19 07:43:03 Q=5
2026-01-05 20:20:24,888 - INFO - [GINSLIB] processing : 2025/04/19 07:43:04 Q=5
2026-01-05 20:20:24,889 - INFO - [GINSLIB] processing : 2025/04/19 07:43:05 Q=5
2026-01-05 20:20:24,889 - INFO - [GINSLIB] processing : 2025/04/19 07:43:06 Q=5
2026-01-05 20:20:24,889 - INFO - [GINSLIB] processing : 2025/04/19 07:43:07 Q=5
2026-01-05 20:20:24,889 - INFO - [GINSLIB] processing : 2025/04/19 07:43:08 Q=5
2026-01-05 20:20:24,889 - INFO - [GINSLIB] processing : 2025/04/19 07:43:09 Q=5
2026-01-05 20:20:24,889 - INFO - [GINSLIB] processing : 2025/04/19 07:43:10 Q=5
2026-01-05 20:20:24,889 - INFO - [GINSLIB] processing : 2025/04/19 07:43:11 Q=0
2026-01-05 20:20:24,889 - INFO - [GINSLIB] processing : 2025/04/19 07:43:12 Q=5
2026-01-05 20:20:24,889 - INFO - [GINSLIB] processing : 2025/04/19 07:43:13 Q=5
2026-01-05 20:20:24,889 - INFO - [GINSLIB] processing : 2025/04/19 07:43:14 Q=5
2026-01-05 20:20:24,889 - INFO - [GINSLIB] processing : 2025/04/19 07:43:15 Q=0
2026-01-05 20:20:24,889 - INFO - [GINSLIB] processing : 2025/04/19 07:43:16 Q=5
2026-01-05 20:20:24,889 - INFO - [GINSLIB] processing : 2025/04/19 07:43:17 Q=0
2026-01-05 20:20:24,889 - INFO - [GINSLIB] processing : 2025/04/19 07:43:18 Q=0
2026-01-05 20:20:24,889 - INFO - [GINSLIB] processing : 2025/04/19 07:43:19 Q=5
2026-01-05 20:20:24,890 - INFO - [GINSLIB] processing : 2025/04/19 07:43:20 Q=5
2026-01-05 20:20:24,890 - INFO - [GINSLIB] processing : 2025/04/19 07:43:21 Q=0
2026-01-05 20:20:24,890 - INFO - [GINSLIB] processing : 2025/04/19 07:43:22 Q=5
2026-01-05 20:20:24,890 - INFO - [GINSLIB] processing : 2025/04/19 07:43:23 Q=5
2026-01-05 20:20:24,890 - INFO - [GINSLIB] processing : 2025/04/19 07:43:24 Q=5
2026-01-05 20:20:24,890 - INFO - [GINSLIB] processing : 2025/04/19 07:43:25 Q=5
2026-01-05 20:20:24,890 - INFO - [GINSLIB] processing : 2025/04/19 07:43:26 Q=5
2026-01-05 20:20:24,890 - INFO - [GINSLIB] processing : 2025/04/19 07:43:27 Q=5
2026-01-05 20:20:24,890 - INFO - [GINSLIB] processing : 2025/04/19 07:43:28 Q=5
2026-01-05 20:20:24,890 - INFO - [GINSLIB] processing : 2025/04/19 07:43:29 Q=5
2026-01-05 20:20:24,890 - INFO - [GINSLIB] processing : 2025/04/19 07:43:30 Q=5
2026-01-05 20:20:24,890 - INFO - [GINSLIB] processing : 2025/04/19 07:43:31 Q=5
2026-01-05 20:20:24,890 - INFO - [GINSLIB] processing : 2025/04/19 07:43:32 Q=5
2026-01-05 20:20:24,890 - INFO - [GINSLIB] processing : 2025/04/19 07:43:33 Q=5
2026-01-05 20:20:24,890 - INFO - [GINSLIB] processing : 2025/04/19 07:43:34 Q=5
2026-01-05 20:20:24,890 - INFO - [GINSLIB] processing : 2025/04/19 07:43:35 Q=5
2026-01-05 20:20:24,891 - INFO - [GINSLIB] processing : 2025/04/19 07:43:36 Q=5
2026-01-05 20:20:24,891 - INFO - [GINSLIB] processing : 2025/04/19 07:43:37 Q=0
2026-01-05 20:20:24,891 - INFO - [GINSLIB] processing : 2025/04/19 07:43:38 Q=0
2026-01-05 20:20:24,891 - INFO - [GINSLIB] processing : 2025/04/19 07:43:39 Q=0
2026-01-05 20:20:24,891 - INFO - [GINSLIB] processing : 2025/04/19 07:43:40 Q=0
2026-01-05 20:20:24,891 - INFO - [GINSLIB] processing : 2025/04/19 07:43:41 Q=5
2026-01-05 20:20:24,891 - INFO - [GINSLIB] processing : 2025/04/19 07:43:42 Q=5
2026-01-05 20:20:24,891 - INFO - [GINSLIB] processing : 2025/04/19 07:43:43 Q=0
2026-01-05 20:20:24,891 - INFO - [GINSLIB] processing : 2025/04/19 07:43:44 Q=5
2026-01-05 20:20:24,891 - INFO - [GINSLIB] processing : 2025/04/19 07:43:45 Q=5
2026-01-05 20:20:24,891 - INFO - [GINSLIB] processing : 2025/04/19 07:43:46 Q=0
2026-01-05 20:20:24,891 - INFO - [GINSLIB] processing : 2025/04/19 07:43:47 Q=5
2026-01-05 20:20:24,891 - INFO - [GINSLIB] processing : 2025/04/19 07:43:48 Q=0
2026-01-05 20:20:24,891 - INFO - [GINSLIB] processing : 2025/04/19 07:43:49 Q=0
2026-01-05 20:20:24,891 - INFO - [GINSLIB] processing : 2025/04/19 07:43:50 Q=0
2026-01-05 20:20:24,891 - INFO - [GINSLIB] processing : 2025/04/19 07:43:51 Q=0
2026-01-05 20:20:24,891 - INFO - [GINSLIB] processing : 2025/04/19 07:43:52 Q=0
2026-01-05 20:20:24,892 - INFO - [GINSLIB] processing : 2025/04/19 07:43:53 Q=5
2026-01-05 20:20:24,892 - INFO - [GINSLIB] processing : 2025/04/19 07:43:54 Q=5
2026-01-05 20:20:24,892 - INFO - [GINSLIB] processing : 2025/04/19 07:43:55 Q=0
2026-01-05 20:20:24,892 - INFO - [GINSLIB] processing : 2025/04/19 07:43:56 Q=5
2026-01-05 20:20:24,892 - INFO - [GINSLIB] processing : 2025/04/19 07:43:57 Q=5
2026-01-05 20:20:24,892 - INFO - [GINSLIB] processing : 2025/04/19 07:43:58 Q=5
2026-01-05 20:20:24,892 - INFO - [GINSLIB] processing : 2025/04/19 07:43:59 Q=5
2026-01-05 20:20:24,892 - INFO - [GINSLIB] processing : 2025/04/19 07:44:00 Q=5
2026-01-05 20:20:24,892 - INFO - [GINSLIB] processing : 2025/04/19 07:44:01 Q=5
2026-01-05 20:20:24,892 - INFO - [GINSLIB] processing : 2025/04/19 07:44:02 Q=5
2026-01-05 20:20:24,892 - INFO - [GINSLIB] processing : 2025/04/19 07:44:03 Q=5
2026-01-05 20:20:24,892 - INFO - [GINSLIB] processing : 2025/04/19 07:44:04 Q=5
2026-01-05 20:20:24,892 - INFO - [GINSLIB] processing : 2025/04/19 07:44:05 Q=5
2026-01-05 20:20:24,893 - INFO - [GINSLIB] processing : 2025/04/19 07:44:06 Q=5
2026-01-05 20:20:24,893 - INFO - [GINSLIB] processing : 2025/04/19 07:44:07 Q=5
2026-01-05 20:20:24,893 - INFO - [GINSLIB] processing : 2025/04/19 07:44:08 Q=5
2026-01-05 20:20:24,893 - INFO - [GINSLIB] processing : 2025/04/19 07:44:09 Q=0
2026-01-05 20:20:24,893 - INFO - [GINSLIB] processing : 2025/04/19 07:44:10 Q=5
2026-01-05 20:20:24,893 - INFO - [GINSLIB] processing : 2025/04/19 07:44:11 Q=5
2026-01-05 20:20:24,893 - INFO - [GINSLIB] processing : 2025/04/19 07:44:12 Q=5
2026-01-05 20:20:24,893 - INFO - [GINSLIB] processing : 2025/04/19 07:44:13 Q=5
2026-01-05 20:20:24,893 - INFO - [GINSLIB] processing : 2025/04/19 07:44:14 Q=5
2026-01-05 20:20:24,893 - INFO - [GINSLIB] processing : 2025/04/19 07:44:15 Q=5
2026-01-05 20:20:24,893 - INFO - [GINSLIB] processing : 2025/04/19 07:44:16 Q=5
2026-01-05 20:20:24,893 - INFO - [GINSLIB] processing : 2025/04/19 07:44:17 Q=5
2026-01-05 20:20:24,893 - INFO - [GINSLIB] processing : 2025/04/19 07:44:18 Q=0
2026-01-05 20:20:24,893 - INFO - [GINSLIB] processing : 2025/04/19 07:44:19 Q=5
2026-01-05 20:20:24,893 - INFO - [GINSLIB] processing : 2025/04/19 07:44:20 Q=5
2026-01-05 20:20:24,893 - INFO - [GINSLIB] processing : 2025/04/19 07:44:21 Q=5
2026-01-05 20:20:24,894 - INFO - [GINSLIB] processing : 2025/04/19 07:44:22 Q=5
2026-01-05 20:20:24,894 - INFO - [GINSLIB] processing : 2025/04/19 07:44:23 Q=5
2026-01-05 20:20:24,894 - INFO - [GINSLIB] processing : 2025/04/19 07:44:24 Q=5
2026-01-05 20:20:24,894 - INFO - [GINSLIB] processing : 2025/04/19 07:44:25 Q=5
2026-01-05 20:20:24,894 - INFO - [GINSLIB] processing : 2025/04/19 07:44:26 Q=5
2026-01-05 20:20:24,894 - INFO - [GINSLIB] processing : 2025/04/19 07:44:27 Q=5
2026-01-05 20:20:24,894 - INFO - [GINSLIB] processing : 2025/04/19 07:44:28 Q=0
2026-01-05 20:20:25,159 - INFO - [GINSLIB] processing : 2025/04/19 07:44:29 Q=5
2026-01-05 20:20:25,159 - INFO - [GINSLIB] processing : 2025/04/19 07:44:30 Q=5
2026-01-05 20:20:25,159 - INFO - [GINSLIB] processing : 2025/04/19 07:44:31 Q=5
2026-01-05 20:20:25,159 - INFO - [GINSLIB] processing : 2025/04/19 07:44:32 Q=0
2026-01-05 20:20:25,160 - INFO - [GINSLIB] processing : 2025/04/19 07:44:33 Q=0
2026-01-05 20:20:25,160 - INFO - [GINSLIB] processing : 2025/04/19 07:44:34 Q=5
2026-01-05 20:20:25,160 - INFO - [GINSLIB] processing : 2025/04/19 07:44:35 Q=0
2026-01-05 20:20:25,161 - INFO - [GINSLIB] processing : 2025/04/19 07:44:36 Q=0
2026-01-05 20:20:25,161 - INFO - [GINSLIB] processing : 2025/04/19 07:44:37 Q=0
2026-01-05 20:20:25,161 - INFO - [GINSLIB] processing : 2025/04/19 07:44:38 Q=5
2026-01-05 20:20:25,161 - INFO - [GINSLIB] processing : 2025/04/19 07:44:39 Q=5
2026-01-05 20:20:25,162 - INFO - [GINSLIB] processing : 2025/04/19 07:44:40 Q=0
2026-01-05 20:20:25,162 - INFO - [GINSLIB] processing : 2025/04/19 07:44:41 Q=0
2026-01-05 20:20:25,162 - INFO - [GINSLIB] processing : 2025/04/19 07:44:42 Q=0
2026-01-05 20:20:25,162 - INFO - [GINSLIB] processing : 2025/04/19 07:44:43 Q=0
2026-01-05 20:20:25,162 - INFO - [GINSLIB] processing : 2025/04/19 07:44:44 Q=5
2026-01-05 20:20:25,163 - INFO - [GINSLIB] processing : 2025/04/19 07:44:45 Q=5
2026-01-05 20:20:25,163 - INFO - [GINSLIB] processing : 2025/04/19 07:44:46 Q=5
2026-01-05 20:20:25,163 - INFO - [GINSLIB] processing : 2025/04/19 07:44:47 Q=5
2026-01-05 20:20:25,163 - INFO - [GINSLIB] processing : 2025/04/19 07:44:48 Q=5
2026-01-05 20:20:25,163 - INFO - [GINSLIB] processing : 2025/04/19 07:44:49 Q=5
2026-01-05 20:20:25,164 - INFO - [GINSLIB] processing : 2025/04/19 07:44:50 Q=5
2026-01-05 20:20:25,164 - INFO - [GINSLIB] processing : 2025/04/19 07:44:51 Q=5
2026-01-05 20:20:25,164 - INFO - [GINSLIB] processing : 2025/04/19 07:44:52 Q=5
2026-01-05 20:20:25,164 - INFO - [GINSLIB] processing : 2025/04/19 07:44:53 Q=5
2026-01-05 20:20:25,164 - INFO - [GINSLIB] processing : 2025/04/19 07:44:54 Q=5
2026-01-05 20:20:25,164 - INFO - [GINSLIB] processing : 2025/04/19 07:44:55 Q=5
2026-01-05 20:20:25,164 - INFO - [GINSLIB] processing : 2025/04/19 07:44:56 Q=5
2026-01-05 20:20:25,165 - INFO - [GINSLIB] processing : 2025/04/19 07:44:57 Q=5
2026-01-05 20:20:25,165 - INFO - [GINSLIB] processing : 2025/04/19 07:44:58 Q=5
2026-01-05 20:20:25,165 - INFO - [GINSLIB] processing : 2025/04/19 07:44:59 Q=5
2026-01-05 20:20:25,165 - INFO - [GINSLIB] processing : 2025/04/19 07:45:00 Q=5
2026-01-05 20:20:25,165 - INFO - [GINSLIB] processing : 2025/04/19 07:45:01 Q=5
2026-01-05 20:20:25,165 - INFO - [GINSLIB] processing : 2025/04/19 07:45:02 Q=0
2026-01-05 20:20:25,166 - INFO - [GINSLIB] processing : 2025/04/19 07:45:03 Q=0
2026-01-05 20:20:25,166 - INFO - [GINSLIB] processing : 2025/04/19 07:45:04 Q=5
2026-01-05 20:20:25,166 - INFO - [GINSLIB] processing : 2025/04/19 07:45:05 Q=5
2026-01-05 20:20:25,166 - INFO - [GINSLIB] processing : 2025/04/19 07:45:06 Q=5
2026-01-05 20:20:25,166 - INFO - [GINSLIB] processing : 2025/04/19 07:45:07 Q=5
2026-01-05 20:20:25,166 - INFO - [GINSLIB] processing : 2025/04/19 07:45:08 Q=5
2026-01-05 20:20:25,167 - INFO - [GINSLIB] processing : 2025/04/19 07:45:09 Q=5
2026-01-05 20:20:25,167 - INFO - [GINSLIB] processing : 2025/04/19 07:45:10 Q=5
2026-01-05 20:20:25,167 - INFO - [GINSLIB] processing : 2025/04/19 07:45:11 Q=5
2026-01-05 20:20:25,167 - INFO - [GINSLIB] processing : 2025/04/19 07:45:12 Q=5
2026-01-05 20:20:25,167 - INFO - [GINSLIB] processing : 2025/04/19 07:45:13 Q=5
2026-01-05 20:20:25,167 - INFO - [GINSLIB] processing : 2025/04/19 07:45:14 Q=5
2026-01-05 20:20:25,167 - INFO - [GINSLIB] processing : 2025/04/19 07:45:15 Q=5
2026-01-05 20:20:25,167 - INFO - [GINSLIB] processing : 2025/04/19 07:45:16 Q=5
2026-01-05 20:20:25,168 - INFO - [GINSLIB] processing : 2025/04/19 07:45:17 Q=5
2026-01-05 20:20:25,168 - INFO - [GINSLIB] processing : 2025/04/19 07:45:18 Q=5
2026-01-05 20:20:25,168 - INFO - [GINSLIB] processing : 2025/04/19 07:45:19 Q=5
2026-01-05 20:20:25,168 - INFO - [GINSLIB] processing : 2025/04/19 07:45:20 Q=5
2026-01-05 20:20:25,168 - INFO - [GINSLIB] processing : 2025/04/19 07:45:21 Q=5
2026-01-05 20:20:25,168 - INFO - [GINSLIB] processing : 2025/04/19 07:45:22 Q=5
2026-01-05 20:20:25,168 - INFO - [GINSLIB] processing : 2025/04/19 07:45:23 Q=5
2026-01-05 20:20:25,168 - INFO - [GINSLIB] processing : 2025/04/19 07:45:24 Q=5
2026-01-05 20:20:25,168 - INFO - [GINSLIB] processing : 2025/04/19 07:45:25 Q=5
2026-01-05 20:20:25,169 - INFO - [GINSLIB] processing : 2025/04/19 07:45:26 Q=5
2026-01-05 20:20:25,169 - INFO - [GINSLIB] processing : 2025/04/19 07:45:27 Q=5
2026-01-05 20:20:25,169 - INFO - [GINSLIB] processing : 2025/04/19 07:45:28 Q=5
2026-01-05 20:20:25,169 - INFO - [GINSLIB] processing : 2025/04/19 07:45:29 Q=5
2026-01-05 20:20:25,169 - INFO - [GINSLIB] processing : 2025/04/19 07:45:30 Q=5
2026-01-05 20:20:25,169 - INFO - [GINSLIB] processing : 2025/04/19 07:45:31 Q=5
2026-01-05 20:20:25,169 - INFO - [GINSLIB] processing : 2025/04/19 07:45:32 Q=5
2026-01-05 20:20:25,170 - INFO - [GINSLIB] processing : 2025/04/19 07:45:33 Q=5
2026-01-05 20:20:25,170 - INFO - [GINSLIB] processing : 2025/04/19 07:45:34 Q=5
2026-01-05 20:20:25,170 - INFO - [GINSLIB] processing : 2025/04/19 07:45:35 Q=0
2026-01-05 20:20:25,170 - INFO - [GINSLIB] processing : 2025/04/19 07:45:36 Q=5
2026-01-05 20:20:25,170 - INFO - [GINSLIB] processing : 2025/04/19 07:45:37 Q=5
2026-01-05 20:20:25,170 - INFO - [GINSLIB] processing : 2025/04/19 07:45:38 Q=5
2026-01-05 20:20:25,170 - INFO - [GINSLIB] processing : 2025/04/19 07:45:39 Q=5
2026-01-05 20:20:25,171 - INFO - [GINSLIB] processing : 2025/04/19 07:45:40 Q=5
2026-01-05 20:20:25,171 - INFO - [GINSLIB] processing : 2025/04/19 07:45:41 Q=5
2026-01-05 20:20:25,171 - INFO - [GINSLIB] processing : 2025/04/19 07:45:42 Q=5
2026-01-05 20:20:25,171 - INFO - [GINSLIB] processing : 2025/04/19 07:45:43 Q=5
2026-01-05 20:20:25,171 - INFO - [GINSLIB] processing : 2025/04/19 07:45:44 Q=5
2026-01-05 20:20:25,171 - INFO - [GINSLIB] processing : 2025/04/19 07:45:45 Q=5
2026-01-05 20:20:25,171 - INFO - [GINSLIB] processing : 2025/04/19 07:45:46 Q=5
2026-01-05 20:20:25,171 - INFO - [GINSLIB] processing : 2025/04/19 07:45:47 Q=5
2026-01-05 20:20:25,171 - INFO - [GINSLIB] processing : 2025/04/19 07:45:48 Q=5
2026-01-05 20:20:25,171 - INFO - [GINSLIB] processing : 2025/04/19 07:45:49 Q=5
2026-01-05 20:20:25,171 - INFO - [GINSLIB] processing : 2025/04/19 07:45:50 Q=5
2026-01-05 20:20:25,171 - INFO - [GINSLIB] processing : 2025/04/19 07:45:51 Q=5
2026-01-05 20:20:25,171 - INFO - [GINSLIB] processing : 2025/04/19 07:45:52 Q=5
2026-01-05 20:20:25,171 - INFO - [GINSLIB] processing : 2025/04/19 07:45:53 Q=5
2026-01-05 20:20:25,171 - INFO - [GINSLIB] processing : 2025/04/19 07:45:54 Q=5
2026-01-05 20:20:25,172 - INFO - [GINSLIB] processing : 2025/04/19 07:45:55 Q=5
2026-01-05 20:20:25,172 - INFO - [GINSLIB] processing : 2025/04/19 07:45:56 Q=5
2026-01-05 20:20:25,172 - INFO - [GINSLIB] processing : 2025/04/19 07:45:57 Q=5
2026-01-05 20:20:25,172 - INFO - [GINSLIB] processing : 2025/04/19 07:45:58 Q=5
2026-01-05 20:20:25,172 - INFO - [GINSLIB] processing : 2025/04/19 07:45:59 Q=5
2026-01-05 20:20:25,172 - INFO - [GINSLIB] processing : 2025/04/19 07:46:00 Q=5
2026-01-05 20:20:25,172 - INFO - [GINSLIB] processing : 2025/04/19 07:46:01 Q=0
2026-01-05 20:20:25,172 - INFO - [GINSLIB] processing : 2025/04/19 07:46:02 Q=0
2026-01-05 20:20:25,172 - INFO - [GINSLIB] processing : 2025/04/19 07:46:03 Q=0
2026-01-05 20:20:25,172 - INFO - [GINSLIB] processing : 2025/04/19 07:46:04 Q=5
2026-01-05 20:20:25,172 - INFO - [GINSLIB] processing : 2025/04/19 07:46:05 Q=5
2026-01-05 20:20:25,172 - INFO - [GINSLIB] processing : 2025/04/19 07:46:06 Q=5
2026-01-05 20:20:25,172 - INFO - [GINSLIB] processing : 2025/04/19 07:46:07 Q=5
2026-01-05 20:20:25,172 - INFO - [GINSLIB] processing : 2025/04/19 07:46:08 Q=5
2026-01-05 20:20:25,172 - INFO - [GINSLIB] processing : 2025/04/19 07:46:09 Q=5
2026-01-05 20:20:25,172 - INFO - [GINSLIB] processing : 2025/04/19 07:46:10 Q=5
2026-01-05 20:20:25,173 - INFO - [GINSLIB] processing : 2025/04/19 07:46:11 Q=5
2026-01-05 20:20:25,173 - INFO - [GINSLIB] processing : 2025/04/19 07:46:12 Q=5
2026-01-05 20:20:25,173 - INFO - [GINSLIB] processing : 2025/04/19 07:46:13 Q=5
2026-01-05 20:20:25,173 - INFO - [GINSLIB] processing : 2025/04/19 07:46:14 Q=5
2026-01-05 20:20:25,173 - INFO - [GINSLIB] processing : 2025/04/19 07:46:15 Q=5
2026-01-05 20:20:25,173 - INFO - [GINSLIB] processing : 2025/04/19 07:46:16 Q=5
2026-01-05 20:20:25,173 - INFO - [GINSLIB] processing : 2025/04/19 07:46:17 Q=5
2026-01-05 20:20:25,173 - INFO - [GINSLIB] processing : 2025/04/19 07:46:18 Q=5
2026-01-05 20:20:25,485 - INFO - [GINSLIB] processing : 2025/04/19 07:46:19 Q=5
2026-01-05 20:20:25,485 - INFO - [GINSLIB] processing : 2025/04/19 07:46:20 Q=5
2026-01-05 20:20:25,485 - INFO - [GINSLIB] processing : 2025/04/19 07:46:21 Q=5
2026-01-05 20:20:25,485 - INFO - [GINSLIB] processing : 2025/04/19 07:46:22 Q=5
2026-01-05 20:20:25,485 - INFO - [GINSLIB] processing : 2025/04/19 07:46:23 Q=5
2026-01-05 20:20:25,486 - INFO - [GINSLIB] processing : 2025/04/19 07:46:24 Q=5
2026-01-05 20:20:25,486 - INFO - [GINSLIB] processing : 2025/04/19 07:46:25 Q=5
2026-01-05 20:20:25,486 - INFO - [GINSLIB] processing : 2025/04/19 07:46:26 Q=5
2026-01-05 20:20:25,486 - INFO - [GINSLIB] processing : 2025/04/19 07:46:27 Q=5
2026-01-05 20:20:25,486 - INFO - [GINSLIB] processing : 2025/04/19 07:46:28 Q=5
2026-01-05 20:20:25,486 - INFO - [GINSLIB] processing : 2025/04/19 07:46:29 Q=5
2026-01-05 20:20:25,486 - INFO - [GINSLIB] processing : 2025/04/19 07:46:30 Q=5
2026-01-05 20:20:25,487 - INFO - [GINSLIB] processing : 2025/04/19 07:46:31 Q=5
2026-01-05 20:20:25,487 - INFO - [GINSLIB] processing : 2025/04/19 07:46:32 Q=5
2026-01-05 20:20:25,487 - INFO - [GINSLIB] processing : 2025/04/19 07:46:33 Q=5
2026-01-05 20:20:25,487 - INFO - [GINSLIB] processing : 2025/04/19 07:46:34 Q=5
2026-01-05 20:20:25,487 - INFO - [GINSLIB] processing : 2025/04/19 07:46:35 Q=5
2026-01-05 20:20:25,487 - INFO - [GINSLIB] processing : 2025/04/19 07:46:36 Q=5
2026-01-05 20:20:25,487 - INFO - [GINSLIB] processing : 2025/04/19 07:46:37 Q=5
2026-01-05 20:20:25,487 - INFO - [GINSLIB] processing : 2025/04/19 07:46:38 Q=5
2026-01-05 20:20:25,488 - INFO - [GINSLIB] processing : 2025/04/19 07:46:39 Q=5
2026-01-05 20:20:25,488 - INFO - [GINSLIB] processing : 2025/04/19 07:46:40 Q=5
2026-01-05 20:20:25,488 - INFO - [GINSLIB] processing : 2025/04/19 07:46:41 Q=5
2026-01-05 20:20:25,488 - INFO - [GINSLIB] processing : 2025/04/19 07:46:42 Q=5
2026-01-05 20:20:25,488 - INFO - [GINSLIB] processing : 2025/04/19 07:46:43 Q=5
2026-01-05 20:20:25,488 - INFO - [GINSLIB] processing : 2025/04/19 07:46:44 Q=5
2026-01-05 20:20:25,488 - INFO - [GINSLIB] processing : 2025/04/19 07:46:45 Q=5
2026-01-05 20:20:25,488 - INFO - [GINSLIB] processing : 2025/04/19 07:46:46 Q=5
2026-01-05 20:20:25,488 - INFO - [GINSLIB] processing : 2025/04/19 07:46:47 Q=5
2026-01-05 20:20:25,488 - INFO - [GINSLIB] processing : 2025/04/19 07:46:48 Q=5
2026-01-05 20:20:25,488 - INFO - [GINSLIB] processing : 2025/04/19 07:46:49 Q=5
2026-01-05 20:20:25,488 - INFO - [GINSLIB] processing : 2025/04/19 07:46:50 Q=5
2026-01-05 20:20:25,488 - INFO - [GINSLIB] processing : 2025/04/19 07:46:51 Q=5
2026-01-05 20:20:25,489 - INFO - [GINSLIB] processing : 2025/04/19 07:46:52 Q=5
2026-01-05 20:20:25,489 - INFO - [GINSLIB] processing : 2025/04/19 07:46:53 Q=5
2026-01-05 20:20:25,489 - INFO - [GINSLIB] processing : 2025/04/19 07:46:54 Q=5
2026-01-05 20:20:25,489 - INFO - [GINSLIB] processing : 2025/04/19 07:46:55 Q=5
2026-01-05 20:20:25,489 - INFO - [GINSLIB] processing : 2025/04/19 07:46:56 Q=5
2026-01-05 20:20:25,489 - INFO - [GINSLIB] processing : 2025/04/19 07:46:57 Q=5
2026-01-05 20:20:25,489 - INFO - [GINSLIB] processing : 2025/04/19 07:46:58 Q=5
2026-01-05 20:20:25,489 - INFO - [GINSLIB] processing : 2025/04/19 07:46:59 Q=5
2026-01-05 20:20:25,489 - INFO - [GINSLIB] processing : 2025/04/19 07:47:00 Q=5
2026-01-05 20:20:25,489 - INFO - [GINSLIB] processing : 2025/04/19 07:47:01 Q=5
2026-01-05 20:20:25,489 - INFO - [GINSLIB] processing : 2025/04/19 07:47:02 Q=5
2026-01-05 20:20:25,490 - INFO - [GINSLIB] processing : 2025/04/19 07:47:03 Q=5
2026-01-05 20:20:25,490 - INFO - [GINSLIB] processing : 2025/04/19 07:47:04 Q=5
2026-01-05 20:20:25,490 - INFO - [GINSLIB] processing : 2025/04/19 07:47:05 Q=5
2026-01-05 20:20:25,490 - INFO - [GINSLIB] processing : 2025/04/19 07:47:06 Q=5
2026-01-05 20:20:25,490 - INFO - [GINSLIB] processing : 2025/04/19 07:47:07 Q=5
2026-01-05 20:20:25,490 - INFO - [GINSLIB] processing : 2025/04/19 07:47:08 Q=5
2026-01-05 20:20:25,490 - INFO - [GINSLIB] processing : 2025/04/19 07:47:09 Q=5
2026-01-05 20:20:25,490 - INFO - [GINSLIB] processing : 2025/04/19 07:47:10 Q=0
2026-01-05 20:20:25,490 - INFO - [GINSLIB] processing : 2025/04/19 07:47:11 Q=5
2026-01-05 20:20:25,491 - INFO - [GINSLIB] processing : 2025/04/19 07:47:12 Q=5
2026-01-05 20:20:25,491 - INFO - [GINSLIB] processing : 2025/04/19 07:47:13 Q=0
2026-01-05 20:20:25,491 - INFO - [GINSLIB] processing : 2025/04/19 07:47:14 Q=5
2026-01-05 20:20:25,491 - INFO - [GINSLIB] processing : 2025/04/19 07:47:15 Q=5
2026-01-05 20:20:25,491 - INFO - [GINSLIB] processing : 2025/04/19 07:47:16 Q=5
2026-01-05 20:20:25,491 - INFO - [GINSLIB] processing : 2025/04/19 07:47:17 Q=5
2026-01-05 20:20:25,491 - INFO - [GINSLIB] processing : 2025/04/19 07:47:18 Q=5
2026-01-05 20:20:25,491 - INFO - [GINSLIB] processing : 2025/04/19 07:47:19 Q=5
2026-01-05 20:20:25,492 - INFO - [GINSLIB] processing : 2025/04/19 07:47:20 Q=5
2026-01-05 20:20:25,492 - INFO - [GINSLIB] processing : 2025/04/19 07:47:21 Q=5
2026-01-05 20:20:25,492 - INFO - [GINSLIB] processing : 2025/04/19 07:47:22 Q=0
2026-01-05 20:20:25,492 - INFO - [GINSLIB] processing : 2025/04/19 07:47:23 Q=0
2026-01-05 20:20:25,492 - INFO - [GINSLIB] processing : 2025/04/19 07:47:24 Q=0
2026-01-05 20:20:25,492 - INFO - [GINSLIB] processing : 2025/04/19 07:47:25 Q=0
2026-01-05 20:20:25,492 - INFO - [GINSLIB] processing : 2025/04/19 07:47:26 Q=0
2026-01-05 20:20:25,492 - INFO - [GINSLIB] processing : 2025/04/19 07:47:27 Q=0
2026-01-05 20:20:25,492 - INFO - [GINSLIB] processing : 2025/04/19 07:47:28 Q=0
2026-01-05 20:20:25,492 - INFO - [GINSLIB] processing : 2025/04/19 07:47:29 Q=5
2026-01-05 20:20:25,492 - INFO - [GINSLIB] processing : 2025/04/19 07:47:30 Q=5
2026-01-05 20:20:25,493 - INFO - [GINSLIB] processing : 2025/04/19 07:47:31 Q=5
2026-01-05 20:20:25,493 - INFO - [GINSLIB] processing : 2025/04/19 07:47:32 Q=5
2026-01-05 20:20:25,493 - INFO - [GINSLIB] processing : 2025/04/19 07:47:33 Q=5
2026-01-05 20:20:25,493 - INFO - [GINSLIB] processing : 2025/04/19 07:47:34 Q=5
2026-01-05 20:20:25,493 - INFO - [GINSLIB] processing : 2025/04/19 07:47:35 Q=5
2026-01-05 20:20:25,493 - INFO - [GINSLIB] processing : 2025/04/19 07:47:36 Q=5
2026-01-05 20:20:25,493 - INFO - [GINSLIB] processing : 2025/04/19 07:47:37 Q=5
2026-01-05 20:20:25,493 - INFO - [GINSLIB] processing : 2025/04/19 07:47:38 Q=5
2026-01-05 20:20:25,493 - INFO - [GINSLIB] processing : 2025/04/19 07:47:39 Q=5
2026-01-05 20:20:25,493 - INFO - [GINSLIB] processing : 2025/04/19 07:47:40 Q=5
2026-01-05 20:20:25,493 - INFO - [GINSLIB] processing : 2025/04/19 07:47:41 Q=5
2026-01-05 20:20:25,494 - INFO - [GINSLIB] processing : 2025/04/19 07:47:42 Q=0
2026-01-05 20:20:25,494 - INFO - [GINSLIB] processing : 2025/04/19 07:47:43 Q=0
2026-01-05 20:20:25,494 - INFO - [GINSLIB] processing : 2025/04/19 07:47:44 Q=0
2026-01-05 20:20:25,494 - INFO - [GINSLIB] processing : 2025/04/19 07:47:45 Q=5
2026-01-05 20:20:25,494 - INFO - [GINSLIB] processing : 2025/04/19 07:47:46 Q=5
2026-01-05 20:20:25,494 - INFO - [GINSLIB] processing : 2025/04/19 07:47:47 Q=5
2026-01-05 20:20:25,494 - INFO - [GINSLIB] processing : 2025/04/19 07:47:48 Q=5
2026-01-05 20:20:25,494 - INFO - [GINSLIB] processing : 2025/04/19 07:47:49 Q=5
2026-01-05 20:20:25,494 - INFO - [GINSLIB] processing : 2025/04/19 07:47:50 Q=5
2026-01-05 20:20:25,494 - INFO - [GINSLIB] processing : 2025/04/19 07:47:51 Q=5
2026-01-05 20:20:25,494 - INFO - [GINSLIB] processing : 2025/04/19 07:47:52 Q=5
2026-01-05 20:20:25,494 - INFO - [GINSLIB] processing : 2025/04/19 07:47:53 Q=5
2026-01-05 20:20:25,494 - INFO - [GINSLIB] processing : 2025/04/19 07:47:54 Q=5
2026-01-05 20:20:25,495 - INFO - [GINSLIB] processing : 2025/04/19 07:47:55 Q=5
2026-01-05 20:20:25,495 - INFO - [GINSLIB] processing : 2025/04/19 07:47:56 Q=5
2026-01-05 20:20:25,495 - INFO - [GINSLIB] processing : 2025/04/19 07:47:57 Q=5
2026-01-05 20:20:25,495 - INFO - [GINSLIB] processing : 2025/04/19 07:47:58 Q=5
2026-01-05 20:20:25,495 - INFO - [GINSLIB] processing : 2025/04/19 07:47:59 Q=5
2026-01-05 20:20:25,495 - INFO - [GINSLIB] processing : 2025/04/19 07:48:00 Q=5
2026-01-05 20:20:25,495 - INFO - [GINSLIB] processing : 2025/04/19 07:48:01 Q=5
2026-01-05 20:20:25,495 - INFO - [GINSLIB] processing : 2025/04/19 07:48:02 Q=5
2026-01-05 20:20:25,495 - INFO - [GINSLIB] processing : 2025/04/19 07:48:03 Q=5
2026-01-05 20:20:25,495 - INFO - [GINSLIB] processing : 2025/04/19 07:48:04 Q=5
2026-01-05 20:20:25,495 - INFO - [GINSLIB] processing : 2025/04/19 07:48:05 Q=5
2026-01-05 20:20:25,495 - INFO - [GINSLIB] processing : 2025/04/19 07:48:06 Q=5
2026-01-05 20:20:25,495 - INFO - [GINSLIB] processing : 2025/04/19 07:48:07 Q=5
2026-01-05 20:20:25,496 - INFO - [GINSLIB] processing : 2025/04/19 07:48:08 Q=5
2026-01-05 20:20:25,496 - INFO - [GINSLIB] processing : 2025/04/19 07:48:09 Q=5
2026-01-05 20:20:25,792 - INFO - [GINSLIB] processing : 2025/04/19 07:48:10 Q=5
2026-01-05 20:20:25,792 - INFO - [GINSLIB] processing : 2025/04/19 07:48:11 Q=5
2026-01-05 20:20:25,792 - INFO - [GINSLIB] processing : 2025/04/19 07:48:12 Q=5
2026-01-05 20:20:25,792 - INFO - [GINSLIB] processing : 2025/04/19 07:48:13 Q=5
2026-01-05 20:20:25,793 - INFO - [GINSLIB] processing : 2025/04/19 07:48:14 Q=5
2026-01-05 20:20:25,793 - INFO - [GINSLIB] processing : 2025/04/19 07:48:15 Q=5
2026-01-05 20:20:25,793 - INFO - [GINSLIB] processing : 2025/04/19 07:48:16 Q=5
2026-01-05 20:20:25,793 - INFO - [GINSLIB] processing : 2025/04/19 07:48:17 Q=5
2026-01-05 20:20:25,793 - INFO - [GINSLIB] processing : 2025/04/19 07:48:18 Q=0
2026-01-05 20:20:25,793 - INFO - [GINSLIB] processing : 2025/04/19 07:48:19 Q=0
2026-01-05 20:20:25,794 - INFO - [GINSLIB] processing : 2025/04/19 07:48:20 Q=5
2026-01-05 20:20:25,794 - INFO - [GINSLIB] processing : 2025/04/19 07:48:21 Q=5
2026-01-05 20:20:25,794 - INFO - [GINSLIB] processing : 2025/04/19 07:48:22 Q=5
2026-01-05 20:20:25,794 - INFO - [GINSLIB] processing : 2025/04/19 07:48:23 Q=5
2026-01-05 20:20:25,794 - INFO - [GINSLIB] processing : 2025/04/19 07:48:24 Q=0
2026-01-05 20:20:25,794 - INFO - [GINSLIB] processing : 2025/04/19 07:48:25 Q=0
2026-01-05 20:20:25,795 - INFO - [GINSLIB] processing : 2025/04/19 07:48:26 Q=0
2026-01-05 20:20:25,795 - INFO - [GINSLIB] processing : 2025/04/19 07:48:27 Q=0
2026-01-05 20:20:25,795 - INFO - [GINSLIB] processing : 2025/04/19 07:48:28 Q=0
2026-01-05 20:20:25,795 - INFO - [GINSLIB] processing : 2025/04/19 07:48:29 Q=5
2026-01-05 20:20:25,795 - INFO - [GINSLIB] processing : 2025/04/19 07:48:30 Q=0
2026-01-05 20:20:25,795 - INFO - [GINSLIB] processing : 2025/04/19 07:48:31 Q=5
2026-01-05 20:20:25,795 - INFO - [GINSLIB] processing : 2025/04/19 07:48:32 Q=0
2026-01-05 20:20:25,795 - INFO - [GINSLIB] processing : 2025/04/19 07:48:33 Q=0
2026-01-05 20:20:25,795 - INFO - [GINSLIB] processing : 2025/04/19 07:48:34 Q=5
2026-01-05 20:20:25,795 - INFO - [GINSLIB] processing : 2025/04/19 07:48:35 Q=5
2026-01-05 20:20:25,795 - INFO - [GINSLIB] processing : 2025/04/19 07:48:36 Q=0
2026-01-05 20:20:25,795 - INFO - [GINSLIB] processing : 2025/04/19 07:48:37 Q=0
2026-01-05 20:20:25,796 - INFO - [GINSLIB] processing : 2025/04/19 07:48:38 Q=0
2026-01-05 20:20:25,796 - INFO - [GINSLIB] processing : 2025/04/19 07:48:39 Q=0
2026-01-05 20:20:25,796 - INFO - [GINSLIB] processing : 2025/04/19 07:48:40 Q=0
2026-01-05 20:20:25,796 - INFO - [GINSLIB] processing : 2025/04/19 07:48:41 Q=0
2026-01-05 20:20:25,796 - INFO - [GINSLIB] processing : 2025/04/19 07:48:42 Q=0
2026-01-05 20:20:25,796 - INFO - [GINSLIB] processing : 2025/04/19 07:48:43 Q=5
2026-01-05 20:20:25,796 - INFO - [GINSLIB] processing : 2025/04/19 07:48:44 Q=5
2026-01-05 20:20:25,796 - INFO - [GINSLIB] processing : 2025/04/19 07:48:45 Q=5
2026-01-05 20:20:25,796 - INFO - [GINSLIB] processing : 2025/04/19 07:48:46 Q=0
2026-01-05 20:20:25,796 - INFO - [GINSLIB] processing : 2025/04/19 07:48:47 Q=0
2026-01-05 20:20:25,796 - INFO - [GINSLIB] processing : 2025/04/19 07:48:48 Q=5
2026-01-05 20:20:25,796 - INFO - [GINSLIB] processing : 2025/04/19 07:48:49 Q=0
2026-01-05 20:20:25,796 - INFO - [GINSLIB] processing : 2025/04/19 07:48:50 Q=0
2026-01-05 20:20:25,796 - INFO - [GINSLIB] processing : 2025/04/19 07:48:51 Q=0
2026-01-05 20:20:25,796 - INFO - [GINSLIB] processing : 2025/04/19 07:48:52 Q=0
2026-01-05 20:20:25,796 - INFO - [GINSLIB] processing : 2025/04/19 07:48:53 Q=0
2026-01-05 20:20:25,797 - INFO - [GINSLIB] processing : 2025/04/19 07:48:54 Q=0
2026-01-05 20:20:25,797 - INFO - [GINSLIB] processing : 2025/04/19 07:48:55 Q=0
2026-01-05 20:20:25,797 - INFO - [GINSLIB] processing : 2025/04/19 07:48:56 Q=0
2026-01-05 20:20:25,797 - INFO - [GINSLIB] processing : 2025/04/19 07:48:57 Q=0
2026-01-05 20:20:25,797 - INFO - [GINSLIB] processing : 2025/04/19 07:48:58 Q=0
2026-01-05 20:20:25,797 - INFO - [GINSLIB] processing : 2025/04/19 07:48:59 Q=5
2026-01-05 20:20:25,797 - INFO - [GINSLIB] processing : 2025/04/19 07:49:00 Q=0
2026-01-05 20:20:25,797 - INFO - [GINSLIB] processing : 2025/04/19 07:49:01 Q=5
2026-01-05 20:20:25,798 - INFO - [GINSLIB] processing : 2025/04/19 07:49:02 Q=5
2026-01-05 20:20:25,798 - INFO - [GINSLIB] processing : 2025/04/19 07:49:03 Q=5
2026-01-05 20:20:25,798 - INFO - [GINSLIB] processing : 2025/04/19 07:49:04 Q=5
2026-01-05 20:20:25,798 - INFO - [GINSLIB] processing : 2025/04/19 07:49:05 Q=5
2026-01-05 20:20:25,798 - INFO - [GINSLIB] processing : 2025/04/19 07:49:06 Q=0
2026-01-05 20:20:25,798 - INFO - [GINSLIB] processing : 2025/04/19 07:49:07 Q=5
2026-01-05 20:20:25,799 - INFO - [GINSLIB] processing : 2025/04/19 07:49:08 Q=0
2026-01-05 20:20:25,799 - INFO - [GINSLIB] processing : 2025/04/19 07:49:09 Q=5
2026-01-05 20:20:25,799 - INFO - [GINSLIB] processing : 2025/04/19 07:49:10 Q=5
2026-01-05 20:20:25,799 - INFO - [GINSLIB] processing : 2025/04/19 07:49:11 Q=0
2026-01-05 20:20:25,799 - INFO - [GINSLIB] processing : 2025/04/19 07:49:12 Q=5
2026-01-05 20:20:25,799 - INFO - [GINSLIB] processing : 2025/04/19 07:49:13 Q=0
2026-01-05 20:20:25,799 - INFO - [GINSLIB] processing : 2025/04/19 07:49:14 Q=0
2026-01-05 20:20:25,800 - INFO - [GINSLIB] processing : 2025/04/19 07:49:15 Q=5
2026-01-05 20:20:25,800 - INFO - [GINSLIB] processing : 2025/04/19 07:49:16 Q=5
2026-01-05 20:20:25,800 - INFO - [GINSLIB] processing : 2025/04/19 07:49:17 Q=5
2026-01-05 20:20:25,800 - INFO - [GINSLIB] processing : 2025/04/19 07:49:18 Q=5
2026-01-05 20:20:25,800 - INFO - [GINSLIB] processing : 2025/04/19 07:49:19 Q=0
2026-01-05 20:20:25,800 - INFO - [GINSLIB] processing : 2025/04/19 07:49:20 Q=0
2026-01-05 20:20:25,801 - INFO - [GINSLIB] processing : 2025/04/19 07:49:21 Q=0
2026-01-05 20:20:25,801 - INFO - [GINSLIB] processing : 2025/04/19 07:49:22 Q=0
2026-01-05 20:20:25,801 - INFO - [GINSLIB] processing : 2025/04/19 07:49:23 Q=0
2026-01-05 20:20:25,801 - INFO - [GINSLIB] processing : 2025/04/19 07:49:24 Q=5
2026-01-05 20:20:25,801 - INFO - [GINSLIB] processing : 2025/04/19 07:49:25 Q=0
2026-01-05 20:20:25,801 - INFO - [GINSLIB] processing : 2025/04/19 07:49:26 Q=0
2026-01-05 20:20:25,801 - INFO - [GINSLIB] processing : 2025/04/19 07:49:27 Q=5
2026-01-05 20:20:25,801 - INFO - [GINSLIB] processing : 2025/04/19 07:49:28 Q=5
2026-01-05 20:20:25,801 - INFO - [GINSLIB] processing : 2025/04/19 07:49:29 Q=5
2026-01-05 20:20:25,802 - INFO - [GINSLIB] processing : 2025/04/19 07:49:30 Q=5
2026-01-05 20:20:25,802 - INFO - [GINSLIB] processing : 2025/04/19 07:49:31 Q=5
2026-01-05 20:20:25,802 - INFO - [GINSLIB] processing : 2025/04/19 07:49:32 Q=5
2026-01-05 20:20:25,802 - INFO - [GINSLIB] processing : 2025/04/19 07:49:33 Q=5
2026-01-05 20:20:25,802 - INFO - [GINSLIB] processing : 2025/04/19 07:49:34 Q=5
2026-01-05 20:20:25,802 - INFO - [GINSLIB] processing : 2025/04/19 07:49:35 Q=5
2026-01-05 20:20:25,802 - INFO - [GINSLIB] processing : 2025/04/19 07:49:36 Q=5
2026-01-05 20:20:25,802 - INFO - [GINSLIB] processing : 2025/04/19 07:49:37 Q=5
2026-01-05 20:20:25,803 - INFO - [GINSLIB] processing : 2025/04/19 07:49:38 Q=5
2026-01-05 20:20:25,803 - INFO - [GINSLIB] processing : 2025/04/19 07:49:39 Q=5
2026-01-05 20:20:25,803 - INFO - [GINSLIB] processing : 2025/04/19 07:49:40 Q=5
2026-01-05 20:20:25,803 - INFO - [GINSLIB] processing : 2025/04/19 07:49:41 Q=5
2026-01-05 20:20:25,803 - INFO - [GINSLIB] processing : 2025/04/19 07:49:42 Q=5
2026-01-05 20:20:25,803 - INFO - [GINSLIB] processing : 2025/04/19 07:49:43 Q=5
2026-01-05 20:20:25,803 - INFO - [GINSLIB] processing : 2025/04/19 07:49:44 Q=5
2026-01-05 20:20:25,803 - INFO - [GINSLIB] processing : 2025/04/19 07:49:45 Q=5
2026-01-05 20:20:25,804 - INFO - [GINSLIB] processing : 2025/04/19 07:49:46 Q=5
2026-01-05 20:20:25,804 - INFO - [GINSLIB] processing : 2025/04/19 07:49:47 Q=5
2026-01-05 20:20:25,804 - INFO - [GINSLIB] processing : 2025/04/19 07:49:48 Q=0
2026-01-05 20:20:25,804 - INFO - [GINSLIB] processing : 2025/04/19 07:49:49 Q=5
2026-01-05 20:20:25,804 - INFO - [GINSLIB] processing : 2025/04/19 07:49:50 Q=5
2026-01-05 20:20:25,804 - INFO - [GINSLIB] processing : 2025/04/19 07:49:51 Q=5
2026-01-05 20:20:25,804 - INFO - [GINSLIB] processing : 2025/04/19 07:49:52 Q=5
2026-01-05 20:20:25,804 - INFO - [GINSLIB] processing : 2025/04/19 07:49:53 Q=5
2026-01-05 20:20:25,804 - INFO - [GINSLIB] processing : 2025/04/19 07:49:54 Q=5
2026-01-05 20:20:25,804 - INFO - [GINSLIB] processing : 2025/04/19 07:49:55 Q=5
2026-01-05 20:20:25,804 - INFO - [GINSLIB] processing : 2025/04/19 07:49:56 Q=5
2026-01-05 20:20:25,805 - INFO - [GINSLIB] processing : 2025/04/19 07:49:57 Q=5
2026-01-05 20:20:25,805 - INFO - [GINSLIB] processing : 2025/04/19 07:49:58 Q=5
2026-01-05 20:20:25,805 - INFO - [GINSLIB] processing : 2025/04/19 07:49:59 Q=5
2026-01-05 20:20:25,805 - INFO - [GINSLIB] processing : 2025/04/19 07:50:00 Q=5
2026-01-05 20:20:26,077 - INFO - [GINSLIB] processing : 2025/04/19 07:50:01 Q=5
2026-01-05 20:20:26,078 - INFO - [GINSLIB] processing : 2025/04/19 07:50:02 Q=5
2026-01-05 20:20:26,078 - INFO - [GINSLIB] processing : 2025/04/19 07:50:03 Q=5
2026-01-05 20:20:26,078 - INFO - [GINSLIB] processing : 2025/04/19 07:50:04 Q=5
2026-01-05 20:20:26,078 - INFO - [GINSLIB] processing : 2025/04/19 07:50:05 Q=5
2026-01-05 20:20:26,078 - INFO - [GINSLIB] processing : 2025/04/19 07:50:06 Q=5
2026-01-05 20:20:26,079 - INFO - [GINSLIB] processing : 2025/04/19 07:50:07 Q=5
2026-01-05 20:20:26,079 - INFO - [GINSLIB] processing : 2025/04/19 07:50:08 Q=5
2026-01-05 20:20:26,079 - INFO - [GINSLIB] processing : 2025/04/19 07:50:09 Q=5
2026-01-05 20:20:26,079 - INFO - [GINSLIB] processing : 2025/04/19 07:50:10 Q=5
2026-01-05 20:20:26,079 - INFO - [GINSLIB] processing : 2025/04/19 07:50:11 Q=5
2026-01-05 20:20:26,079 - INFO - [GINSLIB] processing : 2025/04/19 07:50:12 Q=5
2026-01-05 20:20:26,080 - INFO - [GINSLIB] processing : 2025/04/19 07:50:13 Q=5
2026-01-05 20:20:26,080 - INFO - [GINSLIB] processing : 2025/04/19 07:50:14 Q=5
2026-01-05 20:20:26,080 - INFO - [GINSLIB] processing : 2025/04/19 07:50:15 Q=5
2026-01-05 20:20:26,080 - INFO - [GINSLIB] processing : 2025/04/19 07:50:16 Q=5
2026-01-05 20:20:26,080 - INFO - [GINSLIB] processing : 2025/04/19 07:50:17 Q=5
2026-01-05 20:20:26,080 - INFO - [GINSLIB] processing : 2025/04/19 07:50:18 Q=5
2026-01-05 20:20:26,081 - INFO - [GINSLIB] processing : 2025/04/19 07:50:19 Q=5
2026-01-05 20:20:26,081 - INFO - [GINSLIB] processing : 2025/04/19 07:50:20 Q=5
2026-01-05 20:20:26,081 - INFO - [GINSLIB] processing : 2025/04/19 07:50:21 Q=5
2026-01-05 20:20:26,081 - INFO - [GINSLIB] processing : 2025/04/19 07:50:22 Q=5
2026-01-05 20:20:26,081 - INFO - [GINSLIB] processing : 2025/04/19 07:50:23 Q=5
2026-01-05 20:20:26,082 - INFO - [GINSLIB] processing : 2025/04/19 07:50:24 Q=5
2026-01-05 20:20:26,082 - INFO - [GINSLIB] processing : 2025/04/19 07:50:25 Q=5
2026-01-05 20:20:26,082 - INFO - [GINSLIB] processing : 2025/04/19 07:50:26 Q=5
2026-01-05 20:20:26,082 - INFO - [GINSLIB] processing : 2025/04/19 07:50:27 Q=5
2026-01-05 20:20:26,082 - INFO - [GINSLIB] processing : 2025/04/19 07:50:28 Q=5
2026-01-05 20:20:26,082 - INFO - [GINSLIB] processing : 2025/04/19 07:50:29 Q=5
2026-01-05 20:20:26,083 - INFO - [GINSLIB] processing : 2025/04/19 07:50:30 Q=5
2026-01-05 20:20:26,083 - INFO - [GINSLIB] processing : 2025/04/19 07:50:31 Q=5
2026-01-05 20:20:26,083 - INFO - [GINSLIB] processing : 2025/04/19 07:50:32 Q=5
2026-01-05 20:20:26,083 - INFO - [GINSLIB] processing : 2025/04/19 07:50:33 Q=0
2026-01-05 20:20:26,083 - INFO - [GINSLIB] processing : 2025/04/19 07:50:34 Q=5
2026-01-05 20:20:26,083 - INFO - [GINSLIB] processing : 2025/04/19 07:50:35 Q=5
2026-01-05 20:20:26,083 - INFO - [GINSLIB] processing : 2025/04/19 07:50:36 Q=5
2026-01-05 20:20:26,083 - INFO - [GINSLIB] processing : 2025/04/19 07:50:37 Q=5
2026-01-05 20:20:26,083 - INFO - [GINSLIB] processing : 2025/04/19 07:50:38 Q=5
2026-01-05 20:20:26,084 - INFO - [GINSLIB] processing : 2025/04/19 07:50:39 Q=0
2026-01-05 20:20:26,084 - INFO - [GINSLIB] processing : 2025/04/19 07:50:40 Q=0
2026-01-05 20:20:26,084 - INFO - [GINSLIB] processing : 2025/04/19 07:50:41 Q=5
2026-01-05 20:20:26,084 - INFO - [GINSLIB] processing : 2025/04/19 07:50:42 Q=5
2026-01-05 20:20:26,084 - INFO - [GINSLIB] processing : 2025/04/19 07:50:43 Q=5
2026-01-05 20:20:26,084 - INFO - [GINSLIB] processing : 2025/04/19 07:50:44 Q=5
2026-01-05 20:20:26,084 - INFO - [GINSLIB] processing : 2025/04/19 07:50:45 Q=5
2026-01-05 20:20:26,084 - INFO - [GINSLIB] processing : 2025/04/19 07:50:46 Q=5
2026-01-05 20:20:26,084 - INFO - [GINSLIB] processing : 2025/04/19 07:50:47 Q=5
2026-01-05 20:20:26,084 - INFO - [GINSLIB] processing : 2025/04/19 07:50:48 Q=5
2026-01-05 20:20:26,084 - INFO - [GINSLIB] processing : 2025/04/19 07:50:49 Q=5
2026-01-05 20:20:26,084 - INFO - [GINSLIB] processing : 2025/04/19 07:50:50 Q=5
2026-01-05 20:20:26,084 - INFO - [GINSLIB] processing : 2025/04/19 07:50:51 Q=5
2026-01-05 20:20:26,084 - INFO - [GINSLIB] processing : 2025/04/19 07:50:52 Q=5
2026-01-05 20:20:26,085 - INFO - [GINSLIB] processing : 2025/04/19 07:50:53 Q=5
2026-01-05 20:20:26,085 - INFO - [GINSLIB] processing : 2025/04/19 07:50:54 Q=5
2026-01-05 20:20:26,085 - INFO - [GINSLIB] processing : 2025/04/19 07:50:55 Q=5
2026-01-05 20:20:26,085 - INFO - [GINSLIB] processing : 2025/04/19 07:50:56 Q=5
2026-01-05 20:20:26,085 - INFO - [GINSLIB] processing : 2025/04/19 07:50:57 Q=5
2026-01-05 20:20:26,085 - INFO - [GINSLIB] processing : 2025/04/19 07:50:58 Q=5
2026-01-05 20:20:26,085 - INFO - [GINSLIB] processing : 2025/04/19 07:50:59 Q=5
2026-01-05 20:20:26,085 - INFO - [GINSLIB] processing : 2025/04/19 07:51:00 Q=5
2026-01-05 20:20:26,085 - INFO - [GINSLIB] processing : 2025/04/19 07:51:01 Q=5
2026-01-05 20:20:26,085 - INFO - [GINSLIB] processing : 2025/04/19 07:51:02 Q=5
2026-01-05 20:20:26,085 - INFO - [GINSLIB] processing : 2025/04/19 07:51:03 Q=5
2026-01-05 20:20:26,085 - INFO - [GINSLIB] processing : 2025/04/19 07:51:04 Q=5
2026-01-05 20:20:26,085 - INFO - [GINSLIB] processing : 2025/04/19 07:51:05 Q=5
2026-01-05 20:20:26,085 - INFO - [GINSLIB] processing : 2025/04/19 07:51:06 Q=0
2026-01-05 20:20:26,085 - INFO - [GINSLIB] processing : 2025/04/19 07:51:07 Q=5
2026-01-05 20:20:26,086 - INFO - [GINSLIB] processing : 2025/04/19 07:51:08 Q=0
2026-01-05 20:20:26,086 - INFO - [GINSLIB] processing : 2025/04/19 07:51:09 Q=5
2026-01-05 20:20:26,086 - INFO - [GINSLIB] processing : 2025/04/19 07:51:10 Q=5
2026-01-05 20:20:26,086 - INFO - [GINSLIB] processing : 2025/04/19 07:51:11 Q=5
2026-01-05 20:20:26,086 - INFO - [GINSLIB] processing : 2025/04/19 07:51:12 Q=5
2026-01-05 20:20:26,086 - INFO - [GINSLIB] processing : 2025/04/19 07:51:13 Q=5
2026-01-05 20:20:26,086 - INFO - [GINSLIB] processing : 2025/04/19 07:51:14 Q=0
2026-01-05 20:20:26,086 - INFO - [GINSLIB] processing : 2025/04/19 07:51:15 Q=0
2026-01-05 20:20:26,086 - INFO - [GINSLIB] processing : 2025/04/19 07:51:16 Q=0
2026-01-05 20:20:26,086 - INFO - [GINSLIB] processing : 2025/04/19 07:51:17 Q=0
2026-01-05 20:20:26,086 - INFO - [GINSLIB] processing : 2025/04/19 07:51:18 Q=0
2026-01-05 20:20:26,086 - INFO - [GINSLIB] processing : 2025/04/19 07:51:19 Q=5
2026-01-05 20:20:26,086 - INFO - [GINSLIB] processing : 2025/04/19 07:51:20 Q=5
2026-01-05 20:20:26,086 - INFO - [GINSLIB] processing : 2025/04/19 07:51:21 Q=5
2026-01-05 20:20:26,086 - INFO - [GINSLIB] processing : 2025/04/19 07:51:22 Q=5
2026-01-05 20:20:26,086 - INFO - [GINSLIB] processing : 2025/04/19 07:51:23 Q=5
2026-01-05 20:20:26,087 - INFO - [GINSLIB] processing : 2025/04/19 07:51:24 Q=5
2026-01-05 20:20:26,087 - INFO - [GINSLIB] processing : 2025/04/19 07:51:25 Q=5
2026-01-05 20:20:26,087 - INFO - [GINSLIB] processing : 2025/04/19 07:51:26 Q=5
2026-01-05 20:20:26,087 - INFO - [GINSLIB] processing : 2025/04/19 07:51:27 Q=5
2026-01-05 20:20:26,087 - INFO - [GINSLIB] processing : 2025/04/19 07:51:28 Q=5
2026-01-05 20:20:26,087 - INFO - [GINSLIB] processing : 2025/04/19 07:51:29 Q=5
2026-01-05 20:20:26,087 - INFO - [GINSLIB] processing : 2025/04/19 07:51:30 Q=5
2026-01-05 20:20:26,087 - INFO - [GINSLIB] processing : 2025/04/19 07:51:31 Q=5
2026-01-05 20:20:26,087 - INFO - [GINSLIB] processing : 2025/04/19 07:51:32 Q=5
2026-01-05 20:20:26,087 - INFO - [GINSLIB] processing : 2025/04/19 07:51:33 Q=5
2026-01-05 20:20:26,087 - INFO - [GINSLIB] processing : 2025/04/19 07:51:34 Q=5
2026-01-05 20:20:26,087 - INFO - [GINSLIB] processing : 2025/04/19 07:51:35 Q=5
2026-01-05 20:20:26,087 - INFO - [GINSLIB] processing : 2025/04/19 07:51:36 Q=5
2026-01-05 20:20:26,087 - INFO - [GINSLIB] processing : 2025/04/19 07:51:37 Q=5
2026-01-05 20:20:26,087 - INFO - [GINSLIB] processing : 2025/04/19 07:51:38 Q=5
2026-01-05 20:20:26,087 - INFO - [GINSLIB] processing : 2025/04/19 07:51:39 Q=5
2026-01-05 20:20:26,088 - INFO - [GINSLIB] processing : 2025/04/19 07:51:40 Q=5
2026-01-05 20:20:26,088 - INFO - [GINSLIB] processing : 2025/04/19 07:51:41 Q=5
2026-01-05 20:20:26,088 - INFO - [GINSLIB] processing : 2025/04/19 07:51:42 Q=5
2026-01-05 20:20:26,088 - INFO - [GINSLIB] processing : 2025/04/19 07:51:43 Q=5
2026-01-05 20:20:26,088 - INFO - [GINSLIB] processing : 2025/04/19 07:51:44 Q=5
2026-01-05 20:20:26,088 - INFO - [GINSLIB] processing : 2025/04/19 07:51:45 Q=5
2026-01-05 20:20:26,088 - INFO - [GINSLIB] processing : 2025/04/19 07:51:46 Q=5
2026-01-05 20:20:26,088 - INFO - [GINSLIB] processing : 2025/04/19 07:51:47 Q=5
2026-01-05 20:20:26,088 - INFO - [GINSLIB] processing : 2025/04/19 07:51:48 Q=5
2026-01-05 20:20:26,088 - INFO - [GINSLIB] processing : 2025/04/19 07:51:49 Q=5
2026-01-05 20:20:26,088 - INFO - [GINSLIB] processing : 2025/04/19 07:51:50 Q=5
2026-01-05 20:20:26,365 - INFO - [GINSLIB] processing : 2025/04/19 07:51:51 Q=5
2026-01-05 20:20:26,365 - INFO - [GINSLIB] processing : 2025/04/19 07:51:52 Q=5
2026-01-05 20:20:26,365 - INFO - [GINSLIB] processing : 2025/04/19 07:51:53 Q=5
2026-01-05 20:20:26,366 - INFO - [GINSLIB] processing : 2025/04/19 07:51:54 Q=5
2026-01-05 20:20:26,366 - INFO - [GINSLIB] processing : 2025/04/19 07:51:55 Q=5
2026-01-05 20:20:26,366 - INFO - [GINSLIB] processing : 2025/04/19 07:51:56 Q=5
2026-01-05 20:20:26,366 - INFO - [GINSLIB] processing : 2025/04/19 07:51:57 Q=5
2026-01-05 20:20:26,366 - INFO - [GINSLIB] processing : 2025/04/19 07:51:58 Q=5
2026-01-05 20:20:26,366 - INFO - [GINSLIB] processing : 2025/04/19 07:51:59 Q=5
2026-01-05 20:20:26,367 - INFO - [GINSLIB] processing : 2025/04/19 07:52:00 Q=5
2026-01-05 20:20:26,367 - INFO - [GINSLIB] processing : 2025/04/19 07:52:01 Q=5
2026-01-05 20:20:26,367 - INFO - [GINSLIB] processing : 2025/04/19 07:52:02 Q=5
2026-01-05 20:20:26,367 - INFO - [GINSLIB] processing : 2025/04/19 07:52:03 Q=5
2026-01-05 20:20:26,367 - INFO - [GINSLIB] processing : 2025/04/19 07:52:04 Q=5
2026-01-05 20:20:26,368 - INFO - [GINSLIB] processing : 2025/04/19 07:52:05 Q=5
2026-01-05 20:20:26,368 - INFO - [GINSLIB] processing : 2025/04/19 07:52:06 Q=5
2026-01-05 20:20:26,368 - INFO - [GINSLIB] processing : 2025/04/19 07:52:07 Q=5
2026-01-05 20:20:26,368 - INFO - [GINSLIB] processing : 2025/04/19 07:52:08 Q=5
2026-01-05 20:20:26,368 - INFO - [GINSLIB] processing : 2025/04/19 07:52:09 Q=5
2026-01-05 20:20:26,368 - INFO - [GINSLIB] processing : 2025/04/19 07:52:10 Q=5
2026-01-05 20:20:26,368 - INFO - [GINSLIB] processing : 2025/04/19 07:52:11 Q=5
2026-01-05 20:20:26,368 - INFO - [GINSLIB] processing : 2025/04/19 07:52:12 Q=5
2026-01-05 20:20:26,369 - INFO - [GINSLIB] processing : 2025/04/19 07:52:13 Q=5
2026-01-05 20:20:26,369 - INFO - [GINSLIB] processing : 2025/04/19 07:52:14 Q=5
2026-01-05 20:20:26,369 - INFO - [GINSLIB] processing : 2025/04/19 07:52:15 Q=5
2026-01-05 20:20:26,369 - INFO - [GINSLIB] processing : 2025/04/19 07:52:16 Q=0
2026-01-05 20:20:26,369 - INFO - [GINSLIB] processing : 2025/04/19 07:52:17 Q=5
2026-01-05 20:20:26,369 - INFO - [GINSLIB] processing : 2025/04/19 07:52:18 Q=5
2026-01-05 20:20:26,369 - INFO - [GINSLIB] processing : 2025/04/19 07:52:19 Q=5
2026-01-05 20:20:26,370 - INFO - [GINSLIB] processing : 2025/04/19 07:52:20 Q=5
2026-01-05 20:20:26,370 - INFO - [GINSLIB] processing : 2025/04/19 07:52:21 Q=0
2026-01-05 20:20:26,370 - INFO - [GINSLIB] processing : 2025/04/19 07:52:22 Q=5
2026-01-05 20:20:26,370 - INFO - [GINSLIB] processing : 2025/04/19 07:52:23 Q=5
2026-01-05 20:20:26,370 - INFO - [GINSLIB] processing : 2025/04/19 07:52:24 Q=5
2026-01-05 20:20:26,371 - INFO - [GINSLIB] processing : 2025/04/19 07:52:25 Q=5
2026-01-05 20:20:26,371 - INFO - [GINSLIB] processing : 2025/04/19 07:52:26 Q=5
2026-01-05 20:20:26,371 - INFO - [GINSLIB] processing : 2025/04/19 07:52:27 Q=5
2026-01-05 20:20:26,371 - INFO - [GINSLIB] processing : 2025/04/19 07:52:28 Q=5
2026-01-05 20:20:26,371 - INFO - [GINSLIB] processing : 2025/04/19 07:52:29 Q=0
2026-01-05 20:20:26,371 - INFO - [GINSLIB] processing : 2025/04/19 07:52:30 Q=5
2026-01-05 20:20:26,372 - INFO - [GINSLIB] processing : 2025/04/19 07:52:31 Q=5
2026-01-05 20:20:26,372 - INFO - [GINSLIB] processing : 2025/04/19 07:52:32 Q=5
2026-01-05 20:20:26,372 - INFO - [GINSLIB] processing : 2025/04/19 07:52:33 Q=5
2026-01-05 20:20:26,372 - INFO - [GINSLIB] processing : 2025/04/19 07:52:34 Q=5
2026-01-05 20:20:26,372 - INFO - [GINSLIB] processing : 2025/04/19 07:52:35 Q=5
2026-01-05 20:20:26,372 - INFO - [GINSLIB] processing : 2025/04/19 07:52:36 Q=0
2026-01-05 20:20:26,372 - INFO - [GINSLIB] processing : 2025/04/19 07:52:37 Q=5
2026-01-05 20:20:26,372 - INFO - [GINSLIB] processing : 2025/04/19 07:52:38 Q=5
2026-01-05 20:20:26,373 - INFO - [GINSLIB] processing : 2025/04/19 07:52:39 Q=0
2026-01-05 20:20:26,373 - INFO - [GINSLIB] processing : 2025/04/19 07:52:40 Q=0
2026-01-05 20:20:26,373 - INFO - [GINSLIB] processing : 2025/04/19 07:52:41 Q=0
2026-01-05 20:20:26,373 - INFO - [GINSLIB] processing : 2025/04/19 07:52:42 Q=5
2026-01-05 20:20:26,373 - INFO - [GINSLIB] processing : 2025/04/19 07:52:43 Q=5
2026-01-05 20:20:26,373 - INFO - [GINSLIB] processing : 2025/04/19 07:52:44 Q=5
2026-01-05 20:20:26,373 - INFO - [GINSLIB] processing : 2025/04/19 07:52:45 Q=5
2026-01-05 20:20:26,373 - INFO - [GINSLIB] processing : 2025/04/19 07:52:46 Q=5
2026-01-05 20:20:26,374 - INFO - [GINSLIB] processing : 2025/04/19 07:52:47 Q=5
2026-01-05 20:20:26,374 - INFO - [GINSLIB] processing : 2025/04/19 07:52:48 Q=5
2026-01-05 20:20:26,374 - INFO - [GINSLIB] processing : 2025/04/19 07:52:49 Q=5
2026-01-05 20:20:26,374 - INFO - [GINSLIB] processing : 2025/04/19 07:52:50 Q=5
2026-01-05 20:20:26,374 - INFO - [GINSLIB] processing : 2025/04/19 07:52:51 Q=5
2026-01-05 20:20:26,374 - INFO - [GINSLIB] processing : 2025/04/19 07:52:52 Q=5
2026-01-05 20:20:26,374 - INFO - [GINSLIB] processing : 2025/04/19 07:52:53 Q=0
2026-01-05 20:20:26,374 - INFO - [GINSLIB] processing : 2025/04/19 07:52:54 Q=5
2026-01-05 20:20:26,374 - INFO - [GINSLIB] processing : 2025/04/19 07:52:55 Q=0
2026-01-05 20:20:26,374 - INFO - [GINSLIB] processing : 2025/04/19 07:52:56 Q=0
2026-01-05 20:20:26,374 - INFO - [GINSLIB] processing : 2025/04/19 07:52:57 Q=5
2026-01-05 20:20:26,374 - INFO - [GINSLIB] processing : 2025/04/19 07:52:58 Q=5
2026-01-05 20:20:26,374 - INFO - [GINSLIB] processing : 2025/04/19 07:52:59 Q=5
2026-01-05 20:20:26,374 - INFO - [GINSLIB] processing : 2025/04/19 07:53:00 Q=5
2026-01-05 20:20:26,374 - INFO - [GINSLIB] processing : 2025/04/19 07:53:01 Q=5
2026-01-05 20:20:26,375 - INFO - [GINSLIB] processing : 2025/04/19 07:53:02 Q=0
2026-01-05 20:20:26,375 - INFO - [GINSLIB] processing : 2025/04/19 07:53:03 Q=5
2026-01-05 20:20:26,375 - INFO - [GINSLIB] processing : 2025/04/19 07:53:04 Q=5
2026-01-05 20:20:26,375 - INFO - [GINSLIB] processing : 2025/04/19 07:53:05 Q=0
2026-01-05 20:20:26,375 - INFO - [GINSLIB] processing : 2025/04/19 07:53:06 Q=5
2026-01-05 20:20:26,375 - INFO - [GINSLIB] processing : 2025/04/19 07:53:07 Q=0
2026-01-05 20:20:26,375 - INFO - [GINSLIB] processing : 2025/04/19 07:53:08 Q=0
2026-01-05 20:20:26,375 - INFO - [GINSLIB] processing : 2025/04/19 07:53:09 Q=5
2026-01-05 20:20:26,375 - INFO - [GINSLIB] processing : 2025/04/19 07:53:10 Q=5
2026-01-05 20:20:26,375 - INFO - [GINSLIB] processing : 2025/04/19 07:53:11 Q=5
2026-01-05 20:20:26,375 - INFO - [GINSLIB] processing : 2025/04/19 07:53:12 Q=5
2026-01-05 20:20:26,375 - INFO - [GINSLIB] processing : 2025/04/19 07:53:13 Q=5
2026-01-05 20:20:26,375 - INFO - [GINSLIB] processing : 2025/04/19 07:53:14 Q=5
2026-01-05 20:20:26,375 - INFO - [GINSLIB] processing : 2025/04/19 07:53:15 Q=5
2026-01-05 20:20:26,375 - INFO - [GINSLIB] processing : 2025/04/19 07:53:16 Q=5
2026-01-05 20:20:26,376 - INFO - [GINSLIB] processing : 2025/04/19 07:53:17 Q=0
2026-01-05 20:20:26,376 - INFO - [GINSLIB] processing : 2025/04/19 07:53:18 Q=0
2026-01-05 20:20:26,376 - INFO - [GINSLIB] processing : 2025/04/19 07:53:19 Q=5
2026-01-05 20:20:26,376 - INFO - [GINSLIB] processing : 2025/04/19 07:53:20 Q=5
2026-01-05 20:20:26,376 - INFO - [GINSLIB] processing : 2025/04/19 07:53:21 Q=5
2026-01-05 20:20:26,376 - INFO - [GINSLIB] processing : 2025/04/19 07:53:22 Q=5
2026-01-05 20:20:26,376 - INFO - [GINSLIB] processing : 2025/04/19 07:53:23 Q=5
2026-01-05 20:20:26,376 - INFO - [GINSLIB] processing : 2025/04/19 07:53:24 Q=5
2026-01-05 20:20:26,376 - INFO - [GINSLIB] processing : 2025/04/19 07:53:25 Q=0
2026-01-05 20:20:26,376 - INFO - [GINSLIB] processing : 2025/04/19 07:53:26 Q=0
2026-01-05 20:20:26,376 - INFO - [GINSLIB] processing : 2025/04/19 07:53:27 Q=5
2026-01-05 20:20:26,376 - INFO - [GINSLIB] processing : 2025/04/19 07:53:28 Q=0
2026-01-05 20:20:26,376 - INFO - [GINSLIB] processing : 2025/04/19 07:53:29 Q=5
2026-01-05 20:20:26,376 - INFO - [GINSLIB] processing : 2025/04/19 07:53:30 Q=5
2026-01-05 20:20:26,377 - INFO - [GINSLIB] processing : 2025/04/19 07:53:31 Q=0
2026-01-05 20:20:26,377 - INFO - [GINSLIB] processing : 2025/04/19 07:53:32 Q=0
2026-01-05 20:20:26,377 - INFO - [GINSLIB] processing : 2025/04/19 07:53:33 Q=5
2026-01-05 20:20:26,377 - INFO - [GINSLIB] processing : 2025/04/19 07:53:34 Q=5
2026-01-05 20:20:26,377 - INFO - [GINSLIB] processing : 2025/04/19 07:53:35 Q=0
2026-01-05 20:20:26,377 - INFO - [GINSLIB] processing : 2025/04/19 07:53:36 Q=0
2026-01-05 20:20:26,377 - INFO - [GINSLIB] processing : 2025/04/19 07:53:37 Q=5
2026-01-05 20:20:26,377 - INFO - [GINSLIB] processing : 2025/04/19 07:53:38 Q=5
2026-01-05 20:20:26,378 - INFO - [GINSLIB] processing : 2025/04/19 07:53:39 Q=5
2026-01-05 20:20:26,378 - INFO - [GINSLIB] processing : 2025/04/19 07:53:40 Q=5
2026-01-05 20:20:26,378 - INFO - [GINSLIB] processing : 2025/04/19 07:53:41 Q=5
2026-01-05 20:20:26,653 - INFO - [GINSLIB] processing : 2025/04/19 07:53:42 Q=0
2026-01-05 20:20:26,653 - INFO - [GINSLIB] processing : 2025/04/19 07:53:43 Q=0
2026-01-05 20:20:26,653 - INFO - [GINSLIB] processing : 2025/04/19 07:53:44 Q=5
2026-01-05 20:20:26,654 - INFO - [GINSLIB] processing : 2025/04/19 07:53:45 Q=0
2026-01-05 20:20:26,654 - INFO - [GINSLIB] processing : 2025/04/19 07:53:46 Q=5
2026-01-05 20:20:26,654 - INFO - [GINSLIB] processing : 2025/04/19 07:53:47 Q=5
2026-01-05 20:20:26,654 - INFO - [GINSLIB] processing : 2025/04/19 07:53:48 Q=0
2026-01-05 20:20:26,654 - INFO - [GINSLIB] processing : 2025/04/19 07:53:49 Q=0
2026-01-05 20:20:26,654 - INFO - [GINSLIB] processing : 2025/04/19 07:53:50 Q=5
2026-01-05 20:20:26,655 - INFO - [GINSLIB] processing : 2025/04/19 07:53:51 Q=0
2026-01-05 20:20:26,655 - INFO - [GINSLIB] processing : 2025/04/19 07:53:52 Q=0
2026-01-05 20:20:26,655 - INFO - [GINSLIB] processing : 2025/04/19 07:53:53 Q=0
2026-01-05 20:20:26,655 - INFO - [GINSLIB] processing : 2025/04/19 07:53:54 Q=5
2026-01-05 20:20:26,655 - INFO - [GINSLIB] processing : 2025/04/19 07:53:55 Q=5
2026-01-05 20:20:26,655 - INFO - [GINSLIB] processing : 2025/04/19 07:53:56 Q=0
2026-01-05 20:20:26,656 - INFO - [GINSLIB] processing : 2025/04/19 07:53:57 Q=0
2026-01-05 20:20:26,656 - INFO - [GINSLIB] processing : 2025/04/19 07:53:58 Q=5
2026-01-05 20:20:26,656 - INFO - [GINSLIB] processing : 2025/04/19 07:53:59 Q=5
2026-01-05 20:20:26,656 - INFO - [GINSLIB] processing : 2025/04/19 07:54:00 Q=5
2026-01-05 20:20:26,656 - INFO - [GINSLIB] processing : 2025/04/19 07:54:01 Q=5
2026-01-05 20:20:26,656 - INFO - [GINSLIB] processing : 2025/04/19 07:54:02 Q=0
2026-01-05 20:20:26,656 - INFO - [GINSLIB] processing : 2025/04/19 07:54:03 Q=5
2026-01-05 20:20:26,656 - INFO - [GINSLIB] processing : 2025/04/19 07:54:04 Q=0
2026-01-05 20:20:26,657 - INFO - [GINSLIB] processing : 2025/04/19 07:54:05 Q=5
2026-01-05 20:20:26,657 - INFO - [GINSLIB] processing : 2025/04/19 07:54:06 Q=5
2026-01-05 20:20:26,657 - INFO - [GINSLIB] processing : 2025/04/19 07:54:07 Q=5
2026-01-05 20:20:26,657 - INFO - [GINSLIB] processing : 2025/04/19 07:54:08 Q=5
2026-01-05 20:20:26,657 - INFO - [GINSLIB] processing : 2025/04/19 07:54:09 Q=5
2026-01-05 20:20:26,657 - INFO - [GINSLIB] processing : 2025/04/19 07:54:10 Q=5
2026-01-05 20:20:26,657 - INFO - [GINSLIB] processing : 2025/04/19 07:54:11 Q=0
2026-01-05 20:20:26,657 - INFO - [GINSLIB] processing : 2025/04/19 07:54:12 Q=5
2026-01-05 20:20:26,657 - INFO - [GINSLIB] processing : 2025/04/19 07:54:13 Q=5
2026-01-05 20:20:26,657 - INFO - [GINSLIB] processing : 2025/04/19 07:54:14 Q=5
2026-01-05 20:20:26,657 - INFO - [GINSLIB] processing : 2025/04/19 07:54:15 Q=5
2026-01-05 20:20:26,658 - INFO - [GINSLIB] processing : 2025/04/19 07:54:16 Q=5
2026-01-05 20:20:26,658 - INFO - [GINSLIB] processing : 2025/04/19 07:54:17 Q=5
2026-01-05 20:20:26,658 - INFO - [GINSLIB] processing : 2025/04/19 07:54:18 Q=5
2026-01-05 20:20:26,658 - INFO - [GINSLIB] processing : 2025/04/19 07:54:19 Q=5
2026-01-05 20:20:26,658 - INFO - [GINSLIB] processing : 2025/04/19 07:54:20 Q=5
2026-01-05 20:20:26,658 - INFO - [GINSLIB] processing : 2025/04/19 07:54:21 Q=5
2026-01-05 20:20:26,658 - INFO - [GINSLIB] processing : 2025/04/19 07:54:22 Q=5
2026-01-05 20:20:26,658 - INFO - [GINSLIB] processing : 2025/04/19 07:54:23 Q=5
2026-01-05 20:20:26,658 - INFO - [GINSLIB] processing : 2025/04/19 07:54:24 Q=5
2026-01-05 20:20:26,658 - INFO - [GINSLIB] processing : 2025/04/19 07:54:25 Q=5
2026-01-05 20:20:26,658 - INFO - [GINSLIB] processing : 2025/04/19 07:54:26 Q=0
2026-01-05 20:20:26,658 - INFO - [GINSLIB] processing : 2025/04/19 07:54:27 Q=5
2026-01-05 20:20:26,658 - INFO - [GINSLIB] processing : 2025/04/19 07:54:28 Q=5
2026-01-05 20:20:26,658 - INFO - [GINSLIB] processing : 2025/04/19 07:54:29 Q=5
2026-01-05 20:20:26,659 - INFO - [GINSLIB] processing : 2025/04/19 07:54:30 Q=0
2026-01-05 20:20:26,659 - INFO - [GINSLIB] processing : 2025/04/19 07:54:31 Q=0
2026-01-05 20:20:26,659 - INFO - [GINSLIB] processing : 2025/04/19 07:54:32 Q=5
2026-01-05 20:20:26,659 - INFO - [GINSLIB] processing : 2025/04/19 07:54:33 Q=5
2026-01-05 20:20:26,659 - INFO - [GINSLIB] processing : 2025/04/19 07:54:34 Q=5
2026-01-05 20:20:26,659 - INFO - [GINSLIB] processing : 2025/04/19 07:54:35 Q=5
2026-01-05 20:20:26,659 - INFO - [GINSLIB] processing : 2025/04/19 07:54:36 Q=5
2026-01-05 20:20:26,659 - INFO - [GINSLIB] processing : 2025/04/19 07:54:37 Q=5
2026-01-05 20:20:26,659 - INFO - [GINSLIB] processing : 2025/04/19 07:54:38 Q=5
2026-01-05 20:20:26,659 - INFO - [GINSLIB] processing : 2025/04/19 07:54:39 Q=5
2026-01-05 20:20:26,659 - INFO - [GINSLIB] processing : 2025/04/19 07:54:40 Q=5
2026-01-05 20:20:26,659 - INFO - [GINSLIB] processing : 2025/04/19 07:54:41 Q=5
2026-01-05 20:20:26,659 - INFO - [GINSLIB] processing : 2025/04/19 07:54:42 Q=5
2026-01-05 20:20:26,659 - INFO - [GINSLIB] processing : 2025/04/19 07:54:43 Q=5
2026-01-05 20:20:26,659 - INFO - [GINSLIB] processing : 2025/04/19 07:54:44 Q=5
2026-01-05 20:20:26,659 - INFO - [GINSLIB] processing : 2025/04/19 07:54:45 Q=5
2026-01-05 20:20:26,660 - INFO - [GINSLIB] processing : 2025/04/19 07:54:46 Q=5
2026-01-05 20:20:26,660 - INFO - [GINSLIB] processing : 2025/04/19 07:54:47 Q=5
2026-01-05 20:20:26,660 - INFO - [GINSLIB] processing : 2025/04/19 07:54:48 Q=5
2026-01-05 20:20:26,660 - INFO - [GINSLIB] processing : 2025/04/19 07:54:49 Q=5
2026-01-05 20:20:26,660 - INFO - [GINSLIB] processing : 2025/04/19 07:54:50 Q=5
2026-01-05 20:20:26,660 - INFO - [GINSLIB] processing : 2025/04/19 07:54:51 Q=5
2026-01-05 20:20:26,660 - INFO - [GINSLIB] processing : 2025/04/19 07:54:52 Q=5
2026-01-05 20:20:26,660 - INFO - [GINSLIB] processing : 2025/04/19 07:54:53 Q=5
2026-01-05 20:20:26,660 - INFO - [GINSLIB] processing : 2025/04/19 07:54:54 Q=5
2026-01-05 20:20:26,660 - INFO - [GINSLIB] processing : 2025/04/19 07:54:55 Q=5
2026-01-05 20:20:26,660 - INFO - [GINSLIB] processing : 2025/04/19 07:54:56 Q=5
2026-01-05 20:20:26,660 - INFO - [GINSLIB] processing : 2025/04/19 07:54:57 Q=5
2026-01-05 20:20:26,660 - INFO - [GINSLIB] processing : 2025/04/19 07:54:58 Q=5
2026-01-05 20:20:26,660 - INFO - [GINSLIB] processing : 2025/04/19 07:54:59 Q=5
2026-01-05 20:20:26,660 - INFO - [GINSLIB] processing : 2025/04/19 07:55:00 Q=5
2026-01-05 20:20:26,660 - INFO - [GINSLIB] processing : 2025/04/19 07:55:01 Q=5
2026-01-05 20:20:26,661 - INFO - [GINSLIB] processing : 2025/04/19 07:55:02 Q=5
2026-01-05 20:20:26,661 - INFO - [GINSLIB] processing : 2025/04/19 07:55:03 Q=0
2026-01-05 20:20:26,661 - INFO - [GINSLIB] processing : 2025/04/19 07:55:04 Q=5
2026-01-05 20:20:26,661 - INFO - [GINSLIB] processing : 2025/04/19 07:55:05 Q=0
2026-01-05 20:20:26,661 - INFO - [GINSLIB] processing : 2025/04/19 07:55:06 Q=5
2026-01-05 20:20:26,661 - INFO - [GINSLIB] processing : 2025/04/19 07:55:07 Q=0
2026-01-05 20:20:26,661 - INFO - [GINSLIB] processing : 2025/04/19 07:55:08 Q=0
2026-01-05 20:20:26,661 - INFO - [GINSLIB] processing : 2025/04/19 07:55:09 Q=5
2026-01-05 20:20:26,661 - INFO - [GINSLIB] processing : 2025/04/19 07:55:10 Q=5
2026-01-05 20:20:26,661 - INFO - [GINSLIB] processing : 2025/04/19 07:55:11 Q=0
2026-01-05 20:20:26,661 - INFO - [GINSLIB] processing : 2025/04/19 07:55:12 Q=0
2026-01-05 20:20:26,661 - INFO - [GINSLIB] processing : 2025/04/19 07:55:13 Q=5
2026-01-05 20:20:26,661 - INFO - [GINSLIB] processing : 2025/04/19 07:55:14 Q=0
2026-01-05 20:20:26,661 - INFO - [GINSLIB] processing : 2025/04/19 07:55:15 Q=0
2026-01-05 20:20:26,661 - INFO - [GINSLIB] processing : 2025/04/19 07:55:16 Q=0
2026-01-05 20:20:26,661 - INFO - [GINSLIB] processing : 2025/04/19 07:55:17 Q=0
2026-01-05 20:20:26,662 - INFO - [GINSLIB] processing : 2025/04/19 07:55:18 Q=5
2026-01-05 20:20:26,662 - INFO - [GINSLIB] processing : 2025/04/19 07:55:19 Q=0
2026-01-05 20:20:26,662 - INFO - [GINSLIB] processing : 2025/04/19 07:55:20 Q=5
2026-01-05 20:20:26,662 - INFO - [GINSLIB] processing : 2025/04/19 07:55:21 Q=5
2026-01-05 20:20:26,662 - INFO - [GINSLIB] processing : 2025/04/19 07:55:22 Q=5
2026-01-05 20:20:26,662 - INFO - [GINSLIB] processing : 2025/04/19 07:55:23 Q=0
2026-01-05 20:20:26,662 - INFO - [GINSLIB] processing : 2025/04/19 07:55:24 Q=5
2026-01-05 20:20:26,662 - INFO - [GINSLIB] processing : 2025/04/19 07:55:25 Q=5
2026-01-05 20:20:26,662 - INFO - [GINSLIB] processing : 2025/04/19 07:55:26 Q=5
2026-01-05 20:20:26,662 - INFO - [GINSLIB] processing : 2025/04/19 07:55:27 Q=0
2026-01-05 20:20:26,662 - INFO - [GINSLIB] processing : 2025/04/19 07:55:28 Q=5
2026-01-05 20:20:26,662 - INFO - [GINSLIB] processing : 2025/04/19 07:55:29 Q=5
2026-01-05 20:20:26,662 - INFO - [GINSLIB] processing : 2025/04/19 07:55:30 Q=5
2026-01-05 20:20:26,662 - INFO - [GINSLIB] processing : 2025/04/19 07:55:31 Q=5
2026-01-05 20:20:26,662 - INFO - [GINSLIB] processing : 2025/04/19 07:55:32 Q=5
2026-01-05 20:20:26,837 - INFO - [GINSLIB] processing : 2025/04/19 07:55:33 Q=5
2026-01-05 20:20:26,837 - INFO - [GINSLIB] processing : 2025/04/19 07:55:34 Q=5
2026-01-05 20:20:26,837 - INFO - [GINSLIB] processing : 2025/04/19 07:55:35 Q=5
2026-01-05 20:20:26,838 - INFO - [GINSLIB] processing : 2025/04/19 07:55:36 Q=5
2026-01-05 20:20:26,838 - INFO - [GINSLIB] processing : 2025/04/19 07:55:37 Q=5
2026-01-05 20:20:26,838 - INFO - [GINSLIB] processing : 2025/04/19 07:55:38 Q=5
2026-01-05 20:20:26,838 - INFO - [GINSLIB] processing : 2025/04/19 07:55:39 Q=5
2026-01-05 20:20:26,838 - INFO - [GINSLIB] processing : 2025/04/19 07:55:40 Q=5
2026-01-05 20:20:26,838 - INFO - [GINSLIB] processing : 2025/04/19 07:55:41 Q=5
2026-01-05 20:20:26,839 - INFO - [GINSLIB] processing : 2025/04/19 07:55:42 Q=5
2026-01-05 20:20:26,839 - INFO - [GINSLIB] processing : 2025/04/19 07:55:43 Q=5
2026-01-05 20:20:26,839 - INFO - [GINSLIB] processing : 2025/04/19 07:55:44 Q=5
2026-01-05 20:20:26,839 - INFO - [GINSLIB] processing : 2025/04/19 07:55:45 Q=5
2026-01-05 20:20:26,839 - INFO - [GINSLIB] processing : 2025/04/19 07:55:46 Q=5
2026-01-05 20:20:26,839 - INFO - [GINSLIB] processing : 2025/04/19 07:55:47 Q=5
2026-01-05 20:20:26,840 - INFO - [GINSLIB] processing : 2025/04/19 07:55:48 Q=5
2026-01-05 20:20:26,840 - INFO - [GINSLIB] processing : 2025/04/19 07:55:49 Q=0
2026-01-05 20:20:26,840 - INFO - [GINSLIB] processing : 2025/04/19 07:55:50 Q=5
2026-01-05 20:20:26,840 - INFO - [GINSLIB] processing : 2025/04/19 07:55:51 Q=5
2026-01-05 20:20:26,840 - INFO - [GINSLIB] processing : 2025/04/19 07:55:52 Q=0
2026-01-05 20:20:26,840 - INFO - [GINSLIB] processing : 2025/04/19 07:55:53 Q=5
2026-01-05 20:20:26,840 - INFO - [GINSLIB] processing : 2025/04/19 07:55:54 Q=5
2026-01-05 20:20:26,840 - INFO - [GINSLIB] processing : 2025/04/19 07:55:55 Q=5
2026-01-05 20:20:26,840 - INFO - [GINSLIB] processing : 2025/04/19 07:55:56 Q=5
2026-01-05 20:20:26,840 - INFO - [GINSLIB] processing : 2025/04/19 07:55:57 Q=5
2026-01-05 20:20:26,840 - INFO - [GINSLIB] processing : 2025/04/19 07:55:58 Q=5
2026-01-05 20:20:26,841 - INFO - [GINSLIB] processing : 2025/04/19 07:55:59 Q=5
2026-01-05 20:20:26,841 - INFO - [GINSLIB] processing : 2025/04/19 07:56:00 Q=5
2026-01-05 20:20:26,841 - INFO - [GINSLIB] processing : 2025/04/19 07:56:01 Q=5
2026-01-05 20:20:26,841 - INFO - [GINSLIB] processing : 2025/04/19 07:56:02 Q=5
2026-01-05 20:20:26,841 - INFO - [GINSLIB] processing : 2025/04/19 07:56:03 Q=5
2026-01-05 20:20:26,841 - INFO - [GINSLIB] processing : 2025/04/19 07:56:04 Q=5
2026-01-05 20:20:26,841 - INFO - [GINSLIB] processing : 2025/04/19 07:56:05 Q=5
2026-01-05 20:20:26,841 - INFO - [GINSLIB] processing : 2025/04/19 07:56:06 Q=5
2026-01-05 20:20:26,841 - INFO - [GINSLIB] processing : 2025/04/19 07:56:07 Q=5
2026-01-05 20:20:26,841 - INFO - [GINSLIB] processing : 2025/04/19 07:56:08 Q=5
2026-01-05 20:20:26,841 - INFO - [GINSLIB] processing : 2025/04/19 07:56:09 Q=5
2026-01-05 20:20:26,841 - INFO - [GINSLIB] processing : 2025/04/19 07:56:10 Q=5
2026-01-05 20:20:26,841 - INFO - [GINSLIB] processing : 2025/04/19 07:56:11 Q=5
2026-01-05 20:20:26,841 - INFO - [GINSLIB] processing : 2025/04/19 07:56:12 Q=5
2026-01-05 20:20:26,841 - INFO - [GINSLIB] processing : 2025/04/19 07:56:13 Q=5
2026-01-05 20:20:26,841 - INFO - [GINSLIB] processing : 2025/04/19 07:56:14 Q=5
2026-01-05 20:20:26,842 - INFO - [GINSLIB] processing : 2025/04/19 07:56:15 Q=5
2026-01-05 20:20:26,842 - INFO - [GINSLIB] processing : 2025/04/19 07:56:16 Q=5
2026-01-05 20:20:26,842 - INFO - [GINSLIB] processing : 2025/04/19 07:56:17 Q=5
2026-01-05 20:20:26,842 - INFO - [GINSLIB] processing : 2025/04/19 07:56:18 Q=5
2026-01-05 20:20:26,842 - INFO - [GINSLIB] processing : 2025/04/19 07:56:19 Q=5
2026-01-05 20:20:26,842 - INFO - [GINSLIB] processing : 2025/04/19 07:56:20 Q=5
2026-01-05 20:20:26,842 - INFO - [GINSLIB] processing : 2025/04/19 07:56:21 Q=5
2026-01-05 20:20:26,842 - INFO - [GINSLIB] processing : 2025/04/19 07:56:22 Q=5
2026-01-05 20:20:26,842 - INFO - [GINSLIB] processing : 2025/04/19 07:56:23 Q=5
2026-01-05 20:20:26,842 - INFO - [GINSLIB] processing : 2025/04/19 07:56:24 Q=5
2026-01-05 20:20:26,842 - INFO - [GINSLIB] processing : 2025/04/19 07:56:25 Q=5
2026-01-05 20:20:26,842 - INFO - [GINSLIB] processing : 2025/04/19 07:56:26 Q=0
2026-01-05 20:20:26,842 - INFO - [GINSLIB] processing : 2025/04/19 07:56:27 Q=0
2026-01-05 20:20:26,843 - INFO - [GINSLIB] processing : 2025/04/19 07:56:28 Q=0
2026-01-05 20:20:26,843 - INFO - [GINSLIB] processing : 2025/04/19 07:56:29 Q=0
2026-01-05 20:20:26,843 - INFO - [GINSLIB] processing : 2025/04/19 07:56:30 Q=0
2026-01-05 20:20:26,843 - INFO - [GINSLIB] processing : 2025/04/19 07:56:31 Q=0
2026-01-05 20:20:26,843 - INFO - [GINSLIB] processing : 2025/04/19 07:56:32 Q=0
2026-01-05 20:20:26,843 - INFO - [GINSLIB] processing : 2025/04/19 07:56:33 Q=0
2026-01-05 20:20:26,843 - INFO - [GINSLIB] processing : 2025/04/19 07:56:34 Q=0
2026-01-05 20:20:26,843 - INFO - [GINSLIB] processing : 2025/04/19 07:56:35 Q=0
2026-01-05 20:20:26,843 - INFO - [GINSLIB] processing : 2025/04/19 07:56:36 Q=0
2026-01-05 20:20:26,843 - INFO - [GINSLIB] processing : 2025/04/19 07:56:37 Q=0
2026-01-05 20:20:26,843 - INFO - [GINSLIB] processing : 2025/04/19 07:56:38 Q=0
2026-01-05 20:20:26,843 - INFO - [GINSLIB] processing : 2025/04/19 07:56:39 Q=0
2026-01-05 20:20:26,843 - INFO - [GINSLIB] processing : 2025/04/19 07:56:40 Q=0
2026-01-05 20:20:26,843 - INFO - [GINSLIB] processing : 2025/04/19 07:56:41 Q=0
2026-01-05 20:20:26,843 - INFO - [GINSLIB] processing : 2025/04/19 07:56:42 Q=0
2026-01-05 20:20:26,843 - INFO - [GINSLIB] processing : 2025/04/19 07:56:43 Q=0
2026-01-05 20:20:26,844 - INFO - [GINSLIB] processing : 2025/04/19 07:56:44 Q=0
2026-01-05 20:20:26,844 - INFO - [GINSLIB] processing : 2025/04/19 07:56:45 Q=0
2026-01-05 20:20:26,844 - INFO - [GINSLIB] processing : 2025/04/19 07:56:46 Q=0
2026-01-05 20:20:26,844 - INFO - [GINSLIB] processing : 2025/04/19 07:56:47 Q=0
2026-01-05 20:20:26,844 - INFO - [GINSLIB] processing : 2025/04/19 07:56:48 Q=0
2026-01-05 20:20:26,844 - INFO - [GINSLIB] processing : 2025/04/19 07:56:49 Q=0
2026-01-05 20:20:26,844 - INFO - [GINSLIB] processing : 2025/04/19 07:56:50 Q=0
2026-01-05 20:20:26,844 - INFO - [GINSLIB] processing : 2025/04/19 07:56:51 Q=0
2026-01-05 20:20:26,844 - INFO - [GINSLIB] processing : 2025/04/19 07:56:52 Q=0
2026-01-05 20:20:26,844 - INFO - [GINSLIB] processing : 2025/04/19 07:56:53 Q=0
2026-01-05 20:20:26,844 - INFO - [GINSLIB] processing : 2025/04/19 07:56:54 Q=0
2026-01-05 20:20:26,844 - INFO - [GINSLIB] processing : 2025/04/19 07:56:55 Q=0
2026-01-05 20:20:26,844 - INFO - [GINSLIB] processing : 2025/04/19 07:56:56 Q=0
2026-01-05 20:20:26,844 - INFO - [GINSLIB] processing : 2025/04/19 07:56:57 Q=0
2026-01-05 20:20:26,844 - INFO - [GINSLIB] processing : 2025/04/19 07:56:58 Q=0
2026-01-05 20:20:26,844 - INFO - [GINSLIB] processing : 2025/04/19 07:56:59 Q=5
2026-01-05 20:20:26,845 - INFO - [GINSLIB] processing : 2025/04/19 07:57:00 Q=5
2026-01-05 20:20:26,845 - INFO - [GINSLIB] processing : 2025/04/19 07:57:01 Q=5
2026-01-05 20:20:26,845 - INFO - [GINSLIB] processing : 2025/04/19 07:57:02 Q=5
2026-01-05 20:20:26,845 - INFO - [GINSLIB] processing : 2025/04/19 07:57:03 Q=5
2026-01-05 20:20:26,845 - INFO - [GINSLIB] processing : 2025/04/19 07:57:04 Q=5
2026-01-05 20:20:26,845 - INFO - [GINSLIB] processing : 2025/04/19 07:57:05 Q=5
2026-01-05 20:20:26,845 - INFO - [GINSLIB] processing : 2025/04/19 07:57:06 Q=5
2026-01-05 20:20:26,845 - INFO - [GINSLIB] processing : 2025/04/19 07:57:07 Q=5
2026-01-05 20:20:26,845 - INFO - [GINSLIB] processing : 2025/04/19 07:57:08 Q=5
2026-01-05 20:20:26,845 - INFO - [GINSLIB] processing : 2025/04/19 07:57:09 Q=5
2026-01-05 20:20:26,845 - INFO - [GINSLIB] processing : 2025/04/19 07:57:10 Q=5
2026-01-05 20:20:26,845 - INFO - [GINSLIB] processing : 2025/04/19 07:57:11 Q=5
2026-01-05 20:20:26,845 - INFO - [GINSLIB] processing : 2025/04/19 07:57:12 Q=5
2026-01-05 20:20:26,845 - INFO - [GINSLIB] processing : 2025/04/19 07:57:13 Q=5
2026-01-05 20:20:26,845 - INFO - [GINSLIB] processing : 2025/04/19 07:57:14 Q=5
2026-01-05 20:20:26,846 - INFO - [GINSLIB] processing : 2025/04/19 07:57:15 Q=5
2026-01-05 20:20:26,846 - INFO - [GINSLIB] processing : 2025/04/19 07:57:16 Q=5
2026-01-05 20:20:26,846 - INFO - [GINSLIB] processing : 2025/04/19 07:57:17 Q=5
2026-01-05 20:20:26,846 - INFO - [GINSLIB] processing : 2025/04/19 07:57:18 Q=5
2026-01-05 20:20:26,846 - INFO - [GINSLIB] processing : 2025/04/19 07:57:19 Q=5
2026-01-05 20:20:26,846 - INFO - [GINSLIB] processing : 2025/04/19 07:57:20 Q=5
2026-01-05 20:20:26,846 - INFO - [GINSLIB] processing : 2025/04/19 07:57:21 Q=5
2026-01-05 20:20:26,846 - INFO - [GINSLIB] processing : 2025/04/19 07:57:22 Q=5
2026-01-05 20:20:26,846 - INFO - [GINSLIB] processing : 2025/04/19 07:57:23 Q=5
2026-01-05 20:20:27,014 - INFO - [GINSLIB] processing : 2025/04/19 07:57:24 Q=5
2026-01-05 20:20:27,014 - INFO - [GINSLIB] processing : 2025/04/19 07:57:25 Q=5
2026-01-05 20:20:27,014 - INFO - [GINSLIB] processing : 2025/04/19 07:57:26 Q=5
2026-01-05 20:20:27,014 - INFO - [GINSLIB] processing : 2025/04/19 07:57:27 Q=5
2026-01-05 20:20:27,015 - INFO - [GINSLIB] processing : 2025/04/19 07:57:28 Q=5
2026-01-05 20:20:27,015 - INFO - [GINSLIB] processing : 2025/04/19 07:57:29 Q=5
2026-01-05 20:20:27,015 - INFO - [GINSLIB] processing : 2025/04/19 07:57:30 Q=5
2026-01-05 20:20:27,015 - INFO - [GINSLIB] processing : 2025/04/19 07:57:31 Q=5
2026-01-05 20:20:27,015 - INFO - [GINSLIB] processing : 2025/04/19 07:57:32 Q=5
2026-01-05 20:20:27,015 - INFO - [GINSLIB] processing : 2025/04/19 07:57:33 Q=5
2026-01-05 20:20:27,016 - INFO - [GINSLIB] processing : 2025/04/19 07:57:34 Q=5
2026-01-05 20:20:27,016 - INFO - [GINSLIB] processing : 2025/04/19 07:57:35 Q=5
2026-01-05 20:20:27,016 - INFO - [GINSLIB] processing : 2025/04/19 07:57:36 Q=5
2026-01-05 20:20:27,016 - INFO - [GINSLIB] processing : 2025/04/19 07:57:37 Q=5
2026-01-05 20:20:27,016 - INFO - [GINSLIB] processing : 2025/04/19 07:57:38 Q=5
2026-01-05 20:20:27,016 - INFO - [GINSLIB] processing : 2025/04/19 07:57:39 Q=5
2026-01-05 20:20:27,017 - INFO - [GINSLIB] processing : 2025/04/19 07:57:40 Q=5
2026-01-05 20:20:27,017 - INFO - [GINSLIB] processing : 2025/04/19 07:57:41 Q=5
2026-01-05 20:20:27,017 - INFO - [GINSLIB] processing : 2025/04/19 07:57:42 Q=5
2026-01-05 20:20:27,017 - INFO - [GINSLIB] processing : 2025/04/19 07:57:43 Q=5
2026-01-05 20:20:27,017 - INFO - [GINSLIB] processing : 2025/04/19 07:57:44 Q=5
2026-01-05 20:20:27,017 - INFO - [GINSLIB] processing : 2025/04/19 07:57:45 Q=5
2026-01-05 20:20:27,017 - INFO - [GINSLIB] processing : 2025/04/19 07:57:46 Q=5
2026-01-05 20:20:27,017 - INFO - [GINSLIB] processing : 2025/04/19 07:57:47 Q=5
2026-01-05 20:20:27,017 - INFO - [GINSLIB] processing : 2025/04/19 07:57:48 Q=5
2026-01-05 20:20:27,018 - INFO - [GINSLIB] processing : 2025/04/19 07:57:49 Q=5
2026-01-05 20:20:27,018 - INFO - [GINSLIB] processing : 2025/04/19 07:57:50 Q=5
2026-01-05 20:20:27,018 - INFO - [GINSLIB] processing : 2025/04/19 07:57:51 Q=5
2026-01-05 20:20:27,018 - INFO - [GINSLIB] processing : 2025/04/19 07:57:52 Q=5
2026-01-05 20:20:27,018 - INFO - [GINSLIB] processing : 2025/04/19 07:57:53 Q=5
2026-01-05 20:20:27,018 - INFO - [GINSLIB] processing : 2025/04/19 07:57:54 Q=5
2026-01-05 20:20:27,018 - INFO - [GINSLIB] processing : 2025/04/19 07:57:55 Q=5
2026-01-05 20:20:27,018 - INFO - [GINSLIB] processing : 2025/04/19 07:57:56 Q=5
2026-01-05 20:20:27,018 - INFO - [GINSLIB] processing : 2025/04/19 07:57:57 Q=5
2026-01-05 20:20:27,018 - INFO - [GINSLIB] processing : 2025/04/19 07:57:58 Q=5
2026-01-05 20:20:27,018 - INFO - [GINSLIB] processing : 2025/04/19 07:57:59 Q=5
2026-01-05 20:20:27,018 - INFO - [GINSLIB] processing : 2025/04/19 07:58:00 Q=5
2026-01-05 20:20:27,018 - INFO - [GINSLIB] processing : 2025/04/19 07:58:01 Q=5
2026-01-05 20:20:27,018 - INFO - [GINSLIB] processing : 2025/04/19 07:58:02 Q=5
2026-01-05 20:20:27,018 - INFO - [GINSLIB] processing : 2025/04/19 07:58:03 Q=5
2026-01-05 20:20:27,019 - INFO - [GINSLIB] processing : 2025/04/19 07:58:04 Q=5
2026-01-05 20:20:27,019 - INFO - [GINSLIB] processing : 2025/04/19 07:58:05 Q=5
2026-01-05 20:20:27,019 - INFO - [GINSLIB] processing : 2025/04/19 07:58:06 Q=5
2026-01-05 20:20:27,019 - INFO - [GINSLIB] processing : 2025/04/19 07:58:07 Q=5
2026-01-05 20:20:27,019 - INFO - [GINSLIB] processing : 2025/04/19 07:58:08 Q=5
2026-01-05 20:20:27,019 - INFO - [GINSLIB] processing : 2025/04/19 07:58:09 Q=5
2026-01-05 20:20:27,019 - INFO - [GINSLIB] processing : 2025/04/19 07:58:10 Q=5
2026-01-05 20:20:27,019 - INFO - [GINSLIB] processing : 2025/04/19 07:58:11 Q=5
2026-01-05 20:20:27,019 - INFO - [GINSLIB] processing : 2025/04/19 07:58:12 Q=5
2026-01-05 20:20:27,019 - INFO - [GINSLIB] processing : 2025/04/19 07:58:13 Q=5
2026-01-05 20:20:27,019 - INFO - [GINSLIB] processing : 2025/04/19 07:58:14 Q=5
2026-01-05 20:20:27,020 - INFO - [GINSLIB] processing : 2025/04/19 07:58:15 Q=5
2026-01-05 20:20:27,020 - INFO - [GINSLIB] processing : 2025/04/19 07:58:16 Q=5
2026-01-05 20:20:27,020 - INFO - [GINSLIB] processing : 2025/04/19 07:58:17 Q=5
2026-01-05 20:20:27,020 - INFO - [GINSLIB] processing : 2025/04/19 07:58:18 Q=5
2026-01-05 20:20:27,020 - INFO - [GINSLIB] processing : 2025/04/19 07:58:19 Q=5
2026-01-05 20:20:27,020 - INFO - [GINSLIB] processing : 2025/04/19 07:58:20 Q=5
2026-01-05 20:20:27,020 - INFO - [GINSLIB] processing : 2025/04/19 07:58:21 Q=5
2026-01-05 20:20:27,020 - INFO - [GINSLIB] processing : 2025/04/19 07:58:22 Q=5
2026-01-05 20:20:27,020 - INFO - [GINSLIB] processing : 2025/04/19 07:58:23 Q=5
2026-01-05 20:20:27,020 - INFO - [GINSLIB] processing : 2025/04/19 07:58:24 Q=5
2026-01-05 20:20:27,020 - INFO - [GINSLIB] processing : 2025/04/19 07:58:25 Q=5
2026-01-05 20:20:27,020 - INFO - [GINSLIB] processing : 2025/04/19 07:58:26 Q=5
2026-01-05 20:20:27,020 - INFO - [GINSLIB] processing : 2025/04/19 07:58:27 Q=5
2026-01-05 20:20:27,021 - INFO - [GINSLIB] processing : 2025/04/19 07:58:28 Q=5
2026-01-05 20:20:27,021 - INFO - [GINSLIB] processing : 2025/04/19 07:58:29 Q=0
2026-01-05 20:20:27,021 - INFO - [GINSLIB] processing : 2025/04/19 07:58:30 Q=5
2026-01-05 20:20:27,021 - INFO - [GINSLIB] processing : 2025/04/19 07:58:31 Q=5
2026-01-05 20:20:27,021 - INFO - [GINSLIB] processing : 2025/04/19 07:58:32 Q=5
2026-01-05 20:20:27,021 - INFO - [GINSLIB] processing : 2025/04/19 07:58:33 Q=5
2026-01-05 20:20:27,021 - INFO - [GINSLIB] processing : 2025/04/19 07:58:34 Q=5
2026-01-05 20:20:27,022 - INFO - [GINSLIB] processing : 2025/04/19 07:58:35 Q=5
2026-01-05 20:20:27,022 - INFO - [GINSLIB] processing : 2025/04/19 07:58:36 Q=5
2026-01-05 20:20:27,022 - INFO - [GINSLIB] processing : 2025/04/19 07:58:37 Q=5
2026-01-05 20:20:27,022 - INFO - [GINSLIB] processing : 2025/04/19 07:58:38 Q=5
2026-01-05 20:20:27,022 - INFO - [GINSLIB] processing : 2025/04/19 07:58:39 Q=5
2026-01-05 20:20:27,022 - INFO - [GINSLIB] processing : 2025/04/19 07:58:40 Q=5
2026-01-05 20:20:27,023 - INFO - [GINSLIB] processing : 2025/04/19 07:58:41 Q=5
2026-01-05 20:20:27,023 - INFO - [GINSLIB] processing : 2025/04/19 07:58:42 Q=5
2026-01-05 20:20:27,023 - INFO - [GINSLIB] processing : 2025/04/19 07:58:43 Q=5
2026-01-05 20:20:27,023 - INFO - [GINSLIB] processing : 2025/04/19 07:58:44 Q=5
2026-01-05 20:20:27,023 - INFO - [GINSLIB] processing : 2025/04/19 07:58:45 Q=5
2026-01-05 20:20:27,023 - INFO - [GINSLIB] processing : 2025/04/19 07:58:46 Q=5
2026-01-05 20:20:27,023 - INFO - [GINSLIB] processing : 2025/04/19 07:58:47 Q=5
2026-01-05 20:20:27,023 - INFO - [GINSLIB] processing : 2025/04/19 07:58:48 Q=5
2026-01-05 20:20:27,023 - INFO - [GINSLIB] processing : 2025/04/19 07:58:49 Q=5
2026-01-05 20:20:27,023 - INFO - [GINSLIB] processing : 2025/04/19 07:58:50 Q=5
2026-01-05 20:20:27,023 - INFO - [GINSLIB] processing : 2025/04/19 07:58:51 Q=5
2026-01-05 20:20:27,024 - INFO - [GINSLIB] processing : 2025/04/19 07:58:52 Q=5
2026-01-05 20:20:27,024 - INFO - [GINSLIB] processing : 2025/04/19 07:58:53 Q=5
2026-01-05 20:20:27,024 - INFO - [GINSLIB] processing : 2025/04/19 07:58:54 Q=5
2026-01-05 20:20:27,024 - INFO - [GINSLIB] processing : 2025/04/19 07:58:55 Q=5
2026-01-05 20:20:27,024 - INFO - [GINSLIB] processing : 2025/04/19 07:58:56 Q=5
2026-01-05 20:20:27,024 - INFO - [GINSLIB] processing : 2025/04/19 07:58:57 Q=5
2026-01-05 20:20:27,024 - INFO - [GINSLIB] processing : 2025/04/19 07:58:58 Q=0
2026-01-05 20:20:27,024 - INFO - [GINSLIB] processing : 2025/04/19 07:58:59 Q=0
2026-01-05 20:20:27,024 - INFO - [GINSLIB] processing : 2025/04/19 07:59:00 Q=5
2026-01-05 20:20:27,025 - INFO - [GINSLIB] processing : 2025/04/19 07:59:01 Q=5
2026-01-05 20:20:27,025 - INFO - [GINSLIB] processing : 2025/04/19 07:59:02 Q=0
2026-01-05 20:20:27,025 - INFO - [GINSLIB] processing : 2025/04/19 07:59:03 Q=0
2026-01-05 20:20:27,025 - INFO - [GINSLIB] processing : 2025/04/19 07:59:04 Q=0
2026-01-05 20:20:27,025 - INFO - [GINSLIB] processing : 2025/04/19 07:59:05 Q=5
2026-01-05 20:20:27,025 - INFO - [GINSLIB] processing : 2025/04/19 07:59:06 Q=0
2026-01-05 20:20:27,025 - INFO - [GINSLIB] processing : 2025/04/19 07:59:07 Q=5
2026-01-05 20:20:27,026 - INFO - [GINSLIB] processing : 2025/04/19 07:59:08 Q=5
2026-01-05 20:20:27,026 - INFO - [GINSLIB] processing : 2025/04/19 07:59:09 Q=5
2026-01-05 20:20:27,026 - INFO - [GINSLIB] processing : 2025/04/19 07:59:10 Q=5
2026-01-05 20:20:27,026 - INFO - [GINSLIB] processing : 2025/04/19 07:59:11 Q=5
2026-01-05 20:20:27,026 - INFO - [GINSLIB] processing : 2025/04/19 07:59:12 Q=5
2026-01-05 20:20:27,026 - INFO - [GINSLIB] processing : 2025/04/19 07:59:13 Q=5
2026-01-05 20:20:27,288 - INFO - [GINSLIB] processing : 2025/04/19 07:59:14 Q=5
2026-01-05 20:20:27,288 - INFO - [GINSLIB] processing : 2025/04/19 07:59:15 Q=5
2026-01-05 20:20:27,288 - INFO - [GINSLIB] processing : 2025/04/19 07:59:16 Q=5
2026-01-05 20:20:27,289 - INFO - [GINSLIB] processing : 2025/04/19 07:59:17 Q=0
2026-01-05 20:20:27,289 - INFO - [GINSLIB] processing : 2025/04/19 07:59:18 Q=5
2026-01-05 20:20:27,289 - INFO - [GINSLIB] processing : 2025/04/19 07:59:19 Q=5
2026-01-05 20:20:27,289 - INFO - [GINSLIB] processing : 2025/04/19 07:59:20 Q=0
2026-01-05 20:20:27,289 - INFO - [GINSLIB] processing : 2025/04/19 07:59:21 Q=5
2026-01-05 20:20:27,289 - INFO - [GINSLIB] processing : 2025/04/19 07:59:22 Q=5
2026-01-05 20:20:27,290 - INFO - [GINSLIB] processing : 2025/04/19 07:59:23 Q=5
2026-01-05 20:20:27,290 - INFO - [GINSLIB] processing : 2025/04/19 07:59:24 Q=5
2026-01-05 20:20:27,290 - INFO - [GINSLIB] processing : 2025/04/19 07:59:25 Q=5
2026-01-05 20:20:27,290 - INFO - [GINSLIB] processing : 2025/04/19 07:59:26 Q=5
2026-01-05 20:20:27,290 - INFO - [GINSLIB] processing : 2025/04/19 07:59:27 Q=5
2026-01-05 20:20:27,291 - INFO - [GINSLIB] processing : 2025/04/19 07:59:28 Q=5
2026-01-05 20:20:27,291 - INFO - [GINSLIB] processing : 2025/04/19 07:59:29 Q=5
2026-01-05 20:20:27,291 - INFO - [GINSLIB] processing : 2025/04/19 07:59:30 Q=5
2026-01-05 20:20:27,291 - INFO - [GINSLIB] processing : 2025/04/19 07:59:31 Q=5
2026-01-05 20:20:27,291 - INFO - [GINSLIB] processing : 2025/04/19 07:59:32 Q=5
2026-01-05 20:20:27,291 - INFO - [GINSLIB] processing : 2025/04/19 07:59:33 Q=5
2026-01-05 20:20:27,291 - INFO - [GINSLIB] processing : 2025/04/19 07:59:34 Q=5
2026-01-05 20:20:27,291 - INFO - [GINSLIB] processing : 2025/04/19 07:59:35 Q=5
2026-01-05 20:20:27,291 - INFO - [GINSLIB] processing : 2025/04/19 07:59:36 Q=5
2026-01-05 20:20:27,291 - INFO - [GINSLIB] processing : 2025/04/19 07:59:37 Q=0
2026-01-05 20:20:27,292 - INFO - [GINSLIB] processing : 2025/04/19 07:59:38 Q=0
2026-01-05 20:20:27,292 - INFO - [GINSLIB] processing : 2025/04/19 07:59:39 Q=0
2026-01-05 20:20:27,292 - INFO - [GINSLIB] processing : 2025/04/19 07:59:40 Q=5
2026-01-05 20:20:27,292 - INFO - [GINSLIB] processing : 2025/04/19 07:59:41 Q=5
2026-01-05 20:20:27,292 - INFO - [GINSLIB] processing : 2025/04/19 07:59:42 Q=5
2026-01-05 20:20:27,292 - INFO - [GINSLIB] processing : 2025/04/19 07:59:43 Q=5
2026-01-05 20:20:27,292 - INFO - [GINSLIB] processing : 2025/04/19 07:59:44 Q=0
2026-01-05 20:20:27,292 - INFO - [GINSLIB] processing : 2025/04/19 07:59:45 Q=5
2026-01-05 20:20:27,292 - INFO - [GINSLIB] processing : 2025/04/19 07:59:46 Q=5
2026-01-05 20:20:27,292 - INFO - [GINSLIB] processing : 2025/04/19 07:59:47 Q=5
2026-01-05 20:20:27,292 - INFO - [GINSLIB] processing : 2025/04/19 07:59:48 Q=5
2026-01-05 20:20:27,292 - INFO - [GINSLIB] processing : 2025/04/19 07:59:49 Q=5
2026-01-05 20:20:27,292 - INFO - [GINSLIB] processing : 2025/04/19 07:59:50 Q=5
2026-01-05 20:20:27,292 - INFO - [GINSLIB] processing : 2025/04/19 07:59:51 Q=5
2026-01-05 20:20:27,292 - INFO - [GINSLIB] processing : 2025/04/19 07:59:52 Q=5
2026-01-05 20:20:27,292 - INFO - [GINSLIB] processing : 2025/04/19 07:59:53 Q=5
2026-01-05 20:20:27,293 - INFO - [GINSLIB] processing : 2025/04/19 07:59:54 Q=5
2026-01-05 20:20:27,293 - INFO - [GINSLIB] processing : 2025/04/19 07:59:55 Q=5
2026-01-05 20:20:27,293 - INFO - [GINSLIB] processing : 2025/04/19 07:59:56 Q=5
2026-01-05 20:20:27,293 - INFO - [GINSLIB] processing : 2025/04/19 07:59:57 Q=5
2026-01-05 20:20:27,293 - INFO - [GINSLIB] processing : 2025/04/19 07:59:58 Q=5
2026-01-05 20:20:27,293 - INFO - [GINSLIB] processing : 2025/04/19 07:59:59 Q=5
2026-01-05 20:20:27,293 - INFO - [GINSLIB] processing : 2025/04/19 08:00:00 Q=5
2026-01-05 20:20:27,293 - INFO - [GINSLIB] processing : 2025/04/19 08:00:01 Q=5
2026-01-05 20:20:27,293 - INFO - [GINSLIB] processing : 2025/04/19 08:00:02 Q=5
2026-01-05 20:20:27,293 - INFO - [GINSLIB] processing : 2025/04/19 08:00:03 Q=5
2026-01-05 20:20:27,293 - INFO - [GINSLIB] processing : 2025/04/19 08:00:04 Q=5
2026-01-05 20:20:27,293 - INFO - [GINSLIB] processing : 2025/04/19 08:00:05 Q=5
2026-01-05 20:20:27,293 - INFO - [GINSLIB] processing : 2025/04/19 08:00:06 Q=5
2026-01-05 20:20:27,293 - INFO - [GINSLIB] processing : 2025/04/19 08:00:07 Q=5
2026-01-05 20:20:27,293 - INFO - [GINSLIB] processing : 2025/04/19 08:00:08 Q=5
2026-01-05 20:20:27,293 - INFO - [GINSLIB] processing : 2025/04/19 08:00:09 Q=5
2026-01-05 20:20:27,294 - INFO - [GINSLIB] processing : 2025/04/19 08:00:10 Q=5
2026-01-05 20:20:27,294 - INFO - [GINSLIB] processing : 2025/04/19 08:00:11 Q=5
2026-01-05 20:20:27,294 - INFO - [GINSLIB] processing : 2025/04/19 08:00:12 Q=5
2026-01-05 20:20:27,294 - INFO - [GINSLIB] processing : 2025/04/19 08:00:13 Q=5
2026-01-05 20:20:27,294 - INFO - [GINSLIB] processing : 2025/04/19 08:00:14 Q=5
2026-01-05 20:20:27,294 - INFO - [GINSLIB] processing : 2025/04/19 08:00:15 Q=5
2026-01-05 20:20:27,294 - INFO - [GINSLIB] processing : 2025/04/19 08:00:16 Q=5
2026-01-05 20:20:27,294 - INFO - [GINSLIB] processing : 2025/04/19 08:00:17 Q=5
2026-01-05 20:20:27,294 - INFO - [GINSLIB] processing : 2025/04/19 08:00:18 Q=5
2026-01-05 20:20:27,294 - INFO - [GINSLIB] processing : 2025/04/19 08:00:19 Q=5
2026-01-05 20:20:27,294 - INFO - [GINSLIB] processing : 2025/04/19 08:00:20 Q=5
2026-01-05 20:20:27,294 - INFO - [GINSLIB] processing : 2025/04/19 08:00:21 Q=5
2026-01-05 20:20:27,294 - INFO - [GINSLIB] processing : 2025/04/19 08:00:22 Q=5
2026-01-05 20:20:27,294 - INFO - [GINSLIB] processing : 2025/04/19 08:00:23 Q=5
2026-01-05 20:20:27,294 - INFO - [GINSLIB] processing : 2025/04/19 08:00:24 Q=5
2026-01-05 20:20:27,294 - INFO - [GINSLIB] processing : 2025/04/19 08:00:25 Q=5
2026-01-05 20:20:27,295 - INFO - [GINSLIB] processing : 2025/04/19 08:00:26 Q=5
2026-01-05 20:20:27,295 - INFO - [GINSLIB] processing : 2025/04/19 08:00:27 Q=5
2026-01-05 20:20:27,295 - INFO - [GINSLIB] processing : 2025/04/19 08:00:28 Q=5
2026-01-05 20:20:27,295 - INFO - [GINSLIB] processing : 2025/04/19 08:00:29 Q=5
2026-01-05 20:20:27,295 - INFO - [GINSLIB] processing : 2025/04/19 08:00:30 Q=5
2026-01-05 20:20:27,295 - INFO - [GINSLIB] processing : 2025/04/19 08:00:31 Q=5
2026-01-05 20:20:27,295 - INFO - [GINSLIB] processing : 2025/04/19 08:00:32 Q=5
2026-01-05 20:20:27,295 - INFO - [GINSLIB] processing : 2025/04/19 08:00:33 Q=0
2026-01-05 20:20:27,295 - INFO - [GINSLIB] processing : 2025/04/19 08:00:34 Q=5
2026-01-05 20:20:27,295 - INFO - [GINSLIB] processing : 2025/04/19 08:00:35 Q=5
2026-01-05 20:20:27,295 - INFO - [GINSLIB] processing : 2025/04/19 08:00:36 Q=5
2026-01-05 20:20:27,295 - INFO - [GINSLIB] processing : 2025/04/19 08:00:37 Q=5
2026-01-05 20:20:27,295 - INFO - [GINSLIB] processing : 2025/04/19 08:00:38 Q=5
2026-01-05 20:20:27,295 - INFO - [GINSLIB] processing : 2025/04/19 08:00:39 Q=5
2026-01-05 20:20:27,295 - INFO - [GINSLIB] processing : 2025/04/19 08:00:40 Q=5
2026-01-05 20:20:27,295 - INFO - [GINSLIB] processing : 2025/04/19 08:00:41 Q=0
2026-01-05 20:20:27,296 - INFO - [GINSLIB] processing : 2025/04/19 08:00:42 Q=0
2026-01-05 20:20:27,296 - INFO - [GINSLIB] processing : 2025/04/19 08:00:43 Q=0
2026-01-05 20:20:27,296 - INFO - [GINSLIB] processing : 2025/04/19 08:00:44 Q=0
2026-01-05 20:20:27,296 - INFO - [GINSLIB] processing : 2025/04/19 08:00:45 Q=0
2026-01-05 20:20:27,296 - INFO - [GINSLIB] processing : 2025/04/19 08:00:46 Q=0
2026-01-05 20:20:27,296 - INFO - [GINSLIB] processing : 2025/04/19 08:00:47 Q=0
2026-01-05 20:20:27,296 - INFO - [GINSLIB] processing : 2025/04/19 08:00:48 Q=5
2026-01-05 20:20:27,296 - INFO - [GINSLIB] processing : 2025/04/19 08:00:49 Q=0
2026-01-05 20:20:27,296 - INFO - [GINSLIB] processing : 2025/04/19 08:00:50 Q=0
2026-01-05 20:20:27,296 - INFO - [GINSLIB] processing : 2025/04/19 08:00:51 Q=0
2026-01-05 20:20:27,296 - INFO - [GINSLIB] processing : 2025/04/19 08:00:52 Q=0
2026-01-05 20:20:27,296 - INFO - [GINSLIB] processing : 2025/04/19 08:00:53 Q=0
2026-01-05 20:20:27,296 - INFO - [GINSLIB] processing : 2025/04/19 08:00:54 Q=0
2026-01-05 20:20:27,296 - INFO - [GINSLIB] processing : 2025/04/19 08:00:55 Q=0
2026-01-05 20:20:27,296 - INFO - [GINSLIB] processing : 2025/04/19 08:00:56 Q=0
2026-01-05 20:20:27,297 - INFO - [GINSLIB] processing : 2025/04/19 08:00:57 Q=0
2026-01-05 20:20:27,297 - INFO - [GINSLIB] processing : 2025/04/19 08:00:58 Q=0
2026-01-05 20:20:27,297 - INFO - [GINSLIB] processing : 2025/04/19 08:00:59 Q=0
2026-01-05 20:20:27,297 - INFO - [GINSLIB] processing : 2025/04/19 08:01:00 Q=0
2026-01-05 20:20:27,297 - INFO - [GINSLIB] processing : 2025/04/19 08:01:01 Q=0
2026-01-05 20:20:27,297 - INFO - [GINSLIB] processing : 2025/04/19 08:01:02 Q=0
2026-01-05 20:20:27,297 - INFO - [GINSLIB] processing : 2025/04/19 08:01:03 Q=0
2026-01-05 20:20:27,297 - INFO - [GINSLIB] processing : 2025/04/19 08:01:04 Q=0
2026-01-05 20:20:27,565 - INFO - [GINSLIB] processing : 2025/04/19 08:01:05 Q=5
2026-01-05 20:20:27,565 - INFO - [GINSLIB] processing : 2025/04/19 08:01:06 Q=0
2026-01-05 20:20:27,566 - INFO - [GINSLIB] processing : 2025/04/19 08:01:07 Q=0
2026-01-05 20:20:27,566 - INFO - [GINSLIB] processing : 2025/04/19 08:01:08 Q=0
2026-01-05 20:20:27,566 - INFO - [GINSLIB] processing : 2025/04/19 08:01:09 Q=0
2026-01-05 20:20:27,566 - INFO - [GINSLIB] processing : 2025/04/19 08:01:10 Q=5
2026-01-05 20:20:27,566 - INFO - [GINSLIB] processing : 2025/04/19 08:01:11 Q=0
2026-01-05 20:20:27,566 - INFO - [GINSLIB] processing : 2025/04/19 08:01:12 Q=0
2026-01-05 20:20:27,567 - INFO - [GINSLIB] processing : 2025/04/19 08:01:13 Q=0
2026-01-05 20:20:27,567 - INFO - [GINSLIB] processing : 2025/04/19 08:01:14 Q=5
2026-01-05 20:20:27,567 - INFO - [GINSLIB] processing : 2025/04/19 08:01:15 Q=5
2026-01-05 20:20:27,567 - INFO - [GINSLIB] processing : 2025/04/19 08:01:16 Q=0
2026-01-05 20:20:27,567 - INFO - [GINSLIB] processing : 2025/04/19 08:01:17 Q=0
2026-01-05 20:20:27,567 - INFO - [GINSLIB] processing : 2025/04/19 08:01:18 Q=5
2026-01-05 20:20:27,567 - INFO - [GINSLIB] processing : 2025/04/19 08:01:19 Q=5
2026-01-05 20:20:27,568 - INFO - [GINSLIB] processing : 2025/04/19 08:01:20 Q=5
2026-01-05 20:20:27,568 - INFO - [GINSLIB] processing : 2025/04/19 08:01:21 Q=5
2026-01-05 20:20:27,568 - INFO - [GINSLIB] processing : 2025/04/19 08:01:22 Q=5
2026-01-05 20:20:27,568 - INFO - [GINSLIB] processing : 2025/04/19 08:01:23 Q=5
2026-01-05 20:20:27,568 - INFO - [GINSLIB] processing : 2025/04/19 08:01:24 Q=5
2026-01-05 20:20:27,568 - INFO - [GINSLIB] processing : 2025/04/19 08:01:25 Q=5
2026-01-05 20:20:27,568 - INFO - [GINSLIB] processing : 2025/04/19 08:01:26 Q=5
2026-01-05 20:20:27,568 - INFO - [GINSLIB] processing : 2025/04/19 08:01:27 Q=5
2026-01-05 20:20:27,568 - INFO - [GINSLIB] processing : 2025/04/19 08:01:28 Q=5
2026-01-05 20:20:27,568 - INFO - [GINSLIB] processing : 2025/04/19 08:01:29 Q=5
2026-01-05 20:20:27,568 - INFO - [GINSLIB] processing : 2025/04/19 08:01:30 Q=5
2026-01-05 20:20:27,568 - INFO - [GINSLIB] processing : 2025/04/19 08:01:31 Q=5
2026-01-05 20:20:27,568 - INFO - [GINSLIB] processing : 2025/04/19 08:01:32 Q=5
2026-01-05 20:20:27,569 - INFO - [GINSLIB] processing : 2025/04/19 08:01:33 Q=0
2026-01-05 20:20:27,569 - INFO - [GINSLIB] processing : 2025/04/19 08:01:34 Q=0
2026-01-05 20:20:27,569 - INFO - [GINSLIB] processing : 2025/04/19 08:01:35 Q=5
2026-01-05 20:20:27,569 - INFO - [GINSLIB] processing : 2025/04/19 08:01:36 Q=0
2026-01-05 20:20:27,569 - INFO - [GINSLIB] processing : 2025/04/19 08:01:37 Q=5
2026-01-05 20:20:27,569 - INFO - [GINSLIB] processing : 2025/04/19 08:01:38 Q=5
2026-01-05 20:20:27,569 - INFO - [GINSLIB] processing : 2025/04/19 08:01:39 Q=5
2026-01-05 20:20:27,569 - INFO - [GINSLIB] processing : 2025/04/19 08:01:40 Q=5
2026-01-05 20:20:27,569 - INFO - [GINSLIB] processing : 2025/04/19 08:01:41 Q=5
2026-01-05 20:20:27,569 - INFO - [GINSLIB] processing : 2025/04/19 08:01:42 Q=5
2026-01-05 20:20:27,569 - INFO - [GINSLIB] processing : 2025/04/19 08:01:43 Q=5
2026-01-05 20:20:27,569 - INFO - [GINSLIB] processing : 2025/04/19 08:01:44 Q=5
2026-01-05 20:20:27,569 - INFO - [GINSLIB] processing : 2025/04/19 08:01:45 Q=5
2026-01-05 20:20:27,570 - INFO - [GINSLIB] processing : 2025/04/19 08:01:46 Q=5
2026-01-05 20:20:27,570 - INFO - [GINSLIB] processing : 2025/04/19 08:01:47 Q=5
2026-01-05 20:20:27,570 - INFO - [GINSLIB] processing : 2025/04/19 08:01:48 Q=5
2026-01-05 20:20:27,570 - INFO - [GINSLIB] processing : 2025/04/19 08:01:49 Q=5
2026-01-05 20:20:27,570 - INFO - [GINSLIB] processing : 2025/04/19 08:01:50 Q=5
2026-01-05 20:20:27,570 - INFO - [GINSLIB] processing : 2025/04/19 08:01:51 Q=5
2026-01-05 20:20:27,570 - INFO - [GINSLIB] processing : 2025/04/19 08:01:52 Q=0
2026-01-05 20:20:27,570 - INFO - [GINSLIB] processing : 2025/04/19 08:01:53 Q=5
2026-01-05 20:20:27,570 - INFO - [GINSLIB] processing : 2025/04/19 08:01:54 Q=5
2026-01-05 20:20:27,570 - INFO - [GINSLIB] processing : 2025/04/19 08:01:55 Q=5
2026-01-05 20:20:27,570 - INFO - [GINSLIB] processing : 2025/04/19 08:01:56 Q=5
2026-01-05 20:20:27,570 - INFO - [GINSLIB] processing : 2025/04/19 08:01:57 Q=5
2026-01-05 20:20:27,570 - INFO - [GINSLIB] processing : 2025/04/19 08:01:58 Q=5
2026-01-05 20:20:27,570 - INFO - [GINSLIB] processing : 2025/04/19 08:01:59 Q=5
2026-01-05 20:20:27,570 - INFO - [GINSLIB] processing : 2025/04/19 08:02:00 Q=5
2026-01-05 20:20:27,571 - INFO - [GINSLIB] processing : 2025/04/19 08:02:01 Q=5
2026-01-05 20:20:27,571 - INFO - [GINSLIB] processing : 2025/04/19 08:02:02 Q=5
2026-01-05 20:20:27,571 - INFO - [GINSLIB] processing : 2025/04/19 08:02:03 Q=5
2026-01-05 20:20:27,571 - INFO - [GINSLIB] processing : 2025/04/19 08:02:04 Q=5
2026-01-05 20:20:27,571 - INFO - [GINSLIB] processing : 2025/04/19 08:02:05 Q=5
2026-01-05 20:20:27,571 - INFO - [GINSLIB] processing : 2025/04/19 08:02:06 Q=5
2026-01-05 20:20:27,571 - INFO - [GINSLIB] processing : 2025/04/19 08:02:07 Q=5
2026-01-05 20:20:27,571 - INFO - [GINSLIB] processing : 2025/04/19 08:02:08 Q=5
2026-01-05 20:20:27,571 - INFO - [GINSLIB] processing : 2025/04/19 08:02:09 Q=5
2026-01-05 20:20:27,571 - INFO - [GINSLIB] processing : 2025/04/19 08:02:10 Q=5
2026-01-05 20:20:27,571 - INFO - [GINSLIB] processing : 2025/04/19 08:02:11 Q=5
2026-01-05 20:20:27,571 - INFO - [GINSLIB] processing : 2025/04/19 08:02:12 Q=5
2026-01-05 20:20:27,571 - INFO - [GINSLIB] processing : 2025/04/19 08:02:13 Q=5
2026-01-05 20:20:27,571 - INFO - [GINSLIB] processing : 2025/04/19 08:02:14 Q=5
2026-01-05 20:20:27,571 - INFO - [GINSLIB] processing : 2025/04/19 08:02:15 Q=5
2026-01-05 20:20:27,571 - INFO - [GINSLIB] processing : 2025/04/19 08:02:16 Q=5
2026-01-05 20:20:27,572 - INFO - [GINSLIB] processing : 2025/04/19 08:02:17 Q=5
2026-01-05 20:20:27,572 - INFO - [GINSLIB] processing : 2025/04/19 08:02:18 Q=5
2026-01-05 20:20:27,572 - INFO - [GINSLIB] processing : 2025/04/19 08:02:19 Q=5
2026-01-05 20:20:27,572 - INFO - [GINSLIB] processing : 2025/04/19 08:02:20 Q=0
2026-01-05 20:20:27,572 - INFO - [GINSLIB] processing : 2025/04/19 08:02:21 Q=5
2026-01-05 20:20:27,572 - INFO - [GINSLIB] processing : 2025/04/19 08:02:22 Q=5
2026-01-05 20:20:27,572 - INFO - [GINSLIB] processing : 2025/04/19 08:02:23 Q=5
2026-01-05 20:20:27,572 - INFO - [GINSLIB] processing : 2025/04/19 08:02:24 Q=5
2026-01-05 20:20:27,572 - INFO - [GINSLIB] processing : 2025/04/19 08:02:25 Q=5
2026-01-05 20:20:27,572 - INFO - [GINSLIB] processing : 2025/04/19 08:02:26 Q=5
2026-01-05 20:20:27,572 - INFO - [GINSLIB] processing : 2025/04/19 08:02:27 Q=5
2026-01-05 20:20:27,572 - INFO - [GINSLIB] processing : 2025/04/19 08:02:28 Q=5
2026-01-05 20:20:27,572 - INFO - [GINSLIB] processing : 2025/04/19 08:02:29 Q=5
2026-01-05 20:20:27,572 - INFO - [GINSLIB] processing : 2025/04/19 08:02:30 Q=5
2026-01-05 20:20:27,572 - INFO - [GINSLIB] processing : 2025/04/19 08:02:31 Q=5
2026-01-05 20:20:27,572 - INFO - [GINSLIB] processing : 2025/04/19 08:02:32 Q=5
2026-01-05 20:20:27,573 - INFO - [GINSLIB] processing : 2025/04/19 08:02:33 Q=5
2026-01-05 20:20:27,573 - INFO - [GINSLIB] processing : 2025/04/19 08:02:34 Q=5
2026-01-05 20:20:27,573 - INFO - [GINSLIB] processing : 2025/04/19 08:02:35 Q=5
2026-01-05 20:20:27,573 - INFO - [GINSLIB] processing : 2025/04/19 08:02:36 Q=5
2026-01-05 20:20:27,573 - INFO - [GINSLIB] processing : 2025/04/19 08:02:37 Q=5
2026-01-05 20:20:27,573 - INFO - [GINSLIB] processing : 2025/04/19 08:02:38 Q=5
2026-01-05 20:20:27,573 - INFO - [GINSLIB] processing : 2025/04/19 08:02:39 Q=5
2026-01-05 20:20:27,573 - INFO - [GINSLIB] processing : 2025/04/19 08:02:40 Q=5
2026-01-05 20:20:27,573 - INFO - [GINSLIB] processing : 2025/04/19 08:02:41 Q=5
2026-01-05 20:20:27,573 - INFO - [GINSLIB] processing : 2025/04/19 08:02:42 Q=5
2026-01-05 20:20:27,573 - INFO - [GINSLIB] processing : 2025/04/19 08:02:43 Q=5
2026-01-05 20:20:27,573 - INFO - [GINSLIB] processing : 2025/04/19 08:02:44 Q=5
2026-01-05 20:20:27,573 - INFO - [GINSLIB] processing : 2025/04/19 08:02:45 Q=5
2026-01-05 20:20:27,573 - INFO - [GINSLIB] processing : 2025/04/19 08:02:46 Q=5
2026-01-05 20:20:27,573 - INFO - [GINSLIB] processing : 2025/04/19 08:02:47 Q=5
2026-01-05 20:20:27,573 - INFO - [GINSLIB] processing : 2025/04/19 08:02:48 Q=5
2026-01-05 20:20:27,574 - INFO - [GINSLIB] processing : 2025/04/19 08:02:49 Q=5
2026-01-05 20:20:27,574 - INFO - [GINSLIB] processing : 2025/04/19 08:02:50 Q=5
2026-01-05 20:20:27,574 - INFO - [GINSLIB] processing : 2025/04/19 08:02:51 Q=5
2026-01-05 20:20:27,574 - INFO - [GINSLIB] processing : 2025/04/19 08:02:52 Q=5
2026-01-05 20:20:27,574 - INFO - [GINSLIB] processing : 2025/04/19 08:02:53 Q=5
2026-01-05 20:20:27,574 - INFO - [GINSLIB] processing : 2025/04/19 08:02:54 Q=5
2026-01-05 20:20:27,574 - INFO - [GINSLIB] processing : 2025/04/19 08:02:55 Q=5
2026-01-05 20:20:27,843 - INFO - [GINSLIB] processing : 2025/04/19 08:02:56 Q=5
2026-01-05 20:20:27,843 - INFO - [GINSLIB] processing : 2025/04/19 08:02:57 Q=5
2026-01-05 20:20:27,843 - INFO - [GINSLIB] processing : 2025/04/19 08:02:58 Q=5
2026-01-05 20:20:27,843 - INFO - [GINSLIB] processing : 2025/04/19 08:02:59 Q=5
2026-01-05 20:20:27,843 - INFO - [GINSLIB] processing : 2025/04/19 08:03:00 Q=5
2026-01-05 20:20:27,844 - INFO - [GINSLIB] processing : 2025/04/19 08:03:01 Q=5
2026-01-05 20:20:27,844 - INFO - [GINSLIB] processing : 2025/04/19 08:03:02 Q=5
2026-01-05 20:20:27,844 - INFO - [GINSLIB] processing : 2025/04/19 08:03:03 Q=5
2026-01-05 20:20:27,844 - INFO - [GINSLIB] processing : 2025/04/19 08:03:04 Q=5
2026-01-05 20:20:27,844 - INFO - [GINSLIB] processing : 2025/04/19 08:03:05 Q=5
2026-01-05 20:20:27,844 - INFO - [GINSLIB] processing : 2025/04/19 08:03:06 Q=5
2026-01-05 20:20:27,844 - INFO - [GINSLIB] processing : 2025/04/19 08:03:07 Q=5
2026-01-05 20:20:27,844 - INFO - [GINSLIB] processing : 2025/04/19 08:03:08 Q=5
2026-01-05 20:20:27,844 - INFO - [GINSLIB] processing : 2025/04/19 08:03:09 Q=5
2026-01-05 20:20:27,845 - INFO - [GINSLIB] processing : 2025/04/19 08:03:10 Q=5
2026-01-05 20:20:27,845 - INFO - [GINSLIB] processing : 2025/04/19 08:03:11 Q=5
2026-01-05 20:20:27,845 - INFO - [GINSLIB] processing : 2025/04/19 08:03:12 Q=5
2026-01-05 20:20:27,845 - INFO - [GINSLIB] processing : 2025/04/19 08:03:13 Q=5
2026-01-05 20:20:27,845 - INFO - [GINSLIB] processing : 2025/04/19 08:03:14 Q=5
2026-01-05 20:20:27,845 - INFO - [GINSLIB] processing : 2025/04/19 08:03:15 Q=5
2026-01-05 20:20:27,845 - INFO - [GINSLIB] processing : 2025/04/19 08:03:16 Q=5
2026-01-05 20:20:27,845 - INFO - [GINSLIB] processing : 2025/04/19 08:03:17 Q=5
2026-01-05 20:20:27,845 - INFO - [GINSLIB] processing : 2025/04/19 08:03:18 Q=5
2026-01-05 20:20:27,845 - INFO - [GINSLIB] processing : 2025/04/19 08:03:19 Q=5
2026-01-05 20:20:27,845 - INFO - [GINSLIB] processing : 2025/04/19 08:03:20 Q=5
2026-01-05 20:20:27,845 - INFO - [GINSLIB] processing : 2025/04/19 08:03:21 Q=5
2026-01-05 20:20:27,845 - INFO - [GINSLIB] processing : 2025/04/19 08:03:22 Q=5
2026-01-05 20:20:27,845 - INFO - [GINSLIB] processing : 2025/04/19 08:03:23 Q=5
2026-01-05 20:20:27,846 - INFO - [GINSLIB] processing : 2025/04/19 08:03:24 Q=5
2026-01-05 20:20:27,846 - INFO - [GINSLIB] processing : 2025/04/19 08:03:25 Q=5
2026-01-05 20:20:27,846 - INFO - [GINSLIB] processing : 2025/04/19 08:03:26 Q=5
2026-01-05 20:20:27,846 - INFO - [GINSLIB] processing : 2025/04/19 08:03:27 Q=5
2026-01-05 20:20:27,846 - INFO - [GINSLIB] processing : 2025/04/19 08:03:28 Q=5
2026-01-05 20:20:27,846 - INFO - [GINSLIB] processing : 2025/04/19 08:03:29 Q=5
2026-01-05 20:20:27,846 - INFO - [GINSLIB] processing : 2025/04/19 08:03:30 Q=5
2026-01-05 20:20:27,846 - INFO - [GINSLIB] processing : 2025/04/19 08:03:31 Q=5
2026-01-05 20:20:27,846 - INFO - [GINSLIB] processing : 2025/04/19 08:03:32 Q=5
2026-01-05 20:20:27,846 - INFO - [GINSLIB] processing : 2025/04/19 08:03:33 Q=5
2026-01-05 20:20:27,846 - INFO - [GINSLIB] processing : 2025/04/19 08:03:34 Q=5
2026-01-05 20:20:27,846 - INFO - [GINSLIB] processing : 2025/04/19 08:03:35 Q=5
2026-01-05 20:20:27,846 - INFO - [GINSLIB] processing : 2025/04/19 08:03:36 Q=5
2026-01-05 20:20:27,847 - INFO - [GINSLIB] processing : 2025/04/19 08:03:37 Q=5
2026-01-05 20:20:27,847 - INFO - [GINSLIB] processing : 2025/04/19 08:03:38 Q=5
2026-01-05 20:20:27,847 - INFO - [GINSLIB] processing : 2025/04/19 08:03:39 Q=5
2026-01-05 20:20:27,847 - INFO - [GINSLIB] processing : 2025/04/19 08:03:40 Q=5
2026-01-05 20:20:27,847 - INFO - [GINSLIB] processing : 2025/04/19 08:03:41 Q=5
2026-01-05 20:20:27,847 - INFO - [GINSLIB] processing : 2025/04/19 08:03:42 Q=5
2026-01-05 20:20:27,847 - INFO - [GINSLIB] processing : 2025/04/19 08:03:43 Q=5
2026-01-05 20:20:27,847 - INFO - [GINSLIB] processing : 2025/04/19 08:03:44 Q=5
2026-01-05 20:20:27,847 - INFO - [GINSLIB] processing : 2025/04/19 08:03:45 Q=5
2026-01-05 20:20:27,848 - INFO - [GINSLIB] processing : 2025/04/19 08:03:46 Q=5
2026-01-05 20:20:27,848 - INFO - [GINSLIB] processing : 2025/04/19 08:03:47 Q=5
2026-01-05 20:20:27,848 - INFO - [GINSLIB] processing : 2025/04/19 08:03:48 Q=5
2026-01-05 20:20:27,848 - INFO - [GINSLIB] processing : 2025/04/19 08:03:49 Q=5
2026-01-05 20:20:27,848 - INFO - [GINSLIB] processing : 2025/04/19 08:03:50 Q=5
2026-01-05 20:20:27,848 - INFO - [GINSLIB] processing : 2025/04/19 08:03:51 Q=5
2026-01-05 20:20:27,848 - INFO - [GINSLIB] processing : 2025/04/19 08:03:52 Q=5
2026-01-05 20:20:27,848 - INFO - [GINSLIB] processing : 2025/04/19 08:03:53 Q=5
2026-01-05 20:20:27,848 - INFO - [GINSLIB] processing : 2025/04/19 08:03:54 Q=5
2026-01-05 20:20:27,848 - INFO - [GINSLIB] processing : 2025/04/19 08:03:55 Q=5
2026-01-05 20:20:27,848 - INFO - [GINSLIB] processing : 2025/04/19 08:03:56 Q=5
2026-01-05 20:20:27,849 - INFO - [GINSLIB] processing : 2025/04/19 08:03:57 Q=5
2026-01-05 20:20:27,849 - INFO - [GINSLIB] processing : 2025/04/19 08:03:58 Q=5
2026-01-05 20:20:27,849 - INFO - [GINSLIB] processing : 2025/04/19 08:03:59 Q=5
2026-01-05 20:20:27,849 - INFO - [GINSLIB] processing : 2025/04/19 08:04:00 Q=5
2026-01-05 20:20:27,849 - INFO - [GINSLIB] processing : 2025/04/19 08:04:01 Q=0
2026-01-05 20:20:27,849 - INFO - [GINSLIB] processing : 2025/04/19 08:04:02 Q=5
2026-01-05 20:20:27,849 - INFO - [GINSLIB] processing : 2025/04/19 08:04:03 Q=5
2026-01-05 20:20:27,849 - INFO - [GINSLIB] processing : 2025/04/19 08:04:04 Q=5
2026-01-05 20:20:27,849 - INFO - [GINSLIB] processing : 2025/04/19 08:04:05 Q=5
2026-01-05 20:20:27,849 - INFO - [GINSLIB] processing : 2025/04/19 08:04:06 Q=5
2026-01-05 20:20:27,849 - INFO - [GINSLIB] processing : 2025/04/19 08:04:07 Q=5
2026-01-05 20:20:27,849 - INFO - [GINSLIB] processing : 2025/04/19 08:04:08 Q=5
2026-01-05 20:20:27,849 - INFO - [GINSLIB] processing : 2025/04/19 08:04:09 Q=5
2026-01-05 20:20:27,850 - INFO - [GINSLIB] processing : 2025/04/19 08:04:10 Q=5
2026-01-05 20:20:27,850 - INFO - [GINSLIB] processing : 2025/04/19 08:04:11 Q=5
2026-01-05 20:20:27,850 - INFO - [GINSLIB] processing : 2025/04/19 08:04:12 Q=5
2026-01-05 20:20:27,850 - INFO - [GINSLIB] processing : 2025/04/19 08:04:13 Q=5
2026-01-05 20:20:27,850 - INFO - [GINSLIB] processing : 2025/04/19 08:04:14 Q=5
2026-01-05 20:20:27,851 - INFO - [GINSLIB] processing : 2025/04/19 08:04:15 Q=5
2026-01-05 20:20:27,851 - INFO - [GINSLIB] processing : 2025/04/19 08:04:16 Q=0
2026-01-05 20:20:27,851 - INFO - [GINSLIB] processing : 2025/04/19 08:04:17 Q=5
2026-01-05 20:20:27,851 - INFO - [GINSLIB] processing : 2025/04/19 08:04:18 Q=5
2026-01-05 20:20:27,851 - INFO - [GINSLIB] processing : 2025/04/19 08:04:19 Q=0
2026-01-05 20:20:27,851 - INFO - [GINSLIB] processing : 2025/04/19 08:04:20 Q=5
2026-01-05 20:20:27,851 - INFO - [GINSLIB] processing : 2025/04/19 08:04:21 Q=0
2026-01-05 20:20:27,852 - INFO - [GINSLIB] processing : 2025/04/19 08:04:22 Q=5
2026-01-05 20:20:27,852 - INFO - [GINSLIB] processing : 2025/04/19 08:04:23 Q=5
2026-01-05 20:20:27,852 - INFO - [GINSLIB] processing : 2025/04/19 08:04:24 Q=5
2026-01-05 20:20:27,852 - INFO - [GINSLIB] processing : 2025/04/19 08:04:25 Q=5
2026-01-05 20:20:27,852 - INFO - [GINSLIB] processing : 2025/04/19 08:04:26 Q=5
2026-01-05 20:20:27,852 - INFO - [GINSLIB] processing : 2025/04/19 08:04:27 Q=5
2026-01-05 20:20:27,852 - INFO - [GINSLIB] processing : 2025/04/19 08:04:28 Q=5
2026-01-05 20:20:27,852 - INFO - [GINSLIB] processing : 2025/04/19 08:04:29 Q=5
2026-01-05 20:20:27,853 - INFO - [GINSLIB] processing : 2025/04/19 08:04:30 Q=0
2026-01-05 20:20:27,853 - INFO - [GINSLIB] processing : 2025/04/19 08:04:31 Q=5
2026-01-05 20:20:27,853 - INFO - [GINSLIB] processing : 2025/04/19 08:04:32 Q=5
2026-01-05 20:20:27,853 - INFO - [GINSLIB] processing : 2025/04/19 08:04:33 Q=5
2026-01-05 20:20:27,853 - INFO - [GINSLIB] processing : 2025/04/19 08:04:34 Q=5
2026-01-05 20:20:27,853 - INFO - [GINSLIB] processing : 2025/04/19 08:04:35 Q=5
2026-01-05 20:20:27,853 - INFO - [GINSLIB] processing : 2025/04/19 08:04:36 Q=5
2026-01-05 20:20:27,853 - INFO - [GINSLIB] processing : 2025/04/19 08:04:37 Q=5
2026-01-05 20:20:27,853 - INFO - [GINSLIB] processing : 2025/04/19 08:04:38 Q=5
2026-01-05 20:20:27,853 - INFO - [GINSLIB] processing : 2025/04/19 08:04:39 Q=0
2026-01-05 20:20:27,853 - INFO - [GINSLIB] processing : 2025/04/19 08:04:40 Q=5
2026-01-05 20:20:27,853 - INFO - [GINSLIB] processing : 2025/04/19 08:04:41 Q=5
2026-01-05 20:20:27,854 - INFO - [GINSLIB] processing : 2025/04/19 08:04:42 Q=5
2026-01-05 20:20:27,854 - INFO - [GINSLIB] processing : 2025/04/19 08:04:43 Q=5
2026-01-05 20:20:27,854 - INFO - [GINSLIB] processing : 2025/04/19 08:04:44 Q=5
2026-01-05 20:20:27,854 - INFO - [GINSLIB] processing : 2025/04/19 08:04:45 Q=0
2026-01-05 20:20:28,118 - INFO - [GINSLIB] processing : 2025/04/19 08:04:46 Q=5
2026-01-05 20:20:28,118 - INFO - [GINSLIB] processing : 2025/04/19 08:04:47 Q=5
2026-01-05 20:20:28,118 - INFO - [GINSLIB] processing : 2025/04/19 08:04:48 Q=5
2026-01-05 20:20:28,118 - INFO - [GINSLIB] processing : 2025/04/19 08:04:49 Q=5
2026-01-05 20:20:28,118 - INFO - [GINSLIB] processing : 2025/04/19 08:04:50 Q=5
2026-01-05 20:20:28,119 - INFO - [GINSLIB] processing : 2025/04/19 08:04:51 Q=5
2026-01-05 20:20:28,119 - INFO - [GINSLIB] processing : 2025/04/19 08:04:52 Q=0
2026-01-05 20:20:28,119 - INFO - [GINSLIB] processing : 2025/04/19 08:04:53 Q=5
2026-01-05 20:20:28,119 - INFO - [GINSLIB] processing : 2025/04/19 08:04:54 Q=5
2026-01-05 20:20:28,119 - INFO - [GINSLIB] processing : 2025/04/19 08:04:55 Q=5
2026-01-05 20:20:28,120 - INFO - [GINSLIB] processing : 2025/04/19 08:04:56 Q=5
2026-01-05 20:20:28,120 - INFO - [GINSLIB] processing : 2025/04/19 08:04:57 Q=5
2026-01-05 20:20:28,120 - INFO - [GINSLIB] processing : 2025/04/19 08:04:58 Q=5
2026-01-05 20:20:28,120 - INFO - [GINSLIB] processing : 2025/04/19 08:04:59 Q=5
2026-01-05 20:20:28,121 - INFO - [GINSLIB] processing : 2025/04/19 08:05:00 Q=5
2026-01-05 20:20:28,121 - INFO - [GINSLIB] processing : 2025/04/19 08:05:01 Q=5
2026-01-05 20:20:28,121 - INFO - [GINSLIB] processing : 2025/04/19 08:05:02 Q=5
2026-01-05 20:20:28,121 - INFO - [GINSLIB] processing : 2025/04/19 08:05:03 Q=0
2026-01-05 20:20:28,121 - INFO - [GINSLIB] processing : 2025/04/19 08:05:04 Q=5
2026-01-05 20:20:28,122 - INFO - [GINSLIB] processing : 2025/04/19 08:05:05 Q=5
2026-01-05 20:20:28,122 - INFO - [GINSLIB] processing : 2025/04/19 08:05:06 Q=5
2026-01-05 20:20:28,122 - INFO - [GINSLIB] processing : 2025/04/19 08:05:07 Q=5
2026-01-05 20:20:28,122 - INFO - [GINSLIB] processing : 2025/04/19 08:05:08 Q=5
2026-01-05 20:20:28,122 - INFO - [GINSLIB] processing : 2025/04/19 08:05:09 Q=5
2026-01-05 20:20:28,122 - INFO - [GINSLIB] processing : 2025/04/19 08:05:10 Q=5
2026-01-05 20:20:28,122 - INFO - [GINSLIB] processing : 2025/04/19 08:05:11 Q=5
2026-01-05 20:20:28,123 - INFO - [GINSLIB] processing : 2025/04/19 08:05:12 Q=5
2026-01-05 20:20:28,123 - INFO - [GINSLIB] processing : 2025/04/19 08:05:13 Q=5
2026-01-05 20:20:28,123 - INFO - [GINSLIB] processing : 2025/04/19 08:05:14 Q=5
2026-01-05 20:20:28,123 - INFO - [GINSLIB] processing : 2025/04/19 08:05:15 Q=5
2026-01-05 20:20:28,123 - INFO - [GINSLIB] processing : 2025/04/19 08:05:16 Q=5
2026-01-05 20:20:28,123 - INFO - [GINSLIB] processing : 2025/04/19 08:05:17 Q=5
2026-01-05 20:20:28,123 - INFO - [GINSLIB] processing : 2025/04/19 08:05:18 Q=5
2026-01-05 20:20:28,124 - INFO - [GINSLIB] processing : 2025/04/19 08:05:19 Q=5
2026-01-05 20:20:28,124 - INFO - [GINSLIB] processing : 2025/04/19 08:05:20 Q=5
2026-01-05 20:20:28,124 - INFO - [GINSLIB] processing : 2025/04/19 08:05:21 Q=5
2026-01-05 20:20:28,124 - INFO - [GINSLIB] processing : 2025/04/19 08:05:22 Q=5
2026-01-05 20:20:28,124 - INFO - [GINSLIB] processing : 2025/04/19 08:05:23 Q=5
2026-01-05 20:20:28,124 - INFO - [GINSLIB] processing : 2025/04/19 08:05:24 Q=5
2026-01-05 20:20:28,124 - INFO - [GINSLIB] processing : 2025/04/19 08:05:25 Q=5
2026-01-05 20:20:28,124 - INFO - [GINSLIB] processing : 2025/04/19 08:05:26 Q=5
2026-01-05 20:20:28,124 - INFO - [GINSLIB] processing : 2025/04/19 08:05:27 Q=5
2026-01-05 20:20:28,124 - INFO - [GINSLIB] processing : 2025/04/19 08:05:28 Q=5
2026-01-05 20:20:28,125 - INFO - [GINSLIB] processing : 2025/04/19 08:05:29 Q=5
2026-01-05 20:20:28,125 - INFO - [GINSLIB] processing : 2025/04/19 08:05:30 Q=5
2026-01-05 20:20:28,125 - INFO - [GINSLIB] processing : 2025/04/19 08:05:31 Q=5
2026-01-05 20:20:28,125 - INFO - [GINSLIB] processing : 2025/04/19 08:05:32 Q=5
2026-01-05 20:20:28,125 - INFO - [GINSLIB] processing : 2025/04/19 08:05:33 Q=5
2026-01-05 20:20:28,125 - INFO - [GINSLIB] processing : 2025/04/19 08:05:34 Q=5
2026-01-05 20:20:28,125 - INFO - [GINSLIB] processing : 2025/04/19 08:05:35 Q=5
2026-01-05 20:20:28,125 - INFO - [GINSLIB] processing : 2025/04/19 08:05:36 Q=5
2026-01-05 20:20:28,125 - INFO - [GINSLIB] processing : 2025/04/19 08:05:37 Q=5
2026-01-05 20:20:28,125 - INFO - [GINSLIB] processing : 2025/04/19 08:05:38 Q=5
2026-01-05 20:20:28,125 - INFO - [GINSLIB] processing : 2025/04/19 08:05:39 Q=5
2026-01-05 20:20:28,125 - INFO - [GINSLIB] processing : 2025/04/19 08:05:40 Q=5
2026-01-05 20:20:28,125 - INFO - [GINSLIB] processing : 2025/04/19 08:05:41 Q=0
2026-01-05 20:20:28,125 - INFO - [GINSLIB] processing : 2025/04/19 08:05:42 Q=5
2026-01-05 20:20:28,125 - INFO - [GINSLIB] processing : 2025/04/19 08:05:43 Q=5
2026-01-05 20:20:28,126 - INFO - [GINSLIB] processing : 2025/04/19 08:05:44 Q=5
2026-01-05 20:20:28,126 - INFO - [GINSLIB] processing : 2025/04/19 08:05:45 Q=5
2026-01-05 20:20:28,126 - INFO - [GINSLIB] processing : 2025/04/19 08:05:46 Q=5
2026-01-05 20:20:28,126 - INFO - [GINSLIB] processing : 2025/04/19 08:05:47 Q=5
2026-01-05 20:20:28,126 - INFO - [GINSLIB] processing : 2025/04/19 08:05:48 Q=5
2026-01-05 20:20:28,126 - INFO - [GINSLIB] processing : 2025/04/19 08:05:49 Q=5
2026-01-05 20:20:28,126 - INFO - [GINSLIB] processing : 2025/04/19 08:05:50 Q=5
2026-01-05 20:20:28,126 - INFO - [GINSLIB] processing : 2025/04/19 08:05:51 Q=5
2026-01-05 20:20:28,126 - INFO - [GINSLIB] processing : 2025/04/19 08:05:52 Q=5
2026-01-05 20:20:28,126 - INFO - [GINSLIB] processing : 2025/04/19 08:05:53 Q=5
2026-01-05 20:20:28,126 - INFO - [GINSLIB] processing : 2025/04/19 08:05:54 Q=5
2026-01-05 20:20:28,126 - INFO - [GINSLIB] processing : 2025/04/19 08:05:55 Q=5
2026-01-05 20:20:28,126 - INFO - [GINSLIB] processing : 2025/04/19 08:05:56 Q=5
2026-01-05 20:20:28,126 - INFO - [GINSLIB] processing : 2025/04/19 08:05:57 Q=5
2026-01-05 20:20:28,126 - INFO - [GINSLIB] processing : 2025/04/19 08:05:58 Q=5
2026-01-05 20:20:28,127 - INFO - [GINSLIB] processing : 2025/04/19 08:05:59 Q=5
2026-01-05 20:20:28,127 - INFO - [GINSLIB] processing : 2025/04/19 08:06:00 Q=5
2026-01-05 20:20:28,127 - INFO - [GINSLIB] processing : 2025/04/19 08:06:01 Q=5
2026-01-05 20:20:28,127 - INFO - [GINSLIB] processing : 2025/04/19 08:06:02 Q=5
2026-01-05 20:20:28,127 - INFO - [GINSLIB] processing : 2025/04/19 08:06:03 Q=5
2026-01-05 20:20:28,127 - INFO - [GINSLIB] processing : 2025/04/19 08:06:04 Q=5
2026-01-05 20:20:28,127 - INFO - [GINSLIB] processing : 2025/04/19 08:06:05 Q=5
2026-01-05 20:20:28,127 - INFO - [GINSLIB] processing : 2025/04/19 08:06:06 Q=5
2026-01-05 20:20:28,127 - INFO - [GINSLIB] processing : 2025/04/19 08:06:07 Q=5
2026-01-05 20:20:28,127 - INFO - [GINSLIB] processing : 2025/04/19 08:06:08 Q=5
2026-01-05 20:20:28,127 - INFO - [GINSLIB] processing : 2025/04/19 08:06:09 Q=5
2026-01-05 20:20:28,127 - INFO - [GINSLIB] processing : 2025/04/19 08:06:10 Q=5
2026-01-05 20:20:28,127 - INFO - [GINSLIB] processing : 2025/04/19 08:06:11 Q=5
2026-01-05 20:20:28,127 - INFO - [GINSLIB] processing : 2025/04/19 08:06:12 Q=5
2026-01-05 20:20:28,127 - INFO - [GINSLIB] processing : 2025/04/19 08:06:13 Q=5
2026-01-05 20:20:28,127 - INFO - [GINSLIB] processing : 2025/04/19 08:06:14 Q=5
2026-01-05 20:20:28,127 - INFO - [GINSLIB] processing : 2025/04/19 08:06:15 Q=5
2026-01-05 20:20:28,128 - INFO - [GINSLIB] processing : 2025/04/19 08:06:16 Q=5
2026-01-05 20:20:28,128 - INFO - [GINSLIB] processing : 2025/04/19 08:06:17 Q=5
2026-01-05 20:20:28,128 - INFO - [GINSLIB] processing : 2025/04/19 08:06:18 Q=5
2026-01-05 20:20:28,128 - INFO - [GINSLIB] processing : 2025/04/19 08:06:19 Q=5
2026-01-05 20:20:28,128 - INFO - [GINSLIB] processing : 2025/04/19 08:06:20 Q=5
2026-01-05 20:20:28,128 - INFO - [GINSLIB] processing : 2025/04/19 08:06:21 Q=5
2026-01-05 20:20:28,128 - INFO - [GINSLIB] processing : 2025/04/19 08:06:22 Q=5
2026-01-05 20:20:28,128 - INFO - [GINSLIB] processing : 2025/04/19 08:06:23 Q=5
2026-01-05 20:20:28,128 - INFO - [GINSLIB] processing : 2025/04/19 08:06:24 Q=5
2026-01-05 20:20:28,128 - INFO - [GINSLIB] processing : 2025/04/19 08:06:25 Q=5
2026-01-05 20:20:28,128 - INFO - [GINSLIB] processing : 2025/04/19 08:06:26 Q=5
2026-01-05 20:20:28,128 - INFO - [GINSLIB] processing : 2025/04/19 08:06:27 Q=5
2026-01-05 20:20:28,128 - INFO - [GINSLIB] processing : 2025/04/19 08:06:28 Q=5
2026-01-05 20:20:28,128 - INFO - [GINSLIB] processing : 2025/04/19 08:06:29 Q=5
2026-01-05 20:20:28,128 - INFO - [GINSLIB] processing : 2025/04/19 08:06:30 Q=5
2026-01-05 20:20:28,128 - INFO - [GINSLIB] processing : 2025/04/19 08:06:31 Q=5
2026-01-05 20:20:28,129 - INFO - [GINSLIB] processing : 2025/04/19 08:06:32 Q=5
2026-01-05 20:20:28,129 - INFO - [GINSLIB] processing : 2025/04/19 08:06:33 Q=5
2026-01-05 20:20:28,129 - INFO - [GINSLIB] processing : 2025/04/19 08:06:34 Q=5
2026-01-05 20:20:28,129 - INFO - [GINSLIB] processing : 2025/04/19 08:06:35 Q=5
2026-01-05 20:20:28,129 - INFO - [GINSLIB] processing : 2025/04/19 08:06:36 Q=5
2026-01-05 20:20:28,392 - INFO - [GINSLIB] processing : 2025/04/19 08:06:37 Q=5
2026-01-05 20:20:28,392 - INFO - [GINSLIB] processing : 2025/04/19 08:06:38 Q=5
2026-01-05 20:20:28,392 - INFO - [GINSLIB] processing : 2025/04/19 08:06:39 Q=5
2026-01-05 20:20:28,392 - INFO - [GINSLIB] processing : 2025/04/19 08:06:40 Q=5
2026-01-05 20:20:28,393 - INFO - [GINSLIB] processing : 2025/04/19 08:06:41 Q=5
2026-01-05 20:20:28,393 - INFO - [GINSLIB] processing : 2025/04/19 08:06:42 Q=5
2026-01-05 20:20:28,393 - INFO - [GINSLIB] processing : 2025/04/19 08:06:43 Q=5
2026-01-05 20:20:28,393 - INFO - [GINSLIB] processing : 2025/04/19 08:06:44 Q=5
2026-01-05 20:20:28,393 - INFO - [GINSLIB] processing : 2025/04/19 08:06:45 Q=5
2026-01-05 20:20:28,393 - INFO - [GINSLIB] processing : 2025/04/19 08:06:46 Q=5
2026-01-05 20:20:28,394 - INFO - [GINSLIB] processing : 2025/04/19 08:06:47 Q=5
2026-01-05 20:20:28,394 - INFO - [GINSLIB] processing : 2025/04/19 08:06:48 Q=5
2026-01-05 20:20:28,394 - INFO - [GINSLIB] processing : 2025/04/19 08:06:49 Q=5
2026-01-05 20:20:28,394 - INFO - [GINSLIB] processing : 2025/04/19 08:06:50 Q=5
2026-01-05 20:20:28,394 - INFO - [GINSLIB] processing : 2025/04/19 08:06:51 Q=5
2026-01-05 20:20:28,394 - INFO - [GINSLIB] processing : 2025/04/19 08:06:52 Q=5
2026-01-05 20:20:28,395 - INFO - [GINSLIB] processing : 2025/04/19 08:06:53 Q=5
2026-01-05 20:20:28,395 - INFO - [GINSLIB] processing : 2025/04/19 08:06:54 Q=5
2026-01-05 20:20:28,395 - INFO - [GINSLIB] processing : 2025/04/19 08:06:55 Q=5
2026-01-05 20:20:28,395 - INFO - [GINSLIB] processing : 2025/04/19 08:06:56 Q=5
2026-01-05 20:20:28,395 - INFO - [GINSLIB] processing : 2025/04/19 08:06:57 Q=5
2026-01-05 20:20:28,395 - INFO - [GINSLIB] processing : 2025/04/19 08:06:58 Q=5
2026-01-05 20:20:28,396 - INFO - [GINSLIB] processing : 2025/04/19 08:06:59 Q=5
2026-01-05 20:20:28,396 - INFO - [GINSLIB] processing : 2025/04/19 08:07:00 Q=5
2026-01-05 20:20:28,396 - INFO - [GINSLIB] processing : 2025/04/19 08:07:01 Q=5
2026-01-05 20:20:28,396 - INFO - [GINSLIB] processing : 2025/04/19 08:07:02 Q=5
2026-01-05 20:20:28,396 - INFO - [GINSLIB] processing : 2025/04/19 08:07:03 Q=5
2026-01-05 20:20:28,396 - INFO - [GINSLIB] processing : 2025/04/19 08:07:04 Q=5
2026-01-05 20:20:28,397 - INFO - [GINSLIB] processing : 2025/04/19 08:07:05 Q=5
2026-01-05 20:20:28,397 - INFO - [GINSLIB] processing : 2025/04/19 08:07:06 Q=5
2026-01-05 20:20:28,397 - INFO - [GINSLIB] processing : 2025/04/19 08:07:07 Q=5
2026-01-05 20:20:28,397 - INFO - [GINSLIB] processing : 2025/04/19 08:07:08 Q=5
2026-01-05 20:20:28,397 - INFO - [GINSLIB] processing : 2025/04/19 08:07:09 Q=5
2026-01-05 20:20:28,397 - INFO - [GINSLIB] processing : 2025/04/19 08:07:10 Q=5
2026-01-05 20:20:28,398 - INFO - [GINSLIB] processing : 2025/04/19 08:07:11 Q=5
2026-01-05 20:20:28,398 - INFO - [GINSLIB] processing : 2025/04/19 08:07:12 Q=5
2026-01-05 20:20:28,398 - INFO - [GINSLIB] processing : 2025/04/19 08:07:13 Q=5
2026-01-05 20:20:28,398 - INFO - [GINSLIB] processing : 2025/04/19 08:07:14 Q=5
2026-01-05 20:20:28,398 - INFO - [GINSLIB] processing : 2025/04/19 08:07:15 Q=5
2026-01-05 20:20:28,398 - INFO - [GINSLIB] processing : 2025/04/19 08:07:16 Q=5
2026-01-05 20:20:28,399 - INFO - [GINSLIB] processing : 2025/04/19 08:07:17 Q=5
2026-01-05 20:20:28,399 - INFO - [GINSLIB] processing : 2025/04/19 08:07:18 Q=5
2026-01-05 20:20:28,399 - INFO - [GINSLIB] processing : 2025/04/19 08:07:19 Q=5
2026-01-05 20:20:28,399 - INFO - [GINSLIB] processing : 2025/04/19 08:07:20 Q=5
2026-01-05 20:20:28,399 - INFO - [GINSLIB] processing : 2025/04/19 08:07:21 Q=5
2026-01-05 20:20:28,399 - INFO - [GINSLIB] processing : 2025/04/19 08:07:22 Q=5
2026-01-05 20:20:28,399 - INFO - [GINSLIB] processing : 2025/04/19 08:07:23 Q=5
2026-01-05 20:20:28,399 - INFO - [GINSLIB] processing : 2025/04/19 08:07:24 Q=5
2026-01-05 20:20:28,400 - INFO - [GINSLIB] processing : 2025/04/19 08:07:25 Q=5
2026-01-05 20:20:28,400 - INFO - [GINSLIB] processing : 2025/04/19 08:07:26 Q=5
2026-01-05 20:20:28,400 - INFO - [GINSLIB] processing : 2025/04/19 08:07:27 Q=5
2026-01-05 20:20:28,400 - INFO - [GINSLIB] processing : 2025/04/19 08:07:28 Q=5
2026-01-05 20:20:28,400 - INFO - [GINSLIB] processing : 2025/04/19 08:07:29 Q=5
2026-01-05 20:20:28,400 - INFO - [GINSLIB] processing : 2025/04/19 08:07:30 Q=5
2026-01-05 20:20:28,400 - INFO - [GINSLIB] processing : 2025/04/19 08:07:31 Q=5
2026-01-05 20:20:28,400 - INFO - [GINSLIB] processing : 2025/04/19 08:07:32 Q=5
2026-01-05 20:20:28,400 - INFO - [GINSLIB] processing : 2025/04/19 08:07:33 Q=5
2026-01-05 20:20:28,400 - INFO - [GINSLIB] processing : 2025/04/19 08:07:34 Q=5
2026-01-05 20:20:28,400 - INFO - [GINSLIB] processing : 2025/04/19 08:07:35 Q=5
2026-01-05 20:20:28,400 - INFO - [GINSLIB] processing : 2025/04/19 08:07:36 Q=5
2026-01-05 20:20:28,401 - INFO - [GINSLIB] processing : 2025/04/19 08:07:37 Q=5
2026-01-05 20:20:28,401 - INFO - [GINSLIB] processing : 2025/04/19 08:07:38 Q=5
2026-01-05 20:20:28,401 - INFO - [GINSLIB] processing : 2025/04/19 08:07:39 Q=5
2026-01-05 20:20:28,401 - INFO - [GINSLIB] processing : 2025/04/19 08:07:40 Q=5
2026-01-05 20:20:28,401 - INFO - [GINSLIB] processing : 2025/04/19 08:07:41 Q=5
2026-01-05 20:20:28,401 - INFO - [GINSLIB] processing : 2025/04/19 08:07:42 Q=5
2026-01-05 20:20:28,401 - INFO - [GINSLIB] processing : 2025/04/19 08:07:43 Q=5
2026-01-05 20:20:28,401 - INFO - [GINSLIB] processing : 2025/04/19 08:07:44 Q=5
2026-01-05 20:20:28,401 - INFO - [GINSLIB] processing : 2025/04/19 08:07:45 Q=5
2026-01-05 20:20:28,401 - INFO - [GINSLIB] processing : 2025/04/19 08:07:46 Q=5
2026-01-05 20:20:28,402 - INFO - [GINSLIB] processing : 2025/04/19 08:07:47 Q=5
2026-01-05 20:20:28,402 - INFO - [GINSLIB] processing : 2025/04/19 08:07:48 Q=5
2026-01-05 20:20:28,402 - INFO - [GINSLIB] processing : 2025/04/19 08:07:49 Q=5
2026-01-05 20:20:28,402 - INFO - [GINSLIB] processing : 2025/04/19 08:07:50 Q=5
2026-01-05 20:20:28,402 - INFO - [GINSLIB] processing : 2025/04/19 08:07:51 Q=5
2026-01-05 20:20:28,402 - INFO - [GINSLIB] processing : 2025/04/19 08:07:52 Q=5
2026-01-05 20:20:28,402 - INFO - [GINSLIB] processing : 2025/04/19 08:07:53 Q=5
2026-01-05 20:20:28,402 - INFO - [GINSLIB] processing : 2025/04/19 08:07:54 Q=5
2026-01-05 20:20:28,402 - INFO - [GINSLIB] processing : 2025/04/19 08:07:55 Q=5
2026-01-05 20:20:28,402 - INFO - [GINSLIB] processing : 2025/04/19 08:07:56 Q=5
2026-01-05 20:20:28,402 - INFO - [GINSLIB] processing : 2025/04/19 08:07:57 Q=5
2026-01-05 20:20:28,402 - INFO - [GINSLIB] processing : 2025/04/19 08:07:58 Q=0
2026-01-05 20:20:28,403 - INFO - [GINSLIB] processing : 2025/04/19 08:07:59 Q=5
2026-01-05 20:20:28,403 - INFO - [GINSLIB] processing : 2025/04/19 08:08:00 Q=5
2026-01-05 20:20:28,403 - INFO - [GINSLIB] processing : 2025/04/19 08:08:01 Q=5
2026-01-05 20:20:28,403 - INFO - [GINSLIB] processing : 2025/04/19 08:08:02 Q=5
2026-01-05 20:20:28,403 - INFO - [GINSLIB] processing : 2025/04/19 08:08:03 Q=5
2026-01-05 20:20:28,403 - INFO - [GINSLIB] processing : 2025/04/19 08:08:04 Q=5
2026-01-05 20:20:28,403 - INFO - [GINSLIB] processing : 2025/04/19 08:08:05 Q=5
2026-01-05 20:20:28,403 - INFO - [GINSLIB] processing : 2025/04/19 08:08:06 Q=0
2026-01-05 20:20:28,403 - INFO - [GINSLIB] processing : 2025/04/19 08:08:07 Q=5
2026-01-05 20:20:28,403 - INFO - [GINSLIB] processing : 2025/04/19 08:08:08 Q=0
2026-01-05 20:20:28,403 - INFO - [GINSLIB] processing : 2025/04/19 08:08:09 Q=5
2026-01-05 20:20:28,403 - INFO - [GINSLIB] processing : 2025/04/19 08:08:10 Q=5
2026-01-05 20:20:28,403 - INFO - [GINSLIB] processing : 2025/04/19 08:08:11 Q=0
2026-01-05 20:20:28,404 - INFO - [GINSLIB] processing : 2025/04/19 08:08:12 Q=5
2026-01-05 20:20:28,404 - INFO - [GINSLIB] processing : 2025/04/19 08:08:13 Q=5
2026-01-05 20:20:28,404 - INFO - [GINSLIB] processing : 2025/04/19 08:08:14 Q=5
2026-01-05 20:20:28,404 - INFO - [GINSLIB] processing : 2025/04/19 08:08:15 Q=5
2026-01-05 20:20:28,404 - INFO - [GINSLIB] processing : 2025/04/19 08:08:16 Q=5
2026-01-05 20:20:28,404 - INFO - [GINSLIB] processing : 2025/04/19 08:08:17 Q=5
2026-01-05 20:20:28,404 - INFO - [GINSLIB] processing : 2025/04/19 08:08:18 Q=5
2026-01-05 20:20:28,404 - INFO - [GINSLIB] processing : 2025/04/19 08:08:19 Q=5
2026-01-05 20:20:28,404 - INFO - [GINSLIB] processing : 2025/04/19 08:08:20 Q=5
2026-01-05 20:20:28,404 - INFO - [GINSLIB] processing : 2025/04/19 08:08:21 Q=5
2026-01-05 20:20:28,404 - INFO - [GINSLIB] processing : 2025/04/19 08:08:22 Q=5
2026-01-05 20:20:28,404 - INFO - [GINSLIB] processing : 2025/04/19 08:08:23 Q=5
2026-01-05 20:20:28,404 - INFO - [GINSLIB] processing : 2025/04/19 08:08:24 Q=5
2026-01-05 20:20:28,404 - INFO - [GINSLIB] processing : 2025/04/19 08:08:25 Q=0
2026-01-05 20:20:28,405 - INFO - [GINSLIB] processing : 2025/04/19 08:08:26 Q=0
2026-01-05 20:20:28,405 - INFO - [GINSLIB] processing : 2025/04/19 08:08:27 Q=5
2026-01-05 20:20:28,668 - INFO - [GINSLIB] processing : 2025/04/19 08:08:28 Q=5
2026-01-05 20:20:28,668 - INFO - [GINSLIB] processing : 2025/04/19 08:08:29 Q=5
2026-01-05 20:20:28,668 - INFO - [GINSLIB] processing : 2025/04/19 08:08:30 Q=5
2026-01-05 20:20:28,669 - INFO - [GINSLIB] processing : 2025/04/19 08:08:31 Q=5
2026-01-05 20:20:28,669 - INFO - [GINSLIB] processing : 2025/04/19 08:08:32 Q=5
2026-01-05 20:20:28,669 - INFO - [GINSLIB] processing : 2025/04/19 08:08:33 Q=5
2026-01-05 20:20:28,670 - INFO - [GINSLIB] processing : 2025/04/19 08:08:34 Q=5
2026-01-05 20:20:28,670 - INFO - [GINSLIB] processing : 2025/04/19 08:08:35 Q=5
2026-01-05 20:20:28,670 - INFO - [GINSLIB] processing : 2025/04/19 08:08:36 Q=5
2026-01-05 20:20:28,670 - INFO - [GINSLIB] processing : 2025/04/19 08:08:37 Q=5
2026-01-05 20:20:28,670 - INFO - [GINSLIB] processing : 2025/04/19 08:08:38 Q=5
2026-01-05 20:20:28,670 - INFO - [GINSLIB] processing : 2025/04/19 08:08:39 Q=5
2026-01-05 20:20:28,670 - INFO - [GINSLIB] processing : 2025/04/19 08:08:40 Q=5
2026-01-05 20:20:28,671 - INFO - [GINSLIB] processing : 2025/04/19 08:08:41 Q=5
2026-01-05 20:20:28,671 - INFO - [GINSLIB] processing : 2025/04/19 08:08:42 Q=5
2026-01-05 20:20:28,671 - INFO - [GINSLIB] processing : 2025/04/19 08:08:43 Q=5
2026-01-05 20:20:28,671 - INFO - [GINSLIB] processing : 2025/04/19 08:08:44 Q=5
2026-01-05 20:20:28,671 - INFO - [GINSLIB] processing : 2025/04/19 08:08:45 Q=0
2026-01-05 20:20:28,671 - INFO - [GINSLIB] processing : 2025/04/19 08:08:46 Q=0
2026-01-05 20:20:28,672 - INFO - [GINSLIB] processing : 2025/04/19 08:08:47 Q=0
2026-01-05 20:20:28,672 - INFO - [GINSLIB] processing : 2025/04/19 08:08:48 Q=5
2026-01-05 20:20:28,672 - INFO - [GINSLIB] processing : 2025/04/19 08:08:49 Q=0
2026-01-05 20:20:28,672 - INFO - [GINSLIB] processing : 2025/04/19 08:08:50 Q=0
2026-01-05 20:20:28,672 - INFO - [GINSLIB] processing : 2025/04/19 08:08:51 Q=0
2026-01-05 20:20:28,672 - INFO - [GINSLIB] processing : 2025/04/19 08:08:52 Q=5
2026-01-05 20:20:28,672 - INFO - [GINSLIB] processing : 2025/04/19 08:08:53 Q=5
2026-01-05 20:20:28,672 - INFO - [GINSLIB] processing : 2025/04/19 08:08:54 Q=5
2026-01-05 20:20:28,672 - INFO - [GINSLIB] processing : 2025/04/19 08:08:55 Q=5
2026-01-05 20:20:28,673 - INFO - [GINSLIB] processing : 2025/04/19 08:08:56 Q=0
2026-01-05 20:20:28,673 - INFO - [GINSLIB] processing : 2025/04/19 08:08:57 Q=0
2026-01-05 20:20:28,673 - INFO - [GINSLIB] processing : 2025/04/19 08:08:58 Q=5
2026-01-05 20:20:28,673 - INFO - [GINSLIB] processing : 2025/04/19 08:08:59 Q=5
2026-01-05 20:20:28,673 - INFO - [GINSLIB] processing : 2025/04/19 08:09:00 Q=0
2026-01-05 20:20:28,673 - INFO - [GINSLIB] processing : 2025/04/19 08:09:01 Q=0
2026-01-05 20:20:28,673 - INFO - [GINSLIB] processing : 2025/04/19 08:09:02 Q=5
2026-01-05 20:20:28,673 - INFO - [GINSLIB] processing : 2025/04/19 08:09:03 Q=5
2026-01-05 20:20:28,673 - INFO - [GINSLIB] processing : 2025/04/19 08:09:04 Q=0
2026-01-05 20:20:28,673 - INFO - [GINSLIB] processing : 2025/04/19 08:09:05 Q=0
2026-01-05 20:20:28,673 - INFO - [GINSLIB] processing : 2025/04/19 08:09:06 Q=5
2026-01-05 20:20:28,673 - INFO - [GINSLIB] processing : 2025/04/19 08:09:07 Q=5
2026-01-05 20:20:28,673 - INFO - [GINSLIB] processing : 2025/04/19 08:09:08 Q=0
2026-01-05 20:20:28,673 - INFO - [GINSLIB] processing : 2025/04/19 08:09:09 Q=0
2026-01-05 20:20:28,673 - INFO - [GINSLIB] processing : 2025/04/19 08:09:10 Q=5
2026-01-05 20:20:28,673 - INFO - [GINSLIB] processing : 2025/04/19 08:09:11 Q=5
2026-01-05 20:20:28,674 - INFO - [GINSLIB] processing : 2025/04/19 08:09:12 Q=5
2026-01-05 20:20:28,674 - INFO - [GINSLIB] processing : 2025/04/19 08:09:13 Q=0
2026-01-05 20:20:28,674 - INFO - [GINSLIB] processing : 2025/04/19 08:09:14 Q=5
2026-01-05 20:20:28,674 - INFO - [GINSLIB] processing : 2025/04/19 08:09:15 Q=5
2026-01-05 20:20:28,674 - INFO - [GINSLIB] processing : 2025/04/19 08:09:16 Q=5
2026-01-05 20:20:28,674 - INFO - [GINSLIB] processing : 2025/04/19 08:09:17 Q=5
2026-01-05 20:20:28,674 - INFO - [GINSLIB] processing : 2025/04/19 08:09:18 Q=5
2026-01-05 20:20:28,674 - INFO - [GINSLIB] processing : 2025/04/19 08:09:19 Q=5
2026-01-05 20:20:28,674 - INFO - [GINSLIB] processing : 2025/04/19 08:09:20 Q=5
2026-01-05 20:20:28,674 - INFO - [GINSLIB] processing : 2025/04/19 08:09:21 Q=5
2026-01-05 20:20:28,674 - INFO - [GINSLIB] processing : 2025/04/19 08:09:22 Q=0
2026-01-05 20:20:28,674 - INFO - [GINSLIB] processing : 2025/04/19 08:09:23 Q=5
2026-01-05 20:20:28,674 - INFO - [GINSLIB] processing : 2025/04/19 08:09:24 Q=5
2026-01-05 20:20:28,674 - INFO - [GINSLIB] processing : 2025/04/19 08:09:25 Q=5
2026-01-05 20:20:28,675 - INFO - [GINSLIB] processing : 2025/04/19 08:09:26 Q=5
2026-01-05 20:20:28,675 - INFO - [GINSLIB] processing : 2025/04/19 08:09:27 Q=5
2026-01-05 20:20:28,675 - INFO - [GINSLIB] processing : 2025/04/19 08:09:28 Q=5
2026-01-05 20:20:28,675 - INFO - [GINSLIB] processing : 2025/04/19 08:09:29 Q=5
2026-01-05 20:20:28,675 - INFO - [GINSLIB] processing : 2025/04/19 08:09:30 Q=5
2026-01-05 20:20:28,675 - INFO - [GINSLIB] processing : 2025/04/19 08:09:31 Q=5
2026-01-05 20:20:28,675 - INFO - [GINSLIB] processing : 2025/04/19 08:09:32 Q=5
2026-01-05 20:20:28,675 - INFO - [GINSLIB] processing : 2025/04/19 08:09:33 Q=5
2026-01-05 20:20:28,675 - INFO - [GINSLIB] processing : 2025/04/19 08:09:34 Q=5
2026-01-05 20:20:28,675 - INFO - [GINSLIB] processing : 2025/04/19 08:09:35 Q=5
2026-01-05 20:20:28,675 - INFO - [GINSLIB] processing : 2025/04/19 08:09:36 Q=5
2026-01-05 20:20:28,675 - INFO - [GINSLIB] processing : 2025/04/19 08:09:37 Q=0
2026-01-05 20:20:28,675 - INFO - [GINSLIB] processing : 2025/04/19 08:09:38 Q=5
2026-01-05 20:20:28,675 - INFO - [GINSLIB] processing : 2025/04/19 08:09:39 Q=5
2026-01-05 20:20:28,675 - INFO - [GINSLIB] processing : 2025/04/19 08:09:40 Q=5
2026-01-05 20:20:28,675 - INFO - [GINSLIB] processing : 2025/04/19 08:09:41 Q=5
2026-01-05 20:20:28,676 - INFO - [GINSLIB] processing : 2025/04/19 08:09:42 Q=5
2026-01-05 20:20:28,676 - INFO - [GINSLIB] processing : 2025/04/19 08:09:43 Q=5
2026-01-05 20:20:28,676 - INFO - [GINSLIB] processing : 2025/04/19 08:09:44 Q=0
2026-01-05 20:20:28,676 - INFO - [GINSLIB] processing : 2025/04/19 08:09:45 Q=5
2026-01-05 20:20:28,676 - INFO - [GINSLIB] processing : 2025/04/19 08:09:46 Q=5
2026-01-05 20:20:28,676 - INFO - [GINSLIB] processing : 2025/04/19 08:09:47 Q=5
2026-01-05 20:20:28,676 - INFO - [GINSLIB] processing : 2025/04/19 08:09:48 Q=5
2026-01-05 20:20:28,676 - INFO - [GINSLIB] processing : 2025/04/19 08:09:49 Q=5
2026-01-05 20:20:28,676 - INFO - [GINSLIB] processing : 2025/04/19 08:09:50 Q=5
2026-01-05 20:20:28,676 - INFO - [GINSLIB] processing : 2025/04/19 08:09:51 Q=5
2026-01-05 20:20:28,676 - INFO - [GINSLIB] processing : 2025/04/19 08:09:52 Q=5
2026-01-05 20:20:28,676 - INFO - [GINSLIB] processing : 2025/04/19 08:09:53 Q=5
2026-01-05 20:20:28,676 - INFO - [GINSLIB] processing : 2025/04/19 08:09:54 Q=5
2026-01-05 20:20:28,676 - INFO - [GINSLIB] processing : 2025/04/19 08:09:55 Q=5
2026-01-05 20:20:28,677 - INFO - [GINSLIB] processing : 2025/04/19 08:09:56 Q=5
2026-01-05 20:20:28,677 - INFO - [GINSLIB] processing : 2025/04/19 08:09:57 Q=5
2026-01-05 20:20:28,677 - INFO - [GINSLIB] processing : 2025/04/19 08:09:58 Q=5
2026-01-05 20:20:28,677 - INFO - [GINSLIB] processing : 2025/04/19 08:09:59 Q=5
2026-01-05 20:20:28,677 - INFO - [GINSLIB] processing : 2025/04/19 08:10:00 Q=5
2026-01-05 20:20:28,677 - INFO - [GINSLIB] processing : 2025/04/19 08:10:01 Q=5
2026-01-05 20:20:28,677 - INFO - [GINSLIB] processing : 2025/04/19 08:10:02 Q=5
2026-01-05 20:20:28,677 - INFO - [GINSLIB] processing : 2025/04/19 08:10:03 Q=5
2026-01-05 20:20:28,677 - INFO - [GINSLIB] processing : 2025/04/19 08:10:04 Q=5
2026-01-05 20:20:28,677 - INFO - [GINSLIB] processing : 2025/04/19 08:10:05 Q=5
2026-01-05 20:20:28,678 - INFO - [GINSLIB] processing : 2025/04/19 08:10:06 Q=5
2026-01-05 20:20:28,678 - INFO - [GINSLIB] processing : 2025/04/19 08:10:07 Q=5
2026-01-05 20:20:28,678 - INFO - [GINSLIB] processing : 2025/04/19 08:10:08 Q=0
2026-01-05 20:20:28,678 - INFO - [GINSLIB] processing : 2025/04/19 08:10:09 Q=0
2026-01-05 20:20:28,678 - INFO - [GINSLIB] processing : 2025/04/19 08:10:10 Q=5
2026-01-05 20:20:28,678 - INFO - [GINSLIB] processing : 2025/04/19 08:10:11 Q=5
2026-01-05 20:20:28,678 - INFO - [GINSLIB] processing : 2025/04/19 08:10:12 Q=5
2026-01-05 20:20:28,678 - INFO - [GINSLIB] processing : 2025/04/19 08:10:13 Q=5
2026-01-05 20:20:28,678 - INFO - [GINSLIB] processing : 2025/04/19 08:10:14 Q=5
2026-01-05 20:20:28,678 - INFO - [GINSLIB] processing : 2025/04/19 08:10:15 Q=5
2026-01-05 20:20:28,678 - INFO - [GINSLIB] processing : 2025/04/19 08:10:16 Q=5
2026-01-05 20:20:28,678 - INFO - [GINSLIB] processing : 2025/04/19 08:10:17 Q=5
2026-01-05 20:20:28,959 - INFO - [GINSLIB] processing : 2025/04/19 08:10:18 Q=5
2026-01-05 20:20:28,959 - INFO - [GINSLIB] processing : 2025/04/19 08:10:19 Q=5
2026-01-05 20:20:28,959 - INFO - [GINSLIB] processing : 2025/04/19 08:10:20 Q=5
2026-01-05 20:20:28,959 - INFO - [GINSLIB] processing : 2025/04/19 08:10:21 Q=5
2026-01-05 20:20:28,959 - INFO - [GINSLIB] processing : 2025/04/19 08:10:22 Q=5
2026-01-05 20:20:28,959 - INFO - [GINSLIB] processing : 2025/04/19 08:10:23 Q=0
2026-01-05 20:20:28,960 - INFO - [GINSLIB] processing : 2025/04/19 08:10:24 Q=5
2026-01-05 20:20:28,960 - INFO - [GINSLIB] processing : 2025/04/19 08:10:25 Q=5
2026-01-05 20:20:28,960 - INFO - [GINSLIB] processing : 2025/04/19 08:10:26 Q=5
2026-01-05 20:20:28,960 - INFO - [GINSLIB] processing : 2025/04/19 08:10:27 Q=5
2026-01-05 20:20:28,960 - INFO - [GINSLIB] processing : 2025/04/19 08:10:28 Q=5
2026-01-05 20:20:28,961 - INFO - [GINSLIB] processing : 2025/04/19 08:10:29 Q=5
2026-01-05 20:20:28,961 - INFO - [GINSLIB] processing : 2025/04/19 08:10:30 Q=5
2026-01-05 20:20:28,961 - INFO - [GINSLIB] processing : 2025/04/19 08:10:31 Q=0
2026-01-05 20:20:28,961 - INFO - [GINSLIB] processing : 2025/04/19 08:10:32 Q=5
2026-01-05 20:20:28,961 - INFO - [GINSLIB] processing : 2025/04/19 08:10:33 Q=5
2026-01-05 20:20:28,961 - INFO - [GINSLIB] processing : 2025/04/19 08:10:34 Q=5
2026-01-05 20:20:28,961 - INFO - [GINSLIB] processing : 2025/04/19 08:10:35 Q=5
2026-01-05 20:20:28,962 - INFO - [GINSLIB] processing : 2025/04/19 08:10:36 Q=0
2026-01-05 20:20:28,962 - INFO - [GINSLIB] processing : 2025/04/19 08:10:37 Q=5
2026-01-05 20:20:28,962 - INFO - [GINSLIB] processing : 2025/04/19 08:10:38 Q=5
2026-01-05 20:20:28,962 - INFO - [GINSLIB] processing : 2025/04/19 08:10:39 Q=5
2026-01-05 20:20:28,962 - INFO - [GINSLIB] processing : 2025/04/19 08:10:40 Q=5
2026-01-05 20:20:28,962 - INFO - [GINSLIB] processing : 2025/04/19 08:10:41 Q=5
2026-01-05 20:20:28,962 - INFO - [GINSLIB] processing : 2025/04/19 08:10:42 Q=5
2026-01-05 20:20:28,962 - INFO - [GINSLIB] processing : 2025/04/19 08:10:43 Q=5
2026-01-05 20:20:28,962 - INFO - [GINSLIB] processing : 2025/04/19 08:10:44 Q=5
2026-01-05 20:20:28,962 - INFO - [GINSLIB] processing : 2025/04/19 08:10:45 Q=5
2026-01-05 20:20:28,962 - INFO - [GINSLIB] processing : 2025/04/19 08:10:46 Q=5
2026-01-05 20:20:28,963 - INFO - [GINSLIB] processing : 2025/04/19 08:10:47 Q=5
2026-01-05 20:20:28,963 - INFO - [GINSLIB] processing : 2025/04/19 08:10:48 Q=5
2026-01-05 20:20:28,963 - INFO - [GINSLIB] processing : 2025/04/19 08:10:49 Q=5
2026-01-05 20:20:28,963 - INFO - [GINSLIB] processing : 2025/04/19 08:10:50 Q=5
2026-01-05 20:20:28,963 - INFO - [GINSLIB] processing : 2025/04/19 08:10:51 Q=5
2026-01-05 20:20:28,963 - INFO - [GINSLIB] processing : 2025/04/19 08:10:52 Q=5
2026-01-05 20:20:28,963 - INFO - [GINSLIB] processing : 2025/04/19 08:10:53 Q=5
2026-01-05 20:20:28,963 - INFO - [GINSLIB] processing : 2025/04/19 08:10:54 Q=5
2026-01-05 20:20:28,963 - INFO - [GINSLIB] processing : 2025/04/19 08:10:55 Q=5
2026-01-05 20:20:28,963 - INFO - [GINSLIB] processing : 2025/04/19 08:10:56 Q=5
2026-01-05 20:20:28,963 - INFO - [GINSLIB] processing : 2025/04/19 08:10:57 Q=5
2026-01-05 20:20:28,963 - INFO - [GINSLIB] processing : 2025/04/19 08:10:58 Q=5
2026-01-05 20:20:28,963 - INFO - [GINSLIB] processing : 2025/04/19 08:10:59 Q=5
2026-01-05 20:20:28,963 - INFO - [GINSLIB] processing : 2025/04/19 08:11:00 Q=0
2026-01-05 20:20:28,963 - INFO - [GINSLIB] processing : 2025/04/19 08:11:01 Q=5
2026-01-05 20:20:28,963 - INFO - [GINSLIB] processing : 2025/04/19 08:11:02 Q=5
2026-01-05 20:20:28,964 - INFO - [GINSLIB] processing : 2025/04/19 08:11:03 Q=5
2026-01-05 20:20:28,964 - INFO - [GINSLIB] processing : 2025/04/19 08:11:04 Q=5
2026-01-05 20:20:28,964 - INFO - [GINSLIB] processing : 2025/04/19 08:11:05 Q=5
2026-01-05 20:20:28,964 - INFO - [GINSLIB] processing : 2025/04/19 08:11:06 Q=5
2026-01-05 20:20:28,964 - INFO - [GINSLIB] processing : 2025/04/19 08:11:07 Q=0
2026-01-05 20:20:28,964 - INFO - [GINSLIB] processing : 2025/04/19 08:11:08 Q=0
2026-01-05 20:20:28,964 - INFO - [GINSLIB] processing : 2025/04/19 08:11:09 Q=0
2026-01-05 20:20:28,965 - INFO - [GINSLIB] processing : 2025/04/19 08:11:10 Q=5
2026-01-05 20:20:28,965 - INFO - [GINSLIB] processing : 2025/04/19 08:11:11 Q=5
2026-01-05 20:20:28,965 - INFO - [GINSLIB] processing : 2025/04/19 08:11:12 Q=0
2026-01-05 20:20:28,965 - INFO - [GINSLIB] processing : 2025/04/19 08:11:13 Q=5
2026-01-05 20:20:28,965 - INFO - [GINSLIB] processing : 2025/04/19 08:11:14 Q=5
2026-01-05 20:20:28,965 - INFO - [GINSLIB] processing : 2025/04/19 08:11:15 Q=5
2026-01-05 20:20:28,965 - INFO - [GINSLIB] processing : 2025/04/19 08:11:16 Q=5
2026-01-05 20:20:28,965 - INFO - [GINSLIB] processing : 2025/04/19 08:11:17 Q=5
2026-01-05 20:20:28,965 - INFO - [GINSLIB] processing : 2025/04/19 08:11:18 Q=5
2026-01-05 20:20:28,965 - INFO - [GINSLIB] processing : 2025/04/19 08:11:19 Q=0
2026-01-05 20:20:28,965 - INFO - [GINSLIB] processing : 2025/04/19 08:11:20 Q=5
2026-01-05 20:20:28,965 - INFO - [GINSLIB] processing : 2025/04/19 08:11:21 Q=5
2026-01-05 20:20:28,965 - INFO - [GINSLIB] processing : 2025/04/19 08:11:22 Q=5
2026-01-05 20:20:28,965 - INFO - [GINSLIB] processing : 2025/04/19 08:11:23 Q=5
2026-01-05 20:20:28,965 - INFO - [GINSLIB] processing : 2025/04/19 08:11:24 Q=5
2026-01-05 20:20:28,966 - INFO - [GINSLIB] processing : 2025/04/19 08:11:25 Q=5
2026-01-05 20:20:28,966 - INFO - [GINSLIB] processing : 2025/04/19 08:11:26 Q=5
2026-01-05 20:20:28,966 - INFO - [GINSLIB] processing : 2025/04/19 08:11:27 Q=5
2026-01-05 20:20:28,966 - INFO - [GINSLIB] processing : 2025/04/19 08:11:28 Q=5
2026-01-05 20:20:28,966 - INFO - [GINSLIB] processing : 2025/04/19 08:11:29 Q=5
2026-01-05 20:20:28,966 - INFO - [GINSLIB] processing : 2025/04/19 08:11:30 Q=0
2026-01-05 20:20:28,966 - INFO - [GINSLIB] processing : 2025/04/19 08:11:31 Q=0
2026-01-05 20:20:28,966 - INFO - [GINSLIB] processing : 2025/04/19 08:11:32 Q=5
2026-01-05 20:20:28,966 - INFO - [GINSLIB] processing : 2025/04/19 08:11:33 Q=5
2026-01-05 20:20:28,966 - INFO - [GINSLIB] processing : 2025/04/19 08:11:34 Q=5
2026-01-05 20:20:28,966 - INFO - [GINSLIB] processing : 2025/04/19 08:11:35 Q=5
2026-01-05 20:20:28,966 - INFO - [GINSLIB] processing : 2025/04/19 08:11:36 Q=5
2026-01-05 20:20:28,966 - INFO - [GINSLIB] processing : 2025/04/19 08:11:37 Q=5
2026-01-05 20:20:28,966 - INFO - [GINSLIB] processing : 2025/04/19 08:11:38 Q=5
2026-01-05 20:20:28,967 - INFO - [GINSLIB] processing : 2025/04/19 08:11:39 Q=5
2026-01-05 20:20:28,967 - INFO - [GINSLIB] processing : 2025/04/19 08:11:40 Q=5
2026-01-05 20:20:28,967 - INFO - [GINSLIB] processing : 2025/04/19 08:11:41 Q=5
2026-01-05 20:20:28,967 - INFO - [GINSLIB] processing : 2025/04/19 08:11:42 Q=5
2026-01-05 20:20:28,967 - INFO - [GINSLIB] processing : 2025/04/19 08:11:43 Q=0
2026-01-05 20:20:28,967 - INFO - [GINSLIB] processing : 2025/04/19 08:11:44 Q=5
2026-01-05 20:20:28,967 - INFO - [GINSLIB] processing : 2025/04/19 08:11:45 Q=5
2026-01-05 20:20:28,967 - INFO - [GINSLIB] processing : 2025/04/19 08:11:46 Q=5
2026-01-05 20:20:28,967 - INFO - [GINSLIB] processing : 2025/04/19 08:11:47 Q=5
2026-01-05 20:20:28,967 - INFO - [GINSLIB] processing : 2025/04/19 08:11:48 Q=5
2026-01-05 20:20:28,967 - INFO - [GINSLIB] processing : 2025/04/19 08:11:49 Q=5
2026-01-05 20:20:28,967 - INFO - [GINSLIB] processing : 2025/04/19 08:11:50 Q=5
2026-01-05 20:20:28,967 - INFO - [GINSLIB] processing : 2025/04/19 08:11:51 Q=5
2026-01-05 20:20:28,967 - INFO - [GINSLIB] processing : 2025/04/19 08:11:52 Q=5
2026-01-05 20:20:28,967 - INFO - [GINSLIB] processing : 2025/04/19 08:11:53 Q=5
2026-01-05 20:20:28,967 - INFO - [GINSLIB] processing : 2025/04/19 08:11:54 Q=5
2026-01-05 20:20:28,968 - INFO - [GINSLIB] processing : 2025/04/19 08:11:55 Q=5
2026-01-05 20:20:28,968 - INFO - [GINSLIB] processing : 2025/04/19 08:11:56 Q=5
2026-01-05 20:20:28,968 - INFO - [GINSLIB] processing : 2025/04/19 08:11:57 Q=5
2026-01-05 20:20:28,968 - INFO - [GINSLIB] processing : 2025/04/19 08:11:58 Q=5
2026-01-05 20:20:28,968 - INFO - [GINSLIB] processing : 2025/04/19 08:11:59 Q=5
2026-01-05 20:20:28,968 - INFO - [GINSLIB] processing : 2025/04/19 08:12:00 Q=5
2026-01-05 20:20:28,968 - INFO - [GINSLIB] processing : 2025/04/19 08:12:01 Q=5
2026-01-05 20:20:28,968 - INFO - [GINSLIB] processing : 2025/04/19 08:12:02 Q=5
2026-01-05 20:20:28,968 - INFO - [GINSLIB] processing : 2025/04/19 08:12:03 Q=5
2026-01-05 20:20:28,968 - INFO - [GINSLIB] processing : 2025/04/19 08:12:04 Q=5
2026-01-05 20:20:28,968 - INFO - [GINSLIB] processing : 2025/04/19 08:12:05 Q=5
2026-01-05 20:20:28,968 - INFO - [GINSLIB] processing : 2025/04/19 08:12:06 Q=5
2026-01-05 20:20:28,968 - INFO - [GINSLIB] processing : 2025/04/19 08:12:07 Q=5
2026-01-05 20:20:28,968 - INFO - [GINSLIB] processing : 2025/04/19 08:12:08 Q=5
2026-01-05 20:20:29,218 - INFO - [GINSLIB] processing : 2025/04/19 08:12:09 Q=5
2026-01-05 20:20:29,219 - INFO - [GINSLIB] processing : 2025/04/19 08:12:10 Q=5
2026-01-05 20:20:29,219 - INFO - [GINSLIB] processing : 2025/04/19 08:12:11 Q=5
2026-01-05 20:20:29,219 - INFO - [GINSLIB] processing : 2025/04/19 08:12:12 Q=5
2026-01-05 20:20:29,219 - INFO - [GINSLIB] processing : 2025/04/19 08:12:13 Q=5
2026-01-05 20:20:29,220 - INFO - [GINSLIB] processing : 2025/04/19 08:12:14 Q=5
2026-01-05 20:20:29,220 - INFO - [GINSLIB] processing : 2025/04/19 08:12:15 Q=5
2026-01-05 20:20:29,220 - INFO - [GINSLIB] processing : 2025/04/19 08:12:16 Q=5
2026-01-05 20:20:29,220 - INFO - [GINSLIB] processing : 2025/04/19 08:12:17 Q=5
2026-01-05 20:20:29,220 - INFO - [GINSLIB] processing : 2025/04/19 08:12:18 Q=5
2026-01-05 20:20:29,221 - INFO - [GINSLIB] processing : 2025/04/19 08:12:19 Q=5
2026-01-05 20:20:29,221 - INFO - [GINSLIB] processing : 2025/04/19 08:12:20 Q=5
2026-01-05 20:20:29,221 - INFO - [GINSLIB] processing : 2025/04/19 08:12:21 Q=5
2026-01-05 20:20:29,221 - INFO - [GINSLIB] processing : 2025/04/19 08:12:22 Q=5
2026-01-05 20:20:29,221 - INFO - [GINSLIB] processing : 2025/04/19 08:12:23 Q=5
2026-01-05 20:20:29,221 - INFO - [GINSLIB] processing : 2025/04/19 08:12:24 Q=5
2026-01-05 20:20:29,222 - INFO - [GINSLIB] processing : 2025/04/19 08:12:25 Q=5
2026-01-05 20:20:29,222 - INFO - [GINSLIB] processing : 2025/04/19 08:12:26 Q=5
2026-01-05 20:20:29,222 - INFO - [GINSLIB] processing : 2025/04/19 08:12:27 Q=5
2026-01-05 20:20:29,222 - INFO - [GINSLIB] processing : 2025/04/19 08:12:28 Q=5
2026-01-05 20:20:29,222 - INFO - [GINSLIB] processing : 2025/04/19 08:12:29 Q=5
2026-01-05 20:20:29,223 - INFO - [GINSLIB] processing : 2025/04/19 08:12:30 Q=5
2026-01-05 20:20:29,223 - INFO - [GINSLIB] processing : 2025/04/19 08:12:31 Q=5
2026-01-05 20:20:29,223 - INFO - [GINSLIB] processing : 2025/04/19 08:12:32 Q=5
2026-01-05 20:20:29,223 - INFO - [GINSLIB] processing : 2025/04/19 08:12:33 Q=5
2026-01-05 20:20:29,223 - INFO - [GINSLIB] processing : 2025/04/19 08:12:34 Q=5
2026-01-05 20:20:29,224 - INFO - [GINSLIB] processing : 2025/04/19 08:12:35 Q=5
2026-01-05 20:20:29,224 - INFO - [GINSLIB] processing : 2025/04/19 08:12:36 Q=5
2026-01-05 20:20:29,224 - INFO - [GINSLIB] processing : 2025/04/19 08:12:37 Q=5
2026-01-05 20:20:29,224 - INFO - [GINSLIB] processing : 2025/04/19 08:12:38 Q=5
2026-01-05 20:20:29,224 - INFO - [GINSLIB] processing : 2025/04/19 08:12:39 Q=5
2026-01-05 20:20:29,224 - INFO - [GINSLIB] processing : 2025/04/19 08:12:40 Q=5
2026-01-05 20:20:29,224 - INFO - [GINSLIB] processing : 2025/04/19 08:12:41 Q=5
2026-01-05 20:20:29,224 - INFO - [GINSLIB] processing : 2025/04/19 08:12:42 Q=5
2026-01-05 20:20:29,224 - INFO - [GINSLIB] processing : 2025/04/19 08:12:43 Q=5
2026-01-05 20:20:29,224 - INFO - [GINSLIB] processing : 2025/04/19 08:12:44 Q=5
2026-01-05 20:20:29,225 - INFO - [GINSLIB] processing : 2025/04/19 08:12:45 Q=5
2026-01-05 20:20:29,225 - INFO - [GINSLIB] processing : 2025/04/19 08:12:46 Q=5
2026-01-05 20:20:29,225 - INFO - [GINSLIB] processing : 2025/04/19 08:12:47 Q=5
2026-01-05 20:20:29,225 - INFO - [GINSLIB] processing : 2025/04/19 08:12:48 Q=5
2026-01-05 20:20:29,225 - INFO - [GINSLIB] processing : 2025/04/19 08:12:49 Q=0
2026-01-05 20:20:29,225 - INFO - [GINSLIB] processing : 2025/04/19 08:12:50 Q=5
2026-01-05 20:20:29,225 - INFO - [GINSLIB] processing : 2025/04/19 08:12:51 Q=5
2026-01-05 20:20:29,225 - INFO - [GINSLIB] processing : 2025/04/19 08:12:52 Q=5
2026-01-05 20:20:29,225 - INFO - [GINSLIB] processing : 2025/04/19 08:12:53 Q=5
2026-01-05 20:20:29,226 - INFO - [GINSLIB] processing : 2025/04/19 08:12:54 Q=5
2026-01-05 20:20:29,226 - INFO - [GINSLIB] processing : 2025/04/19 08:12:55 Q=5
2026-01-05 20:20:29,226 - INFO - [GINSLIB] processing : 2025/04/19 08:12:56 Q=5
2026-01-05 20:20:29,226 - INFO - [GINSLIB] processing : 2025/04/19 08:12:57 Q=5
2026-01-05 20:20:29,226 - INFO - [GINSLIB] processing : 2025/04/19 08:12:58 Q=5
2026-01-05 20:20:29,226 - INFO - [GINSLIB] processing : 2025/04/19 08:12:59 Q=5
2026-01-05 20:20:29,226 - INFO - [GINSLIB] processing : 2025/04/19 08:13:00 Q=5
2026-01-05 20:20:29,226 - INFO - [GINSLIB] processing : 2025/04/19 08:13:01 Q=5
2026-01-05 20:20:29,226 - INFO - [GINSLIB] processing : 2025/04/19 08:13:02 Q=5
2026-01-05 20:20:29,226 - INFO - [GINSLIB] processing : 2025/04/19 08:13:03 Q=0
2026-01-05 20:20:29,226 - INFO - [GINSLIB] processing : 2025/04/19 08:13:04 Q=5
2026-01-05 20:20:29,226 - INFO - [GINSLIB] processing : 2025/04/19 08:13:05 Q=5
2026-01-05 20:20:29,227 - INFO - [GINSLIB] processing : 2025/04/19 08:13:06 Q=5
2026-01-05 20:20:29,227 - INFO - [GINSLIB] processing : 2025/04/19 08:13:07 Q=5
2026-01-05 20:20:29,227 - INFO - [GINSLIB] processing : 2025/04/19 08:13:08 Q=5
2026-01-05 20:20:29,227 - INFO - [GINSLIB] processing : 2025/04/19 08:13:09 Q=0
2026-01-05 20:20:29,227 - INFO - [GINSLIB] processing : 2025/04/19 08:13:10 Q=5
2026-01-05 20:20:29,227 - INFO - [GINSLIB] processing : 2025/04/19 08:13:11 Q=5
2026-01-05 20:20:29,227 - INFO - [GINSLIB] processing : 2025/04/19 08:13:12 Q=5
2026-01-05 20:20:29,227 - INFO - [GINSLIB] processing : 2025/04/19 08:13:13 Q=5
2026-01-05 20:20:29,227 - INFO - [GINSLIB] processing : 2025/04/19 08:13:14 Q=5
2026-01-05 20:20:29,227 - INFO - [GINSLIB] processing : 2025/04/19 08:13:15 Q=5
2026-01-05 20:20:29,227 - INFO - [GINSLIB] processing : 2025/04/19 08:13:16 Q=0
2026-01-05 20:20:29,227 - INFO - [GINSLIB] processing : 2025/04/19 08:13:17 Q=5
2026-01-05 20:20:29,227 - INFO - [GINSLIB] processing : 2025/04/19 08:13:18 Q=0
2026-01-05 20:20:29,227 - INFO - [GINSLIB] processing : 2025/04/19 08:13:19 Q=5
2026-01-05 20:20:29,227 - INFO - [GINSLIB] processing : 2025/04/19 08:13:20 Q=5
2026-01-05 20:20:29,227 - INFO - [GINSLIB] processing : 2025/04/19 08:13:21 Q=0
2026-01-05 20:20:29,227 - INFO - [GINSLIB] processing : 2025/04/19 08:13:22 Q=5
2026-01-05 20:20:29,228 - INFO - [GINSLIB] processing : 2025/04/19 08:13:23 Q=0
2026-01-05 20:20:29,228 - INFO - [GINSLIB] processing : 2025/04/19 08:13:24 Q=5
2026-01-05 20:20:29,228 - INFO - [GINSLIB] processing : 2025/04/19 08:13:25 Q=5
2026-01-05 20:20:29,228 - INFO - [GINSLIB] processing : 2025/04/19 08:13:26 Q=5
2026-01-05 20:20:29,228 - INFO - [GINSLIB] processing : 2025/04/19 08:13:27 Q=5
2026-01-05 20:20:29,228 - INFO - [GINSLIB] processing : 2025/04/19 08:13:28 Q=5
2026-01-05 20:20:29,228 - INFO - [GINSLIB] processing : 2025/04/19 08:13:29 Q=5
2026-01-05 20:20:29,228 - INFO - [GINSLIB] processing : 2025/04/19 08:13:30 Q=5
2026-01-05 20:20:29,228 - INFO - [GINSLIB] processing : 2025/04/19 08:13:31 Q=5
2026-01-05 20:20:29,228 - INFO - [GINSLIB] processing : 2025/04/19 08:13:32 Q=5
2026-01-05 20:20:29,228 - INFO - [GINSLIB] processing : 2025/04/19 08:13:33 Q=5
2026-01-05 20:20:29,228 - INFO - [GINSLIB] processing : 2025/04/19 08:13:34 Q=5
2026-01-05 20:20:29,228 - INFO - [GINSLIB] processing : 2025/04/19 08:13:35 Q=5
2026-01-05 20:20:29,228 - INFO - [GINSLIB] processing : 2025/04/19 08:13:36 Q=5
2026-01-05 20:20:29,228 - INFO - [GINSLIB] processing : 2025/04/19 08:13:37 Q=5
2026-01-05 20:20:29,228 - INFO - [GINSLIB] processing : 2025/04/19 08:13:38 Q=5
2026-01-05 20:20:29,229 - INFO - [GINSLIB] Total processing time of program: 10.941000 sec!
2026-01-05 20:20:29,229 - INFO - [GINSLIB] 
2026-01-05 20:20:29,229 - INFO - [GINSLIB] 
2026-01-05 20:20:29,229 - INFO - ✓ EG320N_Vehicle_complex_20250419 SPP 执行成功
2026-01-05 20:20:29,229 - INFO - 开始误差分析
2026-01-05 20:20:29,229 - INFO - - 结果文件: G:\Navigation_Learn\GNSS\RTKLIB-b34k\data\GNSS_INS\EG320N_Vehicle_complex_20250419\result\GNSS_Vehicle_complex_20250419_SPP_F.pos
2026-01-05 20:20:29,229 - INFO - - 参考文件: G:\Navigation_Learn\GNSS\RTKLIB-b34k\data\GNSS_INS\EG320N_Vehicle_complex_20250419\truth.truth
2026-01-05 20:20:30,321 - INFO - ✓ 误差分析完成: GNSS_Vehicle_complex_20250419_SPP_F.pos
2026-01-05 20:20:50,022 - ERROR - 保存Excel文件失败: No module named 'openpyxl'
2026-01-05 20:20:50,023 - INFO - 27 个批处理任务结束。
2026-01-05 20:20:50,023 - INFO - 总共耗费时间: 31.83 秒 (0.53 分钟)
2026-01-05 20:20:50,023 - INFO - 日志文件保存路径: G:\Navigation_Learn\GNSS\RTKLIB-b34k\batch_process\log\batch_process_20260105_202018.log
