2026-01-06 17:23:55,000 - INFO - 日志文件保存位置: G:\Navigation_Learn\GNSS\RTKLIB-b34k\batch_process\log\batch_process_20260106_172354.log
2026-01-06 17:23:55,001 - INFO - 批处理任务开始执行
2026-01-06 17:23:55,002 - INFO - 当前工作目录 (Data Root): G:\Navigation_Learn\GNSS\RTKLIB-b34k\data\GNSS_INS
2026-01-06 17:23:55,002 - INFO - 解算程序路径 (EXE Path):  G:\Navigation_Learn\GNSS\RTKLIB-b34k\build\Bin\GINSLIB.exe
2026-01-06 17:23:55,002 - INFO - ------------------------------------------------------------
2026-01-06 17:23:55,002 - INFO - 共 27 个数据任务，开始批处理...
2026-01-06 17:23:55,003 - INFO - 第 20 个任务: IGM-A1_Vehicle_complex_20211217-ylh
2026-01-06 17:23:55,003 - INFO - - 路径: G:\Navigation_Learn\GNSS\RTKLIB-b34k\data\GNSS_INS\IGM-A1_Vehicle_complex_20211217-ylh
2026-01-06 17:23:55,003 - INFO - - 配置: IGM-A1_Vehicle_complex_20211217-ylh.conf
2026-01-06 17:24:02,060 - INFO - [GINSLIB] processing : 2021/12/17 03:58:19 Q=0
2026-01-06 17:24:02,060 - INFO - [GINSLIB] processing : 2021/12/17 03:58:20 Q=0
2026-01-06 17:24:02,077 - INFO - [GINSLIB] processing : 2021/12/17 03:58:21 Q=0
2026-01-06 17:24:02,096 - INFO - [GINSLIB] INS initial alignment completed: 03:58:21.00  0446301.00!
2026-01-06 17:24:02,096 - INFO - [GINSLIB] processing : 2021/12/17 03:58:21 Q=5
2026-01-06 17:24:02,097 - INFO - [GINSLIB] processing : 2021/12/17 03:58:22 Q=5
2026-01-06 17:24:02,103 - INFO - [GINSLIB] processing : 2021/12/17 03:58:23 Q=5
2026-01-06 17:24:02,110 - INFO - [GINSLIB] processing : 2021/12/17 03:58:24 Q=5
2026-01-06 17:24:02,116 - INFO - [GINSLIB] processing : 2021/12/17 03:58:25 Q=5
2026-01-06 17:24:02,122 - INFO - [GINSLIB] processing : 2021/12/17 03:58:26 Q=5
2026-01-06 17:24:02,130 - INFO - [GINSLIB] processing : 2021/12/17 03:58:27 Q=5
2026-01-06 17:24:02,136 - INFO - [GINSLIB] processing : 2021/12/17 03:58:28 Q=5
2026-01-06 17:24:02,143 - INFO - [GINSLIB] processing : 2021/12/17 03:58:29 Q=5
2026-01-06 17:24:02,148 - INFO - [GINSLIB] processing : 2021/12/17 03:58:30 Q=5
2026-01-06 17:24:02,154 - INFO - [GINSLIB] processing : 2021/12/17 03:58:31 Q=5
2026-01-06 17:24:02,162 - INFO - [GINSLIB] processing : 2021/12/17 03:58:32 Q=5
2026-01-06 17:24:02,169 - INFO - [GINSLIB] processing : 2021/12/17 03:58:33 Q=5
2026-01-06 17:24:02,176 - INFO - [GINSLIB] processing : 2021/12/17 03:58:34 Q=5
2026-01-06 17:24:02,188 - INFO - [GINSLIB] processing : 2021/12/17 03:58:35 Q=5
2026-01-06 17:24:02,189 - INFO - [GINSLIB] processing : 2021/12/17 03:58:36 Q=5
2026-01-06 17:24:02,196 - INFO - [GINSLIB] processing : 2021/12/17 03:58:37 Q=5
2026-01-06 17:24:02,203 - INFO - [GINSLIB] processing : 2021/12/17 03:58:38 Q=5
2026-01-06 17:24:02,210 - INFO - [GINSLIB] processing : 2021/12/17 03:58:39 Q=5
2026-01-06 17:24:02,221 - INFO - [GINSLIB] processing : 2021/12/17 03:58:40 Q=5
2026-01-06 17:24:02,222 - INFO - [GINSLIB] processing : 2021/12/17 03:58:41 Q=5
2026-01-06 17:24:02,228 - INFO - [GINSLIB] processing : 2021/12/17 03:58:42 Q=5
2026-01-06 17:24:02,236 - INFO - [GINSLIB] processing : 2021/12/17 03:58:43 Q=5
2026-01-06 17:24:02,243 - INFO - [GINSLIB] processing : 2021/12/17 03:58:44 Q=5
2026-01-06 17:24:02,254 - INFO - [GINSLIB] processing : 2021/12/17 03:58:45 Q=5
2026-01-06 17:24:02,255 - INFO - [GINSLIB] processing : 2021/12/17 03:58:46 Q=5
2026-01-06 17:24:02,261 - INFO - [GINSLIB] processing : 2021/12/17 03:58:47 Q=5
2026-01-06 17:24:02,268 - INFO - [GINSLIB] processing : 2021/12/17 03:58:48 Q=5
2026-01-06 17:24:02,274 - INFO - [GINSLIB] processing : 2021/12/17 03:58:49 Q=5
2026-01-06 17:24:02,280 - INFO - [GINSLIB] processing : 2021/12/17 03:58:50 Q=5
2026-01-06 17:24:02,285 - INFO - [GINSLIB] processing : 2021/12/17 03:58:51 Q=5
2026-01-06 17:24:02,291 - INFO - [GINSLIB] processing : 2021/12/17 03:58:52 Q=5
2026-01-06 17:24:02,298 - INFO - [GINSLIB] processing : 2021/12/17 03:58:53 Q=5
2026-01-06 17:24:02,304 - INFO - [GINSLIB] processing : 2021/12/17 03:58:54 Q=5
2026-01-06 17:24:02,310 - INFO - [GINSLIB] processing : 2021/12/17 03:58:55 Q=5
2026-01-06 17:24:02,315 - INFO - [GINSLIB] processing : 2021/12/17 03:58:56 Q=5
2026-01-06 17:24:02,322 - INFO - [GINSLIB] processing : 2021/12/17 03:58:57 Q=5
2026-01-06 17:24:02,330 - INFO - [GINSLIB] processing : 2021/12/17 03:58:58 Q=5
2026-01-06 17:24:02,336 - INFO - [GINSLIB] processing : 2021/12/17 03:58:59 Q=5
2026-01-06 17:24:02,343 - INFO - [GINSLIB] processing : 2021/12/17 03:59:00 Q=5
2026-01-06 17:24:02,348 - INFO - [GINSLIB] processing : 2021/12/17 03:59:01 Q=5
2026-01-06 17:24:02,354 - INFO - [GINSLIB] processing : 2021/12/17 03:59:02 Q=5
2026-01-06 17:24:02,361 - INFO - [GINSLIB] processing : 2021/12/17 03:59:03 Q=5
2026-01-06 17:24:02,368 - INFO - [GINSLIB] processing : 2021/12/17 03:59:04 Q=5
2026-01-06 17:24:02,375 - INFO - [GINSLIB] processing : 2021/12/17 03:59:05 Q=5
2026-01-06 17:24:02,386 - INFO - [GINSLIB] processing : 2021/12/17 03:59:06 Q=5
2026-01-06 17:24:02,387 - INFO - [GINSLIB] processing : 2021/12/17 03:59:07 Q=5
2026-01-06 17:24:02,395 - INFO - [GINSLIB] processing : 2021/12/17 03:59:08 Q=5
2026-01-06 17:24:02,402 - INFO - [GINSLIB] processing : 2021/12/17 03:59:09 Q=5
2026-01-06 17:24:02,408 - INFO - [GINSLIB] processing : 2021/12/17 03:59:10 Q=5
2026-01-06 17:24:02,419 - INFO - [GINSLIB] processing : 2021/12/17 03:59:11 Q=5
2026-01-06 17:24:02,421 - INFO - [GINSLIB] processing : 2021/12/17 03:59:12 Q=5
2026-01-06 17:24:02,428 - INFO - [GINSLIB] processing : 2021/12/17 03:59:13 Q=5
2026-01-06 17:24:02,435 - INFO - [GINSLIB] processing : 2021/12/17 03:59:14 Q=5
2026-01-06 17:24:02,441 - INFO - [GINSLIB] processing : 2021/12/17 03:59:15 Q=5
2026-01-06 17:24:02,447 - INFO - [GINSLIB] processing : 2021/12/17 03:59:16 Q=5
2026-01-06 17:24:02,452 - INFO - [GINSLIB] processing : 2021/12/17 03:59:17 Q=5
2026-01-06 17:24:02,459 - INFO - [GINSLIB] processing : 2021/12/17 03:59:18 Q=5
2026-01-06 17:24:02,466 - INFO - [GINSLIB] processing : 2021/12/17 03:59:19 Q=5
2026-01-06 17:24:02,472 - INFO - [GINSLIB] processing : 2021/12/17 03:59:20 Q=5
2026-01-06 17:24:02,479 - INFO - [GINSLIB] processing : 2021/12/17 03:59:21 Q=5
2026-01-06 17:24:02,486 - INFO - [GINSLIB] processing : 2021/12/17 03:59:22 Q=5
2026-01-06 17:24:02,493 - INFO - [GINSLIB] processing : 2021/12/17 03:59:23 Q=5
2026-01-06 17:24:02,499 - INFO - [GINSLIB] processing : 2021/12/17 03:59:24 Q=5
2026-01-06 17:24:02,505 - INFO - [GINSLIB] processing : 2021/12/17 03:59:25 Q=5
2026-01-06 17:24:02,512 - INFO - [GINSLIB] processing : 2021/12/17 03:59:26 Q=5
2026-01-06 17:24:02,518 - INFO - [GINSLIB] processing : 2021/12/17 03:59:27 Q=5
2026-01-06 17:24:02,524 - INFO - [GINSLIB] processing : 2021/12/17 03:59:28 Q=5
2026-01-06 17:24:02,532 - INFO - [GINSLIB] processing : 2021/12/17 03:59:29 Q=5
2026-01-06 17:24:02,538 - INFO - [GINSLIB] processing : 2021/12/17 03:59:30 Q=5
2026-01-06 17:24:02,545 - INFO - [GINSLIB] processing : 2021/12/17 03:59:31 Q=5
2026-01-06 17:24:02,556 - INFO - [GINSLIB] processing : 2021/12/17 03:59:32 Q=5
2026-01-06 17:24:02,557 - INFO - [GINSLIB] processing : 2021/12/17 03:59:33 Q=5
2026-01-06 17:24:02,565 - INFO - [GINSLIB] processing : 2021/12/17 03:59:34 Q=5
2026-01-06 17:24:02,571 - INFO - [GINSLIB] processing : 2021/12/17 03:59:35 Q=5
2026-01-06 17:24:02,578 - INFO - [GINSLIB] processing : 2021/12/17 03:59:36 Q=5
2026-01-06 17:24:02,588 - INFO - [GINSLIB] processing : 2021/12/17 03:59:37 Q=5
2026-01-06 17:24:02,590 - INFO - [GINSLIB] processing : 2021/12/17 03:59:38 Q=5
2026-01-06 17:24:02,598 - INFO - [GINSLIB] processing : 2021/12/17 03:59:39 Q=5
2026-01-06 17:24:02,604 - INFO - [GINSLIB] processing : 2021/12/17 03:59:40 Q=5
2026-01-06 17:24:02,611 - INFO - [GINSLIB] processing : 2021/12/17 03:59:41 Q=5
2026-01-06 17:24:02,623 - INFO - [GINSLIB] processing : 2021/12/17 03:59:42 Q=5
2026-01-06 17:24:02,624 - INFO - [GINSLIB] processing : 2021/12/17 03:59:43 Q=5
2026-01-06 17:24:02,632 - INFO - [GINSLIB] processing : 2021/12/17 03:59:44 Q=5
2026-01-06 17:24:02,638 - INFO - [GINSLIB] processing : 2021/12/17 03:59:45 Q=5
2026-01-06 17:24:02,645 - INFO - [GINSLIB] processing : 2021/12/17 03:59:46 Q=5
2026-01-06 17:24:02,653 - INFO - [GINSLIB] processing : 2021/12/17 03:59:47 Q=5
2026-01-06 17:24:02,660 - INFO - [GINSLIB] processing : 2021/12/17 03:59:48 Q=5
2026-01-06 17:24:02,667 - INFO - [GINSLIB] processing : 2021/12/17 03:59:49 Q=5
2026-01-06 17:24:02,675 - INFO - [GINSLIB] processing : 2021/12/17 03:59:50 Q=5
2026-01-06 17:24:02,682 - INFO - [GINSLIB] processing : 2021/12/17 03:59:51 Q=5
2026-01-06 17:24:02,689 - INFO - [GINSLIB] processing : 2021/12/17 03:59:52 Q=5
2026-01-06 17:24:02,695 - INFO - [GINSLIB] processing : 2021/12/17 03:59:53 Q=5
2026-01-06 17:24:02,704 - INFO - [GINSLIB] processing : 2021/12/17 03:59:54 Q=5
2026-01-06 17:24:02,711 - INFO - [GINSLIB] processing : 2021/12/17 03:59:55 Q=5
2026-01-06 17:24:02,718 - INFO - [GINSLIB] processing : 2021/12/17 03:59:56 Q=5
2026-01-06 17:24:02,726 - INFO - [GINSLIB] processing : 2021/12/17 03:59:57 Q=5
2026-01-06 17:24:02,733 - INFO - [GINSLIB] processing : 2021/12/17 03:59:58 Q=5
2026-01-06 17:24:02,741 - INFO - [GINSLIB] processing : 2021/12/17 03:59:59 Q=5
2026-01-06 17:24:02,748 - INFO - [GINSLIB] processing : 2021/12/17 04:00:00 Q=5
2026-01-06 17:24:02,754 - INFO - [GINSLIB] processing : 2021/12/17 04:00:01 Q=5
2026-01-06 17:24:02,761 - INFO - [GINSLIB] processing : 2021/12/17 04:00:02 Q=5
2026-01-06 17:24:02,773 - INFO - [GINSLIB] processing : 2021/12/17 04:00:03 Q=5
2026-01-06 17:24:02,774 - INFO - [GINSLIB] processing : 2021/12/17 04:00:04 Q=5
2026-01-06 17:24:02,781 - INFO - [GINSLIB] processing : 2021/12/17 04:00:05 Q=5
2026-01-06 17:24:02,788 - INFO - [GINSLIB] processing : 2021/12/17 04:00:06 Q=5
2026-01-06 17:24:02,796 - INFO - [GINSLIB] processing : 2021/12/17 04:00:07 Q=5
2026-01-06 17:24:02,809 - INFO - [GINSLIB] processing : 2021/12/17 04:00:08 Q=5
2026-01-06 17:24:02,809 - INFO - [GINSLIB] processing : 2021/12/17 04:00:09 Q=5
2026-01-06 17:24:02,816 - INFO - [GINSLIB] processing : 2021/12/17 04:00:10 Q=5
2026-01-06 17:24:02,823 - INFO - [GINSLIB] processing : 2021/12/17 04:00:11 Q=5
2026-01-06 17:24:02,831 - INFO - [GINSLIB] processing : 2021/12/17 04:00:12 Q=5
2026-01-06 17:24:02,845 - INFO - [GINSLIB] processing : 2021/12/17 04:00:13 Q=5
2026-01-06 17:24:02,846 - INFO - [GINSLIB] processing : 2021/12/17 04:00:14 Q=5
2026-01-06 17:24:02,852 - INFO - [GINSLIB] processing : 2021/12/17 04:00:15 Q=5
2026-01-06 17:24:02,859 - INFO - [GINSLIB] processing : 2021/12/17 04:00:16 Q=5
2026-01-06 17:24:02,866 - INFO - [GINSLIB] processing : 2021/12/17 04:00:17 Q=5
2026-01-06 17:24:02,875 - INFO - [GINSLIB] processing : 2021/12/17 04:00:18 Q=5
2026-01-06 17:24:02,881 - INFO - [GINSLIB] processing : 2021/12/17 04:00:19 Q=5
2026-01-06 17:24:02,888 - INFO - [GINSLIB] processing : 2021/12/17 04:00:20 Q=5
2026-01-06 17:24:02,896 - INFO - [GINSLIB] processing : 2021/12/17 04:00:21 Q=5
2026-01-06 17:24:02,903 - INFO - [GINSLIB] processing : 2021/12/17 04:00:22 Q=5
2026-01-06 17:24:02,910 - INFO - [GINSLIB] processing : 2021/12/17 04:00:23 Q=5
2026-01-06 17:24:02,917 - INFO - [GINSLIB] processing : 2021/12/17 04:00:24 Q=5
2026-01-06 17:24:02,925 - INFO - [GINSLIB] processing : 2021/12/17 04:00:25 Q=5
2026-01-06 17:24:02,932 - INFO - [GINSLIB] processing : 2021/12/17 04:00:26 Q=5
2026-01-06 17:24:02,939 - INFO - [GINSLIB] processing : 2021/12/17 04:00:27 Q=5
2026-01-06 17:24:02,948 - INFO - [GINSLIB] processing : 2021/12/17 04:00:28 Q=5
2026-01-06 17:24:02,954 - INFO - [GINSLIB] processing : 2021/12/17 04:00:29 Q=5
2026-01-06 17:24:02,960 - INFO - [GINSLIB] processing : 2021/12/17 04:00:30 Q=5
2026-01-06 17:24:02,968 - INFO - [GINSLIB] processing : 2021/12/17 04:00:31 Q=5
2026-01-06 17:24:02,975 - INFO - [GINSLIB] processing : 2021/12/17 04:00:32 Q=5
2026-01-06 17:24:02,982 - INFO - [GINSLIB] processing : 2021/12/17 04:00:33 Q=5
2026-01-06 17:24:02,994 - INFO - [GINSLIB] processing : 2021/12/17 04:00:34 Q=5
2026-01-06 17:24:02,995 - INFO - [GINSLIB] processing : 2021/12/17 04:00:35 Q=5
2026-01-06 17:24:03,002 - INFO - [GINSLIB] processing : 2021/12/17 04:00:36 Q=5
2026-01-06 17:24:03,009 - INFO - [GINSLIB] processing : 2021/12/17 04:00:37 Q=5
2026-01-06 17:24:03,016 - INFO - [GINSLIB] processing : 2021/12/17 04:00:38 Q=5
2026-01-06 17:24:03,030 - INFO - [GINSLIB] processing : 2021/12/17 04:00:39 Q=5
2026-01-06 17:24:03,031 - INFO - [GINSLIB] processing : 2021/12/17 04:00:40 Q=5
2026-01-06 17:24:03,037 - INFO - [GINSLIB] processing : 2021/12/17 04:00:41 Q=5
2026-01-06 17:24:03,044 - INFO - [GINSLIB] processing : 2021/12/17 04:00:42 Q=5
2026-01-06 17:24:03,050 - INFO - [GINSLIB] processing : 2021/12/17 04:00:43 Q=5
2026-01-06 17:24:03,062 - INFO - [GINSLIB] processing : 2021/12/17 04:00:44 Q=5
2026-01-06 17:24:03,063 - INFO - [GINSLIB] processing : 2021/12/17 04:00:45 Q=5
2026-01-06 17:24:03,070 - INFO - [GINSLIB] processing : 2021/12/17 04:00:46 Q=5
2026-01-06 17:24:03,076 - INFO - [GINSLIB] processing : 2021/12/17 04:00:47 Q=5
2026-01-06 17:24:03,083 - INFO - [GINSLIB] processing : 2021/12/17 04:00:48 Q=5
2026-01-06 17:24:03,090 - INFO - [GINSLIB] processing : 2021/12/17 04:00:49 Q=5
2026-01-06 17:24:03,096 - INFO - [GINSLIB] processing : 2021/12/17 04:00:50 Q=5
2026-01-06 17:24:03,103 - INFO - [GINSLIB] processing : 2021/12/17 04:00:51 Q=5
2026-01-06 17:24:03,110 - INFO - [GINSLIB] processing : 2021/12/17 04:00:52 Q=5
2026-01-06 17:24:03,116 - INFO - [GINSLIB] processing : 2021/12/17 04:00:53 Q=5
2026-01-06 17:24:03,124 - INFO - [GINSLIB] processing : 2021/12/17 04:00:54 Q=5
2026-01-06 17:24:03,129 - INFO - [GINSLIB] processing : 2021/12/17 04:00:55 Q=5
2026-01-06 17:24:03,136 - INFO - [GINSLIB] processing : 2021/12/17 04:00:56 Q=5
2026-01-06 17:24:03,143 - INFO - [GINSLIB] processing : 2021/12/17 04:00:57 Q=5
2026-01-06 17:24:03,150 - INFO - [GINSLIB] processing : 2021/12/17 04:00:58 Q=5
2026-01-06 17:24:03,156 - INFO - [GINSLIB] processing : 2021/12/17 04:00:59 Q=5
2026-01-06 17:24:03,161 - INFO - [GINSLIB] processing : 2021/12/17 04:01:00 Q=5
2026-01-06 17:24:03,168 - INFO - [GINSLIB] processing : 2021/12/17 04:01:01 Q=5
2026-01-06 17:24:03,174 - INFO - [GINSLIB] processing : 2021/12/17 04:01:02 Q=5
2026-01-06 17:24:03,180 - INFO - [GINSLIB] processing : 2021/12/17 04:01:03 Q=5
2026-01-06 17:24:03,187 - INFO - [GINSLIB] processing : 2021/12/17 04:01:04 Q=5
2026-01-06 17:24:03,200 - INFO - [GINSLIB] processing : 2021/12/17 04:01:05 Q=5
2026-01-06 17:24:03,201 - INFO - [GINSLIB] processing : 2021/12/17 04:01:06 Q=5
2026-01-06 17:24:03,206 - INFO - [GINSLIB] processing : 2021/12/17 04:01:07 Q=5
2026-01-06 17:24:03,215 - INFO - [GINSLIB] processing : 2021/12/17 04:01:08 Q=5
2026-01-06 17:24:03,220 - INFO - [GINSLIB] processing : 2021/12/17 04:01:09 Q=5
2026-01-06 17:24:03,232 - INFO - [GINSLIB] processing : 2021/12/17 04:01:10 Q=5
2026-01-06 17:24:03,233 - INFO - [GINSLIB] processing : 2021/12/17 04:01:11 Q=5
2026-01-06 17:24:03,240 - INFO - [GINSLIB] processing : 2021/12/17 04:01:12 Q=5
2026-01-06 17:24:03,247 - INFO - [GINSLIB] processing : 2021/12/17 04:01:13 Q=5
2026-01-06 17:24:03,253 - INFO - [GINSLIB] processing : 2021/12/17 04:01:14 Q=5
2026-01-06 17:24:03,265 - INFO - [GINSLIB] processing : 2021/12/17 04:01:15 Q=5
2026-01-06 17:24:03,266 - INFO - [GINSLIB] processing : 2021/12/17 04:01:16 Q=5
2026-01-06 17:24:03,273 - INFO - [GINSLIB] processing : 2021/12/17 04:01:17 Q=5
2026-01-06 17:24:03,280 - INFO - [GINSLIB] processing : 2021/12/17 04:01:18 Q=5
2026-01-06 17:24:03,286 - INFO - [GINSLIB] processing : 2021/12/17 04:01:19 Q=5
2026-01-06 17:24:03,293 - INFO - [GINSLIB] processing : 2021/12/17 04:01:20 Q=5
2026-01-06 17:24:03,298 - INFO - [GINSLIB] processing : 2021/12/17 04:01:21 Q=5
2026-01-06 17:24:03,304 - INFO - [GINSLIB] processing : 2021/12/17 04:01:22 Q=5
2026-01-06 17:24:03,311 - INFO - [GINSLIB] processing : 2021/12/17 04:01:23 Q=5
2026-01-06 17:24:03,317 - INFO - [GINSLIB] processing : 2021/12/17 04:01:24 Q=5
2026-01-06 17:24:03,324 - INFO - [GINSLIB] processing : 2021/12/17 04:01:25 Q=5
2026-01-06 17:24:03,330 - INFO - [GINSLIB] processing : 2021/12/17 04:01:26 Q=5
2026-01-06 17:24:03,337 - INFO - [GINSLIB] processing : 2021/12/17 04:01:27 Q=5
2026-01-06 17:24:03,343 - INFO - [GINSLIB] processing : 2021/12/17 04:01:28 Q=5
2026-01-06 17:24:03,351 - INFO - [GINSLIB] processing : 2021/12/17 04:01:29 Q=5
2026-01-06 17:24:03,358 - INFO - [GINSLIB] processing : 2021/12/17 04:01:30 Q=5
2026-01-06 17:24:03,363 - INFO - [GINSLIB] processing : 2021/12/17 04:01:31 Q=5
2026-01-06 17:24:03,370 - INFO - [GINSLIB] processing : 2021/12/17 04:01:32 Q=5
2026-01-06 17:24:03,376 - INFO - [GINSLIB] processing : 2021/12/17 04:01:33 Q=5
2026-01-06 17:24:03,383 - INFO - [GINSLIB] processing : 2021/12/17 04:01:34 Q=5
2026-01-06 17:24:03,390 - INFO - [GINSLIB] processing : 2021/12/17 04:01:35 Q=5
2026-01-06 17:24:03,403 - INFO - [GINSLIB] processing : 2021/12/17 04:01:36 Q=5
2026-01-06 17:24:03,404 - INFO - [GINSLIB] processing : 2021/12/17 04:01:37 Q=5
2026-01-06 17:24:03,410 - INFO - [GINSLIB] processing : 2021/12/17 04:01:38 Q=5
2026-01-06 17:24:03,417 - INFO - [GINSLIB] processing : 2021/12/17 04:01:39 Q=5
2026-01-06 17:24:03,423 - INFO - [GINSLIB] processing : 2021/12/17 04:01:40 Q=5
2026-01-06 17:24:03,435 - INFO - [GINSLIB] processing : 2021/12/17 04:01:41 Q=5
2026-01-06 17:24:03,436 - INFO - [GINSLIB] processing : 2021/12/17 04:01:42 Q=5
2026-01-06 17:24:03,444 - INFO - [GINSLIB] processing : 2021/12/17 04:01:43 Q=5
2026-01-06 17:24:03,450 - INFO - [GINSLIB] processing : 2021/12/17 04:01:44 Q=5
2026-01-06 17:24:03,458 - INFO - [GINSLIB] processing : 2021/12/17 04:01:45 Q=5
2026-01-06 17:24:03,470 - INFO - [GINSLIB] processing : 2021/12/17 04:01:46 Q=5
2026-01-06 17:24:03,471 - INFO - [GINSLIB] processing : 2021/12/17 04:01:47 Q=5
2026-01-06 17:24:03,478 - INFO - [GINSLIB] processing : 2021/12/17 04:01:48 Q=5
2026-01-06 17:24:03,485 - INFO - [GINSLIB] processing : 2021/12/17 04:01:49 Q=5
2026-01-06 17:24:03,492 - INFO - [GINSLIB] processing : 2021/12/17 04:01:50 Q=5
2026-01-06 17:24:03,499 - INFO - [GINSLIB] processing : 2021/12/17 04:01:51 Q=5
2026-01-06 17:24:03,505 - INFO - [GINSLIB] processing : 2021/12/17 04:01:52 Q=5
2026-01-06 17:24:03,512 - INFO - [GINSLIB] processing : 2021/12/17 04:01:53 Q=5
2026-01-06 17:24:03,519 - INFO - [GINSLIB] processing : 2021/12/17 04:01:54 Q=5
2026-01-06 17:24:03,526 - INFO - [GINSLIB] processing : 2021/12/17 04:01:55 Q=5
2026-01-06 17:24:03,533 - INFO - [GINSLIB] processing : 2021/12/17 04:01:56 Q=5
2026-01-06 17:24:03,539 - INFO - [GINSLIB] processing : 2021/12/17 04:01:57 Q=5
2026-01-06 17:24:03,546 - INFO - [GINSLIB] processing : 2021/12/17 04:01:58 Q=5
2026-01-06 17:24:03,553 - INFO - [GINSLIB] processing : 2021/12/17 04:01:59 Q=5
2026-01-06 17:24:03,560 - INFO - [GINSLIB] processing : 2021/12/17 04:02:00 Q=5
2026-01-06 17:24:03,567 - INFO - [GINSLIB] processing : 2021/12/17 04:02:01 Q=5
2026-01-06 17:24:03,580 - INFO - [GINSLIB] processing : 2021/12/17 04:02:02 Q=5
2026-01-06 17:24:03,581 - INFO - [GINSLIB] processing : 2021/12/17 04:02:03 Q=5
2026-01-06 17:24:03,588 - INFO - [GINSLIB] processing : 2021/12/17 04:02:04 Q=5
2026-01-06 17:24:03,595 - INFO - [GINSLIB] processing : 2021/12/17 04:02:05 Q=5
2026-01-06 17:24:03,602 - INFO - [GINSLIB] processing : 2021/12/17 04:02:06 Q=5
2026-01-06 17:24:03,615 - INFO - [GINSLIB] processing : 2021/12/17 04:02:07 Q=5
2026-01-06 17:24:03,616 - INFO - [GINSLIB] processing : 2021/12/17 04:02:08 Q=5
2026-01-06 17:24:03,623 - INFO - [GINSLIB] processing : 2021/12/17 04:02:09 Q=5
2026-01-06 17:24:03,631 - INFO - [GINSLIB] processing : 2021/12/17 04:02:10 Q=5
2026-01-06 17:24:03,637 - INFO - [GINSLIB] processing : 2021/12/17 04:02:11 Q=5
2026-01-06 17:24:03,650 - INFO - [GINSLIB] processing : 2021/12/17 04:02:12 Q=5
2026-01-06 17:24:03,651 - INFO - [GINSLIB] processing : 2021/12/17 04:02:13 Q=5
2026-01-06 17:24:03,660 - INFO - [GINSLIB] processing : 2021/12/17 04:02:14 Q=5
2026-01-06 17:24:03,667 - INFO - [GINSLIB] processing : 2021/12/17 04:02:15 Q=5
2026-01-06 17:24:03,675 - INFO - [GINSLIB] processing : 2021/12/17 04:02:16 Q=5
2026-01-06 17:24:03,683 - INFO - [GINSLIB] processing : 2021/12/17 04:02:17 Q=5
2026-01-06 17:24:03,689 - INFO - [GINSLIB] processing : 2021/12/17 04:02:18 Q=5
2026-01-06 17:24:03,697 - INFO - [GINSLIB] processing : 2021/12/17 04:02:19 Q=5
2026-01-06 17:24:03,703 - INFO - [GINSLIB] processing : 2021/12/17 04:02:20 Q=5
2026-01-06 17:24:03,711 - INFO - [GINSLIB] processing : 2021/12/17 04:02:21 Q=5
2026-01-06 17:24:03,718 - INFO - [GINSLIB] processing : 2021/12/17 04:02:22 Q=5
2026-01-06 17:24:03,725 - INFO - [GINSLIB] processing : 2021/12/17 04:02:23 Q=5
2026-01-06 17:24:03,731 - INFO - [GINSLIB] processing : 2021/12/17 04:02:24 Q=5
2026-01-06 17:24:03,738 - INFO - [GINSLIB] processing : 2021/12/17 04:02:25 Q=5
2026-01-06 17:24:03,744 - INFO - [GINSLIB] processing : 2021/12/17 04:02:26 Q=5
2026-01-06 17:24:03,751 - INFO - [GINSLIB] processing : 2021/12/17 04:02:27 Q=5
2026-01-06 17:24:03,757 - INFO - [GINSLIB] processing : 2021/12/17 04:02:28 Q=5
2026-01-06 17:24:03,764 - INFO - [GINSLIB] processing : 2021/12/17 04:02:29 Q=5
2026-01-06 17:24:03,771 - INFO - [GINSLIB] processing : 2021/12/17 04:02:30 Q=5
2026-01-06 17:24:03,777 - INFO - [GINSLIB] processing : 2021/12/17 04:02:31 Q=5
2026-01-06 17:24:03,785 - INFO - [GINSLIB] processing : 2021/12/17 04:02:32 Q=5
2026-01-06 17:24:03,796 - INFO - [GINSLIB] processing : 2021/12/17 04:02:33 Q=5
2026-01-06 17:24:03,798 - INFO - [GINSLIB] processing : 2021/12/17 04:02:34 Q=5
2026-01-06 17:24:03,804 - INFO - [GINSLIB] processing : 2021/12/17 04:02:35 Q=5
2026-01-06 17:24:03,812 - INFO - [GINSLIB] processing : 2021/12/17 04:02:36 Q=5
2026-01-06 17:24:03,820 - INFO - [GINSLIB] processing : 2021/12/17 04:02:37 Q=5
2026-01-06 17:24:03,832 - INFO - [GINSLIB] processing : 2021/12/17 04:02:38 Q=5
2026-01-06 17:24:03,833 - INFO - [GINSLIB] processing : 2021/12/17 04:02:39 Q=5
2026-01-06 17:24:03,840 - INFO - [GINSLIB] processing : 2021/12/17 04:02:40 Q=5
2026-01-06 17:24:03,849 - INFO - [GINSLIB] processing : 2021/12/17 04:02:41 Q=5
2026-01-06 17:24:03,856 - INFO - [GINSLIB] processing : 2021/12/17 04:02:42 Q=5
2026-01-06 17:24:03,869 - INFO - [GINSLIB] processing : 2021/12/17 04:02:43 Q=5
2026-01-06 17:24:03,870 - INFO - [GINSLIB] processing : 2021/12/17 04:02:44 Q=5
2026-01-06 17:24:03,878 - INFO - [GINSLIB] processing : 2021/12/17 04:02:45 Q=5
2026-01-06 17:24:03,885 - INFO - [GINSLIB] processing : 2021/12/17 04:02:46 Q=5
2026-01-06 17:24:03,893 - INFO - [GINSLIB] processing : 2021/12/17 04:02:47 Q=5
2026-01-06 17:24:03,900 - INFO - [GINSLIB] processing : 2021/12/17 04:02:48 Q=5
2026-01-06 17:24:03,907 - INFO - [GINSLIB] processing : 2021/12/17 04:02:49 Q=5
2026-01-06 17:24:03,915 - INFO - [GINSLIB] processing : 2021/12/17 04:02:50 Q=5
2026-01-06 17:24:03,922 - INFO - [GINSLIB] processing : 2021/12/17 04:02:51 Q=5
2026-01-06 17:24:03,929 - INFO - [GINSLIB] processing : 2021/12/17 04:02:52 Q=5
2026-01-06 17:24:03,937 - INFO - [GINSLIB] processing : 2021/12/17 04:02:53 Q=5
2026-01-06 17:24:03,944 - INFO - [GINSLIB] processing : 2021/12/17 04:02:54 Q=5
2026-01-06 17:24:03,951 - INFO - [GINSLIB] processing : 2021/12/17 04:02:55 Q=5
2026-01-06 17:24:03,958 - INFO - [GINSLIB] processing : 2021/12/17 04:02:56 Q=5
2026-01-06 17:24:03,965 - INFO - [GINSLIB] processing : 2021/12/17 04:02:57 Q=5
2026-01-06 17:24:03,974 - INFO - [GINSLIB] processing : 2021/12/17 04:02:58 Q=5
2026-01-06 17:24:03,980 - INFO - [GINSLIB] processing : 2021/12/17 04:02:59 Q=5
2026-01-06 17:24:03,986 - INFO - [GINSLIB] processing : 2021/12/17 04:03:00 Q=5
2026-01-06 17:24:03,994 - INFO - [GINSLIB] processing : 2021/12/17 04:03:01 Q=5
2026-01-06 17:24:04,001 - INFO - [GINSLIB] processing : 2021/12/17 04:03:02 Q=5
2026-01-06 17:24:04,008 - INFO - [GINSLIB] processing : 2021/12/17 04:03:03 Q=5
2026-01-06 17:24:04,020 - INFO - [GINSLIB] processing : 2021/12/17 04:03:04 Q=5
2026-01-06 17:24:04,021 - INFO - [GINSLIB] processing : 2021/12/17 04:03:05 Q=5
2026-01-06 17:24:04,029 - INFO - [GINSLIB] processing : 2021/12/17 04:03:06 Q=5
2026-01-06 17:24:04,037 - INFO - [GINSLIB] processing : 2021/12/17 04:03:07 Q=5
2026-01-06 17:24:04,045 - INFO - [GINSLIB] processing : 2021/12/17 04:03:08 Q=5
2026-01-06 17:24:04,056 - INFO - [GINSLIB] processing : 2021/12/17 04:03:09 Q=5
2026-01-06 17:24:04,057 - INFO - [GINSLIB] processing : 2021/12/17 04:03:10 Q=5
2026-01-06 17:24:04,066 - INFO - [GINSLIB] processing : 2021/12/17 04:03:11 Q=5
2026-01-06 17:24:04,073 - INFO - [GINSLIB] processing : 2021/12/17 04:03:12 Q=5
2026-01-06 17:24:04,079 - INFO - [GINSLIB] processing : 2021/12/17 04:03:13 Q=5
2026-01-06 17:24:04,091 - INFO - [GINSLIB] processing : 2021/12/17 04:03:14 Q=5
2026-01-06 17:24:04,093 - INFO - [GINSLIB] processing : 2021/12/17 04:03:15 Q=5
2026-01-06 17:24:04,100 - INFO - [GINSLIB] processing : 2021/12/17 04:03:16 Q=5
2026-01-06 17:24:04,107 - INFO - [GINSLIB] processing : 2021/12/17 04:03:17 Q=5
2026-01-06 17:24:04,114 - INFO - [GINSLIB] processing : 2021/12/17 04:03:18 Q=5
2026-01-06 17:24:04,120 - INFO - [GINSLIB] processing : 2021/12/17 04:03:19 Q=5
2026-01-06 17:24:04,127 - INFO - [GINSLIB] processing : 2021/12/17 04:03:20 Q=5
2026-01-06 17:24:04,134 - INFO - [GINSLIB] processing : 2021/12/17 04:03:21 Q=5
2026-01-06 17:24:04,141 - INFO - [GINSLIB] processing : 2021/12/17 04:03:22 Q=5
2026-01-06 17:24:04,148 - INFO - [GINSLIB] processing : 2021/12/17 04:03:23 Q=5
2026-01-06 17:24:04,155 - INFO - [GINSLIB] processing : 2021/12/17 04:03:24 Q=5
2026-01-06 17:24:04,162 - INFO - [GINSLIB] processing : 2021/12/17 04:03:25 Q=5
2026-01-06 17:24:04,169 - INFO - [GINSLIB] processing : 2021/12/17 04:03:26 Q=5
2026-01-06 17:24:04,176 - INFO - [GINSLIB] processing : 2021/12/17 04:03:27 Q=5
2026-01-06 17:24:04,182 - INFO - [GINSLIB] processing : 2021/12/17 04:03:28 Q=5
2026-01-06 17:24:04,189 - INFO - [GINSLIB] processing : 2021/12/17 04:03:29 Q=5
2026-01-06 17:24:04,195 - INFO - [GINSLIB] processing : 2021/12/17 04:03:30 Q=5
2026-01-06 17:24:04,201 - INFO - [GINSLIB] processing : 2021/12/17 04:03:31 Q=5
2026-01-06 17:24:04,208 - INFO - [GINSLIB] processing : 2021/12/17 04:03:32 Q=5
2026-01-06 17:24:04,214 - INFO - [GINSLIB] processing : 2021/12/17 04:03:33 Q=5
2026-01-06 17:24:04,221 - INFO - [GINSLIB] processing : 2021/12/17 04:03:34 Q=5
2026-01-06 17:24:04,232 - INFO - [GINSLIB] processing : 2021/12/17 04:03:35 Q=5
2026-01-06 17:24:04,233 - INFO - [GINSLIB] processing : 2021/12/17 04:03:36 Q=5
2026-01-06 17:24:04,239 - INFO - [GINSLIB] processing : 2021/12/17 04:03:37 Q=5
2026-01-06 17:24:04,245 - INFO - [GINSLIB] processing : 2021/12/17 04:03:38 Q=5
2026-01-06 17:24:04,252 - INFO - [GINSLIB] processing : 2021/12/17 04:03:39 Q=5
2026-01-06 17:24:04,263 - INFO - [GINSLIB] processing : 2021/12/17 04:03:40 Q=5
2026-01-06 17:24:04,264 - INFO - [GINSLIB] processing : 2021/12/17 04:03:41 Q=5
2026-01-06 17:24:04,270 - INFO - [GINSLIB] processing : 2021/12/17 04:03:42 Q=5
2026-01-06 17:24:04,278 - INFO - [GINSLIB] processing : 2021/12/17 04:03:43 Q=5
2026-01-06 17:24:04,285 - INFO - [GINSLIB] processing : 2021/12/17 04:03:44 Q=5
2026-01-06 17:24:04,296 - INFO - [GINSLIB] processing : 2021/12/17 04:03:45 Q=5
2026-01-06 17:24:04,297 - INFO - [GINSLIB] processing : 2021/12/17 04:03:46 Q=5
2026-01-06 17:24:04,303 - INFO - [GINSLIB] processing : 2021/12/17 04:03:47 Q=5
2026-01-06 17:24:04,311 - INFO - [GINSLIB] processing : 2021/12/17 04:03:48 Q=5
2026-01-06 17:24:04,318 - INFO - [GINSLIB] processing : 2021/12/17 04:03:49 Q=5
2026-01-06 17:24:04,324 - INFO - [GINSLIB] processing : 2021/12/17 04:03:50 Q=5
2026-01-06 17:24:04,329 - INFO - [GINSLIB] processing : 2021/12/17 04:03:51 Q=5
2026-01-06 17:24:04,335 - INFO - [GINSLIB] processing : 2021/12/17 04:03:52 Q=5
2026-01-06 17:24:04,342 - INFO - [GINSLIB] processing : 2021/12/17 04:03:53 Q=5
2026-01-06 17:24:04,348 - INFO - [GINSLIB] processing : 2021/12/17 04:03:54 Q=5
2026-01-06 17:24:04,354 - INFO - [GINSLIB] processing : 2021/12/17 04:03:55 Q=5
2026-01-06 17:24:04,360 - INFO - [GINSLIB] processing : 2021/12/17 04:03:56 Q=5
2026-01-06 17:24:04,366 - INFO - [GINSLIB] processing : 2021/12/17 04:03:57 Q=5
2026-01-06 17:24:04,373 - INFO - [GINSLIB] processing : 2021/12/17 04:03:58 Q=5
2026-01-06 17:24:04,380 - INFO - [GINSLIB] processing : 2021/12/17 04:03:59 Q=5
2026-01-06 17:24:04,387 - INFO - [GINSLIB] processing : 2021/12/17 04:04:00 Q=5
2026-01-06 17:24:04,393 - INFO - [GINSLIB] processing : 2021/12/17 04:04:01 Q=5
2026-01-06 17:24:04,400 - INFO - [GINSLIB] processing : 2021/12/17 04:04:02 Q=5
2026-01-06 17:24:04,407 - INFO - [GINSLIB] processing : 2021/12/17 04:04:03 Q=5
2026-01-06 17:24:04,414 - INFO - [GINSLIB] processing : 2021/12/17 04:04:04 Q=5
2026-01-06 17:24:04,421 - INFO - [GINSLIB] processing : 2021/12/17 04:04:05 Q=5
2026-01-06 17:24:04,432 - INFO - [GINSLIB] processing : 2021/12/17 04:04:06 Q=5
2026-01-06 17:24:04,433 - INFO - [GINSLIB] processing : 2021/12/17 04:04:07 Q=5
2026-01-06 17:24:04,439 - INFO - [GINSLIB] processing : 2021/12/17 04:04:08 Q=5
2026-01-06 17:24:04,446 - INFO - [GINSLIB] processing : 2021/12/17 04:04:09 Q=5
2026-01-06 17:24:04,452 - INFO - [GINSLIB] processing : 2021/12/17 04:04:10 Q=5
2026-01-06 17:24:04,465 - INFO - [GINSLIB] processing : 2021/12/17 04:04:11 Q=5
2026-01-06 17:24:04,466 - INFO - [GINSLIB] processing : 2021/12/17 04:04:12 Q=5
2026-01-06 17:24:04,472 - INFO - [GINSLIB] processing : 2021/12/17 04:04:13 Q=5
2026-01-06 17:24:04,480 - INFO - [GINSLIB] processing : 2021/12/17 04:04:14 Q=5
2026-01-06 17:24:04,486 - INFO - [GINSLIB] processing : 2021/12/17 04:04:15 Q=5
2026-01-06 17:24:04,498 - INFO - [GINSLIB] processing : 2021/12/17 04:04:16 Q=5
2026-01-06 17:24:04,499 - INFO - [GINSLIB] processing : 2021/12/17 04:04:17 Q=5
2026-01-06 17:24:04,504 - INFO - [GINSLIB] processing : 2021/12/17 04:04:18 Q=5
2026-01-06 17:24:04,511 - INFO - [GINSLIB] processing : 2021/12/17 04:04:19 Q=5
2026-01-06 17:24:04,517 - INFO - [GINSLIB] processing : 2021/12/17 04:04:20 Q=5
2026-01-06 17:24:04,522 - INFO - [GINSLIB] processing : 2021/12/17 04:04:21 Q=5
2026-01-06 17:24:04,528 - INFO - [GINSLIB] processing : 2021/12/17 04:04:22 Q=5
2026-01-06 17:24:04,534 - INFO - [GINSLIB] processing : 2021/12/17 04:04:23 Q=5
2026-01-06 17:24:04,540 - INFO - [GINSLIB] processing : 2021/12/17 04:04:24 Q=5
2026-01-06 17:24:04,548 - INFO - [GINSLIB] processing : 2021/12/17 04:04:25 Q=5
2026-01-06 17:24:04,554 - INFO - [GINSLIB] processing : 2021/12/17 04:04:26 Q=5
2026-01-06 17:24:04,559 - INFO - [GINSLIB] processing : 2021/12/17 04:04:27 Q=5
2026-01-06 17:24:04,565 - INFO - [GINSLIB] processing : 2021/12/17 04:04:28 Q=5
2026-01-06 17:24:04,571 - INFO - [GINSLIB] processing : 2021/12/17 04:04:29 Q=5
2026-01-06 17:24:04,577 - INFO - [GINSLIB] processing : 2021/12/17 04:04:30 Q=5
2026-01-06 17:24:04,583 - INFO - [GINSLIB] processing : 2021/12/17 04:04:31 Q=5
2026-01-06 17:24:04,589 - INFO - [GINSLIB] processing : 2021/12/17 04:04:32 Q=5
2026-01-06 17:24:04,595 - INFO - [GINSLIB] processing : 2021/12/17 04:04:33 Q=5
2026-01-06 17:24:04,602 - INFO - [GINSLIB] processing : 2021/12/17 04:04:34 Q=5
2026-01-06 17:24:04,608 - INFO - [GINSLIB] processing : 2021/12/17 04:04:35 Q=5
2026-01-06 17:24:04,615 - INFO - [GINSLIB] processing : 2021/12/17 04:04:36 Q=5
2026-01-06 17:24:04,625 - INFO - [GINSLIB] processing : 2021/12/17 04:04:37 Q=5
2026-01-06 17:24:04,626 - INFO - [GINSLIB] processing : 2021/12/17 04:04:38 Q=5
2026-01-06 17:24:04,633 - INFO - [GINSLIB] processing : 2021/12/17 04:04:39 Q=5
2026-01-06 17:24:04,640 - INFO - [GINSLIB] processing : 2021/12/17 04:04:40 Q=5
2026-01-06 17:24:04,646 - INFO - [GINSLIB] processing : 2021/12/17 04:04:41 Q=5
2026-01-06 17:24:04,658 - INFO - [GINSLIB] processing : 2021/12/17 04:04:42 Q=5
2026-01-06 17:24:04,659 - INFO - [GINSLIB] processing : 2021/12/17 04:04:43 Q=5
2026-01-06 17:24:04,667 - INFO - [GINSLIB] processing : 2021/12/17 04:04:44 Q=5
2026-01-06 17:24:04,674 - INFO - [GINSLIB] processing : 2021/12/17 04:04:45 Q=5
2026-01-06 17:24:04,683 - INFO - [GINSLIB] processing : 2021/12/17 04:04:46 Q=5
2026-01-06 17:24:04,695 - INFO - [GINSLIB] processing : 2021/12/17 04:04:47 Q=5
2026-01-06 17:24:04,696 - INFO - [GINSLIB] processing : 2021/12/17 04:04:48 Q=5
2026-01-06 17:24:04,703 - INFO - [GINSLIB] processing : 2021/12/17 04:04:49 Q=5
2026-01-06 17:24:04,710 - INFO - [GINSLIB] processing : 2021/12/17 04:04:50 Q=5
2026-01-06 17:24:04,717 - INFO - [GINSLIB] processing : 2021/12/17 04:04:51 Q=5
2026-01-06 17:24:04,724 - INFO - [GINSLIB] processing : 2021/12/17 04:04:52 Q=5
2026-01-06 17:24:04,731 - INFO - [GINSLIB] processing : 2021/12/17 04:04:53 Q=5
2026-01-06 17:24:04,737 - INFO - [GINSLIB] processing : 2021/12/17 04:04:54 Q=5
2026-01-06 17:24:04,745 - INFO - [GINSLIB] processing : 2021/12/17 04:04:55 Q=5
2026-01-06 17:24:04,751 - INFO - [GINSLIB] processing : 2021/12/17 04:04:56 Q=5
2026-01-06 17:24:04,758 - INFO - [GINSLIB] processing : 2021/12/17 04:04:57 Q=5
2026-01-06 17:24:04,765 - INFO - [GINSLIB] processing : 2021/12/17 04:04:58 Q=5
2026-01-06 17:24:04,772 - INFO - [GINSLIB] processing : 2021/12/17 04:04:59 Q=5
2026-01-06 17:24:04,779 - INFO - [GINSLIB] processing : 2021/12/17 04:05:00 Q=5
2026-01-06 17:24:04,787 - INFO - [GINSLIB] processing : 2021/12/17 04:05:01 Q=5
2026-01-06 17:24:04,795 - INFO - [GINSLIB] processing : 2021/12/17 04:05:02 Q=5
2026-01-06 17:24:04,809 - INFO - [GINSLIB] processing : 2021/12/17 04:05:03 Q=5
2026-01-06 17:24:04,810 - INFO - [GINSLIB] processing : 2021/12/17 04:05:04 Q=5
2026-01-06 17:24:04,816 - INFO - [GINSLIB] processing : 2021/12/17 04:05:05 Q=5
2026-01-06 17:24:04,826 - INFO - [GINSLIB] processing : 2021/12/17 04:05:06 Q=5
2026-01-06 17:24:04,834 - INFO - [GINSLIB] processing : 2021/12/17 04:05:07 Q=5
2026-01-06 17:24:04,847 - INFO - [GINSLIB] processing : 2021/12/17 04:05:08 Q=5
2026-01-06 17:24:04,848 - INFO - [GINSLIB] processing : 2021/12/17 04:05:09 Q=5
2026-01-06 17:24:04,855 - INFO - [GINSLIB] processing : 2021/12/17 04:05:10 Q=5
2026-01-06 17:24:04,863 - INFO - [GINSLIB] processing : 2021/12/17 04:05:11 Q=5
2026-01-06 17:24:04,872 - INFO - [GINSLIB] processing : 2021/12/17 04:05:12 Q=5
2026-01-06 17:24:04,887 - INFO - [GINSLIB] processing : 2021/12/17 04:05:13 Q=5
2026-01-06 17:24:04,888 - INFO - [GINSLIB] processing : 2021/12/17 04:05:14 Q=5
2026-01-06 17:24:04,896 - INFO - [GINSLIB] processing : 2021/12/17 04:05:15 Q=5
2026-01-06 17:24:04,904 - INFO - [GINSLIB] processing : 2021/12/17 04:05:16 Q=5
2026-01-06 17:24:04,914 - INFO - [GINSLIB] processing : 2021/12/17 04:05:17 Q=5
2026-01-06 17:24:04,922 - INFO - [GINSLIB] processing : 2021/12/17 04:05:18 Q=5
2026-01-06 17:24:04,929 - INFO - [GINSLIB] processing : 2021/12/17 04:05:19 Q=5
2026-01-06 17:24:04,937 - INFO - [GINSLIB] processing : 2021/12/17 04:05:20 Q=5
2026-01-06 17:24:04,946 - INFO - [GINSLIB] processing : 2021/12/17 04:05:21 Q=5
2026-01-06 17:24:04,953 - INFO - [GINSLIB] processing : 2021/12/17 04:05:22 Q=5
2026-01-06 17:24:04,962 - INFO - [GINSLIB] processing : 2021/12/17 04:05:23 Q=5
2026-01-06 17:24:04,968 - INFO - [GINSLIB] processing : 2021/12/17 04:05:24 Q=5
2026-01-06 17:24:04,976 - INFO - [GINSLIB] processing : 2021/12/17 04:05:25 Q=5
2026-01-06 17:24:04,984 - INFO - [GINSLIB] processing : 2021/12/17 04:05:26 Q=5
2026-01-06 17:24:04,992 - INFO - [GINSLIB] processing : 2021/12/17 04:05:27 Q=5
2026-01-06 17:24:04,999 - INFO - [GINSLIB] processing : 2021/12/17 04:05:28 Q=5
2026-01-06 17:24:05,006 - INFO - [GINSLIB] processing : 2021/12/17 04:05:29 Q=5
2026-01-06 17:24:05,014 - INFO - [GINSLIB] processing : 2021/12/17 04:05:30 Q=5
2026-01-06 17:24:05,021 - INFO - [GINSLIB] processing : 2021/12/17 04:05:31 Q=5
2026-01-06 17:24:05,029 - INFO - [GINSLIB] processing : 2021/12/17 04:05:32 Q=5
2026-01-06 17:24:05,037 - INFO - [GINSLIB] processing : 2021/12/17 04:05:33 Q=5
2026-01-06 17:24:05,050 - INFO - [GINSLIB] processing : 2021/12/17 04:05:34 Q=5
2026-01-06 17:24:05,051 - INFO - [GINSLIB] processing : 2021/12/17 04:05:35 Q=5
2026-01-06 17:24:05,058 - INFO - [GINSLIB] processing : 2021/12/17 04:05:36 Q=5
2026-01-06 17:24:05,065 - INFO - [GINSLIB] processing : 2021/12/17 04:05:37 Q=5
2026-01-06 17:24:05,073 - INFO - [GINSLIB] processing : 2021/12/17 04:05:38 Q=5
2026-01-06 17:24:05,086 - INFO - [GINSLIB] processing : 2021/12/17 04:05:39 Q=5
2026-01-06 17:24:05,087 - INFO - [GINSLIB] processing : 2021/12/17 04:05:40 Q=5
2026-01-06 17:24:05,095 - INFO - [GINSLIB] processing : 2021/12/17 04:05:41 Q=5
2026-01-06 17:24:05,103 - INFO - [GINSLIB] processing : 2021/12/17 04:05:42 Q=5
2026-01-06 17:24:05,111 - INFO - [GINSLIB] processing : 2021/12/17 04:05:43 Q=5
2026-01-06 17:24:05,123 - INFO - [GINSLIB] processing : 2021/12/17 04:05:44 Q=5
2026-01-06 17:24:05,124 - INFO - [GINSLIB] processing : 2021/12/17 04:05:45 Q=5
2026-01-06 17:24:05,133 - INFO - [GINSLIB] processing : 2021/12/17 04:05:46 Q=5
2026-01-06 17:24:05,141 - INFO - [GINSLIB] processing : 2021/12/17 04:05:47 Q=5
2026-01-06 17:24:05,149 - INFO - [GINSLIB] processing : 2021/12/17 04:05:48 Q=5
2026-01-06 17:24:05,157 - INFO - [GINSLIB] processing : 2021/12/17 04:05:49 Q=5
2026-01-06 17:24:05,164 - INFO - [GINSLIB] processing : 2021/12/17 04:05:50 Q=5
2026-01-06 17:24:05,171 - INFO - [GINSLIB] processing : 2021/12/17 04:05:51 Q=5
2026-01-06 17:24:05,180 - INFO - [GINSLIB] processing : 2021/12/17 04:05:52 Q=5
2026-01-06 17:24:05,187 - INFO - [GINSLIB] processing : 2021/12/17 04:05:53 Q=5
2026-01-06 17:24:05,195 - INFO - [GINSLIB] processing : 2021/12/17 04:05:54 Q=5
2026-01-06 17:24:05,201 - INFO - [GINSLIB] processing : 2021/12/17 04:05:55 Q=5
2026-01-06 17:24:05,208 - INFO - [GINSLIB] processing : 2021/12/17 04:05:56 Q=5
2026-01-06 17:24:05,214 - INFO - [GINSLIB] processing : 2021/12/17 04:05:57 Q=5
2026-01-06 17:24:05,221 - INFO - [GINSLIB] processing : 2021/12/17 04:05:58 Q=5
2026-01-06 17:24:05,228 - INFO - [GINSLIB] processing : 2021/12/17 04:05:59 Q=5
2026-01-06 17:24:05,234 - INFO - [GINSLIB] processing : 2021/12/17 04:06:00 Q=5
2026-01-06 17:24:05,241 - INFO - [GINSLIB] processing : 2021/12/17 04:06:01 Q=5
2026-01-06 17:24:05,247 - INFO - [GINSLIB] processing : 2021/12/17 04:06:02 Q=5
2026-01-06 17:24:05,255 - INFO - [GINSLIB] processing : 2021/12/17 04:06:03 Q=5
2026-01-06 17:24:05,261 - INFO - [GINSLIB] processing : 2021/12/17 04:06:04 Q=5
2026-01-06 17:24:05,272 - INFO - [GINSLIB] processing : 2021/12/17 04:06:05 Q=5
2026-01-06 17:24:05,273 - INFO - [GINSLIB] processing : 2021/12/17 04:06:06 Q=5
2026-01-06 17:24:05,280 - INFO - [GINSLIB] processing : 2021/12/17 04:06:07 Q=5
2026-01-06 17:24:05,287 - INFO - [GINSLIB] processing : 2021/12/17 04:06:08 Q=5
2026-01-06 17:24:05,294 - INFO - [GINSLIB] processing : 2021/12/17 04:06:09 Q=5
2026-01-06 17:24:05,305 - INFO - [GINSLIB] processing : 2021/12/17 04:06:10 Q=5
2026-01-06 17:24:05,306 - INFO - [GINSLIB] processing : 2021/12/17 04:06:11 Q=5
2026-01-06 17:24:05,313 - INFO - [GINSLIB] processing : 2021/12/17 04:06:12 Q=5
2026-01-06 17:24:05,321 - INFO - [GINSLIB] processing : 2021/12/17 04:06:13 Q=5
2026-01-06 17:24:05,328 - INFO - [GINSLIB] processing : 2021/12/17 04:06:14 Q=5
2026-01-06 17:24:05,339 - INFO - [GINSLIB] processing : 2021/12/17 04:06:15 Q=5
2026-01-06 17:24:05,341 - INFO - [GINSLIB] processing : 2021/12/17 04:06:16 Q=5
2026-01-06 17:24:05,349 - INFO - [GINSLIB] processing : 2021/12/17 04:06:17 Q=5
2026-01-06 17:24:05,356 - INFO - [GINSLIB] processing : 2021/12/17 04:06:18 Q=5
2026-01-06 17:24:05,364 - INFO - [GINSLIB] processing : 2021/12/17 04:06:19 Q=5
2026-01-06 17:24:05,371 - INFO - [GINSLIB] processing : 2021/12/17 04:06:20 Q=5
2026-01-06 17:24:05,378 - INFO - [GINSLIB] processing : 2021/12/17 04:06:21 Q=5
2026-01-06 17:24:05,385 - INFO - [GINSLIB] processing : 2021/12/17 04:06:22 Q=5
2026-01-06 17:24:05,393 - INFO - [GINSLIB] processing : 2021/12/17 04:06:23 Q=5
2026-01-06 17:24:05,400 - INFO - [GINSLIB] processing : 2021/12/17 04:06:24 Q=5
2026-01-06 17:24:05,407 - INFO - [GINSLIB] processing : 2021/12/17 04:06:25 Q=5
2026-01-06 17:24:05,413 - INFO - [GINSLIB] processing : 2021/12/17 04:06:26 Q=5
2026-01-06 17:24:05,420 - INFO - [GINSLIB] processing : 2021/12/17 04:06:27 Q=5
2026-01-06 17:24:05,429 - INFO - [GINSLIB] processing : 2021/12/17 04:06:28 Q=5
2026-01-06 17:24:05,436 - INFO - [GINSLIB] processing : 2021/12/17 04:06:29 Q=5
2026-01-06 17:24:05,443 - INFO - [GINSLIB] processing : 2021/12/17 04:06:30 Q=5
2026-01-06 17:24:05,449 - INFO - [GINSLIB] processing : 2021/12/17 04:06:31 Q=5
2026-01-06 17:24:05,457 - INFO - [GINSLIB] processing : 2021/12/17 04:06:32 Q=5
2026-01-06 17:24:05,463 - INFO - [GINSLIB] processing : 2021/12/17 04:06:33 Q=5
2026-01-06 17:24:05,471 - INFO - [GINSLIB] processing : 2021/12/17 04:06:34 Q=5
2026-01-06 17:24:05,478 - INFO - [GINSLIB] processing : 2021/12/17 04:06:35 Q=5
2026-01-06 17:24:05,491 - INFO - [GINSLIB] processing : 2021/12/17 04:06:36 Q=5
2026-01-06 17:24:05,492 - INFO - [GINSLIB] processing : 2021/12/17 04:06:37 Q=5
2026-01-06 17:24:05,500 - INFO - [GINSLIB] processing : 2021/12/17 04:06:38 Q=5
2026-01-06 17:24:05,507 - INFO - [GINSLIB] processing : 2021/12/17 04:06:39 Q=5
2026-01-06 17:24:05,514 - INFO - [GINSLIB] processing : 2021/12/17 04:06:40 Q=5
2026-01-06 17:24:05,525 - INFO - [GINSLIB] processing : 2021/12/17 04:06:41 Q=5
2026-01-06 17:24:05,526 - INFO - [GINSLIB] processing : 2021/12/17 04:06:42 Q=5
2026-01-06 17:24:05,534 - INFO - [GINSLIB] processing : 2021/12/17 04:06:43 Q=5
2026-01-06 17:24:05,541 - INFO - [GINSLIB] processing : 2021/12/17 04:06:44 Q=5
2026-01-06 17:24:05,549 - INFO - [GINSLIB] processing : 2021/12/17 04:06:45 Q=5
2026-01-06 17:24:05,561 - INFO - [GINSLIB] processing : 2021/12/17 04:06:46 Q=5
2026-01-06 17:24:05,562 - INFO - [GINSLIB] processing : 2021/12/17 04:06:47 Q=5
2026-01-06 17:24:05,569 - INFO - [GINSLIB] processing : 2021/12/17 04:06:48 Q=5
2026-01-06 17:24:05,576 - INFO - [GINSLIB] processing : 2021/12/17 04:06:49 Q=5
2026-01-06 17:24:05,583 - INFO - [GINSLIB] processing : 2021/12/17 04:06:50 Q=5
2026-01-06 17:24:05,590 - INFO - [GINSLIB] processing : 2021/12/17 04:06:51 Q=5
2026-01-06 17:24:05,597 - INFO - [GINSLIB] processing : 2021/12/17 04:06:52 Q=5
2026-01-06 17:24:05,603 - INFO - [GINSLIB] processing : 2021/12/17 04:06:53 Q=5
2026-01-06 17:24:05,610 - INFO - [GINSLIB] processing : 2021/12/17 04:06:54 Q=5
2026-01-06 17:24:05,617 - INFO - [GINSLIB] processing : 2021/12/17 04:06:55 Q=5
2026-01-06 17:24:05,625 - INFO - [GINSLIB] processing : 2021/12/17 04:06:56 Q=5
2026-01-06 17:24:05,631 - INFO - [GINSLIB] processing : 2021/12/17 04:06:57 Q=5
2026-01-06 17:24:05,637 - INFO - [GINSLIB] processing : 2021/12/17 04:06:58 Q=5
2026-01-06 17:24:05,645 - INFO - [GINSLIB] processing : 2021/12/17 04:06:59 Q=5
2026-01-06 17:24:05,651 - INFO - [GINSLIB] processing : 2021/12/17 04:07:00 Q=5
2026-01-06 17:24:05,659 - INFO - [GINSLIB] processing : 2021/12/17 04:07:01 Q=5
2026-01-06 17:24:05,664 - INFO - [GINSLIB] processing : 2021/12/17 04:07:02 Q=5
2026-01-06 17:24:05,671 - INFO - [GINSLIB] processing : 2021/12/17 04:07:03 Q=5
2026-01-06 17:24:05,679 - INFO - [GINSLIB] processing : 2021/12/17 04:07:04 Q=5
2026-01-06 17:24:05,685 - INFO - [GINSLIB] processing : 2021/12/17 04:07:05 Q=5
2026-01-06 17:24:05,693 - INFO - [GINSLIB] processing : 2021/12/17 04:07:06 Q=5
2026-01-06 17:24:05,705 - INFO - [GINSLIB] processing : 2021/12/17 04:07:07 Q=5
2026-01-06 17:24:05,706 - INFO - [GINSLIB] processing : 2021/12/17 04:07:08 Q=5
2026-01-06 17:24:05,712 - INFO - [GINSLIB] processing : 2021/12/17 04:07:09 Q=5
2026-01-06 17:24:05,719 - INFO - [GINSLIB] processing : 2021/12/17 04:07:10 Q=5
2026-01-06 17:24:05,726 - INFO - [GINSLIB] processing : 2021/12/17 04:07:11 Q=5
2026-01-06 17:24:05,738 - INFO - [GINSLIB] processing : 2021/12/17 04:07:12 Q=5
2026-01-06 17:24:05,739 - INFO - [GINSLIB] processing : 2021/12/17 04:07:13 Q=5
2026-01-06 17:24:05,746 - INFO - [GINSLIB] processing : 2021/12/17 04:07:14 Q=5
2026-01-06 17:24:05,754 - INFO - [GINSLIB] processing : 2021/12/17 04:07:15 Q=5
2026-01-06 17:24:05,761 - INFO - [GINSLIB] processing : 2021/12/17 04:07:16 Q=5
2026-01-06 17:24:05,775 - INFO - [GINSLIB] processing : 2021/12/17 04:07:17 Q=5
2026-01-06 17:24:05,776 - INFO - [GINSLIB] processing : 2021/12/17 04:07:18 Q=5
2026-01-06 17:24:05,783 - INFO - [GINSLIB] processing : 2021/12/17 04:07:19 Q=5
2026-01-06 17:24:05,790 - INFO - [GINSLIB] processing : 2021/12/17 04:07:20 Q=5
2026-01-06 17:24:05,797 - INFO - [GINSLIB] processing : 2021/12/17 04:07:21 Q=5
2026-01-06 17:24:05,804 - INFO - [GINSLIB] processing : 2021/12/17 04:07:22 Q=5
2026-01-06 17:24:05,810 - INFO - [GINSLIB] processing : 2021/12/17 04:07:23 Q=5
2026-01-06 17:24:05,816 - INFO - [GINSLIB] processing : 2021/12/17 04:07:24 Q=5
2026-01-06 17:24:05,822 - INFO - [GINSLIB] processing : 2021/12/17 04:07:25 Q=5
2026-01-06 17:24:05,830 - INFO - [GINSLIB] processing : 2021/12/17 04:07:26 Q=5
2026-01-06 17:24:05,836 - INFO - [GINSLIB] processing : 2021/12/17 04:07:27 Q=5
2026-01-06 17:24:05,842 - INFO - [GINSLIB] processing : 2021/12/17 04:07:28 Q=5
2026-01-06 17:24:05,848 - INFO - [GINSLIB] processing : 2021/12/17 04:07:29 Q=5
2026-01-06 17:24:05,855 - INFO - [GINSLIB] processing : 2021/12/17 04:07:30 Q=5
2026-01-06 17:24:05,863 - INFO - [GINSLIB] processing : 2021/12/17 04:07:31 Q=5
2026-01-06 17:24:05,869 - INFO - [GINSLIB] processing : 2021/12/17 04:07:32 Q=5
2026-01-06 17:24:05,874 - INFO - [GINSLIB] processing : 2021/12/17 04:07:33 Q=5
2026-01-06 17:24:05,880 - INFO - [GINSLIB] processing : 2021/12/17 04:07:34 Q=5
2026-01-06 17:24:05,887 - INFO - [GINSLIB] processing : 2021/12/17 04:07:35 Q=5
2026-01-06 17:24:05,895 - INFO - [GINSLIB] processing : 2021/12/17 04:07:36 Q=5
2026-01-06 17:24:05,901 - INFO - [GINSLIB] processing : 2021/12/17 04:07:37 Q=5
2026-01-06 17:24:05,912 - INFO - [GINSLIB] processing : 2021/12/17 04:07:38 Q=5
2026-01-06 17:24:05,913 - INFO - [GINSLIB] processing : 2021/12/17 04:07:39 Q=5
2026-01-06 17:24:05,922 - INFO - [GINSLIB] processing : 2021/12/17 04:07:40 Q=5
2026-01-06 17:24:05,928 - INFO - [GINSLIB] processing : 2021/12/17 04:07:41 Q=5
2026-01-06 17:24:05,935 - INFO - [GINSLIB] processing : 2021/12/17 04:07:42 Q=5
2026-01-06 17:24:05,946 - INFO - [GINSLIB] processing : 2021/12/17 04:07:43 Q=5
2026-01-06 17:24:05,947 - INFO - [GINSLIB] processing : 2021/12/17 04:07:44 Q=5
2026-01-06 17:24:05,954 - INFO - [GINSLIB] processing : 2021/12/17 04:07:45 Q=5
2026-01-06 17:24:05,961 - INFO - [GINSLIB] processing : 2021/12/17 04:07:46 Q=5
2026-01-06 17:24:05,967 - INFO - [GINSLIB] processing : 2021/12/17 04:07:47 Q=5
2026-01-06 17:24:05,973 - INFO - [GINSLIB] processing : 2021/12/17 04:07:48 Q=5
2026-01-06 17:24:05,978 - INFO - [GINSLIB] processing : 2021/12/17 04:07:49 Q=5
2026-01-06 17:24:05,985 - INFO - [GINSLIB] processing : 2021/12/17 04:07:50 Q=5
2026-01-06 17:24:05,991 - INFO - [GINSLIB] processing : 2021/12/17 04:07:51 Q=5
2026-01-06 17:24:05,998 - INFO - [GINSLIB] processing : 2021/12/17 04:07:52 Q=5
2026-01-06 17:24:06,004 - INFO - [GINSLIB] processing : 2021/12/17 04:07:53 Q=5
2026-01-06 17:24:06,010 - INFO - [GINSLIB] processing : 2021/12/17 04:07:54 Q=5
2026-01-06 17:24:06,018 - INFO - [GINSLIB] processing : 2021/12/17 04:07:55 Q=5
2026-01-06 17:24:06,025 - INFO - [GINSLIB] processing : 2021/12/17 04:07:56 Q=5
2026-01-06 17:24:06,031 - INFO - [GINSLIB] processing : 2021/12/17 04:07:57 Q=5
2026-01-06 17:24:06,037 - INFO - [GINSLIB] processing : 2021/12/17 04:07:58 Q=5
2026-01-06 17:24:06,045 - INFO - [GINSLIB] processing : 2021/12/17 04:07:59 Q=5
2026-01-06 17:24:06,052 - INFO - [GINSLIB] processing : 2021/12/17 04:08:00 Q=5
2026-01-06 17:24:06,059 - INFO - [GINSLIB] processing : 2021/12/17 04:08:01 Q=5
2026-01-06 17:24:06,066 - INFO - [GINSLIB] processing : 2021/12/17 04:08:02 Q=5
2026-01-06 17:24:06,072 - INFO - [GINSLIB] processing : 2021/12/17 04:08:03 Q=5
2026-01-06 17:24:06,084 - INFO - [GINSLIB] processing : 2021/12/17 04:08:04 Q=5
2026-01-06 17:24:06,086 - INFO - [GINSLIB] processing : 2021/12/17 04:08:05 Q=5
2026-01-06 17:24:06,093 - INFO - [GINSLIB] processing : 2021/12/17 04:08:06 Q=5
2026-01-06 17:24:06,099 - INFO - [GINSLIB] processing : 2021/12/17 04:08:07 Q=5
2026-01-06 17:24:06,106 - INFO - [GINSLIB] processing : 2021/12/17 04:08:08 Q=5
2026-01-06 17:24:06,118 - INFO - [GINSLIB] processing : 2021/12/17 04:08:09 Q=5
2026-01-06 17:24:06,119 - INFO - [GINSLIB] processing : 2021/12/17 04:08:10 Q=5
2026-01-06 17:24:06,126 - INFO - [GINSLIB] processing : 2021/12/17 04:08:11 Q=5
2026-01-06 17:24:06,132 - INFO - [GINSLIB] processing : 2021/12/17 04:08:12 Q=5
2026-01-06 17:24:06,139 - INFO - [GINSLIB] processing : 2021/12/17 04:08:13 Q=5
2026-01-06 17:24:06,151 - INFO - [GINSLIB] processing : 2021/12/17 04:08:14 Q=5
2026-01-06 17:24:06,152 - INFO - [GINSLIB] processing : 2021/12/17 04:08:15 Q=5
2026-01-06 17:24:06,159 - INFO - [GINSLIB] processing : 2021/12/17 04:08:16 Q=5
2026-01-06 17:24:06,167 - INFO - [GINSLIB] processing : 2021/12/17 04:08:17 Q=5
2026-01-06 17:24:06,174 - INFO - [GINSLIB] processing : 2021/12/17 04:08:18 Q=5
2026-01-06 17:24:06,180 - INFO - [GINSLIB] processing : 2021/12/17 04:08:19 Q=5
2026-01-06 17:24:06,187 - INFO - [GINSLIB] processing : 2021/12/17 04:08:20 Q=5
2026-01-06 17:24:06,194 - INFO - [GINSLIB] processing : 2021/12/17 04:08:21 Q=5
2026-01-06 17:24:06,202 - INFO - [GINSLIB] processing : 2021/12/17 04:08:22 Q=5
2026-01-06 17:24:06,209 - INFO - [GINSLIB] processing : 2021/12/17 04:08:23 Q=5
2026-01-06 17:24:06,216 - INFO - [GINSLIB] processing : 2021/12/17 04:08:24 Q=5
2026-01-06 17:24:06,222 - INFO - [GINSLIB] processing : 2021/12/17 04:08:25 Q=5
2026-01-06 17:24:06,230 - INFO - [GINSLIB] processing : 2021/12/17 04:08:26 Q=5
2026-01-06 17:24:06,236 - INFO - [GINSLIB] processing : 2021/12/17 04:08:27 Q=5
2026-01-06 17:24:06,244 - INFO - [GINSLIB] processing : 2021/12/17 04:08:28 Q=5
2026-01-06 17:24:06,250 - INFO - [GINSLIB] processing : 2021/12/17 04:08:29 Q=5
2026-01-06 17:24:06,257 - INFO - [GINSLIB] processing : 2021/12/17 04:08:30 Q=5
2026-01-06 17:24:06,265 - INFO - [GINSLIB] processing : 2021/12/17 04:08:31 Q=5
2026-01-06 17:24:06,272 - INFO - [GINSLIB] processing : 2021/12/17 04:08:32 Q=5
2026-01-06 17:24:06,281 - INFO - [GINSLIB] processing : 2021/12/17 04:08:33 Q=5
2026-01-06 17:24:06,288 - INFO - [GINSLIB] processing : 2021/12/17 04:08:34 Q=5
2026-01-06 17:24:06,300 - INFO - [GINSLIB] processing : 2021/12/17 04:08:35 Q=5
2026-01-06 17:24:06,301 - INFO - [GINSLIB] processing : 2021/12/17 04:08:36 Q=5
2026-01-06 17:24:06,309 - INFO - [GINSLIB] processing : 2021/12/17 04:08:37 Q=5
2026-01-06 17:24:06,316 - INFO - [GINSLIB] processing : 2021/12/17 04:08:38 Q=5
2026-01-06 17:24:06,323 - INFO - [GINSLIB] processing : 2021/12/17 04:08:39 Q=5
2026-01-06 17:24:06,336 - INFO - [GINSLIB] processing : 2021/12/17 04:08:40 Q=5
2026-01-06 17:24:06,337 - INFO - [GINSLIB] processing : 2021/12/17 04:08:41 Q=5
2026-01-06 17:24:06,345 - INFO - [GINSLIB] processing : 2021/12/17 04:08:42 Q=5
2026-01-06 17:24:06,352 - INFO - [GINSLIB] processing : 2021/12/17 04:08:43 Q=5
2026-01-06 17:24:06,361 - INFO - [GINSLIB] processing : 2021/12/17 04:08:44 Q=5
2026-01-06 17:24:06,373 - INFO - [GINSLIB] processing : 2021/12/17 04:08:45 Q=5
2026-01-06 17:24:06,374 - INFO - [GINSLIB] processing : 2021/12/17 04:08:46 Q=5
2026-01-06 17:24:06,381 - INFO - [GINSLIB] processing : 2021/12/17 04:08:47 Q=5
2026-01-06 17:24:06,390 - INFO - [GINSLIB] processing : 2021/12/17 04:08:48 Q=5
2026-01-06 17:24:06,397 - INFO - [GINSLIB] processing : 2021/12/17 04:08:49 Q=5
2026-01-06 17:24:06,404 - INFO - [GINSLIB] processing : 2021/12/17 04:08:50 Q=5
2026-01-06 17:24:06,410 - INFO - [GINSLIB] processing : 2021/12/17 04:08:51 Q=5
2026-01-06 17:24:06,418 - INFO - [GINSLIB] processing : 2021/12/17 04:08:52 Q=5
2026-01-06 17:24:06,425 - INFO - [GINSLIB] processing : 2021/12/17 04:08:53 Q=5
2026-01-06 17:24:06,433 - INFO - [GINSLIB] processing : 2021/12/17 04:08:54 Q=5
2026-01-06 17:24:06,440 - INFO - [GINSLIB] processing : 2021/12/17 04:08:55 Q=5
2026-01-06 17:24:06,448 - INFO - [GINSLIB] processing : 2021/12/17 04:08:56 Q=5
2026-01-06 17:24:06,455 - INFO - [GINSLIB] processing : 2021/12/17 04:08:57 Q=5
2026-01-06 17:24:06,462 - INFO - [GINSLIB] processing : 2021/12/17 04:08:58 Q=5
2026-01-06 17:24:06,469 - INFO - [GINSLIB] processing : 2021/12/17 04:08:59 Q=5
2026-01-06 17:24:06,477 - INFO - [GINSLIB] processing : 2021/12/17 04:09:00 Q=5
2026-01-06 17:24:06,483 - INFO - [GINSLIB] processing : 2021/12/17 04:09:01 Q=5
2026-01-06 17:24:06,491 - INFO - [GINSLIB] processing : 2021/12/17 04:09:02 Q=5
2026-01-06 17:24:06,500 - INFO - [GINSLIB] processing : 2021/12/17 04:09:03 Q=5
2026-01-06 17:24:06,508 - INFO - [GINSLIB] processing : 2021/12/17 04:09:04 Q=5
2026-01-06 17:24:06,516 - INFO - [GINSLIB] processing : 2021/12/17 04:09:05 Q=5
2026-01-06 17:24:06,530 - INFO - [GINSLIB] processing : 2021/12/17 04:09:06 Q=5
2026-01-06 17:24:06,531 - INFO - [GINSLIB] processing : 2021/12/17 04:09:07 Q=5
2026-01-06 17:24:06,538 - INFO - [GINSLIB] processing : 2021/12/17 04:09:08 Q=5
2026-01-06 17:24:06,546 - INFO - [GINSLIB] processing : 2021/12/17 04:09:09 Q=5
2026-01-06 17:24:06,553 - INFO - [GINSLIB] processing : 2021/12/17 04:09:10 Q=5
2026-01-06 17:24:06,565 - INFO - [GINSLIB] processing : 2021/12/17 04:09:11 Q=5
2026-01-06 17:24:06,566 - INFO - [GINSLIB] processing : 2021/12/17 04:09:12 Q=5
2026-01-06 17:24:06,575 - INFO - [GINSLIB] processing : 2021/12/17 04:09:13 Q=5
2026-01-06 17:24:06,582 - INFO - [GINSLIB] processing : 2021/12/17 04:09:14 Q=5
2026-01-06 17:24:06,590 - INFO - [GINSLIB] processing : 2021/12/17 04:09:15 Q=5
2026-01-06 17:24:06,603 - INFO - [GINSLIB] processing : 2021/12/17 04:09:16 Q=5
2026-01-06 17:24:06,604 - INFO - [GINSLIB] processing : 2021/12/17 04:09:17 Q=5
2026-01-06 17:24:06,612 - INFO - [GINSLIB] processing : 2021/12/17 04:09:18 Q=5
2026-01-06 17:24:06,620 - INFO - [GINSLIB] processing : 2021/12/17 04:09:19 Q=5
2026-01-06 17:24:06,629 - INFO - [GINSLIB] processing : 2021/12/17 04:09:20 Q=5
2026-01-06 17:24:06,638 - INFO - [GINSLIB] processing : 2021/12/17 04:09:21 Q=5
2026-01-06 17:24:06,645 - INFO - [GINSLIB] processing : 2021/12/17 04:09:22 Q=5
2026-01-06 17:24:06,653 - INFO - [GINSLIB] processing : 2021/12/17 04:09:23 Q=5
2026-01-06 17:24:06,661 - INFO - [GINSLIB] processing : 2021/12/17 04:09:24 Q=5
2026-01-06 17:24:06,669 - INFO - [GINSLIB] processing : 2021/12/17 04:09:25 Q=5
2026-01-06 17:24:06,678 - INFO - [GINSLIB] processing : 2021/12/17 04:09:26 Q=5
2026-01-06 17:24:06,684 - INFO - [GINSLIB] processing : 2021/12/17 04:09:27 Q=5
2026-01-06 17:24:06,693 - INFO - [GINSLIB] processing : 2021/12/17 04:09:28 Q=5
2026-01-06 17:24:06,700 - INFO - [GINSLIB] processing : 2021/12/17 04:09:29 Q=5
2026-01-06 17:24:06,710 - INFO - [GINSLIB] processing : 2021/12/17 04:09:30 Q=5
2026-01-06 17:24:06,718 - INFO - [GINSLIB] processing : 2021/12/17 04:09:31 Q=5
2026-01-06 17:24:06,727 - INFO - [GINSLIB] processing : 2021/12/17 04:09:32 Q=5
2026-01-06 17:24:06,736 - INFO - [GINSLIB] processing : 2021/12/17 04:09:33 Q=5
2026-01-06 17:24:06,744 - INFO - [GINSLIB] processing : 2021/12/17 04:09:34 Q=5
2026-01-06 17:24:06,752 - INFO - [GINSLIB] processing : 2021/12/17 04:09:35 Q=5
2026-01-06 17:24:06,761 - INFO - [GINSLIB] processing : 2021/12/17 04:09:36 Q=5
2026-01-06 17:24:06,776 - INFO - [GINSLIB] processing : 2021/12/17 04:09:37 Q=5
2026-01-06 17:24:06,777 - INFO - [GINSLIB] processing : 2021/12/17 04:09:38 Q=5
2026-01-06 17:24:06,784 - INFO - [GINSLIB] processing : 2021/12/17 04:09:39 Q=5
2026-01-06 17:24:06,793 - INFO - [GINSLIB] processing : 2021/12/17 04:09:40 Q=5
2026-01-06 17:24:06,800 - INFO - [GINSLIB] processing : 2021/12/17 04:09:41 Q=5
2026-01-06 17:24:06,813 - INFO - [GINSLIB] processing : 2021/12/17 04:09:42 Q=5
2026-01-06 17:24:06,814 - INFO - [GINSLIB] processing : 2021/12/17 04:09:43 Q=5
2026-01-06 17:24:06,823 - INFO - [GINSLIB] processing : 2021/12/17 04:09:44 Q=5
2026-01-06 17:24:06,830 - INFO - [GINSLIB] processing : 2021/12/17 04:09:45 Q=5
2026-01-06 17:24:06,839 - INFO - [GINSLIB] processing : 2021/12/17 04:09:46 Q=5
2026-01-06 17:24:06,852 - INFO - [GINSLIB] processing : 2021/12/17 04:09:47 Q=5
2026-01-06 17:24:06,853 - INFO - [GINSLIB] processing : 2021/12/17 04:09:48 Q=5
2026-01-06 17:24:06,861 - INFO - [GINSLIB] processing : 2021/12/17 04:09:49 Q=5
2026-01-06 17:24:06,869 - INFO - [GINSLIB] processing : 2021/12/17 04:09:50 Q=5
2026-01-06 17:24:06,876 - INFO - [GINSLIB] processing : 2021/12/17 04:09:51 Q=5
2026-01-06 17:24:06,885 - INFO - [GINSLIB] processing : 2021/12/17 04:09:52 Q=5
2026-01-06 17:24:06,892 - INFO - [GINSLIB] processing : 2021/12/17 04:09:53 Q=5
2026-01-06 17:24:06,900 - INFO - [GINSLIB] processing : 2021/12/17 04:09:54 Q=5
2026-01-06 17:24:06,908 - INFO - [GINSLIB] processing : 2021/12/17 04:09:55 Q=5
2026-01-06 17:24:06,917 - INFO - [GINSLIB] processing : 2021/12/17 04:09:56 Q=5
2026-01-06 17:24:06,924 - INFO - [GINSLIB] processing : 2021/12/17 04:09:57 Q=5
2026-01-06 17:24:06,932 - INFO - [GINSLIB] processing : 2021/12/17 04:09:58 Q=5
2026-01-06 17:24:06,939 - INFO - [GINSLIB] processing : 2021/12/17 04:09:59 Q=5
2026-01-06 17:24:06,949 - INFO - [GINSLIB] processing : 2021/12/17 04:10:00 Q=5
2026-01-06 17:24:06,956 - INFO - [GINSLIB] processing : 2021/12/17 04:10:01 Q=5
2026-01-06 17:24:06,964 - INFO - [GINSLIB] processing : 2021/12/17 04:10:02 Q=5
2026-01-06 17:24:06,970 - INFO - [GINSLIB] processing : 2021/12/17 04:10:03 Q=5
2026-01-06 17:24:06,978 - INFO - [GINSLIB] processing : 2021/12/17 04:10:04 Q=5
2026-01-06 17:24:06,985 - INFO - [GINSLIB] processing : 2021/12/17 04:10:05 Q=5
2026-01-06 17:24:06,993 - INFO - [GINSLIB] processing : 2021/12/17 04:10:06 Q=5
2026-01-06 17:24:07,001 - INFO - [GINSLIB] processing : 2021/12/17 04:10:07 Q=5
2026-01-06 17:24:07,015 - INFO - [GINSLIB] processing : 2021/12/17 04:10:08 Q=5
2026-01-06 17:24:07,016 - INFO - [GINSLIB] processing : 2021/12/17 04:10:09 Q=5
2026-01-06 17:24:07,025 - INFO - [GINSLIB] processing : 2021/12/17 04:10:10 Q=5
2026-01-06 17:24:07,033 - INFO - [GINSLIB] processing : 2021/12/17 04:10:11 Q=5
2026-01-06 17:24:07,041 - INFO - [GINSLIB] processing : 2021/12/17 04:10:12 Q=5
2026-01-06 17:24:07,054 - INFO - [GINSLIB] processing : 2021/12/17 04:10:13 Q=5
2026-01-06 17:24:07,056 - INFO - [GINSLIB] processing : 2021/12/17 04:10:14 Q=5
2026-01-06 17:24:07,063 - INFO - [GINSLIB] processing : 2021/12/17 04:10:15 Q=5
2026-01-06 17:24:07,072 - INFO - [GINSLIB] processing : 2021/12/17 04:10:16 Q=5
2026-01-06 17:24:07,078 - INFO - [GINSLIB] processing : 2021/12/17 04:10:17 Q=5
2026-01-06 17:24:07,090 - INFO - [GINSLIB] processing : 2021/12/17 04:10:18 Q=5
2026-01-06 17:24:07,092 - INFO - [GINSLIB] processing : 2021/12/17 04:10:19 Q=5
2026-01-06 17:24:07,098 - INFO - [GINSLIB] processing : 2021/12/17 04:10:20 Q=5
2026-01-06 17:24:07,107 - INFO - [GINSLIB] processing : 2021/12/17 04:10:21 Q=5
2026-01-06 17:24:07,114 - INFO - [GINSLIB] processing : 2021/12/17 04:10:22 Q=5
2026-01-06 17:24:07,122 - INFO - [GINSLIB] processing : 2021/12/17 04:10:23 Q=5
2026-01-06 17:24:07,128 - INFO - [GINSLIB] processing : 2021/12/17 04:10:24 Q=5
2026-01-06 17:24:07,135 - INFO - [GINSLIB] processing : 2021/12/17 04:10:25 Q=5
2026-01-06 17:24:07,142 - INFO - [GINSLIB] processing : 2021/12/17 04:10:26 Q=5
2026-01-06 17:24:07,150 - INFO - [GINSLIB] processing : 2021/12/17 04:10:27 Q=5
2026-01-06 17:24:07,157 - INFO - [GINSLIB] processing : 2021/12/17 04:10:28 Q=5
2026-01-06 17:24:07,162 - INFO - [GINSLIB] processing : 2021/12/17 04:10:29 Q=5
2026-01-06 17:24:07,170 - INFO - [GINSLIB] processing : 2021/12/17 04:10:30 Q=5
2026-01-06 17:24:07,177 - INFO - [GINSLIB] processing : 2021/12/17 04:10:31 Q=5
2026-01-06 17:24:07,184 - INFO - [GINSLIB] processing : 2021/12/17 04:10:32 Q=5
2026-01-06 17:24:07,191 - INFO - [GINSLIB] processing : 2021/12/17 04:10:33 Q=5
2026-01-06 17:24:07,204 - INFO - [GINSLIB] processing : 2021/12/17 04:10:34 Q=5
2026-01-06 17:24:07,205 - INFO - [GINSLIB] processing : 2021/12/17 04:10:35 Q=5
2026-01-06 17:24:07,213 - INFO - [GINSLIB] processing : 2021/12/17 04:10:36 Q=5
2026-01-06 17:24:07,220 - INFO - [GINSLIB] processing : 2021/12/17 04:10:37 Q=5
2026-01-06 17:24:07,228 - INFO - [GINSLIB] processing : 2021/12/17 04:10:38 Q=5
2026-01-06 17:24:07,239 - INFO - [GINSLIB] processing : 2021/12/17 04:10:39 Q=5
2026-01-06 17:24:07,240 - INFO - [GINSLIB] processing : 2021/12/17 04:10:40 Q=5
2026-01-06 17:24:07,249 - INFO - [GINSLIB] processing : 2021/12/17 04:10:41 Q=5
2026-01-06 17:24:07,255 - INFO - [GINSLIB] processing : 2021/12/17 04:10:42 Q=5
2026-01-06 17:24:07,263 - INFO - [GINSLIB] processing : 2021/12/17 04:10:43 Q=5
2026-01-06 17:24:07,275 - INFO - [GINSLIB] processing : 2021/12/17 04:10:44 Q=5
2026-01-06 17:24:07,277 - INFO - [GINSLIB] processing : 2021/12/17 04:10:45 Q=5
2026-01-06 17:24:07,283 - INFO - [GINSLIB] processing : 2021/12/17 04:10:46 Q=5
2026-01-06 17:24:07,291 - INFO - [GINSLIB] processing : 2021/12/17 04:10:47 Q=5
2026-01-06 17:24:07,298 - INFO - [GINSLIB] processing : 2021/12/17 04:10:48 Q=5
2026-01-06 17:24:07,305 - INFO - [GINSLIB] processing : 2021/12/17 04:10:49 Q=5
2026-01-06 17:24:07,312 - INFO - [GINSLIB] processing : 2021/12/17 04:10:50 Q=5
2026-01-06 17:24:07,318 - INFO - [GINSLIB] processing : 2021/12/17 04:10:51 Q=5
2026-01-06 17:24:07,327 - INFO - [GINSLIB] processing : 2021/12/17 04:10:52 Q=5
2026-01-06 17:24:07,334 - INFO - [GINSLIB] processing : 2021/12/17 04:10:53 Q=5
2026-01-06 17:24:07,342 - INFO - [GINSLIB] processing : 2021/12/17 04:10:54 Q=5
2026-01-06 17:24:07,348 - INFO - [GINSLIB] processing : 2021/12/17 04:10:55 Q=5
2026-01-06 17:24:07,356 - INFO - [GINSLIB] processing : 2021/12/17 04:10:56 Q=5
2026-01-06 17:24:07,363 - INFO - [GINSLIB] processing : 2021/12/17 04:10:57 Q=5
2026-01-06 17:24:07,371 - INFO - [GINSLIB] processing : 2021/12/17 04:10:58 Q=5
2026-01-06 17:24:07,378 - INFO - [GINSLIB] processing : 2021/12/17 04:10:59 Q=5
2026-01-06 17:24:07,384 - INFO - [GINSLIB] processing : 2021/12/17 04:11:00 Q=5
2026-01-06 17:24:07,391 - INFO - [GINSLIB] processing : 2021/12/17 04:11:01 Q=5
2026-01-06 17:24:07,398 - INFO - [GINSLIB] processing : 2021/12/17 04:11:02 Q=5
2026-01-06 17:24:07,405 - INFO - [GINSLIB] processing : 2021/12/17 04:11:03 Q=5
2026-01-06 17:24:07,412 - INFO - [GINSLIB] processing : 2021/12/17 04:11:04 Q=5
2026-01-06 17:24:07,424 - INFO - [GINSLIB] processing : 2021/12/17 04:11:05 Q=5
2026-01-06 17:24:07,425 - INFO - [GINSLIB] processing : 2021/12/17 04:11:06 Q=5
2026-01-06 17:24:07,432 - INFO - [GINSLIB] processing : 2021/12/17 04:11:07 Q=5
2026-01-06 17:24:07,439 - INFO - [GINSLIB] processing : 2021/12/17 04:11:08 Q=5
2026-01-06 17:24:07,447 - INFO - [GINSLIB] processing : 2021/12/17 04:11:09 Q=5
2026-01-06 17:24:07,458 - INFO - [GINSLIB] processing : 2021/12/17 04:11:10 Q=5
2026-01-06 17:24:07,459 - INFO - [GINSLIB] processing : 2021/12/17 04:11:11 Q=5
2026-01-06 17:24:07,466 - INFO - [GINSLIB] processing : 2021/12/17 04:11:12 Q=5
2026-01-06 17:24:07,472 - INFO - [GINSLIB] processing : 2021/12/17 04:11:13 Q=5
2026-01-06 17:24:07,480 - INFO - [GINSLIB] processing : 2021/12/17 04:11:14 Q=5
2026-01-06 17:24:07,493 - INFO - [GINSLIB] processing : 2021/12/17 04:11:15 Q=5
2026-01-06 17:24:07,495 - INFO - [GINSLIB] processing : 2021/12/17 04:11:16 Q=5
2026-01-06 17:24:07,501 - INFO - [GINSLIB] processing : 2021/12/17 04:11:17 Q=5
2026-01-06 17:24:07,509 - INFO - [GINSLIB] processing : 2021/12/17 04:11:18 Q=5
2026-01-06 17:24:07,517 - INFO - [GINSLIB] processing : 2021/12/17 04:11:19 Q=5
2026-01-06 17:24:07,524 - INFO - [GINSLIB] processing : 2021/12/17 04:11:20 Q=5
2026-01-06 17:24:07,530 - INFO - [GINSLIB] processing : 2021/12/17 04:11:21 Q=5
2026-01-06 17:24:07,537 - INFO - [GINSLIB] processing : 2021/12/17 04:11:22 Q=5
2026-01-06 17:24:07,545 - INFO - [GINSLIB] processing : 2021/12/17 04:11:23 Q=5
2026-01-06 17:24:07,551 - INFO - [GINSLIB] processing : 2021/12/17 04:11:24 Q=5
2026-01-06 17:24:07,559 - INFO - [GINSLIB] processing : 2021/12/17 04:11:25 Q=5
2026-01-06 17:24:07,566 - INFO - [GINSLIB] processing : 2021/12/17 04:11:26 Q=5
2026-01-06 17:24:07,573 - INFO - [GINSLIB] processing : 2021/12/17 04:11:27 Q=5
2026-01-06 17:24:07,581 - INFO - [GINSLIB] processing : 2021/12/17 04:11:28 Q=5
2026-01-06 17:24:07,588 - INFO - [GINSLIB] processing : 2021/12/17 04:11:29 Q=5
2026-01-06 17:24:07,595 - INFO - [GINSLIB] processing : 2021/12/17 04:11:30 Q=5
2026-01-06 17:24:07,601 - INFO - [GINSLIB] processing : 2021/12/17 04:11:31 Q=5
2026-01-06 17:24:07,608 - INFO - [GINSLIB] processing : 2021/12/17 04:11:32 Q=5
2026-01-06 17:24:07,615 - INFO - [GINSLIB] processing : 2021/12/17 04:11:33 Q=5
2026-01-06 17:24:07,624 - INFO - [GINSLIB] processing : 2021/12/17 04:11:34 Q=5
2026-01-06 17:24:07,630 - INFO - [GINSLIB] processing : 2021/12/17 04:11:35 Q=5
2026-01-06 17:24:07,643 - INFO - [GINSLIB] processing : 2021/12/17 04:11:36 Q=5
2026-01-06 17:24:07,644 - INFO - [GINSLIB] processing : 2021/12/17 04:11:37 Q=5
2026-01-06 17:24:07,652 - INFO - [GINSLIB] processing : 2021/12/17 04:11:38 Q=5
2026-01-06 17:24:07,659 - INFO - [GINSLIB] processing : 2021/12/17 04:11:39 Q=5
2026-01-06 17:24:07,667 - INFO - [GINSLIB] processing : 2021/12/17 04:11:40 Q=5
2026-01-06 17:24:07,679 - INFO - [GINSLIB] processing : 2021/12/17 04:11:41 Q=5
2026-01-06 17:24:07,681 - INFO - [GINSLIB] processing : 2021/12/17 04:11:42 Q=5
2026-01-06 17:24:07,688 - INFO - [GINSLIB] processing : 2021/12/17 04:11:43 Q=5
2026-01-06 17:24:07,696 - INFO - [GINSLIB] processing : 2021/12/17 04:11:44 Q=5
2026-01-06 17:24:07,703 - INFO - [GINSLIB] processing : 2021/12/17 04:11:45 Q=5
2026-01-06 17:24:07,715 - INFO - [GINSLIB] processing : 2021/12/17 04:11:46 Q=5
2026-01-06 17:24:07,716 - INFO - [GINSLIB] processing : 2021/12/17 04:11:47 Q=5
2026-01-06 17:24:07,722 - INFO - [GINSLIB] processing : 2021/12/17 04:11:48 Q=5
2026-01-06 17:24:07,730 - INFO - [GINSLIB] processing : 2021/12/17 04:11:49 Q=5
2026-01-06 17:24:07,736 - INFO - [GINSLIB] processing : 2021/12/17 04:11:50 Q=5
2026-01-06 17:24:07,743 - INFO - [GINSLIB] processing : 2021/12/17 04:11:51 Q=5
2026-01-06 17:24:07,749 - INFO - [GINSLIB] processing : 2021/12/17 04:11:52 Q=5
2026-01-06 17:24:07,755 - INFO - [GINSLIB] processing : 2021/12/17 04:11:53 Q=5
2026-01-06 17:24:07,762 - INFO - [GINSLIB] processing : 2021/12/17 04:11:54 Q=5
2026-01-06 17:24:07,769 - INFO - [GINSLIB] processing : 2021/12/17 04:11:55 Q=5
2026-01-06 17:24:07,777 - INFO - [GINSLIB] processing : 2021/12/17 04:11:56 Q=5
2026-01-06 17:24:07,783 - INFO - [GINSLIB] processing : 2021/12/17 04:11:57 Q=5
2026-01-06 17:24:07,790 - INFO - [GINSLIB] processing : 2021/12/17 04:11:58 Q=5
2026-01-06 17:24:07,798 - INFO - [GINSLIB] processing : 2021/12/17 04:11:59 Q=5
2026-01-06 17:24:07,804 - INFO - [GINSLIB] processing : 2021/12/17 04:12:00 Q=5
2026-01-06 17:24:07,811 - INFO - [GINSLIB] processing : 2021/12/17 04:12:01 Q=5
2026-01-06 17:24:07,816 - INFO - [GINSLIB] processing : 2021/12/17 04:12:02 Q=5
2026-01-06 17:24:07,823 - INFO - [GINSLIB] processing : 2021/12/17 04:12:03 Q=5
2026-01-06 17:24:07,830 - INFO - [GINSLIB] processing : 2021/12/17 04:12:04 Q=5
2026-01-06 17:24:07,836 - INFO - [GINSLIB] processing : 2021/12/17 04:12:05 Q=5
2026-01-06 17:24:07,843 - INFO - [GINSLIB] processing : 2021/12/17 04:12:06 Q=5
2026-01-06 17:24:07,855 - INFO - [GINSLIB] processing : 2021/12/17 04:12:07 Q=5
2026-01-06 17:24:07,856 - INFO - [GINSLIB] processing : 2021/12/17 04:12:08 Q=5
2026-01-06 17:24:07,862 - INFO - [GINSLIB] processing : 2021/12/17 04:12:09 Q=5
2026-01-06 17:24:07,870 - INFO - [GINSLIB] processing : 2021/12/17 04:12:10 Q=5
2026-01-06 17:24:07,876 - INFO - [GINSLIB] processing : 2021/12/17 04:12:11 Q=5
2026-01-06 17:24:07,887 - INFO - [GINSLIB] processing : 2021/12/17 04:12:12 Q=5
2026-01-06 17:24:07,888 - INFO - [GINSLIB] processing : 2021/12/17 04:12:13 Q=5
2026-01-06 17:24:07,895 - INFO - [GINSLIB] processing : 2021/12/17 04:12:14 Q=5
2026-01-06 17:24:07,901 - INFO - [GINSLIB] processing : 2021/12/17 04:12:15 Q=5
2026-01-06 17:24:07,908 - INFO - [GINSLIB] processing : 2021/12/17 04:12:16 Q=5
2026-01-06 17:24:07,921 - INFO - [GINSLIB] processing : 2021/12/17 04:12:17 Q=5
2026-01-06 17:24:07,922 - INFO - [GINSLIB] processing : 2021/12/17 04:12:18 Q=5
2026-01-06 17:24:07,929 - INFO - [GINSLIB] processing : 2021/12/17 04:12:19 Q=5
2026-01-06 17:24:07,935 - INFO - [GINSLIB] processing : 2021/12/17 04:12:20 Q=5
2026-01-06 17:24:07,942 - INFO - [GINSLIB] processing : 2021/12/17 04:12:21 Q=5
2026-01-06 17:24:07,949 - INFO - [GINSLIB] processing : 2021/12/17 04:12:22 Q=5
2026-01-06 17:24:07,955 - INFO - [GINSLIB] processing : 2021/12/17 04:12:23 Q=5
2026-01-06 17:24:07,962 - INFO - [GINSLIB] processing : 2021/12/17 04:12:24 Q=5
2026-01-06 17:24:07,969 - INFO - [GINSLIB] processing : 2021/12/17 04:12:25 Q=5
2026-01-06 17:24:07,976 - INFO - [GINSLIB] processing : 2021/12/17 04:12:26 Q=5
2026-01-06 17:24:07,983 - INFO - [GINSLIB] processing : 2021/12/17 04:12:27 Q=5
2026-01-06 17:24:07,989 - INFO - [GINSLIB] processing : 2021/12/17 04:12:28 Q=5
2026-01-06 17:24:07,996 - INFO - [GINSLIB] processing : 2021/12/17 04:12:29 Q=5
2026-01-06 17:24:08,004 - INFO - [GINSLIB] processing : 2021/12/17 04:12:30 Q=5
2026-01-06 17:24:08,011 - INFO - [GINSLIB] processing : 2021/12/17 04:12:31 Q=5
2026-01-06 17:24:08,019 - INFO - [GINSLIB] processing : 2021/12/17 04:12:32 Q=5
2026-01-06 17:24:08,026 - INFO - [GINSLIB] processing : 2021/12/17 04:12:33 Q=5
2026-01-06 17:24:08,033 - INFO - [GINSLIB] processing : 2021/12/17 04:12:34 Q=5
2026-01-06 17:24:08,042 - INFO - [GINSLIB] processing : 2021/12/17 04:12:35 Q=5
2026-01-06 17:24:08,049 - INFO - [GINSLIB] processing : 2021/12/17 04:12:36 Q=5
2026-01-06 17:24:08,056 - INFO - [GINSLIB] processing : 2021/12/17 04:12:37 Q=5
2026-01-06 17:24:08,067 - INFO - [GINSLIB] processing : 2021/12/17 04:12:38 Q=5
2026-01-06 17:24:08,068 - INFO - [GINSLIB] processing : 2021/12/17 04:12:39 Q=5
2026-01-06 17:24:08,076 - INFO - [GINSLIB] processing : 2021/12/17 04:12:40 Q=5
2026-01-06 17:24:08,082 - INFO - [GINSLIB] processing : 2021/12/17 04:12:41 Q=5
2026-01-06 17:24:08,090 - INFO - [GINSLIB] processing : 2021/12/17 04:12:42 Q=5
2026-01-06 17:24:08,101 - INFO - [GINSLIB] processing : 2021/12/17 04:12:43 Q=5
2026-01-06 17:24:08,103 - INFO - [GINSLIB] processing : 2021/12/17 04:12:44 Q=5
2026-01-06 17:24:08,110 - INFO - [GINSLIB] processing : 2021/12/17 04:12:45 Q=5
2026-01-06 17:24:08,119 - INFO - [GINSLIB] processing : 2021/12/17 04:12:46 Q=5
2026-01-06 17:24:08,126 - INFO - [GINSLIB] processing : 2021/12/17 04:12:47 Q=5
2026-01-06 17:24:08,138 - INFO - [GINSLIB] processing : 2021/12/17 04:12:48 Q=5
2026-01-06 17:24:08,139 - INFO - [GINSLIB] processing : 2021/12/17 04:12:49 Q=5
2026-01-06 17:24:08,146 - INFO - [GINSLIB] processing : 2021/12/17 04:12:50 Q=5
2026-01-06 17:24:08,153 - INFO - [GINSLIB] processing : 2021/12/17 04:12:51 Q=5
2026-01-06 17:24:08,161 - INFO - [GINSLIB] processing : 2021/12/17 04:12:52 Q=5
2026-01-06 17:24:08,169 - INFO - [GINSLIB] processing : 2021/12/17 04:12:53 Q=5
2026-01-06 17:24:08,174 - INFO - [GINSLIB] processing : 2021/12/17 04:12:54 Q=5
2026-01-06 17:24:08,182 - INFO - [GINSLIB] processing : 2021/12/17 04:12:55 Q=5
2026-01-06 17:24:08,189 - INFO - [GINSLIB] processing : 2021/12/17 04:12:56 Q=5
2026-01-06 17:24:08,197 - INFO - [GINSLIB] processing : 2021/12/17 04:12:57 Q=5
2026-01-06 17:24:08,203 - INFO - [GINSLIB] processing : 2021/12/17 04:12:58 Q=5
2026-01-06 17:24:08,209 - INFO - [GINSLIB] processing : 2021/12/17 04:12:59 Q=5
2026-01-06 17:24:08,216 - INFO - [GINSLIB] processing : 2021/12/17 04:13:00 Q=5
2026-01-06 17:24:08,222 - INFO - [GINSLIB] processing : 2021/12/17 04:13:01 Q=5
2026-01-06 17:24:08,230 - INFO - [GINSLIB] processing : 2021/12/17 04:13:02 Q=5
2026-01-06 17:24:08,236 - INFO - [GINSLIB] processing : 2021/12/17 04:13:03 Q=5
2026-01-06 17:24:08,243 - INFO - [GINSLIB] processing : 2021/12/17 04:13:04 Q=5
2026-01-06 17:24:08,249 - INFO - [GINSLIB] processing : 2021/12/17 04:13:05 Q=5
2026-01-06 17:24:08,258 - INFO - [GINSLIB] processing : 2021/12/17 04:13:06 Q=5
2026-01-06 17:24:08,264 - INFO - [GINSLIB] processing : 2021/12/17 04:13:07 Q=5
2026-01-06 17:24:08,271 - INFO - [GINSLIB] processing : 2021/12/17 04:13:08 Q=5
2026-01-06 17:24:08,283 - INFO - [GINSLIB] processing : 2021/12/17 04:13:09 Q=5
2026-01-06 17:24:08,285 - INFO - [GINSLIB] processing : 2021/12/17 04:13:10 Q=5
2026-01-06 17:24:08,292 - INFO - [GINSLIB] processing : 2021/12/17 04:13:11 Q=5
2026-01-06 17:24:08,299 - INFO - [GINSLIB] processing : 2021/12/17 04:13:12 Q=5
2026-01-06 17:24:08,307 - INFO - [GINSLIB] processing : 2021/12/17 04:13:13 Q=5
2026-01-06 17:24:08,318 - INFO - [GINSLIB] processing : 2021/12/17 04:13:14 Q=5
2026-01-06 17:24:08,320 - INFO - [GINSLIB] processing : 2021/12/17 04:13:15 Q=5
2026-01-06 17:24:08,328 - INFO - [GINSLIB] processing : 2021/12/17 04:13:16 Q=5
2026-01-06 17:24:08,336 - INFO - [GINSLIB] processing : 2021/12/17 04:13:17 Q=5
2026-01-06 17:24:08,343 - INFO - [GINSLIB] processing : 2021/12/17 04:13:18 Q=5
2026-01-06 17:24:08,355 - INFO - [GINSLIB] processing : 2021/12/17 04:13:19 Q=5
2026-01-06 17:24:08,356 - INFO - [GINSLIB] processing : 2021/12/17 04:13:20 Q=5
2026-01-06 17:24:08,363 - INFO - [GINSLIB] processing : 2021/12/17 04:13:21 Q=5
2026-01-06 17:24:08,369 - INFO - [GINSLIB] processing : 2021/12/17 04:13:22 Q=5
2026-01-06 17:24:08,376 - INFO - [GINSLIB] processing : 2021/12/17 04:13:23 Q=5
2026-01-06 17:24:08,383 - INFO - [GINSLIB] processing : 2021/12/17 04:13:24 Q=5
2026-01-06 17:24:08,389 - INFO - [GINSLIB] processing : 2021/12/17 04:13:25 Q=5
2026-01-06 17:24:08,397 - INFO - [GINSLIB] processing : 2021/12/17 04:13:26 Q=5
2026-01-06 17:24:08,403 - INFO - [GINSLIB] processing : 2021/12/17 04:13:27 Q=5
2026-01-06 17:24:08,411 - INFO - [GINSLIB] processing : 2021/12/17 04:13:28 Q=5
2026-01-06 17:24:08,417 - INFO - [GINSLIB] processing : 2021/12/17 04:13:29 Q=5
2026-01-06 17:24:08,423 - INFO - [GINSLIB] processing : 2021/12/17 04:13:30 Q=5
2026-01-06 17:24:08,431 - INFO - [GINSLIB] processing : 2021/12/17 04:13:31 Q=5
2026-01-06 17:24:08,438 - INFO - [GINSLIB] processing : 2021/12/17 04:13:32 Q=5
2026-01-06 17:24:08,445 - INFO - [GINSLIB] processing : 2021/12/17 04:13:33 Q=5
2026-01-06 17:24:08,451 - INFO - [GINSLIB] processing : 2021/12/17 04:13:34 Q=5
2026-01-06 17:24:08,463 - INFO - [GINSLIB] processing : 2021/12/17 04:13:35 Q=5
2026-01-06 17:24:08,465 - INFO - [GINSLIB] processing : 2021/12/17 04:13:36 Q=5
2026-01-06 17:24:08,473 - INFO - [GINSLIB] processing : 2021/12/17 04:13:37 Q=5
2026-01-06 17:24:08,481 - INFO - [GINSLIB] processing : 2021/12/17 04:13:38 Q=5
2026-01-06 17:24:08,489 - INFO - [GINSLIB] processing : 2021/12/17 04:13:39 Q=5
2026-01-06 17:24:08,502 - INFO - [GINSLIB] processing : 2021/12/17 04:13:40 Q=5
2026-01-06 17:24:08,503 - INFO - [GINSLIB] processing : 2021/12/17 04:13:41 Q=5
2026-01-06 17:24:08,511 - INFO - [GINSLIB] processing : 2021/12/17 04:13:42 Q=5
2026-01-06 17:24:08,520 - INFO - [GINSLIB] processing : 2021/12/17 04:13:43 Q=5
2026-01-06 17:24:08,528 - INFO - [GINSLIB] processing : 2021/12/17 04:13:44 Q=5
2026-01-06 17:24:08,542 - INFO - [GINSLIB] processing : 2021/12/17 04:13:45 Q=5
2026-01-06 17:24:08,543 - INFO - [GINSLIB] processing : 2021/12/17 04:13:46 Q=5
2026-01-06 17:24:08,551 - INFO - [GINSLIB] processing : 2021/12/17 04:13:47 Q=5
2026-01-06 17:24:08,558 - INFO - [GINSLIB] processing : 2021/12/17 04:13:48 Q=5
2026-01-06 17:24:08,566 - INFO - [GINSLIB] processing : 2021/12/17 04:13:49 Q=5
2026-01-06 17:24:08,573 - INFO - [GINSLIB] processing : 2021/12/17 04:13:50 Q=5
2026-01-06 17:24:08,581 - INFO - [GINSLIB] processing : 2021/12/17 04:13:51 Q=5
2026-01-06 17:24:08,587 - INFO - [GINSLIB] processing : 2021/12/17 04:13:52 Q=5
2026-01-06 17:24:08,595 - INFO - [GINSLIB] processing : 2021/12/17 04:13:53 Q=5
2026-01-06 17:24:08,602 - INFO - [GINSLIB] processing : 2021/12/17 04:13:54 Q=5
2026-01-06 17:24:08,608 - INFO - [GINSLIB] processing : 2021/12/17 04:13:55 Q=5
2026-01-06 17:24:08,614 - INFO - [GINSLIB] processing : 2021/12/17 04:13:56 Q=5
2026-01-06 17:24:08,622 - INFO - [GINSLIB] processing : 2021/12/17 04:13:57 Q=5
2026-01-06 17:24:08,629 - INFO - [GINSLIB] processing : 2021/12/17 04:13:58 Q=5
2026-01-06 17:24:08,636 - INFO - [GINSLIB] processing : 2021/12/17 04:13:59 Q=5
2026-01-06 17:24:08,645 - INFO - [GINSLIB] processing : 2021/12/17 04:14:00 Q=5
2026-01-06 17:24:08,651 - INFO - [GINSLIB] processing : 2021/12/17 04:14:01 Q=5
2026-01-06 17:24:08,660 - INFO - [GINSLIB] processing : 2021/12/17 04:14:02 Q=5
2026-01-06 17:24:08,667 - INFO - [GINSLIB] processing : 2021/12/17 04:14:03 Q=5
2026-01-06 17:24:08,676 - INFO - [GINSLIB] processing : 2021/12/17 04:14:04 Q=5
2026-01-06 17:24:08,683 - INFO - [GINSLIB] processing : 2021/12/17 04:14:05 Q=5
2026-01-06 17:24:08,696 - INFO - [GINSLIB] processing : 2021/12/17 04:14:06 Q=5
2026-01-06 17:24:08,697 - INFO - [GINSLIB] processing : 2021/12/17 04:14:07 Q=5
2026-01-06 17:24:08,704 - INFO - [GINSLIB] processing : 2021/12/17 04:14:08 Q=5
2026-01-06 17:24:08,710 - INFO - [GINSLIB] processing : 2021/12/17 04:14:09 Q=5
2026-01-06 17:24:08,717 - INFO - [GINSLIB] processing : 2021/12/17 04:14:10 Q=5
2026-01-06 17:24:08,728 - INFO - [GINSLIB] processing : 2021/12/17 04:14:11 Q=5
2026-01-06 17:24:08,729 - INFO - [GINSLIB] processing : 2021/12/17 04:14:12 Q=5
2026-01-06 17:24:08,735 - INFO - [GINSLIB] processing : 2021/12/17 04:14:13 Q=5
2026-01-06 17:24:08,741 - INFO - [GINSLIB] processing : 2021/12/17 04:14:14 Q=5
2026-01-06 17:24:08,747 - INFO - [GINSLIB] processing : 2021/12/17 04:14:15 Q=5
2026-01-06 17:24:08,758 - INFO - [GINSLIB] processing : 2021/12/17 04:14:16 Q=5
2026-01-06 17:24:08,759 - INFO - [GINSLIB] processing : 2021/12/17 04:14:17 Q=5
2026-01-06 17:24:08,765 - INFO - [GINSLIB] processing : 2021/12/17 04:14:18 Q=5
2026-01-06 17:24:08,770 - INFO - [GINSLIB] processing : 2021/12/17 04:14:19 Q=5
2026-01-06 17:24:08,777 - INFO - [GINSLIB] processing : 2021/12/17 04:14:20 Q=5
2026-01-06 17:24:08,785 - INFO - [GINSLIB] processing : 2021/12/17 04:14:21 Q=5
2026-01-06 17:24:08,790 - INFO - [GINSLIB] processing : 2021/12/17 04:14:22 Q=5
2026-01-06 17:24:08,797 - INFO - [GINSLIB] processing : 2021/12/17 04:14:23 Q=5
2026-01-06 17:24:08,804 - INFO - [GINSLIB] processing : 2021/12/17 04:14:24 Q=5
2026-01-06 17:24:08,812 - INFO - [GINSLIB] processing : 2021/12/17 04:14:25 Q=5
2026-01-06 17:24:08,820 - INFO - [GINSLIB] processing : 2021/12/17 04:14:26 Q=5
2026-01-06 17:24:08,828 - INFO - [GINSLIB] processing : 2021/12/17 04:14:27 Q=5
2026-01-06 17:24:08,837 - INFO - [GINSLIB] processing : 2021/12/17 04:14:28 Q=5
2026-01-06 17:24:08,847 - INFO - [GINSLIB] processing : 2021/12/17 04:14:29 Q=5
2026-01-06 17:24:08,855 - INFO - [GINSLIB] processing : 2021/12/17 04:14:30 Q=5
2026-01-06 17:24:08,864 - INFO - [GINSLIB] processing : 2021/12/17 04:14:31 Q=5
2026-01-06 17:24:08,870 - INFO - [GINSLIB] processing : 2021/12/17 04:14:32 Q=5
2026-01-06 17:24:08,880 - INFO - [GINSLIB] processing : 2021/12/17 04:14:33 Q=5
2026-01-06 17:24:08,887 - INFO - [GINSLIB] processing : 2021/12/17 04:14:34 Q=5
2026-01-06 17:24:08,894 - INFO - [GINSLIB] processing : 2021/12/17 04:14:35 Q=5
2026-01-06 17:24:08,901 - INFO - [GINSLIB] processing : 2021/12/17 04:14:36 Q=5
2026-01-06 17:24:08,914 - INFO - [GINSLIB] processing : 2021/12/17 04:14:37 Q=5
2026-01-06 17:24:08,915 - INFO - [GINSLIB] processing : 2021/12/17 04:14:38 Q=5
2026-01-06 17:24:08,922 - INFO - [GINSLIB] processing : 2021/12/17 04:14:39 Q=5
2026-01-06 17:24:08,930 - INFO - [GINSLIB] processing : 2021/12/17 04:14:40 Q=5
2026-01-06 17:24:08,939 - INFO - [GINSLIB] processing : 2021/12/17 04:14:41 Q=5
2026-01-06 17:24:08,950 - INFO - [GINSLIB] processing : 2021/12/17 04:14:42 Q=5
2026-01-06 17:24:08,951 - INFO - [GINSLIB] processing : 2021/12/17 04:14:43 Q=5
2026-01-06 17:24:08,958 - INFO - [GINSLIB] processing : 2021/12/17 04:14:44 Q=5
2026-01-06 17:24:08,965 - INFO - [GINSLIB] processing : 2021/12/17 04:14:45 Q=5
2026-01-06 17:24:08,972 - INFO - [GINSLIB] processing : 2021/12/17 04:14:46 Q=5
2026-01-06 17:24:08,984 - INFO - [GINSLIB] processing : 2021/12/17 04:14:47 Q=5
2026-01-06 17:24:08,985 - INFO - [GINSLIB] processing : 2021/12/17 04:14:48 Q=5
2026-01-06 17:24:08,991 - INFO - [GINSLIB] processing : 2021/12/17 04:14:49 Q=5
2026-01-06 17:24:09,001 - INFO - [GINSLIB] processing : 2021/12/17 04:14:50 Q=5
2026-01-06 17:24:09,007 - INFO - [GINSLIB] processing : 2021/12/17 04:14:51 Q=5
2026-01-06 17:24:09,013 - INFO - [GINSLIB] processing : 2021/12/17 04:14:52 Q=5
2026-01-06 17:24:09,018 - INFO - [GINSLIB] processing : 2021/12/17 04:14:53 Q=5
2026-01-06 17:24:09,024 - INFO - [GINSLIB] processing : 2021/12/17 04:14:54 Q=5
2026-01-06 17:24:09,032 - INFO - [GINSLIB] processing : 2021/12/17 04:14:55 Q=5
2026-01-06 17:24:09,038 - INFO - [GINSLIB] processing : 2021/12/17 04:14:56 Q=5
2026-01-06 17:24:09,045 - INFO - [GINSLIB] processing : 2021/12/17 04:14:57 Q=5
2026-01-06 17:24:09,050 - INFO - [GINSLIB] processing : 2021/12/17 04:14:58 Q=5
2026-01-06 17:24:09,058 - INFO - [GINSLIB] processing : 2021/12/17 04:14:59 Q=5
2026-01-06 17:24:09,066 - INFO - [GINSLIB] processing : 2021/12/17 04:15:00 Q=5
2026-01-06 17:24:09,074 - INFO - [GINSLIB] processing : 2021/12/17 04:15:01 Q=5
2026-01-06 17:24:09,082 - INFO - [GINSLIB] processing : 2021/12/17 04:15:02 Q=5
2026-01-06 17:24:09,087 - INFO - [GINSLIB] processing : 2021/12/17 04:15:03 Q=5
2026-01-06 17:24:09,094 - INFO - [GINSLIB] processing : 2021/12/17 04:15:04 Q=5
2026-01-06 17:24:09,100 - INFO - [GINSLIB] processing : 2021/12/17 04:15:05 Q=5
2026-01-06 17:24:09,110 - INFO - [GINSLIB] processing : 2021/12/17 04:15:06 Q=5
2026-01-06 17:24:09,118 - INFO - [GINSLIB] processing : 2021/12/17 04:15:07 Q=5
2026-01-06 17:24:09,133 - INFO - [GINSLIB] processing : 2021/12/17 04:15:08 Q=5
2026-01-06 17:24:09,134 - INFO - [GINSLIB] processing : 2021/12/17 04:15:09 Q=5
2026-01-06 17:24:09,148 - INFO - [GINSLIB] processing : 2021/12/17 04:15:10 Q=5
2026-01-06 17:24:09,161 - INFO - [GINSLIB] processing : 2021/12/17 04:15:11 Q=5
2026-01-06 17:24:09,170 - INFO - [GINSLIB] processing : 2021/12/17 04:15:12 Q=5
2026-01-06 17:24:09,189 - INFO - [GINSLIB] processing : 2021/12/17 04:15:13 Q=5
2026-01-06 17:24:09,191 - INFO - [GINSLIB] processing : 2021/12/17 04:15:14 Q=5
2026-01-06 17:24:09,201 - INFO - [GINSLIB] processing : 2021/12/17 04:15:15 Q=5
2026-01-06 17:24:09,212 - INFO - [GINSLIB] processing : 2021/12/17 04:15:16 Q=5
2026-01-06 17:24:09,219 - INFO - [GINSLIB] processing : 2021/12/17 04:15:17 Q=5
2026-01-06 17:24:09,232 - INFO - [GINSLIB] processing : 2021/12/17 04:15:18 Q=5
2026-01-06 17:24:09,233 - INFO - [GINSLIB] processing : 2021/12/17 04:15:19 Q=5
2026-01-06 17:24:09,241 - INFO - [GINSLIB] processing : 2021/12/17 04:15:20 Q=5
2026-01-06 17:24:09,249 - INFO - [GINSLIB] processing : 2021/12/17 04:15:21 Q=5
2026-01-06 17:24:09,256 - INFO - [GINSLIB] processing : 2021/12/17 04:15:22 Q=5
2026-01-06 17:24:09,264 - INFO - [GINSLIB] processing : 2021/12/17 04:15:23 Q=5
2026-01-06 17:24:09,272 - INFO - [GINSLIB] processing : 2021/12/17 04:15:24 Q=5
2026-01-06 17:24:09,279 - INFO - [GINSLIB] processing : 2021/12/17 04:15:25 Q=5
2026-01-06 17:24:09,286 - INFO - [GINSLIB] processing : 2021/12/17 04:15:26 Q=5
2026-01-06 17:24:09,294 - INFO - [GINSLIB] processing : 2021/12/17 04:15:27 Q=5
2026-01-06 17:24:09,301 - INFO - [GINSLIB] processing : 2021/12/17 04:15:28 Q=5
2026-01-06 17:24:09,309 - INFO - [GINSLIB] processing : 2021/12/17 04:15:29 Q=5
2026-01-06 17:24:09,317 - INFO - [GINSLIB] processing : 2021/12/17 04:15:30 Q=5
2026-01-06 17:24:09,325 - INFO - [GINSLIB] processing : 2021/12/17 04:15:31 Q=5
2026-01-06 17:24:09,327 - INFO - [GINSLIB] processing : 2021/12/17 04:15:32 Q=5
2026-01-06 17:24:09,335 - INFO - [GINSLIB] processing : 2021/12/17 04:15:33 Q=5
2026-01-06 17:24:09,350 - INFO - [GINSLIB] processing : 2021/12/17 04:15:34 Q=5
2026-01-06 17:24:09,351 - INFO - [GINSLIB] processing : 2021/12/17 04:15:35 Q=5
2026-01-06 17:24:09,360 - INFO - [GINSLIB] processing : 2021/12/17 04:15:36 Q=5
2026-01-06 17:24:09,370 - INFO - [GINSLIB] processing : 2021/12/17 04:15:37 Q=5
2026-01-06 17:24:09,379 - INFO - [GINSLIB] processing : 2021/12/17 04:15:38 Q=5
2026-01-06 17:24:09,394 - INFO - [GINSLIB] processing : 2021/12/17 04:15:39 Q=5
2026-01-06 17:24:09,395 - INFO - [GINSLIB] processing : 2021/12/17 04:15:40 Q=5
2026-01-06 17:24:09,403 - INFO - [GINSLIB] processing : 2021/12/17 04:15:41 Q=5
2026-01-06 17:24:09,413 - INFO - [GINSLIB] processing : 2021/12/17 04:15:42 Q=5
2026-01-06 17:24:09,422 - INFO - [GINSLIB] processing : 2021/12/17 04:15:43 Q=5
2026-01-06 17:24:09,436 - INFO - [GINSLIB] processing : 2021/12/17 04:15:44 Q=5
2026-01-06 17:24:09,438 - INFO - [GINSLIB] processing : 2021/12/17 04:15:45 Q=5
2026-01-06 17:24:09,449 - INFO - [GINSLIB] processing : 2021/12/17 04:15:46 Q=5
2026-01-06 17:24:09,458 - INFO - [GINSLIB] processing : 2021/12/17 04:15:47 Q=5
2026-01-06 17:24:09,466 - INFO - [GINSLIB] processing : 2021/12/17 04:15:48 Q=5
2026-01-06 17:24:09,480 - INFO - [GINSLIB] processing : 2021/12/17 04:15:49 Q=5
2026-01-06 17:24:09,481 - INFO - [GINSLIB] processing : 2021/12/17 04:15:50 Q=5
2026-01-06 17:24:09,488 - INFO - [GINSLIB] processing : 2021/12/17 04:15:51 Q=5
2026-01-06 17:24:09,495 - INFO - [GINSLIB] processing : 2021/12/17 04:15:52 Q=5
2026-01-06 17:24:09,502 - INFO - [GINSLIB] processing : 2021/12/17 04:15:53 Q=5
2026-01-06 17:24:09,510 - INFO - [GINSLIB] processing : 2021/12/17 04:15:54 Q=5
2026-01-06 17:24:09,516 - INFO - [GINSLIB] processing : 2021/12/17 04:15:55 Q=5
2026-01-06 17:24:09,525 - INFO - [GINSLIB] processing : 2021/12/17 04:15:56 Q=5
2026-01-06 17:24:09,532 - INFO - [GINSLIB] processing : 2021/12/17 04:15:57 Q=5
2026-01-06 17:24:09,539 - INFO - [GINSLIB] processing : 2021/12/17 04:15:58 Q=5
2026-01-06 17:24:09,546 - INFO - [GINSLIB] processing : 2021/12/17 04:15:59 Q=5
2026-01-06 17:24:09,552 - INFO - [GINSLIB] processing : 2021/12/17 04:16:00 Q=5
2026-01-06 17:24:09,559 - INFO - [GINSLIB] processing : 2021/12/17 04:16:01 Q=5
2026-01-06 17:24:09,566 - INFO - [GINSLIB] processing : 2021/12/17 04:16:02 Q=5
2026-01-06 17:24:09,572 - INFO - [GINSLIB] processing : 2021/12/17 04:16:03 Q=5
2026-01-06 17:24:09,580 - INFO - [GINSLIB] processing : 2021/12/17 04:16:04 Q=5
2026-01-06 17:24:09,590 - INFO - [GINSLIB] processing : 2021/12/17 04:16:05 Q=5
2026-01-06 17:24:09,591 - INFO - [GINSLIB] processing : 2021/12/17 04:16:06 Q=5
2026-01-06 17:24:09,599 - INFO - [GINSLIB] processing : 2021/12/17 04:16:07 Q=5
2026-01-06 17:24:09,605 - INFO - [GINSLIB] processing : 2021/12/17 04:16:08 Q=5
2026-01-06 17:24:09,613 - INFO - [GINSLIB] processing : 2021/12/17 04:16:09 Q=5
2026-01-06 17:24:09,624 - INFO - [GINSLIB] processing : 2021/12/17 04:16:10 Q=5
2026-01-06 17:24:09,625 - INFO - [GINSLIB] processing : 2021/12/17 04:16:11 Q=5
2026-01-06 17:24:09,632 - INFO - [GINSLIB] processing : 2021/12/17 04:16:12 Q=5
2026-01-06 17:24:09,638 - INFO - [GINSLIB] processing : 2021/12/17 04:16:13 Q=5
2026-01-06 17:24:09,646 - INFO - [GINSLIB] processing : 2021/12/17 04:16:14 Q=5
2026-01-06 17:24:09,660 - INFO - [GINSLIB] processing : 2021/12/17 04:16:15 Q=5
2026-01-06 17:24:09,661 - INFO - [GINSLIB] processing : 2021/12/17 04:16:16 Q=5
2026-01-06 17:24:09,667 - INFO - [GINSLIB] processing : 2021/12/17 04:16:17 Q=5
2026-01-06 17:24:09,675 - INFO - [GINSLIB] processing : 2021/12/17 04:16:18 Q=5
2026-01-06 17:24:09,682 - INFO - [GINSLIB] processing : 2021/12/17 04:16:19 Q=5
2026-01-06 17:24:09,690 - INFO - [GINSLIB] processing : 2021/12/17 04:16:20 Q=5
2026-01-06 17:24:09,697 - INFO - [GINSLIB] processing : 2021/12/17 04:16:21 Q=5
2026-01-06 17:24:09,704 - INFO - [GINSLIB] processing : 2021/12/17 04:16:22 Q=5
2026-01-06 17:24:09,711 - INFO - [GINSLIB] processing : 2021/12/17 04:16:23 Q=5
2026-01-06 17:24:09,718 - INFO - [GINSLIB] processing : 2021/12/17 04:16:24 Q=5
2026-01-06 17:24:09,726 - INFO - [GINSLIB] processing : 2021/12/17 04:16:25 Q=5
2026-01-06 17:24:09,732 - INFO - [GINSLIB] processing : 2021/12/17 04:16:26 Q=5
2026-01-06 17:24:09,740 - INFO - [GINSLIB] processing : 2021/12/17 04:16:27 Q=5
2026-01-06 17:24:09,748 - INFO - [GINSLIB] processing : 2021/12/17 04:16:28 Q=5
2026-01-06 17:24:09,754 - INFO - [GINSLIB] processing : 2021/12/17 04:16:29 Q=5
2026-01-06 17:24:09,761 - INFO - [GINSLIB] processing : 2021/12/17 04:16:30 Q=5
2026-01-06 17:24:09,767 - INFO - [GINSLIB] processing : 2021/12/17 04:16:31 Q=5
2026-01-06 17:24:09,773 - INFO - [GINSLIB] processing : 2021/12/17 04:16:32 Q=5
2026-01-06 17:24:09,781 - INFO - [GINSLIB] processing : 2021/12/17 04:16:33 Q=5
2026-01-06 17:24:09,788 - INFO - [GINSLIB] processing : 2021/12/17 04:16:34 Q=5
2026-01-06 17:24:09,795 - INFO - [GINSLIB] processing : 2021/12/17 04:16:35 Q=5
2026-01-06 17:24:09,809 - INFO - [GINSLIB] processing : 2021/12/17 04:16:36 Q=5
2026-01-06 17:24:09,812 - INFO - [GINSLIB] processing : 2021/12/17 04:16:37 Q=5
2026-01-06 17:24:09,820 - INFO - [GINSLIB] processing : 2021/12/17 04:16:38 Q=5
2026-01-06 17:24:09,827 - INFO - [GINSLIB] processing : 2021/12/17 04:16:39 Q=5
2026-01-06 17:24:09,834 - INFO - [GINSLIB] processing : 2021/12/17 04:16:40 Q=5
2026-01-06 17:24:09,846 - INFO - [GINSLIB] processing : 2021/12/17 04:16:41 Q=5
2026-01-06 17:24:09,847 - INFO - [GINSLIB] processing : 2021/12/17 04:16:42 Q=5
2026-01-06 17:24:09,853 - INFO - [GINSLIB] processing : 2021/12/17 04:16:43 Q=5
2026-01-06 17:24:09,863 - INFO - [GINSLIB] processing : 2021/12/17 04:16:44 Q=5
2026-01-06 17:24:09,869 - INFO - [GINSLIB] processing : 2021/12/17 04:16:45 Q=5
2026-01-06 17:24:09,882 - INFO - [GINSLIB] processing : 2021/12/17 04:16:46 Q=5
2026-01-06 17:24:09,883 - INFO - [GINSLIB] processing : 2021/12/17 04:16:47 Q=5
2026-01-06 17:24:09,890 - INFO - [GINSLIB] processing : 2021/12/17 04:16:48 Q=5
2026-01-06 17:24:09,898 - INFO - [GINSLIB] processing : 2021/12/17 04:16:49 Q=5
2026-01-06 17:24:09,905 - INFO - [GINSLIB] processing : 2021/12/17 04:16:50 Q=5
2026-01-06 17:24:09,912 - INFO - [GINSLIB] processing : 2021/12/17 04:16:51 Q=5
2026-01-06 17:24:09,917 - INFO - [GINSLIB] processing : 2021/12/17 04:16:52 Q=5
2026-01-06 17:24:09,924 - INFO - [GINSLIB] processing : 2021/12/17 04:16:53 Q=5
2026-01-06 17:24:09,931 - INFO - [GINSLIB] processing : 2021/12/17 04:16:54 Q=5
2026-01-06 17:24:09,937 - INFO - [GINSLIB] processing : 2021/12/17 04:16:55 Q=5
2026-01-06 17:24:09,943 - INFO - [GINSLIB] processing : 2021/12/17 04:16:56 Q=5
2026-01-06 17:24:09,948 - INFO - [GINSLIB] processing : 2021/12/17 04:16:57 Q=5
2026-01-06 17:24:09,955 - INFO - [GINSLIB] processing : 2021/12/17 04:16:58 Q=5
2026-01-06 17:24:09,962 - INFO - [GINSLIB] processing : 2021/12/17 04:16:59 Q=5
2026-01-06 17:24:09,969 - INFO - [GINSLIB] processing : 2021/12/17 04:17:00 Q=5
2026-01-06 17:24:09,976 - INFO - [GINSLIB] processing : 2021/12/17 04:17:01 Q=5
2026-01-06 17:24:09,982 - INFO - [GINSLIB] processing : 2021/12/17 04:17:02 Q=5
2026-01-06 17:24:09,989 - INFO - [GINSLIB] processing : 2021/12/17 04:17:03 Q=5
2026-01-06 17:24:09,995 - INFO - [GINSLIB] processing : 2021/12/17 04:17:04 Q=5
2026-01-06 17:24:10,002 - INFO - [GINSLIB] processing : 2021/12/17 04:17:05 Q=5
2026-01-06 17:24:10,009 - INFO - [GINSLIB] processing : 2021/12/17 04:17:06 Q=5
2026-01-06 17:24:10,020 - INFO - [GINSLIB] processing : 2021/12/17 04:17:07 Q=5
2026-01-06 17:24:10,021 - INFO - [GINSLIB] processing : 2021/12/17 04:17:08 Q=5
2026-01-06 17:24:10,027 - INFO - [GINSLIB] processing : 2021/12/17 04:17:09 Q=5
2026-01-06 17:24:10,033 - INFO - [GINSLIB] processing : 2021/12/17 04:17:10 Q=5
2026-01-06 17:24:10,040 - INFO - [GINSLIB] processing : 2021/12/17 04:17:11 Q=5
2026-01-06 17:24:10,052 - INFO - [GINSLIB] processing : 2021/12/17 04:17:12 Q=5
2026-01-06 17:24:10,053 - INFO - [GINSLIB] processing : 2021/12/17 04:17:13 Q=5
2026-01-06 17:24:10,061 - INFO - [GINSLIB] processing : 2021/12/17 04:17:14 Q=5
2026-01-06 17:24:10,068 - INFO - [GINSLIB] processing : 2021/12/17 04:17:15 Q=5
2026-01-06 17:24:10,074 - INFO - [GINSLIB] processing : 2021/12/17 04:17:16 Q=5
2026-01-06 17:24:10,088 - INFO - [GINSLIB] processing : 2021/12/17 04:17:17 Q=5
2026-01-06 17:24:10,089 - INFO - [GINSLIB] processing : 2021/12/17 04:17:18 Q=5
2026-01-06 17:24:10,096 - INFO - [GINSLIB] processing : 2021/12/17 04:17:19 Q=5
2026-01-06 17:24:10,102 - INFO - [GINSLIB] processing : 2021/12/17 04:17:20 Q=5
2026-01-06 17:24:10,109 - INFO - [GINSLIB] processing : 2021/12/17 04:17:21 Q=5
2026-01-06 17:24:10,116 - INFO - [GINSLIB] processing : 2021/12/17 04:17:22 Q=5
2026-01-06 17:24:10,122 - INFO - [GINSLIB] processing : 2021/12/17 04:17:23 Q=5
2026-01-06 17:24:10,128 - INFO - [GINSLIB] processing : 2021/12/17 04:17:24 Q=5
2026-01-06 17:24:10,135 - INFO - [GINSLIB] processing : 2021/12/17 04:17:25 Q=5
2026-01-06 17:24:10,142 - INFO - [GINSLIB] processing : 2021/12/17 04:17:26 Q=5
2026-01-06 17:24:10,149 - INFO - [GINSLIB] processing : 2021/12/17 04:17:27 Q=5
2026-01-06 17:24:10,154 - INFO - [GINSLIB] processing : 2021/12/17 04:17:28 Q=5
2026-01-06 17:24:10,161 - INFO - [GINSLIB] processing : 2021/12/17 04:17:29 Q=5
2026-01-06 17:24:10,167 - INFO - [GINSLIB] processing : 2021/12/17 04:17:30 Q=5
2026-01-06 17:24:10,176 - INFO - [GINSLIB] processing : 2021/12/17 04:17:31 Q=5
2026-01-06 17:24:10,183 - INFO - [GINSLIB] processing : 2021/12/17 04:17:32 Q=5
2026-01-06 17:24:10,189 - INFO - [GINSLIB] processing : 2021/12/17 04:17:33 Q=5
2026-01-06 17:24:10,196 - INFO - [GINSLIB] processing : 2021/12/17 04:17:34 Q=5
2026-01-06 17:24:10,203 - INFO - [GINSLIB] processing : 2021/12/17 04:17:35 Q=5
2026-01-06 17:24:10,210 - INFO - [GINSLIB] processing : 2021/12/17 04:17:36 Q=5
2026-01-06 17:24:10,217 - INFO - [GINSLIB] processing : 2021/12/17 04:17:37 Q=5
2026-01-06 17:24:10,229 - INFO - [GINSLIB] processing : 2021/12/17 04:17:38 Q=5
2026-01-06 17:24:10,230 - INFO - [GINSLIB] processing : 2021/12/17 04:17:39 Q=5
2026-01-06 17:24:10,238 - INFO - [GINSLIB] processing : 2021/12/17 04:17:40 Q=5
2026-01-06 17:24:10,244 - INFO - [GINSLIB] processing : 2021/12/17 04:17:41 Q=5
2026-01-06 17:24:10,251 - INFO - [GINSLIB] processing : 2021/12/17 04:17:42 Q=5
2026-01-06 17:24:10,263 - INFO - [GINSLIB] processing : 2021/12/17 04:17:43 Q=5
2026-01-06 17:24:10,265 - INFO - [GINSLIB] processing : 2021/12/17 04:17:44 Q=5
2026-01-06 17:24:10,272 - INFO - [GINSLIB] processing : 2021/12/17 04:17:45 Q=5
2026-01-06 17:24:10,279 - INFO - [GINSLIB] processing : 2021/12/17 04:17:46 Q=5
2026-01-06 17:24:10,286 - INFO - [GINSLIB] processing : 2021/12/17 04:17:47 Q=5
2026-01-06 17:24:10,300 - INFO - [GINSLIB] processing : 2021/12/17 04:17:48 Q=5
2026-01-06 17:24:10,301 - INFO - [GINSLIB] processing : 2021/12/17 04:17:49 Q=5
2026-01-06 17:24:10,308 - INFO - [GINSLIB] processing : 2021/12/17 04:17:50 Q=5
2026-01-06 17:24:10,315 - INFO - [GINSLIB] processing : 2021/12/17 04:17:51 Q=5
2026-01-06 17:24:10,321 - INFO - [GINSLIB] processing : 2021/12/17 04:17:52 Q=5
2026-01-06 17:24:10,330 - INFO - [GINSLIB] processing : 2021/12/17 04:17:53 Q=5
2026-01-06 17:24:10,336 - INFO - [GINSLIB] processing : 2021/12/17 04:17:54 Q=5
2026-01-06 17:24:10,344 - INFO - [GINSLIB] processing : 2021/12/17 04:17:55 Q=5
2026-01-06 17:24:10,353 - INFO - [GINSLIB] processing : 2021/12/17 04:17:56 Q=5
2026-01-06 17:24:10,360 - INFO - [GINSLIB] processing : 2021/12/17 04:17:57 Q=5
2026-01-06 17:24:10,369 - INFO - [GINSLIB] processing : 2021/12/17 04:17:58 Q=5
2026-01-06 17:24:10,376 - INFO - [GINSLIB] processing : 2021/12/17 04:17:59 Q=5
2026-01-06 17:24:10,384 - INFO - [GINSLIB] processing : 2021/12/17 04:18:00 Q=5
2026-01-06 17:24:10,391 - INFO - [GINSLIB] processing : 2021/12/17 04:18:01 Q=5
2026-01-06 17:24:10,400 - INFO - [GINSLIB] processing : 2021/12/17 04:18:02 Q=5
2026-01-06 17:24:10,408 - INFO - [GINSLIB] processing : 2021/12/17 04:18:03 Q=5
2026-01-06 17:24:10,416 - INFO - [GINSLIB] processing : 2021/12/17 04:18:04 Q=5
2026-01-06 17:24:10,424 - INFO - [GINSLIB] processing : 2021/12/17 04:18:05 Q=5
2026-01-06 17:24:10,432 - INFO - [GINSLIB] processing : 2021/12/17 04:18:06 Q=5
2026-01-06 17:24:10,440 - INFO - [GINSLIB] processing : 2021/12/17 04:18:07 Q=5
2026-01-06 17:24:10,447 - INFO - [GINSLIB] processing : 2021/12/17 04:18:08 Q=5
2026-01-06 17:24:10,459 - INFO - [GINSLIB] processing : 2021/12/17 04:18:09 Q=5
2026-01-06 17:24:10,460 - INFO - [GINSLIB] processing : 2021/12/17 04:18:10 Q=5
2026-01-06 17:24:10,469 - INFO - [GINSLIB] processing : 2021/12/17 04:18:11 Q=5
2026-01-06 17:24:10,477 - INFO - [GINSLIB] processing : 2021/12/17 04:18:12 Q=5
2026-01-06 17:24:10,484 - INFO - [GINSLIB] processing : 2021/12/17 04:18:13 Q=5
2026-01-06 17:24:10,496 - INFO - [GINSLIB] processing : 2021/12/17 04:18:14 Q=5
2026-01-06 17:24:10,498 - INFO - [GINSLIB] processing : 2021/12/17 04:18:15 Q=5
2026-01-06 17:24:10,504 - INFO - [GINSLIB] processing : 2021/12/17 04:18:16 Q=5
2026-01-06 17:24:10,512 - INFO - [GINSLIB] processing : 2021/12/17 04:18:17 Q=5
2026-01-06 17:24:10,519 - INFO - [GINSLIB] processing : 2021/12/17 04:18:18 Q=5
2026-01-06 17:24:10,533 - INFO - [GINSLIB] processing : 2021/12/17 04:18:19 Q=5
2026-01-06 17:24:10,534 - INFO - [GINSLIB] processing : 2021/12/17 04:18:20 Q=5
2026-01-06 17:24:10,541 - INFO - [GINSLIB] processing : 2021/12/17 04:18:21 Q=5
2026-01-06 17:24:10,548 - INFO - [GINSLIB] processing : 2021/12/17 04:18:22 Q=5
2026-01-06 17:24:10,554 - INFO - [GINSLIB] processing : 2021/12/17 04:18:23 Q=5
2026-01-06 17:24:10,562 - INFO - [GINSLIB] processing : 2021/12/17 04:18:24 Q=5
2026-01-06 17:24:10,567 - INFO - [GINSLIB] processing : 2021/12/17 04:18:25 Q=5
2026-01-06 17:24:10,575 - INFO - [GINSLIB] processing : 2021/12/17 04:18:26 Q=5
2026-01-06 17:24:10,582 - INFO - [GINSLIB] processing : 2021/12/17 04:18:27 Q=5
2026-01-06 17:24:10,589 - INFO - [GINSLIB] processing : 2021/12/17 04:18:28 Q=5
2026-01-06 17:24:10,596 - INFO - [GINSLIB] processing : 2021/12/17 04:18:29 Q=5
2026-01-06 17:24:10,601 - INFO - [GINSLIB] processing : 2021/12/17 04:18:30 Q=5
2026-01-06 17:24:10,609 - INFO - [GINSLIB] processing : 2021/12/17 04:18:31 Q=5
2026-01-06 17:24:10,615 - INFO - [GINSLIB] processing : 2021/12/17 04:18:32 Q=5
2026-01-06 17:24:10,622 - INFO - [GINSLIB] processing : 2021/12/17 04:18:33 Q=5
2026-01-06 17:24:10,628 - INFO - [GINSLIB] processing : 2021/12/17 04:18:34 Q=5
2026-01-06 17:24:10,640 - INFO - [GINSLIB] processing : 2021/12/17 04:18:35 Q=5
2026-01-06 17:24:10,641 - INFO - [GINSLIB] processing : 2021/12/17 04:18:36 Q=5
2026-01-06 17:24:10,647 - INFO - [GINSLIB] processing : 2021/12/17 04:18:37 Q=5
2026-01-06 17:24:10,654 - INFO - [GINSLIB] processing : 2021/12/17 04:18:38 Q=5
2026-01-06 17:24:10,660 - INFO - [GINSLIB] processing : 2021/12/17 04:18:39 Q=5
2026-01-06 17:24:10,672 - INFO - [GINSLIB] processing : 2021/12/17 04:18:40 Q=5
2026-01-06 17:24:10,673 - INFO - [GINSLIB] processing : 2021/12/17 04:18:41 Q=5
2026-01-06 17:24:10,681 - INFO - [GINSLIB] processing : 2021/12/17 04:18:42 Q=5
2026-01-06 17:24:10,689 - INFO - [GINSLIB] processing : 2021/12/17 04:18:43 Q=5
2026-01-06 17:24:10,695 - INFO - [GINSLIB] processing : 2021/12/17 04:18:44 Q=5
2026-01-06 17:24:10,705 - INFO - [GINSLIB] processing : 2021/12/17 04:18:45 Q=5
2026-01-06 17:24:10,707 - INFO - [GINSLIB] processing : 2021/12/17 04:18:46 Q=5
2026-01-06 17:24:10,713 - INFO - [GINSLIB] processing : 2021/12/17 04:18:47 Q=5
2026-01-06 17:24:10,719 - INFO - [GINSLIB] processing : 2021/12/17 04:18:48 Q=5
2026-01-06 17:24:10,725 - INFO - [GINSLIB] processing : 2021/12/17 04:18:49 Q=5
2026-01-06 17:24:10,735 - INFO - [GINSLIB] processing : 2021/12/17 04:18:50 Q=5
2026-01-06 17:24:10,736 - INFO - [GINSLIB] processing : 2021/12/17 04:18:51 Q=5
2026-01-06 17:24:10,742 - INFO - [GINSLIB] processing : 2021/12/17 04:18:52 Q=5
2026-01-06 17:24:10,750 - INFO - [GINSLIB] processing : 2021/12/17 04:18:53 Q=5
2026-01-06 17:24:10,757 - INFO - [GINSLIB] processing : 2021/12/17 04:18:54 Q=5
2026-01-06 17:24:10,765 - INFO - [GINSLIB] processing : 2021/12/17 04:18:55 Q=5
2026-01-06 17:24:10,771 - INFO - [GINSLIB] processing : 2021/12/17 04:18:56 Q=5
2026-01-06 17:24:10,779 - INFO - [GINSLIB] processing : 2021/12/17 04:18:57 Q=5
2026-01-06 17:24:10,787 - INFO - [GINSLIB] processing : 2021/12/17 04:18:58 Q=5
2026-01-06 17:24:10,794 - INFO - [GINSLIB] processing : 2021/12/17 04:18:59 Q=5
2026-01-06 17:24:10,801 - INFO - [GINSLIB] processing : 2021/12/17 04:19:00 Q=5
2026-01-06 17:24:10,808 - INFO - [GINSLIB] processing : 2021/12/17 04:19:01 Q=5
2026-01-06 17:24:10,816 - INFO - [GINSLIB] processing : 2021/12/17 04:19:02 Q=5
2026-01-06 17:24:10,823 - INFO - [GINSLIB] processing : 2021/12/17 04:19:03 Q=5
2026-01-06 17:24:10,830 - INFO - [GINSLIB] processing : 2021/12/17 04:19:04 Q=5
2026-01-06 17:24:10,838 - INFO - [GINSLIB] processing : 2021/12/17 04:19:05 Q=5
2026-01-06 17:24:10,850 - INFO - [GINSLIB] processing : 2021/12/17 04:19:06 Q=5
2026-01-06 17:24:10,851 - INFO - [GINSLIB] processing : 2021/12/17 04:19:07 Q=5
2026-01-06 17:24:10,858 - INFO - [GINSLIB] processing : 2021/12/17 04:19:08 Q=5
2026-01-06 17:24:10,865 - INFO - [GINSLIB] processing : 2021/12/17 04:19:09 Q=5
2026-01-06 17:24:10,873 - INFO - [GINSLIB] processing : 2021/12/17 04:19:10 Q=5
2026-01-06 17:24:10,888 - INFO - [GINSLIB] processing : 2021/12/17 04:19:11 Q=5
2026-01-06 17:24:10,889 - INFO - [GINSLIB] processing : 2021/12/17 04:19:12 Q=5
2026-01-06 17:24:10,898 - INFO - [GINSLIB] processing : 2021/12/17 04:19:13 Q=5
2026-01-06 17:24:10,904 - INFO - [GINSLIB] processing : 2021/12/17 04:19:14 Q=5
2026-01-06 17:24:10,911 - INFO - [GINSLIB] processing : 2021/12/17 04:19:15 Q=5
2026-01-06 17:24:10,924 - INFO - [GINSLIB] processing : 2021/12/17 04:19:16 Q=5
2026-01-06 17:24:10,925 - INFO - [GINSLIB] processing : 2021/12/17 04:19:17 Q=5
2026-01-06 17:24:10,933 - INFO - [GINSLIB] processing : 2021/12/17 04:19:18 Q=5
2026-01-06 17:24:10,941 - INFO - [GINSLIB] processing : 2021/12/17 04:19:19 Q=5
2026-01-06 17:24:10,948 - INFO - [GINSLIB] processing : 2021/12/17 04:19:20 Q=5
2026-01-06 17:24:10,954 - INFO - [GINSLIB] processing : 2021/12/17 04:19:21 Q=5
2026-01-06 17:24:10,960 - INFO - [GINSLIB] processing : 2021/12/17 04:19:22 Q=5
2026-01-06 17:24:10,966 - INFO - [GINSLIB] processing : 2021/12/17 04:19:23 Q=5
2026-01-06 17:24:10,972 - INFO - [GINSLIB] processing : 2021/12/17 04:19:24 Q=5
2026-01-06 17:24:10,981 - INFO - [GINSLIB] processing : 2021/12/17 04:19:25 Q=5
2026-01-06 17:24:10,988 - INFO - [GINSLIB] processing : 2021/12/17 04:19:26 Q=5
2026-01-06 17:24:10,993 - INFO - [GINSLIB] processing : 2021/12/17 04:19:27 Q=5
2026-01-06 17:24:10,999 - INFO - [GINSLIB] processing : 2021/12/17 04:19:28 Q=5
2026-01-06 17:24:11,005 - INFO - [GINSLIB] processing : 2021/12/17 04:19:29 Q=5
2026-01-06 17:24:11,012 - INFO - [GINSLIB] processing : 2021/12/17 04:19:30 Q=5
2026-01-06 17:24:11,019 - INFO - [GINSLIB] processing : 2021/12/17 04:19:31 Q=5
2026-01-06 17:24:11,025 - INFO - [GINSLIB] processing : 2021/12/17 04:19:32 Q=5
2026-01-06 17:24:11,032 - INFO - [GINSLIB] processing : 2021/12/17 04:19:33 Q=5
2026-01-06 17:24:11,038 - INFO - [GINSLIB] processing : 2021/12/17 04:19:34 Q=5
2026-01-06 17:24:11,046 - INFO - [GINSLIB] processing : 2021/12/17 04:19:35 Q=5
2026-01-06 17:24:11,052 - INFO - [GINSLIB] processing : 2021/12/17 04:19:36 Q=5
2026-01-06 17:24:11,062 - INFO - [GINSLIB] processing : 2021/12/17 04:19:37 Q=5
2026-01-06 17:24:11,064 - INFO - [GINSLIB] processing : 2021/12/17 04:19:38 Q=5
2026-01-06 17:24:11,069 - INFO - [GINSLIB] processing : 2021/12/17 04:19:39 Q=5
2026-01-06 17:24:11,076 - INFO - [GINSLIB] processing : 2021/12/17 04:19:40 Q=5
2026-01-06 17:24:11,082 - INFO - [GINSLIB] processing : 2021/12/17 04:19:41 Q=5
2026-01-06 17:24:11,092 - INFO - [GINSLIB] processing : 2021/12/17 04:19:42 Q=5
2026-01-06 17:24:11,093 - INFO - [GINSLIB] processing : 2021/12/17 04:19:43 Q=5
2026-01-06 17:24:11,099 - INFO - [GINSLIB] processing : 2021/12/17 04:19:44 Q=5
2026-01-06 17:24:11,107 - INFO - [GINSLIB] processing : 2021/12/17 04:19:45 Q=5
2026-01-06 17:24:11,114 - INFO - [GINSLIB] processing : 2021/12/17 04:19:46 Q=5
2026-01-06 17:24:11,125 - INFO - [GINSLIB] processing : 2021/12/17 04:19:47 Q=5
2026-01-06 17:24:11,126 - INFO - [GINSLIB] processing : 2021/12/17 04:19:48 Q=5
2026-01-06 17:24:11,133 - INFO - [GINSLIB] processing : 2021/12/17 04:19:49 Q=5
2026-01-06 17:24:11,141 - INFO - [GINSLIB] processing : 2021/12/17 04:19:50 Q=5
2026-01-06 17:24:11,150 - INFO - [GINSLIB] processing : 2021/12/17 04:19:51 Q=5
2026-01-06 17:24:11,157 - INFO - [GINSLIB] processing : 2021/12/17 04:19:52 Q=5
2026-01-06 17:24:11,164 - INFO - [GINSLIB] processing : 2021/12/17 04:19:53 Q=5
2026-01-06 17:24:11,172 - INFO - [GINSLIB] processing : 2021/12/17 04:19:54 Q=5
2026-01-06 17:24:11,181 - INFO - [GINSLIB] processing : 2021/12/17 04:19:55 Q=5
2026-01-06 17:24:11,188 - INFO - [GINSLIB] processing : 2021/12/17 04:19:56 Q=5
2026-01-06 17:24:11,198 - INFO - [GINSLIB] processing : 2021/12/17 04:19:57 Q=5
2026-01-06 17:24:11,204 - INFO - [GINSLIB] processing : 2021/12/17 04:19:58 Q=5
2026-01-06 17:24:11,212 - INFO - [GINSLIB] processing : 2021/12/17 04:19:59 Q=5
2026-01-06 17:24:11,219 - INFO - [GINSLIB] processing : 2021/12/17 04:20:00 Q=5
2026-01-06 17:24:11,228 - INFO - [GINSLIB] processing : 2021/12/17 04:20:01 Q=5
2026-01-06 17:24:11,237 - INFO - [GINSLIB] processing : 2021/12/17 04:20:02 Q=5
2026-01-06 17:24:11,243 - INFO - [GINSLIB] processing : 2021/12/17 04:20:03 Q=5
2026-01-06 17:24:11,253 - INFO - [GINSLIB] processing : 2021/12/17 04:20:04 Q=5
2026-01-06 17:24:11,260 - INFO - [GINSLIB] processing : 2021/12/17 04:20:05 Q=5
2026-01-06 17:24:11,269 - INFO - [GINSLIB] processing : 2021/12/17 04:20:06 Q=5
2026-01-06 17:24:11,276 - INFO - [GINSLIB] processing : 2021/12/17 04:20:07 Q=5
2026-01-06 17:24:11,289 - INFO - [GINSLIB] processing : 2021/12/17 04:20:08 Q=5
2026-01-06 17:24:11,290 - INFO - [GINSLIB] processing : 2021/12/17 04:20:09 Q=5
2026-01-06 17:24:11,299 - INFO - [GINSLIB] processing : 2021/12/17 04:20:10 Q=5
2026-01-06 17:24:11,307 - INFO - [GINSLIB] processing : 2021/12/17 04:20:11 Q=5
2026-01-06 17:24:11,315 - INFO - [GINSLIB] processing : 2021/12/17 04:20:12 Q=5
2026-01-06 17:24:11,327 - INFO - [GINSLIB] processing : 2021/12/17 04:20:13 Q=5
2026-01-06 17:24:11,327 - INFO - [GINSLIB] processing : 2021/12/17 04:20:14 Q=5
2026-01-06 17:24:11,335 - INFO - [GINSLIB] processing : 2021/12/17 04:20:15 Q=5
2026-01-06 17:24:11,342 - INFO - [GINSLIB] processing : 2021/12/17 04:20:16 Q=5
2026-01-06 17:24:11,350 - INFO - [GINSLIB] processing : 2021/12/17 04:20:17 Q=5
2026-01-06 17:24:11,362 - INFO - [GINSLIB] processing : 2021/12/17 04:20:18 Q=5
2026-01-06 17:24:11,364 - INFO - [GINSLIB] processing : 2021/12/17 04:20:19 Q=5
2026-01-06 17:24:11,371 - INFO - [GINSLIB] processing : 2021/12/17 04:20:20 Q=5
2026-01-06 17:24:11,378 - INFO - [GINSLIB] processing : 2021/12/17 04:20:21 Q=5
2026-01-06 17:24:11,386 - INFO - [GINSLIB] processing : 2021/12/17 04:20:22 Q=5
2026-01-06 17:24:11,393 - INFO - [GINSLIB] processing : 2021/12/17 04:20:23 Q=5
2026-01-06 17:24:11,399 - INFO - [GINSLIB] processing : 2021/12/17 04:20:24 Q=5
2026-01-06 17:24:11,406 - INFO - [GINSLIB] processing : 2021/12/17 04:20:25 Q=5
2026-01-06 17:24:11,415 - INFO - [GINSLIB] processing : 2021/12/17 04:20:26 Q=5
2026-01-06 17:24:11,421 - INFO - [GINSLIB] processing : 2021/12/17 04:20:27 Q=5
2026-01-06 17:24:11,430 - INFO - [GINSLIB] processing : 2021/12/17 04:20:28 Q=5
2026-01-06 17:24:11,435 - INFO - [GINSLIB] processing : 2021/12/17 04:20:29 Q=5
2026-01-06 17:24:11,442 - INFO - [GINSLIB] processing : 2021/12/17 04:20:30 Q=5
2026-01-06 17:24:11,449 - INFO - [GINSLIB] processing : 2021/12/17 04:20:31 Q=5
2026-01-06 17:24:11,455 - INFO - [GINSLIB] processing : 2021/12/17 04:20:32 Q=5
2026-01-06 17:24:11,464 - INFO - [GINSLIB] processing : 2021/12/17 04:20:33 Q=5
2026-01-06 17:24:11,470 - INFO - [GINSLIB] processing : 2021/12/17 04:20:34 Q=5
2026-01-06 17:24:11,493 - INFO - [GINSLIB] processing : 2021/12/17 04:20:35 Q=5
2026-01-06 17:24:11,515 - INFO - [GINSLIB] processing : 2021/12/17 04:20:36 Q=5
2026-01-06 17:24:11,528 - INFO - [GINSLIB] processing : 2021/12/17 04:20:37 Q=5
2026-01-06 17:24:11,538 - INFO - [GINSLIB] processing : 2021/12/17 04:20:38 Q=5
2026-01-06 17:24:11,553 - INFO - [GINSLIB] processing : 2021/12/17 04:20:39 Q=5
2026-01-06 17:24:11,554 - INFO - [GINSLIB] processing : 2021/12/17 04:20:40 Q=5
2026-01-06 17:24:11,562 - INFO - [GINSLIB] processing : 2021/12/17 04:20:41 Q=5
2026-01-06 17:24:11,570 - INFO - [GINSLIB] processing : 2021/12/17 04:20:42 Q=5
2026-01-06 17:24:11,577 - INFO - [GINSLIB] processing : 2021/12/17 04:20:43 Q=5
2026-01-06 17:24:11,590 - INFO - [GINSLIB] processing : 2021/12/17 04:20:44 Q=5
2026-01-06 17:24:11,591 - INFO - [GINSLIB] processing : 2021/12/17 04:20:45 Q=5
2026-01-06 17:24:11,600 - INFO - [GINSLIB] processing : 2021/12/17 04:20:46 Q=5
2026-01-06 17:24:11,606 - INFO - [GINSLIB] processing : 2021/12/17 04:20:47 Q=5
2026-01-06 17:24:11,614 - INFO - [GINSLIB] processing : 2021/12/17 04:20:48 Q=5
2026-01-06 17:24:11,626 - INFO - [GINSLIB] processing : 2021/12/17 04:20:49 Q=5
2026-01-06 17:24:11,627 - INFO - [GINSLIB] processing : 2021/12/17 04:20:50 Q=5
2026-01-06 17:24:11,635 - INFO - [GINSLIB] processing : 2021/12/17 04:20:51 Q=5
2026-01-06 17:24:11,641 - INFO - [GINSLIB] processing : 2021/12/17 04:20:52 Q=5
2026-01-06 17:24:11,649 - INFO - [GINSLIB] processing : 2021/12/17 04:20:53 Q=5
2026-01-06 17:24:11,655 - INFO - [GINSLIB] processing : 2021/12/17 04:20:54 Q=5
2026-01-06 17:24:11,664 - INFO - [GINSLIB] processing : 2021/12/17 04:20:55 Q=5
2026-01-06 17:24:11,670 - INFO - [GINSLIB] processing : 2021/12/17 04:20:56 Q=5
2026-01-06 17:24:11,679 - INFO - [GINSLIB] processing : 2021/12/17 04:20:57 Q=5
2026-01-06 17:24:11,686 - INFO - [GINSLIB] processing : 2021/12/17 04:20:58 Q=5
2026-01-06 17:24:11,694 - INFO - [GINSLIB] processing : 2021/12/17 04:20:59 Q=5
2026-01-06 17:24:11,699 - INFO - [GINSLIB] processing : 2021/12/17 04:21:00 Q=5
2026-01-06 17:24:11,707 - INFO - [GINSLIB] processing : 2021/12/17 04:21:01 Q=5
2026-01-06 17:24:11,714 - INFO - [GINSLIB] processing : 2021/12/17 04:21:02 Q=5
2026-01-06 17:24:11,722 - INFO - [GINSLIB] processing : 2021/12/17 04:21:03 Q=5
2026-01-06 17:24:11,728 - INFO - [GINSLIB] processing : 2021/12/17 04:21:04 Q=5
2026-01-06 17:24:11,739 - INFO - [GINSLIB] processing : 2021/12/17 04:21:05 Q=5
2026-01-06 17:24:11,741 - INFO - [GINSLIB] processing : 2021/12/17 04:21:06 Q=5
2026-01-06 17:24:11,747 - INFO - [GINSLIB] processing : 2021/12/17 04:21:07 Q=5
2026-01-06 17:24:11,754 - INFO - [GINSLIB] processing : 2021/12/17 04:21:08 Q=5
2026-01-06 17:24:11,761 - INFO - [GINSLIB] processing : 2021/12/17 04:21:09 Q=5
2026-01-06 17:24:11,773 - INFO - [GINSLIB] processing : 2021/12/17 04:21:10 Q=5
2026-01-06 17:24:11,774 - INFO - [GINSLIB] processing : 2021/12/17 04:21:11 Q=5
2026-01-06 17:24:11,780 - INFO - [GINSLIB] processing : 2021/12/17 04:21:12 Q=5
2026-01-06 17:24:11,788 - INFO - [GINSLIB] processing : 2021/12/17 04:21:13 Q=5
2026-01-06 17:24:11,794 - INFO - [GINSLIB] processing : 2021/12/17 04:21:14 Q=5
2026-01-06 17:24:11,807 - INFO - [GINSLIB] processing : 2021/12/17 04:21:15 Q=5
2026-01-06 17:24:11,808 - INFO - [GINSLIB] processing : 2021/12/17 04:21:16 Q=5
2026-01-06 17:24:11,816 - INFO - [GINSLIB] processing : 2021/12/17 04:21:17 Q=5
2026-01-06 17:24:11,822 - INFO - [GINSLIB] processing : 2021/12/17 04:21:18 Q=5
2026-01-06 17:24:11,830 - INFO - [GINSLIB] processing : 2021/12/17 04:21:19 Q=5
2026-01-06 17:24:11,842 - INFO - [GINSLIB] processing : 2021/12/17 04:21:20 Q=5
2026-01-06 17:24:11,843 - INFO - [GINSLIB] processing : 2021/12/17 04:21:21 Q=5
2026-01-06 17:24:11,851 - INFO - [GINSLIB] processing : 2021/12/17 04:21:22 Q=5
2026-01-06 17:24:11,858 - INFO - [GINSLIB] processing : 2021/12/17 04:21:23 Q=5
2026-01-06 17:24:11,866 - INFO - [GINSLIB] processing : 2021/12/17 04:21:24 Q=5
2026-01-06 17:24:11,873 - INFO - [GINSLIB] processing : 2021/12/17 04:21:25 Q=5
2026-01-06 17:24:11,880 - INFO - [GINSLIB] processing : 2021/12/17 04:21:26 Q=5
2026-01-06 17:24:11,888 - INFO - [GINSLIB] processing : 2021/12/17 04:21:27 Q=5
2026-01-06 17:24:11,897 - INFO - [GINSLIB] processing : 2021/12/17 04:21:28 Q=5
2026-01-06 17:24:11,903 - INFO - [GINSLIB] processing : 2021/12/17 04:21:29 Q=5
2026-01-06 17:24:11,911 - INFO - [GINSLIB] processing : 2021/12/17 04:21:30 Q=5
2026-01-06 17:24:11,918 - INFO - [GINSLIB] processing : 2021/12/17 04:21:31 Q=5
2026-01-06 17:24:11,925 - INFO - [GINSLIB] processing : 2021/12/17 04:21:32 Q=5
2026-01-06 17:24:11,933 - INFO - [GINSLIB] processing : 2021/12/17 04:21:33 Q=5
2026-01-06 17:24:11,940 - INFO - [GINSLIB] processing : 2021/12/17 04:21:34 Q=5
2026-01-06 17:24:11,949 - INFO - [GINSLIB] processing : 2021/12/17 04:21:35 Q=5
2026-01-06 17:24:11,961 - INFO - [GINSLIB] processing : 2021/12/17 04:21:36 Q=5
2026-01-06 17:24:11,962 - INFO - [GINSLIB] processing : 2021/12/17 04:21:37 Q=5
2026-01-06 17:24:11,970 - INFO - [GINSLIB] processing : 2021/12/17 04:21:38 Q=5
2026-01-06 17:24:11,977 - INFO - [GINSLIB] processing : 2021/12/17 04:21:39 Q=5
2026-01-06 17:24:11,986 - INFO - [GINSLIB] processing : 2021/12/17 04:21:40 Q=5
2026-01-06 17:24:12,001 - INFO - [GINSLIB] processing : 2021/12/17 04:21:41 Q=5
2026-01-06 17:24:12,002 - INFO - [GINSLIB] processing : 2021/12/17 04:21:42 Q=5
2026-01-06 17:24:12,010 - INFO - [GINSLIB] processing : 2021/12/17 04:21:43 Q=5
2026-01-06 17:24:12,018 - INFO - [GINSLIB] processing : 2021/12/17 04:21:44 Q=5
2026-01-06 17:24:12,024 - INFO - [GINSLIB] processing : 2021/12/17 04:21:45 Q=5
2026-01-06 17:24:12,035 - INFO - [GINSLIB] processing : 2021/12/17 04:21:46 Q=5
2026-01-06 17:24:12,036 - INFO - [GINSLIB] processing : 2021/12/17 04:21:47 Q=5
2026-01-06 17:24:12,042 - INFO - [GINSLIB] processing : 2021/12/17 04:21:48 Q=5
2026-01-06 17:24:12,049 - INFO - [GINSLIB] processing : 2021/12/17 04:21:49 Q=5
2026-01-06 17:24:12,056 - INFO - [GINSLIB] processing : 2021/12/17 04:21:50 Q=5
2026-01-06 17:24:12,068 - INFO - [GINSLIB] processing : 2021/12/17 04:21:51 Q=5
2026-01-06 17:24:12,069 - INFO - [GINSLIB] processing : 2021/12/17 04:21:52 Q=5
2026-01-06 17:24:12,076 - INFO - [GINSLIB] processing : 2021/12/17 04:21:53 Q=5
2026-01-06 17:24:12,083 - INFO - [GINSLIB] processing : 2021/12/17 04:21:54 Q=5
2026-01-06 17:24:12,088 - INFO - [GINSLIB] processing : 2021/12/17 04:21:55 Q=5
2026-01-06 17:24:12,095 - INFO - [GINSLIB] processing : 2021/12/17 04:21:56 Q=5
2026-01-06 17:24:12,100 - INFO - [GINSLIB] processing : 2021/12/17 04:21:57 Q=5
2026-01-06 17:24:12,107 - INFO - [GINSLIB] processing : 2021/12/17 04:21:58 Q=5
2026-01-06 17:24:12,114 - INFO - [GINSLIB] processing : 2021/12/17 04:21:59 Q=5
2026-01-06 17:24:12,120 - INFO - [GINSLIB] processing : 2021/12/17 04:22:00 Q=5
2026-01-06 17:24:12,128 - INFO - [GINSLIB] processing : 2021/12/17 04:22:01 Q=5
2026-01-06 17:24:12,134 - INFO - [GINSLIB] processing : 2021/12/17 04:22:02 Q=5
2026-01-06 17:24:12,141 - INFO - [GINSLIB] processing : 2021/12/17 04:22:03 Q=5
2026-01-06 17:24:12,148 - INFO - [GINSLIB] processing : 2021/12/17 04:22:04 Q=5
2026-01-06 17:24:12,155 - INFO - [GINSLIB] processing : 2021/12/17 04:22:05 Q=5
2026-01-06 17:24:12,163 - INFO - [GINSLIB] processing : 2021/12/17 04:22:06 Q=5
2026-01-06 17:24:12,175 - INFO - [GINSLIB] processing : 2021/12/17 04:22:07 Q=5
2026-01-06 17:24:12,177 - INFO - [GINSLIB] processing : 2021/12/17 04:22:08 Q=5
2026-01-06 17:24:12,183 - INFO - [GINSLIB] processing : 2021/12/17 04:22:09 Q=5
2026-01-06 17:24:12,191 - INFO - [GINSLIB] processing : 2021/12/17 04:22:10 Q=5
2026-01-06 17:24:12,198 - INFO - [GINSLIB] processing : 2021/12/17 04:22:11 Q=5
2026-01-06 17:24:12,210 - INFO - [GINSLIB] processing : 2021/12/17 04:22:12 Q=5
2026-01-06 17:24:12,211 - INFO - [GINSLIB] processing : 2021/12/17 04:22:13 Q=5
2026-01-06 17:24:12,218 - INFO - [GINSLIB] processing : 2021/12/17 04:22:14 Q=5
2026-01-06 17:24:12,225 - INFO - [GINSLIB] processing : 2021/12/17 04:22:15 Q=5
2026-01-06 17:24:12,232 - INFO - [GINSLIB] processing : 2021/12/17 04:22:16 Q=5
2026-01-06 17:24:12,245 - INFO - [GINSLIB] processing : 2021/12/17 04:22:17 Q=5
2026-01-06 17:24:12,246 - INFO - [GINSLIB] processing : 2021/12/17 04:22:18 Q=5
2026-01-06 17:24:12,254 - INFO - [GINSLIB] processing : 2021/12/17 04:22:19 Q=5
2026-01-06 17:24:12,261 - INFO - [GINSLIB] processing : 2021/12/17 04:22:20 Q=5
2026-01-06 17:24:12,268 - INFO - [GINSLIB] processing : 2021/12/17 04:22:21 Q=5
2026-01-06 17:24:12,275 - INFO - [GINSLIB] processing : 2021/12/17 04:22:22 Q=5
2026-01-06 17:24:12,281 - INFO - [GINSLIB] processing : 2021/12/17 04:22:23 Q=5
2026-01-06 17:24:12,288 - INFO - [GINSLIB] processing : 2021/12/17 04:22:24 Q=5
2026-01-06 17:24:12,299 - INFO - [GINSLIB] processing : 2021/12/17 04:22:25 Q=5
2026-01-06 17:24:12,306 - INFO - [GINSLIB] processing : 2021/12/17 04:22:26 Q=5
2026-01-06 17:24:12,314 - INFO - [GINSLIB] processing : 2021/12/17 04:22:27 Q=5
2026-01-06 17:24:12,320 - INFO - [GINSLIB] processing : 2021/12/17 04:22:28 Q=5
2026-01-06 17:24:12,331 - INFO - [GINSLIB] processing : 2021/12/17 04:22:29 Q=5
2026-01-06 17:24:12,338 - INFO - [GINSLIB] processing : 2021/12/17 04:22:30 Q=5
2026-01-06 17:24:12,347 - INFO - [GINSLIB] processing : 2021/12/17 04:22:31 Q=5
2026-01-06 17:24:12,354 - INFO - [GINSLIB] processing : 2021/12/17 04:22:32 Q=5
2026-01-06 17:24:12,362 - INFO - [GINSLIB] processing : 2021/12/17 04:22:33 Q=5
2026-01-06 17:24:12,370 - INFO - [GINSLIB] processing : 2021/12/17 04:22:34 Q=5
2026-01-06 17:24:12,378 - INFO - [GINSLIB] processing : 2021/12/17 04:22:35 Q=5
2026-01-06 17:24:12,385 - INFO - [GINSLIB] processing : 2021/12/17 04:22:36 Q=5
2026-01-06 17:24:12,393 - INFO - [GINSLIB] processing : 2021/12/17 04:22:37 Q=5
2026-01-06 17:24:12,404 - INFO - [GINSLIB] processing : 2021/12/17 04:22:38 Q=5
2026-01-06 17:24:12,405 - INFO - [GINSLIB] processing : 2021/12/17 04:22:39 Q=5
2026-01-06 17:24:12,414 - INFO - [GINSLIB] processing : 2021/12/17 04:22:40 Q=5
2026-01-06 17:24:12,422 - INFO - [GINSLIB] processing : 2021/12/17 04:22:41 Q=5
2026-01-06 17:24:12,429 - INFO - [GINSLIB] processing : 2021/12/17 04:22:42 Q=5
2026-01-06 17:24:12,442 - INFO - [GINSLIB] processing : 2021/12/17 04:22:43 Q=5
2026-01-06 17:24:12,443 - INFO - [GINSLIB] processing : 2021/12/17 04:22:44 Q=5
2026-01-06 17:24:12,451 - INFO - [GINSLIB] processing : 2021/12/17 04:22:45 Q=5
2026-01-06 17:24:12,459 - INFO - [GINSLIB] processing : 2021/12/17 04:22:46 Q=5
2026-01-06 17:24:12,466 - INFO - [GINSLIB] processing : 2021/12/17 04:22:47 Q=5
2026-01-06 17:24:12,478 - INFO - [GINSLIB] processing : 2021/12/17 04:22:48 Q=5
2026-01-06 17:24:12,479 - INFO - [GINSLIB] processing : 2021/12/17 04:22:49 Q=5
2026-01-06 17:24:12,487 - INFO - [GINSLIB] processing : 2021/12/17 04:22:50 Q=5
2026-01-06 17:24:12,493 - INFO - [GINSLIB] processing : 2021/12/17 04:22:51 Q=5
2026-01-06 17:24:12,500 - INFO - [GINSLIB] processing : 2021/12/17 04:22:52 Q=5
2026-01-06 17:24:12,507 - INFO - [GINSLIB] processing : 2021/12/17 04:22:53 Q=5
2026-01-06 17:24:12,512 - INFO - [GINSLIB] processing : 2021/12/17 04:22:54 Q=5
2026-01-06 17:24:12,519 - INFO - [GINSLIB] processing : 2021/12/17 04:22:55 Q=5
2026-01-06 17:24:12,525 - INFO - [GINSLIB] processing : 2021/12/17 04:22:56 Q=5
2026-01-06 17:24:12,533 - INFO - [GINSLIB] processing : 2021/12/17 04:22:57 Q=5
2026-01-06 17:24:12,539 - INFO - [GINSLIB] processing : 2021/12/17 04:22:58 Q=5
2026-01-06 17:24:12,544 - INFO - [GINSLIB] processing : 2021/12/17 04:22:59 Q=5
2026-01-06 17:24:12,550 - INFO - [GINSLIB] processing : 2021/12/17 04:23:00 Q=5
2026-01-06 17:24:12,557 - INFO - [GINSLIB] processing : 2021/12/17 04:23:01 Q=5
2026-01-06 17:24:12,564 - INFO - [GINSLIB] processing : 2021/12/17 04:23:02 Q=5
2026-01-06 17:24:12,570 - INFO - [GINSLIB] processing : 2021/12/17 04:23:03 Q=5
2026-01-06 17:24:12,576 - INFO - [GINSLIB] processing : 2021/12/17 04:23:04 Q=5
2026-01-06 17:24:12,582 - INFO - [GINSLIB] processing : 2021/12/17 04:23:05 Q=5
2026-01-06 17:24:12,588 - INFO - [GINSLIB] processing : 2021/12/17 04:23:06 Q=5
2026-01-06 17:24:12,596 - INFO - [GINSLIB] processing : 2021/12/17 04:23:07 Q=5
2026-01-06 17:24:12,602 - INFO - [GINSLIB] processing : 2021/12/17 04:23:08 Q=5
2026-01-06 17:24:12,612 - INFO - [GINSLIB] processing : 2021/12/17 04:23:09 Q=5
2026-01-06 17:24:12,613 - INFO - [GINSLIB] processing : 2021/12/17 04:23:10 Q=5
2026-01-06 17:24:12,618 - INFO - [GINSLIB] processing : 2021/12/17 04:23:11 Q=5
2026-01-06 17:24:12,626 - INFO - [GINSLIB] processing : 2021/12/17 04:23:12 Q=5
2026-01-06 17:24:12,632 - INFO - [GINSLIB] processing : 2021/12/17 04:23:13 Q=5
2026-01-06 17:24:12,642 - INFO - [GINSLIB] processing : 2021/12/17 04:23:14 Q=5
2026-01-06 17:24:12,643 - INFO - [GINSLIB] processing : 2021/12/17 04:23:15 Q=5
2026-01-06 17:24:12,649 - INFO - [GINSLIB] processing : 2021/12/17 04:23:16 Q=5
2026-01-06 17:24:12,658 - INFO - [GINSLIB] processing : 2021/12/17 04:23:17 Q=5
2026-01-06 17:24:12,665 - INFO - [GINSLIB] processing : 2021/12/17 04:23:18 Q=5
2026-01-06 17:24:12,678 - INFO - [GINSLIB] processing : 2021/12/17 04:23:19 Q=5
2026-01-06 17:24:12,679 - INFO - [GINSLIB] processing : 2021/12/17 04:23:20 Q=5
2026-01-06 17:24:12,685 - INFO - [GINSLIB] processing : 2021/12/17 04:23:21 Q=5
2026-01-06 17:24:12,692 - INFO - [GINSLIB] processing : 2021/12/17 04:23:22 Q=5
2026-01-06 17:24:12,698 - INFO - [GINSLIB] processing : 2021/12/17 04:23:23 Q=5
2026-01-06 17:24:12,706 - INFO - [GINSLIB] processing : 2021/12/17 04:23:24 Q=5
2026-01-06 17:24:12,711 - INFO - [GINSLIB] processing : 2021/12/17 04:23:25 Q=5
2026-01-06 17:24:12,718 - INFO - [GINSLIB] processing : 2021/12/17 04:23:26 Q=5
2026-01-06 17:24:12,724 - INFO - [GINSLIB] processing : 2021/12/17 04:23:27 Q=5
2026-01-06 17:24:12,731 - INFO - [GINSLIB] processing : 2021/12/17 04:23:28 Q=5
2026-01-06 17:24:12,738 - INFO - [GINSLIB] processing : 2021/12/17 04:23:29 Q=5
2026-01-06 17:24:12,743 - INFO - [GINSLIB] processing : 2021/12/17 04:23:30 Q=5
2026-01-06 17:24:12,749 - INFO - [GINSLIB] processing : 2021/12/17 04:23:31 Q=5
2026-01-06 17:24:12,755 - INFO - [GINSLIB] processing : 2021/12/17 04:23:32 Q=5
2026-01-06 17:24:12,762 - INFO - [GINSLIB] processing : 2021/12/17 04:23:33 Q=5
2026-01-06 17:24:12,768 - INFO - [GINSLIB] processing : 2021/12/17 04:23:34 Q=5
2026-01-06 17:24:12,774 - INFO - [GINSLIB] processing : 2021/12/17 04:23:35 Q=5
2026-01-06 17:24:12,783 - INFO - [GINSLIB] processing : 2021/12/17 04:23:36 Q=5
2026-01-06 17:24:12,789 - INFO - [GINSLIB] processing : 2021/12/17 04:23:37 Q=5
2026-01-06 17:24:12,795 - INFO - [GINSLIB] processing : 2021/12/17 04:23:38 Q=5
2026-01-06 17:24:12,801 - INFO - [GINSLIB] processing : 2021/12/17 04:23:39 Q=5
2026-01-06 17:24:12,814 - INFO - [GINSLIB] processing : 2021/12/17 04:23:40 Q=5
2026-01-06 17:24:12,815 - INFO - [GINSLIB] processing : 2021/12/17 04:23:41 Q=5
2026-01-06 17:24:12,821 - INFO - [GINSLIB] processing : 2021/12/17 04:23:42 Q=5
2026-01-06 17:24:12,827 - INFO - [GINSLIB] processing : 2021/12/17 04:23:43 Q=5
2026-01-06 17:24:12,833 - INFO - [GINSLIB] processing : 2021/12/17 04:23:44 Q=5
2026-01-06 17:24:12,845 - INFO - [GINSLIB] processing : 2021/12/17 04:23:45 Q=5
2026-01-06 17:24:12,846 - INFO - [GINSLIB] processing : 2021/12/17 04:23:46 Q=5
2026-01-06 17:24:12,853 - INFO - [GINSLIB] processing : 2021/12/17 04:23:47 Q=5
2026-01-06 17:24:12,861 - INFO - [GINSLIB] processing : 2021/12/17 04:23:48 Q=5
2026-01-06 17:24:12,867 - INFO - [GINSLIB] processing : 2021/12/17 04:23:49 Q=5
2026-01-06 17:24:12,878 - INFO - [GINSLIB] processing : 2021/12/17 04:23:50 Q=5
2026-01-06 17:24:12,879 - INFO - [GINSLIB] processing : 2021/12/17 04:23:51 Q=5
2026-01-06 17:24:12,886 - INFO - [GINSLIB] processing : 2021/12/17 04:23:52 Q=5
2026-01-06 17:24:12,892 - INFO - [GINSLIB] processing : 2021/12/17 04:23:53 Q=5
2026-01-06 17:24:12,899 - INFO - [GINSLIB] processing : 2021/12/17 04:23:54 Q=5
2026-01-06 17:24:12,906 - INFO - [GINSLIB] processing : 2021/12/17 04:23:55 Q=5
2026-01-06 17:24:12,911 - INFO - [GINSLIB] processing : 2021/12/17 04:23:56 Q=5
2026-01-06 17:24:12,918 - INFO - [GINSLIB] processing : 2021/12/17 04:23:57 Q=5
2026-01-06 17:24:12,926 - INFO - [GINSLIB] processing : 2021/12/17 04:23:58 Q=5
2026-01-06 17:24:12,932 - INFO - [GINSLIB] processing : 2021/12/17 04:23:59 Q=5
2026-01-06 17:24:12,939 - INFO - [GINSLIB] processing : 2021/12/17 04:24:00 Q=5
2026-01-06 17:24:12,944 - INFO - [GINSLIB] processing : 2021/12/17 04:24:01 Q=5
2026-01-06 17:24:12,951 - INFO - [GINSLIB] processing : 2021/12/17 04:24:02 Q=5
2026-01-06 17:24:12,958 - INFO - [GINSLIB] processing : 2021/12/17 04:24:03 Q=5
2026-01-06 17:24:12,965 - INFO - [GINSLIB] processing : 2021/12/17 04:24:04 Q=5
2026-01-06 17:24:12,971 - INFO - [GINSLIB] processing : 2021/12/17 04:24:05 Q=5
2026-01-06 17:24:12,983 - INFO - [GINSLIB] processing : 2021/12/17 04:24:06 Q=5
2026-01-06 17:24:12,984 - INFO - [GINSLIB] processing : 2021/12/17 04:24:07 Q=5
2026-01-06 17:24:12,990 - INFO - [GINSLIB] processing : 2021/12/17 04:24:08 Q=5
2026-01-06 17:24:12,998 - INFO - [GINSLIB] processing : 2021/12/17 04:24:09 Q=5
2026-01-06 17:24:13,004 - INFO - [GINSLIB] processing : 2021/12/17 04:24:10 Q=5
2026-01-06 17:24:13,016 - INFO - [GINSLIB] processing : 2021/12/17 04:24:11 Q=5
2026-01-06 17:24:13,017 - INFO - [GINSLIB] processing : 2021/12/17 04:24:12 Q=5
2026-01-06 17:24:13,023 - INFO - [GINSLIB] processing : 2021/12/17 04:24:13 Q=5
2026-01-06 17:24:13,031 - INFO - [GINSLIB] processing : 2021/12/17 04:24:14 Q=5
2026-01-06 17:24:13,037 - INFO - [GINSLIB] processing : 2021/12/17 04:24:15 Q=5
2026-01-06 17:24:13,048 - INFO - [GINSLIB] processing : 2021/12/17 04:24:16 Q=5
2026-01-06 17:24:13,049 - INFO - [GINSLIB] processing : 2021/12/17 04:24:17 Q=5
2026-01-06 17:24:13,056 - INFO - [GINSLIB] processing : 2021/12/17 04:24:18 Q=5
2026-01-06 17:24:13,063 - INFO - [GINSLIB] processing : 2021/12/17 04:24:19 Q=5
2026-01-06 17:24:13,069 - INFO - [GINSLIB] processing : 2021/12/17 04:24:20 Q=5
2026-01-06 17:24:13,082 - INFO - [GINSLIB] processing : 2021/12/17 04:24:21 Q=5
2026-01-06 17:24:13,083 - INFO - [GINSLIB] processing : 2021/12/17 04:24:22 Q=5
2026-01-06 17:24:13,091 - INFO - [GINSLIB] processing : 2021/12/17 04:24:23 Q=5
2026-01-06 17:24:13,097 - INFO - [GINSLIB] processing : 2021/12/17 04:24:24 Q=5
2026-01-06 17:24:13,105 - INFO - [GINSLIB] processing : 2021/12/17 04:24:25 Q=5
2026-01-06 17:24:13,112 - INFO - [GINSLIB] processing : 2021/12/17 04:24:26 Q=5
2026-01-06 17:24:13,118 - INFO - [GINSLIB] processing : 2021/12/17 04:24:27 Q=5
2026-01-06 17:24:13,124 - INFO - [GINSLIB] processing : 2021/12/17 04:24:28 Q=5
2026-01-06 17:24:13,131 - INFO - [GINSLIB] processing : 2021/12/17 04:24:29 Q=5
2026-01-06 17:24:13,137 - INFO - [GINSLIB] processing : 2021/12/17 04:24:30 Q=5
2026-01-06 17:24:13,144 - INFO - [GINSLIB] processing : 2021/12/17 04:24:31 Q=5
2026-01-06 17:24:13,150 - INFO - [GINSLIB] processing : 2021/12/17 04:24:32 Q=5
2026-01-06 17:24:13,157 - INFO - [GINSLIB] processing : 2021/12/17 04:24:33 Q=5
2026-01-06 17:24:13,163 - INFO - [GINSLIB] processing : 2021/12/17 04:24:34 Q=5
2026-01-06 17:24:13,170 - INFO - [GINSLIB] processing : 2021/12/17 04:24:35 Q=5
2026-01-06 17:24:13,177 - INFO - [GINSLIB] processing : 2021/12/17 04:24:36 Q=5
2026-01-06 17:24:13,188 - INFO - [GINSLIB] processing : 2021/12/17 04:24:37 Q=5
2026-01-06 17:24:13,189 - INFO - [GINSLIB] processing : 2021/12/17 04:24:38 Q=5
2026-01-06 17:24:13,197 - INFO - [GINSLIB] processing : 2021/12/17 04:24:39 Q=5
2026-01-06 17:24:13,203 - INFO - [GINSLIB] processing : 2021/12/17 04:24:40 Q=5
2026-01-06 17:24:13,210 - INFO - [GINSLIB] processing : 2021/12/17 04:24:41 Q=5
2026-01-06 17:24:13,222 - INFO - [GINSLIB] processing : 2021/12/17 04:24:42 Q=5
2026-01-06 17:24:13,223 - INFO - [GINSLIB] processing : 2021/12/17 04:24:43 Q=5
2026-01-06 17:24:13,230 - INFO - [GINSLIB] processing : 2021/12/17 04:24:44 Q=5
2026-01-06 17:24:13,236 - INFO - [GINSLIB] processing : 2021/12/17 04:24:45 Q=5
2026-01-06 17:24:13,243 - INFO - [GINSLIB] processing : 2021/12/17 04:24:46 Q=5
2026-01-06 17:24:13,255 - INFO - [GINSLIB] processing : 2021/12/17 04:24:47 Q=5
2026-01-06 17:24:13,256 - INFO - [GINSLIB] processing : 2021/12/17 04:24:48 Q=5
2026-01-06 17:24:13,262 - INFO - [GINSLIB] processing : 2021/12/17 04:24:49 Q=5
2026-01-06 17:24:13,268 - INFO - [GINSLIB] processing : 2021/12/17 04:24:50 Q=5
2026-01-06 17:24:13,275 - INFO - [GINSLIB] processing : 2021/12/17 04:24:51 Q=5
2026-01-06 17:24:13,282 - INFO - [GINSLIB] processing : 2021/12/17 04:24:52 Q=5
2026-01-06 17:24:13,287 - INFO - [GINSLIB] processing : 2021/12/17 04:24:53 Q=5
2026-01-06 17:24:13,294 - INFO - [GINSLIB] processing : 2021/12/17 04:24:54 Q=5
2026-01-06 17:24:13,301 - INFO - [GINSLIB] processing : 2021/12/17 04:24:55 Q=5
2026-01-06 17:24:13,308 - INFO - [GINSLIB] processing : 2021/12/17 04:24:56 Q=5
2026-01-06 17:24:13,314 - INFO - [GINSLIB] processing : 2021/12/17 04:24:57 Q=5
2026-01-06 17:24:13,319 - INFO - [GINSLIB] processing : 2021/12/17 04:24:58 Q=5
2026-01-06 17:24:13,327 - INFO - [GINSLIB] processing : 2021/12/17 04:24:59 Q=5
2026-01-06 17:24:13,333 - INFO - [GINSLIB] processing : 2021/12/17 04:25:00 Q=5
2026-01-06 17:24:13,339 - INFO - [GINSLIB] processing : 2021/12/17 04:25:01 Q=5
2026-01-06 17:24:13,346 - INFO - [GINSLIB] processing : 2021/12/17 04:25:02 Q=5
2026-01-06 17:24:13,351 - INFO - [GINSLIB] processing : 2021/12/17 04:25:03 Q=5
2026-01-06 17:24:13,358 - INFO - [GINSLIB] processing : 2021/12/17 04:25:04 Q=5
2026-01-06 17:24:13,364 - INFO - [GINSLIB] processing : 2021/12/17 04:25:05 Q=5
2026-01-06 17:24:13,370 - INFO - [GINSLIB] processing : 2021/12/17 04:25:06 Q=5
2026-01-06 17:24:13,377 - INFO - [GINSLIB] processing : 2021/12/17 04:25:07 Q=5
2026-01-06 17:24:13,388 - INFO - [GINSLIB] processing : 2021/12/17 04:25:08 Q=5
2026-01-06 17:24:13,389 - INFO - [GINSLIB] processing : 2021/12/17 04:25:09 Q=5
2026-01-06 17:24:13,396 - INFO - [GINSLIB] processing : 2021/12/17 04:25:10 Q=5
2026-01-06 17:24:13,403 - INFO - [GINSLIB] processing : 2021/12/17 04:25:11 Q=5
2026-01-06 17:24:13,410 - INFO - [GINSLIB] processing : 2021/12/17 04:25:12 Q=5
2026-01-06 17:24:13,422 - INFO - [GINSLIB] processing : 2021/12/17 04:25:13 Q=5
2026-01-06 17:24:13,423 - INFO - [GINSLIB] processing : 2021/12/17 04:25:14 Q=5
2026-01-06 17:24:13,430 - INFO - [GINSLIB] processing : 2021/12/17 04:25:15 Q=5
2026-01-06 17:24:13,436 - INFO - [GINSLIB] processing : 2021/12/17 04:25:16 Q=5
2026-01-06 17:24:13,443 - INFO - [GINSLIB] processing : 2021/12/17 04:25:17 Q=5
2026-01-06 17:24:13,454 - INFO - [GINSLIB] processing : 2021/12/17 04:25:18 Q=5
2026-01-06 17:24:13,455 - INFO - [GINSLIB] processing : 2021/12/17 04:25:19 Q=5
2026-01-06 17:24:13,463 - INFO - [GINSLIB] processing : 2021/12/17 04:25:20 Q=5
2026-01-06 17:24:13,469 - INFO - [GINSLIB] processing : 2021/12/17 04:25:21 Q=5
2026-01-06 17:24:13,476 - INFO - [GINSLIB] processing : 2021/12/17 04:25:22 Q=5
2026-01-06 17:24:13,483 - INFO - [GINSLIB] processing : 2021/12/17 04:25:23 Q=5
2026-01-06 17:24:13,488 - INFO - [GINSLIB] processing : 2021/12/17 04:25:24 Q=5
2026-01-06 17:24:13,496 - INFO - [GINSLIB] processing : 2021/12/17 04:25:25 Q=5
2026-01-06 17:24:13,501 - INFO - [GINSLIB] processing : 2021/12/17 04:25:26 Q=5
2026-01-06 17:24:13,508 - INFO - [GINSLIB] processing : 2021/12/17 04:25:27 Q=5
2026-01-06 17:24:13,515 - INFO - [GINSLIB] processing : 2021/12/17 04:25:28 Q=5
2026-01-06 17:24:13,520 - INFO - [GINSLIB] processing : 2021/12/17 04:25:29 Q=5
2026-01-06 17:24:13,527 - INFO - [GINSLIB] processing : 2021/12/17 04:25:30 Q=5
2026-01-06 17:24:13,533 - INFO - [GINSLIB] processing : 2021/12/17 04:25:31 Q=5
2026-01-06 17:24:13,539 - INFO - [GINSLIB] processing : 2021/12/17 04:25:32 Q=5
2026-01-06 17:24:13,546 - INFO - [GINSLIB] processing : 2021/12/17 04:25:33 Q=5
2026-01-06 17:24:13,551 - INFO - [GINSLIB] processing : 2021/12/17 04:25:34 Q=5
2026-01-06 17:24:13,557 - INFO - [GINSLIB] processing : 2021/12/17 04:25:35 Q=5
2026-01-06 17:24:13,563 - INFO - [GINSLIB] processing : 2021/12/17 04:25:36 Q=5
2026-01-06 17:24:13,570 - INFO - [GINSLIB] processing : 2021/12/17 04:25:37 Q=5
2026-01-06 17:24:13,576 - INFO - [GINSLIB] processing : 2021/12/17 04:25:38 Q=5
2026-01-06 17:24:13,587 - INFO - [GINSLIB] processing : 2021/12/17 04:25:39 Q=5
2026-01-06 17:24:13,588 - INFO - [GINSLIB] processing : 2021/12/17 04:25:40 Q=5
2026-01-06 17:24:13,594 - INFO - [GINSLIB] processing : 2021/12/17 04:25:41 Q=5
2026-01-06 17:24:13,600 - INFO - [GINSLIB] processing : 2021/12/17 04:25:42 Q=5
2026-01-06 17:24:13,607 - INFO - [GINSLIB] processing : 2021/12/17 04:25:43 Q=5
2026-01-06 17:24:13,616 - INFO - [GINSLIB] processing : 2021/12/17 04:25:44 Q=5
2026-01-06 17:24:13,618 - INFO - [GINSLIB] processing : 2021/12/17 04:25:45 Q=5
2026-01-06 17:24:13,624 - INFO - [GINSLIB] processing : 2021/12/17 04:25:46 Q=5
2026-01-06 17:24:13,631 - INFO - [GINSLIB] processing : 2021/12/17 04:25:47 Q=5
2026-01-06 17:24:13,637 - INFO - [GINSLIB] processing : 2021/12/17 04:25:48 Q=5
2026-01-06 17:24:13,648 - INFO - [GINSLIB] processing : 2021/12/17 04:25:49 Q=5
2026-01-06 17:24:13,649 - INFO - [GINSLIB] processing : 2021/12/17 04:25:50 Q=5
2026-01-06 17:24:13,654 - INFO - [GINSLIB] processing : 2021/12/17 04:25:51 Q=5
2026-01-06 17:24:13,660 - INFO - [GINSLIB] processing : 2021/12/17 04:25:52 Q=5
2026-01-06 17:24:13,667 - INFO - [GINSLIB] processing : 2021/12/17 04:25:53 Q=5
2026-01-06 17:24:13,674 - INFO - [GINSLIB] processing : 2021/12/17 04:25:54 Q=5
2026-01-06 17:24:13,681 - INFO - [GINSLIB] processing : 2021/12/17 04:25:55 Q=5
2026-01-06 17:24:13,688 - INFO - [GINSLIB] processing : 2021/12/17 04:25:56 Q=5
2026-01-06 17:24:13,695 - INFO - [GINSLIB] processing : 2021/12/17 04:25:57 Q=5
2026-01-06 17:24:13,702 - INFO - [GINSLIB] processing : 2021/12/17 04:25:58 Q=5
2026-01-06 17:24:13,709 - INFO - [GINSLIB] processing : 2021/12/17 04:25:59 Q=5
2026-01-06 17:24:13,714 - INFO - [GINSLIB] processing : 2021/12/17 04:26:00 Q=5
2026-01-06 17:24:13,720 - INFO - [GINSLIB] processing : 2021/12/17 04:26:01 Q=5
2026-01-06 17:24:13,728 - INFO - [GINSLIB] processing : 2021/12/17 04:26:02 Q=5
2026-01-06 17:24:13,735 - INFO - [GINSLIB] processing : 2021/12/17 04:26:03 Q=5
2026-01-06 17:24:13,742 - INFO - [GINSLIB] processing : 2021/12/17 04:26:04 Q=5
2026-01-06 17:24:13,748 - INFO - [GINSLIB] processing : 2021/12/17 04:26:05 Q=5
2026-01-06 17:24:13,754 - INFO - [GINSLIB] processing : 2021/12/17 04:26:06 Q=5
2026-01-06 17:24:13,762 - INFO - [GINSLIB] processing : 2021/12/17 04:26:07 Q=5
2026-01-06 17:24:13,768 - INFO - [GINSLIB] processing : 2021/12/17 04:26:08 Q=5
2026-01-06 17:24:13,776 - INFO - [GINSLIB] processing : 2021/12/17 04:26:09 Q=5
2026-01-06 17:24:13,789 - INFO - [GINSLIB] processing : 2021/12/17 04:26:10 Q=5
2026-01-06 17:24:13,790 - INFO - [GINSLIB] processing : 2021/12/17 04:26:11 Q=5
2026-01-06 17:24:13,798 - INFO - [GINSLIB] processing : 2021/12/17 04:26:12 Q=5
2026-01-06 17:24:13,805 - INFO - [GINSLIB] processing : 2021/12/17 04:26:13 Q=5
2026-01-06 17:24:13,811 - INFO - [GINSLIB] processing : 2021/12/17 04:26:14 Q=5
2026-01-06 17:24:13,824 - INFO - [GINSLIB] processing : 2021/12/17 04:26:15 Q=5
2026-01-06 17:24:13,825 - INFO - [GINSLIB] processing : 2021/12/17 04:26:16 Q=5
2026-01-06 17:24:13,831 - INFO - [GINSLIB] processing : 2021/12/17 04:26:17 Q=5
2026-01-06 17:24:13,838 - INFO - [GINSLIB] processing : 2021/12/17 04:26:18 Q=5
2026-01-06 17:24:13,844 - INFO - [GINSLIB] processing : 2021/12/17 04:26:19 Q=5
2026-01-06 17:24:13,855 - INFO - [GINSLIB] processing : 2021/12/17 04:26:20 Q=5
2026-01-06 17:24:13,857 - INFO - [GINSLIB] processing : 2021/12/17 04:26:21 Q=5
2026-01-06 17:24:13,863 - INFO - [GINSLIB] processing : 2021/12/17 04:26:22 Q=5
2026-01-06 17:24:13,870 - INFO - [GINSLIB] processing : 2021/12/17 04:26:23 Q=5
2026-01-06 17:24:13,876 - INFO - [GINSLIB] processing : 2021/12/17 04:26:24 Q=5
2026-01-06 17:24:13,883 - INFO - [GINSLIB] processing : 2021/12/17 04:26:25 Q=5
2026-01-06 17:24:13,887 - INFO - [GINSLIB] processing : 2021/12/17 04:26:26 Q=5
2026-01-06 17:24:13,893 - INFO - [GINSLIB] processing : 2021/12/17 04:26:27 Q=5
2026-01-06 17:24:13,899 - INFO - [GINSLIB] processing : 2021/12/17 04:26:28 Q=5
2026-01-06 17:24:13,905 - INFO - [GINSLIB] processing : 2021/12/17 04:26:29 Q=5
2026-01-06 17:24:13,911 - INFO - [GINSLIB] processing : 2021/12/17 04:26:30 Q=5
2026-01-06 17:24:13,916 - INFO - [GINSLIB] processing : 2021/12/17 04:26:31 Q=5
2026-01-06 17:24:13,921 - INFO - [GINSLIB] processing : 2021/12/17 04:26:32 Q=5
2026-01-06 17:24:13,928 - INFO - [GINSLIB] processing : 2021/12/17 04:26:33 Q=5
2026-01-06 17:24:13,934 - INFO - [GINSLIB] processing : 2021/12/17 04:26:34 Q=5
2026-01-06 17:24:13,939 - INFO - [GINSLIB] processing : 2021/12/17 04:26:35 Q=5
2026-01-06 17:24:13,945 - INFO - [GINSLIB] processing : 2021/12/17 04:26:36 Q=5
2026-01-06 17:24:13,950 - INFO - [GINSLIB] processing : 2021/12/17 04:26:37 Q=5
2026-01-06 17:24:13,955 - INFO - [GINSLIB] processing : 2021/12/17 04:26:38 Q=5
2026-01-06 17:24:13,962 - INFO - [GINSLIB] processing : 2021/12/17 04:26:39 Q=5
2026-01-06 17:24:13,967 - INFO - [GINSLIB] processing : 2021/12/17 04:26:40 Q=5
2026-01-06 17:24:13,977 - INFO - [GINSLIB] processing : 2021/12/17 04:26:41 Q=5
2026-01-06 17:24:13,978 - INFO - [GINSLIB] processing : 2021/12/17 04:26:42 Q=5
2026-01-06 17:24:13,982 - INFO - [GINSLIB] processing : 2021/12/17 04:26:43 Q=5
2026-01-06 17:24:13,987 - INFO - [GINSLIB] processing : 2021/12/17 04:26:44 Q=5
2026-01-06 17:24:13,993 - INFO - [GINSLIB] processing : 2021/12/17 04:26:45 Q=5
2026-01-06 17:24:14,002 - INFO - [GINSLIB] processing : 2021/12/17 04:26:46 Q=5
2026-01-06 17:24:14,003 - INFO - [GINSLIB] processing : 2021/12/17 04:26:47 Q=5
2026-01-06 17:24:14,009 - INFO - [GINSLIB] processing : 2021/12/17 04:26:48 Q=5
2026-01-06 17:24:14,014 - INFO - [GINSLIB] processing : 2021/12/17 04:26:49 Q=5
2026-01-06 17:24:14,020 - INFO - [GINSLIB] processing : 2021/12/17 04:26:50 Q=5
2026-01-06 17:24:14,030 - INFO - [GINSLIB] processing : 2021/12/17 04:26:51 Q=5
2026-01-06 17:24:14,031 - INFO - [GINSLIB] processing : 2021/12/17 04:26:52 Q=5
2026-01-06 17:24:14,037 - INFO - [GINSLIB] processing : 2021/12/17 04:26:53 Q=5
2026-01-06 17:24:14,042 - INFO - [GINSLIB] processing : 2021/12/17 04:26:54 Q=5
2026-01-06 17:24:14,048 - INFO - [GINSLIB] processing : 2021/12/17 04:26:55 Q=5
2026-01-06 17:24:14,053 - INFO - [GINSLIB] processing : 2021/12/17 04:26:56 Q=5
2026-01-06 17:24:14,057 - INFO - [GINSLIB] processing : 2021/12/17 04:26:57 Q=5
2026-01-06 17:24:14,064 - INFO - [GINSLIB] processing : 2021/12/17 04:26:58 Q=5
2026-01-06 17:24:14,070 - INFO - [GINSLIB] processing : 2021/12/17 04:26:59 Q=5
2026-01-06 17:24:14,076 - INFO - [GINSLIB] processing : 2021/12/17 04:27:00 Q=5
2026-01-06 17:24:14,082 - INFO - [GINSLIB] processing : 2021/12/17 04:27:01 Q=5
2026-01-06 17:24:14,086 - INFO - [GINSLIB] processing : 2021/12/17 04:27:02 Q=5
2026-01-06 17:24:14,090 - INFO - [GINSLIB] processing : 2021/12/17 04:27:03 Q=5
2026-01-06 17:24:14,095 - INFO - [GINSLIB] processing : 2021/12/17 04:27:04 Q=5
2026-01-06 17:24:14,100 - INFO - [GINSLIB] processing : 2021/12/17 04:27:05 Q=5
2026-01-06 17:24:14,104 - INFO - [GINSLIB] processing : 2021/12/17 04:27:06 Q=5
2026-01-06 17:24:14,114 - INFO - [GINSLIB] processing : 2021/12/17 04:27:07 Q=5
2026-01-06 17:24:14,115 - INFO - [GINSLIB] processing : 2021/12/17 04:27:08 Q=5
2026-01-06 17:24:14,120 - INFO - [GINSLIB] processing : 2021/12/17 04:27:09 Q=5
2026-01-06 17:24:14,126 - INFO - [GINSLIB] processing : 2021/12/17 04:27:10 Q=5
2026-01-06 17:24:14,132 - INFO - [GINSLIB] processing : 2021/12/17 04:27:11 Q=5
2026-01-06 17:24:14,140 - INFO - [GINSLIB] processing : 2021/12/17 04:27:12 Q=5
2026-01-06 17:24:14,141 - INFO - [GINSLIB] processing : 2021/12/17 04:27:13 Q=5
2026-01-06 17:24:14,147 - INFO - [GINSLIB] processing : 2021/12/17 04:27:14 Q=5
2026-01-06 17:24:14,152 - INFO - [GINSLIB] processing : 2021/12/17 04:27:15 Q=5
2026-01-06 17:24:14,157 - INFO - [GINSLIB] processing : 2021/12/17 04:27:16 Q=5
2026-01-06 17:24:14,165 - INFO - [GINSLIB] processing : 2021/12/17 04:27:17 Q=5
2026-01-06 17:24:14,166 - INFO - [GINSLIB] processing : 2021/12/17 04:27:18 Q=5
2026-01-06 17:24:14,171 - INFO - [GINSLIB] processing : 2021/12/17 04:27:19 Q=5
2026-01-06 17:24:14,176 - INFO - [GINSLIB] processing : 2021/12/17 04:27:20 Q=5
2026-01-06 17:24:14,180 - INFO - [GINSLIB] processing : 2021/12/17 04:27:21 Q=5
2026-01-06 17:24:14,189 - INFO - [GINSLIB] processing : 2021/12/17 04:27:22 Q=5
2026-01-06 17:24:14,191 - INFO - [GINSLIB] processing : 2021/12/17 04:27:23 Q=5
2026-01-06 17:24:14,195 - INFO - [GINSLIB] processing : 2021/12/17 04:27:24 Q=5
2026-01-06 17:24:14,200 - INFO - [GINSLIB] processing : 2021/12/17 04:27:25 Q=5
2026-01-06 17:24:14,206 - INFO - [GINSLIB] processing : 2021/12/17 04:27:26 Q=5
2026-01-06 17:24:14,211 - INFO - [GINSLIB] processing : 2021/12/17 04:27:27 Q=5
2026-01-06 17:24:14,214 - INFO - [GINSLIB] processing : 2021/12/17 04:27:28 Q=5
2026-01-06 17:24:14,220 - INFO - [GINSLIB] processing : 2021/12/17 04:27:29 Q=5
2026-01-06 17:24:14,225 - INFO - [GINSLIB] processing : 2021/12/17 04:27:30 Q=5
2026-01-06 17:24:14,230 - INFO - [GINSLIB] processing : 2021/12/17 04:27:31 Q=5
2026-01-06 17:24:14,236 - INFO - [GINSLIB] processing : 2021/12/17 04:27:32 Q=5
2026-01-06 17:24:14,240 - INFO - [GINSLIB] processing : 2021/12/17 04:27:33 Q=5
2026-01-06 17:24:14,245 - INFO - [GINSLIB] processing : 2021/12/17 04:27:34 Q=5
2026-01-06 17:24:14,251 - INFO - [GINSLIB] processing : 2021/12/17 04:27:35 Q=5
2026-01-06 17:24:14,257 - INFO - [GINSLIB] processing : 2021/12/17 04:27:36 Q=5
2026-01-06 17:24:14,262 - INFO - [GINSLIB] processing : 2021/12/17 04:27:37 Q=5
2026-01-06 17:24:14,273 - INFO - [GINSLIB] processing : 2021/12/17 04:27:38 Q=5
2026-01-06 17:24:14,274 - INFO - [GINSLIB] processing : 2021/12/17 04:27:39 Q=5
2026-01-06 17:24:14,281 - INFO - [GINSLIB] processing : 2021/12/17 04:27:40 Q=5
2026-01-06 17:24:14,287 - INFO - [GINSLIB] processing : 2021/12/17 04:27:41 Q=5
2026-01-06 17:24:14,293 - INFO - [GINSLIB] processing : 2021/12/17 04:27:42 Q=5
2026-01-06 17:24:14,304 - INFO - [GINSLIB] processing : 2021/12/17 04:27:43 Q=5
2026-01-06 17:24:14,305 - INFO - [GINSLIB] processing : 2021/12/17 04:27:44 Q=5
2026-01-06 17:24:14,311 - INFO - [GINSLIB] processing : 2021/12/17 04:27:45 Q=5
2026-01-06 17:24:14,317 - INFO - [GINSLIB] processing : 2021/12/17 04:27:46 Q=5
2026-01-06 17:24:14,322 - INFO - [GINSLIB] processing : 2021/12/17 04:27:47 Q=5
2026-01-06 17:24:14,334 - INFO - [GINSLIB] processing : 2021/12/17 04:27:48 Q=5
2026-01-06 17:24:14,335 - INFO - [GINSLIB] processing : 2021/12/17 04:27:49 Q=5
2026-01-06 17:24:14,340 - INFO - [GINSLIB] processing : 2021/12/17 04:27:50 Q=5
2026-01-06 17:24:14,346 - INFO - [GINSLIB] processing : 2021/12/17 04:27:51 Q=5
2026-01-06 17:24:14,352 - INFO - [GINSLIB] processing : 2021/12/17 04:27:52 Q=5
2026-01-06 17:24:14,358 - INFO - [GINSLIB] processing : 2021/12/17 04:27:53 Q=5
2026-01-06 17:24:14,363 - INFO - [GINSLIB] processing : 2021/12/17 04:27:54 Q=5
2026-01-06 17:24:14,369 - INFO - [GINSLIB] processing : 2021/12/17 04:27:55 Q=5
2026-01-06 17:24:14,375 - INFO - [GINSLIB] processing : 2021/12/17 04:27:56 Q=5
2026-01-06 17:24:14,381 - INFO - [GINSLIB] processing : 2021/12/17 04:27:57 Q=5
2026-01-06 17:24:14,387 - INFO - [GINSLIB] processing : 2021/12/17 04:27:58 Q=5
2026-01-06 17:24:14,393 - INFO - [GINSLIB] processing : 2021/12/17 04:27:59 Q=5
2026-01-06 17:24:14,399 - INFO - [GINSLIB] processing : 2021/12/17 04:28:00 Q=5
2026-01-06 17:24:14,405 - INFO - [GINSLIB] processing : 2021/12/17 04:28:01 Q=5
2026-01-06 17:24:14,411 - INFO - [GINSLIB] processing : 2021/12/17 04:28:02 Q=5
2026-01-06 17:24:14,417 - INFO - [GINSLIB] processing : 2021/12/17 04:28:03 Q=5
2026-01-06 17:24:14,425 - INFO - [GINSLIB] processing : 2021/12/17 04:28:04 Q=5
2026-01-06 17:24:14,432 - INFO - [GINSLIB] processing : 2021/12/17 04:28:05 Q=5
2026-01-06 17:24:14,438 - INFO - [GINSLIB] processing : 2021/12/17 04:28:06 Q=5
2026-01-06 17:24:14,444 - INFO - [GINSLIB] processing : 2021/12/17 04:28:07 Q=5
2026-01-06 17:24:14,452 - INFO - [GINSLIB] processing : 2021/12/17 04:28:08 Q=5
2026-01-06 17:24:14,463 - INFO - [GINSLIB] processing : 2021/12/17 04:28:09 Q=5
2026-01-06 17:24:14,464 - INFO - [GINSLIB] processing : 2021/12/17 04:28:10 Q=5
2026-01-06 17:24:14,471 - INFO - [GINSLIB] processing : 2021/12/17 04:28:11 Q=5
2026-01-06 17:24:14,479 - INFO - [GINSLIB] processing : 2021/12/17 04:28:12 Q=5
2026-01-06 17:24:14,488 - INFO - [GINSLIB] processing : 2021/12/17 04:28:13 Q=5
2026-01-06 17:24:14,501 - INFO - [GINSLIB] processing : 2021/12/17 04:28:14 Q=5
2026-01-06 17:24:14,502 - INFO - [GINSLIB] processing : 2021/12/17 04:28:15 Q=5
2026-01-06 17:24:14,510 - INFO - [GINSLIB] processing : 2021/12/17 04:28:16 Q=5
2026-01-06 17:24:14,519 - INFO - [GINSLIB] processing : 2021/12/17 04:28:17 Q=5
2026-01-06 17:24:14,525 - INFO - [GINSLIB] processing : 2021/12/17 04:28:18 Q=5
2026-01-06 17:24:14,536 - INFO - [GINSLIB] processing : 2021/12/17 04:28:19 Q=5
2026-01-06 17:24:14,537 - INFO - [GINSLIB] processing : 2021/12/17 04:28:20 Q=5
2026-01-06 17:24:14,545 - INFO - [GINSLIB] processing : 2021/12/17 04:28:21 Q=5
2026-01-06 17:24:14,553 - INFO - [GINSLIB] processing : 2021/12/17 04:28:22 Q=5
2026-01-06 17:24:14,560 - INFO - [GINSLIB] processing : 2021/12/17 04:28:23 Q=5
2026-01-06 17:24:14,568 - INFO - [GINSLIB] processing : 2021/12/17 04:28:24 Q=5
2026-01-06 17:24:14,575 - INFO - [GINSLIB] processing : 2021/12/17 04:28:25 Q=5
2026-01-06 17:24:14,583 - INFO - [GINSLIB] processing : 2021/12/17 04:28:26 Q=5
2026-01-06 17:24:14,590 - INFO - [GINSLIB] processing : 2021/12/17 04:28:27 Q=5
2026-01-06 17:24:14,597 - INFO - [GINSLIB] processing : 2021/12/17 04:28:28 Q=5
2026-01-06 17:24:14,605 - INFO - [GINSLIB] processing : 2021/12/17 04:28:29 Q=5
2026-01-06 17:24:14,611 - INFO - [GINSLIB] processing : 2021/12/17 04:28:30 Q=5
2026-01-06 17:24:14,617 - INFO - [GINSLIB] processing : 2021/12/17 04:28:31 Q=5
2026-01-06 17:24:14,625 - INFO - [GINSLIB] processing : 2021/12/17 04:28:32 Q=5
2026-01-06 17:24:14,632 - INFO - [GINSLIB] processing : 2021/12/17 04:28:33 Q=5
2026-01-06 17:24:14,641 - INFO - [GINSLIB] processing : 2021/12/17 04:28:34 Q=5
2026-01-06 17:24:14,646 - INFO - [GINSLIB] processing : 2021/12/17 04:28:35 Q=5
2026-01-06 17:24:14,653 - INFO - [GINSLIB] processing : 2021/12/17 04:28:36 Q=5
2026-01-06 17:24:14,662 - INFO - [GINSLIB] processing : 2021/12/17 04:28:37 Q=5
2026-01-06 17:24:14,670 - INFO - [GINSLIB] processing : 2021/12/17 04:28:38 Q=5
2026-01-06 17:24:14,678 - INFO - [GINSLIB] processing : 2021/12/17 04:28:39 Q=5
2026-01-06 17:24:14,692 - INFO - [GINSLIB] processing : 2021/12/17 04:28:40 Q=5
2026-01-06 17:24:14,693 - INFO - [GINSLIB] processing : 2021/12/17 04:28:41 Q=5
2026-01-06 17:24:14,700 - INFO - [GINSLIB] processing : 2021/12/17 04:28:42 Q=5
2026-01-06 17:24:14,707 - INFO - [GINSLIB] processing : 2021/12/17 04:28:43 Q=5
2026-01-06 17:24:14,714 - INFO - [GINSLIB] processing : 2021/12/17 04:28:44 Q=5
2026-01-06 17:24:14,725 - INFO - [GINSLIB] processing : 2021/12/17 04:28:45 Q=5
2026-01-06 17:24:14,726 - INFO - [GINSLIB] processing : 2021/12/17 04:28:46 Q=5
2026-01-06 17:24:14,733 - INFO - [GINSLIB] processing : 2021/12/17 04:28:47 Q=5
2026-01-06 17:24:14,739 - INFO - [GINSLIB] processing : 2021/12/17 04:28:48 Q=5
2026-01-06 17:24:14,748 - INFO - [GINSLIB] processing : 2021/12/17 04:28:49 Q=5
2026-01-06 17:24:14,760 - INFO - [GINSLIB] processing : 2021/12/17 04:28:50 Q=5
2026-01-06 17:24:14,761 - INFO - [GINSLIB] processing : 2021/12/17 04:28:51 Q=5
2026-01-06 17:24:14,767 - INFO - [GINSLIB] processing : 2021/12/17 04:28:52 Q=5
2026-01-06 17:24:14,773 - INFO - [GINSLIB] processing : 2021/12/17 04:28:53 Q=5
2026-01-06 17:24:14,781 - INFO - [GINSLIB] processing : 2021/12/17 04:28:54 Q=5
2026-01-06 17:24:14,787 - INFO - [GINSLIB] processing : 2021/12/17 04:28:55 Q=5
2026-01-06 17:24:14,795 - INFO - [GINSLIB] processing : 2021/12/17 04:28:56 Q=5
2026-01-06 17:24:14,801 - INFO - [GINSLIB] processing : 2021/12/17 04:28:57 Q=5
2026-01-06 17:24:14,810 - INFO - [GINSLIB] processing : 2021/12/17 04:28:58 Q=5
2026-01-06 17:24:14,816 - INFO - [GINSLIB] processing : 2021/12/17 04:28:59 Q=5
2026-01-06 17:24:14,821 - INFO - [GINSLIB] processing : 2021/12/17 04:29:00 Q=5
2026-01-06 17:24:14,826 - INFO - [GINSLIB] processing : 2021/12/17 04:29:01 Q=5
2026-01-06 17:24:14,831 - INFO - [GINSLIB] processing : 2021/12/17 04:29:02 Q=5
2026-01-06 17:24:14,837 - INFO - [GINSLIB] processing : 2021/12/17 04:29:03 Q=5
2026-01-06 17:24:14,844 - INFO - [GINSLIB] processing : 2021/12/17 04:29:04 Q=5
2026-01-06 17:24:14,849 - INFO - [GINSLIB] processing : 2021/12/17 04:29:05 Q=5
2026-01-06 17:24:14,855 - INFO - [GINSLIB] processing : 2021/12/17 04:29:06 Q=5
2026-01-06 17:24:14,861 - INFO - [GINSLIB] processing : 2021/12/17 04:29:07 Q=5
2026-01-06 17:24:14,867 - INFO - [GINSLIB] processing : 2021/12/17 04:29:08 Q=5
2026-01-06 17:24:14,875 - INFO - [GINSLIB] processing : 2021/12/17 04:29:09 Q=5
2026-01-06 17:24:14,881 - INFO - [GINSLIB] processing : 2021/12/17 04:29:10 Q=5
2026-01-06 17:24:14,894 - INFO - [GINSLIB] processing : 2021/12/17 04:29:11 Q=5
2026-01-06 17:24:14,895 - INFO - [GINSLIB] processing : 2021/12/17 04:29:12 Q=5
2026-01-06 17:24:14,902 - INFO - [GINSLIB] processing : 2021/12/17 04:29:13 Q=5
2026-01-06 17:24:14,909 - INFO - [GINSLIB] processing : 2021/12/17 04:29:14 Q=5
2026-01-06 17:24:14,916 - INFO - [GINSLIB] processing : 2021/12/17 04:29:15 Q=5
2026-01-06 17:24:14,927 - INFO - [GINSLIB] processing : 2021/12/17 04:29:16 Q=5
2026-01-06 17:24:14,928 - INFO - [GINSLIB] processing : 2021/12/17 04:29:17 Q=5
2026-01-06 17:24:14,936 - INFO - [GINSLIB] processing : 2021/12/17 04:29:18 Q=5
2026-01-06 17:24:14,943 - INFO - [GINSLIB] processing : 2021/12/17 04:29:19 Q=5
2026-01-06 17:24:14,951 - INFO - [GINSLIB] processing : 2021/12/17 04:29:20 Q=5
2026-01-06 17:24:14,962 - INFO - [GINSLIB] processing : 2021/12/17 04:29:21 Q=5
2026-01-06 17:24:14,964 - INFO - [GINSLIB] processing : 2021/12/17 04:29:22 Q=5
2026-01-06 17:24:14,970 - INFO - [GINSLIB] processing : 2021/12/17 04:29:23 Q=5
2026-01-06 17:24:14,978 - INFO - [GINSLIB] processing : 2021/12/17 04:29:24 Q=5
2026-01-06 17:24:14,985 - INFO - [GINSLIB] processing : 2021/12/17 04:29:25 Q=5
2026-01-06 17:24:14,993 - INFO - [GINSLIB] processing : 2021/12/17 04:29:26 Q=5
2026-01-06 17:24:15,000 - INFO - [GINSLIB] processing : 2021/12/17 04:29:27 Q=5
2026-01-06 17:24:15,007 - INFO - [GINSLIB] processing : 2021/12/17 04:29:28 Q=5
2026-01-06 17:24:15,014 - INFO - [GINSLIB] processing : 2021/12/17 04:29:29 Q=5
2026-01-06 17:24:15,020 - INFO - [GINSLIB] processing : 2021/12/17 04:29:30 Q=5
2026-01-06 17:24:15,031 - INFO - [GINSLIB] processing : 2021/12/17 04:29:31 Q=5
2026-01-06 17:24:15,037 - INFO - [GINSLIB] processing : 2021/12/17 04:29:32 Q=5
2026-01-06 17:24:15,044 - INFO - [GINSLIB] processing : 2021/12/17 04:29:33 Q=5
2026-01-06 17:24:15,050 - INFO - [GINSLIB] processing : 2021/12/17 04:29:34 Q=5
2026-01-06 17:24:15,058 - INFO - [GINSLIB] processing : 2021/12/17 04:29:35 Q=5
2026-01-06 17:24:15,065 - INFO - [GINSLIB] processing : 2021/12/17 04:29:36 Q=5
2026-01-06 17:24:15,077 - INFO - [GINSLIB] processing : 2021/12/17 04:29:37 Q=5
2026-01-06 17:24:15,078 - INFO - [GINSLIB] processing : 2021/12/17 04:29:38 Q=5
2026-01-06 17:24:15,084 - INFO - [GINSLIB] processing : 2021/12/17 04:29:39 Q=5
2026-01-06 17:24:15,095 - INFO - [GINSLIB] processing : 2021/12/17 04:29:40 Q=5
2026-01-06 17:24:15,102 - INFO - [GINSLIB] processing : 2021/12/17 04:29:41 Q=5
2026-01-06 17:24:15,113 - INFO - [GINSLIB] processing : 2021/12/17 04:29:42 Q=5
2026-01-06 17:24:15,114 - INFO - [GINSLIB] processing : 2021/12/17 04:29:43 Q=5
2026-01-06 17:24:15,122 - INFO - [GINSLIB] processing : 2021/12/17 04:29:44 Q=5
2026-01-06 17:24:15,129 - INFO - [GINSLIB] processing : 2021/12/17 04:29:45 Q=5
2026-01-06 17:24:15,136 - INFO - [GINSLIB] processing : 2021/12/17 04:29:46 Q=5
2026-01-06 17:24:15,146 - INFO - [GINSLIB] processing : 2021/12/17 04:29:47 Q=5
2026-01-06 17:24:15,148 - INFO - [GINSLIB] processing : 2021/12/17 04:29:48 Q=5
2026-01-06 17:24:15,154 - INFO - [GINSLIB] processing : 2021/12/17 04:29:49 Q=5
2026-01-06 17:24:15,161 - INFO - [GINSLIB] processing : 2021/12/17 04:29:50 Q=5
2026-01-06 17:24:15,168 - INFO - [GINSLIB] processing : 2021/12/17 04:29:51 Q=5
2026-01-06 17:24:15,179 - INFO - [GINSLIB] processing : 2021/12/17 04:29:52 Q=5
2026-01-06 17:24:15,181 - INFO - [GINSLIB] processing : 2021/12/17 04:29:53 Q=5
2026-01-06 17:24:15,188 - INFO - [GINSLIB] processing : 2021/12/17 04:29:54 Q=5
2026-01-06 17:24:15,196 - INFO - [GINSLIB] processing : 2021/12/17 04:29:55 Q=5
2026-01-06 17:24:15,203 - INFO - [GINSLIB] processing : 2021/12/17 04:29:56 Q=5
2026-01-06 17:24:15,211 - INFO - [GINSLIB] processing : 2021/12/17 04:29:57 Q=5
2026-01-06 17:24:15,217 - INFO - [GINSLIB] processing : 2021/12/17 04:29:58 Q=5
2026-01-06 17:24:15,224 - INFO - [GINSLIB] processing : 2021/12/17 04:29:59 Q=5
2026-01-06 17:24:15,231 - INFO - [GINSLIB] processing : 2021/12/17 04:30:00 Q=5
2026-01-06 17:24:15,238 - INFO - [GINSLIB] processing : 2021/12/17 04:30:01 Q=5
2026-01-06 17:24:15,246 - INFO - [GINSLIB] processing : 2021/12/17 04:30:02 Q=5
2026-01-06 17:24:15,251 - INFO - [GINSLIB] processing : 2021/12/17 04:30:03 Q=5
2026-01-06 17:24:15,259 - INFO - [GINSLIB] processing : 2021/12/17 04:30:04 Q=5
2026-01-06 17:24:15,266 - INFO - [GINSLIB] processing : 2021/12/17 04:30:05 Q=5
2026-01-06 17:24:15,274 - INFO - [GINSLIB] processing : 2021/12/17 04:30:06 Q=5
2026-01-06 17:24:15,280 - INFO - [GINSLIB] processing : 2021/12/17 04:30:07 Q=5
2026-01-06 17:24:15,293 - INFO - [GINSLIB] processing : 2021/12/17 04:30:08 Q=5
2026-01-06 17:24:15,294 - INFO - [GINSLIB] processing : 2021/12/17 04:30:09 Q=5
2026-01-06 17:24:15,301 - INFO - [GINSLIB] processing : 2021/12/17 04:30:10 Q=5
2026-01-06 17:24:15,308 - INFO - [GINSLIB] processing : 2021/12/17 04:30:11 Q=5
2026-01-06 17:24:15,315 - INFO - [GINSLIB] processing : 2021/12/17 04:30:12 Q=5
2026-01-06 17:24:15,326 - INFO - [GINSLIB] processing : 2021/12/17 04:30:13 Q=5
2026-01-06 17:24:15,327 - INFO - [GINSLIB] processing : 2021/12/17 04:30:14 Q=5
2026-01-06 17:24:15,335 - INFO - [GINSLIB] processing : 2021/12/17 04:30:15 Q=5
2026-01-06 17:24:15,341 - INFO - [GINSLIB] processing : 2021/12/17 04:30:16 Q=5
2026-01-06 17:24:15,348 - INFO - [GINSLIB] processing : 2021/12/17 04:30:17 Q=5
2026-01-06 17:24:15,361 - INFO - [GINSLIB] processing : 2021/12/17 04:30:18 Q=5
2026-01-06 17:24:15,362 - INFO - [GINSLIB] processing : 2021/12/17 04:30:19 Q=5
2026-01-06 17:24:15,369 - INFO - [GINSLIB] processing : 2021/12/17 04:30:20 Q=5
2026-01-06 17:24:15,377 - INFO - [GINSLIB] processing : 2021/12/17 04:30:21 Q=5
2026-01-06 17:24:15,385 - INFO - [GINSLIB] processing : 2021/12/17 04:30:22 Q=5
2026-01-06 17:24:15,398 - INFO - [GINSLIB] processing : 2021/12/17 04:30:23 Q=5
2026-01-06 17:24:15,399 - INFO - [GINSLIB] processing : 2021/12/17 04:30:24 Q=5
2026-01-06 17:24:15,405 - INFO - [GINSLIB] processing : 2021/12/17 04:30:25 Q=5
2026-01-06 17:24:15,412 - INFO - [GINSLIB] processing : 2021/12/17 04:30:26 Q=5
2026-01-06 17:24:15,418 - INFO - [GINSLIB] processing : 2021/12/17 04:30:27 Q=5
2026-01-06 17:24:15,426 - INFO - [GINSLIB] processing : 2021/12/17 04:30:28 Q=5
2026-01-06 17:24:15,432 - INFO - [GINSLIB] processing : 2021/12/17 04:30:29 Q=5
2026-01-06 17:24:15,438 - INFO - [GINSLIB] processing : 2021/12/17 04:30:30 Q=5
2026-01-06 17:24:15,445 - INFO - [GINSLIB] processing : 2021/12/17 04:30:31 Q=5
2026-01-06 17:24:15,452 - INFO - [GINSLIB] processing : 2021/12/17 04:30:32 Q=5
2026-01-06 17:24:15,461 - INFO - [GINSLIB] processing : 2021/12/17 04:30:33 Q=5
2026-01-06 17:24:15,467 - INFO - [GINSLIB] processing : 2021/12/17 04:30:34 Q=5
2026-01-06 17:24:15,474 - INFO - [GINSLIB] processing : 2021/12/17 04:30:35 Q=5
2026-01-06 17:24:15,482 - INFO - [GINSLIB] processing : 2021/12/17 04:30:36 Q=5
2026-01-06 17:24:15,488 - INFO - [GINSLIB] processing : 2021/12/17 04:30:37 Q=5
2026-01-06 17:24:15,495 - INFO - [GINSLIB] processing : 2021/12/17 04:30:38 Q=5
2026-01-06 17:24:15,509 - INFO - [GINSLIB] processing : 2021/12/17 04:30:39 Q=5
2026-01-06 17:24:15,510 - INFO - [GINSLIB] processing : 2021/12/17 04:30:40 Q=5
2026-01-06 17:24:15,518 - INFO - [GINSLIB] processing : 2021/12/17 04:30:41 Q=5
2026-01-06 17:24:15,526 - INFO - [GINSLIB] processing : 2021/12/17 04:30:42 Q=5
2026-01-06 17:24:15,534 - INFO - [GINSLIB] processing : 2021/12/17 04:30:43 Q=5
2026-01-06 17:24:15,546 - INFO - [GINSLIB] processing : 2021/12/17 04:30:44 Q=5
2026-01-06 17:24:15,548 - INFO - [GINSLIB] processing : 2021/12/17 04:30:45 Q=5
2026-01-06 17:24:15,554 - INFO - [GINSLIB] processing : 2021/12/17 04:30:46 Q=5
2026-01-06 17:24:15,562 - INFO - [GINSLIB] processing : 2021/12/17 04:30:47 Q=5
2026-01-06 17:24:15,568 - INFO - [GINSLIB] processing : 2021/12/17 04:30:48 Q=5
2026-01-06 17:24:15,580 - INFO - [GINSLIB] processing : 2021/12/17 04:30:49 Q=5
2026-01-06 17:24:15,581 - INFO - [GINSLIB] processing : 2021/12/17 04:30:50 Q=5
2026-01-06 17:24:15,587 - INFO - [GINSLIB] processing : 2021/12/17 04:30:51 Q=5
2026-01-06 17:24:15,595 - INFO - [GINSLIB] processing : 2021/12/17 04:30:52 Q=5
2026-01-06 17:24:15,601 - INFO - [GINSLIB] processing : 2021/12/17 04:30:53 Q=5
2026-01-06 17:24:15,606 - INFO - [GINSLIB] processing : 2021/12/17 04:30:54 Q=5
2026-01-06 17:24:15,613 - INFO - [GINSLIB] processing : 2021/12/17 04:30:55 Q=5
2026-01-06 17:24:15,618 - INFO - [GINSLIB] processing : 2021/12/17 04:30:56 Q=5
2026-01-06 17:24:15,626 - INFO - [GINSLIB] processing : 2021/12/17 04:30:57 Q=5
2026-01-06 17:24:15,633 - INFO - [GINSLIB] processing : 2021/12/17 04:30:58 Q=5
2026-01-06 17:24:15,639 - INFO - [GINSLIB] processing : 2021/12/17 04:30:59 Q=5
2026-01-06 17:24:15,647 - INFO - [GINSLIB] processing : 2021/12/17 04:31:00 Q=5
2026-01-06 17:24:15,653 - INFO - [GINSLIB] processing : 2021/12/17 04:31:01 Q=5
2026-01-06 17:24:15,661 - INFO - [GINSLIB] processing : 2021/12/17 04:31:02 Q=5
2026-01-06 17:24:15,667 - INFO - [GINSLIB] processing : 2021/12/17 04:31:03 Q=5
2026-01-06 17:24:15,674 - INFO - [GINSLIB] processing : 2021/12/17 04:31:04 Q=5
2026-01-06 17:24:15,680 - INFO - [GINSLIB] processing : 2021/12/17 04:31:05 Q=5
2026-01-06 17:24:15,686 - INFO - [GINSLIB] processing : 2021/12/17 04:31:06 Q=5
2026-01-06 17:24:15,694 - INFO - [GINSLIB] processing : 2021/12/17 04:31:07 Q=5
2026-01-06 17:24:15,701 - INFO - [GINSLIB] processing : 2021/12/17 04:31:08 Q=5
2026-01-06 17:24:15,708 - INFO - [GINSLIB] processing : 2021/12/17 04:31:09 Q=5
2026-01-06 17:24:15,719 - INFO - [GINSLIB] processing : 2021/12/17 04:31:10 Q=5
2026-01-06 17:24:15,720 - INFO - [GINSLIB] processing : 2021/12/17 04:31:11 Q=5
2026-01-06 17:24:15,726 - INFO - [GINSLIB] processing : 2021/12/17 04:31:12 Q=5
2026-01-06 17:24:15,732 - INFO - [GINSLIB] processing : 2021/12/17 04:31:13 Q=5
2026-01-06 17:24:15,738 - INFO - [GINSLIB] processing : 2021/12/17 04:31:14 Q=5
2026-01-06 17:24:15,751 - INFO - [GINSLIB] processing : 2021/12/17 04:31:15 Q=5
2026-01-06 17:24:15,752 - INFO - [GINSLIB] processing : 2021/12/17 04:31:16 Q=5
2026-01-06 17:24:15,758 - INFO - [GINSLIB] processing : 2021/12/17 04:31:17 Q=5
2026-01-06 17:24:15,765 - INFO - [GINSLIB] processing : 2021/12/17 04:31:18 Q=5
2026-01-06 17:24:15,772 - INFO - [GINSLIB] processing : 2021/12/17 04:31:19 Q=5
2026-01-06 17:24:15,784 - INFO - [GINSLIB] processing : 2021/12/17 04:31:20 Q=5
2026-01-06 17:24:15,785 - INFO - [GINSLIB] processing : 2021/12/17 04:31:21 Q=5
2026-01-06 17:24:15,793 - INFO - [GINSLIB] processing : 2021/12/17 04:31:22 Q=5
2026-01-06 17:24:15,802 - INFO - [GINSLIB] processing : 2021/12/17 04:31:23 Q=5
2026-01-06 17:24:15,809 - INFO - [GINSLIB] processing : 2021/12/17 04:31:24 Q=5
2026-01-06 17:24:15,817 - INFO - [GINSLIB] processing : 2021/12/17 04:31:25 Q=5
2026-01-06 17:24:15,823 - INFO - [GINSLIB] processing : 2021/12/17 04:31:26 Q=5
2026-01-06 17:24:15,831 - INFO - [GINSLIB] processing : 2021/12/17 04:31:27 Q=5
2026-01-06 17:24:15,837 - INFO - [GINSLIB] processing : 2021/12/17 04:31:28 Q=5
2026-01-06 17:24:15,844 - INFO - [GINSLIB] processing : 2021/12/17 04:31:29 Q=5
2026-01-06 17:24:15,851 - INFO - [GINSLIB] processing : 2021/12/17 04:31:30 Q=5
2026-01-06 17:24:15,857 - INFO - [GINSLIB] processing : 2021/12/17 04:31:31 Q=5
2026-01-06 17:24:15,865 - INFO - [GINSLIB] processing : 2021/12/17 04:31:32 Q=5
2026-01-06 17:24:15,872 - INFO - [GINSLIB] processing : 2021/12/17 04:31:33 Q=5
2026-01-06 17:24:15,881 - INFO - [GINSLIB] processing : 2021/12/17 04:31:34 Q=5
2026-01-06 17:24:15,887 - INFO - [GINSLIB] processing : 2021/12/17 04:31:35 Q=5
2026-01-06 17:24:15,894 - INFO - [GINSLIB] processing : 2021/12/17 04:31:36 Q=5
2026-01-06 17:24:15,901 - INFO - [GINSLIB] processing : 2021/12/17 04:31:37 Q=5
2026-01-06 17:24:15,908 - INFO - [GINSLIB] processing : 2021/12/17 04:31:38 Q=5
2026-01-06 17:24:15,914 - INFO - [GINSLIB] processing : 2021/12/17 04:31:39 Q=5
2026-01-06 17:24:15,921 - INFO - [GINSLIB] processing : 2021/12/17 04:31:40 Q=5
2026-01-06 17:24:15,932 - INFO - [GINSLIB] processing : 2021/12/17 04:31:41 Q=5
2026-01-06 17:24:15,933 - INFO - [GINSLIB] processing : 2021/12/17 04:31:42 Q=5
2026-01-06 17:24:15,941 - INFO - [GINSLIB] processing : 2021/12/17 04:31:43 Q=5
2026-01-06 17:24:15,948 - INFO - [GINSLIB] processing : 2021/12/17 04:31:44 Q=5
2026-01-06 17:24:15,955 - INFO - [GINSLIB] processing : 2021/12/17 04:31:45 Q=5
2026-01-06 17:24:15,967 - INFO - [GINSLIB] processing : 2021/12/17 04:31:46 Q=5
2026-01-06 17:24:15,968 - INFO - [GINSLIB] processing : 2021/12/17 04:31:47 Q=5
2026-01-06 17:24:15,976 - INFO - [GINSLIB] processing : 2021/12/17 04:31:48 Q=5
2026-01-06 17:24:15,982 - INFO - [GINSLIB] processing : 2021/12/17 04:31:49 Q=5
2026-01-06 17:24:15,990 - INFO - [GINSLIB] processing : 2021/12/17 04:31:50 Q=5
2026-01-06 17:24:16,002 - INFO - [GINSLIB] processing : 2021/12/17 04:31:51 Q=5
2026-01-06 17:24:16,003 - INFO - [GINSLIB] processing : 2021/12/17 04:31:52 Q=5
2026-01-06 17:24:16,010 - INFO - [GINSLIB] processing : 2021/12/17 04:31:53 Q=5
2026-01-06 17:24:16,016 - INFO - [GINSLIB] processing : 2021/12/17 04:31:54 Q=5
2026-01-06 17:24:16,023 - INFO - [GINSLIB] processing : 2021/12/17 04:31:55 Q=5
2026-01-06 17:24:16,030 - INFO - [GINSLIB] processing : 2021/12/17 04:31:56 Q=5
2026-01-06 17:24:16,036 - INFO - [GINSLIB] processing : 2021/12/17 04:31:57 Q=5
2026-01-06 17:24:16,042 - INFO - [GINSLIB] processing : 2021/12/17 04:31:58 Q=5
2026-01-06 17:24:16,050 - INFO - [GINSLIB] processing : 2021/12/17 04:31:59 Q=5
2026-01-06 17:24:16,057 - INFO - [GINSLIB] processing : 2021/12/17 04:32:00 Q=5
2026-01-06 17:24:16,065 - INFO - [GINSLIB] processing : 2021/12/17 04:32:01 Q=5
2026-01-06 17:24:16,071 - INFO - [GINSLIB] processing : 2021/12/17 04:32:02 Q=5
2026-01-06 17:24:16,077 - INFO - [GINSLIB] processing : 2021/12/17 04:32:03 Q=5
2026-01-06 17:24:16,084 - INFO - [GINSLIB] processing : 2021/12/17 04:32:04 Q=5
2026-01-06 17:24:16,090 - INFO - [GINSLIB] processing : 2021/12/17 04:32:05 Q=5
2026-01-06 17:24:16,097 - INFO - [GINSLIB] processing : 2021/12/17 04:32:06 Q=5
2026-01-06 17:24:16,102 - INFO - [GINSLIB] processing : 2021/12/17 04:32:07 Q=5
2026-01-06 17:24:16,108 - INFO - [GINSLIB] processing : 2021/12/17 04:32:08 Q=5
2026-01-06 17:24:16,115 - INFO - [GINSLIB] processing : 2021/12/17 04:32:09 Q=5
2026-01-06 17:24:16,120 - INFO - [GINSLIB] processing : 2021/12/17 04:32:10 Q=5
2026-01-06 17:24:16,127 - INFO - [GINSLIB] processing : 2021/12/17 04:32:11 Q=5
2026-01-06 17:24:16,135 - INFO - [GINSLIB] processing : 2021/12/17 04:32:12 Q=5
2026-01-06 17:24:16,136 - INFO - [GINSLIB] processing : 2021/12/17 04:32:13 Q=5
2026-01-06 17:24:16,143 - INFO - [GINSLIB] processing : 2021/12/17 04:32:14 Q=5
2026-01-06 17:24:16,149 - INFO - [GINSLIB] processing : 2021/12/17 04:32:15 Q=5
2026-01-06 17:24:16,155 - INFO - [GINSLIB] processing : 2021/12/17 04:32:16 Q=5
2026-01-06 17:24:16,166 - INFO - [GINSLIB] processing : 2021/12/17 04:32:17 Q=5
2026-01-06 17:24:16,167 - INFO - [GINSLIB] processing : 2021/12/17 04:32:18 Q=5
2026-01-06 17:24:16,175 - INFO - [GINSLIB] processing : 2021/12/17 04:32:19 Q=5
2026-01-06 17:24:16,182 - INFO - [GINSLIB] processing : 2021/12/17 04:32:20 Q=5
2026-01-06 17:24:16,190 - INFO - [GINSLIB] processing : 2021/12/17 04:32:21 Q=5
2026-01-06 17:24:16,201 - INFO - [GINSLIB] processing : 2021/12/17 04:32:22 Q=5
2026-01-06 17:24:16,202 - INFO - [GINSLIB] processing : 2021/12/17 04:32:23 Q=5
2026-01-06 17:24:16,209 - INFO - [GINSLIB] processing : 2021/12/17 04:32:24 Q=5
2026-01-06 17:24:16,217 - INFO - [GINSLIB] processing : 2021/12/17 04:32:25 Q=5
2026-01-06 17:24:16,225 - INFO - [GINSLIB] processing : 2021/12/17 04:32:26 Q=5
2026-01-06 17:24:16,231 - INFO - [GINSLIB] processing : 2021/12/17 04:32:27 Q=5
2026-01-06 17:24:16,237 - INFO - [GINSLIB] processing : 2021/12/17 04:32:28 Q=5
2026-01-06 17:24:16,243 - INFO - [GINSLIB] processing : 2021/12/17 04:32:29 Q=5
2026-01-06 17:24:16,249 - INFO - [GINSLIB] processing : 2021/12/17 04:32:30 Q=5
2026-01-06 17:24:16,256 - INFO - [GINSLIB] processing : 2021/12/17 04:32:31 Q=5
2026-01-06 17:24:16,263 - INFO - [GINSLIB] processing : 2021/12/17 04:32:32 Q=5
2026-01-06 17:24:16,269 - INFO - [GINSLIB] processing : 2021/12/17 04:32:33 Q=5
2026-01-06 17:24:16,276 - INFO - [GINSLIB] processing : 2021/12/17 04:32:34 Q=5
2026-01-06 17:24:16,283 - INFO - [GINSLIB] processing : 2021/12/17 04:32:35 Q=5
2026-01-06 17:24:16,290 - INFO - [GINSLIB] processing : 2021/12/17 04:32:36 Q=5
2026-01-06 17:24:16,297 - INFO - [GINSLIB] processing : 2021/12/17 04:32:37 Q=5
2026-01-06 17:24:16,308 - INFO - [GINSLIB] processing : 2021/12/17 04:32:38 Q=5
2026-01-06 17:24:16,310 - INFO - [GINSLIB] processing : 2021/12/17 04:32:39 Q=5
2026-01-06 17:24:16,316 - INFO - [GINSLIB] processing : 2021/12/17 04:32:40 Q=5
2026-01-06 17:24:16,322 - INFO - [GINSLIB] processing : 2021/12/17 04:32:41 Q=5
2026-01-06 17:24:16,330 - INFO - [GINSLIB] processing : 2021/12/17 04:32:42 Q=5
2026-01-06 17:24:16,340 - INFO - [GINSLIB] processing : 2021/12/17 04:32:43 Q=5
2026-01-06 17:24:16,341 - INFO - [GINSLIB] processing : 2021/12/17 04:32:44 Q=5
2026-01-06 17:24:16,348 - INFO - [GINSLIB] processing : 2021/12/17 04:32:45 Q=5
2026-01-06 17:24:16,354 - INFO - [GINSLIB] processing : 2021/12/17 04:32:46 Q=5
2026-01-06 17:24:16,361 - INFO - [GINSLIB] processing : 2021/12/17 04:32:47 Q=5
2026-01-06 17:24:16,372 - INFO - [GINSLIB] processing : 2021/12/17 04:32:48 Q=5
2026-01-06 17:24:16,373 - INFO - [GINSLIB] processing : 2021/12/17 04:32:49 Q=5
2026-01-06 17:24:16,381 - INFO - [GINSLIB] processing : 2021/12/17 04:32:50 Q=5
2026-01-06 17:24:16,388 - INFO - [GINSLIB] processing : 2021/12/17 04:32:51 Q=5
2026-01-06 17:24:16,396 - INFO - [GINSLIB] processing : 2021/12/17 04:32:52 Q=5
2026-01-06 17:24:16,408 - INFO - [GINSLIB] processing : 2021/12/17 04:32:53 Q=5
2026-01-06 17:24:16,410 - INFO - [GINSLIB] processing : 2021/12/17 04:32:54 Q=5
2026-01-06 17:24:16,417 - INFO - [GINSLIB] processing : 2021/12/17 04:32:55 Q=5
2026-01-06 17:24:16,425 - INFO - [GINSLIB] processing : 2021/12/17 04:32:56 Q=5
2026-01-06 17:24:16,431 - INFO - [GINSLIB] processing : 2021/12/17 04:32:57 Q=5
2026-01-06 17:24:16,438 - INFO - [GINSLIB] processing : 2021/12/17 04:32:58 Q=5
2026-01-06 17:24:16,444 - INFO - [GINSLIB] processing : 2021/12/17 04:32:59 Q=5
2026-01-06 17:24:16,451 - INFO - [GINSLIB] processing : 2021/12/17 04:33:00 Q=5
2026-01-06 17:24:16,458 - INFO - [GINSLIB] processing : 2021/12/17 04:33:01 Q=5
2026-01-06 17:24:16,465 - INFO - [GINSLIB] processing : 2021/12/17 04:33:02 Q=5
2026-01-06 17:24:16,471 - INFO - [GINSLIB] processing : 2021/12/17 04:33:03 Q=5
2026-01-06 17:24:16,477 - INFO - [GINSLIB] processing : 2021/12/17 04:33:04 Q=5
2026-01-06 17:24:16,484 - INFO - [GINSLIB] processing : 2021/12/17 04:33:05 Q=5
2026-01-06 17:24:16,491 - INFO - [GINSLIB] processing : 2021/12/17 04:33:06 Q=5
2026-01-06 17:24:16,498 - INFO - [GINSLIB] processing : 2021/12/17 04:33:07 Q=5
2026-01-06 17:24:16,505 - INFO - [GINSLIB] processing : 2021/12/17 04:33:08 Q=5
2026-01-06 17:24:16,515 - INFO - [GINSLIB] processing : 2021/12/17 04:33:09 Q=5
2026-01-06 17:24:16,517 - INFO - [GINSLIB] processing : 2021/12/17 04:33:10 Q=5
2026-01-06 17:24:16,523 - INFO - [GINSLIB] processing : 2021/12/17 04:33:11 Q=5
2026-01-06 17:24:16,530 - INFO - [GINSLIB] processing : 2021/12/17 04:33:12 Q=5
2026-01-06 17:24:16,537 - INFO - [GINSLIB] processing : 2021/12/17 04:33:13 Q=5
2026-01-06 17:24:16,549 - INFO - [GINSLIB] processing : 2021/12/17 04:33:14 Q=5
2026-01-06 17:24:16,550 - INFO - [GINSLIB] processing : 2021/12/17 04:33:15 Q=5
2026-01-06 17:24:16,556 - INFO - [GINSLIB] processing : 2021/12/17 04:33:16 Q=5
2026-01-06 17:24:16,564 - INFO - [GINSLIB] processing : 2021/12/17 04:33:17 Q=5
2026-01-06 17:24:16,570 - INFO - [GINSLIB] processing : 2021/12/17 04:33:18 Q=5
2026-01-06 17:24:16,580 - INFO - [GINSLIB] processing : 2021/12/17 04:33:19 Q=5
2026-01-06 17:24:16,581 - INFO - [GINSLIB] processing : 2021/12/17 04:33:20 Q=5
2026-01-06 17:24:16,587 - INFO - [GINSLIB] processing : 2021/12/17 04:33:21 Q=5
2026-01-06 17:24:16,595 - INFO - [GINSLIB] processing : 2021/12/17 04:33:22 Q=5
2026-01-06 17:24:16,601 - INFO - [GINSLIB] processing : 2021/12/17 04:33:23 Q=5
2026-01-06 17:24:16,608 - INFO - [GINSLIB] processing : 2021/12/17 04:33:24 Q=5
2026-01-06 17:24:16,613 - INFO - [GINSLIB] processing : 2021/12/17 04:33:25 Q=5
2026-01-06 17:24:16,619 - INFO - [GINSLIB] processing : 2021/12/17 04:33:26 Q=5
2026-01-06 17:24:16,627 - INFO - [GINSLIB] processing : 2021/12/17 04:33:27 Q=5
2026-01-06 17:24:16,633 - INFO - [GINSLIB] processing : 2021/12/17 04:33:28 Q=5
2026-01-06 17:24:16,638 - INFO - [GINSLIB] processing : 2021/12/17 04:33:29 Q=5
2026-01-06 17:24:16,643 - INFO - [GINSLIB] processing : 2021/12/17 04:33:30 Q=5
2026-01-06 17:24:16,649 - INFO - [GINSLIB] processing : 2021/12/17 04:33:31 Q=5
2026-01-06 17:24:16,656 - INFO - [GINSLIB] processing : 2021/12/17 04:33:32 Q=5
2026-01-06 17:24:16,663 - INFO - [GINSLIB] processing : 2021/12/17 04:33:33 Q=5
2026-01-06 17:24:16,669 - INFO - [GINSLIB] processing : 2021/12/17 04:33:34 Q=5
2026-01-06 17:24:16,675 - INFO - [GINSLIB] processing : 2021/12/17 04:33:35 Q=5
2026-01-06 17:24:16,681 - INFO - [GINSLIB] processing : 2021/12/17 04:33:36 Q=5
2026-01-06 17:24:16,687 - INFO - [GINSLIB] processing : 2021/12/17 04:33:37 Q=5
2026-01-06 17:24:16,694 - INFO - [GINSLIB] processing : 2021/12/17 04:33:38 Q=5
2026-01-06 17:24:16,701 - INFO - [GINSLIB] processing : 2021/12/17 04:33:39 Q=5
2026-01-06 17:24:16,712 - INFO - [GINSLIB] processing : 2021/12/17 04:33:40 Q=5
2026-01-06 17:24:16,713 - INFO - [GINSLIB] processing : 2021/12/17 04:33:41 Q=5
2026-01-06 17:24:16,719 - INFO - [GINSLIB] processing : 2021/12/17 04:33:42 Q=5
2026-01-06 17:24:16,725 - INFO - [GINSLIB] processing : 2021/12/17 04:33:43 Q=5
2026-01-06 17:24:16,733 - INFO - [GINSLIB] processing : 2021/12/17 04:33:44 Q=5
2026-01-06 17:24:16,746 - INFO - [GINSLIB] processing : 2021/12/17 04:33:45 Q=5
2026-01-06 17:24:16,747 - INFO - [GINSLIB] processing : 2021/12/17 04:33:46 Q=5
2026-01-06 17:24:16,753 - INFO - [GINSLIB] processing : 2021/12/17 04:33:47 Q=5
2026-01-06 17:24:16,759 - INFO - [GINSLIB] processing : 2021/12/17 04:33:48 Q=5
2026-01-06 17:24:16,766 - INFO - [GINSLIB] processing : 2021/12/17 04:33:49 Q=5
2026-01-06 17:24:16,777 - INFO - [GINSLIB] processing : 2021/12/17 04:33:50 Q=5
2026-01-06 17:24:16,778 - INFO - [GINSLIB] processing : 2021/12/17 04:33:51 Q=5
2026-01-06 17:24:16,784 - INFO - [GINSLIB] processing : 2021/12/17 04:33:52 Q=5
2026-01-06 17:24:16,790 - INFO - [GINSLIB] processing : 2021/12/17 04:33:53 Q=5
2026-01-06 17:24:16,797 - INFO - [GINSLIB] processing : 2021/12/17 04:33:54 Q=5
2026-01-06 17:24:16,803 - INFO - [GINSLIB] processing : 2021/12/17 04:33:55 Q=5
2026-01-06 17:24:16,809 - INFO - [GINSLIB] processing : 2021/12/17 04:33:56 Q=5
2026-01-06 17:24:16,815 - INFO - [GINSLIB] processing : 2021/12/17 04:33:57 Q=5
2026-01-06 17:24:16,820 - INFO - [GINSLIB] processing : 2021/12/17 04:33:58 Q=5
2026-01-06 17:24:16,826 - INFO - [GINSLIB] processing : 2021/12/17 04:33:59 Q=5
2026-01-06 17:24:16,833 - INFO - [GINSLIB] processing : 2021/12/17 04:34:00 Q=5
2026-01-06 17:24:16,838 - INFO - [GINSLIB] processing : 2021/12/17 04:34:01 Q=5
2026-01-06 17:24:16,843 - INFO - [GINSLIB] processing : 2021/12/17 04:34:02 Q=5
2026-01-06 17:24:16,849 - INFO - [GINSLIB] processing : 2021/12/17 04:34:03 Q=5
2026-01-06 17:24:16,855 - INFO - [GINSLIB] processing : 2021/12/17 04:34:04 Q=5
2026-01-06 17:24:16,862 - INFO - [GINSLIB] processing : 2021/12/17 04:34:05 Q=5
2026-01-06 17:24:16,867 - INFO - [GINSLIB] processing : 2021/12/17 04:34:06 Q=5
2026-01-06 17:24:16,873 - INFO - [GINSLIB] processing : 2021/12/17 04:34:07 Q=5
2026-01-06 17:24:16,879 - INFO - [GINSLIB] processing : 2021/12/17 04:34:08 Q=5
2026-01-06 17:24:16,886 - INFO - [GINSLIB] processing : 2021/12/17 04:34:09 Q=5
2026-01-06 17:24:16,893 - INFO - [GINSLIB] processing : 2021/12/17 04:34:10 Q=5
2026-01-06 17:24:16,903 - INFO - [GINSLIB] processing : 2021/12/17 04:34:11 Q=5
2026-01-06 17:24:16,904 - INFO - [GINSLIB] processing : 2021/12/17 04:34:12 Q=5
2026-01-06 17:24:16,911 - INFO - [GINSLIB] processing : 2021/12/17 04:34:13 Q=5
2026-01-06 17:24:16,919 - INFO - [GINSLIB] processing : 2021/12/17 04:34:14 Q=5
2026-01-06 17:24:16,926 - INFO - [GINSLIB] processing : 2021/12/17 04:34:15 Q=5
2026-01-06 17:24:16,937 - INFO - [GINSLIB] processing : 2021/12/17 04:34:16 Q=5
2026-01-06 17:24:16,938 - INFO - [GINSLIB] processing : 2021/12/17 04:34:17 Q=5
2026-01-06 17:24:16,945 - INFO - [GINSLIB] processing : 2021/12/17 04:34:18 Q=5
2026-01-06 17:24:16,953 - INFO - [GINSLIB] processing : 2021/12/17 04:34:19 Q=5
2026-01-06 17:24:16,960 - INFO - [GINSLIB] processing : 2021/12/17 04:34:20 Q=5
2026-01-06 17:24:16,971 - INFO - [GINSLIB] processing : 2021/12/17 04:34:21 Q=5
2026-01-06 17:24:16,972 - INFO - [GINSLIB] processing : 2021/12/17 04:34:22 Q=5
2026-01-06 17:24:16,981 - INFO - [GINSLIB] processing : 2021/12/17 04:34:23 Q=5
2026-01-06 17:24:16,988 - INFO - [GINSLIB] processing : 2021/12/17 04:34:24 Q=5
2026-01-06 17:24:16,996 - INFO - [GINSLIB] processing : 2021/12/17 04:34:25 Q=5
2026-01-06 17:24:17,003 - INFO - [GINSLIB] processing : 2021/12/17 04:34:26 Q=5
2026-01-06 17:24:17,011 - INFO - [GINSLIB] processing : 2021/12/17 04:34:27 Q=5
2026-01-06 17:24:17,019 - INFO - [GINSLIB] processing : 2021/12/17 04:34:28 Q=5
2026-01-06 17:24:17,028 - INFO - [GINSLIB] processing : 2021/12/17 04:34:29 Q=5
2026-01-06 17:24:17,035 - INFO - [GINSLIB] processing : 2021/12/17 04:34:30 Q=5
2026-01-06 17:24:17,044 - INFO - [GINSLIB] processing : 2021/12/17 04:34:31 Q=5
2026-01-06 17:24:17,050 - INFO - [GINSLIB] processing : 2021/12/17 04:34:32 Q=5
2026-01-06 17:24:17,060 - INFO - [GINSLIB] processing : 2021/12/17 04:34:33 Q=5
2026-01-06 17:24:17,067 - INFO - [GINSLIB] processing : 2021/12/17 04:34:34 Q=5
2026-01-06 17:24:17,075 - INFO - [GINSLIB] processing : 2021/12/17 04:34:35 Q=5
2026-01-06 17:24:17,082 - INFO - [GINSLIB] processing : 2021/12/17 04:34:36 Q=5
2026-01-06 17:24:17,090 - INFO - [GINSLIB] processing : 2021/12/17 04:34:37 Q=5
2026-01-06 17:24:17,097 - INFO - [GINSLIB] processing : 2021/12/17 04:34:38 Q=5
2026-01-06 17:24:17,106 - INFO - [GINSLIB] processing : 2021/12/17 04:34:39 Q=5
2026-01-06 17:24:17,113 - INFO - [GINSLIB] processing : 2021/12/17 04:34:40 Q=5
2026-01-06 17:24:17,121 - INFO - [GINSLIB] processing : 2021/12/17 04:34:41 Q=5
2026-01-06 17:24:17,133 - INFO - [GINSLIB] processing : 2021/12/17 04:34:42 Q=5
2026-01-06 17:24:17,134 - INFO - [GINSLIB] processing : 2021/12/17 04:34:43 Q=5
2026-01-06 17:24:17,142 - INFO - [GINSLIB] processing : 2021/12/17 04:34:44 Q=5
2026-01-06 17:24:17,149 - INFO - [GINSLIB] processing : 2021/12/17 04:34:45 Q=5
2026-01-06 17:24:17,156 - INFO - [GINSLIB] processing : 2021/12/17 04:34:46 Q=5
2026-01-06 17:24:17,168 - INFO - [GINSLIB] processing : 2021/12/17 04:34:47 Q=5
2026-01-06 17:24:17,169 - INFO - [GINSLIB] processing : 2021/12/17 04:34:48 Q=5
2026-01-06 17:24:17,176 - INFO - [GINSLIB] processing : 2021/12/17 04:34:49 Q=5
2026-01-06 17:24:17,183 - INFO - [GINSLIB] processing : 2021/12/17 04:34:50 Q=5
2026-01-06 17:24:17,190 - INFO - [GINSLIB] processing : 2021/12/17 04:34:51 Q=5
2026-01-06 17:24:17,201 - INFO - [GINSLIB] processing : 2021/12/17 04:34:52 Q=5
2026-01-06 17:24:17,202 - INFO - [GINSLIB] processing : 2021/12/17 04:34:53 Q=5
2026-01-06 17:24:17,209 - INFO - [GINSLIB] processing : 2021/12/17 04:34:54 Q=5
2026-01-06 17:24:17,218 - INFO - [GINSLIB] processing : 2021/12/17 04:34:55 Q=5
2026-01-06 17:24:17,225 - INFO - [GINSLIB] processing : 2021/12/17 04:34:56 Q=5
2026-01-06 17:24:17,232 - INFO - [GINSLIB] processing : 2021/12/17 04:34:57 Q=5
2026-01-06 17:24:17,237 - INFO - [GINSLIB] processing : 2021/12/17 04:34:58 Q=5
2026-01-06 17:24:17,246 - INFO - [GINSLIB] processing : 2021/12/17 04:34:59 Q=5
2026-01-06 17:24:17,254 - INFO - [GINSLIB] processing : 2021/12/17 04:35:00 Q=5
2026-01-06 17:24:17,261 - INFO - [GINSLIB] processing : 2021/12/17 04:35:01 Q=5
2026-01-06 17:24:17,268 - INFO - [GINSLIB] processing : 2021/12/17 04:35:02 Q=5
2026-01-06 17:24:17,274 - INFO - [GINSLIB] processing : 2021/12/17 04:35:03 Q=5
2026-01-06 17:24:17,283 - INFO - [GINSLIB] processing : 2021/12/17 04:35:04 Q=5
2026-01-06 17:24:17,289 - INFO - [GINSLIB] processing : 2021/12/17 04:35:05 Q=5
2026-01-06 17:24:17,296 - INFO - [GINSLIB] processing : 2021/12/17 04:35:06 Q=5
2026-01-06 17:24:17,302 - INFO - [GINSLIB] processing : 2021/12/17 04:35:07 Q=5
2026-01-06 17:24:17,309 - INFO - [GINSLIB] processing : 2021/12/17 04:35:08 Q=5
2026-01-06 17:24:17,318 - INFO - [GINSLIB] processing : 2021/12/17 04:35:09 Q=5
2026-01-06 17:24:17,325 - INFO - [GINSLIB] processing : 2021/12/17 04:35:10 Q=5
2026-01-06 17:24:17,331 - INFO - [GINSLIB] processing : 2021/12/17 04:35:11 Q=5
2026-01-06 17:24:17,339 - INFO - [GINSLIB] processing : 2021/12/17 04:35:12 Q=5
2026-01-06 17:24:17,351 - INFO - [GINSLIB] processing : 2021/12/17 04:35:13 Q=5
2026-01-06 17:24:17,352 - INFO - [GINSLIB] processing : 2021/12/17 04:35:14 Q=5
2026-01-06 17:24:17,360 - INFO - [GINSLIB] processing : 2021/12/17 04:35:15 Q=5
2026-01-06 17:24:17,367 - INFO - [GINSLIB] processing : 2021/12/17 04:35:16 Q=5
2026-01-06 17:24:17,374 - INFO - [GINSLIB] processing : 2021/12/17 04:35:17 Q=5
2026-01-06 17:24:17,384 - INFO - [GINSLIB] processing : 2021/12/17 04:35:18 Q=5
2026-01-06 17:24:17,385 - INFO - [GINSLIB] processing : 2021/12/17 04:35:19 Q=5
2026-01-06 17:24:17,393 - INFO - [GINSLIB] processing : 2021/12/17 04:35:20 Q=5
2026-01-06 17:24:17,399 - INFO - [GINSLIB] processing : 2021/12/17 04:35:21 Q=5
2026-01-06 17:24:17,405 - INFO - [GINSLIB] processing : 2021/12/17 04:35:22 Q=5
2026-01-06 17:24:17,416 - INFO - [GINSLIB] processing : 2021/12/17 04:35:23 Q=5
2026-01-06 17:24:17,417 - INFO - [GINSLIB] processing : 2021/12/17 04:35:24 Q=5
2026-01-06 17:24:17,424 - INFO - [GINSLIB] processing : 2021/12/17 04:35:25 Q=5
2026-01-06 17:24:17,430 - INFO - [GINSLIB] processing : 2021/12/17 04:35:26 Q=5
2026-01-06 17:24:17,437 - INFO - [GINSLIB] processing : 2021/12/17 04:35:27 Q=5
2026-01-06 17:24:17,443 - INFO - [GINSLIB] processing : 2021/12/17 04:35:28 Q=5
2026-01-06 17:24:17,449 - INFO - [GINSLIB] processing : 2021/12/17 04:35:29 Q=5
2026-01-06 17:24:17,456 - INFO - [GINSLIB] processing : 2021/12/17 04:35:30 Q=5
2026-01-06 17:24:17,463 - INFO - [GINSLIB] processing : 2021/12/17 04:35:31 Q=5
2026-01-06 17:24:17,469 - INFO - [GINSLIB] processing : 2021/12/17 04:35:32 Q=5
2026-01-06 17:24:17,476 - INFO - [GINSLIB] processing : 2021/12/17 04:35:33 Q=5
2026-01-06 17:24:17,482 - INFO - [GINSLIB] processing : 2021/12/17 04:35:34 Q=5
2026-01-06 17:24:17,488 - INFO - [GINSLIB] processing : 2021/12/17 04:35:35 Q=5
2026-01-06 17:24:17,495 - INFO - [GINSLIB] processing : 2021/12/17 04:35:36 Q=5
2026-01-06 17:24:17,501 - INFO - [GINSLIB] processing : 2021/12/17 04:35:37 Q=5
2026-01-06 17:24:17,507 - INFO - [GINSLIB] processing : 2021/12/17 04:35:38 Q=5
2026-01-06 17:24:17,517 - INFO - [GINSLIB] processing : 2021/12/17 04:35:39 Q=5
2026-01-06 17:24:17,518 - INFO - [GINSLIB] processing : 2021/12/17 04:35:40 Q=5
2026-01-06 17:24:17,526 - INFO - [GINSLIB] processing : 2021/12/17 04:35:41 Q=5
2026-01-06 17:24:17,534 - INFO - [GINSLIB] processing : 2021/12/17 04:35:42 Q=5
2026-01-06 17:24:17,541 - INFO - [GINSLIB] processing : 2021/12/17 04:35:43 Q=5
2026-01-06 17:24:17,552 - INFO - [GINSLIB] processing : 2021/12/17 04:35:44 Q=5
2026-01-06 17:24:17,553 - INFO - [GINSLIB] processing : 2021/12/17 04:35:45 Q=5
2026-01-06 17:24:17,561 - INFO - [GINSLIB] processing : 2021/12/17 04:35:46 Q=5
2026-01-06 17:24:17,567 - INFO - [GINSLIB] processing : 2021/12/17 04:35:47 Q=5
2026-01-06 17:24:17,574 - INFO - [GINSLIB] processing : 2021/12/17 04:35:48 Q=5
2026-01-06 17:24:17,587 - INFO - [GINSLIB] processing : 2021/12/17 04:35:49 Q=5
2026-01-06 17:24:17,589 - INFO - [GINSLIB] processing : 2021/12/17 04:35:50 Q=5
2026-01-06 17:24:17,596 - INFO - [GINSLIB] processing : 2021/12/17 04:35:51 Q=5
2026-01-06 17:24:17,604 - INFO - [GINSLIB] processing : 2021/12/17 04:35:52 Q=5
2026-01-06 17:24:17,610 - INFO - [GINSLIB] processing : 2021/12/17 04:35:53 Q=5
2026-01-06 17:24:17,622 - INFO - [GINSLIB] processing : 2021/12/17 04:35:54 Q=5
2026-01-06 17:24:17,623 - INFO - [GINSLIB] processing : 2021/12/17 04:35:55 Q=5
2026-01-06 17:24:17,630 - INFO - [GINSLIB] processing : 2021/12/17 04:35:56 Q=5
2026-01-06 17:24:17,638 - INFO - [GINSLIB] processing : 2021/12/17 04:35:57 Q=5
2026-01-06 17:24:17,645 - INFO - [GINSLIB] processing : 2021/12/17 04:35:58 Q=5
2026-01-06 17:24:17,652 - INFO - [GINSLIB] processing : 2021/12/17 04:35:59 Q=5
2026-01-06 17:24:17,658 - INFO - [GINSLIB] processing : 2021/12/17 04:36:00 Q=5
2026-01-06 17:24:17,665 - INFO - [GINSLIB] processing : 2021/12/17 04:36:01 Q=5
2026-01-06 17:24:17,673 - INFO - [GINSLIB] processing : 2021/12/17 04:36:02 Q=5
2026-01-06 17:24:17,681 - INFO - [GINSLIB] processing : 2021/12/17 04:36:03 Q=5
2026-01-06 17:24:17,688 - INFO - [GINSLIB] processing : 2021/12/17 04:36:04 Q=5
2026-01-06 17:24:17,695 - INFO - [GINSLIB] processing : 2021/12/17 04:36:05 Q=5
2026-01-06 17:24:17,703 - INFO - [GINSLIB] processing : 2021/12/17 04:36:06 Q=5
2026-01-06 17:24:17,710 - INFO - [GINSLIB] processing : 2021/12/17 04:36:07 Q=5
2026-01-06 17:24:17,716 - INFO - [GINSLIB] processing : 2021/12/17 04:36:08 Q=5
2026-01-06 17:24:17,723 - INFO - [GINSLIB] processing : 2021/12/17 04:36:09 Q=5
2026-01-06 17:24:17,735 - INFO - [GINSLIB] processing : 2021/12/17 04:36:10 Q=5
2026-01-06 17:24:17,736 - INFO - [GINSLIB] processing : 2021/12/17 04:36:11 Q=5
2026-01-06 17:24:17,743 - INFO - [GINSLIB] processing : 2021/12/17 04:36:12 Q=5
2026-01-06 17:24:17,750 - INFO - [GINSLIB] processing : 2021/12/17 04:36:13 Q=5
2026-01-06 17:24:17,757 - INFO - [GINSLIB] processing : 2021/12/17 04:36:14 Q=5
2026-01-06 17:24:17,769 - INFO - [GINSLIB] processing : 2021/12/17 04:36:15 Q=5
2026-01-06 17:24:17,770 - INFO - [GINSLIB] processing : 2021/12/17 04:36:16 Q=5
2026-01-06 17:24:17,779 - INFO - [GINSLIB] processing : 2021/12/17 04:36:17 Q=5
2026-01-06 17:24:17,786 - INFO - [GINSLIB] processing : 2021/12/17 04:36:18 Q=5
2026-01-06 17:24:17,794 - INFO - [GINSLIB] processing : 2021/12/17 04:36:19 Q=5
2026-01-06 17:24:17,808 - INFO - [GINSLIB] processing : 2021/12/17 04:36:20 Q=5
2026-01-06 17:24:17,809 - INFO - [GINSLIB] processing : 2021/12/17 04:36:21 Q=5
2026-01-06 17:24:17,816 - INFO - [GINSLIB] processing : 2021/12/17 04:36:22 Q=5
2026-01-06 17:24:17,823 - INFO - [GINSLIB] processing : 2021/12/17 04:36:23 Q=5
2026-01-06 17:24:17,830 - INFO - [GINSLIB] processing : 2021/12/17 04:36:24 Q=5
2026-01-06 17:24:17,838 - INFO - [GINSLIB] processing : 2021/12/17 04:36:25 Q=5
2026-01-06 17:24:17,844 - INFO - [GINSLIB] processing : 2021/12/17 04:36:26 Q=5
2026-01-06 17:24:17,852 - INFO - [GINSLIB] processing : 2021/12/17 04:36:27 Q=5
2026-01-06 17:24:17,859 - INFO - [GINSLIB] processing : 2021/12/17 04:36:28 Q=5
2026-01-06 17:24:17,867 - INFO - [GINSLIB] processing : 2021/12/17 04:36:29 Q=5
2026-01-06 17:24:17,876 - INFO - [GINSLIB] processing : 2021/12/17 04:36:30 Q=5
2026-01-06 17:24:17,883 - INFO - [GINSLIB] processing : 2021/12/17 04:36:31 Q=5
2026-01-06 17:24:17,890 - INFO - [GINSLIB] processing : 2021/12/17 04:36:32 Q=5
2026-01-06 17:24:17,898 - INFO - [GINSLIB] processing : 2021/12/17 04:36:33 Q=5
2026-01-06 17:24:17,906 - INFO - [GINSLIB] processing : 2021/12/17 04:36:34 Q=5
2026-01-06 17:24:17,915 - INFO - [GINSLIB] processing : 2021/12/17 04:36:35 Q=5
2026-01-06 17:24:17,921 - INFO - [GINSLIB] processing : 2021/12/17 04:36:36 Q=5
2026-01-06 17:24:17,930 - INFO - [GINSLIB] processing : 2021/12/17 04:36:37 Q=5
2026-01-06 17:24:17,937 - INFO - [GINSLIB] processing : 2021/12/17 04:36:38 Q=5
2026-01-06 17:24:17,946 - INFO - [GINSLIB] processing : 2021/12/17 04:36:39 Q=5
2026-01-06 17:24:17,954 - INFO - [GINSLIB] processing : 2021/12/17 04:36:40 Q=5
2026-01-06 17:24:17,967 - INFO - [GINSLIB] processing : 2021/12/17 04:36:41 Q=5
2026-01-06 17:24:17,969 - INFO - [GINSLIB] processing : 2021/12/17 04:36:42 Q=5
2026-01-06 17:24:17,978 - INFO - [GINSLIB] processing : 2021/12/17 04:36:43 Q=5
2026-01-06 17:24:17,985 - INFO - [GINSLIB] processing : 2021/12/17 04:36:44 Q=5
2026-01-06 17:24:17,992 - INFO - [GINSLIB] processing : 2021/12/17 04:36:45 Q=5
2026-01-06 17:24:18,004 - INFO - [GINSLIB] processing : 2021/12/17 04:36:46 Q=5
2026-01-06 17:24:18,005 - INFO - [GINSLIB] processing : 2021/12/17 04:36:47 Q=5
2026-01-06 17:24:18,012 - INFO - [GINSLIB] processing : 2021/12/17 04:36:48 Q=5
2026-01-06 17:24:18,019 - INFO - [GINSLIB] processing : 2021/12/17 04:36:49 Q=5
2026-01-06 17:24:18,027 - INFO - [GINSLIB] processing : 2021/12/17 04:36:50 Q=5
2026-01-06 17:24:18,039 - INFO - [GINSLIB] processing : 2021/12/17 04:36:51 Q=5
2026-01-06 17:24:18,041 - INFO - [GINSLIB] processing : 2021/12/17 04:36:52 Q=5
2026-01-06 17:24:18,047 - INFO - [GINSLIB] processing : 2021/12/17 04:36:53 Q=5
2026-01-06 17:24:18,055 - INFO - [GINSLIB] processing : 2021/12/17 04:36:54 Q=5
2026-01-06 17:24:18,062 - INFO - [GINSLIB] processing : 2021/12/17 04:36:55 Q=5
2026-01-06 17:24:18,069 - INFO - [GINSLIB] processing : 2021/12/17 04:36:56 Q=5
2026-01-06 17:24:18,075 - INFO - [GINSLIB] processing : 2021/12/17 04:36:57 Q=5
2026-01-06 17:24:18,081 - INFO - [GINSLIB] processing : 2021/12/17 04:36:58 Q=5
2026-01-06 17:24:18,088 - INFO - [GINSLIB] processing : 2021/12/17 04:36:59 Q=5
2026-01-06 17:24:18,095 - INFO - [GINSLIB] processing : 2021/12/17 04:37:00 Q=5
2026-01-06 17:24:18,102 - INFO - [GINSLIB] processing : 2021/12/17 04:37:01 Q=5
2026-01-06 17:24:18,109 - INFO - [GINSLIB] processing : 2021/12/17 04:37:02 Q=5
2026-01-06 17:24:18,116 - INFO - [GINSLIB] processing : 2021/12/17 04:37:03 Q=5
2026-01-06 17:24:18,122 - INFO - [GINSLIB] processing : 2021/12/17 04:37:04 Q=5
2026-01-06 17:24:18,130 - INFO - [GINSLIB] processing : 2021/12/17 04:37:05 Q=5
2026-01-06 17:24:18,137 - INFO - [GINSLIB] processing : 2021/12/17 04:37:06 Q=5
2026-01-06 17:24:18,143 - INFO - [GINSLIB] processing : 2021/12/17 04:37:07 Q=5
2026-01-06 17:24:18,151 - INFO - [GINSLIB] processing : 2021/12/17 04:37:08 Q=5
2026-01-06 17:24:18,158 - INFO - [GINSLIB] processing : 2021/12/17 04:37:09 Q=5
2026-01-06 17:24:18,167 - INFO - [GINSLIB] processing : 2021/12/17 04:37:10 Q=5
2026-01-06 17:24:18,174 - INFO - [GINSLIB] processing : 2021/12/17 04:37:11 Q=5
2026-01-06 17:24:18,187 - INFO - [GINSLIB] processing : 2021/12/17 04:37:12 Q=5
2026-01-06 17:24:18,188 - INFO - [GINSLIB] processing : 2021/12/17 04:37:13 Q=5
2026-01-06 17:24:18,195 - INFO - [GINSLIB] processing : 2021/12/17 04:37:14 Q=5
2026-01-06 17:24:18,201 - INFO - [GINSLIB] processing : 2021/12/17 04:37:15 Q=5
2026-01-06 17:24:18,209 - INFO - [GINSLIB] processing : 2021/12/17 04:37:16 Q=5
2026-01-06 17:24:18,221 - INFO - [GINSLIB] processing : 2021/12/17 04:37:17 Q=5
2026-01-06 17:24:18,223 - INFO - [GINSLIB] processing : 2021/12/17 04:37:18 Q=5
2026-01-06 17:24:18,230 - INFO - [GINSLIB] processing : 2021/12/17 04:37:19 Q=5
2026-01-06 17:24:18,237 - INFO - [GINSLIB] processing : 2021/12/17 04:37:20 Q=5
2026-01-06 17:24:18,245 - INFO - [GINSLIB] processing : 2021/12/17 04:37:21 Q=5
2026-01-06 17:24:18,258 - INFO - [GINSLIB] processing : 2021/12/17 04:37:22 Q=5
2026-01-06 17:24:18,259 - INFO - [GINSLIB] processing : 2021/12/17 04:37:23 Q=5
2026-01-06 17:24:18,266 - INFO - [GINSLIB] processing : 2021/12/17 04:37:24 Q=5
2026-01-06 17:24:18,273 - INFO - [GINSLIB] processing : 2021/12/17 04:37:25 Q=5
2026-01-06 17:24:18,280 - INFO - [GINSLIB] processing : 2021/12/17 04:37:26 Q=5
2026-01-06 17:24:18,287 - INFO - [GINSLIB] processing : 2021/12/17 04:37:27 Q=5
2026-01-06 17:24:18,293 - INFO - [GINSLIB] processing : 2021/12/17 04:37:28 Q=5
2026-01-06 17:24:18,299 - INFO - [GINSLIB] processing : 2021/12/17 04:37:29 Q=5
2026-01-06 17:24:18,307 - INFO - [GINSLIB] processing : 2021/12/17 04:37:30 Q=5
2026-01-06 17:24:18,313 - INFO - [GINSLIB] processing : 2021/12/17 04:37:31 Q=5
2026-01-06 17:24:18,321 - INFO - [GINSLIB] processing : 2021/12/17 04:37:32 Q=5
2026-01-06 17:24:18,327 - INFO - [GINSLIB] processing : 2021/12/17 04:37:33 Q=5
2026-01-06 17:24:18,334 - INFO - [GINSLIB] processing : 2021/12/17 04:37:34 Q=5
2026-01-06 17:24:18,341 - INFO - [GINSLIB] processing : 2021/12/17 04:37:35 Q=5
2026-01-06 17:24:18,348 - INFO - [GINSLIB] processing : 2021/12/17 04:37:36 Q=5
2026-01-06 17:24:18,355 - INFO - [GINSLIB] processing : 2021/12/17 04:37:37 Q=5
2026-01-06 17:24:18,360 - INFO - [GINSLIB] processing : 2021/12/17 04:37:38 Q=5
2026-01-06 17:24:18,367 - INFO - [GINSLIB] processing : 2021/12/17 04:37:39 Q=5
2026-01-06 17:24:18,373 - INFO - [GINSLIB] processing : 2021/12/17 04:37:40 Q=5
2026-01-06 17:24:18,383 - INFO - [GINSLIB] processing : 2021/12/17 04:37:41 Q=5
2026-01-06 17:24:18,389 - INFO - [GINSLIB] processing : 2021/12/17 04:37:42 Q=5
2026-01-06 17:24:18,401 - INFO - [GINSLIB] processing : 2021/12/17 04:37:43 Q=5
2026-01-06 17:24:18,402 - INFO - [GINSLIB] processing : 2021/12/17 04:37:44 Q=5
2026-01-06 17:24:18,410 - INFO - [GINSLIB] processing : 2021/12/17 04:37:45 Q=5
2026-01-06 17:24:18,418 - INFO - [GINSLIB] processing : 2021/12/17 04:37:46 Q=5
2026-01-06 17:24:18,425 - INFO - [GINSLIB] processing : 2021/12/17 04:37:47 Q=5
2026-01-06 17:24:18,436 - INFO - [GINSLIB] processing : 2021/12/17 04:37:48 Q=5
2026-01-06 17:24:18,437 - INFO - [GINSLIB] processing : 2021/12/17 04:37:49 Q=5
2026-01-06 17:24:18,445 - INFO - [GINSLIB] processing : 2021/12/17 04:37:50 Q=5
2026-01-06 17:24:18,451 - INFO - [GINSLIB] processing : 2021/12/17 04:37:51 Q=5
2026-01-06 17:24:18,459 - INFO - [GINSLIB] processing : 2021/12/17 04:37:52 Q=5
2026-01-06 17:24:18,470 - INFO - [GINSLIB] processing : 2021/12/17 04:37:53 Q=5
2026-01-06 17:24:18,472 - INFO - [GINSLIB] processing : 2021/12/17 04:37:54 Q=5
2026-01-06 17:24:18,479 - INFO - [GINSLIB] processing : 2021/12/17 04:37:55 Q=5
2026-01-06 17:24:18,486 - INFO - [GINSLIB] processing : 2021/12/17 04:37:56 Q=5
2026-01-06 17:24:18,493 - INFO - [GINSLIB] processing : 2021/12/17 04:37:57 Q=5
2026-01-06 17:24:18,500 - INFO - [GINSLIB] processing : 2021/12/17 04:37:58 Q=5
2026-01-06 17:24:18,506 - INFO - [GINSLIB] processing : 2021/12/17 04:37:59 Q=5
2026-01-06 17:24:18,513 - INFO - [GINSLIB] processing : 2021/12/17 04:38:00 Q=5
2026-01-06 17:24:18,521 - INFO - [GINSLIB] processing : 2021/12/17 04:38:01 Q=5
2026-01-06 17:24:18,527 - INFO - [GINSLIB] processing : 2021/12/17 04:38:02 Q=5
2026-01-06 17:24:18,534 - INFO - [GINSLIB] processing : 2021/12/17 04:38:03 Q=5
2026-01-06 17:24:18,541 - INFO - [GINSLIB] processing : 2021/12/17 04:38:04 Q=5
2026-01-06 17:24:18,547 - INFO - [GINSLIB] processing : 2021/12/17 04:38:05 Q=5
2026-01-06 17:24:18,554 - INFO - [GINSLIB] processing : 2021/12/17 04:38:06 Q=5
2026-01-06 17:24:18,561 - INFO - [GINSLIB] processing : 2021/12/17 04:38:07 Q=5
2026-01-06 17:24:18,569 - INFO - [GINSLIB] processing : 2021/12/17 04:38:08 Q=5
2026-01-06 17:24:18,580 - INFO - [GINSLIB] processing : 2021/12/17 04:38:09 Q=5
2026-01-06 17:24:18,581 - INFO - [GINSLIB] processing : 2021/12/17 04:38:10 Q=5
2026-01-06 17:24:18,588 - INFO - [GINSLIB] processing : 2021/12/17 04:38:11 Q=5
2026-01-06 17:24:18,595 - INFO - [GINSLIB] processing : 2021/12/17 04:38:12 Q=5
2026-01-06 17:24:18,602 - INFO - [GINSLIB] processing : 2021/12/17 04:38:13 Q=5
2026-01-06 17:24:18,614 - INFO - [GINSLIB] processing : 2021/12/17 04:38:14 Q=5
2026-01-06 17:24:18,615 - INFO - [GINSLIB] processing : 2021/12/17 04:38:15 Q=5
2026-01-06 17:24:18,622 - INFO - [GINSLIB] processing : 2021/12/17 04:38:16 Q=5
2026-01-06 17:24:18,630 - INFO - [GINSLIB] processing : 2021/12/17 04:38:17 Q=5
2026-01-06 17:24:18,637 - INFO - [GINSLIB] processing : 2021/12/17 04:38:18 Q=5
2026-01-06 17:24:18,651 - INFO - [GINSLIB] processing : 2021/12/17 04:38:19 Q=5
2026-01-06 17:24:18,652 - INFO - [GINSLIB] processing : 2021/12/17 04:38:20 Q=5
2026-01-06 17:24:18,659 - INFO - [GINSLIB] processing : 2021/12/17 04:38:21 Q=5
2026-01-06 17:24:18,668 - INFO - [GINSLIB] processing : 2021/12/17 04:38:22 Q=5
2026-01-06 17:24:18,676 - INFO - [GINSLIB] processing : 2021/12/17 04:38:23 Q=5
2026-01-06 17:24:18,688 - INFO - [GINSLIB] processing : 2021/12/17 04:38:24 Q=5
2026-01-06 17:24:18,690 - INFO - [GINSLIB] processing : 2021/12/17 04:38:25 Q=5
2026-01-06 17:24:18,698 - INFO - [GINSLIB] processing : 2021/12/17 04:38:26 Q=5
2026-01-06 17:24:18,706 - INFO - [GINSLIB] processing : 2021/12/17 04:38:27 Q=5
2026-01-06 17:24:18,713 - INFO - [GINSLIB] processing : 2021/12/17 04:38:28 Q=5
2026-01-06 17:24:18,720 - INFO - [GINSLIB] processing : 2021/12/17 04:38:29 Q=5
2026-01-06 17:24:18,727 - INFO - [GINSLIB] processing : 2021/12/17 04:38:30 Q=5
2026-01-06 17:24:18,734 - INFO - [GINSLIB] processing : 2021/12/17 04:38:31 Q=5
2026-01-06 17:24:18,742 - INFO - [GINSLIB] processing : 2021/12/17 04:38:32 Q=5
2026-01-06 17:24:18,750 - INFO - [GINSLIB] processing : 2021/12/17 04:38:33 Q=5
2026-01-06 17:24:18,759 - INFO - [GINSLIB] processing : 2021/12/17 04:38:34 Q=5
2026-01-06 17:24:18,765 - INFO - [GINSLIB] processing : 2021/12/17 04:38:35 Q=5
2026-01-06 17:24:18,773 - INFO - [GINSLIB] processing : 2021/12/17 04:38:36 Q=5
2026-01-06 17:24:18,781 - INFO - [GINSLIB] processing : 2021/12/17 04:38:37 Q=5
2026-01-06 17:24:18,789 - INFO - [GINSLIB] processing : 2021/12/17 04:38:38 Q=5
2026-01-06 17:24:18,797 - INFO - [GINSLIB] processing : 2021/12/17 04:38:39 Q=5
2026-01-06 17:24:18,809 - INFO - [GINSLIB] processing : 2021/12/17 04:38:40 Q=5
2026-01-06 17:24:18,810 - INFO - [GINSLIB] processing : 2021/12/17 04:38:41 Q=5
2026-01-06 17:24:18,818 - INFO - [GINSLIB] processing : 2021/12/17 04:38:42 Q=5
2026-01-06 17:24:18,824 - INFO - [GINSLIB] processing : 2021/12/17 04:38:43 Q=5
2026-01-06 17:24:18,832 - INFO - [GINSLIB] processing : 2021/12/17 04:38:44 Q=5
2026-01-06 17:24:18,843 - INFO - [GINSLIB] processing : 2021/12/17 04:38:45 Q=5
2026-01-06 17:24:18,844 - INFO - [GINSLIB] processing : 2021/12/17 04:38:46 Q=5
2026-01-06 17:24:18,851 - INFO - [GINSLIB] processing : 2021/12/17 04:38:47 Q=5
2026-01-06 17:24:18,859 - INFO - [GINSLIB] processing : 2021/12/17 04:38:48 Q=5
2026-01-06 17:24:18,866 - INFO - [GINSLIB] processing : 2021/12/17 04:38:49 Q=5
2026-01-06 17:24:18,877 - INFO - [GINSLIB] processing : 2021/12/17 04:38:50 Q=5
2026-01-06 17:24:18,878 - INFO - [GINSLIB] processing : 2021/12/17 04:38:51 Q=5
2026-01-06 17:24:18,885 - INFO - [GINSLIB] processing : 2021/12/17 04:38:52 Q=5
2026-01-06 17:24:18,892 - INFO - [GINSLIB] processing : 2021/12/17 04:38:53 Q=5
2026-01-06 17:24:18,899 - INFO - [GINSLIB] processing : 2021/12/17 04:38:54 Q=5
2026-01-06 17:24:18,910 - INFO - [GINSLIB] processing : 2021/12/17 04:38:55 Q=5
2026-01-06 17:24:18,911 - INFO - [GINSLIB] processing : 2021/12/17 04:38:56 Q=5
2026-01-06 17:24:18,917 - INFO - [GINSLIB] processing : 2021/12/17 04:38:57 Q=5
2026-01-06 17:24:18,925 - INFO - [GINSLIB] processing : 2021/12/17 04:38:58 Q=5
2026-01-06 17:24:18,932 - INFO - [GINSLIB] processing : 2021/12/17 04:38:59 Q=5
2026-01-06 17:24:18,939 - INFO - [GINSLIB] processing : 2021/12/17 04:39:00 Q=5
2026-01-06 17:24:18,945 - INFO - [GINSLIB] processing : 2021/12/17 04:39:01 Q=5
2026-01-06 17:24:18,952 - INFO - [GINSLIB] processing : 2021/12/17 04:39:02 Q=5
2026-01-06 17:24:18,959 - INFO - [GINSLIB] processing : 2021/12/17 04:39:03 Q=5
2026-01-06 17:24:18,966 - INFO - [GINSLIB] processing : 2021/12/17 04:39:04 Q=5
2026-01-06 17:24:18,972 - INFO - [GINSLIB] processing : 2021/12/17 04:39:05 Q=5
2026-01-06 17:24:18,977 - INFO - [GINSLIB] processing : 2021/12/17 04:39:06 Q=5
2026-01-06 17:24:18,985 - INFO - [GINSLIB] processing : 2021/12/17 04:39:07 Q=5
2026-01-06 17:24:18,992 - INFO - [GINSLIB] processing : 2021/12/17 04:39:08 Q=5
2026-01-06 17:24:18,998 - INFO - [GINSLIB] processing : 2021/12/17 04:39:09 Q=5
2026-01-06 17:24:19,004 - INFO - [GINSLIB] processing : 2021/12/17 04:39:10 Q=5
2026-01-06 17:24:19,016 - INFO - [GINSLIB] processing : 2021/12/17 04:39:11 Q=5
2026-01-06 17:24:19,017 - INFO - [GINSLIB] processing : 2021/12/17 04:39:12 Q=5
2026-01-06 17:24:19,023 - INFO - [GINSLIB] processing : 2021/12/17 04:39:13 Q=5
2026-01-06 17:24:19,030 - INFO - [GINSLIB] processing : 2021/12/17 04:39:14 Q=5
2026-01-06 17:24:19,036 - INFO - [GINSLIB] processing : 2021/12/17 04:39:15 Q=5
2026-01-06 17:24:19,049 - INFO - [GINSLIB] processing : 2021/12/17 04:39:16 Q=5
2026-01-06 17:24:19,050 - INFO - [GINSLIB] processing : 2021/12/17 04:39:17 Q=5
2026-01-06 17:24:19,057 - INFO - [GINSLIB] processing : 2021/12/17 04:39:18 Q=5
2026-01-06 17:24:19,063 - INFO - [GINSLIB] processing : 2021/12/17 04:39:19 Q=5
2026-01-06 17:24:19,069 - INFO - [GINSLIB] processing : 2021/12/17 04:39:20 Q=5
2026-01-06 17:24:19,082 - INFO - [GINSLIB] processing : 2021/12/17 04:39:21 Q=5
2026-01-06 17:24:19,083 - INFO - [GINSLIB] processing : 2021/12/17 04:39:22 Q=5
2026-01-06 17:24:19,090 - INFO - [GINSLIB] processing : 2021/12/17 04:39:23 Q=5
2026-01-06 17:24:19,097 - INFO - [GINSLIB] processing : 2021/12/17 04:39:24 Q=5
2026-01-06 17:24:19,103 - INFO - [GINSLIB] processing : 2021/12/17 04:39:25 Q=5
2026-01-06 17:24:19,111 - INFO - [GINSLIB] processing : 2021/12/17 04:39:26 Q=5
2026-01-06 17:24:19,116 - INFO - [GINSLIB] processing : 2021/12/17 04:39:27 Q=5
2026-01-06 17:24:19,123 - INFO - [GINSLIB] processing : 2021/12/17 04:39:28 Q=5
2026-01-06 17:24:19,130 - INFO - [GINSLIB] processing : 2021/12/17 04:39:29 Q=5
2026-01-06 17:24:19,136 - INFO - [GINSLIB] processing : 2021/12/17 04:39:30 Q=5
2026-01-06 17:24:19,145 - INFO - [GINSLIB] processing : 2021/12/17 04:39:31 Q=5
2026-01-06 17:24:19,150 - INFO - [GINSLIB] processing : 2021/12/17 04:39:32 Q=5
2026-01-06 17:24:19,158 - INFO - [GINSLIB] processing : 2021/12/17 04:39:33 Q=5
2026-01-06 17:24:19,164 - INFO - [GINSLIB] processing : 2021/12/17 04:39:34 Q=5
2026-01-06 17:24:19,172 - INFO - [GINSLIB] processing : 2021/12/17 04:39:35 Q=5
2026-01-06 17:24:19,179 - INFO - [GINSLIB] processing : 2021/12/17 04:39:36 Q=5
2026-01-06 17:24:19,185 - INFO - [GINSLIB] processing : 2021/12/17 04:39:37 Q=5
2026-01-06 17:24:19,192 - INFO - [GINSLIB] processing : 2021/12/17 04:39:38 Q=5
2026-01-06 17:24:19,198 - INFO - [GINSLIB] processing : 2021/12/17 04:39:39 Q=5
2026-01-06 17:24:19,206 - INFO - [GINSLIB] processing : 2021/12/17 04:39:40 Q=5
2026-01-06 17:24:19,213 - INFO - [GINSLIB] processing : 2021/12/17 04:39:41 Q=5
2026-01-06 17:24:19,225 - INFO - [GINSLIB] processing : 2021/12/17 04:39:42 Q=5
2026-01-06 17:24:19,226 - INFO - [GINSLIB] processing : 2021/12/17 04:39:43 Q=5
2026-01-06 17:24:19,233 - INFO - [GINSLIB] processing : 2021/12/17 04:39:44 Q=5
2026-01-06 17:24:19,240 - INFO - [GINSLIB] processing : 2021/12/17 04:39:45 Q=5
2026-01-06 17:24:19,247 - INFO - [GINSLIB] processing : 2021/12/17 04:39:46 Q=5
2026-01-06 17:24:19,259 - INFO - [GINSLIB] processing : 2021/12/17 04:39:47 Q=5
2026-01-06 17:24:19,260 - INFO - [GINSLIB] processing : 2021/12/17 04:39:48 Q=5
2026-01-06 17:24:19,268 - INFO - [GINSLIB] processing : 2021/12/17 04:39:49 Q=5
2026-01-06 17:24:19,275 - INFO - [GINSLIB] processing : 2021/12/17 04:39:50 Q=5
2026-01-06 17:24:19,282 - INFO - [GINSLIB] processing : 2021/12/17 04:39:51 Q=5
2026-01-06 17:24:19,294 - INFO - [GINSLIB] processing : 2021/12/17 04:39:52 Q=5
2026-01-06 17:24:19,296 - INFO - [GINSLIB] processing : 2021/12/17 04:39:53 Q=5
2026-01-06 17:24:19,302 - INFO - [GINSLIB] processing : 2021/12/17 04:39:54 Q=5
2026-01-06 17:24:19,310 - INFO - [GINSLIB] processing : 2021/12/17 04:39:55 Q=5
2026-01-06 17:24:19,316 - INFO - [GINSLIB] processing : 2021/12/17 04:39:56 Q=5
2026-01-06 17:24:19,324 - INFO - [GINSLIB] processing : 2021/12/17 04:39:57 Q=5
2026-01-06 17:24:19,331 - INFO - [GINSLIB] processing : 2021/12/17 04:39:58 Q=5
2026-01-06 17:24:19,338 - INFO - [GINSLIB] processing : 2021/12/17 04:39:59 Q=5
2026-01-06 17:24:19,344 - INFO - [GINSLIB] processing : 2021/12/17 04:40:00 Q=5
2026-01-06 17:24:19,365 - INFO - [GINSLIB] Total processing time of program: 24.294000 sec!
2026-01-06 17:24:19,542 - INFO - ✓ IGM-A1_Vehicle_complex_20211217-ylh SPP LC 执行成功
2026-01-06 17:24:19,542 - INFO - 开始误差分析
2026-01-06 17:24:19,543 - INFO - - 结果文件: G:\Navigation_Learn\GNSS\RTKLIB-b34k\data\GNSS_INS\IGM-A1_Vehicle_complex_20211217-ylh\result\IGM-A1_Vehicle_complex_20211217-ylh_SPP_F_LC.pos
2026-01-06 17:24:19,543 - INFO - - 参考文件: G:\Navigation_Learn\GNSS\RTKLIB-b34k\data\GNSS_INS\IGM-A1_Vehicle_complex_20211217-ylh\truth.truth
2026-01-06 17:24:19,543 - INFO - ============================================================
2026-01-06 17:24:19,544 - INFO - 开始处理: IGM-A1_Vehicle_complex_20211217-ylh
2026-01-06 17:24:19,544 - INFO - 处理模式: SPP LC
2026-01-06 17:24:19,544 - INFO - ============================================================
2026-01-06 17:24:19,544 - INFO - GNSS/INS模式，绘制IMU零偏和位置、速度、姿态误差
2026-01-06 17:24:19,568 - INFO - ✓ 结果文件数据读取成功 G:\Navigation_Learn\GNSS\RTKLIB-b34k\data\GNSS_INS\IGM-A1_Vehicle_complex_20211217-ylh\result\IGM-A1_Vehicle_complex_20211217-ylh_SPP_F_LC.pos
2026-01-06 17:24:19,594 - INFO - ✓ 参考文件数据读取成功 G:\Navigation_Learn\GNSS\RTKLIB-b34k\data\GNSS_INS\IGM-A1_Vehicle_complex_20211217-ylh\truth.truth
2026-01-06 17:24:19,595 - INFO - 绘制IMU零偏图...
2026-01-06 17:24:20,794 - INFO - 位置误差RMS: E=0.4417m, N=0.9278m, U=12.3989m, 3D=12.4414m
2026-01-06 17:24:20,794 - INFO - 速度误差RMS: E=0.0920m/s, N=0.0796m/s, U=0.0417m/s, 3D=0.1285m/s
2026-01-06 17:24:20,794 - INFO - 姿态误差RMS: Pitch=0.2336°, Roll=0.2256°, Yaw=1.5542°
2026-01-06 17:24:21,001 - INFO - ✓ 保存图像: G:\Navigation_Learn\GNSS\RTKLIB-b34k\batch_process\figure\IGM-A1_Vehicle_complex_20211217-ylh\IGM-A1_Vehicle_complex_20211217-ylh_SPP_F_LC_bg.png
2026-01-06 17:24:21,225 - INFO - ✓ 保存图像: G:\Navigation_Learn\GNSS\RTKLIB-b34k\batch_process\figure\IGM-A1_Vehicle_complex_20211217-ylh\IGM-A1_Vehicle_complex_20211217-ylh_SPP_F_LC_ba.png
2026-01-06 17:24:21,474 - INFO - ✓ 保存图像: G:\Navigation_Learn\GNSS\RTKLIB-b34k\batch_process\figure\IGM-A1_Vehicle_complex_20211217-ylh\IGM-A1_Vehicle_complex_20211217-ylh_SPP_F_LC_pos.png
2026-01-06 17:24:21,725 - INFO - ✓ 保存图像: G:\Navigation_Learn\GNSS\RTKLIB-b34k\batch_process\figure\IGM-A1_Vehicle_complex_20211217-ylh\IGM-A1_Vehicle_complex_20211217-ylh_SPP_F_LC_vel.png
2026-01-06 17:24:21,962 - INFO - ✓ 保存图像: G:\Navigation_Learn\GNSS\RTKLIB-b34k\batch_process\figure\IGM-A1_Vehicle_complex_20211217-ylh\IGM-A1_Vehicle_complex_20211217-ylh_SPP_F_LC_att.png
2026-01-06 17:24:21,969 - INFO - ✓ 所有图像已保存到 G:\Navigation_Learn\GNSS\RTKLIB-b34k\batch_process\figure\IGM-A1_Vehicle_complex_20211217-ylh
2026-01-06 17:24:21,969 - INFO - ✓ 误差分析完成: IGM-A1_Vehicle_complex_20211217-ylh_SPP_F_LC.pos
2026-01-06 17:24:22,303 - INFO - ✓ 误差统计结果保存到Excel文件: G:\Navigation_Learn\GNSS\RTKLIB-b34k\batch_process\excel\error_stats_SPP LC_20260106_172421.xlsx
2026-01-06 17:24:22,303 - INFO - 27 个批处理任务结束。
2026-01-06 17:24:22,303 - INFO - 总共耗费时间: 27.30 秒 (0.46 分钟)
2026-01-06 17:24:22,303 - INFO - 日志文件保存路径: G:\Navigation_Learn\GNSS\RTKLIB-b34k\batch_process\log\batch_process_20260106_172354.log
