2026-01-06 17:26:32,846 - INFO - 日志文件保存位置: G:\Navigation_Learn\GNSS\RTKLIB-b34k\batch_process\log\batch_process_20260106_172632.log
2026-01-06 17:26:32,847 - INFO - 批处理任务开始执行
2026-01-06 17:26:32,847 - INFO - 当前工作目录 (Data Root): G:\Navigation_Learn\GNSS\RTKLIB-b34k\data\GNSS_INS
2026-01-06 17:26:32,847 - INFO - 解算程序路径 (EXE Path):  G:\Navigation_Learn\GNSS\RTKLIB-b34k\build\Bin\GINSLIB.exe
2026-01-06 17:26:32,848 - INFO - ------------------------------------------------------------
2026-01-06 17:26:32,848 - INFO - 共 27 个数据任务，开始批处理...
2026-01-06 17:26:32,848 - INFO - 第 22 个任务: IGM-A1_Vehicle_open_20211217-nsh
2026-01-06 17:26:32,854 - INFO - - 路径: G:\Navigation_Learn\GNSS\RTKLIB-b34k\data\GNSS_INS\IGM-A1_Vehicle_open_20211217-nsh
2026-01-06 17:26:32,854 - INFO - - 配置: IGM-A1_Vehicle_open_20211217-nsh.conf
2026-01-06 17:26:41,470 - INFO - [GINSLIB] processing : 2021/12/17 01:19:59 Q=0
2026-01-06 17:26:41,471 - INFO - [GINSLIB] processing : 2021/12/17 01:20:00 Q=0
2026-01-06 17:26:41,474 - INFO - [GINSLIB] INS initial alignment completed: 01:20:00.00  0436800.00!
2026-01-06 17:26:41,474 - INFO - [GINSLIB] processing : 2021/12/17 01:20:00 Q=5
2026-01-06 17:26:41,475 - INFO - [GINSLIB] processing : 2021/12/17 01:20:01 Q=5
2026-01-06 17:26:41,481 - INFO - [GINSLIB] processing : 2021/12/17 01:20:02 Q=5
2026-01-06 17:26:41,487 - INFO - [GINSLIB] processing : 2021/12/17 01:20:03 Q=5
2026-01-06 17:26:41,494 - INFO - [GINSLIB] processing : 2021/12/17 01:20:04 Q=5
2026-01-06 17:26:41,499 - INFO - [GINSLIB] processing : 2021/12/17 01:20:05 Q=5
2026-01-06 17:26:41,506 - INFO - [GINSLIB] processing : 2021/12/17 01:20:06 Q=5
2026-01-06 17:26:41,513 - INFO - [GINSLIB] processing : 2021/12/17 01:20:07 Q=5
2026-01-06 17:26:41,519 - INFO - [GINSLIB] processing : 2021/12/17 01:20:08 Q=5
2026-01-06 17:26:41,527 - INFO - [GINSLIB] processing : 2021/12/17 01:20:09 Q=5
2026-01-06 17:26:41,532 - INFO - [GINSLIB] processing : 2021/12/17 01:20:10 Q=5
2026-01-06 17:26:41,539 - INFO - [GINSLIB] processing : 2021/12/17 01:20:11 Q=5
2026-01-06 17:26:41,546 - INFO - [GINSLIB] processing : 2021/12/17 01:20:12 Q=5
2026-01-06 17:26:41,553 - INFO - [GINSLIB] processing : 2021/12/17 01:20:13 Q=5
2026-01-06 17:26:41,559 - INFO - [GINSLIB] processing : 2021/12/17 01:20:14 Q=5
2026-01-06 17:26:41,569 - INFO - [GINSLIB] processing : 2021/12/17 01:20:15 Q=5
2026-01-06 17:26:41,570 - INFO - [GINSLIB] processing : 2021/12/17 01:20:16 Q=5
2026-01-06 17:26:41,576 - INFO - [GINSLIB] processing : 2021/12/17 01:20:17 Q=5
2026-01-06 17:26:41,584 - INFO - [GINSLIB] processing : 2021/12/17 01:20:18 Q=5
2026-01-06 17:26:41,590 - INFO - [GINSLIB] processing : 2021/12/17 01:20:19 Q=5
2026-01-06 17:26:41,602 - INFO - [GINSLIB] processing : 2021/12/17 01:20:20 Q=5
2026-01-06 17:26:41,603 - INFO - [GINSLIB] processing : 2021/12/17 01:20:21 Q=5
2026-01-06 17:26:41,610 - INFO - [GINSLIB] processing : 2021/12/17 01:20:22 Q=5
2026-01-06 17:26:41,617 - INFO - [GINSLIB] processing : 2021/12/17 01:20:23 Q=5
2026-01-06 17:26:41,623 - INFO - [GINSLIB] processing : 2021/12/17 01:20:24 Q=5
2026-01-06 17:26:41,634 - INFO - [GINSLIB] processing : 2021/12/17 01:20:25 Q=5
2026-01-06 17:26:41,635 - INFO - [GINSLIB] processing : 2021/12/17 01:20:26 Q=5
2026-01-06 17:26:41,642 - INFO - [GINSLIB] processing : 2021/12/17 01:20:27 Q=5
2026-01-06 17:26:41,649 - INFO - [GINSLIB] processing : 2021/12/17 01:20:28 Q=5
2026-01-06 17:26:41,655 - INFO - [GINSLIB] processing : 2021/12/17 01:20:29 Q=5
2026-01-06 17:26:41,662 - INFO - [GINSLIB] processing : 2021/12/17 01:20:30 Q=5
2026-01-06 17:26:41,667 - INFO - [GINSLIB] processing : 2021/12/17 01:20:31 Q=5
2026-01-06 17:26:41,674 - INFO - [GINSLIB] processing : 2021/12/17 01:20:32 Q=5
2026-01-06 17:26:41,681 - INFO - [GINSLIB] processing : 2021/12/17 01:20:33 Q=5
2026-01-06 17:26:41,688 - INFO - [GINSLIB] processing : 2021/12/17 01:20:34 Q=5
2026-01-06 17:26:41,695 - INFO - [GINSLIB] processing : 2021/12/17 01:20:35 Q=5
2026-01-06 17:26:41,701 - INFO - [GINSLIB] processing : 2021/12/17 01:20:36 Q=5
2026-01-06 17:26:41,709 - INFO - [GINSLIB] processing : 2021/12/17 01:20:37 Q=5
2026-01-06 17:26:41,715 - INFO - [GINSLIB] processing : 2021/12/17 01:20:38 Q=5
2026-01-06 17:26:41,722 - INFO - [GINSLIB] processing : 2021/12/17 01:20:39 Q=5
2026-01-06 17:26:41,728 - INFO - [GINSLIB] processing : 2021/12/17 01:20:40 Q=5
2026-01-06 17:26:41,734 - INFO - [GINSLIB] processing : 2021/12/17 01:20:41 Q=5
2026-01-06 17:26:41,741 - INFO - [GINSLIB] processing : 2021/12/17 01:20:42 Q=5
2026-01-06 17:26:41,747 - INFO - [GINSLIB] processing : 2021/12/17 01:20:43 Q=5
2026-01-06 17:26:41,753 - INFO - [GINSLIB] processing : 2021/12/17 01:20:44 Q=5
2026-01-06 17:26:41,760 - INFO - [GINSLIB] processing : 2021/12/17 01:20:45 Q=5
2026-01-06 17:26:41,771 - INFO - [GINSLIB] processing : 2021/12/17 01:20:46 Q=5
2026-01-06 17:26:41,772 - INFO - [GINSLIB] processing : 2021/12/17 01:20:47 Q=5
2026-01-06 17:26:41,778 - INFO - [GINSLIB] processing : 2021/12/17 01:20:48 Q=5
2026-01-06 17:26:41,784 - INFO - [GINSLIB] processing : 2021/12/17 01:20:49 Q=5
2026-01-06 17:26:41,790 - INFO - [GINSLIB] processing : 2021/12/17 01:20:50 Q=5
2026-01-06 17:26:41,801 - INFO - [GINSLIB] processing : 2021/12/17 01:20:51 Q=5
2026-01-06 17:26:41,802 - INFO - [GINSLIB] processing : 2021/12/17 01:20:52 Q=5
2026-01-06 17:26:41,809 - INFO - [GINSLIB] processing : 2021/12/17 01:20:53 Q=5
2026-01-06 17:26:41,816 - INFO - [GINSLIB] processing : 2021/12/17 01:20:54 Q=5
2026-01-06 17:26:41,822 - INFO - [GINSLIB] processing : 2021/12/17 01:20:55 Q=5
2026-01-06 17:26:41,829 - INFO - [GINSLIB] processing : 2021/12/17 01:20:56 Q=5
2026-01-06 17:26:41,834 - INFO - [GINSLIB] processing : 2021/12/17 01:20:57 Q=5
2026-01-06 17:26:41,841 - INFO - [GINSLIB] processing : 2021/12/17 01:20:58 Q=5
2026-01-06 17:26:41,848 - INFO - [GINSLIB] processing : 2021/12/17 01:20:59 Q=5
2026-01-06 17:26:41,854 - INFO - [GINSLIB] processing : 2021/12/17 01:21:00 Q=5
2026-01-06 17:26:41,862 - INFO - [GINSLIB] processing : 2021/12/17 01:21:01 Q=5
2026-01-06 17:26:41,867 - INFO - [GINSLIB] processing : 2021/12/17 01:21:02 Q=5
2026-01-06 17:26:41,873 - INFO - [GINSLIB] processing : 2021/12/17 01:21:03 Q=5
2026-01-06 17:26:41,880 - INFO - [GINSLIB] processing : 2021/12/17 01:21:04 Q=5
2026-01-06 17:26:41,886 - INFO - [GINSLIB] processing : 2021/12/17 01:21:05 Q=5
2026-01-06 17:26:41,892 - INFO - [GINSLIB] processing : 2021/12/17 01:21:06 Q=5
2026-01-06 17:26:41,897 - INFO - [GINSLIB] processing : 2021/12/17 01:21:07 Q=5
2026-01-06 17:26:41,903 - INFO - [GINSLIB] processing : 2021/12/17 01:21:08 Q=5
2026-01-06 17:26:41,909 - INFO - [GINSLIB] processing : 2021/12/17 01:21:09 Q=5
2026-01-06 17:26:41,914 - INFO - [GINSLIB] processing : 2021/12/17 01:21:10 Q=5
2026-01-06 17:26:41,919 - INFO - [GINSLIB] processing : 2021/12/17 01:21:11 Q=5
2026-01-06 17:26:41,928 - INFO - [GINSLIB] processing : 2021/12/17 01:21:12 Q=5
2026-01-06 17:26:41,930 - INFO - [GINSLIB] processing : 2021/12/17 01:21:13 Q=5
2026-01-06 17:26:41,935 - INFO - [GINSLIB] processing : 2021/12/17 01:21:14 Q=5
2026-01-06 17:26:41,940 - INFO - [GINSLIB] processing : 2021/12/17 01:21:15 Q=5
2026-01-06 17:26:41,945 - INFO - [GINSLIB] processing : 2021/12/17 01:21:16 Q=5
2026-01-06 17:26:41,956 - INFO - [GINSLIB] processing : 2021/12/17 01:21:17 Q=5
2026-01-06 17:26:41,957 - INFO - [GINSLIB] processing : 2021/12/17 01:21:18 Q=5
2026-01-06 17:26:41,963 - INFO - [GINSLIB] processing : 2021/12/17 01:21:19 Q=5
2026-01-06 17:26:41,969 - INFO - [GINSLIB] processing : 2021/12/17 01:21:20 Q=5
2026-01-06 17:26:41,975 - INFO - [GINSLIB] processing : 2021/12/17 01:21:21 Q=5
2026-01-06 17:26:41,986 - INFO - [GINSLIB] processing : 2021/12/17 01:21:22 Q=5
2026-01-06 17:26:41,987 - INFO - [GINSLIB] processing : 2021/12/17 01:21:23 Q=5
2026-01-06 17:26:41,993 - INFO - [GINSLIB] processing : 2021/12/17 01:21:24 Q=5
2026-01-06 17:26:41,999 - INFO - [GINSLIB] processing : 2021/12/17 01:21:25 Q=5
2026-01-06 17:26:42,005 - INFO - [GINSLIB] processing : 2021/12/17 01:21:26 Q=5
2026-01-06 17:26:42,012 - INFO - [GINSLIB] processing : 2021/12/17 01:21:27 Q=5
2026-01-06 17:26:42,017 - INFO - [GINSLIB] processing : 2021/12/17 01:21:28 Q=5
2026-01-06 17:26:42,023 - INFO - [GINSLIB] processing : 2021/12/17 01:21:29 Q=5
2026-01-06 17:26:42,029 - INFO - [GINSLIB] processing : 2021/12/17 01:21:30 Q=5
2026-01-06 17:26:42,035 - INFO - [GINSLIB] processing : 2021/12/17 01:21:31 Q=5
2026-01-06 17:26:42,040 - INFO - [GINSLIB] processing : 2021/12/17 01:21:32 Q=5
2026-01-06 17:26:42,046 - INFO - [GINSLIB] processing : 2021/12/17 01:21:33 Q=5
2026-01-06 17:26:42,051 - INFO - [GINSLIB] processing : 2021/12/17 01:21:34 Q=5
2026-01-06 17:26:42,057 - INFO - [GINSLIB] processing : 2021/12/17 01:21:35 Q=5
2026-01-06 17:26:42,062 - INFO - [GINSLIB] processing : 2021/12/17 01:21:36 Q=5
2026-01-06 17:26:42,068 - INFO - [GINSLIB] processing : 2021/12/17 01:21:37 Q=5
2026-01-06 17:26:42,072 - INFO - [GINSLIB] processing : 2021/12/17 01:21:38 Q=5
2026-01-06 17:26:42,081 - INFO - [GINSLIB] processing : 2021/12/17 01:21:39 Q=5
2026-01-06 17:26:42,087 - INFO - [GINSLIB] processing : 2021/12/17 01:21:40 Q=5
2026-01-06 17:26:42,093 - INFO - [GINSLIB] processing : 2021/12/17 01:21:41 Q=5
2026-01-06 17:26:42,098 - INFO - [GINSLIB] processing : 2021/12/17 01:21:42 Q=5
2026-01-06 17:26:42,110 - INFO - [GINSLIB] processing : 2021/12/17 01:21:43 Q=5
2026-01-06 17:26:42,111 - INFO - [GINSLIB] processing : 2021/12/17 01:21:44 Q=5
2026-01-06 17:26:42,117 - INFO - [GINSLIB] processing : 2021/12/17 01:21:45 Q=5
2026-01-06 17:26:42,122 - INFO - [GINSLIB] processing : 2021/12/17 01:21:46 Q=5
2026-01-06 17:26:42,128 - INFO - [GINSLIB] processing : 2021/12/17 01:21:47 Q=5
2026-01-06 17:26:42,138 - INFO - [GINSLIB] processing : 2021/12/17 01:21:48 Q=5
2026-01-06 17:26:42,139 - INFO - [GINSLIB] processing : 2021/12/17 01:21:49 Q=5
2026-01-06 17:26:42,146 - INFO - [GINSLIB] processing : 2021/12/17 01:21:50 Q=5
2026-01-06 17:26:42,151 - INFO - [GINSLIB] processing : 2021/12/17 01:21:51 Q=5
2026-01-06 17:26:42,157 - INFO - [GINSLIB] processing : 2021/12/17 01:21:52 Q=5
2026-01-06 17:26:42,167 - INFO - [GINSLIB] processing : 2021/12/17 01:21:53 Q=5
2026-01-06 17:26:42,169 - INFO - [GINSLIB] processing : 2021/12/17 01:21:54 Q=5
2026-01-06 17:26:42,175 - INFO - [GINSLIB] processing : 2021/12/17 01:21:55 Q=5
2026-01-06 17:26:42,181 - INFO - [GINSLIB] processing : 2021/12/17 01:21:56 Q=5
2026-01-06 17:26:42,187 - INFO - [GINSLIB] processing : 2021/12/17 01:21:57 Q=5
2026-01-06 17:26:42,193 - INFO - [GINSLIB] processing : 2021/12/17 01:21:58 Q=5
2026-01-06 17:26:42,198 - INFO - [GINSLIB] processing : 2021/12/17 01:21:59 Q=5
2026-01-06 17:26:42,204 - INFO - [GINSLIB] processing : 2021/12/17 01:22:00 Q=5
2026-01-06 17:26:42,209 - INFO - [GINSLIB] processing : 2021/12/17 01:22:01 Q=5
2026-01-06 17:26:42,216 - INFO - [GINSLIB] processing : 2021/12/17 01:22:02 Q=5
2026-01-06 17:26:42,222 - INFO - [GINSLIB] processing : 2021/12/17 01:22:03 Q=5
2026-01-06 17:26:42,227 - INFO - [GINSLIB] processing : 2021/12/17 01:22:04 Q=5
2026-01-06 17:26:42,233 - INFO - [GINSLIB] processing : 2021/12/17 01:22:05 Q=5
2026-01-06 17:26:42,240 - INFO - [GINSLIB] processing : 2021/12/17 01:22:06 Q=5
2026-01-06 17:26:42,247 - INFO - [GINSLIB] processing : 2021/12/17 01:22:07 Q=5
2026-01-06 17:26:42,254 - INFO - [GINSLIB] processing : 2021/12/17 01:22:08 Q=5
2026-01-06 17:26:42,258 - INFO - [GINSLIB] processing : 2021/12/17 01:22:09 Q=5
2026-01-06 17:26:42,263 - INFO - [GINSLIB] processing : 2021/12/17 01:22:10 Q=5
2026-01-06 17:26:42,269 - INFO - [GINSLIB] processing : 2021/12/17 01:22:11 Q=5
2026-01-06 17:26:42,275 - INFO - [GINSLIB] processing : 2021/12/17 01:22:12 Q=5
2026-01-06 17:26:42,282 - INFO - [GINSLIB] processing : 2021/12/17 01:22:13 Q=5
2026-01-06 17:26:42,292 - INFO - [GINSLIB] processing : 2021/12/17 01:22:14 Q=5
2026-01-06 17:26:42,293 - INFO - [GINSLIB] processing : 2021/12/17 01:22:15 Q=5
2026-01-06 17:26:42,299 - INFO - [GINSLIB] processing : 2021/12/17 01:22:16 Q=5
2026-01-06 17:26:42,304 - INFO - [GINSLIB] processing : 2021/12/17 01:22:17 Q=5
2026-01-06 17:26:42,311 - INFO - [GINSLIB] processing : 2021/12/17 01:22:18 Q=5
2026-01-06 17:26:42,321 - INFO - [GINSLIB] processing : 2021/12/17 01:22:19 Q=5
2026-01-06 17:26:42,322 - INFO - [GINSLIB] processing : 2021/12/17 01:22:20 Q=5
2026-01-06 17:26:42,328 - INFO - [GINSLIB] processing : 2021/12/17 01:22:21 Q=5
2026-01-06 17:26:42,333 - INFO - [GINSLIB] processing : 2021/12/17 01:22:22 Q=5
2026-01-06 17:26:42,339 - INFO - [GINSLIB] processing : 2021/12/17 01:22:23 Q=5
2026-01-06 17:26:42,350 - INFO - [GINSLIB] processing : 2021/12/17 01:22:24 Q=5
2026-01-06 17:26:42,351 - INFO - [GINSLIB] processing : 2021/12/17 01:22:25 Q=5
2026-01-06 17:26:42,357 - INFO - [GINSLIB] processing : 2021/12/17 01:22:26 Q=5
2026-01-06 17:26:42,362 - INFO - [GINSLIB] processing : 2021/12/17 01:22:27 Q=5
2026-01-06 17:26:42,367 - INFO - [GINSLIB] processing : 2021/12/17 01:22:28 Q=5
2026-01-06 17:26:42,374 - INFO - [GINSLIB] processing : 2021/12/17 01:22:29 Q=5
2026-01-06 17:26:42,379 - INFO - [GINSLIB] processing : 2021/12/17 01:22:30 Q=5
2026-01-06 17:26:42,384 - INFO - [GINSLIB] processing : 2021/12/17 01:22:31 Q=5
2026-01-06 17:26:42,389 - INFO - [GINSLIB] processing : 2021/12/17 01:22:32 Q=5
2026-01-06 17:26:42,395 - INFO - [GINSLIB] processing : 2021/12/17 01:22:33 Q=5
2026-01-06 17:26:42,397 - INFO - [GINSLIB] processing : 2021/12/17 01:22:34 Q=5
2026-01-06 17:26:42,402 - INFO - [GINSLIB] processing : 2021/12/17 01:22:35 Q=5
2026-01-06 17:26:42,408 - INFO - [GINSLIB] processing : 2021/12/17 01:22:36 Q=5
2026-01-06 17:26:42,414 - INFO - [GINSLIB] processing : 2021/12/17 01:22:37 Q=5
2026-01-06 17:26:42,419 - INFO - [GINSLIB] processing : 2021/12/17 01:22:38 Q=5
2026-01-06 17:26:42,425 - INFO - [GINSLIB] processing : 2021/12/17 01:22:39 Q=5
2026-01-06 17:26:42,429 - INFO - [GINSLIB] processing : 2021/12/17 01:22:40 Q=5
2026-01-06 17:26:42,435 - INFO - [GINSLIB] processing : 2021/12/17 01:22:41 Q=5
2026-01-06 17:26:42,441 - INFO - [GINSLIB] processing : 2021/12/17 01:22:42 Q=5
2026-01-06 17:26:42,447 - INFO - [GINSLIB] processing : 2021/12/17 01:22:43 Q=5
2026-01-06 17:26:42,453 - INFO - [GINSLIB] processing : 2021/12/17 01:22:44 Q=5
2026-01-06 17:26:42,462 - INFO - [GINSLIB] processing : 2021/12/17 01:22:45 Q=5
2026-01-06 17:26:42,464 - INFO - [GINSLIB] processing : 2021/12/17 01:22:46 Q=5
2026-01-06 17:26:42,471 - INFO - [GINSLIB] processing : 2021/12/17 01:22:47 Q=5
2026-01-06 17:26:42,478 - INFO - [GINSLIB] processing : 2021/12/17 01:22:48 Q=5
2026-01-06 17:26:42,484 - INFO - [GINSLIB] processing : 2021/12/17 01:22:49 Q=5
2026-01-06 17:26:42,494 - INFO - [GINSLIB] processing : 2021/12/17 01:22:50 Q=5
2026-01-06 17:26:42,495 - INFO - [GINSLIB] processing : 2021/12/17 01:22:51 Q=5
2026-01-06 17:26:42,502 - INFO - [GINSLIB] processing : 2021/12/17 01:22:52 Q=5
2026-01-06 17:26:42,508 - INFO - [GINSLIB] processing : 2021/12/17 01:22:53 Q=5
2026-01-06 17:26:42,514 - INFO - [GINSLIB] processing : 2021/12/17 01:22:54 Q=5
2026-01-06 17:26:42,523 - INFO - [GINSLIB] processing : 2021/12/17 01:22:55 Q=5
2026-01-06 17:26:42,525 - INFO - [GINSLIB] processing : 2021/12/17 01:22:56 Q=5
2026-01-06 17:26:42,532 - INFO - [GINSLIB] processing : 2021/12/17 01:22:57 Q=5
2026-01-06 17:26:42,537 - INFO - [GINSLIB] processing : 2021/12/17 01:22:58 Q=5
2026-01-06 17:26:42,544 - INFO - [GINSLIB] processing : 2021/12/17 01:22:59 Q=5
2026-01-06 17:26:42,549 - INFO - [GINSLIB] processing : 2021/12/17 01:23:00 Q=5
2026-01-06 17:26:42,553 - INFO - [GINSLIB] processing : 2021/12/17 01:23:01 Q=5
2026-01-06 17:26:42,561 - INFO - [GINSLIB] processing : 2021/12/17 01:23:02 Q=5
2026-01-06 17:26:42,567 - INFO - [GINSLIB] processing : 2021/12/17 01:23:03 Q=5
2026-01-06 17:26:42,572 - INFO - [GINSLIB] processing : 2021/12/17 01:23:04 Q=5
2026-01-06 17:26:42,578 - INFO - [GINSLIB] processing : 2021/12/17 01:23:05 Q=5
2026-01-06 17:26:42,583 - INFO - [GINSLIB] processing : 2021/12/17 01:23:06 Q=5
2026-01-06 17:26:42,588 - INFO - [GINSLIB] processing : 2021/12/17 01:23:07 Q=5
2026-01-06 17:26:42,596 - INFO - [GINSLIB] processing : 2021/12/17 01:23:08 Q=5
2026-01-06 17:26:42,601 - INFO - [GINSLIB] processing : 2021/12/17 01:23:09 Q=5
2026-01-06 17:26:42,607 - INFO - [GINSLIB] processing : 2021/12/17 01:23:10 Q=5
2026-01-06 17:26:42,615 - INFO - [GINSLIB] processing : 2021/12/17 01:23:11 Q=5
2026-01-06 17:26:42,616 - INFO - [GINSLIB] processing : 2021/12/17 01:23:12 Q=5
2026-01-06 17:26:42,623 - INFO - [GINSLIB] processing : 2021/12/17 01:23:13 Q=5
2026-01-06 17:26:42,630 - INFO - [GINSLIB] processing : 2021/12/17 01:23:14 Q=5
2026-01-06 17:26:42,636 - INFO - [GINSLIB] processing : 2021/12/17 01:23:15 Q=5
2026-01-06 17:26:42,645 - INFO - [GINSLIB] processing : 2021/12/17 01:23:16 Q=5
2026-01-06 17:26:42,646 - INFO - [GINSLIB] processing : 2021/12/17 01:23:17 Q=5
2026-01-06 17:26:42,652 - INFO - [GINSLIB] processing : 2021/12/17 01:23:18 Q=5
2026-01-06 17:26:42,659 - INFO - [GINSLIB] processing : 2021/12/17 01:23:19 Q=5
2026-01-06 17:26:42,665 - INFO - [GINSLIB] processing : 2021/12/17 01:23:20 Q=5
2026-01-06 17:26:42,675 - INFO - [GINSLIB] processing : 2021/12/17 01:23:21 Q=5
2026-01-06 17:26:42,676 - INFO - [GINSLIB] processing : 2021/12/17 01:23:22 Q=5
2026-01-06 17:26:42,682 - INFO - [GINSLIB] processing : 2021/12/17 01:23:23 Q=5
2026-01-06 17:26:42,689 - INFO - [GINSLIB] processing : 2021/12/17 01:23:24 Q=5
2026-01-06 17:26:42,695 - INFO - [GINSLIB] processing : 2021/12/17 01:23:25 Q=5
2026-01-06 17:26:42,706 - INFO - [GINSLIB] processing : 2021/12/17 01:23:26 Q=5
2026-01-06 17:26:42,707 - INFO - [GINSLIB] processing : 2021/12/17 01:23:27 Q=5
2026-01-06 17:26:42,714 - INFO - [GINSLIB] processing : 2021/12/17 01:23:28 Q=5
2026-01-06 17:26:42,719 - INFO - [GINSLIB] processing : 2021/12/17 01:23:29 Q=5
2026-01-06 17:26:42,725 - INFO - [GINSLIB] processing : 2021/12/17 01:23:30 Q=5
2026-01-06 17:26:42,731 - INFO - [GINSLIB] processing : 2021/12/17 01:23:31 Q=5
2026-01-06 17:26:42,736 - INFO - [GINSLIB] processing : 2021/12/17 01:23:32 Q=5
2026-01-06 17:26:42,742 - INFO - [GINSLIB] processing : 2021/12/17 01:23:33 Q=5
2026-01-06 17:26:42,747 - INFO - [GINSLIB] processing : 2021/12/17 01:23:34 Q=5
2026-01-06 17:26:42,752 - INFO - [GINSLIB] processing : 2021/12/17 01:23:35 Q=5
2026-01-06 17:26:42,758 - INFO - [GINSLIB] processing : 2021/12/17 01:23:36 Q=5
2026-01-06 17:26:42,765 - INFO - [GINSLIB] processing : 2021/12/17 01:23:37 Q=5
2026-01-06 17:26:42,771 - INFO - [GINSLIB] processing : 2021/12/17 01:23:38 Q=5
2026-01-06 17:26:42,777 - INFO - [GINSLIB] processing : 2021/12/17 01:23:39 Q=5
2026-01-06 17:26:42,782 - INFO - [GINSLIB] processing : 2021/12/17 01:23:40 Q=5
2026-01-06 17:26:42,788 - INFO - [GINSLIB] processing : 2021/12/17 01:23:41 Q=5
2026-01-06 17:26:42,799 - INFO - [GINSLIB] processing : 2021/12/17 01:23:42 Q=5
2026-01-06 17:26:42,801 - INFO - [GINSLIB] processing : 2021/12/17 01:23:43 Q=5
2026-01-06 17:26:42,807 - INFO - [GINSLIB] processing : 2021/12/17 01:23:44 Q=5
2026-01-06 17:26:42,814 - INFO - [GINSLIB] processing : 2021/12/17 01:23:45 Q=5
2026-01-06 17:26:42,820 - INFO - [GINSLIB] processing : 2021/12/17 01:23:46 Q=5
2026-01-06 17:26:42,831 - INFO - [GINSLIB] processing : 2021/12/17 01:23:47 Q=5
2026-01-06 17:26:42,832 - INFO - [GINSLIB] processing : 2021/12/17 01:23:48 Q=5
2026-01-06 17:26:42,838 - INFO - [GINSLIB] processing : 2021/12/17 01:23:49 Q=5
2026-01-06 17:26:42,845 - INFO - [GINSLIB] processing : 2021/12/17 01:23:50 Q=5
2026-01-06 17:26:42,851 - INFO - [GINSLIB] processing : 2021/12/17 01:23:51 Q=5
2026-01-06 17:26:42,862 - INFO - [GINSLIB] processing : 2021/12/17 01:23:52 Q=5
2026-01-06 17:26:42,863 - INFO - [GINSLIB] processing : 2021/12/17 01:23:53 Q=5
2026-01-06 17:26:42,870 - INFO - [GINSLIB] processing : 2021/12/17 01:23:54 Q=5
2026-01-06 17:26:42,875 - INFO - [GINSLIB] processing : 2021/12/17 01:23:55 Q=5
2026-01-06 17:26:42,881 - INFO - [GINSLIB] processing : 2021/12/17 01:23:56 Q=5
2026-01-06 17:26:42,888 - INFO - [GINSLIB] processing : 2021/12/17 01:23:57 Q=5
2026-01-06 17:26:42,893 - INFO - [GINSLIB] processing : 2021/12/17 01:23:58 Q=5
2026-01-06 17:26:42,900 - INFO - [GINSLIB] processing : 2021/12/17 01:23:59 Q=5
2026-01-06 17:26:42,907 - INFO - [GINSLIB] processing : 2021/12/17 01:24:00 Q=5
2026-01-06 17:26:42,913 - INFO - [GINSLIB] processing : 2021/12/17 01:24:01 Q=5
2026-01-06 17:26:42,921 - INFO - [GINSLIB] processing : 2021/12/17 01:24:02 Q=5
2026-01-06 17:26:42,927 - INFO - [GINSLIB] processing : 2021/12/17 01:24:03 Q=5
2026-01-06 17:26:42,933 - INFO - [GINSLIB] processing : 2021/12/17 01:24:04 Q=5
2026-01-06 17:26:42,940 - INFO - [GINSLIB] processing : 2021/12/17 01:24:05 Q=5
2026-01-06 17:26:42,946 - INFO - [GINSLIB] processing : 2021/12/17 01:24:06 Q=5
2026-01-06 17:26:42,954 - INFO - [GINSLIB] processing : 2021/12/17 01:24:07 Q=5
2026-01-06 17:26:42,959 - INFO - [GINSLIB] processing : 2021/12/17 01:24:08 Q=5
2026-01-06 17:26:42,966 - INFO - [GINSLIB] processing : 2021/12/17 01:24:09 Q=5
2026-01-06 17:26:42,972 - INFO - [GINSLIB] processing : 2021/12/17 01:24:10 Q=5
2026-01-06 17:26:42,979 - INFO - [GINSLIB] processing : 2021/12/17 01:24:11 Q=5
2026-01-06 17:26:42,986 - INFO - [GINSLIB] processing : 2021/12/17 01:24:12 Q=5
2026-01-06 17:26:42,998 - INFO - [GINSLIB] processing : 2021/12/17 01:24:13 Q=5
2026-01-06 17:26:42,999 - INFO - [GINSLIB] processing : 2021/12/17 01:24:14 Q=5
2026-01-06 17:26:43,006 - INFO - [GINSLIB] processing : 2021/12/17 01:24:15 Q=5
2026-01-06 17:26:43,013 - INFO - [GINSLIB] processing : 2021/12/17 01:24:16 Q=5
2026-01-06 17:26:43,020 - INFO - [GINSLIB] processing : 2021/12/17 01:24:17 Q=5
2026-01-06 17:26:43,030 - INFO - [GINSLIB] processing : 2021/12/17 01:24:18 Q=5
2026-01-06 17:26:43,032 - INFO - [GINSLIB] processing : 2021/12/17 01:24:19 Q=5
2026-01-06 17:26:43,037 - INFO - [GINSLIB] processing : 2021/12/17 01:24:20 Q=5
2026-01-06 17:26:43,045 - INFO - [GINSLIB] processing : 2021/12/17 01:24:21 Q=5
2026-01-06 17:26:43,052 - INFO - [GINSLIB] processing : 2021/12/17 01:24:22 Q=5
2026-01-06 17:26:43,063 - INFO - [GINSLIB] processing : 2021/12/17 01:24:23 Q=5
2026-01-06 17:26:43,064 - INFO - [GINSLIB] processing : 2021/12/17 01:24:24 Q=5
2026-01-06 17:26:43,069 - INFO - [GINSLIB] processing : 2021/12/17 01:24:25 Q=5
2026-01-06 17:26:43,077 - INFO - [GINSLIB] processing : 2021/12/17 01:24:26 Q=5
2026-01-06 17:26:43,083 - INFO - [GINSLIB] processing : 2021/12/17 01:24:27 Q=5
2026-01-06 17:26:43,088 - INFO - [GINSLIB] processing : 2021/12/17 01:24:28 Q=5
2026-01-06 17:26:43,095 - INFO - [GINSLIB] processing : 2021/12/17 01:24:29 Q=5
2026-01-06 17:26:43,100 - INFO - [GINSLIB] processing : 2021/12/17 01:24:30 Q=5
2026-01-06 17:26:43,107 - INFO - [GINSLIB] processing : 2021/12/17 01:24:31 Q=5
2026-01-06 17:26:43,114 - INFO - [GINSLIB] processing : 2021/12/17 01:24:32 Q=5
2026-01-06 17:26:43,120 - INFO - [GINSLIB] processing : 2021/12/17 01:24:33 Q=5
2026-01-06 17:26:43,126 - INFO - [GINSLIB] processing : 2021/12/17 01:24:34 Q=5
2026-01-06 17:26:43,132 - INFO - [GINSLIB] processing : 2021/12/17 01:24:35 Q=5
2026-01-06 17:26:43,139 - INFO - [GINSLIB] processing : 2021/12/17 01:24:36 Q=5
2026-01-06 17:26:43,146 - INFO - [GINSLIB] processing : 2021/12/17 01:24:37 Q=5
2026-01-06 17:26:43,153 - INFO - [GINSLIB] processing : 2021/12/17 01:24:38 Q=5
2026-01-06 17:26:43,159 - INFO - [GINSLIB] processing : 2021/12/17 01:24:39 Q=5
2026-01-06 17:26:43,165 - INFO - [GINSLIB] processing : 2021/12/17 01:24:40 Q=5
2026-01-06 17:26:43,172 - INFO - [GINSLIB] processing : 2021/12/17 01:24:41 Q=5
2026-01-06 17:26:43,180 - INFO - [GINSLIB] processing : 2021/12/17 01:24:42 Q=5
2026-01-06 17:26:43,186 - INFO - [GINSLIB] processing : 2021/12/17 01:24:43 Q=5
2026-01-06 17:26:43,197 - INFO - [GINSLIB] processing : 2021/12/17 01:24:44 Q=5
2026-01-06 17:26:43,198 - INFO - [GINSLIB] processing : 2021/12/17 01:24:45 Q=5
2026-01-06 17:26:43,204 - INFO - [GINSLIB] processing : 2021/12/17 01:24:46 Q=5
2026-01-06 17:26:43,212 - INFO - [GINSLIB] processing : 2021/12/17 01:24:47 Q=5
2026-01-06 17:26:43,218 - INFO - [GINSLIB] processing : 2021/12/17 01:24:48 Q=5
2026-01-06 17:26:43,228 - INFO - [GINSLIB] processing : 2021/12/17 01:24:49 Q=5
2026-01-06 17:26:43,230 - INFO - [GINSLIB] processing : 2021/12/17 01:24:50 Q=5
2026-01-06 17:26:43,236 - INFO - [GINSLIB] processing : 2021/12/17 01:24:51 Q=5
2026-01-06 17:26:43,243 - INFO - [GINSLIB] processing : 2021/12/17 01:24:52 Q=5
2026-01-06 17:26:43,251 - INFO - [GINSLIB] processing : 2021/12/17 01:24:53 Q=5
2026-01-06 17:26:43,261 - INFO - [GINSLIB] processing : 2021/12/17 01:24:54 Q=5
2026-01-06 17:26:43,263 - INFO - [GINSLIB] processing : 2021/12/17 01:24:55 Q=5
2026-01-06 17:26:43,268 - INFO - [GINSLIB] processing : 2021/12/17 01:24:56 Q=5
2026-01-06 17:26:43,275 - INFO - [GINSLIB] processing : 2021/12/17 01:24:57 Q=5
2026-01-06 17:26:43,282 - INFO - [GINSLIB] processing : 2021/12/17 01:24:58 Q=5
2026-01-06 17:26:43,288 - INFO - [GINSLIB] processing : 2021/12/17 01:24:59 Q=5
2026-01-06 17:26:43,297 - INFO - [GINSLIB] processing : 2021/12/17 01:25:00 Q=5
2026-01-06 17:26:43,303 - INFO - [GINSLIB] processing : 2021/12/17 01:25:01 Q=5
2026-01-06 17:26:43,309 - INFO - [GINSLIB] processing : 2021/12/17 01:25:02 Q=5
2026-01-06 17:26:43,315 - INFO - [GINSLIB] processing : 2021/12/17 01:25:03 Q=5
2026-01-06 17:26:43,322 - INFO - [GINSLIB] processing : 2021/12/17 01:25:04 Q=5
2026-01-06 17:26:43,328 - INFO - [GINSLIB] processing : 2021/12/17 01:25:05 Q=5
2026-01-06 17:26:43,333 - INFO - [GINSLIB] processing : 2021/12/17 01:25:06 Q=5
2026-01-06 17:26:43,340 - INFO - [GINSLIB] processing : 2021/12/17 01:25:07 Q=5
2026-01-06 17:26:43,346 - INFO - [GINSLIB] processing : 2021/12/17 01:25:08 Q=5
2026-01-06 17:26:43,352 - INFO - [GINSLIB] processing : 2021/12/17 01:25:09 Q=5
2026-01-06 17:26:43,357 - INFO - [GINSLIB] processing : 2021/12/17 01:25:10 Q=5
2026-01-06 17:26:43,363 - INFO - [GINSLIB] processing : 2021/12/17 01:25:11 Q=5
2026-01-06 17:26:43,368 - INFO - [GINSLIB] processing : 2021/12/17 01:25:12 Q=5
2026-01-06 17:26:43,375 - INFO - [GINSLIB] processing : 2021/12/17 01:25:13 Q=5
2026-01-06 17:26:43,382 - INFO - [GINSLIB] processing : 2021/12/17 01:25:14 Q=5
2026-01-06 17:26:43,394 - INFO - [GINSLIB] processing : 2021/12/17 01:25:15 Q=5
2026-01-06 17:26:43,395 - INFO - [GINSLIB] processing : 2021/12/17 01:25:16 Q=5
2026-01-06 17:26:43,401 - INFO - [GINSLIB] processing : 2021/12/17 01:25:17 Q=5
2026-01-06 17:26:43,406 - INFO - [GINSLIB] processing : 2021/12/17 01:25:18 Q=5
2026-01-06 17:26:43,412 - INFO - [GINSLIB] processing : 2021/12/17 01:25:19 Q=5
2026-01-06 17:26:43,421 - INFO - [GINSLIB] processing : 2021/12/17 01:25:20 Q=5
2026-01-06 17:26:43,422 - INFO - [GINSLIB] processing : 2021/12/17 01:25:21 Q=5
2026-01-06 17:26:43,429 - INFO - [GINSLIB] processing : 2021/12/17 01:25:22 Q=5
2026-01-06 17:26:43,435 - INFO - [GINSLIB] processing : 2021/12/17 01:25:23 Q=5
2026-01-06 17:26:43,441 - INFO - [GINSLIB] processing : 2021/12/17 01:25:24 Q=5
2026-01-06 17:26:43,451 - INFO - [GINSLIB] processing : 2021/12/17 01:25:25 Q=5
2026-01-06 17:26:43,452 - INFO - [GINSLIB] processing : 2021/12/17 01:25:26 Q=5
2026-01-06 17:26:43,457 - INFO - [GINSLIB] processing : 2021/12/17 01:25:27 Q=5
2026-01-06 17:26:43,463 - INFO - [GINSLIB] processing : 2021/12/17 01:25:28 Q=5
2026-01-06 17:26:43,468 - INFO - [GINSLIB] processing : 2021/12/17 01:25:29 Q=5
2026-01-06 17:26:43,474 - INFO - [GINSLIB] processing : 2021/12/17 01:25:30 Q=5
2026-01-06 17:26:43,478 - INFO - [GINSLIB] processing : 2021/12/17 01:25:31 Q=5
2026-01-06 17:26:43,482 - INFO - [GINSLIB] processing : 2021/12/17 01:25:32 Q=5
2026-01-06 17:26:43,487 - INFO - [GINSLIB] processing : 2021/12/17 01:25:33 Q=5
2026-01-06 17:26:43,492 - INFO - [GINSLIB] processing : 2021/12/17 01:25:34 Q=5
2026-01-06 17:26:43,498 - INFO - [GINSLIB] processing : 2021/12/17 01:25:35 Q=5
2026-01-06 17:26:43,502 - INFO - [GINSLIB] processing : 2021/12/17 01:25:36 Q=5
2026-01-06 17:26:43,507 - INFO - [GINSLIB] processing : 2021/12/17 01:25:37 Q=5
2026-01-06 17:26:43,512 - INFO - [GINSLIB] processing : 2021/12/17 01:25:38 Q=5
2026-01-06 17:26:43,516 - INFO - [GINSLIB] processing : 2021/12/17 01:25:39 Q=5
2026-01-06 17:26:43,520 - INFO - [GINSLIB] processing : 2021/12/17 01:25:40 Q=5
2026-01-06 17:26:43,529 - INFO - [GINSLIB] processing : 2021/12/17 01:25:41 Q=5
2026-01-06 17:26:43,530 - INFO - [GINSLIB] processing : 2021/12/17 01:25:42 Q=5
2026-01-06 17:26:43,536 - INFO - [GINSLIB] processing : 2021/12/17 01:25:43 Q=5
2026-01-06 17:26:43,542 - INFO - [GINSLIB] processing : 2021/12/17 01:25:44 Q=5
2026-01-06 17:26:43,547 - INFO - [GINSLIB] processing : 2021/12/17 01:25:45 Q=5
2026-01-06 17:26:43,557 - INFO - [GINSLIB] processing : 2021/12/17 01:25:46 Q=5
2026-01-06 17:26:43,559 - INFO - [GINSLIB] processing : 2021/12/17 01:25:47 Q=5
2026-01-06 17:26:43,564 - INFO - [GINSLIB] processing : 2021/12/17 01:25:48 Q=5
2026-01-06 17:26:43,571 - INFO - [GINSLIB] processing : 2021/12/17 01:25:49 Q=5
2026-01-06 17:26:43,577 - INFO - [GINSLIB] processing : 2021/12/17 01:25:50 Q=5
2026-01-06 17:26:43,586 - INFO - [GINSLIB] processing : 2021/12/17 01:25:51 Q=5
2026-01-06 17:26:43,587 - INFO - [GINSLIB] processing : 2021/12/17 01:25:52 Q=5
2026-01-06 17:26:43,593 - INFO - [GINSLIB] processing : 2021/12/17 01:25:53 Q=5
2026-01-06 17:26:43,598 - INFO - [GINSLIB] processing : 2021/12/17 01:25:54 Q=5
2026-01-06 17:26:43,602 - INFO - [GINSLIB] processing : 2021/12/17 01:25:55 Q=5
2026-01-06 17:26:43,611 - INFO - [GINSLIB] processing : 2021/12/17 01:25:56 Q=5
2026-01-06 17:26:43,612 - INFO - [GINSLIB] processing : 2021/12/17 01:25:57 Q=5
2026-01-06 17:26:43,617 - INFO - [GINSLIB] processing : 2021/12/17 01:25:58 Q=5
2026-01-06 17:26:43,623 - INFO - [GINSLIB] processing : 2021/12/17 01:25:59 Q=5
2026-01-06 17:26:43,629 - INFO - [GINSLIB] processing : 2021/12/17 01:26:00 Q=5
2026-01-06 17:26:43,634 - INFO - [GINSLIB] processing : 2021/12/17 01:26:01 Q=5
2026-01-06 17:26:43,638 - INFO - [GINSLIB] processing : 2021/12/17 01:26:02 Q=5
2026-01-06 17:26:43,644 - INFO - [GINSLIB] processing : 2021/12/17 01:26:03 Q=5
2026-01-06 17:26:43,649 - INFO - [GINSLIB] processing : 2021/12/17 01:26:04 Q=5
2026-01-06 17:26:43,655 - INFO - [GINSLIB] processing : 2021/12/17 01:26:05 Q=5
2026-01-06 17:26:43,661 - INFO - [GINSLIB] processing : 2021/12/17 01:26:06 Q=5
2026-01-06 17:26:43,664 - INFO - [GINSLIB] processing : 2021/12/17 01:26:07 Q=5
2026-01-06 17:26:43,669 - INFO - [GINSLIB] processing : 2021/12/17 01:26:08 Q=5
2026-01-06 17:26:43,675 - INFO - [GINSLIB] processing : 2021/12/17 01:26:09 Q=5
2026-01-06 17:26:43,681 - INFO - [GINSLIB] processing : 2021/12/17 01:26:10 Q=5
2026-01-06 17:26:43,686 - INFO - [GINSLIB] processing : 2021/12/17 01:26:11 Q=5
2026-01-06 17:26:43,695 - INFO - [GINSLIB] processing : 2021/12/17 01:26:12 Q=5
2026-01-06 17:26:43,696 - INFO - [GINSLIB] processing : 2021/12/17 01:26:13 Q=5
2026-01-06 17:26:43,702 - INFO - [GINSLIB] processing : 2021/12/17 01:26:14 Q=5
2026-01-06 17:26:43,708 - INFO - [GINSLIB] processing : 2021/12/17 01:26:15 Q=5
2026-01-06 17:26:43,716 - INFO - [GINSLIB] processing : 2021/12/17 01:26:16 Q=5
2026-01-06 17:26:43,726 - INFO - [GINSLIB] processing : 2021/12/17 01:26:17 Q=5
2026-01-06 17:26:43,727 - INFO - [GINSLIB] processing : 2021/12/17 01:26:18 Q=5
2026-01-06 17:26:43,733 - INFO - [GINSLIB] processing : 2021/12/17 01:26:19 Q=5
2026-01-06 17:26:43,739 - INFO - [GINSLIB] processing : 2021/12/17 01:26:20 Q=5
2026-01-06 17:26:43,746 - INFO - [GINSLIB] processing : 2021/12/17 01:26:21 Q=5
2026-01-06 17:26:43,756 - INFO - [GINSLIB] processing : 2021/12/17 01:26:22 Q=5
2026-01-06 17:26:43,758 - INFO - [GINSLIB] processing : 2021/12/17 01:26:23 Q=5
2026-01-06 17:26:43,764 - INFO - [GINSLIB] processing : 2021/12/17 01:26:24 Q=5
2026-01-06 17:26:43,769 - INFO - [GINSLIB] processing : 2021/12/17 01:26:25 Q=5
2026-01-06 17:26:43,776 - INFO - [GINSLIB] processing : 2021/12/17 01:26:26 Q=5
2026-01-06 17:26:43,787 - INFO - [GINSLIB] processing : 2021/12/17 01:26:27 Q=5
2026-01-06 17:26:43,788 - INFO - [GINSLIB] processing : 2021/12/17 01:26:28 Q=5
2026-01-06 17:26:43,794 - INFO - [GINSLIB] processing : 2021/12/17 01:26:29 Q=5
2026-01-06 17:26:43,800 - INFO - [GINSLIB] processing : 2021/12/17 01:26:30 Q=5
2026-01-06 17:26:43,805 - INFO - [GINSLIB] processing : 2021/12/17 01:26:31 Q=5
2026-01-06 17:26:43,813 - INFO - [GINSLIB] processing : 2021/12/17 01:26:32 Q=5
2026-01-06 17:26:43,818 - INFO - [GINSLIB] processing : 2021/12/17 01:26:33 Q=5
2026-01-06 17:26:43,824 - INFO - [GINSLIB] processing : 2021/12/17 01:26:34 Q=5
2026-01-06 17:26:43,830 - INFO - [GINSLIB] processing : 2021/12/17 01:26:35 Q=5
2026-01-06 17:26:43,836 - INFO - [GINSLIB] processing : 2021/12/17 01:26:36 Q=5
2026-01-06 17:26:43,842 - INFO - [GINSLIB] processing : 2021/12/17 01:26:37 Q=5
2026-01-06 17:26:43,847 - INFO - [GINSLIB] processing : 2021/12/17 01:26:38 Q=5
2026-01-06 17:26:43,853 - INFO - [GINSLIB] processing : 2021/12/17 01:26:39 Q=5
2026-01-06 17:26:43,859 - INFO - [GINSLIB] processing : 2021/12/17 01:26:40 Q=5
2026-01-06 17:26:43,865 - INFO - [GINSLIB] processing : 2021/12/17 01:26:41 Q=5
2026-01-06 17:26:43,871 - INFO - [GINSLIB] processing : 2021/12/17 01:26:42 Q=5
2026-01-06 17:26:43,881 - INFO - [GINSLIB] processing : 2021/12/17 01:26:43 Q=5
2026-01-06 17:26:43,882 - INFO - [GINSLIB] processing : 2021/12/17 01:26:44 Q=5
2026-01-06 17:26:43,888 - INFO - [GINSLIB] processing : 2021/12/17 01:26:45 Q=5
2026-01-06 17:26:43,895 - INFO - [GINSLIB] processing : 2021/12/17 01:26:46 Q=5
2026-01-06 17:26:43,901 - INFO - [GINSLIB] processing : 2021/12/17 01:26:47 Q=5
2026-01-06 17:26:43,911 - INFO - [GINSLIB] processing : 2021/12/17 01:26:48 Q=5
2026-01-06 17:26:43,912 - INFO - [GINSLIB] processing : 2021/12/17 01:26:49 Q=5
2026-01-06 17:26:43,918 - INFO - [GINSLIB] processing : 2021/12/17 01:26:50 Q=5
2026-01-06 17:26:43,924 - INFO - [GINSLIB] processing : 2021/12/17 01:26:51 Q=5
2026-01-06 17:26:43,930 - INFO - [GINSLIB] processing : 2021/12/17 01:26:52 Q=5
2026-01-06 17:26:43,947 - INFO - [GINSLIB] processing : 2021/12/17 01:26:53 Q=5
2026-01-06 17:26:43,948 - INFO - [GINSLIB] processing : 2021/12/17 01:26:54 Q=5
2026-01-06 17:26:43,956 - INFO - [GINSLIB] processing : 2021/12/17 01:26:55 Q=5
2026-01-06 17:26:43,963 - INFO - [GINSLIB] processing : 2021/12/17 01:26:56 Q=5
2026-01-06 17:26:43,969 - INFO - [GINSLIB] processing : 2021/12/17 01:26:57 Q=5
2026-01-06 17:26:43,980 - INFO - [GINSLIB] processing : 2021/12/17 01:26:58 Q=5
2026-01-06 17:26:43,992 - INFO - [GINSLIB] processing : 2021/12/17 01:26:59 Q=5
2026-01-06 17:26:44,002 - INFO - [GINSLIB] processing : 2021/12/17 01:27:00 Q=5
2026-01-06 17:26:44,010 - INFO - [GINSLIB] processing : 2021/12/17 01:27:01 Q=5
2026-01-06 17:26:44,019 - INFO - [GINSLIB] processing : 2021/12/17 01:27:02 Q=5
2026-01-06 17:26:44,030 - INFO - [GINSLIB] processing : 2021/12/17 01:27:03 Q=5
2026-01-06 17:26:44,036 - INFO - [GINSLIB] processing : 2021/12/17 01:27:04 Q=5
2026-01-06 17:26:44,044 - INFO - [GINSLIB] processing : 2021/12/17 01:27:05 Q=5
2026-01-06 17:26:44,051 - INFO - [GINSLIB] processing : 2021/12/17 01:27:06 Q=5
2026-01-06 17:26:44,058 - INFO - [GINSLIB] processing : 2021/12/17 01:27:07 Q=5
2026-01-06 17:26:44,068 - INFO - [GINSLIB] processing : 2021/12/17 01:27:08 Q=5
2026-01-06 17:26:44,073 - INFO - [GINSLIB] processing : 2021/12/17 01:27:09 Q=5
2026-01-06 17:26:44,081 - INFO - [GINSLIB] processing : 2021/12/17 01:27:10 Q=5
2026-01-06 17:26:44,088 - INFO - [GINSLIB] processing : 2021/12/17 01:27:11 Q=5
2026-01-06 17:26:44,097 - INFO - [GINSLIB] processing : 2021/12/17 01:27:12 Q=5
2026-01-06 17:26:44,104 - INFO - [GINSLIB] processing : 2021/12/17 01:27:13 Q=5
2026-01-06 17:26:44,118 - INFO - [GINSLIB] processing : 2021/12/17 01:27:14 Q=5
2026-01-06 17:26:44,119 - INFO - [GINSLIB] processing : 2021/12/17 01:27:15 Q=5
2026-01-06 17:26:44,125 - INFO - [GINSLIB] processing : 2021/12/17 01:27:16 Q=5
2026-01-06 17:26:44,133 - INFO - [GINSLIB] processing : 2021/12/17 01:27:17 Q=5
2026-01-06 17:26:44,138 - INFO - [GINSLIB] processing : 2021/12/17 01:27:18 Q=5
2026-01-06 17:26:44,149 - INFO - [GINSLIB] processing : 2021/12/17 01:27:19 Q=5
2026-01-06 17:26:44,150 - INFO - [GINSLIB] processing : 2021/12/17 01:27:20 Q=5
2026-01-06 17:26:44,156 - INFO - [GINSLIB] processing : 2021/12/17 01:27:21 Q=5
2026-01-06 17:26:44,164 - INFO - [GINSLIB] processing : 2021/12/17 01:27:22 Q=5
2026-01-06 17:26:44,169 - INFO - [GINSLIB] processing : 2021/12/17 01:27:23 Q=5
2026-01-06 17:26:44,179 - INFO - [GINSLIB] processing : 2021/12/17 01:27:24 Q=5
2026-01-06 17:26:44,181 - INFO - [GINSLIB] processing : 2021/12/17 01:27:25 Q=5
2026-01-06 17:26:44,186 - INFO - [GINSLIB] processing : 2021/12/17 01:27:26 Q=5
2026-01-06 17:26:44,195 - INFO - [GINSLIB] processing : 2021/12/17 01:27:27 Q=5
2026-01-06 17:26:44,200 - INFO - [GINSLIB] processing : 2021/12/17 01:27:28 Q=5
2026-01-06 17:26:44,205 - INFO - [GINSLIB] processing : 2021/12/17 01:27:29 Q=5
2026-01-06 17:26:44,211 - INFO - [GINSLIB] processing : 2021/12/17 01:27:30 Q=5
2026-01-06 17:26:44,216 - INFO - [GINSLIB] processing : 2021/12/17 01:27:31 Q=5
2026-01-06 17:26:44,220 - INFO - [GINSLIB] processing : 2021/12/17 01:27:32 Q=5
2026-01-06 17:26:44,227 - INFO - [GINSLIB] processing : 2021/12/17 01:27:33 Q=5
2026-01-06 17:26:44,232 - INFO - [GINSLIB] processing : 2021/12/17 01:27:34 Q=5
2026-01-06 17:26:44,236 - INFO - [GINSLIB] processing : 2021/12/17 01:27:35 Q=5
2026-01-06 17:26:44,242 - INFO - [GINSLIB] processing : 2021/12/17 01:27:36 Q=5
2026-01-06 17:26:44,247 - INFO - [GINSLIB] processing : 2021/12/17 01:27:37 Q=5
2026-01-06 17:26:44,252 - INFO - [GINSLIB] processing : 2021/12/17 01:27:38 Q=5
2026-01-06 17:26:44,258 - INFO - [GINSLIB] processing : 2021/12/17 01:27:39 Q=5
2026-01-06 17:26:44,262 - INFO - [GINSLIB] processing : 2021/12/17 01:27:40 Q=5
2026-01-06 17:26:44,267 - INFO - [GINSLIB] processing : 2021/12/17 01:27:41 Q=5
2026-01-06 17:26:44,273 - INFO - [GINSLIB] processing : 2021/12/17 01:27:42 Q=5
2026-01-06 17:26:44,278 - INFO - [GINSLIB] processing : 2021/12/17 01:27:43 Q=5
2026-01-06 17:26:44,283 - INFO - [GINSLIB] processing : 2021/12/17 01:27:44 Q=5
2026-01-06 17:26:44,293 - INFO - [GINSLIB] processing : 2021/12/17 01:27:45 Q=5
2026-01-06 17:26:44,294 - INFO - [GINSLIB] processing : 2021/12/17 01:27:46 Q=5
2026-01-06 17:26:44,300 - INFO - [GINSLIB] processing : 2021/12/17 01:27:47 Q=5
2026-01-06 17:26:44,305 - INFO - [GINSLIB] processing : 2021/12/17 01:27:48 Q=5
2026-01-06 17:26:44,310 - INFO - [GINSLIB] processing : 2021/12/17 01:27:49 Q=5
2026-01-06 17:26:44,319 - INFO - [GINSLIB] processing : 2021/12/17 01:27:50 Q=5
2026-01-06 17:26:44,320 - INFO - [GINSLIB] processing : 2021/12/17 01:27:51 Q=5
2026-01-06 17:26:44,327 - INFO - [GINSLIB] processing : 2021/12/17 01:27:52 Q=5
2026-01-06 17:26:44,333 - INFO - [GINSLIB] processing : 2021/12/17 01:27:53 Q=5
2026-01-06 17:26:44,338 - INFO - [GINSLIB] processing : 2021/12/17 01:27:54 Q=5
2026-01-06 17:26:44,348 - INFO - [GINSLIB] processing : 2021/12/17 01:27:55 Q=5
2026-01-06 17:26:44,349 - INFO - [GINSLIB] processing : 2021/12/17 01:27:56 Q=5
2026-01-06 17:26:44,355 - INFO - [GINSLIB] processing : 2021/12/17 01:27:57 Q=5
2026-01-06 17:26:44,361 - INFO - [GINSLIB] processing : 2021/12/17 01:27:58 Q=5
2026-01-06 17:26:44,367 - INFO - [GINSLIB] processing : 2021/12/17 01:27:59 Q=5
2026-01-06 17:26:44,372 - INFO - [GINSLIB] processing : 2021/12/17 01:28:00 Q=5
2026-01-06 17:26:44,379 - INFO - [GINSLIB] processing : 2021/12/17 01:28:01 Q=5
2026-01-06 17:26:44,384 - INFO - [GINSLIB] processing : 2021/12/17 01:28:02 Q=5
2026-01-06 17:26:44,390 - INFO - [GINSLIB] processing : 2021/12/17 01:28:03 Q=5
2026-01-06 17:26:44,397 - INFO - [GINSLIB] processing : 2021/12/17 01:28:04 Q=5
2026-01-06 17:26:44,403 - INFO - [GINSLIB] processing : 2021/12/17 01:28:05 Q=5
2026-01-06 17:26:44,408 - INFO - [GINSLIB] processing : 2021/12/17 01:28:06 Q=5
2026-01-06 17:26:44,415 - INFO - [GINSLIB] processing : 2021/12/17 01:28:07 Q=5
2026-01-06 17:26:44,420 - INFO - [GINSLIB] processing : 2021/12/17 01:28:08 Q=5
2026-01-06 17:26:44,426 - INFO - [GINSLIB] processing : 2021/12/17 01:28:09 Q=5
2026-01-06 17:26:44,432 - INFO - [GINSLIB] processing : 2021/12/17 01:28:10 Q=5
2026-01-06 17:26:44,436 - INFO - [GINSLIB] processing : 2021/12/17 01:28:11 Q=5
2026-01-06 17:26:44,443 - INFO - [GINSLIB] processing : 2021/12/17 01:28:12 Q=5
2026-01-06 17:26:44,448 - INFO - [GINSLIB] processing : 2021/12/17 01:28:13 Q=5
2026-01-06 17:26:44,455 - INFO - [GINSLIB] processing : 2021/12/17 01:28:14 Q=5
2026-01-06 17:26:44,461 - INFO - [GINSLIB] processing : 2021/12/17 01:28:15 Q=5
2026-01-06 17:26:44,470 - INFO - [GINSLIB] processing : 2021/12/17 01:28:16 Q=5
2026-01-06 17:26:44,472 - INFO - [GINSLIB] processing : 2021/12/17 01:28:17 Q=5
2026-01-06 17:26:44,477 - INFO - [GINSLIB] processing : 2021/12/17 01:28:18 Q=5
2026-01-06 17:26:44,481 - INFO - [GINSLIB] processing : 2021/12/17 01:28:19 Q=5
2026-01-06 17:26:44,487 - INFO - [GINSLIB] processing : 2021/12/17 01:28:20 Q=5
2026-01-06 17:26:44,494 - INFO - [GINSLIB] processing : 2021/12/17 01:28:21 Q=5
2026-01-06 17:26:44,495 - INFO - [GINSLIB] processing : 2021/12/17 01:28:22 Q=5
2026-01-06 17:26:44,502 - INFO - [GINSLIB] processing : 2021/12/17 01:28:23 Q=5
2026-01-06 17:26:44,507 - INFO - [GINSLIB] processing : 2021/12/17 01:28:24 Q=5
2026-01-06 17:26:44,512 - INFO - [GINSLIB] processing : 2021/12/17 01:28:25 Q=5
2026-01-06 17:26:44,520 - INFO - [GINSLIB] processing : 2021/12/17 01:28:26 Q=5
2026-01-06 17:26:44,521 - INFO - [GINSLIB] processing : 2021/12/17 01:28:27 Q=5
2026-01-06 17:26:44,527 - INFO - [GINSLIB] processing : 2021/12/17 01:28:28 Q=5
2026-01-06 17:26:44,533 - INFO - [GINSLIB] processing : 2021/12/17 01:28:29 Q=5
2026-01-06 17:26:44,538 - INFO - [GINSLIB] processing : 2021/12/17 01:28:30 Q=5
2026-01-06 17:26:44,544 - INFO - [GINSLIB] processing : 2021/12/17 01:28:31 Q=5
2026-01-06 17:26:44,549 - INFO - [GINSLIB] processing : 2021/12/17 01:28:32 Q=5
2026-01-06 17:26:44,554 - INFO - [GINSLIB] processing : 2021/12/17 01:28:33 Q=5
2026-01-06 17:26:44,559 - INFO - [GINSLIB] processing : 2021/12/17 01:28:34 Q=5
2026-01-06 17:26:44,565 - INFO - [GINSLIB] processing : 2021/12/17 01:28:35 Q=5
2026-01-06 17:26:44,570 - INFO - [GINSLIB] processing : 2021/12/17 01:28:36 Q=5
2026-01-06 17:26:44,575 - INFO - [GINSLIB] processing : 2021/12/17 01:28:37 Q=5
2026-01-06 17:26:44,582 - INFO - [GINSLIB] processing : 2021/12/17 01:28:38 Q=5
2026-01-06 17:26:44,588 - INFO - [GINSLIB] processing : 2021/12/17 01:28:39 Q=5
2026-01-06 17:26:44,595 - INFO - [GINSLIB] processing : 2021/12/17 01:28:40 Q=5
2026-01-06 17:26:44,601 - INFO - [GINSLIB] processing : 2021/12/17 01:28:41 Q=5
2026-01-06 17:26:44,610 - INFO - [GINSLIB] processing : 2021/12/17 01:28:42 Q=5
2026-01-06 17:26:44,611 - INFO - [GINSLIB] processing : 2021/12/17 01:28:43 Q=5
2026-01-06 17:26:44,616 - INFO - [GINSLIB] processing : 2021/12/17 01:28:44 Q=5
2026-01-06 17:26:44,621 - INFO - [GINSLIB] processing : 2021/12/17 01:28:45 Q=5
2026-01-06 17:26:44,627 - INFO - [GINSLIB] processing : 2021/12/17 01:28:46 Q=5
2026-01-06 17:26:44,636 - INFO - [GINSLIB] processing : 2021/12/17 01:28:47 Q=5
2026-01-06 17:26:44,637 - INFO - [GINSLIB] processing : 2021/12/17 01:28:48 Q=5
2026-01-06 17:26:44,644 - INFO - [GINSLIB] processing : 2021/12/17 01:28:49 Q=5
2026-01-06 17:26:44,650 - INFO - [GINSLIB] processing : 2021/12/17 01:28:50 Q=5
2026-01-06 17:26:44,655 - INFO - [GINSLIB] processing : 2021/12/17 01:28:51 Q=5
2026-01-06 17:26:44,664 - INFO - [GINSLIB] processing : 2021/12/17 01:28:52 Q=5
2026-01-06 17:26:44,665 - INFO - [GINSLIB] processing : 2021/12/17 01:28:53 Q=5
2026-01-06 17:26:44,670 - INFO - [GINSLIB] processing : 2021/12/17 01:28:54 Q=5
2026-01-06 17:26:44,677 - INFO - [GINSLIB] processing : 2021/12/17 01:28:55 Q=5
2026-01-06 17:26:44,682 - INFO - [GINSLIB] processing : 2021/12/17 01:28:56 Q=5
2026-01-06 17:26:44,690 - INFO - [GINSLIB] processing : 2021/12/17 01:28:57 Q=5
2026-01-06 17:26:44,691 - INFO - [GINSLIB] processing : 2021/12/17 01:28:58 Q=5
2026-01-06 17:26:44,696 - INFO - [GINSLIB] processing : 2021/12/17 01:28:59 Q=5
2026-01-06 17:26:44,702 - INFO - [GINSLIB] processing : 2021/12/17 01:29:00 Q=5
2026-01-06 17:26:44,709 - INFO - [GINSLIB] processing : 2021/12/17 01:29:01 Q=5
2026-01-06 17:26:44,714 - INFO - [GINSLIB] processing : 2021/12/17 01:29:02 Q=5
2026-01-06 17:26:44,719 - INFO - [GINSLIB] processing : 2021/12/17 01:29:03 Q=5
2026-01-06 17:26:44,725 - INFO - [GINSLIB] processing : 2021/12/17 01:29:04 Q=5
2026-01-06 17:26:44,730 - INFO - [GINSLIB] processing : 2021/12/17 01:29:05 Q=5
2026-01-06 17:26:44,735 - INFO - [GINSLIB] processing : 2021/12/17 01:29:06 Q=5
2026-01-06 17:26:44,739 - INFO - [GINSLIB] processing : 2021/12/17 01:29:07 Q=5
2026-01-06 17:26:44,743 - INFO - [GINSLIB] processing : 2021/12/17 01:29:08 Q=5
2026-01-06 17:26:44,748 - INFO - [GINSLIB] processing : 2021/12/17 01:29:09 Q=5
2026-01-06 17:26:44,754 - INFO - [GINSLIB] processing : 2021/12/17 01:29:10 Q=5
2026-01-06 17:26:44,759 - INFO - [GINSLIB] processing : 2021/12/17 01:29:11 Q=5
2026-01-06 17:26:44,765 - INFO - [GINSLIB] processing : 2021/12/17 01:29:12 Q=5
2026-01-06 17:26:44,774 - INFO - [GINSLIB] processing : 2021/12/17 01:29:13 Q=5
2026-01-06 17:26:44,775 - INFO - [GINSLIB] processing : 2021/12/17 01:29:14 Q=5
2026-01-06 17:26:44,781 - INFO - [GINSLIB] processing : 2021/12/17 01:29:15 Q=5
2026-01-06 17:26:44,787 - INFO - [GINSLIB] processing : 2021/12/17 01:29:16 Q=5
2026-01-06 17:26:44,792 - INFO - [GINSLIB] processing : 2021/12/17 01:29:17 Q=5
2026-01-06 17:26:44,802 - INFO - [GINSLIB] processing : 2021/12/17 01:29:18 Q=5
2026-01-06 17:26:44,803 - INFO - [GINSLIB] processing : 2021/12/17 01:29:19 Q=5
2026-01-06 17:26:44,808 - INFO - [GINSLIB] processing : 2021/12/17 01:29:20 Q=5
2026-01-06 17:26:44,814 - INFO - [GINSLIB] processing : 2021/12/17 01:29:21 Q=5
2026-01-06 17:26:44,820 - INFO - [GINSLIB] processing : 2021/12/17 01:29:22 Q=5
2026-01-06 17:26:44,830 - INFO - [GINSLIB] processing : 2021/12/17 01:29:23 Q=5
2026-01-06 17:26:44,831 - INFO - [GINSLIB] processing : 2021/12/17 01:29:24 Q=5
2026-01-06 17:26:44,836 - INFO - [GINSLIB] processing : 2021/12/17 01:29:25 Q=5
2026-01-06 17:26:44,842 - INFO - [GINSLIB] processing : 2021/12/17 01:29:26 Q=5
2026-01-06 17:26:44,848 - INFO - [GINSLIB] processing : 2021/12/17 01:29:27 Q=5
2026-01-06 17:26:44,854 - INFO - [GINSLIB] processing : 2021/12/17 01:29:28 Q=5
2026-01-06 17:26:44,861 - INFO - [GINSLIB] processing : 2021/12/17 01:29:29 Q=5
2026-01-06 17:26:44,866 - INFO - [GINSLIB] processing : 2021/12/17 01:29:30 Q=5
2026-01-06 17:26:44,872 - INFO - [GINSLIB] processing : 2021/12/17 01:29:31 Q=5
2026-01-06 17:26:44,880 - INFO - [GINSLIB] processing : 2021/12/17 01:29:32 Q=5
2026-01-06 17:26:44,886 - INFO - [GINSLIB] processing : 2021/12/17 01:29:33 Q=5
2026-01-06 17:26:44,892 - INFO - [GINSLIB] processing : 2021/12/17 01:29:34 Q=5
2026-01-06 17:26:44,898 - INFO - [GINSLIB] processing : 2021/12/17 01:29:35 Q=5
2026-01-06 17:26:44,904 - INFO - [GINSLIB] processing : 2021/12/17 01:29:36 Q=5
2026-01-06 17:26:44,911 - INFO - [GINSLIB] processing : 2021/12/17 01:29:37 Q=5
2026-01-06 17:26:44,918 - INFO - [GINSLIB] processing : 2021/12/17 01:29:38 Q=5
2026-01-06 17:26:44,923 - INFO - [GINSLIB] processing : 2021/12/17 01:29:39 Q=5
2026-01-06 17:26:44,930 - INFO - [GINSLIB] processing : 2021/12/17 01:29:40 Q=5
2026-01-06 17:26:44,937 - INFO - [GINSLIB] processing : 2021/12/17 01:29:41 Q=5
2026-01-06 17:26:44,944 - INFO - [GINSLIB] processing : 2021/12/17 01:29:42 Q=5
2026-01-06 17:26:44,950 - INFO - [GINSLIB] processing : 2021/12/17 01:29:43 Q=5
2026-01-06 17:26:44,960 - INFO - [GINSLIB] processing : 2021/12/17 01:29:44 Q=5
2026-01-06 17:26:44,962 - INFO - [GINSLIB] processing : 2021/12/17 01:29:45 Q=5
2026-01-06 17:26:44,969 - INFO - [GINSLIB] processing : 2021/12/17 01:29:46 Q=5
2026-01-06 17:26:44,975 - INFO - [GINSLIB] processing : 2021/12/17 01:29:47 Q=5
2026-01-06 17:26:44,982 - INFO - [GINSLIB] processing : 2021/12/17 01:29:48 Q=5
2026-01-06 17:26:44,992 - INFO - [GINSLIB] processing : 2021/12/17 01:29:49 Q=5
2026-01-06 17:26:44,993 - INFO - [GINSLIB] processing : 2021/12/17 01:29:50 Q=5
2026-01-06 17:26:45,000 - INFO - [GINSLIB] processing : 2021/12/17 01:29:51 Q=5
2026-01-06 17:26:45,007 - INFO - [GINSLIB] processing : 2021/12/17 01:29:52 Q=5
2026-01-06 17:26:45,013 - INFO - [GINSLIB] processing : 2021/12/17 01:29:53 Q=5
2026-01-06 17:26:45,024 - INFO - [GINSLIB] processing : 2021/12/17 01:29:54 Q=5
2026-01-06 17:26:45,025 - INFO - [GINSLIB] processing : 2021/12/17 01:29:55 Q=5
2026-01-06 17:26:45,032 - INFO - [GINSLIB] processing : 2021/12/17 01:29:56 Q=5
2026-01-06 17:26:45,038 - INFO - [GINSLIB] processing : 2021/12/17 01:29:57 Q=5
2026-01-06 17:26:45,045 - INFO - [GINSLIB] processing : 2021/12/17 01:29:58 Q=5
2026-01-06 17:26:45,050 - INFO - [GINSLIB] processing : 2021/12/17 01:29:59 Q=5
2026-01-06 17:26:45,055 - INFO - [GINSLIB] processing : 2021/12/17 01:30:00 Q=5
2026-01-06 17:26:45,063 - INFO - [GINSLIB] processing : 2021/12/17 01:30:01 Q=5
2026-01-06 17:26:45,069 - INFO - [GINSLIB] processing : 2021/12/17 01:30:02 Q=5
2026-01-06 17:26:45,076 - INFO - [GINSLIB] processing : 2021/12/17 01:30:03 Q=5
2026-01-06 17:26:45,082 - INFO - [GINSLIB] processing : 2021/12/17 01:30:04 Q=5
2026-01-06 17:26:45,087 - INFO - [GINSLIB] processing : 2021/12/17 01:30:05 Q=5
2026-01-06 17:26:45,095 - INFO - [GINSLIB] processing : 2021/12/17 01:30:06 Q=5
2026-01-06 17:26:45,101 - INFO - [GINSLIB] processing : 2021/12/17 01:30:07 Q=5
2026-01-06 17:26:45,108 - INFO - [GINSLIB] processing : 2021/12/17 01:30:08 Q=5
2026-01-06 17:26:45,114 - INFO - [GINSLIB] processing : 2021/12/17 01:30:09 Q=5
2026-01-06 17:26:45,120 - INFO - [GINSLIB] processing : 2021/12/17 01:30:10 Q=5
2026-01-06 17:26:45,127 - INFO - [GINSLIB] processing : 2021/12/17 01:30:11 Q=5
2026-01-06 17:26:45,133 - INFO - [GINSLIB] processing : 2021/12/17 01:30:12 Q=5
2026-01-06 17:26:45,140 - INFO - [GINSLIB] processing : 2021/12/17 01:30:13 Q=5
2026-01-06 17:26:45,146 - INFO - [GINSLIB] processing : 2021/12/17 01:30:14 Q=5
2026-01-06 17:26:45,158 - INFO - [GINSLIB] processing : 2021/12/17 01:30:15 Q=5
2026-01-06 17:26:45,160 - INFO - [GINSLIB] processing : 2021/12/17 01:30:16 Q=5
2026-01-06 17:26:45,166 - INFO - [GINSLIB] processing : 2021/12/17 01:30:17 Q=5
2026-01-06 17:26:45,173 - INFO - [GINSLIB] processing : 2021/12/17 01:30:18 Q=5
2026-01-06 17:26:45,179 - INFO - [GINSLIB] processing : 2021/12/17 01:30:19 Q=5
2026-01-06 17:26:45,191 - INFO - [GINSLIB] processing : 2021/12/17 01:30:20 Q=5
2026-01-06 17:26:45,193 - INFO - [GINSLIB] processing : 2021/12/17 01:30:21 Q=5
2026-01-06 17:26:45,199 - INFO - [GINSLIB] processing : 2021/12/17 01:30:22 Q=5
2026-01-06 17:26:45,205 - INFO - [GINSLIB] processing : 2021/12/17 01:30:23 Q=5
2026-01-06 17:26:45,211 - INFO - [GINSLIB] processing : 2021/12/17 01:30:24 Q=5
2026-01-06 17:26:45,223 - INFO - [GINSLIB] processing : 2021/12/17 01:30:25 Q=5
2026-01-06 17:26:45,224 - INFO - [GINSLIB] processing : 2021/12/17 01:30:26 Q=5
2026-01-06 17:26:45,230 - INFO - [GINSLIB] processing : 2021/12/17 01:30:27 Q=5
2026-01-06 17:26:45,236 - INFO - [GINSLIB] processing : 2021/12/17 01:30:28 Q=5
2026-01-06 17:26:45,243 - INFO - [GINSLIB] processing : 2021/12/17 01:30:29 Q=5
2026-01-06 17:26:45,252 - INFO - [GINSLIB] processing : 2021/12/17 01:30:30 Q=5
2026-01-06 17:26:45,258 - INFO - [GINSLIB] processing : 2021/12/17 01:30:31 Q=5
2026-01-06 17:26:45,264 - INFO - [GINSLIB] processing : 2021/12/17 01:30:32 Q=5
2026-01-06 17:26:45,270 - INFO - [GINSLIB] processing : 2021/12/17 01:30:33 Q=5
2026-01-06 17:26:45,277 - INFO - [GINSLIB] processing : 2021/12/17 01:30:34 Q=5
2026-01-06 17:26:45,285 - INFO - [GINSLIB] processing : 2021/12/17 01:30:35 Q=5
2026-01-06 17:26:45,290 - INFO - [GINSLIB] processing : 2021/12/17 01:30:36 Q=5
2026-01-06 17:26:45,297 - INFO - [GINSLIB] processing : 2021/12/17 01:30:37 Q=5
2026-01-06 17:26:45,303 - INFO - [GINSLIB] processing : 2021/12/17 01:30:38 Q=5
2026-01-06 17:26:45,310 - INFO - [GINSLIB] processing : 2021/12/17 01:30:39 Q=5
2026-01-06 17:26:45,317 - INFO - [GINSLIB] processing : 2021/12/17 01:30:40 Q=5
2026-01-06 17:26:45,322 - INFO - [GINSLIB] processing : 2021/12/17 01:30:41 Q=5
2026-01-06 17:26:45,329 - INFO - [GINSLIB] processing : 2021/12/17 01:30:42 Q=5
2026-01-06 17:26:45,335 - INFO - [GINSLIB] processing : 2021/12/17 01:30:43 Q=5
2026-01-06 17:26:45,343 - INFO - [GINSLIB] processing : 2021/12/17 01:30:44 Q=5
2026-01-06 17:26:45,349 - INFO - [GINSLIB] processing : 2021/12/17 01:30:45 Q=5
2026-01-06 17:26:45,361 - INFO - [GINSLIB] processing : 2021/12/17 01:30:46 Q=5
2026-01-06 17:26:45,362 - INFO - [GINSLIB] processing : 2021/12/17 01:30:47 Q=5
2026-01-06 17:26:45,368 - INFO - [GINSLIB] processing : 2021/12/17 01:30:48 Q=5
2026-01-06 17:26:45,375 - INFO - [GINSLIB] processing : 2021/12/17 01:30:49 Q=5
2026-01-06 17:26:45,382 - INFO - [GINSLIB] processing : 2021/12/17 01:30:50 Q=5
2026-01-06 17:26:45,393 - INFO - [GINSLIB] processing : 2021/12/17 01:30:51 Q=5
2026-01-06 17:26:45,394 - INFO - [GINSLIB] processing : 2021/12/17 01:30:52 Q=5
2026-01-06 17:26:45,401 - INFO - [GINSLIB] processing : 2021/12/17 01:30:53 Q=5
2026-01-06 17:26:45,407 - INFO - [GINSLIB] processing : 2021/12/17 01:30:54 Q=5
2026-01-06 17:26:45,414 - INFO - [GINSLIB] processing : 2021/12/17 01:30:55 Q=5
2026-01-06 17:26:45,425 - INFO - [GINSLIB] processing : 2021/12/17 01:30:56 Q=5
2026-01-06 17:26:45,426 - INFO - [GINSLIB] processing : 2021/12/17 01:30:57 Q=5
2026-01-06 17:26:45,433 - INFO - [GINSLIB] processing : 2021/12/17 01:30:58 Q=5
2026-01-06 17:26:45,441 - INFO - [GINSLIB] processing : 2021/12/17 01:30:59 Q=5
2026-01-06 17:26:45,447 - INFO - [GINSLIB] processing : 2021/12/17 01:31:00 Q=5
2026-01-06 17:26:45,453 - INFO - [GINSLIB] processing : 2021/12/17 01:31:01 Q=5
2026-01-06 17:26:45,459 - INFO - [GINSLIB] processing : 2021/12/17 01:31:02 Q=5
2026-01-06 17:26:45,466 - INFO - [GINSLIB] processing : 2021/12/17 01:31:03 Q=5
2026-01-06 17:26:45,473 - INFO - [GINSLIB] processing : 2021/12/17 01:31:04 Q=5
2026-01-06 17:26:45,480 - INFO - [GINSLIB] processing : 2021/12/17 01:31:05 Q=5
2026-01-06 17:26:45,486 - INFO - [GINSLIB] processing : 2021/12/17 01:31:06 Q=5
2026-01-06 17:26:45,492 - INFO - [GINSLIB] processing : 2021/12/17 01:31:07 Q=5
2026-01-06 17:26:45,499 - INFO - [GINSLIB] processing : 2021/12/17 01:31:08 Q=5
2026-01-06 17:26:45,504 - INFO - [GINSLIB] processing : 2021/12/17 01:31:09 Q=5
2026-01-06 17:26:45,511 - INFO - [GINSLIB] processing : 2021/12/17 01:31:10 Q=5
2026-01-06 17:26:45,517 - INFO - [GINSLIB] processing : 2021/12/17 01:31:11 Q=5
2026-01-06 17:26:45,521 - INFO - [GINSLIB] processing : 2021/12/17 01:31:12 Q=5
2026-01-06 17:26:45,529 - INFO - [GINSLIB] processing : 2021/12/17 01:31:13 Q=5
2026-01-06 17:26:45,534 - INFO - [GINSLIB] processing : 2021/12/17 01:31:14 Q=5
2026-01-06 17:26:45,540 - INFO - [GINSLIB] processing : 2021/12/17 01:31:15 Q=5
2026-01-06 17:26:45,545 - INFO - [GINSLIB] processing : 2021/12/17 01:31:16 Q=5
2026-01-06 17:26:45,553 - INFO - [GINSLIB] processing : 2021/12/17 01:31:17 Q=5
2026-01-06 17:26:45,554 - INFO - [GINSLIB] processing : 2021/12/17 01:31:18 Q=5
2026-01-06 17:26:45,561 - INFO - [GINSLIB] processing : 2021/12/17 01:31:19 Q=5
2026-01-06 17:26:45,567 - INFO - [GINSLIB] processing : 2021/12/17 01:31:20 Q=5
2026-01-06 17:26:45,572 - INFO - [GINSLIB] processing : 2021/12/17 01:31:21 Q=5
2026-01-06 17:26:45,581 - INFO - [GINSLIB] processing : 2021/12/17 01:31:22 Q=5
2026-01-06 17:26:45,582 - INFO - [GINSLIB] processing : 2021/12/17 01:31:23 Q=5
2026-01-06 17:26:45,588 - INFO - [GINSLIB] processing : 2021/12/17 01:31:24 Q=5
2026-01-06 17:26:45,593 - INFO - [GINSLIB] processing : 2021/12/17 01:31:25 Q=5
2026-01-06 17:26:45,598 - INFO - [GINSLIB] processing : 2021/12/17 01:31:26 Q=5
2026-01-06 17:26:45,608 - INFO - [GINSLIB] processing : 2021/12/17 01:31:27 Q=5
2026-01-06 17:26:45,609 - INFO - [GINSLIB] processing : 2021/12/17 01:31:28 Q=5
2026-01-06 17:26:45,614 - INFO - [GINSLIB] processing : 2021/12/17 01:31:29 Q=5
2026-01-06 17:26:45,620 - INFO - [GINSLIB] processing : 2021/12/17 01:31:30 Q=5
2026-01-06 17:26:45,626 - INFO - [GINSLIB] processing : 2021/12/17 01:31:31 Q=5
2026-01-06 17:26:45,631 - INFO - [GINSLIB] processing : 2021/12/17 01:31:32 Q=5
2026-01-06 17:26:45,636 - INFO - [GINSLIB] processing : 2021/12/17 01:31:33 Q=5
2026-01-06 17:26:45,642 - INFO - [GINSLIB] processing : 2021/12/17 01:31:34 Q=5
2026-01-06 17:26:45,647 - INFO - [GINSLIB] processing : 2021/12/17 01:31:35 Q=5
2026-01-06 17:26:45,653 - INFO - [GINSLIB] processing : 2021/12/17 01:31:36 Q=5
2026-01-06 17:26:45,658 - INFO - [GINSLIB] processing : 2021/12/17 01:31:37 Q=5
2026-01-06 17:26:45,662 - INFO - [GINSLIB] processing : 2021/12/17 01:31:38 Q=5
2026-01-06 17:26:45,668 - INFO - [GINSLIB] processing : 2021/12/17 01:31:39 Q=5
2026-01-06 17:26:45,674 - INFO - [GINSLIB] processing : 2021/12/17 01:31:40 Q=5
2026-01-06 17:26:45,679 - INFO - [GINSLIB] processing : 2021/12/17 01:31:41 Q=5
2026-01-06 17:26:45,684 - INFO - [GINSLIB] processing : 2021/12/17 01:31:42 Q=5
2026-01-06 17:26:45,693 - INFO - [GINSLIB] processing : 2021/12/17 01:31:43 Q=5
2026-01-06 17:26:45,694 - INFO - [GINSLIB] processing : 2021/12/17 01:31:44 Q=5
2026-01-06 17:26:45,700 - INFO - [GINSLIB] processing : 2021/12/17 01:31:45 Q=5
2026-01-06 17:26:45,707 - INFO - [GINSLIB] processing : 2021/12/17 01:31:46 Q=5
2026-01-06 17:26:45,712 - INFO - [GINSLIB] processing : 2021/12/17 01:31:47 Q=5
2026-01-06 17:26:45,720 - INFO - [GINSLIB] processing : 2021/12/17 01:31:48 Q=5
2026-01-06 17:26:45,721 - INFO - [GINSLIB] processing : 2021/12/17 01:31:49 Q=5
2026-01-06 17:26:45,727 - INFO - [GINSLIB] processing : 2021/12/17 01:31:50 Q=5
2026-01-06 17:26:45,732 - INFO - [GINSLIB] processing : 2021/12/17 01:31:51 Q=5
2026-01-06 17:26:45,737 - INFO - [GINSLIB] processing : 2021/12/17 01:31:52 Q=5
2026-01-06 17:26:45,745 - INFO - [GINSLIB] processing : 2021/12/17 01:31:53 Q=5
2026-01-06 17:26:45,746 - INFO - [GINSLIB] processing : 2021/12/17 01:31:54 Q=5
2026-01-06 17:26:45,751 - INFO - [GINSLIB] processing : 2021/12/17 01:31:55 Q=5
2026-01-06 17:26:45,756 - INFO - [GINSLIB] processing : 2021/12/17 01:31:56 Q=5
2026-01-06 17:26:45,762 - INFO - [GINSLIB] processing : 2021/12/17 01:31:57 Q=5
2026-01-06 17:26:45,769 - INFO - [GINSLIB] processing : 2021/12/17 01:31:58 Q=5
2026-01-06 17:26:45,770 - INFO - [GINSLIB] processing : 2021/12/17 01:31:59 Q=5
2026-01-06 17:26:45,777 - INFO - [GINSLIB] processing : 2021/12/17 01:32:00 Q=5
2026-01-06 17:26:45,782 - INFO - [GINSLIB] processing : 2021/12/17 01:32:01 Q=5
2026-01-06 17:26:45,788 - INFO - [GINSLIB] processing : 2021/12/17 01:32:02 Q=5
2026-01-06 17:26:45,795 - INFO - [GINSLIB] processing : 2021/12/17 01:32:03 Q=5
2026-01-06 17:26:45,800 - INFO - [GINSLIB] processing : 2021/12/17 01:32:04 Q=5
2026-01-06 17:26:45,805 - INFO - [GINSLIB] processing : 2021/12/17 01:32:05 Q=5
2026-01-06 17:26:45,812 - INFO - [GINSLIB] processing : 2021/12/17 01:32:06 Q=5
2026-01-06 17:26:45,818 - INFO - [GINSLIB] processing : 2021/12/17 01:32:07 Q=5
2026-01-06 17:26:45,824 - INFO - [GINSLIB] processing : 2021/12/17 01:32:08 Q=5
2026-01-06 17:26:45,829 - INFO - [GINSLIB] processing : 2021/12/17 01:32:09 Q=5
2026-01-06 17:26:45,834 - INFO - [GINSLIB] processing : 2021/12/17 01:32:10 Q=5
2026-01-06 17:26:45,841 - INFO - [GINSLIB] processing : 2021/12/17 01:32:11 Q=5
2026-01-06 17:26:45,846 - INFO - [GINSLIB] processing : 2021/12/17 01:32:12 Q=5
2026-01-06 17:26:45,852 - INFO - [GINSLIB] processing : 2021/12/17 01:32:13 Q=5
2026-01-06 17:26:45,862 - INFO - [GINSLIB] processing : 2021/12/17 01:32:14 Q=5
2026-01-06 17:26:45,863 - INFO - [GINSLIB] processing : 2021/12/17 01:32:15 Q=5
2026-01-06 17:26:45,869 - INFO - [GINSLIB] processing : 2021/12/17 01:32:16 Q=5
2026-01-06 17:26:45,874 - INFO - [GINSLIB] processing : 2021/12/17 01:32:17 Q=5
2026-01-06 17:26:45,880 - INFO - [GINSLIB] processing : 2021/12/17 01:32:18 Q=5
2026-01-06 17:26:45,890 - INFO - [GINSLIB] processing : 2021/12/17 01:32:19 Q=5
2026-01-06 17:26:45,892 - INFO - [GINSLIB] processing : 2021/12/17 01:32:20 Q=5
2026-01-06 17:26:45,897 - INFO - [GINSLIB] processing : 2021/12/17 01:32:21 Q=5
2026-01-06 17:26:45,904 - INFO - [GINSLIB] processing : 2021/12/17 01:32:22 Q=5
2026-01-06 17:26:45,910 - INFO - [GINSLIB] processing : 2021/12/17 01:32:23 Q=5
2026-01-06 17:26:45,920 - INFO - [GINSLIB] processing : 2021/12/17 01:32:24 Q=5
2026-01-06 17:26:45,921 - INFO - [GINSLIB] processing : 2021/12/17 01:32:25 Q=5
2026-01-06 17:26:45,927 - INFO - [GINSLIB] processing : 2021/12/17 01:32:26 Q=5
2026-01-06 17:26:45,933 - INFO - [GINSLIB] processing : 2021/12/17 01:32:27 Q=5
2026-01-06 17:26:45,940 - INFO - [GINSLIB] processing : 2021/12/17 01:32:28 Q=5
2026-01-06 17:26:45,946 - INFO - [GINSLIB] processing : 2021/12/17 01:32:29 Q=5
2026-01-06 17:26:45,952 - INFO - [GINSLIB] processing : 2021/12/17 01:32:30 Q=5
2026-01-06 17:26:45,958 - INFO - [GINSLIB] processing : 2021/12/17 01:32:31 Q=5
2026-01-06 17:26:45,964 - INFO - [GINSLIB] processing : 2021/12/17 01:32:32 Q=5
2026-01-06 17:26:45,970 - INFO - [GINSLIB] processing : 2021/12/17 01:32:33 Q=5
2026-01-06 17:26:45,976 - INFO - [GINSLIB] processing : 2021/12/17 01:32:34 Q=5
2026-01-06 17:26:45,983 - INFO - [GINSLIB] processing : 2021/12/17 01:32:35 Q=5
2026-01-06 17:26:45,989 - INFO - [GINSLIB] processing : 2021/12/17 01:32:36 Q=5
2026-01-06 17:26:45,995 - INFO - [GINSLIB] processing : 2021/12/17 01:32:37 Q=5
2026-01-06 17:26:46,001 - INFO - [GINSLIB] processing : 2021/12/17 01:32:38 Q=5
2026-01-06 17:26:46,007 - INFO - [GINSLIB] processing : 2021/12/17 01:32:39 Q=5
2026-01-06 17:26:46,012 - INFO - [GINSLIB] processing : 2021/12/17 01:32:40 Q=5
2026-01-06 17:26:46,018 - INFO - [GINSLIB] processing : 2021/12/17 01:32:41 Q=5
2026-01-06 17:26:46,024 - INFO - [GINSLIB] processing : 2021/12/17 01:32:42 Q=5
2026-01-06 17:26:46,030 - INFO - [GINSLIB] processing : 2021/12/17 01:32:43 Q=5
2026-01-06 17:26:46,035 - INFO - [GINSLIB] processing : 2021/12/17 01:32:44 Q=5
2026-01-06 17:26:46,044 - INFO - [GINSLIB] processing : 2021/12/17 01:32:45 Q=5
2026-01-06 17:26:46,045 - INFO - [GINSLIB] processing : 2021/12/17 01:32:46 Q=5
2026-01-06 17:26:46,050 - INFO - [GINSLIB] processing : 2021/12/17 01:32:47 Q=5
2026-01-06 17:26:46,056 - INFO - [GINSLIB] processing : 2021/12/17 01:32:48 Q=5
2026-01-06 17:26:46,063 - INFO - [GINSLIB] processing : 2021/12/17 01:32:49 Q=5
2026-01-06 17:26:46,073 - INFO - [GINSLIB] processing : 2021/12/17 01:32:50 Q=5
2026-01-06 17:26:46,075 - INFO - [GINSLIB] processing : 2021/12/17 01:32:51 Q=5
2026-01-06 17:26:46,082 - INFO - [GINSLIB] processing : 2021/12/17 01:32:52 Q=5
2026-01-06 17:26:46,088 - INFO - [GINSLIB] processing : 2021/12/17 01:32:53 Q=5
2026-01-06 17:26:46,095 - INFO - [GINSLIB] processing : 2021/12/17 01:32:54 Q=5
2026-01-06 17:26:46,105 - INFO - [GINSLIB] processing : 2021/12/17 01:32:55 Q=5
2026-01-06 17:26:46,107 - INFO - [GINSLIB] processing : 2021/12/17 01:32:56 Q=5
2026-01-06 17:26:46,114 - INFO - [GINSLIB] processing : 2021/12/17 01:32:57 Q=5
2026-01-06 17:26:46,120 - INFO - [GINSLIB] processing : 2021/12/17 01:32:58 Q=5
2026-01-06 17:26:46,126 - INFO - [GINSLIB] processing : 2021/12/17 01:32:59 Q=5
2026-01-06 17:26:46,132 - INFO - [GINSLIB] processing : 2021/12/17 01:33:00 Q=5
2026-01-06 17:26:46,138 - INFO - [GINSLIB] processing : 2021/12/17 01:33:01 Q=5
2026-01-06 17:26:46,144 - INFO - [GINSLIB] processing : 2021/12/17 01:33:02 Q=5
2026-01-06 17:26:46,150 - INFO - [GINSLIB] processing : 2021/12/17 01:33:03 Q=5
2026-01-06 17:26:46,155 - INFO - [GINSLIB] processing : 2021/12/17 01:33:04 Q=5
2026-01-06 17:26:46,161 - INFO - [GINSLIB] processing : 2021/12/17 01:33:05 Q=5
2026-01-06 17:26:46,165 - INFO - [GINSLIB] processing : 2021/12/17 01:33:06 Q=5
2026-01-06 17:26:46,172 - INFO - [GINSLIB] processing : 2021/12/17 01:33:07 Q=5
2026-01-06 17:26:46,178 - INFO - [GINSLIB] processing : 2021/12/17 01:33:08 Q=5
2026-01-06 17:26:46,184 - INFO - [GINSLIB] processing : 2021/12/17 01:33:09 Q=5
2026-01-06 17:26:46,190 - INFO - [GINSLIB] processing : 2021/12/17 01:33:10 Q=5
2026-01-06 17:26:46,195 - INFO - [GINSLIB] processing : 2021/12/17 01:33:11 Q=5
2026-01-06 17:26:46,201 - INFO - [GINSLIB] processing : 2021/12/17 01:33:12 Q=5
2026-01-06 17:26:46,207 - INFO - [GINSLIB] processing : 2021/12/17 01:33:13 Q=5
2026-01-06 17:26:46,213 - INFO - [GINSLIB] processing : 2021/12/17 01:33:14 Q=5
2026-01-06 17:26:46,219 - INFO - [GINSLIB] processing : 2021/12/17 01:33:15 Q=5
2026-01-06 17:26:46,229 - INFO - [GINSLIB] processing : 2021/12/17 01:33:16 Q=5
2026-01-06 17:26:46,230 - INFO - [GINSLIB] processing : 2021/12/17 01:33:17 Q=5
2026-01-06 17:26:46,237 - INFO - [GINSLIB] processing : 2021/12/17 01:33:18 Q=5
2026-01-06 17:26:46,243 - INFO - [GINSLIB] processing : 2021/12/17 01:33:19 Q=5
2026-01-06 17:26:46,249 - INFO - [GINSLIB] processing : 2021/12/17 01:33:20 Q=5
2026-01-06 17:26:46,259 - INFO - [GINSLIB] processing : 2021/12/17 01:33:21 Q=5
2026-01-06 17:26:46,260 - INFO - [GINSLIB] processing : 2021/12/17 01:33:22 Q=5
2026-01-06 17:26:46,266 - INFO - [GINSLIB] processing : 2021/12/17 01:33:23 Q=5
2026-01-06 17:26:46,272 - INFO - [GINSLIB] processing : 2021/12/17 01:33:24 Q=5
2026-01-06 17:26:46,277 - INFO - [GINSLIB] processing : 2021/12/17 01:33:25 Q=5
2026-01-06 17:26:46,286 - INFO - [GINSLIB] processing : 2021/12/17 01:33:26 Q=5
2026-01-06 17:26:46,287 - INFO - [GINSLIB] processing : 2021/12/17 01:33:27 Q=5
2026-01-06 17:26:46,294 - INFO - [GINSLIB] processing : 2021/12/17 01:33:28 Q=5
2026-01-06 17:26:46,299 - INFO - [GINSLIB] processing : 2021/12/17 01:33:29 Q=5
2026-01-06 17:26:46,305 - INFO - [GINSLIB] processing : 2021/12/17 01:33:30 Q=5
2026-01-06 17:26:46,312 - INFO - [GINSLIB] processing : 2021/12/17 01:33:31 Q=5
2026-01-06 17:26:46,316 - INFO - [GINSLIB] processing : 2021/12/17 01:33:32 Q=5
2026-01-06 17:26:46,322 - INFO - [GINSLIB] processing : 2021/12/17 01:33:33 Q=5
2026-01-06 17:26:46,327 - INFO - [GINSLIB] processing : 2021/12/17 01:33:34 Q=5
2026-01-06 17:26:46,332 - INFO - [GINSLIB] processing : 2021/12/17 01:33:35 Q=5
2026-01-06 17:26:46,338 - INFO - [GINSLIB] processing : 2021/12/17 01:33:36 Q=5
2026-01-06 17:26:46,344 - INFO - [GINSLIB] processing : 2021/12/17 01:33:37 Q=5
2026-01-06 17:26:46,349 - INFO - [GINSLIB] processing : 2021/12/17 01:33:38 Q=5
2026-01-06 17:26:46,355 - INFO - [GINSLIB] processing : 2021/12/17 01:33:39 Q=5
2026-01-06 17:26:46,361 - INFO - [GINSLIB] processing : 2021/12/17 01:33:40 Q=5
2026-01-06 17:26:46,367 - INFO - [GINSLIB] processing : 2021/12/17 01:33:41 Q=5
2026-01-06 17:26:46,373 - INFO - [GINSLIB] processing : 2021/12/17 01:33:42 Q=5
2026-01-06 17:26:46,379 - INFO - [GINSLIB] processing : 2021/12/17 01:33:43 Q=5
2026-01-06 17:26:46,384 - INFO - [GINSLIB] processing : 2021/12/17 01:33:44 Q=5
2026-01-06 17:26:46,390 - INFO - [GINSLIB] processing : 2021/12/17 01:33:45 Q=5
2026-01-06 17:26:46,395 - INFO - [GINSLIB] processing : 2021/12/17 01:33:46 Q=5
2026-01-06 17:26:46,407 - INFO - [GINSLIB] processing : 2021/12/17 01:33:47 Q=5
2026-01-06 17:26:46,409 - INFO - [GINSLIB] processing : 2021/12/17 01:33:48 Q=5
2026-01-06 17:26:46,415 - INFO - [GINSLIB] processing : 2021/12/17 01:33:49 Q=5
2026-01-06 17:26:46,421 - INFO - [GINSLIB] processing : 2021/12/17 01:33:50 Q=5
2026-01-06 17:26:46,427 - INFO - [GINSLIB] processing : 2021/12/17 01:33:51 Q=5
2026-01-06 17:26:46,438 - INFO - [GINSLIB] processing : 2021/12/17 01:33:52 Q=5
2026-01-06 17:26:46,439 - INFO - [GINSLIB] processing : 2021/12/17 01:33:53 Q=5
2026-01-06 17:26:46,446 - INFO - [GINSLIB] processing : 2021/12/17 01:33:54 Q=5
2026-01-06 17:26:46,452 - INFO - [GINSLIB] processing : 2021/12/17 01:33:55 Q=5
2026-01-06 17:26:46,458 - INFO - [GINSLIB] processing : 2021/12/17 01:33:56 Q=5
2026-01-06 17:26:46,470 - INFO - [GINSLIB] processing : 2021/12/17 01:33:57 Q=5
2026-01-06 17:26:46,471 - INFO - [GINSLIB] processing : 2021/12/17 01:33:58 Q=5
2026-01-06 17:26:46,478 - INFO - [GINSLIB] processing : 2021/12/17 01:33:59 Q=5
2026-01-06 17:26:46,484 - INFO - [GINSLIB] processing : 2021/12/17 01:34:00 Q=5
2026-01-06 17:26:46,490 - INFO - [GINSLIB] processing : 2021/12/17 01:34:01 Q=5
2026-01-06 17:26:46,497 - INFO - [GINSLIB] processing : 2021/12/17 01:34:02 Q=5
2026-01-06 17:26:46,503 - INFO - [GINSLIB] processing : 2021/12/17 01:34:03 Q=5
2026-01-06 17:26:46,509 - INFO - [GINSLIB] processing : 2021/12/17 01:34:04 Q=5
2026-01-06 17:26:46,515 - INFO - [GINSLIB] processing : 2021/12/17 01:34:05 Q=5
2026-01-06 17:26:46,521 - INFO - [GINSLIB] processing : 2021/12/17 01:34:06 Q=5
2026-01-06 17:26:46,528 - INFO - [GINSLIB] processing : 2021/12/17 01:34:07 Q=5
2026-01-06 17:26:46,534 - INFO - [GINSLIB] processing : 2021/12/17 01:34:08 Q=5
2026-01-06 17:26:46,540 - INFO - [GINSLIB] processing : 2021/12/17 01:34:09 Q=5
2026-01-06 17:26:46,547 - INFO - [GINSLIB] processing : 2021/12/17 01:34:10 Q=5
2026-01-06 17:26:46,553 - INFO - [GINSLIB] processing : 2021/12/17 01:34:11 Q=5
2026-01-06 17:26:46,559 - INFO - [GINSLIB] processing : 2021/12/17 01:34:12 Q=5
2026-01-06 17:26:46,569 - INFO - [GINSLIB] processing : 2021/12/17 01:34:13 Q=5
2026-01-06 17:26:46,570 - INFO - [GINSLIB] processing : 2021/12/17 01:34:14 Q=5
2026-01-06 17:26:46,577 - INFO - [GINSLIB] processing : 2021/12/17 01:34:15 Q=5
2026-01-06 17:26:46,583 - INFO - [GINSLIB] processing : 2021/12/17 01:34:16 Q=5
2026-01-06 17:26:46,591 - INFO - [GINSLIB] processing : 2021/12/17 01:34:17 Q=5
2026-01-06 17:26:46,601 - INFO - [GINSLIB] processing : 2021/12/17 01:34:18 Q=5
2026-01-06 17:26:46,602 - INFO - [GINSLIB] processing : 2021/12/17 01:34:19 Q=5
2026-01-06 17:26:46,610 - INFO - [GINSLIB] processing : 2021/12/17 01:34:20 Q=5
2026-01-06 17:26:46,616 - INFO - [GINSLIB] processing : 2021/12/17 01:34:21 Q=5
2026-01-06 17:26:46,624 - INFO - [GINSLIB] processing : 2021/12/17 01:34:22 Q=5
2026-01-06 17:26:46,636 - INFO - [GINSLIB] processing : 2021/12/17 01:34:23 Q=5
2026-01-06 17:26:46,637 - INFO - [GINSLIB] processing : 2021/12/17 01:34:24 Q=5
2026-01-06 17:26:46,644 - INFO - [GINSLIB] processing : 2021/12/17 01:34:25 Q=5
2026-01-06 17:26:46,652 - INFO - [GINSLIB] processing : 2021/12/17 01:34:26 Q=5
2026-01-06 17:26:46,660 - INFO - [GINSLIB] processing : 2021/12/17 01:34:27 Q=5
2026-01-06 17:26:46,671 - INFO - [GINSLIB] processing : 2021/12/17 01:34:28 Q=5
2026-01-06 17:26:46,672 - INFO - [GINSLIB] processing : 2021/12/17 01:34:29 Q=5
2026-01-06 17:26:46,680 - INFO - [GINSLIB] processing : 2021/12/17 01:34:30 Q=5
2026-01-06 17:26:46,686 - INFO - [GINSLIB] processing : 2021/12/17 01:34:31 Q=5
2026-01-06 17:26:46,693 - INFO - [GINSLIB] processing : 2021/12/17 01:34:32 Q=5
2026-01-06 17:26:46,701 - INFO - [GINSLIB] processing : 2021/12/17 01:34:33 Q=5
2026-01-06 17:26:46,707 - INFO - [GINSLIB] processing : 2021/12/17 01:34:34 Q=5
2026-01-06 17:26:46,714 - INFO - [GINSLIB] processing : 2021/12/17 01:34:35 Q=5
2026-01-06 17:26:46,721 - INFO - [GINSLIB] processing : 2021/12/17 01:34:36 Q=5
2026-01-06 17:26:46,729 - INFO - [GINSLIB] processing : 2021/12/17 01:34:37 Q=5
2026-01-06 17:26:46,735 - INFO - [GINSLIB] processing : 2021/12/17 01:34:38 Q=5
2026-01-06 17:26:46,741 - INFO - [GINSLIB] processing : 2021/12/17 01:34:39 Q=5
2026-01-06 17:26:46,748 - INFO - [GINSLIB] processing : 2021/12/17 01:34:40 Q=5
2026-01-06 17:26:46,754 - INFO - [GINSLIB] processing : 2021/12/17 01:34:41 Q=5
2026-01-06 17:26:46,762 - INFO - [GINSLIB] processing : 2021/12/17 01:34:42 Q=5
2026-01-06 17:26:46,768 - INFO - [GINSLIB] processing : 2021/12/17 01:34:43 Q=5
2026-01-06 17:26:46,781 - INFO - [GINSLIB] processing : 2021/12/17 01:34:44 Q=5
2026-01-06 17:26:46,782 - INFO - [GINSLIB] processing : 2021/12/17 01:34:45 Q=5
2026-01-06 17:26:46,788 - INFO - [GINSLIB] processing : 2021/12/17 01:34:46 Q=5
2026-01-06 17:26:46,796 - INFO - [GINSLIB] processing : 2021/12/17 01:34:47 Q=5
2026-01-06 17:26:46,802 - INFO - [GINSLIB] processing : 2021/12/17 01:34:48 Q=5
2026-01-06 17:26:46,815 - INFO - [GINSLIB] processing : 2021/12/17 01:34:49 Q=5
2026-01-06 17:26:46,816 - INFO - [GINSLIB] processing : 2021/12/17 01:34:50 Q=5
2026-01-06 17:26:46,822 - INFO - [GINSLIB] processing : 2021/12/17 01:34:51 Q=5
2026-01-06 17:26:46,829 - INFO - [GINSLIB] processing : 2021/12/17 01:34:52 Q=5
2026-01-06 17:26:46,835 - INFO - [GINSLIB] processing : 2021/12/17 01:34:53 Q=5
2026-01-06 17:26:46,846 - INFO - [GINSLIB] processing : 2021/12/17 01:34:54 Q=5
2026-01-06 17:26:46,847 - INFO - [GINSLIB] processing : 2021/12/17 01:34:55 Q=5
2026-01-06 17:26:46,854 - INFO - [GINSLIB] processing : 2021/12/17 01:34:56 Q=5
2026-01-06 17:26:46,861 - INFO - [GINSLIB] processing : 2021/12/17 01:34:57 Q=5
2026-01-06 17:26:46,868 - INFO - [GINSLIB] processing : 2021/12/17 01:34:58 Q=5
2026-01-06 17:26:46,879 - INFO - [GINSLIB] processing : 2021/12/17 01:34:59 Q=5
2026-01-06 17:26:46,881 - INFO - [GINSLIB] processing : 2021/12/17 01:35:00 Q=5
2026-01-06 17:26:46,888 - INFO - [GINSLIB] processing : 2021/12/17 01:35:01 Q=5
2026-01-06 17:26:46,895 - INFO - [GINSLIB] processing : 2021/12/17 01:35:02 Q=5
2026-01-06 17:26:46,901 - INFO - [GINSLIB] processing : 2021/12/17 01:35:03 Q=5
2026-01-06 17:26:46,908 - INFO - [GINSLIB] processing : 2021/12/17 01:35:04 Q=5
2026-01-06 17:26:46,915 - INFO - [GINSLIB] processing : 2021/12/17 01:35:05 Q=5
2026-01-06 17:26:46,921 - INFO - [GINSLIB] processing : 2021/12/17 01:35:06 Q=5
2026-01-06 17:26:46,928 - INFO - [GINSLIB] processing : 2021/12/17 01:35:07 Q=5
2026-01-06 17:26:46,935 - INFO - [GINSLIB] processing : 2021/12/17 01:35:08 Q=5
2026-01-06 17:26:46,942 - INFO - [GINSLIB] processing : 2021/12/17 01:35:09 Q=5
2026-01-06 17:26:46,948 - INFO - [GINSLIB] processing : 2021/12/17 01:35:10 Q=5
2026-01-06 17:26:46,954 - INFO - [GINSLIB] processing : 2021/12/17 01:35:11 Q=5
2026-01-06 17:26:46,963 - INFO - [GINSLIB] processing : 2021/12/17 01:35:12 Q=5
2026-01-06 17:26:46,969 - INFO - [GINSLIB] processing : 2021/12/17 01:35:13 Q=5
2026-01-06 17:26:46,977 - INFO - [GINSLIB] processing : 2021/12/17 01:35:14 Q=5
2026-01-06 17:26:46,991 - INFO - [GINSLIB] processing : 2021/12/17 01:35:15 Q=5
2026-01-06 17:26:46,993 - INFO - [GINSLIB] processing : 2021/12/17 01:35:16 Q=5
2026-01-06 17:26:47,000 - INFO - [GINSLIB] processing : 2021/12/17 01:35:17 Q=5
2026-01-06 17:26:47,009 - INFO - [GINSLIB] processing : 2021/12/17 01:35:18 Q=5
2026-01-06 17:26:47,017 - INFO - [GINSLIB] processing : 2021/12/17 01:35:19 Q=5
2026-01-06 17:26:47,031 - INFO - [GINSLIB] processing : 2021/12/17 01:35:20 Q=5
2026-01-06 17:26:47,032 - INFO - [GINSLIB] processing : 2021/12/17 01:35:21 Q=5
2026-01-06 17:26:47,040 - INFO - [GINSLIB] processing : 2021/12/17 01:35:22 Q=5
2026-01-06 17:26:47,047 - INFO - [GINSLIB] processing : 2021/12/17 01:35:23 Q=5
2026-01-06 17:26:47,054 - INFO - [GINSLIB] processing : 2021/12/17 01:35:24 Q=5
2026-01-06 17:26:47,065 - INFO - [GINSLIB] processing : 2021/12/17 01:35:25 Q=5
2026-01-06 17:26:47,066 - INFO - [GINSLIB] processing : 2021/12/17 01:35:26 Q=5
2026-01-06 17:26:47,074 - INFO - [GINSLIB] processing : 2021/12/17 01:35:27 Q=5
2026-01-06 17:26:47,081 - INFO - [GINSLIB] processing : 2021/12/17 01:35:28 Q=5
2026-01-06 17:26:47,088 - INFO - [GINSLIB] processing : 2021/12/17 01:35:29 Q=5
2026-01-06 17:26:47,095 - INFO - [GINSLIB] processing : 2021/12/17 01:35:30 Q=5
2026-01-06 17:26:47,103 - INFO - [GINSLIB] processing : 2021/12/17 01:35:31 Q=5
2026-01-06 17:26:47,111 - INFO - [GINSLIB] processing : 2021/12/17 01:35:32 Q=5
2026-01-06 17:26:47,119 - INFO - [GINSLIB] processing : 2021/12/17 01:35:33 Q=5
2026-01-06 17:26:47,126 - INFO - [GINSLIB] processing : 2021/12/17 01:35:34 Q=5
2026-01-06 17:26:47,134 - INFO - [GINSLIB] processing : 2021/12/17 01:35:35 Q=5
2026-01-06 17:26:47,141 - INFO - [GINSLIB] processing : 2021/12/17 01:35:36 Q=5
2026-01-06 17:26:47,150 - INFO - [GINSLIB] processing : 2021/12/17 01:35:37 Q=5
2026-01-06 17:26:47,158 - INFO - [GINSLIB] processing : 2021/12/17 01:35:38 Q=5
2026-01-06 17:26:47,167 - INFO - [GINSLIB] processing : 2021/12/17 01:35:39 Q=5
2026-01-06 17:26:47,175 - INFO - [GINSLIB] processing : 2021/12/17 01:35:40 Q=5
2026-01-06 17:26:47,183 - INFO - [GINSLIB] processing : 2021/12/17 01:35:41 Q=5
2026-01-06 17:26:47,190 - INFO - [GINSLIB] processing : 2021/12/17 01:35:42 Q=5
2026-01-06 17:26:47,199 - INFO - [GINSLIB] processing : 2021/12/17 01:35:43 Q=5
2026-01-06 17:26:47,207 - INFO - [GINSLIB] processing : 2021/12/17 01:35:44 Q=5
2026-01-06 17:26:47,215 - INFO - [GINSLIB] processing : 2021/12/17 01:35:45 Q=5
2026-01-06 17:26:47,227 - INFO - [GINSLIB] processing : 2021/12/17 01:35:46 Q=5
2026-01-06 17:26:47,229 - INFO - [GINSLIB] processing : 2021/12/17 01:35:47 Q=5
2026-01-06 17:26:47,235 - INFO - [GINSLIB] processing : 2021/12/17 01:35:48 Q=5
2026-01-06 17:26:47,243 - INFO - [GINSLIB] processing : 2021/12/17 01:35:49 Q=5
2026-01-06 17:26:47,250 - INFO - [GINSLIB] processing : 2021/12/17 01:35:50 Q=5
2026-01-06 17:26:47,264 - INFO - [GINSLIB] processing : 2021/12/17 01:35:51 Q=5
2026-01-06 17:26:47,265 - INFO - [GINSLIB] processing : 2021/12/17 01:35:52 Q=5
2026-01-06 17:26:47,274 - INFO - [GINSLIB] processing : 2021/12/17 01:35:53 Q=5
2026-01-06 17:26:47,281 - INFO - [GINSLIB] processing : 2021/12/17 01:35:54 Q=5
2026-01-06 17:26:47,290 - INFO - [GINSLIB] processing : 2021/12/17 01:35:55 Q=5
2026-01-06 17:26:47,304 - INFO - [GINSLIB] processing : 2021/12/17 01:35:56 Q=5
2026-01-06 17:26:47,305 - INFO - [GINSLIB] processing : 2021/12/17 01:35:57 Q=5
2026-01-06 17:26:47,314 - INFO - [GINSLIB] processing : 2021/12/17 01:35:58 Q=5
2026-01-06 17:26:47,322 - INFO - [GINSLIB] processing : 2021/12/17 01:35:59 Q=5
2026-01-06 17:26:47,330 - INFO - [GINSLIB] processing : 2021/12/17 01:36:00 Q=5
2026-01-06 17:26:47,337 - INFO - [GINSLIB] processing : 2021/12/17 01:36:01 Q=5
2026-01-06 17:26:47,343 - INFO - [GINSLIB] processing : 2021/12/17 01:36:02 Q=5
2026-01-06 17:26:47,351 - INFO - [GINSLIB] processing : 2021/12/17 01:36:03 Q=5
2026-01-06 17:26:47,359 - INFO - [GINSLIB] processing : 2021/12/17 01:36:04 Q=5
2026-01-06 17:26:47,367 - INFO - [GINSLIB] processing : 2021/12/17 01:36:05 Q=5
2026-01-06 17:26:47,375 - INFO - [GINSLIB] processing : 2021/12/17 01:36:06 Q=5
2026-01-06 17:26:47,382 - INFO - [GINSLIB] processing : 2021/12/17 01:36:07 Q=5
2026-01-06 17:26:47,389 - INFO - [GINSLIB] processing : 2021/12/17 01:36:08 Q=5
2026-01-06 17:26:47,397 - INFO - [GINSLIB] processing : 2021/12/17 01:36:09 Q=5
2026-01-06 17:26:47,403 - INFO - [GINSLIB] processing : 2021/12/17 01:36:10 Q=5
2026-01-06 17:26:47,412 - INFO - [GINSLIB] processing : 2021/12/17 01:36:11 Q=5
2026-01-06 17:26:47,419 - INFO - [GINSLIB] processing : 2021/12/17 01:36:12 Q=5
2026-01-06 17:26:47,428 - INFO - [GINSLIB] processing : 2021/12/17 01:36:13 Q=5
2026-01-06 17:26:47,435 - INFO - [GINSLIB] processing : 2021/12/17 01:36:14 Q=5
2026-01-06 17:26:47,444 - INFO - [GINSLIB] processing : 2021/12/17 01:36:15 Q=5
2026-01-06 17:26:47,451 - INFO - [GINSLIB] processing : 2021/12/17 01:36:16 Q=5
2026-01-06 17:26:47,463 - INFO - [GINSLIB] processing : 2021/12/17 01:36:17 Q=5
2026-01-06 17:26:47,464 - INFO - [GINSLIB] processing : 2021/12/17 01:36:18 Q=5
2026-01-06 17:26:47,472 - INFO - [GINSLIB] processing : 2021/12/17 01:36:19 Q=5
2026-01-06 17:26:47,479 - INFO - [GINSLIB] processing : 2021/12/17 01:36:20 Q=5
2026-01-06 17:26:47,487 - INFO - [GINSLIB] processing : 2021/12/17 01:36:21 Q=5
2026-01-06 17:26:47,501 - INFO - [GINSLIB] processing : 2021/12/17 01:36:22 Q=5
2026-01-06 17:26:47,502 - INFO - [GINSLIB] processing : 2021/12/17 01:36:23 Q=5
2026-01-06 17:26:47,510 - INFO - [GINSLIB] processing : 2021/12/17 01:36:24 Q=5
2026-01-06 17:26:47,518 - INFO - [GINSLIB] processing : 2021/12/17 01:36:25 Q=5
2026-01-06 17:26:47,526 - INFO - [GINSLIB] processing : 2021/12/17 01:36:26 Q=5
2026-01-06 17:26:47,539 - INFO - [GINSLIB] processing : 2021/12/17 01:36:27 Q=5
2026-01-06 17:26:47,540 - INFO - [GINSLIB] processing : 2021/12/17 01:36:28 Q=5
2026-01-06 17:26:47,548 - INFO - [GINSLIB] processing : 2021/12/17 01:36:29 Q=5
2026-01-06 17:26:47,556 - INFO - [GINSLIB] processing : 2021/12/17 01:36:30 Q=5
2026-01-06 17:26:47,565 - INFO - [GINSLIB] processing : 2021/12/17 01:36:31 Q=5
2026-01-06 17:26:47,572 - INFO - [GINSLIB] processing : 2021/12/17 01:36:32 Q=5
2026-01-06 17:26:47,579 - INFO - [GINSLIB] processing : 2021/12/17 01:36:33 Q=5
2026-01-06 17:26:47,587 - INFO - [GINSLIB] processing : 2021/12/17 01:36:34 Q=5
2026-01-06 17:26:47,594 - INFO - [GINSLIB] processing : 2021/12/17 01:36:35 Q=5
2026-01-06 17:26:47,602 - INFO - [GINSLIB] processing : 2021/12/17 01:36:36 Q=5
2026-01-06 17:26:47,610 - INFO - [GINSLIB] processing : 2021/12/17 01:36:37 Q=5
2026-01-06 17:26:47,617 - INFO - [GINSLIB] processing : 2021/12/17 01:36:38 Q=5
2026-01-06 17:26:47,625 - INFO - [GINSLIB] processing : 2021/12/17 01:36:39 Q=5
2026-01-06 17:26:47,633 - INFO - [GINSLIB] processing : 2021/12/17 01:36:40 Q=5
2026-01-06 17:26:47,641 - INFO - [GINSLIB] processing : 2021/12/17 01:36:41 Q=5
2026-01-06 17:26:47,649 - INFO - [GINSLIB] processing : 2021/12/17 01:36:42 Q=5
2026-01-06 17:26:47,655 - INFO - [GINSLIB] processing : 2021/12/17 01:36:43 Q=5
2026-01-06 17:26:47,663 - INFO - [GINSLIB] processing : 2021/12/17 01:36:44 Q=5
2026-01-06 17:26:47,671 - INFO - [GINSLIB] processing : 2021/12/17 01:36:45 Q=5
2026-01-06 17:26:47,679 - INFO - [GINSLIB] processing : 2021/12/17 01:36:46 Q=5
2026-01-06 17:26:47,686 - INFO - [GINSLIB] processing : 2021/12/17 01:36:47 Q=5
2026-01-06 17:26:47,701 - INFO - [GINSLIB] processing : 2021/12/17 01:36:48 Q=5
2026-01-06 17:26:47,702 - INFO - [GINSLIB] processing : 2021/12/17 01:36:49 Q=5
2026-01-06 17:26:47,711 - INFO - [GINSLIB] processing : 2021/12/17 01:36:50 Q=5
2026-01-06 17:26:47,719 - INFO - [GINSLIB] processing : 2021/12/17 01:36:51 Q=5
2026-01-06 17:26:47,727 - INFO - [GINSLIB] processing : 2021/12/17 01:36:52 Q=5
2026-01-06 17:26:47,740 - INFO - [GINSLIB] processing : 2021/12/17 01:36:53 Q=5
2026-01-06 17:26:47,741 - INFO - [GINSLIB] processing : 2021/12/17 01:36:54 Q=5
2026-01-06 17:26:47,748 - INFO - [GINSLIB] processing : 2021/12/17 01:36:55 Q=5
2026-01-06 17:26:47,756 - INFO - [GINSLIB] processing : 2021/12/17 01:36:56 Q=5
2026-01-06 17:26:47,763 - INFO - [GINSLIB] processing : 2021/12/17 01:36:57 Q=5
2026-01-06 17:26:47,777 - INFO - [GINSLIB] processing : 2021/12/17 01:36:58 Q=5
2026-01-06 17:26:47,778 - INFO - [GINSLIB] processing : 2021/12/17 01:36:59 Q=5
2026-01-06 17:26:47,785 - INFO - [GINSLIB] processing : 2021/12/17 01:37:00 Q=5
2026-01-06 17:26:47,792 - INFO - [GINSLIB] processing : 2021/12/17 01:37:01 Q=5
2026-01-06 17:26:47,801 - INFO - [GINSLIB] processing : 2021/12/17 01:37:02 Q=5
2026-01-06 17:26:47,808 - INFO - [GINSLIB] processing : 2021/12/17 01:37:03 Q=5
2026-01-06 17:26:47,814 - INFO - [GINSLIB] processing : 2021/12/17 01:37:04 Q=5
2026-01-06 17:26:47,821 - INFO - [GINSLIB] processing : 2021/12/17 01:37:05 Q=5
2026-01-06 17:26:47,830 - INFO - [GINSLIB] processing : 2021/12/17 01:37:06 Q=5
2026-01-06 17:26:47,837 - INFO - [GINSLIB] processing : 2021/12/17 01:37:07 Q=5
2026-01-06 17:26:47,845 - INFO - [GINSLIB] processing : 2021/12/17 01:37:08 Q=5
2026-01-06 17:26:47,852 - INFO - [GINSLIB] processing : 2021/12/17 01:37:09 Q=5
2026-01-06 17:26:47,859 - INFO - [GINSLIB] processing : 2021/12/17 01:37:10 Q=5
2026-01-06 17:26:47,866 - INFO - [GINSLIB] processing : 2021/12/17 01:37:11 Q=5
2026-01-06 17:26:47,874 - INFO - [GINSLIB] processing : 2021/12/17 01:37:12 Q=5
2026-01-06 17:26:47,882 - INFO - [GINSLIB] processing : 2021/12/17 01:37:13 Q=5
2026-01-06 17:26:47,896 - INFO - [GINSLIB] processing : 2021/12/17 01:37:14 Q=5
2026-01-06 17:26:47,897 - INFO - [GINSLIB] processing : 2021/12/17 01:37:15 Q=5
2026-01-06 17:26:47,904 - INFO - [GINSLIB] processing : 2021/12/17 01:37:16 Q=5
2026-01-06 17:26:47,913 - INFO - [GINSLIB] processing : 2021/12/17 01:37:17 Q=5
2026-01-06 17:26:47,920 - INFO - [GINSLIB] processing : 2021/12/17 01:37:18 Q=5
2026-01-06 17:26:47,933 - INFO - [GINSLIB] processing : 2021/12/17 01:37:19 Q=5
2026-01-06 17:26:47,934 - INFO - [GINSLIB] processing : 2021/12/17 01:37:20 Q=5
2026-01-06 17:26:47,942 - INFO - [GINSLIB] processing : 2021/12/17 01:37:21 Q=5
2026-01-06 17:26:47,949 - INFO - [GINSLIB] processing : 2021/12/17 01:37:22 Q=5
2026-01-06 17:26:47,957 - INFO - [GINSLIB] processing : 2021/12/17 01:37:23 Q=5
2026-01-06 17:26:47,970 - INFO - [GINSLIB] processing : 2021/12/17 01:37:24 Q=5
2026-01-06 17:26:47,971 - INFO - [GINSLIB] processing : 2021/12/17 01:37:25 Q=5
2026-01-06 17:26:47,979 - INFO - [GINSLIB] processing : 2021/12/17 01:37:26 Q=5
2026-01-06 17:26:47,986 - INFO - [GINSLIB] processing : 2021/12/17 01:37:27 Q=5
2026-01-06 17:26:47,995 - INFO - [GINSLIB] processing : 2021/12/17 01:37:28 Q=5
2026-01-06 17:26:48,007 - INFO - [GINSLIB] processing : 2021/12/17 01:37:29 Q=5
2026-01-06 17:26:48,008 - INFO - [GINSLIB] processing : 2021/12/17 01:37:30 Q=5
2026-01-06 17:26:48,015 - INFO - [GINSLIB] processing : 2021/12/17 01:37:31 Q=5
2026-01-06 17:26:48,023 - INFO - [GINSLIB] processing : 2021/12/17 01:37:32 Q=5
2026-01-06 17:26:48,030 - INFO - [GINSLIB] processing : 2021/12/17 01:37:33 Q=5
2026-01-06 17:26:48,038 - INFO - [GINSLIB] processing : 2021/12/17 01:37:33 Q=7
2026-01-06 17:26:48,039 - INFO - [GINSLIB] processing : 2021/12/17 01:37:34 Q=7
2026-01-06 17:26:48,045 - INFO - [GINSLIB] processing : 2021/12/17 01:37:34 Q=5
2026-01-06 17:26:48,045 - INFO - [GINSLIB] processing : 2021/12/17 01:37:35 Q=5
2026-01-06 17:26:48,052 - INFO - [GINSLIB] processing : 2021/12/17 01:37:36 Q=5
2026-01-06 17:26:48,060 - INFO - [GINSLIB] processing : 2021/12/17 01:37:37 Q=5
2026-01-06 17:26:48,067 - INFO - [GINSLIB] processing : 2021/12/17 01:37:38 Q=5
2026-01-06 17:26:48,074 - INFO - [GINSLIB] processing : 2021/12/17 01:37:38 Q=7
2026-01-06 17:26:48,075 - INFO - [GINSLIB] processing : 2021/12/17 01:37:39 Q=7
2026-01-06 17:26:48,081 - INFO - [GINSLIB] processing : 2021/12/17 01:37:39 Q=5
2026-01-06 17:26:48,081 - INFO - [GINSLIB] processing : 2021/12/17 01:37:40 Q=5
2026-01-06 17:26:48,088 - INFO - [GINSLIB] processing : 2021/12/17 01:37:41 Q=5
2026-01-06 17:26:48,096 - INFO - [GINSLIB] processing : 2021/12/17 01:37:42 Q=5
2026-01-06 17:26:48,103 - INFO - [GINSLIB] processing : 2021/12/17 01:37:43 Q=5
2026-01-06 17:26:48,111 - INFO - [GINSLIB] processing : 2021/12/17 01:37:44 Q=5
2026-01-06 17:26:48,124 - INFO - [GINSLIB] processing : 2021/12/17 01:37:45 Q=5
2026-01-06 17:26:48,125 - INFO - [GINSLIB] processing : 2021/12/17 01:37:46 Q=5
2026-01-06 17:26:48,133 - INFO - [GINSLIB] processing : 2021/12/17 01:37:47 Q=5
2026-01-06 17:26:48,140 - INFO - [GINSLIB] processing : 2021/12/17 01:37:48 Q=5
2026-01-06 17:26:48,147 - INFO - [GINSLIB] processing : 2021/12/17 01:37:49 Q=5
2026-01-06 17:26:48,160 - INFO - [GINSLIB] processing : 2021/12/17 01:37:50 Q=5
2026-01-06 17:26:48,161 - INFO - [GINSLIB] processing : 2021/12/17 01:37:51 Q=5
2026-01-06 17:26:48,168 - INFO - [GINSLIB] processing : 2021/12/17 01:37:52 Q=5
2026-01-06 17:26:48,177 - INFO - [GINSLIB] processing : 2021/12/17 01:37:53 Q=5
2026-01-06 17:26:48,185 - INFO - [GINSLIB] processing : 2021/12/17 01:37:54 Q=5
2026-01-06 17:26:48,198 - INFO - [GINSLIB] processing : 2021/12/17 01:37:55 Q=5
2026-01-06 17:26:48,199 - INFO - [GINSLIB] processing : 2021/12/17 01:37:56 Q=5
2026-01-06 17:26:48,207 - INFO - [GINSLIB] processing : 2021/12/17 01:37:57 Q=5
2026-01-06 17:26:48,215 - INFO - [GINSLIB] processing : 2021/12/17 01:37:58 Q=5
2026-01-06 17:26:48,222 - INFO - [GINSLIB] processing : 2021/12/17 01:37:59 Q=5
2026-01-06 17:26:48,230 - INFO - [GINSLIB] processing : 2021/12/17 01:38:00 Q=5
2026-01-06 17:26:48,237 - INFO - [GINSLIB] processing : 2021/12/17 01:38:01 Q=5
2026-01-06 17:26:48,245 - INFO - [GINSLIB] processing : 2021/12/17 01:38:02 Q=5
2026-01-06 17:26:48,253 - INFO - [GINSLIB] processing : 2021/12/17 01:38:03 Q=5
2026-01-06 17:26:48,261 - INFO - [GINSLIB] processing : 2021/12/17 01:38:04 Q=5
2026-01-06 17:26:48,269 - INFO - [GINSLIB] processing : 2021/12/17 01:38:05 Q=5
2026-01-06 17:26:48,275 - INFO - [GINSLIB] processing : 2021/12/17 01:38:06 Q=5
2026-01-06 17:26:48,283 - INFO - [GINSLIB] processing : 2021/12/17 01:38:07 Q=5
2026-01-06 17:26:48,291 - INFO - [GINSLIB] processing : 2021/12/17 01:38:08 Q=5
2026-01-06 17:26:48,298 - INFO - [GINSLIB] processing : 2021/12/17 01:38:09 Q=5
2026-01-06 17:26:48,306 - INFO - [GINSLIB] processing : 2021/12/17 01:38:10 Q=5
2026-01-06 17:26:48,312 - INFO - [GINSLIB] processing : 2021/12/17 01:38:11 Q=5
2026-01-06 17:26:48,320 - INFO - [GINSLIB] processing : 2021/12/17 01:38:12 Q=5
2026-01-06 17:26:48,327 - INFO - [GINSLIB] processing : 2021/12/17 01:38:13 Q=5
2026-01-06 17:26:48,335 - INFO - [GINSLIB] processing : 2021/12/17 01:38:14 Q=5
2026-01-06 17:26:48,342 - INFO - [GINSLIB] processing : 2021/12/17 01:38:15 Q=5
2026-01-06 17:26:48,356 - INFO - [GINSLIB] processing : 2021/12/17 01:38:16 Q=5
2026-01-06 17:26:48,357 - INFO - [GINSLIB] processing : 2021/12/17 01:38:17 Q=5
2026-01-06 17:26:48,364 - INFO - [GINSLIB] processing : 2021/12/17 01:38:18 Q=5
2026-01-06 17:26:48,371 - INFO - [GINSLIB] processing : 2021/12/17 01:38:19 Q=5
2026-01-06 17:26:48,379 - INFO - [GINSLIB] processing : 2021/12/17 01:38:20 Q=5
2026-01-06 17:26:48,393 - INFO - [GINSLIB] processing : 2021/12/17 01:38:21 Q=5
2026-01-06 17:26:48,394 - INFO - [GINSLIB] processing : 2021/12/17 01:38:22 Q=5
2026-01-06 17:26:48,401 - INFO - [GINSLIB] processing : 2021/12/17 01:38:23 Q=5
2026-01-06 17:26:48,409 - INFO - [GINSLIB] processing : 2021/12/17 01:38:24 Q=5
2026-01-06 17:26:48,416 - INFO - [GINSLIB] processing : 2021/12/17 01:38:25 Q=5
2026-01-06 17:26:48,430 - INFO - [GINSLIB] processing : 2021/12/17 01:38:26 Q=5
2026-01-06 17:26:48,431 - INFO - [GINSLIB] processing : 2021/12/17 01:38:27 Q=5
2026-01-06 17:26:48,438 - INFO - [GINSLIB] processing : 2021/12/17 01:38:28 Q=5
2026-01-06 17:26:48,446 - INFO - [GINSLIB] processing : 2021/12/17 01:38:29 Q=5
2026-01-06 17:26:48,452 - INFO - [GINSLIB] processing : 2021/12/17 01:38:30 Q=5
2026-01-06 17:26:48,460 - INFO - [GINSLIB] processing : 2021/12/17 01:38:31 Q=5
2026-01-06 17:26:48,466 - INFO - [GINSLIB] processing : 2021/12/17 01:38:32 Q=5
2026-01-06 17:26:48,473 - INFO - [GINSLIB] processing : 2021/12/17 01:38:33 Q=5
2026-01-06 17:26:48,480 - INFO - [GINSLIB] processing : 2021/12/17 01:38:34 Q=5
2026-01-06 17:26:48,489 - INFO - [GINSLIB] processing : 2021/12/17 01:38:35 Q=5
2026-01-06 17:26:48,495 - INFO - [GINSLIB] processing : 2021/12/17 01:38:36 Q=5
2026-01-06 17:26:48,501 - INFO - [GINSLIB] processing : 2021/12/17 01:38:37 Q=5
2026-01-06 17:26:48,509 - INFO - [GINSLIB] processing : 2021/12/17 01:38:38 Q=5
2026-01-06 17:26:48,516 - INFO - [GINSLIB] processing : 2021/12/17 01:38:39 Q=5
2026-01-06 17:26:48,523 - INFO - [GINSLIB] processing : 2021/12/17 01:38:40 Q=5
2026-01-06 17:26:48,531 - INFO - [GINSLIB] processing : 2021/12/17 01:38:41 Q=5
2026-01-06 17:26:48,538 - INFO - [GINSLIB] processing : 2021/12/17 01:38:42 Q=5
2026-01-06 17:26:48,545 - INFO - [GINSLIB] processing : 2021/12/17 01:38:43 Q=5
2026-01-06 17:26:48,553 - INFO - [GINSLIB] processing : 2021/12/17 01:38:44 Q=5
2026-01-06 17:26:48,559 - INFO - [GINSLIB] processing : 2021/12/17 01:38:44 Q=7
2026-01-06 17:26:48,560 - INFO - [GINSLIB] processing : 2021/12/17 01:38:45 Q=7
2026-01-06 17:26:48,567 - INFO - [GINSLIB] processing : 2021/12/17 01:38:45 Q=5
2026-01-06 17:26:48,568 - INFO - [GINSLIB] processing : 2021/12/17 01:38:46 Q=5
2026-01-06 17:26:48,580 - INFO - [GINSLIB] processing : 2021/12/17 01:38:47 Q=5
2026-01-06 17:26:48,582 - INFO - [GINSLIB] processing : 2021/12/17 01:38:48 Q=5
2026-01-06 17:26:48,589 - INFO - [GINSLIB] processing : 2021/12/17 01:38:49 Q=5
2026-01-06 17:26:48,597 - INFO - [GINSLIB] processing : 2021/12/17 01:38:50 Q=5
2026-01-06 17:26:48,604 - INFO - [GINSLIB] processing : 2021/12/17 01:38:51 Q=5
2026-01-06 17:26:48,618 - INFO - [GINSLIB] processing : 2021/12/17 01:38:52 Q=5
2026-01-06 17:26:48,619 - INFO - [GINSLIB] processing : 2021/12/17 01:38:53 Q=5
2026-01-06 17:26:48,626 - INFO - [GINSLIB] processing : 2021/12/17 01:38:54 Q=5
2026-01-06 17:26:48,634 - INFO - [GINSLIB] processing : 2021/12/17 01:38:55 Q=5
2026-01-06 17:26:48,641 - INFO - [GINSLIB] processing : 2021/12/17 01:38:56 Q=5
2026-01-06 17:26:48,653 - INFO - [GINSLIB] processing : 2021/12/17 01:38:57 Q=5
2026-01-06 17:26:48,655 - INFO - [GINSLIB] processing : 2021/12/17 01:38:58 Q=5
2026-01-06 17:26:48,663 - INFO - [GINSLIB] processing : 2021/12/17 01:38:59 Q=5
2026-01-06 17:26:48,670 - INFO - [GINSLIB] processing : 2021/12/17 01:39:00 Q=5
2026-01-06 17:26:48,678 - INFO - [GINSLIB] processing : 2021/12/17 01:39:01 Q=5
2026-01-06 17:26:48,684 - INFO - [GINSLIB] processing : 2021/12/17 01:39:02 Q=5
2026-01-06 17:26:48,689 - INFO - [GINSLIB] processing : 2021/12/17 01:39:03 Q=5
2026-01-06 17:26:48,697 - INFO - [GINSLIB] processing : 2021/12/17 01:39:04 Q=5
2026-01-06 17:26:48,705 - INFO - [GINSLIB] processing : 2021/12/17 01:39:05 Q=5
2026-01-06 17:26:48,712 - INFO - [GINSLIB] processing : 2021/12/17 01:39:06 Q=5
2026-01-06 17:26:48,719 - INFO - [GINSLIB] processing : 2021/12/17 01:39:07 Q=5
2026-01-06 17:26:48,727 - INFO - [GINSLIB] processing : 2021/12/17 01:39:08 Q=5
2026-01-06 17:26:48,733 - INFO - [GINSLIB] processing : 2021/12/17 01:39:09 Q=5
2026-01-06 17:26:48,740 - INFO - [GINSLIB] processing : 2021/12/17 01:39:10 Q=5
2026-01-06 17:26:48,748 - INFO - [GINSLIB] processing : 2021/12/17 01:39:11 Q=5
2026-01-06 17:26:48,756 - INFO - [GINSLIB] processing : 2021/12/17 01:39:12 Q=5
2026-01-06 17:26:48,762 - INFO - [GINSLIB] processing : 2021/12/17 01:39:13 Q=5
2026-01-06 17:26:48,769 - INFO - [GINSLIB] processing : 2021/12/17 01:39:14 Q=5
2026-01-06 17:26:48,776 - INFO - [GINSLIB] processing : 2021/12/17 01:39:15 Q=5
2026-01-06 17:26:48,784 - INFO - [GINSLIB] processing : 2021/12/17 01:39:16 Q=5
2026-01-06 17:26:48,791 - INFO - [GINSLIB] processing : 2021/12/17 01:39:17 Q=5
2026-01-06 17:26:48,805 - INFO - [GINSLIB] processing : 2021/12/17 01:39:18 Q=5
2026-01-06 17:26:48,806 - INFO - [GINSLIB] processing : 2021/12/17 01:39:19 Q=5
2026-01-06 17:26:48,814 - INFO - [GINSLIB] processing : 2021/12/17 01:39:20 Q=5
2026-01-06 17:26:48,821 - INFO - [GINSLIB] processing : 2021/12/17 01:39:21 Q=5
2026-01-06 17:26:48,828 - INFO - [GINSLIB] processing : 2021/12/17 01:39:22 Q=5
2026-01-06 17:26:48,841 - INFO - [GINSLIB] processing : 2021/12/17 01:39:23 Q=5
2026-01-06 17:26:48,843 - INFO - [GINSLIB] processing : 2021/12/17 01:39:24 Q=5
2026-01-06 17:26:48,850 - INFO - [GINSLIB] processing : 2021/12/17 01:39:25 Q=5
2026-01-06 17:26:48,858 - INFO - [GINSLIB] processing : 2021/12/17 01:39:26 Q=5
2026-01-06 17:26:48,865 - INFO - [GINSLIB] processing : 2021/12/17 01:39:27 Q=5
2026-01-06 17:26:48,877 - INFO - [GINSLIB] processing : 2021/12/17 01:39:28 Q=5
2026-01-06 17:26:48,878 - INFO - [GINSLIB] processing : 2021/12/17 01:39:29 Q=5
2026-01-06 17:26:48,885 - INFO - [GINSLIB] processing : 2021/12/17 01:39:30 Q=5
2026-01-06 17:26:48,892 - INFO - [GINSLIB] processing : 2021/12/17 01:39:31 Q=5
2026-01-06 17:26:48,898 - INFO - [GINSLIB] processing : 2021/12/17 01:39:32 Q=5
2026-01-06 17:26:48,906 - INFO - [GINSLIB] processing : 2021/12/17 01:39:33 Q=5
2026-01-06 17:26:48,912 - INFO - [GINSLIB] processing : 2021/12/17 01:39:34 Q=5
2026-01-06 17:26:48,919 - INFO - [GINSLIB] processing : 2021/12/17 01:39:35 Q=5
2026-01-06 17:26:48,927 - INFO - [GINSLIB] processing : 2021/12/17 01:39:36 Q=5
2026-01-06 17:26:48,935 - INFO - [GINSLIB] processing : 2021/12/17 01:39:37 Q=5
2026-01-06 17:26:48,942 - INFO - [GINSLIB] processing : 2021/12/17 01:39:38 Q=5
2026-01-06 17:26:48,948 - INFO - [GINSLIB] processing : 2021/12/17 01:39:39 Q=5
2026-01-06 17:26:48,956 - INFO - [GINSLIB] processing : 2021/12/17 01:39:40 Q=5
2026-01-06 17:26:48,964 - INFO - [GINSLIB] processing : 2021/12/17 01:39:41 Q=5
2026-01-06 17:26:48,971 - INFO - [GINSLIB] processing : 2021/12/17 01:39:42 Q=5
2026-01-06 17:26:48,978 - INFO - [GINSLIB] processing : 2021/12/17 01:39:43 Q=5
2026-01-06 17:26:48,984 - INFO - [GINSLIB] processing : 2021/12/17 01:39:44 Q=5
2026-01-06 17:26:48,992 - INFO - [GINSLIB] processing : 2021/12/17 01:39:45 Q=5
2026-01-06 17:26:49,000 - INFO - [GINSLIB] processing : 2021/12/17 01:39:46 Q=5
2026-01-06 17:26:49,006 - INFO - [GINSLIB] processing : 2021/12/17 01:39:47 Q=5
2026-01-06 17:26:49,014 - INFO - [GINSLIB] processing : 2021/12/17 01:39:48 Q=5
2026-01-06 17:26:49,027 - INFO - [GINSLIB] processing : 2021/12/17 01:39:49 Q=5
2026-01-06 17:26:49,028 - INFO - [GINSLIB] processing : 2021/12/17 01:39:50 Q=5
2026-01-06 17:26:49,035 - INFO - [GINSLIB] processing : 2021/12/17 01:39:51 Q=5
2026-01-06 17:26:49,043 - INFO - [GINSLIB] processing : 2021/12/17 01:39:52 Q=5
2026-01-06 17:26:49,050 - INFO - [GINSLIB] processing : 2021/12/17 01:39:53 Q=5
2026-01-06 17:26:49,063 - INFO - [GINSLIB] processing : 2021/12/17 01:39:54 Q=5
2026-01-06 17:26:49,064 - INFO - [GINSLIB] processing : 2021/12/17 01:39:55 Q=5
2026-01-06 17:26:49,071 - INFO - [GINSLIB] processing : 2021/12/17 01:39:56 Q=5
2026-01-06 17:26:49,078 - INFO - [GINSLIB] processing : 2021/12/17 01:39:57 Q=5
2026-01-06 17:26:49,085 - INFO - [GINSLIB] processing : 2021/12/17 01:39:58 Q=5
2026-01-06 17:26:49,098 - INFO - [GINSLIB] processing : 2021/12/17 01:39:59 Q=5
2026-01-06 17:26:49,099 - INFO - [GINSLIB] processing : 2021/12/17 01:40:00 Q=5
2026-01-06 17:26:49,107 - INFO - [GINSLIB] processing : 2021/12/17 01:40:01 Q=5
2026-01-06 17:26:49,115 - INFO - [GINSLIB] processing : 2021/12/17 01:40:02 Q=5
2026-01-06 17:26:49,123 - INFO - [GINSLIB] processing : 2021/12/17 01:40:03 Q=5
2026-01-06 17:26:49,130 - INFO - [GINSLIB] processing : 2021/12/17 01:40:04 Q=5
2026-01-06 17:26:49,137 - INFO - [GINSLIB] processing : 2021/12/17 01:40:05 Q=5
2026-01-06 17:26:49,144 - INFO - [GINSLIB] processing : 2021/12/17 01:40:06 Q=5
2026-01-06 17:26:49,152 - INFO - [GINSLIB] processing : 2021/12/17 01:40:07 Q=5
2026-01-06 17:26:49,160 - INFO - [GINSLIB] processing : 2021/12/17 01:40:08 Q=5
2026-01-06 17:26:49,167 - INFO - [GINSLIB] processing : 2021/12/17 01:40:09 Q=5
2026-01-06 17:26:49,172 - INFO - [GINSLIB] processing : 2021/12/17 01:40:10 Q=5
2026-01-06 17:26:49,179 - INFO - [GINSLIB] processing : 2021/12/17 01:40:11 Q=5
2026-01-06 17:26:49,186 - INFO - [GINSLIB] processing : 2021/12/17 01:40:12 Q=5
2026-01-06 17:26:49,193 - INFO - [GINSLIB] processing : 2021/12/17 01:40:13 Q=5
2026-01-06 17:26:49,201 - INFO - [GINSLIB] processing : 2021/12/17 01:40:14 Q=5
2026-01-06 17:26:49,214 - INFO - [GINSLIB] processing : 2021/12/17 01:40:15 Q=5
2026-01-06 17:26:49,215 - INFO - [GINSLIB] processing : 2021/12/17 01:40:16 Q=5
2026-01-06 17:26:49,222 - INFO - [GINSLIB] processing : 2021/12/17 01:40:17 Q=5
2026-01-06 17:26:49,230 - INFO - [GINSLIB] processing : 2021/12/17 01:40:18 Q=5
2026-01-06 17:26:49,236 - INFO - [GINSLIB] processing : 2021/12/17 01:40:19 Q=5
2026-01-06 17:26:49,248 - INFO - [GINSLIB] processing : 2021/12/17 01:40:20 Q=5
2026-01-06 17:26:49,249 - INFO - [GINSLIB] processing : 2021/12/17 01:40:21 Q=5
2026-01-06 17:26:49,256 - INFO - [GINSLIB] processing : 2021/12/17 01:40:22 Q=5
2026-01-06 17:26:49,264 - INFO - [GINSLIB] processing : 2021/12/17 01:40:23 Q=5
2026-01-06 17:26:49,270 - INFO - [GINSLIB] processing : 2021/12/17 01:40:24 Q=5
2026-01-06 17:26:49,282 - INFO - [GINSLIB] processing : 2021/12/17 01:40:25 Q=5
2026-01-06 17:26:49,283 - INFO - [GINSLIB] processing : 2021/12/17 01:40:26 Q=5
2026-01-06 17:26:49,291 - INFO - [GINSLIB] processing : 2021/12/17 01:40:27 Q=5
2026-01-06 17:26:49,298 - INFO - [GINSLIB] processing : 2021/12/17 01:40:28 Q=5
2026-01-06 17:26:49,304 - INFO - [GINSLIB] processing : 2021/12/17 01:40:29 Q=5
2026-01-06 17:26:49,316 - INFO - [GINSLIB] processing : 2021/12/17 01:40:30 Q=5
2026-01-06 17:26:49,317 - INFO - [GINSLIB] processing : 2021/12/17 01:40:31 Q=5
2026-01-06 17:26:49,324 - INFO - [GINSLIB] processing : 2021/12/17 01:40:32 Q=5
2026-01-06 17:26:49,331 - INFO - [GINSLIB] processing : 2021/12/17 01:40:33 Q=5
2026-01-06 17:26:49,338 - INFO - [GINSLIB] processing : 2021/12/17 01:40:34 Q=5
2026-01-06 17:26:49,344 - INFO - [GINSLIB] processing : 2021/12/17 01:40:35 Q=5
2026-01-06 17:26:49,350 - INFO - [GINSLIB] processing : 2021/12/17 01:40:36 Q=5
2026-01-06 17:26:49,357 - INFO - [GINSLIB] processing : 2021/12/17 01:40:37 Q=5
2026-01-06 17:26:49,363 - INFO - [GINSLIB] processing : 2021/12/17 01:40:38 Q=5
2026-01-06 17:26:49,371 - INFO - [GINSLIB] processing : 2021/12/17 01:40:39 Q=5
2026-01-06 17:26:49,378 - INFO - [GINSLIB] processing : 2021/12/17 01:40:40 Q=5
2026-01-06 17:26:49,385 - INFO - [GINSLIB] processing : 2021/12/17 01:40:41 Q=5
2026-01-06 17:26:49,392 - INFO - [GINSLIB] processing : 2021/12/17 01:40:42 Q=5
2026-01-06 17:26:49,400 - INFO - [GINSLIB] processing : 2021/12/17 01:40:43 Q=5
2026-01-06 17:26:49,407 - INFO - [GINSLIB] processing : 2021/12/17 01:40:44 Q=5
2026-01-06 17:26:49,416 - INFO - [GINSLIB] processing : 2021/12/17 01:40:45 Q=5
2026-01-06 17:26:49,428 - INFO - [GINSLIB] processing : 2021/12/17 01:40:46 Q=5
2026-01-06 17:26:49,429 - INFO - [GINSLIB] processing : 2021/12/17 01:40:47 Q=5
2026-01-06 17:26:49,437 - INFO - [GINSLIB] processing : 2021/12/17 01:40:48 Q=5
2026-01-06 17:26:49,444 - INFO - [GINSLIB] processing : 2021/12/17 01:40:49 Q=5
2026-01-06 17:26:49,451 - INFO - [GINSLIB] processing : 2021/12/17 01:40:50 Q=5
2026-01-06 17:26:49,463 - INFO - [GINSLIB] processing : 2021/12/17 01:40:51 Q=5
2026-01-06 17:26:49,464 - INFO - [GINSLIB] processing : 2021/12/17 01:40:52 Q=5
2026-01-06 17:26:49,471 - INFO - [GINSLIB] processing : 2021/12/17 01:40:53 Q=5
2026-01-06 17:26:49,478 - INFO - [GINSLIB] processing : 2021/12/17 01:40:54 Q=5
2026-01-06 17:26:49,484 - INFO - [GINSLIB] processing : 2021/12/17 01:40:55 Q=5
2026-01-06 17:26:49,495 - INFO - [GINSLIB] processing : 2021/12/17 01:40:56 Q=5
2026-01-06 17:26:49,496 - INFO - [GINSLIB] processing : 2021/12/17 01:40:57 Q=5
2026-01-06 17:26:49,502 - INFO - [GINSLIB] processing : 2021/12/17 01:40:58 Q=5
2026-01-06 17:26:49,510 - INFO - [GINSLIB] processing : 2021/12/17 01:40:59 Q=5
2026-01-06 17:26:49,516 - INFO - [GINSLIB] processing : 2021/12/17 01:41:00 Q=5
2026-01-06 17:26:49,523 - INFO - [GINSLIB] processing : 2021/12/17 01:41:01 Q=5
2026-01-06 17:26:49,529 - INFO - [GINSLIB] processing : 2021/12/17 01:41:02 Q=5
2026-01-06 17:26:49,535 - INFO - [GINSLIB] processing : 2021/12/17 01:41:03 Q=5
2026-01-06 17:26:49,543 - INFO - [GINSLIB] processing : 2021/12/17 01:41:04 Q=5
2026-01-06 17:26:49,549 - INFO - [GINSLIB] processing : 2021/12/17 01:41:05 Q=5
2026-01-06 17:26:49,557 - INFO - [GINSLIB] processing : 2021/12/17 01:41:06 Q=5
2026-01-06 17:26:49,562 - INFO - [GINSLIB] processing : 2021/12/17 01:41:07 Q=5
2026-01-06 17:26:49,568 - INFO - [GINSLIB] processing : 2021/12/17 01:41:08 Q=5
2026-01-06 17:26:49,575 - INFO - [GINSLIB] processing : 2021/12/17 01:41:09 Q=5
2026-01-06 17:26:49,581 - INFO - [GINSLIB] processing : 2021/12/17 01:41:10 Q=5
2026-01-06 17:26:49,588 - INFO - [GINSLIB] processing : 2021/12/17 01:41:11 Q=5
2026-01-06 17:26:49,594 - INFO - [GINSLIB] processing : 2021/12/17 01:41:12 Q=5
2026-01-06 17:26:49,600 - INFO - [GINSLIB] processing : 2021/12/17 01:41:13 Q=5
2026-01-06 17:26:49,607 - INFO - [GINSLIB] processing : 2021/12/17 01:41:14 Q=5
2026-01-06 17:26:49,614 - INFO - [GINSLIB] processing : 2021/12/17 01:41:15 Q=5
2026-01-06 17:26:49,621 - INFO - [GINSLIB] processing : 2021/12/17 01:41:16 Q=5
2026-01-06 17:26:49,632 - INFO - [GINSLIB] processing : 2021/12/17 01:41:17 Q=5
2026-01-06 17:26:49,633 - INFO - [GINSLIB] processing : 2021/12/17 01:41:18 Q=5
2026-01-06 17:26:49,640 - INFO - [GINSLIB] processing : 2021/12/17 01:41:19 Q=5
2026-01-06 17:26:49,646 - INFO - [GINSLIB] processing : 2021/12/17 01:41:20 Q=5
2026-01-06 17:26:49,654 - INFO - [GINSLIB] processing : 2021/12/17 01:41:21 Q=5
2026-01-06 17:26:49,666 - INFO - [GINSLIB] processing : 2021/12/17 01:41:22 Q=5
2026-01-06 17:26:49,667 - INFO - [GINSLIB] processing : 2021/12/17 01:41:23 Q=5
2026-01-06 17:26:49,674 - INFO - [GINSLIB] processing : 2021/12/17 01:41:24 Q=5
2026-01-06 17:26:49,681 - INFO - [GINSLIB] processing : 2021/12/17 01:41:25 Q=5
2026-01-06 17:26:49,688 - INFO - [GINSLIB] processing : 2021/12/17 01:41:26 Q=5
2026-01-06 17:26:49,700 - INFO - [GINSLIB] processing : 2021/12/17 01:41:27 Q=5
2026-01-06 17:26:49,701 - INFO - [GINSLIB] processing : 2021/12/17 01:41:28 Q=5
2026-01-06 17:26:49,709 - INFO - [GINSLIB] processing : 2021/12/17 01:41:29 Q=5
2026-01-06 17:26:49,717 - INFO - [GINSLIB] processing : 2021/12/17 01:41:30 Q=5
2026-01-06 17:26:49,724 - INFO - [GINSLIB] processing : 2021/12/17 01:41:31 Q=5
2026-01-06 17:26:49,733 - INFO - [GINSLIB] processing : 2021/12/17 01:41:32 Q=5
2026-01-06 17:26:49,738 - INFO - [GINSLIB] processing : 2021/12/17 01:41:33 Q=5
2026-01-06 17:26:49,746 - INFO - [GINSLIB] processing : 2021/12/17 01:41:34 Q=5
2026-01-06 17:26:49,752 - INFO - [GINSLIB] processing : 2021/12/17 01:41:35 Q=5
2026-01-06 17:26:49,761 - INFO - [GINSLIB] processing : 2021/12/17 01:41:36 Q=5
2026-01-06 17:26:49,768 - INFO - [GINSLIB] processing : 2021/12/17 01:41:37 Q=5
2026-01-06 17:26:49,774 - INFO - [GINSLIB] processing : 2021/12/17 01:41:38 Q=5
2026-01-06 17:26:49,782 - INFO - [GINSLIB] processing : 2021/12/17 01:41:39 Q=5
2026-01-06 17:26:49,789 - INFO - [GINSLIB] processing : 2021/12/17 01:41:40 Q=5
2026-01-06 17:26:49,797 - INFO - [GINSLIB] processing : 2021/12/17 01:41:41 Q=5
2026-01-06 17:26:49,804 - INFO - [GINSLIB] processing : 2021/12/17 01:41:42 Q=5
2026-01-06 17:26:49,811 - INFO - [GINSLIB] processing : 2021/12/17 01:41:43 Q=5
2026-01-06 17:26:49,817 - INFO - [GINSLIB] processing : 2021/12/17 01:41:44 Q=5
2026-01-06 17:26:49,824 - INFO - [GINSLIB] processing : 2021/12/17 01:41:45 Q=5
2026-01-06 17:26:49,831 - INFO - [GINSLIB] processing : 2021/12/17 01:41:46 Q=5
2026-01-06 17:26:49,839 - INFO - [GINSLIB] processing : 2021/12/17 01:41:47 Q=5
2026-01-06 17:26:49,851 - INFO - [GINSLIB] processing : 2021/12/17 01:41:48 Q=5
2026-01-06 17:26:49,852 - INFO - [GINSLIB] processing : 2021/12/17 01:41:49 Q=5
2026-01-06 17:26:49,860 - INFO - [GINSLIB] processing : 2021/12/17 01:41:50 Q=5
2026-01-06 17:26:49,866 - INFO - [GINSLIB] processing : 2021/12/17 01:41:51 Q=5
2026-01-06 17:26:49,874 - INFO - [GINSLIB] processing : 2021/12/17 01:41:52 Q=5
2026-01-06 17:26:49,886 - INFO - [GINSLIB] processing : 2021/12/17 01:41:53 Q=5
2026-01-06 17:26:49,887 - INFO - [GINSLIB] processing : 2021/12/17 01:41:54 Q=5
2026-01-06 17:26:49,893 - INFO - [GINSLIB] processing : 2021/12/17 01:41:55 Q=5
2026-01-06 17:26:49,900 - INFO - [GINSLIB] processing : 2021/12/17 01:41:56 Q=5
2026-01-06 17:26:49,907 - INFO - [GINSLIB] processing : 2021/12/17 01:41:57 Q=5
2026-01-06 17:26:49,919 - INFO - [GINSLIB] processing : 2021/12/17 01:41:58 Q=5
2026-01-06 17:26:49,920 - INFO - [GINSLIB] processing : 2021/12/17 01:41:59 Q=5
2026-01-06 17:26:49,926 - INFO - [GINSLIB] processing : 2021/12/17 01:42:00 Q=5
2026-01-06 17:26:49,933 - INFO - [GINSLIB] processing : 2021/12/17 01:42:01 Q=5
2026-01-06 17:26:49,939 - INFO - [GINSLIB] processing : 2021/12/17 01:42:02 Q=5
2026-01-06 17:26:49,946 - INFO - [GINSLIB] processing : 2021/12/17 01:42:03 Q=5
2026-01-06 17:26:49,952 - INFO - [GINSLIB] processing : 2021/12/17 01:42:04 Q=5
2026-01-06 17:26:49,959 - INFO - [GINSLIB] processing : 2021/12/17 01:42:05 Q=5
2026-01-06 17:26:49,966 - INFO - [GINSLIB] processing : 2021/12/17 01:42:06 Q=5
2026-01-06 17:26:49,972 - INFO - [GINSLIB] processing : 2021/12/17 01:42:07 Q=5
2026-01-06 17:26:49,978 - INFO - [GINSLIB] processing : 2021/12/17 01:42:08 Q=5
2026-01-06 17:26:49,984 - INFO - [GINSLIB] processing : 2021/12/17 01:42:09 Q=5
2026-01-06 17:26:49,990 - INFO - [GINSLIB] processing : 2021/12/17 01:42:10 Q=5
2026-01-06 17:26:49,997 - INFO - [GINSLIB] processing : 2021/12/17 01:42:11 Q=5
2026-01-06 17:26:50,004 - INFO - [GINSLIB] processing : 2021/12/17 01:42:12 Q=5
2026-01-06 17:26:50,012 - INFO - [GINSLIB] processing : 2021/12/17 01:42:13 Q=5
2026-01-06 17:26:50,018 - INFO - [GINSLIB] processing : 2021/12/17 01:42:14 Q=5
2026-01-06 17:26:50,025 - INFO - [GINSLIB] processing : 2021/12/17 01:42:15 Q=5
2026-01-06 17:26:50,031 - INFO - [GINSLIB] processing : 2021/12/17 01:42:16 Q=5
2026-01-06 17:26:50,038 - INFO - [GINSLIB] processing : 2021/12/17 01:42:17 Q=5
2026-01-06 17:26:50,046 - INFO - [GINSLIB] processing : 2021/12/17 01:42:18 Q=5
2026-01-06 17:26:50,057 - INFO - [GINSLIB] processing : 2021/12/17 01:42:19 Q=5
2026-01-06 17:26:50,058 - INFO - [GINSLIB] processing : 2021/12/17 01:42:20 Q=5
2026-01-06 17:26:50,065 - INFO - [GINSLIB] processing : 2021/12/17 01:42:21 Q=5
2026-01-06 17:26:50,071 - INFO - [GINSLIB] processing : 2021/12/17 01:42:22 Q=5
2026-01-06 17:26:50,077 - INFO - [GINSLIB] processing : 2021/12/17 01:42:23 Q=5
2026-01-06 17:26:50,088 - INFO - [GINSLIB] processing : 2021/12/17 01:42:24 Q=5
2026-01-06 17:26:50,090 - INFO - [GINSLIB] processing : 2021/12/17 01:42:25 Q=5
2026-01-06 17:26:50,096 - INFO - [GINSLIB] processing : 2021/12/17 01:42:26 Q=5
2026-01-06 17:26:50,104 - INFO - [GINSLIB] processing : 2021/12/17 01:42:27 Q=5
2026-01-06 17:26:50,110 - INFO - [GINSLIB] processing : 2021/12/17 01:42:28 Q=5
2026-01-06 17:26:50,122 - INFO - [GINSLIB] processing : 2021/12/17 01:42:29 Q=5
2026-01-06 17:26:50,123 - INFO - [GINSLIB] processing : 2021/12/17 01:42:30 Q=5
2026-01-06 17:26:50,130 - INFO - [GINSLIB] processing : 2021/12/17 01:42:31 Q=5
2026-01-06 17:26:50,137 - INFO - [GINSLIB] processing : 2021/12/17 01:42:32 Q=5
2026-01-06 17:26:50,145 - INFO - [GINSLIB] processing : 2021/12/17 01:42:33 Q=5
2026-01-06 17:26:50,153 - INFO - [GINSLIB] processing : 2021/12/17 01:42:34 Q=5
2026-01-06 17:26:50,159 - INFO - [GINSLIB] processing : 2021/12/17 01:42:35 Q=5
2026-01-06 17:26:50,166 - INFO - [GINSLIB] processing : 2021/12/17 01:42:36 Q=5
2026-01-06 17:26:50,172 - INFO - [GINSLIB] processing : 2021/12/17 01:42:37 Q=5
2026-01-06 17:26:50,180 - INFO - [GINSLIB] processing : 2021/12/17 01:42:38 Q=5
2026-01-06 17:26:50,187 - INFO - [GINSLIB] processing : 2021/12/17 01:42:39 Q=5
2026-01-06 17:26:50,193 - INFO - [GINSLIB] processing : 2021/12/17 01:42:40 Q=5
2026-01-06 17:26:50,200 - INFO - [GINSLIB] processing : 2021/12/17 01:42:41 Q=5
2026-01-06 17:26:50,208 - INFO - [GINSLIB] processing : 2021/12/17 01:42:42 Q=5
2026-01-06 17:26:50,216 - INFO - [GINSLIB] processing : 2021/12/17 01:42:43 Q=5
2026-01-06 17:26:50,222 - INFO - [GINSLIB] processing : 2021/12/17 01:42:44 Q=5
2026-01-06 17:26:50,235 - INFO - [GINSLIB] processing : 2021/12/17 01:42:45 Q=5
2026-01-06 17:26:50,236 - INFO - [GINSLIB] processing : 2021/12/17 01:42:46 Q=5
2026-01-06 17:26:50,244 - INFO - [GINSLIB] processing : 2021/12/17 01:42:47 Q=5
2026-01-06 17:26:50,250 - INFO - [GINSLIB] processing : 2021/12/17 01:42:48 Q=5
2026-01-06 17:26:50,257 - INFO - [GINSLIB] processing : 2021/12/17 01:42:49 Q=5
2026-01-06 17:26:50,269 - INFO - [GINSLIB] processing : 2021/12/17 01:42:50 Q=5
2026-01-06 17:26:50,271 - INFO - [GINSLIB] processing : 2021/12/17 01:42:51 Q=5
2026-01-06 17:26:50,278 - INFO - [GINSLIB] processing : 2021/12/17 01:42:52 Q=5
2026-01-06 17:26:50,284 - INFO - [GINSLIB] processing : 2021/12/17 01:42:53 Q=5
2026-01-06 17:26:50,292 - INFO - [GINSLIB] processing : 2021/12/17 01:42:54 Q=5
2026-01-06 17:26:50,304 - INFO - [GINSLIB] processing : 2021/12/17 01:42:55 Q=5
2026-01-06 17:26:50,305 - INFO - [GINSLIB] processing : 2021/12/17 01:42:56 Q=5
2026-01-06 17:26:50,312 - INFO - [GINSLIB] processing : 2021/12/17 01:42:57 Q=5
2026-01-06 17:26:50,318 - INFO - [GINSLIB] processing : 2021/12/17 01:42:58 Q=5
2026-01-06 17:26:50,325 - INFO - [GINSLIB] processing : 2021/12/17 01:42:59 Q=5
2026-01-06 17:26:50,337 - INFO - [GINSLIB] processing : 2021/12/17 01:43:00 Q=5
2026-01-06 17:26:50,338 - INFO - [GINSLIB] processing : 2021/12/17 01:43:01 Q=5
2026-01-06 17:26:50,344 - INFO - [GINSLIB] processing : 2021/12/17 01:43:02 Q=5
2026-01-06 17:26:50,351 - INFO - [GINSLIB] processing : 2021/12/17 01:43:03 Q=5
2026-01-06 17:26:50,357 - INFO - [GINSLIB] processing : 2021/12/17 01:43:04 Q=5
2026-01-06 17:26:50,363 - INFO - [GINSLIB] processing : 2021/12/17 01:43:05 Q=5
2026-01-06 17:26:50,369 - INFO - [GINSLIB] processing : 2021/12/17 01:43:06 Q=5
2026-01-06 17:26:50,375 - INFO - [GINSLIB] processing : 2021/12/17 01:43:07 Q=5
2026-01-06 17:26:50,383 - INFO - [GINSLIB] processing : 2021/12/17 01:43:08 Q=5
2026-01-06 17:26:50,389 - INFO - [GINSLIB] processing : 2021/12/17 01:43:09 Q=5
2026-01-06 17:26:50,396 - INFO - [GINSLIB] processing : 2021/12/17 01:43:10 Q=5
2026-01-06 17:26:50,402 - INFO - [GINSLIB] processing : 2021/12/17 01:43:11 Q=5
2026-01-06 17:26:50,408 - INFO - [GINSLIB] processing : 2021/12/17 01:43:12 Q=5
2026-01-06 17:26:50,416 - INFO - [GINSLIB] processing : 2021/12/17 01:43:13 Q=5
2026-01-06 17:26:50,422 - INFO - [GINSLIB] processing : 2021/12/17 01:43:14 Q=5
2026-01-06 17:26:50,429 - INFO - [GINSLIB] processing : 2021/12/17 01:43:15 Q=5
2026-01-06 17:26:50,439 - INFO - [GINSLIB] processing : 2021/12/17 01:43:16 Q=5
2026-01-06 17:26:50,441 - INFO - [GINSLIB] processing : 2021/12/17 01:43:17 Q=5
2026-01-06 17:26:50,448 - INFO - [GINSLIB] processing : 2021/12/17 01:43:18 Q=5
2026-01-06 17:26:50,454 - INFO - [GINSLIB] processing : 2021/12/17 01:43:19 Q=5
2026-01-06 17:26:50,462 - INFO - [GINSLIB] processing : 2021/12/17 01:43:20 Q=5
2026-01-06 17:26:50,473 - INFO - [GINSLIB] processing : 2021/12/17 01:43:21 Q=5
2026-01-06 17:26:50,475 - INFO - [GINSLIB] processing : 2021/12/17 01:43:22 Q=5
2026-01-06 17:26:50,482 - INFO - [GINSLIB] processing : 2021/12/17 01:43:23 Q=5
2026-01-06 17:26:50,489 - INFO - [GINSLIB] processing : 2021/12/17 01:43:24 Q=5
2026-01-06 17:26:50,496 - INFO - [GINSLIB] processing : 2021/12/17 01:43:25 Q=5
2026-01-06 17:26:50,507 - INFO - [GINSLIB] processing : 2021/12/17 01:43:26 Q=5
2026-01-06 17:26:50,508 - INFO - [GINSLIB] processing : 2021/12/17 01:43:27 Q=5
2026-01-06 17:26:50,515 - INFO - [GINSLIB] processing : 2021/12/17 01:43:28 Q=5
2026-01-06 17:26:50,522 - INFO - [GINSLIB] processing : 2021/12/17 01:43:29 Q=5
2026-01-06 17:26:50,529 - INFO - [GINSLIB] processing : 2021/12/17 01:43:30 Q=5
2026-01-06 17:26:50,541 - INFO - [GINSLIB] processing : 2021/12/17 01:43:31 Q=5
2026-01-06 17:26:50,543 - INFO - [GINSLIB] processing : 2021/12/17 01:43:32 Q=5
2026-01-06 17:26:50,550 - INFO - [GINSLIB] processing : 2021/12/17 01:43:33 Q=5
2026-01-06 17:26:50,557 - INFO - [GINSLIB] processing : 2021/12/17 01:43:34 Q=5
2026-01-06 17:26:50,564 - INFO - [GINSLIB] processing : 2021/12/17 01:43:35 Q=5
2026-01-06 17:26:50,572 - INFO - [GINSLIB] processing : 2021/12/17 01:43:36 Q=5
2026-01-06 17:26:50,578 - INFO - [GINSLIB] processing : 2021/12/17 01:43:37 Q=5
2026-01-06 17:26:50,586 - INFO - [GINSLIB] processing : 2021/12/17 01:43:38 Q=5
2026-01-06 17:26:50,593 - INFO - [GINSLIB] processing : 2021/12/17 01:43:39 Q=5
2026-01-06 17:26:50,601 - INFO - [GINSLIB] processing : 2021/12/17 01:43:40 Q=5
2026-01-06 17:26:50,609 - INFO - [GINSLIB] processing : 2021/12/17 01:43:41 Q=5
2026-01-06 17:26:50,615 - INFO - [GINSLIB] processing : 2021/12/17 01:43:42 Q=5
2026-01-06 17:26:50,622 - INFO - [GINSLIB] processing : 2021/12/17 01:43:43 Q=5
2026-01-06 17:26:50,631 - INFO - [GINSLIB] processing : 2021/12/17 01:43:44 Q=5
2026-01-06 17:26:50,638 - INFO - [GINSLIB] processing : 2021/12/17 01:43:45 Q=5
2026-01-06 17:26:50,646 - INFO - [GINSLIB] processing : 2021/12/17 01:43:46 Q=5
2026-01-06 17:26:50,659 - INFO - [GINSLIB] processing : 2021/12/17 01:43:47 Q=5
2026-01-06 17:26:50,661 - INFO - [GINSLIB] processing : 2021/12/17 01:43:48 Q=5
2026-01-06 17:26:50,668 - INFO - [GINSLIB] processing : 2021/12/17 01:43:49 Q=5
2026-01-06 17:26:50,676 - INFO - [GINSLIB] processing : 2021/12/17 01:43:50 Q=5
2026-01-06 17:26:50,684 - INFO - [GINSLIB] processing : 2021/12/17 01:43:51 Q=5
2026-01-06 17:26:50,698 - INFO - [GINSLIB] processing : 2021/12/17 01:43:52 Q=5
2026-01-06 17:26:50,699 - INFO - [GINSLIB] processing : 2021/12/17 01:43:53 Q=5
2026-01-06 17:26:50,707 - INFO - [GINSLIB] processing : 2021/12/17 01:43:54 Q=5
2026-01-06 17:26:50,714 - INFO - [GINSLIB] processing : 2021/12/17 01:43:55 Q=5
2026-01-06 17:26:50,721 - INFO - [GINSLIB] processing : 2021/12/17 01:43:56 Q=5
2026-01-06 17:26:50,735 - INFO - [GINSLIB] processing : 2021/12/17 01:43:57 Q=5
2026-01-06 17:26:50,737 - INFO - [GINSLIB] processing : 2021/12/17 01:43:58 Q=5
2026-01-06 17:26:50,744 - INFO - [GINSLIB] processing : 2021/12/17 01:43:59 Q=5
2026-01-06 17:26:50,752 - INFO - [GINSLIB] processing : 2021/12/17 01:44:00 Q=5
2026-01-06 17:26:50,759 - INFO - [GINSLIB] processing : 2021/12/17 01:44:01 Q=5
2026-01-06 17:26:50,766 - INFO - [GINSLIB] processing : 2021/12/17 01:44:02 Q=5
2026-01-06 17:26:50,772 - INFO - [GINSLIB] processing : 2021/12/17 01:44:03 Q=5
2026-01-06 17:26:50,779 - INFO - [GINSLIB] processing : 2021/12/17 01:44:04 Q=5
2026-01-06 17:26:50,787 - INFO - [GINSLIB] processing : 2021/12/17 01:44:05 Q=5
2026-01-06 17:26:50,794 - INFO - [GINSLIB] processing : 2021/12/17 01:44:06 Q=5
2026-01-06 17:26:50,802 - INFO - [GINSLIB] processing : 2021/12/17 01:44:07 Q=5
2026-01-06 17:26:50,808 - INFO - [GINSLIB] processing : 2021/12/17 01:44:08 Q=5
2026-01-06 17:26:50,815 - INFO - [GINSLIB] processing : 2021/12/17 01:44:09 Q=5
2026-01-06 17:26:50,821 - INFO - [GINSLIB] processing : 2021/12/17 01:44:10 Q=5
2026-01-06 17:26:50,828 - INFO - [GINSLIB] processing : 2021/12/17 01:44:11 Q=5
2026-01-06 17:26:50,835 - INFO - [GINSLIB] processing : 2021/12/17 01:44:12 Q=5
2026-01-06 17:26:50,841 - INFO - [GINSLIB] processing : 2021/12/17 01:44:13 Q=5
2026-01-06 17:26:50,849 - INFO - [GINSLIB] processing : 2021/12/17 01:44:14 Q=5
2026-01-06 17:26:50,856 - INFO - [GINSLIB] processing : 2021/12/17 01:44:15 Q=5
2026-01-06 17:26:50,863 - INFO - [GINSLIB] processing : 2021/12/17 01:44:16 Q=5
2026-01-06 17:26:50,870 - INFO - [GINSLIB] processing : 2021/12/17 01:44:17 Q=5
2026-01-06 17:26:50,881 - INFO - [GINSLIB] processing : 2021/12/17 01:44:18 Q=5
2026-01-06 17:26:50,883 - INFO - [GINSLIB] processing : 2021/12/17 01:44:19 Q=5
2026-01-06 17:26:50,889 - INFO - [GINSLIB] processing : 2021/12/17 01:44:20 Q=5
2026-01-06 17:26:50,897 - INFO - [GINSLIB] processing : 2021/12/17 01:44:21 Q=5
2026-01-06 17:26:50,903 - INFO - [GINSLIB] processing : 2021/12/17 01:44:22 Q=5
2026-01-06 17:26:50,915 - INFO - [GINSLIB] processing : 2021/12/17 01:44:23 Q=5
2026-01-06 17:26:50,916 - INFO - [GINSLIB] processing : 2021/12/17 01:44:24 Q=5
2026-01-06 17:26:50,924 - INFO - [GINSLIB] processing : 2021/12/17 01:44:25 Q=5
2026-01-06 17:26:50,930 - INFO - [GINSLIB] processing : 2021/12/17 01:44:26 Q=5
2026-01-06 17:26:50,935 - INFO - [GINSLIB] processing : 2021/12/17 01:44:27 Q=5
2026-01-06 17:26:50,945 - INFO - [GINSLIB] processing : 2021/12/17 01:44:28 Q=5
2026-01-06 17:26:50,946 - INFO - [GINSLIB] processing : 2021/12/17 01:44:29 Q=5
2026-01-06 17:26:50,951 - INFO - [GINSLIB] processing : 2021/12/17 01:44:30 Q=5
2026-01-06 17:26:50,958 - INFO - [GINSLIB] processing : 2021/12/17 01:44:31 Q=5
2026-01-06 17:26:50,964 - INFO - [GINSLIB] processing : 2021/12/17 01:44:32 Q=5
2026-01-06 17:26:50,970 - INFO - [GINSLIB] processing : 2021/12/17 01:44:33 Q=5
2026-01-06 17:26:50,975 - INFO - [GINSLIB] processing : 2021/12/17 01:44:34 Q=5
2026-01-06 17:26:50,981 - INFO - [GINSLIB] processing : 2021/12/17 01:44:35 Q=5
2026-01-06 17:26:50,987 - INFO - [GINSLIB] processing : 2021/12/17 01:44:36 Q=5
2026-01-06 17:26:50,994 - INFO - [GINSLIB] processing : 2021/12/17 01:44:37 Q=5
2026-01-06 17:26:51,000 - INFO - [GINSLIB] processing : 2021/12/17 01:44:38 Q=5
2026-01-06 17:26:51,005 - INFO - [GINSLIB] processing : 2021/12/17 01:44:39 Q=5
2026-01-06 17:26:51,011 - INFO - [GINSLIB] processing : 2021/12/17 01:44:40 Q=5
2026-01-06 17:26:51,017 - INFO - [GINSLIB] processing : 2021/12/17 01:44:41 Q=5
2026-01-06 17:26:51,022 - INFO - [GINSLIB] processing : 2021/12/17 01:44:42 Q=5
2026-01-06 17:26:51,028 - INFO - [GINSLIB] processing : 2021/12/17 01:44:43 Q=5
2026-01-06 17:26:51,033 - INFO - [GINSLIB] processing : 2021/12/17 01:44:44 Q=5
2026-01-06 17:26:51,038 - INFO - [GINSLIB] processing : 2021/12/17 01:44:45 Q=5
2026-01-06 17:26:51,044 - INFO - [GINSLIB] processing : 2021/12/17 01:44:46 Q=5
2026-01-06 17:26:51,050 - INFO - [GINSLIB] processing : 2021/12/17 01:44:47 Q=5
2026-01-06 17:26:51,056 - INFO - [GINSLIB] processing : 2021/12/17 01:44:48 Q=5
2026-01-06 17:26:51,066 - INFO - [GINSLIB] processing : 2021/12/17 01:44:49 Q=5
2026-01-06 17:26:51,067 - INFO - [GINSLIB] processing : 2021/12/17 01:44:50 Q=5
2026-01-06 17:26:51,073 - INFO - [GINSLIB] processing : 2021/12/17 01:44:51 Q=5
2026-01-06 17:26:51,080 - INFO - [GINSLIB] processing : 2021/12/17 01:44:52 Q=5
2026-01-06 17:26:51,086 - INFO - [GINSLIB] processing : 2021/12/17 01:44:53 Q=5
2026-01-06 17:26:51,096 - INFO - [GINSLIB] processing : 2021/12/17 01:44:54 Q=5
2026-01-06 17:26:51,097 - INFO - [GINSLIB] processing : 2021/12/17 01:44:55 Q=5
2026-01-06 17:26:51,102 - INFO - [GINSLIB] processing : 2021/12/17 01:44:56 Q=5
2026-01-06 17:26:51,109 - INFO - [GINSLIB] processing : 2021/12/17 01:44:57 Q=5
2026-01-06 17:26:51,115 - INFO - [GINSLIB] processing : 2021/12/17 01:44:58 Q=5
2026-01-06 17:26:51,125 - INFO - [GINSLIB] processing : 2021/12/17 01:44:59 Q=5
2026-01-06 17:26:51,126 - INFO - [GINSLIB] processing : 2021/12/17 01:45:00 Q=5
2026-01-06 17:26:51,132 - INFO - [GINSLIB] processing : 2021/12/17 01:45:01 Q=5
2026-01-06 17:26:51,138 - INFO - [GINSLIB] processing : 2021/12/17 01:45:02 Q=5
2026-01-06 17:26:51,145 - INFO - [GINSLIB] processing : 2021/12/17 01:45:03 Q=5
2026-01-06 17:26:51,151 - INFO - [GINSLIB] processing : 2021/12/17 01:45:04 Q=5
2026-01-06 17:26:51,156 - INFO - [GINSLIB] processing : 2021/12/17 01:45:05 Q=5
2026-01-06 17:26:51,163 - INFO - [GINSLIB] processing : 2021/12/17 01:45:06 Q=5
2026-01-06 17:26:51,170 - INFO - [GINSLIB] processing : 2021/12/17 01:45:07 Q=5
2026-01-06 17:26:51,177 - INFO - [GINSLIB] processing : 2021/12/17 01:45:08 Q=5
2026-01-06 17:26:51,183 - INFO - [GINSLIB] processing : 2021/12/17 01:45:09 Q=5
2026-01-06 17:26:51,189 - INFO - [GINSLIB] processing : 2021/12/17 01:45:10 Q=5
2026-01-06 17:26:51,196 - INFO - [GINSLIB] processing : 2021/12/17 01:45:11 Q=5
2026-01-06 17:26:51,203 - INFO - [GINSLIB] processing : 2021/12/17 01:45:12 Q=5
2026-01-06 17:26:51,210 - INFO - [GINSLIB] processing : 2021/12/17 01:45:13 Q=5
2026-01-06 17:26:51,217 - INFO - [GINSLIB] processing : 2021/12/17 01:45:14 Q=5
2026-01-06 17:26:51,222 - INFO - [GINSLIB] processing : 2021/12/17 01:45:15 Q=5
2026-01-06 17:26:51,230 - INFO - [GINSLIB] processing : 2021/12/17 01:45:16 Q=5
2026-01-06 17:26:51,237 - INFO - [GINSLIB] processing : 2021/12/17 01:45:17 Q=5
2026-01-06 17:26:51,245 - INFO - [GINSLIB] processing : 2021/12/17 01:45:18 Q=5
2026-01-06 17:26:51,252 - INFO - [GINSLIB] processing : 2021/12/17 01:45:19 Q=5
2026-01-06 17:26:51,264 - INFO - [GINSLIB] processing : 2021/12/17 01:45:20 Q=5
2026-01-06 17:26:51,265 - INFO - [GINSLIB] processing : 2021/12/17 01:45:21 Q=5
2026-01-06 17:26:51,272 - INFO - [GINSLIB] processing : 2021/12/17 01:45:22 Q=5
2026-01-06 17:26:51,278 - INFO - [GINSLIB] processing : 2021/12/17 01:45:23 Q=5
2026-01-06 17:26:51,285 - INFO - [GINSLIB] processing : 2021/12/17 01:45:24 Q=5
2026-01-06 17:26:51,298 - INFO - [GINSLIB] processing : 2021/12/17 01:45:25 Q=5
2026-01-06 17:26:51,299 - INFO - [GINSLIB] processing : 2021/12/17 01:45:26 Q=5
2026-01-06 17:26:51,306 - INFO - [GINSLIB] processing : 2021/12/17 01:45:27 Q=5
2026-01-06 17:26:51,312 - INFO - [GINSLIB] processing : 2021/12/17 01:45:28 Q=5
2026-01-06 17:26:51,319 - INFO - [GINSLIB] processing : 2021/12/17 01:45:29 Q=5
2026-01-06 17:26:51,331 - INFO - [GINSLIB] processing : 2021/12/17 01:45:30 Q=5
2026-01-06 17:26:51,333 - INFO - [GINSLIB] processing : 2021/12/17 01:45:31 Q=5
2026-01-06 17:26:51,338 - INFO - [GINSLIB] processing : 2021/12/17 01:45:32 Q=5
2026-01-06 17:26:51,344 - INFO - [GINSLIB] processing : 2021/12/17 01:45:33 Q=5
2026-01-06 17:26:51,349 - INFO - [GINSLIB] processing : 2021/12/17 01:45:34 Q=5
2026-01-06 17:26:51,356 - INFO - [GINSLIB] processing : 2021/12/17 01:45:35 Q=5
2026-01-06 17:26:51,361 - INFO - [GINSLIB] processing : 2021/12/17 01:45:36 Q=5
2026-01-06 17:26:51,368 - INFO - [GINSLIB] processing : 2021/12/17 01:45:37 Q=5
2026-01-06 17:26:51,375 - INFO - [GINSLIB] processing : 2021/12/17 01:45:38 Q=5
2026-01-06 17:26:51,381 - INFO - [GINSLIB] processing : 2021/12/17 01:45:39 Q=5
2026-01-06 17:26:51,388 - INFO - [GINSLIB] processing : 2021/12/17 01:45:40 Q=5
2026-01-06 17:26:51,394 - INFO - [GINSLIB] processing : 2021/12/17 01:45:41 Q=5
2026-01-06 17:26:51,401 - INFO - [GINSLIB] processing : 2021/12/17 01:45:42 Q=5
2026-01-06 17:26:51,408 - INFO - [GINSLIB] processing : 2021/12/17 01:45:43 Q=5
2026-01-06 17:26:51,415 - INFO - [GINSLIB] processing : 2021/12/17 01:45:44 Q=5
2026-01-06 17:26:51,420 - INFO - [GINSLIB] processing : 2021/12/17 01:45:45 Q=5
2026-01-06 17:26:51,429 - INFO - [GINSLIB] processing : 2021/12/17 01:45:46 Q=5
2026-01-06 17:26:51,431 - INFO - [GINSLIB] processing : 2021/12/17 01:45:47 Q=5
2026-01-06 17:26:51,437 - INFO - [GINSLIB] processing : 2021/12/17 01:45:48 Q=5
2026-01-06 17:26:51,443 - INFO - [GINSLIB] processing : 2021/12/17 01:45:49 Q=5
2026-01-06 17:26:51,449 - INFO - [GINSLIB] processing : 2021/12/17 01:45:50 Q=5
2026-01-06 17:26:51,460 - INFO - [GINSLIB] processing : 2021/12/17 01:45:51 Q=5
2026-01-06 17:26:51,461 - INFO - [GINSLIB] processing : 2021/12/17 01:45:52 Q=5
2026-01-06 17:26:51,468 - INFO - [GINSLIB] processing : 2021/12/17 01:45:53 Q=5
2026-01-06 17:26:51,475 - INFO - [GINSLIB] processing : 2021/12/17 01:45:54 Q=5
2026-01-06 17:26:51,482 - INFO - [GINSLIB] processing : 2021/12/17 01:45:55 Q=5
2026-01-06 17:26:51,493 - INFO - [GINSLIB] processing : 2021/12/17 01:45:56 Q=5
2026-01-06 17:26:51,494 - INFO - [GINSLIB] processing : 2021/12/17 01:45:57 Q=5
2026-01-06 17:26:51,502 - INFO - [GINSLIB] processing : 2021/12/17 01:45:58 Q=5
2026-01-06 17:26:51,509 - INFO - [GINSLIB] processing : 2021/12/17 01:45:59 Q=5
2026-01-06 17:26:51,516 - INFO - [GINSLIB] processing : 2021/12/17 01:46:00 Q=5
2026-01-06 17:26:51,530 - INFO - [GINSLIB] processing : 2021/12/17 01:46:01 Q=5
2026-01-06 17:26:51,531 - INFO - [GINSLIB] processing : 2021/12/17 01:46:02 Q=5
2026-01-06 17:26:51,538 - INFO - [GINSLIB] processing : 2021/12/17 01:46:03 Q=5
2026-01-06 17:26:51,544 - INFO - [GINSLIB] processing : 2021/12/17 01:46:04 Q=5
2026-01-06 17:26:51,551 - INFO - [GINSLIB] processing : 2021/12/17 01:46:05 Q=5
2026-01-06 17:26:51,558 - INFO - [GINSLIB] processing : 2021/12/17 01:46:06 Q=5
2026-01-06 17:26:51,563 - INFO - [GINSLIB] processing : 2021/12/17 01:46:07 Q=5
2026-01-06 17:26:51,570 - INFO - [GINSLIB] processing : 2021/12/17 01:46:08 Q=5
2026-01-06 17:26:51,577 - INFO - [GINSLIB] processing : 2021/12/17 01:46:09 Q=5
2026-01-06 17:26:51,584 - INFO - [GINSLIB] processing : 2021/12/17 01:46:10 Q=5
2026-01-06 17:26:51,591 - INFO - [GINSLIB] processing : 2021/12/17 01:46:11 Q=5
2026-01-06 17:26:51,596 - INFO - [GINSLIB] processing : 2021/12/17 01:46:12 Q=5
2026-01-06 17:26:51,604 - INFO - [GINSLIB] processing : 2021/12/17 01:46:13 Q=5
2026-01-06 17:26:51,611 - INFO - [GINSLIB] processing : 2021/12/17 01:46:14 Q=5
2026-01-06 17:26:51,619 - INFO - [GINSLIB] processing : 2021/12/17 01:46:15 Q=5
2026-01-06 17:26:51,626 - INFO - [GINSLIB] processing : 2021/12/17 01:46:16 Q=5
2026-01-06 17:26:51,638 - INFO - [GINSLIB] processing : 2021/12/17 01:46:17 Q=5
2026-01-06 17:26:51,639 - INFO - [GINSLIB] processing : 2021/12/17 01:46:18 Q=5
2026-01-06 17:26:51,646 - INFO - [GINSLIB] processing : 2021/12/17 01:46:19 Q=5
2026-01-06 17:26:51,653 - INFO - [GINSLIB] processing : 2021/12/17 01:46:20 Q=5
2026-01-06 17:26:51,660 - INFO - [GINSLIB] processing : 2021/12/17 01:46:21 Q=5
2026-01-06 17:26:51,672 - INFO - [GINSLIB] processing : 2021/12/17 01:46:22 Q=5
2026-01-06 17:26:51,674 - INFO - [GINSLIB] processing : 2021/12/17 01:46:23 Q=5
2026-01-06 17:26:51,681 - INFO - [GINSLIB] processing : 2021/12/17 01:46:24 Q=5
2026-01-06 17:26:51,687 - INFO - [GINSLIB] processing : 2021/12/17 01:46:25 Q=5
2026-01-06 17:26:51,694 - INFO - [GINSLIB] processing : 2021/12/17 01:46:26 Q=5
2026-01-06 17:26:51,705 - INFO - [GINSLIB] processing : 2021/12/17 01:46:27 Q=5
2026-01-06 17:26:51,706 - INFO - [GINSLIB] processing : 2021/12/17 01:46:28 Q=5
2026-01-06 17:26:51,715 - INFO - [GINSLIB] processing : 2021/12/17 01:46:29 Q=5
2026-01-06 17:26:51,721 - INFO - [GINSLIB] processing : 2021/12/17 01:46:30 Q=5
2026-01-06 17:26:51,729 - INFO - [GINSLIB] processing : 2021/12/17 01:46:31 Q=5
2026-01-06 17:26:51,736 - INFO - [GINSLIB] processing : 2021/12/17 01:46:32 Q=5
2026-01-06 17:26:51,742 - INFO - [GINSLIB] processing : 2021/12/17 01:46:33 Q=5
2026-01-06 17:26:51,749 - INFO - [GINSLIB] processing : 2021/12/17 01:46:34 Q=5
2026-01-06 17:26:51,755 - INFO - [GINSLIB] processing : 2021/12/17 01:46:35 Q=5
2026-01-06 17:26:51,763 - INFO - [GINSLIB] processing : 2021/12/17 01:46:36 Q=5
2026-01-06 17:26:51,769 - INFO - [GINSLIB] processing : 2021/12/17 01:46:37 Q=5
2026-01-06 17:26:51,776 - INFO - [GINSLIB] processing : 2021/12/17 01:46:38 Q=5
2026-01-06 17:26:51,782 - INFO - [GINSLIB] processing : 2021/12/17 01:46:39 Q=5
2026-01-06 17:26:51,789 - INFO - [GINSLIB] processing : 2021/12/17 01:46:40 Q=5
2026-01-06 17:26:51,796 - INFO - [GINSLIB] processing : 2021/12/17 01:46:41 Q=5
2026-01-06 17:26:51,802 - INFO - [GINSLIB] processing : 2021/12/17 01:46:42 Q=5
2026-01-06 17:26:51,808 - INFO - [GINSLIB] processing : 2021/12/17 01:46:43 Q=5
2026-01-06 17:26:51,814 - INFO - [GINSLIB] processing : 2021/12/17 01:46:44 Q=5
2026-01-06 17:26:51,821 - INFO - [GINSLIB] processing : 2021/12/17 01:46:45 Q=5
2026-01-06 17:26:51,828 - INFO - [GINSLIB] processing : 2021/12/17 01:46:46 Q=5
2026-01-06 17:26:51,834 - INFO - [GINSLIB] processing : 2021/12/17 01:46:47 Q=5
2026-01-06 17:26:51,845 - INFO - [GINSLIB] processing : 2021/12/17 01:46:48 Q=5
2026-01-06 17:26:51,846 - INFO - [GINSLIB] processing : 2021/12/17 01:46:49 Q=5
2026-01-06 17:26:51,853 - INFO - [GINSLIB] processing : 2021/12/17 01:46:50 Q=5
2026-01-06 17:26:51,859 - INFO - [GINSLIB] processing : 2021/12/17 01:46:51 Q=5
2026-01-06 17:26:51,866 - INFO - [GINSLIB] processing : 2021/12/17 01:46:52 Q=5
2026-01-06 17:26:51,876 - INFO - [GINSLIB] processing : 2021/12/17 01:46:53 Q=5
2026-01-06 17:26:51,877 - INFO - [GINSLIB] processing : 2021/12/17 01:46:54 Q=5
2026-01-06 17:26:51,884 - INFO - [GINSLIB] processing : 2021/12/17 01:46:55 Q=5
2026-01-06 17:26:51,891 - INFO - [GINSLIB] processing : 2021/12/17 01:46:56 Q=5
2026-01-06 17:26:51,897 - INFO - [GINSLIB] processing : 2021/12/17 01:46:57 Q=5
2026-01-06 17:26:51,907 - INFO - [GINSLIB] processing : 2021/12/17 01:46:58 Q=5
2026-01-06 17:26:51,908 - INFO - [GINSLIB] processing : 2021/12/17 01:46:59 Q=5
2026-01-06 17:26:51,915 - INFO - [GINSLIB] processing : 2021/12/17 01:47:00 Q=5
2026-01-06 17:26:51,921 - INFO - [GINSLIB] processing : 2021/12/17 01:47:01 Q=5
2026-01-06 17:26:51,928 - INFO - [GINSLIB] processing : 2021/12/17 01:47:02 Q=5
2026-01-06 17:26:51,935 - INFO - [GINSLIB] processing : 2021/12/17 01:47:03 Q=5
2026-01-06 17:26:51,940 - INFO - [GINSLIB] processing : 2021/12/17 01:47:04 Q=5
2026-01-06 17:26:51,947 - INFO - [GINSLIB] processing : 2021/12/17 01:47:05 Q=5
2026-01-06 17:26:51,953 - INFO - [GINSLIB] processing : 2021/12/17 01:47:06 Q=5
2026-01-06 17:26:51,960 - INFO - [GINSLIB] processing : 2021/12/17 01:47:07 Q=5
2026-01-06 17:26:51,967 - INFO - [GINSLIB] processing : 2021/12/17 01:47:08 Q=5
2026-01-06 17:26:51,972 - INFO - [GINSLIB] processing : 2021/12/17 01:47:09 Q=5
2026-01-06 17:26:51,979 - INFO - [GINSLIB] processing : 2021/12/17 01:47:10 Q=5
2026-01-06 17:26:51,984 - INFO - [GINSLIB] processing : 2021/12/17 01:47:11 Q=5
2026-01-06 17:26:51,991 - INFO - [GINSLIB] processing : 2021/12/17 01:47:12 Q=5
2026-01-06 17:26:51,999 - INFO - [GINSLIB] processing : 2021/12/17 01:47:13 Q=5
2026-01-06 17:26:52,005 - INFO - [GINSLIB] processing : 2021/12/17 01:47:14 Q=5
2026-01-06 17:26:52,012 - INFO - [GINSLIB] processing : 2021/12/17 01:47:15 Q=5
2026-01-06 17:26:52,019 - INFO - [GINSLIB] processing : 2021/12/17 01:47:16 Q=5
2026-01-06 17:26:52,027 - INFO - [GINSLIB] processing : 2021/12/17 01:47:17 Q=5
2026-01-06 17:26:52,033 - INFO - [GINSLIB] processing : 2021/12/17 01:47:18 Q=5
2026-01-06 17:26:52,044 - INFO - [GINSLIB] processing : 2021/12/17 01:47:19 Q=5
2026-01-06 17:26:52,045 - INFO - [GINSLIB] processing : 2021/12/17 01:47:20 Q=5
2026-01-06 17:26:52,051 - INFO - [GINSLIB] processing : 2021/12/17 01:47:21 Q=5
2026-01-06 17:26:52,057 - INFO - [GINSLIB] processing : 2021/12/17 01:47:22 Q=5
2026-01-06 17:26:52,063 - INFO - [GINSLIB] processing : 2021/12/17 01:47:23 Q=5
2026-01-06 17:26:52,072 - INFO - [GINSLIB] processing : 2021/12/17 01:47:24 Q=5
2026-01-06 17:26:52,074 - INFO - [GINSLIB] processing : 2021/12/17 01:47:25 Q=5
2026-01-06 17:26:52,079 - INFO - [GINSLIB] processing : 2021/12/17 01:47:26 Q=5
2026-01-06 17:26:52,086 - INFO - [GINSLIB] processing : 2021/12/17 01:47:27 Q=5
2026-01-06 17:26:52,092 - INFO - [GINSLIB] processing : 2021/12/17 01:47:28 Q=5
2026-01-06 17:26:52,101 - INFO - [GINSLIB] processing : 2021/12/17 01:47:29 Q=5
2026-01-06 17:26:52,102 - INFO - [GINSLIB] processing : 2021/12/17 01:47:30 Q=5
2026-01-06 17:26:52,108 - INFO - [GINSLIB] processing : 2021/12/17 01:47:31 Q=5
2026-01-06 17:26:52,115 - INFO - [GINSLIB] processing : 2021/12/17 01:47:32 Q=5
2026-01-06 17:26:52,121 - INFO - [GINSLIB] processing : 2021/12/17 01:47:33 Q=5
2026-01-06 17:26:52,127 - INFO - [GINSLIB] processing : 2021/12/17 01:47:34 Q=5
2026-01-06 17:26:52,133 - INFO - [GINSLIB] processing : 2021/12/17 01:47:35 Q=5
2026-01-06 17:26:52,139 - INFO - [GINSLIB] processing : 2021/12/17 01:47:36 Q=5
2026-01-06 17:26:52,145 - INFO - [GINSLIB] processing : 2021/12/17 01:47:37 Q=5
2026-01-06 17:26:52,152 - INFO - [GINSLIB] processing : 2021/12/17 01:47:38 Q=5
2026-01-06 17:26:52,158 - INFO - [GINSLIB] processing : 2021/12/17 01:47:39 Q=5
2026-01-06 17:26:52,164 - INFO - [GINSLIB] processing : 2021/12/17 01:47:40 Q=5
2026-01-06 17:26:52,170 - INFO - [GINSLIB] processing : 2021/12/17 01:47:41 Q=5
2026-01-06 17:26:52,176 - INFO - [GINSLIB] processing : 2021/12/17 01:47:42 Q=5
2026-01-06 17:26:52,182 - INFO - [GINSLIB] processing : 2021/12/17 01:47:43 Q=5
2026-01-06 17:26:52,188 - INFO - [GINSLIB] processing : 2021/12/17 01:47:44 Q=5
2026-01-06 17:26:52,195 - INFO - [GINSLIB] processing : 2021/12/17 01:47:45 Q=5
2026-01-06 17:26:52,201 - INFO - [GINSLIB] processing : 2021/12/17 01:47:46 Q=5
2026-01-06 17:26:52,208 - INFO - [GINSLIB] processing : 2021/12/17 01:47:47 Q=5
2026-01-06 17:26:52,216 - INFO - [GINSLIB] processing : 2021/12/17 01:47:48 Q=5
2026-01-06 17:26:52,222 - INFO - [GINSLIB] processing : 2021/12/17 01:47:49 Q=5
2026-01-06 17:26:52,233 - INFO - [GINSLIB] processing : 2021/12/17 01:47:50 Q=5
2026-01-06 17:26:52,234 - INFO - [GINSLIB] processing : 2021/12/17 01:47:51 Q=5
2026-01-06 17:26:52,241 - INFO - [GINSLIB] processing : 2021/12/17 01:47:52 Q=5
2026-01-06 17:26:52,248 - INFO - [GINSLIB] processing : 2021/12/17 01:47:53 Q=5
2026-01-06 17:26:52,253 - INFO - [GINSLIB] processing : 2021/12/17 01:47:54 Q=5
2026-01-06 17:26:52,264 - INFO - [GINSLIB] processing : 2021/12/17 01:47:55 Q=5
2026-01-06 17:26:52,265 - INFO - [GINSLIB] processing : 2021/12/17 01:47:56 Q=5
2026-01-06 17:26:52,271 - INFO - [GINSLIB] processing : 2021/12/17 01:47:57 Q=5
2026-01-06 17:26:52,279 - INFO - [GINSLIB] processing : 2021/12/17 01:47:58 Q=5
2026-01-06 17:26:52,286 - INFO - [GINSLIB] processing : 2021/12/17 01:47:59 Q=5
2026-01-06 17:26:52,296 - INFO - [GINSLIB] processing : 2021/12/17 01:48:00 Q=5
2026-01-06 17:26:52,297 - INFO - [GINSLIB] processing : 2021/12/17 01:48:01 Q=5
2026-01-06 17:26:52,304 - INFO - [GINSLIB] processing : 2021/12/17 01:48:02 Q=5
2026-01-06 17:26:52,310 - INFO - [GINSLIB] processing : 2021/12/17 01:48:03 Q=5
2026-01-06 17:26:52,316 - INFO - [GINSLIB] processing : 2021/12/17 01:48:04 Q=5
2026-01-06 17:26:52,322 - INFO - [GINSLIB] processing : 2021/12/17 01:48:05 Q=5
2026-01-06 17:26:52,327 - INFO - [GINSLIB] processing : 2021/12/17 01:48:06 Q=5
2026-01-06 17:26:52,333 - INFO - [GINSLIB] processing : 2021/12/17 01:48:07 Q=5
2026-01-06 17:26:52,340 - INFO - [GINSLIB] processing : 2021/12/17 01:48:08 Q=5
2026-01-06 17:26:52,346 - INFO - [GINSLIB] processing : 2021/12/17 01:48:09 Q=5
2026-01-06 17:26:52,353 - INFO - [GINSLIB] processing : 2021/12/17 01:48:10 Q=5
2026-01-06 17:26:52,358 - INFO - [GINSLIB] processing : 2021/12/17 01:48:11 Q=5
2026-01-06 17:26:52,364 - INFO - [GINSLIB] processing : 2021/12/17 01:48:12 Q=5
2026-01-06 17:26:52,371 - INFO - [GINSLIB] processing : 2021/12/17 01:48:13 Q=5
2026-01-06 17:26:52,378 - INFO - [GINSLIB] processing : 2021/12/17 01:48:14 Q=5
2026-01-06 17:26:52,385 - INFO - [GINSLIB] processing : 2021/12/17 01:48:15 Q=5
2026-01-06 17:26:52,391 - INFO - [GINSLIB] processing : 2021/12/17 01:48:16 Q=5
2026-01-06 17:26:52,398 - INFO - [GINSLIB] processing : 2021/12/17 01:48:17 Q=5
2026-01-06 17:26:52,404 - INFO - [GINSLIB] processing : 2021/12/17 01:48:18 Q=5
2026-01-06 17:26:52,411 - INFO - [GINSLIB] processing : 2021/12/17 01:48:19 Q=5
2026-01-06 17:26:52,419 - INFO - [GINSLIB] processing : 2021/12/17 01:48:20 Q=5
2026-01-06 17:26:52,430 - INFO - [GINSLIB] processing : 2021/12/17 01:48:21 Q=5
2026-01-06 17:26:52,431 - INFO - [GINSLIB] processing : 2021/12/17 01:48:22 Q=5
2026-01-06 17:26:52,437 - INFO - [GINSLIB] processing : 2021/12/17 01:48:23 Q=5
2026-01-06 17:26:52,443 - INFO - [GINSLIB] processing : 2021/12/17 01:48:24 Q=5
2026-01-06 17:26:52,450 - INFO - [GINSLIB] processing : 2021/12/17 01:48:25 Q=5
2026-01-06 17:26:52,460 - INFO - [GINSLIB] processing : 2021/12/17 01:48:26 Q=5
2026-01-06 17:26:52,461 - INFO - [GINSLIB] processing : 2021/12/17 01:48:27 Q=5
2026-01-06 17:26:52,467 - INFO - [GINSLIB] processing : 2021/12/17 01:48:28 Q=5
2026-01-06 17:26:52,474 - INFO - [GINSLIB] processing : 2021/12/17 01:48:29 Q=5
2026-01-06 17:26:52,480 - INFO - [GINSLIB] processing : 2021/12/17 01:48:30 Q=5
2026-01-06 17:26:52,491 - INFO - [GINSLIB] processing : 2021/12/17 01:48:31 Q=5
2026-01-06 17:26:52,492 - INFO - [GINSLIB] processing : 2021/12/17 01:48:32 Q=5
2026-01-06 17:26:52,499 - INFO - [GINSLIB] processing : 2021/12/17 01:48:33 Q=5
2026-01-06 17:26:52,505 - INFO - [GINSLIB] processing : 2021/12/17 01:48:34 Q=5
2026-01-06 17:26:52,513 - INFO - [GINSLIB] processing : 2021/12/17 01:48:35 Q=5
2026-01-06 17:26:52,519 - INFO - [GINSLIB] processing : 2021/12/17 01:48:36 Q=5
2026-01-06 17:26:52,524 - INFO - [GINSLIB] processing : 2021/12/17 01:48:37 Q=5
2026-01-06 17:26:52,531 - INFO - [GINSLIB] processing : 2021/12/17 01:48:38 Q=5
2026-01-06 17:26:52,537 - INFO - [GINSLIB] processing : 2021/12/17 01:48:39 Q=5
2026-01-06 17:26:52,544 - INFO - [GINSLIB] processing : 2021/12/17 01:48:40 Q=5
2026-01-06 17:26:52,550 - INFO - [GINSLIB] processing : 2021/12/17 01:48:41 Q=5
2026-01-06 17:26:52,555 - INFO - [GINSLIB] processing : 2021/12/17 01:48:42 Q=5
2026-01-06 17:26:52,562 - INFO - [GINSLIB] processing : 2021/12/17 01:48:43 Q=5
2026-01-06 17:26:52,568 - INFO - [GINSLIB] processing : 2021/12/17 01:48:44 Q=5
2026-01-06 17:26:52,575 - INFO - [GINSLIB] processing : 2021/12/17 01:48:45 Q=5
2026-01-06 17:26:52,581 - INFO - [GINSLIB] processing : 2021/12/17 01:48:46 Q=5
2026-01-06 17:26:52,591 - INFO - [GINSLIB] processing : 2021/12/17 01:48:47 Q=5
2026-01-06 17:26:52,593 - INFO - [GINSLIB] processing : 2021/12/17 01:48:48 Q=5
2026-01-06 17:26:52,599 - INFO - [GINSLIB] processing : 2021/12/17 01:48:49 Q=5
2026-01-06 17:26:52,605 - INFO - [GINSLIB] processing : 2021/12/17 01:48:50 Q=5
2026-01-06 17:26:52,612 - INFO - [GINSLIB] processing : 2021/12/17 01:48:51 Q=5
2026-01-06 17:26:52,623 - INFO - [GINSLIB] processing : 2021/12/17 01:48:52 Q=5
2026-01-06 17:26:52,624 - INFO - [GINSLIB] processing : 2021/12/17 01:48:53 Q=5
2026-01-06 17:26:52,630 - INFO - [GINSLIB] processing : 2021/12/17 01:48:54 Q=5
2026-01-06 17:26:52,637 - INFO - [GINSLIB] processing : 2021/12/17 01:48:55 Q=5
2026-01-06 17:26:52,643 - INFO - [GINSLIB] processing : 2021/12/17 01:48:56 Q=5
2026-01-06 17:26:52,654 - INFO - [GINSLIB] processing : 2021/12/17 01:48:57 Q=5
2026-01-06 17:26:52,655 - INFO - [GINSLIB] processing : 2021/12/17 01:48:58 Q=5
2026-01-06 17:26:52,663 - INFO - [GINSLIB] processing : 2021/12/17 01:48:59 Q=5
2026-01-06 17:26:52,669 - INFO - [GINSLIB] processing : 2021/12/17 01:49:00 Q=5
2026-01-06 17:26:52,676 - INFO - [GINSLIB] processing : 2021/12/17 01:49:01 Q=5
2026-01-06 17:26:52,686 - INFO - [GINSLIB] processing : 2021/12/17 01:49:02 Q=5
2026-01-06 17:26:52,687 - INFO - [GINSLIB] processing : 2021/12/17 01:49:03 Q=5
2026-01-06 17:26:52,694 - INFO - [GINSLIB] processing : 2021/12/17 01:49:04 Q=5
2026-01-06 17:26:52,701 - INFO - [GINSLIB] processing : 2021/12/17 01:49:05 Q=5
2026-01-06 17:26:52,707 - INFO - [GINSLIB] processing : 2021/12/17 01:49:06 Q=5
2026-01-06 17:26:52,714 - INFO - [GINSLIB] processing : 2021/12/17 01:49:07 Q=5
2026-01-06 17:26:52,720 - INFO - [GINSLIB] processing : 2021/12/17 01:49:08 Q=5
2026-01-06 17:26:52,726 - INFO - [GINSLIB] processing : 2021/12/17 01:49:09 Q=5
2026-01-06 17:26:52,732 - INFO - [GINSLIB] processing : 2021/12/17 01:49:10 Q=5
2026-01-06 17:26:52,738 - INFO - [GINSLIB] processing : 2021/12/17 01:49:11 Q=5
2026-01-06 17:26:52,746 - INFO - [GINSLIB] processing : 2021/12/17 01:49:12 Q=5
2026-01-06 17:26:52,751 - INFO - [GINSLIB] processing : 2021/12/17 01:49:13 Q=5
2026-01-06 17:26:52,759 - INFO - [GINSLIB] processing : 2021/12/17 01:49:14 Q=5
2026-01-06 17:26:52,765 - INFO - [GINSLIB] processing : 2021/12/17 01:49:15 Q=5
2026-01-06 17:26:52,772 - INFO - [GINSLIB] processing : 2021/12/17 01:49:16 Q=5
2026-01-06 17:26:52,779 - INFO - [GINSLIB] processing : 2021/12/17 01:49:17 Q=5
2026-01-06 17:26:52,790 - INFO - [GINSLIB] processing : 2021/12/17 01:49:18 Q=5
2026-01-06 17:26:52,791 - INFO - [GINSLIB] processing : 2021/12/17 01:49:19 Q=5
2026-01-06 17:26:52,798 - INFO - [GINSLIB] processing : 2021/12/17 01:49:20 Q=5
2026-01-06 17:26:52,805 - INFO - [GINSLIB] processing : 2021/12/17 01:49:21 Q=5
2026-01-06 17:26:52,812 - INFO - [GINSLIB] processing : 2021/12/17 01:49:22 Q=5
2026-01-06 17:26:52,824 - INFO - [GINSLIB] processing : 2021/12/17 01:49:23 Q=5
2026-01-06 17:26:52,825 - INFO - [GINSLIB] processing : 2021/12/17 01:49:24 Q=5
2026-01-06 17:26:52,831 - INFO - [GINSLIB] processing : 2021/12/17 01:49:25 Q=5
2026-01-06 17:26:52,838 - INFO - [GINSLIB] processing : 2021/12/17 01:49:26 Q=5
2026-01-06 17:26:52,844 - INFO - [GINSLIB] processing : 2021/12/17 01:49:27 Q=5
2026-01-06 17:26:52,855 - INFO - [GINSLIB] processing : 2021/12/17 01:49:28 Q=5
2026-01-06 17:26:52,856 - INFO - [GINSLIB] processing : 2021/12/17 01:49:29 Q=5
2026-01-06 17:26:52,862 - INFO - [GINSLIB] processing : 2021/12/17 01:49:30 Q=5
2026-01-06 17:26:52,869 - INFO - [GINSLIB] processing : 2021/12/17 01:49:31 Q=5
2026-01-06 17:26:52,875 - INFO - [GINSLIB] processing : 2021/12/17 01:49:32 Q=5
2026-01-06 17:26:52,882 - INFO - [GINSLIB] processing : 2021/12/17 01:49:33 Q=5
2026-01-06 17:26:52,887 - INFO - [GINSLIB] processing : 2021/12/17 01:49:34 Q=5
2026-01-06 17:26:52,894 - INFO - [GINSLIB] processing : 2021/12/17 01:49:35 Q=5
2026-01-06 17:26:52,900 - INFO - [GINSLIB] processing : 2021/12/17 01:49:36 Q=5
2026-01-06 17:26:52,907 - INFO - [GINSLIB] processing : 2021/12/17 01:49:37 Q=5
2026-01-06 17:26:52,914 - INFO - [GINSLIB] processing : 2021/12/17 01:49:38 Q=5
2026-01-06 17:26:52,919 - INFO - [GINSLIB] processing : 2021/12/17 01:49:39 Q=5
2026-01-06 17:26:52,927 - INFO - [GINSLIB] processing : 2021/12/17 01:49:40 Q=5
2026-01-06 17:26:52,934 - INFO - [GINSLIB] processing : 2021/12/17 01:49:41 Q=5
2026-01-06 17:26:52,940 - INFO - [GINSLIB] processing : 2021/12/17 01:49:42 Q=5
2026-01-06 17:26:52,948 - INFO - [GINSLIB] processing : 2021/12/17 01:49:43 Q=5
2026-01-06 17:26:52,952 - INFO - [GINSLIB] processing : 2021/12/17 01:49:44 Q=5
2026-01-06 17:26:52,960 - INFO - [GINSLIB] processing : 2021/12/17 01:49:45 Q=5
2026-01-06 17:26:52,966 - INFO - [GINSLIB] processing : 2021/12/17 01:49:46 Q=5
2026-01-06 17:26:52,973 - INFO - [GINSLIB] processing : 2021/12/17 01:49:47 Q=5
2026-01-06 17:26:52,980 - INFO - [GINSLIB] processing : 2021/12/17 01:49:48 Q=5
2026-01-06 17:26:52,992 - INFO - [GINSLIB] processing : 2021/12/17 01:49:49 Q=5
2026-01-06 17:26:52,993 - INFO - [GINSLIB] processing : 2021/12/17 01:49:50 Q=5
2026-01-06 17:26:52,999 - INFO - [GINSLIB] processing : 2021/12/17 01:49:51 Q=5
2026-01-06 17:26:53,006 - INFO - [GINSLIB] processing : 2021/12/17 01:49:52 Q=5
2026-01-06 17:26:53,012 - INFO - [GINSLIB] processing : 2021/12/17 01:49:53 Q=5
2026-01-06 17:26:53,023 - INFO - [GINSLIB] processing : 2021/12/17 01:49:54 Q=5
2026-01-06 17:26:53,024 - INFO - [GINSLIB] processing : 2021/12/17 01:49:55 Q=5
2026-01-06 17:26:53,030 - INFO - [GINSLIB] processing : 2021/12/17 01:49:56 Q=5
2026-01-06 17:26:53,036 - INFO - [GINSLIB] processing : 2021/12/17 01:49:57 Q=5
2026-01-06 17:26:53,042 - INFO - [GINSLIB] processing : 2021/12/17 01:49:58 Q=5
2026-01-06 17:26:53,052 - INFO - [GINSLIB] processing : 2021/12/17 01:49:59 Q=5
2026-01-06 17:26:53,053 - INFO - [GINSLIB] processing : 2021/12/17 01:50:00 Q=5
2026-01-06 17:26:53,059 - INFO - [GINSLIB] processing : 2021/12/17 01:50:01 Q=5
2026-01-06 17:26:53,066 - INFO - [GINSLIB] processing : 2021/12/17 01:50:02 Q=5
2026-01-06 17:26:53,073 - INFO - [GINSLIB] processing : 2021/12/17 01:50:03 Q=5
2026-01-06 17:26:53,079 - INFO - [GINSLIB] processing : 2021/12/17 01:50:04 Q=5
2026-01-06 17:26:53,084 - INFO - [GINSLIB] processing : 2021/12/17 01:50:05 Q=5
2026-01-06 17:26:53,090 - INFO - [GINSLIB] processing : 2021/12/17 01:50:06 Q=5
2026-01-06 17:26:53,097 - INFO - [GINSLIB] processing : 2021/12/17 01:50:07 Q=5
2026-01-06 17:26:53,103 - INFO - [GINSLIB] processing : 2021/12/17 01:50:08 Q=5
2026-01-06 17:26:53,110 - INFO - [GINSLIB] processing : 2021/12/17 01:50:09 Q=5
2026-01-06 17:26:53,115 - INFO - [GINSLIB] processing : 2021/12/17 01:50:10 Q=5
2026-01-06 17:26:53,121 - INFO - [GINSLIB] processing : 2021/12/17 01:50:11 Q=5
2026-01-06 17:26:53,127 - INFO - [GINSLIB] processing : 2021/12/17 01:50:12 Q=5
2026-01-06 17:26:53,133 - INFO - [GINSLIB] processing : 2021/12/17 01:50:13 Q=5
2026-01-06 17:26:53,139 - INFO - [GINSLIB] processing : 2021/12/17 01:50:14 Q=5
2026-01-06 17:26:53,146 - INFO - [GINSLIB] processing : 2021/12/17 01:50:15 Q=5
2026-01-06 17:26:53,153 - INFO - [GINSLIB] processing : 2021/12/17 01:50:16 Q=5
2026-01-06 17:26:53,160 - INFO - [GINSLIB] processing : 2021/12/17 01:50:17 Q=5
2026-01-06 17:26:53,167 - INFO - [GINSLIB] processing : 2021/12/17 01:50:18 Q=5
2026-01-06 17:26:53,174 - INFO - [GINSLIB] processing : 2021/12/17 01:50:19 Q=5
2026-01-06 17:26:53,185 - INFO - [GINSLIB] processing : 2021/12/17 01:50:20 Q=5
2026-01-06 17:26:53,186 - INFO - [GINSLIB] processing : 2021/12/17 01:50:21 Q=5
2026-01-06 17:26:53,193 - INFO - [GINSLIB] processing : 2021/12/17 01:50:22 Q=5
2026-01-06 17:26:53,200 - INFO - [GINSLIB] processing : 2021/12/17 01:50:23 Q=5
2026-01-06 17:26:53,207 - INFO - [GINSLIB] processing : 2021/12/17 01:50:24 Q=5
2026-01-06 17:26:53,218 - INFO - [GINSLIB] processing : 2021/12/17 01:50:25 Q=5
2026-01-06 17:26:53,219 - INFO - [GINSLIB] processing : 2021/12/17 01:50:26 Q=5
2026-01-06 17:26:53,228 - INFO - [GINSLIB] processing : 2021/12/17 01:50:27 Q=5
2026-01-06 17:26:53,234 - INFO - [GINSLIB] processing : 2021/12/17 01:50:28 Q=5
2026-01-06 17:26:53,241 - INFO - [GINSLIB] processing : 2021/12/17 01:50:29 Q=5
2026-01-06 17:26:53,252 - INFO - [GINSLIB] processing : 2021/12/17 01:50:30 Q=5
2026-01-06 17:26:53,253 - INFO - [GINSLIB] processing : 2021/12/17 01:50:31 Q=5
2026-01-06 17:26:53,260 - INFO - [GINSLIB] processing : 2021/12/17 01:50:32 Q=5
2026-01-06 17:26:53,266 - INFO - [GINSLIB] processing : 2021/12/17 01:50:33 Q=5
2026-01-06 17:26:53,275 - INFO - [GINSLIB] processing : 2021/12/17 01:50:34 Q=5
2026-01-06 17:26:53,281 - INFO - [GINSLIB] processing : 2021/12/17 01:50:35 Q=5
2026-01-06 17:26:53,287 - INFO - [GINSLIB] processing : 2021/12/17 01:50:36 Q=5
2026-01-06 17:26:53,294 - INFO - [GINSLIB] processing : 2021/12/17 01:50:37 Q=5
2026-01-06 17:26:53,300 - INFO - [GINSLIB] processing : 2021/12/17 01:50:38 Q=5
2026-01-06 17:26:53,307 - INFO - [GINSLIB] processing : 2021/12/17 01:50:39 Q=5
2026-01-06 17:26:53,314 - INFO - [GINSLIB] processing : 2021/12/17 01:50:40 Q=5
2026-01-06 17:26:53,320 - INFO - [GINSLIB] processing : 2021/12/17 01:50:41 Q=5
2026-01-06 17:26:53,326 - INFO - [GINSLIB] processing : 2021/12/17 01:50:42 Q=5
2026-01-06 17:26:53,333 - INFO - [GINSLIB] processing : 2021/12/17 01:50:43 Q=5
2026-01-06 17:26:53,339 - INFO - [GINSLIB] processing : 2021/12/17 01:50:44 Q=5
2026-01-06 17:26:53,346 - INFO - [GINSLIB] processing : 2021/12/17 01:50:45 Q=5
2026-01-06 17:26:53,352 - INFO - [GINSLIB] processing : 2021/12/17 01:50:46 Q=5
2026-01-06 17:26:53,358 - INFO - [GINSLIB] processing : 2021/12/17 01:50:47 Q=5
2026-01-06 17:26:53,365 - INFO - [GINSLIB] processing : 2021/12/17 01:50:48 Q=5
2026-01-06 17:26:53,371 - INFO - [GINSLIB] processing : 2021/12/17 01:50:49 Q=5
2026-01-06 17:26:53,377 - INFO - [GINSLIB] processing : 2021/12/17 01:50:50 Q=5
2026-01-06 17:26:53,388 - INFO - [GINSLIB] processing : 2021/12/17 01:50:51 Q=5
2026-01-06 17:26:53,389 - INFO - [GINSLIB] processing : 2021/12/17 01:50:52 Q=5
2026-01-06 17:26:53,396 - INFO - [GINSLIB] processing : 2021/12/17 01:50:53 Q=5
2026-01-06 17:26:53,403 - INFO - [GINSLIB] processing : 2021/12/17 01:50:54 Q=5
2026-01-06 17:26:53,410 - INFO - [GINSLIB] processing : 2021/12/17 01:50:55 Q=5
2026-01-06 17:26:53,421 - INFO - [GINSLIB] processing : 2021/12/17 01:50:56 Q=5
2026-01-06 17:26:53,423 - INFO - [GINSLIB] processing : 2021/12/17 01:50:57 Q=5
2026-01-06 17:26:53,430 - INFO - [GINSLIB] processing : 2021/12/17 01:50:58 Q=5
2026-01-06 17:26:53,436 - INFO - [GINSLIB] processing : 2021/12/17 01:50:59 Q=5
2026-01-06 17:26:53,443 - INFO - [GINSLIB] processing : 2021/12/17 01:51:00 Q=5
2026-01-06 17:26:53,454 - INFO - [GINSLIB] processing : 2021/12/17 01:51:01 Q=5
2026-01-06 17:26:53,455 - INFO - [GINSLIB] processing : 2021/12/17 01:51:02 Q=5
2026-01-06 17:26:53,462 - INFO - [GINSLIB] processing : 2021/12/17 01:51:03 Q=5
2026-01-06 17:26:53,469 - INFO - [GINSLIB] processing : 2021/12/17 01:51:04 Q=5
2026-01-06 17:26:53,476 - INFO - [GINSLIB] processing : 2021/12/17 01:51:05 Q=5
2026-01-06 17:26:53,482 - INFO - [GINSLIB] processing : 2021/12/17 01:51:06 Q=5
2026-01-06 17:26:53,487 - INFO - [GINSLIB] processing : 2021/12/17 01:51:07 Q=5
2026-01-06 17:26:53,495 - INFO - [GINSLIB] processing : 2021/12/17 01:51:08 Q=5
2026-01-06 17:26:53,501 - INFO - [GINSLIB] processing : 2021/12/17 01:51:09 Q=5
2026-01-06 17:26:53,508 - INFO - [GINSLIB] processing : 2021/12/17 01:51:10 Q=5
2026-01-06 17:26:53,515 - INFO - [GINSLIB] processing : 2021/12/17 01:51:11 Q=5
2026-01-06 17:26:53,520 - INFO - [GINSLIB] processing : 2021/12/17 01:51:12 Q=5
2026-01-06 17:26:53,526 - INFO - [GINSLIB] processing : 2021/12/17 01:51:13 Q=5
2026-01-06 17:26:53,532 - INFO - [GINSLIB] processing : 2021/12/17 01:51:14 Q=5
2026-01-06 17:26:53,539 - INFO - [GINSLIB] processing : 2021/12/17 01:51:15 Q=5
2026-01-06 17:26:53,544 - INFO - [GINSLIB] processing : 2021/12/17 01:51:16 Q=5
2026-01-06 17:26:53,554 - INFO - [GINSLIB] processing : 2021/12/17 01:51:17 Q=5
2026-01-06 17:26:53,555 - INFO - [GINSLIB] processing : 2021/12/17 01:51:18 Q=5
2026-01-06 17:26:53,561 - INFO - [GINSLIB] processing : 2021/12/17 01:51:19 Q=5
2026-01-06 17:26:53,568 - INFO - [GINSLIB] processing : 2021/12/17 01:51:20 Q=5
2026-01-06 17:26:53,574 - INFO - [GINSLIB] processing : 2021/12/17 01:51:21 Q=5
2026-01-06 17:26:53,584 - INFO - [GINSLIB] processing : 2021/12/17 01:51:22 Q=5
2026-01-06 17:26:53,585 - INFO - [GINSLIB] processing : 2021/12/17 01:51:23 Q=5
2026-01-06 17:26:53,591 - INFO - [GINSLIB] processing : 2021/12/17 01:51:24 Q=5
2026-01-06 17:26:53,597 - INFO - [GINSLIB] processing : 2021/12/17 01:51:25 Q=5
2026-01-06 17:26:53,604 - INFO - [GINSLIB] processing : 2021/12/17 01:51:26 Q=5
2026-01-06 17:26:53,614 - INFO - [GINSLIB] processing : 2021/12/17 01:51:27 Q=5
2026-01-06 17:26:53,615 - INFO - [GINSLIB] processing : 2021/12/17 01:51:28 Q=5
2026-01-06 17:26:53,621 - INFO - [GINSLIB] processing : 2021/12/17 01:51:29 Q=5
2026-01-06 17:26:53,627 - INFO - [GINSLIB] processing : 2021/12/17 01:51:30 Q=5
2026-01-06 17:26:53,635 - INFO - [GINSLIB] processing : 2021/12/17 01:51:31 Q=5
2026-01-06 17:26:53,645 - INFO - [GINSLIB] processing : 2021/12/17 01:51:32 Q=5
2026-01-06 17:26:53,646 - INFO - [GINSLIB] processing : 2021/12/17 01:51:33 Q=5
2026-01-06 17:26:53,652 - INFO - [GINSLIB] processing : 2021/12/17 01:51:34 Q=5
2026-01-06 17:26:53,658 - INFO - [GINSLIB] processing : 2021/12/17 01:51:35 Q=5
2026-01-06 17:26:53,665 - INFO - [GINSLIB] processing : 2021/12/17 01:51:36 Q=5
2026-01-06 17:26:53,671 - INFO - [GINSLIB] processing : 2021/12/17 01:51:37 Q=5
2026-01-06 17:26:53,677 - INFO - [GINSLIB] processing : 2021/12/17 01:51:38 Q=5
2026-01-06 17:26:53,683 - INFO - [GINSLIB] processing : 2021/12/17 01:51:39 Q=5
2026-01-06 17:26:53,690 - INFO - [GINSLIB] processing : 2021/12/17 01:51:40 Q=5
2026-01-06 17:26:53,697 - INFO - [GINSLIB] processing : 2021/12/17 01:51:41 Q=5
2026-01-06 17:26:53,704 - INFO - [GINSLIB] processing : 2021/12/17 01:51:42 Q=5
2026-01-06 17:26:53,712 - INFO - [GINSLIB] processing : 2021/12/17 01:51:43 Q=5
2026-01-06 17:26:53,719 - INFO - [GINSLIB] processing : 2021/12/17 01:51:44 Q=5
2026-01-06 17:26:53,726 - INFO - [GINSLIB] processing : 2021/12/17 01:51:45 Q=5
2026-01-06 17:26:53,732 - INFO - [GINSLIB] processing : 2021/12/17 01:51:46 Q=5
2026-01-06 17:26:53,739 - INFO - [GINSLIB] processing : 2021/12/17 01:51:47 Q=5
2026-01-06 17:26:53,750 - INFO - [GINSLIB] processing : 2021/12/17 01:51:48 Q=5
2026-01-06 17:26:53,752 - INFO - [GINSLIB] processing : 2021/12/17 01:51:49 Q=5
2026-01-06 17:26:53,759 - INFO - [GINSLIB] processing : 2021/12/17 01:51:50 Q=5
2026-01-06 17:26:53,766 - INFO - [GINSLIB] processing : 2021/12/17 01:51:51 Q=5
2026-01-06 17:26:53,773 - INFO - [GINSLIB] processing : 2021/12/17 01:51:52 Q=5
2026-01-06 17:26:53,785 - INFO - [GINSLIB] processing : 2021/12/17 01:51:53 Q=5
2026-01-06 17:26:53,786 - INFO - [GINSLIB] processing : 2021/12/17 01:51:54 Q=5
2026-01-06 17:26:53,792 - INFO - [GINSLIB] processing : 2021/12/17 01:51:55 Q=5
2026-01-06 17:26:53,799 - INFO - [GINSLIB] processing : 2021/12/17 01:51:56 Q=5
2026-01-06 17:26:53,806 - INFO - [GINSLIB] processing : 2021/12/17 01:51:57 Q=5
2026-01-06 17:26:53,817 - INFO - [GINSLIB] processing : 2021/12/17 01:51:58 Q=5
2026-01-06 17:26:53,818 - INFO - [GINSLIB] processing : 2021/12/17 01:51:59 Q=5
2026-01-06 17:26:53,824 - INFO - [GINSLIB] processing : 2021/12/17 01:52:00 Q=5
2026-01-06 17:26:53,831 - INFO - [GINSLIB] processing : 2021/12/17 01:52:01 Q=5
2026-01-06 17:26:53,838 - INFO - [GINSLIB] processing : 2021/12/17 01:52:02 Q=5
2026-01-06 17:26:53,849 - INFO - [GINSLIB] processing : 2021/12/17 01:52:03 Q=5
2026-01-06 17:26:53,850 - INFO - [GINSLIB] processing : 2021/12/17 01:52:04 Q=5
2026-01-06 17:26:53,856 - INFO - [GINSLIB] processing : 2021/12/17 01:52:05 Q=5
2026-01-06 17:26:53,864 - INFO - [GINSLIB] processing : 2021/12/17 01:52:06 Q=5
2026-01-06 17:26:53,870 - INFO - [GINSLIB] processing : 2021/12/17 01:52:07 Q=5
2026-01-06 17:26:53,878 - INFO - [GINSLIB] processing : 2021/12/17 01:52:08 Q=5
2026-01-06 17:26:53,883 - INFO - [GINSLIB] processing : 2021/12/17 01:52:09 Q=5
2026-01-06 17:26:53,889 - INFO - [GINSLIB] processing : 2021/12/17 01:52:10 Q=5
2026-01-06 17:26:53,897 - INFO - [GINSLIB] processing : 2021/12/17 01:52:11 Q=5
2026-01-06 17:26:53,903 - INFO - [GINSLIB] processing : 2021/12/17 01:52:12 Q=5
2026-01-06 17:26:53,911 - INFO - [GINSLIB] processing : 2021/12/17 01:52:13 Q=5
2026-01-06 17:26:53,917 - INFO - [GINSLIB] processing : 2021/12/17 01:52:14 Q=5
2026-01-06 17:26:53,924 - INFO - [GINSLIB] processing : 2021/12/17 01:52:15 Q=5
2026-01-06 17:26:53,930 - INFO - [GINSLIB] processing : 2021/12/17 01:52:16 Q=5
2026-01-06 17:26:53,937 - INFO - [GINSLIB] processing : 2021/12/17 01:52:17 Q=5
2026-01-06 17:26:53,944 - INFO - [GINSLIB] processing : 2021/12/17 01:52:18 Q=5
2026-01-06 17:26:53,954 - INFO - [GINSLIB] processing : 2021/12/17 01:52:19 Q=5
2026-01-06 17:26:53,955 - INFO - [GINSLIB] processing : 2021/12/17 01:52:20 Q=5
2026-01-06 17:26:53,961 - INFO - [GINSLIB] processing : 2021/12/17 01:52:21 Q=5
2026-01-06 17:26:53,967 - INFO - [GINSLIB] processing : 2021/12/17 01:52:22 Q=5
2026-01-06 17:26:53,974 - INFO - [GINSLIB] processing : 2021/12/17 01:52:23 Q=5
2026-01-06 17:26:53,984 - INFO - [GINSLIB] processing : 2021/12/17 01:52:24 Q=5
2026-01-06 17:26:53,985 - INFO - [GINSLIB] processing : 2021/12/17 01:52:25 Q=5
2026-01-06 17:26:53,992 - INFO - [GINSLIB] processing : 2021/12/17 01:52:26 Q=5
2026-01-06 17:26:53,998 - INFO - [GINSLIB] processing : 2021/12/17 01:52:27 Q=5
2026-01-06 17:26:54,005 - INFO - [GINSLIB] processing : 2021/12/17 01:52:28 Q=5
2026-01-06 17:26:54,015 - INFO - [GINSLIB] processing : 2021/12/17 01:52:29 Q=5
2026-01-06 17:26:54,016 - INFO - [GINSLIB] processing : 2021/12/17 01:52:30 Q=5
2026-01-06 17:26:54,022 - INFO - [GINSLIB] processing : 2021/12/17 01:52:31 Q=5
2026-01-06 17:26:54,029 - INFO - [GINSLIB] processing : 2021/12/17 01:52:32 Q=5
2026-01-06 17:26:54,037 - INFO - [GINSLIB] processing : 2021/12/17 01:52:33 Q=5
2026-01-06 17:26:54,043 - INFO - [GINSLIB] processing : 2021/12/17 01:52:34 Q=5
2026-01-06 17:26:54,048 - INFO - [GINSLIB] processing : 2021/12/17 01:52:35 Q=5
2026-01-06 17:26:54,054 - INFO - [GINSLIB] processing : 2021/12/17 01:52:36 Q=5
2026-01-06 17:26:54,061 - INFO - [GINSLIB] processing : 2021/12/17 01:52:37 Q=5
2026-01-06 17:26:54,067 - INFO - [GINSLIB] processing : 2021/12/17 01:52:38 Q=5
2026-01-06 17:26:54,074 - INFO - [GINSLIB] processing : 2021/12/17 01:52:39 Q=5
2026-01-06 17:26:54,079 - INFO - [GINSLIB] processing : 2021/12/17 01:52:40 Q=5
2026-01-06 17:26:54,085 - INFO - [GINSLIB] processing : 2021/12/17 01:52:41 Q=5
2026-01-06 17:26:54,092 - INFO - [GINSLIB] processing : 2021/12/17 01:52:42 Q=5
2026-01-06 17:26:54,100 - INFO - [GINSLIB] processing : 2021/12/17 01:52:43 Q=5
2026-01-06 17:26:54,107 - INFO - [GINSLIB] processing : 2021/12/17 01:52:44 Q=5
2026-01-06 17:26:54,113 - INFO - [GINSLIB] processing : 2021/12/17 01:52:45 Q=5
2026-01-06 17:26:54,119 - INFO - [GINSLIB] processing : 2021/12/17 01:52:46 Q=5
2026-01-06 17:26:54,128 - INFO - [GINSLIB] processing : 2021/12/17 01:52:47 Q=5
2026-01-06 17:26:54,134 - INFO - [GINSLIB] processing : 2021/12/17 01:52:48 Q=5
2026-01-06 17:26:54,141 - INFO - [GINSLIB] processing : 2021/12/17 01:52:49 Q=5
2026-01-06 17:26:54,152 - INFO - [GINSLIB] processing : 2021/12/17 01:52:50 Q=5
2026-01-06 17:26:54,153 - INFO - [GINSLIB] processing : 2021/12/17 01:52:51 Q=5
2026-01-06 17:26:54,161 - INFO - [GINSLIB] processing : 2021/12/17 01:52:52 Q=5
2026-01-06 17:26:54,168 - INFO - [GINSLIB] processing : 2021/12/17 01:52:53 Q=5
2026-01-06 17:26:54,175 - INFO - [GINSLIB] processing : 2021/12/17 01:52:54 Q=5
2026-01-06 17:26:54,186 - INFO - [GINSLIB] processing : 2021/12/17 01:52:55 Q=5
2026-01-06 17:26:54,188 - INFO - [GINSLIB] processing : 2021/12/17 01:52:56 Q=5
2026-01-06 17:26:54,195 - INFO - [GINSLIB] processing : 2021/12/17 01:52:57 Q=5
2026-01-06 17:26:54,201 - INFO - [GINSLIB] processing : 2021/12/17 01:52:58 Q=5
2026-01-06 17:26:54,208 - INFO - [GINSLIB] processing : 2021/12/17 01:52:59 Q=5
2026-01-06 17:26:54,220 - INFO - [GINSLIB] processing : 2021/12/17 01:53:00 Q=5
2026-01-06 17:26:54,221 - INFO - [GINSLIB] processing : 2021/12/17 01:53:01 Q=5
2026-01-06 17:26:54,227 - INFO - [GINSLIB] processing : 2021/12/17 01:53:02 Q=5
2026-01-06 17:26:54,233 - INFO - [GINSLIB] processing : 2021/12/17 01:53:03 Q=5
2026-01-06 17:26:54,240 - INFO - [GINSLIB] processing : 2021/12/17 01:53:04 Q=5
2026-01-06 17:26:54,246 - INFO - [GINSLIB] processing : 2021/12/17 01:53:05 Q=5
2026-01-06 17:26:54,252 - INFO - [GINSLIB] processing : 2021/12/17 01:53:06 Q=5
2026-01-06 17:26:54,259 - INFO - [GINSLIB] processing : 2021/12/17 01:53:07 Q=5
2026-01-06 17:26:54,266 - INFO - [GINSLIB] processing : 2021/12/17 01:53:08 Q=5
2026-01-06 17:26:54,272 - INFO - [GINSLIB] processing : 2021/12/17 01:53:09 Q=5
2026-01-06 17:26:54,279 - INFO - [GINSLIB] processing : 2021/12/17 01:53:10 Q=5
2026-01-06 17:26:54,285 - INFO - [GINSLIB] processing : 2021/12/17 01:53:11 Q=5
2026-01-06 17:26:54,293 - INFO - [GINSLIB] processing : 2021/12/17 01:53:12 Q=5
2026-01-06 17:26:54,300 - INFO - [GINSLIB] processing : 2021/12/17 01:53:13 Q=5
2026-01-06 17:26:54,307 - INFO - [GINSLIB] processing : 2021/12/17 01:53:14 Q=5
2026-01-06 17:26:54,314 - INFO - [GINSLIB] processing : 2021/12/17 01:53:15 Q=5
2026-01-06 17:26:54,320 - INFO - [GINSLIB] processing : 2021/12/17 01:53:16 Q=5
2026-01-06 17:26:54,328 - INFO - [GINSLIB] processing : 2021/12/17 01:53:17 Q=5
2026-01-06 17:26:54,334 - INFO - [GINSLIB] processing : 2021/12/17 01:53:18 Q=5
2026-01-06 17:26:54,340 - INFO - [GINSLIB] processing : 2021/12/17 01:53:19 Q=5
2026-01-06 17:26:54,346 - INFO - [GINSLIB] processing : 2021/12/17 01:53:20 Q=5
2026-01-06 17:26:54,357 - INFO - [GINSLIB] processing : 2021/12/17 01:53:21 Q=5
2026-01-06 17:26:54,358 - INFO - [GINSLIB] processing : 2021/12/17 01:53:22 Q=5
2026-01-06 17:26:54,364 - INFO - [GINSLIB] processing : 2021/12/17 01:53:23 Q=5
2026-01-06 17:26:54,370 - INFO - [GINSLIB] processing : 2021/12/17 01:53:24 Q=5
2026-01-06 17:26:54,378 - INFO - [GINSLIB] processing : 2021/12/17 01:53:25 Q=5
2026-01-06 17:26:54,388 - INFO - [GINSLIB] processing : 2021/12/17 01:53:26 Q=5
2026-01-06 17:26:54,389 - INFO - [GINSLIB] processing : 2021/12/17 01:53:27 Q=5
2026-01-06 17:26:54,396 - INFO - [GINSLIB] processing : 2021/12/17 01:53:28 Q=5
2026-01-06 17:26:54,403 - INFO - [GINSLIB] processing : 2021/12/17 01:53:29 Q=5
2026-01-06 17:26:54,409 - INFO - [GINSLIB] processing : 2021/12/17 01:53:30 Q=5
2026-01-06 17:26:54,421 - INFO - [GINSLIB] processing : 2021/12/17 01:53:31 Q=5
2026-01-06 17:26:54,422 - INFO - [GINSLIB] processing : 2021/12/17 01:53:32 Q=5
2026-01-06 17:26:54,428 - INFO - [GINSLIB] processing : 2021/12/17 01:53:33 Q=5
2026-01-06 17:26:54,436 - INFO - [GINSLIB] processing : 2021/12/17 01:53:34 Q=5
2026-01-06 17:26:54,442 - INFO - [GINSLIB] processing : 2021/12/17 01:53:35 Q=5
2026-01-06 17:26:54,448 - INFO - [GINSLIB] processing : 2021/12/17 01:53:36 Q=5
2026-01-06 17:26:54,453 - INFO - [GINSLIB] processing : 2021/12/17 01:53:37 Q=5
2026-01-06 17:26:54,459 - INFO - [GINSLIB] processing : 2021/12/17 01:53:38 Q=5
2026-01-06 17:26:54,466 - INFO - [GINSLIB] processing : 2021/12/17 01:53:39 Q=5
2026-01-06 17:26:54,472 - INFO - [GINSLIB] processing : 2021/12/17 01:53:40 Q=5
2026-01-06 17:26:54,478 - INFO - [GINSLIB] processing : 2021/12/17 01:53:41 Q=5
2026-01-06 17:26:54,483 - INFO - [GINSLIB] processing : 2021/12/17 01:53:42 Q=5
2026-01-06 17:26:54,489 - INFO - [GINSLIB] processing : 2021/12/17 01:53:43 Q=5
2026-01-06 17:26:54,496 - INFO - [GINSLIB] processing : 2021/12/17 01:53:44 Q=5
2026-01-06 17:26:54,503 - INFO - [GINSLIB] processing : 2021/12/17 01:53:45 Q=5
2026-01-06 17:26:54,509 - INFO - [GINSLIB] processing : 2021/12/17 01:53:46 Q=5
2026-01-06 17:26:54,514 - INFO - [GINSLIB] processing : 2021/12/17 01:53:47 Q=5
2026-01-06 17:26:54,520 - INFO - [GINSLIB] processing : 2021/12/17 01:53:48 Q=5
2026-01-06 17:26:54,526 - INFO - [GINSLIB] processing : 2021/12/17 01:53:49 Q=5
2026-01-06 17:26:54,533 - INFO - [GINSLIB] processing : 2021/12/17 01:53:50 Q=5
2026-01-06 17:26:54,540 - INFO - [GINSLIB] processing : 2021/12/17 01:53:51 Q=5
2026-01-06 17:26:54,549 - INFO - [GINSLIB] processing : 2021/12/17 01:53:52 Q=5
2026-01-06 17:26:54,550 - INFO - [GINSLIB] processing : 2021/12/17 01:53:53 Q=5
2026-01-06 17:26:54,555 - INFO - [GINSLIB] processing : 2021/12/17 01:53:54 Q=5
2026-01-06 17:26:54,563 - INFO - [GINSLIB] processing : 2021/12/17 01:53:55 Q=5
2026-01-06 17:26:54,569 - INFO - [GINSLIB] processing : 2021/12/17 01:53:56 Q=5
2026-01-06 17:26:54,578 - INFO - [GINSLIB] processing : 2021/12/17 01:53:57 Q=5
2026-01-06 17:26:54,579 - INFO - [GINSLIB] processing : 2021/12/17 01:53:58 Q=5
2026-01-06 17:26:54,584 - INFO - [GINSLIB] processing : 2021/12/17 01:53:59 Q=5
2026-01-06 17:26:54,590 - INFO - [GINSLIB] processing : 2021/12/17 01:54:00 Q=5
2026-01-06 17:26:54,597 - INFO - [GINSLIB] processing : 2021/12/17 01:54:01 Q=5
2026-01-06 17:26:54,607 - INFO - [GINSLIB] processing : 2021/12/17 01:54:02 Q=5
2026-01-06 17:26:54,608 - INFO - [GINSLIB] processing : 2021/12/17 01:54:03 Q=5
2026-01-06 17:26:54,613 - INFO - [GINSLIB] processing : 2021/12/17 01:54:04 Q=5
2026-01-06 17:26:54,618 - INFO - [GINSLIB] processing : 2021/12/17 01:54:05 Q=5
2026-01-06 17:26:54,625 - INFO - [GINSLIB] processing : 2021/12/17 01:54:06 Q=5
2026-01-06 17:26:54,631 - INFO - [GINSLIB] processing : 2021/12/17 01:54:07 Q=5
2026-01-06 17:26:54,636 - INFO - [GINSLIB] processing : 2021/12/17 01:54:08 Q=5
2026-01-06 17:26:54,641 - INFO - [GINSLIB] processing : 2021/12/17 01:54:09 Q=5
2026-01-06 17:26:54,647 - INFO - [GINSLIB] processing : 2021/12/17 01:54:10 Q=5
2026-01-06 17:26:54,653 - INFO - [GINSLIB] processing : 2021/12/17 01:54:11 Q=5
2026-01-06 17:26:54,659 - INFO - [GINSLIB] processing : 2021/12/17 01:54:12 Q=5
2026-01-06 17:26:54,663 - INFO - [GINSLIB] processing : 2021/12/17 01:54:13 Q=5
2026-01-06 17:26:54,669 - INFO - [GINSLIB] processing : 2021/12/17 01:54:14 Q=5
2026-01-06 17:26:54,675 - INFO - [GINSLIB] processing : 2021/12/17 01:54:15 Q=5
2026-01-06 17:26:54,681 - INFO - [GINSLIB] processing : 2021/12/17 01:54:16 Q=5
2026-01-06 17:26:54,689 - INFO - [GINSLIB] processing : 2021/12/17 01:54:17 Q=5
2026-01-06 17:26:54,701 - INFO - [GINSLIB] processing : 2021/12/17 01:54:18 Q=5
2026-01-06 17:26:54,702 - INFO - [GINSLIB] processing : 2021/12/17 01:54:19 Q=5
2026-01-06 17:26:54,709 - INFO - [GINSLIB] processing : 2021/12/17 01:54:20 Q=5
2026-01-06 17:26:54,715 - INFO - [GINSLIB] processing : 2021/12/17 01:54:21 Q=5
2026-01-06 17:26:54,721 - INFO - [GINSLIB] processing : 2021/12/17 01:54:22 Q=5
2026-01-06 17:26:54,733 - INFO - [GINSLIB] processing : 2021/12/17 01:54:23 Q=5
2026-01-06 17:26:54,734 - INFO - [GINSLIB] processing : 2021/12/17 01:54:24 Q=5
2026-01-06 17:26:54,740 - INFO - [GINSLIB] processing : 2021/12/17 01:54:25 Q=5
2026-01-06 17:26:54,746 - INFO - [GINSLIB] processing : 2021/12/17 01:54:26 Q=5
2026-01-06 17:26:54,751 - INFO - [GINSLIB] processing : 2021/12/17 01:54:27 Q=5
2026-01-06 17:26:54,760 - INFO - [GINSLIB] processing : 2021/12/17 01:54:28 Q=5
2026-01-06 17:26:54,762 - INFO - [GINSLIB] processing : 2021/12/17 01:54:29 Q=5
2026-01-06 17:26:54,767 - INFO - [GINSLIB] processing : 2021/12/17 01:54:30 Q=5
2026-01-06 17:26:54,774 - INFO - [GINSLIB] processing : 2021/12/17 01:54:31 Q=5
2026-01-06 17:26:54,782 - INFO - [GINSLIB] processing : 2021/12/17 01:54:32 Q=5
2026-01-06 17:26:54,793 - INFO - [GINSLIB] processing : 2021/12/17 01:54:33 Q=5
2026-01-06 17:26:54,794 - INFO - [GINSLIB] processing : 2021/12/17 01:54:34 Q=5
2026-01-06 17:26:54,800 - INFO - [GINSLIB] processing : 2021/12/17 01:54:35 Q=5
2026-01-06 17:26:54,806 - INFO - [GINSLIB] processing : 2021/12/17 01:54:36 Q=5
2026-01-06 17:26:54,813 - INFO - [GINSLIB] processing : 2021/12/17 01:54:37 Q=5
2026-01-06 17:26:54,818 - INFO - [GINSLIB] processing : 2021/12/17 01:54:38 Q=5
2026-01-06 17:26:54,824 - INFO - [GINSLIB] processing : 2021/12/17 01:54:39 Q=5
2026-01-06 17:26:54,831 - INFO - [GINSLIB] processing : 2021/12/17 01:54:40 Q=5
2026-01-06 17:26:54,837 - INFO - [GINSLIB] processing : 2021/12/17 01:54:41 Q=5
2026-01-06 17:26:54,843 - INFO - [GINSLIB] processing : 2021/12/17 01:54:42 Q=5
2026-01-06 17:26:54,849 - INFO - [GINSLIB] processing : 2021/12/17 01:54:43 Q=5
2026-01-06 17:26:54,854 - INFO - [GINSLIB] processing : 2021/12/17 01:54:44 Q=5
2026-01-06 17:26:54,860 - INFO - [GINSLIB] processing : 2021/12/17 01:54:45 Q=5
2026-01-06 17:26:54,866 - INFO - [GINSLIB] processing : 2021/12/17 01:54:46 Q=5
2026-01-06 17:26:54,873 - INFO - [GINSLIB] processing : 2021/12/17 01:54:47 Q=5
2026-01-06 17:26:54,880 - INFO - [GINSLIB] processing : 2021/12/17 01:54:48 Q=5
2026-01-06 17:26:54,890 - INFO - [GINSLIB] processing : 2021/12/17 01:54:49 Q=5
2026-01-06 17:26:54,891 - INFO - [GINSLIB] processing : 2021/12/17 01:54:50 Q=5
2026-01-06 17:26:54,897 - INFO - [GINSLIB] processing : 2021/12/17 01:54:51 Q=5
2026-01-06 17:26:54,904 - INFO - [GINSLIB] processing : 2021/12/17 01:54:52 Q=5
2026-01-06 17:26:54,910 - INFO - [GINSLIB] processing : 2021/12/17 01:54:53 Q=5
2026-01-06 17:26:54,919 - INFO - [GINSLIB] processing : 2021/12/17 01:54:54 Q=5
2026-01-06 17:26:54,920 - INFO - [GINSLIB] processing : 2021/12/17 01:54:55 Q=5
2026-01-06 17:26:54,926 - INFO - [GINSLIB] processing : 2021/12/17 01:54:56 Q=5
2026-01-06 17:26:54,934 - INFO - [GINSLIB] processing : 2021/12/17 01:54:57 Q=5
2026-01-06 17:26:54,940 - INFO - [GINSLIB] processing : 2021/12/17 01:54:58 Q=5
2026-01-06 17:26:54,951 - INFO - [GINSLIB] processing : 2021/12/17 01:54:59 Q=5
2026-01-06 17:26:54,952 - INFO - [GINSLIB] processing : 2021/12/17 01:55:00 Q=5
2026-01-06 17:26:54,957 - INFO - [GINSLIB] processing : 2021/12/17 01:55:01 Q=5
2026-01-06 17:26:54,963 - INFO - [GINSLIB] processing : 2021/12/17 01:55:02 Q=5
2026-01-06 17:26:54,968 - INFO - [GINSLIB] processing : 2021/12/17 01:55:03 Q=5
2026-01-06 17:26:54,974 - INFO - [GINSLIB] processing : 2021/12/17 01:55:04 Q=5
2026-01-06 17:26:54,980 - INFO - [GINSLIB] processing : 2021/12/17 01:55:05 Q=5
2026-01-06 17:26:54,986 - INFO - [GINSLIB] processing : 2021/12/17 01:55:06 Q=5
2026-01-06 17:26:54,993 - INFO - [GINSLIB] processing : 2021/12/17 01:55:07 Q=5
2026-01-06 17:26:54,999 - INFO - [GINSLIB] processing : 2021/12/17 01:55:08 Q=5
2026-01-06 17:26:55,007 - INFO - [GINSLIB] processing : 2021/12/17 01:55:09 Q=5
2026-01-06 17:26:55,013 - INFO - [GINSLIB] processing : 2021/12/17 01:55:10 Q=5
2026-01-06 17:26:55,019 - INFO - [GINSLIB] processing : 2021/12/17 01:55:11 Q=5
2026-01-06 17:26:55,026 - INFO - [GINSLIB] processing : 2021/12/17 01:55:12 Q=5
2026-01-06 17:26:55,032 - INFO - [GINSLIB] processing : 2021/12/17 01:55:13 Q=5
2026-01-06 17:26:55,037 - INFO - [GINSLIB] processing : 2021/12/17 01:55:14 Q=5
2026-01-06 17:26:55,042 - INFO - [GINSLIB] processing : 2021/12/17 01:55:15 Q=5
2026-01-06 17:26:55,048 - INFO - [GINSLIB] processing : 2021/12/17 01:55:16 Q=5
2026-01-06 17:26:55,055 - INFO - [GINSLIB] processing : 2021/12/17 01:55:17 Q=5
2026-01-06 17:26:55,061 - INFO - [GINSLIB] processing : 2021/12/17 01:55:18 Q=5
2026-01-06 17:26:55,067 - INFO - [GINSLIB] processing : 2021/12/17 01:55:19 Q=5
2026-01-06 17:26:55,079 - INFO - [GINSLIB] processing : 2021/12/17 01:55:20 Q=5
2026-01-06 17:26:55,080 - INFO - [GINSLIB] processing : 2021/12/17 01:55:21 Q=5
2026-01-06 17:26:55,086 - INFO - [GINSLIB] processing : 2021/12/17 01:55:22 Q=5
2026-01-06 17:26:55,093 - INFO - [GINSLIB] processing : 2021/12/17 01:55:23 Q=5
2026-01-06 17:26:55,100 - INFO - [GINSLIB] processing : 2021/12/17 01:55:24 Q=5
2026-01-06 17:26:55,109 - INFO - [GINSLIB] processing : 2021/12/17 01:55:25 Q=5
2026-01-06 17:26:55,110 - INFO - [GINSLIB] processing : 2021/12/17 01:55:26 Q=5
2026-01-06 17:26:55,117 - INFO - [GINSLIB] processing : 2021/12/17 01:55:27 Q=5
2026-01-06 17:26:55,123 - INFO - [GINSLIB] processing : 2021/12/17 01:55:28 Q=5
2026-01-06 17:26:55,129 - INFO - [GINSLIB] processing : 2021/12/17 01:55:29 Q=5
2026-01-06 17:26:55,139 - INFO - [GINSLIB] processing : 2021/12/17 01:55:30 Q=5
2026-01-06 17:26:55,140 - INFO - [GINSLIB] processing : 2021/12/17 01:55:31 Q=5
2026-01-06 17:26:55,147 - INFO - [GINSLIB] processing : 2021/12/17 01:55:32 Q=5
2026-01-06 17:26:55,152 - INFO - [GINSLIB] processing : 2021/12/17 01:55:33 Q=5
2026-01-06 17:26:55,158 - INFO - [GINSLIB] processing : 2021/12/17 01:55:34 Q=5
2026-01-06 17:26:55,165 - INFO - [GINSLIB] processing : 2021/12/17 01:55:35 Q=5
2026-01-06 17:26:55,170 - INFO - [GINSLIB] processing : 2021/12/17 01:55:36 Q=5
2026-01-06 17:26:55,177 - INFO - [GINSLIB] processing : 2021/12/17 01:55:37 Q=5
2026-01-06 17:26:55,183 - INFO - [GINSLIB] processing : 2021/12/17 01:55:38 Q=5
2026-01-06 17:26:55,189 - INFO - [GINSLIB] processing : 2021/12/17 01:55:39 Q=5
2026-01-06 17:26:55,196 - INFO - [GINSLIB] processing : 2021/12/17 01:55:40 Q=5
2026-01-06 17:26:55,201 - INFO - [GINSLIB] processing : 2021/12/17 01:55:41 Q=5
2026-01-06 17:26:55,208 - INFO - [GINSLIB] processing : 2021/12/17 01:55:42 Q=5
2026-01-06 17:26:55,215 - INFO - [GINSLIB] processing : 2021/12/17 01:55:43 Q=5
2026-01-06 17:26:55,221 - INFO - [GINSLIB] processing : 2021/12/17 01:55:44 Q=5
2026-01-06 17:26:55,228 - INFO - [GINSLIB] processing : 2021/12/17 01:55:45 Q=5
2026-01-06 17:26:55,233 - INFO - [GINSLIB] processing : 2021/12/17 01:55:46 Q=5
2026-01-06 17:26:55,241 - INFO - [GINSLIB] processing : 2021/12/17 01:55:47 Q=5
2026-01-06 17:26:55,248 - INFO - [GINSLIB] processing : 2021/12/17 01:55:48 Q=5
2026-01-06 17:26:55,255 - INFO - [GINSLIB] processing : 2021/12/17 01:55:49 Q=5
2026-01-06 17:26:55,261 - INFO - [GINSLIB] processing : 2021/12/17 01:55:50 Q=5
2026-01-06 17:26:55,272 - INFO - [GINSLIB] processing : 2021/12/17 01:55:51 Q=5
2026-01-06 17:26:55,273 - INFO - [GINSLIB] processing : 2021/12/17 01:55:52 Q=5
2026-01-06 17:26:55,279 - INFO - [GINSLIB] processing : 2021/12/17 01:55:53 Q=5
2026-01-06 17:26:55,286 - INFO - [GINSLIB] processing : 2021/12/17 01:55:54 Q=5
2026-01-06 17:26:55,292 - INFO - [GINSLIB] processing : 2021/12/17 01:55:55 Q=5
2026-01-06 17:26:55,304 - INFO - [GINSLIB] processing : 2021/12/17 01:55:56 Q=5
2026-01-06 17:26:55,305 - INFO - [GINSLIB] processing : 2021/12/17 01:55:57 Q=5
2026-01-06 17:26:55,311 - INFO - [GINSLIB] processing : 2021/12/17 01:55:58 Q=5
2026-01-06 17:26:55,318 - INFO - [GINSLIB] processing : 2021/12/17 01:55:59 Q=5
2026-01-06 17:26:55,324 - INFO - [GINSLIB] processing : 2021/12/17 01:56:00 Q=5
2026-01-06 17:26:55,336 - INFO - [GINSLIB] processing : 2021/12/17 01:56:01 Q=5
2026-01-06 17:26:55,337 - INFO - [GINSLIB] processing : 2021/12/17 01:56:02 Q=5
2026-01-06 17:26:55,344 - INFO - [GINSLIB] processing : 2021/12/17 01:56:03 Q=5
2026-01-06 17:26:55,351 - INFO - [GINSLIB] processing : 2021/12/17 01:56:04 Q=5
2026-01-06 17:26:55,357 - INFO - [GINSLIB] processing : 2021/12/17 01:56:05 Q=5
2026-01-06 17:26:55,365 - INFO - [GINSLIB] processing : 2021/12/17 01:56:06 Q=5
2026-01-06 17:26:55,370 - INFO - [GINSLIB] processing : 2021/12/17 01:56:07 Q=5
2026-01-06 17:26:55,378 - INFO - [GINSLIB] processing : 2021/12/17 01:56:08 Q=5
2026-01-06 17:26:55,385 - INFO - [GINSLIB] processing : 2021/12/17 01:56:09 Q=5
2026-01-06 17:26:55,393 - INFO - [GINSLIB] processing : 2021/12/17 01:56:10 Q=5
2026-01-06 17:26:55,400 - INFO - [GINSLIB] processing : 2021/12/17 01:56:11 Q=5
2026-01-06 17:26:55,407 - INFO - [GINSLIB] processing : 2021/12/17 01:56:12 Q=5
2026-01-06 17:26:55,414 - INFO - [GINSLIB] processing : 2021/12/17 01:56:13 Q=5
2026-01-06 17:26:55,421 - INFO - [GINSLIB] processing : 2021/12/17 01:56:14 Q=5
2026-01-06 17:26:55,430 - INFO - [GINSLIB] processing : 2021/12/17 01:56:15 Q=5
2026-01-06 17:26:55,438 - INFO - [GINSLIB] processing : 2021/12/17 01:56:16 Q=5
2026-01-06 17:26:55,444 - INFO - [GINSLIB] processing : 2021/12/17 01:56:17 Q=5
2026-01-06 17:26:55,451 - INFO - [GINSLIB] processing : 2021/12/17 01:56:18 Q=5
2026-01-06 17:26:55,459 - INFO - [GINSLIB] processing : 2021/12/17 01:56:19 Q=5
2026-01-06 17:26:55,465 - INFO - [GINSLIB] processing : 2021/12/17 01:56:20 Q=5
2026-01-06 17:26:55,472 - INFO - [GINSLIB] processing : 2021/12/17 01:56:21 Q=5
2026-01-06 17:26:55,483 - INFO - [GINSLIB] processing : 2021/12/17 01:56:22 Q=5
2026-01-06 17:26:55,485 - INFO - [GINSLIB] processing : 2021/12/17 01:56:23 Q=5
2026-01-06 17:26:55,493 - INFO - [GINSLIB] processing : 2021/12/17 01:56:24 Q=5
2026-01-06 17:26:55,499 - INFO - [GINSLIB] processing : 2021/12/17 01:56:25 Q=5
2026-01-06 17:26:55,506 - INFO - [GINSLIB] processing : 2021/12/17 01:56:26 Q=5
2026-01-06 17:26:55,517 - INFO - [GINSLIB] processing : 2021/12/17 01:56:27 Q=5
2026-01-06 17:26:55,518 - INFO - [GINSLIB] processing : 2021/12/17 01:56:28 Q=5
2026-01-06 17:26:55,524 - INFO - [GINSLIB] processing : 2021/12/17 01:56:29 Q=5
2026-01-06 17:26:55,530 - INFO - [GINSLIB] processing : 2021/12/17 01:56:30 Q=5
2026-01-06 17:26:55,537 - INFO - [GINSLIB] processing : 2021/12/17 01:56:31 Q=5
2026-01-06 17:26:55,546 - INFO - [GINSLIB] processing : 2021/12/17 01:56:32 Q=5
2026-01-06 17:26:55,547 - INFO - [GINSLIB] processing : 2021/12/17 01:56:33 Q=5
2026-01-06 17:26:55,553 - INFO - [GINSLIB] processing : 2021/12/17 01:56:34 Q=5
2026-01-06 17:26:55,559 - INFO - [GINSLIB] processing : 2021/12/17 01:56:35 Q=5
2026-01-06 17:26:55,565 - INFO - [GINSLIB] processing : 2021/12/17 01:56:36 Q=5
2026-01-06 17:26:55,571 - INFO - [GINSLIB] processing : 2021/12/17 01:56:37 Q=5
2026-01-06 17:26:55,575 - INFO - [GINSLIB] processing : 2021/12/17 01:56:38 Q=5
2026-01-06 17:26:55,581 - INFO - [GINSLIB] processing : 2021/12/17 01:56:39 Q=5
2026-01-06 17:26:55,587 - INFO - [GINSLIB] processing : 2021/12/17 01:56:40 Q=5
2026-01-06 17:26:55,592 - INFO - [GINSLIB] processing : 2021/12/17 01:56:41 Q=5
2026-01-06 17:26:55,598 - INFO - [GINSLIB] processing : 2021/12/17 01:56:42 Q=5
2026-01-06 17:26:55,602 - INFO - [GINSLIB] processing : 2021/12/17 01:56:43 Q=5
2026-01-06 17:26:55,608 - INFO - [GINSLIB] processing : 2021/12/17 01:56:44 Q=5
2026-01-06 17:26:55,614 - INFO - [GINSLIB] processing : 2021/12/17 01:56:45 Q=5
2026-01-06 17:26:55,620 - INFO - [GINSLIB] processing : 2021/12/17 01:56:46 Q=5
2026-01-06 17:26:55,627 - INFO - [GINSLIB] processing : 2021/12/17 01:56:47 Q=5
2026-01-06 17:26:55,632 - INFO - [GINSLIB] processing : 2021/12/17 01:56:48 Q=5
2026-01-06 17:26:55,638 - INFO - [GINSLIB] processing : 2021/12/17 01:56:49 Q=5
2026-01-06 17:26:55,646 - INFO - [GINSLIB] processing : 2021/12/17 01:56:50 Q=5
2026-01-06 17:26:55,652 - INFO - [GINSLIB] processing : 2021/12/17 01:56:51 Q=5
2026-01-06 17:26:55,657 - INFO - [GINSLIB] processing : 2021/12/17 01:56:52 Q=5
2026-01-06 17:26:55,667 - INFO - [GINSLIB] processing : 2021/12/17 01:56:53 Q=5
2026-01-06 17:26:55,668 - INFO - [GINSLIB] processing : 2021/12/17 01:56:54 Q=5
2026-01-06 17:26:55,676 - INFO - [GINSLIB] processing : 2021/12/17 01:56:55 Q=5
2026-01-06 17:26:55,682 - INFO - [GINSLIB] processing : 2021/12/17 01:56:56 Q=5
2026-01-06 17:26:55,688 - INFO - [GINSLIB] processing : 2021/12/17 01:56:57 Q=5
2026-01-06 17:26:55,700 - INFO - [GINSLIB] processing : 2021/12/17 01:56:58 Q=5
2026-01-06 17:26:55,701 - INFO - [GINSLIB] processing : 2021/12/17 01:56:59 Q=5
2026-01-06 17:26:55,709 - INFO - [GINSLIB] processing : 2021/12/17 01:57:00 Q=5
2026-01-06 17:26:55,714 - INFO - [GINSLIB] processing : 2021/12/17 01:57:01 Q=5
2026-01-06 17:26:55,720 - INFO - [GINSLIB] processing : 2021/12/17 01:57:02 Q=5
2026-01-06 17:26:55,730 - INFO - [GINSLIB] processing : 2021/12/17 01:57:03 Q=5
2026-01-06 17:26:55,731 - INFO - [GINSLIB] processing : 2021/12/17 01:57:04 Q=5
2026-01-06 17:26:55,738 - INFO - [GINSLIB] processing : 2021/12/17 01:57:05 Q=5
2026-01-06 17:26:55,745 - INFO - [GINSLIB] processing : 2021/12/17 01:57:06 Q=5
2026-01-06 17:26:55,751 - INFO - [GINSLIB] processing : 2021/12/17 01:57:07 Q=5
2026-01-06 17:26:55,758 - INFO - [GINSLIB] processing : 2021/12/17 01:57:08 Q=5
2026-01-06 17:26:55,764 - INFO - [GINSLIB] processing : 2021/12/17 01:57:09 Q=5
2026-01-06 17:26:55,770 - INFO - [GINSLIB] processing : 2021/12/17 01:57:10 Q=5
2026-01-06 17:26:55,777 - INFO - [GINSLIB] processing : 2021/12/17 01:57:11 Q=5
2026-01-06 17:26:55,784 - INFO - [GINSLIB] processing : 2021/12/17 01:57:12 Q=5
2026-01-06 17:26:55,791 - INFO - [GINSLIB] processing : 2021/12/17 01:57:13 Q=5
2026-01-06 17:26:55,797 - INFO - [GINSLIB] processing : 2021/12/17 01:57:14 Q=5
2026-01-06 17:26:55,804 - INFO - [GINSLIB] processing : 2021/12/17 01:57:15 Q=5
2026-01-06 17:26:55,811 - INFO - [GINSLIB] processing : 2021/12/17 01:57:16 Q=5
2026-01-06 17:26:55,818 - INFO - [GINSLIB] processing : 2021/12/17 01:57:17 Q=5
2026-01-06 17:26:55,825 - INFO - [GINSLIB] processing : 2021/12/17 01:57:18 Q=5
2026-01-06 17:26:55,837 - INFO - [GINSLIB] processing : 2021/12/17 01:57:19 Q=5
2026-01-06 17:26:55,838 - INFO - [GINSLIB] processing : 2021/12/17 01:57:20 Q=5
2026-01-06 17:26:55,846 - INFO - [GINSLIB] processing : 2021/12/17 01:57:21 Q=5
2026-01-06 17:26:55,853 - INFO - [GINSLIB] processing : 2021/12/17 01:57:22 Q=5
2026-01-06 17:26:55,860 - INFO - [GINSLIB] processing : 2021/12/17 01:57:23 Q=5
2026-01-06 17:26:55,871 - INFO - [GINSLIB] processing : 2021/12/17 01:57:24 Q=5
2026-01-06 17:26:55,872 - INFO - [GINSLIB] processing : 2021/12/17 01:57:25 Q=5
2026-01-06 17:26:55,880 - INFO - [GINSLIB] processing : 2021/12/17 01:57:26 Q=5
2026-01-06 17:26:55,887 - INFO - [GINSLIB] processing : 2021/12/17 01:57:27 Q=5
2026-01-06 17:26:55,895 - INFO - [GINSLIB] processing : 2021/12/17 01:57:28 Q=5
2026-01-06 17:26:55,907 - INFO - [GINSLIB] processing : 2021/12/17 01:57:29 Q=5
2026-01-06 17:26:55,909 - INFO - [GINSLIB] processing : 2021/12/17 01:57:30 Q=5
2026-01-06 17:26:55,916 - INFO - [GINSLIB] processing : 2021/12/17 01:57:31 Q=5
2026-01-06 17:26:55,924 - INFO - [GINSLIB] processing : 2021/12/17 01:57:32 Q=5
2026-01-06 17:26:55,931 - INFO - [GINSLIB] processing : 2021/12/17 01:57:33 Q=5
2026-01-06 17:26:55,944 - INFO - [GINSLIB] processing : 2021/12/17 01:57:34 Q=5
2026-01-06 17:26:55,945 - INFO - [GINSLIB] processing : 2021/12/17 01:57:35 Q=5
2026-01-06 17:26:55,952 - INFO - [GINSLIB] processing : 2021/12/17 01:57:36 Q=5
2026-01-06 17:26:55,959 - INFO - [GINSLIB] processing : 2021/12/17 01:57:37 Q=5
2026-01-06 17:26:55,966 - INFO - [GINSLIB] processing : 2021/12/17 01:57:38 Q=5
2026-01-06 17:26:55,973 - INFO - [GINSLIB] processing : 2021/12/17 01:57:39 Q=5
2026-01-06 17:26:55,979 - INFO - [GINSLIB] processing : 2021/12/17 01:57:40 Q=5
2026-01-06 17:26:55,987 - INFO - [GINSLIB] processing : 2021/12/17 01:57:41 Q=5
2026-01-06 17:26:55,994 - INFO - [GINSLIB] processing : 2021/12/17 01:57:42 Q=5
2026-01-06 17:26:56,002 - INFO - [GINSLIB] processing : 2021/12/17 01:57:43 Q=5
2026-01-06 17:26:56,009 - INFO - [GINSLIB] processing : 2021/12/17 01:57:44 Q=5
2026-01-06 17:26:56,015 - INFO - [GINSLIB] processing : 2021/12/17 01:57:45 Q=5
2026-01-06 17:26:56,023 - INFO - [GINSLIB] processing : 2021/12/17 01:57:46 Q=5
2026-01-06 17:26:56,031 - INFO - [GINSLIB] processing : 2021/12/17 01:57:47 Q=5
2026-01-06 17:26:56,038 - INFO - [GINSLIB] processing : 2021/12/17 01:57:48 Q=5
2026-01-06 17:26:56,045 - INFO - [GINSLIB] processing : 2021/12/17 01:57:49 Q=5
2026-01-06 17:26:56,056 - INFO - [GINSLIB] processing : 2021/12/17 01:57:50 Q=5
2026-01-06 17:26:56,057 - INFO - [GINSLIB] processing : 2021/12/17 01:57:51 Q=5
2026-01-06 17:26:56,064 - INFO - [GINSLIB] processing : 2021/12/17 01:57:52 Q=5
2026-01-06 17:26:56,069 - INFO - [GINSLIB] processing : 2021/12/17 01:57:53 Q=5
2026-01-06 17:26:56,076 - INFO - [GINSLIB] processing : 2021/12/17 01:57:54 Q=5
2026-01-06 17:26:56,086 - INFO - [GINSLIB] processing : 2021/12/17 01:57:55 Q=5
2026-01-06 17:26:56,087 - INFO - [GINSLIB] processing : 2021/12/17 01:57:56 Q=5
2026-01-06 17:26:56,094 - INFO - [GINSLIB] processing : 2021/12/17 01:57:57 Q=5
2026-01-06 17:26:56,100 - INFO - [GINSLIB] processing : 2021/12/17 01:57:58 Q=5
2026-01-06 17:26:56,106 - INFO - [GINSLIB] processing : 2021/12/17 01:57:59 Q=5
2026-01-06 17:26:56,118 - INFO - [GINSLIB] processing : 2021/12/17 01:58:00 Q=5
2026-01-06 17:26:56,119 - INFO - [GINSLIB] processing : 2021/12/17 01:58:01 Q=5
2026-01-06 17:26:56,127 - INFO - [GINSLIB] processing : 2021/12/17 01:58:02 Q=5
2026-01-06 17:26:56,134 - INFO - [GINSLIB] processing : 2021/12/17 01:58:03 Q=5
2026-01-06 17:26:56,141 - INFO - [GINSLIB] processing : 2021/12/17 01:58:04 Q=5
2026-01-06 17:26:56,148 - INFO - [GINSLIB] processing : 2021/12/17 01:58:05 Q=5
2026-01-06 17:26:56,153 - INFO - [GINSLIB] processing : 2021/12/17 01:58:06 Q=5
2026-01-06 17:26:56,161 - INFO - [GINSLIB] processing : 2021/12/17 01:58:07 Q=5
2026-01-06 17:26:56,167 - INFO - [GINSLIB] processing : 2021/12/17 01:58:08 Q=5
2026-01-06 17:26:56,173 - INFO - [GINSLIB] processing : 2021/12/17 01:58:09 Q=5
2026-01-06 17:26:56,180 - INFO - [GINSLIB] processing : 2021/12/17 01:58:10 Q=5
2026-01-06 17:26:56,185 - INFO - [GINSLIB] processing : 2021/12/17 01:58:11 Q=5
2026-01-06 17:26:56,192 - INFO - [GINSLIB] processing : 2021/12/17 01:58:12 Q=5
2026-01-06 17:26:56,199 - INFO - [GINSLIB] processing : 2021/12/17 01:58:13 Q=5
2026-01-06 17:26:56,206 - INFO - [GINSLIB] processing : 2021/12/17 01:58:14 Q=5
2026-01-06 17:26:56,212 - INFO - [GINSLIB] processing : 2021/12/17 01:58:15 Q=5
2026-01-06 17:26:56,218 - INFO - [GINSLIB] processing : 2021/12/17 01:58:16 Q=5
2026-01-06 17:26:56,225 - INFO - [GINSLIB] processing : 2021/12/17 01:58:17 Q=5
2026-01-06 17:26:56,231 - INFO - [GINSLIB] processing : 2021/12/17 01:58:18 Q=5
2026-01-06 17:26:56,239 - INFO - [GINSLIB] processing : 2021/12/17 01:58:19 Q=5
2026-01-06 17:26:56,245 - INFO - [GINSLIB] processing : 2021/12/17 01:58:20 Q=5
2026-01-06 17:26:56,257 - INFO - [GINSLIB] processing : 2021/12/17 01:58:21 Q=5
2026-01-06 17:26:56,258 - INFO - [GINSLIB] processing : 2021/12/17 01:58:22 Q=5
2026-01-06 17:26:56,264 - INFO - [GINSLIB] processing : 2021/12/17 01:58:23 Q=5
2026-01-06 17:26:56,270 - INFO - [GINSLIB] processing : 2021/12/17 01:58:24 Q=5
2026-01-06 17:26:56,276 - INFO - [GINSLIB] processing : 2021/12/17 01:58:25 Q=5
2026-01-06 17:26:56,287 - INFO - [GINSLIB] processing : 2021/12/17 01:58:26 Q=5
2026-01-06 17:26:56,288 - INFO - [GINSLIB] processing : 2021/12/17 01:58:27 Q=5
2026-01-06 17:26:56,294 - INFO - [GINSLIB] processing : 2021/12/17 01:58:28 Q=5
2026-01-06 17:26:56,302 - INFO - [GINSLIB] processing : 2021/12/17 01:58:29 Q=5
2026-01-06 17:26:56,309 - INFO - [GINSLIB] processing : 2021/12/17 01:58:30 Q=5
2026-01-06 17:26:56,320 - INFO - [GINSLIB] processing : 2021/12/17 01:58:31 Q=5
2026-01-06 17:26:56,321 - INFO - [GINSLIB] processing : 2021/12/17 01:58:32 Q=5
2026-01-06 17:26:56,328 - INFO - [GINSLIB] processing : 2021/12/17 01:58:33 Q=5
2026-01-06 17:26:56,334 - INFO - [GINSLIB] processing : 2021/12/17 01:58:34 Q=5
2026-01-06 17:26:56,341 - INFO - [GINSLIB] processing : 2021/12/17 01:58:35 Q=5
2026-01-06 17:26:56,348 - INFO - [GINSLIB] processing : 2021/12/17 01:58:36 Q=5
2026-01-06 17:26:56,353 - INFO - [GINSLIB] processing : 2021/12/17 01:58:37 Q=5
2026-01-06 17:26:56,361 - INFO - [GINSLIB] processing : 2021/12/17 01:58:38 Q=5
2026-01-06 17:26:56,367 - INFO - [GINSLIB] processing : 2021/12/17 01:58:39 Q=5
2026-01-06 17:26:56,374 - INFO - [GINSLIB] processing : 2021/12/17 01:58:40 Q=5
2026-01-06 17:26:56,381 - INFO - [GINSLIB] processing : 2021/12/17 01:58:41 Q=5
2026-01-06 17:26:56,387 - INFO - [GINSLIB] processing : 2021/12/17 01:58:42 Q=5
2026-01-06 17:26:56,396 - INFO - [GINSLIB] processing : 2021/12/17 01:58:43 Q=5
2026-01-06 17:26:56,403 - INFO - [GINSLIB] processing : 2021/12/17 01:58:44 Q=5
2026-01-06 17:26:56,412 - INFO - [GINSLIB] processing : 2021/12/17 01:58:45 Q=5
2026-01-06 17:26:56,419 - INFO - [GINSLIB] processing : 2021/12/17 01:58:46 Q=5
2026-01-06 17:26:56,426 - INFO - [GINSLIB] processing : 2021/12/17 01:58:47 Q=5
2026-01-06 17:26:56,433 - INFO - [GINSLIB] processing : 2021/12/17 01:58:48 Q=5
2026-01-06 17:26:56,441 - INFO - [GINSLIB] processing : 2021/12/17 01:58:49 Q=5
2026-01-06 17:26:56,448 - INFO - [GINSLIB] processing : 2021/12/17 01:58:50 Q=5
2026-01-06 17:26:56,455 - INFO - [GINSLIB] processing : 2021/12/17 01:58:51 Q=5
2026-01-06 17:26:56,466 - INFO - [GINSLIB] processing : 2021/12/17 01:58:52 Q=5
2026-01-06 17:26:56,467 - INFO - [GINSLIB] processing : 2021/12/17 01:58:53 Q=5
2026-01-06 17:26:56,474 - INFO - [GINSLIB] processing : 2021/12/17 01:58:54 Q=5
2026-01-06 17:26:56,481 - INFO - [GINSLIB] processing : 2021/12/17 01:58:55 Q=5
2026-01-06 17:26:56,488 - INFO - [GINSLIB] processing : 2021/12/17 01:58:56 Q=5
2026-01-06 17:26:56,499 - INFO - [GINSLIB] processing : 2021/12/17 01:58:57 Q=5
2026-01-06 17:26:56,500 - INFO - [GINSLIB] processing : 2021/12/17 01:58:58 Q=5
2026-01-06 17:26:56,507 - INFO - [GINSLIB] processing : 2021/12/17 01:58:59 Q=5
2026-01-06 17:26:56,513 - INFO - [GINSLIB] processing : 2021/12/17 01:58:60 Q=5
2026-01-06 17:26:56,513 - INFO - [GINSLIB] processing : 2021/12/17 01:59:00 Q=5
2026-01-06 17:26:56,520 - INFO - [GINSLIB] processing : 2021/12/17 01:59:01 Q=5
2026-01-06 17:26:56,531 - INFO - [GINSLIB] processing : 2021/12/17 01:59:02 Q=5
2026-01-06 17:26:56,532 - INFO - [GINSLIB] processing : 2021/12/17 01:59:03 Q=5
2026-01-06 17:26:56,538 - INFO - [GINSLIB] processing : 2021/12/17 01:59:04 Q=5
2026-01-06 17:26:56,545 - INFO - [GINSLIB] processing : 2021/12/17 01:59:05 Q=5
2026-01-06 17:26:56,552 - INFO - [GINSLIB] processing : 2021/12/17 01:59:06 Q=5
2026-01-06 17:26:56,559 - INFO - [GINSLIB] processing : 2021/12/17 01:59:07 Q=5
2026-01-06 17:26:56,565 - INFO - [GINSLIB] processing : 2021/12/17 01:59:08 Q=5
2026-01-06 17:26:56,571 - INFO - [GINSLIB] processing : 2021/12/17 01:59:09 Q=5
2026-01-06 17:26:56,578 - INFO - [GINSLIB] processing : 2021/12/17 01:59:10 Q=5
2026-01-06 17:26:56,585 - INFO - [GINSLIB] processing : 2021/12/17 01:59:11 Q=5
2026-01-06 17:26:56,591 - INFO - [GINSLIB] processing : 2021/12/17 01:59:12 Q=5
2026-01-06 17:26:56,597 - INFO - [GINSLIB] processing : 2021/12/17 01:59:13 Q=5
2026-01-06 17:26:56,603 - INFO - [GINSLIB] processing : 2021/12/17 01:59:14 Q=5
2026-01-06 17:26:56,610 - INFO - [GINSLIB] processing : 2021/12/17 01:59:15 Q=5
2026-01-06 17:26:56,616 - INFO - [GINSLIB] processing : 2021/12/17 01:59:16 Q=5
2026-01-06 17:26:56,623 - INFO - [GINSLIB] processing : 2021/12/17 01:59:17 Q=5
2026-01-06 17:26:56,629 - INFO - [GINSLIB] processing : 2021/12/17 01:59:18 Q=5
2026-01-06 17:26:56,635 - INFO - [GINSLIB] processing : 2021/12/17 01:59:19 Q=5
2026-01-06 17:26:56,643 - INFO - [GINSLIB] processing : 2021/12/17 01:59:20 Q=5
2026-01-06 17:26:56,649 - INFO - [GINSLIB] processing : 2021/12/17 01:59:21 Q=5
2026-01-06 17:26:56,656 - INFO - [GINSLIB] processing : 2021/12/17 01:59:22 Q=5
2026-01-06 17:26:56,667 - INFO - [GINSLIB] processing : 2021/12/17 01:59:23 Q=5
2026-01-06 17:26:56,668 - INFO - [GINSLIB] processing : 2021/12/17 01:59:24 Q=5
2026-01-06 17:26:56,676 - INFO - [GINSLIB] processing : 2021/12/17 01:59:25 Q=5
2026-01-06 17:26:56,682 - INFO - [GINSLIB] processing : 2021/12/17 01:59:26 Q=5
2026-01-06 17:26:56,690 - INFO - [GINSLIB] processing : 2021/12/17 01:59:27 Q=5
2026-01-06 17:26:56,700 - INFO - [GINSLIB] processing : 2021/12/17 01:59:28 Q=5
2026-01-06 17:26:56,701 - INFO - [GINSLIB] processing : 2021/12/17 01:59:29 Q=5
2026-01-06 17:26:56,709 - INFO - [GINSLIB] processing : 2021/12/17 01:59:30 Q=5
2026-01-06 17:26:56,716 - INFO - [GINSLIB] processing : 2021/12/17 01:59:31 Q=5
2026-01-06 17:26:56,722 - INFO - [GINSLIB] processing : 2021/12/17 01:59:32 Q=5
2026-01-06 17:26:56,732 - INFO - [GINSLIB] processing : 2021/12/17 01:59:33 Q=5
2026-01-06 17:26:56,733 - INFO - [GINSLIB] processing : 2021/12/17 01:59:34 Q=5
2026-01-06 17:26:56,740 - INFO - [GINSLIB] processing : 2021/12/17 01:59:35 Q=5
2026-01-06 17:26:56,746 - INFO - [GINSLIB] processing : 2021/12/17 01:59:36 Q=5
2026-01-06 17:26:56,752 - INFO - [GINSLIB] processing : 2021/12/17 01:59:37 Q=5
2026-01-06 17:26:56,759 - INFO - [GINSLIB] processing : 2021/12/17 01:59:38 Q=5
2026-01-06 17:26:56,764 - INFO - [GINSLIB] processing : 2021/12/17 01:59:39 Q=5
2026-01-06 17:26:56,772 - INFO - [GINSLIB] processing : 2021/12/17 01:59:40 Q=5
2026-01-06 17:26:56,779 - INFO - [GINSLIB] processing : 2021/12/17 01:59:41 Q=5
2026-01-06 17:26:56,785 - INFO - [GINSLIB] processing : 2021/12/17 01:59:42 Q=5
2026-01-06 17:26:56,792 - INFO - [GINSLIB] processing : 2021/12/17 01:59:43 Q=5
2026-01-06 17:26:56,798 - INFO - [GINSLIB] processing : 2021/12/17 01:59:44 Q=5
2026-01-06 17:26:56,805 - INFO - [GINSLIB] processing : 2021/12/17 01:59:45 Q=5
2026-01-06 17:26:56,811 - INFO - [GINSLIB] processing : 2021/12/17 01:59:46 Q=5
2026-01-06 17:26:56,817 - INFO - [GINSLIB] processing : 2021/12/17 01:59:47 Q=5
2026-01-06 17:26:56,824 - INFO - [GINSLIB] processing : 2021/12/17 01:59:48 Q=5
2026-01-06 17:26:56,835 - INFO - [GINSLIB] processing : 2021/12/17 01:59:49 Q=5
2026-01-06 17:26:56,836 - INFO - [GINSLIB] processing : 2021/12/17 01:59:50 Q=5
2026-01-06 17:26:56,843 - INFO - [GINSLIB] processing : 2021/12/17 01:59:51 Q=5
2026-01-06 17:26:56,849 - INFO - [GINSLIB] processing : 2021/12/17 01:59:52 Q=5
2026-01-06 17:26:56,855 - INFO - [GINSLIB] processing : 2021/12/17 01:59:53 Q=5
2026-01-06 17:26:56,867 - INFO - [GINSLIB] processing : 2021/12/17 01:59:54 Q=5
2026-01-06 17:26:56,868 - INFO - [GINSLIB] processing : 2021/12/17 01:59:55 Q=5
2026-01-06 17:26:56,874 - INFO - [GINSLIB] processing : 2021/12/17 01:59:56 Q=5
2026-01-06 17:26:56,879 - INFO - [GINSLIB] processing : 2021/12/17 01:59:57 Q=5
2026-01-06 17:26:56,884 - INFO - [GINSLIB] processing : 2021/12/17 01:59:58 Q=5
2026-01-06 17:26:56,895 - INFO - [GINSLIB] processing : 2021/12/17 01:59:59 Q=5
2026-01-06 17:26:56,896 - INFO - [GINSLIB] processing : 2021/12/17 01:59:60 Q=5
2026-01-06 17:26:56,896 - INFO - [GINSLIB] processing : 2021/12/17 02:00:00 Q=5
2026-01-06 17:26:56,902 - INFO - [GINSLIB] processing : 2021/12/17 02:00:01 Q=5
2026-01-06 17:26:56,908 - INFO - [GINSLIB] processing : 2021/12/17 02:00:02 Q=5
2026-01-06 17:26:56,914 - INFO - [GINSLIB] processing : 2021/12/17 02:00:03 Q=5
2026-01-06 17:26:56,924 - INFO - [GINSLIB] processing : 2021/12/17 02:00:04 Q=5
2026-01-06 17:26:56,925 - INFO - [GINSLIB] processing : 2021/12/17 02:00:05 Q=5
2026-01-06 17:26:56,930 - INFO - [GINSLIB] processing : 2021/12/17 02:00:06 Q=5
2026-01-06 17:26:56,935 - INFO - [GINSLIB] processing : 2021/12/17 02:00:07 Q=5
2026-01-06 17:26:56,940 - INFO - [GINSLIB] processing : 2021/12/17 02:00:08 Q=5
2026-01-06 17:26:56,946 - INFO - [GINSLIB] processing : 2021/12/17 02:00:09 Q=5
2026-01-06 17:26:56,951 - INFO - [GINSLIB] processing : 2021/12/17 02:00:10 Q=5
2026-01-06 17:26:56,957 - INFO - [GINSLIB] processing : 2021/12/17 02:00:11 Q=5
2026-01-06 17:26:56,963 - INFO - [GINSLIB] processing : 2021/12/17 02:00:12 Q=5
2026-01-06 17:26:56,969 - INFO - [GINSLIB] processing : 2021/12/17 02:00:13 Q=5
2026-01-06 17:26:56,974 - INFO - [GINSLIB] processing : 2021/12/17 02:00:14 Q=5
2026-01-06 17:26:56,978 - INFO - [GINSLIB] processing : 2021/12/17 02:00:15 Q=5
2026-01-06 17:26:56,984 - INFO - [GINSLIB] processing : 2021/12/17 02:00:16 Q=5
2026-01-06 17:26:56,990 - INFO - [GINSLIB] processing : 2021/12/17 02:00:17 Q=5
2026-01-06 17:26:56,996 - INFO - [GINSLIB] processing : 2021/12/17 02:00:18 Q=5
2026-01-06 17:26:57,002 - INFO - [GINSLIB] processing : 2021/12/17 02:00:19 Q=5
2026-01-06 17:26:57,007 - INFO - [GINSLIB] processing : 2021/12/17 02:00:20 Q=5
2026-01-06 17:26:57,013 - INFO - [GINSLIB] processing : 2021/12/17 02:00:21 Q=5
2026-01-06 17:26:57,020 - INFO - [GINSLIB] processing : 2021/12/17 02:00:22 Q=5
2026-01-06 17:26:57,026 - INFO - [GINSLIB] processing : 2021/12/17 02:00:23 Q=5
2026-01-06 17:26:57,033 - INFO - [GINSLIB] processing : 2021/12/17 02:00:24 Q=5
2026-01-06 17:26:57,043 - INFO - [GINSLIB] processing : 2021/12/17 02:00:25 Q=5
2026-01-06 17:26:57,045 - INFO - [GINSLIB] processing : 2021/12/17 02:00:26 Q=5
2026-01-06 17:26:57,051 - INFO - [GINSLIB] processing : 2021/12/17 02:00:27 Q=5
2026-01-06 17:26:57,057 - INFO - [GINSLIB] processing : 2021/12/17 02:00:28 Q=5
2026-01-06 17:26:57,064 - INFO - [GINSLIB] processing : 2021/12/17 02:00:29 Q=5
2026-01-06 17:26:57,075 - INFO - [GINSLIB] processing : 2021/12/17 02:00:30 Q=5
2026-01-06 17:26:57,076 - INFO - [GINSLIB] processing : 2021/12/17 02:00:31 Q=5
2026-01-06 17:26:57,083 - INFO - [GINSLIB] processing : 2021/12/17 02:00:32 Q=5
2026-01-06 17:26:57,089 - INFO - [GINSLIB] processing : 2021/12/17 02:00:33 Q=5
2026-01-06 17:26:57,095 - INFO - [GINSLIB] processing : 2021/12/17 02:00:34 Q=5
2026-01-06 17:26:57,104 - INFO - [GINSLIB] processing : 2021/12/17 02:00:35 Q=5
2026-01-06 17:26:57,105 - INFO - [GINSLIB] processing : 2021/12/17 02:00:36 Q=5
2026-01-06 17:26:57,113 - INFO - [GINSLIB] processing : 2021/12/17 02:00:37 Q=5
2026-01-06 17:26:57,118 - INFO - [GINSLIB] processing : 2021/12/17 02:00:38 Q=5
2026-01-06 17:26:57,125 - INFO - [GINSLIB] processing : 2021/12/17 02:00:39 Q=5
2026-01-06 17:26:57,132 - INFO - [GINSLIB] processing : 2021/12/17 02:00:40 Q=5
2026-01-06 17:26:57,137 - INFO - [GINSLIB] processing : 2021/12/17 02:00:41 Q=5
2026-01-06 17:26:57,146 - INFO - [GINSLIB] processing : 2021/12/17 02:00:42 Q=5
2026-01-06 17:26:57,152 - INFO - [GINSLIB] processing : 2021/12/17 02:00:43 Q=5
2026-01-06 17:26:57,159 - INFO - [GINSLIB] processing : 2021/12/17 02:00:44 Q=5
2026-01-06 17:26:57,165 - INFO - [GINSLIB] processing : 2021/12/17 02:00:45 Q=5
2026-01-06 17:26:57,171 - INFO - [GINSLIB] processing : 2021/12/17 02:00:46 Q=5
2026-01-06 17:26:57,178 - INFO - [GINSLIB] processing : 2021/12/17 02:00:47 Q=5
2026-01-06 17:26:57,184 - INFO - [GINSLIB] processing : 2021/12/17 02:00:48 Q=5
2026-01-06 17:26:57,192 - INFO - [GINSLIB] processing : 2021/12/17 02:00:49 Q=5
2026-01-06 17:26:57,198 - INFO - [GINSLIB] processing : 2021/12/17 02:00:50 Q=5
2026-01-06 17:26:57,208 - INFO - [GINSLIB] processing : 2021/12/17 02:00:51 Q=5
2026-01-06 17:26:57,209 - INFO - [GINSLIB] processing : 2021/12/17 02:00:52 Q=5
2026-01-06 17:26:57,216 - INFO - [GINSLIB] processing : 2021/12/17 02:00:53 Q=5
2026-01-06 17:26:57,225 - INFO - [GINSLIB] processing : 2021/12/17 02:00:54 Q=5
2026-01-06 17:26:57,231 - INFO - [GINSLIB] processing : 2021/12/17 02:00:55 Q=5
2026-01-06 17:26:57,243 - INFO - [GINSLIB] processing : 2021/12/17 02:00:56 Q=5
2026-01-06 17:26:57,244 - INFO - [GINSLIB] processing : 2021/12/17 02:00:57 Q=5
2026-01-06 17:26:57,252 - INFO - [GINSLIB] processing : 2021/12/17 02:00:58 Q=5
2026-01-06 17:26:57,259 - INFO - [GINSLIB] processing : 2021/12/17 02:00:59 Q=5
2026-01-06 17:26:57,266 - INFO - [GINSLIB] processing : 2021/12/17 02:00:60 Q=5
2026-01-06 17:26:57,267 - INFO - [GINSLIB] processing : 2021/12/17 02:01:00 Q=5
2026-01-06 17:26:57,280 - INFO - [GINSLIB] processing : 2021/12/17 02:01:01 Q=5
2026-01-06 17:26:57,282 - INFO - [GINSLIB] processing : 2021/12/17 02:01:02 Q=5
2026-01-06 17:26:57,289 - INFO - [GINSLIB] processing : 2021/12/17 02:01:03 Q=5
2026-01-06 17:26:57,297 - INFO - [GINSLIB] processing : 2021/12/17 02:01:04 Q=5
2026-01-06 17:26:57,302 - INFO - [GINSLIB] processing : 2021/12/17 02:01:05 Q=5
2026-01-06 17:26:57,309 - INFO - [GINSLIB] processing : 2021/12/17 02:01:06 Q=5
2026-01-06 17:26:57,315 - INFO - [GINSLIB] processing : 2021/12/17 02:01:07 Q=5
2026-01-06 17:26:57,320 - INFO - [GINSLIB] processing : 2021/12/17 02:01:08 Q=5
2026-01-06 17:26:57,327 - INFO - [GINSLIB] processing : 2021/12/17 02:01:09 Q=5
2026-01-06 17:26:57,332 - INFO - [GINSLIB] processing : 2021/12/17 02:01:10 Q=5
2026-01-06 17:26:57,338 - INFO - [GINSLIB] processing : 2021/12/17 02:01:11 Q=5
2026-01-06 17:26:57,346 - INFO - [GINSLIB] processing : 2021/12/17 02:01:12 Q=5
2026-01-06 17:26:57,353 - INFO - [GINSLIB] processing : 2021/12/17 02:01:13 Q=5
2026-01-06 17:26:57,360 - INFO - [GINSLIB] processing : 2021/12/17 02:01:14 Q=5
2026-01-06 17:26:57,366 - INFO - [GINSLIB] processing : 2021/12/17 02:01:15 Q=5
2026-01-06 17:26:57,373 - INFO - [GINSLIB] processing : 2021/12/17 02:01:16 Q=5
2026-01-06 17:26:57,379 - INFO - [GINSLIB] processing : 2021/12/17 02:01:17 Q=5
2026-01-06 17:26:57,385 - INFO - [GINSLIB] processing : 2021/12/17 02:01:18 Q=5
2026-01-06 17:26:57,392 - INFO - [GINSLIB] processing : 2021/12/17 02:01:19 Q=5
2026-01-06 17:26:57,398 - INFO - [GINSLIB] processing : 2021/12/17 02:01:20 Q=5
2026-01-06 17:26:57,405 - INFO - [GINSLIB] processing : 2021/12/17 02:01:21 Q=5
2026-01-06 17:26:57,416 - INFO - [GINSLIB] processing : 2021/12/17 02:01:22 Q=5
2026-01-06 17:26:57,417 - INFO - [GINSLIB] processing : 2021/12/17 02:01:23 Q=5
2026-01-06 17:26:57,424 - INFO - [GINSLIB] processing : 2021/12/17 02:01:24 Q=5
2026-01-06 17:26:57,430 - INFO - [GINSLIB] processing : 2021/12/17 02:01:25 Q=5
2026-01-06 17:26:57,438 - INFO - [GINSLIB] processing : 2021/12/17 02:01:26 Q=5
2026-01-06 17:26:57,449 - INFO - [GINSLIB] processing : 2021/12/17 02:01:27 Q=5
2026-01-06 17:26:57,450 - INFO - [GINSLIB] processing : 2021/12/17 02:01:28 Q=5
2026-01-06 17:26:57,456 - INFO - [GINSLIB] processing : 2021/12/17 02:01:29 Q=5
2026-01-06 17:26:57,463 - INFO - [GINSLIB] processing : 2021/12/17 02:01:30 Q=5
2026-01-06 17:26:57,469 - INFO - [GINSLIB] processing : 2021/12/17 02:01:31 Q=5
2026-01-06 17:26:57,480 - INFO - [GINSLIB] processing : 2021/12/17 02:01:32 Q=5
2026-01-06 17:26:57,481 - INFO - [GINSLIB] processing : 2021/12/17 02:01:33 Q=5
2026-01-06 17:26:57,487 - INFO - [GINSLIB] processing : 2021/12/17 02:01:34 Q=5
2026-01-06 17:26:57,494 - INFO - [GINSLIB] processing : 2021/12/17 02:01:35 Q=5
2026-01-06 17:26:57,501 - INFO - [GINSLIB] processing : 2021/12/17 02:01:36 Q=5
2026-01-06 17:26:57,508 - INFO - [GINSLIB] processing : 2021/12/17 02:01:37 Q=5
2026-01-06 17:26:57,513 - INFO - [GINSLIB] processing : 2021/12/17 02:01:38 Q=5
2026-01-06 17:26:57,520 - INFO - [GINSLIB] processing : 2021/12/17 02:01:39 Q=5
2026-01-06 17:26:57,527 - INFO - [GINSLIB] processing : 2021/12/17 02:01:40 Q=5
2026-01-06 17:26:57,534 - INFO - [GINSLIB] processing : 2021/12/17 02:01:41 Q=5
2026-01-06 17:26:57,540 - INFO - [GINSLIB] processing : 2021/12/17 02:01:42 Q=5
2026-01-06 17:26:57,545 - INFO - [GINSLIB] processing : 2021/12/17 02:01:43 Q=5
2026-01-06 17:26:57,551 - INFO - [GINSLIB] processing : 2021/12/17 02:01:44 Q=5
2026-01-06 17:26:57,557 - INFO - [GINSLIB] processing : 2021/12/17 02:01:45 Q=5
2026-01-06 17:26:57,564 - INFO - [GINSLIB] processing : 2021/12/17 02:01:46 Q=5
2026-01-06 17:26:57,571 - INFO - [GINSLIB] processing : 2021/12/17 02:01:47 Q=5
2026-01-06 17:26:57,576 - INFO - [GINSLIB] processing : 2021/12/17 02:01:48 Q=5
2026-01-06 17:26:57,582 - INFO - [GINSLIB] processing : 2021/12/17 02:01:49 Q=5
2026-01-06 17:26:57,589 - INFO - [GINSLIB] processing : 2021/12/17 02:01:50 Q=5
2026-01-06 17:26:57,597 - INFO - [GINSLIB] processing : 2021/12/17 02:01:51 Q=5
2026-01-06 17:26:57,603 - INFO - [GINSLIB] processing : 2021/12/17 02:01:52 Q=5
2026-01-06 17:26:57,614 - INFO - [GINSLIB] processing : 2021/12/17 02:01:53 Q=5
2026-01-06 17:26:57,615 - INFO - [GINSLIB] processing : 2021/12/17 02:01:54 Q=5
2026-01-06 17:26:57,621 - INFO - [GINSLIB] processing : 2021/12/17 02:01:55 Q=5
2026-01-06 17:26:57,628 - INFO - [GINSLIB] processing : 2021/12/17 02:01:56 Q=5
2026-01-06 17:26:57,634 - INFO - [GINSLIB] processing : 2021/12/17 02:01:57 Q=5
2026-01-06 17:26:57,644 - INFO - [GINSLIB] processing : 2021/12/17 02:01:58 Q=5
2026-01-06 17:26:57,645 - INFO - [GINSLIB] processing : 2021/12/17 02:01:59 Q=5
2026-01-06 17:26:57,652 - INFO - [GINSLIB] processing : 2021/12/17 02:01:60 Q=5
2026-01-06 17:26:57,652 - INFO - [GINSLIB] processing : 2021/12/17 02:02:00 Q=5
2026-01-06 17:26:57,659 - INFO - [GINSLIB] processing : 2021/12/17 02:02:01 Q=5
2026-01-06 17:26:57,665 - INFO - [GINSLIB] processing : 2021/12/17 02:02:02 Q=5
2026-01-06 17:26:57,674 - INFO - [GINSLIB] processing : 2021/12/17 02:02:03 Q=5
2026-01-06 17:26:57,675 - INFO - [GINSLIB] processing : 2021/12/17 02:02:04 Q=5
2026-01-06 17:26:57,680 - INFO - [GINSLIB] processing : 2021/12/17 02:02:05 Q=5
2026-01-06 17:26:57,687 - INFO - [GINSLIB] processing : 2021/12/17 02:02:06 Q=5
2026-01-06 17:26:57,694 - INFO - [GINSLIB] processing : 2021/12/17 02:02:07 Q=5
2026-01-06 17:26:57,699 - INFO - [GINSLIB] processing : 2021/12/17 02:02:08 Q=5
2026-01-06 17:26:57,704 - INFO - [GINSLIB] processing : 2021/12/17 02:02:09 Q=5
2026-01-06 17:26:57,710 - INFO - [GINSLIB] processing : 2021/12/17 02:02:10 Q=5
2026-01-06 17:26:57,716 - INFO - [GINSLIB] processing : 2021/12/17 02:02:11 Q=5
2026-01-06 17:26:57,721 - INFO - [GINSLIB] processing : 2021/12/17 02:02:12 Q=5
2026-01-06 17:26:57,727 - INFO - [GINSLIB] processing : 2021/12/17 02:02:13 Q=5
2026-01-06 17:26:57,732 - INFO - [GINSLIB] processing : 2021/12/17 02:02:14 Q=5
2026-01-06 17:26:57,737 - INFO - [GINSLIB] processing : 2021/12/17 02:02:15 Q=5
2026-01-06 17:26:57,744 - INFO - [GINSLIB] processing : 2021/12/17 02:02:16 Q=5
2026-01-06 17:26:57,750 - INFO - [GINSLIB] processing : 2021/12/17 02:02:17 Q=5
2026-01-06 17:26:57,756 - INFO - [GINSLIB] processing : 2021/12/17 02:02:18 Q=5
2026-01-06 17:26:57,761 - INFO - [GINSLIB] processing : 2021/12/17 02:02:19 Q=5
2026-01-06 17:26:57,766 - INFO - [GINSLIB] processing : 2021/12/17 02:02:20 Q=5
2026-01-06 17:26:57,772 - INFO - [GINSLIB] processing : 2021/12/17 02:02:21 Q=5
2026-01-06 17:26:57,779 - INFO - [GINSLIB] processing : 2021/12/17 02:02:22 Q=5
2026-01-06 17:26:57,785 - INFO - [GINSLIB] processing : 2021/12/17 02:02:23 Q=5
2026-01-06 17:26:57,796 - INFO - [GINSLIB] processing : 2021/12/17 02:02:24 Q=5
2026-01-06 17:26:57,797 - INFO - [GINSLIB] processing : 2021/12/17 02:02:25 Q=5
2026-01-06 17:26:57,803 - INFO - [GINSLIB] processing : 2021/12/17 02:02:26 Q=5
2026-01-06 17:26:57,810 - INFO - [GINSLIB] processing : 2021/12/17 02:02:27 Q=5
2026-01-06 17:26:57,816 - INFO - [GINSLIB] processing : 2021/12/17 02:02:28 Q=5
2026-01-06 17:26:57,826 - INFO - [GINSLIB] processing : 2021/12/17 02:02:29 Q=5
2026-01-06 17:26:57,827 - INFO - [GINSLIB] processing : 2021/12/17 02:02:30 Q=5
2026-01-06 17:26:57,833 - INFO - [GINSLIB] processing : 2021/12/17 02:02:31 Q=5
2026-01-06 17:26:57,839 - INFO - [GINSLIB] processing : 2021/12/17 02:02:32 Q=5
2026-01-06 17:26:57,846 - INFO - [GINSLIB] processing : 2021/12/17 02:02:33 Q=5
2026-01-06 17:26:57,857 - INFO - [GINSLIB] processing : 2021/12/17 02:02:34 Q=5
2026-01-06 17:26:57,858 - INFO - [GINSLIB] processing : 2021/12/17 02:02:35 Q=5
2026-01-06 17:26:57,864 - INFO - [GINSLIB] processing : 2021/12/17 02:02:36 Q=5
2026-01-06 17:26:57,871 - INFO - [GINSLIB] processing : 2021/12/17 02:02:37 Q=5
2026-01-06 17:26:57,877 - INFO - [GINSLIB] processing : 2021/12/17 02:02:38 Q=5
2026-01-06 17:26:57,883 - INFO - [GINSLIB] processing : 2021/12/17 02:02:39 Q=5
2026-01-06 17:26:57,889 - INFO - [GINSLIB] processing : 2021/12/17 02:02:40 Q=5
2026-01-06 17:26:57,895 - INFO - [GINSLIB] processing : 2021/12/17 02:02:41 Q=5
2026-01-06 17:26:57,901 - INFO - [GINSLIB] processing : 2021/12/17 02:02:42 Q=5
2026-01-06 17:26:57,907 - INFO - [GINSLIB] processing : 2021/12/17 02:02:43 Q=5
2026-01-06 17:26:57,913 - INFO - [GINSLIB] processing : 2021/12/17 02:02:44 Q=5
2026-01-06 17:26:57,919 - INFO - [GINSLIB] processing : 2021/12/17 02:02:45 Q=5
2026-01-06 17:26:57,925 - INFO - [GINSLIB] processing : 2021/12/17 02:02:46 Q=5
2026-01-06 17:26:57,932 - INFO - [GINSLIB] processing : 2021/12/17 02:02:47 Q=5
2026-01-06 17:26:57,938 - INFO - [GINSLIB] processing : 2021/12/17 02:02:48 Q=5
2026-01-06 17:26:57,944 - INFO - [GINSLIB] processing : 2021/12/17 02:02:49 Q=5
2026-01-06 17:26:57,950 - INFO - [GINSLIB] processing : 2021/12/17 02:02:50 Q=5
2026-01-06 17:26:57,956 - INFO - [GINSLIB] processing : 2021/12/17 02:02:51 Q=5
2026-01-06 17:26:57,962 - INFO - [GINSLIB] processing : 2021/12/17 02:02:52 Q=5
2026-01-06 17:26:57,968 - INFO - [GINSLIB] processing : 2021/12/17 02:02:53 Q=5
2026-01-06 17:26:57,975 - INFO - [GINSLIB] processing : 2021/12/17 02:02:54 Q=5
2026-01-06 17:26:57,986 - INFO - [GINSLIB] processing : 2021/12/17 02:02:55 Q=5
2026-01-06 17:26:57,987 - INFO - [GINSLIB] processing : 2021/12/17 02:02:56 Q=5
2026-01-06 17:26:57,993 - INFO - [GINSLIB] processing : 2021/12/17 02:02:57 Q=5
2026-01-06 17:26:58,000 - INFO - [GINSLIB] processing : 2021/12/17 02:02:58 Q=5
2026-01-06 17:26:58,006 - INFO - [GINSLIB] processing : 2021/12/17 02:02:59 Q=5
2026-01-06 17:26:58,017 - INFO - [GINSLIB] processing : 2021/12/17 02:02:60 Q=5
2026-01-06 17:26:58,017 - INFO - [GINSLIB] processing : 2021/12/17 02:03:00 Q=5
2026-01-06 17:26:58,018 - INFO - [GINSLIB] processing : 2021/12/17 02:03:01 Q=5
2026-01-06 17:26:58,025 - INFO - [GINSLIB] processing : 2021/12/17 02:03:02 Q=5
2026-01-06 17:26:58,031 - INFO - [GINSLIB] processing : 2021/12/17 02:03:03 Q=5
2026-01-06 17:26:58,038 - INFO - [GINSLIB] processing : 2021/12/17 02:03:04 Q=5
2026-01-06 17:26:58,049 - INFO - [GINSLIB] processing : 2021/12/17 02:03:05 Q=5
2026-01-06 17:26:58,050 - INFO - [GINSLIB] processing : 2021/12/17 02:03:06 Q=5
2026-01-06 17:26:58,058 - INFO - [GINSLIB] processing : 2021/12/17 02:03:07 Q=5
2026-01-06 17:26:58,064 - INFO - [GINSLIB] processing : 2021/12/17 02:03:08 Q=5
2026-01-06 17:26:58,070 - INFO - [GINSLIB] processing : 2021/12/17 02:03:09 Q=5
2026-01-06 17:26:58,077 - INFO - [GINSLIB] processing : 2021/12/17 02:03:10 Q=5
2026-01-06 17:26:58,082 - INFO - [GINSLIB] processing : 2021/12/17 02:03:11 Q=5
2026-01-06 17:26:58,090 - INFO - [GINSLIB] processing : 2021/12/17 02:03:12 Q=5
2026-01-06 17:26:58,097 - INFO - [GINSLIB] processing : 2021/12/17 02:03:13 Q=5
2026-01-06 17:26:58,104 - INFO - [GINSLIB] processing : 2021/12/17 02:03:14 Q=5
2026-01-06 17:26:58,111 - INFO - [GINSLIB] processing : 2021/12/17 02:03:15 Q=5
2026-01-06 17:26:58,117 - INFO - [GINSLIB] processing : 2021/12/17 02:03:16 Q=5
2026-01-06 17:26:58,124 - INFO - [GINSLIB] processing : 2021/12/17 02:03:17 Q=5
2026-01-06 17:26:58,131 - INFO - [GINSLIB] processing : 2021/12/17 02:03:18 Q=5
2026-01-06 17:26:58,139 - INFO - [GINSLIB] processing : 2021/12/17 02:03:19 Q=5
2026-01-06 17:26:58,145 - INFO - [GINSLIB] processing : 2021/12/17 02:03:20 Q=5
2026-01-06 17:26:58,157 - INFO - [GINSLIB] processing : 2021/12/17 02:03:21 Q=5
2026-01-06 17:26:58,158 - INFO - [GINSLIB] processing : 2021/12/17 02:03:22 Q=5
2026-01-06 17:26:58,164 - INFO - [GINSLIB] processing : 2021/12/17 02:03:23 Q=5
2026-01-06 17:26:58,170 - INFO - [GINSLIB] processing : 2021/12/17 02:03:24 Q=5
2026-01-06 17:26:58,177 - INFO - [GINSLIB] processing : 2021/12/17 02:03:25 Q=5
2026-01-06 17:26:58,187 - INFO - [GINSLIB] processing : 2021/12/17 02:03:26 Q=5
2026-01-06 17:26:58,188 - INFO - [GINSLIB] processing : 2021/12/17 02:03:27 Q=5
2026-01-06 17:26:58,194 - INFO - [GINSLIB] processing : 2021/12/17 02:03:28 Q=5
2026-01-06 17:26:58,201 - INFO - [GINSLIB] processing : 2021/12/17 02:03:29 Q=5
2026-01-06 17:26:58,207 - INFO - [GINSLIB] processing : 2021/12/17 02:03:30 Q=5
2026-01-06 17:26:58,219 - INFO - [GINSLIB] processing : 2021/12/17 02:03:31 Q=5
2026-01-06 17:26:58,220 - INFO - [GINSLIB] processing : 2021/12/17 02:03:32 Q=5
2026-01-06 17:26:58,226 - INFO - [GINSLIB] processing : 2021/12/17 02:03:33 Q=5
2026-01-06 17:26:58,231 - INFO - [GINSLIB] processing : 2021/12/17 02:03:34 Q=5
2026-01-06 17:26:58,237 - INFO - [GINSLIB] processing : 2021/12/17 02:03:35 Q=5
2026-01-06 17:26:58,243 - INFO - [GINSLIB] processing : 2021/12/17 02:03:36 Q=5
2026-01-06 17:26:58,249 - INFO - [GINSLIB] processing : 2021/12/17 02:03:37 Q=5
2026-01-06 17:26:58,255 - INFO - [GINSLIB] processing : 2021/12/17 02:03:38 Q=5
2026-01-06 17:26:58,262 - INFO - [GINSLIB] processing : 2021/12/17 02:03:39 Q=5
2026-01-06 17:26:58,269 - INFO - [GINSLIB] processing : 2021/12/17 02:03:40 Q=5
2026-01-06 17:26:58,277 - INFO - [GINSLIB] processing : 2021/12/17 02:03:41 Q=5
2026-01-06 17:26:58,282 - INFO - [GINSLIB] processing : 2021/12/17 02:03:42 Q=5
2026-01-06 17:26:58,288 - INFO - [GINSLIB] processing : 2021/12/17 02:03:43 Q=5
2026-01-06 17:26:58,296 - INFO - [GINSLIB] processing : 2021/12/17 02:03:44 Q=5
2026-01-06 17:26:58,302 - INFO - [GINSLIB] processing : 2021/12/17 02:03:45 Q=5
2026-01-06 17:26:58,310 - INFO - [GINSLIB] processing : 2021/12/17 02:03:46 Q=5
2026-01-06 17:26:58,315 - INFO - [GINSLIB] processing : 2021/12/17 02:03:47 Q=5
2026-01-06 17:26:58,321 - INFO - [GINSLIB] processing : 2021/12/17 02:03:48 Q=5
2026-01-06 17:26:58,328 - INFO - [GINSLIB] processing : 2021/12/17 02:03:49 Q=5
2026-01-06 17:26:58,334 - INFO - [GINSLIB] processing : 2021/12/17 02:03:50 Q=5
2026-01-06 17:26:58,342 - INFO - [GINSLIB] processing : 2021/12/17 02:03:51 Q=5
2026-01-06 17:26:58,351 - INFO - [GINSLIB] processing : 2021/12/17 02:03:52 Q=5
2026-01-06 17:26:58,353 - INFO - [GINSLIB] processing : 2021/12/17 02:03:53 Q=5
2026-01-06 17:26:58,359 - INFO - [GINSLIB] processing : 2021/12/17 02:03:54 Q=5
2026-01-06 17:26:58,365 - INFO - [GINSLIB] processing : 2021/12/17 02:03:55 Q=5
2026-01-06 17:26:58,373 - INFO - [GINSLIB] processing : 2021/12/17 02:03:56 Q=5
2026-01-06 17:26:58,385 - INFO - [GINSLIB] processing : 2021/12/17 02:03:57 Q=5
2026-01-06 17:26:58,386 - INFO - [GINSLIB] processing : 2021/12/17 02:03:58 Q=5
2026-01-06 17:26:58,393 - INFO - [GINSLIB] processing : 2021/12/17 02:03:59 Q=5
2026-01-06 17:26:58,400 - INFO - [GINSLIB] processing : 2021/12/17 02:03:60 Q=5
2026-01-06 17:26:58,400 - INFO - [GINSLIB] processing : 2021/12/17 02:04:00 Q=5
2026-01-06 17:26:58,406 - INFO - [GINSLIB] processing : 2021/12/17 02:04:01 Q=5
2026-01-06 17:26:58,418 - INFO - [GINSLIB] processing : 2021/12/17 02:04:02 Q=5
2026-01-06 17:26:58,419 - INFO - [GINSLIB] processing : 2021/12/17 02:04:03 Q=5
2026-01-06 17:26:58,425 - INFO - [GINSLIB] processing : 2021/12/17 02:04:04 Q=5
2026-01-06 17:26:58,432 - INFO - [GINSLIB] processing : 2021/12/17 02:04:05 Q=5
2026-01-06 17:26:58,438 - INFO - [GINSLIB] processing : 2021/12/17 02:04:06 Q=5
2026-01-06 17:26:58,446 - INFO - [GINSLIB] processing : 2021/12/17 02:04:07 Q=5
2026-01-06 17:26:58,452 - INFO - [GINSLIB] processing : 2021/12/17 02:04:08 Q=5
2026-01-06 17:26:58,458 - INFO - [GINSLIB] processing : 2021/12/17 02:04:09 Q=5
2026-01-06 17:26:58,465 - INFO - [GINSLIB] processing : 2021/12/17 02:04:10 Q=5
2026-01-06 17:26:58,471 - INFO - [GINSLIB] processing : 2021/12/17 02:04:11 Q=5
2026-01-06 17:26:58,479 - INFO - [GINSLIB] processing : 2021/12/17 02:04:12 Q=5
2026-01-06 17:26:58,485 - INFO - [GINSLIB] processing : 2021/12/17 02:04:13 Q=5
2026-01-06 17:26:58,492 - INFO - [GINSLIB] processing : 2021/12/17 02:04:14 Q=5
2026-01-06 17:26:58,500 - INFO - [GINSLIB] processing : 2021/12/17 02:04:15 Q=5
2026-01-06 17:26:58,507 - INFO - [GINSLIB] processing : 2021/12/17 02:04:16 Q=5
2026-01-06 17:26:58,514 - INFO - [GINSLIB] processing : 2021/12/17 02:04:17 Q=5
2026-01-06 17:26:58,520 - INFO - [GINSLIB] processing : 2021/12/17 02:04:18 Q=5
2026-01-06 17:26:58,527 - INFO - [GINSLIB] processing : 2021/12/17 02:04:19 Q=5
2026-01-06 17:26:58,534 - INFO - [GINSLIB] processing : 2021/12/17 02:04:20 Q=5
2026-01-06 17:26:58,541 - INFO - [GINSLIB] processing : 2021/12/17 02:04:21 Q=5
2026-01-06 17:26:58,548 - INFO - [GINSLIB] processing : 2021/12/17 02:04:22 Q=5
2026-01-06 17:26:58,560 - INFO - [GINSLIB] processing : 2021/12/17 02:04:23 Q=5
2026-01-06 17:26:58,562 - INFO - [GINSLIB] processing : 2021/12/17 02:04:24 Q=5
2026-01-06 17:26:58,568 - INFO - [GINSLIB] processing : 2021/12/17 02:04:25 Q=5
2026-01-06 17:26:58,575 - INFO - [GINSLIB] processing : 2021/12/17 02:04:26 Q=5
2026-01-06 17:26:58,582 - INFO - [GINSLIB] processing : 2021/12/17 02:04:27 Q=5
2026-01-06 17:26:58,596 - INFO - [GINSLIB] processing : 2021/12/17 02:04:28 Q=5
2026-01-06 17:26:58,597 - INFO - [GINSLIB] processing : 2021/12/17 02:04:29 Q=5
2026-01-06 17:26:58,604 - INFO - [GINSLIB] processing : 2021/12/17 02:04:30 Q=5
2026-01-06 17:26:58,611 - INFO - [GINSLIB] processing : 2021/12/17 02:04:31 Q=5
2026-01-06 17:26:58,617 - INFO - [GINSLIB] processing : 2021/12/17 02:04:32 Q=5
2026-01-06 17:26:58,631 - INFO - [GINSLIB] processing : 2021/12/17 02:04:33 Q=5
2026-01-06 17:26:58,632 - INFO - [GINSLIB] processing : 2021/12/17 02:04:34 Q=5
2026-01-06 17:26:58,639 - INFO - [GINSLIB] processing : 2021/12/17 02:04:35 Q=5
2026-01-06 17:26:58,645 - INFO - [GINSLIB] processing : 2021/12/17 02:04:36 Q=5
2026-01-06 17:26:58,652 - INFO - [GINSLIB] processing : 2021/12/17 02:04:37 Q=5
2026-01-06 17:26:58,659 - INFO - [GINSLIB] processing : 2021/12/17 02:04:38 Q=5
2026-01-06 17:26:58,665 - INFO - [GINSLIB] processing : 2021/12/17 02:04:39 Q=5
2026-01-06 17:26:58,671 - INFO - [GINSLIB] processing : 2021/12/17 02:04:40 Q=5
2026-01-06 17:26:58,679 - INFO - [GINSLIB] processing : 2021/12/17 02:04:41 Q=5
2026-01-06 17:26:58,685 - INFO - [GINSLIB] processing : 2021/12/17 02:04:42 Q=5
2026-01-06 17:26:58,692 - INFO - [GINSLIB] processing : 2021/12/17 02:04:43 Q=5
2026-01-06 17:26:58,698 - INFO - [GINSLIB] processing : 2021/12/17 02:04:44 Q=5
2026-01-06 17:26:58,705 - INFO - [GINSLIB] processing : 2021/12/17 02:04:45 Q=5
2026-01-06 17:26:58,714 - INFO - [GINSLIB] processing : 2021/12/17 02:04:46 Q=5
2026-01-06 17:26:58,721 - INFO - [GINSLIB] processing : 2021/12/17 02:04:47 Q=5
2026-01-06 17:26:58,729 - INFO - [GINSLIB] processing : 2021/12/17 02:04:48 Q=5
2026-01-06 17:26:58,735 - INFO - [GINSLIB] processing : 2021/12/17 02:04:49 Q=5
2026-01-06 17:26:58,742 - INFO - [GINSLIB] processing : 2021/12/17 02:04:50 Q=5
2026-01-06 17:26:58,749 - INFO - [GINSLIB] processing : 2021/12/17 02:04:51 Q=5
2026-01-06 17:26:58,755 - INFO - [GINSLIB] processing : 2021/12/17 02:04:52 Q=5
2026-01-06 17:26:58,764 - INFO - [GINSLIB] processing : 2021/12/17 02:04:53 Q=5
2026-01-06 17:26:58,776 - INFO - [GINSLIB] processing : 2021/12/17 02:04:54 Q=5
2026-01-06 17:26:58,778 - INFO - [GINSLIB] processing : 2021/12/17 02:04:55 Q=5
2026-01-06 17:26:58,784 - INFO - [GINSLIB] processing : 2021/12/17 02:04:56 Q=5
2026-01-06 17:26:58,792 - INFO - [GINSLIB] processing : 2021/12/17 02:04:57 Q=5
2026-01-06 17:26:58,799 - INFO - [GINSLIB] processing : 2021/12/17 02:04:58 Q=5
2026-01-06 17:26:58,811 - INFO - [GINSLIB] processing : 2021/12/17 02:04:59 Q=5
2026-01-06 17:26:58,812 - INFO - [GINSLIB] processing : 2021/12/17 02:04:60 Q=5
2026-01-06 17:26:58,813 - INFO - [GINSLIB] processing : 2021/12/17 02:05:00 Q=5
2026-01-06 17:26:58,818 - INFO - [GINSLIB] processing : 2021/12/17 02:05:01 Q=5
2026-01-06 17:26:58,826 - INFO - [GINSLIB] processing : 2021/12/17 02:05:02 Q=5
2026-01-06 17:26:58,832 - INFO - [GINSLIB] processing : 2021/12/17 02:05:03 Q=5
2026-01-06 17:26:58,843 - INFO - [GINSLIB] processing : 2021/12/17 02:05:04 Q=5
2026-01-06 17:26:58,844 - INFO - [GINSLIB] processing : 2021/12/17 02:05:05 Q=5
2026-01-06 17:26:58,850 - INFO - [GINSLIB] processing : 2021/12/17 02:05:06 Q=5
2026-01-06 17:26:58,858 - INFO - [GINSLIB] processing : 2021/12/17 02:05:07 Q=5
2026-01-06 17:26:58,864 - INFO - [GINSLIB] processing : 2021/12/17 02:05:08 Q=5
2026-01-06 17:26:58,871 - INFO - [GINSLIB] processing : 2021/12/17 02:05:09 Q=5
2026-01-06 17:26:58,878 - INFO - [GINSLIB] processing : 2021/12/17 02:05:10 Q=5
2026-01-06 17:26:58,884 - INFO - [GINSLIB] processing : 2021/12/17 02:05:11 Q=5
2026-01-06 17:26:58,891 - INFO - [GINSLIB] processing : 2021/12/17 02:05:12 Q=5
2026-01-06 17:26:58,898 - INFO - [GINSLIB] processing : 2021/12/17 02:05:13 Q=5
2026-01-06 17:26:58,905 - INFO - [GINSLIB] processing : 2021/12/17 02:05:14 Q=5
2026-01-06 17:26:58,911 - INFO - [GINSLIB] processing : 2021/12/17 02:05:15 Q=5
2026-01-06 17:26:58,919 - INFO - [GINSLIB] processing : 2021/12/17 02:05:16 Q=5
2026-01-06 17:26:58,928 - INFO - [GINSLIB] processing : 2021/12/17 02:05:17 Q=5
2026-01-06 17:26:58,934 - INFO - [GINSLIB] processing : 2021/12/17 02:05:18 Q=5
2026-01-06 17:26:58,941 - INFO - [GINSLIB] processing : 2021/12/17 02:05:19 Q=5
2026-01-06 17:26:58,947 - INFO - [GINSLIB] processing : 2021/12/17 02:05:20 Q=5
2026-01-06 17:26:58,953 - INFO - [GINSLIB] processing : 2021/12/17 02:05:21 Q=5
2026-01-06 17:26:58,961 - INFO - [GINSLIB] processing : 2021/12/17 02:05:22 Q=5
2026-01-06 17:26:58,969 - INFO - [GINSLIB] processing : 2021/12/17 02:05:23 Q=5
2026-01-06 17:26:58,976 - INFO - [GINSLIB] processing : 2021/12/17 02:05:24 Q=5
2026-01-06 17:26:58,986 - INFO - [GINSLIB] processing : 2021/12/17 02:05:25 Q=5
2026-01-06 17:26:58,987 - INFO - [GINSLIB] processing : 2021/12/17 02:05:26 Q=5
2026-01-06 17:26:58,995 - INFO - [GINSLIB] processing : 2021/12/17 02:05:27 Q=5
2026-01-06 17:26:59,001 - INFO - [GINSLIB] processing : 2021/12/17 02:05:28 Q=5
2026-01-06 17:26:59,010 - INFO - [GINSLIB] processing : 2021/12/17 02:05:29 Q=5
2026-01-06 17:26:59,021 - INFO - [GINSLIB] processing : 2021/12/17 02:05:30 Q=5
2026-01-06 17:26:59,022 - INFO - [GINSLIB] processing : 2021/12/17 02:05:31 Q=5
2026-01-06 17:26:59,030 - INFO - [GINSLIB] processing : 2021/12/17 02:05:32 Q=5
2026-01-06 17:26:59,036 - INFO - [GINSLIB] processing : 2021/12/17 02:05:33 Q=5
2026-01-06 17:26:59,043 - INFO - [GINSLIB] processing : 2021/12/17 02:05:34 Q=5
2026-01-06 17:26:59,054 - INFO - [GINSLIB] processing : 2021/12/17 02:05:35 Q=5
2026-01-06 17:26:59,055 - INFO - [GINSLIB] processing : 2021/12/17 02:05:36 Q=5
2026-01-06 17:26:59,061 - INFO - [GINSLIB] processing : 2021/12/17 02:05:37 Q=5
2026-01-06 17:26:59,068 - INFO - [GINSLIB] processing : 2021/12/17 02:05:38 Q=5
2026-01-06 17:26:59,075 - INFO - [GINSLIB] processing : 2021/12/17 02:05:39 Q=5
2026-01-06 17:26:59,082 - INFO - [GINSLIB] processing : 2021/12/17 02:05:40 Q=5
2026-01-06 17:26:59,089 - INFO - [GINSLIB] processing : 2021/12/17 02:05:41 Q=5
2026-01-06 17:26:59,096 - INFO - [GINSLIB] processing : 2021/12/17 02:05:42 Q=5
2026-01-06 17:26:59,102 - INFO - [GINSLIB] processing : 2021/12/17 02:05:43 Q=5
2026-01-06 17:26:59,109 - INFO - [GINSLIB] processing : 2021/12/17 02:05:44 Q=5
2026-01-06 17:26:59,117 - INFO - [GINSLIB] processing : 2021/12/17 02:05:45 Q=5
2026-01-06 17:26:59,122 - INFO - [GINSLIB] processing : 2021/12/17 02:05:46 Q=5
2026-01-06 17:26:59,130 - INFO - [GINSLIB] processing : 2021/12/17 02:05:47 Q=5
2026-01-06 17:26:59,136 - INFO - [GINSLIB] processing : 2021/12/17 02:05:48 Q=5
2026-01-06 17:26:59,144 - INFO - [GINSLIB] processing : 2021/12/17 02:05:49 Q=5
2026-01-06 17:26:59,150 - INFO - [GINSLIB] processing : 2021/12/17 02:05:50 Q=5
2026-01-06 17:26:59,163 - INFO - [GINSLIB] processing : 2021/12/17 02:05:51 Q=5
2026-01-06 17:26:59,164 - INFO - [GINSLIB] processing : 2021/12/17 02:05:52 Q=5
2026-01-06 17:26:59,171 - INFO - [GINSLIB] processing : 2021/12/17 02:05:53 Q=5
2026-01-06 17:26:59,179 - INFO - [GINSLIB] processing : 2021/12/17 02:05:54 Q=5
2026-01-06 17:26:59,185 - INFO - [GINSLIB] processing : 2021/12/17 02:05:55 Q=5
2026-01-06 17:26:59,198 - INFO - [GINSLIB] processing : 2021/12/17 02:05:56 Q=5
2026-01-06 17:26:59,199 - INFO - [GINSLIB] processing : 2021/12/17 02:05:57 Q=5
2026-01-06 17:26:59,205 - INFO - [GINSLIB] processing : 2021/12/17 02:05:58 Q=5
2026-01-06 17:26:59,214 - INFO - [GINSLIB] processing : 2021/12/17 02:05:59 Q=5
2026-01-06 17:26:59,220 - INFO - [GINSLIB] processing : 2021/12/17 02:05:60 Q=5
2026-01-06 17:26:59,220 - INFO - [GINSLIB] processing : 2021/12/17 02:06:00 Q=5
2026-01-06 17:26:59,232 - INFO - [GINSLIB] processing : 2021/12/17 02:06:01 Q=5
2026-01-06 17:26:59,233 - INFO - [GINSLIB] processing : 2021/12/17 02:06:02 Q=5
2026-01-06 17:26:59,240 - INFO - [GINSLIB] processing : 2021/12/17 02:06:03 Q=5
2026-01-06 17:26:59,247 - INFO - [GINSLIB] processing : 2021/12/17 02:06:04 Q=5
2026-01-06 17:26:59,254 - INFO - [GINSLIB] processing : 2021/12/17 02:06:05 Q=5
2026-01-06 17:26:59,265 - INFO - [GINSLIB] processing : 2021/12/17 02:06:06 Q=5
2026-01-06 17:26:59,266 - INFO - [GINSLIB] processing : 2021/12/17 02:06:07 Q=5
2026-01-06 17:26:59,272 - INFO - [GINSLIB] processing : 2021/12/17 02:06:08 Q=5
2026-01-06 17:26:59,279 - INFO - [GINSLIB] processing : 2021/12/17 02:06:09 Q=5
2026-01-06 17:26:59,285 - INFO - [GINSLIB] processing : 2021/12/17 02:06:10 Q=5
2026-01-06 17:26:59,292 - INFO - [GINSLIB] processing : 2021/12/17 02:06:11 Q=5
2026-01-06 17:26:59,296 - INFO - [GINSLIB] processing : 2021/12/17 02:06:12 Q=5
2026-01-06 17:26:59,302 - INFO - [GINSLIB] processing : 2021/12/17 02:06:13 Q=5
2026-01-06 17:26:59,309 - INFO - [GINSLIB] processing : 2021/12/17 02:06:14 Q=5
2026-01-06 17:26:59,314 - INFO - [GINSLIB] processing : 2021/12/17 02:06:15 Q=5
2026-01-06 17:26:59,320 - INFO - [GINSLIB] processing : 2021/12/17 02:06:16 Q=5
2026-01-06 17:26:59,325 - INFO - [GINSLIB] processing : 2021/12/17 02:06:17 Q=5
2026-01-06 17:26:59,331 - INFO - [GINSLIB] processing : 2021/12/17 02:06:18 Q=5
2026-01-06 17:26:59,337 - INFO - [GINSLIB] processing : 2021/12/17 02:06:19 Q=5
2026-01-06 17:26:59,344 - INFO - [GINSLIB] processing : 2021/12/17 02:06:20 Q=5
2026-01-06 17:26:59,350 - INFO - [GINSLIB] processing : 2021/12/17 02:06:21 Q=5
2026-01-06 17:26:59,360 - INFO - [GINSLIB] processing : 2021/12/17 02:06:22 Q=5
2026-01-06 17:26:59,361 - INFO - [GINSLIB] processing : 2021/12/17 02:06:23 Q=5
2026-01-06 17:26:59,368 - INFO - [GINSLIB] processing : 2021/12/17 02:06:24 Q=5
2026-01-06 17:26:59,374 - INFO - [GINSLIB] processing : 2021/12/17 02:06:25 Q=5
2026-01-06 17:26:59,381 - INFO - [GINSLIB] processing : 2021/12/17 02:06:26 Q=5
2026-01-06 17:26:59,391 - INFO - [GINSLIB] processing : 2021/12/17 02:06:27 Q=5
2026-01-06 17:26:59,393 - INFO - [GINSLIB] processing : 2021/12/17 02:06:28 Q=5
2026-01-06 17:26:59,400 - INFO - [GINSLIB] processing : 2021/12/17 02:06:29 Q=5
2026-01-06 17:26:59,406 - INFO - [GINSLIB] processing : 2021/12/17 02:06:30 Q=5
2026-01-06 17:26:59,414 - INFO - [GINSLIB] processing : 2021/12/17 02:06:31 Q=5
2026-01-06 17:26:59,424 - INFO - [GINSLIB] processing : 2021/12/17 02:06:32 Q=5
2026-01-06 17:26:59,426 - INFO - [GINSLIB] processing : 2021/12/17 02:06:33 Q=5
2026-01-06 17:26:59,433 - INFO - [GINSLIB] processing : 2021/12/17 02:06:34 Q=5
2026-01-06 17:26:59,439 - INFO - [GINSLIB] processing : 2021/12/17 02:06:35 Q=5
2026-01-06 17:26:59,447 - INFO - [GINSLIB] processing : 2021/12/17 02:06:36 Q=5
2026-01-06 17:26:59,452 - INFO - [GINSLIB] processing : 2021/12/17 02:06:37 Q=5
2026-01-06 17:26:59,458 - INFO - [GINSLIB] processing : 2021/12/17 02:06:38 Q=5
2026-01-06 17:26:59,465 - INFO - [GINSLIB] processing : 2021/12/17 02:06:39 Q=5
2026-01-06 17:26:59,471 - INFO - [GINSLIB] processing : 2021/12/17 02:06:40 Q=5
2026-01-06 17:26:59,480 - INFO - [GINSLIB] processing : 2021/12/17 02:06:41 Q=5
2026-01-06 17:26:59,486 - INFO - [GINSLIB] processing : 2021/12/17 02:06:42 Q=5
2026-01-06 17:26:59,492 - INFO - [GINSLIB] processing : 2021/12/17 02:06:43 Q=5
2026-01-06 17:26:59,499 - INFO - [GINSLIB] processing : 2021/12/17 02:06:44 Q=5
2026-01-06 17:26:59,505 - INFO - [GINSLIB] processing : 2021/12/17 02:06:45 Q=5
2026-01-06 17:26:59,513 - INFO - [GINSLIB] processing : 2021/12/17 02:06:46 Q=5
2026-01-06 17:26:59,519 - INFO - [GINSLIB] processing : 2021/12/17 02:06:47 Q=5
2026-01-06 17:26:59,526 - INFO - [GINSLIB] processing : 2021/12/17 02:06:48 Q=5
2026-01-06 17:26:59,532 - INFO - [GINSLIB] processing : 2021/12/17 02:06:49 Q=5
2026-01-06 17:26:59,540 - INFO - [GINSLIB] processing : 2021/12/17 02:06:50 Q=5
2026-01-06 17:26:59,547 - INFO - [GINSLIB] processing : 2021/12/17 02:06:51 Q=5
2026-01-06 17:26:59,555 - INFO - [GINSLIB] processing : 2021/12/17 02:06:52 Q=5
2026-01-06 17:26:59,566 - INFO - [GINSLIB] processing : 2021/12/17 02:06:53 Q=5
2026-01-06 17:26:59,567 - INFO - [GINSLIB] processing : 2021/12/17 02:06:54 Q=5
2026-01-06 17:26:59,576 - INFO - [GINSLIB] processing : 2021/12/17 02:06:55 Q=5
2026-01-06 17:26:59,583 - INFO - [GINSLIB] processing : 2021/12/17 02:06:56 Q=5
2026-01-06 17:26:59,589 - INFO - [GINSLIB] processing : 2021/12/17 02:06:57 Q=5
2026-01-06 17:26:59,602 - INFO - [GINSLIB] processing : 2021/12/17 02:06:58 Q=5
2026-01-06 17:26:59,603 - INFO - [GINSLIB] processing : 2021/12/17 02:06:59 Q=5
2026-01-06 17:26:59,610 - INFO - [GINSLIB] processing : 2021/12/17 02:06:60 Q=5
2026-01-06 17:26:59,610 - INFO - [GINSLIB] processing : 2021/12/17 02:07:00 Q=5
2026-01-06 17:26:59,616 - INFO - [GINSLIB] processing : 2021/12/17 02:07:01 Q=5
2026-01-06 17:26:59,623 - INFO - [GINSLIB] processing : 2021/12/17 02:07:02 Q=5
2026-01-06 17:26:59,635 - INFO - [GINSLIB] processing : 2021/12/17 02:07:03 Q=5
2026-01-06 17:26:59,636 - INFO - [GINSLIB] processing : 2021/12/17 02:07:04 Q=5
2026-01-06 17:26:59,643 - INFO - [GINSLIB] processing : 2021/12/17 02:07:05 Q=5
2026-01-06 17:26:59,651 - INFO - [GINSLIB] processing : 2021/12/17 02:07:06 Q=5
2026-01-06 17:26:59,658 - INFO - [GINSLIB] processing : 2021/12/17 02:07:07 Q=5
2026-01-06 17:26:59,666 - INFO - [GINSLIB] processing : 2021/12/17 02:07:08 Q=5
2026-01-06 17:26:59,671 - INFO - [GINSLIB] processing : 2021/12/17 02:07:09 Q=5
2026-01-06 17:26:59,677 - INFO - [GINSLIB] processing : 2021/12/17 02:07:09 Q=7
2026-01-06 17:26:59,678 - INFO - [GINSLIB] processing : 2021/12/17 02:07:10 Q=7
2026-01-06 17:26:59,683 - INFO - [GINSLIB] processing : 2021/12/17 02:07:10 Q=5
2026-01-06 17:26:59,684 - INFO - [GINSLIB] processing : 2021/12/17 02:07:11 Q=5
2026-01-06 17:26:59,691 - INFO - [GINSLIB] processing : 2021/12/17 02:07:12 Q=5
2026-01-06 17:26:59,698 - INFO - [GINSLIB] processing : 2021/12/17 02:07:13 Q=5
2026-01-06 17:26:59,703 - INFO - [GINSLIB] processing : 2021/12/17 02:07:14 Q=5
2026-01-06 17:26:59,711 - INFO - [GINSLIB] processing : 2021/12/17 02:07:15 Q=5
2026-01-06 17:26:59,717 - INFO - [GINSLIB] processing : 2021/12/17 02:07:16 Q=5
2026-01-06 17:26:59,724 - INFO - [GINSLIB] processing : 2021/12/17 02:07:17 Q=5
2026-01-06 17:26:59,730 - INFO - [GINSLIB] processing : 2021/12/17 02:07:18 Q=5
2026-01-06 17:26:59,735 - INFO - [GINSLIB] processing : 2021/12/17 02:07:19 Q=5
2026-01-06 17:26:59,744 - INFO - [GINSLIB] processing : 2021/12/17 02:07:20 Q=5
2026-01-06 17:26:59,750 - INFO - [GINSLIB] processing : 2021/12/17 02:07:21 Q=5
2026-01-06 17:26:59,758 - INFO - [GINSLIB] processing : 2021/12/17 02:07:22 Q=5
2026-01-06 17:26:59,765 - INFO - [GINSLIB] processing : 2021/12/17 02:07:23 Q=5
2026-01-06 17:26:59,776 - INFO - [GINSLIB] processing : 2021/12/17 02:07:24 Q=5
2026-01-06 17:26:59,777 - INFO - [GINSLIB] processing : 2021/12/17 02:07:25 Q=5
2026-01-06 17:26:59,783 - INFO - [GINSLIB] processing : 2021/12/17 02:07:26 Q=5
2026-01-06 17:26:59,789 - INFO - [GINSLIB] processing : 2021/12/17 02:07:27 Q=5
2026-01-06 17:26:59,795 - INFO - [GINSLIB] processing : 2021/12/17 02:07:28 Q=5
2026-01-06 17:26:59,806 - INFO - [GINSLIB] processing : 2021/12/17 02:07:29 Q=5
2026-01-06 17:26:59,808 - INFO - [GINSLIB] processing : 2021/12/17 02:07:30 Q=5
2026-01-06 17:26:59,814 - INFO - [GINSLIB] processing : 2021/12/17 02:07:31 Q=5
2026-01-06 17:26:59,820 - INFO - [GINSLIB] processing : 2021/12/17 02:07:32 Q=5
2026-01-06 17:26:59,827 - INFO - [GINSLIB] processing : 2021/12/17 02:07:33 Q=5
2026-01-06 17:26:59,837 - INFO - [GINSLIB] processing : 2021/12/17 02:07:34 Q=5
2026-01-06 17:26:59,838 - INFO - [GINSLIB] processing : 2021/12/17 02:07:35 Q=5
2026-01-06 17:26:59,844 - INFO - [GINSLIB] processing : 2021/12/17 02:07:36 Q=5
2026-01-06 17:26:59,850 - INFO - [GINSLIB] processing : 2021/12/17 02:07:37 Q=5
2026-01-06 17:26:59,857 - INFO - [GINSLIB] processing : 2021/12/17 02:07:38 Q=5
2026-01-06 17:26:59,863 - INFO - [GINSLIB] processing : 2021/12/17 02:07:39 Q=5
2026-01-06 17:26:59,869 - INFO - [GINSLIB] processing : 2021/12/17 02:07:40 Q=5
2026-01-06 17:26:59,875 - INFO - [GINSLIB] processing : 2021/12/17 02:07:41 Q=5
2026-01-06 17:26:59,881 - INFO - [GINSLIB] processing : 2021/12/17 02:07:42 Q=5
2026-01-06 17:26:59,888 - INFO - [GINSLIB] processing : 2021/12/17 02:07:43 Q=5
2026-01-06 17:26:59,894 - INFO - [GINSLIB] processing : 2021/12/17 02:07:44 Q=5
2026-01-06 17:26:59,900 - INFO - [GINSLIB] processing : 2021/12/17 02:07:45 Q=5
2026-01-06 17:26:59,906 - INFO - [GINSLIB] processing : 2021/12/17 02:07:46 Q=5
2026-01-06 17:26:59,914 - INFO - [GINSLIB] processing : 2021/12/17 02:07:47 Q=5
2026-01-06 17:26:59,920 - INFO - [GINSLIB] processing : 2021/12/17 02:07:48 Q=5
2026-01-06 17:26:59,926 - INFO - [GINSLIB] processing : 2021/12/17 02:07:49 Q=5
2026-01-06 17:26:59,932 - INFO - [GINSLIB] processing : 2021/12/17 02:07:50 Q=5
2026-01-06 17:26:59,938 - INFO - [GINSLIB] processing : 2021/12/17 02:07:51 Q=5
2026-01-06 17:26:59,945 - INFO - [GINSLIB] processing : 2021/12/17 02:07:52 Q=5
2026-01-06 17:26:59,951 - INFO - [GINSLIB] processing : 2021/12/17 02:07:53 Q=5
2026-01-06 17:26:59,957 - INFO - [GINSLIB] processing : 2021/12/17 02:07:54 Q=5
2026-01-06 17:26:59,968 - INFO - [GINSLIB] processing : 2021/12/17 02:07:55 Q=5
2026-01-06 17:26:59,969 - INFO - [GINSLIB] processing : 2021/12/17 02:07:56 Q=5
2026-01-06 17:26:59,976 - INFO - [GINSLIB] processing : 2021/12/17 02:07:57 Q=5
2026-01-06 17:26:59,983 - INFO - [GINSLIB] processing : 2021/12/17 02:07:58 Q=5
2026-01-06 17:26:59,989 - INFO - [GINSLIB] processing : 2021/12/17 02:07:59 Q=5
2026-01-06 17:27:00,000 - INFO - [GINSLIB] processing : 2021/12/17 02:07:60 Q=5
2026-01-06 17:27:00,000 - INFO - [GINSLIB] processing : 2021/12/17 02:08:00 Q=5
2026-01-06 17:27:00,002 - INFO - [GINSLIB] processing : 2021/12/17 02:08:01 Q=5
2026-01-06 17:27:00,012 - INFO - [GINSLIB] processing : 2021/12/17 02:08:02 Q=5
2026-01-06 17:27:00,019 - INFO - [GINSLIB] processing : 2021/12/17 02:08:03 Q=5
2026-01-06 17:27:00,026 - INFO - [GINSLIB] processing : 2021/12/17 02:08:04 Q=5
2026-01-06 17:27:00,037 - INFO - [GINSLIB] processing : 2021/12/17 02:08:05 Q=5
2026-01-06 17:27:00,039 - INFO - [GINSLIB] processing : 2021/12/17 02:08:06 Q=5
2026-01-06 17:27:00,046 - INFO - [GINSLIB] processing : 2021/12/17 02:08:07 Q=5
2026-01-06 17:27:00,052 - INFO - [GINSLIB] processing : 2021/12/17 02:08:08 Q=5
2026-01-06 17:27:00,060 - INFO - [GINSLIB] processing : 2021/12/17 02:08:09 Q=5
2026-01-06 17:27:00,067 - INFO - [GINSLIB] processing : 2021/12/17 02:08:10 Q=5
2026-01-06 17:27:00,073 - INFO - [GINSLIB] processing : 2021/12/17 02:08:11 Q=5
2026-01-06 17:27:00,079 - INFO - [GINSLIB] processing : 2021/12/17 02:08:12 Q=5
2026-01-06 17:27:00,086 - INFO - [GINSLIB] processing : 2021/12/17 02:08:13 Q=5
2026-01-06 17:27:00,092 - INFO - [GINSLIB] processing : 2021/12/17 02:08:14 Q=5
2026-01-06 17:27:00,099 - INFO - [GINSLIB] processing : 2021/12/17 02:08:15 Q=5
2026-01-06 17:27:00,104 - INFO - [GINSLIB] processing : 2021/12/17 02:08:16 Q=5
2026-01-06 17:27:00,110 - INFO - [GINSLIB] processing : 2021/12/17 02:08:17 Q=5
2026-01-06 17:27:00,117 - INFO - [GINSLIB] processing : 2021/12/17 02:08:18 Q=5
2026-01-06 17:27:00,123 - INFO - [GINSLIB] processing : 2021/12/17 02:08:19 Q=5
2026-01-06 17:27:00,130 - INFO - [GINSLIB] processing : 2021/12/17 02:08:20 Q=5
2026-01-06 17:27:00,142 - INFO - [GINSLIB] processing : 2021/12/17 02:08:21 Q=5
2026-01-06 17:27:00,143 - INFO - [GINSLIB] processing : 2021/12/17 02:08:22 Q=5
2026-01-06 17:27:00,150 - INFO - [GINSLIB] processing : 2021/12/17 02:08:23 Q=5
2026-01-06 17:27:00,157 - INFO - [GINSLIB] processing : 2021/12/17 02:08:24 Q=5
2026-01-06 17:27:00,164 - INFO - [GINSLIB] processing : 2021/12/17 02:08:25 Q=5
2026-01-06 17:27:00,174 - INFO - [GINSLIB] processing : 2021/12/17 02:08:26 Q=5
2026-01-06 17:27:00,176 - INFO - [GINSLIB] processing : 2021/12/17 02:08:27 Q=5
2026-01-06 17:27:00,183 - INFO - [GINSLIB] processing : 2021/12/17 02:08:28 Q=5
2026-01-06 17:27:00,190 - INFO - [GINSLIB] processing : 2021/12/17 02:08:29 Q=5
2026-01-06 17:27:00,197 - INFO - [GINSLIB] processing : 2021/12/17 02:08:30 Q=5
2026-01-06 17:27:00,209 - INFO - [GINSLIB] processing : 2021/12/17 02:08:31 Q=5
2026-01-06 17:27:00,210 - INFO - [GINSLIB] processing : 2021/12/17 02:08:32 Q=5
2026-01-06 17:27:00,216 - INFO - [GINSLIB] processing : 2021/12/17 02:08:33 Q=5
2026-01-06 17:27:00,224 - INFO - [GINSLIB] processing : 2021/12/17 02:08:34 Q=5
2026-01-06 17:27:00,231 - INFO - [GINSLIB] processing : 2021/12/17 02:08:35 Q=5
2026-01-06 17:27:00,242 - INFO - [GINSLIB] processing : 2021/12/17 02:08:36 Q=5
2026-01-06 17:27:00,243 - INFO - [GINSLIB] processing : 2021/12/17 02:08:37 Q=5
2026-01-06 17:27:00,249 - INFO - [GINSLIB] processing : 2021/12/17 02:08:38 Q=5
2026-01-06 17:27:00,257 - INFO - [GINSLIB] processing : 2021/12/17 02:08:39 Q=5
2026-01-06 17:27:00,264 - INFO - [GINSLIB] processing : 2021/12/17 02:08:40 Q=5
2026-01-06 17:27:00,271 - INFO - [GINSLIB] processing : 2021/12/17 02:08:41 Q=5
2026-01-06 17:27:00,276 - INFO - [GINSLIB] processing : 2021/12/17 02:08:42 Q=5
2026-01-06 17:27:00,282 - INFO - [GINSLIB] processing : 2021/12/17 02:08:43 Q=5
2026-01-06 17:27:00,289 - INFO - [GINSLIB] processing : 2021/12/17 02:08:44 Q=5
2026-01-06 17:27:00,295 - INFO - [GINSLIB] processing : 2021/12/17 02:08:45 Q=5
2026-01-06 17:27:00,302 - INFO - [GINSLIB] processing : 2021/12/17 02:08:46 Q=5
2026-01-06 17:27:00,308 - INFO - [GINSLIB] processing : 2021/12/17 02:08:47 Q=5
2026-01-06 17:27:00,315 - INFO - [GINSLIB] processing : 2021/12/17 02:08:48 Q=5
2026-01-06 17:27:00,321 - INFO - [GINSLIB] processing : 2021/12/17 02:08:49 Q=5
2026-01-06 17:27:00,327 - INFO - [GINSLIB] processing : 2021/12/17 02:08:50 Q=5
2026-01-06 17:27:00,333 - INFO - [GINSLIB] processing : 2021/12/17 02:08:51 Q=5
2026-01-06 17:27:00,338 - INFO - [GINSLIB] processing : 2021/12/17 02:08:52 Q=5
2026-01-06 17:27:00,345 - INFO - [GINSLIB] processing : 2021/12/17 02:08:53 Q=5
2026-01-06 17:27:00,351 - INFO - [GINSLIB] processing : 2021/12/17 02:08:54 Q=5
2026-01-06 17:27:00,358 - INFO - [GINSLIB] processing : 2021/12/17 02:08:55 Q=5
2026-01-06 17:27:00,366 - INFO - [GINSLIB] processing : 2021/12/17 02:08:56 Q=5
2026-01-06 17:27:00,377 - INFO - [GINSLIB] processing : 2021/12/17 02:08:57 Q=5
2026-01-06 17:27:00,378 - INFO - [GINSLIB] processing : 2021/12/17 02:08:58 Q=5
2026-01-06 17:27:00,385 - INFO - [GINSLIB] processing : 2021/12/17 02:08:59 Q=5
2026-01-06 17:27:00,392 - INFO - [GINSLIB] processing : 2021/12/17 02:08:60 Q=5
2026-01-06 17:27:00,392 - INFO - [GINSLIB] processing : 2021/12/17 02:09:00 Q=5
2026-01-06 17:27:00,398 - INFO - [GINSLIB] processing : 2021/12/17 02:09:01 Q=5
2026-01-06 17:27:00,410 - INFO - [GINSLIB] processing : 2021/12/17 02:09:02 Q=5
2026-01-06 17:27:00,411 - INFO - [GINSLIB] processing : 2021/12/17 02:09:03 Q=5
2026-01-06 17:27:00,419 - INFO - [GINSLIB] processing : 2021/12/17 02:09:04 Q=5
2026-01-06 17:27:00,428 - INFO - [GINSLIB] processing : 2021/12/17 02:09:05 Q=5
2026-01-06 17:27:00,435 - INFO - [GINSLIB] processing : 2021/12/17 02:09:06 Q=5
2026-01-06 17:27:00,449 - INFO - [GINSLIB] processing : 2021/12/17 02:09:07 Q=5
2026-01-06 17:27:00,450 - INFO - [GINSLIB] processing : 2021/12/17 02:09:08 Q=5
2026-01-06 17:27:00,457 - INFO - [GINSLIB] processing : 2021/12/17 02:09:09 Q=5
2026-01-06 17:27:00,463 - INFO - [GINSLIB] processing : 2021/12/17 02:09:10 Q=5
2026-01-06 17:27:00,471 - INFO - [GINSLIB] processing : 2021/12/17 02:09:11 Q=5
2026-01-06 17:27:00,477 - INFO - [GINSLIB] processing : 2021/12/17 02:09:12 Q=5
2026-01-06 17:27:00,482 - INFO - [GINSLIB] processing : 2021/12/17 02:09:13 Q=5
2026-01-06 17:27:00,489 - INFO - [GINSLIB] processing : 2021/12/17 02:09:14 Q=5
2026-01-06 17:27:00,495 - INFO - [GINSLIB] processing : 2021/12/17 02:09:15 Q=5
2026-01-06 17:27:00,502 - INFO - [GINSLIB] processing : 2021/12/17 02:09:16 Q=5
2026-01-06 17:27:00,508 - INFO - [GINSLIB] processing : 2021/12/17 02:09:17 Q=5
2026-01-06 17:27:00,514 - INFO - [GINSLIB] processing : 2021/12/17 02:09:18 Q=5
2026-01-06 17:27:00,521 - INFO - [GINSLIB] processing : 2021/12/17 02:09:19 Q=5
2026-01-06 17:27:00,527 - INFO - [GINSLIB] processing : 2021/12/17 02:09:20 Q=5
2026-01-06 17:27:00,534 - INFO - [GINSLIB] processing : 2021/12/17 02:09:21 Q=5
2026-01-06 17:27:00,540 - INFO - [GINSLIB] processing : 2021/12/17 02:09:22 Q=5
2026-01-06 17:27:00,551 - INFO - [GINSLIB] processing : 2021/12/17 02:09:23 Q=5
2026-01-06 17:27:00,552 - INFO - [GINSLIB] processing : 2021/12/17 02:09:24 Q=5
2026-01-06 17:27:00,559 - INFO - [GINSLIB] processing : 2021/12/17 02:09:25 Q=5
2026-01-06 17:27:00,565 - INFO - [GINSLIB] processing : 2021/12/17 02:09:26 Q=5
2026-01-06 17:27:00,570 - INFO - [GINSLIB] processing : 2021/12/17 02:09:27 Q=5
2026-01-06 17:27:00,580 - INFO - [GINSLIB] processing : 2021/12/17 02:09:28 Q=5
2026-01-06 17:27:00,581 - INFO - [GINSLIB] processing : 2021/12/17 02:09:29 Q=5
2026-01-06 17:27:00,586 - INFO - [GINSLIB] processing : 2021/12/17 02:09:30 Q=5
2026-01-06 17:27:00,592 - INFO - [GINSLIB] processing : 2021/12/17 02:09:31 Q=5
2026-01-06 17:27:00,598 - INFO - [GINSLIB] processing : 2021/12/17 02:09:32 Q=5
2026-01-06 17:27:00,608 - INFO - [GINSLIB] processing : 2021/12/17 02:09:33 Q=5
2026-01-06 17:27:00,609 - INFO - [GINSLIB] processing : 2021/12/17 02:09:34 Q=5
2026-01-06 17:27:00,615 - INFO - [GINSLIB] processing : 2021/12/17 02:09:35 Q=5
2026-01-06 17:27:00,621 - INFO - [GINSLIB] processing : 2021/12/17 02:09:36 Q=5
2026-01-06 17:27:00,628 - INFO - [GINSLIB] processing : 2021/12/17 02:09:37 Q=5
2026-01-06 17:27:00,634 - INFO - [GINSLIB] processing : 2021/12/17 02:09:38 Q=5
2026-01-06 17:27:00,639 - INFO - [GINSLIB] processing : 2021/12/17 02:09:39 Q=5
2026-01-06 17:27:00,646 - INFO - [GINSLIB] processing : 2021/12/17 02:09:40 Q=5
2026-01-06 17:27:00,651 - INFO - [GINSLIB] processing : 2021/12/17 02:09:41 Q=5
2026-01-06 17:27:00,657 - INFO - [GINSLIB] processing : 2021/12/17 02:09:42 Q=5
2026-01-06 17:27:00,664 - INFO - [GINSLIB] processing : 2021/12/17 02:09:43 Q=5
2026-01-06 17:27:00,668 - INFO - [GINSLIB] processing : 2021/12/17 02:09:44 Q=5
2026-01-06 17:27:00,675 - INFO - [GINSLIB] processing : 2021/12/17 02:09:45 Q=5
2026-01-06 17:27:00,681 - INFO - [GINSLIB] processing : 2021/12/17 02:09:46 Q=5
2026-01-06 17:27:00,687 - INFO - [GINSLIB] processing : 2021/12/17 02:09:47 Q=5
2026-01-06 17:27:00,694 - INFO - [GINSLIB] processing : 2021/12/17 02:09:48 Q=5
2026-01-06 17:27:00,699 - INFO - [GINSLIB] processing : 2021/12/17 02:09:49 Q=5
2026-01-06 17:27:00,706 - INFO - [GINSLIB] processing : 2021/12/17 02:09:50 Q=5
2026-01-06 17:27:00,713 - INFO - [GINSLIB] processing : 2021/12/17 02:09:51 Q=5
2026-01-06 17:27:00,719 - INFO - [GINSLIB] processing : 2021/12/17 02:09:52 Q=5
2026-01-06 17:27:00,725 - INFO - [GINSLIB] processing : 2021/12/17 02:09:53 Q=5
2026-01-06 17:27:00,736 - INFO - [GINSLIB] processing : 2021/12/17 02:09:54 Q=5
2026-01-06 17:27:00,737 - INFO - [GINSLIB] processing : 2021/12/17 02:09:55 Q=5
2026-01-06 17:27:00,743 - INFO - [GINSLIB] processing : 2021/12/17 02:09:56 Q=5
2026-01-06 17:27:00,749 - INFO - [GINSLIB] processing : 2021/12/17 02:09:57 Q=5
2026-01-06 17:27:00,755 - INFO - [GINSLIB] processing : 2021/12/17 02:09:58 Q=5
2026-01-06 17:27:00,767 - INFO - [GINSLIB] processing : 2021/12/17 02:09:59 Q=5
2026-01-06 17:27:00,768 - INFO - [GINSLIB] processing : 2021/12/17 02:09:60 Q=5
2026-01-06 17:27:00,768 - INFO - [GINSLIB] processing : 2021/12/17 02:10:00 Q=5
2026-01-06 17:27:00,775 - INFO - [GINSLIB] processing : 2021/12/17 02:10:01 Q=5
2026-01-06 17:27:00,782 - INFO - [GINSLIB] processing : 2021/12/17 02:10:02 Q=5
2026-01-06 17:27:00,789 - INFO - [GINSLIB] processing : 2021/12/17 02:10:03 Q=5
2026-01-06 17:27:00,800 - INFO - [GINSLIB] processing : 2021/12/17 02:10:04 Q=5
2026-01-06 17:27:00,802 - INFO - [GINSLIB] processing : 2021/12/17 02:10:05 Q=5
2026-01-06 17:27:00,809 - INFO - [GINSLIB] processing : 2021/12/17 02:10:06 Q=5
2026-01-06 17:27:00,816 - INFO - [GINSLIB] processing : 2021/12/17 02:10:07 Q=5
2026-01-06 17:27:00,821 - INFO - [GINSLIB] processing : 2021/12/17 02:10:08 Q=5
2026-01-06 17:27:00,828 - INFO - [GINSLIB] processing : 2021/12/17 02:10:09 Q=5
2026-01-06 17:27:00,833 - INFO - [GINSLIB] processing : 2021/12/17 02:10:10 Q=5
2026-01-06 17:27:00,839 - INFO - [GINSLIB] processing : 2021/12/17 02:10:11 Q=5
2026-01-06 17:27:00,846 - INFO - [GINSLIB] processing : 2021/12/17 02:10:12 Q=5
2026-01-06 17:27:00,852 - INFO - [GINSLIB] processing : 2021/12/17 02:10:13 Q=5
2026-01-06 17:27:00,859 - INFO - [GINSLIB] processing : 2021/12/17 02:10:14 Q=5
2026-01-06 17:27:00,865 - INFO - [GINSLIB] processing : 2021/12/17 02:10:15 Q=5
2026-01-06 17:27:00,871 - INFO - [GINSLIB] processing : 2021/12/17 02:10:16 Q=5
2026-01-06 17:27:00,878 - INFO - [GINSLIB] processing : 2021/12/17 02:10:17 Q=5
2026-01-06 17:27:00,884 - INFO - [GINSLIB] processing : 2021/12/17 02:10:18 Q=5
2026-01-06 17:27:00,893 - INFO - [GINSLIB] processing : 2021/12/17 02:10:19 Q=5
2026-01-06 17:27:00,899 - INFO - [GINSLIB] processing : 2021/12/17 02:10:20 Q=5
2026-01-06 17:27:00,905 - INFO - [GINSLIB] processing : 2021/12/17 02:10:21 Q=5
2026-01-06 17:27:00,911 - INFO - [GINSLIB] processing : 2021/12/17 02:10:22 Q=5
2026-01-06 17:27:00,917 - INFO - [GINSLIB] processing : 2021/12/17 02:10:23 Q=5
2026-01-06 17:27:00,925 - INFO - [GINSLIB] processing : 2021/12/17 02:10:24 Q=5
2026-01-06 17:27:00,936 - INFO - [GINSLIB] processing : 2021/12/17 02:10:25 Q=5
2026-01-06 17:27:00,937 - INFO - [GINSLIB] processing : 2021/12/17 02:10:26 Q=5
2026-01-06 17:27:00,944 - INFO - [GINSLIB] processing : 2021/12/17 02:10:27 Q=5
2026-01-06 17:27:00,950 - INFO - [GINSLIB] processing : 2021/12/17 02:10:28 Q=5
2026-01-06 17:27:00,956 - INFO - [GINSLIB] processing : 2021/12/17 02:10:29 Q=5
2026-01-06 17:27:00,965 - INFO - [GINSLIB] processing : 2021/12/17 02:10:30 Q=5
2026-01-06 17:27:00,966 - INFO - [GINSLIB] processing : 2021/12/17 02:10:31 Q=5
2026-01-06 17:27:00,972 - INFO - [GINSLIB] processing : 2021/12/17 02:10:32 Q=5
2026-01-06 17:27:00,978 - INFO - [GINSLIB] processing : 2021/12/17 02:10:33 Q=5
2026-01-06 17:27:00,985 - INFO - [GINSLIB] processing : 2021/12/17 02:10:34 Q=5
2026-01-06 17:27:00,996 - INFO - [GINSLIB] processing : 2021/12/17 02:10:35 Q=5
2026-01-06 17:27:00,997 - INFO - [GINSLIB] processing : 2021/12/17 02:10:36 Q=5
2026-01-06 17:27:01,003 - INFO - [GINSLIB] processing : 2021/12/17 02:10:37 Q=5
2026-01-06 17:27:01,010 - INFO - [GINSLIB] processing : 2021/12/17 02:10:38 Q=5
2026-01-06 17:27:01,018 - INFO - [GINSLIB] processing : 2021/12/17 02:10:39 Q=5
2026-01-06 17:27:01,024 - INFO - [GINSLIB] processing : 2021/12/17 02:10:40 Q=5
2026-01-06 17:27:01,029 - INFO - [GINSLIB] processing : 2021/12/17 02:10:41 Q=5
2026-01-06 17:27:01,035 - INFO - [GINSLIB] processing : 2021/12/17 02:10:42 Q=5
2026-01-06 17:27:01,043 - INFO - [GINSLIB] processing : 2021/12/17 02:10:43 Q=5
2026-01-06 17:27:01,050 - INFO - [GINSLIB] processing : 2021/12/17 02:10:44 Q=5
2026-01-06 17:27:01,057 - INFO - [GINSLIB] processing : 2021/12/17 02:10:45 Q=5
2026-01-06 17:27:01,062 - INFO - [GINSLIB] processing : 2021/12/17 02:10:46 Q=5
2026-01-06 17:27:01,068 - INFO - [GINSLIB] processing : 2021/12/17 02:10:47 Q=5
2026-01-06 17:27:01,077 - INFO - [GINSLIB] processing : 2021/12/17 02:10:48 Q=5
2026-01-06 17:27:01,084 - INFO - [GINSLIB] processing : 2021/12/17 02:10:49 Q=5
2026-01-06 17:27:01,091 - INFO - [GINSLIB] processing : 2021/12/17 02:10:50 Q=5
2026-01-06 17:27:01,097 - INFO - [GINSLIB] processing : 2021/12/17 02:10:51 Q=5
2026-01-06 17:27:01,103 - INFO - [GINSLIB] processing : 2021/12/17 02:10:52 Q=5
2026-01-06 17:27:01,112 - INFO - [GINSLIB] processing : 2021/12/17 02:10:53 Q=5
2026-01-06 17:27:01,119 - INFO - [GINSLIB] processing : 2021/12/17 02:10:54 Q=5
2026-01-06 17:27:01,125 - INFO - [GINSLIB] processing : 2021/12/17 02:10:55 Q=5
2026-01-06 17:27:01,137 - INFO - [GINSLIB] processing : 2021/12/17 02:10:56 Q=5
2026-01-06 17:27:01,138 - INFO - [GINSLIB] processing : 2021/12/17 02:10:57 Q=5
2026-01-06 17:27:01,144 - INFO - [GINSLIB] processing : 2021/12/17 02:10:58 Q=5
2026-01-06 17:27:01,152 - INFO - [GINSLIB] processing : 2021/12/17 02:10:59 Q=5
2026-01-06 17:27:01,160 - INFO - [GINSLIB] processing : 2021/12/17 02:10:60 Q=5
2026-01-06 17:27:01,160 - INFO - [GINSLIB] processing : 2021/12/17 02:11:00 Q=5
2026-01-06 17:27:01,169 - INFO - [GINSLIB] processing : 2021/12/17 02:11:01 Q=5
2026-01-06 17:27:01,170 - INFO - [GINSLIB] processing : 2021/12/17 02:11:02 Q=5
2026-01-06 17:27:01,176 - INFO - [GINSLIB] processing : 2021/12/17 02:11:03 Q=5
2026-01-06 17:27:01,182 - INFO - [GINSLIB] processing : 2021/12/17 02:11:04 Q=5
2026-01-06 17:27:01,189 - INFO - [GINSLIB] processing : 2021/12/17 02:11:05 Q=5
2026-01-06 17:27:01,200 - INFO - [GINSLIB] processing : 2021/12/17 02:11:06 Q=5
2026-01-06 17:27:01,201 - INFO - [GINSLIB] processing : 2021/12/17 02:11:07 Q=5
2026-01-06 17:27:01,208 - INFO - [GINSLIB] processing : 2021/12/17 02:11:08 Q=5
2026-01-06 17:27:01,216 - INFO - [GINSLIB] processing : 2021/12/17 02:11:09 Q=5
2026-01-06 17:27:01,223 - INFO - [GINSLIB] processing : 2021/12/17 02:11:10 Q=5
2026-01-06 17:27:01,230 - INFO - [GINSLIB] processing : 2021/12/17 02:11:11 Q=5
2026-01-06 17:27:01,235 - INFO - [GINSLIB] processing : 2021/12/17 02:11:12 Q=5
2026-01-06 17:27:01,242 - INFO - [GINSLIB] processing : 2021/12/17 02:11:13 Q=5
2026-01-06 17:27:01,250 - INFO - [GINSLIB] processing : 2021/12/17 02:11:14 Q=5
2026-01-06 17:27:01,256 - INFO - [GINSLIB] processing : 2021/12/17 02:11:15 Q=5
2026-01-06 17:27:01,265 - INFO - [GINSLIB] processing : 2021/12/17 02:11:16 Q=5
2026-01-06 17:27:01,271 - INFO - [GINSLIB] processing : 2021/12/17 02:11:17 Q=5
2026-01-06 17:27:01,279 - INFO - [GINSLIB] processing : 2021/12/17 02:11:18 Q=5
2026-01-06 17:27:01,285 - INFO - [GINSLIB] processing : 2021/12/17 02:11:19 Q=5
2026-01-06 17:27:01,291 - INFO - [GINSLIB] processing : 2021/12/17 02:11:20 Q=5
2026-01-06 17:27:01,300 - INFO - [GINSLIB] processing : 2021/12/17 02:11:21 Q=5
2026-01-06 17:27:01,305 - INFO - [GINSLIB] processing : 2021/12/17 02:11:22 Q=5
2026-01-06 17:27:01,313 - INFO - [GINSLIB] processing : 2021/12/17 02:11:23 Q=5
2026-01-06 17:27:01,319 - INFO - [GINSLIB] processing : 2021/12/17 02:11:24 Q=5
2026-01-06 17:27:01,328 - INFO - [GINSLIB] processing : 2021/12/17 02:11:25 Q=5
2026-01-06 17:27:01,335 - INFO - [GINSLIB] processing : 2021/12/17 02:11:26 Q=5
2026-01-06 17:27:01,346 - INFO - [GINSLIB] processing : 2021/12/17 02:11:27 Q=5
2026-01-06 17:27:01,347 - INFO - [GINSLIB] processing : 2021/12/17 02:11:28 Q=5
2026-01-06 17:27:01,354 - INFO - [GINSLIB] processing : 2021/12/17 02:11:29 Q=5
2026-01-06 17:27:01,363 - INFO - [GINSLIB] processing : 2021/12/17 02:11:30 Q=5
2026-01-06 17:27:01,370 - INFO - [GINSLIB] processing : 2021/12/17 02:11:31 Q=5
2026-01-06 17:27:01,382 - INFO - [GINSLIB] processing : 2021/12/17 02:11:32 Q=5
2026-01-06 17:27:01,383 - INFO - [GINSLIB] processing : 2021/12/17 02:11:33 Q=5
2026-01-06 17:27:01,392 - INFO - [GINSLIB] processing : 2021/12/17 02:11:34 Q=5
2026-01-06 17:27:01,399 - INFO - [GINSLIB] processing : 2021/12/17 02:11:35 Q=5
2026-01-06 17:27:01,406 - INFO - [GINSLIB] processing : 2021/12/17 02:11:36 Q=5
2026-01-06 17:27:01,420 - INFO - [GINSLIB] processing : 2021/12/17 02:11:37 Q=5
2026-01-06 17:27:01,422 - INFO - [GINSLIB] processing : 2021/12/17 02:11:38 Q=5
2026-01-06 17:27:01,429 - INFO - [GINSLIB] processing : 2021/12/17 02:11:39 Q=5
2026-01-06 17:27:01,435 - INFO - [GINSLIB] processing : 2021/12/17 02:11:40 Q=5
2026-01-06 17:27:01,443 - INFO - [GINSLIB] processing : 2021/12/17 02:11:41 Q=5
2026-01-06 17:27:01,452 - INFO - [GINSLIB] processing : 2021/12/17 02:11:42 Q=5
2026-01-06 17:27:01,458 - INFO - [GINSLIB] processing : 2021/12/17 02:11:43 Q=5
2026-01-06 17:27:01,465 - INFO - [GINSLIB] processing : 2021/12/17 02:11:44 Q=5
2026-01-06 17:27:01,471 - INFO - [GINSLIB] processing : 2021/12/17 02:11:45 Q=5
2026-01-06 17:27:01,477 - INFO - [GINSLIB] processing : 2021/12/17 02:11:46 Q=5
2026-01-06 17:27:01,485 - INFO - [GINSLIB] processing : 2021/12/17 02:11:47 Q=5
2026-01-06 17:27:01,490 - INFO - [GINSLIB] processing : 2021/12/17 02:11:48 Q=5
2026-01-06 17:27:01,497 - INFO - [GINSLIB] processing : 2021/12/17 02:11:49 Q=5
2026-01-06 17:27:01,503 - INFO - [GINSLIB] processing : 2021/12/17 02:11:50 Q=5
2026-01-06 17:27:01,511 - INFO - [GINSLIB] processing : 2021/12/17 02:11:51 Q=5
2026-01-06 17:27:01,518 - INFO - [GINSLIB] processing : 2021/12/17 02:11:52 Q=5
2026-01-06 17:27:01,529 - INFO - [GINSLIB] processing : 2021/12/17 02:11:53 Q=5
2026-01-06 17:27:01,530 - INFO - [GINSLIB] processing : 2021/12/17 02:11:54 Q=5
2026-01-06 17:27:01,535 - INFO - [GINSLIB] processing : 2021/12/17 02:11:55 Q=5
2026-01-06 17:27:01,542 - INFO - [GINSLIB] processing : 2021/12/17 02:11:56 Q=5
2026-01-06 17:27:01,549 - INFO - [GINSLIB] processing : 2021/12/17 02:11:57 Q=5
2026-01-06 17:27:01,558 - INFO - [GINSLIB] processing : 2021/12/17 02:11:58 Q=5
2026-01-06 17:27:01,559 - INFO - [GINSLIB] processing : 2021/12/17 02:11:59 Q=5
2026-01-06 17:27:01,565 - INFO - [GINSLIB] processing : 2021/12/17 02:11:60 Q=5
2026-01-06 17:27:01,565 - INFO - [GINSLIB] processing : 2021/12/17 02:12:00 Q=5
2026-01-06 17:27:01,570 - INFO - [GINSLIB] processing : 2021/12/17 02:12:01 Q=5
2026-01-06 17:27:01,577 - INFO - [GINSLIB] processing : 2021/12/17 02:12:02 Q=5
2026-01-06 17:27:01,586 - INFO - [GINSLIB] processing : 2021/12/17 02:12:03 Q=5
2026-01-06 17:27:01,587 - INFO - [GINSLIB] processing : 2021/12/17 02:12:04 Q=5
2026-01-06 17:27:01,593 - INFO - [GINSLIB] processing : 2021/12/17 02:12:05 Q=5
2026-01-06 17:27:01,598 - INFO - [GINSLIB] processing : 2021/12/17 02:12:06 Q=5
2026-01-06 17:27:01,606 - INFO - [GINSLIB] processing : 2021/12/17 02:12:07 Q=5
2026-01-06 17:27:01,612 - INFO - [GINSLIB] processing : 2021/12/17 02:12:08 Q=5
2026-01-06 17:27:01,617 - INFO - [GINSLIB] processing : 2021/12/17 02:12:09 Q=5
2026-01-06 17:27:01,624 - INFO - [GINSLIB] processing : 2021/12/17 02:12:10 Q=5
2026-01-06 17:27:01,630 - INFO - [GINSLIB] processing : 2021/12/17 02:12:11 Q=5
2026-01-06 17:27:01,637 - INFO - [GINSLIB] processing : 2021/12/17 02:12:12 Q=5
2026-01-06 17:27:01,644 - INFO - [GINSLIB] processing : 2021/12/17 02:12:13 Q=5
2026-01-06 17:27:01,650 - INFO - [GINSLIB] processing : 2021/12/17 02:12:14 Q=5
2026-01-06 17:27:01,657 - INFO - [GINSLIB] processing : 2021/12/17 02:12:15 Q=5
2026-01-06 17:27:01,665 - INFO - [GINSLIB] processing : 2021/12/17 02:12:16 Q=5
2026-01-06 17:27:01,672 - INFO - [GINSLIB] processing : 2021/12/17 02:12:17 Q=5
2026-01-06 17:27:01,679 - INFO - [GINSLIB] processing : 2021/12/17 02:12:18 Q=5
2026-01-06 17:27:01,685 - INFO - [GINSLIB] processing : 2021/12/17 02:12:19 Q=5
2026-01-06 17:27:01,691 - INFO - [GINSLIB] processing : 2021/12/17 02:12:20 Q=5
2026-01-06 17:27:01,698 - INFO - [GINSLIB] processing : 2021/12/17 02:12:21 Q=5
2026-01-06 17:27:01,707 - INFO - [GINSLIB] processing : 2021/12/17 02:12:22 Q=5
2026-01-06 17:27:01,714 - INFO - [GINSLIB] processing : 2021/12/17 02:12:23 Q=5
2026-01-06 17:27:01,727 - INFO - [GINSLIB] processing : 2021/12/17 02:12:24 Q=5
2026-01-06 17:27:01,729 - INFO - [GINSLIB] processing : 2021/12/17 02:12:25 Q=5
2026-01-06 17:27:01,737 - INFO - [GINSLIB] processing : 2021/12/17 02:12:26 Q=5
2026-01-06 17:27:01,759 - INFO - [GINSLIB] processing : 2021/12/17 02:12:27 Q=5
2026-01-06 17:27:01,767 - INFO - [GINSLIB] processing : 2021/12/17 02:12:28 Q=5
2026-01-06 17:27:01,781 - INFO - [GINSLIB] processing : 2021/12/17 02:12:29 Q=5
2026-01-06 17:27:01,782 - INFO - [GINSLIB] processing : 2021/12/17 02:12:30 Q=5
2026-01-06 17:27:01,791 - INFO - [GINSLIB] processing : 2021/12/17 02:12:31 Q=5
2026-01-06 17:27:01,797 - INFO - [GINSLIB] processing : 2021/12/17 02:12:32 Q=5
2026-01-06 17:27:01,805 - INFO - [GINSLIB] processing : 2021/12/17 02:12:33 Q=5
2026-01-06 17:27:01,816 - INFO - [GINSLIB] processing : 2021/12/17 02:12:34 Q=5
2026-01-06 17:27:01,817 - INFO - [GINSLIB] processing : 2021/12/17 02:12:35 Q=5
2026-01-06 17:27:01,824 - INFO - [GINSLIB] processing : 2021/12/17 02:12:36 Q=5
2026-01-06 17:27:01,831 - INFO - [GINSLIB] processing : 2021/12/17 02:12:37 Q=5
2026-01-06 17:27:01,838 - INFO - [GINSLIB] processing : 2021/12/17 02:12:38 Q=5
2026-01-06 17:27:01,844 - INFO - [GINSLIB] processing : 2021/12/17 02:12:39 Q=5
2026-01-06 17:27:01,851 - INFO - [GINSLIB] processing : 2021/12/17 02:12:40 Q=5
2026-01-06 17:27:01,857 - INFO - [GINSLIB] processing : 2021/12/17 02:12:41 Q=5
2026-01-06 17:27:01,863 - INFO - [GINSLIB] processing : 2021/12/17 02:12:42 Q=5
2026-01-06 17:27:01,870 - INFO - [GINSLIB] processing : 2021/12/17 02:12:43 Q=5
2026-01-06 17:27:01,877 - INFO - [GINSLIB] processing : 2021/12/17 02:12:44 Q=5
2026-01-06 17:27:01,882 - INFO - [GINSLIB] processing : 2021/12/17 02:12:45 Q=5
2026-01-06 17:27:01,888 - INFO - [GINSLIB] processing : 2021/12/17 02:12:46 Q=5
2026-01-06 17:27:01,895 - INFO - [GINSLIB] processing : 2021/12/17 02:12:47 Q=5
2026-01-06 17:27:01,903 - INFO - [GINSLIB] processing : 2021/12/17 02:12:48 Q=5
2026-01-06 17:27:01,910 - INFO - [GINSLIB] processing : 2021/12/17 02:12:49 Q=5
2026-01-06 17:27:01,916 - INFO - [GINSLIB] processing : 2021/12/17 02:12:50 Q=5
2026-01-06 17:27:01,922 - INFO - [GINSLIB] processing : 2021/12/17 02:12:51 Q=5
2026-01-06 17:27:01,929 - INFO - [GINSLIB] processing : 2021/12/17 02:12:52 Q=5
2026-01-06 17:27:01,936 - INFO - [GINSLIB] processing : 2021/12/17 02:12:53 Q=5
2026-01-06 17:27:01,942 - INFO - [GINSLIB] processing : 2021/12/17 02:12:54 Q=5
2026-01-06 17:27:01,954 - INFO - [GINSLIB] processing : 2021/12/17 02:12:55 Q=5
2026-01-06 17:27:01,955 - INFO - [GINSLIB] processing : 2021/12/17 02:12:56 Q=5
2026-01-06 17:27:01,962 - INFO - [GINSLIB] processing : 2021/12/17 02:12:57 Q=5
2026-01-06 17:27:01,968 - INFO - [GINSLIB] processing : 2021/12/17 02:12:58 Q=5
2026-01-06 17:27:01,976 - INFO - [GINSLIB] processing : 2021/12/17 02:12:59 Q=5
2026-01-06 17:27:01,989 - INFO - [GINSLIB] processing : 2021/12/17 02:12:60 Q=5
2026-01-06 17:27:01,989 - INFO - [GINSLIB] processing : 2021/12/17 02:13:00 Q=5
2026-01-06 17:27:01,991 - INFO - [GINSLIB] processing : 2021/12/17 02:13:01 Q=5
2026-01-06 17:27:01,998 - INFO - [GINSLIB] processing : 2021/12/17 02:13:02 Q=5
2026-01-06 17:27:02,004 - INFO - [GINSLIB] processing : 2021/12/17 02:13:03 Q=5
2026-01-06 17:27:02,012 - INFO - [GINSLIB] processing : 2021/12/17 02:13:04 Q=5
2026-01-06 17:27:02,026 - INFO - [GINSLIB] processing : 2021/12/17 02:13:05 Q=5
2026-01-06 17:27:02,027 - INFO - [GINSLIB] processing : 2021/12/17 02:13:06 Q=5
2026-01-06 17:27:02,033 - INFO - [GINSLIB] processing : 2021/12/17 02:13:07 Q=5
2026-01-06 17:27:02,041 - INFO - [GINSLIB] processing : 2021/12/17 02:13:08 Q=5
2026-01-06 17:27:02,048 - INFO - [GINSLIB] processing : 2021/12/17 02:13:09 Q=5
2026-01-06 17:27:02,056 - INFO - [GINSLIB] processing : 2021/12/17 02:13:10 Q=5
2026-01-06 17:27:02,062 - INFO - [GINSLIB] processing : 2021/12/17 02:13:11 Q=5
2026-01-06 17:27:02,070 - INFO - [GINSLIB] processing : 2021/12/17 02:13:12 Q=5
2026-01-06 17:27:02,077 - INFO - [GINSLIB] processing : 2021/12/17 02:13:13 Q=5
2026-01-06 17:27:02,086 - INFO - [GINSLIB] processing : 2021/12/17 02:13:14 Q=5
2026-01-06 17:27:02,094 - INFO - [GINSLIB] processing : 2021/12/17 02:13:15 Q=5
2026-01-06 17:27:02,100 - INFO - [GINSLIB] processing : 2021/12/17 02:13:16 Q=5
2026-01-06 17:27:02,107 - INFO - [GINSLIB] processing : 2021/12/17 02:13:17 Q=5
2026-01-06 17:27:02,115 - INFO - [GINSLIB] processing : 2021/12/17 02:13:18 Q=5
2026-01-06 17:27:02,120 - INFO - [GINSLIB] processing : 2021/12/17 02:13:19 Q=5
2026-01-06 17:27:02,127 - INFO - [GINSLIB] processing : 2021/12/17 02:13:20 Q=5
2026-01-06 17:27:02,133 - INFO - [GINSLIB] processing : 2021/12/17 02:13:21 Q=5
2026-01-06 17:27:02,139 - INFO - [GINSLIB] processing : 2021/12/17 02:13:22 Q=5
2026-01-06 17:27:02,148 - INFO - [GINSLIB] processing : 2021/12/17 02:13:23 Q=5
2026-01-06 17:27:02,154 - INFO - [GINSLIB] processing : 2021/12/17 02:13:24 Q=5
2026-01-06 17:27:02,162 - INFO - [GINSLIB] processing : 2021/12/17 02:13:25 Q=5
2026-01-06 17:27:02,174 - INFO - [GINSLIB] processing : 2021/12/17 02:13:26 Q=5
2026-01-06 17:27:02,176 - INFO - [GINSLIB] processing : 2021/12/17 02:13:27 Q=5
2026-01-06 17:27:02,185 - INFO - [GINSLIB] processing : 2021/12/17 02:13:28 Q=5
2026-01-06 17:27:02,196 - INFO - [GINSLIB] processing : 2021/12/17 02:13:29 Q=5
2026-01-06 17:27:02,204 - INFO - [GINSLIB] processing : 2021/12/17 02:13:30 Q=5
2026-01-06 17:27:02,220 - INFO - [GINSLIB] processing : 2021/12/17 02:13:31 Q=5
2026-01-06 17:27:02,222 - INFO - [GINSLIB] processing : 2021/12/17 02:13:32 Q=5
2026-01-06 17:27:02,230 - INFO - [GINSLIB] processing : 2021/12/17 02:13:33 Q=5
2026-01-06 17:27:02,237 - INFO - [GINSLIB] processing : 2021/12/17 02:13:34 Q=5
2026-01-06 17:27:02,245 - INFO - [GINSLIB] processing : 2021/12/17 02:13:35 Q=5
2026-01-06 17:27:02,257 - INFO - [GINSLIB] processing : 2021/12/17 02:13:36 Q=5
2026-01-06 17:27:02,258 - INFO - [GINSLIB] processing : 2021/12/17 02:13:37 Q=5
2026-01-06 17:27:02,264 - INFO - [GINSLIB] processing : 2021/12/17 02:13:38 Q=5
2026-01-06 17:27:02,272 - INFO - [GINSLIB] processing : 2021/12/17 02:13:39 Q=5
2026-01-06 17:27:02,278 - INFO - [GINSLIB] processing : 2021/12/17 02:13:40 Q=5
2026-01-06 17:27:02,286 - INFO - [GINSLIB] processing : 2021/12/17 02:13:41 Q=5
2026-01-06 17:27:02,291 - INFO - [GINSLIB] processing : 2021/12/17 02:13:42 Q=5
2026-01-06 17:27:02,299 - INFO - [GINSLIB] processing : 2021/12/17 02:13:43 Q=5
2026-01-06 17:27:02,305 - INFO - [GINSLIB] processing : 2021/12/17 02:13:44 Q=5
2026-01-06 17:27:02,312 - INFO - [GINSLIB] processing : 2021/12/17 02:13:45 Q=5
2026-01-06 17:27:02,320 - INFO - [GINSLIB] processing : 2021/12/17 02:13:46 Q=5
2026-01-06 17:27:02,326 - INFO - [GINSLIB] processing : 2021/12/17 02:13:47 Q=5
2026-01-06 17:27:02,334 - INFO - [GINSLIB] processing : 2021/12/17 02:13:48 Q=5
2026-01-06 17:27:02,341 - INFO - [GINSLIB] processing : 2021/12/17 02:13:49 Q=5
2026-01-06 17:27:02,348 - INFO - [GINSLIB] processing : 2021/12/17 02:13:50 Q=5
2026-01-06 17:27:02,355 - INFO - [GINSLIB] processing : 2021/12/17 02:13:51 Q=5
2026-01-06 17:27:02,361 - INFO - [GINSLIB] processing : 2021/12/17 02:13:52 Q=5
2026-01-06 17:27:02,368 - INFO - [GINSLIB] processing : 2021/12/17 02:13:53 Q=5
2026-01-06 17:27:02,375 - INFO - [GINSLIB] processing : 2021/12/17 02:13:54 Q=5
2026-01-06 17:27:02,383 - INFO - [GINSLIB] processing : 2021/12/17 02:13:55 Q=5
2026-01-06 17:27:02,389 - INFO - [GINSLIB] processing : 2021/12/17 02:13:56 Q=5
2026-01-06 17:27:02,401 - INFO - [GINSLIB] processing : 2021/12/17 02:13:57 Q=5
2026-01-06 17:27:02,402 - INFO - [GINSLIB] processing : 2021/12/17 02:13:58 Q=5
2026-01-06 17:27:02,411 - INFO - [GINSLIB] processing : 2021/12/17 02:13:59 Q=5
2026-01-06 17:27:02,417 - INFO - [GINSLIB] processing : 2021/12/17 02:13:60 Q=5
2026-01-06 17:27:02,417 - INFO - [GINSLIB] processing : 2021/12/17 02:14:00 Q=5
2026-01-06 17:27:02,425 - INFO - [GINSLIB] processing : 2021/12/17 02:14:01 Q=5
2026-01-06 17:27:02,436 - INFO - [GINSLIB] processing : 2021/12/17 02:14:02 Q=5
2026-01-06 17:27:02,437 - INFO - [GINSLIB] processing : 2021/12/17 02:14:03 Q=5
2026-01-06 17:27:02,445 - INFO - [GINSLIB] processing : 2021/12/17 02:14:04 Q=5
2026-01-06 17:27:02,451 - INFO - [GINSLIB] processing : 2021/12/17 02:14:05 Q=5
2026-01-06 17:27:02,459 - INFO - [GINSLIB] processing : 2021/12/17 02:14:06 Q=5
2026-01-06 17:27:02,470 - INFO - [GINSLIB] processing : 2021/12/17 02:14:07 Q=5
2026-01-06 17:27:02,472 - INFO - [GINSLIB] processing : 2021/12/17 02:14:07 Q=7
2026-01-06 17:27:02,472 - INFO - [GINSLIB] processing : 2021/12/17 02:14:08 Q=7
2026-01-06 17:27:02,477 - INFO - [GINSLIB] processing : 2021/12/17 02:14:08 Q=5
2026-01-06 17:27:02,478 - INFO - [GINSLIB] processing : 2021/12/17 02:14:09 Q=5
2026-01-06 17:27:02,486 - INFO - [GINSLIB] processing : 2021/12/17 02:14:10 Q=5
2026-01-06 17:27:02,493 - INFO - [GINSLIB] processing : 2021/12/17 02:14:11 Q=5
2026-01-06 17:27:02,499 - INFO - [GINSLIB] processing : 2021/12/17 02:14:12 Q=5
2026-01-06 17:27:02,505 - INFO - [GINSLIB] processing : 2021/12/17 02:14:13 Q=5
2026-01-06 17:27:02,511 - INFO - [GINSLIB] processing : 2021/12/17 02:14:14 Q=5
2026-01-06 17:27:02,519 - INFO - [GINSLIB] processing : 2021/12/17 02:14:15 Q=5
2026-01-06 17:27:02,527 - INFO - [GINSLIB] processing : 2021/12/17 02:14:16 Q=5
2026-01-06 17:27:02,534 - INFO - [GINSLIB] processing : 2021/12/17 02:14:17 Q=5
2026-01-06 17:27:02,540 - INFO - [GINSLIB] processing : 2021/12/17 02:14:18 Q=5
2026-01-06 17:27:02,547 - INFO - [GINSLIB] processing : 2021/12/17 02:14:19 Q=5
2026-01-06 17:27:02,554 - INFO - [GINSLIB] processing : 2021/12/17 02:14:20 Q=5
2026-01-06 17:27:02,560 - INFO - [GINSLIB] processing : 2021/12/17 02:14:21 Q=5
2026-01-06 17:27:02,567 - INFO - [GINSLIB] processing : 2021/12/17 02:14:22 Q=5
2026-01-06 17:27:02,577 - INFO - [GINSLIB] processing : 2021/12/17 02:14:23 Q=5
2026-01-06 17:27:02,578 - INFO - [GINSLIB] processing : 2021/12/17 02:14:24 Q=5
2026-01-06 17:27:02,585 - INFO - [GINSLIB] processing : 2021/12/17 02:14:25 Q=5
2026-01-06 17:27:02,592 - INFO - [GINSLIB] processing : 2021/12/17 02:14:26 Q=5
2026-01-06 17:27:02,599 - INFO - [GINSLIB] processing : 2021/12/17 02:14:27 Q=5
2026-01-06 17:27:02,610 - INFO - [GINSLIB] processing : 2021/12/17 02:14:28 Q=5
2026-01-06 17:27:02,611 - INFO - [GINSLIB] processing : 2021/12/17 02:14:29 Q=5
2026-01-06 17:27:02,618 - INFO - [GINSLIB] processing : 2021/12/17 02:14:30 Q=5
2026-01-06 17:27:02,625 - INFO - [GINSLIB] processing : 2021/12/17 02:14:31 Q=5
2026-01-06 17:27:02,632 - INFO - [GINSLIB] processing : 2021/12/17 02:14:32 Q=5
2026-01-06 17:27:02,643 - INFO - [GINSLIB] processing : 2021/12/17 02:14:33 Q=5
2026-01-06 17:27:02,645 - INFO - [GINSLIB] processing : 2021/12/17 02:14:34 Q=5
2026-01-06 17:27:02,651 - INFO - [GINSLIB] processing : 2021/12/17 02:14:35 Q=5
2026-01-06 17:27:02,658 - INFO - [GINSLIB] processing : 2021/12/17 02:14:36 Q=5
2026-01-06 17:27:02,665 - INFO - [GINSLIB] processing : 2021/12/17 02:14:37 Q=5
2026-01-06 17:27:02,677 - INFO - [GINSLIB] processing : 2021/12/17 02:14:38 Q=5
2026-01-06 17:27:02,678 - INFO - [GINSLIB] processing : 2021/12/17 02:14:39 Q=5
2026-01-06 17:27:02,684 - INFO - [GINSLIB] processing : 2021/12/17 02:14:40 Q=5
2026-01-06 17:27:02,692 - INFO - [GINSLIB] processing : 2021/12/17 02:14:41 Q=5
2026-01-06 17:27:02,700 - INFO - [GINSLIB] processing : 2021/12/17 02:14:42 Q=5
2026-01-06 17:27:02,709 - INFO - [GINSLIB] processing : 2021/12/17 02:14:43 Q=5
2026-01-06 17:27:02,714 - INFO - [GINSLIB] processing : 2021/12/17 02:14:44 Q=5
2026-01-06 17:27:02,722 - INFO - [GINSLIB] processing : 2021/12/17 02:14:45 Q=5
2026-01-06 17:27:02,728 - INFO - [GINSLIB] processing : 2021/12/17 02:14:46 Q=5
2026-01-06 17:27:02,735 - INFO - [GINSLIB] processing : 2021/12/17 02:14:47 Q=5
2026-01-06 17:27:02,742 - INFO - [GINSLIB] processing : 2021/12/17 02:14:48 Q=5
2026-01-06 17:27:02,748 - INFO - [GINSLIB] processing : 2021/12/17 02:14:49 Q=5
2026-01-06 17:27:02,755 - INFO - [GINSLIB] processing : 2021/12/17 02:14:50 Q=5
2026-01-06 17:27:02,762 - INFO - [GINSLIB] processing : 2021/12/17 02:14:51 Q=5
2026-01-06 17:27:02,768 - INFO - [GINSLIB] processing : 2021/12/17 02:14:52 Q=5
2026-01-06 17:27:02,775 - INFO - [GINSLIB] processing : 2021/12/17 02:14:53 Q=5
2026-01-06 17:27:02,787 - INFO - [GINSLIB] processing : 2021/12/17 02:14:54 Q=5
2026-01-06 17:27:02,788 - INFO - [GINSLIB] processing : 2021/12/17 02:14:55 Q=5
2026-01-06 17:27:02,795 - INFO - [GINSLIB] processing : 2021/12/17 02:14:56 Q=5
2026-01-06 17:27:02,803 - INFO - [GINSLIB] processing : 2021/12/17 02:14:57 Q=5
2026-01-06 17:27:02,809 - INFO - [GINSLIB] processing : 2021/12/17 02:14:58 Q=5
2026-01-06 17:27:02,821 - INFO - [GINSLIB] processing : 2021/12/17 02:14:59 Q=5
2026-01-06 17:27:02,822 - INFO - [GINSLIB] processing : 2021/12/17 02:14:60 Q=5
2026-01-06 17:27:02,822 - INFO - [GINSLIB] processing : 2021/12/17 02:15:00 Q=5
2026-01-06 17:27:02,829 - INFO - [GINSLIB] processing : 2021/12/17 02:15:01 Q=5
2026-01-06 17:27:02,835 - INFO - [GINSLIB] processing : 2021/12/17 02:15:02 Q=5
2026-01-06 17:27:02,841 - INFO - [GINSLIB] processing : 2021/12/17 02:15:03 Q=5
2026-01-06 17:27:02,852 - INFO - [GINSLIB] processing : 2021/12/17 02:15:04 Q=5
2026-01-06 17:27:02,853 - INFO - [GINSLIB] processing : 2021/12/17 02:15:05 Q=5
2026-01-06 17:27:02,860 - INFO - [GINSLIB] processing : 2021/12/17 02:15:06 Q=5
2026-01-06 17:27:02,866 - INFO - [GINSLIB] processing : 2021/12/17 02:15:07 Q=5
2026-01-06 17:27:02,871 - INFO - [GINSLIB] processing : 2021/12/17 02:15:08 Q=5
2026-01-06 17:27:02,878 - INFO - [GINSLIB] processing : 2021/12/17 02:15:09 Q=5
2026-01-06 17:27:02,883 - INFO - [GINSLIB] processing : 2021/12/17 02:15:10 Q=5
2026-01-06 17:27:02,889 - INFO - [GINSLIB] processing : 2021/12/17 02:15:11 Q=5
2026-01-06 17:27:02,898 - INFO - [GINSLIB] processing : 2021/12/17 02:15:12 Q=5
2026-01-06 17:27:02,904 - INFO - [GINSLIB] processing : 2021/12/17 02:15:13 Q=5
2026-01-06 17:27:02,911 - INFO - [GINSLIB] processing : 2021/12/17 02:15:14 Q=5
2026-01-06 17:27:02,916 - INFO - [GINSLIB] processing : 2021/12/17 02:15:15 Q=5
2026-01-06 17:27:02,923 - INFO - [GINSLIB] processing : 2021/12/17 02:15:16 Q=5
2026-01-06 17:27:02,931 - INFO - [GINSLIB] processing : 2021/12/17 02:15:17 Q=5
2026-01-06 17:27:02,937 - INFO - [GINSLIB] processing : 2021/12/17 02:15:18 Q=5
2026-01-06 17:27:02,944 - INFO - [GINSLIB] processing : 2021/12/17 02:15:19 Q=5
2026-01-06 17:27:02,950 - INFO - [GINSLIB] processing : 2021/12/17 02:15:20 Q=5
2026-01-06 17:27:02,957 - INFO - [GINSLIB] processing : 2021/12/17 02:15:21 Q=5
2026-01-06 17:27:02,963 - INFO - [GINSLIB] processing : 2021/12/17 02:15:22 Q=5
2026-01-06 17:27:02,970 - INFO - [GINSLIB] processing : 2021/12/17 02:15:23 Q=5
2026-01-06 17:27:02,976 - INFO - [GINSLIB] processing : 2021/12/17 02:15:24 Q=5
2026-01-06 17:27:02,987 - INFO - [GINSLIB] processing : 2021/12/17 02:15:25 Q=5
2026-01-06 17:27:02,988 - INFO - [GINSLIB] processing : 2021/12/17 02:15:26 Q=5
2026-01-06 17:27:02,995 - INFO - [GINSLIB] processing : 2021/12/17 02:15:27 Q=5
2026-01-06 17:27:03,001 - INFO - [GINSLIB] processing : 2021/12/17 02:15:28 Q=5
2026-01-06 17:27:03,008 - INFO - [GINSLIB] processing : 2021/12/17 02:15:29 Q=5
2026-01-06 17:27:03,019 - INFO - [GINSLIB] processing : 2021/12/17 02:15:30 Q=5
2026-01-06 17:27:03,020 - INFO - [GINSLIB] processing : 2021/12/17 02:15:31 Q=5
2026-01-06 17:27:03,027 - INFO - [GINSLIB] processing : 2021/12/17 02:15:32 Q=5
2026-01-06 17:27:03,034 - INFO - [GINSLIB] processing : 2021/12/17 02:15:33 Q=5
2026-01-06 17:27:03,040 - INFO - [GINSLIB] processing : 2021/12/17 02:15:34 Q=5
2026-01-06 17:27:03,051 - INFO - [GINSLIB] processing : 2021/12/17 02:15:35 Q=5
2026-01-06 17:27:03,052 - INFO - [GINSLIB] processing : 2021/12/17 02:15:36 Q=5
2026-01-06 17:27:03,058 - INFO - [GINSLIB] processing : 2021/12/17 02:15:37 Q=5
2026-01-06 17:27:03,066 - INFO - [GINSLIB] processing : 2021/12/17 02:15:38 Q=5
2026-01-06 17:27:03,072 - INFO - [GINSLIB] processing : 2021/12/17 02:15:39 Q=5
2026-01-06 17:27:03,079 - INFO - [GINSLIB] processing : 2021/12/17 02:15:40 Q=5
2026-01-06 17:27:03,084 - INFO - [GINSLIB] processing : 2021/12/17 02:15:41 Q=5
2026-01-06 17:27:03,091 - INFO - [GINSLIB] processing : 2021/12/17 02:15:42 Q=5
2026-01-06 17:27:03,098 - INFO - [GINSLIB] processing : 2021/12/17 02:15:43 Q=5
2026-01-06 17:27:03,104 - INFO - [GINSLIB] processing : 2021/12/17 02:15:44 Q=5
2026-01-06 17:27:03,111 - INFO - [GINSLIB] processing : 2021/12/17 02:15:45 Q=5
2026-01-06 17:27:03,116 - INFO - [GINSLIB] processing : 2021/12/17 02:15:46 Q=5
2026-01-06 17:27:03,122 - INFO - [GINSLIB] processing : 2021/12/17 02:15:47 Q=5
2026-01-06 17:27:03,130 - INFO - [GINSLIB] processing : 2021/12/17 02:15:48 Q=5
2026-01-06 17:27:03,135 - INFO - [GINSLIB] processing : 2021/12/17 02:15:49 Q=5
2026-01-06 17:27:03,143 - INFO - [GINSLIB] processing : 2021/12/17 02:15:50 Q=5
2026-01-06 17:27:03,148 - INFO - [GINSLIB] processing : 2021/12/17 02:15:51 Q=5
2026-01-06 17:27:03,155 - INFO - [GINSLIB] processing : 2021/12/17 02:15:52 Q=5
2026-01-06 17:27:03,161 - INFO - [GINSLIB] processing : 2021/12/17 02:15:53 Q=5
2026-01-06 17:27:03,167 - INFO - [GINSLIB] processing : 2021/12/17 02:15:54 Q=5
2026-01-06 17:27:03,174 - INFO - [GINSLIB] processing : 2021/12/17 02:15:55 Q=5
2026-01-06 17:27:03,185 - INFO - [GINSLIB] processing : 2021/12/17 02:15:56 Q=5
2026-01-06 17:27:03,186 - INFO - [GINSLIB] processing : 2021/12/17 02:15:57 Q=5
2026-01-06 17:27:03,192 - INFO - [GINSLIB] processing : 2021/12/17 02:15:58 Q=5
2026-01-06 17:27:03,198 - INFO - [GINSLIB] processing : 2021/12/17 02:15:59 Q=5
2026-01-06 17:27:03,205 - INFO - [GINSLIB] processing : 2021/12/17 02:15:60 Q=5
2026-01-06 17:27:03,206 - INFO - [GINSLIB] processing : 2021/12/17 02:16:00 Q=5
2026-01-06 17:27:03,216 - INFO - [GINSLIB] processing : 2021/12/17 02:16:01 Q=5
2026-01-06 17:27:03,217 - INFO - [GINSLIB] processing : 2021/12/17 02:16:02 Q=5
2026-01-06 17:27:03,222 - INFO - [GINSLIB] processing : 2021/12/17 02:16:03 Q=5
2026-01-06 17:27:03,228 - INFO - [GINSLIB] processing : 2021/12/17 02:16:04 Q=5
2026-01-06 17:27:03,235 - INFO - [GINSLIB] processing : 2021/12/17 02:16:05 Q=5
2026-01-06 17:27:03,246 - INFO - [GINSLIB] processing : 2021/12/17 02:16:06 Q=5
2026-01-06 17:27:03,247 - INFO - [GINSLIB] processing : 2021/12/17 02:16:07 Q=5
2026-01-06 17:27:03,253 - INFO - [GINSLIB] processing : 2021/12/17 02:16:08 Q=5
2026-01-06 17:27:03,260 - INFO - [GINSLIB] processing : 2021/12/17 02:16:09 Q=5
2026-01-06 17:27:03,268 - INFO - [GINSLIB] processing : 2021/12/17 02:16:10 Q=5
2026-01-06 17:27:03,275 - INFO - [GINSLIB] processing : 2021/12/17 02:16:11 Q=5
2026-01-06 17:27:03,280 - INFO - [GINSLIB] processing : 2021/12/17 02:16:12 Q=5
2026-01-06 17:27:03,286 - INFO - [GINSLIB] processing : 2021/12/17 02:16:13 Q=5
2026-01-06 17:27:03,294 - INFO - [GINSLIB] processing : 2021/12/17 02:16:14 Q=5
2026-01-06 17:27:03,301 - INFO - [GINSLIB] processing : 2021/12/17 02:16:15 Q=5
2026-01-06 17:27:03,308 - INFO - [GINSLIB] processing : 2021/12/17 02:16:16 Q=5
2026-01-06 17:27:03,314 - INFO - [GINSLIB] processing : 2021/12/17 02:16:17 Q=5
2026-01-06 17:27:03,320 - INFO - [GINSLIB] processing : 2021/12/17 02:16:18 Q=5
2026-01-06 17:27:03,328 - INFO - [GINSLIB] processing : 2021/12/17 02:16:19 Q=5
2026-01-06 17:27:03,335 - INFO - [GINSLIB] processing : 2021/12/17 02:16:20 Q=5
2026-01-06 17:27:03,343 - INFO - [GINSLIB] processing : 2021/12/17 02:16:21 Q=5
2026-01-06 17:27:03,348 - INFO - [GINSLIB] processing : 2021/12/17 02:16:22 Q=5
2026-01-06 17:27:03,354 - INFO - [GINSLIB] processing : 2021/12/17 02:16:23 Q=5
2026-01-06 17:27:03,362 - INFO - [GINSLIB] processing : 2021/12/17 02:16:24 Q=5
2026-01-06 17:27:03,369 - INFO - [GINSLIB] processing : 2021/12/17 02:16:25 Q=5
2026-01-06 17:27:03,376 - INFO - [GINSLIB] processing : 2021/12/17 02:16:26 Q=5
2026-01-06 17:27:03,388 - INFO - [GINSLIB] processing : 2021/12/17 02:16:27 Q=5
2026-01-06 17:27:03,389 - INFO - [GINSLIB] processing : 2021/12/17 02:16:28 Q=5
2026-01-06 17:27:03,397 - INFO - [GINSLIB] processing : 2021/12/17 02:16:29 Q=5
2026-01-06 17:27:03,404 - INFO - [GINSLIB] processing : 2021/12/17 02:16:30 Q=5
2026-01-06 17:27:03,410 - INFO - [GINSLIB] processing : 2021/12/17 02:16:31 Q=5
2026-01-06 17:27:03,422 - INFO - [GINSLIB] processing : 2021/12/17 02:16:32 Q=5
2026-01-06 17:27:03,424 - INFO - [GINSLIB] processing : 2021/12/17 02:16:33 Q=5
2026-01-06 17:27:03,430 - INFO - [GINSLIB] processing : 2021/12/17 02:16:34 Q=5
2026-01-06 17:27:03,437 - INFO - [GINSLIB] processing : 2021/12/17 02:16:35 Q=5
2026-01-06 17:27:03,443 - INFO - [GINSLIB] processing : 2021/12/17 02:16:36 Q=5
2026-01-06 17:27:03,454 - INFO - [GINSLIB] processing : 2021/12/17 02:16:37 Q=5
2026-01-06 17:27:03,455 - INFO - [GINSLIB] processing : 2021/12/17 02:16:38 Q=5
2026-01-06 17:27:03,462 - INFO - [GINSLIB] processing : 2021/12/17 02:16:39 Q=5
2026-01-06 17:27:03,468 - INFO - [GINSLIB] processing : 2021/12/17 02:16:40 Q=5
2026-01-06 17:27:03,475 - INFO - [GINSLIB] processing : 2021/12/17 02:16:41 Q=5
2026-01-06 17:27:03,482 - INFO - [GINSLIB] processing : 2021/12/17 02:16:42 Q=5
2026-01-06 17:27:03,487 - INFO - [GINSLIB] processing : 2021/12/17 02:16:43 Q=5
2026-01-06 17:27:03,494 - INFO - [GINSLIB] processing : 2021/12/17 02:16:44 Q=5
2026-01-06 17:27:03,500 - INFO - [GINSLIB] processing : 2021/12/17 02:16:45 Q=5
2026-01-06 17:27:03,506 - INFO - [GINSLIB] processing : 2021/12/17 02:16:46 Q=5
2026-01-06 17:27:03,513 - INFO - [GINSLIB] processing : 2021/12/17 02:16:47 Q=5
2026-01-06 17:27:03,518 - INFO - [GINSLIB] processing : 2021/12/17 02:16:48 Q=5
2026-01-06 17:27:03,525 - INFO - [GINSLIB] processing : 2021/12/17 02:16:49 Q=5
2026-01-06 17:27:03,531 - INFO - [GINSLIB] processing : 2021/12/17 02:16:50 Q=5
2026-01-06 17:27:03,537 - INFO - [GINSLIB] processing : 2021/12/17 02:16:51 Q=5
2026-01-06 17:27:03,544 - INFO - [GINSLIB] processing : 2021/12/17 02:16:52 Q=5
2026-01-06 17:27:03,550 - INFO - [GINSLIB] processing : 2021/12/17 02:16:53 Q=5
2026-01-06 17:27:03,557 - INFO - [GINSLIB] processing : 2021/12/17 02:16:54 Q=5
2026-01-06 17:27:03,563 - INFO - [GINSLIB] processing : 2021/12/17 02:16:55 Q=5
2026-01-06 17:27:03,570 - INFO - [GINSLIB] processing : 2021/12/17 02:16:56 Q=5
2026-01-06 17:27:03,578 - INFO - [GINSLIB] processing : 2021/12/17 02:16:57 Q=5
2026-01-06 17:27:03,588 - INFO - [GINSLIB] processing : 2021/12/17 02:16:58 Q=5
2026-01-06 17:27:03,589 - INFO - [GINSLIB] processing : 2021/12/17 02:16:59 Q=5
2026-01-06 17:27:03,596 - INFO - [GINSLIB] processing : 2021/12/17 02:17:00 Q=5
2026-01-06 17:27:03,602 - INFO - [GINSLIB] processing : 2021/12/17 02:17:01 Q=5
2026-01-06 17:27:03,609 - INFO - [GINSLIB] processing : 2021/12/17 02:17:02 Q=5
2026-01-06 17:27:03,621 - INFO - [GINSLIB] processing : 2021/12/17 02:17:03 Q=5
2026-01-06 17:27:03,622 - INFO - [GINSLIB] processing : 2021/12/17 02:17:04 Q=5
2026-01-06 17:27:03,629 - INFO - [GINSLIB] processing : 2021/12/17 02:17:05 Q=5
2026-01-06 17:27:03,636 - INFO - [GINSLIB] processing : 2021/12/17 02:17:06 Q=5
2026-01-06 17:27:03,643 - INFO - [GINSLIB] processing : 2021/12/17 02:17:07 Q=5
2026-01-06 17:27:03,653 - INFO - [GINSLIB] processing : 2021/12/17 02:17:08 Q=5
2026-01-06 17:27:03,654 - INFO - [GINSLIB] processing : 2021/12/17 02:17:09 Q=5
2026-01-06 17:27:03,661 - INFO - [GINSLIB] processing : 2021/12/17 02:17:10 Q=5
2026-01-06 17:27:03,667 - INFO - [GINSLIB] processing : 2021/12/17 02:17:11 Q=5
2026-01-06 17:27:03,675 - INFO - [GINSLIB] processing : 2021/12/17 02:17:12 Q=5
2026-01-06 17:27:03,682 - INFO - [GINSLIB] processing : 2021/12/17 02:17:13 Q=5
2026-01-06 17:27:03,687 - INFO - [GINSLIB] processing : 2021/12/17 02:17:14 Q=5
2026-01-06 17:27:03,695 - INFO - [GINSLIB] processing : 2021/12/17 02:17:15 Q=5
2026-01-06 17:27:03,704 - INFO - [GINSLIB] processing : 2021/12/17 02:17:16 Q=5
2026-01-06 17:27:03,712 - INFO - [GINSLIB] processing : 2021/12/17 02:17:17 Q=5
2026-01-06 17:27:03,719 - INFO - [GINSLIB] processing : 2021/12/17 02:17:18 Q=5
2026-01-06 17:27:03,724 - INFO - [GINSLIB] processing : 2021/12/17 02:17:19 Q=5
2026-01-06 17:27:03,732 - INFO - [GINSLIB] processing : 2021/12/17 02:17:20 Q=5
2026-01-06 17:27:03,739 - INFO - [GINSLIB] processing : 2021/12/17 02:17:21 Q=5
2026-01-06 17:27:03,747 - INFO - [GINSLIB] processing : 2021/12/17 02:17:22 Q=5
2026-01-06 17:27:03,754 - INFO - [GINSLIB] processing : 2021/12/17 02:17:23 Q=5
2026-01-06 17:27:03,761 - INFO - [GINSLIB] processing : 2021/12/17 02:17:24 Q=5
2026-01-06 17:27:03,768 - INFO - [GINSLIB] processing : 2021/12/17 02:17:25 Q=5
2026-01-06 17:27:03,775 - INFO - [GINSLIB] processing : 2021/12/17 02:17:26 Q=5
2026-01-06 17:27:03,782 - INFO - [GINSLIB] processing : 2021/12/17 02:17:27 Q=5
2026-01-06 17:27:03,789 - INFO - [GINSLIB] processing : 2021/12/17 02:17:28 Q=5
2026-01-06 17:27:03,802 - INFO - [GINSLIB] processing : 2021/12/17 02:17:29 Q=5
2026-01-06 17:27:03,803 - INFO - [GINSLIB] processing : 2021/12/17 02:17:30 Q=5
2026-01-06 17:27:03,811 - INFO - [GINSLIB] processing : 2021/12/17 02:17:31 Q=5
2026-01-06 17:27:03,818 - INFO - [GINSLIB] processing : 2021/12/17 02:17:32 Q=5
2026-01-06 17:27:03,826 - INFO - [GINSLIB] processing : 2021/12/17 02:17:33 Q=5
2026-01-06 17:27:03,838 - INFO - [GINSLIB] processing : 2021/12/17 02:17:34 Q=5
2026-01-06 17:27:03,839 - INFO - [GINSLIB] processing : 2021/12/17 02:17:35 Q=5
2026-01-06 17:27:03,846 - INFO - [GINSLIB] processing : 2021/12/17 02:17:36 Q=5
2026-01-06 17:27:03,853 - INFO - [GINSLIB] processing : 2021/12/17 02:17:37 Q=5
2026-01-06 17:27:03,860 - INFO - [GINSLIB] processing : 2021/12/17 02:17:38 Q=5
2026-01-06 17:27:03,871 - INFO - [GINSLIB] processing : 2021/12/17 02:17:39 Q=5
2026-01-06 17:27:03,872 - INFO - [GINSLIB] processing : 2021/12/17 02:17:40 Q=5
2026-01-06 17:27:03,879 - INFO - [GINSLIB] processing : 2021/12/17 02:17:41 Q=5
2026-01-06 17:27:03,886 - INFO - [GINSLIB] processing : 2021/12/17 02:17:42 Q=5
2026-01-06 17:27:03,893 - INFO - [GINSLIB] processing : 2021/12/17 02:17:43 Q=5
2026-01-06 17:27:03,900 - INFO - [GINSLIB] processing : 2021/12/17 02:17:44 Q=5
2026-01-06 17:27:03,905 - INFO - [GINSLIB] processing : 2021/12/17 02:17:45 Q=5
2026-01-06 17:27:03,913 - INFO - [GINSLIB] processing : 2021/12/17 02:17:46 Q=5
2026-01-06 17:27:03,919 - INFO - [GINSLIB] processing : 2021/12/17 02:17:47 Q=5
2026-01-06 17:27:03,927 - INFO - [GINSLIB] processing : 2021/12/17 02:17:48 Q=5
2026-01-06 17:27:03,934 - INFO - [GINSLIB] processing : 2021/12/17 02:17:49 Q=5
2026-01-06 17:27:03,940 - INFO - [GINSLIB] processing : 2021/12/17 02:17:50 Q=5
2026-01-06 17:27:03,948 - INFO - [GINSLIB] processing : 2021/12/17 02:17:51 Q=5
2026-01-06 17:27:03,954 - INFO - [GINSLIB] processing : 2021/12/17 02:17:52 Q=5
2026-01-06 17:27:03,962 - INFO - [GINSLIB] processing : 2021/12/17 02:17:53 Q=5
2026-01-06 17:27:03,968 - INFO - [GINSLIB] processing : 2021/12/17 02:17:54 Q=5
2026-01-06 17:27:03,980 - INFO - [GINSLIB] processing : 2021/12/17 02:17:55 Q=5
2026-01-06 17:27:03,981 - INFO - [GINSLIB] processing : 2021/12/17 02:17:56 Q=5
2026-01-06 17:27:03,988 - INFO - [GINSLIB] processing : 2021/12/17 02:17:57 Q=5
2026-01-06 17:27:03,995 - INFO - [GINSLIB] processing : 2021/12/17 02:17:58 Q=5
2026-01-06 17:27:04,001 - INFO - [GINSLIB] processing : 2021/12/17 02:17:59 Q=5
2026-01-06 17:27:04,014 - INFO - [GINSLIB] processing : 2021/12/17 02:18:00 Q=5
2026-01-06 17:27:04,015 - INFO - [GINSLIB] processing : 2021/12/17 02:18:01 Q=5
2026-01-06 17:27:04,022 - INFO - [GINSLIB] processing : 2021/12/17 02:18:02 Q=5
2026-01-06 17:27:04,029 - INFO - [GINSLIB] processing : 2021/12/17 02:18:03 Q=5
2026-01-06 17:27:04,035 - INFO - [GINSLIB] processing : 2021/12/17 02:18:04 Q=5
2026-01-06 17:27:04,047 - INFO - [GINSLIB] processing : 2021/12/17 02:18:05 Q=5
2026-01-06 17:27:04,048 - INFO - [GINSLIB] processing : 2021/12/17 02:18:06 Q=5
2026-01-06 17:27:04,055 - INFO - [GINSLIB] processing : 2021/12/17 02:18:07 Q=5
2026-01-06 17:27:04,062 - INFO - [GINSLIB] processing : 2021/12/17 02:18:08 Q=5
2026-01-06 17:27:04,070 - INFO - [GINSLIB] processing : 2021/12/17 02:18:09 Q=5
2026-01-06 17:27:04,077 - INFO - [GINSLIB] processing : 2021/12/17 02:18:10 Q=5
2026-01-06 17:27:04,084 - INFO - [GINSLIB] processing : 2021/12/17 02:18:11 Q=5
2026-01-06 17:27:04,090 - INFO - [GINSLIB] processing : 2021/12/17 02:18:12 Q=5
2026-01-06 17:27:04,098 - INFO - [GINSLIB] processing : 2021/12/17 02:18:13 Q=5
2026-01-06 17:27:04,105 - INFO - [GINSLIB] processing : 2021/12/17 02:18:14 Q=5
2026-01-06 17:27:04,111 - INFO - [GINSLIB] processing : 2021/12/17 02:18:15 Q=5
2026-01-06 17:27:04,117 - INFO - [GINSLIB] processing : 2021/12/17 02:18:16 Q=5
2026-01-06 17:27:04,123 - INFO - [GINSLIB] processing : 2021/12/17 02:18:17 Q=5
2026-01-06 17:27:04,130 - INFO - [GINSLIB] processing : 2021/12/17 02:18:18 Q=5
2026-01-06 17:27:04,136 - INFO - [GINSLIB] processing : 2021/12/17 02:18:19 Q=5
2026-01-06 17:27:04,143 - INFO - [GINSLIB] processing : 2021/12/17 02:18:20 Q=5
2026-01-06 17:27:04,148 - INFO - [GINSLIB] processing : 2021/12/17 02:18:21 Q=5
2026-01-06 17:27:04,154 - INFO - [GINSLIB] processing : 2021/12/17 02:18:22 Q=5
2026-01-06 17:27:04,162 - INFO - [GINSLIB] processing : 2021/12/17 02:18:23 Q=5
2026-01-06 17:27:04,168 - INFO - [GINSLIB] processing : 2021/12/17 02:18:24 Q=5
2026-01-06 17:27:04,174 - INFO - [GINSLIB] processing : 2021/12/17 02:18:25 Q=5
2026-01-06 17:27:04,185 - INFO - [GINSLIB] processing : 2021/12/17 02:18:26 Q=5
2026-01-06 17:27:04,186 - INFO - [GINSLIB] processing : 2021/12/17 02:18:27 Q=5
2026-01-06 17:27:04,193 - INFO - [GINSLIB] processing : 2021/12/17 02:18:28 Q=5
2026-01-06 17:27:04,199 - INFO - [GINSLIB] processing : 2021/12/17 02:18:29 Q=5
2026-01-06 17:27:04,205 - INFO - [GINSLIB] processing : 2021/12/17 02:18:30 Q=5
2026-01-06 17:27:04,216 - INFO - [GINSLIB] processing : 2021/12/17 02:18:31 Q=5
2026-01-06 17:27:04,217 - INFO - [GINSLIB] processing : 2021/12/17 02:18:32 Q=5
2026-01-06 17:27:04,224 - INFO - [GINSLIB] processing : 2021/12/17 02:18:33 Q=5
2026-01-06 17:27:04,230 - INFO - [GINSLIB] processing : 2021/12/17 02:18:34 Q=5
2026-01-06 17:27:04,236 - INFO - [GINSLIB] processing : 2021/12/17 02:18:35 Q=5
2026-01-06 17:27:04,246 - INFO - [GINSLIB] processing : 2021/12/17 02:18:36 Q=5
2026-01-06 17:27:04,247 - INFO - [GINSLIB] processing : 2021/12/17 02:18:37 Q=5
2026-01-06 17:27:04,253 - INFO - [GINSLIB] processing : 2021/12/17 02:18:38 Q=5
2026-01-06 17:27:04,260 - INFO - [GINSLIB] processing : 2021/12/17 02:18:39 Q=5
2026-01-06 17:27:04,266 - INFO - [GINSLIB] processing : 2021/12/17 02:18:40 Q=5
2026-01-06 17:27:04,272 - INFO - [GINSLIB] processing : 2021/12/17 02:18:41 Q=5
2026-01-06 17:27:04,277 - INFO - [GINSLIB] processing : 2021/12/17 02:18:42 Q=5
2026-01-06 17:27:04,283 - INFO - [GINSLIB] processing : 2021/12/17 02:18:43 Q=5
2026-01-06 17:27:04,289 - INFO - [GINSLIB] processing : 2021/12/17 02:18:44 Q=5
2026-01-06 17:27:04,295 - INFO - [GINSLIB] processing : 2021/12/17 02:18:45 Q=5
2026-01-06 17:27:04,302 - INFO - [GINSLIB] processing : 2021/12/17 02:18:46 Q=5
2026-01-06 17:27:04,307 - INFO - [GINSLIB] processing : 2021/12/17 02:18:47 Q=5
2026-01-06 17:27:04,314 - INFO - [GINSLIB] processing : 2021/12/17 02:18:48 Q=5
2026-01-06 17:27:04,320 - INFO - [GINSLIB] processing : 2021/12/17 02:18:49 Q=5
2026-01-06 17:27:04,327 - INFO - [GINSLIB] processing : 2021/12/17 02:18:50 Q=5
2026-01-06 17:27:04,334 - INFO - [GINSLIB] processing : 2021/12/17 02:18:51 Q=5
2026-01-06 17:27:04,340 - INFO - [GINSLIB] processing : 2021/12/17 02:18:52 Q=5
2026-01-06 17:27:04,347 - INFO - [GINSLIB] processing : 2021/12/17 02:18:53 Q=5
2026-01-06 17:27:04,353 - INFO - [GINSLIB] processing : 2021/12/17 02:18:54 Q=5
2026-01-06 17:27:04,361 - INFO - [GINSLIB] processing : 2021/12/17 02:18:55 Q=5
2026-01-06 17:27:04,368 - INFO - [GINSLIB] processing : 2021/12/17 02:18:56 Q=5
2026-01-06 17:27:04,381 - INFO - [GINSLIB] processing : 2021/12/17 02:18:57 Q=5
2026-01-06 17:27:04,382 - INFO - [GINSLIB] processing : 2021/12/17 02:18:58 Q=5
2026-01-06 17:27:04,388 - INFO - [GINSLIB] processing : 2021/12/17 02:18:59 Q=5
2026-01-06 17:27:04,395 - INFO - [GINSLIB] processing : 2021/12/17 02:19:00 Q=5
2026-01-06 17:27:04,401 - INFO - [GINSLIB] processing : 2021/12/17 02:19:01 Q=5
2026-01-06 17:27:04,413 - INFO - [GINSLIB] processing : 2021/12/17 02:19:02 Q=5
2026-01-06 17:27:04,414 - INFO - [GINSLIB] processing : 2021/12/17 02:19:03 Q=5
2026-01-06 17:27:04,421 - INFO - [GINSLIB] processing : 2021/12/17 02:19:04 Q=5
2026-01-06 17:27:04,428 - INFO - [GINSLIB] processing : 2021/12/17 02:19:05 Q=5
2026-01-06 17:27:04,436 - INFO - [GINSLIB] processing : 2021/12/17 02:19:06 Q=5
2026-01-06 17:27:04,449 - INFO - [GINSLIB] processing : 2021/12/17 02:19:07 Q=5
2026-01-06 17:27:04,450 - INFO - [GINSLIB] processing : 2021/12/17 02:19:08 Q=5
2026-01-06 17:27:04,458 - INFO - [GINSLIB] processing : 2021/12/17 02:19:09 Q=5
2026-01-06 17:27:04,466 - INFO - [GINSLIB] processing : 2021/12/17 02:19:10 Q=5
2026-01-06 17:27:04,473 - INFO - [GINSLIB] processing : 2021/12/17 02:19:11 Q=5
2026-01-06 17:27:04,480 - INFO - [GINSLIB] processing : 2021/12/17 02:19:12 Q=5
2026-01-06 17:27:04,485 - INFO - [GINSLIB] processing : 2021/12/17 02:19:13 Q=5
2026-01-06 17:27:04,493 - INFO - [GINSLIB] processing : 2021/12/17 02:19:14 Q=5
2026-01-06 17:27:04,502 - INFO - [GINSLIB] processing : 2021/12/17 02:19:15 Q=5
2026-01-06 17:27:04,510 - INFO - [GINSLIB] processing : 2021/12/17 02:19:16 Q=5
2026-01-06 17:27:04,517 - INFO - [GINSLIB] processing : 2021/12/17 02:19:17 Q=5
2026-01-06 17:27:04,523 - INFO - [GINSLIB] processing : 2021/12/17 02:19:18 Q=5
2026-01-06 17:27:04,530 - INFO - [GINSLIB] processing : 2021/12/17 02:19:19 Q=5
2026-01-06 17:27:04,537 - INFO - [GINSLIB] processing : 2021/12/17 02:19:20 Q=5
2026-01-06 17:27:04,544 - INFO - [GINSLIB] processing : 2021/12/17 02:19:21 Q=5
2026-01-06 17:27:04,552 - INFO - [GINSLIB] processing : 2021/12/17 02:19:22 Q=5
2026-01-06 17:27:04,558 - INFO - [GINSLIB] processing : 2021/12/17 02:19:23 Q=5
2026-01-06 17:27:04,566 - INFO - [GINSLIB] processing : 2021/12/17 02:19:24 Q=5
2026-01-06 17:27:04,572 - INFO - [GINSLIB] processing : 2021/12/17 02:19:25 Q=5
2026-01-06 17:27:04,580 - INFO - [GINSLIB] processing : 2021/12/17 02:19:26 Q=5
2026-01-06 17:27:04,587 - INFO - [GINSLIB] processing : 2021/12/17 02:19:27 Q=5
2026-01-06 17:27:04,600 - INFO - [GINSLIB] processing : 2021/12/17 02:19:28 Q=5
2026-01-06 17:27:04,601 - INFO - [GINSLIB] processing : 2021/12/17 02:19:29 Q=5
2026-01-06 17:27:04,609 - INFO - [GINSLIB] processing : 2021/12/17 02:19:30 Q=5
2026-01-06 17:27:04,616 - INFO - [GINSLIB] processing : 2021/12/17 02:19:31 Q=5
2026-01-06 17:27:04,622 - INFO - [GINSLIB] processing : 2021/12/17 02:19:32 Q=5
2026-01-06 17:27:04,636 - INFO - [GINSLIB] processing : 2021/12/17 02:19:33 Q=5
2026-01-06 17:27:04,637 - INFO - [GINSLIB] processing : 2021/12/17 02:19:34 Q=5
2026-01-06 17:27:04,646 - INFO - [GINSLIB] processing : 2021/12/17 02:19:35 Q=5
2026-01-06 17:27:04,654 - INFO - [GINSLIB] processing : 2021/12/17 02:19:36 Q=5
2026-01-06 17:27:04,662 - INFO - [GINSLIB] processing : 2021/12/17 02:19:37 Q=5
2026-01-06 17:27:04,674 - INFO - [GINSLIB] processing : 2021/12/17 02:19:38 Q=5
2026-01-06 17:27:04,675 - INFO - [GINSLIB] processing : 2021/12/17 02:19:39 Q=5
2026-01-06 17:27:04,682 - INFO - [GINSLIB] processing : 2021/12/17 02:19:40 Q=5
2026-01-06 17:27:04,690 - INFO - [GINSLIB] processing : 2021/12/17 02:19:41 Q=5
2026-01-06 17:27:04,698 - INFO - [GINSLIB] processing : 2021/12/17 02:19:42 Q=5
2026-01-06 17:27:04,705 - INFO - [GINSLIB] processing : 2021/12/17 02:19:43 Q=5
2026-01-06 17:27:04,712 - INFO - [GINSLIB] processing : 2021/12/17 02:19:44 Q=5
2026-01-06 17:27:04,720 - INFO - [GINSLIB] processing : 2021/12/17 02:19:45 Q=5
2026-01-06 17:27:04,728 - INFO - [GINSLIB] processing : 2021/12/17 02:19:46 Q=5
2026-01-06 17:27:04,736 - INFO - [GINSLIB] processing : 2021/12/17 02:19:47 Q=5
2026-01-06 17:27:04,742 - INFO - [GINSLIB] processing : 2021/12/17 02:19:48 Q=5
2026-01-06 17:27:04,748 - INFO - [GINSLIB] processing : 2021/12/17 02:19:49 Q=5
2026-01-06 17:27:04,754 - INFO - [GINSLIB] processing : 2021/12/17 02:19:50 Q=5
2026-01-06 17:27:04,761 - INFO - [GINSLIB] processing : 2021/12/17 02:19:51 Q=5
2026-01-06 17:27:04,770 - INFO - [GINSLIB] processing : 2021/12/17 02:19:52 Q=5
2026-01-06 17:27:04,778 - INFO - [GINSLIB] processing : 2021/12/17 02:19:53 Q=5
2026-01-06 17:27:04,783 - INFO - [GINSLIB] processing : 2021/12/17 02:19:54 Q=5
2026-01-06 17:27:04,790 - INFO - [GINSLIB] processing : 2021/12/17 02:19:55 Q=5
2026-01-06 17:27:04,797 - INFO - [GINSLIB] processing : 2021/12/17 02:19:56 Q=5
2026-01-06 17:27:04,804 - INFO - [GINSLIB] processing : 2021/12/17 02:19:57 Q=5
2026-01-06 17:27:04,811 - INFO - [GINSLIB] processing : 2021/12/17 02:19:58 Q=5
2026-01-06 17:27:04,822 - INFO - [GINSLIB] processing : 2021/12/17 02:19:59 Q=5
2026-01-06 17:27:04,823 - INFO - [GINSLIB] processing : 2021/12/17 02:20:00 Q=5
2026-01-06 17:27:04,832 - INFO - [GINSLIB] processing : 2021/12/17 02:20:01 Q=5
2026-01-06 17:27:04,838 - INFO - [GINSLIB] processing : 2021/12/17 02:20:02 Q=5
2026-01-06 17:27:04,845 - INFO - [GINSLIB] processing : 2021/12/17 02:20:03 Q=5
2026-01-06 17:27:04,857 - INFO - [GINSLIB] processing : 2021/12/17 02:20:04 Q=5
2026-01-06 17:27:04,859 - INFO - [GINSLIB] processing : 2021/12/17 02:20:05 Q=5
2026-01-06 17:27:04,866 - INFO - [GINSLIB] processing : 2021/12/17 02:20:06 Q=5
2026-01-06 17:27:04,873 - INFO - [GINSLIB] processing : 2021/12/17 02:20:07 Q=5
2026-01-06 17:27:04,881 - INFO - [GINSLIB] processing : 2021/12/17 02:20:08 Q=5
2026-01-06 17:27:04,893 - INFO - [GINSLIB] processing : 2021/12/17 02:20:09 Q=5
2026-01-06 17:27:04,894 - INFO - [GINSLIB] processing : 2021/12/17 02:20:10 Q=5
2026-01-06 17:27:04,901 - INFO - [GINSLIB] processing : 2021/12/17 02:20:11 Q=5
2026-01-06 17:27:04,909 - INFO - [GINSLIB] processing : 2021/12/17 02:20:12 Q=5
2026-01-06 17:27:04,915 - INFO - [GINSLIB] processing : 2021/12/17 02:20:13 Q=5
2026-01-06 17:27:04,922 - INFO - [GINSLIB] processing : 2021/12/17 02:20:14 Q=5
2026-01-06 17:27:04,928 - INFO - [GINSLIB] processing : 2021/12/17 02:20:15 Q=5
2026-01-06 17:27:04,935 - INFO - [GINSLIB] processing : 2021/12/17 02:20:16 Q=5
2026-01-06 17:27:04,941 - INFO - [GINSLIB] processing : 2021/12/17 02:20:17 Q=5
2026-01-06 17:27:04,947 - INFO - [GINSLIB] processing : 2021/12/17 02:20:18 Q=5
2026-01-06 17:27:04,955 - INFO - [GINSLIB] processing : 2021/12/17 02:20:19 Q=5
2026-01-06 17:27:04,960 - INFO - [GINSLIB] processing : 2021/12/17 02:20:20 Q=5
2026-01-06 17:27:04,966 - INFO - [GINSLIB] processing : 2021/12/17 02:20:21 Q=5
2026-01-06 17:27:04,973 - INFO - [GINSLIB] processing : 2021/12/17 02:20:22 Q=5
2026-01-06 17:27:04,980 - INFO - [GINSLIB] processing : 2021/12/17 02:20:23 Q=5
2026-01-06 17:27:04,989 - INFO - [GINSLIB] processing : 2021/12/17 02:20:24 Q=5
2026-01-06 17:27:04,995 - INFO - [GINSLIB] processing : 2021/12/17 02:20:25 Q=5
2026-01-06 17:27:05,002 - INFO - [GINSLIB] processing : 2021/12/17 02:20:26 Q=5
2026-01-06 17:27:05,009 - INFO - [GINSLIB] processing : 2021/12/17 02:20:27 Q=5
2026-01-06 17:27:05,017 - INFO - [GINSLIB] processing : 2021/12/17 02:20:28 Q=5
2026-01-06 17:27:05,024 - INFO - [GINSLIB] processing : 2021/12/17 02:20:29 Q=5
2026-01-06 17:27:05,034 - INFO - [GINSLIB] processing : 2021/12/17 02:20:30 Q=5
2026-01-06 17:27:05,035 - INFO - [GINSLIB] processing : 2021/12/17 02:20:31 Q=5
2026-01-06 17:27:05,043 - INFO - [GINSLIB] processing : 2021/12/17 02:20:32 Q=5
2026-01-06 17:27:05,049 - INFO - [GINSLIB] processing : 2021/12/17 02:20:33 Q=5
2026-01-06 17:27:05,056 - INFO - [GINSLIB] processing : 2021/12/17 02:20:34 Q=5
2026-01-06 17:27:05,067 - INFO - [GINSLIB] processing : 2021/12/17 02:20:35 Q=5
2026-01-06 17:27:05,068 - INFO - [GINSLIB] processing : 2021/12/17 02:20:36 Q=5
2026-01-06 17:27:05,076 - INFO - [GINSLIB] processing : 2021/12/17 02:20:37 Q=5
2026-01-06 17:27:05,083 - INFO - [GINSLIB] processing : 2021/12/17 02:20:38 Q=5
2026-01-06 17:27:05,089 - INFO - [GINSLIB] processing : 2021/12/17 02:20:39 Q=5
2026-01-06 17:27:05,096 - INFO - [GINSLIB] processing : 2021/12/17 02:20:40 Q=5
2026-01-06 17:27:05,102 - INFO - [GINSLIB] processing : 2021/12/17 02:20:41 Q=5
2026-01-06 17:27:05,111 - INFO - [GINSLIB] processing : 2021/12/17 02:20:42 Q=5
2026-01-06 17:27:05,117 - INFO - [GINSLIB] processing : 2021/12/17 02:20:43 Q=5
2026-01-06 17:27:05,125 - INFO - [GINSLIB] processing : 2021/12/17 02:20:44 Q=5
2026-01-06 17:27:05,131 - INFO - [GINSLIB] processing : 2021/12/17 02:20:45 Q=5
2026-01-06 17:27:05,138 - INFO - [GINSLIB] processing : 2021/12/17 02:20:46 Q=5
2026-01-06 17:27:05,145 - INFO - [GINSLIB] processing : 2021/12/17 02:20:47 Q=5
2026-01-06 17:27:05,152 - INFO - [GINSLIB] processing : 2021/12/17 02:20:48 Q=5
2026-01-06 17:27:05,159 - INFO - [GINSLIB] processing : 2021/12/17 02:20:49 Q=5
2026-01-06 17:27:05,166 - INFO - [GINSLIB] processing : 2021/12/17 02:20:50 Q=5
2026-01-06 17:27:05,172 - INFO - [GINSLIB] processing : 2021/12/17 02:20:51 Q=5
2026-01-06 17:27:05,179 - INFO - [GINSLIB] processing : 2021/12/17 02:20:52 Q=5
2026-01-06 17:27:05,185 - INFO - [GINSLIB] processing : 2021/12/17 02:20:53 Q=5
2026-01-06 17:27:05,192 - INFO - [GINSLIB] processing : 2021/12/17 02:20:54 Q=5
2026-01-06 17:27:05,200 - INFO - [GINSLIB] processing : 2021/12/17 02:20:55 Q=5
2026-01-06 17:27:05,212 - INFO - [GINSLIB] processing : 2021/12/17 02:20:56 Q=5
2026-01-06 17:27:05,213 - INFO - [GINSLIB] processing : 2021/12/17 02:20:57 Q=5
2026-01-06 17:27:05,220 - INFO - [GINSLIB] processing : 2021/12/17 02:20:58 Q=5
2026-01-06 17:27:05,227 - INFO - [GINSLIB] processing : 2021/12/17 02:20:59 Q=5
2026-01-06 17:27:05,235 - INFO - [GINSLIB] processing : 2021/12/17 02:21:00 Q=5
2026-01-06 17:27:05,247 - INFO - [GINSLIB] processing : 2021/12/17 02:21:01 Q=5
2026-01-06 17:27:05,248 - INFO - [GINSLIB] processing : 2021/12/17 02:21:02 Q=5
2026-01-06 17:27:05,254 - INFO - [GINSLIB] processing : 2021/12/17 02:21:03 Q=5
2026-01-06 17:27:05,261 - INFO - [GINSLIB] processing : 2021/12/17 02:21:04 Q=5
2026-01-06 17:27:05,268 - INFO - [GINSLIB] processing : 2021/12/17 02:21:05 Q=5
2026-01-06 17:27:05,281 - INFO - [GINSLIB] processing : 2021/12/17 02:21:06 Q=5
2026-01-06 17:27:05,282 - INFO - [GINSLIB] processing : 2021/12/17 02:21:07 Q=5
2026-01-06 17:27:05,288 - INFO - [GINSLIB] processing : 2021/12/17 02:21:08 Q=5
2026-01-06 17:27:05,295 - INFO - [GINSLIB] processing : 2021/12/17 02:21:09 Q=5
2026-01-06 17:27:05,301 - INFO - [GINSLIB] processing : 2021/12/17 02:21:10 Q=5
2026-01-06 17:27:05,309 - INFO - [GINSLIB] processing : 2021/12/17 02:21:11 Q=5
2026-01-06 17:27:05,316 - INFO - [GINSLIB] processing : 2021/12/17 02:21:12 Q=5
2026-01-06 17:27:05,322 - INFO - [GINSLIB] processing : 2021/12/17 02:21:13 Q=5
2026-01-06 17:27:05,329 - INFO - [GINSLIB] processing : 2021/12/17 02:21:14 Q=5
2026-01-06 17:27:05,335 - INFO - [GINSLIB] processing : 2021/12/17 02:21:15 Q=5
2026-01-06 17:27:05,342 - INFO - [GINSLIB] processing : 2021/12/17 02:21:16 Q=5
2026-01-06 17:27:05,348 - INFO - [GINSLIB] processing : 2021/12/17 02:21:17 Q=5
2026-01-06 17:27:05,357 - INFO - [GINSLIB] processing : 2021/12/17 02:21:18 Q=5
2026-01-06 17:27:05,364 - INFO - [GINSLIB] processing : 2021/12/17 02:21:19 Q=5
2026-01-06 17:27:05,372 - INFO - [GINSLIB] processing : 2021/12/17 02:21:20 Q=5
2026-01-06 17:27:05,380 - INFO - [GINSLIB] processing : 2021/12/17 02:21:21 Q=5
2026-01-06 17:27:05,385 - INFO - [GINSLIB] processing : 2021/12/17 02:21:22 Q=5
2026-01-06 17:27:05,391 - INFO - [GINSLIB] processing : 2021/12/17 02:21:23 Q=5
2026-01-06 17:27:05,399 - INFO - [GINSLIB] processing : 2021/12/17 02:21:24 Q=5
2026-01-06 17:27:05,406 - INFO - [GINSLIB] processing : 2021/12/17 02:21:25 Q=5
2026-01-06 17:27:05,413 - INFO - [GINSLIB] processing : 2021/12/17 02:21:26 Q=5
2026-01-06 17:27:05,425 - INFO - [GINSLIB] processing : 2021/12/17 02:21:27 Q=5
2026-01-06 17:27:05,426 - INFO - [GINSLIB] processing : 2021/12/17 02:21:28 Q=5
2026-01-06 17:27:05,433 - INFO - [GINSLIB] processing : 2021/12/17 02:21:29 Q=5
2026-01-06 17:27:05,441 - INFO - [GINSLIB] processing : 2021/12/17 02:21:30 Q=5
2026-01-06 17:27:05,449 - INFO - [GINSLIB] processing : 2021/12/17 02:21:31 Q=5
2026-01-06 17:27:05,460 - INFO - [GINSLIB] processing : 2021/12/17 02:21:32 Q=5
2026-01-06 17:27:05,461 - INFO - [GINSLIB] processing : 2021/12/17 02:21:33 Q=5
2026-01-06 17:27:05,468 - INFO - [GINSLIB] processing : 2021/12/17 02:21:34 Q=5
2026-01-06 17:27:05,475 - INFO - [GINSLIB] processing : 2021/12/17 02:21:35 Q=5
2026-01-06 17:27:05,482 - INFO - [GINSLIB] processing : 2021/12/17 02:21:36 Q=5
2026-01-06 17:27:05,494 - INFO - [GINSLIB] processing : 2021/12/17 02:21:37 Q=5
2026-01-06 17:27:05,495 - INFO - [GINSLIB] processing : 2021/12/17 02:21:38 Q=5
2026-01-06 17:27:05,502 - INFO - [GINSLIB] processing : 2021/12/17 02:21:39 Q=5
2026-01-06 17:27:05,509 - INFO - [GINSLIB] processing : 2021/12/17 02:21:40 Q=5
2026-01-06 17:27:05,517 - INFO - [GINSLIB] processing : 2021/12/17 02:21:41 Q=5
2026-01-06 17:27:05,524 - INFO - [GINSLIB] processing : 2021/12/17 02:21:42 Q=5
2026-01-06 17:27:05,530 - INFO - [GINSLIB] processing : 2021/12/17 02:21:43 Q=5
2026-01-06 17:27:05,536 - INFO - [GINSLIB] processing : 2021/12/17 02:21:44 Q=5
2026-01-06 17:27:05,545 - INFO - [GINSLIB] processing : 2021/12/17 02:21:45 Q=5
2026-01-06 17:27:05,552 - INFO - [GINSLIB] processing : 2021/12/17 02:21:46 Q=5
2026-01-06 17:27:05,558 - INFO - [GINSLIB] processing : 2021/12/17 02:21:47 Q=5
2026-01-06 17:27:05,565 - INFO - [GINSLIB] processing : 2021/12/17 02:21:48 Q=5
2026-01-06 17:27:05,572 - INFO - [GINSLIB] processing : 2021/12/17 02:21:49 Q=5
2026-01-06 17:27:05,580 - INFO - [GINSLIB] processing : 2021/12/17 02:21:50 Q=5
2026-01-06 17:27:05,587 - INFO - [GINSLIB] processing : 2021/12/17 02:21:51 Q=5
2026-01-06 17:27:05,594 - INFO - [GINSLIB] processing : 2021/12/17 02:21:52 Q=5
2026-01-06 17:27:05,599 - INFO - [GINSLIB] processing : 2021/12/17 02:21:53 Q=5
2026-01-06 17:27:05,607 - INFO - [GINSLIB] processing : 2021/12/17 02:21:54 Q=5
2026-01-06 17:27:05,614 - INFO - [GINSLIB] processing : 2021/12/17 02:21:55 Q=5
2026-01-06 17:27:05,621 - INFO - [GINSLIB] processing : 2021/12/17 02:21:56 Q=5
2026-01-06 17:27:05,628 - INFO - [GINSLIB] processing : 2021/12/17 02:21:57 Q=5
2026-01-06 17:27:05,640 - INFO - [GINSLIB] processing : 2021/12/17 02:21:58 Q=5
2026-01-06 17:27:05,641 - INFO - [GINSLIB] processing : 2021/12/17 02:21:59 Q=5
2026-01-06 17:27:05,648 - INFO - [GINSLIB] processing : 2021/12/17 02:22:00 Q=5
2026-01-06 17:27:05,657 - INFO - [GINSLIB] processing : 2021/12/17 02:22:01 Q=5
2026-01-06 17:27:05,664 - INFO - [GINSLIB] processing : 2021/12/17 02:22:02 Q=5
2026-01-06 17:27:05,675 - INFO - [GINSLIB] processing : 2021/12/17 02:22:03 Q=5
2026-01-06 17:27:05,676 - INFO - [GINSLIB] processing : 2021/12/17 02:22:04 Q=5
2026-01-06 17:27:05,684 - INFO - [GINSLIB] processing : 2021/12/17 02:22:05 Q=5
2026-01-06 17:27:05,691 - INFO - [GINSLIB] processing : 2021/12/17 02:22:06 Q=5
2026-01-06 17:27:05,699 - INFO - [GINSLIB] processing : 2021/12/17 02:22:07 Q=5
2026-01-06 17:27:05,710 - INFO - [GINSLIB] processing : 2021/12/17 02:22:08 Q=5
2026-01-06 17:27:05,712 - INFO - [GINSLIB] processing : 2021/12/17 02:22:09 Q=5
2026-01-06 17:27:05,720 - INFO - [GINSLIB] processing : 2021/12/17 02:22:10 Q=5
2026-01-06 17:27:05,728 - INFO - [GINSLIB] processing : 2021/12/17 02:22:11 Q=5
2026-01-06 17:27:05,735 - INFO - [GINSLIB] processing : 2021/12/17 02:22:12 Q=5
2026-01-06 17:27:05,742 - INFO - [GINSLIB] processing : 2021/12/17 02:22:13 Q=5
2026-01-06 17:27:05,749 - INFO - [GINSLIB] processing : 2021/12/17 02:22:14 Q=5
2026-01-06 17:27:05,755 - INFO - [GINSLIB] processing : 2021/12/17 02:22:15 Q=5
2026-01-06 17:27:05,765 - INFO - [GINSLIB] processing : 2021/12/17 02:22:16 Q=5
2026-01-06 17:27:05,772 - INFO - [GINSLIB] processing : 2021/12/17 02:22:17 Q=5
2026-01-06 17:27:05,781 - INFO - [GINSLIB] processing : 2021/12/17 02:22:18 Q=5
2026-01-06 17:27:05,787 - INFO - [GINSLIB] processing : 2021/12/17 02:22:19 Q=5
2026-01-06 17:27:05,795 - INFO - [GINSLIB] processing : 2021/12/17 02:22:20 Q=5
2026-01-06 17:27:05,801 - INFO - [GINSLIB] processing : 2021/12/17 02:22:21 Q=5
2026-01-06 17:27:05,809 - INFO - [GINSLIB] processing : 2021/12/17 02:22:22 Q=5
2026-01-06 17:27:05,816 - INFO - [GINSLIB] processing : 2021/12/17 02:22:23 Q=5
2026-01-06 17:27:05,822 - INFO - [GINSLIB] processing : 2021/12/17 02:22:24 Q=5
2026-01-06 17:27:05,829 - INFO - [GINSLIB] processing : 2021/12/17 02:22:25 Q=5
2026-01-06 17:27:05,837 - INFO - [GINSLIB] processing : 2021/12/17 02:22:26 Q=5
2026-01-06 17:27:05,844 - INFO - [GINSLIB] processing : 2021/12/17 02:22:27 Q=5
2026-01-06 17:27:05,852 - INFO - [GINSLIB] processing : 2021/12/17 02:22:28 Q=5
2026-01-06 17:27:05,863 - INFO - [GINSLIB] processing : 2021/12/17 02:22:29 Q=5
2026-01-06 17:27:05,864 - INFO - [GINSLIB] processing : 2021/12/17 02:22:30 Q=5
2026-01-06 17:27:05,871 - INFO - [GINSLIB] processing : 2021/12/17 02:22:31 Q=5
2026-01-06 17:27:05,877 - INFO - [GINSLIB] processing : 2021/12/17 02:22:32 Q=5
2026-01-06 17:27:05,885 - INFO - [GINSLIB] processing : 2021/12/17 02:22:33 Q=5
2026-01-06 17:27:05,895 - INFO - [GINSLIB] processing : 2021/12/17 02:22:34 Q=5
2026-01-06 17:27:05,896 - INFO - [GINSLIB] processing : 2021/12/17 02:22:35 Q=5
2026-01-06 17:27:05,902 - INFO - [GINSLIB] processing : 2021/12/17 02:22:36 Q=5
2026-01-06 17:27:05,908 - INFO - [GINSLIB] processing : 2021/12/17 02:22:37 Q=5
2026-01-06 17:27:05,916 - INFO - [GINSLIB] processing : 2021/12/17 02:22:38 Q=5
2026-01-06 17:27:05,926 - INFO - [GINSLIB] processing : 2021/12/17 02:22:39 Q=5
2026-01-06 17:27:05,927 - INFO - [GINSLIB] processing : 2021/12/17 02:22:40 Q=5
2026-01-06 17:27:05,934 - INFO - [GINSLIB] processing : 2021/12/17 02:22:41 Q=5
2026-01-06 17:27:05,941 - INFO - [GINSLIB] processing : 2021/12/17 02:22:42 Q=5
2026-01-06 17:27:05,949 - INFO - [GINSLIB] processing : 2021/12/17 02:22:43 Q=5
2026-01-06 17:27:05,956 - INFO - [GINSLIB] processing : 2021/12/17 02:22:44 Q=5
2026-01-06 17:27:05,962 - INFO - [GINSLIB] processing : 2021/12/17 02:22:45 Q=5
2026-01-06 17:27:05,968 - INFO - [GINSLIB] processing : 2021/12/17 02:22:46 Q=5
2026-01-06 17:27:05,975 - INFO - [GINSLIB] processing : 2021/12/17 02:22:47 Q=5
2026-01-06 17:27:05,983 - INFO - [GINSLIB] processing : 2021/12/17 02:22:48 Q=5
2026-01-06 17:27:05,989 - INFO - [GINSLIB] processing : 2021/12/17 02:22:49 Q=5
2026-01-06 17:27:05,996 - INFO - [GINSLIB] processing : 2021/12/17 02:22:50 Q=5
2026-01-06 17:27:06,002 - INFO - [GINSLIB] processing : 2021/12/17 02:22:51 Q=5
2026-01-06 17:27:06,010 - INFO - [GINSLIB] processing : 2021/12/17 02:22:52 Q=5
2026-01-06 17:27:06,017 - INFO - [GINSLIB] processing : 2021/12/17 02:22:53 Q=5
2026-01-06 17:27:06,025 - INFO - [GINSLIB] processing : 2021/12/17 02:22:54 Q=5
2026-01-06 17:27:06,031 - INFO - [GINSLIB] processing : 2021/12/17 02:22:55 Q=5
2026-01-06 17:27:06,038 - INFO - [GINSLIB] processing : 2021/12/17 02:22:56 Q=5
2026-01-06 17:27:06,046 - INFO - [GINSLIB] processing : 2021/12/17 02:22:57 Q=5
2026-01-06 17:27:06,053 - INFO - [GINSLIB] processing : 2021/12/17 02:22:58 Q=5
2026-01-06 17:27:06,062 - INFO - [GINSLIB] processing : 2021/12/17 02:22:59 Q=5
2026-01-06 17:27:06,073 - INFO - [GINSLIB] processing : 2021/12/17 02:23:00 Q=5
2026-01-06 17:27:06,074 - INFO - [GINSLIB] processing : 2021/12/17 02:23:01 Q=5
2026-01-06 17:27:06,081 - INFO - [GINSLIB] processing : 2021/12/17 02:23:02 Q=5
2026-01-06 17:27:06,089 - INFO - [GINSLIB] processing : 2021/12/17 02:23:03 Q=5
2026-01-06 17:27:06,095 - INFO - [GINSLIB] processing : 2021/12/17 02:23:04 Q=5
2026-01-06 17:27:06,108 - INFO - [GINSLIB] processing : 2021/12/17 02:23:05 Q=5
2026-01-06 17:27:06,109 - INFO - [GINSLIB] processing : 2021/12/17 02:23:06 Q=5
2026-01-06 17:27:06,116 - INFO - [GINSLIB] processing : 2021/12/17 02:23:07 Q=5
2026-01-06 17:27:06,124 - INFO - [GINSLIB] processing : 2021/12/17 02:23:08 Q=5
2026-01-06 17:27:06,131 - INFO - [GINSLIB] processing : 2021/12/17 02:23:09 Q=5
2026-01-06 17:27:06,142 - INFO - [GINSLIB] processing : 2021/12/17 02:23:10 Q=5
2026-01-06 17:27:06,144 - INFO - [GINSLIB] processing : 2021/12/17 02:23:11 Q=5
2026-01-06 17:27:06,151 - INFO - [GINSLIB] processing : 2021/12/17 02:23:12 Q=5
2026-01-06 17:27:06,158 - INFO - [GINSLIB] processing : 2021/12/17 02:23:13 Q=5
2026-01-06 17:27:06,166 - INFO - [GINSLIB] processing : 2021/12/17 02:23:14 Q=5
2026-01-06 17:27:06,174 - INFO - [GINSLIB] processing : 2021/12/17 02:23:15 Q=5
2026-01-06 17:27:06,182 - INFO - [GINSLIB] processing : 2021/12/17 02:23:16 Q=5
2026-01-06 17:27:06,189 - INFO - [GINSLIB] processing : 2021/12/17 02:23:17 Q=5
2026-01-06 17:27:06,198 - INFO - [GINSLIB] processing : 2021/12/17 02:23:18 Q=5
2026-01-06 17:27:06,205 - INFO - [GINSLIB] processing : 2021/12/17 02:23:19 Q=5
2026-01-06 17:27:06,213 - INFO - [GINSLIB] processing : 2021/12/17 02:23:20 Q=5
2026-01-06 17:27:06,218 - INFO - [GINSLIB] processing : 2021/12/17 02:23:21 Q=5
2026-01-06 17:27:06,225 - INFO - [GINSLIB] processing : 2021/12/17 02:23:22 Q=5
2026-01-06 17:27:06,232 - INFO - [GINSLIB] processing : 2021/12/17 02:23:23 Q=5
2026-01-06 17:27:06,239 - INFO - [GINSLIB] processing : 2021/12/17 02:23:24 Q=5
2026-01-06 17:27:06,247 - INFO - [GINSLIB] processing : 2021/12/17 02:23:25 Q=5
2026-01-06 17:27:06,259 - INFO - [GINSLIB] processing : 2021/12/17 02:23:26 Q=5
2026-01-06 17:27:06,261 - INFO - [GINSLIB] processing : 2021/12/17 02:23:27 Q=5
2026-01-06 17:27:06,268 - INFO - [GINSLIB] processing : 2021/12/17 02:23:28 Q=5
2026-01-06 17:27:06,276 - INFO - [GINSLIB] processing : 2021/12/17 02:23:29 Q=5
2026-01-06 17:27:06,283 - INFO - [GINSLIB] processing : 2021/12/17 02:23:30 Q=5
2026-01-06 17:27:06,295 - INFO - [GINSLIB] processing : 2021/12/17 02:23:31 Q=5
2026-01-06 17:27:06,297 - INFO - [GINSLIB] processing : 2021/12/17 02:23:32 Q=5
2026-01-06 17:27:06,304 - INFO - [GINSLIB] processing : 2021/12/17 02:23:33 Q=5
2026-01-06 17:27:06,311 - INFO - [GINSLIB] processing : 2021/12/17 02:23:34 Q=5
2026-01-06 17:27:06,318 - INFO - [GINSLIB] processing : 2021/12/17 02:23:35 Q=5
2026-01-06 17:27:06,330 - INFO - [GINSLIB] processing : 2021/12/17 02:23:36 Q=5
2026-01-06 17:27:06,332 - INFO - [GINSLIB] processing : 2021/12/17 02:23:37 Q=5
2026-01-06 17:27:06,339 - INFO - [GINSLIB] processing : 2021/12/17 02:23:38 Q=5
2026-01-06 17:27:06,347 - INFO - [GINSLIB] processing : 2021/12/17 02:23:39 Q=5
2026-01-06 17:27:06,355 - INFO - [GINSLIB] processing : 2021/12/17 02:23:40 Q=5
2026-01-06 17:27:06,363 - INFO - [GINSLIB] processing : 2021/12/17 02:23:41 Q=5
2026-01-06 17:27:06,369 - INFO - [GINSLIB] processing : 2021/12/17 02:23:42 Q=5
2026-01-06 17:27:06,377 - INFO - [GINSLIB] processing : 2021/12/17 02:23:43 Q=5
2026-01-06 17:27:06,386 - INFO - [GINSLIB] processing : 2021/12/17 02:23:44 Q=5
2026-01-06 17:27:06,394 - INFO - [GINSLIB] processing : 2021/12/17 02:23:45 Q=5
2026-01-06 17:27:06,402 - INFO - [GINSLIB] processing : 2021/12/17 02:23:46 Q=5
2026-01-06 17:27:06,408 - INFO - [GINSLIB] processing : 2021/12/17 02:23:47 Q=5
2026-01-06 17:27:06,415 - INFO - [GINSLIB] processing : 2021/12/17 02:23:48 Q=5
2026-01-06 17:27:06,421 - INFO - [GINSLIB] processing : 2021/12/17 02:23:49 Q=5
2026-01-06 17:27:06,429 - INFO - [GINSLIB] processing : 2021/12/17 02:23:50 Q=5
2026-01-06 17:27:06,436 - INFO - [GINSLIB] processing : 2021/12/17 02:23:51 Q=5
2026-01-06 17:27:06,443 - INFO - [GINSLIB] processing : 2021/12/17 02:23:52 Q=5
2026-01-06 17:27:06,450 - INFO - [GINSLIB] processing : 2021/12/17 02:23:53 Q=5
2026-01-06 17:27:06,457 - INFO - [GINSLIB] processing : 2021/12/17 02:23:54 Q=5
2026-01-06 17:27:06,465 - INFO - [GINSLIB] processing : 2021/12/17 02:23:55 Q=5
2026-01-06 17:27:06,472 - INFO - [GINSLIB] processing : 2021/12/17 02:23:56 Q=5
2026-01-06 17:27:06,483 - INFO - [GINSLIB] processing : 2021/12/17 02:23:57 Q=5
2026-01-06 17:27:06,484 - INFO - [GINSLIB] processing : 2021/12/17 02:23:58 Q=5
2026-01-06 17:27:06,492 - INFO - [GINSLIB] processing : 2021/12/17 02:23:59 Q=5
2026-01-06 17:27:06,498 - INFO - [GINSLIB] processing : 2021/12/17 02:24:00 Q=5
2026-01-06 17:27:06,505 - INFO - [GINSLIB] processing : 2021/12/17 02:24:01 Q=5
2026-01-06 17:27:06,515 - INFO - [GINSLIB] processing : 2021/12/17 02:24:02 Q=5
2026-01-06 17:27:06,516 - INFO - [GINSLIB] processing : 2021/12/17 02:24:03 Q=5
2026-01-06 17:27:06,525 - INFO - [GINSLIB] processing : 2021/12/17 02:24:04 Q=5
2026-01-06 17:27:06,532 - INFO - [GINSLIB] processing : 2021/12/17 02:24:05 Q=5
2026-01-06 17:27:06,538 - INFO - [GINSLIB] processing : 2021/12/17 02:24:06 Q=5
2026-01-06 17:27:06,549 - INFO - [GINSLIB] processing : 2021/12/17 02:24:07 Q=5
2026-01-06 17:27:06,550 - INFO - [GINSLIB] processing : 2021/12/17 02:24:08 Q=5
2026-01-06 17:27:06,557 - INFO - [GINSLIB] processing : 2021/12/17 02:24:09 Q=5
2026-01-06 17:27:06,563 - INFO - [GINSLIB] processing : 2021/12/17 02:24:10 Q=5
2026-01-06 17:27:06,569 - INFO - [GINSLIB] processing : 2021/12/17 02:24:11 Q=5
2026-01-06 17:27:06,575 - INFO - [GINSLIB] processing : 2021/12/17 02:24:12 Q=5
2026-01-06 17:27:06,580 - INFO - [GINSLIB] processing : 2021/12/17 02:24:13 Q=5
2026-01-06 17:27:06,586 - INFO - [GINSLIB] processing : 2021/12/17 02:24:14 Q=5
2026-01-06 17:27:06,592 - INFO - [GINSLIB] processing : 2021/12/17 02:24:15 Q=5
2026-01-06 17:27:06,598 - INFO - [GINSLIB] processing : 2021/12/17 02:24:16 Q=5
2026-01-06 17:27:06,604 - INFO - [GINSLIB] processing : 2021/12/17 02:24:17 Q=5
2026-01-06 17:27:06,609 - INFO - [GINSLIB] processing : 2021/12/17 02:24:18 Q=5
2026-01-06 17:27:06,616 - INFO - [GINSLIB] processing : 2021/12/17 02:24:19 Q=5
2026-01-06 17:27:06,621 - INFO - [GINSLIB] processing : 2021/12/17 02:24:20 Q=5
2026-01-06 17:27:06,627 - INFO - [GINSLIB] processing : 2021/12/17 02:24:21 Q=5
2026-01-06 17:27:06,634 - INFO - [GINSLIB] processing : 2021/12/17 02:24:22 Q=5
2026-01-06 17:27:06,638 - INFO - [GINSLIB] processing : 2021/12/17 02:24:23 Q=5
2026-01-06 17:27:06,645 - INFO - [GINSLIB] processing : 2021/12/17 02:24:24 Q=5
2026-01-06 17:27:06,651 - INFO - [GINSLIB] processing : 2021/12/17 02:24:25 Q=5
2026-01-06 17:27:06,658 - INFO - [GINSLIB] processing : 2021/12/17 02:24:26 Q=5
2026-01-06 17:27:06,664 - INFO - [GINSLIB] processing : 2021/12/17 02:24:27 Q=5
2026-01-06 17:27:06,673 - INFO - [GINSLIB] processing : 2021/12/17 02:24:28 Q=5
2026-01-06 17:27:06,675 - INFO - [GINSLIB] processing : 2021/12/17 02:24:29 Q=5
2026-01-06 17:27:06,681 - INFO - [GINSLIB] processing : 2021/12/17 02:24:30 Q=5
2026-01-06 17:27:06,687 - INFO - [GINSLIB] processing : 2021/12/17 02:24:31 Q=5
2026-01-06 17:27:06,695 - INFO - [GINSLIB] processing : 2021/12/17 02:24:32 Q=5
2026-01-06 17:27:06,707 - INFO - [GINSLIB] processing : 2021/12/17 02:24:33 Q=5
2026-01-06 17:27:06,708 - INFO - [GINSLIB] processing : 2021/12/17 02:24:34 Q=5
2026-01-06 17:27:06,714 - INFO - [GINSLIB] processing : 2021/12/17 02:24:35 Q=5
2026-01-06 17:27:06,720 - INFO - [GINSLIB] processing : 2021/12/17 02:24:36 Q=5
2026-01-06 17:27:06,727 - INFO - [GINSLIB] processing : 2021/12/17 02:24:37 Q=5
2026-01-06 17:27:06,738 - INFO - [GINSLIB] processing : 2021/12/17 02:24:38 Q=5
2026-01-06 17:27:06,739 - INFO - [GINSLIB] processing : 2021/12/17 02:24:39 Q=5
2026-01-06 17:27:06,746 - INFO - [GINSLIB] processing : 2021/12/17 02:24:40 Q=5
2026-01-06 17:27:06,752 - INFO - [GINSLIB] processing : 2021/12/17 02:24:41 Q=5
2026-01-06 17:27:06,759 - INFO - [GINSLIB] processing : 2021/12/17 02:24:42 Q=5
2026-01-06 17:27:06,766 - INFO - [GINSLIB] processing : 2021/12/17 02:24:43 Q=5
2026-01-06 17:27:06,772 - INFO - [GINSLIB] processing : 2021/12/17 02:24:44 Q=5
2026-01-06 17:27:06,779 - INFO - [GINSLIB] processing : 2021/12/17 02:24:45 Q=5
2026-01-06 17:27:06,787 - INFO - [GINSLIB] processing : 2021/12/17 02:24:46 Q=5
2026-01-06 17:27:06,793 - INFO - [GINSLIB] processing : 2021/12/17 02:24:47 Q=5
2026-01-06 17:27:06,800 - INFO - [GINSLIB] processing : 2021/12/17 02:24:48 Q=5
2026-01-06 17:27:06,805 - INFO - [GINSLIB] processing : 2021/12/17 02:24:49 Q=5
2026-01-06 17:27:06,812 - INFO - [GINSLIB] processing : 2021/12/17 02:24:50 Q=5
2026-01-06 17:27:06,819 - INFO - [GINSLIB] processing : 2021/12/17 02:24:51 Q=5
2026-01-06 17:27:06,825 - INFO - [GINSLIB] processing : 2021/12/17 02:24:52 Q=5
2026-01-06 17:27:06,832 - INFO - [GINSLIB] processing : 2021/12/17 02:24:53 Q=5
2026-01-06 17:27:06,837 - INFO - [GINSLIB] processing : 2021/12/17 02:24:54 Q=5
2026-01-06 17:27:06,844 - INFO - [GINSLIB] processing : 2021/12/17 02:24:55 Q=5
2026-01-06 17:27:06,851 - INFO - [GINSLIB] processing : 2021/12/17 02:24:56 Q=5
2026-01-06 17:27:06,858 - INFO - [GINSLIB] processing : 2021/12/17 02:24:57 Q=5
2026-01-06 17:27:06,864 - INFO - [GINSLIB] processing : 2021/12/17 02:24:58 Q=5
2026-01-06 17:27:06,875 - INFO - [GINSLIB] processing : 2021/12/17 02:24:59 Q=5
2026-01-06 17:27:06,876 - INFO - [GINSLIB] processing : 2021/12/17 02:25:00 Q=5
2026-01-06 17:27:06,883 - INFO - [GINSLIB] processing : 2021/12/17 02:25:01 Q=5
2026-01-06 17:27:06,889 - INFO - [GINSLIB] processing : 2021/12/17 02:25:02 Q=5
2026-01-06 17:27:06,897 - INFO - [GINSLIB] processing : 2021/12/17 02:25:03 Q=5
2026-01-06 17:27:06,907 - INFO - [GINSLIB] processing : 2021/12/17 02:25:04 Q=5
2026-01-06 17:27:06,909 - INFO - [GINSLIB] processing : 2021/12/17 02:25:05 Q=5
2026-01-06 17:27:06,915 - INFO - [GINSLIB] processing : 2021/12/17 02:25:06 Q=5
2026-01-06 17:27:06,923 - INFO - [GINSLIB] processing : 2021/12/17 02:25:07 Q=5
2026-01-06 17:27:06,930 - INFO - [GINSLIB] processing : 2021/12/17 02:25:08 Q=5
2026-01-06 17:27:06,941 - INFO - [GINSLIB] processing : 2021/12/17 02:25:09 Q=5
2026-01-06 17:27:06,943 - INFO - [GINSLIB] processing : 2021/12/17 02:25:10 Q=5
2026-01-06 17:27:06,949 - INFO - [GINSLIB] processing : 2021/12/17 02:25:11 Q=5
2026-01-06 17:27:06,955 - INFO - [GINSLIB] processing : 2021/12/17 02:25:12 Q=5
2026-01-06 17:27:06,962 - INFO - [GINSLIB] processing : 2021/12/17 02:25:13 Q=5
2026-01-06 17:27:06,969 - INFO - [GINSLIB] processing : 2021/12/17 02:25:14 Q=5
2026-01-06 17:27:06,974 - INFO - [GINSLIB] processing : 2021/12/17 02:25:15 Q=5
2026-01-06 17:27:06,980 - INFO - [GINSLIB] processing : 2021/12/17 02:25:16 Q=5
2026-01-06 17:27:06,987 - INFO - [GINSLIB] processing : 2021/12/17 02:25:17 Q=5
2026-01-06 17:27:06,993 - INFO - [GINSLIB] processing : 2021/12/17 02:25:18 Q=5
2026-01-06 17:27:07,000 - INFO - [GINSLIB] processing : 2021/12/17 02:25:19 Q=5
2026-01-06 17:27:07,005 - INFO - [GINSLIB] processing : 2021/12/17 02:25:20 Q=5
2026-01-06 17:27:07,011 - INFO - [GINSLIB] processing : 2021/12/17 02:25:21 Q=5
2026-01-06 17:27:07,018 - INFO - [GINSLIB] processing : 2021/12/17 02:25:22 Q=5
2026-01-06 17:27:07,024 - INFO - [GINSLIB] processing : 2021/12/17 02:25:23 Q=5
2026-01-06 17:27:07,030 - INFO - [GINSLIB] processing : 2021/12/17 02:25:24 Q=5
2026-01-06 17:27:07,035 - INFO - [GINSLIB] processing : 2021/12/17 02:25:25 Q=5
2026-01-06 17:27:07,041 - INFO - [GINSLIB] processing : 2021/12/17 02:25:26 Q=5
2026-01-06 17:27:07,048 - INFO - [GINSLIB] processing : 2021/12/17 02:25:27 Q=5
2026-01-06 17:27:07,054 - INFO - [GINSLIB] processing : 2021/12/17 02:25:28 Q=5
2026-01-06 17:27:07,060 - INFO - [GINSLIB] processing : 2021/12/17 02:25:29 Q=5
2026-01-06 17:27:07,070 - INFO - [GINSLIB] processing : 2021/12/17 02:25:30 Q=5
2026-01-06 17:27:07,071 - INFO - [GINSLIB] processing : 2021/12/17 02:25:31 Q=5
2026-01-06 17:27:07,078 - INFO - [GINSLIB] processing : 2021/12/17 02:25:32 Q=5
2026-01-06 17:27:07,084 - INFO - [GINSLIB] processing : 2021/12/17 02:25:33 Q=5
2026-01-06 17:27:07,091 - INFO - [GINSLIB] processing : 2021/12/17 02:25:34 Q=5
2026-01-06 17:27:07,102 - INFO - [GINSLIB] processing : 2021/12/17 02:25:35 Q=5
2026-01-06 17:27:07,103 - INFO - [GINSLIB] processing : 2021/12/17 02:25:36 Q=5
2026-01-06 17:27:07,111 - INFO - [GINSLIB] processing : 2021/12/17 02:25:37 Q=5
2026-01-06 17:27:07,117 - INFO - [GINSLIB] processing : 2021/12/17 02:25:38 Q=5
2026-01-06 17:27:07,125 - INFO - [GINSLIB] processing : 2021/12/17 02:25:39 Q=5
2026-01-06 17:27:07,136 - INFO - [GINSLIB] processing : 2021/12/17 02:25:40 Q=5
2026-01-06 17:27:07,137 - INFO - [GINSLIB] processing : 2021/12/17 02:25:41 Q=5
2026-01-06 17:27:07,144 - INFO - [GINSLIB] processing : 2021/12/17 02:25:42 Q=5
2026-01-06 17:27:07,150 - INFO - [GINSLIB] processing : 2021/12/17 02:25:43 Q=5
2026-01-06 17:27:07,158 - INFO - [GINSLIB] processing : 2021/12/17 02:25:44 Q=5
2026-01-06 17:27:07,164 - INFO - [GINSLIB] processing : 2021/12/17 02:25:45 Q=5
2026-01-06 17:27:07,169 - INFO - [GINSLIB] processing : 2021/12/17 02:25:46 Q=5
2026-01-06 17:27:07,176 - INFO - [GINSLIB] processing : 2021/12/17 02:25:47 Q=5
2026-01-06 17:27:07,183 - INFO - [GINSLIB] processing : 2021/12/17 02:25:48 Q=5
2026-01-06 17:27:07,192 - INFO - [GINSLIB] processing : 2021/12/17 02:25:49 Q=5
2026-01-06 17:27:07,198 - INFO - [GINSLIB] processing : 2021/12/17 02:25:50 Q=5
2026-01-06 17:27:07,205 - INFO - [GINSLIB] processing : 2021/12/17 02:25:51 Q=5
2026-01-06 17:27:07,213 - INFO - [GINSLIB] processing : 2021/12/17 02:25:52 Q=5
2026-01-06 17:27:07,219 - INFO - [GINSLIB] processing : 2021/12/17 02:25:53 Q=5
2026-01-06 17:27:07,226 - INFO - [GINSLIB] processing : 2021/12/17 02:25:54 Q=5
2026-01-06 17:27:07,234 - INFO - [GINSLIB] processing : 2021/12/17 02:25:55 Q=5
2026-01-06 17:27:07,240 - INFO - [GINSLIB] processing : 2021/12/17 02:25:56 Q=5
2026-01-06 17:27:07,247 - INFO - [GINSLIB] processing : 2021/12/17 02:25:57 Q=5
2026-01-06 17:27:07,255 - INFO - [GINSLIB] processing : 2021/12/17 02:25:58 Q=5
2026-01-06 17:27:07,262 - INFO - [GINSLIB] processing : 2021/12/17 02:25:59 Q=5
2026-01-06 17:27:07,270 - INFO - [GINSLIB] processing : 2021/12/17 02:26:00 Q=5
2026-01-06 17:27:07,282 - INFO - [GINSLIB] processing : 2021/12/17 02:26:01 Q=5
2026-01-06 17:27:07,283 - INFO - [GINSLIB] processing : 2021/12/17 02:26:02 Q=5
2026-01-06 17:27:07,289 - INFO - [GINSLIB] processing : 2021/12/17 02:26:03 Q=5
2026-01-06 17:27:07,297 - INFO - [GINSLIB] processing : 2021/12/17 02:26:04 Q=5
2026-01-06 17:27:07,304 - INFO - [GINSLIB] processing : 2021/12/17 02:26:05 Q=5
2026-01-06 17:27:07,316 - INFO - [GINSLIB] processing : 2021/12/17 02:26:06 Q=5
2026-01-06 17:27:07,318 - INFO - [GINSLIB] processing : 2021/12/17 02:26:07 Q=5
2026-01-06 17:27:07,325 - INFO - [GINSLIB] processing : 2021/12/17 02:26:08 Q=5
2026-01-06 17:27:07,333 - INFO - [GINSLIB] processing : 2021/12/17 02:26:09 Q=5
2026-01-06 17:27:07,339 - INFO - [GINSLIB] processing : 2021/12/17 02:26:10 Q=5
2026-01-06 17:27:07,351 - INFO - [GINSLIB] processing : 2021/12/17 02:26:11 Q=5
2026-01-06 17:27:07,353 - INFO - [GINSLIB] processing : 2021/12/17 02:26:12 Q=5
2026-01-06 17:27:07,360 - INFO - [GINSLIB] processing : 2021/12/17 02:26:13 Q=5
2026-01-06 17:27:07,366 - INFO - [GINSLIB] processing : 2021/12/17 02:26:14 Q=5
2026-01-06 17:27:07,374 - INFO - [GINSLIB] processing : 2021/12/17 02:26:15 Q=5
2026-01-06 17:27:07,384 - INFO - [GINSLIB] processing : 2021/12/17 02:26:16 Q=5
2026-01-06 17:27:07,392 - INFO - [GINSLIB] processing : 2021/12/17 02:26:17 Q=5
2026-01-06 17:27:07,401 - INFO - [GINSLIB] processing : 2021/12/17 02:26:18 Q=5
2026-01-06 17:27:07,411 - INFO - [GINSLIB] processing : 2021/12/17 02:26:19 Q=5
2026-01-06 17:27:07,420 - INFO - [GINSLIB] processing : 2021/12/17 02:26:20 Q=5
2026-01-06 17:27:07,430 - INFO - [GINSLIB] processing : 2021/12/17 02:26:21 Q=5
2026-01-06 17:27:07,440 - INFO - [GINSLIB] processing : 2021/12/17 02:26:22 Q=5
2026-01-06 17:27:07,449 - INFO - [GINSLIB] processing : 2021/12/17 02:26:23 Q=5
2026-01-06 17:27:07,456 - INFO - [GINSLIB] processing : 2021/12/17 02:26:24 Q=5
2026-01-06 17:27:07,463 - INFO - [GINSLIB] processing : 2021/12/17 02:26:25 Q=5
2026-01-06 17:27:07,471 - INFO - [GINSLIB] processing : 2021/12/17 02:26:26 Q=5
2026-01-06 17:27:07,483 - INFO - [GINSLIB] processing : 2021/12/17 02:26:27 Q=5
2026-01-06 17:27:07,484 - INFO - [GINSLIB] processing : 2021/12/17 02:26:28 Q=5
2026-01-06 17:27:07,490 - INFO - [GINSLIB] processing : 2021/12/17 02:26:29 Q=5
2026-01-06 17:27:07,498 - INFO - [GINSLIB] processing : 2021/12/17 02:26:30 Q=5
2026-01-06 17:27:07,504 - INFO - [GINSLIB] processing : 2021/12/17 02:26:31 Q=5
2026-01-06 17:27:07,516 - INFO - [GINSLIB] processing : 2021/12/17 02:26:32 Q=5
2026-01-06 17:27:07,517 - INFO - [GINSLIB] processing : 2021/12/17 02:26:33 Q=5
2026-01-06 17:27:07,523 - INFO - [GINSLIB] processing : 2021/12/17 02:26:34 Q=5
2026-01-06 17:27:07,532 - INFO - [GINSLIB] processing : 2021/12/17 02:26:35 Q=5
2026-01-06 17:27:07,538 - INFO - [GINSLIB] processing : 2021/12/17 02:26:36 Q=5
2026-01-06 17:27:07,549 - INFO - [GINSLIB] processing : 2021/12/17 02:26:37 Q=5
2026-01-06 17:27:07,550 - INFO - [GINSLIB] processing : 2021/12/17 02:26:38 Q=5
2026-01-06 17:27:07,559 - INFO - [GINSLIB] processing : 2021/12/17 02:26:39 Q=5
2026-01-06 17:27:07,566 - INFO - [GINSLIB] processing : 2021/12/17 02:26:40 Q=5
2026-01-06 17:27:07,573 - INFO - [GINSLIB] processing : 2021/12/17 02:26:41 Q=5
2026-01-06 17:27:07,579 - INFO - [GINSLIB] processing : 2021/12/17 02:26:42 Q=5
2026-01-06 17:27:07,584 - INFO - [GINSLIB] processing : 2021/12/17 02:26:43 Q=5
2026-01-06 17:27:07,591 - INFO - [GINSLIB] processing : 2021/12/17 02:26:44 Q=5
2026-01-06 17:27:07,597 - INFO - [GINSLIB] processing : 2021/12/17 02:26:45 Q=5
2026-01-06 17:27:07,605 - INFO - [GINSLIB] processing : 2021/12/17 02:26:46 Q=5
2026-01-06 17:27:07,612 - INFO - [GINSLIB] processing : 2021/12/17 02:26:47 Q=5
2026-01-06 17:27:07,618 - INFO - [GINSLIB] processing : 2021/12/17 02:26:48 Q=5
2026-01-06 17:27:07,625 - INFO - [GINSLIB] processing : 2021/12/17 02:26:49 Q=5
2026-01-06 17:27:07,632 - INFO - [GINSLIB] processing : 2021/12/17 02:26:50 Q=5
2026-01-06 17:27:07,639 - INFO - [GINSLIB] processing : 2021/12/17 02:26:51 Q=5
2026-01-06 17:27:07,645 - INFO - [GINSLIB] processing : 2021/12/17 02:26:52 Q=5
2026-01-06 17:27:07,652 - INFO - [GINSLIB] processing : 2021/12/17 02:26:53 Q=5
2026-01-06 17:27:07,659 - INFO - [GINSLIB] processing : 2021/12/17 02:26:54 Q=5
2026-01-06 17:27:07,666 - INFO - [GINSLIB] processing : 2021/12/17 02:26:55 Q=5
2026-01-06 17:27:07,674 - INFO - [GINSLIB] processing : 2021/12/17 02:26:56 Q=5
2026-01-06 17:27:07,682 - INFO - [GINSLIB] processing : 2021/12/17 02:26:57 Q=5
2026-01-06 17:27:07,694 - INFO - [GINSLIB] processing : 2021/12/17 02:26:58 Q=5
2026-01-06 17:27:07,696 - INFO - [GINSLIB] processing : 2021/12/17 02:26:59 Q=5
2026-01-06 17:27:07,703 - INFO - [GINSLIB] processing : 2021/12/17 02:27:00 Q=5
2026-01-06 17:27:07,711 - INFO - [GINSLIB] processing : 2021/12/17 02:27:01 Q=5
2026-01-06 17:27:07,717 - INFO - [GINSLIB] processing : 2021/12/17 02:27:02 Q=5
2026-01-06 17:27:07,729 - INFO - [GINSLIB] processing : 2021/12/17 02:27:03 Q=5
2026-01-06 17:27:07,730 - INFO - [GINSLIB] processing : 2021/12/17 02:27:04 Q=5
2026-01-06 17:27:07,736 - INFO - [GINSLIB] processing : 2021/12/17 02:27:05 Q=5
2026-01-06 17:27:07,743 - INFO - [GINSLIB] processing : 2021/12/17 02:27:06 Q=5
2026-01-06 17:27:07,749 - INFO - [GINSLIB] processing : 2021/12/17 02:27:07 Q=5
2026-01-06 17:27:07,761 - INFO - [GINSLIB] processing : 2021/12/17 02:27:08 Q=5
2026-01-06 17:27:07,762 - INFO - [GINSLIB] processing : 2021/12/17 02:27:09 Q=5
2026-01-06 17:27:07,770 - INFO - [GINSLIB] processing : 2021/12/17 02:27:10 Q=5
2026-01-06 17:27:07,777 - INFO - [GINSLIB] processing : 2021/12/17 02:27:11 Q=5
2026-01-06 17:27:07,784 - INFO - [GINSLIB] processing : 2021/12/17 02:27:12 Q=5
2026-01-06 17:27:07,791 - INFO - [GINSLIB] processing : 2021/12/17 02:27:13 Q=5
2026-01-06 17:27:07,796 - INFO - [GINSLIB] processing : 2021/12/17 02:27:14 Q=5
2026-01-06 17:27:07,803 - INFO - [GINSLIB] processing : 2021/12/17 02:27:15 Q=5
2026-01-06 17:27:07,810 - INFO - [GINSLIB] processing : 2021/12/17 02:27:16 Q=5
2026-01-06 17:27:07,817 - INFO - [GINSLIB] processing : 2021/12/17 02:27:17 Q=5
2026-01-06 17:27:07,824 - INFO - [GINSLIB] processing : 2021/12/17 02:27:18 Q=5
2026-01-06 17:27:07,829 - INFO - [GINSLIB] processing : 2021/12/17 02:27:19 Q=5
2026-01-06 17:27:07,837 - INFO - [GINSLIB] processing : 2021/12/17 02:27:20 Q=5
2026-01-06 17:27:07,844 - INFO - [GINSLIB] processing : 2021/12/17 02:27:21 Q=5
2026-01-06 17:27:07,851 - INFO - [GINSLIB] processing : 2021/12/17 02:27:22 Q=5
2026-01-06 17:27:07,858 - INFO - [GINSLIB] processing : 2021/12/17 02:27:23 Q=5
2026-01-06 17:27:07,865 - INFO - [GINSLIB] processing : 2021/12/17 02:27:24 Q=5
2026-01-06 17:27:07,871 - INFO - [GINSLIB] processing : 2021/12/17 02:27:25 Q=5
2026-01-06 17:27:07,878 - INFO - [GINSLIB] processing : 2021/12/17 02:27:26 Q=5
2026-01-06 17:27:07,885 - INFO - [GINSLIB] processing : 2021/12/17 02:27:27 Q=5
2026-01-06 17:27:07,892 - INFO - [GINSLIB] processing : 2021/12/17 02:27:28 Q=5
2026-01-06 17:27:07,904 - INFO - [GINSLIB] processing : 2021/12/17 02:27:29 Q=5
2026-01-06 17:27:07,905 - INFO - [GINSLIB] processing : 2021/12/17 02:27:30 Q=5
2026-01-06 17:27:07,912 - INFO - [GINSLIB] processing : 2021/12/17 02:27:31 Q=5
2026-01-06 17:27:07,918 - INFO - [GINSLIB] processing : 2021/12/17 02:27:32 Q=5
2026-01-06 17:27:07,927 - INFO - [GINSLIB] processing : 2021/12/17 02:27:33 Q=5
2026-01-06 17:27:07,940 - INFO - [GINSLIB] processing : 2021/12/17 02:27:34 Q=5
2026-01-06 17:27:07,942 - INFO - [GINSLIB] processing : 2021/12/17 02:27:35 Q=5
2026-01-06 17:27:07,949 - INFO - [GINSLIB] processing : 2021/12/17 02:27:36 Q=5
2026-01-06 17:27:07,957 - INFO - [GINSLIB] processing : 2021/12/17 02:27:37 Q=5
2026-01-06 17:27:07,965 - INFO - [GINSLIB] processing : 2021/12/17 02:27:38 Q=5
2026-01-06 17:27:07,977 - INFO - [GINSLIB] processing : 2021/12/17 02:27:39 Q=5
2026-01-06 17:27:07,979 - INFO - [GINSLIB] processing : 2021/12/17 02:27:40 Q=5
2026-01-06 17:27:07,985 - INFO - [GINSLIB] processing : 2021/12/17 02:27:41 Q=5
2026-01-06 17:27:07,992 - INFO - [GINSLIB] processing : 2021/12/17 02:27:42 Q=5
2026-01-06 17:27:07,998 - INFO - [GINSLIB] processing : 2021/12/17 02:27:43 Q=5
2026-01-06 17:27:08,005 - INFO - [GINSLIB] processing : 2021/12/17 02:27:44 Q=5
2026-01-06 17:27:08,011 - INFO - [GINSLIB] processing : 2021/12/17 02:27:45 Q=5
2026-01-06 17:27:08,017 - INFO - [GINSLIB] processing : 2021/12/17 02:27:46 Q=5
2026-01-06 17:27:08,024 - INFO - [GINSLIB] processing : 2021/12/17 02:27:47 Q=5
2026-01-06 17:27:08,030 - INFO - [GINSLIB] processing : 2021/12/17 02:27:48 Q=5
2026-01-06 17:27:08,037 - INFO - [GINSLIB] processing : 2021/12/17 02:27:49 Q=5
2026-01-06 17:27:08,042 - INFO - [GINSLIB] processing : 2021/12/17 02:27:50 Q=5
2026-01-06 17:27:08,049 - INFO - [GINSLIB] processing : 2021/12/17 02:27:51 Q=5
2026-01-06 17:27:08,055 - INFO - [GINSLIB] processing : 2021/12/17 02:27:52 Q=5
2026-01-06 17:27:08,061 - INFO - [GINSLIB] processing : 2021/12/17 02:27:53 Q=5
2026-01-06 17:27:08,068 - INFO - [GINSLIB] processing : 2021/12/17 02:27:54 Q=5
2026-01-06 17:27:08,073 - INFO - [GINSLIB] processing : 2021/12/17 02:27:55 Q=5
2026-01-06 17:27:08,079 - INFO - [GINSLIB] processing : 2021/12/17 02:27:56 Q=5
2026-01-06 17:27:08,086 - INFO - [GINSLIB] processing : 2021/12/17 02:27:57 Q=5
2026-01-06 17:27:08,092 - INFO - [GINSLIB] processing : 2021/12/17 02:27:58 Q=5
2026-01-06 17:27:08,099 - INFO - [GINSLIB] processing : 2021/12/17 02:27:59 Q=5
2026-01-06 17:27:08,109 - INFO - [GINSLIB] processing : 2021/12/17 02:28:00 Q=5
2026-01-06 17:27:08,110 - INFO - [GINSLIB] processing : 2021/12/17 02:28:01 Q=5
2026-01-06 17:27:08,116 - INFO - [GINSLIB] processing : 2021/12/17 02:28:02 Q=5
2026-01-06 17:27:08,122 - INFO - [GINSLIB] processing : 2021/12/17 02:28:03 Q=5
2026-01-06 17:27:08,130 - INFO - [GINSLIB] processing : 2021/12/17 02:28:04 Q=5
2026-01-06 17:27:08,141 - INFO - [GINSLIB] processing : 2021/12/17 02:28:05 Q=5
2026-01-06 17:27:08,142 - INFO - [GINSLIB] processing : 2021/12/17 02:28:06 Q=5
2026-01-06 17:27:08,148 - INFO - [GINSLIB] processing : 2021/12/17 02:28:07 Q=5
2026-01-06 17:27:08,154 - INFO - [GINSLIB] processing : 2021/12/17 02:28:08 Q=5
2026-01-06 17:27:08,162 - INFO - [GINSLIB] processing : 2021/12/17 02:28:09 Q=5
2026-01-06 17:27:08,172 - INFO - [GINSLIB] processing : 2021/12/17 02:28:10 Q=5
2026-01-06 17:27:08,173 - INFO - [GINSLIB] processing : 2021/12/17 02:28:11 Q=5
2026-01-06 17:27:08,181 - INFO - [GINSLIB] processing : 2021/12/17 02:28:12 Q=5
2026-01-06 17:27:08,187 - INFO - [GINSLIB] processing : 2021/12/17 02:28:13 Q=5
2026-01-06 17:27:08,195 - INFO - [GINSLIB] processing : 2021/12/17 02:28:14 Q=5
2026-01-06 17:27:08,201 - INFO - [GINSLIB] processing : 2021/12/17 02:28:15 Q=5
2026-01-06 17:27:08,208 - INFO - [GINSLIB] processing : 2021/12/17 02:28:16 Q=5
2026-01-06 17:27:08,215 - INFO - [GINSLIB] processing : 2021/12/17 02:28:17 Q=5
2026-01-06 17:27:08,222 - INFO - [GINSLIB] processing : 2021/12/17 02:28:18 Q=5
2026-01-06 17:27:08,229 - INFO - [GINSLIB] processing : 2021/12/17 02:28:19 Q=5
2026-01-06 17:27:08,235 - INFO - [GINSLIB] processing : 2021/12/17 02:28:20 Q=5
2026-01-06 17:27:08,242 - INFO - [GINSLIB] processing : 2021/12/17 02:28:21 Q=5
2026-01-06 17:27:08,248 - INFO - [GINSLIB] processing : 2021/12/17 02:28:22 Q=5
2026-01-06 17:27:08,255 - INFO - [GINSLIB] processing : 2021/12/17 02:28:23 Q=5
2026-01-06 17:27:08,262 - INFO - [GINSLIB] processing : 2021/12/17 02:28:24 Q=5
2026-01-06 17:27:08,269 - INFO - [GINSLIB] processing : 2021/12/17 02:28:25 Q=5
2026-01-06 17:27:08,275 - INFO - [GINSLIB] processing : 2021/12/17 02:28:26 Q=5
2026-01-06 17:27:08,281 - INFO - [GINSLIB] processing : 2021/12/17 02:28:27 Q=5
2026-01-06 17:27:08,288 - INFO - [GINSLIB] processing : 2021/12/17 02:28:28 Q=5
2026-01-06 17:27:08,294 - INFO - [GINSLIB] processing : 2021/12/17 02:28:29 Q=5
2026-01-06 17:27:08,300 - INFO - [GINSLIB] processing : 2021/12/17 02:28:30 Q=5
2026-01-06 17:27:08,311 - INFO - [GINSLIB] processing : 2021/12/17 02:28:31 Q=5
2026-01-06 17:27:08,312 - INFO - [GINSLIB] processing : 2021/12/17 02:28:32 Q=5
2026-01-06 17:27:08,319 - INFO - [GINSLIB] processing : 2021/12/17 02:28:33 Q=5
2026-01-06 17:27:08,326 - INFO - [GINSLIB] processing : 2021/12/17 02:28:34 Q=5
2026-01-06 17:27:08,333 - INFO - [GINSLIB] processing : 2021/12/17 02:28:35 Q=5
2026-01-06 17:27:08,345 - INFO - [GINSLIB] processing : 2021/12/17 02:28:36 Q=5
2026-01-06 17:27:08,350 - INFO - [GINSLIB] processing : 2021/12/17 02:28:37 Q=5
2026-01-06 17:27:08,353 - INFO - [GINSLIB] processing : 2021/12/17 02:28:38 Q=5
2026-01-06 17:27:08,359 - INFO - [GINSLIB] processing : 2021/12/17 02:28:39 Q=5
2026-01-06 17:27:08,367 - INFO - [GINSLIB] processing : 2021/12/17 02:28:40 Q=5
2026-01-06 17:27:08,379 - INFO - [GINSLIB] processing : 2021/12/17 02:28:41 Q=5
2026-01-06 17:27:08,381 - INFO - [GINSLIB] processing : 2021/12/17 02:28:42 Q=5
2026-01-06 17:27:08,387 - INFO - [GINSLIB] processing : 2021/12/17 02:28:43 Q=5
2026-01-06 17:27:08,395 - INFO - [GINSLIB] processing : 2021/12/17 02:28:44 Q=5
2026-01-06 17:27:08,402 - INFO - [GINSLIB] processing : 2021/12/17 02:28:45 Q=5
2026-01-06 17:27:08,409 - INFO - [GINSLIB] processing : 2021/12/17 02:28:46 Q=5
2026-01-06 17:27:08,415 - INFO - [GINSLIB] processing : 2021/12/17 02:28:47 Q=5
2026-01-06 17:27:08,421 - INFO - [GINSLIB] processing : 2021/12/17 02:28:48 Q=5
2026-01-06 17:27:08,429 - INFO - [GINSLIB] processing : 2021/12/17 02:28:49 Q=5
2026-01-06 17:27:08,435 - INFO - [GINSLIB] processing : 2021/12/17 02:28:50 Q=5
2026-01-06 17:27:08,443 - INFO - [GINSLIB] processing : 2021/12/17 02:28:51 Q=5
2026-01-06 17:27:08,449 - INFO - [GINSLIB] processing : 2021/12/17 02:28:52 Q=5
2026-01-06 17:27:08,456 - INFO - [GINSLIB] processing : 2021/12/17 02:28:53 Q=5
2026-01-06 17:27:08,463 - INFO - [GINSLIB] processing : 2021/12/17 02:28:54 Q=5
2026-01-06 17:27:08,470 - INFO - [GINSLIB] processing : 2021/12/17 02:28:55 Q=5
2026-01-06 17:27:08,477 - INFO - [GINSLIB] processing : 2021/12/17 02:28:56 Q=5
2026-01-06 17:27:08,483 - INFO - [GINSLIB] processing : 2021/12/17 02:28:57 Q=5
2026-01-06 17:27:08,490 - INFO - [GINSLIB] processing : 2021/12/17 02:28:58 Q=5
2026-01-06 17:27:08,496 - INFO - [GINSLIB] processing : 2021/12/17 02:28:59 Q=5
2026-01-06 17:27:08,503 - INFO - [GINSLIB] processing : 2021/12/17 02:29:00 Q=5
2026-01-06 17:27:08,510 - INFO - [GINSLIB] processing : 2021/12/17 02:29:01 Q=5
2026-01-06 17:27:08,521 - INFO - [GINSLIB] processing : 2021/12/17 02:29:02 Q=5
2026-01-06 17:27:08,522 - INFO - [GINSLIB] processing : 2021/12/17 02:29:03 Q=5
2026-01-06 17:27:08,529 - INFO - [GINSLIB] processing : 2021/12/17 02:29:04 Q=5
2026-01-06 17:27:08,536 - INFO - [GINSLIB] processing : 2021/12/17 02:29:05 Q=5
2026-01-06 17:27:08,543 - INFO - [GINSLIB] processing : 2021/12/17 02:29:06 Q=5
2026-01-06 17:27:08,553 - INFO - [GINSLIB] processing : 2021/12/17 02:29:07 Q=5
2026-01-06 17:27:08,554 - INFO - [GINSLIB] processing : 2021/12/17 02:29:08 Q=5
2026-01-06 17:27:08,561 - INFO - [GINSLIB] processing : 2021/12/17 02:29:09 Q=5
2026-01-06 17:27:08,568 - INFO - [GINSLIB] processing : 2021/12/17 02:29:10 Q=5
2026-01-06 17:27:08,575 - INFO - [GINSLIB] processing : 2021/12/17 02:29:11 Q=5
2026-01-06 17:27:08,581 - INFO - [GINSLIB] processing : 2021/12/17 02:29:12 Q=5
2026-01-06 17:27:08,587 - INFO - [GINSLIB] processing : 2021/12/17 02:29:13 Q=5
2026-01-06 17:27:08,594 - INFO - [GINSLIB] processing : 2021/12/17 02:29:14 Q=5
2026-01-06 17:27:08,601 - INFO - [GINSLIB] processing : 2021/12/17 02:29:15 Q=5
2026-01-06 17:27:08,608 - INFO - [GINSLIB] processing : 2021/12/17 02:29:16 Q=5
2026-01-06 17:27:08,615 - INFO - [GINSLIB] processing : 2021/12/17 02:29:17 Q=5
2026-01-06 17:27:08,620 - INFO - [GINSLIB] processing : 2021/12/17 02:29:18 Q=5
2026-01-06 17:27:08,627 - INFO - [GINSLIB] processing : 2021/12/17 02:29:19 Q=5
2026-01-06 17:27:08,634 - INFO - [GINSLIB] processing : 2021/12/17 02:29:20 Q=5
2026-01-06 17:27:08,641 - INFO - [GINSLIB] processing : 2021/12/17 02:29:21 Q=5
2026-01-06 17:27:08,649 - INFO - [GINSLIB] processing : 2021/12/17 02:29:22 Q=5
2026-01-06 17:27:08,654 - INFO - [GINSLIB] processing : 2021/12/17 02:29:23 Q=5
2026-01-06 17:27:08,661 - INFO - [GINSLIB] processing : 2021/12/17 02:29:24 Q=5
2026-01-06 17:27:08,667 - INFO - [GINSLIB] processing : 2021/12/17 02:29:25 Q=5
2026-01-06 17:27:08,675 - INFO - [GINSLIB] processing : 2021/12/17 02:29:26 Q=5
2026-01-06 17:27:08,682 - INFO - [GINSLIB] processing : 2021/12/17 02:29:27 Q=5
2026-01-06 17:27:08,694 - INFO - [GINSLIB] processing : 2021/12/17 02:29:28 Q=5
2026-01-06 17:27:08,695 - INFO - [GINSLIB] processing : 2021/12/17 02:29:29 Q=5
2026-01-06 17:27:08,702 - INFO - [GINSLIB] processing : 2021/12/17 02:29:30 Q=5
2026-01-06 17:27:08,711 - INFO - [GINSLIB] processing : 2021/12/17 02:29:31 Q=5
2026-01-06 17:27:08,717 - INFO - [GINSLIB] processing : 2021/12/17 02:29:32 Q=5
2026-01-06 17:27:08,729 - INFO - [GINSLIB] processing : 2021/12/17 02:29:33 Q=5
2026-01-06 17:27:08,730 - INFO - [GINSLIB] processing : 2021/12/17 02:29:34 Q=5
2026-01-06 17:27:08,736 - INFO - [GINSLIB] processing : 2021/12/17 02:29:35 Q=5
2026-01-06 17:27:08,742 - INFO - [GINSLIB] processing : 2021/12/17 02:29:36 Q=5
2026-01-06 17:27:08,748 - INFO - [GINSLIB] processing : 2021/12/17 02:29:37 Q=5
2026-01-06 17:27:08,758 - INFO - [GINSLIB] processing : 2021/12/17 02:29:38 Q=5
2026-01-06 17:27:08,759 - INFO - [GINSLIB] processing : 2021/12/17 02:29:39 Q=5
2026-01-06 17:27:08,765 - INFO - [GINSLIB] processing : 2021/12/17 02:29:40 Q=5
2026-01-06 17:27:08,771 - INFO - [GINSLIB] processing : 2021/12/17 02:29:41 Q=5
2026-01-06 17:27:08,777 - INFO - [GINSLIB] processing : 2021/12/17 02:29:42 Q=5
2026-01-06 17:27:08,783 - INFO - [GINSLIB] processing : 2021/12/17 02:29:43 Q=5
2026-01-06 17:27:08,788 - INFO - [GINSLIB] processing : 2021/12/17 02:29:44 Q=5
2026-01-06 17:27:08,793 - INFO - [GINSLIB] processing : 2021/12/17 02:29:45 Q=5
2026-01-06 17:27:08,799 - INFO - [GINSLIB] processing : 2021/12/17 02:29:46 Q=5
2026-01-06 17:27:08,805 - INFO - [GINSLIB] processing : 2021/12/17 02:29:47 Q=5
2026-01-06 17:27:08,812 - INFO - [GINSLIB] processing : 2021/12/17 02:29:48 Q=5
2026-01-06 17:27:08,816 - INFO - [GINSLIB] processing : 2021/12/17 02:29:49 Q=5
2026-01-06 17:27:08,822 - INFO - [GINSLIB] processing : 2021/12/17 02:29:50 Q=5
2026-01-06 17:27:08,827 - INFO - [GINSLIB] processing : 2021/12/17 02:29:51 Q=5
2026-01-06 17:27:08,834 - INFO - [GINSLIB] processing : 2021/12/17 02:29:52 Q=5
2026-01-06 17:27:08,840 - INFO - [GINSLIB] processing : 2021/12/17 02:29:53 Q=5
2026-01-06 17:27:08,845 - INFO - [GINSLIB] processing : 2021/12/17 02:29:54 Q=5
2026-01-06 17:27:08,851 - INFO - [GINSLIB] processing : 2021/12/17 02:29:55 Q=5
2026-01-06 17:27:08,857 - INFO - [GINSLIB] processing : 2021/12/17 02:29:56 Q=5
2026-01-06 17:27:08,863 - INFO - [GINSLIB] processing : 2021/12/17 02:29:57 Q=5
2026-01-06 17:27:08,869 - INFO - [GINSLIB] processing : 2021/12/17 02:29:58 Q=5
2026-01-06 17:27:08,880 - INFO - [GINSLIB] processing : 2021/12/17 02:29:59 Q=5
2026-01-06 17:27:08,881 - INFO - [GINSLIB] processing : 2021/12/17 02:30:00 Q=5
2026-01-06 17:27:08,902 - INFO - [GINSLIB] Total processing time of program: 36.017000 sec!
2026-01-06 17:27:09,220 - INFO - ✓ IGM-A1_Vehicle_open_20211217-nsh SPP LC 执行成功
2026-01-06 17:27:09,222 - INFO - 开始误差分析
2026-01-06 17:27:09,222 - INFO - - 结果文件: G:\Navigation_Learn\GNSS\RTKLIB-b34k\data\GNSS_INS\IGM-A1_Vehicle_open_20211217-nsh\result\IGM-A1_Vehicle_open_20211217-nsh_SPP_F_LC.pos
2026-01-06 17:27:09,222 - INFO - - 参考文件: G:\Navigation_Learn\GNSS\RTKLIB-b34k\data\GNSS_INS\IGM-A1_Vehicle_open_20211217-nsh\truth.truth
2026-01-06 17:27:09,222 - INFO - ============================================================
2026-01-06 17:27:09,223 - INFO - 开始处理: IGM-A1_Vehicle_open_20211217-nsh
2026-01-06 17:27:09,223 - INFO - 处理模式: SPP LC
2026-01-06 17:27:09,223 - INFO - ============================================================
2026-01-06 17:27:09,223 - INFO - GNSS/INS模式，绘制IMU零偏和位置、速度、姿态误差
2026-01-06 17:27:09,261 - INFO - ✓ 结果文件数据读取成功 G:\Navigation_Learn\GNSS\RTKLIB-b34k\data\GNSS_INS\IGM-A1_Vehicle_open_20211217-nsh\result\IGM-A1_Vehicle_open_20211217-nsh_SPP_F_LC.pos
2026-01-06 17:27:09,288 - INFO - ✓ 参考文件数据读取成功 G:\Navigation_Learn\GNSS\RTKLIB-b34k\data\GNSS_INS\IGM-A1_Vehicle_open_20211217-nsh\truth.truth
2026-01-06 17:27:09,288 - INFO - 绘制IMU零偏图...
2026-01-06 17:27:10,715 - INFO - 位置误差RMS: E=0.3667m, N=0.8305m, U=3.1850m, 3D=3.3119m
2026-01-06 17:27:10,715 - INFO - 速度误差RMS: E=0.0636m/s, N=0.0796m/s, U=0.0333m/s, 3D=0.1072m/s
2026-01-06 17:27:10,715 - INFO - 姿态误差RMS: Pitch=0.2276°, Roll=0.1945°, Yaw=1.6584°
2026-01-06 17:27:10,941 - INFO - ✓ 保存图像: G:\Navigation_Learn\GNSS\RTKLIB-b34k\batch_process\figure\IGM-A1_Vehicle_open_20211217-nsh\IGM-A1_Vehicle_open_20211217-nsh_SPP_F_LC_bg.png
2026-01-06 17:27:11,188 - INFO - ✓ 保存图像: G:\Navigation_Learn\GNSS\RTKLIB-b34k\batch_process\figure\IGM-A1_Vehicle_open_20211217-nsh\IGM-A1_Vehicle_open_20211217-nsh_SPP_F_LC_ba.png
2026-01-06 17:27:11,468 - INFO - ✓ 保存图像: G:\Navigation_Learn\GNSS\RTKLIB-b34k\batch_process\figure\IGM-A1_Vehicle_open_20211217-nsh\IGM-A1_Vehicle_open_20211217-nsh_SPP_F_LC_pos.png
2026-01-06 17:27:11,754 - INFO - ✓ 保存图像: G:\Navigation_Learn\GNSS\RTKLIB-b34k\batch_process\figure\IGM-A1_Vehicle_open_20211217-nsh\IGM-A1_Vehicle_open_20211217-nsh_SPP_F_LC_vel.png
2026-01-06 17:27:12,012 - INFO - ✓ 保存图像: G:\Navigation_Learn\GNSS\RTKLIB-b34k\batch_process\figure\IGM-A1_Vehicle_open_20211217-nsh\IGM-A1_Vehicle_open_20211217-nsh_SPP_F_LC_att.png
2026-01-06 17:27:12,025 - INFO - ✓ 所有图像已保存到 G:\Navigation_Learn\GNSS\RTKLIB-b34k\batch_process\figure\IGM-A1_Vehicle_open_20211217-nsh
2026-01-06 17:27:12,026 - INFO - ✓ 误差分析完成: IGM-A1_Vehicle_open_20211217-nsh_SPP_F_LC.pos
2026-01-06 17:27:12,348 - INFO - ✓ 误差统计结果保存到Excel文件: G:\Navigation_Learn\GNSS\RTKLIB-b34k\batch_process\excel\error_stats_SPP LC_20260106_172712.xlsx
2026-01-06 17:27:12,348 - INFO - 27 个批处理任务结束。
2026-01-06 17:27:12,348 - INFO - 总共耗费时间: 39.50 秒 (0.66 分钟)
2026-01-06 17:27:12,348 - INFO - 日志文件保存路径: G:\Navigation_Learn\GNSS\RTKLIB-b34k\batch_process\log\batch_process_20260106_172632.log
